#ifdef __has_include
    #if __has_include("lvgl.h")
        #ifndef LV_LVGL_H_INCLUDE_SIMPLE
            #define LV_LVGL_H_INCLUDE_SIMPLE
        #endif
    #endif
#endif

#if defined(LV_LVGL_H_INCLUDE_SIMPLE)
    #include "lvgl.h"
#else
    #include "lvgl/lvgl.h"
#endif

#ifndef LV_ATTRIBUTE_MEM_ALIGN
#define LV_ATTRIBUTE_MEM_ALIGN
#endif

#ifndef LV_ATTRIBUTE_IMAGE_ICON_SPORT_OUTDOOR_RUNNING
#define LV_ATTRIBUTE_IMAGE_ICON_SPORT_OUTDOOR_RUNNING
#endif

const LV_ATTRIBUTE_MEM_ALIGN LV_ATTRIBUTE_LARGE_CONST LV_ATTRIBUTE_IMAGE_ICON_SPORT_OUTDOOR_RUNNING uint8_t icon_sport_outdoor_running_map[] = {
    0x00, 0x00, 0x00, 0x00, 0x00, 0x00, 0x00, 0x00, 0x00, 0x00, 0x00, 0x00, 0x00, 0x00, 0x00, 0x00,
    0x00, 0x00, 0x00, 0x00, 0x00, 0x00, 0x00, 0x00, 0x00, 0x00, 0x00, 0x00, 0x00, 0x00, 0x00, 0x00,
    0x00, 0x00, 0x00, 0x00, 0x00, 0x00, 0x00, 0x00, 0x00, 0x00, 0x00, 0x00, 0x00, 0x00, 0x00, 0x00,
    0x00, 0x00, 0x00, 0x00, 0x2a, 0x88, 0xdd, 0x1e, 0x29, 0x86, 0xdc, 0x6e, 0x28, 0x87, 0xdd, 0xa2,
    0x29, 0x86, 0xdc, 0xdb, 0x29, 0x86, 0xdd, 0xf5, 0x29, 0x86, 0xdc, 0xff, 0x29, 0x86, 0xdc, 0xff,
    0x29, 0x86, 0xdc, 0xff, 0x29, 0x86, 0xdc, 0xff, 0x29, 0x86, 0xdc, 0xff, 0x29, 0x86, 0xdc, 0xff,
    0x29, 0x86, 0xdc, 0xff, 0x29, 0x86, 0xdc, 0xff, 0x29, 0x86, 0xdc, 0xff, 0x29, 0x86, 0xdc, 0xff,
    0x29, 0x86, 0xdc, 0xff, 0x29, 0x86, 0xdc, 0xff, 0x29, 0x86, 0xdc, 0xff, 0x29, 0x86, 0xdc, 0xff,
    0x29, 0x86, 0xdc, 0xff, 0x29, 0x86, 0xdc, 0xff, 0x29, 0x86, 0xdc, 0xff, 0x29, 0x86, 0xdc, 0xff,
    0x29, 0x86, 0xdc, 0xff, 0x29, 0x86, 0xdc, 0xff, 0x29, 0x86, 0xdc, 0xff, 0x29, 0x86, 0xdc, 0xff,
    0x29, 0x86, 0xdc, 0xff, 0x29, 0x86, 0xdc, 0xff, 0x29, 0x86, 0xdc, 0xff, 0x29, 0x86, 0xdc, 0xff,
    0x29, 0x86, 0xdc, 0xff, 0x29, 0x86, 0xdc, 0xff, 0x29, 0x86, 0xdc, 0xff, 0x29, 0x86, 0xdc, 0xff,
    0x29, 0x86, 0xdc, 0xff, 0x29, 0x86, 0xdc, 0xff, 0x29, 0x86, 0xdc, 0xff, 0x29, 0x86, 0xdc, 0xff,
    0x28, 0x87, 0xdc, 0xea, 0x29, 0x86, 0xdc, 0xcd, 0x29, 0x86, 0xdd, 0x9a, 0x28, 0x87, 0xdd, 0x59,
    0x26, 0x89, 0xdf, 0x0c, 0x00, 0x00, 0x00, 0x00, 0x00, 0x00, 0x00, 0x00, 0x00, 0x00, 0x00, 0x00,
    0x00, 0x00, 0x00, 0x00, 0x00, 0x00, 0x00, 0x00, 0x00, 0x00, 0x00, 0x00, 0x00, 0x00, 0x00, 0x00,
    0x00, 0x00, 0x00, 0x00, 0x00, 0x00, 0x00, 0x00, 0x00, 0x00, 0x00, 0x00, 0x00, 0x00, 0x00, 0x00,
    0x00, 0x00, 0x00, 0x00, 0x00, 0x00, 0x00, 0x00, 0x00, 0x00, 0x00, 0x00, 0x00, 0x00, 0x00, 0x00,
    0x00, 0x00, 0x00, 0x00, 0x00, 0x00, 0x00, 0x00, 0x00, 0x00, 0x00, 0x00, 0x00, 0x00, 0x00, 0x00,
    0x00, 0x00, 0x00, 0x00, 0x00, 0x00, 0x00, 0x00, 0x00, 0x00, 0x00, 0x00, 0x00, 0x00, 0x00, 0x00,
    0x00, 0x00, 0x00, 0x00, 0x2a, 0x87, 0xdd, 0x49, 0x29, 0x86, 0xdd, 0xba, 0x29, 0x86, 0xdc, 0xff,
    0x29, 0x86, 0xdc, 0xff, 0x29, 0x86, 0xdc, 0xff, 0x29, 0x86, 0xdc, 0xff, 0x29, 0x86, 0xdc, 0xff,
    0x29, 0x86, 0xdc, 0xff, 0x29, 0x86, 0xdc, 0xff, 0x29, 0x86, 0xdc, 0xff, 0x29, 0x86, 0xdc, 0xff,
    0x29, 0x86, 0xdc, 0xff, 0x29, 0x86, 0xdc, 0xff, 0x29, 0x86, 0xdc, 0xff, 0x29, 0x86, 0xdc, 0xff,
    0x29, 0x86, 0xdc, 0xff, 0x29, 0x86, 0xdc, 0xff, 0x29, 0x86, 0xdc, 0xff, 0x29, 0x86, 0xdc, 0xff,
    0x29, 0x86, 0xdc, 0xff, 0x29, 0x86, 0xdc, 0xff, 0x29, 0x86, 0xdc, 0xff, 0x29, 0x86, 0xdc, 0xff,
    0x29, 0x86, 0xdc, 0xff, 0x29, 0x86, 0xdc, 0xff, 0x29, 0x86, 0xdc, 0xff, 0x29, 0x86, 0xdc, 0xff,
    0x29, 0x86, 0xdc, 0xff, 0x29, 0x86, 0xdc, 0xff, 0x29, 0x86, 0xdc, 0xff, 0x29, 0x86, 0xdc, 0xff,
    0x29, 0x86, 0xdc, 0xff, 0x29, 0x86, 0xdc, 0xff, 0x29, 0x86, 0xdc, 0xff, 0x29, 0x86, 0xdc, 0xff,
    0x29, 0x86, 0xdc, 0xff, 0x29, 0x86, 0xdc, 0xff, 0x29, 0x86, 0xdc, 0xff, 0x29, 0x86, 0xdc, 0xff,
    0x29, 0x86, 0xdc, 0xff, 0x29, 0x86, 0xdc, 0xff, 0x29, 0x86, 0xdc, 0xff, 0x29, 0x86, 0xdc, 0xff,
    0x29, 0x86, 0xdc, 0xff, 0x29, 0x86, 0xdc, 0xff, 0x29, 0x86, 0xdd, 0xf5, 0x28, 0x87, 0xdd, 0xa2,
    0x29, 0x89, 0xdd, 0x27, 0x00, 0x00, 0x00, 0x00, 0x00, 0x00, 0x00, 0x00, 0x00, 0x00, 0x00, 0x00,
    0x00, 0x00, 0x00, 0x00, 0x00, 0x00, 0x00, 0x00, 0x00, 0x00, 0x00, 0x00, 0x00, 0x00, 0x00, 0x00,
    0x00, 0x00, 0x00, 0x00, 0x00, 0x00, 0x00, 0x00, 0x00, 0x00, 0x00, 0x00, 0x00, 0x00, 0x00, 0x00,
    0x00, 0x00, 0x00, 0x00, 0x00, 0x00, 0x00, 0x00, 0x00, 0x00, 0x00, 0x00, 0x00, 0x00, 0x00, 0x00,
    0x00, 0x00, 0x00, 0x00, 0x00, 0x00, 0x00, 0x00, 0x00, 0x00, 0x00, 0x00, 0x00, 0x00, 0x00, 0x00,
    0x00, 0x00, 0x00, 0x00, 0x2a, 0x88, 0xdd, 0x1e, 0x29, 0x86, 0xdd, 0xba, 0x29, 0x86, 0xdc, 0xff,
    0x29, 0x86, 0xdc, 0xff, 0x29, 0x86, 0xdc, 0xff, 0x29, 0x86, 0xdc, 0xff, 0x29, 0x86, 0xdc, 0xff,
    0x29, 0x86, 0xdc, 0xff, 0x29, 0x86, 0xdc, 0xff, 0x29, 0x86, 0xdc, 0xff, 0x29, 0x86, 0xdc, 0xff,
    0x29, 0x86, 0xdc, 0xff, 0x29, 0x86, 0xdc, 0xff, 0x29, 0x86, 0xdc, 0xff, 0x29, 0x86, 0xdc, 0xff,
    0x29, 0x86, 0xdc, 0xff, 0x29, 0x86, 0xdc, 0xff, 0x29, 0x86, 0xdc, 0xff, 0x29, 0x86, 0xdc, 0xff,
    0x29, 0x86, 0xdc, 0xff, 0x29, 0x86, 0xdc, 0xff, 0x29, 0x86, 0xdc, 0xff, 0x29, 0x86, 0xdc, 0xff,
    0x29, 0x86, 0xdc, 0xff, 0x29, 0x86, 0xdc, 0xff, 0x29, 0x86, 0xdc, 0xff, 0x29, 0x86, 0xdc, 0xff,
    0x29, 0x86, 0xdc, 0xff, 0x29, 0x86, 0xdc, 0xff, 0x29, 0x86, 0xdc, 0xff, 0x29, 0x86, 0xdc, 0xff,
    0x29, 0x86, 0xdc, 0xff, 0x29, 0x86, 0xdc, 0xff, 0x29, 0x86, 0xdc, 0xff, 0x29, 0x86, 0xdc, 0xff,
    0x29, 0x86, 0xdc, 0xff, 0x29, 0x86, 0xdc, 0xff, 0x29, 0x86, 0xdc, 0xff, 0x29, 0x86, 0xdc, 0xff,
    0x29, 0x86, 0xdc, 0xff, 0x29, 0x86, 0xdc, 0xff, 0x29, 0x86, 0xdc, 0xff, 0x29, 0x86, 0xdc, 0xff,
    0x29, 0x86, 0xdc, 0xff, 0x29, 0x86, 0xdc, 0xff, 0x29, 0x86, 0xdc, 0xff, 0x29, 0x86, 0xdc, 0xff,
    0x29, 0x86, 0xdc, 0xff, 0x29, 0x86, 0xdc, 0xff, 0x29, 0x86, 0xdc, 0xff, 0x29, 0x86, 0xdd, 0x9a,
    0x26, 0x89, 0xdf, 0x0c, 0x00, 0x00, 0x00, 0x00, 0x00, 0x00, 0x00, 0x00, 0x00, 0x00, 0x00, 0x00,
    0x00, 0x00, 0x00, 0x00, 0x00, 0x00, 0x00, 0x00, 0x00, 0x00, 0x00, 0x00, 0x00, 0x00, 0x00, 0x00,
    0x00, 0x00, 0x00, 0x00, 0x00, 0x00, 0x00, 0x00, 0x00, 0x00, 0x00, 0x00, 0x00, 0x00, 0x00, 0x00,
    0x00, 0x00, 0x00, 0x00, 0x00, 0x00, 0x00, 0x00, 0x00, 0x00, 0x00, 0x00, 0x00, 0x00, 0x00, 0x00,
    0x00, 0x00, 0x00, 0x00, 0x00, 0x00, 0x00, 0x00, 0x2a, 0x88, 0xde, 0x5b, 0x29, 0x86, 0xdd, 0xf5,
    0x29, 0x86, 0xdc, 0xff, 0x29, 0x86, 0xdc, 0xff, 0x29, 0x86, 0xdc, 0xff, 0x29, 0x86, 0xdc, 0xff,
    0x29, 0x86, 0xdc, 0xff, 0x29, 0x86, 0xdc, 0xff, 0x29, 0x86, 0xdc, 0xff, 0x29, 0x86, 0xdc, 0xff,
    0x29, 0x86, 0xdc, 0xff, 0x29, 0x86, 0xdc, 0xff, 0x29, 0x86, 0xdc, 0xff, 0x29, 0x86, 0xdc, 0xff,
    0x29, 0x86, 0xdc, 0xff, 0x29, 0x86, 0xdc, 0xff, 0x29, 0x86, 0xdc, 0xff, 0x29, 0x86, 0xdc, 0xff,
    0x29, 0x86, 0xdc, 0xff, 0x29, 0x86, 0xdc, 0xff, 0x29, 0x86, 0xdc, 0xff, 0x29, 0x86, 0xdc, 0xff,
    0x29, 0x86, 0xdc, 0xff, 0x29, 0x86, 0xdc, 0xff, 0x29, 0x86, 0xdc, 0xff, 0x29, 0x86, 0xdc, 0xff,
    0x29, 0x86, 0xdc, 0xff, 0x29, 0x86, 0xdc, 0xff, 0x29, 0x86, 0xdc, 0xff, 0x29, 0x86, 0xdc, 0xff,
    0x29, 0x86, 0xdc, 0xff, 0x29, 0x86, 0xdc, 0xff, 0x29, 0x86, 0xdc, 0xff, 0x29, 0x86, 0xdc, 0xff,
    0x29, 0x86, 0xdc, 0xff, 0x29, 0x86, 0xdc, 0xff, 0x29, 0x86, 0xdc, 0xff, 0x29, 0x86, 0xdc, 0xff,
    0x29, 0x86, 0xdc, 0xff, 0x29, 0x86, 0xdc, 0xff, 0x29, 0x86, 0xdc, 0xff, 0x29, 0x86, 0xdc, 0xff,
    0x29, 0x86, 0xdc, 0xff, 0x29, 0x86, 0xdc, 0xff, 0x29, 0x86, 0xdc, 0xff, 0x29, 0x86, 0xdc, 0xff,
    0x29, 0x86, 0xdc, 0xff, 0x29, 0x86, 0xdc, 0xff, 0x29, 0x86, 0xdc, 0xff, 0x29, 0x86, 0xdc, 0xff,
    0x29, 0x86, 0xdc, 0xff, 0x29, 0x86, 0xdc, 0xff, 0x29, 0x86, 0xdc, 0xdb, 0x28, 0x87, 0xde, 0x31,
    0x00, 0x00, 0x00, 0x00, 0x00, 0x00, 0x00, 0x00, 0x00, 0x00, 0x00, 0x00, 0x00, 0x00, 0x00, 0x00,
    0x00, 0x00, 0x00, 0x00, 0x00, 0x00, 0x00, 0x00, 0x00, 0x00, 0x00, 0x00, 0x00, 0x00, 0x00, 0x00,
    0x00, 0x00, 0x00, 0x00, 0x00, 0x00, 0x00, 0x00, 0x00, 0x00, 0x00, 0x00, 0x00, 0x00, 0x00, 0x00,
    0x00, 0x00, 0x00, 0x00, 0x00, 0x00, 0x00, 0x00, 0x00, 0x00, 0x00, 0x00, 0x29, 0x86, 0xdc, 0x6e,
    0x29, 0x86, 0xdc, 0xff, 0x29, 0x86, 0xdc, 0xff, 0x29, 0x86, 0xdc, 0xff, 0x29, 0x86, 0xdc, 0xff,
    0x29, 0x86, 0xdc, 0xff, 0x29, 0x86, 0xdc, 0xff, 0x29, 0x86, 0xdc, 0xff, 0x29, 0x86, 0xdc, 0xff,
    0x29, 0x86, 0xdc, 0xff, 0x29, 0x86, 0xdc, 0xff, 0x29, 0x86, 0xdc, 0xff, 0x29, 0x86, 0xdc, 0xff,
    0x29, 0x86, 0xdc, 0xff, 0x29, 0x86, 0xdc, 0xff, 0x29, 0x86, 0xdc, 0xff, 0x29, 0x86, 0xdc, 0xff,
    0x29, 0x86, 0xdc, 0xff, 0x29, 0x86, 0xdc, 0xff, 0x29, 0x86, 0xdc, 0xff, 0x29, 0x86, 0xdc, 0xff,
    0x29, 0x86, 0xdc, 0xff, 0x29, 0x86, 0xdc, 0xff, 0x29, 0x86, 0xdc, 0xff, 0x29, 0x86, 0xdc, 0xff,
    0x29, 0x86, 0xdc, 0xff, 0x29, 0x86, 0xdc, 0xff, 0x29, 0x86, 0xdc, 0xff, 0x29, 0x86, 0xdc, 0xff,
    0x29, 0x86, 0xdc, 0xff, 0x29, 0x86, 0xdc, 0xff, 0x29, 0x86, 0xdc, 0xff, 0x29, 0x86, 0xdc, 0xff,
    0x29, 0x86, 0xdc, 0xff, 0x29, 0x86, 0xdc, 0xff, 0x29, 0x86, 0xdc, 0xff, 0x29, 0x86, 0xdc, 0xff,
    0x29, 0x86, 0xdc, 0xff, 0x29, 0x86, 0xdc, 0xff, 0x29, 0x86, 0xdc, 0xff, 0x29, 0x86, 0xdc, 0xff,
    0x29, 0x86, 0xdc, 0xff, 0x29, 0x86, 0xdc, 0xff, 0x29, 0x86, 0xdc, 0xff, 0x29, 0x86, 0xdc, 0xff,
    0x29, 0x86, 0xdc, 0xff, 0x29, 0x86, 0xdc, 0xff, 0x29, 0x86, 0xdc, 0xff, 0x29, 0x86, 0xdc, 0xff,
    0x29, 0x86, 0xdc, 0xff, 0x29, 0x86, 0xdc, 0xff, 0x29, 0x86, 0xdc, 0xff, 0x29, 0x86, 0xdc, 0xff,
    0x29, 0x86, 0xdc, 0xff, 0x29, 0x86, 0xdd, 0xf5, 0x29, 0x85, 0xdd, 0x39, 0x00, 0x00, 0x00, 0x00,
    0x00, 0x00, 0x00, 0x00, 0x00, 0x00, 0x00, 0x00, 0x00, 0x00, 0x00, 0x00, 0x00, 0x00, 0x00, 0x00,
    0x00, 0x00, 0x00, 0x00, 0x00, 0x00, 0x00, 0x00, 0x00, 0x00, 0x00, 0x00, 0x00, 0x00, 0x00, 0x00,
    0x00, 0x00, 0x00, 0x00, 0x00, 0x00, 0x00, 0x00, 0x00, 0x00, 0x00, 0x00, 0x00, 0x00, 0x00, 0x00,
    0x29, 0x86, 0xdc, 0x6e, 0x29, 0x86, 0xdc, 0xff, 0x29, 0x86, 0xdc, 0xff, 0x29, 0x86, 0xdc, 0xff,
    0x29, 0x86, 0xdc, 0xff, 0x29, 0x86, 0xdc, 0xff, 0x29, 0x86, 0xdc, 0xff, 0x29, 0x86, 0xdc, 0xff,
    0x29, 0x86, 0xdc, 0xff, 0x29, 0x86, 0xdc, 0xff, 0x29, 0x86, 0xdc, 0xff, 0x29, 0x86, 0xdc, 0xff,
    0x29, 0x86, 0xdc, 0xff, 0x29, 0x86, 0xdc, 0xff, 0x29, 0x86, 0xdc, 0xff, 0x29, 0x86, 0xdc, 0xff,
    0x29, 0x86, 0xdc, 0xff, 0x29, 0x86, 0xdc, 0xff, 0x29, 0x86, 0xdc, 0xff, 0x29, 0x86, 0xdc, 0xff,
    0x29, 0x86, 0xdc, 0xff, 0x29, 0x86, 0xdc, 0xff, 0x29, 0x86, 0xdc, 0xff, 0x29, 0x86, 0xdc, 0xff,
    0x29, 0x86, 0xdc, 0xff, 0x29, 0x86, 0xdc, 0xff, 0x29, 0x86, 0xdc, 0xff, 0x29, 0x86, 0xdc, 0xff,
    0x29, 0x86, 0xdc, 0xff, 0x29, 0x86, 0xdc, 0xff, 0x29, 0x86, 0xdc, 0xff, 0x29, 0x86, 0xdc, 0xff,
    0x29, 0x86, 0xdc, 0xff, 0x29, 0x86, 0xdc, 0xff, 0x29, 0x86, 0xdc, 0xff, 0x29, 0x86, 0xdc, 0xff,
    0x29, 0x86, 0xdc, 0xff, 0x29, 0x86, 0xdc, 0xff, 0x29, 0x86, 0xdc, 0xff, 0x29, 0x86, 0xdc, 0xff,
    0x29, 0x86, 0xdc, 0xff, 0x29, 0x86, 0xdc, 0xff, 0x29, 0x86, 0xdc, 0xff, 0x29, 0x86, 0xdc, 0xff,
    0x29, 0x86, 0xdc, 0xff, 0x29, 0x86, 0xdc, 0xff, 0x29, 0x86, 0xdc, 0xff, 0x29, 0x86, 0xdc, 0xff,
    0x29, 0x86, 0xdc, 0xff, 0x29, 0x86, 0xdc, 0xff, 0x29, 0x86, 0xdc, 0xff, 0x29, 0x86, 0xdc, 0xff,
    0x29, 0x86, 0xdc, 0xff, 0x29, 0x86, 0xdc, 0xff, 0x29, 0x86, 0xdc, 0xff, 0x29, 0x86, 0xdc, 0xff,
    0x29, 0x86, 0xdd, 0xf5, 0x28, 0x87, 0xde, 0x31, 0x00, 0x00, 0x00, 0x00, 0x00, 0x00, 0x00, 0x00,
    0x00, 0x00, 0x00, 0x00, 0x00, 0x00, 0x00, 0x00, 0x00, 0x00, 0x00, 0x00, 0x00, 0x00, 0x00, 0x00,
    0x00, 0x00, 0x00, 0x00, 0x00, 0x00, 0x00, 0x00, 0x00, 0x00, 0x00, 0x00, 0x00, 0x00, 0x00, 0x00,
    0x00, 0x00, 0x00, 0x00, 0x29, 0x85, 0xdd, 0x39, 0x29, 0x87, 0xdc, 0xfa, 0x29, 0x86, 0xdc, 0xff,
    0x29, 0x86, 0xdc, 0xff, 0x29, 0x86, 0xdc, 0xff, 0x29, 0x86, 0xdc, 0xff, 0x29, 0x86, 0xdc, 0xff,
    0x29, 0x86, 0xdc, 0xff, 0x29, 0x86, 0xdc, 0xff, 0x29, 0x86, 0xdc, 0xff, 0x29, 0x86, 0xdc, 0xff,
    0x29, 0x86, 0xdc, 0xff, 0x29, 0x86, 0xdc, 0xff, 0x29, 0x86, 0xdc, 0xff, 0x29, 0x86, 0xdc, 0xff,
    0x29, 0x86, 0xdc, 0xff, 0x29, 0x86, 0xdc, 0xff, 0x29, 0x86, 0xdc, 0xff, 0x29, 0x86, 0xdc, 0xff,
    0x29, 0x86, 0xdc, 0xff, 0x29, 0x86, 0xdc, 0xff, 0x29, 0x86, 0xdc, 0xff, 0x29, 0x86, 0xdc, 0xff,
    0x29, 0x86, 0xdc, 0xff, 0x29, 0x86, 0xdc, 0xff, 0x29, 0x86, 0xdc, 0xff, 0x29, 0x86, 0xdc, 0xff,
    0x29, 0x86, 0xdc, 0xff, 0x29, 0x86, 0xdc, 0xff, 0x29, 0x86, 0xdc, 0xff, 0x29, 0x86, 0xdc, 0xff,
    0x29, 0x86, 0xdc, 0xff, 0x29, 0x86, 0xdc, 0xff, 0x2a, 0x86, 0xdc, 0xff, 0x29, 0x86, 0xdc, 0xff,
    0x29, 0x86, 0xdc, 0xff, 0x2a, 0x86, 0xdc, 0xff, 0x2a, 0x86, 0xdb, 0xff, 0x2a, 0x86, 0xdc, 0xff,
    0x29, 0x85, 0xdb, 0xff, 0x2a, 0x86, 0xdb, 0xff, 0x29, 0x85, 0xdb, 0xff, 0x2a, 0x86, 0xdb, 0xff,
    0x29, 0x86, 0xdc, 0xff, 0x29, 0x86, 0xdc, 0xff, 0x2a, 0x86, 0xdc, 0xff, 0x29, 0x86, 0xdc, 0xff,
    0x29, 0x86, 0xdc, 0xff, 0x29, 0x86, 0xdc, 0xff, 0x29, 0x86, 0xdc, 0xff, 0x29, 0x86, 0xdc, 0xff,
    0x29, 0x86, 0xdc, 0xff, 0x29, 0x86, 0xdc, 0xff, 0x29, 0x86, 0xdc, 0xff, 0x29, 0x86, 0xdc, 0xff,
    0x29, 0x86, 0xdc, 0xff, 0x29, 0x86, 0xdc, 0xff, 0x29, 0x86, 0xdc, 0xff, 0x29, 0x86, 0xdc, 0xdb,
    0x26, 0x8c, 0xd9, 0x14, 0x00, 0x00, 0x00, 0x00, 0x00, 0x00, 0x00, 0x00, 0x00, 0x00, 0x00, 0x00,
    0x00, 0x00, 0x00, 0x00, 0x00, 0x00, 0x00, 0x00, 0x00, 0x00, 0x00, 0x00, 0x00, 0x00, 0x00, 0x00,
    0x00, 0x00, 0x00, 0x00, 0x00, 0x00, 0x00, 0x00, 0x26, 0x89, 0xdf, 0x0c, 0x29, 0x86, 0xdc, 0xdb,
    0x29, 0x86, 0xdc, 0xff, 0x29, 0x86, 0xdc, 0xff, 0x29, 0x86, 0xdc, 0xff, 0x29, 0x86, 0xdc, 0xff,
    0x29, 0x86, 0xdc, 0xff, 0x29, 0x86, 0xdc, 0xff, 0x29, 0x86, 0xdc, 0xff, 0x29, 0x86, 0xdc, 0xff,
    0x29, 0x86, 0xdc, 0xff, 0x29, 0x86, 0xdc, 0xff, 0x29, 0x86, 0xdc, 0xff, 0x29, 0x86, 0xdc, 0xff,
    0x29, 0x86, 0xdc, 0xff, 0x29, 0x86, 0xdc, 0xff, 0x29, 0x86, 0xdc, 0xff, 0x29, 0x86, 0xdc, 0xff,
    0x29, 0x86, 0xdc, 0xff, 0x29, 0x86, 0xdc, 0xff, 0x29, 0x86, 0xdc, 0xff, 0x29, 0x86, 0xdc, 0xff,
    0x29, 0x86, 0xdc, 0xff, 0x29, 0x86, 0xdc, 0xff, 0x29, 0x86, 0xdc, 0xff, 0x29, 0x86, 0xdc, 0xff,
    0x29, 0x86, 0xdc, 0xff, 0x29, 0x86, 0xdc, 0xff, 0x29, 0x86, 0xdc, 0xff, 0x29, 0x86, 0xdc, 0xff,
    0x2a, 0x86, 0xdc, 0xff, 0x2a, 0x86, 0xdc, 0xff, 0x2a, 0x86, 0xdb, 0xff, 0x2a, 0x85, 0xdb, 0xff,
    0x2a, 0x85, 0xdb, 0xff, 0x2a, 0x86, 0xdb, 0xff, 0x2a, 0x86, 0xdb, 0xff, 0x2a, 0x86, 0xdb, 0xff,
    0x2a, 0x86, 0xdc, 0xff, 0x2a, 0x85, 0xdb, 0xff, 0x29, 0x85, 0xdb, 0xff, 0x2a, 0x85, 0xdb, 0xff,
    0x2a, 0x86, 0xdb, 0xff, 0x2a, 0x86, 0xdc, 0xff, 0x2a, 0x86, 0xdb, 0xff, 0x2a, 0x86, 0xdb, 0xff,
    0x2a, 0x86, 0xdb, 0xff, 0x2a, 0x86, 0xdb, 0xff, 0x2a, 0x86, 0xdc, 0xff, 0x2a, 0x86, 0xdc, 0xff,
    0x2a, 0x86, 0xdc, 0xff, 0x2a, 0x86, 0xdc, 0xff, 0x29, 0x86, 0xdc, 0xff, 0x29, 0x86, 0xdc, 0xff,
    0x29, 0x86, 0xdc, 0xff, 0x29, 0x86, 0xdc, 0xff, 0x29, 0x86, 0xdc, 0xff, 0x29, 0x86, 0xdc, 0xff,
    0x29, 0x86, 0xdc, 0xff, 0x29, 0x86, 0xdc, 0xff, 0x28, 0x87, 0xdd, 0xa2, 0x00, 0x00, 0x00, 0x00,
    0x00, 0x00, 0x00, 0x00, 0x00, 0x00, 0x00, 0x00, 0x00, 0x00, 0x00, 0x00, 0x00, 0x00, 0x00, 0x00,
    0x00, 0x00, 0x00, 0x00, 0x00, 0x00, 0x00, 0x00, 0x00, 0x00, 0x00, 0x00, 0x00, 0x00, 0x00, 0x00,
    0x29, 0x88, 0xdc, 0x7c, 0x29, 0x86, 0xdc, 0xff, 0x29, 0x86, 0xdc, 0xff, 0x29, 0x86, 0xdc, 0xff,
    0x29, 0x86, 0xdc, 0xff, 0x29, 0x86, 0xdc, 0xff, 0x29, 0x86, 0xdc, 0xff, 0x29, 0x86, 0xdc, 0xff,
    0x29, 0x86, 0xdc, 0xff, 0x29, 0x86, 0xdc, 0xff, 0x29, 0x86, 0xdc, 0xff, 0x29, 0x86, 0xdc, 0xff,
    0x29, 0x86, 0xdc, 0xff, 0x29, 0x86, 0xdc, 0xff, 0x29, 0x86, 0xdc, 0xff, 0x29, 0x86, 0xdc, 0xff,
    0x29, 0x86, 0xdc, 0xff, 0x29, 0x86, 0xdc, 0xff, 0x29, 0x86, 0xdc, 0xff, 0x29, 0x86, 0xdc, 0xff,
    0x29, 0x86, 0xdc, 0xff, 0x29, 0x86, 0xdc, 0xff, 0x29, 0x86, 0xdc, 0xff, 0x29, 0x86, 0xdc, 0xff,
    0x29, 0x86, 0xdc, 0xff, 0x29, 0x86, 0xdc, 0xff, 0x2a, 0x86, 0xdc, 0xff, 0x2a, 0x86, 0xdc, 0xff,
    0x2a, 0x86, 0xdb, 0xff, 0x2a, 0x86, 0xdb, 0xff, 0x2a, 0x86, 0xdb, 0xff, 0x2a, 0x86, 0xdb, 0xff,
    0x2a, 0x86, 0xdc, 0xff, 0x2a, 0x86, 0xdc, 0xff, 0x29, 0x85, 0xdb, 0xff, 0x2a, 0x86, 0xdc, 0xff,
    0x2a, 0x86, 0xdb, 0xff, 0x2a, 0x85, 0xdb, 0xff, 0x2a, 0x85, 0xdb, 0xff, 0x29, 0x85, 0xdb, 0xff,
    0x2a, 0x86, 0xdb, 0xff, 0x2a, 0x85, 0xdb, 0xff, 0x2a, 0x86, 0xdb, 0xff, 0x2a, 0x85, 0xdb, 0xff,
    0x29, 0x85, 0xdb, 0xff, 0x2a, 0x86, 0xdc, 0xff, 0x29, 0x85, 0xdb, 0xff, 0x2a, 0x86, 0xdb, 0xff,
    0x2a, 0x86, 0xdb, 0xff, 0x2a, 0x86, 0xdc, 0xff, 0x2a, 0x86, 0xdc, 0xff, 0x2a, 0x86, 0xdc, 0xff,
    0x2a, 0x86, 0xdc, 0xff, 0x29, 0x86, 0xdc, 0xff, 0x29, 0x86, 0xdc, 0xff, 0x29, 0x86, 0xdc, 0xff,
    0x29, 0x86, 0xdc, 0xff, 0x29, 0x86, 0xdc, 0xff, 0x29, 0x86, 0xdc, 0xff, 0x29, 0x86, 0xdc, 0xff,
    0x29, 0x86, 0xdc, 0xff, 0x29, 0x85, 0xdd, 0x39, 0x00, 0x00, 0x00, 0x00, 0x00, 0x00, 0x00, 0x00,
    0x00, 0x00, 0x00, 0x00, 0x00, 0x00, 0x00, 0x00, 0x00, 0x00, 0x00, 0x00, 0x00, 0x00, 0x00, 0x00,
    0x00, 0x00, 0x00, 0x00, 0x26, 0x89, 0xdf, 0x0c, 0x29, 0x86, 0xdc, 0xee, 0x29, 0x86, 0xdc, 0xff,
    0x29, 0x86, 0xdc, 0xff, 0x29, 0x86, 0xdc, 0xff, 0x29, 0x86, 0xdc, 0xff, 0x29, 0x86, 0xdc, 0xff,
    0x29, 0x86, 0xdc, 0xff, 0x29, 0x86, 0xdc, 0xff, 0x29, 0x86, 0xdc, 0xff, 0x29, 0x86, 0xdc, 0xff,
    0x29, 0x86, 0xdc, 0xff, 0x29, 0x86, 0xdc, 0xff, 0x29, 0x86, 0xdc, 0xff, 0x29, 0x86, 0xdc, 0xff,
    0x29, 0x86, 0xdc, 0xff, 0x29, 0x86, 0xdc, 0xff, 0x29, 0x86, 0xdc, 0xff, 0x29, 0x86, 0xdc, 0xff,
    0x29, 0x86, 0xdc, 0xff, 0x29, 0x86, 0xdc, 0xff, 0x29, 0x86, 0xdc, 0xff, 0x29, 0x86, 0xdc, 0xff,
    0x29, 0x86, 0xdc, 0xff, 0x29, 0x86, 0xdc, 0xff, 0x2a, 0x86, 0xdc, 0xff, 0x2a, 0x85, 0xdb, 0xff,
    0x2a, 0x86, 0xdb, 0xff, 0x2a, 0x86, 0xdb, 0xff, 0x2a, 0x85, 0xdb, 0xff, 0x2a, 0x86, 0xdb, 0xff,
    0x2a, 0x86, 0xdb, 0xff, 0x29, 0x85, 0xdb, 0xff, 0x2a, 0x85, 0xdb, 0xff, 0x2a, 0x85, 0xdb, 0xff,
    0x2a, 0x85, 0xda, 0xff, 0x2a, 0x85, 0xda, 0xff, 0x2a, 0x85, 0xda, 0xff, 0x2a, 0x85, 0xda, 0xff,
    0x2a, 0x85, 0xda, 0xff, 0x2a, 0x85, 0xda, 0xff, 0x29, 0x85, 0xda, 0xff, 0x2a, 0x85, 0xda, 0xff,
    0x2a, 0x85, 0xda, 0xff, 0x2a, 0x85, 0xda, 0xff, 0x29, 0x85, 0xda, 0xff, 0x2a, 0x85, 0xda, 0xff,
    0x2a, 0x85, 0xda, 0xff, 0x2a, 0x85, 0xdb, 0xff, 0x2a, 0x85, 0xdb, 0xff, 0x2a, 0x86, 0xdc, 0xff,
    0x2a, 0x86, 0xdb, 0xff, 0x2a, 0x86, 0xdc, 0xff, 0x2a, 0x86, 0xdc, 0xff, 0x2a, 0x86, 0xdb, 0xff,
    0x29, 0x86, 0xdc, 0xff, 0x29, 0x86, 0xdc, 0xff, 0x29, 0x86, 0xdc, 0xff, 0x29, 0x86, 0xdc, 0xff,
    0x29, 0x86, 0xdc, 0xff, 0x29, 0x86, 0xdc, 0xff, 0x29, 0x86, 0xdc, 0xff, 0x29, 0x86, 0xdd, 0xba,
    0x00, 0x00, 0x00, 0x00, 0x00, 0x00, 0x00, 0x00, 0x00, 0x00, 0x00, 0x00, 0x00, 0x00, 0x00, 0x00,
    0x00, 0x00, 0x00, 0x00, 0x00, 0x00, 0x00, 0x00, 0x00, 0x00, 0x00, 0x00, 0x2a, 0x85, 0xdb, 0x5a,
    0x29, 0x86, 0xdc, 0xff, 0x29, 0x86, 0xdc, 0xff, 0x29, 0x86, 0xdc, 0xff, 0x29, 0x86, 0xdc, 0xff,
    0x29, 0x86, 0xdc, 0xff, 0x29, 0x86, 0xdc, 0xff, 0x29, 0x86, 0xdc, 0xff, 0x29, 0x86, 0xdc, 0xff,
    0x29, 0x86, 0xdc, 0xff, 0x29, 0x86, 0xdc, 0xff, 0x29, 0x86, 0xdc, 0xff, 0x29, 0x86, 0xdc, 0xff,
    0x29, 0x86, 0xdc, 0xff, 0x29, 0x86, 0xdc, 0xff, 0x29, 0x86, 0xdc, 0xff, 0x29, 0x86, 0xdc, 0xff,
    0x29, 0x86, 0xdc, 0xff, 0x29, 0x86, 0xdc, 0xff, 0x29, 0x86, 0xdc, 0xff, 0x2a, 0x86, 0xdc, 0xff,
    0x29, 0x86, 0xdc, 0xff, 0x2a, 0x86, 0xdc, 0xff, 0x2a, 0x86, 0xdc, 0xff, 0x2a, 0x86, 0xdc, 0xff,
    0x2a, 0x86, 0xdb, 0xff, 0x2a, 0x86, 0xdc, 0xff, 0x2a, 0x86, 0xdb, 0xff, 0x2a, 0x85, 0xdb, 0xff,
    0x2a, 0x85, 0xdb, 0xff, 0x29, 0x85, 0xda, 0xff, 0x2a, 0x85, 0xda, 0xff, 0x2a, 0x85, 0xda, 0xff,
    0x2a, 0x85, 0xda, 0xff, 0x29, 0x85, 0xda, 0xff, 0x2a, 0x85, 0xda, 0xff, 0x2a, 0x85, 0xda, 0xff,
    0x2a, 0x85, 0xda, 0xff, 0x29, 0x84, 0xd9, 0xff, 0x29, 0x85, 0xda, 0xff, 0x29, 0x85, 0xda, 0xff,
    0x29, 0x84, 0xd9, 0xff, 0x29, 0x85, 0xda, 0xff, 0x2a, 0x85, 0xda, 0xff, 0x29, 0x84, 0xd9, 0xff,
    0x29, 0x85, 0xda, 0xff, 0x2a, 0x85, 0xda, 0xff, 0x2a, 0x85, 0xda, 0xff, 0x2a, 0x85, 0xda, 0xff,
    0x2a, 0x85, 0xda, 0xff, 0x2a, 0x85, 0xdb, 0xff, 0x2a, 0x86, 0xdb, 0xff, 0x2a, 0x86, 0xdb, 0xff,
    0x2a, 0x86, 0xdc, 0xff, 0x2a, 0x86, 0xdb, 0xff, 0x29, 0x86, 0xdc, 0xff, 0x29, 0x86, 0xdc, 0xff,
    0x29, 0x86, 0xdc, 0xff, 0x29, 0x86, 0xdc, 0xff, 0x29, 0x86, 0xdc, 0xff, 0x29, 0x86, 0xdc, 0xff,
    0x29, 0x86, 0xdc, 0xff, 0x29, 0x86, 0xdc, 0xff, 0x2a, 0x88, 0xdd, 0x1e, 0x00, 0x00, 0x00, 0x00,
    0x00, 0x00, 0x00, 0x00, 0x00, 0x00, 0x00, 0x00, 0x00, 0x00, 0x00, 0x00, 0x00, 0x00, 0x00, 0x00,
    0x00, 0x00, 0x00, 0x00, 0x29, 0x86, 0xdd, 0xba, 0x29, 0x86, 0xdc, 0xff, 0x29, 0x86, 0xdc, 0xff,
    0x29, 0x86, 0xdc, 0xff, 0x29, 0x86, 0xdc, 0xff, 0x29, 0x86, 0xdc, 0xff, 0x29, 0x86, 0xdc, 0xff,
    0x29, 0x86, 0xdc, 0xff, 0x29, 0x86, 0xdc, 0xff, 0x29, 0x86, 0xdc, 0xff, 0x29, 0x86, 0xdc, 0xff,
    0x29, 0x86, 0xdc, 0xff, 0x29, 0x86, 0xdc, 0xff, 0x29, 0x86, 0xdc, 0xff, 0x29, 0x86, 0xdc, 0xff,
    0x29, 0x86, 0xdc, 0xff, 0x29, 0x86, 0xdc, 0xff, 0x29, 0x86, 0xdc, 0xff, 0x2a, 0x86, 0xdc, 0xff,
    0x2a, 0x86, 0xdc, 0xff, 0x2a, 0x86, 0xdb, 0xff, 0x2a, 0x86, 0xdb, 0xff, 0x2a, 0x86, 0xdc, 0xff,
    0x2a, 0x86, 0xdb, 0xff, 0x2a, 0x85, 0xdb, 0xff, 0x2a, 0x85, 0xdb, 0xff, 0x2a, 0x85, 0xdb, 0xff,
    0x2a, 0x85, 0xda, 0xff, 0x29, 0x85, 0xda, 0xff, 0x2a, 0x85, 0xda, 0xff, 0x29, 0x85, 0xda, 0xff,
    0x29, 0x85, 0xda, 0xff, 0x2a, 0x85, 0xda, 0xff, 0x29, 0x85, 0xda, 0xff, 0x29, 0x84, 0xd9, 0xff,
    0x29, 0x85, 0xda, 0xff, 0x29, 0x84, 0xd9, 0xff, 0x29, 0x84, 0xd9, 0xff, 0x29, 0x84, 0xd9, 0xff,
    0x29, 0x84, 0xd9, 0xff, 0x29, 0x84, 0xd9, 0xff, 0x29, 0x84, 0xd9, 0xff, 0x29, 0x84, 0xd9, 0xff,
    0x29, 0x84, 0xd9, 0xff, 0x29, 0x84, 0xd9, 0xff, 0x2a, 0x85, 0xda, 0xff, 0x29, 0x84, 0xd9, 0xff,
    0x29, 0x85, 0xda, 0xff, 0x2a, 0x85, 0xda, 0xff, 0x2a, 0x85, 0xda, 0xff, 0x2a, 0x85, 0xda, 0xff,
    0x2a, 0x85, 0xda, 0xff, 0x2a, 0x86, 0xdb, 0xff, 0x2a, 0x86, 0xdb, 0xff, 0x2a, 0x86, 0xdb, 0xff,
    0x2a, 0x86, 0xdc, 0xff, 0x2a, 0x86, 0xdc, 0xff, 0x29, 0x86, 0xdc, 0xff, 0x29, 0x86, 0xdc, 0xff,
    0x29, 0x86, 0xdc, 0xff, 0x29, 0x86, 0xdc, 0xff, 0x29, 0x86, 0xdc, 0xff, 0x29, 0x86, 0xdc, 0xff,
    0x29, 0x86, 0xdc, 0x6e, 0x00, 0x00, 0x00, 0x00, 0x00, 0x00, 0x00, 0x00, 0x00, 0x00, 0x00, 0x00,
    0x00, 0x00, 0x00, 0x00, 0x00, 0x00, 0x00, 0x00, 0x86, 0x91, 0x9d, 0x01, 0x29, 0x87, 0xdd, 0xf6,
    0x29, 0x86, 0xdc, 0xff, 0x29, 0x86, 0xdc, 0xff, 0x29, 0x86, 0xdc, 0xff, 0x29, 0x86, 0xdc, 0xff,
    0x29, 0x86, 0xdc, 0xff, 0x29, 0x86, 0xdc, 0xff, 0x29, 0x86, 0xdc, 0xff, 0x29, 0x86, 0xdc, 0xff,
    0x29, 0x86, 0xdc, 0xff, 0x29, 0x86, 0xdc, 0xff, 0x29, 0x86, 0xdc, 0xff, 0x29, 0x86, 0xdc, 0xff,
    0x29, 0x86, 0xdc, 0xff, 0x2a, 0x86, 0xdc, 0xff, 0x2a, 0x86, 0xdc, 0xff, 0x2a, 0x86, 0xdc, 0xff,
    0x2a, 0x86, 0xdc, 0xff, 0x2a, 0x86, 0xdb, 0xff, 0x2a, 0x85, 0xdb, 0xff, 0x29, 0x85, 0xdb, 0xff,
    0x2a, 0x86, 0xdb, 0xff, 0x2a, 0x85, 0xdb, 0xff, 0x29, 0x85, 0xda, 0xff, 0x2a, 0x85, 0xdb, 0xff,
    0x2a, 0x85, 0xda, 0xff, 0x29, 0x85, 0xda, 0xff, 0x29, 0x85, 0xda, 0xff, 0x29, 0x85, 0xda, 0xff,
    0x29, 0x85, 0xda, 0xff, 0x29, 0x84, 0xd9, 0xff, 0x29, 0x84, 0xd9, 0xff, 0x29, 0x84, 0xd9, 0xff,
    0x29, 0x84, 0xd9, 0xff, 0x29, 0x84, 0xd9, 0xff, 0x29, 0x83, 0xd8, 0xff, 0x29, 0x83, 0xd8, 0xff,
    0x29, 0x83, 0xd8, 0xff, 0x29, 0x84, 0xd9, 0xff, 0x29, 0x84, 0xd9, 0xff, 0x29, 0x83, 0xd8, 0xff,
    0x29, 0x83, 0xd8, 0xff, 0x29, 0x83, 0xd8, 0xff, 0x29, 0x84, 0xd9, 0xff, 0x29, 0x84, 0xd9, 0xff,
    0x29, 0x84, 0xd9, 0xff, 0x29, 0x84, 0xd9, 0xff, 0x29, 0x84, 0xd9, 0xff, 0x29, 0x85, 0xda, 0xff,
    0x29, 0x85, 0xda, 0xff, 0x2a, 0x85, 0xda, 0xff, 0x2a, 0x85, 0xda, 0xff, 0x2a, 0x85, 0xdb, 0xff,
    0x2a, 0x86, 0xdb, 0xff, 0x29, 0x85, 0xdb, 0xff, 0x2a, 0x86, 0xdb, 0xff, 0x2a, 0x86, 0xdc, 0xff,
    0x2a, 0x86, 0xdc, 0xff, 0x29, 0x86, 0xdc, 0xff, 0x29, 0x86, 0xdc, 0xff, 0x29, 0x86, 0xdc, 0xff,
    0x29, 0x86, 0xdc, 0xff, 0x29, 0x86, 0xdc, 0xff, 0x29, 0x86, 0xdd, 0xba, 0x00, 0x00, 0x00, 0x00,
    0x00, 0x00, 0x00, 0x00, 0x00, 0x00, 0x00, 0x00, 0x00, 0x00, 0x00, 0x00, 0x00, 0x00, 0x00, 0x00,
    0x29, 0x89, 0xdd, 0x27, 0x29, 0x86, 0xdc, 0xff, 0x29, 0x86, 0xdc, 0xff, 0x29, 0x86, 0xdc, 0xff,
    0x29, 0x86, 0xdc, 0xff, 0x29, 0x86, 0xdc, 0xff, 0x29, 0x86, 0xdc, 0xff, 0x29, 0x86, 0xdc, 0xff,
    0x29, 0x86, 0xdc, 0xff, 0x29, 0x86, 0xdc, 0xff, 0x29, 0x86, 0xdc, 0xff, 0x29, 0x86, 0xdc, 0xff,
    0x29, 0x86, 0xdc, 0xff, 0x29, 0x86, 0xdc, 0xff, 0x29, 0x86, 0xdc, 0xff, 0x29, 0x86, 0xdc, 0xff,
    0x29, 0x86, 0xdc, 0xff, 0x29, 0x86, 0xdc, 0xff, 0x29, 0x86, 0xdc, 0xff, 0x29, 0x86, 0xdc, 0xff,
    0x29, 0x86, 0xdc, 0xff, 0x29, 0x86, 0xdc, 0xff, 0x29, 0x86, 0xdc, 0xff, 0x29, 0x86, 0xdc, 0xff,
    0x29, 0x86, 0xdc, 0xff, 0x29, 0x86, 0xdc, 0xff, 0x29, 0x86, 0xdc, 0xff, 0x29, 0x86, 0xdc, 0xff,
    0x29, 0x86, 0xdc, 0xff, 0x29, 0x86, 0xdc, 0xff, 0x29, 0x86, 0xdc, 0xff, 0x29, 0x86, 0xdc, 0xff,
    0x29, 0x86, 0xdc, 0xff, 0x29, 0x86, 0xdc, 0xff, 0x29, 0x86, 0xdc, 0xff, 0x29, 0x86, 0xdc, 0xff,
    0x29, 0x86, 0xdc, 0xff, 0x29, 0x86, 0xdc, 0xff, 0x29, 0x86, 0xdc, 0xff, 0x29, 0x86, 0xdc, 0xff,
    0x29, 0x86, 0xdc, 0xff, 0x29, 0x86, 0xdc, 0xff, 0x29, 0x86, 0xdc, 0xff, 0x29, 0x86, 0xdc, 0xff,
    0x29, 0x86, 0xdc, 0xff, 0x29, 0x86, 0xdc, 0xff, 0x29, 0x86, 0xdc, 0xff, 0x29, 0x86, 0xdc, 0xff,
    0x29, 0x86, 0xdc, 0xff, 0x29, 0x86, 0xdc, 0xff, 0x29, 0x86, 0xdc, 0xff, 0x29, 0x86, 0xdc, 0xff,
    0x2a, 0x85, 0xda, 0xff, 0x2a, 0x85, 0xda, 0xff, 0x2a, 0x85, 0xdb, 0xff, 0x2a, 0x86, 0xdb, 0xff,
    0x2a, 0x85, 0xdb, 0xff, 0x29, 0x85, 0xdb, 0xff, 0x2a, 0x86, 0xdb, 0xff, 0x29, 0x86, 0xdc, 0xff,
    0x29, 0x86, 0xdc, 0xff, 0x29, 0x86, 0xdc, 0xff, 0x29, 0x86, 0xdc, 0xff, 0x29, 0x86, 0xdc, 0xff,
    0x28, 0x87, 0xdc, 0xea, 0x00, 0x00, 0x00, 0x00, 0x00, 0x00, 0x00, 0x00, 0x00, 0x00, 0x00, 0x00,
    0x00, 0x00, 0x00, 0x00, 0x00, 0x00, 0x00, 0x00, 0x2a, 0x87, 0xdd, 0x49, 0x29, 0x86, 0xdc, 0xff,
    0x29, 0x86, 0xdc, 0xff, 0x29, 0x86, 0xdc, 0xff, 0x29, 0x86, 0xdc, 0xff, 0x29, 0x86, 0xdc, 0xff,
    0x29, 0x86, 0xdc, 0xff, 0x29, 0x86, 0xdc, 0xff, 0x29, 0x86, 0xdc, 0xff, 0x29, 0x86, 0xdc, 0xff,
    0x29, 0x86, 0xdc, 0xff, 0x29, 0x86, 0xdc, 0xff, 0x29, 0x86, 0xdc, 0xff, 0x29, 0x86, 0xdc, 0xff,
    0x29, 0x86, 0xdc, 0xff, 0x29, 0x86, 0xdc, 0xff, 0x29, 0x86, 0xdc, 0xff, 0x29, 0x86, 0xdc, 0xff,
    0x29, 0x86, 0xdc, 0xff, 0x29, 0x86, 0xdc, 0xff, 0x29, 0x86, 0xdc, 0xff, 0x29, 0x86, 0xdc, 0xff,
    0x29, 0x86, 0xdc, 0xff, 0x29, 0x86, 0xdc, 0xff, 0x29, 0x86, 0xdc, 0xff, 0x29, 0x86, 0xdc, 0xff,
    0x29, 0x86, 0xdc, 0xff, 0x29, 0x86, 0xdc, 0xff, 0x29, 0x86, 0xdc, 0xff, 0x29, 0x86, 0xdc, 0xff,
    0x29, 0x86, 0xdc, 0xff, 0x29, 0x86, 0xdc, 0xff, 0x29, 0x86, 0xdc, 0xff, 0x29, 0x86, 0xdc, 0xff,
    0x29, 0x86, 0xdc, 0xff, 0x29, 0x86, 0xdc, 0xff, 0x29, 0x86, 0xdc, 0xff, 0x29, 0x86, 0xdc, 0xff,
    0x29, 0x86, 0xdc, 0xff, 0x29, 0x86, 0xdc, 0xff, 0x30, 0x8a, 0xdd, 0xff, 0x78, 0xb3, 0xe9, 0xff,
    0xa3, 0xcc, 0xf1, 0xff, 0x9a, 0xc6, 0xef, 0xff, 0x5b, 0xa2, 0xe5, 0xff, 0x29, 0x86, 0xdc, 0xff,
    0x29, 0x86, 0xdc, 0xff, 0x29, 0x86, 0xdc, 0xff, 0x29, 0x86, 0xdc, 0xff, 0x29, 0x86, 0xdc, 0xff,
    0x29, 0x86, 0xdc, 0xff, 0x29, 0x86, 0xdc, 0xff, 0x2a, 0x86, 0xdb, 0xff, 0x2a, 0x85, 0xda, 0xff,
    0x2a, 0x85, 0xda, 0xff, 0x2a, 0x85, 0xdb, 0xff, 0x29, 0x85, 0xdb, 0xff, 0x2a, 0x86, 0xdb, 0xff,
    0x2a, 0x86, 0xdb, 0xff, 0x29, 0x86, 0xdc, 0xff, 0x29, 0x86, 0xdc, 0xff, 0x29, 0x86, 0xdc, 0xff,
    0x29, 0x86, 0xdc, 0xff, 0x29, 0x86, 0xdc, 0xff, 0x29, 0x86, 0xdc, 0xff, 0x26, 0x89, 0xdf, 0x0c,
    0x00, 0x00, 0x00, 0x00, 0x00, 0x00, 0x00, 0x00, 0x00, 0x00, 0x00, 0x00, 0x00, 0x00, 0x00, 0x00,
    0x28, 0x87, 0xdd, 0x59, 0x29, 0x86, 0xdc, 0xff, 0x29, 0x86, 0xdc, 0xff, 0x29, 0x86, 0xdc, 0xff,
    0x29, 0x86, 0xdc, 0xff, 0x29, 0x86, 0xdc, 0xff, 0x29, 0x86, 0xdc, 0xff, 0x29, 0x86, 0xdc, 0xff,
    0x29, 0x86, 0xdc, 0xff, 0x29, 0x86, 0xdc, 0xff, 0x29, 0x86, 0xdc, 0xff, 0x29, 0x86, 0xdc, 0xff,
    0x29, 0x86, 0xdc, 0xff, 0x29, 0x86, 0xdc, 0xff, 0x29, 0x86, 0xdc, 0xff, 0x29, 0x86, 0xdc, 0xff,
    0x29, 0x86, 0xdc, 0xff, 0x29, 0x86, 0xdc, 0xff, 0x29, 0x86, 0xdc, 0xff, 0x29, 0x86, 0xdc, 0xff,
    0x29, 0x86, 0xdc, 0xff, 0x29, 0x86, 0xdc, 0xff, 0x29, 0x86, 0xdc, 0xff, 0x29, 0x86, 0xdc, 0xff,
    0x29, 0x86, 0xdc, 0xff, 0x29, 0x86, 0xdc, 0xff, 0x29, 0x86, 0xdc, 0xff, 0x29, 0x86, 0xdc, 0xff,
    0x29, 0x86, 0xdc, 0xff, 0x29, 0x86, 0xdc, 0xff, 0x29, 0x86, 0xdc, 0xff, 0x29, 0x86, 0xdc, 0xff,
    0x29, 0x86, 0xdc, 0xff, 0x29, 0x86, 0xdc, 0xff, 0x29, 0x86, 0xdc, 0xff, 0x29, 0x86, 0xdc, 0xff,
    0x29, 0x86, 0xdc, 0xff, 0x29, 0x86, 0xdc, 0xff, 0x29, 0x86, 0xdc, 0xff, 0x37, 0x8e, 0xdf, 0xff,
    0xeb, 0xf4, 0xfc, 0xff, 0xff, 0xff, 0xff, 0xff, 0xff, 0xff, 0xff, 0xff, 0xff, 0xff, 0xff, 0xff,
    0xff, 0xff, 0xff, 0xff, 0xa3, 0xcc, 0xf1, 0xff, 0x2a, 0x86, 0xdc, 0xff, 0x29, 0x86, 0xdc, 0xff,
    0x29, 0x86, 0xdc, 0xff, 0x29, 0x86, 0xdc, 0xff, 0x29, 0x86, 0xdc, 0xff, 0x29, 0x86, 0xdc, 0xff,
    0x29, 0x84, 0xd9, 0xff, 0x29, 0x85, 0xda, 0xff, 0x2a, 0x85, 0xda, 0xff, 0x2a, 0x85, 0xdb, 0xff,
    0x2a, 0x85, 0xda, 0xff, 0x2a, 0x86, 0xdb, 0xff, 0x2a, 0x86, 0xdc, 0xff, 0x2a, 0x86, 0xdb, 0xff,
    0x29, 0x86, 0xdc, 0xff, 0x29, 0x86, 0xdc, 0xff, 0x29, 0x86, 0xdc, 0xff, 0x29, 0x86, 0xdc, 0xff,
    0x29, 0x86, 0xdc, 0xff, 0x2a, 0x88, 0xdd, 0x1e, 0x00, 0x00, 0x00, 0x00, 0x00, 0x00, 0x00, 0x00,
    0x00, 0x00, 0x00, 0x00, 0x00, 0x00, 0x00, 0x00, 0x28, 0x87, 0xdd, 0x59, 0x29, 0x86, 0xdc, 0xff,
    0x29, 0x86, 0xdc, 0xff, 0x29, 0x86, 0xdc, 0xff, 0x29, 0x86, 0xdc, 0xff, 0x29, 0x86, 0xdc, 0xff,
    0x29, 0x86, 0xdc, 0xff, 0x29, 0x86, 0xdc, 0xff, 0x29, 0x86, 0xdc, 0xff, 0x29, 0x86, 0xdc, 0xff,
    0x29, 0x86, 0xdc, 0xff, 0x29, 0x86, 0xdc, 0xff, 0x29, 0x86, 0xdc, 0xff, 0x2a, 0x86, 0xdb, 0xff,
    0x29, 0x86, 0xdc, 0xff, 0x29, 0x86, 0xdc, 0xff, 0x29, 0x86, 0xdc, 0xff, 0x29, 0x86, 0xdc, 0xff,
    0x29, 0x86, 0xdc, 0xff, 0x29, 0x86, 0xdc, 0xff, 0x29, 0x86, 0xdc, 0xff, 0x29, 0x86, 0xdc, 0xff,
    0x29, 0x86, 0xdc, 0xff, 0x29, 0x86, 0xdc, 0xff, 0x29, 0x86, 0xdc, 0xff, 0x29, 0x86, 0xdc, 0xff,
    0x29, 0x86, 0xdc, 0xff, 0x29, 0x86, 0xdc, 0xff, 0x29, 0x86, 0xdc, 0xff, 0x29, 0x86, 0xdc, 0xff,
    0x29, 0x86, 0xdc, 0xff, 0x29, 0x86, 0xdc, 0xff, 0x29, 0x86, 0xdc, 0xff, 0x29, 0x86, 0xdc, 0xff,
    0x29, 0x86, 0xdc, 0xff, 0x29, 0x86, 0xdc, 0xff, 0x29, 0x86, 0xdc, 0xff, 0x29, 0x86, 0xdc, 0xff,
    0x29, 0x86, 0xdc, 0xff, 0xe6, 0xf1, 0xfb, 0xff, 0xff, 0xff, 0xff, 0xff, 0xff, 0xff, 0xff, 0xff,
    0xff, 0xff, 0xff, 0xff, 0xff, 0xff, 0xff, 0xff, 0xff, 0xff, 0xff, 0xff, 0xff, 0xff, 0xff, 0xff,
    0x62, 0xa7, 0xe6, 0xff, 0x29, 0x86, 0xdc, 0xff, 0x29, 0x86, 0xdc, 0xff, 0x29, 0x86, 0xdc, 0xff,
    0x29, 0x86, 0xdc, 0xff, 0x29, 0x86, 0xdc, 0xff, 0x29, 0x84, 0xd9, 0xff, 0x29, 0x84, 0xd9, 0xff,
    0x29, 0x84, 0xd9, 0xff, 0x2a, 0x85, 0xda, 0xff, 0x29, 0x85, 0xda, 0xff, 0x2a, 0x85, 0xdb, 0xff,
    0x29, 0x85, 0xdb, 0xff, 0x2a, 0x86, 0xdb, 0xff, 0x29, 0x86, 0xdc, 0xff, 0x29, 0x86, 0xdc, 0xff,
    0x29, 0x86, 0xdc, 0xff, 0x29, 0x86, 0xdc, 0xff, 0x29, 0x86, 0xdc, 0xff, 0x2a, 0x88, 0xdd, 0x1e,
    0x00, 0x00, 0x00, 0x00, 0x00, 0x00, 0x00, 0x00, 0x00, 0x00, 0x00, 0x00, 0x00, 0x00, 0x00, 0x00,
    0x28, 0x87, 0xdd, 0x59, 0x29, 0x86, 0xdc, 0xff, 0x29, 0x86, 0xdc, 0xff, 0x29, 0x86, 0xdc, 0xff,
    0x29, 0x86, 0xdc, 0xff, 0x29, 0x86, 0xdc, 0xff, 0x29, 0x86, 0xdc, 0xff, 0x29, 0x86, 0xdc, 0xff,
    0x29, 0x86, 0xdc, 0xff, 0x29, 0x86, 0xdc, 0xff, 0x29, 0x86, 0xdc, 0xff, 0x29, 0x86, 0xdc, 0xff,
    0x29, 0x85, 0xdb, 0xff, 0x29, 0x86, 0xdc, 0xff, 0x29, 0x86, 0xdc, 0xff, 0x29, 0x86, 0xdc, 0xff,
    0x29, 0x86, 0xdc, 0xff, 0x29, 0x86, 0xdc, 0xff, 0x29, 0x86, 0xdc, 0xff, 0x29, 0x86, 0xdc, 0xff,
    0x29, 0x86, 0xdc, 0xff, 0x29, 0x86, 0xdc, 0xff, 0x29, 0x86, 0xdc, 0xff, 0x29, 0x86, 0xdc, 0xff,
    0x29, 0x86, 0xdc, 0xff, 0x29, 0x86, 0xdc, 0xff, 0x29, 0x86, 0xdc, 0xff, 0x29, 0x86, 0xdc, 0xff,
    0x29, 0x86, 0xdc, 0xff, 0x29, 0x86, 0xdc, 0xff, 0x29, 0x86, 0xdc, 0xff, 0x29, 0x86, 0xdc, 0xff,
    0x29, 0x86, 0xdc, 0xff, 0x29, 0x86, 0xdc, 0xff, 0x29, 0x86, 0xdc, 0xff, 0x29, 0x86, 0xdc, 0xff,
    0x29, 0x86, 0xdc, 0xff, 0x29, 0x86, 0xdc, 0xff, 0x3f, 0x93, 0xe0, 0xff, 0xff, 0xff, 0xff, 0xff,
    0xff, 0xff, 0xff, 0xff, 0xff, 0xff, 0xff, 0xff, 0xff, 0xff, 0xff, 0xff, 0xff, 0xff, 0xff, 0xff,
    0xff, 0xff, 0xff, 0xff, 0xff, 0xff, 0xff, 0xff, 0xe2, 0xee, 0xfa, 0xff, 0x29, 0x86, 0xdc, 0xff,
    0x29, 0x86, 0xdc, 0xff, 0x29, 0x86, 0xdc, 0xff, 0x29, 0x86, 0xdc, 0xff, 0x29, 0x86, 0xdc, 0xff,
    0x29, 0x83, 0xd8, 0xff, 0x29, 0x84, 0xd9, 0xff, 0x29, 0x84, 0xd9, 0xff, 0x2a, 0x85, 0xda, 0xff,
    0x29, 0x85, 0xda, 0xff, 0x2a, 0x85, 0xda, 0xff, 0x2a, 0x86, 0xdb, 0xff, 0x2a, 0x86, 0xdb, 0xff,
    0x2a, 0x86, 0xdc, 0xff, 0x29, 0x86, 0xdc, 0xff, 0x29, 0x86, 0xdc, 0xff, 0x29, 0x86, 0xdc, 0xff,
    0x29, 0x86, 0xdc, 0xff, 0x2a, 0x88, 0xdd, 0x1e, 0x00, 0x00, 0x00, 0x00, 0x00, 0x00, 0x00, 0x00,
    0x00, 0x00, 0x00, 0x00, 0x00, 0x00, 0x00, 0x00, 0x28, 0x87, 0xdd, 0x59, 0x29, 0x86, 0xdc, 0xff,
    0x29, 0x86, 0xdc, 0xff, 0x29, 0x86, 0xdc, 0xff, 0x29, 0x86, 0xdc, 0xff, 0x29, 0x86, 0xdc, 0xff,
    0x29, 0x86, 0xdc, 0xff, 0x29, 0x86, 0xdc, 0xff, 0x29, 0x86, 0xdc, 0xff, 0x29, 0x86, 0xdc, 0xff,
    0x29, 0x86, 0xdc, 0xff, 0x2a, 0x86, 0xdc, 0xff, 0x2a, 0x86, 0xdc, 0xff, 0x2a, 0x86, 0xdb, 0xff,
    0x29, 0x86, 0xdc, 0xff, 0x29, 0x86, 0xdc, 0xff, 0x29, 0x86, 0xdc, 0xff, 0x29, 0x86, 0xdc, 0xff,
    0x29, 0x86, 0xdc, 0xff, 0x29, 0x86, 0xdc, 0xff, 0x29, 0x86, 0xdc, 0xff, 0x29, 0x86, 0xdc, 0xff,
    0x29, 0x86, 0xdc, 0xff, 0x29, 0x86, 0xdc, 0xff, 0x29, 0x86, 0xdc, 0xff, 0x29, 0x86, 0xdc, 0xff,
    0x29, 0x86, 0xdc, 0xff, 0x29, 0x86, 0xdc, 0xff, 0x2a, 0x86, 0xdc, 0xff, 0x7d, 0xb6, 0xea, 0xff,
    0xd6, 0xe8, 0xf9, 0xff, 0xf3, 0xf8, 0xfd, 0xff, 0x9a, 0xc6, 0xef, 0xff, 0x29, 0x86, 0xdc, 0xff,
    0x29, 0x86, 0xdc, 0xff, 0x29, 0x86, 0xdc, 0xff, 0x29, 0x86, 0xdc, 0xff, 0x29, 0x86, 0xdc, 0xff,
    0x6d, 0xad, 0xe8, 0xff, 0xff, 0xff, 0xff, 0xff, 0xff, 0xff, 0xff, 0xff, 0xff, 0xff, 0xff, 0xff,
    0xff, 0xff, 0xff, 0xff, 0xff, 0xff, 0xff, 0xff, 0xff, 0xff, 0xff, 0xff, 0xff, 0xff, 0xff, 0xff,
    0xff, 0xff, 0xff, 0xff, 0x2a, 0x86, 0xdc, 0xff, 0x29, 0x86, 0xdc, 0xff, 0x29, 0x86, 0xdc, 0xff,
    0x29, 0x86, 0xdc, 0xff, 0x29, 0x86, 0xdc, 0xff, 0x28, 0x83, 0xd7, 0xff, 0x29, 0x83, 0xd8, 0xff,
    0x29, 0x84, 0xd9, 0xff, 0x29, 0x84, 0xd9, 0xff, 0x29, 0x85, 0xda, 0xff, 0x2a, 0x85, 0xdb, 0xff,
    0x2a, 0x85, 0xda, 0xff, 0x2a, 0x86, 0xdb, 0xff, 0x2a, 0x86, 0xdb, 0xff, 0x2a, 0x86, 0xdb, 0xff,
    0x29, 0x86, 0xdc, 0xff, 0x29, 0x86, 0xdc, 0xff, 0x29, 0x86, 0xdc, 0xff, 0x2a, 0x88, 0xdd, 0x1e,
    0x00, 0x00, 0x00, 0x00, 0x00, 0x00, 0x00, 0x00, 0x00, 0x00, 0x00, 0x00, 0x00, 0x00, 0x00, 0x00,
    0x28, 0x87, 0xdd, 0x59, 0x29, 0x86, 0xdc, 0xff, 0x29, 0x86, 0xdc, 0xff, 0x29, 0x86, 0xdc, 0xff,
    0x29, 0x86, 0xdc, 0xff, 0x29, 0x86, 0xdc, 0xff, 0x29, 0x86, 0xdc, 0xff, 0x29, 0x86, 0xdc, 0xff,
    0x29, 0x86, 0xdc, 0xff, 0x29, 0x86, 0xdc, 0xff, 0x29, 0x86, 0xdc, 0xff, 0x2a, 0x86, 0xdc, 0xff,
    0x2a, 0x86, 0xdc, 0xff, 0x29, 0x86, 0xdc, 0xff, 0x29, 0x86, 0xdc, 0xff, 0x29, 0x86, 0xdc, 0xff,
    0x29, 0x86, 0xdc, 0xff, 0x29, 0x86, 0xdc, 0xff, 0x29, 0x86, 0xdc, 0xff, 0x29, 0x86, 0xdc, 0xff,
    0x29, 0x86, 0xdc, 0xff, 0x29, 0x86, 0xdc, 0xff, 0x29, 0x86, 0xdc, 0xff, 0x29, 0x86, 0xdc, 0xff,
    0x29, 0x86, 0xdc, 0xff, 0x29, 0x86, 0xdc, 0xff, 0x2a, 0x86, 0xdc, 0xff, 0x7d, 0xb6, 0xea, 0xff,
    0xe6, 0xf1, 0xfb, 0xff, 0xff, 0xff, 0xff, 0xff, 0xff, 0xff, 0xff, 0xff, 0xff, 0xff, 0xff, 0xff,
    0xff, 0xff, 0xff, 0xff, 0xd6, 0xe8, 0xf9, 0xff, 0x5b, 0xa2, 0xe5, 0xff, 0x29, 0x86, 0xdc, 0xff,
    0x29, 0x86, 0xdc, 0xff, 0x29, 0x86, 0xdc, 0xff, 0x3f, 0x93, 0xe0, 0xff, 0xff, 0xff, 0xff, 0xff,
    0xff, 0xff, 0xff, 0xff, 0xff, 0xff, 0xff, 0xff, 0xff, 0xff, 0xff, 0xff, 0xff, 0xff, 0xff, 0xff,
    0xff, 0xff, 0xff, 0xff, 0xff, 0xff, 0xff, 0xff, 0xe6, 0xf1, 0xfb, 0xff, 0x29, 0x86, 0xdc, 0xff,
    0x29, 0x86, 0xdc, 0xff, 0x29, 0x86, 0xdc, 0xff, 0x29, 0x86, 0xdc, 0xff, 0x29, 0x86, 0xdc, 0xff,
    0x28, 0x82, 0xd6, 0xff, 0x28, 0x83, 0xd7, 0xff, 0x29, 0x83, 0xd8, 0xff, 0x29, 0x84, 0xd9, 0xff,
    0x29, 0x84, 0xd9, 0xff, 0x2a, 0x85, 0xda, 0xff, 0x2a, 0x85, 0xdb, 0xff, 0x2a, 0x86, 0xdb, 0xff,
    0x2a, 0x86, 0xdc, 0xff, 0x2a, 0x86, 0xdb, 0xff, 0x2a, 0x86, 0xdb, 0xff, 0x29, 0x86, 0xdc, 0xff,
    0x29, 0x86, 0xdc, 0xff, 0x2a, 0x88, 0xdd, 0x1e, 0x00, 0x00, 0x00, 0x00, 0x00, 0x00, 0x00, 0x00,
    0x00, 0x00, 0x00, 0x00, 0x00, 0x00, 0x00, 0x00, 0x28, 0x87, 0xdd, 0x59, 0x29, 0x86, 0xdc, 0xff,
    0x29, 0x86, 0xdc, 0xff, 0x29, 0x86, 0xdc, 0xff, 0x29, 0x86, 0xdc, 0xff, 0x29, 0x86, 0xdc, 0xff,
    0x29, 0x86, 0xdc, 0xff, 0x29, 0x86, 0xdc, 0xff, 0x29, 0x86, 0xdc, 0xff, 0x29, 0x86, 0xdc, 0xff,
    0x29, 0x86, 0xdc, 0xff, 0x29, 0x86, 0xdc, 0xff, 0x2a, 0x85, 0xdb, 0xff, 0x29, 0x85, 0xdb, 0xff,
    0x29, 0x86, 0xdc, 0xff, 0x29, 0x86, 0xdc, 0xff, 0x29, 0x86, 0xdc, 0xff, 0x29, 0x86, 0xdc, 0xff,
    0x29, 0x86, 0xdc, 0xff, 0x29, 0x86, 0xdc, 0xff, 0x29, 0x86, 0xdc, 0xff, 0x29, 0x86, 0xdc, 0xff,
    0x29, 0x86, 0xdc, 0xff, 0x29, 0x86, 0xdc, 0xff, 0x37, 0x8e, 0xdf, 0xff, 0x8d, 0xbf, 0xed, 0xff,
    0xf3, 0xf8, 0xfd, 0xff, 0xff, 0xff, 0xff, 0xff, 0xff, 0xff, 0xff, 0xff, 0xff, 0xff, 0xff, 0xff,
    0xff, 0xff, 0xff, 0xff, 0xff, 0xff, 0xff, 0xff, 0xff, 0xff, 0xff, 0xff, 0xff, 0xff, 0xff, 0xff,
    0xff, 0xff, 0xff, 0xff, 0xa3, 0xcc, 0xf1, 0xff, 0x2a, 0x86, 0xdc, 0xff, 0x29, 0x86, 0xdc, 0xff,
    0x29, 0x86, 0xdc, 0xff, 0xeb, 0xf4, 0xfc, 0xff, 0xff, 0xff, 0xff, 0xff, 0xff, 0xff, 0xff, 0xff,
    0xff, 0xff, 0xff, 0xff, 0xff, 0xff, 0xff, 0xff, 0xff, 0xff, 0xff, 0xff, 0xff, 0xff, 0xff, 0xff,
    0x6d, 0xad, 0xe8, 0xff, 0x29, 0x86, 0xdc, 0xff, 0x29, 0x86, 0xdc, 0xff, 0x29, 0x86, 0xdc, 0xff,
    0x29, 0x86, 0xdc, 0xff, 0x29, 0x86, 0xdc, 0xff, 0x28, 0x82, 0xd6, 0xff, 0x28, 0x83, 0xd7, 0xff,
    0x28, 0x83, 0xd7, 0xff, 0x29, 0x83, 0xd8, 0xff, 0x29, 0x84, 0xd9, 0xff, 0x29, 0x84, 0xd9, 0xff,
    0x29, 0x85, 0xda, 0xff, 0x2a, 0x85, 0xda, 0xff, 0x2a, 0x86, 0xdb, 0xff, 0x2a, 0x86, 0xdb, 0xff,
    0x2a, 0x85, 0xdb, 0xff, 0x29, 0x86, 0xdc, 0xff, 0x29, 0x86, 0xdc, 0xff, 0x2a, 0x88, 0xdd, 0x1e,
    0x00, 0x00, 0x00, 0x00, 0x00, 0x00, 0x00, 0x00, 0x00, 0x00, 0x00, 0x00, 0x00, 0x00, 0x00, 0x00,
    0x28, 0x87, 0xdd, 0x59, 0x29, 0x86, 0xdc, 0xff, 0x29, 0x86, 0xdc, 0xff, 0x29, 0x86, 0xdc, 0xff,
    0x29, 0x86, 0xdc, 0xff, 0x29, 0x86, 0xdc, 0xff, 0x29, 0x86, 0xdc, 0xff, 0x29, 0x86, 0xdc, 0xff,
    0x29, 0x86, 0xdc, 0xff, 0x29, 0x86, 0xdc, 0xff, 0x29, 0x86, 0xdc, 0xff, 0x2a, 0x86, 0xdc, 0xff,
    0x2a, 0x86, 0xdb, 0xff, 0x29, 0x86, 0xdc, 0xff, 0x29, 0x86, 0xdc, 0xff, 0x29, 0x86, 0xdc, 0xff,
    0x29, 0x86, 0xdc, 0xff, 0x29, 0x86, 0xdc, 0xff, 0x29, 0x86, 0xdc, 0xff, 0x29, 0x86, 0xdc, 0xff,
    0x29, 0x86, 0xdc, 0xff, 0x29, 0x86, 0xdc, 0xff, 0x30, 0x8a, 0xdd, 0xff, 0x9a, 0xc6, 0xef, 0xff,
    0xf9, 0xfb, 0xfe, 0xff, 0xff, 0xff, 0xff, 0xff, 0xff, 0xff, 0xff, 0xff, 0xff, 0xff, 0xff, 0xff,
    0xff, 0xff, 0xff, 0xff, 0xff, 0xff, 0xff, 0xff, 0xff, 0xff, 0xff, 0xff, 0xff, 0xff, 0xff, 0xff,
    0xff, 0xff, 0xff, 0xff, 0xff, 0xff, 0xff, 0xff, 0xff, 0xff, 0xff, 0xff, 0xff, 0xff, 0xff, 0xff,
    0xf3, 0xf8, 0xfd, 0xff, 0x67, 0xaa, 0xe7, 0xff, 0x2a, 0x86, 0xdc, 0xff, 0x4b, 0x9a, 0xe2, 0xff,
    0xeb, 0xf4, 0xfc, 0xff, 0xff, 0xff, 0xff, 0xff, 0xff, 0xff, 0xff, 0xff, 0xff, 0xff, 0xff, 0xff,
    0xff, 0xff, 0xff, 0xff, 0xa3, 0xcc, 0xf1, 0xff, 0x2a, 0x86, 0xdc, 0xff, 0x29, 0x86, 0xdc, 0xff,
    0x4b, 0x9a, 0xe2, 0xff, 0x8d, 0xbf, 0xed, 0xff, 0x67, 0xaa, 0xe7, 0xff, 0x29, 0x86, 0xdc, 0xff,
    0x28, 0x81, 0xd4, 0xff, 0x28, 0x82, 0xd6, 0xff, 0x28, 0x83, 0xd7, 0xff, 0x29, 0x83, 0xd8, 0xff,
    0x29, 0x84, 0xd9, 0xff, 0x29, 0x85, 0xda, 0xff, 0x2a, 0x85, 0xda, 0xff, 0x29, 0x85, 0xda, 0xff,
    0x2a, 0x85, 0xda, 0xff, 0x2a, 0x86, 0xdb, 0xff, 0x2a, 0x86, 0xdb, 0xff, 0x2a, 0x86, 0xdb, 0xff,
    0x29, 0x86, 0xdc, 0xff, 0x2a, 0x88, 0xdd, 0x1e, 0x00, 0x00, 0x00, 0x00, 0x00, 0x00, 0x00, 0x00,
    0x00, 0x00, 0x00, 0x00, 0x00, 0x00, 0x00, 0x00, 0x28, 0x87, 0xdd, 0x59, 0x29, 0x86, 0xdc, 0xff,
    0x29, 0x86, 0xdc, 0xff, 0x29, 0x86, 0xdc, 0xff, 0x29, 0x86, 0xdc, 0xff, 0x29, 0x86, 0xdc, 0xff,
    0x29, 0x86, 0xdc, 0xff, 0x29, 0x86, 0xdc, 0xff, 0x29, 0x86, 0xdc, 0xff, 0x29, 0x86, 0xdc, 0xff,
    0x29, 0x86, 0xdc, 0xff, 0x2a, 0x86, 0xdb, 0xff, 0x29, 0x85, 0xdb, 0xff, 0x29, 0x86, 0xdc, 0xff,
    0x29, 0x86, 0xdc, 0xff, 0x29, 0x86, 0xdc, 0xff, 0x29, 0x86, 0xdc, 0xff, 0x29, 0x86, 0xdc, 0xff,
    0x29, 0x86, 0xdc, 0xff, 0x29, 0x86, 0xdc, 0xff, 0x29, 0x86, 0xdc, 0xff, 0x2a, 0x86, 0xdc, 0xff,
    0xd6, 0xe8, 0xf9, 0xff, 0xff, 0xff, 0xff, 0xff, 0xff, 0xff, 0xff, 0xff, 0xff, 0xff, 0xff, 0xff,
    0xff, 0xff, 0xff, 0xff, 0xff, 0xff, 0xff, 0xff, 0xff, 0xff, 0xff, 0xff, 0xff, 0xff, 0xff, 0xff,
    0xf9, 0xfb, 0xfe, 0xff, 0xf3, 0xf8, 0xfd, 0xff, 0xff, 0xff, 0xff, 0xff, 0xff, 0xff, 0xff, 0xff,
    0xff, 0xff, 0xff, 0xff, 0xff, 0xff, 0xff, 0xff, 0xff, 0xff, 0xff, 0xff, 0xff, 0xff, 0xff, 0xff,
    0xc0, 0xdb, 0xf5, 0xff, 0x37, 0x8e, 0xdf, 0xff, 0x37, 0x8e, 0xdf, 0xff, 0x83, 0xb9, 0xeb, 0xff,
    0xb0, 0xd2, 0xf3, 0xff, 0xa3, 0xcc, 0xf1, 0xff, 0x62, 0xa7, 0xe6, 0xff, 0x29, 0x86, 0xdc, 0xff,
    0x29, 0x86, 0xdc, 0xff, 0x37, 0x8e, 0xdf, 0xff, 0xf3, 0xf8, 0xfd, 0xff, 0xff, 0xff, 0xff, 0xff,
    0xff, 0xff, 0xff, 0xff, 0x6d, 0xad, 0xe8, 0xff, 0x28, 0x81, 0xd4, 0xff, 0x28, 0x82, 0xd6, 0xff,
    0x28, 0x82, 0xd6, 0xff, 0x28, 0x83, 0xd7, 0xff, 0x29, 0x83, 0xd8, 0xff, 0x29, 0x84, 0xd9, 0xff,
    0x2a, 0x85, 0xda, 0xff, 0x2a, 0x85, 0xda, 0xff, 0x2a, 0x85, 0xda, 0xff, 0x2a, 0x86, 0xdb, 0xff,
    0x2a, 0x85, 0xdb, 0xff, 0x2a, 0x86, 0xdc, 0xff, 0x2a, 0x86, 0xdc, 0xff, 0x2a, 0x88, 0xdd, 0x1e,
    0x00, 0x00, 0x00, 0x00, 0x00, 0x00, 0x00, 0x00, 0x00, 0x00, 0x00, 0x00, 0x00, 0x00, 0x00, 0x00,
    0x28, 0x87, 0xdd, 0x59, 0x29, 0x86, 0xdc, 0xff, 0x29, 0x86, 0xdc, 0xff, 0x29, 0x86, 0xdc, 0xff,
    0x29, 0x86, 0xdc, 0xff, 0x29, 0x86, 0xdc, 0xff, 0x29, 0x86, 0xdc, 0xff, 0x29, 0x86, 0xdc, 0xff,
    0x29, 0x86, 0xdc, 0xff, 0x29, 0x86, 0xdc, 0xff, 0x2a, 0x86, 0xdc, 0xff, 0x2a, 0x86, 0xdb, 0xff,
    0x2a, 0x86, 0xdb, 0xff, 0x29, 0x85, 0xdb, 0xff, 0x29, 0x86, 0xdc, 0xff, 0x29, 0x86, 0xdc, 0xff,
    0x29, 0x86, 0xdc, 0xff, 0x29, 0x86, 0xdc, 0xff, 0x29, 0x86, 0xdc, 0xff, 0x29, 0x86, 0xdc, 0xff,
    0x29, 0x86, 0xdc, 0xff, 0x37, 0x8e, 0xdf, 0xff, 0xff, 0xff, 0xff, 0xff, 0xff, 0xff, 0xff, 0xff,
    0xff, 0xff, 0xff, 0xff, 0xff, 0xff, 0xff, 0xff, 0xff, 0xff, 0xff, 0xff, 0xff, 0xff, 0xff, 0xff,
    0xe2, 0xee, 0xfa, 0xff, 0x8d, 0xbf, 0xed, 0xff, 0x30, 0x8a, 0xdd, 0xff, 0x37, 0x8e, 0xdf, 0xff,
    0xbd, 0xd9, 0xf4, 0xff, 0xff, 0xff, 0xff, 0xff, 0xff, 0xff, 0xff, 0xff, 0xff, 0xff, 0xff, 0xff,
    0xff, 0xff, 0xff, 0xff, 0xff, 0xff, 0xff, 0xff, 0xff, 0xff, 0xff, 0xff, 0xf3, 0xf8, 0xfd, 0xff,
    0x83, 0xb9, 0xeb, 0xff, 0x2a, 0x86, 0xdc, 0xff, 0x29, 0x86, 0xdc, 0xff, 0x29, 0x86, 0xdc, 0xff,
    0x29, 0x86, 0xdc, 0xff, 0x29, 0x86, 0xdc, 0xff, 0x29, 0x86, 0xdc, 0xff, 0x62, 0xa7, 0xe6, 0xff,
    0xff, 0xff, 0xff, 0xff, 0xff, 0xff, 0xff, 0xff, 0xff, 0xff, 0xff, 0xff, 0xb0, 0xd2, 0xf3, 0xff,
    0x28, 0x81, 0xd4, 0xff, 0x28, 0x81, 0xd4, 0xff, 0x28, 0x82, 0xd6, 0xff, 0x28, 0x83, 0xd7, 0xff,
    0x29, 0x83, 0xd8, 0xff, 0x29, 0x84, 0xd9, 0xff, 0x2a, 0x85, 0xda, 0xff, 0x2a, 0x85, 0xda, 0xff,
    0x2a, 0x85, 0xda, 0xff, 0x2a, 0x86, 0xdb, 0xff, 0x2a, 0x85, 0xdb, 0xff, 0x2a, 0x85, 0xdb, 0xff,
    0x2a, 0x86, 0xdc, 0xff, 0x2a, 0x88, 0xdd, 0x1e, 0x00, 0x00, 0x00, 0x00, 0x00, 0x00, 0x00, 0x00,
    0x00, 0x00, 0x00, 0x00, 0x00, 0x00, 0x00, 0x00, 0x28, 0x87, 0xdd, 0x59, 0x29, 0x86, 0xdc, 0xff,
    0x29, 0x86, 0xdc, 0xff, 0x29, 0x86, 0xdc, 0xff, 0x29, 0x86, 0xdc, 0xff, 0x29, 0x86, 0xdc, 0xff,
    0x29, 0x86, 0xdc, 0xff, 0x29, 0x86, 0xdc, 0xff, 0x29, 0x86, 0xdc, 0xff, 0x29, 0x86, 0xdc, 0xff,
    0x2a, 0x86, 0xdc, 0xff, 0x2a, 0x86, 0xdc, 0xff, 0x29, 0x85, 0xdb, 0xff, 0x2a, 0x85, 0xdb, 0xff,
    0x29, 0x86, 0xdc, 0xff, 0x29, 0x86, 0xdc, 0xff, 0x29, 0x86, 0xdc, 0xff, 0x29, 0x86, 0xdc, 0xff,
    0x29, 0x86, 0xdc, 0xff, 0x29, 0x86, 0xdc, 0xff, 0x29, 0x86, 0xdc, 0xff, 0x2a, 0x86, 0xdc, 0xff,
    0xd6, 0xe8, 0xf9, 0xff, 0xff, 0xff, 0xff, 0xff, 0xff, 0xff, 0xff, 0xff, 0xff, 0xff, 0xff, 0xff,
    0xc0, 0xdb, 0xf5, 0xff, 0x60, 0xa6, 0xe6, 0xff, 0x29, 0x86, 0xdc, 0xff, 0x29, 0x86, 0xdc, 0xff,
    0x29, 0x86, 0xdc, 0xff, 0x29, 0x86, 0xdc, 0xff, 0x29, 0x86, 0xdc, 0xff, 0x6d, 0xad, 0xe8, 0xff,
    0xf3, 0xf8, 0xfd, 0xff, 0xff, 0xff, 0xff, 0xff, 0xff, 0xff, 0xff, 0xff, 0xff, 0xff, 0xff, 0xff,
    0xff, 0xff, 0xff, 0xff, 0xff, 0xff, 0xff, 0xff, 0xff, 0xff, 0xff, 0xff, 0x3f, 0x93, 0xe0, 0xff,
    0x29, 0x86, 0xdc, 0xff, 0x29, 0x86, 0xdc, 0xff, 0x29, 0x86, 0xdc, 0xff, 0x29, 0x86, 0xdc, 0xff,
    0x29, 0x86, 0xdc, 0xff, 0x67, 0xaa, 0xe7, 0xff, 0xff, 0xff, 0xff, 0xff, 0xff, 0xff, 0xff, 0xff,
    0xff, 0xff, 0xff, 0xff, 0xb0, 0xd2, 0xf3, 0xff, 0x28, 0x81, 0xd4, 0xff, 0x28, 0x81, 0xd4, 0xff,
    0x28, 0x82, 0xd6, 0xff, 0x28, 0x83, 0xd7, 0xff, 0x29, 0x83, 0xd8, 0xff, 0x29, 0x84, 0xd9, 0xff,
    0x29, 0x84, 0xd9, 0xff, 0x29, 0x84, 0xd9, 0xff, 0x2a, 0x85, 0xda, 0xff, 0x2a, 0x85, 0xda, 0xff,
    0x2a, 0x86, 0xdb, 0xff, 0x29, 0x85, 0xdb, 0xff, 0x29, 0x86, 0xdc, 0xff, 0x2a, 0x88, 0xdd, 0x1e,
    0x00, 0x00, 0x00, 0x00, 0x00, 0x00, 0x00, 0x00, 0x00, 0x00, 0x00, 0x00, 0x00, 0x00, 0x00, 0x00,
    0x28, 0x87, 0xdd, 0x59, 0x29, 0x86, 0xdc, 0xff, 0x29, 0x86, 0xdc, 0xff, 0x29, 0x86, 0xdc, 0xff,
    0x29, 0x86, 0xdc, 0xff, 0x29, 0x86, 0xdc, 0xff, 0x29, 0x86, 0xdc, 0xff, 0x29, 0x86, 0xdc, 0xff,
    0x29, 0x86, 0xdc, 0xff, 0x29, 0x86, 0xdc, 0xff, 0x29, 0x85, 0xdb, 0xff, 0x2a, 0x86, 0xdc, 0xff,
    0x2a, 0x86, 0xdb, 0xff, 0x29, 0x85, 0xdb, 0xff, 0x29, 0x86, 0xdc, 0xff, 0x29, 0x86, 0xdc, 0xff,
    0x29, 0x86, 0xdc, 0xff, 0x29, 0x86, 0xdc, 0xff, 0x29, 0x86, 0xdc, 0xff, 0x29, 0x86, 0xdc, 0xff,
    0x29, 0x86, 0xdc, 0xff, 0x29, 0x86, 0xdc, 0xff, 0x30, 0x8a, 0xdd, 0xff, 0x83, 0xb9, 0xeb, 0xff,
    0x83, 0xb9, 0xeb, 0xff, 0x3f, 0x93, 0xe0, 0xff, 0x29, 0x86, 0xdc, 0xff, 0x29, 0x86, 0xdc, 0xff,
    0x29, 0x86, 0xdc, 0xff, 0x29, 0x86, 0xdc, 0xff, 0x29, 0x86, 0xdc, 0xff, 0x29, 0x86, 0xdc, 0xff,
    0x29, 0x86, 0xdc, 0xff, 0x29, 0x86, 0xdc, 0xff, 0x5b, 0xa2, 0xe5, 0xff, 0xff, 0xff, 0xff, 0xff,
    0xff, 0xff, 0xff, 0xff, 0xff, 0xff, 0xff, 0xff, 0xff, 0xff, 0xff, 0xff, 0xff, 0xff, 0xff, 0xff,
    0xff, 0xff, 0xff, 0xff, 0x37, 0x8e, 0xdf, 0xff, 0x29, 0x86, 0xdc, 0xff, 0x29, 0x86, 0xdc, 0xff,
    0x29, 0x86, 0xdc, 0xff, 0x29, 0x86, 0xdc, 0xff, 0x29, 0x86, 0xdc, 0xff, 0x67, 0xaa, 0xe7, 0xff,
    0xff, 0xff, 0xff, 0xff, 0xff, 0xff, 0xff, 0xff, 0xff, 0xff, 0xff, 0xff, 0xb0, 0xd2, 0xf3, 0xff,
    0x27, 0x81, 0xd3, 0xff, 0x27, 0x81, 0xd3, 0xff, 0x28, 0x82, 0xd6, 0xff, 0x28, 0x82, 0xd6, 0xff,
    0x29, 0x83, 0xd8, 0xff, 0x29, 0x84, 0xd9, 0xff, 0x29, 0x84, 0xd9, 0xff, 0x2a, 0x85, 0xda, 0xff,
    0x2a, 0x85, 0xda, 0xff, 0x2a, 0x85, 0xdb, 0xff, 0x2a, 0x86, 0xdb, 0xff, 0x2a, 0x86, 0xdb, 0xff,
    0x2a, 0x86, 0xdc, 0xff, 0x2a, 0x88, 0xdd, 0x1e, 0x00, 0x00, 0x00, 0x00, 0x00, 0x00, 0x00, 0x00,
    0x00, 0x00, 0x00, 0x00, 0x00, 0x00, 0x00, 0x00, 0x28, 0x87, 0xdd, 0x59, 0x29, 0x86, 0xdc, 0xff,
    0x29, 0x86, 0xdc, 0xff, 0x29, 0x86, 0xdc, 0xff, 0x29, 0x86, 0xdc, 0xff, 0x29, 0x86, 0xdc, 0xff,
    0x29, 0x86, 0xdc, 0xff, 0x29, 0x86, 0xdc, 0xff, 0x29, 0x86, 0xdc, 0xff, 0x29, 0x86, 0xdc, 0xff,
    0x2a, 0x86, 0xdc, 0xff, 0x29, 0x85, 0xdb, 0xff, 0x29, 0x85, 0xdb, 0xff, 0x2a, 0x85, 0xdb, 0xff,
    0x29, 0x86, 0xdc, 0xff, 0x29, 0x86, 0xdc, 0xff, 0x29, 0x86, 0xdc, 0xff, 0x29, 0x86, 0xdc, 0xff,
    0x29, 0x86, 0xdc, 0xff, 0x29, 0x86, 0xdc, 0xff, 0x29, 0x86, 0xdc, 0xff, 0x29, 0x86, 0xdc, 0xff,
    0x29, 0x86, 0xdc, 0xff, 0x29, 0x86, 0xdc, 0xff, 0x29, 0x86, 0xdc, 0xff, 0x29, 0x86, 0xdc, 0xff,
    0x29, 0x86, 0xdc, 0xff, 0x29, 0x86, 0xdc, 0xff, 0x29, 0x86, 0xdc, 0xff, 0x29, 0x86, 0xdc, 0xff,
    0x29, 0x86, 0xdc, 0xff, 0x29, 0x86, 0xdc, 0xff, 0x29, 0x86, 0xdc, 0xff, 0x54, 0x9f, 0xe4, 0xff,
    0xff, 0xff, 0xff, 0xff, 0xff, 0xff, 0xff, 0xff, 0xff, 0xff, 0xff, 0xff, 0xff, 0xff, 0xff, 0xff,
    0xff, 0xff, 0xff, 0xff, 0xff, 0xff, 0xff, 0xff, 0x5b, 0xa2, 0xe5, 0xff, 0x5b, 0xa2, 0xe5, 0xff,
    0xe6, 0xf1, 0xfb, 0xff, 0xc0, 0xdb, 0xf5, 0xff, 0x8d, 0xbf, 0xed, 0xff, 0x5b, 0xa2, 0xe5, 0xff,
    0x2d, 0x89, 0xdd, 0xff, 0x67, 0xaa, 0xe7, 0xff, 0xff, 0xff, 0xff, 0xff, 0xff, 0xff, 0xff, 0xff,
    0xff, 0xff, 0xff, 0xff, 0xb0, 0xd2, 0xf3, 0xff, 0x27, 0x81, 0xd3, 0xff, 0x27, 0x81, 0xd3, 0xff,
    0x28, 0x81, 0xd4, 0xff, 0x28, 0x82, 0xd6, 0xff, 0x28, 0x83, 0xd7, 0xff, 0x29, 0x83, 0xd8, 0xff,
    0x29, 0x84, 0xd9, 0xff, 0x2a, 0x85, 0xda, 0xff, 0x29, 0x85, 0xda, 0xff, 0x2a, 0x85, 0xda, 0xff,
    0x29, 0x85, 0xdb, 0xff, 0x2a, 0x85, 0xdb, 0xff, 0x29, 0x86, 0xdc, 0xff, 0x2a, 0x88, 0xdd, 0x1e,
    0x00, 0x00, 0x00, 0x00, 0x00, 0x00, 0x00, 0x00, 0x00, 0x00, 0x00, 0x00, 0x00, 0x00, 0x00, 0x00,
    0x28, 0x87, 0xdd, 0x59, 0x29, 0x86, 0xdc, 0xff, 0x29, 0x86, 0xdc, 0xff, 0x29, 0x86, 0xdc, 0xff,
    0x29, 0x86, 0xdc, 0xff, 0x29, 0x86, 0xdc, 0xff, 0x29, 0x86, 0xdc, 0xff, 0x29, 0x86, 0xdc, 0xff,
    0x29, 0x86, 0xdc, 0xff, 0x29, 0x86, 0xdc, 0xff, 0x2a, 0x86, 0xdc, 0xff, 0x2a, 0x86, 0xdb, 0xff,
    0x29, 0x85, 0xdb, 0xff, 0x2a, 0x85, 0xda, 0xff, 0x29, 0x86, 0xdc, 0xff, 0x29, 0x86, 0xdc, 0xff,
    0x29, 0x86, 0xdc, 0xff, 0x29, 0x86, 0xdc, 0xff, 0x29, 0x86, 0xdc, 0xff, 0x29, 0x86, 0xdc, 0xff,
    0x29, 0x86, 0xdc, 0xff, 0x29, 0x86, 0xdc, 0xff, 0x29, 0x86, 0xdc, 0xff, 0x29, 0x86, 0xdc, 0xff,
    0x29, 0x86, 0xdc, 0xff, 0x29, 0x86, 0xdc, 0xff, 0x29, 0x86, 0xdc, 0xff, 0x29, 0x86, 0xdc, 0xff,
    0x29, 0x86, 0xdc, 0xff, 0x29, 0x86, 0xdc, 0xff, 0x29, 0x86, 0xdc, 0xff, 0x29, 0x86, 0xdc, 0xff,
    0x60, 0xa6, 0xe6, 0xff, 0xff, 0xff, 0xff, 0xff, 0xff, 0xff, 0xff, 0xff, 0xff, 0xff, 0xff, 0xff,
    0xff, 0xff, 0xff, 0xff, 0xff, 0xff, 0xff, 0xff, 0xff, 0xff, 0xff, 0xff, 0x67, 0xaa, 0xe7, 0xff,
    0x5b, 0xa2, 0xe5, 0xff, 0xf9, 0xfb, 0xfe, 0xff, 0xff, 0xff, 0xff, 0xff, 0xff, 0xff, 0xff, 0xff,
    0xff, 0xff, 0xff, 0xff, 0xff, 0xff, 0xff, 0xff, 0xff, 0xff, 0xff, 0xff, 0xe6, 0xf1, 0xfb, 0xff,
    0xff, 0xff, 0xff, 0xff, 0xff, 0xff, 0xff, 0xff, 0xff, 0xff, 0xff, 0xff, 0xb0, 0xd2, 0xf3, 0xff,
    0x27, 0x81, 0xd3, 0xff, 0x27, 0x81, 0xd3, 0xff, 0x28, 0x81, 0xd4, 0xff, 0x28, 0x82, 0xd6, 0xff,
    0x28, 0x83, 0xd7, 0xff, 0x29, 0x83, 0xd8, 0xff, 0x29, 0x84, 0xd9, 0xff, 0x29, 0x85, 0xda, 0xff,
    0x2a, 0x85, 0xda, 0xff, 0x2a, 0x85, 0xda, 0xff, 0x2a, 0x85, 0xdb, 0xff, 0x29, 0x85, 0xdb, 0xff,
    0x29, 0x86, 0xdc, 0xff, 0x2a, 0x88, 0xdd, 0x1e, 0x00, 0x00, 0x00, 0x00, 0x00, 0x00, 0x00, 0x00,
    0x00, 0x00, 0x00, 0x00, 0x00, 0x00, 0x00, 0x00, 0x28, 0x87, 0xdd, 0x59, 0x29, 0x86, 0xdc, 0xff,
    0x29, 0x86, 0xdc, 0xff, 0x29, 0x86, 0xdc, 0xff, 0x29, 0x86, 0xdc, 0xff, 0x29, 0x86, 0xdc, 0xff,
    0x29, 0x86, 0xdc, 0xff, 0x29, 0x86, 0xdc, 0xff, 0x29, 0x86, 0xdc, 0xff, 0x29, 0x86, 0xdc, 0xff,
    0x29, 0x86, 0xdc, 0xff, 0x2a, 0x86, 0xdb, 0xff, 0x2a, 0x86, 0xdb, 0xff, 0x2a, 0x85, 0xda, 0xff,
    0x29, 0x86, 0xdc, 0xff, 0x29, 0x86, 0xdc, 0xff, 0x29, 0x86, 0xdc, 0xff, 0x29, 0x86, 0xdc, 0xff,
    0x29, 0x86, 0xdc, 0xff, 0x29, 0x86, 0xdc, 0xff, 0x29, 0x86, 0xdc, 0xff, 0x29, 0x86, 0xdc, 0xff,
    0x29, 0x86, 0xdc, 0xff, 0x29, 0x86, 0xdc, 0xff, 0x29, 0x86, 0xdc, 0xff, 0x29, 0x86, 0xdc, 0xff,
    0x29, 0x86, 0xdc, 0xff, 0x29, 0x86, 0xdc, 0xff, 0x29, 0x86, 0xdc, 0xff, 0x29, 0x86, 0xdc, 0xff,
    0x29, 0x86, 0xdc, 0xff, 0x60, 0xa6, 0xe6, 0xff, 0xff, 0xff, 0xff, 0xff, 0xff, 0xff, 0xff, 0xff,
    0xff, 0xff, 0xff, 0xff, 0xff, 0xff, 0xff, 0xff, 0xff, 0xff, 0xff, 0xff, 0xff, 0xff, 0xff, 0xff,
    0x60, 0xa6, 0xe6, 0xff, 0x5b, 0xa2, 0xe5, 0xff, 0xf9, 0xfb, 0xfe, 0xff, 0xff, 0xff, 0xff, 0xff,
    0xff, 0xff, 0xff, 0xff, 0xff, 0xff, 0xff, 0xff, 0xff, 0xff, 0xff, 0xff, 0xff, 0xff, 0xff, 0xff,
    0xff, 0xff, 0xff, 0xff, 0xff, 0xff, 0xff, 0xff, 0xff, 0xff, 0xff, 0xff, 0xff, 0xff, 0xff, 0xff,
    0xff, 0xff, 0xff, 0xff, 0xb0, 0xd2, 0xf3, 0xff, 0x27, 0x81, 0xd3, 0xff, 0x27, 0x81, 0xd3, 0xff,
    0x28, 0x81, 0xd4, 0xff, 0x28, 0x82, 0xd6, 0xff, 0x28, 0x83, 0xd7, 0xff, 0x29, 0x83, 0xd8, 0xff,
    0x29, 0x84, 0xd9, 0xff, 0x2a, 0x85, 0xda, 0xff, 0x2a, 0x85, 0xda, 0xff, 0x2a, 0x85, 0xda, 0xff,
    0x2a, 0x85, 0xdb, 0xff, 0x2a, 0x85, 0xdb, 0xff, 0x2a, 0x86, 0xdc, 0xff, 0x2a, 0x88, 0xdd, 0x1e,
    0x00, 0x00, 0x00, 0x00, 0x00, 0x00, 0x00, 0x00, 0x00, 0x00, 0x00, 0x00, 0x00, 0x00, 0x00, 0x00,
    0x28, 0x87, 0xdd, 0x59, 0x29, 0x86, 0xdc, 0xff, 0x29, 0x86, 0xdc, 0xff, 0x29, 0x86, 0xdc, 0xff,
    0x29, 0x86, 0xdc, 0xff, 0x29, 0x86, 0xdc, 0xff, 0x29, 0x86, 0xdc, 0xff, 0x29, 0x86, 0xdc, 0xff,
    0x29, 0x86, 0xdc, 0xff, 0x29, 0x86, 0xdc, 0xff, 0x2a, 0x86, 0xdc, 0xff, 0x29, 0x85, 0xdb, 0xff,
    0x2a, 0x86, 0xdb, 0xff, 0x29, 0x85, 0xda, 0xff, 0x29, 0x86, 0xdc, 0xff, 0x29, 0x86, 0xdc, 0xff,
    0x29, 0x86, 0xdc, 0xff, 0x29, 0x86, 0xdc, 0xff, 0x29, 0x86, 0xdc, 0xff, 0x29, 0x86, 0xdc, 0xff,
    0x29, 0x86, 0xdc, 0xff, 0x29, 0x86, 0xdc, 0xff, 0x29, 0x86, 0xdc, 0xff, 0x29, 0x86, 0xdc, 0xff,
    0x29, 0x86, 0xdc, 0xff, 0x29, 0x86, 0xdc, 0xff, 0x29, 0x86, 0xdc, 0xff, 0x29, 0x86, 0xdc, 0xff,
    0x29, 0x86, 0xdc, 0xff, 0x29, 0x86, 0xdc, 0xff, 0x62, 0xa7, 0xe6, 0xff, 0xff, 0xff, 0xff, 0xff,
    0xff, 0xff, 0xff, 0xff, 0xff, 0xff, 0xff, 0xff, 0xff, 0xff, 0xff, 0xff, 0xff, 0xff, 0xff, 0xff,
    0xf9, 0xfb, 0xfe, 0xff, 0x5b, 0xa2, 0xe5, 0xff, 0x29, 0x86, 0xdc, 0xff, 0xbd, 0xd9, 0xf4, 0xff,
    0xe2, 0xee, 0xfa, 0xff, 0xff, 0xff, 0xff, 0xff, 0xff, 0xff, 0xff, 0xff, 0xff, 0xff, 0xff, 0xff,
    0xff, 0xff, 0xff, 0xff, 0xff, 0xff, 0xff, 0xff, 0xff, 0xff, 0xff, 0xff, 0xff, 0xff, 0xff, 0xff,
    0xff, 0xff, 0xff, 0xff, 0xff, 0xff, 0xff, 0xff, 0xff, 0xff, 0xff, 0xff, 0xb0, 0xd2, 0xf3, 0xff,
    0x27, 0x81, 0xd3, 0xff, 0x27, 0x81, 0xd3, 0xff, 0x28, 0x81, 0xd4, 0xff, 0x28, 0x82, 0xd6, 0xff,
    0x28, 0x82, 0xd6, 0xff, 0x28, 0x83, 0xd7, 0xff, 0x29, 0x84, 0xd9, 0xff, 0x29, 0x84, 0xd9, 0xff,
    0x2a, 0x85, 0xda, 0xff, 0x29, 0x85, 0xda, 0xff, 0x2a, 0x86, 0xdb, 0xff, 0x2a, 0x85, 0xdb, 0xff,
    0x29, 0x85, 0xdb, 0xff, 0x2a, 0x88, 0xdd, 0x1e, 0x00, 0x00, 0x00, 0x00, 0x00, 0x00, 0x00, 0x00,
    0x00, 0x00, 0x00, 0x00, 0x00, 0x00, 0x00, 0x00, 0x28, 0x87, 0xdd, 0x59, 0x29, 0x86, 0xdc, 0xff,
    0x29, 0x86, 0xdc, 0xff, 0x29, 0x86, 0xdc, 0xff, 0x29, 0x86, 0xdc, 0xff, 0x29, 0x86, 0xdc, 0xff,
    0x29, 0x86, 0xdc, 0xff, 0x29, 0x86, 0xdc, 0xff, 0x29, 0x86, 0xdc, 0xff, 0x2a, 0x86, 0xdc, 0xff,
    0x2a, 0x86, 0xdc, 0xff, 0x2a, 0x86, 0xdc, 0xff, 0x2a, 0x85, 0xdb, 0xff, 0x29, 0x85, 0xdb, 0xff,
    0x29, 0x86, 0xdc, 0xff, 0x29, 0x86, 0xdc, 0xff, 0x29, 0x86, 0xdc, 0xff, 0x29, 0x86, 0xdc, 0xff,
    0x29, 0x86, 0xdc, 0xff, 0x29, 0x86, 0xdc, 0xff, 0x29, 0x86, 0xdc, 0xff, 0x29, 0x86, 0xdc, 0xff,
    0x29, 0x86, 0xdc, 0xff, 0x29, 0x86, 0xdc, 0xff, 0x29, 0x86, 0xdc, 0xff, 0x29, 0x86, 0xdc, 0xff,
    0x29, 0x86, 0xdc, 0xff, 0x29, 0x86, 0xdc, 0xff, 0x29, 0x86, 0xdc, 0xff, 0x62, 0xa7, 0xe6, 0xff,
    0xff, 0xff, 0xff, 0xff, 0xff, 0xff, 0xff, 0xff, 0xff, 0xff, 0xff, 0xff, 0xff, 0xff, 0xff, 0xff,
    0xff, 0xff, 0xff, 0xff, 0xf9, 0xfb, 0xfe, 0xff, 0x3f, 0x93, 0xe0, 0xff, 0x29, 0x86, 0xdc, 0xff,
    0x29, 0x86, 0xdc, 0xff, 0x29, 0x86, 0xdc, 0xff, 0x29, 0x86, 0xdc, 0xff, 0x37, 0x8e, 0xdf, 0xff,
    0x60, 0xa6, 0xe6, 0xff, 0x8d, 0xbf, 0xed, 0xff, 0xb0, 0xd2, 0xf3, 0xff, 0xe2, 0xee, 0xfa, 0xff,
    0xff, 0xff, 0xff, 0xff, 0xff, 0xff, 0xff, 0xff, 0xff, 0xff, 0xff, 0xff, 0xff, 0xff, 0xff, 0xff,
    0xff, 0xff, 0xff, 0xff, 0x78, 0xb3, 0xe9, 0xff, 0x27, 0x81, 0xd3, 0xff, 0x27, 0x81, 0xd3, 0xff,
    0x28, 0x81, 0xd4, 0xff, 0x28, 0x82, 0xd6, 0xff, 0x28, 0x82, 0xd6, 0xff, 0x29, 0x83, 0xd8, 0xff,
    0x29, 0x84, 0xd9, 0xff, 0x2a, 0x85, 0xda, 0xff, 0x29, 0x85, 0xda, 0xff, 0x2a, 0x85, 0xdb, 0xff,
    0x2a, 0x86, 0xdb, 0xff, 0x2a, 0x85, 0xdb, 0xff, 0x2a, 0x86, 0xdc, 0xff, 0x2a, 0x88, 0xdd, 0x1e,
    0x00, 0x00, 0x00, 0x00, 0x00, 0x00, 0x00, 0x00, 0x00, 0x00, 0x00, 0x00, 0x00, 0x00, 0x00, 0x00,
    0x28, 0x87, 0xdd, 0x59, 0x29, 0x86, 0xdc, 0xff, 0x29, 0x86, 0xdc, 0xff, 0x29, 0x86, 0xdc, 0xff,
    0x29, 0x86, 0xdc, 0xff, 0x29, 0x86, 0xdc, 0xff, 0x29, 0x86, 0xdc, 0xff, 0x29, 0x86, 0xdc, 0xff,
    0x29, 0x86, 0xdc, 0xff, 0x2a, 0x86, 0xdc, 0xff, 0x2a, 0x86, 0xdc, 0xff, 0x29, 0x85, 0xdb, 0xff,
    0x29, 0x85, 0xdb, 0xff, 0x29, 0x85, 0xdb, 0xff, 0x29, 0x86, 0xdc, 0xff, 0x29, 0x86, 0xdc, 0xff,
    0x29, 0x86, 0xdc, 0xff, 0x29, 0x86, 0xdc, 0xff, 0x29, 0x86, 0xdc, 0xff, 0x29, 0x86, 0xdc, 0xff,
    0x29, 0x86, 0xdc, 0xff, 0x29, 0x86, 0xdc, 0xff, 0x29, 0x86, 0xdc, 0xff, 0x29, 0x86, 0xdc, 0xff,
    0x29, 0x86, 0xdc, 0xff, 0x29, 0x86, 0xdc, 0xff, 0x29, 0x86, 0xdc, 0xff, 0x29, 0x86, 0xdc, 0xff,
    0x60, 0xa6, 0xe6, 0xff, 0xff, 0xff, 0xff, 0xff, 0xff, 0xff, 0xff, 0xff, 0xff, 0xff, 0xff, 0xff,
    0xff, 0xff, 0xff, 0xff, 0xff, 0xff, 0xff, 0xff, 0xf3, 0xf8, 0xfd, 0xff, 0x37, 0x8e, 0xdf, 0xff,
    0x29, 0x86, 0xdc, 0xff, 0x29, 0x86, 0xdc, 0xff, 0x29, 0x86, 0xdc, 0xff, 0x29, 0x86, 0xdc, 0xff,
    0x29, 0x86, 0xdc, 0xff, 0x29, 0x86, 0xdc, 0xff, 0x29, 0x86, 0xdc, 0xff, 0x29, 0x86, 0xdc, 0xff,
    0x29, 0x86, 0xdc, 0xff, 0x29, 0x86, 0xdc, 0xff, 0x37, 0x8e, 0xdf, 0xff, 0x60, 0xa6, 0xe6, 0xff,
    0x8d, 0xbf, 0xed, 0xff, 0xb0, 0xd2, 0xf3, 0xff, 0x83, 0xb9, 0xeb, 0xff, 0x2d, 0x89, 0xdd, 0xff,
    0x27, 0x81, 0xd3, 0xff, 0x27, 0x81, 0xd3, 0xff, 0x28, 0x81, 0xd4, 0xff, 0x28, 0x82, 0xd6, 0xff,
    0x28, 0x83, 0xd7, 0xff, 0x29, 0x83, 0xd8, 0xff, 0x29, 0x84, 0xd9, 0xff, 0x29, 0x84, 0xd9, 0xff,
    0x2a, 0x85, 0xda, 0xff, 0x2a, 0x85, 0xda, 0xff, 0x2a, 0x85, 0xdb, 0xff, 0x2a, 0x86, 0xdb, 0xff,
    0x29, 0x86, 0xdc, 0xff, 0x2a, 0x88, 0xdd, 0x1e, 0x00, 0x00, 0x00, 0x00, 0x00, 0x00, 0x00, 0x00,
    0x00, 0x00, 0x00, 0x00, 0x00, 0x00, 0x00, 0x00, 0x28, 0x87, 0xdd, 0x59, 0x29, 0x86, 0xdc, 0xff,
    0x29, 0x86, 0xdc, 0xff, 0x29, 0x86, 0xdc, 0xff, 0x29, 0x86, 0xdc, 0xff, 0x29, 0x86, 0xdc, 0xff,
    0x29, 0x86, 0xdc, 0xff, 0x29, 0x86, 0xdc, 0xff, 0x29, 0x86, 0xdc, 0xff, 0x2a, 0x86, 0xdc, 0xff,
    0x2a, 0x86, 0xdc, 0xff, 0x2a, 0x85, 0xdb, 0xff, 0x29, 0x85, 0xda, 0xff, 0x29, 0x85, 0xdb, 0xff,
    0x29, 0x86, 0xdc, 0xff, 0x29, 0x86, 0xdc, 0xff, 0x29, 0x86, 0xdc, 0xff, 0x29, 0x86, 0xdc, 0xff,
    0x29, 0x86, 0xdc, 0xff, 0x29, 0x86, 0xdc, 0xff, 0x29, 0x86, 0xdc, 0xff, 0x29, 0x86, 0xdc, 0xff,
    0x29, 0x86, 0xdc, 0xff, 0x29, 0x86, 0xdc, 0xff, 0x29, 0x86, 0xdc, 0xff, 0x29, 0x86, 0xdc, 0xff,
    0x29, 0x86, 0xdc, 0xff, 0x30, 0x8a, 0xdd, 0xff, 0xff, 0xff, 0xff, 0xff, 0xff, 0xff, 0xff, 0xff,
    0xff, 0xff, 0xff, 0xff, 0xff, 0xff, 0xff, 0xff, 0xff, 0xff, 0xff, 0xff, 0xff, 0xff, 0xff, 0xff,
    0x60, 0xa6, 0xe6, 0xff, 0x29, 0x86, 0xdc, 0xff, 0x29, 0x86, 0xdc, 0xff, 0x29, 0x86, 0xdc, 0xff,
    0x29, 0x86, 0xdc, 0xff, 0x29, 0x86, 0xdc, 0xff, 0x29, 0x86, 0xdc, 0xff, 0x29, 0x86, 0xdc, 0xff,
    0x29, 0x86, 0xdc, 0xff, 0x29, 0x86, 0xdc, 0xff, 0x29, 0x86, 0xdc, 0xff, 0x29, 0x86, 0xdc, 0xff,
    0x29, 0x86, 0xdc, 0xff, 0x29, 0x86, 0xdc, 0xff, 0x29, 0x86, 0xdc, 0xff, 0x29, 0x86, 0xdc, 0xff,
    0x29, 0x86, 0xdc, 0xff, 0x29, 0x86, 0xdc, 0xff, 0x27, 0x81, 0xd3, 0xff, 0x27, 0x81, 0xd3, 0xff,
    0x28, 0x81, 0xd4, 0xff, 0x28, 0x82, 0xd6, 0xff, 0x28, 0x83, 0xd7, 0xff, 0x29, 0x83, 0xd8, 0xff,
    0x29, 0x84, 0xd9, 0xff, 0x29, 0x84, 0xd9, 0xff, 0x2a, 0x85, 0xda, 0xff, 0x2a, 0x85, 0xda, 0xff,
    0x2a, 0x86, 0xdb, 0xff, 0x2a, 0x86, 0xdb, 0xff, 0x29, 0x86, 0xdc, 0xff, 0x2a, 0x88, 0xdd, 0x1e,
    0x00, 0x00, 0x00, 0x00, 0x00, 0x00, 0x00, 0x00, 0x00, 0x00, 0x00, 0x00, 0x00, 0x00, 0x00, 0x00,
    0x28, 0x87, 0xdd, 0x59, 0x29, 0x86, 0xdc, 0xff, 0x29, 0x86, 0xdc, 0xff, 0x29, 0x86, 0xdc, 0xff,
    0x29, 0x86, 0xdc, 0xff, 0x29, 0x86, 0xdc, 0xff, 0x29, 0x86, 0xdc, 0xff, 0x29, 0x86, 0xdc, 0xff,
    0x29, 0x86, 0xdc, 0xff, 0x2a, 0x86, 0xdb, 0xff, 0x2a, 0x86, 0xdc, 0xff, 0x2a, 0x85, 0xdb, 0xff,
    0x2a, 0x85, 0xdb, 0xff, 0x2a, 0x85, 0xda, 0xff, 0x29, 0x86, 0xdc, 0xff, 0x29, 0x86, 0xdc, 0xff,
    0x29, 0x86, 0xdc, 0xff, 0x29, 0x86, 0xdc, 0xff, 0x29, 0x86, 0xdc, 0xff, 0x29, 0x86, 0xdc, 0xff,
    0x29, 0x86, 0xdc, 0xff, 0x29, 0x86, 0xdc, 0xff, 0x29, 0x86, 0xdc, 0xff, 0x29, 0x86, 0xdc, 0xff,
    0x29, 0x86, 0xdc, 0xff, 0x29, 0x86, 0xdc, 0xff, 0x29, 0x86, 0xdc, 0xff, 0x37, 0x8e, 0xdf, 0xff,
    0xff, 0xff, 0xff, 0xff, 0xff, 0xff, 0xff, 0xff, 0xff, 0xff, 0xff, 0xff, 0xff, 0xff, 0xff, 0xff,
    0xff, 0xff, 0xff, 0xff, 0xff, 0xff, 0xff, 0xff, 0xff, 0xff, 0xff, 0xff, 0xbd, 0xd9, 0xf4, 0xff,
    0x54, 0x9f, 0xe4, 0xff, 0x29, 0x86, 0xdc, 0xff, 0x29, 0x86, 0xdc, 0xff, 0x29, 0x86, 0xdc, 0xff,
    0x29, 0x86, 0xdc, 0xff, 0x29, 0x86, 0xdc, 0xff, 0x29, 0x86, 0xdc, 0xff, 0x29, 0x86, 0xdc, 0xff,
    0x29, 0x86, 0xdc, 0xff, 0x29, 0x86, 0xdc, 0xff, 0x29, 0x86, 0xdc, 0xff, 0x29, 0x86, 0xdc, 0xff,
    0x29, 0x86, 0xdc, 0xff, 0x29, 0x86, 0xdc, 0xff, 0x29, 0x86, 0xdc, 0xff, 0x29, 0x86, 0xdc, 0xff,
    0x27, 0x81, 0xd3, 0xff, 0x27, 0x81, 0xd3, 0xff, 0x28, 0x82, 0xd6, 0xff, 0x28, 0x82, 0xd6, 0xff,
    0x28, 0x83, 0xd7, 0xff, 0x29, 0x83, 0xd8, 0xff, 0x29, 0x84, 0xd9, 0xff, 0x2a, 0x85, 0xda, 0xff,
    0x2a, 0x85, 0xda, 0xff, 0x29, 0x85, 0xda, 0xff, 0x2a, 0x85, 0xdb, 0xff, 0x2a, 0x86, 0xdc, 0xff,
    0x2a, 0x86, 0xdc, 0xff, 0x2a, 0x88, 0xdd, 0x1e, 0x00, 0x00, 0x00, 0x00, 0x00, 0x00, 0x00, 0x00,
    0x00, 0x00, 0x00, 0x00, 0x00, 0x00, 0x00, 0x00, 0x28, 0x87, 0xdd, 0x59, 0x29, 0x86, 0xdc, 0xff,
    0x29, 0x86, 0xdc, 0xff, 0x29, 0x86, 0xdc, 0xff, 0x29, 0x86, 0xdc, 0xff, 0x29, 0x86, 0xdc, 0xff,
    0x29, 0x86, 0xdc, 0xff, 0x29, 0x86, 0xdc, 0xff, 0x29, 0x86, 0xdc, 0xff, 0x2a, 0x86, 0xdb, 0xff,
    0x2a, 0x85, 0xdb, 0xff, 0x2a, 0x85, 0xdb, 0xff, 0x2a, 0x85, 0xda, 0xff, 0x29, 0x85, 0xda, 0xff,
    0x29, 0x86, 0xdc, 0xff, 0x29, 0x86, 0xdc, 0xff, 0x29, 0x86, 0xdc, 0xff, 0x29, 0x86, 0xdc, 0xff,
    0x29, 0x86, 0xdc, 0xff, 0x29, 0x86, 0xdc, 0xff, 0x29, 0x86, 0xdc, 0xff, 0x29, 0x86, 0xdc, 0xff,
    0x29, 0x86, 0xdc, 0xff, 0x29, 0x86, 0xdc, 0xff, 0x29, 0x86, 0xdc, 0xff, 0x29, 0x86, 0xdc, 0xff,
    0x37, 0x8e, 0xdf, 0xff, 0x6d, 0xad, 0xe8, 0xff, 0x5b, 0xa2, 0xe5, 0xff, 0xc0, 0xdb, 0xf5, 0xff,
    0xff, 0xff, 0xff, 0xff, 0xff, 0xff, 0xff, 0xff, 0xff, 0xff, 0xff, 0xff, 0xff, 0xff, 0xff, 0xff,
    0xff, 0xff, 0xff, 0xff, 0xff, 0xff, 0xff, 0xff, 0xff, 0xff, 0xff, 0xff, 0xc0, 0xdb, 0xf5, 0xff,
    0x4b, 0x9a, 0xe2, 0xff, 0x29, 0x86, 0xdc, 0xff, 0x29, 0x86, 0xdc, 0xff, 0x29, 0x86, 0xdc, 0xff,
    0x29, 0x86, 0xdc, 0xff, 0x29, 0x86, 0xdc, 0xff, 0x29, 0x86, 0xdc, 0xff, 0x29, 0x86, 0xdc, 0xff,
    0x29, 0x86, 0xdc, 0xff, 0x29, 0x86, 0xdc, 0xff, 0x29, 0x86, 0xdc, 0xff, 0x29, 0x86, 0xdc, 0xff,
    0x29, 0x86, 0xdc, 0xff, 0x29, 0x86, 0xdc, 0xff, 0x28, 0x81, 0xd4, 0xff, 0x28, 0x81, 0xd4, 0xff,
    0x28, 0x82, 0xd6, 0xff, 0x28, 0x82, 0xd6, 0xff, 0x29, 0x83, 0xd8, 0xff, 0x29, 0x84, 0xd9, 0xff,
    0x29, 0x84, 0xd9, 0xff, 0x29, 0x85, 0xda, 0xff, 0x29, 0x85, 0xda, 0xff, 0x2a, 0x85, 0xdb, 0xff,
    0x29, 0x85, 0xdb, 0xff, 0x2a, 0x86, 0xdb, 0xff, 0x29, 0x86, 0xdc, 0xff, 0x2a, 0x88, 0xdd, 0x1e,
    0x00, 0x00, 0x00, 0x00, 0x00, 0x00, 0x00, 0x00, 0x00, 0x00, 0x00, 0x00, 0x00, 0x00, 0x00, 0x00,
    0x28, 0x87, 0xdd, 0x59, 0x29, 0x86, 0xdc, 0xff, 0x29, 0x86, 0xdc, 0xff, 0x29, 0x86, 0xdc, 0xff,
    0x29, 0x86, 0xdc, 0xff, 0x29, 0x86, 0xdc, 0xff, 0x29, 0x86, 0xdc, 0xff, 0x29, 0x86, 0xdc, 0xff,
    0x2a, 0x85, 0xdb, 0xff, 0x2a, 0x86, 0xdb, 0xff, 0x2a, 0x86, 0xdb, 0xff, 0x2a, 0x85, 0xda, 0xff,
    0x29, 0x85, 0xda, 0xff, 0x29, 0x85, 0xda, 0xff, 0x29, 0x86, 0xdc, 0xff, 0x29, 0x86, 0xdc, 0xff,
    0x29, 0x86, 0xdc, 0xff, 0x29, 0x86, 0xdc, 0xff, 0x29, 0x86, 0xdc, 0xff, 0x29, 0x86, 0xdc, 0xff,
    0x29, 0x86, 0xdc, 0xff, 0x29, 0x86, 0xdc, 0xff, 0x29, 0x86, 0xdc, 0xff, 0x29, 0x86, 0xdc, 0xff,
    0x29, 0x86, 0xdc, 0xff, 0x37, 0x8e, 0xdf, 0xff, 0xa3, 0xcc, 0xf1, 0xff, 0xa9, 0xcf, 0xf1, 0xff,
    0xa9, 0xcf, 0xf1, 0xff, 0x67, 0xaa, 0xe7, 0xff, 0x5b, 0xa2, 0xe5, 0xff, 0xbd, 0xd9, 0xf4, 0xff,
    0xff, 0xff, 0xff, 0xff, 0xff, 0xff, 0xff, 0xff, 0xff, 0xff, 0xff, 0xff, 0xff, 0xff, 0xff, 0xff,
    0xff, 0xff, 0xff, 0xff, 0xff, 0xff, 0xff, 0xff, 0xff, 0xff, 0xff, 0xff, 0xb0, 0xd2, 0xf3, 0xff,
    0x3f, 0x93, 0xe0, 0xff, 0x29, 0x86, 0xdc, 0xff, 0x29, 0x86, 0xdc, 0xff, 0x29, 0x86, 0xdc, 0xff,
    0x29, 0x86, 0xdc, 0xff, 0x29, 0x86, 0xdc, 0xff, 0x29, 0x86, 0xdc, 0xff, 0x29, 0x86, 0xdc, 0xff,
    0x29, 0x86, 0xdc, 0xff, 0x29, 0x86, 0xdc, 0xff, 0x29, 0x86, 0xdc, 0xff, 0x29, 0x86, 0xdc, 0xff,
    0x28, 0x81, 0xd4, 0xff, 0x28, 0x82, 0xd6, 0xff, 0x28, 0x82, 0xd6, 0xff, 0x28, 0x83, 0xd7, 0xff,
    0x29, 0x83, 0xd8, 0xff, 0x29, 0x84, 0xd9, 0xff, 0x29, 0x85, 0xda, 0xff, 0x29, 0x84, 0xd9, 0xff,
    0x2a, 0x85, 0xda, 0xff, 0x2a, 0x85, 0xda, 0xff, 0x2a, 0x86, 0xdb, 0xff, 0x29, 0x85, 0xdb, 0xff,
    0x2a, 0x86, 0xdc, 0xff, 0x2a, 0x88, 0xdd, 0x1e, 0x00, 0x00, 0x00, 0x00, 0x00, 0x00, 0x00, 0x00,
    0x00, 0x00, 0x00, 0x00, 0x00, 0x00, 0x00, 0x00, 0x28, 0x87, 0xdd, 0x59, 0x29, 0x86, 0xdc, 0xff,
    0x29, 0x86, 0xdc, 0xff, 0x29, 0x86, 0xdc, 0xff, 0x29, 0x86, 0xdc, 0xff, 0x29, 0x86, 0xdc, 0xff,
    0x29, 0x86, 0xdc, 0xff, 0x29, 0x86, 0xdc, 0xff, 0x29, 0x85, 0xdb, 0xff, 0x2a, 0x86, 0xdc, 0xff,
    0x2a, 0x85, 0xdb, 0xff, 0x2a, 0x85, 0xda, 0xff, 0x29, 0x85, 0xda, 0xff, 0x29, 0x85, 0xda, 0xff,
    0x29, 0x86, 0xdc, 0xff, 0x29, 0x86, 0xdc, 0xff, 0x29, 0x86, 0xdc, 0xff, 0x29, 0x86, 0xdc, 0xff,
    0x29, 0x86, 0xdc, 0xff, 0x29, 0x86, 0xdc, 0xff, 0x29, 0x86, 0xdc, 0xff, 0x29, 0x86, 0xdc, 0xff,
    0x29, 0x86, 0xdc, 0xff, 0x29, 0x86, 0xdc, 0xff, 0x37, 0x8e, 0xdf, 0xff, 0xa3, 0xcc, 0xf1, 0xff,
    0xa9, 0xcf, 0xf1, 0xff, 0xa9, 0xcf, 0xf1, 0xff, 0xa9, 0xcf, 0xf1, 0xff, 0xa9, 0xcf, 0xf1, 0xff,
    0x67, 0xaa, 0xe7, 0xff, 0x29, 0x86, 0xdc, 0xff, 0x3f, 0x93, 0xe0, 0xff, 0xa3, 0xcc, 0xf1, 0xff,
    0xff, 0xff, 0xff, 0xff, 0xff, 0xff, 0xff, 0xff, 0xff, 0xff, 0xff, 0xff, 0xff, 0xff, 0xff, 0xff,
    0xff, 0xff, 0xff, 0xff, 0xff, 0xff, 0xff, 0xff, 0xff, 0xff, 0xff, 0xff, 0xa9, 0xcf, 0xf1, 0xff,
    0x30, 0x8a, 0xdd, 0xff, 0x29, 0x86, 0xdc, 0xff, 0x29, 0x86, 0xdc, 0xff, 0x29, 0x86, 0xdc, 0xff,
    0x29, 0x86, 0xdc, 0xff, 0x29, 0x86, 0xdc, 0xff, 0x29, 0x86, 0xdc, 0xff, 0x29, 0x86, 0xdc, 0xff,
    0x29, 0x86, 0xdc, 0xff, 0x29, 0x86, 0xdc, 0xff, 0x28, 0x82, 0xd6, 0xff, 0x28, 0x82, 0xd6, 0xff,
    0x28, 0x83, 0xd7, 0xff, 0x29, 0x83, 0xd8, 0xff, 0x29, 0x83, 0xd8, 0xff, 0x29, 0x84, 0xd9, 0xff,
    0x29, 0x84, 0xd9, 0xff, 0x2a, 0x85, 0xda, 0xff, 0x2a, 0x85, 0xda, 0xff, 0x2a, 0x85, 0xda, 0xff,
    0x2a, 0x86, 0xdb, 0xff, 0x2a, 0x86, 0xdb, 0xff, 0x29, 0x86, 0xdc, 0xff, 0x2a, 0x88, 0xdd, 0x1e,
    0x00, 0x00, 0x00, 0x00, 0x00, 0x00, 0x00, 0x00, 0x00, 0x00, 0x00, 0x00, 0x00, 0x00, 0x00, 0x00,
    0x28, 0x87, 0xdd, 0x59, 0x29, 0x86, 0xdc, 0xff, 0x29, 0x86, 0xdc, 0xff, 0x29, 0x86, 0xdc, 0xff,
    0x29, 0x86, 0xdc, 0xff, 0x29, 0x86, 0xdc, 0xff, 0x2a, 0x86, 0xdc, 0xff, 0x2a, 0x86, 0xdc, 0xff,
    0x2a, 0x86, 0xdc, 0xff, 0x29, 0x85, 0xdb, 0xff, 0x2a, 0x85, 0xda, 0xff, 0x2a, 0x85, 0xda, 0xff,
    0x2a, 0x85, 0xda, 0xff, 0x29, 0x85, 0xda, 0xff, 0x29, 0x86, 0xdc, 0xff, 0x29, 0x86, 0xdc, 0xff,
    0x29, 0x86, 0xdc, 0xff, 0x29, 0x86, 0xdc, 0xff, 0x29, 0x86, 0xdc, 0xff, 0x29, 0x86, 0xdc, 0xff,
    0x29, 0x86, 0xdc, 0xff, 0x29, 0x86, 0xdc, 0xff, 0x29, 0x86, 0xdc, 0xff, 0x3f, 0x93, 0xe0, 0xff,
    0xa3, 0xcc, 0xf1, 0xff, 0xa9, 0xcf, 0xf1, 0xff, 0xa9, 0xcf, 0xf1, 0xff, 0xa9, 0xcf, 0xf1, 0xff,
    0xa9, 0xcf, 0xf1, 0xff, 0x6d, 0xad, 0xe8, 0xff, 0x29, 0x86, 0xdc, 0xff, 0x29, 0x86, 0xdc, 0xff,
    0x29, 0x86, 0xdc, 0xff, 0x29, 0x86, 0xdc, 0xff, 0x54, 0x9f, 0xe4, 0xff, 0xff, 0xff, 0xff, 0xff,
    0xff, 0xff, 0xff, 0xff, 0xff, 0xff, 0xff, 0xff, 0xff, 0xff, 0xff, 0xff, 0xff, 0xff, 0xff, 0xff,
    0xff, 0xff, 0xff, 0xff, 0xff, 0xff, 0xff, 0xff, 0x3f, 0x93, 0xe0, 0xff, 0x29, 0x86, 0xdc, 0xff,
    0x29, 0x86, 0xdc, 0xff, 0x29, 0x86, 0xdc, 0xff, 0x29, 0x86, 0xdc, 0xff, 0x29, 0x86, 0xdc, 0xff,
    0x29, 0x86, 0xdc, 0xff, 0x29, 0x86, 0xdc, 0xff, 0x29, 0x86, 0xdc, 0xff, 0x29, 0x86, 0xdc, 0xff,
    0x28, 0x82, 0xd6, 0xff, 0x28, 0x82, 0xd6, 0xff, 0x28, 0x83, 0xd7, 0xff, 0x29, 0x83, 0xd8, 0xff,
    0x29, 0x84, 0xd9, 0xff, 0x29, 0x85, 0xda, 0xff, 0x2a, 0x85, 0xda, 0xff, 0x2a, 0x85, 0xdb, 0xff,
    0x2a, 0x85, 0xda, 0xff, 0x2a, 0x85, 0xdb, 0xff, 0x2a, 0x86, 0xdb, 0xff, 0x29, 0x85, 0xdb, 0xff,
    0x2a, 0x86, 0xdc, 0xff, 0x2a, 0x88, 0xdd, 0x1e, 0x00, 0x00, 0x00, 0x00, 0x00, 0x00, 0x00, 0x00,
    0x00, 0x00, 0x00, 0x00, 0x00, 0x00, 0x00, 0x00, 0x28, 0x87, 0xdd, 0x59, 0x29, 0x86, 0xdc, 0xff,
    0x29, 0x86, 0xdc, 0xff, 0x29, 0x86, 0xdc, 0xff, 0x29, 0x86, 0xdc, 0xff, 0x2a, 0x86, 0xdc, 0xff,
    0x2a, 0x86, 0xdb, 0xff, 0x2a, 0x86, 0xdb, 0xff, 0x2a, 0x85, 0xdb, 0xff, 0x2a, 0x85, 0xdb, 0xff,
    0x2a, 0x85, 0xda, 0xff, 0x2a, 0x85, 0xda, 0xff, 0x29, 0x84, 0xd9, 0xff, 0x29, 0x85, 0xda, 0xff,
    0x29, 0x86, 0xdc, 0xff, 0x29, 0x86, 0xdc, 0xff, 0x29, 0x86, 0xdc, 0xff, 0x29, 0x86, 0xdc, 0xff,
    0x29, 0x86, 0xdc, 0xff, 0x29, 0x86, 0xdc, 0xff, 0x29, 0x86, 0xdc, 0xff, 0x29, 0x86, 0xdc, 0xff,
    0x3f, 0x93, 0xe0, 0xff, 0xa3, 0xcc, 0xf1, 0xff, 0xa9, 0xcf, 0xf1, 0xff, 0xa9, 0xcf, 0xf1, 0xff,
    0xa9, 0xcf, 0xf1, 0xff, 0xa9, 0xcf, 0xf1, 0xff, 0x6d, 0xad, 0xe8, 0xff, 0x29, 0x86, 0xdc, 0xff,
    0x29, 0x86, 0xdc, 0xff, 0x29, 0x86, 0xdc, 0xff, 0x30, 0x8a, 0xdd, 0xff, 0x9a, 0xc6, 0xef, 0xff,
    0xff, 0xff, 0xff, 0xff, 0xff, 0xff, 0xff, 0xff, 0xff, 0xff, 0xff, 0xff, 0xff, 0xff, 0xff, 0xff,
    0xff, 0xff, 0xff, 0xff, 0xff, 0xff, 0xff, 0xff, 0xff, 0xff, 0xff, 0xff, 0xcb, 0xe2, 0xf7, 0xff,
    0x30, 0x8a, 0xdd, 0xff, 0x29, 0x86, 0xdc, 0xff, 0x29, 0x86, 0xdc, 0xff, 0x29, 0x86, 0xdc, 0xff,
    0x29, 0x86, 0xdc, 0xff, 0x29, 0x86, 0xdc, 0xff, 0x29, 0x86, 0xdc, 0xff, 0x29, 0x86, 0xdc, 0xff,
    0x29, 0x86, 0xdc, 0xff, 0x29, 0x86, 0xdc, 0xff, 0x28, 0x83, 0xd7, 0xff, 0x29, 0x83, 0xd8, 0xff,
    0x29, 0x83, 0xd8, 0xff, 0x29, 0x84, 0xd9, 0xff, 0x29, 0x84, 0xd9, 0xff, 0x2a, 0x85, 0xda, 0xff,
    0x2a, 0x85, 0xda, 0xff, 0x29, 0x85, 0xda, 0xff, 0x29, 0x85, 0xdb, 0xff, 0x2a, 0x86, 0xdb, 0xff,
    0x29, 0x85, 0xdb, 0xff, 0x2a, 0x86, 0xdc, 0xff, 0x2a, 0x86, 0xdc, 0xff, 0x2a, 0x88, 0xdd, 0x1e,
    0x00, 0x00, 0x00, 0x00, 0x00, 0x00, 0x00, 0x00, 0x00, 0x00, 0x00, 0x00, 0x00, 0x00, 0x00, 0x00,
    0x28, 0x87, 0xdd, 0x59, 0x29, 0x86, 0xdc, 0xff, 0x29, 0x86, 0xdc, 0xff, 0x29, 0x86, 0xdc, 0xff,
    0x29, 0x86, 0xdc, 0xff, 0x2a, 0x86, 0xdb, 0xff, 0x2a, 0x86, 0xdb, 0xff, 0x2a, 0x86, 0xdc, 0xff,
    0x29, 0x85, 0xdb, 0xff, 0x29, 0x85, 0xda, 0xff, 0x2a, 0x85, 0xda, 0xff, 0x29, 0x84, 0xd9, 0xff,
    0x29, 0x84, 0xd9, 0xff, 0x29, 0x85, 0xda, 0xff, 0x29, 0x86, 0xdc, 0xff, 0x29, 0x86, 0xdc, 0xff,
    0x29, 0x86, 0xdc, 0xff, 0x29, 0x86, 0xdc, 0xff, 0x29, 0x86, 0xdc, 0xff, 0x29, 0x86, 0xdc, 0xff,
    0x29, 0x86, 0xdc, 0xff, 0x4b, 0x9a, 0xe2, 0xff, 0xa3, 0xcc, 0xf1, 0xff, 0xa9, 0xcf, 0xf1, 0xff,
    0xa9, 0xcf, 0xf1, 0xff, 0xa9, 0xcf, 0xf1, 0xff, 0xa9, 0xcf, 0xf1, 0xff, 0x6d, 0xad, 0xe8, 0xff,
    0x29, 0x86, 0xdc, 0xff, 0x29, 0x86, 0xdc, 0xff, 0x2a, 0x86, 0xdc, 0xff, 0x8d, 0xbf, 0xed, 0xff,
    0xf9, 0xfb, 0xfe, 0xff, 0xff, 0xff, 0xff, 0xff, 0xff, 0xff, 0xff, 0xff, 0xff, 0xff, 0xff, 0xff,
    0xff, 0xff, 0xff, 0xff, 0xff, 0xff, 0xff, 0xff, 0xff, 0xff, 0xff, 0xff, 0xe6, 0xf1, 0xfb, 0xff,
    0x7d, 0xb6, 0xea, 0xff, 0x2a, 0x86, 0xdc, 0xff, 0x29, 0x86, 0xdc, 0xff, 0x29, 0x86, 0xdc, 0xff,
    0x29, 0x86, 0xdc, 0xff, 0x29, 0x86, 0xdc, 0xff, 0x29, 0x86, 0xdc, 0xff, 0x29, 0x86, 0xdc, 0xff,
    0x29, 0x86, 0xdc, 0xff, 0x29, 0x86, 0xdc, 0xff, 0x29, 0x86, 0xdc, 0xff, 0x29, 0x86, 0xdc, 0xff,
    0x28, 0x83, 0xd7, 0xff, 0x29, 0x83, 0xd8, 0xff, 0x29, 0x84, 0xd9, 0xff, 0x29, 0x84, 0xd9, 0xff,
    0x29, 0x84, 0xd9, 0xff, 0x2a, 0x85, 0xda, 0xff, 0x29, 0x85, 0xda, 0xff, 0x2a, 0x85, 0xda, 0xff,
    0x2a, 0x86, 0xdb, 0xff, 0x2a, 0x86, 0xdc, 0xff, 0x2a, 0x86, 0xdc, 0xff, 0x2a, 0x86, 0xdc, 0xff,
    0x2a, 0x86, 0xdc, 0xff, 0x2a, 0x88, 0xdd, 0x1e, 0x00, 0x00, 0x00, 0x00, 0x00, 0x00, 0x00, 0x00,
    0x00, 0x00, 0x00, 0x00, 0x00, 0x00, 0x00, 0x00, 0x28, 0x87, 0xdd, 0x59, 0x29, 0x86, 0xdc, 0xff,
    0x29, 0x86, 0xdc, 0xff, 0x29, 0x86, 0xdc, 0xff, 0x2a, 0x86, 0xdc, 0xff, 0x2a, 0x86, 0xdb, 0xff,
    0x2a, 0x86, 0xdc, 0xff, 0x2a, 0x86, 0xdb, 0xff, 0x2a, 0x85, 0xda, 0xff, 0x2a, 0x85, 0xda, 0xff,
    0x29, 0x85, 0xda, 0xff, 0x29, 0x84, 0xd9, 0xff, 0x29, 0x84, 0xd9, 0xff, 0x29, 0x84, 0xd9, 0xff,
    0x29, 0x86, 0xdc, 0xff, 0x29, 0x86, 0xdc, 0xff, 0x29, 0x86, 0xdc, 0xff, 0x29, 0x86, 0xdc, 0xff,
    0x29, 0x86, 0xdc, 0xff, 0x29, 0x86, 0xdc, 0xff, 0x4b, 0x9a, 0xe2, 0xff, 0xa9, 0xcf, 0xf1, 0xff,
    0xa9, 0xcf, 0xf1, 0xff, 0xa9, 0xcf, 0xf1, 0xff, 0xa9, 0xcf, 0xf1, 0xff, 0xa9, 0xcf, 0xf1, 0xff,
    0x62, 0xa7, 0xe6, 0xff, 0x29, 0x86, 0xdc, 0xff, 0x2a, 0x86, 0xdc, 0xff, 0x6d, 0xad, 0xe8, 0xff,
    0xe6, 0xf1, 0xfb, 0xff, 0xff, 0xff, 0xff, 0xff, 0xff, 0xff, 0xff, 0xff, 0xff, 0xff, 0xff, 0xff,
    0xff, 0xff, 0xff, 0xff, 0xff, 0xff, 0xff, 0xff, 0xff, 0xff, 0xff, 0xff, 0xe6, 0xf1, 0xfb, 0xff,
    0x7d, 0xb6, 0xea, 0xff, 0x2a, 0x86, 0xdc, 0xff, 0x29, 0x86, 0xdc, 0xff, 0x29, 0x86, 0xdc, 0xff,
    0x29, 0x86, 0xdc, 0xff, 0x29, 0x86, 0xdc, 0xff, 0x29, 0x86, 0xdc, 0xff, 0x29, 0x86, 0xdc, 0xff,
    0x29, 0x86, 0xdc, 0xff, 0x29, 0x86, 0xdc, 0xff, 0x29, 0x86, 0xdc, 0xff, 0x29, 0x86, 0xdc, 0xff,
    0x29, 0x86, 0xdc, 0xff, 0x29, 0x86, 0xdc, 0xff, 0x29, 0x83, 0xd8, 0xff, 0x29, 0x84, 0xd9, 0xff,
    0x29, 0x84, 0xd9, 0xff, 0x29, 0x84, 0xd9, 0xff, 0x2a, 0x85, 0xda, 0xff, 0x2a, 0x85, 0xda, 0xff,
    0x29, 0x85, 0xda, 0xff, 0x2a, 0x85, 0xdb, 0xff, 0x2a, 0x86, 0xdc, 0xff, 0x2a, 0x85, 0xdb, 0xff,
    0x2a, 0x86, 0xdc, 0xff, 0x29, 0x86, 0xdc, 0xff, 0x29, 0x86, 0xdc, 0xff, 0x2a, 0x88, 0xdd, 0x1e,
    0x00, 0x00, 0x00, 0x00, 0x00, 0x00, 0x00, 0x00, 0x00, 0x00, 0x00, 0x00, 0x00, 0x00, 0x00, 0x00,
    0x28, 0x87, 0xdd, 0x59, 0x29, 0x86, 0xdc, 0xff, 0x29, 0x86, 0xdc, 0xff, 0x29, 0x86, 0xdc, 0xff,
    0x29, 0x86, 0xdc, 0xff, 0x29, 0x85, 0xdb, 0xff, 0x2a, 0x86, 0xdc, 0xff, 0x2a, 0x85, 0xdb, 0xff,
    0x2a, 0x85, 0xdb, 0xff, 0x29, 0x85, 0xda, 0xff, 0x2a, 0x85, 0xda, 0xff, 0x29, 0x84, 0xd9, 0xff,
    0x29, 0x83, 0xd8, 0xff, 0x29, 0x83, 0xd8, 0xff, 0x29, 0x86, 0xdc, 0xff, 0x29, 0x86, 0xdc, 0xff,
    0x29, 0x86, 0xdc, 0xff, 0x29, 0x86, 0xdc, 0xff, 0x29, 0x86, 0xdc, 0xff, 0x54, 0x9f, 0xe4, 0xff,
    0xa9, 0xcf, 0xf1, 0xff, 0xa9, 0xcf, 0xf1, 0xff, 0xa9, 0xcf, 0xf1, 0xff, 0xa9, 0xcf, 0xf1, 0xff,
    0xa9, 0xcf, 0xf1, 0xff, 0x62, 0xa7, 0xe6, 0xff, 0x29, 0x86, 0xdc, 0xff, 0x29, 0x86, 0xdc, 0xff,
    0x83, 0xb9, 0xeb, 0xff, 0xff, 0xff, 0xff, 0xff, 0xff, 0xff, 0xff, 0xff, 0xff, 0xff, 0xff, 0xff,
    0xff, 0xff, 0xff, 0xff, 0xff, 0xff, 0xff, 0xff, 0xff, 0xff, 0xff, 0xff, 0xe6, 0xf1, 0xfb, 0xff,
    0x7d, 0xb6, 0xea, 0xff, 0x2a, 0x86, 0xdc, 0xff, 0x29, 0x86, 0xdc, 0xff, 0x29, 0x86, 0xdc, 0xff,
    0x29, 0x86, 0xdc, 0xff, 0x29, 0x86, 0xdc, 0xff, 0x29, 0x86, 0xdc, 0xff, 0x29, 0x86, 0xdc, 0xff,
    0x29, 0x86, 0xdc, 0xff, 0x29, 0x86, 0xdc, 0xff, 0x29, 0x86, 0xdc, 0xff, 0x29, 0x86, 0xdc, 0xff,
    0x29, 0x86, 0xdc, 0xff, 0x29, 0x86, 0xdc, 0xff, 0x29, 0x86, 0xdc, 0xff, 0x29, 0x86, 0xdc, 0xff,
    0x29, 0x84, 0xd9, 0xff, 0x29, 0x84, 0xd9, 0xff, 0x29, 0x84, 0xd9, 0xff, 0x29, 0x84, 0xd9, 0xff,
    0x2a, 0x85, 0xda, 0xff, 0x29, 0x85, 0xda, 0xff, 0x2a, 0x85, 0xda, 0xff, 0x29, 0x85, 0xdb, 0xff,
    0x2a, 0x86, 0xdb, 0xff, 0x29, 0x85, 0xdb, 0xff, 0x2a, 0x86, 0xdc, 0xff, 0x29, 0x86, 0xdc, 0xff,
    0x29, 0x86, 0xdc, 0xff, 0x2a, 0x88, 0xdd, 0x1e, 0x00, 0x00, 0x00, 0x00, 0x00, 0x00, 0x00, 0x00,
    0x00, 0x00, 0x00, 0x00, 0x00, 0x00, 0x00, 0x00, 0x28, 0x87, 0xdd, 0x59, 0x29, 0x86, 0xdc, 0xff,
    0x29, 0x86, 0xdc, 0xff, 0x29, 0x86, 0xdc, 0xff, 0x2a, 0x86, 0xdb, 0xff, 0x29, 0x85, 0xdb, 0xff,
    0x2a, 0x86, 0xdb, 0xff, 0x2a, 0x85, 0xdb, 0xff, 0x2a, 0x85, 0xda, 0xff, 0x29, 0x84, 0xd9, 0xff,
    0x29, 0x84, 0xd9, 0xff, 0x29, 0x84, 0xd9, 0xff, 0x29, 0x83, 0xd8, 0xff, 0x29, 0x83, 0xd8, 0xff,
    0x29, 0x86, 0xdc, 0xff, 0x29, 0x86, 0xdc, 0xff, 0x29, 0x86, 0xdc, 0xff, 0x29, 0x86, 0xdc, 0xff,
    0x54, 0x9f, 0xe4, 0xff, 0xa9, 0xcf, 0xf1, 0xff, 0xa9, 0xcf, 0xf1, 0xff, 0xa9, 0xcf, 0xf1, 0xff,
    0xa9, 0xcf, 0xf1, 0xff, 0xa9, 0xcf, 0xf1, 0xff, 0x62, 0xa7, 0xe6, 0xff, 0x29, 0x86, 0xdc, 0xff,
    0x29, 0x86, 0xdc, 0xff, 0x29, 0x86, 0xdc, 0xff, 0xcb, 0xe2, 0xf7, 0xff, 0xff, 0xff, 0xff, 0xff,
    0xff, 0xff, 0xff, 0xff, 0xff, 0xff, 0xff, 0xff, 0xff, 0xff, 0xff, 0xff, 0xe6, 0xf1, 0xfb, 0xff,
    0x78, 0xb3, 0xe9, 0xff, 0x2a, 0x86, 0xdc, 0xff, 0x29, 0x86, 0xdc, 0xff, 0x29, 0x86, 0xdc, 0xff,
    0x29, 0x86, 0xdc, 0xff, 0x29, 0x86, 0xdc, 0xff, 0x29, 0x86, 0xdc, 0xff, 0x29, 0x86, 0xdc, 0xff,
    0x29, 0x86, 0xdc, 0xff, 0x29, 0x86, 0xdc, 0xff, 0x29, 0x86, 0xdc, 0xff, 0x29, 0x86, 0xdc, 0xff,
    0x29, 0x86, 0xdc, 0xff, 0x29, 0x86, 0xdc, 0xff, 0x29, 0x86, 0xdc, 0xff, 0x29, 0x86, 0xdc, 0xff,
    0x29, 0x86, 0xdc, 0xff, 0x29, 0x86, 0xdc, 0xff, 0x29, 0x85, 0xda, 0xff, 0x2a, 0x85, 0xda, 0xff,
    0x29, 0x85, 0xda, 0xff, 0x2a, 0x85, 0xda, 0xff, 0x2a, 0x85, 0xda, 0xff, 0x2a, 0x85, 0xda, 0xff,
    0x2a, 0x85, 0xdb, 0xff, 0x2a, 0x86, 0xdb, 0xff, 0x2a, 0x86, 0xdb, 0xff, 0x2a, 0x86, 0xdc, 0xff,
    0x29, 0x86, 0xdc, 0xff, 0x29, 0x86, 0xdc, 0xff, 0x29, 0x86, 0xdc, 0xff, 0x2a, 0x88, 0xdd, 0x1e,
    0x00, 0x00, 0x00, 0x00, 0x00, 0x00, 0x00, 0x00, 0x00, 0x00, 0x00, 0x00, 0x00, 0x00, 0x00, 0x00,
    0x28, 0x87, 0xdd, 0x59, 0x29, 0x86, 0xdc, 0xff, 0x29, 0x86, 0xdc, 0xff, 0x2a, 0x85, 0xdb, 0xff,
    0x29, 0x85, 0xdb, 0xff, 0x2a, 0x86, 0xdb, 0xff, 0x2a, 0x85, 0xdb, 0xff, 0x2a, 0x85, 0xda, 0xff,
    0x2a, 0x85, 0xda, 0xff, 0x29, 0x84, 0xd9, 0xff, 0x29, 0x84, 0xd9, 0xff, 0x29, 0x84, 0xd9, 0xff,
    0x29, 0x83, 0xd8, 0xff, 0x29, 0x83, 0xd8, 0xff, 0x29, 0x86, 0xdc, 0xff, 0x29, 0x86, 0xdc, 0xff,
    0x29, 0x86, 0xdc, 0xff, 0x54, 0x9f, 0xe4, 0xff, 0xa9, 0xcf, 0xf1, 0xff, 0xa9, 0xcf, 0xf1, 0xff,
    0xa9, 0xcf, 0xf1, 0xff, 0xa9, 0xcf, 0xf1, 0xff, 0xa9, 0xcf, 0xf1, 0xff, 0x60, 0xa6, 0xe6, 0xff,
    0x29, 0x86, 0xdc, 0xff, 0x29, 0x86, 0xdc, 0xff, 0x29, 0x86, 0xdc, 0xff, 0x29, 0x86, 0xdc, 0xff,
    0x78, 0xb3, 0xe9, 0xff, 0xff, 0xff, 0xff, 0xff, 0xff, 0xff, 0xff, 0xff, 0xe2, 0xee, 0xfa, 0xff,
    0x78, 0xb3, 0xe9, 0xff, 0x29, 0x86, 0xdc, 0xff, 0x29, 0x86, 0xdc, 0xff, 0x29, 0x86, 0xdc, 0xff,
    0x29, 0x86, 0xdc, 0xff, 0x29, 0x86, 0xdc, 0xff, 0x29, 0x86, 0xdc, 0xff, 0x29, 0x86, 0xdc, 0xff,
    0x29, 0x86, 0xdc, 0xff, 0x29, 0x86, 0xdc, 0xff, 0x29, 0x86, 0xdc, 0xff, 0x29, 0x86, 0xdc, 0xff,
    0x29, 0x86, 0xdc, 0xff, 0x29, 0x86, 0xdc, 0xff, 0x29, 0x86, 0xdc, 0xff, 0x29, 0x86, 0xdc, 0xff,
    0x29, 0x86, 0xdc, 0xff, 0x29, 0x86, 0xdc, 0xff, 0x29, 0x86, 0xdc, 0xff, 0x29, 0x86, 0xdc, 0xff,
    0x29, 0x84, 0xd9, 0xff, 0x29, 0x84, 0xd9, 0xff, 0x2a, 0x85, 0xda, 0xff, 0x2a, 0x85, 0xda, 0xff,
    0x2a, 0x85, 0xdb, 0xff, 0x2a, 0x86, 0xdb, 0xff, 0x2a, 0x86, 0xdc, 0xff, 0x29, 0x85, 0xdb, 0xff,
    0x2a, 0x86, 0xdb, 0xff, 0x2a, 0x86, 0xdc, 0xff, 0x29, 0x86, 0xdc, 0xff, 0x29, 0x86, 0xdc, 0xff,
    0x29, 0x86, 0xdc, 0xff, 0x2a, 0x88, 0xdd, 0x1e, 0x00, 0x00, 0x00, 0x00, 0x00, 0x00, 0x00, 0x00,
    0x00, 0x00, 0x00, 0x00, 0x00, 0x00, 0x00, 0x00, 0x28, 0x87, 0xdd, 0x59, 0x29, 0x86, 0xdc, 0xff,
    0x29, 0x86, 0xdc, 0xff, 0x2a, 0x86, 0xdc, 0xff, 0x29, 0x85, 0xdb, 0xff, 0x2a, 0x86, 0xdb, 0xff,
    0x29, 0x85, 0xdb, 0xff, 0x2a, 0x85, 0xda, 0xff, 0x2a, 0x85, 0xda, 0xff, 0x29, 0x85, 0xda, 0xff,
    0x29, 0x84, 0xd9, 0xff, 0x29, 0x83, 0xd8, 0xff, 0x28, 0x83, 0xd7, 0xff, 0x29, 0x83, 0xd8, 0xff,
    0x29, 0x86, 0xdc, 0xff, 0x29, 0x86, 0xdc, 0xff, 0x5b, 0xa2, 0xe5, 0xff, 0xa9, 0xcf, 0xf1, 0xff,
    0xa9, 0xcf, 0xf1, 0xff, 0xa9, 0xcf, 0xf1, 0xff, 0xa9, 0xcf, 0xf1, 0xff, 0xa9, 0xcf, 0xf1, 0xff,
    0x60, 0xa6, 0xe6, 0xff, 0x29, 0x86, 0xdc, 0xff, 0x29, 0x86, 0xdc, 0xff, 0x29, 0x86, 0xdc, 0xff,
    0x29, 0x86, 0xdc, 0xff, 0x29, 0x86, 0xdc, 0xff, 0x2a, 0x86, 0xdc, 0xff, 0x62, 0xa7, 0xe6, 0xff,
    0x5b, 0xa2, 0xe5, 0xff, 0x29, 0x86, 0xdc, 0xff, 0x29, 0x86, 0xdc, 0xff, 0x29, 0x86, 0xdc, 0xff,
    0x29, 0x86, 0xdc, 0xff, 0x29, 0x86, 0xdc, 0xff, 0x29, 0x86, 0xdc, 0xff, 0x29, 0x86, 0xdc, 0xff,
    0x29, 0x86, 0xdc, 0xff, 0x29, 0x86, 0xdc, 0xff, 0x29, 0x86, 0xdc, 0xff, 0x29, 0x86, 0xdc, 0xff,
    0x29, 0x86, 0xdc, 0xff, 0x29, 0x86, 0xdc, 0xff, 0x29, 0x86, 0xdc, 0xff, 0x29, 0x86, 0xdc, 0xff,
    0x29, 0x86, 0xdc, 0xff, 0x29, 0x86, 0xdc, 0xff, 0x29, 0x86, 0xdc, 0xff, 0x29, 0x86, 0xdc, 0xff,
    0x29, 0x86, 0xdc, 0xff, 0x29, 0x86, 0xdc, 0xff, 0x29, 0x85, 0xda, 0xff, 0x29, 0x85, 0xda, 0xff,
    0x2a, 0x85, 0xda, 0xff, 0x2a, 0x85, 0xdb, 0xff, 0x2a, 0x86, 0xdb, 0xff, 0x2a, 0x86, 0xdb, 0xff,
    0x2a, 0x86, 0xdb, 0xff, 0x2a, 0x86, 0xdb, 0xff, 0x29, 0x85, 0xdb, 0xff, 0x29, 0x86, 0xdc, 0xff,
    0x29, 0x86, 0xdc, 0xff, 0x29, 0x86, 0xdc, 0xff, 0x29, 0x86, 0xdc, 0xff, 0x2a, 0x88, 0xdd, 0x1e,
    0x00, 0x00, 0x00, 0x00, 0x00, 0x00, 0x00, 0x00, 0x00, 0x00, 0x00, 0x00, 0x00, 0x00, 0x00, 0x00,
    0x28, 0x87, 0xdd, 0x59, 0x29, 0x86, 0xdc, 0xff, 0x29, 0x86, 0xdc, 0xff, 0x29, 0x85, 0xdb, 0xff,
    0x2a, 0x86, 0xdb, 0xff, 0x2a, 0x86, 0xdb, 0xff, 0x29, 0x85, 0xda, 0xff, 0x2a, 0x85, 0xda, 0xff,
    0x29, 0x84, 0xd9, 0xff, 0x29, 0x84, 0xd9, 0xff, 0x29, 0x84, 0xd9, 0xff, 0x29, 0x83, 0xd8, 0xff,
    0x28, 0x83, 0xd7, 0xff, 0x29, 0x83, 0xd8, 0xff, 0x29, 0x86, 0xdc, 0xff, 0x60, 0xa6, 0xe6, 0xff,
    0xa9, 0xcf, 0xf1, 0xff, 0xa9, 0xcf, 0xf1, 0xff, 0xa9, 0xcf, 0xf1, 0xff, 0xa9, 0xcf, 0xf1, 0xff,
    0xa9, 0xcf, 0xf1, 0xff, 0x60, 0xa6, 0xe6, 0xff, 0x29, 0x86, 0xdc, 0xff, 0x29, 0x86, 0xdc, 0xff,
    0x29, 0x86, 0xdc, 0xff, 0x29, 0x86, 0xdc, 0xff, 0x29, 0x86, 0xdc, 0xff, 0x29, 0x86, 0xdc, 0xff,
    0x29, 0x86, 0xdc, 0xff, 0x29, 0x86, 0xdc, 0xff, 0x29, 0x86, 0xdc, 0xff, 0x29, 0x86, 0xdc, 0xff,
    0x29, 0x86, 0xdc, 0xff, 0x29, 0x86, 0xdc, 0xff, 0x29, 0x86, 0xdc, 0xff, 0x29, 0x86, 0xdc, 0xff,
    0x29, 0x86, 0xdc, 0xff, 0x29, 0x86, 0xdc, 0xff, 0x29, 0x86, 0xdc, 0xff, 0x29, 0x86, 0xdc, 0xff,
    0x29, 0x86, 0xdc, 0xff, 0x29, 0x86, 0xdc, 0xff, 0x29, 0x86, 0xdc, 0xff, 0x29, 0x86, 0xdc, 0xff,
    0x29, 0x86, 0xdc, 0xff, 0x29, 0x86, 0xdc, 0xff, 0x29, 0x86, 0xdc, 0xff, 0x29, 0x86, 0xdc, 0xff,
    0x29, 0x86, 0xdc, 0xff, 0x29, 0x86, 0xdc, 0xff, 0x29, 0x86, 0xdc, 0xff, 0x29, 0x86, 0xdc, 0xff,
    0x2a, 0x85, 0xda, 0xff, 0x2a, 0x85, 0xda, 0xff, 0x2a, 0x86, 0xdb, 0xff, 0x29, 0x85, 0xdb, 0xff,
    0x2a, 0x85, 0xdb, 0xff, 0x2a, 0x86, 0xdb, 0xff, 0x2a, 0x86, 0xdc, 0xff, 0x29, 0x86, 0xdc, 0xff,
    0x29, 0x86, 0xdc, 0xff, 0x29, 0x86, 0xdc, 0xff, 0x29, 0x86, 0xdc, 0xff, 0x29, 0x86, 0xdc, 0xff,
    0x29, 0x86, 0xdc, 0xff, 0x2a, 0x88, 0xdd, 0x1e, 0x00, 0x00, 0x00, 0x00, 0x00, 0x00, 0x00, 0x00,
    0x00, 0x00, 0x00, 0x00, 0x00, 0x00, 0x00, 0x00, 0x28, 0x87, 0xdd, 0x59, 0x29, 0x86, 0xdc, 0xff,
    0x29, 0x86, 0xdc, 0xff, 0x2a, 0x86, 0xdc, 0xff, 0x2a, 0x85, 0xdb, 0xff, 0x29, 0x85, 0xdb, 0xff,
    0x2a, 0x85, 0xdb, 0xff, 0x29, 0x85, 0xda, 0xff, 0x2a, 0x85, 0xda, 0xff, 0x29, 0x84, 0xd9, 0xff,
    0x29, 0x83, 0xd8, 0xff, 0x29, 0x83, 0xd8, 0xff, 0x28, 0x83, 0xd7, 0xff, 0x29, 0x83, 0xd8, 0xff,
    0x54, 0x9f, 0xe4, 0xff, 0xa9, 0xcf, 0xf1, 0xff, 0xa9, 0xcf, 0xf1, 0xff, 0xa9, 0xcf, 0xf1, 0xff,
    0xa9, 0xcf, 0xf1, 0xff, 0xa9, 0xcf, 0xf1, 0xff, 0x60, 0xa6, 0xe6, 0xff, 0x29, 0x86, 0xdc, 0xff,
    0x29, 0x86, 0xdc, 0xff, 0x29, 0x86, 0xdc, 0xff, 0x29, 0x86, 0xdc, 0xff, 0x29, 0x86, 0xdc, 0xff,
    0x29, 0x86, 0xdc, 0xff, 0x29, 0x86, 0xdc, 0xff, 0x29, 0x86, 0xdc, 0xff, 0x29, 0x86, 0xdc, 0xff,
    0x29, 0x86, 0xdc, 0xff, 0x29, 0x86, 0xdc, 0xff, 0x29, 0x86, 0xdc, 0xff, 0x29, 0x86, 0xdc, 0xff,
    0x29, 0x86, 0xdc, 0xff, 0x29, 0x86, 0xdc, 0xff, 0x29, 0x86, 0xdc, 0xff, 0x29, 0x86, 0xdc, 0xff,
    0x29, 0x86, 0xdc, 0xff, 0x29, 0x86, 0xdc, 0xff, 0x29, 0x86, 0xdc, 0xff, 0x29, 0x86, 0xdc, 0xff,
    0x29, 0x86, 0xdc, 0xff, 0x29, 0x86, 0xdc, 0xff, 0x29, 0x86, 0xdc, 0xff, 0x29, 0x86, 0xdc, 0xff,
    0x29, 0x86, 0xdc, 0xff, 0x29, 0x86, 0xdc, 0xff, 0x29, 0x86, 0xdc, 0xff, 0x29, 0x86, 0xdc, 0xff,
    0x29, 0x86, 0xdc, 0xff, 0x29, 0x86, 0xdc, 0xff, 0x2a, 0x85, 0xdb, 0xff, 0x2a, 0x85, 0xdb, 0xff,
    0x2a, 0x86, 0xdc, 0xff, 0x2a, 0x86, 0xdb, 0xff, 0x2a, 0x85, 0xdb, 0xff, 0x2a, 0x86, 0xdc, 0xff,
    0x29, 0x86, 0xdc, 0xff, 0x29, 0x86, 0xdc, 0xff, 0x29, 0x86, 0xdc, 0xff, 0x29, 0x86, 0xdc, 0xff,
    0x29, 0x86, 0xdc, 0xff, 0x29, 0x86, 0xdc, 0xff, 0x29, 0x86, 0xdc, 0xff, 0x2a, 0x88, 0xdd, 0x1e,
    0x00, 0x00, 0x00, 0x00, 0x00, 0x00, 0x00, 0x00, 0x00, 0x00, 0x00, 0x00, 0x00, 0x00, 0x00, 0x00,
    0x28, 0x87, 0xdd, 0x59, 0x29, 0x86, 0xdc, 0xff, 0x29, 0x86, 0xdc, 0xff, 0x2a, 0x86, 0xdb, 0xff,
    0x29, 0x85, 0xdb, 0xff, 0x2a, 0x85, 0xdb, 0xff, 0x29, 0x85, 0xda, 0xff, 0x2a, 0x85, 0xda, 0xff,
    0x29, 0x84, 0xd9, 0xff, 0x29, 0x84, 0xd9, 0xff, 0x29, 0x83, 0xd8, 0xff, 0x29, 0x83, 0xd8, 0xff,
    0x28, 0x83, 0xd7, 0xff, 0x28, 0x83, 0xd7, 0xff, 0x9a, 0xc6, 0xef, 0xff, 0xa9, 0xcf, 0xf1, 0xff,
    0xa9, 0xcf, 0xf1, 0xff, 0xa9, 0xcf, 0xf1, 0xff, 0xa9, 0xcf, 0xf1, 0xff, 0x5b, 0xa2, 0xe5, 0xff,
    0x29, 0x86, 0xdc, 0xff, 0x29, 0x86, 0xdc, 0xff, 0x29, 0x86, 0xdc, 0xff, 0x29, 0x86, 0xdc, 0xff,
    0x29, 0x86, 0xdc, 0xff, 0x29, 0x86, 0xdc, 0xff, 0x29, 0x86, 0xdc, 0xff, 0x29, 0x86, 0xdc, 0xff,
    0x29, 0x86, 0xdc, 0xff, 0x29, 0x86, 0xdc, 0xff, 0x29, 0x86, 0xdc, 0xff, 0x29, 0x86, 0xdc, 0xff,
    0x29, 0x86, 0xdc, 0xff, 0x29, 0x86, 0xdc, 0xff, 0x29, 0x86, 0xdc, 0xff, 0x29, 0x86, 0xdc, 0xff,
    0x29, 0x86, 0xdc, 0xff, 0x29, 0x86, 0xdc, 0xff, 0x29, 0x86, 0xdc, 0xff, 0x29, 0x86, 0xdc, 0xff,
    0x29, 0x86, 0xdc, 0xff, 0x29, 0x86, 0xdc, 0xff, 0x29, 0x86, 0xdc, 0xff, 0x29, 0x86, 0xdc, 0xff,
    0x29, 0x86, 0xdc, 0xff, 0x29, 0x86, 0xdc, 0xff, 0x29, 0x86, 0xdc, 0xff, 0x29, 0x86, 0xdc, 0xff,
    0x29, 0x86, 0xdc, 0xff, 0x29, 0x86, 0xdc, 0xff, 0x29, 0x86, 0xdc, 0xff, 0x29, 0x86, 0xdc, 0xff,
    0x2a, 0x86, 0xdb, 0xff, 0x2a, 0x86, 0xdb, 0xff, 0x2a, 0x86, 0xdb, 0xff, 0x2a, 0x85, 0xdb, 0xff,
    0x29, 0x86, 0xdc, 0xff, 0x29, 0x86, 0xdc, 0xff, 0x29, 0x86, 0xdc, 0xff, 0x29, 0x86, 0xdc, 0xff,
    0x29, 0x86, 0xdc, 0xff, 0x29, 0x86, 0xdc, 0xff, 0x29, 0x86, 0xdc, 0xff, 0x29, 0x86, 0xdc, 0xff,
    0x29, 0x86, 0xdc, 0xff, 0x2a, 0x88, 0xdd, 0x1e, 0x00, 0x00, 0x00, 0x00, 0x00, 0x00, 0x00, 0x00,
    0x00, 0x00, 0x00, 0x00, 0x00, 0x00, 0x00, 0x00, 0x28, 0x87, 0xdd, 0x59, 0x29, 0x86, 0xdc, 0xff,
    0x29, 0x86, 0xdc, 0xff, 0x29, 0x85, 0xdb, 0xff, 0x29, 0x85, 0xdb, 0xff, 0x2a, 0x85, 0xdb, 0xff,
    0x29, 0x85, 0xda, 0xff, 0x29, 0x85, 0xda, 0xff, 0x29, 0x84, 0xd9, 0xff, 0x29, 0x84, 0xd9, 0xff,
    0x29, 0x83, 0xd8, 0xff, 0x29, 0x83, 0xd8, 0xff, 0x28, 0x83, 0xd7, 0xff, 0x28, 0x83, 0xd7, 0xff,
    0x8d, 0xbf, 0xed, 0xff, 0xa9, 0xcf, 0xf1, 0xff, 0xa9, 0xcf, 0xf1, 0xff, 0xa9, 0xcf, 0xf1, 0xff,
    0x5b, 0xa2, 0xe5, 0xff, 0x29, 0x86, 0xdc, 0xff, 0x29, 0x86, 0xdc, 0xff, 0x29, 0x86, 0xdc, 0xff,
    0x29, 0x86, 0xdc, 0xff, 0x29, 0x86, 0xdc, 0xff, 0x29, 0x86, 0xdc, 0xff, 0x29, 0x86, 0xdc, 0xff,
    0x29, 0x86, 0xdc, 0xff, 0x29, 0x86, 0xdc, 0xff, 0x29, 0x86, 0xdc, 0xff, 0x29, 0x86, 0xdc, 0xff,
    0x29, 0x86, 0xdc, 0xff, 0x29, 0x86, 0xdc, 0xff, 0x29, 0x86, 0xdc, 0xff, 0x29, 0x86, 0xdc, 0xff,
    0x29, 0x86, 0xdc, 0xff, 0x29, 0x86, 0xdc, 0xff, 0x29, 0x86, 0xdc, 0xff, 0x29, 0x86, 0xdc, 0xff,
    0x29, 0x86, 0xdc, 0xff, 0x29, 0x86, 0xdc, 0xff, 0x29, 0x86, 0xdc, 0xff, 0x29, 0x86, 0xdc, 0xff,
    0x29, 0x86, 0xdc, 0xff, 0x29, 0x86, 0xdc, 0xff, 0x29, 0x86, 0xdc, 0xff, 0x29, 0x86, 0xdc, 0xff,
    0x29, 0x86, 0xdc, 0xff, 0x29, 0x86, 0xdc, 0xff, 0x29, 0x86, 0xdc, 0xff, 0x29, 0x86, 0xdc, 0xff,
    0x29, 0x86, 0xdc, 0xff, 0x29, 0x86, 0xdc, 0xff, 0x2a, 0x86, 0xdb, 0xff, 0x2a, 0x86, 0xdc, 0xff,
    0x29, 0x86, 0xdc, 0xff, 0x29, 0x86, 0xdc, 0xff, 0x29, 0x86, 0xdc, 0xff, 0x29, 0x86, 0xdc, 0xff,
    0x29, 0x86, 0xdc, 0xff, 0x29, 0x86, 0xdc, 0xff, 0x29, 0x86, 0xdc, 0xff, 0x29, 0x86, 0xdc, 0xff,
    0x29, 0x86, 0xdc, 0xff, 0x29, 0x86, 0xdc, 0xff, 0x29, 0x86, 0xdc, 0xff, 0x2a, 0x88, 0xdd, 0x1e,
    0x00, 0x00, 0x00, 0x00, 0x00, 0x00, 0x00, 0x00, 0x00, 0x00, 0x00, 0x00, 0x00, 0x00, 0x00, 0x00,
    0x2a, 0x87, 0xdd, 0x49, 0x29, 0x86, 0xdc, 0xff, 0x29, 0x86, 0xdc, 0xff, 0x2a, 0x86, 0xdb, 0xff,
    0x2a, 0x85, 0xdb, 0xff, 0x2a, 0x85, 0xdb, 0xff, 0x2a, 0x85, 0xda, 0xff, 0x2a, 0x85, 0xda, 0xff,
    0x29, 0x84, 0xd9, 0xff, 0x29, 0x84, 0xd9, 0xff, 0x29, 0x83, 0xd8, 0xff, 0x28, 0x83, 0xd7, 0xff,
    0x28, 0x83, 0xd7, 0xff, 0x28, 0x83, 0xd7, 0xff, 0x2d, 0x89, 0xdd, 0xff, 0x60, 0xa6, 0xe6, 0xff,
    0x6d, 0xad, 0xe8, 0xff, 0x3f, 0x93, 0xe0, 0xff, 0x29, 0x86, 0xdc, 0xff, 0x29, 0x86, 0xdc, 0xff,
    0x29, 0x86, 0xdc, 0xff, 0x29, 0x86, 0xdc, 0xff, 0x29, 0x86, 0xdc, 0xff, 0x29, 0x86, 0xdc, 0xff,
    0x29, 0x86, 0xdc, 0xff, 0x29, 0x86, 0xdc, 0xff, 0x29, 0x86, 0xdc, 0xff, 0x29, 0x86, 0xdc, 0xff,
    0x29, 0x86, 0xdc, 0xff, 0x29, 0x86, 0xdc, 0xff, 0x29, 0x86, 0xdc, 0xff, 0x29, 0x86, 0xdc, 0xff,
    0x29, 0x86, 0xdc, 0xff, 0x29, 0x86, 0xdc, 0xff, 0x29, 0x86, 0xdc, 0xff, 0x29, 0x86, 0xdc, 0xff,
    0x29, 0x86, 0xdc, 0xff, 0x29, 0x86, 0xdc, 0xff, 0x29, 0x86, 0xdc, 0xff, 0x29, 0x86, 0xdc, 0xff,
    0x29, 0x86, 0xdc, 0xff, 0x29, 0x86, 0xdc, 0xff, 0x29, 0x86, 0xdc, 0xff, 0x29, 0x86, 0xdc, 0xff,
    0x29, 0x86, 0xdc, 0xff, 0x29, 0x86, 0xdc, 0xff, 0x29, 0x86, 0xdc, 0xff, 0x29, 0x86, 0xdc, 0xff,
    0x29, 0x86, 0xdc, 0xff, 0x29, 0x86, 0xdc, 0xff, 0x29, 0x86, 0xdc, 0xff, 0x29, 0x86, 0xdc, 0xff,
    0x2a, 0x86, 0xdb, 0xff, 0x29, 0x86, 0xdc, 0xff, 0x29, 0x86, 0xdc, 0xff, 0x29, 0x86, 0xdc, 0xff,
    0x29, 0x86, 0xdc, 0xff, 0x29, 0x86, 0xdc, 0xff, 0x29, 0x86, 0xdc, 0xff, 0x29, 0x86, 0xdc, 0xff,
    0x29, 0x86, 0xdc, 0xff, 0x29, 0x86, 0xdc, 0xff, 0x29, 0x86, 0xdc, 0xff, 0x29, 0x86, 0xdc, 0xff,
    0x29, 0x86, 0xdc, 0xff, 0x26, 0x89, 0xdf, 0x0c, 0x00, 0x00, 0x00, 0x00, 0x00, 0x00, 0x00, 0x00,
    0x00, 0x00, 0x00, 0x00, 0x00, 0x00, 0x00, 0x00, 0x28, 0x87, 0xde, 0x31, 0x29, 0x86, 0xdc, 0xff,
    0x29, 0x86, 0xdc, 0xff, 0x2a, 0x86, 0xdb, 0xff, 0x2a, 0x86, 0xdb, 0xff, 0x2a, 0x85, 0xdb, 0xff,
    0x2a, 0x85, 0xdb, 0xff, 0x29, 0x84, 0xd9, 0xff, 0x29, 0x84, 0xd9, 0xff, 0x29, 0x84, 0xd9, 0xff,
    0x29, 0x84, 0xd9, 0xff, 0x29, 0x83, 0xd8, 0xff, 0x28, 0x83, 0xd7, 0xff, 0x28, 0x83, 0xd7, 0xff,
    0x29, 0x86, 0xdc, 0xff, 0x29, 0x86, 0xdc, 0xff, 0x29, 0x86, 0xdc, 0xff, 0x29, 0x86, 0xdc, 0xff,
    0x29, 0x86, 0xdc, 0xff, 0x29, 0x86, 0xdc, 0xff, 0x29, 0x86, 0xdc, 0xff, 0x29, 0x86, 0xdc, 0xff,
    0x29, 0x86, 0xdc, 0xff, 0x29, 0x86, 0xdc, 0xff, 0x29, 0x86, 0xdc, 0xff, 0x29, 0x86, 0xdc, 0xff,
    0x29, 0x86, 0xdc, 0xff, 0x29, 0x86, 0xdc, 0xff, 0x29, 0x86, 0xdc, 0xff, 0x29, 0x86, 0xdc, 0xff,
    0x29, 0x86, 0xdc, 0xff, 0x29, 0x86, 0xdc, 0xff, 0x29, 0x86, 0xdc, 0xff, 0x29, 0x86, 0xdc, 0xff,
    0x29, 0x86, 0xdc, 0xff, 0x29, 0x86, 0xdc, 0xff, 0x29, 0x86, 0xdc, 0xff, 0x29, 0x86, 0xdc, 0xff,
    0x29, 0x86, 0xdc, 0xff, 0x29, 0x86, 0xdc, 0xff, 0x29, 0x86, 0xdc, 0xff, 0x29, 0x86, 0xdc, 0xff,
    0x29, 0x86, 0xdc, 0xff, 0x29, 0x86, 0xdc, 0xff, 0x29, 0x86, 0xdc, 0xff, 0x29, 0x86, 0xdc, 0xff,
    0x29, 0x86, 0xdc, 0xff, 0x29, 0x86, 0xdc, 0xff, 0x29, 0x86, 0xdc, 0xff, 0x29, 0x86, 0xdc, 0xff,
    0x29, 0x86, 0xdc, 0xff, 0x29, 0x86, 0xdc, 0xff, 0x29, 0x86, 0xdc, 0xff, 0x29, 0x86, 0xdc, 0xff,
    0x29, 0x86, 0xdc, 0xff, 0x29, 0x86, 0xdc, 0xff, 0x29, 0x86, 0xdc, 0xff, 0x29, 0x86, 0xdc, 0xff,
    0x29, 0x86, 0xdc, 0xff, 0x29, 0x86, 0xdc, 0xff, 0x29, 0x86, 0xdc, 0xff, 0x29, 0x86, 0xdc, 0xff,
    0x29, 0x86, 0xdc, 0xff, 0x29, 0x86, 0xdc, 0xff, 0x28, 0x87, 0xdc, 0xea, 0x00, 0x00, 0x00, 0x00,
    0x00, 0x00, 0x00, 0x00, 0x00, 0x00, 0x00, 0x00, 0x00, 0x00, 0x00, 0x00, 0x00, 0x00, 0x00, 0x00,
    0x86, 0x91, 0x9d, 0x01, 0x29, 0x87, 0xdd, 0xf6, 0x29, 0x86, 0xdc, 0xff, 0x29, 0x85, 0xdb, 0xff,
    0x2a, 0x85, 0xdb, 0xff, 0x2a, 0x85, 0xdb, 0xff, 0x2a, 0x85, 0xda, 0xff, 0x29, 0x84, 0xd9, 0xff,
    0x29, 0x85, 0xda, 0xff, 0x29, 0x84, 0xd9, 0xff, 0x29, 0x84, 0xd9, 0xff, 0x28, 0x83, 0xd7, 0xff,
    0x29, 0x83, 0xd8, 0xff, 0x28, 0x82, 0xd6, 0xff, 0x28, 0x82, 0xd6, 0xff, 0x28, 0x81, 0xd4, 0xff,
    0x28, 0x81, 0xd4, 0xff, 0x27, 0x81, 0xd3, 0xff, 0x27, 0x81, 0xd3, 0xff, 0x27, 0x81, 0xd3, 0xff,
    0x27, 0x81, 0xd3, 0xff, 0x27, 0x81, 0xd3, 0xff, 0x27, 0x81, 0xd3, 0xff, 0x27, 0x81, 0xd3, 0xff,
    0x27, 0x81, 0xd3, 0xff, 0x27, 0x81, 0xd3, 0xff, 0x27, 0x81, 0xd3, 0xff, 0x27, 0x81, 0xd3, 0xff,
    0x27, 0x81, 0xd3, 0xff, 0x27, 0x81, 0xd3, 0xff, 0x27, 0x81, 0xd3, 0xff, 0x27, 0x81, 0xd3, 0xff,
    0x28, 0x81, 0xd4, 0xff, 0x28, 0x81, 0xd4, 0xff, 0x28, 0x81, 0xd4, 0xff, 0x28, 0x82, 0xd6, 0xff,
    0x28, 0x82, 0xd6, 0xff, 0x28, 0x82, 0xd6, 0xff, 0x28, 0x82, 0xd6, 0xff, 0x28, 0x83, 0xd7, 0xff,
    0x28, 0x83, 0xd7, 0xff, 0x29, 0x83, 0xd8, 0xff, 0x29, 0x84, 0xd9, 0xff, 0x29, 0x84, 0xd9, 0xff,
    0x29, 0x85, 0xda, 0xff, 0x29, 0x85, 0xda, 0xff, 0x2a, 0x85, 0xda, 0xff, 0x2a, 0x85, 0xda, 0xff,
    0x29, 0x85, 0xdb, 0xff, 0x2a, 0x86, 0xdb, 0xff, 0x2a, 0x86, 0xdb, 0xff, 0x2a, 0x86, 0xdc, 0xff,
    0x29, 0x86, 0xdc, 0xff, 0x29, 0x86, 0xdc, 0xff, 0x29, 0x86, 0xdc, 0xff, 0x29, 0x86, 0xdc, 0xff,
    0x29, 0x86, 0xdc, 0xff, 0x29, 0x86, 0xdc, 0xff, 0x29, 0x86, 0xdc, 0xff, 0x29, 0x86, 0xdc, 0xff,
    0x29, 0x86, 0xdc, 0xff, 0x29, 0x86, 0xdc, 0xff, 0x29, 0x86, 0xdc, 0xff, 0x29, 0x86, 0xdc, 0xff,
    0x29, 0x86, 0xdc, 0xad, 0x00, 0x00, 0x00, 0x00, 0x00, 0x00, 0x00, 0x00, 0x00, 0x00, 0x00, 0x00,
    0x00, 0x00, 0x00, 0x00, 0x00, 0x00, 0x00, 0x00, 0x00, 0x00, 0x00, 0x00, 0x29, 0x86, 0xdc, 0xad,
    0x29, 0x86, 0xdc, 0xff, 0x29, 0x85, 0xdb, 0xff, 0x2a, 0x85, 0xdb, 0xff, 0x29, 0x85, 0xda, 0xff,
    0x2a, 0x85, 0xda, 0xff, 0x2a, 0x85, 0xda, 0xff, 0x29, 0x85, 0xda, 0xff, 0x29, 0x84, 0xd9, 0xff,
    0x29, 0x84, 0xd9, 0xff, 0x29, 0x83, 0xd8, 0xff, 0x29, 0x83, 0xd8, 0xff, 0x28, 0x83, 0xd7, 0xff,
    0x28, 0x82, 0xd6, 0xff, 0x28, 0x82, 0xd6, 0xff, 0x28, 0x82, 0xd6, 0xff, 0x28, 0x81, 0xd4, 0xff,
    0x28, 0x81, 0xd4, 0xff, 0x27, 0x81, 0xd3, 0xff, 0x27, 0x81, 0xd3, 0xff, 0x27, 0x81, 0xd3, 0xff,
    0x27, 0x81, 0xd3, 0xff, 0x27, 0x81, 0xd3, 0xff, 0x27, 0x81, 0xd3, 0xff, 0x27, 0x81, 0xd3, 0xff,
    0x28, 0x81, 0xd4, 0xff, 0x27, 0x81, 0xd3, 0xff, 0x27, 0x81, 0xd3, 0xff, 0x27, 0x81, 0xd3, 0xff,
    0x28, 0x81, 0xd4, 0xff, 0x28, 0x81, 0xd4, 0xff, 0x28, 0x82, 0xd6, 0xff, 0x28, 0x82, 0xd6, 0xff,
    0x28, 0x82, 0xd6, 0xff, 0x28, 0x82, 0xd6, 0xff, 0x28, 0x83, 0xd7, 0xff, 0x28, 0x83, 0xd7, 0xff,
    0x28, 0x83, 0xd7, 0xff, 0x29, 0x83, 0xd8, 0xff, 0x29, 0x84, 0xd9, 0xff, 0x29, 0x84, 0xd9, 0xff,
    0x29, 0x84, 0xd9, 0xff, 0x2a, 0x85, 0xda, 0xff, 0x29, 0x85, 0xda, 0xff, 0x29, 0x85, 0xda, 0xff,
    0x2a, 0x85, 0xdb, 0xff, 0x2a, 0x85, 0xdb, 0xff, 0x2a, 0x86, 0xdb, 0xff, 0x29, 0x85, 0xdb, 0xff,
    0x2a, 0x86, 0xdb, 0xff, 0x29, 0x86, 0xdc, 0xff, 0x29, 0x86, 0xdc, 0xff, 0x29, 0x86, 0xdc, 0xff,
    0x29, 0x86, 0xdc, 0xff, 0x29, 0x86, 0xdc, 0xff, 0x29, 0x86, 0xdc, 0xff, 0x29, 0x86, 0xdc, 0xff,
    0x29, 0x86, 0xdc, 0xff, 0x29, 0x86, 0xdc, 0xff, 0x29, 0x86, 0xdc, 0xff, 0x29, 0x86, 0xdc, 0xff,
    0x29, 0x86, 0xdc, 0xff, 0x29, 0x86, 0xdc, 0xff, 0x29, 0x86, 0xdc, 0x6e, 0x00, 0x00, 0x00, 0x00,
    0x00, 0x00, 0x00, 0x00, 0x00, 0x00, 0x00, 0x00, 0x00, 0x00, 0x00, 0x00, 0x00, 0x00, 0x00, 0x00,
    0x00, 0x00, 0x00, 0x00, 0x2a, 0x85, 0xdb, 0x5a, 0x29, 0x86, 0xdc, 0xff, 0x2a, 0x86, 0xdc, 0xff,
    0x2a, 0x86, 0xdb, 0xff, 0x2a, 0x85, 0xdb, 0xff, 0x2a, 0x85, 0xda, 0xff, 0x29, 0x85, 0xda, 0xff,
    0x29, 0x85, 0xda, 0xff, 0x29, 0x84, 0xd9, 0xff, 0x29, 0x84, 0xd9, 0xff, 0x29, 0x83, 0xd8, 0xff,
    0x29, 0x83, 0xd8, 0xff, 0x29, 0x83, 0xd8, 0xff, 0x28, 0x83, 0xd7, 0xff, 0x28, 0x82, 0xd6, 0xff,
    0x28, 0x82, 0xd6, 0xff, 0x28, 0x82, 0xd6, 0xff, 0x28, 0x82, 0xd6, 0xff, 0x28, 0x81, 0xd4, 0xff,
    0x28, 0x81, 0xd4, 0xff, 0x27, 0x81, 0xd3, 0xff, 0x28, 0x81, 0xd4, 0xff, 0x28, 0x81, 0xd4, 0xff,
    0x28, 0x81, 0xd4, 0xff, 0x28, 0x81, 0xd4, 0xff, 0x28, 0x81, 0xd4, 0xff, 0x28, 0x81, 0xd4, 0xff,
    0x28, 0x82, 0xd6, 0xff, 0x28, 0x82, 0xd6, 0xff, 0x28, 0x82, 0xd6, 0xff, 0x28, 0x82, 0xd6, 0xff,
    0x28, 0x82, 0xd6, 0xff, 0x28, 0x82, 0xd6, 0xff, 0x28, 0x83, 0xd7, 0xff, 0x28, 0x83, 0xd7, 0xff,
    0x29, 0x83, 0xd8, 0xff, 0x29, 0x83, 0xd8, 0xff, 0x29, 0x84, 0xd9, 0xff, 0x29, 0x84, 0xd9, 0xff,
    0x29, 0x84, 0xd9, 0xff, 0x29, 0x84, 0xd9, 0xff, 0x29, 0x84, 0xd9, 0xff, 0x2a, 0x85, 0xda, 0xff,
    0x2a, 0x85, 0xda, 0xff, 0x29, 0x85, 0xda, 0xff, 0x2a, 0x85, 0xdb, 0xff, 0x2a, 0x86, 0xdb, 0xff,
    0x2a, 0x86, 0xdb, 0xff, 0x2a, 0x86, 0xdc, 0xff, 0x2a, 0x86, 0xdc, 0xff, 0x29, 0x86, 0xdc, 0xff,
    0x29, 0x86, 0xdc, 0xff, 0x29, 0x86, 0xdc, 0xff, 0x29, 0x86, 0xdc, 0xff, 0x29, 0x86, 0xdc, 0xff,
    0x29, 0x86, 0xdc, 0xff, 0x29, 0x86, 0xdc, 0xff, 0x29, 0x86, 0xdc, 0xff, 0x29, 0x86, 0xdc, 0xff,
    0x29, 0x86, 0xdc, 0xff, 0x29, 0x86, 0xdc, 0xff, 0x29, 0x86, 0xdc, 0xff, 0x29, 0x86, 0xdc, 0xff,
    0x2a, 0x88, 0xdd, 0x1e, 0x00, 0x00, 0x00, 0x00, 0x00, 0x00, 0x00, 0x00, 0x00, 0x00, 0x00, 0x00,
    0x00, 0x00, 0x00, 0x00, 0x00, 0x00, 0x00, 0x00, 0x00, 0x00, 0x00, 0x00, 0x26, 0x89, 0xdf, 0x0c,
    0x29, 0x86, 0xdc, 0xee, 0x2a, 0x86, 0xdb, 0xff, 0x29, 0x85, 0xdb, 0xff, 0x2a, 0x85, 0xdb, 0xff,
    0x2a, 0x85, 0xda, 0xff, 0x29, 0x85, 0xda, 0xff, 0x2a, 0x85, 0xda, 0xff, 0x29, 0x84, 0xd9, 0xff,
    0x29, 0x84, 0xd9, 0xff, 0x29, 0x84, 0xd9, 0xff, 0x29, 0x84, 0xd9, 0xff, 0x29, 0x83, 0xd8, 0xff,
    0x28, 0x83, 0xd7, 0xff, 0x28, 0x83, 0xd7, 0xff, 0x28, 0x82, 0xd6, 0xff, 0x28, 0x82, 0xd6, 0xff,
    0x28, 0x82, 0xd6, 0xff, 0x28, 0x82, 0xd6, 0xff, 0x28, 0x82, 0xd6, 0xff, 0x28, 0x82, 0xd6, 0xff,
    0x28, 0x82, 0xd6, 0xff, 0x28, 0x82, 0xd6, 0xff, 0x28, 0x82, 0xd6, 0xff, 0x28, 0x82, 0xd6, 0xff,
    0x28, 0x82, 0xd6, 0xff, 0x28, 0x82, 0xd6, 0xff, 0x28, 0x82, 0xd6, 0xff, 0x28, 0x82, 0xd6, 0xff,
    0x28, 0x83, 0xd7, 0xff, 0x28, 0x83, 0xd7, 0xff, 0x29, 0x83, 0xd8, 0xff, 0x29, 0x83, 0xd8, 0xff,
    0x29, 0x83, 0xd8, 0xff, 0x29, 0x84, 0xd9, 0xff, 0x29, 0x84, 0xd9, 0xff, 0x29, 0x84, 0xd9, 0xff,
    0x29, 0x84, 0xd9, 0xff, 0x29, 0x84, 0xd9, 0xff, 0x29, 0x85, 0xda, 0xff, 0x29, 0x84, 0xd9, 0xff,
    0x29, 0x85, 0xda, 0xff, 0x2a, 0x85, 0xdb, 0xff, 0x2a, 0x85, 0xdb, 0xff, 0x2a, 0x85, 0xdb, 0xff,
    0x2a, 0x86, 0xdb, 0xff, 0x2a, 0x86, 0xdc, 0xff, 0x29, 0x85, 0xdb, 0xff, 0x2a, 0x86, 0xdc, 0xff,
    0x29, 0x86, 0xdc, 0xff, 0x29, 0x86, 0xdc, 0xff, 0x29, 0x86, 0xdc, 0xff, 0x29, 0x86, 0xdc, 0xff,
    0x29, 0x86, 0xdc, 0xff, 0x29, 0x86, 0xdc, 0xff, 0x29, 0x86, 0xdc, 0xff, 0x29, 0x86, 0xdc, 0xff,
    0x29, 0x86, 0xdc, 0xff, 0x29, 0x86, 0xdc, 0xff, 0x29, 0x86, 0xdc, 0xff, 0x29, 0x86, 0xdc, 0xff,
    0x29, 0x86, 0xdc, 0xff, 0x29, 0x86, 0xdc, 0xad, 0x00, 0x00, 0x00, 0x00, 0x00, 0x00, 0x00, 0x00,
    0x00, 0x00, 0x00, 0x00, 0x00, 0x00, 0x00, 0x00, 0x00, 0x00, 0x00, 0x00, 0x00, 0x00, 0x00, 0x00,
    0x00, 0x00, 0x00, 0x00, 0x00, 0x00, 0x00, 0x00, 0x29, 0x86, 0xdc, 0x6e, 0x29, 0x85, 0xdb, 0xff,
    0x2a, 0x86, 0xdb, 0xff, 0x2a, 0x85, 0xdb, 0xff, 0x2a, 0x85, 0xdb, 0xff, 0x29, 0x85, 0xda, 0xff,
    0x2a, 0x85, 0xda, 0xff, 0x29, 0x85, 0xda, 0xff, 0x29, 0x84, 0xd9, 0xff, 0x29, 0x84, 0xd9, 0xff,
    0x29, 0x84, 0xd9, 0xff, 0x29, 0x83, 0xd8, 0xff, 0x29, 0x83, 0xd8, 0xff, 0x29, 0x83, 0xd8, 0xff,
    0x28, 0x83, 0xd7, 0xff, 0x28, 0x83, 0xd7, 0xff, 0x28, 0x82, 0xd6, 0xff, 0x28, 0x82, 0xd6, 0xff,
    0x28, 0x83, 0xd7, 0xff, 0x28, 0x83, 0xd7, 0xff, 0x28, 0x82, 0xd6, 0xff, 0x28, 0x82, 0xd6, 0xff,
    0x28, 0x82, 0xd6, 0xff, 0x28, 0x82, 0xd6, 0xff, 0x28, 0x83, 0xd7, 0xff, 0x28, 0x83, 0xd7, 0xff,
    0x29, 0x83, 0xd8, 0xff, 0x29, 0x83, 0xd8, 0xff, 0x29, 0x83, 0xd8, 0xff, 0x29, 0x84, 0xd9, 0xff,
    0x29, 0x84, 0xd9, 0xff, 0x29, 0x84, 0xd9, 0xff, 0x29, 0x84, 0xd9, 0xff, 0x29, 0x84, 0xd9, 0xff,
    0x29, 0x84, 0xd9, 0xff, 0x29, 0x84, 0xd9, 0xff, 0x29, 0x85, 0xda, 0xff, 0x29, 0x85, 0xda, 0xff,
    0x2a, 0x85, 0xda, 0xff, 0x2a, 0x85, 0xda, 0xff, 0x2a, 0x85, 0xda, 0xff, 0x2a, 0x85, 0xdb, 0xff,
    0x2a, 0x86, 0xdb, 0xff, 0x2a, 0x86, 0xdb, 0xff, 0x2a, 0x86, 0xdb, 0xff, 0x2a, 0x86, 0xdb, 0xff,
    0x2a, 0x86, 0xdc, 0xff, 0x29, 0x86, 0xdc, 0xff, 0x29, 0x86, 0xdc, 0xff, 0x29, 0x86, 0xdc, 0xff,
    0x29, 0x86, 0xdc, 0xff, 0x29, 0x86, 0xdc, 0xff, 0x29, 0x86, 0xdc, 0xff, 0x29, 0x86, 0xdc, 0xff,
    0x29, 0x86, 0xdc, 0xff, 0x29, 0x86, 0xdc, 0xff, 0x29, 0x86, 0xdc, 0xff, 0x29, 0x86, 0xdc, 0xff,
    0x29, 0x86, 0xdc, 0xff, 0x29, 0x86, 0xdc, 0xff, 0x29, 0x86, 0xdc, 0xff, 0x28, 0x87, 0xde, 0x31,
    0x00, 0x00, 0x00, 0x00, 0x00, 0x00, 0x00, 0x00, 0x00, 0x00, 0x00, 0x00, 0x00, 0x00, 0x00, 0x00,
    0x00, 0x00, 0x00, 0x00, 0x00, 0x00, 0x00, 0x00, 0x00, 0x00, 0x00, 0x00, 0x00, 0x00, 0x00, 0x00,
    0x26, 0x89, 0xdf, 0x0c, 0x29, 0x86, 0xdc, 0xdb, 0x2a, 0x85, 0xdb, 0xff, 0x2a, 0x86, 0xdb, 0xff,
    0x2a, 0x85, 0xdb, 0xff, 0x29, 0x85, 0xda, 0xff, 0x2a, 0x85, 0xda, 0xff, 0x29, 0x85, 0xda, 0xff,
    0x29, 0x85, 0xda, 0xff, 0x29, 0x85, 0xda, 0xff, 0x29, 0x84, 0xd9, 0xff, 0x29, 0x84, 0xd9, 0xff,
    0x29, 0x83, 0xd8, 0xff, 0x29, 0x83, 0xd8, 0xff, 0x28, 0x83, 0xd7, 0xff, 0x29, 0x83, 0xd8, 0xff,
    0x28, 0x83, 0xd7, 0xff, 0x28, 0x83, 0xd7, 0xff, 0x28, 0x83, 0xd7, 0xff, 0x28, 0x83, 0xd7, 0xff,
    0x28, 0x83, 0xd7, 0xff, 0x28, 0x83, 0xd7, 0xff, 0x29, 0x83, 0xd8, 0xff, 0x29, 0x83, 0xd8, 0xff,
    0x29, 0x83, 0xd8, 0xff, 0x29, 0x83, 0xd8, 0xff, 0x29, 0x83, 0xd8, 0xff, 0x29, 0x84, 0xd9, 0xff,
    0x29, 0x84, 0xd9, 0xff, 0x29, 0x84, 0xd9, 0xff, 0x29, 0x84, 0xd9, 0xff, 0x29, 0x84, 0xd9, 0xff,
    0x29, 0x84, 0xd9, 0xff, 0x29, 0x85, 0xda, 0xff, 0x29, 0x85, 0xda, 0xff, 0x29, 0x85, 0xda, 0xff,
    0x2a, 0x85, 0xda, 0xff, 0x2a, 0x85, 0xda, 0xff, 0x2a, 0x85, 0xda, 0xff, 0x2a, 0x85, 0xdb, 0xff,
    0x2a, 0x86, 0xdb, 0xff, 0x2a, 0x86, 0xdb, 0xff, 0x29, 0x85, 0xdb, 0xff, 0x2a, 0x86, 0xdb, 0xff,
    0x29, 0x86, 0xdc, 0xff, 0x29, 0x86, 0xdc, 0xff, 0x29, 0x86, 0xdc, 0xff, 0x29, 0x86, 0xdc, 0xff,
    0x29, 0x86, 0xdc, 0xff, 0x29, 0x86, 0xdc, 0xff, 0x29, 0x86, 0xdc, 0xff, 0x29, 0x86, 0xdc, 0xff,
    0x29, 0x86, 0xdc, 0xff, 0x29, 0x86, 0xdc, 0xff, 0x29, 0x86, 0xdc, 0xff, 0x29, 0x86, 0xdc, 0xff,
    0x29, 0x86, 0xdc, 0xff, 0x29, 0x86, 0xdc, 0xff, 0x29, 0x86, 0xdc, 0xff, 0x29, 0x86, 0xdc, 0xff,
    0x29, 0x86, 0xdd, 0x9a, 0x00, 0x00, 0x00, 0x00, 0x00, 0x00, 0x00, 0x00, 0x00, 0x00, 0x00, 0x00,
    0x00, 0x00, 0x00, 0x00, 0x00, 0x00, 0x00, 0x00, 0x00, 0x00, 0x00, 0x00, 0x00, 0x00, 0x00, 0x00,
    0x00, 0x00, 0x00, 0x00, 0x00, 0x00, 0x00, 0x00, 0x00, 0x00, 0x00, 0x00, 0x29, 0x85, 0xdd, 0x39,
    0x29, 0x86, 0xdc, 0xfa, 0x2a, 0x86, 0xdb, 0xff, 0x29, 0x85, 0xdb, 0xff, 0x2a, 0x85, 0xda, 0xff,
    0x29, 0x85, 0xda, 0xff, 0x2a, 0x85, 0xda, 0xff, 0x29, 0x85, 0xda, 0xff, 0x29, 0x85, 0xda, 0xff,
    0x29, 0x85, 0xda, 0xff, 0x29, 0x84, 0xd9, 0xff, 0x29, 0x84, 0xd9, 0xff, 0x29, 0x84, 0xd9, 0xff,
    0x29, 0x84, 0xd9, 0xff, 0x29, 0x83, 0xd8, 0xff, 0x29, 0x84, 0xd9, 0xff, 0x29, 0x83, 0xd8, 0xff,
    0x29, 0x83, 0xd8, 0xff, 0x29, 0x83, 0xd8, 0xff, 0x29, 0x83, 0xd8, 0xff, 0x29, 0x83, 0xd8, 0xff,
    0x29, 0x84, 0xd9, 0xff, 0x29, 0x84, 0xd9, 0xff, 0x29, 0x84, 0xd9, 0xff, 0x29, 0x84, 0xd9, 0xff,
    0x29, 0x84, 0xd9, 0xff, 0x29, 0x84, 0xd9, 0xff, 0x29, 0x84, 0xd9, 0xff, 0x29, 0x84, 0xd9, 0xff,
    0x29, 0x85, 0xda, 0xff, 0x29, 0x85, 0xda, 0xff, 0x2a, 0x85, 0xda, 0xff, 0x2a, 0x85, 0xdb, 0xff,
    0x2a, 0x85, 0xda, 0xff, 0x2a, 0x85, 0xdb, 0xff, 0x2a, 0x86, 0xdb, 0xff, 0x2a, 0x86, 0xdb, 0xff,
    0x2a, 0x86, 0xdc, 0xff, 0x2a, 0x86, 0xdc, 0xff, 0x2a, 0x86, 0xdb, 0xff, 0x2a, 0x86, 0xdb, 0xff,
    0x2a, 0x86, 0xdc, 0xff, 0x29, 0x86, 0xdc, 0xff, 0x29, 0x86, 0xdc, 0xff, 0x29, 0x86, 0xdc, 0xff,
    0x29, 0x86, 0xdc, 0xff, 0x29, 0x86, 0xdc, 0xff, 0x29, 0x86, 0xdc, 0xff, 0x29, 0x86, 0xdc, 0xff,
    0x29, 0x86, 0xdc, 0xff, 0x29, 0x86, 0xdc, 0xff, 0x29, 0x86, 0xdc, 0xff, 0x29, 0x86, 0xdc, 0xff,
    0x29, 0x86, 0xdc, 0xff, 0x29, 0x86, 0xdc, 0xff, 0x29, 0x86, 0xdc, 0xff, 0x29, 0x86, 0xdc, 0xff,
    0x29, 0x86, 0xdc, 0xff, 0x29, 0x86, 0xdc, 0xdb, 0x26, 0x8c, 0xd9, 0x14, 0x00, 0x00, 0x00, 0x00,
    0x00, 0x00, 0x00, 0x00, 0x00, 0x00, 0x00, 0x00, 0x00, 0x00, 0x00, 0x00, 0x00, 0x00, 0x00, 0x00,
    0x00, 0x00, 0x00, 0x00, 0x00, 0x00, 0x00, 0x00, 0x00, 0x00, 0x00, 0x00, 0x00, 0x00, 0x00, 0x00,
    0x00, 0x00, 0x00, 0x00, 0x86, 0x91, 0x9d, 0x01, 0x29, 0x86, 0xdc, 0x6e, 0x29, 0x85, 0xdb, 0xff,
    0x2a, 0x86, 0xdb, 0xff, 0x2a, 0x85, 0xdb, 0xff, 0x2a, 0x85, 0xda, 0xff, 0x29, 0x85, 0xda, 0xff,
    0x2a, 0x85, 0xda, 0xff, 0x2a, 0x85, 0xda, 0xff, 0x29, 0x85, 0xda, 0xff, 0x29, 0x85, 0xda, 0xff,
    0x29, 0x85, 0xda, 0xff, 0x29, 0x84, 0xd9, 0xff, 0x29, 0x84, 0xd9, 0xff, 0x29, 0x84, 0xd9, 0xff,
    0x29, 0x84, 0xd9, 0xff, 0x29, 0x84, 0xd9, 0xff, 0x29, 0x84, 0xd9, 0xff, 0x29, 0x84, 0xd9, 0xff,
    0x29, 0x84, 0xd9, 0xff, 0x29, 0x84, 0xd9, 0xff, 0x29, 0x84, 0xd9, 0xff, 0x29, 0x84, 0xd9, 0xff,
    0x29, 0x85, 0xda, 0xff, 0x29, 0x84, 0xd9, 0xff, 0x29, 0x84, 0xd9, 0xff, 0x2a, 0x85, 0xda, 0xff,
    0x2a, 0x85, 0xda, 0xff, 0x2a, 0x85, 0xda, 0xff, 0x29, 0x85, 0xda, 0xff, 0x2a, 0x85, 0xdb, 0xff,
    0x29, 0x85, 0xdb, 0xff, 0x29, 0x85, 0xdb, 0xff, 0x29, 0x85, 0xdb, 0xff, 0x2a, 0x85, 0xdb, 0xff,
    0x2a, 0x86, 0xdb, 0xff, 0x2a, 0x85, 0xdb, 0xff, 0x29, 0x85, 0xdb, 0xff, 0x29, 0x85, 0xdb, 0xff,
    0x2a, 0x86, 0xdb, 0xff, 0x2a, 0x86, 0xdc, 0xff, 0x29, 0x86, 0xdc, 0xff, 0x29, 0x86, 0xdc, 0xff,
    0x29, 0x86, 0xdc, 0xff, 0x29, 0x86, 0xdc, 0xff, 0x29, 0x86, 0xdc, 0xff, 0x29, 0x86, 0xdc, 0xff,
    0x29, 0x86, 0xdc, 0xff, 0x29, 0x86, 0xdc, 0xff, 0x29, 0x86, 0xdc, 0xff, 0x29, 0x86, 0xdc, 0xff,
    0x29, 0x86, 0xdc, 0xff, 0x29, 0x86, 0xdc, 0xff, 0x29, 0x86, 0xdc, 0xff, 0x29, 0x86, 0xdc, 0xff,
    0x29, 0x86, 0xdc, 0xff, 0x29, 0x86, 0xdc, 0xff, 0x29, 0x86, 0xdd, 0xf5, 0x28, 0x87, 0xde, 0x31,
    0x00, 0x00, 0x00, 0x00, 0x00, 0x00, 0x00, 0x00, 0x00, 0x00, 0x00, 0x00, 0x00, 0x00, 0x00, 0x00,
    0x00, 0x00, 0x00, 0x00, 0x00, 0x00, 0x00, 0x00, 0x00, 0x00, 0x00, 0x00, 0x00, 0x00, 0x00, 0x00,
    0x00, 0x00, 0x00, 0x00, 0x00, 0x00, 0x00, 0x00, 0x00, 0x00, 0x00, 0x00, 0x00, 0x00, 0x00, 0x00,
    0x86, 0x91, 0x9d, 0x01, 0x29, 0x86, 0xdc, 0x6e, 0x2a, 0x86, 0xdb, 0xff, 0x2a, 0x86, 0xdb, 0xff,
    0x2a, 0x85, 0xdb, 0xff, 0x2a, 0x85, 0xda, 0xff, 0x2a, 0x85, 0xdb, 0xff, 0x29, 0x85, 0xda, 0xff,
    0x29, 0x85, 0xda, 0xff, 0x2a, 0x85, 0xda, 0xff, 0x29, 0x85, 0xda, 0xff, 0x29, 0x84, 0xd9, 0xff,
    0x29, 0x85, 0xda, 0xff, 0x29, 0x85, 0xda, 0xff, 0x29, 0x84, 0xd9, 0xff, 0x29, 0x84, 0xd9, 0xff,
    0x29, 0x84, 0xd9, 0xff, 0x29, 0x84, 0xd9, 0xff, 0x29, 0x85, 0xda, 0xff, 0x29, 0x85, 0xda, 0xff,
    0x2a, 0x85, 0xda, 0xff, 0x2a, 0x85, 0xda, 0xff, 0x29, 0x85, 0xda, 0xff, 0x2a, 0x85, 0xda, 0xff,
    0x2a, 0x85, 0xda, 0xff, 0x2a, 0x85, 0xdb, 0xff, 0x2a, 0x85, 0xda, 0xff, 0x2a, 0x86, 0xdb, 0xff,
    0x2a, 0x86, 0xdb, 0xff, 0x2a, 0x86, 0xdb, 0xff, 0x2a, 0x86, 0xdb, 0xff, 0x29, 0x85, 0xdb, 0xff,
    0x2a, 0x86, 0xdb, 0xff, 0x29, 0x85, 0xdb, 0xff, 0x2a, 0x86, 0xdc, 0xff, 0x2a, 0x86, 0xdc, 0xff,
    0x2a, 0x86, 0xdc, 0xff, 0x29, 0x86, 0xdc, 0xff, 0x29, 0x86, 0xdc, 0xff, 0x29, 0x86, 0xdc, 0xff,
    0x29, 0x86, 0xdc, 0xff, 0x29, 0x86, 0xdc, 0xff, 0x29, 0x86, 0xdc, 0xff, 0x29, 0x86, 0xdc, 0xff,
    0x29, 0x86, 0xdc, 0xff, 0x29, 0x86, 0xdc, 0xff, 0x29, 0x86, 0xdc, 0xff, 0x29, 0x86, 0xdc, 0xff,
    0x29, 0x86, 0xdc, 0xff, 0x29, 0x86, 0xdc, 0xff, 0x29, 0x86, 0xdc, 0xff, 0x29, 0x86, 0xdc, 0xff,
    0x29, 0x86, 0xdc, 0xff, 0x29, 0x86, 0xdc, 0xff, 0x29, 0x86, 0xdc, 0xff, 0x29, 0x86, 0xdd, 0xf5,
    0x29, 0x85, 0xdd, 0x39, 0x00, 0x00, 0x00, 0x00, 0x00, 0x00, 0x00, 0x00, 0x00, 0x00, 0x00, 0x00,
    0x00, 0x00, 0x00, 0x00, 0x00, 0x00, 0x00, 0x00, 0x00, 0x00, 0x00, 0x00, 0x00, 0x00, 0x00, 0x00,
    0x00, 0x00, 0x00, 0x00, 0x00, 0x00, 0x00, 0x00, 0x00, 0x00, 0x00, 0x00, 0x00, 0x00, 0x00, 0x00,
    0x00, 0x00, 0x00, 0x00, 0x00, 0x00, 0x00, 0x00, 0x00, 0x00, 0x00, 0x00, 0x86, 0x91, 0x9d, 0x01,
    0x2a, 0x85, 0xdb, 0x5a, 0x29, 0x86, 0xdd, 0xf5, 0x2a, 0x86, 0xdc, 0xff, 0x2a, 0x85, 0xdb, 0xff,
    0x2a, 0x85, 0xda, 0xff, 0x29, 0x85, 0xda, 0xff, 0x2a, 0x85, 0xda, 0xff, 0x2a, 0x85, 0xda, 0xff,
    0x2a, 0x85, 0xda, 0xff, 0x29, 0x85, 0xda, 0xff, 0x29, 0x85, 0xda, 0xff, 0x29, 0x85, 0xda, 0xff,
    0x2a, 0x85, 0xda, 0xff, 0x29, 0x85, 0xda, 0xff, 0x29, 0x84, 0xd9, 0xff, 0x2a, 0x85, 0xda, 0xff,
    0x29, 0x85, 0xda, 0xff, 0x2a, 0x85, 0xda, 0xff, 0x2a, 0x85, 0xda, 0xff, 0x29, 0x85, 0xda, 0xff,
    0x2a, 0x85, 0xda, 0xff, 0x2a, 0x85, 0xdb, 0xff, 0x29, 0x85, 0xdb, 0xff, 0x29, 0x85, 0xdb, 0xff,
    0x2a, 0x86, 0xdc, 0xff, 0x29, 0x85, 0xdb, 0xff, 0x29, 0x85, 0xdb, 0xff, 0x2a, 0x86, 0xdb, 0xff,
    0x2a, 0x86, 0xdb, 0xff, 0x2a, 0x86, 0xdc, 0xff, 0x2a, 0x86, 0xdc, 0xff, 0x29, 0x86, 0xdc, 0xff,
    0x29, 0x86, 0xdc, 0xff, 0x29, 0x86, 0xdc, 0xff, 0x29, 0x86, 0xdc, 0xff, 0x29, 0x86, 0xdc, 0xff,
    0x29, 0x86, 0xdc, 0xff, 0x29, 0x86, 0xdc, 0xff, 0x29, 0x86, 0xdc, 0xff, 0x29, 0x86, 0xdc, 0xff,
    0x29, 0x86, 0xdc, 0xff, 0x29, 0x86, 0xdc, 0xff, 0x29, 0x86, 0xdc, 0xff, 0x29, 0x86, 0xdc, 0xff,
    0x29, 0x86, 0xdc, 0xff, 0x29, 0x86, 0xdc, 0xff, 0x29, 0x86, 0xdc, 0xff, 0x29, 0x86, 0xdc, 0xff,
    0x29, 0x86, 0xdc, 0xff, 0x29, 0x86, 0xdc, 0xff, 0x29, 0x86, 0xdc, 0xff, 0x29, 0x86, 0xdc, 0xff,
    0x29, 0x86, 0xdc, 0xdb, 0x29, 0x89, 0xdd, 0x27, 0x00, 0x00, 0x00, 0x00, 0x00, 0x00, 0x00, 0x00,
    0x00, 0x00, 0x00, 0x00, 0x00, 0x00, 0x00, 0x00, 0x00, 0x00, 0x00, 0x00, 0x00, 0x00, 0x00, 0x00,
    0x00, 0x00, 0x00, 0x00, 0x00, 0x00, 0x00, 0x00, 0x00, 0x00, 0x00, 0x00, 0x00, 0x00, 0x00, 0x00,
    0x00, 0x00, 0x00, 0x00, 0x00, 0x00, 0x00, 0x00, 0x00, 0x00, 0x00, 0x00, 0x00, 0x00, 0x00, 0x00,
    0x00, 0x00, 0x00, 0x00, 0x86, 0x91, 0x9d, 0x01, 0x86, 0x91, 0x9d, 0x01, 0x29, 0x89, 0xdd, 0x27,
    0x29, 0x86, 0xdd, 0xba, 0x2a, 0x86, 0xdb, 0xff, 0x2a, 0x86, 0xdc, 0xff, 0x2a, 0x86, 0xdb, 0xff,
    0x2a, 0x85, 0xdb, 0xff, 0x2a, 0x85, 0xdb, 0xff, 0x2a, 0x85, 0xdb, 0xff, 0x2a, 0x85, 0xda, 0xff,
    0x2a, 0x85, 0xda, 0xff, 0x2a, 0x85, 0xda, 0xff, 0x2a, 0x85, 0xda, 0xff, 0x2a, 0x85, 0xda, 0xff,
    0x2a, 0x85, 0xda, 0xff, 0x2a, 0x85, 0xda, 0xff, 0x2a, 0x85, 0xdb, 0xff, 0x2a, 0x85, 0xdb, 0xff,
    0x2a, 0x85, 0xda, 0xff, 0x2a, 0x85, 0xdb, 0xff, 0x29, 0x85, 0xdb, 0xff, 0x2a, 0x86, 0xdc, 0xff,
    0x2a, 0x86, 0xdc, 0xff, 0x2a, 0x86, 0xdb, 0xff, 0x2a, 0x86, 0xdb, 0xff, 0x29, 0x86, 0xdc, 0xff,
    0x29, 0x86, 0xdc, 0xff, 0x29, 0x86, 0xdc, 0xff, 0x29, 0x86, 0xdc, 0xff, 0x29, 0x86, 0xdc, 0xff,
    0x29, 0x86, 0xdc, 0xff, 0x29, 0x86, 0xdc, 0xff, 0x29, 0x86, 0xdc, 0xff, 0x29, 0x86, 0xdc, 0xff,
    0x29, 0x86, 0xdc, 0xff, 0x29, 0x86, 0xdc, 0xff, 0x29, 0x86, 0xdc, 0xff, 0x29, 0x86, 0xdc, 0xff,
    0x29, 0x86, 0xdc, 0xff, 0x29, 0x86, 0xdc, 0xff, 0x29, 0x86, 0xdc, 0xff, 0x29, 0x86, 0xdc, 0xff,
    0x29, 0x86, 0xdc, 0xff, 0x29, 0x86, 0xdc, 0xff, 0x29, 0x86, 0xdc, 0xff, 0x29, 0x86, 0xdc, 0xff,
    0x29, 0x86, 0xdc, 0xff, 0x29, 0x86, 0xdc, 0xff, 0x29, 0x86, 0xdc, 0xff, 0x29, 0x86, 0xdc, 0xff,
    0x29, 0x86, 0xdc, 0xff, 0x29, 0x86, 0xdd, 0x9a, 0x26, 0x89, 0xdf, 0x0c, 0x00, 0x00, 0x00, 0x00,
    0x00, 0x00, 0x00, 0x00, 0x00, 0x00, 0x00, 0x00, 0x00, 0x00, 0x00, 0x00, 0x00, 0x00, 0x00, 0x00,
    0x00, 0x00, 0x00, 0x00, 0x00, 0x00, 0x00, 0x00, 0x00, 0x00, 0x00, 0x00, 0x00, 0x00, 0x00, 0x00,
    0x00, 0x00, 0x00, 0x00, 0x00, 0x00, 0x00, 0x00, 0x00, 0x00, 0x00, 0x00, 0x00, 0x00, 0x00, 0x00,
    0x00, 0x00, 0x00, 0x00, 0x00, 0x00, 0x00, 0x00, 0x00, 0x00, 0x00, 0x00, 0x86, 0x91, 0x9d, 0x01,
    0x86, 0x91, 0x9d, 0x01, 0x86, 0x91, 0x9d, 0x01, 0x86, 0x91, 0x9d, 0x01, 0x2a, 0x87, 0xdd, 0x49,
    0x29, 0x86, 0xdd, 0xba, 0x2a, 0x86, 0xdb, 0xff, 0x2a, 0x85, 0xdb, 0xff, 0x2a, 0x85, 0xdb, 0xff,
    0x2a, 0x86, 0xdb, 0xff, 0x29, 0x85, 0xda, 0xff, 0x2a, 0x85, 0xda, 0xff, 0x2a, 0x85, 0xdb, 0xff,
    0x2a, 0x86, 0xdb, 0xff, 0x2a, 0x86, 0xdb, 0xff, 0x2a, 0x85, 0xdb, 0xff, 0x2a, 0x86, 0xdc, 0xff,
    0x29, 0x85, 0xdb, 0xff, 0x2a, 0x86, 0xdc, 0xff, 0x2a, 0x86, 0xdb, 0xff, 0x29, 0x85, 0xdb, 0xff,
    0x29, 0x85, 0xdb, 0xff, 0x2a, 0x86, 0xdb, 0xff, 0x2a, 0x86, 0xdb, 0xff, 0x2a, 0x85, 0xdb, 0xff,
    0x2a, 0x86, 0xdc, 0xff, 0x29, 0x86, 0xdc, 0xff, 0x29, 0x86, 0xdc, 0xff, 0x29, 0x86, 0xdc, 0xff,
    0x29, 0x86, 0xdc, 0xff, 0x29, 0x86, 0xdc, 0xff, 0x29, 0x86, 0xdc, 0xff, 0x29, 0x86, 0xdc, 0xff,
    0x29, 0x86, 0xdc, 0xff, 0x29, 0x86, 0xdc, 0xff, 0x29, 0x86, 0xdc, 0xff, 0x29, 0x86, 0xdc, 0xff,
    0x29, 0x86, 0xdc, 0xff, 0x29, 0x86, 0xdc, 0xff, 0x29, 0x86, 0xdc, 0xff, 0x29, 0x86, 0xdc, 0xff,
    0x29, 0x86, 0xdc, 0xff, 0x29, 0x86, 0xdc, 0xff, 0x29, 0x86, 0xdc, 0xff, 0x29, 0x86, 0xdc, 0xff,
    0x29, 0x86, 0xdc, 0xff, 0x29, 0x86, 0xdc, 0xff, 0x29, 0x86, 0xdc, 0xff, 0x29, 0x86, 0xdc, 0xff,
    0x29, 0x86, 0xdc, 0xfa, 0x28, 0x87, 0xdd, 0xa2, 0x29, 0x89, 0xdd, 0x27, 0x00, 0x00, 0x00, 0x00,
    0x00, 0x00, 0x00, 0x00, 0x00, 0x00, 0x00, 0x00, 0x00, 0x00, 0x00, 0x00, 0x00, 0x00, 0x00, 0x00,
    0x00, 0x00, 0x00, 0x00, 0x00, 0x00, 0x00, 0x00, 0x00, 0x00, 0x00, 0x00, 0x00, 0x00, 0x00, 0x00,
    0x00, 0x00, 0x00, 0x00, 0x00, 0x00, 0x00, 0x00, 0x00, 0x00, 0x00, 0x00, 0x00, 0x00, 0x00, 0x00,
    0x00, 0x00, 0x00, 0x00, 0x00, 0x00, 0x00, 0x00, 0x00, 0x00, 0x00, 0x00, 0x00, 0x00, 0x00, 0x00,
    0x00, 0x00, 0x00, 0x00, 0x00, 0x00, 0x00, 0x00, 0x86, 0x91, 0x9d, 0x01, 0x86, 0x91, 0x9d, 0x01,
    0x86, 0x91, 0x9d, 0x01, 0x86, 0x91, 0x9d, 0x01, 0x86, 0x91, 0x9d, 0x01, 0x2a, 0x88, 0xdd, 0x1e,
    0x29, 0x86, 0xdc, 0x6e, 0x29, 0x86, 0xdc, 0xad, 0x29, 0x86, 0xdc, 0xdb, 0x29, 0x86, 0xdd, 0xf5,
    0x29, 0x85, 0xdb, 0xff, 0x2a, 0x86, 0xdb, 0xff, 0x29, 0x85, 0xdb, 0xff, 0x2a, 0x86, 0xdc, 0xff,
    0x2a, 0x86, 0xdb, 0xff, 0x2a, 0x86, 0xdb, 0xff, 0x2a, 0x85, 0xdb, 0xff, 0x2a, 0x86, 0xdb, 0xff,
    0x29, 0x85, 0xdb, 0xff, 0x2a, 0x86, 0xdc, 0xff, 0x2a, 0x86, 0xdc, 0xff, 0x2a, 0x86, 0xdc, 0xff,
    0x29, 0x86, 0xdc, 0xff, 0x29, 0x86, 0xdc, 0xff, 0x29, 0x86, 0xdc, 0xff, 0x29, 0x86, 0xdc, 0xff,
    0x29, 0x86, 0xdc, 0xff, 0x29, 0x86, 0xdc, 0xff, 0x29, 0x86, 0xdc, 0xff, 0x29, 0x86, 0xdc, 0xff,
    0x29, 0x86, 0xdc, 0xff, 0x29, 0x86, 0xdc, 0xff, 0x29, 0x86, 0xdc, 0xff, 0x29, 0x86, 0xdc, 0xff,
    0x29, 0x86, 0xdc, 0xff, 0x29, 0x86, 0xdc, 0xff, 0x29, 0x86, 0xdc, 0xff, 0x29, 0x86, 0xdc, 0xff,
    0x29, 0x86, 0xdc, 0xff, 0x29, 0x86, 0xdc, 0xff, 0x29, 0x86, 0xdc, 0xff, 0x29, 0x86, 0xdc, 0xff,
    0x29, 0x86, 0xdc, 0xff, 0x29, 0x86, 0xdc, 0xff, 0x29, 0x86, 0xdc, 0xee, 0x29, 0x86, 0xdc, 0xcd,
    0x29, 0x86, 0xdd, 0x9a, 0x2a, 0x88, 0xde, 0x5b, 0x26, 0x89, 0xdf, 0x0c, 0x00, 0x00, 0x00, 0x00,
    0x00, 0x00, 0x00, 0x00, 0x00, 0x00, 0x00, 0x00, 0x00, 0x00, 0x00, 0x00, 0x00, 0x00, 0x00, 0x00,
    0x00, 0x00, 0x00, 0x00, 0x00, 0x00, 0x00, 0x00, 0x00, 0x00, 0x00, 0x00, 0x00, 0x00, 0x00, 0x00,
    0x00, 0x00, 0x00, 0x00, 0x00, 0x00, 0x00, 0x00, 0x00, 0x00, 0x00, 0x00, 0x00, 0x00, 0x00, 0x00,
    0x00, 0x00, 0x00, 0x00, 0x00, 0x00, 0x00, 0x00, 0x00, 0x00, 0x00, 0x00, 0x00, 0x00, 0x00, 0x00,
    0x00, 0x00, 0x00, 0x00, 0x00, 0x00, 0x00, 0x00, 0x00, 0x00, 0x00, 0x00, 0x00, 0x00, 0x00, 0x00,
    0x00, 0x00, 0x00, 0x00, 0x00, 0x00, 0x00, 0x00, 0x00, 0x00, 0x00, 0x00, 0x86, 0x91, 0x9d, 0x01,
    0x86, 0x91, 0x9d, 0x01, 0x86, 0x91, 0x9d, 0x01, 0x86, 0x91, 0x9d, 0x01, 0x86, 0x91, 0x9d, 0x01,
    0x86, 0x91, 0x9d, 0x01, 0x86, 0x91, 0x9d, 0x01, 0x86, 0x91, 0x9d, 0x01, 0x86, 0x91, 0x9d, 0x01,
    0x86, 0x91, 0x9d, 0x01, 0x86, 0x91, 0x9d, 0x01, 0x86, 0x91, 0x9d, 0x01, 0x86, 0x91, 0x9d, 0x01,
    0x86, 0x91, 0x9d, 0x01, 0x86, 0x91, 0x9d, 0x01, 0x00, 0x00, 0x00, 0x00, 0x00, 0x00, 0x00, 0x00,
    0x00, 0x00, 0x00, 0x00, 0x00, 0x00, 0x00, 0x00, 0x00, 0x00, 0x00, 0x00, 0x00, 0x00, 0x00, 0x00,
    0x00, 0x00, 0x00, 0x00, 0x00, 0x00, 0x00, 0x00, 0x00, 0x00, 0x00, 0x00, 0x00, 0x00, 0x00, 0x00,
    0x00, 0x00, 0x00, 0x00, 0x00, 0x00, 0x00, 0x00, 0x00, 0x00, 0x00, 0x00, 0x00, 0x00, 0x00, 0x00,
    0x00, 0x00, 0x00, 0x00, 0x00, 0x00, 0x00, 0x00, 0x00, 0x00, 0x00, 0x00, 0x00, 0x00, 0x00, 0x00,
    0x00, 0x00, 0x00, 0x00, 0x00, 0x00, 0x00, 0x00, 0x00, 0x00, 0x00, 0x00, 0x00, 0x00, 0x00, 0x00,
    0x00, 0x00, 0x00, 0x00, 0x00, 0x00, 0x00, 0x00, 0x00, 0x00, 0x00, 0x00, 0x00, 0x00, 0x00, 0x00,
    0x00, 0x00, 0x00, 0x00, 0x00, 0x00, 0x00, 0x00, 0x00, 0x00, 0x00, 0x00, 0x00, 0x00, 0x00, 0x00,
    0x00, 0x00, 0x00, 0x00, 0x00, 0x00, 0x00, 0x00, 0x00, 0x00, 0x00, 0x00, 0x00, 0x00, 0x00, 0x00,
    0x00, 0x00, 0x00, 0x00, 0x00, 0x00, 0x00, 0x00, 0x00, 0x00, 0x00, 0x00, 0x00, 0x00, 0x00, 0x00,
    0x00, 0x00, 0x00, 0x00, 0x00, 0x00, 0x00, 0x00, 0x00, 0x00, 0x00, 0x00, 0x00, 0x00, 0x00, 0x00,
    0x00, 0x00, 0x00, 0x00, 0x00, 0x00, 0x00, 0x00, 0x00, 0x00, 0x00, 0x00, 0x00, 0x00, 0x00, 0x00,
    0x00, 0x00, 0x00, 0x00, 0x00, 0x00, 0x00, 0x00, 0x00, 0x00, 0x00, 0x00, 0x00, 0x00, 0x00, 0x00,
    0x00, 0x00, 0x00, 0x00, 0x00, 0x00, 0x00, 0x00, 0x00, 0x00, 0x00, 0x00, 0x00, 0x00, 0x00, 0x00,
    0x00, 0x00, 0x00, 0x00, 0x00, 0x00, 0x00, 0x00, 0x00, 0x00, 0x00, 0x00, 0x00, 0x00, 0x00, 0x00,
    0x00, 0x00, 0x00, 0x00, 0x86, 0x91, 0x9d, 0x01, 0x00, 0x00, 0x00, 0x00, 0x86, 0x91, 0x9d, 0x01,
    0x86, 0x91, 0x9d, 0x01, 0x86, 0x91, 0x9d, 0x01, 0x00, 0x00, 0x00, 0x00, 0x00, 0x00, 0x00, 0x00,
    0x86, 0x91, 0x9d, 0x01, 0x00, 0x00, 0x00, 0x00, 0x00, 0x00, 0x00, 0x00, 0x00, 0x00, 0x00, 0x00,
    0x00, 0x00, 0x00, 0x00, 0x00, 0x00, 0x00, 0x00, 0x00, 0x00, 0x00, 0x00, 0x00, 0x00, 0x00, 0x00,
    0x00, 0x00, 0x00, 0x00, 0x00, 0x00, 0x00, 0x00, 0x00, 0x00, 0x00, 0x00, 0x00, 0x00, 0x00, 0x00,
    0x00, 0x00, 0x00, 0x00, 0x00, 0x00, 0x00, 0x00, 0x00, 0x00, 0x00, 0x00, 0x00, 0x00, 0x00, 0x00,
    0x00, 0x00, 0x00, 0x00, 0x00, 0x00, 0x00, 0x00, 0x00, 0x00, 0x00, 0x00, 0x00, 0x00, 0x00, 0x00,
    0x00, 0x00, 0x00, 0x00, 0x00, 0x00, 0x00, 0x00, 0x00, 0x00, 0x00, 0x00, 0x00, 0x00, 0x00, 0x00,
    0x00, 0x00, 0x00, 0x00, 0x00, 0x00, 0x00, 0x00, 0x00, 0x00, 0x00, 0x00, 0x00, 0x00, 0x00, 0x00,
    0x00, 0x00, 0x00, 0x00, 0x00, 0x00, 0x00, 0x00, 0x00, 0x00, 0x00, 0x00, 0x00, 0x00, 0x00, 0x00,
    0x00, 0x00, 0x00, 0x00, 0x00, 0x00, 0x00, 0x00, 0x00, 0x00, 0x00, 0x00, 0x00, 0x00, 0x00, 0x00,
    0x00, 0x00, 0x00, 0x00, 0x00, 0x00, 0x00, 0x00, 0x00, 0x00, 0x00, 0x00, 0x00, 0x00, 0x00, 0x00,
    0x00, 0x00, 0x00, 0x00, 0x00, 0x00, 0x00, 0x00, 0x00, 0x00, 0x00, 0x00, 0x00, 0x00, 0x00, 0x00,
    0x00, 0x00, 0x00, 0x00, 0x00, 0x00, 0x00, 0x00, 0x00, 0x00, 0x00, 0x00, 0x00, 0x00, 0x00, 0x00,
    0x00, 0x00, 0x00, 0x00, 0x00, 0x00, 0x00, 0x00, 0x00, 0x00, 0x00, 0x00, 0x00, 0x00, 0x00, 0x00,
    0x00, 0x00, 0x00, 0x00, 0x00, 0x00, 0x00, 0x00, 0x00, 0x00, 0x00, 0x00, 0x00, 0x00, 0x00, 0x00,
    0x00, 0x00, 0x00, 0x00, 0x00, 0x00, 0x00, 0x00, 0x00, 0x00, 0x00, 0x00, 0x00, 0x00, 0x00, 0x00,
    0x00, 0x00, 0x00, 0x00, 0x00, 0x00, 0x00, 0x00, 0x00, 0x00, 0x00, 0x00, 0x00, 0x00, 0x00, 0x00,
    0x00, 0x00, 0x00, 0x00, 0x00, 0x00, 0x00, 0x00, 0x00, 0x00, 0x00, 0x00, 0x00, 0x00, 0x00, 0x00,
    0x00, 0x00, 0x00, 0x00, 0x00, 0x00, 0x00, 0x00, 0x00, 0x00, 0x00, 0x00, 0x00, 0x00, 0x00, 0x00,
    0x00, 0x00, 0x00, 0x00, 0x00, 0x00, 0x00, 0x00, 0x00, 0x00, 0x00, 0x00, 0x00, 0x00, 0x00, 0x00,
    0x00, 0x00, 0x00, 0x00, 0x00, 0x00, 0x00, 0x00, 0x00, 0x00, 0x00, 0x00, 0x00, 0x00, 0x00, 0x00,
    0x00, 0x00, 0x00, 0x00, 0x00, 0x00, 0x00, 0x00, 0x00, 0x00, 0x00, 0x00, 0x00, 0x00, 0x00, 0x00,
    0x00, 0x00, 0x00, 0x00, 0x00, 0x00, 0x00, 0x00, 0x00, 0x00, 0x00, 0x00, 0x00, 0x00, 0x00, 0x00,
    0x00, 0x00, 0x00, 0x00, 0x00, 0x00, 0x00, 0x00, 0x00, 0x00, 0x00, 0x00, 0x00, 0x00, 0x00, 0x00,
    0x00, 0x00, 0x00, 0x00, 0x00, 0x00, 0x00, 0x00, 0x00, 0x00, 0x00, 0x00, 0x00, 0x00, 0x00, 0x00,
    0x00, 0x00, 0x00, 0x00, 0x00, 0x00, 0x00, 0x00, 0x00, 0x00, 0x00, 0x00, 0x00, 0x00, 0x00, 0x00,
    0x00, 0x00, 0x00, 0x00, 0x00, 0x00, 0x00, 0x00, 0x00, 0x00, 0x00, 0x00, 0x00, 0x00, 0x00, 0x00,
    0x00, 0x00, 0x00, 0x00, 0x00, 0x00, 0x00, 0x00, 0x00, 0x00, 0x00, 0x00, 0x00, 0x00, 0x00, 0x00,
    0x00, 0x00, 0x00, 0x00, 0x00, 0x00, 0x00, 0x00, 0x00, 0x00, 0x00, 0x00, 0x00, 0x00, 0x00, 0x00,
    0x00, 0x00, 0x00, 0x00, 0x00, 0x00, 0x00, 0x00, 0x00, 0x00, 0x00, 0x00, 0x00, 0x00, 0x00, 0x00,
    0x00, 0x00, 0x00, 0x00, 0x00, 0x00, 0x00, 0x00, 0x00, 0x00, 0x00, 0x00, 0x00, 0x00, 0x00, 0x00,
    0x00, 0x00, 0x00, 0x00, 0x00, 0x00, 0x00, 0x00, 0x00, 0x00, 0x00, 0x00, 0x00, 0x00, 0x00, 0x00,
    0x00, 0x00, 0x00, 0x00, 0x00, 0x00, 0x00, 0x00, 0x00, 0x00, 0x00, 0x00, 0x00, 0x00, 0x00, 0x00,
    0x00, 0x00, 0x00, 0x00, 0x00, 0x00, 0x00, 0x00, 0x00, 0x00, 0x00, 0x00, 0x00, 0x00, 0x00, 0x00,
    0x00, 0x00, 0x00, 0x00, 0x00, 0x00, 0x00, 0x00, 0x00, 0x00, 0x00, 0x00, 0x00, 0x00, 0x00, 0x00,
    0x00, 0x00, 0x00, 0x00, 0x00, 0x00, 0x00, 0x00, 0x00, 0x00, 0x00, 0x00, 0x00, 0x00, 0x00, 0x00,
    0x00, 0x00, 0x00, 0x00, 0x00, 0x00, 0x00, 0x00, 0x00, 0x00, 0x00, 0x00, 0x00, 0x00, 0x00, 0x00,
    0x00, 0x00, 0x00, 0x00, 0x00, 0x00, 0x00, 0x00, 0x00, 0x00, 0x00, 0x00, 0x00, 0x00, 0x00, 0x00,
    0x00, 0x00, 0x00, 0x00, 0x00, 0x00, 0x00, 0x00, 0x00, 0x00, 0x00, 0x00, 0x00, 0x00, 0x00, 0x00,
    0x00, 0x00, 0x00, 0x00, 0x00, 0x00, 0x00, 0x00, 0x00, 0x00, 0x00, 0x00, 0x00, 0x00, 0x00, 0x00,
    0x00, 0x00, 0x00, 0x00, 0x00, 0x00, 0x00, 0x00, 0x00, 0x00, 0x00, 0x00, 0x00, 0x00, 0x00, 0x00,
    0x00, 0x00, 0x00, 0x00, 0x00, 0x00, 0x00, 0x00, 0x00, 0x00, 0x00, 0x00, 0x00, 0x00, 0x00, 0x00,
    0x00, 0x00, 0x00, 0x00, 0x00, 0x00, 0x00, 0x00, 0x00, 0x00, 0x00, 0x00, 0x00, 0x00, 0x00, 0x00,
    0x00, 0x00, 0x00, 0x00, 0x00, 0x00, 0x00, 0x00, 0x00, 0x00, 0x00, 0x00, 0x00, 0x00, 0x00, 0x00,
    0x00, 0x00, 0x00, 0x00, 0x00, 0x00, 0x00, 0x00, 0x00, 0x00, 0x00, 0x00, 0x00, 0x00, 0x00, 0x00,
    0x00, 0x00, 0x00, 0x00, 0x00, 0x00, 0x00, 0x00, 0x00, 0x00, 0x00, 0x00, 0x00, 0x00, 0x00, 0x00,
    0x00, 0x00, 0x00, 0x00, 0x00, 0x00, 0x00, 0x00, 0x00, 0x00, 0x00, 0x00, 0x00, 0x00, 0x00, 0x00,
    0x00, 0x00, 0x00, 0x00, 0x00, 0x00, 0x00, 0x00, 0x00, 0x00, 0x00, 0x00, 0x00, 0x00, 0x00, 0x00,
    0x00, 0x00, 0x00, 0x00, 0x00, 0x00, 0x00, 0x00, 0x00, 0x00, 0x00, 0x00, 0x00, 0x00, 0x00, 0x00,
    0x00, 0x00, 0x00, 0x00, 0x00, 0x00, 0x00, 0x00, 0x00, 0x00, 0x00, 0x00, 0x00, 0x00, 0x00, 0x00,
    0x00, 0x00, 0x00, 0x00, 0x00, 0x00, 0x00, 0x00, 0x00, 0x00, 0x00, 0x00, 0x00, 0x00, 0x00, 0x00,
    0x00, 0x00, 0x00, 0x00, 0x00, 0x00, 0x00, 0x00, 0x00, 0x00, 0x00, 0x00, 0x00, 0x00, 0x00, 0x00,
    0x00, 0x00, 0x00, 0x00, 0x00, 0x00, 0x00, 0x00, 0x00, 0x00, 0x00, 0x00, 0x00, 0x00, 0x00, 0x00,
    0x00, 0x00, 0x00, 0x00, 0x00, 0x00, 0x00, 0x00, 0x00, 0x00, 0x00, 0x00, 0x00, 0x00, 0x00, 0x00,
    0x00, 0x00, 0x00, 0x00, 0x00, 0x00, 0x00, 0x00, 0x00, 0x00, 0x00, 0x00, 0x00, 0x00, 0x00, 0x00,
    0x00, 0x00, 0x00, 0x00, 0x00, 0x00, 0x00, 0x00, 0x00, 0x00, 0x00, 0x00, 0x00, 0x00, 0x00, 0x00,
    0x00, 0x00, 0x00, 0x00, 0x00, 0x00, 0x00, 0x00, 0x00, 0x00, 0x00, 0x00, 0x00, 0x00, 0x00, 0x00,
    0x00, 0x00, 0x00, 0x00, 0x00, 0x00, 0x00, 0x00, 0x00, 0x00, 0x00, 0x00, 0x00, 0x00, 0x00, 0x00,
    0x00, 0x00, 0x00, 0x00, 0x00, 0x00, 0x00, 0x00, 0x00, 0x00, 0x00, 0x00, 0x00, 0x00, 0x00, 0x00,
    0x00, 0x00, 0x00, 0x00, 0x00, 0x00, 0x00, 0x00, 0x00, 0x00, 0x00, 0x00, 0x00, 0x00, 0x00, 0x00,
    0x00, 0x00, 0x00, 0x00, 0x00, 0x00, 0x00, 0x00, 0x00, 0x00, 0x00, 0x00, 0x00, 0x00, 0x00, 0x00,
    0x00, 0x00, 0x00, 0x00, 0x00, 0x00, 0x00, 0x00, 0x00, 0x00, 0x00, 0x00, 0x00, 0x00, 0x00, 0x00,
    0x00, 0x00, 0x00, 0x00, 0x00, 0x00, 0x00, 0x00, 0x00, 0x00, 0x00, 0x00, 0x00, 0x00, 0x00, 0x00,
    0x00, 0x00, 0x00, 0x00, 0x00, 0x00, 0x00, 0x00, 0x00, 0x00, 0x00, 0x00, 0x00, 0x00, 0x00, 0x00,
    0x00, 0x00, 0x00, 0x00, 0x00, 0x00, 0x00, 0x00, 0x00, 0x00, 0x00, 0x00, 0x00, 0x00, 0x00, 0x00,
    0x00, 0x00, 0x00, 0x00, 0x00, 0x00, 0x00, 0x00, 0x00, 0x00, 0x00, 0x00, 0x00, 0x00, 0x00, 0x00,
    0x00, 0x00, 0x00, 0x00, 0x00, 0x00, 0x00, 0x00, 0x00, 0x00, 0x00, 0x00, 0x00, 0x00, 0x00, 0x00,
    0x00, 0x00, 0x00, 0x00, 0x00, 0x00, 0x00, 0x00, 0x00, 0x00, 0x00, 0x00, 0x00, 0x00, 0x00, 0x00,
    0x00, 0x00, 0x00, 0x00, 0x00, 0x00, 0x00, 0x00, 0x00, 0x00, 0x00, 0x00, 0x00, 0x00, 0x00, 0x00,
    0x00, 0x00, 0x00, 0x00, 0x00, 0x00, 0x00, 0x00, 0x00, 0x00, 0x00, 0x00, 0x00, 0x00, 0x00, 0x00,
    0x00, 0x00, 0x00, 0x00, 0x00, 0x00, 0x00, 0x00, 0x00, 0x00, 0x00, 0x00, 0x00, 0x00, 0x00, 0x00,
    0x00, 0x00, 0x00, 0x00, 0x00, 0x00, 0x00, 0x00, 0x00, 0x00, 0x00, 0x00, 0x00, 0x00, 0x00, 0x00,
    0x00, 0x00, 0x00, 0x00, 0x00, 0x00, 0x00, 0x00, 0x00, 0x00, 0x00, 0x00, 0x00, 0x00, 0x00, 0x00,
    0x00, 0x00, 0x00, 0x00, 0x00, 0x00, 0x00, 0x00, 0x00, 0x00, 0x00, 0x00, 0x00, 0x00, 0x00, 0x00,
    0x00, 0x00, 0x00, 0x00, 0x00, 0x00, 0x00, 0x00, 0x00, 0x00, 0x00, 0x00, 0x00, 0x00, 0x00, 0x00,
    0x00, 0x00, 0x00, 0x00, 0x00, 0x00, 0x00, 0x00, 0x00, 0x00, 0x00, 0x00, 0x00, 0x00, 0x00, 0x00,
    0x00, 0x00, 0x00, 0x00, 0x00, 0x00, 0x00, 0x00, 0x00, 0x00, 0x00, 0x00, 0x00, 0x00, 0x00, 0x00,
    0x00, 0x00, 0x00, 0x00, 0x00, 0x00, 0x00, 0x00, 0x00, 0x00, 0x00, 0x00, 0x00, 0x00, 0x00, 0x00,
    0x00, 0x00, 0x00, 0x00, 0x00, 0x00, 0x00, 0x00, 0x00, 0x00, 0x00, 0x00, 0x00, 0x00, 0x00, 0x00,
    0x00, 0x00, 0x00, 0x00, 0x00, 0x00, 0x00, 0x00, 0x00, 0x00, 0x00, 0x00, 0x00, 0x00, 0x00, 0x00,
    0x00, 0x00, 0x00, 0x00, 0x00, 0x00, 0x00, 0x00, 0x00, 0x00, 0x00, 0x00, 0x00, 0x00, 0x00, 0x00,
    0x00, 0x00, 0x00, 0x00, 0x00, 0x00, 0x00, 0x00, 0x00, 0x00, 0x00, 0x00, 0x00, 0x00, 0x00, 0x00,
    0x00, 0x00, 0x00, 0x00, 0x00, 0x00, 0x00, 0x00, 0x00, 0x00, 0x00, 0x00, 0x00, 0x00, 0x00, 0x00
};

const lv_image_dsc_t icon_sport_outdoor_running = {
    .header.cf = LV_COLOR_FORMAT_ARGB8888,
    .header.magic = LV_IMAGE_HEADER_MAGIC,
    .header.w = 70,
    .header.h = 70,
    .data_size = 19600,
    .data = icon_sport_outdoor_running_map,
};
