#ifdef __has_include
    #if __has_include("lvgl.h")
        #ifndef LV_LVGL_H_INCLUDE_SIMPLE
            #define LV_LVGL_H_INCLUDE_SIMPLE
        #endif
    #endif
#endif

#if defined(LV_LVGL_H_INCLUDE_SIMPLE)
    #include "lvgl.h"
#else
    #include "lvgl/lvgl.h"
#endif

#ifndef LV_ATTRIBUTE_MEM_ALIGN
#define LV_ATTRIBUTE_MEM_ALIGN
#endif

#ifndef LV_ATTRIBUTE_IMAGE_ICON_APP_ALARM
#define LV_ATTRIBUTE_IMAGE_ICON_APP_ALARM
#endif

const LV_ATTRIBUTE_MEM_ALIGN LV_ATTRIBUTE_LARGE_CONST LV_ATTRIBUTE_IMAGE_ICON_APP_ALARM uint8_t icon_app_alarm_map[] = {
    0x00, 0x00, 0x00, 0x00, 0x00, 0x00, 0x00, 0x00, 0x00, 0x00, 0x00, 0x00, 0x00, 0x00, 0x00, 0x00,
    0x00, 0x00, 0x00, 0x00, 0x00, 0x00, 0x00, 0x00, 0x00, 0x00, 0x00, 0x00, 0x00, 0x00, 0x00, 0x00,
    0x00, 0x00, 0x00, 0x00, 0x00, 0x00, 0x00, 0x00, 0x00, 0x00, 0x00, 0x00, 0x00, 0x00, 0x00, 0x00,
    0x00, 0x00, 0x00, 0x00, 0x00, 0x00, 0x00, 0x00, 0x00, 0x00, 0x00, 0x00, 0x00, 0x00, 0x00, 0x00,
    0x00, 0x00, 0x00, 0x00, 0x00, 0x00, 0x00, 0x00, 0x00, 0x00, 0x00, 0x00, 0x00, 0x00, 0x00, 0x00,
    0x00, 0x00, 0x00, 0x00, 0x00, 0x00, 0x00, 0x00, 0x00, 0x00, 0x00, 0x00, 0x00, 0x00, 0x00, 0x00,
    0x24, 0x80, 0xdb, 0x1c, 0x28, 0x87, 0xdd, 0x53, 0x29, 0x86, 0xdc, 0x83, 0x29, 0x86, 0xdc, 0xaf,
    0x28, 0x85, 0xdc, 0xcb, 0x29, 0x86, 0xdc, 0xe7, 0x28, 0x86, 0xdc, 0xf7, 0x29, 0x86, 0xdc, 0xff,
    0x29, 0x86, 0xdc, 0xff, 0x29, 0x86, 0xdc, 0xff, 0x29, 0x86, 0xdc, 0xff, 0x29, 0x86, 0xdc, 0xff,
    0x29, 0x86, 0xdc, 0xff, 0x29, 0x86, 0xdc, 0xff, 0x29, 0x86, 0xdc, 0xff, 0x29, 0x86, 0xdc, 0xff,
    0x29, 0x86, 0xdc, 0xff, 0x29, 0x86, 0xdc, 0xff, 0x29, 0x86, 0xdc, 0xff, 0x29, 0x86, 0xdc, 0xff,
    0x29, 0x86, 0xdc, 0xff, 0x29, 0x86, 0xdc, 0xff, 0x29, 0x86, 0xdc, 0xff, 0x29, 0x86, 0xdc, 0xff,
    0x29, 0x86, 0xdc, 0xff, 0x29, 0x86, 0xdc, 0xff, 0x29, 0x86, 0xdc, 0xff, 0x29, 0x86, 0xdc, 0xff,
    0x29, 0x86, 0xdc, 0xff, 0x29, 0x86, 0xdc, 0xff, 0x29, 0x86, 0xdc, 0xff, 0x29, 0x86, 0xdc, 0xff,
    0x29, 0x86, 0xdc, 0xff, 0x29, 0x86, 0xdc, 0xff, 0x29, 0x86, 0xdc, 0xff, 0x29, 0x86, 0xdc, 0xff,
    0x29, 0x86, 0xdc, 0xff, 0x29, 0x86, 0xdc, 0xff, 0x29, 0x86, 0xdc, 0xff, 0x29, 0x86, 0xdc, 0xff,
    0x29, 0x86, 0xdc, 0xff, 0x29, 0x86, 0xdc, 0xff, 0x29, 0x86, 0xdc, 0xff, 0x29, 0x86, 0xdc, 0xff,
    0x29, 0x86, 0xdc, 0xff, 0x29, 0x86, 0xdc, 0xff, 0x29, 0x86, 0xdc, 0xff, 0x29, 0x86, 0xdc, 0xff,
    0x29, 0x86, 0xdc, 0xff, 0x29, 0x86, 0xdc, 0xff, 0x29, 0x86, 0xdc, 0xff, 0x29, 0x86, 0xdc, 0xff,
    0x29, 0x86, 0xdc, 0xff, 0x29, 0x86, 0xdc, 0xff, 0x29, 0x86, 0xdc, 0xff, 0x29, 0x86, 0xdc, 0xff,
    0x29, 0x86, 0xdc, 0xff, 0x29, 0x86, 0xdc, 0xff, 0x29, 0x86, 0xdc, 0xff, 0x29, 0x86, 0xdc, 0xff,
    0x29, 0x86, 0xdc, 0xff, 0x29, 0x86, 0xdc, 0xff, 0x29, 0x86, 0xdc, 0xff, 0x29, 0x86, 0xdc, 0xff,
    0x29, 0x86, 0xdc, 0xff, 0x29, 0x86, 0xdc, 0xff, 0x29, 0x86, 0xdc, 0xff, 0x29, 0x86, 0xdc, 0xff,
    0x29, 0x86, 0xdc, 0xff, 0x29, 0x86, 0xdc, 0xff, 0x29, 0x86, 0xdc, 0xff, 0x29, 0x86, 0xdc, 0xff,
    0x29, 0x86, 0xdc, 0xff, 0x29, 0x86, 0xdc, 0xff, 0x29, 0x86, 0xdc, 0xff, 0x28, 0x86, 0xdc, 0xf7,
    0x28, 0x86, 0xdc, 0xe3, 0x29, 0x86, 0xdb, 0xcf, 0x2a, 0x86, 0xdd, 0xab, 0x2a, 0x86, 0xdd, 0x87,
    0x28, 0x87, 0xdd, 0x53, 0x24, 0x80, 0xdb, 0x1c, 0x00, 0x00, 0x00, 0x00, 0x00, 0x00, 0x00, 0x00,
    0x00, 0x00, 0x00, 0x00, 0x00, 0x00, 0x00, 0x00, 0x00, 0x00, 0x00, 0x00, 0x00, 0x00, 0x00, 0x00,
    0x00, 0x00, 0x00, 0x00, 0x00, 0x00, 0x00, 0x00, 0x00, 0x00, 0x00, 0x00, 0x00, 0x00, 0x00, 0x00,
    0x00, 0x00, 0x00, 0x00, 0x00, 0x00, 0x00, 0x00, 0x00, 0x00, 0x00, 0x00, 0x00, 0x00, 0x00, 0x00,
    0x00, 0x00, 0x00, 0x00, 0x00, 0x00, 0x00, 0x00, 0x00, 0x00, 0x00, 0x00, 0x00, 0x00, 0x00, 0x00,
    0x00, 0x00, 0x00, 0x00, 0x00, 0x00, 0x00, 0x00, 0x00, 0x00, 0x00, 0x00, 0x00, 0x00, 0x00, 0x00,
    0x00, 0x00, 0x00, 0x00, 0x00, 0x00, 0x00, 0x00, 0x00, 0x00, 0x00, 0x00, 0x00, 0x00, 0x00, 0x00,
    0x00, 0x00, 0x00, 0x00, 0x00, 0x00, 0x00, 0x00, 0x00, 0x00, 0x00, 0x00, 0x00, 0x00, 0x00, 0x00,
    0x00, 0x00, 0x00, 0x00, 0x00, 0x00, 0x00, 0x00, 0x00, 0x00, 0x00, 0x00, 0x00, 0x00, 0x00, 0x00,
    0x00, 0x00, 0x00, 0x00, 0x00, 0x00, 0x00, 0x00, 0x00, 0x00, 0x00, 0x00, 0x00, 0x00, 0x00, 0x00,
    0x00, 0x00, 0x00, 0x00, 0x00, 0x00, 0x00, 0x00, 0x00, 0x00, 0x00, 0x00, 0x00, 0x00, 0x00, 0x00,
    0x00, 0x00, 0x00, 0x00, 0x00, 0x00, 0x00, 0x00, 0x00, 0x00, 0x00, 0x00, 0x2a, 0x86, 0xdf, 0x37,
    0x28, 0x86, 0xdc, 0x8b, 0x29, 0x86, 0xdc, 0xdb, 0x29, 0x86, 0xdc, 0xff, 0x29, 0x86, 0xdc, 0xff,
    0x29, 0x86, 0xdc, 0xff, 0x29, 0x86, 0xdc, 0xff, 0x29, 0x86, 0xdc, 0xff, 0x29, 0x86, 0xdc, 0xff,
    0x29, 0x86, 0xdc, 0xff, 0x29, 0x86, 0xdc, 0xff, 0x29, 0x86, 0xdc, 0xff, 0x29, 0x86, 0xdc, 0xff,
    0x29, 0x86, 0xdc, 0xff, 0x29, 0x86, 0xdc, 0xff, 0x29, 0x86, 0xdc, 0xff, 0x29, 0x86, 0xdc, 0xff,
    0x29, 0x86, 0xdc, 0xff, 0x29, 0x86, 0xdc, 0xff, 0x29, 0x86, 0xdc, 0xff, 0x29, 0x86, 0xdc, 0xff,
    0x29, 0x86, 0xdc, 0xff, 0x29, 0x86, 0xdc, 0xff, 0x29, 0x86, 0xdc, 0xff, 0x29, 0x86, 0xdc, 0xff,
    0x29, 0x86, 0xdc, 0xff, 0x29, 0x86, 0xdc, 0xff, 0x29, 0x86, 0xdc, 0xff, 0x29, 0x86, 0xdc, 0xff,
    0x29, 0x86, 0xdc, 0xff, 0x29, 0x86, 0xdc, 0xff, 0x29, 0x86, 0xdc, 0xff, 0x29, 0x86, 0xdc, 0xff,
    0x29, 0x86, 0xdc, 0xff, 0x29, 0x86, 0xdc, 0xff, 0x29, 0x86, 0xdc, 0xff, 0x29, 0x86, 0xdc, 0xff,
    0x29, 0x86, 0xdc, 0xff, 0x29, 0x86, 0xdc, 0xff, 0x29, 0x86, 0xdc, 0xff, 0x29, 0x86, 0xdc, 0xff,
    0x29, 0x86, 0xdc, 0xff, 0x29, 0x86, 0xdc, 0xff, 0x29, 0x86, 0xdc, 0xff, 0x29, 0x86, 0xdc, 0xff,
    0x29, 0x86, 0xdc, 0xff, 0x29, 0x86, 0xdc, 0xff, 0x29, 0x86, 0xdc, 0xff, 0x29, 0x86, 0xdc, 0xff,
    0x29, 0x86, 0xdc, 0xff, 0x29, 0x86, 0xdc, 0xff, 0x29, 0x86, 0xdc, 0xff, 0x29, 0x86, 0xdc, 0xff,
    0x29, 0x86, 0xdc, 0xff, 0x29, 0x86, 0xdc, 0xff, 0x29, 0x86, 0xdc, 0xff, 0x29, 0x86, 0xdc, 0xff,
    0x29, 0x86, 0xdc, 0xff, 0x29, 0x86, 0xdc, 0xff, 0x29, 0x86, 0xdc, 0xff, 0x29, 0x86, 0xdc, 0xff,
    0x29, 0x86, 0xdc, 0xff, 0x29, 0x86, 0xdc, 0xff, 0x29, 0x86, 0xdc, 0xff, 0x29, 0x86, 0xdc, 0xff,
    0x29, 0x86, 0xdc, 0xff, 0x29, 0x86, 0xdc, 0xff, 0x29, 0x86, 0xdc, 0xff, 0x29, 0x86, 0xdc, 0xff,
    0x29, 0x86, 0xdc, 0xff, 0x29, 0x86, 0xdc, 0xff, 0x29, 0x86, 0xdc, 0xff, 0x29, 0x86, 0xdc, 0xff,
    0x29, 0x86, 0xdc, 0xff, 0x29, 0x86, 0xdc, 0xff, 0x29, 0x86, 0xdc, 0xff, 0x29, 0x86, 0xdc, 0xff,
    0x29, 0x86, 0xdc, 0xff, 0x29, 0x86, 0xdc, 0xff, 0x29, 0x86, 0xdc, 0xff, 0x29, 0x86, 0xdc, 0xff,
    0x29, 0x86, 0xdc, 0xff, 0x29, 0x86, 0xdc, 0xff, 0x29, 0x86, 0xdc, 0xff, 0x29, 0x86, 0xdc, 0xff,
    0x28, 0x86, 0xdb, 0xd7, 0x28, 0x86, 0xdc, 0x8b, 0x2a, 0x86, 0xdf, 0x37, 0x00, 0x00, 0x00, 0x00,
    0x00, 0x00, 0x00, 0x00, 0x00, 0x00, 0x00, 0x00, 0x00, 0x00, 0x00, 0x00, 0x00, 0x00, 0x00, 0x00,
    0x00, 0x00, 0x00, 0x00, 0x00, 0x00, 0x00, 0x00, 0x00, 0x00, 0x00, 0x00, 0x00, 0x00, 0x00, 0x00,
    0x00, 0x00, 0x00, 0x00, 0x00, 0x00, 0x00, 0x00, 0x00, 0x00, 0x00, 0x00, 0x00, 0x00, 0x00, 0x00,
    0x00, 0x00, 0x00, 0x00, 0x00, 0x00, 0x00, 0x00, 0x00, 0x00, 0x00, 0x00, 0x00, 0x00, 0x00, 0x00,
    0x00, 0x00, 0x00, 0x00, 0x00, 0x00, 0x00, 0x00, 0x00, 0x00, 0x00, 0x00, 0x00, 0x00, 0x00, 0x00,
    0x00, 0x00, 0x00, 0x00, 0x00, 0x00, 0x00, 0x00, 0x00, 0x00, 0x00, 0x00, 0x00, 0x00, 0x00, 0x00,
    0x00, 0x00, 0x00, 0x00, 0x00, 0x00, 0x00, 0x00, 0x00, 0x00, 0x00, 0x00, 0x00, 0x00, 0x00, 0x00,
    0x00, 0x00, 0x00, 0x00, 0x00, 0x00, 0x00, 0x00, 0x00, 0x00, 0x00, 0x00, 0x00, 0x00, 0x00, 0x00,
    0x00, 0x00, 0x00, 0x00, 0x00, 0x00, 0x00, 0x00, 0x00, 0x00, 0x00, 0x00, 0x00, 0x00, 0x00, 0x00,
    0x00, 0x00, 0x00, 0x00, 0x00, 0x00, 0x00, 0x00, 0x20, 0x80, 0xcf, 0x10, 0x28, 0x85, 0xdc, 0x73,
    0x29, 0x86, 0xdc, 0xdb, 0x29, 0x86, 0xdc, 0xff, 0x29, 0x86, 0xdc, 0xff, 0x29, 0x86, 0xdc, 0xff,
    0x29, 0x86, 0xdc, 0xff, 0x29, 0x86, 0xdc, 0xff, 0x29, 0x86, 0xdc, 0xff, 0x29, 0x86, 0xdc, 0xff,
    0x29, 0x86, 0xdc, 0xff, 0x29, 0x86, 0xdc, 0xff, 0x29, 0x86, 0xdc, 0xff, 0x29, 0x86, 0xdc, 0xff,
    0x29, 0x86, 0xdc, 0xff, 0x29, 0x86, 0xdc, 0xff, 0x29, 0x86, 0xdc, 0xff, 0x29, 0x86, 0xdc, 0xff,
    0x29, 0x86, 0xdc, 0xff, 0x29, 0x86, 0xdc, 0xff, 0x29, 0x86, 0xdc, 0xff, 0x29, 0x86, 0xdc, 0xff,
    0x29, 0x86, 0xdc, 0xff, 0x29, 0x86, 0xdc, 0xff, 0x29, 0x86, 0xdc, 0xff, 0x29, 0x86, 0xdc, 0xff,
    0x29, 0x86, 0xdc, 0xff, 0x29, 0x86, 0xdc, 0xff, 0x29, 0x86, 0xdc, 0xff, 0x29, 0x86, 0xdc, 0xff,
    0x29, 0x86, 0xdc, 0xff, 0x29, 0x86, 0xdc, 0xff, 0x29, 0x86, 0xdc, 0xff, 0x29, 0x86, 0xdc, 0xff,
    0x29, 0x86, 0xdc, 0xff, 0x29, 0x86, 0xdc, 0xff, 0x29, 0x86, 0xdc, 0xff, 0x29, 0x86, 0xdc, 0xff,
    0x29, 0x86, 0xdc, 0xff, 0x29, 0x86, 0xdc, 0xff, 0x29, 0x86, 0xdc, 0xff, 0x29, 0x86, 0xdc, 0xff,
    0x29, 0x86, 0xdc, 0xff, 0x29, 0x86, 0xdc, 0xff, 0x29, 0x86, 0xdc, 0xff, 0x29, 0x86, 0xdc, 0xff,
    0x29, 0x86, 0xdc, 0xff, 0x29, 0x86, 0xdc, 0xff, 0x29, 0x86, 0xdc, 0xff, 0x29, 0x86, 0xdc, 0xff,
    0x29, 0x86, 0xdc, 0xff, 0x29, 0x86, 0xdc, 0xff, 0x29, 0x86, 0xdc, 0xff, 0x29, 0x86, 0xdc, 0xff,
    0x29, 0x86, 0xdc, 0xff, 0x29, 0x86, 0xdc, 0xff, 0x29, 0x86, 0xdc, 0xff, 0x29, 0x86, 0xdc, 0xff,
    0x29, 0x86, 0xdc, 0xff, 0x29, 0x86, 0xdc, 0xff, 0x29, 0x86, 0xdc, 0xff, 0x29, 0x86, 0xdc, 0xff,
    0x29, 0x86, 0xdc, 0xff, 0x29, 0x86, 0xdc, 0xff, 0x29, 0x86, 0xdc, 0xff, 0x29, 0x86, 0xdc, 0xff,
    0x29, 0x86, 0xdc, 0xff, 0x29, 0x86, 0xdc, 0xff, 0x29, 0x86, 0xdc, 0xff, 0x29, 0x86, 0xdc, 0xff,
    0x29, 0x86, 0xdc, 0xff, 0x29, 0x86, 0xdc, 0xff, 0x29, 0x86, 0xdc, 0xff, 0x29, 0x86, 0xdc, 0xff,
    0x29, 0x86, 0xdc, 0xff, 0x29, 0x86, 0xdc, 0xff, 0x29, 0x86, 0xdc, 0xff, 0x29, 0x86, 0xdc, 0xff,
    0x29, 0x86, 0xdc, 0xff, 0x29, 0x86, 0xdc, 0xff, 0x29, 0x86, 0xdc, 0xff, 0x29, 0x86, 0xdc, 0xff,
    0x29, 0x86, 0xdc, 0xff, 0x29, 0x86, 0xdc, 0xff, 0x29, 0x86, 0xdc, 0xff, 0x29, 0x86, 0xdc, 0xff,
    0x29, 0x86, 0xdc, 0xff, 0x29, 0x86, 0xdc, 0xff, 0x29, 0x86, 0xdc, 0xff, 0x29, 0x86, 0xdc, 0xff,
    0x29, 0x86, 0xdc, 0xff, 0x29, 0x86, 0xdc, 0xdf, 0x28, 0x87, 0xdc, 0x73, 0x20, 0x80, 0xcf, 0x10,
    0x00, 0x00, 0x00, 0x00, 0x00, 0x00, 0x00, 0x00, 0x00, 0x00, 0x00, 0x00, 0x00, 0x00, 0x00, 0x00,
    0x00, 0x00, 0x00, 0x00, 0x00, 0x00, 0x00, 0x00, 0x00, 0x00, 0x00, 0x00, 0x00, 0x00, 0x00, 0x00,
    0x00, 0x00, 0x00, 0x00, 0x00, 0x00, 0x00, 0x00, 0x00, 0x00, 0x00, 0x00, 0x00, 0x00, 0x00, 0x00,
    0x00, 0x00, 0x00, 0x00, 0x00, 0x00, 0x00, 0x00, 0x00, 0x00, 0x00, 0x00, 0x00, 0x00, 0x00, 0x00,
    0x00, 0x00, 0x00, 0x00, 0x00, 0x00, 0x00, 0x00, 0x00, 0x00, 0x00, 0x00, 0x00, 0x00, 0x00, 0x00,
    0x00, 0x00, 0x00, 0x00, 0x00, 0x00, 0x00, 0x00, 0x00, 0x00, 0x00, 0x00, 0x00, 0x00, 0x00, 0x00,
    0x00, 0x00, 0x00, 0x00, 0x00, 0x00, 0x00, 0x00, 0x00, 0x00, 0x00, 0x00, 0x00, 0x00, 0x00, 0x00,
    0x00, 0x00, 0x00, 0x00, 0x00, 0x00, 0x00, 0x00, 0x00, 0x00, 0x00, 0x00, 0x00, 0x00, 0x00, 0x00,
    0x00, 0x00, 0x00, 0x00, 0x00, 0x00, 0x00, 0x00, 0x20, 0x80, 0xcf, 0x10, 0x28, 0x87, 0xdd, 0x7f,
    0x29, 0x85, 0xdc, 0xef, 0x29, 0x86, 0xdc, 0xff, 0x29, 0x86, 0xdc, 0xff, 0x29, 0x86, 0xdc, 0xff,
    0x29, 0x86, 0xdc, 0xff, 0x29, 0x86, 0xdc, 0xff, 0x29, 0x86, 0xdc, 0xff, 0x29, 0x86, 0xdc, 0xff,
    0x29, 0x86, 0xdc, 0xff, 0x29, 0x86, 0xdc, 0xff, 0x29, 0x86, 0xdc, 0xff, 0x29, 0x86, 0xdc, 0xff,
    0x29, 0x86, 0xdc, 0xff, 0x29, 0x86, 0xdc, 0xff, 0x29, 0x86, 0xdc, 0xff, 0x29, 0x86, 0xdc, 0xff,
    0x29, 0x86, 0xdc, 0xff, 0x29, 0x86, 0xdc, 0xff, 0x29, 0x86, 0xdc, 0xff, 0x29, 0x86, 0xdc, 0xff,
    0x29, 0x86, 0xdc, 0xff, 0x29, 0x86, 0xdc, 0xff, 0x29, 0x86, 0xdc, 0xff, 0x29, 0x86, 0xdc, 0xff,
    0x29, 0x86, 0xdc, 0xff, 0x29, 0x86, 0xdc, 0xff, 0x29, 0x86, 0xdc, 0xff, 0x29, 0x86, 0xdc, 0xff,
    0x29, 0x86, 0xdc, 0xff, 0x29, 0x86, 0xdc, 0xff, 0x29, 0x86, 0xdc, 0xff, 0x29, 0x86, 0xdc, 0xff,
    0x29, 0x86, 0xdc, 0xff, 0x29, 0x86, 0xdc, 0xff, 0x29, 0x86, 0xdc, 0xff, 0x29, 0x86, 0xdc, 0xff,
    0x29, 0x86, 0xdc, 0xff, 0x29, 0x86, 0xdc, 0xff, 0x29, 0x86, 0xdc, 0xff, 0x29, 0x86, 0xdc, 0xff,
    0x29, 0x86, 0xdc, 0xff, 0x29, 0x86, 0xdc, 0xff, 0x29, 0x86, 0xdc, 0xff, 0x29, 0x86, 0xdc, 0xff,
    0x29, 0x86, 0xdc, 0xff, 0x29, 0x86, 0xdc, 0xff, 0x29, 0x86, 0xdc, 0xff, 0x29, 0x86, 0xdc, 0xff,
    0x29, 0x86, 0xdc, 0xff, 0x29, 0x86, 0xdc, 0xff, 0x29, 0x86, 0xdc, 0xff, 0x29, 0x86, 0xdc, 0xff,
    0x29, 0x86, 0xdc, 0xff, 0x29, 0x86, 0xdc, 0xff, 0x29, 0x86, 0xdc, 0xff, 0x29, 0x86, 0xdc, 0xff,
    0x29, 0x86, 0xdc, 0xff, 0x29, 0x86, 0xdc, 0xff, 0x29, 0x86, 0xdc, 0xff, 0x29, 0x86, 0xdc, 0xff,
    0x29, 0x86, 0xdc, 0xff, 0x29, 0x86, 0xdc, 0xff, 0x29, 0x86, 0xdc, 0xff, 0x29, 0x86, 0xdc, 0xff,
    0x29, 0x86, 0xdc, 0xff, 0x29, 0x86, 0xdc, 0xff, 0x29, 0x86, 0xdc, 0xff, 0x29, 0x86, 0xdc, 0xff,
    0x29, 0x86, 0xdc, 0xff, 0x29, 0x86, 0xdc, 0xff, 0x29, 0x86, 0xdc, 0xff, 0x29, 0x86, 0xdc, 0xff,
    0x29, 0x86, 0xdc, 0xff, 0x29, 0x86, 0xdc, 0xff, 0x29, 0x86, 0xdc, 0xff, 0x29, 0x86, 0xdc, 0xff,
    0x29, 0x86, 0xdc, 0xff, 0x29, 0x86, 0xdc, 0xff, 0x29, 0x86, 0xdc, 0xff, 0x29, 0x86, 0xdc, 0xff,
    0x29, 0x86, 0xdc, 0xff, 0x29, 0x86, 0xdc, 0xff, 0x29, 0x86, 0xdc, 0xff, 0x29, 0x86, 0xdc, 0xff,
    0x29, 0x86, 0xdc, 0xff, 0x29, 0x86, 0xdc, 0xff, 0x29, 0x86, 0xdc, 0xff, 0x29, 0x86, 0xdc, 0xff,
    0x29, 0x86, 0xdc, 0xff, 0x29, 0x86, 0xdc, 0xff, 0x29, 0x86, 0xdc, 0xff, 0x29, 0x86, 0xdc, 0xff,
    0x29, 0x86, 0xdc, 0xff, 0x28, 0x85, 0xdc, 0xf7, 0x29, 0x86, 0xdd, 0x8f, 0x20, 0x80, 0xcf, 0x10,
    0x00, 0x00, 0x00, 0x00, 0x00, 0x00, 0x00, 0x00, 0x00, 0x00, 0x00, 0x00, 0x00, 0x00, 0x00, 0x00,
    0x00, 0x00, 0x00, 0x00, 0x00, 0x00, 0x00, 0x00, 0x00, 0x00, 0x00, 0x00, 0x00, 0x00, 0x00, 0x00,
    0x00, 0x00, 0x00, 0x00, 0x00, 0x00, 0x00, 0x00, 0x00, 0x00, 0x00, 0x00, 0x00, 0x00, 0x00, 0x00,
    0x00, 0x00, 0x00, 0x00, 0x00, 0x00, 0x00, 0x00, 0x00, 0x00, 0x00, 0x00, 0x00, 0x00, 0x00, 0x00,
    0x00, 0x00, 0x00, 0x00, 0x00, 0x00, 0x00, 0x00, 0x00, 0x00, 0x00, 0x00, 0x00, 0x00, 0x00, 0x00,
    0x00, 0x00, 0x00, 0x00, 0x00, 0x00, 0x00, 0x00, 0x00, 0x00, 0x00, 0x00, 0x00, 0x00, 0x00, 0x00,
    0x00, 0x00, 0x00, 0x00, 0x00, 0x00, 0x00, 0x00, 0x00, 0x00, 0x00, 0x00, 0x00, 0x00, 0x00, 0x00,
    0x00, 0x00, 0x00, 0x00, 0x00, 0x00, 0x00, 0x00, 0x00, 0x80, 0xbf, 0x04, 0x28, 0x86, 0xdc, 0x67,
    0x29, 0x85, 0xdc, 0xef, 0x29, 0x86, 0xdc, 0xff, 0x29, 0x86, 0xdc, 0xff, 0x29, 0x86, 0xdc, 0xff,
    0x29, 0x86, 0xdc, 0xff, 0x29, 0x86, 0xdc, 0xff, 0x29, 0x86, 0xdc, 0xff, 0x29, 0x86, 0xdc, 0xff,
    0x29, 0x86, 0xdc, 0xff, 0x29, 0x86, 0xdc, 0xff, 0x29, 0x86, 0xdc, 0xff, 0x29, 0x86, 0xdc, 0xff,
    0x29, 0x86, 0xdc, 0xff, 0x29, 0x86, 0xdc, 0xff, 0x29, 0x86, 0xdc, 0xff, 0x29, 0x86, 0xdc, 0xff,
    0x29, 0x86, 0xdc, 0xff, 0x29, 0x86, 0xdc, 0xff, 0x29, 0x86, 0xdc, 0xff, 0x29, 0x86, 0xdc, 0xff,
    0x29, 0x86, 0xdc, 0xff, 0x29, 0x86, 0xdc, 0xff, 0x29, 0x86, 0xdc, 0xff, 0x29, 0x86, 0xdc, 0xff,
    0x29, 0x86, 0xdc, 0xff, 0x29, 0x86, 0xdc, 0xff, 0x29, 0x86, 0xdc, 0xff, 0x29, 0x86, 0xdc, 0xff,
    0x29, 0x86, 0xdc, 0xff, 0x29, 0x86, 0xdc, 0xff, 0x29, 0x86, 0xdc, 0xff, 0x29, 0x86, 0xdc, 0xff,
    0x29, 0x86, 0xdc, 0xff, 0x29, 0x86, 0xdc, 0xff, 0x29, 0x86, 0xdc, 0xff, 0x29, 0x86, 0xdc, 0xff,
    0x29, 0x86, 0xdc, 0xff, 0x29, 0x86, 0xdc, 0xff, 0x29, 0x86, 0xdc, 0xff, 0x29, 0x86, 0xdc, 0xff,
    0x29, 0x86, 0xdc, 0xff, 0x29, 0x86, 0xdc, 0xff, 0x29, 0x86, 0xdc, 0xff, 0x29, 0x86, 0xdc, 0xff,
    0x29, 0x86, 0xdc, 0xff, 0x29, 0x86, 0xdc, 0xff, 0x29, 0x86, 0xdc, 0xff, 0x29, 0x86, 0xdc, 0xff,
    0x29, 0x86, 0xdc, 0xff, 0x29, 0x86, 0xdc, 0xff, 0x29, 0x86, 0xdc, 0xff, 0x29, 0x86, 0xdc, 0xff,
    0x29, 0x86, 0xdc, 0xff, 0x29, 0x86, 0xdc, 0xff, 0x29, 0x86, 0xdc, 0xff, 0x29, 0x86, 0xdc, 0xff,
    0x29, 0x86, 0xdc, 0xff, 0x29, 0x86, 0xdc, 0xff, 0x29, 0x86, 0xdc, 0xff, 0x29, 0x86, 0xdc, 0xff,
    0x29, 0x86, 0xdc, 0xff, 0x29, 0x86, 0xdc, 0xff, 0x29, 0x86, 0xdc, 0xff, 0x29, 0x86, 0xdc, 0xff,
    0x29, 0x86, 0xdc, 0xff, 0x29, 0x86, 0xdc, 0xff, 0x29, 0x86, 0xdc, 0xff, 0x29, 0x86, 0xdc, 0xff,
    0x29, 0x86, 0xdc, 0xff, 0x29, 0x86, 0xdc, 0xff, 0x29, 0x86, 0xdc, 0xff, 0x29, 0x86, 0xdc, 0xff,
    0x29, 0x86, 0xdc, 0xff, 0x29, 0x86, 0xdc, 0xff, 0x29, 0x86, 0xdc, 0xff, 0x29, 0x86, 0xdc, 0xff,
    0x29, 0x86, 0xdc, 0xff, 0x29, 0x86, 0xdc, 0xff, 0x29, 0x86, 0xdc, 0xff, 0x29, 0x86, 0xdc, 0xff,
    0x29, 0x86, 0xdc, 0xff, 0x29, 0x86, 0xdc, 0xff, 0x29, 0x86, 0xdc, 0xff, 0x29, 0x86, 0xdc, 0xff,
    0x29, 0x86, 0xdc, 0xff, 0x29, 0x86, 0xdc, 0xff, 0x29, 0x86, 0xdc, 0xff, 0x29, 0x86, 0xdc, 0xff,
    0x29, 0x86, 0xdc, 0xff, 0x29, 0x86, 0xdc, 0xff, 0x29, 0x86, 0xdc, 0xff, 0x29, 0x86, 0xdc, 0xff,
    0x29, 0x86, 0xdc, 0xff, 0x29, 0x86, 0xdc, 0xff, 0x29, 0x86, 0xdc, 0xff, 0x29, 0x86, 0xdc, 0xff,
    0x29, 0x86, 0xdc, 0xff, 0x29, 0x86, 0xdc, 0xe7, 0x28, 0x86, 0xdc, 0x67, 0x00, 0x00, 0x00, 0x00,
    0x00, 0x00, 0x00, 0x00, 0x00, 0x00, 0x00, 0x00, 0x00, 0x00, 0x00, 0x00, 0x00, 0x00, 0x00, 0x00,
    0x00, 0x00, 0x00, 0x00, 0x00, 0x00, 0x00, 0x00, 0x00, 0x00, 0x00, 0x00, 0x00, 0x00, 0x00, 0x00,
    0x00, 0x00, 0x00, 0x00, 0x00, 0x00, 0x00, 0x00, 0x00, 0x00, 0x00, 0x00, 0x00, 0x00, 0x00, 0x00,
    0x00, 0x00, 0x00, 0x00, 0x00, 0x00, 0x00, 0x00, 0x00, 0x00, 0x00, 0x00, 0x00, 0x00, 0x00, 0x00,
    0x00, 0x00, 0x00, 0x00, 0x00, 0x00, 0x00, 0x00, 0x00, 0x00, 0x00, 0x00, 0x00, 0x00, 0x00, 0x00,
    0x00, 0x00, 0x00, 0x00, 0x00, 0x00, 0x00, 0x00, 0x00, 0x00, 0x00, 0x00, 0x00, 0x00, 0x00, 0x00,
    0x00, 0x00, 0x00, 0x00, 0x00, 0x00, 0x00, 0x00, 0x00, 0x00, 0x00, 0x00, 0x27, 0x83, 0xde, 0x27,
    0x29, 0x87, 0xdc, 0xc7, 0x29, 0x86, 0xdc, 0xff, 0x29, 0x86, 0xdc, 0xff, 0x29, 0x86, 0xdc, 0xff,
    0x29, 0x86, 0xdc, 0xff, 0x29, 0x86, 0xdc, 0xff, 0x29, 0x86, 0xdc, 0xff, 0x29, 0x86, 0xdc, 0xff,
    0x29, 0x86, 0xdc, 0xff, 0x29, 0x86, 0xdc, 0xff, 0x29, 0x86, 0xdc, 0xff, 0x29, 0x86, 0xdc, 0xff,
    0x29, 0x86, 0xdc, 0xff, 0x29, 0x86, 0xdc, 0xff, 0x29, 0x86, 0xdc, 0xff, 0x29, 0x86, 0xdc, 0xff,
    0x29, 0x86, 0xdc, 0xff, 0x29, 0x86, 0xdc, 0xff, 0x29, 0x86, 0xdc, 0xff, 0x29, 0x86, 0xdc, 0xff,
    0x29, 0x86, 0xdc, 0xff, 0x29, 0x86, 0xdc, 0xff, 0x29, 0x86, 0xdc, 0xff, 0x29, 0x86, 0xdc, 0xff,
    0x29, 0x86, 0xdc, 0xff, 0x29, 0x86, 0xdc, 0xff, 0x29, 0x86, 0xdc, 0xff, 0x29, 0x86, 0xdc, 0xff,
    0x29, 0x86, 0xdc, 0xff, 0x29, 0x86, 0xdc, 0xff, 0x29, 0x86, 0xdc, 0xff, 0x29, 0x86, 0xdc, 0xff,
    0x29, 0x86, 0xdc, 0xff, 0x29, 0x86, 0xdc, 0xff, 0x29, 0x86, 0xdc, 0xff, 0x29, 0x86, 0xdc, 0xff,
    0x29, 0x86, 0xdc, 0xff, 0x29, 0x86, 0xdc, 0xff, 0x29, 0x86, 0xdc, 0xff, 0x29, 0x86, 0xdc, 0xff,
    0x29, 0x86, 0xdc, 0xff, 0x29, 0x86, 0xdc, 0xff, 0x29, 0x86, 0xdc, 0xff, 0x29, 0x86, 0xdc, 0xff,
    0x29, 0x86, 0xdc, 0xff, 0x29, 0x86, 0xdc, 0xff, 0x29, 0x86, 0xdc, 0xff, 0x29, 0x86, 0xdc, 0xff,
    0x29, 0x86, 0xdc, 0xff, 0x29, 0x86, 0xdc, 0xff, 0x29, 0x86, 0xdc, 0xff, 0x29, 0x86, 0xdc, 0xff,
    0x29, 0x86, 0xdc, 0xff, 0x29, 0x86, 0xdc, 0xff, 0x29, 0x86, 0xdc, 0xff, 0x29, 0x86, 0xdc, 0xff,
    0x29, 0x86, 0xdc, 0xff, 0x29, 0x86, 0xdc, 0xff, 0x29, 0x86, 0xdc, 0xff, 0x29, 0x86, 0xdc, 0xff,
    0x29, 0x86, 0xdc, 0xff, 0x29, 0x86, 0xdc, 0xff, 0x29, 0x86, 0xdc, 0xff, 0x29, 0x86, 0xdc, 0xff,
    0x29, 0x86, 0xdc, 0xff, 0x29, 0x86, 0xdc, 0xff, 0x29, 0x86, 0xdc, 0xff, 0x29, 0x86, 0xdc, 0xff,
    0x29, 0x86, 0xdc, 0xff, 0x29, 0x86, 0xdc, 0xff, 0x29, 0x86, 0xdc, 0xff, 0x29, 0x86, 0xdc, 0xff,
    0x29, 0x86, 0xdc, 0xff, 0x29, 0x86, 0xdc, 0xff, 0x29, 0x86, 0xdc, 0xff, 0x29, 0x86, 0xdc, 0xff,
    0x29, 0x86, 0xdc, 0xff, 0x29, 0x86, 0xdc, 0xff, 0x29, 0x86, 0xdc, 0xff, 0x29, 0x86, 0xdc, 0xff,
    0x29, 0x86, 0xdc, 0xff, 0x29, 0x86, 0xdc, 0xff, 0x29, 0x86, 0xdc, 0xff, 0x29, 0x86, 0xdc, 0xff,
    0x29, 0x86, 0xdc, 0xff, 0x29, 0x86, 0xdc, 0xff, 0x29, 0x86, 0xdc, 0xff, 0x29, 0x86, 0xdc, 0xff,
    0x29, 0x86, 0xdc, 0xff, 0x29, 0x86, 0xdc, 0xff, 0x29, 0x86, 0xdc, 0xff, 0x29, 0x86, 0xdc, 0xff,
    0x29, 0x86, 0xdc, 0xff, 0x29, 0x86, 0xdc, 0xff, 0x29, 0x86, 0xdc, 0xff, 0x29, 0x86, 0xdc, 0xff,
    0x29, 0x86, 0xdc, 0xff, 0x29, 0x86, 0xdc, 0xff, 0x29, 0x86, 0xdc, 0xff, 0x29, 0x86, 0xdc, 0xff,
    0x29, 0x86, 0xdc, 0xff, 0x29, 0x85, 0xdc, 0xc7, 0x2c, 0x8a, 0xdb, 0x23, 0x00, 0x00, 0x00, 0x00,
    0x00, 0x00, 0x00, 0x00, 0x00, 0x00, 0x00, 0x00, 0x00, 0x00, 0x00, 0x00, 0x00, 0x00, 0x00, 0x00,
    0x00, 0x00, 0x00, 0x00, 0x00, 0x00, 0x00, 0x00, 0x00, 0x00, 0x00, 0x00, 0x00, 0x00, 0x00, 0x00,
    0x00, 0x00, 0x00, 0x00, 0x00, 0x00, 0x00, 0x00, 0x00, 0x00, 0x00, 0x00, 0x00, 0x00, 0x00, 0x00,
    0x00, 0x00, 0x00, 0x00, 0x00, 0x00, 0x00, 0x00, 0x00, 0x00, 0x00, 0x00, 0x00, 0x00, 0x00, 0x00,
    0x00, 0x00, 0x00, 0x00, 0x00, 0x00, 0x00, 0x00, 0x00, 0x00, 0x00, 0x00, 0x00, 0x00, 0x00, 0x00,
    0x00, 0x00, 0x00, 0x00, 0x00, 0x00, 0x00, 0x00, 0x00, 0x00, 0x00, 0x00, 0x00, 0x00, 0x00, 0x00,
    0x27, 0x87, 0xdd, 0x5b, 0x28, 0x86, 0xdc, 0xf7, 0x29, 0x86, 0xdc, 0xff, 0x29, 0x86, 0xdc, 0xff,
    0x29, 0x86, 0xdc, 0xff, 0x29, 0x86, 0xdc, 0xff, 0x29, 0x86, 0xdc, 0xff, 0x29, 0x86, 0xdc, 0xff,
    0x29, 0x86, 0xdc, 0xff, 0x29, 0x86, 0xdc, 0xff, 0x29, 0x86, 0xdc, 0xff, 0x29, 0x86, 0xdc, 0xff,
    0x29, 0x86, 0xdc, 0xff, 0x29, 0x86, 0xdc, 0xff, 0x29, 0x86, 0xdc, 0xff, 0x29, 0x86, 0xdc, 0xff,
    0x29, 0x86, 0xdc, 0xff, 0x29, 0x86, 0xdc, 0xff, 0x29, 0x86, 0xdc, 0xff, 0x29, 0x86, 0xdc, 0xff,
    0x29, 0x86, 0xdc, 0xff, 0x29, 0x86, 0xdc, 0xff, 0x29, 0x86, 0xdc, 0xff, 0x29, 0x86, 0xdc, 0xff,
    0x29, 0x86, 0xdc, 0xff, 0x29, 0x86, 0xdc, 0xff, 0x29, 0x86, 0xdc, 0xff, 0x29, 0x86, 0xdc, 0xff,
    0x29, 0x86, 0xdc, 0xff, 0x29, 0x86, 0xdc, 0xff, 0x29, 0x86, 0xdc, 0xff, 0x29, 0x86, 0xdc, 0xff,
    0x29, 0x86, 0xdc, 0xff, 0x29, 0x86, 0xdc, 0xff, 0x29, 0x86, 0xdc, 0xff, 0x29, 0x86, 0xdc, 0xff,
    0x29, 0x86, 0xdc, 0xff, 0x29, 0x86, 0xdc, 0xff, 0x29, 0x86, 0xdc, 0xff, 0x29, 0x86, 0xdc, 0xff,
    0x29, 0x86, 0xdc, 0xff, 0x29, 0x86, 0xdc, 0xff, 0x29, 0x86, 0xdc, 0xff, 0x29, 0x86, 0xdc, 0xff,
    0x29, 0x86, 0xdc, 0xff, 0x29, 0x86, 0xdc, 0xff, 0x29, 0x86, 0xdc, 0xff, 0x29, 0x86, 0xdc, 0xff,
    0x29, 0x86, 0xdc, 0xff, 0x29, 0x86, 0xdc, 0xff, 0x29, 0x86, 0xdc, 0xff, 0x29, 0x86, 0xdc, 0xff,
    0x29, 0x86, 0xdc, 0xff, 0x29, 0x86, 0xdc, 0xff, 0x29, 0x86, 0xdc, 0xff, 0x29, 0x86, 0xdc, 0xff,
    0x29, 0x86, 0xdc, 0xff, 0x29, 0x86, 0xdc, 0xff, 0x29, 0x86, 0xdc, 0xff, 0x29, 0x86, 0xdc, 0xff,
    0x29, 0x86, 0xdc, 0xff, 0x29, 0x86, 0xdc, 0xff, 0x29, 0x86, 0xdc, 0xff, 0x29, 0x86, 0xdc, 0xff,
    0x29, 0x86, 0xdc, 0xff, 0x29, 0x86, 0xdc, 0xff, 0x29, 0x86, 0xdc, 0xff, 0x29, 0x86, 0xdc, 0xff,
    0x29, 0x86, 0xdc, 0xff, 0x29, 0x86, 0xdc, 0xff, 0x29, 0x86, 0xdc, 0xff, 0x29, 0x86, 0xdc, 0xff,
    0x29, 0x86, 0xdc, 0xff, 0x29, 0x86, 0xdc, 0xff, 0x29, 0x86, 0xdc, 0xff, 0x29, 0x86, 0xdc, 0xff,
    0x29, 0x86, 0xdc, 0xff, 0x29, 0x86, 0xdc, 0xff, 0x29, 0x86, 0xdc, 0xff, 0x29, 0x86, 0xdc, 0xff,
    0x29, 0x86, 0xdc, 0xff, 0x29, 0x86, 0xdc, 0xff, 0x29, 0x86, 0xdc, 0xff, 0x29, 0x86, 0xdc, 0xff,
    0x29, 0x86, 0xdc, 0xff, 0x29, 0x86, 0xdc, 0xff, 0x29, 0x86, 0xdc, 0xff, 0x29, 0x86, 0xdc, 0xff,
    0x29, 0x86, 0xdc, 0xff, 0x29, 0x86, 0xdc, 0xff, 0x29, 0x86, 0xdc, 0xff, 0x29, 0x86, 0xdc, 0xff,
    0x29, 0x86, 0xdc, 0xff, 0x29, 0x86, 0xdc, 0xff, 0x29, 0x86, 0xdc, 0xff, 0x29, 0x86, 0xdc, 0xff,
    0x29, 0x86, 0xdc, 0xff, 0x29, 0x86, 0xdc, 0xff, 0x29, 0x86, 0xdc, 0xff, 0x29, 0x86, 0xdc, 0xff,
    0x29, 0x86, 0xdc, 0xff, 0x29, 0x86, 0xdc, 0xff, 0x29, 0x86, 0xdc, 0xff, 0x29, 0x86, 0xdc, 0xff,
    0x28, 0x85, 0xdc, 0xf7, 0x28, 0x86, 0xdc, 0x5f, 0x00, 0x00, 0x00, 0x00, 0x00, 0x00, 0x00, 0x00,
    0x00, 0x00, 0x00, 0x00, 0x00, 0x00, 0x00, 0x00, 0x00, 0x00, 0x00, 0x00, 0x00, 0x00, 0x00, 0x00,
    0x00, 0x00, 0x00, 0x00, 0x00, 0x00, 0x00, 0x00, 0x00, 0x00, 0x00, 0x00, 0x00, 0x00, 0x00, 0x00,
    0x00, 0x00, 0x00, 0x00, 0x00, 0x00, 0x00, 0x00, 0x00, 0x00, 0x00, 0x00, 0x00, 0x00, 0x00, 0x00,
    0x00, 0x00, 0x00, 0x00, 0x00, 0x00, 0x00, 0x00, 0x00, 0x00, 0x00, 0x00, 0x00, 0x00, 0x00, 0x00,
    0x00, 0x00, 0x00, 0x00, 0x00, 0x00, 0x00, 0x00, 0x00, 0x00, 0x00, 0x00, 0x00, 0x00, 0x00, 0x00,
    0x00, 0x80, 0xbf, 0x04, 0x29, 0x86, 0xdb, 0x8f, 0x29, 0x86, 0xdc, 0xff, 0x29, 0x86, 0xdc, 0xff,
    0x29, 0x86, 0xdc, 0xff, 0x29, 0x86, 0xdc, 0xff, 0x29, 0x86, 0xdc, 0xff, 0x29, 0x86, 0xdc, 0xff,
    0x29, 0x86, 0xdc, 0xff, 0x29, 0x86, 0xdc, 0xff, 0x29, 0x86, 0xdc, 0xff, 0x29, 0x86, 0xdc, 0xff,
    0x29, 0x86, 0xdc, 0xff, 0x29, 0x86, 0xdc, 0xff, 0x29, 0x86, 0xdc, 0xff, 0x29, 0x86, 0xdc, 0xff,
    0x29, 0x86, 0xdc, 0xff, 0x29, 0x86, 0xdc, 0xff, 0x29, 0x86, 0xdc, 0xff, 0x29, 0x86, 0xdc, 0xff,
    0x29, 0x86, 0xdc, 0xff, 0x29, 0x86, 0xdc, 0xff, 0x29, 0x86, 0xdc, 0xff, 0x29, 0x86, 0xdc, 0xff,
    0x29, 0x86, 0xdc, 0xff, 0x29, 0x86, 0xdc, 0xff, 0x29, 0x86, 0xdc, 0xff, 0x29, 0x86, 0xdc, 0xff,
    0x29, 0x86, 0xdc, 0xff, 0x29, 0x86, 0xdc, 0xff, 0x29, 0x86, 0xdc, 0xff, 0x29, 0x86, 0xdc, 0xff,
    0x29, 0x86, 0xdc, 0xff, 0x29, 0x86, 0xdc, 0xff, 0x29, 0x86, 0xdc, 0xff, 0x29, 0x86, 0xdc, 0xff,
    0x29, 0x86, 0xdc, 0xff, 0x29, 0x86, 0xdc, 0xff, 0x29, 0x86, 0xdc, 0xff, 0x29, 0x86, 0xdc, 0xff,
    0x29, 0x86, 0xdc, 0xff, 0x29, 0x86, 0xdc, 0xff, 0x29, 0x86, 0xdc, 0xff, 0x29, 0x86, 0xdc, 0xff,
    0x29, 0x86, 0xdc, 0xff, 0x29, 0x86, 0xdc, 0xff, 0x29, 0x86, 0xdc, 0xff, 0x29, 0x86, 0xdc, 0xff,
    0x29, 0x86, 0xdc, 0xff, 0x29, 0x86, 0xdc, 0xff, 0x29, 0x86, 0xdc, 0xff, 0x29, 0x86, 0xdc, 0xff,
    0x29, 0x86, 0xdc, 0xff, 0x29, 0x86, 0xdc, 0xff, 0x29, 0x86, 0xdc, 0xff, 0x29, 0x86, 0xdc, 0xff,
    0x29, 0x86, 0xdc, 0xff, 0x29, 0x86, 0xdc, 0xff, 0x29, 0x86, 0xdc, 0xff, 0x29, 0x86, 0xdc, 0xff,
    0x29, 0x86, 0xdc, 0xff, 0x29, 0x86, 0xdc, 0xff, 0x29, 0x86, 0xdc, 0xff, 0x29, 0x86, 0xdc, 0xff,
    0x29, 0x86, 0xdc, 0xff, 0x29, 0x86, 0xdc, 0xff, 0x29, 0x86, 0xdc, 0xff, 0x29, 0x86, 0xdc, 0xff,
    0x29, 0x86, 0xdc, 0xff, 0x29, 0x86, 0xdc, 0xff, 0x29, 0x86, 0xdc, 0xff, 0x29, 0x86, 0xdc, 0xff,
    0x29, 0x86, 0xdc, 0xff, 0x29, 0x86, 0xdc, 0xff, 0x29, 0x86, 0xdc, 0xff, 0x29, 0x86, 0xdc, 0xff,
    0x29, 0x86, 0xdc, 0xff, 0x29, 0x86, 0xdc, 0xff, 0x29, 0x86, 0xdc, 0xff, 0x29, 0x86, 0xdc, 0xff,
    0x29, 0x86, 0xdc, 0xff, 0x29, 0x86, 0xdc, 0xff, 0x29, 0x86, 0xdc, 0xff, 0x29, 0x86, 0xdc, 0xff,
    0x29, 0x86, 0xdc, 0xff, 0x29, 0x86, 0xdc, 0xff, 0x29, 0x86, 0xdc, 0xff, 0x29, 0x86, 0xdc, 0xff,
    0x29, 0x86, 0xdc, 0xff, 0x29, 0x86, 0xdc, 0xff, 0x29, 0x86, 0xdc, 0xff, 0x29, 0x86, 0xdc, 0xff,
    0x29, 0x86, 0xdc, 0xff, 0x29, 0x86, 0xdc, 0xff, 0x29, 0x86, 0xdc, 0xff, 0x29, 0x86, 0xdc, 0xff,
    0x29, 0x86, 0xdc, 0xff, 0x29, 0x86, 0xdc, 0xff, 0x29, 0x86, 0xdc, 0xff, 0x29, 0x86, 0xdc, 0xff,
    0x29, 0x86, 0xdc, 0xff, 0x29, 0x86, 0xdc, 0xff, 0x29, 0x86, 0xdc, 0xff, 0x29, 0x86, 0xdc, 0xff,
    0x29, 0x86, 0xdc, 0xff, 0x29, 0x86, 0xdc, 0xff, 0x29, 0x86, 0xdc, 0xff, 0x29, 0x86, 0xdc, 0xff,
    0x28, 0x86, 0xdc, 0x8b, 0x00, 0x80, 0xbf, 0x04, 0x00, 0x00, 0x00, 0x00, 0x00, 0x00, 0x00, 0x00,
    0x00, 0x00, 0x00, 0x00, 0x00, 0x00, 0x00, 0x00, 0x00, 0x00, 0x00, 0x00, 0x00, 0x00, 0x00, 0x00,
    0x00, 0x00, 0x00, 0x00, 0x00, 0x00, 0x00, 0x00, 0x00, 0x00, 0x00, 0x00, 0x00, 0x00, 0x00, 0x00,
    0x00, 0x00, 0x00, 0x00, 0x00, 0x00, 0x00, 0x00, 0x00, 0x00, 0x00, 0x00, 0x00, 0x00, 0x00, 0x00,
    0x00, 0x00, 0x00, 0x00, 0x00, 0x00, 0x00, 0x00, 0x00, 0x00, 0x00, 0x00, 0x00, 0x00, 0x00, 0x00,
    0x00, 0x00, 0x00, 0x00, 0x20, 0x80, 0xdf, 0x08, 0x28, 0x86, 0xdd, 0xb3, 0x29, 0x86, 0xdc, 0xff,
    0x29, 0x86, 0xdc, 0xff, 0x29, 0x86, 0xdc, 0xff, 0x29, 0x86, 0xdc, 0xff, 0x29, 0x86, 0xdc, 0xff,
    0x29, 0x86, 0xdc, 0xff, 0x29, 0x86, 0xdc, 0xff, 0x29, 0x86, 0xdc, 0xff, 0x29, 0x86, 0xdc, 0xff,
    0x29, 0x86, 0xdc, 0xff, 0x29, 0x86, 0xdc, 0xff, 0x29, 0x86, 0xdc, 0xff, 0x29, 0x86, 0xdc, 0xff,
    0x29, 0x86, 0xdc, 0xff, 0x29, 0x86, 0xdc, 0xff, 0x29, 0x86, 0xdc, 0xff, 0x29, 0x86, 0xdc, 0xff,
    0x29, 0x86, 0xdc, 0xff, 0x29, 0x86, 0xdc, 0xff, 0x29, 0x86, 0xdc, 0xff, 0x29, 0x86, 0xdc, 0xff,
    0x29, 0x86, 0xdc, 0xff, 0x29, 0x86, 0xdc, 0xff, 0x29, 0x86, 0xdc, 0xff, 0x29, 0x86, 0xdc, 0xff,
    0x29, 0x86, 0xdc, 0xff, 0x29, 0x86, 0xdc, 0xff, 0x29, 0x86, 0xdc, 0xff, 0x29, 0x86, 0xdc, 0xff,
    0x29, 0x86, 0xdc, 0xff, 0x29, 0x86, 0xdc, 0xff, 0x29, 0x86, 0xdc, 0xff, 0x29, 0x86, 0xdc, 0xff,
    0x29, 0x86, 0xdc, 0xff, 0x29, 0x86, 0xdc, 0xff, 0x29, 0x86, 0xdc, 0xff, 0x29, 0x86, 0xdc, 0xff,
    0x29, 0x86, 0xdc, 0xff, 0x29, 0x86, 0xdc, 0xff, 0x29, 0x86, 0xdc, 0xff, 0x29, 0x86, 0xdc, 0xff,
    0x29, 0x86, 0xdc, 0xff, 0x29, 0x86, 0xdc, 0xff, 0x29, 0x86, 0xdc, 0xff, 0x29, 0x86, 0xdc, 0xff,
    0x29, 0x86, 0xdc, 0xff, 0x29, 0x86, 0xdc, 0xff, 0x29, 0x86, 0xdc, 0xff, 0x29, 0x86, 0xdc, 0xff,
    0x29, 0x86, 0xdc, 0xff, 0x29, 0x86, 0xdc, 0xff, 0x29, 0x86, 0xdc, 0xff, 0x29, 0x86, 0xdc, 0xff,
    0x29, 0x86, 0xdc, 0xff, 0x29, 0x86, 0xdc, 0xff, 0x29, 0x86, 0xdc, 0xff, 0x29, 0x86, 0xdc, 0xff,
    0x29, 0x86, 0xdc, 0xff, 0x29, 0x86, 0xdc, 0xff, 0x29, 0x86, 0xdc, 0xff, 0x29, 0x86, 0xdc, 0xff,
    0x29, 0x86, 0xdc, 0xff, 0x29, 0x86, 0xdc, 0xff, 0x29, 0x86, 0xdc, 0xff, 0x29, 0x86, 0xdc, 0xff,
    0x29, 0x86, 0xdc, 0xff, 0x29, 0x86, 0xdc, 0xff, 0x29, 0x86, 0xdc, 0xff, 0x29, 0x86, 0xdc, 0xff,
    0x29, 0x86, 0xdc, 0xff, 0x29, 0x86, 0xdc, 0xff, 0x29, 0x86, 0xdc, 0xff, 0x29, 0x86, 0xdc, 0xff,
    0x29, 0x86, 0xdc, 0xff, 0x29, 0x86, 0xdc, 0xff, 0x29, 0x86, 0xdc, 0xff, 0x29, 0x86, 0xdc, 0xff,
    0x29, 0x86, 0xdc, 0xff, 0x29, 0x86, 0xdc, 0xff, 0x29, 0x86, 0xdc, 0xff, 0x29, 0x86, 0xdc, 0xff,
    0x29, 0x86, 0xdc, 0xff, 0x29, 0x86, 0xdc, 0xff, 0x29, 0x86, 0xdc, 0xff, 0x29, 0x86, 0xdc, 0xff,
    0x29, 0x86, 0xdc, 0xff, 0x29, 0x86, 0xdc, 0xff, 0x29, 0x86, 0xdc, 0xff, 0x29, 0x86, 0xdc, 0xff,
    0x29, 0x86, 0xdc, 0xff, 0x29, 0x86, 0xdc, 0xff, 0x29, 0x86, 0xdc, 0xff, 0x29, 0x86, 0xdc, 0xff,
    0x29, 0x86, 0xdc, 0xff, 0x29, 0x86, 0xdc, 0xff, 0x29, 0x86, 0xdc, 0xff, 0x29, 0x86, 0xdc, 0xff,
    0x29, 0x86, 0xdc, 0xff, 0x29, 0x86, 0xdc, 0xff, 0x29, 0x86, 0xdc, 0xff, 0x29, 0x86, 0xdc, 0xff,
    0x29, 0x86, 0xdc, 0xff, 0x29, 0x86, 0xdc, 0xff, 0x29, 0x86, 0xdc, 0xff, 0x29, 0x86, 0xdc, 0xff,
    0x29, 0x86, 0xdc, 0xff, 0x29, 0x86, 0xdc, 0xff, 0x29, 0x86, 0xdc, 0xff, 0x28, 0x86, 0xdc, 0xb7,
    0x20, 0x80, 0xdf, 0x08, 0x00, 0x00, 0x00, 0x00, 0x00, 0x00, 0x00, 0x00, 0x00, 0x00, 0x00, 0x00,
    0x00, 0x00, 0x00, 0x00, 0x00, 0x00, 0x00, 0x00, 0x00, 0x00, 0x00, 0x00, 0x00, 0x00, 0x00, 0x00,
    0x00, 0x00, 0x00, 0x00, 0x00, 0x00, 0x00, 0x00, 0x00, 0x00, 0x00, 0x00, 0x00, 0x00, 0x00, 0x00,
    0x00, 0x00, 0x00, 0x00, 0x00, 0x00, 0x00, 0x00, 0x00, 0x00, 0x00, 0x00, 0x00, 0x00, 0x00, 0x00,
    0x00, 0x00, 0x00, 0x00, 0x00, 0x00, 0x00, 0x00, 0x20, 0x80, 0xdf, 0x08, 0x28, 0x86, 0xdc, 0xb7,
    0x29, 0x86, 0xdc, 0xff, 0x29, 0x86, 0xdc, 0xff, 0x29, 0x86, 0xdc, 0xff, 0x29, 0x86, 0xdc, 0xff,
    0x29, 0x86, 0xdc, 0xff, 0x29, 0x86, 0xdc, 0xff, 0x29, 0x86, 0xdc, 0xff, 0x29, 0x86, 0xdc, 0xff,
    0x29, 0x86, 0xdc, 0xff, 0x29, 0x86, 0xdc, 0xff, 0x29, 0x86, 0xdc, 0xff, 0x29, 0x86, 0xdc, 0xff,
    0x29, 0x86, 0xdc, 0xff, 0x29, 0x86, 0xdc, 0xff, 0x29, 0x86, 0xdc, 0xff, 0x29, 0x86, 0xdc, 0xff,
    0x29, 0x86, 0xdc, 0xff, 0x29, 0x86, 0xdc, 0xff, 0x29, 0x86, 0xdc, 0xff, 0x29, 0x86, 0xdc, 0xff,
    0x29, 0x86, 0xdc, 0xff, 0x29, 0x86, 0xdc, 0xff, 0x29, 0x86, 0xdc, 0xff, 0x29, 0x86, 0xdc, 0xff,
    0x29, 0x86, 0xdc, 0xff, 0x29, 0x86, 0xdc, 0xff, 0x29, 0x86, 0xdc, 0xff, 0x29, 0x86, 0xdc, 0xff,
    0x29, 0x86, 0xdc, 0xff, 0x29, 0x86, 0xdc, 0xff, 0x29, 0x86, 0xdc, 0xff, 0x29, 0x86, 0xdc, 0xff,
    0x29, 0x86, 0xdc, 0xff, 0x29, 0x86, 0xdc, 0xff, 0x29, 0x86, 0xdc, 0xff, 0x29, 0x86, 0xdc, 0xff,
    0x29, 0x86, 0xdc, 0xff, 0x29, 0x86, 0xdc, 0xff, 0x29, 0x86, 0xdc, 0xff, 0x29, 0x86, 0xdc, 0xff,
    0x29, 0x86, 0xdc, 0xff, 0x29, 0x86, 0xdc, 0xff, 0x29, 0x86, 0xdc, 0xff, 0x29, 0x86, 0xdc, 0xff,
    0x29, 0x86, 0xdc, 0xff, 0x29, 0x86, 0xdc, 0xff, 0x29, 0x86, 0xdc, 0xff, 0x29, 0x86, 0xdc, 0xff,
    0x29, 0x86, 0xdc, 0xff, 0x29, 0x86, 0xdc, 0xff, 0x29, 0x86, 0xdc, 0xff, 0x29, 0x86, 0xdc, 0xff,
    0x29, 0x86, 0xdc, 0xff, 0x29, 0x86, 0xdc, 0xff, 0x29, 0x86, 0xdc, 0xff, 0x29, 0x86, 0xdc, 0xff,
    0x29, 0x86, 0xdc, 0xff, 0x29, 0x86, 0xdc, 0xff, 0x29, 0x86, 0xdc, 0xff, 0x29, 0x86, 0xdc, 0xff,
    0x29, 0x86, 0xdc, 0xff, 0x29, 0x86, 0xdc, 0xff, 0x29, 0x86, 0xdc, 0xff, 0x29, 0x86, 0xdc, 0xff,
    0x29, 0x86, 0xdc, 0xff, 0x29, 0x86, 0xdc, 0xff, 0x29, 0x86, 0xdc, 0xff, 0x29, 0x86, 0xdc, 0xff,
    0x29, 0x86, 0xdc, 0xff, 0x29, 0x86, 0xdc, 0xff, 0x29, 0x86, 0xdc, 0xff, 0x29, 0x86, 0xdc, 0xff,
    0x29, 0x86, 0xdc, 0xff, 0x29, 0x86, 0xdc, 0xff, 0x29, 0x86, 0xdc, 0xff, 0x29, 0x86, 0xdc, 0xff,
    0x29, 0x86, 0xdc, 0xff, 0x29, 0x86, 0xdc, 0xff, 0x29, 0x86, 0xdc, 0xff, 0x29, 0x86, 0xdc, 0xff,
    0x29, 0x86, 0xdc, 0xff, 0x29, 0x86, 0xdc, 0xff, 0x29, 0x86, 0xdc, 0xff, 0x29, 0x86, 0xdc, 0xff,
    0x29, 0x86, 0xdc, 0xff, 0x29, 0x86, 0xdc, 0xff, 0x29, 0x86, 0xdc, 0xff, 0x29, 0x86, 0xdc, 0xff,
    0x29, 0x86, 0xdc, 0xff, 0x29, 0x86, 0xdc, 0xff, 0x29, 0x86, 0xdc, 0xff, 0x29, 0x86, 0xdc, 0xff,
    0x29, 0x86, 0xdc, 0xff, 0x29, 0x86, 0xdc, 0xff, 0x29, 0x86, 0xdc, 0xff, 0x29, 0x86, 0xdc, 0xff,
    0x29, 0x86, 0xdc, 0xff, 0x29, 0x86, 0xdc, 0xff, 0x29, 0x86, 0xdc, 0xff, 0x29, 0x86, 0xdc, 0xff,
    0x29, 0x86, 0xdc, 0xff, 0x29, 0x86, 0xdc, 0xff, 0x29, 0x86, 0xdc, 0xff, 0x29, 0x86, 0xdc, 0xff,
    0x29, 0x86, 0xdc, 0xff, 0x29, 0x86, 0xdc, 0xff, 0x29, 0x86, 0xdc, 0xff, 0x29, 0x86, 0xdc, 0xff,
    0x29, 0x86, 0xdc, 0xff, 0x29, 0x86, 0xdc, 0xff, 0x28, 0x86, 0xdc, 0xb7, 0x20, 0x80, 0xdf, 0x08,
    0x00, 0x00, 0x00, 0x00, 0x00, 0x00, 0x00, 0x00, 0x00, 0x00, 0x00, 0x00, 0x00, 0x00, 0x00, 0x00,
    0x00, 0x00, 0x00, 0x00, 0x00, 0x00, 0x00, 0x00, 0x00, 0x00, 0x00, 0x00, 0x00, 0x00, 0x00, 0x00,
    0x00, 0x00, 0x00, 0x00, 0x00, 0x00, 0x00, 0x00, 0x00, 0x00, 0x00, 0x00, 0x00, 0x00, 0x00, 0x00,
    0x00, 0x00, 0x00, 0x00, 0x00, 0x00, 0x00, 0x00, 0x00, 0x00, 0x00, 0x00, 0x00, 0x80, 0xbf, 0x04,
    0x28, 0x86, 0xdc, 0xb7, 0x29, 0x86, 0xdc, 0xff, 0x29, 0x86, 0xdc, 0xff, 0x29, 0x86, 0xdc, 0xff,
    0x29, 0x86, 0xdc, 0xff, 0x29, 0x86, 0xdc, 0xff, 0x29, 0x86, 0xdc, 0xff, 0x29, 0x86, 0xdc, 0xff,
    0x29, 0x86, 0xdc, 0xff, 0x29, 0x86, 0xdc, 0xff, 0x29, 0x86, 0xdc, 0xff, 0x29, 0x86, 0xdc, 0xff,
    0x29, 0x86, 0xdc, 0xff, 0x29, 0x86, 0xdc, 0xff, 0x29, 0x86, 0xdc, 0xff, 0x29, 0x86, 0xdc, 0xff,
    0x29, 0x86, 0xdc, 0xff, 0x29, 0x86, 0xdc, 0xff, 0x29, 0x86, 0xdc, 0xff, 0x29, 0x86, 0xdc, 0xff,
    0x29, 0x86, 0xdc, 0xff, 0x29, 0x86, 0xdc, 0xff, 0x29, 0x86, 0xdc, 0xff, 0x29, 0x86, 0xdc, 0xff,
    0x29, 0x86, 0xdc, 0xff, 0x29, 0x86, 0xdc, 0xff, 0x29, 0x86, 0xdc, 0xff, 0x29, 0x86, 0xdc, 0xff,
    0x29, 0x86, 0xdc, 0xff, 0x29, 0x86, 0xdc, 0xff, 0x29, 0x86, 0xdc, 0xff, 0x29, 0x86, 0xdc, 0xff,
    0x29, 0x86, 0xdc, 0xff, 0x29, 0x86, 0xdc, 0xff, 0x29, 0x86, 0xdc, 0xff, 0x29, 0x86, 0xdc, 0xff,
    0x29, 0x86, 0xdc, 0xff, 0x29, 0x86, 0xdc, 0xff, 0x29, 0x86, 0xdc, 0xff, 0x29, 0x86, 0xdc, 0xff,
    0x29, 0x86, 0xdc, 0xff, 0x29, 0x86, 0xdc, 0xff, 0x29, 0x86, 0xdc, 0xff, 0x29, 0x86, 0xdc, 0xff,
    0x29, 0x86, 0xdc, 0xff, 0x29, 0x86, 0xdc, 0xff, 0x29, 0x86, 0xdc, 0xff, 0x29, 0x86, 0xdc, 0xff,
    0x29, 0x86, 0xdc, 0xff, 0x29, 0x86, 0xdc, 0xff, 0x29, 0x86, 0xdc, 0xff, 0x29, 0x86, 0xdc, 0xff,
    0x29, 0x86, 0xdc, 0xff, 0x29, 0x86, 0xdc, 0xff, 0x29, 0x86, 0xdc, 0xff, 0x29, 0x86, 0xdc, 0xff,
    0x29, 0x86, 0xdc, 0xff, 0x29, 0x86, 0xdc, 0xff, 0x29, 0x86, 0xdc, 0xff, 0x29, 0x86, 0xdc, 0xff,
    0x29, 0x86, 0xdc, 0xff, 0x29, 0x86, 0xdc, 0xff, 0x29, 0x86, 0xdc, 0xff, 0x29, 0x86, 0xdc, 0xff,
    0x29, 0x86, 0xdc, 0xff, 0x29, 0x86, 0xdc, 0xff, 0x29, 0x86, 0xdc, 0xff, 0x29, 0x86, 0xdc, 0xff,
    0x29, 0x86, 0xdc, 0xff, 0x29, 0x86, 0xdc, 0xff, 0x29, 0x86, 0xdc, 0xff, 0x29, 0x86, 0xdc, 0xff,
    0x29, 0x86, 0xdc, 0xff, 0x29, 0x86, 0xdc, 0xff, 0x29, 0x86, 0xdc, 0xff, 0x29, 0x86, 0xdc, 0xff,
    0x29, 0x86, 0xdc, 0xff, 0x29, 0x86, 0xdc, 0xff, 0x29, 0x86, 0xdc, 0xff, 0x29, 0x86, 0xdc, 0xff,
    0x29, 0x86, 0xdc, 0xff, 0x29, 0x86, 0xdc, 0xff, 0x29, 0x86, 0xdc, 0xff, 0x29, 0x86, 0xdc, 0xff,
    0x29, 0x86, 0xdc, 0xff, 0x29, 0x86, 0xdc, 0xff, 0x29, 0x86, 0xdc, 0xff, 0x29, 0x86, 0xdc, 0xff,
    0x29, 0x86, 0xdc, 0xff, 0x29, 0x86, 0xdc, 0xff, 0x29, 0x86, 0xdc, 0xff, 0x29, 0x86, 0xdc, 0xff,
    0x29, 0x86, 0xdc, 0xff, 0x29, 0x86, 0xdc, 0xff, 0x29, 0x86, 0xdc, 0xff, 0x29, 0x86, 0xdc, 0xff,
    0x29, 0x86, 0xdc, 0xff, 0x29, 0x86, 0xdc, 0xff, 0x29, 0x86, 0xdc, 0xff, 0x29, 0x86, 0xdc, 0xff,
    0x29, 0x86, 0xdc, 0xff, 0x29, 0x86, 0xdc, 0xff, 0x29, 0x86, 0xdc, 0xff, 0x29, 0x86, 0xdc, 0xff,
    0x29, 0x86, 0xdc, 0xff, 0x29, 0x86, 0xdc, 0xff, 0x29, 0x86, 0xdc, 0xff, 0x29, 0x86, 0xdc, 0xff,
    0x29, 0x86, 0xdc, 0xff, 0x29, 0x86, 0xdc, 0xff, 0x29, 0x86, 0xdc, 0xff, 0x29, 0x86, 0xdc, 0xff,
    0x29, 0x86, 0xdc, 0xff, 0x28, 0x86, 0xdd, 0xb3, 0x00, 0x80, 0xbf, 0x04, 0x00, 0x00, 0x00, 0x00,
    0x00, 0x00, 0x00, 0x00, 0x00, 0x00, 0x00, 0x00, 0x00, 0x00, 0x00, 0x00, 0x00, 0x00, 0x00, 0x00,
    0x00, 0x00, 0x00, 0x00, 0x00, 0x00, 0x00, 0x00, 0x00, 0x00, 0x00, 0x00, 0x00, 0x00, 0x00, 0x00,
    0x00, 0x00, 0x00, 0x00, 0x00, 0x00, 0x00, 0x00, 0x00, 0x00, 0x00, 0x00, 0x00, 0x00, 0x00, 0x00,
    0x00, 0x00, 0x00, 0x00, 0x28, 0x86, 0xdc, 0x8b, 0x29, 0x86, 0xdc, 0xff, 0x29, 0x86, 0xdc, 0xff,
    0x29, 0x86, 0xdc, 0xff, 0x29, 0x86, 0xdc, 0xff, 0x29, 0x86, 0xdc, 0xff, 0x29, 0x86, 0xdc, 0xff,
    0x29, 0x86, 0xdc, 0xff, 0x29, 0x86, 0xdc, 0xff, 0x29, 0x86, 0xdc, 0xff, 0x29, 0x86, 0xdc, 0xff,
    0x29, 0x86, 0xdc, 0xff, 0x29, 0x86, 0xdc, 0xff, 0x29, 0x86, 0xdc, 0xff, 0x29, 0x86, 0xdc, 0xff,
    0x29, 0x86, 0xdc, 0xff, 0x29, 0x86, 0xdc, 0xff, 0x29, 0x86, 0xdc, 0xff, 0x29, 0x86, 0xdc, 0xff,
    0x29, 0x86, 0xdc, 0xff, 0x29, 0x86, 0xdc, 0xff, 0x29, 0x86, 0xdc, 0xff, 0x29, 0x86, 0xdc, 0xff,
    0x29, 0x86, 0xdc, 0xff, 0x29, 0x86, 0xdc, 0xff, 0x29, 0x86, 0xdc, 0xff, 0x29, 0x86, 0xdc, 0xff,
    0x29, 0x86, 0xdc, 0xff, 0x29, 0x86, 0xdc, 0xff, 0x29, 0x86, 0xdc, 0xff, 0x29, 0x86, 0xdc, 0xff,
    0x29, 0x86, 0xdc, 0xff, 0x29, 0x86, 0xdc, 0xff, 0x29, 0x86, 0xdc, 0xff, 0x29, 0x86, 0xdc, 0xff,
    0x29, 0x86, 0xdc, 0xff, 0x29, 0x86, 0xdc, 0xff, 0x29, 0x86, 0xdc, 0xff, 0x29, 0x86, 0xdc, 0xff,
    0x29, 0x86, 0xdc, 0xff, 0x29, 0x86, 0xdc, 0xff, 0x29, 0x86, 0xdc, 0xff, 0x29, 0x86, 0xdc, 0xff,
    0x29, 0x86, 0xdc, 0xff, 0x29, 0x86, 0xdc, 0xff, 0x29, 0x86, 0xdc, 0xff, 0x29, 0x86, 0xdc, 0xff,
    0x29, 0x86, 0xdc, 0xff, 0x29, 0x86, 0xdc, 0xff, 0x29, 0x86, 0xdc, 0xff, 0x29, 0x86, 0xdc, 0xff,
    0x29, 0x86, 0xdc, 0xff, 0x29, 0x86, 0xdc, 0xff, 0x29, 0x86, 0xdc, 0xff, 0x29, 0x86, 0xdc, 0xff,
    0x29, 0x86, 0xdc, 0xff, 0x29, 0x86, 0xdc, 0xff, 0x29, 0x86, 0xdc, 0xff, 0x29, 0x86, 0xdc, 0xff,
    0x29, 0x86, 0xdc, 0xff, 0x29, 0x86, 0xdc, 0xff, 0x29, 0x86, 0xdc, 0xff, 0x29, 0x86, 0xdc, 0xff,
    0x29, 0x86, 0xdc, 0xff, 0x29, 0x86, 0xdc, 0xff, 0x29, 0x86, 0xdc, 0xff, 0x29, 0x86, 0xdc, 0xff,
    0x29, 0x86, 0xdc, 0xff, 0x29, 0x86, 0xdc, 0xff, 0x29, 0x86, 0xdc, 0xff, 0x29, 0x86, 0xdc, 0xff,
    0x29, 0x86, 0xdc, 0xff, 0x29, 0x86, 0xdc, 0xff, 0x29, 0x86, 0xdc, 0xff, 0x29, 0x86, 0xdc, 0xff,
    0x29, 0x86, 0xdc, 0xff, 0x29, 0x86, 0xdc, 0xff, 0x29, 0x86, 0xdc, 0xff, 0x29, 0x86, 0xdc, 0xff,
    0x29, 0x86, 0xdc, 0xff, 0x29, 0x86, 0xdc, 0xff, 0x29, 0x86, 0xdc, 0xff, 0x29, 0x86, 0xdc, 0xff,
    0x29, 0x86, 0xdc, 0xff, 0x29, 0x86, 0xdc, 0xff, 0x29, 0x86, 0xdc, 0xff, 0x29, 0x86, 0xdc, 0xff,
    0x29, 0x86, 0xdc, 0xff, 0x29, 0x86, 0xdc, 0xff, 0x29, 0x86, 0xdc, 0xff, 0x29, 0x86, 0xdc, 0xff,
    0x29, 0x86, 0xdc, 0xff, 0x29, 0x86, 0xdc, 0xff, 0x29, 0x86, 0xdc, 0xff, 0x29, 0x86, 0xdc, 0xff,
    0x29, 0x86, 0xdc, 0xff, 0x29, 0x86, 0xdc, 0xff, 0x29, 0x86, 0xdc, 0xff, 0x29, 0x86, 0xdc, 0xff,
    0x29, 0x86, 0xdc, 0xff, 0x29, 0x86, 0xdc, 0xff, 0x29, 0x86, 0xdc, 0xff, 0x29, 0x86, 0xdc, 0xff,
    0x29, 0x86, 0xdc, 0xff, 0x29, 0x86, 0xdc, 0xff, 0x29, 0x86, 0xdc, 0xff, 0x29, 0x86, 0xdc, 0xff,
    0x29, 0x86, 0xdc, 0xff, 0x29, 0x86, 0xdc, 0xff, 0x29, 0x86, 0xdc, 0xff, 0x29, 0x86, 0xdc, 0xff,
    0x29, 0x86, 0xdc, 0xff, 0x29, 0x86, 0xdc, 0xff, 0x29, 0x86, 0xdc, 0xff, 0x29, 0x86, 0xdc, 0xff,
    0x29, 0x86, 0xdb, 0x8f, 0x00, 0x00, 0x00, 0x00, 0x00, 0x00, 0x00, 0x00, 0x00, 0x00, 0x00, 0x00,
    0x00, 0x00, 0x00, 0x00, 0x00, 0x00, 0x00, 0x00, 0x00, 0x00, 0x00, 0x00, 0x00, 0x00, 0x00, 0x00,
    0x00, 0x00, 0x00, 0x00, 0x00, 0x00, 0x00, 0x00, 0x00, 0x00, 0x00, 0x00, 0x00, 0x00, 0x00, 0x00,
    0x00, 0x00, 0x00, 0x00, 0x00, 0x00, 0x00, 0x00, 0x28, 0x86, 0xdf, 0x5f, 0x29, 0x86, 0xdc, 0xff,
    0x29, 0x86, 0xdc, 0xff, 0x29, 0x86, 0xdc, 0xff, 0x29, 0x86, 0xdc, 0xff, 0x29, 0x86, 0xdc, 0xff,
    0x29, 0x86, 0xdc, 0xff, 0x29, 0x86, 0xdc, 0xff, 0x29, 0x86, 0xdc, 0xff, 0x29, 0x86, 0xdc, 0xff,
    0x29, 0x86, 0xdc, 0xff, 0x29, 0x86, 0xdc, 0xff, 0x29, 0x86, 0xdc, 0xff, 0x29, 0x86, 0xdc, 0xff,
    0x29, 0x86, 0xdc, 0xff, 0x29, 0x86, 0xdc, 0xff, 0x29, 0x86, 0xdc, 0xff, 0x29, 0x86, 0xdc, 0xff,
    0x29, 0x86, 0xdc, 0xff, 0x29, 0x86, 0xdc, 0xff, 0x29, 0x86, 0xdc, 0xff, 0x29, 0x86, 0xdc, 0xff,
    0x29, 0x86, 0xdc, 0xff, 0x29, 0x86, 0xdc, 0xff, 0x29, 0x86, 0xdc, 0xff, 0x29, 0x86, 0xdc, 0xff,
    0x29, 0x86, 0xdc, 0xff, 0x29, 0x86, 0xdc, 0xff, 0x29, 0x86, 0xdc, 0xff, 0x29, 0x86, 0xdc, 0xff,
    0x29, 0x86, 0xdc, 0xff, 0x29, 0x86, 0xdc, 0xff, 0x29, 0x86, 0xdc, 0xff, 0x29, 0x86, 0xdc, 0xff,
    0x29, 0x86, 0xdc, 0xff, 0x29, 0x86, 0xdc, 0xff, 0x29, 0x86, 0xdc, 0xff, 0x29, 0x86, 0xdc, 0xff,
    0x29, 0x86, 0xdc, 0xff, 0x29, 0x86, 0xdc, 0xff, 0x29, 0x86, 0xdc, 0xff, 0x29, 0x86, 0xdc, 0xff,
    0x29, 0x86, 0xdc, 0xff, 0x29, 0x86, 0xdc, 0xff, 0x29, 0x86, 0xdc, 0xff, 0x29, 0x86, 0xdc, 0xff,
    0x29, 0x86, 0xdc, 0xff, 0x29, 0x86, 0xdc, 0xff, 0x29, 0x86, 0xdc, 0xff, 0x29, 0x86, 0xdc, 0xff,
    0x29, 0x86, 0xdc, 0xff, 0x29, 0x86, 0xdc, 0xff, 0x29, 0x86, 0xdc, 0xff, 0x29, 0x86, 0xdc, 0xff,
    0x29, 0x86, 0xdc, 0xff, 0x29, 0x86, 0xdc, 0xff, 0x29, 0x86, 0xdc, 0xff, 0x29, 0x86, 0xdc, 0xff,
    0x29, 0x86, 0xdc, 0xff, 0x29, 0x86, 0xdc, 0xff, 0x29, 0x86, 0xdc, 0xff, 0x29, 0x86, 0xdc, 0xff,
    0x29, 0x86, 0xdc, 0xff, 0x29, 0x86, 0xdc, 0xff, 0x29, 0x86, 0xdc, 0xff, 0x29, 0x86, 0xdc, 0xff,
    0x29, 0x86, 0xdc, 0xff, 0x29, 0x86, 0xdc, 0xff, 0x29, 0x86, 0xdc, 0xff, 0x29, 0x86, 0xdc, 0xff,
    0x29, 0x86, 0xdc, 0xff, 0x29, 0x86, 0xdc, 0xff, 0x29, 0x86, 0xdc, 0xff, 0x29, 0x86, 0xdc, 0xff,
    0x29, 0x86, 0xdc, 0xff, 0x29, 0x86, 0xdc, 0xff, 0x29, 0x86, 0xdc, 0xff, 0x29, 0x86, 0xdc, 0xff,
    0x29, 0x86, 0xdc, 0xff, 0x29, 0x86, 0xdc, 0xff, 0x29, 0x86, 0xdc, 0xff, 0x29, 0x86, 0xdc, 0xff,
    0x29, 0x86, 0xdc, 0xff, 0x29, 0x86, 0xdc, 0xff, 0x29, 0x86, 0xdc, 0xff, 0x29, 0x86, 0xdc, 0xff,
    0x29, 0x86, 0xdc, 0xff, 0x29, 0x86, 0xdc, 0xff, 0x29, 0x86, 0xdc, 0xff, 0x29, 0x86, 0xdc, 0xff,
    0x29, 0x86, 0xdc, 0xff, 0x29, 0x86, 0xdc, 0xff, 0x29, 0x86, 0xdc, 0xff, 0x29, 0x86, 0xdc, 0xff,
    0x29, 0x86, 0xdc, 0xff, 0x29, 0x86, 0xdc, 0xff, 0x29, 0x86, 0xdc, 0xff, 0x29, 0x86, 0xdc, 0xff,
    0x29, 0x86, 0xdc, 0xff, 0x29, 0x86, 0xdc, 0xff, 0x29, 0x86, 0xdc, 0xff, 0x29, 0x86, 0xdc, 0xff,
    0x29, 0x86, 0xdc, 0xff, 0x29, 0x86, 0xdc, 0xff, 0x29, 0x86, 0xdc, 0xff, 0x29, 0x86, 0xdc, 0xff,
    0x29, 0x86, 0xdc, 0xff, 0x29, 0x86, 0xdc, 0xff, 0x29, 0x86, 0xdc, 0xff, 0x29, 0x86, 0xdc, 0xff,
    0x29, 0x86, 0xdc, 0xff, 0x29, 0x86, 0xdc, 0xff, 0x29, 0x86, 0xdc, 0xff, 0x29, 0x86, 0xdc, 0xff,
    0x29, 0x86, 0xdc, 0xff, 0x29, 0x86, 0xdc, 0xff, 0x29, 0x86, 0xdc, 0xff, 0x27, 0x87, 0xdd, 0x5b,
    0x00, 0x00, 0x00, 0x00, 0x00, 0x00, 0x00, 0x00, 0x00, 0x00, 0x00, 0x00, 0x00, 0x00, 0x00, 0x00,
    0x00, 0x00, 0x00, 0x00, 0x00, 0x00, 0x00, 0x00, 0x00, 0x00, 0x00, 0x00, 0x00, 0x00, 0x00, 0x00,
    0x00, 0x00, 0x00, 0x00, 0x00, 0x00, 0x00, 0x00, 0x00, 0x00, 0x00, 0x00, 0x24, 0x83, 0xe2, 0x23,
    0x28, 0x86, 0xdc, 0xf7, 0x29, 0x86, 0xdc, 0xff, 0x29, 0x86, 0xdc, 0xff, 0x29, 0x86, 0xdc, 0xff,
    0x29, 0x86, 0xdc, 0xff, 0x29, 0x86, 0xdc, 0xff, 0x29, 0x86, 0xdc, 0xff, 0x29, 0x86, 0xdc, 0xff,
    0x29, 0x86, 0xdc, 0xff, 0x29, 0x86, 0xdc, 0xff, 0x29, 0x86, 0xdc, 0xff, 0x29, 0x86, 0xdc, 0xff,
    0x29, 0x86, 0xdc, 0xff, 0x29, 0x86, 0xdc, 0xff, 0x29, 0x86, 0xdc, 0xff, 0x29, 0x86, 0xdc, 0xff,
    0x29, 0x86, 0xdc, 0xff, 0x29, 0x86, 0xdc, 0xff, 0x29, 0x86, 0xdc, 0xff, 0x29, 0x86, 0xdc, 0xff,
    0x29, 0x86, 0xdc, 0xff, 0x29, 0x86, 0xdc, 0xff, 0x29, 0x86, 0xdc, 0xff, 0x29, 0x86, 0xdc, 0xff,
    0x29, 0x86, 0xdc, 0xff, 0x29, 0x86, 0xdc, 0xff, 0x29, 0x86, 0xdc, 0xff, 0x29, 0x86, 0xdc, 0xff,
    0x29, 0x86, 0xdc, 0xff, 0x29, 0x86, 0xdc, 0xff, 0x29, 0x86, 0xdc, 0xff, 0x29, 0x86, 0xdc, 0xff,
    0x29, 0x86, 0xdc, 0xff, 0x29, 0x86, 0xdc, 0xff, 0x29, 0x86, 0xdc, 0xff, 0x29, 0x86, 0xdc, 0xff,
    0x29, 0x86, 0xdc, 0xff, 0x29, 0x86, 0xdc, 0xff, 0x29, 0x86, 0xdc, 0xff, 0x29, 0x86, 0xdc, 0xff,
    0x29, 0x86, 0xdc, 0xff, 0x29, 0x86, 0xdc, 0xff, 0x29, 0x86, 0xdc, 0xff, 0x29, 0x86, 0xdc, 0xff,
    0x29, 0x86, 0xdc, 0xff, 0x29, 0x86, 0xdc, 0xff, 0x29, 0x86, 0xdc, 0xff, 0x29, 0x86, 0xdc, 0xff,
    0x29, 0x86, 0xdc, 0xff, 0x29, 0x86, 0xdc, 0xff, 0x29, 0x86, 0xdc, 0xff, 0x29, 0x86, 0xdc, 0xff,
    0x29, 0x86, 0xdc, 0xff, 0x29, 0x86, 0xdc, 0xff, 0x29, 0x86, 0xdc, 0xff, 0x29, 0x86, 0xdc, 0xff,
    0x29, 0x86, 0xdc, 0xff, 0x29, 0x86, 0xdc, 0xff, 0x29, 0x86, 0xdc, 0xff, 0x29, 0x86, 0xdc, 0xff,
    0x29, 0x86, 0xdc, 0xff, 0x29, 0x86, 0xdc, 0xff, 0x29, 0x86, 0xdc, 0xff, 0x29, 0x86, 0xdc, 0xff,
    0x29, 0x86, 0xdc, 0xff, 0x29, 0x86, 0xdc, 0xff, 0x29, 0x86, 0xdc, 0xff, 0x29, 0x86, 0xdc, 0xff,
    0x29, 0x86, 0xdc, 0xff, 0x29, 0x86, 0xdc, 0xff, 0x29, 0x86, 0xdc, 0xff, 0x29, 0x86, 0xdc, 0xff,
    0x29, 0x86, 0xdc, 0xff, 0x29, 0x86, 0xdc, 0xff, 0x29, 0x86, 0xdc, 0xff, 0x29, 0x86, 0xdc, 0xff,
    0x29, 0x86, 0xdc, 0xff, 0x29, 0x86, 0xdc, 0xff, 0x29, 0x86, 0xdc, 0xff, 0x29, 0x86, 0xdc, 0xff,
    0x29, 0x86, 0xdc, 0xff, 0x29, 0x86, 0xdc, 0xff, 0x29, 0x86, 0xdc, 0xff, 0x29, 0x86, 0xdc, 0xff,
    0x29, 0x86, 0xdc, 0xff, 0x29, 0x86, 0xdc, 0xff, 0x29, 0x86, 0xdc, 0xff, 0x29, 0x86, 0xdc, 0xff,
    0x29, 0x86, 0xdc, 0xff, 0x29, 0x86, 0xdc, 0xff, 0x29, 0x86, 0xdc, 0xff, 0x29, 0x86, 0xdc, 0xff,
    0x29, 0x86, 0xdc, 0xff, 0x29, 0x86, 0xdc, 0xff, 0x29, 0x86, 0xdc, 0xff, 0x29, 0x86, 0xdc, 0xff,
    0x29, 0x86, 0xdc, 0xff, 0x29, 0x86, 0xdc, 0xff, 0x29, 0x86, 0xdc, 0xff, 0x29, 0x86, 0xdc, 0xff,
    0x29, 0x86, 0xdc, 0xff, 0x29, 0x86, 0xdc, 0xff, 0x29, 0x86, 0xdc, 0xff, 0x29, 0x86, 0xdc, 0xff,
    0x29, 0x86, 0xdc, 0xff, 0x29, 0x86, 0xdc, 0xff, 0x29, 0x86, 0xdc, 0xff, 0x29, 0x86, 0xdc, 0xff,
    0x29, 0x86, 0xdc, 0xff, 0x29, 0x86, 0xdc, 0xff, 0x29, 0x86, 0xdc, 0xff, 0x29, 0x86, 0xdc, 0xff,
    0x29, 0x86, 0xdc, 0xff, 0x29, 0x86, 0xdc, 0xff, 0x29, 0x86, 0xdc, 0xff, 0x29, 0x86, 0xdc, 0xff,
    0x29, 0x86, 0xdc, 0xff, 0x28, 0x85, 0xdc, 0xf7, 0x27, 0x89, 0xde, 0x27, 0x00, 0x00, 0x00, 0x00,
    0x00, 0x00, 0x00, 0x00, 0x00, 0x00, 0x00, 0x00, 0x00, 0x00, 0x00, 0x00, 0x00, 0x00, 0x00, 0x00,
    0x00, 0x00, 0x00, 0x00, 0x00, 0x00, 0x00, 0x00, 0x00, 0x00, 0x00, 0x00, 0x00, 0x00, 0x00, 0x00,
    0x00, 0x00, 0x00, 0x00, 0x29, 0x87, 0xdc, 0xc7, 0x29, 0x86, 0xdc, 0xff, 0x29, 0x86, 0xdc, 0xff,
    0x29, 0x86, 0xdc, 0xff, 0x29, 0x86, 0xdc, 0xff, 0x29, 0x86, 0xdc, 0xff, 0x29, 0x86, 0xdc, 0xff,
    0x29, 0x86, 0xdc, 0xff, 0x29, 0x86, 0xdc, 0xff, 0x29, 0x86, 0xdc, 0xff, 0x29, 0x86, 0xdc, 0xff,
    0x29, 0x86, 0xdc, 0xff, 0x29, 0x86, 0xdc, 0xff, 0x29, 0x86, 0xdc, 0xff, 0x29, 0x86, 0xdc, 0xff,
    0x29, 0x86, 0xdc, 0xff, 0x29, 0x86, 0xdc, 0xff, 0x29, 0x86, 0xdc, 0xff, 0x29, 0x86, 0xdc, 0xff,
    0x29, 0x86, 0xdc, 0xff, 0x29, 0x86, 0xdc, 0xff, 0x29, 0x86, 0xdc, 0xff, 0x29, 0x86, 0xdc, 0xff,
    0x29, 0x86, 0xdc, 0xff, 0x29, 0x86, 0xdc, 0xff, 0x29, 0x86, 0xdc, 0xff, 0x29, 0x86, 0xdc, 0xff,
    0x29, 0x86, 0xdc, 0xff, 0x29, 0x86, 0xdc, 0xff, 0x29, 0x86, 0xdc, 0xff, 0x29, 0x86, 0xdc, 0xff,
    0x29, 0x86, 0xdc, 0xff, 0x29, 0x86, 0xdc, 0xff, 0x29, 0x86, 0xdc, 0xff, 0x29, 0x86, 0xdc, 0xff,
    0x29, 0x86, 0xdc, 0xff, 0x29, 0x86, 0xdc, 0xff, 0x29, 0x86, 0xdc, 0xff, 0x29, 0x86, 0xdc, 0xff,
    0x29, 0x86, 0xdc, 0xff, 0x29, 0x86, 0xdc, 0xff, 0x29, 0x86, 0xdc, 0xff, 0x29, 0x86, 0xdc, 0xff,
    0x29, 0x86, 0xdc, 0xff, 0x29, 0x86, 0xdc, 0xff, 0x29, 0x86, 0xdc, 0xff, 0x29, 0x86, 0xdc, 0xff,
    0x29, 0x86, 0xdc, 0xff, 0x29, 0x86, 0xdc, 0xff, 0x29, 0x86, 0xdc, 0xff, 0x29, 0x86, 0xdc, 0xff,
    0x29, 0x86, 0xdc, 0xff, 0x29, 0x86, 0xdc, 0xff, 0x29, 0x86, 0xdc, 0xff, 0x29, 0x86, 0xdc, 0xff,
    0x29, 0x86, 0xdc, 0xff, 0x29, 0x86, 0xdc, 0xff, 0x29, 0x86, 0xdc, 0xff, 0x29, 0x86, 0xdc, 0xff,
    0x29, 0x86, 0xdc, 0xff, 0x29, 0x86, 0xdc, 0xff, 0x29, 0x86, 0xdc, 0xff, 0x29, 0x86, 0xdc, 0xff,
    0x29, 0x86, 0xdc, 0xff, 0x29, 0x86, 0xdc, 0xff, 0x29, 0x86, 0xdc, 0xff, 0x29, 0x86, 0xdc, 0xff,
    0x29, 0x86, 0xdc, 0xff, 0x29, 0x86, 0xdc, 0xff, 0x29, 0x86, 0xdc, 0xff, 0x29, 0x86, 0xdc, 0xff,
    0x29, 0x86, 0xdc, 0xff, 0x29, 0x86, 0xdc, 0xff, 0x29, 0x86, 0xdc, 0xff, 0x29, 0x86, 0xdc, 0xff,
    0x29, 0x86, 0xdc, 0xff, 0x29, 0x86, 0xdc, 0xff, 0x29, 0x86, 0xdc, 0xff, 0x29, 0x86, 0xdc, 0xff,
    0x29, 0x86, 0xdc, 0xff, 0x29, 0x86, 0xdc, 0xff, 0x29, 0x86, 0xdc, 0xff, 0x29, 0x86, 0xdc, 0xff,
    0x29, 0x86, 0xdc, 0xff, 0x29, 0x86, 0xdc, 0xff, 0x29, 0x86, 0xdc, 0xff, 0x29, 0x86, 0xdc, 0xff,
    0x29, 0x86, 0xdc, 0xff, 0x29, 0x86, 0xdc, 0xff, 0x29, 0x86, 0xdc, 0xff, 0x29, 0x86, 0xdc, 0xff,
    0x29, 0x86, 0xdc, 0xff, 0x29, 0x86, 0xdc, 0xff, 0x29, 0x86, 0xdc, 0xff, 0x29, 0x86, 0xdc, 0xff,
    0x29, 0x86, 0xdc, 0xff, 0x29, 0x86, 0xdc, 0xff, 0x29, 0x86, 0xdc, 0xff, 0x29, 0x86, 0xdc, 0xff,
    0x29, 0x86, 0xdc, 0xff, 0x29, 0x86, 0xdc, 0xff, 0x29, 0x86, 0xdc, 0xff, 0x29, 0x86, 0xdc, 0xff,
    0x29, 0x86, 0xdc, 0xff, 0x29, 0x86, 0xdc, 0xff, 0x29, 0x86, 0xdc, 0xff, 0x29, 0x86, 0xdc, 0xff,
    0x29, 0x86, 0xdc, 0xff, 0x29, 0x86, 0xdc, 0xff, 0x29, 0x86, 0xdc, 0xff, 0x29, 0x86, 0xdc, 0xff,
    0x29, 0x86, 0xdc, 0xff, 0x29, 0x86, 0xdc, 0xff, 0x29, 0x86, 0xdc, 0xff, 0x29, 0x86, 0xdc, 0xff,
    0x29, 0x86, 0xdc, 0xff, 0x29, 0x86, 0xdc, 0xff, 0x29, 0x86, 0xdc, 0xff, 0x29, 0x86, 0xdc, 0xff,
    0x29, 0x85, 0xdc, 0xc7, 0x00, 0x80, 0xbf, 0x04, 0x00, 0x00, 0x00, 0x00, 0x00, 0x00, 0x00, 0x00,
    0x00, 0x00, 0x00, 0x00, 0x00, 0x00, 0x00, 0x00, 0x00, 0x00, 0x00, 0x00, 0x00, 0x00, 0x00, 0x00,
    0x00, 0x00, 0x00, 0x00, 0x00, 0x00, 0x00, 0x00, 0x28, 0x86, 0xdc, 0x67, 0x29, 0x86, 0xdc, 0xff,
    0x29, 0x86, 0xdc, 0xff, 0x29, 0x86, 0xdc, 0xff, 0x29, 0x86, 0xdc, 0xff, 0x29, 0x86, 0xdc, 0xff,
    0x29, 0x86, 0xdc, 0xff, 0x29, 0x86, 0xdc, 0xff, 0x29, 0x86, 0xdc, 0xff, 0x29, 0x86, 0xdc, 0xff,
    0x29, 0x86, 0xdc, 0xff, 0x29, 0x86, 0xdc, 0xff, 0x29, 0x86, 0xdc, 0xff, 0x29, 0x86, 0xdc, 0xff,
    0x29, 0x86, 0xdc, 0xff, 0x29, 0x86, 0xdc, 0xff, 0x29, 0x86, 0xdc, 0xff, 0x29, 0x86, 0xdc, 0xff,
    0x29, 0x86, 0xdc, 0xff, 0x29, 0x86, 0xdc, 0xff, 0x29, 0x86, 0xdc, 0xff, 0x29, 0x86, 0xdc, 0xff,
    0x29, 0x86, 0xdc, 0xff, 0x29, 0x86, 0xdc, 0xff, 0x29, 0x86, 0xdc, 0xff, 0x29, 0x86, 0xdc, 0xff,
    0x29, 0x86, 0xdc, 0xff, 0x29, 0x86, 0xdc, 0xff, 0x29, 0x86, 0xdc, 0xff, 0x29, 0x86, 0xdc, 0xff,
    0x29, 0x86, 0xdc, 0xff, 0x29, 0x86, 0xdc, 0xff, 0x29, 0x86, 0xdc, 0xff, 0x29, 0x86, 0xdc, 0xff,
    0x29, 0x86, 0xdc, 0xff, 0x29, 0x86, 0xdc, 0xff, 0x29, 0x86, 0xdc, 0xff, 0x29, 0x86, 0xdc, 0xff,
    0x29, 0x86, 0xdc, 0xff, 0x29, 0x86, 0xdc, 0xff, 0x29, 0x86, 0xdc, 0xff, 0x29, 0x86, 0xdc, 0xff,
    0x29, 0x86, 0xdc, 0xff, 0x29, 0x86, 0xdc, 0xff, 0x29, 0x86, 0xdc, 0xff, 0x29, 0x86, 0xdc, 0xff,
    0x29, 0x86, 0xdc, 0xff, 0x29, 0x86, 0xdc, 0xff, 0x29, 0x86, 0xdc, 0xff, 0x29, 0x86, 0xdc, 0xff,
    0x29, 0x86, 0xdc, 0xff, 0x29, 0x86, 0xdc, 0xff, 0x29, 0x86, 0xdc, 0xff, 0x29, 0x86, 0xdc, 0xff,
    0x29, 0x86, 0xdc, 0xff, 0x29, 0x86, 0xdc, 0xff, 0x29, 0x86, 0xdc, 0xff, 0x29, 0x86, 0xdc, 0xff,
    0x29, 0x86, 0xdc, 0xff, 0x29, 0x86, 0xdc, 0xff, 0x29, 0x86, 0xdc, 0xff, 0x29, 0x86, 0xdc, 0xff,
    0x29, 0x86, 0xdc, 0xff, 0x29, 0x86, 0xdc, 0xff, 0x29, 0x86, 0xdc, 0xff, 0x29, 0x86, 0xdc, 0xff,
    0x29, 0x86, 0xdc, 0xff, 0x29, 0x86, 0xdc, 0xff, 0x29, 0x86, 0xdc, 0xff, 0x29, 0x86, 0xdc, 0xff,
    0x29, 0x86, 0xdc, 0xff, 0x29, 0x86, 0xdc, 0xff, 0x29, 0x86, 0xdc, 0xff, 0x29, 0x86, 0xdc, 0xff,
    0x29, 0x86, 0xdc, 0xff, 0x29, 0x86, 0xdc, 0xff, 0x29, 0x86, 0xdc, 0xff, 0x29, 0x86, 0xdc, 0xff,
    0x29, 0x86, 0xdc, 0xff, 0x29, 0x86, 0xdc, 0xff, 0x29, 0x86, 0xdc, 0xff, 0x29, 0x86, 0xdc, 0xff,
    0x29, 0x86, 0xdc, 0xff, 0x29, 0x86, 0xdc, 0xff, 0x29, 0x86, 0xdc, 0xff, 0x29, 0x86, 0xdc, 0xff,
    0x29, 0x86, 0xdc, 0xff, 0x29, 0x86, 0xdc, 0xff, 0x29, 0x86, 0xdc, 0xff, 0x29, 0x86, 0xdc, 0xff,
    0x29, 0x86, 0xdc, 0xff, 0x29, 0x86, 0xdc, 0xff, 0x29, 0x86, 0xdc, 0xff, 0x29, 0x86, 0xdc, 0xff,
    0x29, 0x86, 0xdc, 0xff, 0x29, 0x86, 0xdc, 0xff, 0x29, 0x86, 0xdc, 0xff, 0x29, 0x86, 0xdc, 0xff,
    0x29, 0x86, 0xdc, 0xff, 0x29, 0x86, 0xdc, 0xff, 0x29, 0x86, 0xdc, 0xff, 0x29, 0x86, 0xdc, 0xff,
    0x29, 0x86, 0xdc, 0xff, 0x29, 0x86, 0xdc, 0xff, 0x29, 0x86, 0xdc, 0xff, 0x29, 0x86, 0xdc, 0xff,
    0x29, 0x86, 0xdc, 0xff, 0x29, 0x86, 0xdc, 0xff, 0x29, 0x86, 0xdc, 0xff, 0x29, 0x86, 0xdc, 0xff,
    0x29, 0x86, 0xdc, 0xff, 0x29, 0x86, 0xdc, 0xff, 0x29, 0x86, 0xdc, 0xff, 0x29, 0x86, 0xdc, 0xff,
    0x29, 0x86, 0xdc, 0xff, 0x29, 0x86, 0xdc, 0xff, 0x29, 0x86, 0xdc, 0xff, 0x29, 0x86, 0xdc, 0xff,
    0x29, 0x86, 0xdc, 0xff, 0x29, 0x86, 0xdc, 0xff, 0x29, 0x86, 0xdc, 0xff, 0x28, 0x86, 0xdc, 0x67,
    0x00, 0x00, 0x00, 0x00, 0x00, 0x00, 0x00, 0x00, 0x00, 0x00, 0x00, 0x00, 0x00, 0x00, 0x00, 0x00,
    0x00, 0x00, 0x00, 0x00, 0x00, 0x00, 0x00, 0x00, 0x00, 0x00, 0x00, 0x00, 0x20, 0x80, 0xcf, 0x10,
    0x29, 0x86, 0xdc, 0xe7, 0x29, 0x86, 0xdc, 0xff, 0x29, 0x86, 0xdc, 0xff, 0x29, 0x86, 0xdc, 0xff,
    0x29, 0x86, 0xdc, 0xff, 0x29, 0x86, 0xdc, 0xff, 0x29, 0x86, 0xdc, 0xff, 0x29, 0x86, 0xdc, 0xff,
    0x29, 0x86, 0xdc, 0xff, 0x29, 0x86, 0xdc, 0xff, 0x29, 0x86, 0xdc, 0xff, 0x29, 0x86, 0xdc, 0xff,
    0x29, 0x86, 0xdc, 0xff, 0x29, 0x86, 0xdc, 0xff, 0x29, 0x86, 0xdc, 0xff, 0x29, 0x86, 0xdc, 0xff,
    0x29, 0x86, 0xdc, 0xff, 0x29, 0x86, 0xdc, 0xff, 0x29, 0x86, 0xdc, 0xff, 0x29, 0x86, 0xdc, 0xff,
    0x29, 0x86, 0xdc, 0xff, 0x29, 0x86, 0xdc, 0xff, 0x29, 0x86, 0xdc, 0xff, 0x29, 0x86, 0xdc, 0xff,
    0x29, 0x86, 0xdc, 0xff, 0x29, 0x86, 0xdc, 0xff, 0x29, 0x86, 0xdc, 0xff, 0x29, 0x86, 0xdc, 0xff,
    0x29, 0x86, 0xdc, 0xff, 0x29, 0x86, 0xdc, 0xff, 0x29, 0x86, 0xdc, 0xff, 0x29, 0x86, 0xdc, 0xff,
    0x29, 0x86, 0xdc, 0xff, 0x29, 0x86, 0xdc, 0xff, 0x29, 0x86, 0xdc, 0xff, 0x29, 0x86, 0xdc, 0xff,
    0x29, 0x86, 0xdc, 0xff, 0x29, 0x86, 0xdc, 0xff, 0x29, 0x86, 0xdc, 0xff, 0x29, 0x86, 0xdc, 0xff,
    0x29, 0x86, 0xdc, 0xff, 0x29, 0x86, 0xdc, 0xff, 0x29, 0x86, 0xdc, 0xff, 0x29, 0x86, 0xdc, 0xff,
    0x29, 0x86, 0xdc, 0xff, 0x29, 0x86, 0xdc, 0xff, 0x29, 0x86, 0xdc, 0xff, 0x29, 0x86, 0xdc, 0xff,
    0x29, 0x86, 0xdc, 0xff, 0x29, 0x86, 0xdc, 0xff, 0x29, 0x86, 0xdc, 0xff, 0x29, 0x86, 0xdc, 0xff,
    0x29, 0x86, 0xdc, 0xff, 0x29, 0x86, 0xdc, 0xff, 0x29, 0x86, 0xdc, 0xff, 0x29, 0x86, 0xdc, 0xff,
    0x29, 0x86, 0xdc, 0xff, 0x29, 0x86, 0xdc, 0xff, 0x29, 0x86, 0xdc, 0xff, 0x29, 0x86, 0xdc, 0xff,
    0x29, 0x86, 0xdc, 0xff, 0x29, 0x86, 0xdc, 0xff, 0x29, 0x86, 0xdc, 0xff, 0x29, 0x86, 0xdc, 0xff,
    0x29, 0x86, 0xdc, 0xff, 0x29, 0x86, 0xdc, 0xff, 0x29, 0x86, 0xdc, 0xff, 0x29, 0x86, 0xdc, 0xff,
    0x29, 0x86, 0xdc, 0xff, 0x29, 0x86, 0xdc, 0xff, 0x29, 0x86, 0xdc, 0xff, 0x29, 0x86, 0xdc, 0xff,
    0x29, 0x86, 0xdc, 0xff, 0x29, 0x86, 0xdc, 0xff, 0x29, 0x86, 0xdc, 0xff, 0x29, 0x86, 0xdc, 0xff,
    0x29, 0x86, 0xdc, 0xff, 0x29, 0x86, 0xdc, 0xff, 0x29, 0x86, 0xdc, 0xff, 0x29, 0x86, 0xdc, 0xff,
    0x29, 0x86, 0xdc, 0xff, 0x29, 0x86, 0xdc, 0xff, 0x29, 0x86, 0xdc, 0xff, 0x29, 0x86, 0xdc, 0xff,
    0x29, 0x86, 0xdc, 0xff, 0x29, 0x86, 0xdc, 0xff, 0x29, 0x86, 0xdc, 0xff, 0x29, 0x86, 0xdc, 0xff,
    0x29, 0x86, 0xdc, 0xff, 0x29, 0x86, 0xdc, 0xff, 0x29, 0x86, 0xdc, 0xff, 0x29, 0x86, 0xdc, 0xff,
    0x29, 0x86, 0xdc, 0xff, 0x29, 0x86, 0xdc, 0xff, 0x29, 0x86, 0xdc, 0xff, 0x29, 0x86, 0xdc, 0xff,
    0x29, 0x86, 0xdc, 0xff, 0x29, 0x86, 0xdc, 0xff, 0x29, 0x86, 0xdc, 0xff, 0x29, 0x86, 0xdc, 0xff,
    0x29, 0x86, 0xdc, 0xff, 0x29, 0x86, 0xdc, 0xff, 0x29, 0x86, 0xdc, 0xff, 0x29, 0x86, 0xdc, 0xff,
    0x29, 0x86, 0xdc, 0xff, 0x29, 0x86, 0xdc, 0xff, 0x29, 0x86, 0xdc, 0xff, 0x29, 0x86, 0xdc, 0xff,
    0x29, 0x86, 0xdc, 0xff, 0x29, 0x86, 0xdc, 0xff, 0x29, 0x86, 0xdc, 0xff, 0x29, 0x86, 0xdc, 0xff,
    0x29, 0x86, 0xdc, 0xff, 0x29, 0x86, 0xdc, 0xff, 0x29, 0x86, 0xdc, 0xff, 0x29, 0x86, 0xdc, 0xff,
    0x29, 0x86, 0xdc, 0xff, 0x29, 0x86, 0xdc, 0xff, 0x29, 0x86, 0xdc, 0xff, 0x29, 0x86, 0xdc, 0xff,
    0x29, 0x86, 0xdc, 0xff, 0x29, 0x85, 0xdc, 0xef, 0x20, 0x80, 0xcf, 0x10, 0x00, 0x00, 0x00, 0x00,
    0x00, 0x00, 0x00, 0x00, 0x00, 0x00, 0x00, 0x00, 0x00, 0x00, 0x00, 0x00, 0x00, 0x00, 0x00, 0x00,
    0x00, 0x00, 0x00, 0x00, 0x29, 0x86, 0xdd, 0x8f, 0x29, 0x86, 0xdc, 0xff, 0x29, 0x86, 0xdc, 0xff,
    0x29, 0x86, 0xdc, 0xff, 0x29, 0x86, 0xdc, 0xff, 0x29, 0x86, 0xdc, 0xff, 0x29, 0x86, 0xdc, 0xff,
    0x29, 0x86, 0xdc, 0xff, 0x29, 0x86, 0xdc, 0xff, 0x29, 0x86, 0xdc, 0xff, 0x29, 0x86, 0xdc, 0xff,
    0x29, 0x86, 0xdc, 0xff, 0x29, 0x86, 0xdc, 0xff, 0x29, 0x86, 0xdc, 0xff, 0x29, 0x86, 0xdc, 0xff,
    0x29, 0x86, 0xdc, 0xff, 0x29, 0x86, 0xdc, 0xff, 0x29, 0x86, 0xdc, 0xff, 0x29, 0x86, 0xdc, 0xff,
    0x29, 0x86, 0xdc, 0xff, 0x29, 0x86, 0xdc, 0xff, 0x29, 0x86, 0xdc, 0xff, 0x29, 0x86, 0xdc, 0xff,
    0x29, 0x86, 0xdc, 0xff, 0x29, 0x86, 0xdc, 0xff, 0x29, 0x86, 0xdc, 0xff, 0x29, 0x86, 0xdc, 0xff,
    0x29, 0x86, 0xdc, 0xff, 0x29, 0x86, 0xdc, 0xff, 0x29, 0x86, 0xdc, 0xff, 0x29, 0x86, 0xdc, 0xff,
    0x29, 0x86, 0xdc, 0xff, 0x29, 0x86, 0xdc, 0xff, 0x29, 0x86, 0xdc, 0xff, 0x29, 0x86, 0xdc, 0xff,
    0x29, 0x86, 0xdc, 0xff, 0x29, 0x86, 0xdc, 0xff, 0x29, 0x86, 0xdc, 0xff, 0x29, 0x86, 0xdc, 0xff,
    0x29, 0x86, 0xdc, 0xff, 0x29, 0x86, 0xdc, 0xff, 0x29, 0x86, 0xdc, 0xff, 0x29, 0x86, 0xdc, 0xff,
    0x29, 0x86, 0xdc, 0xff, 0x29, 0x86, 0xdc, 0xff, 0x29, 0x86, 0xdc, 0xff, 0x29, 0x86, 0xdc, 0xff,
    0x29, 0x86, 0xdc, 0xff, 0x29, 0x86, 0xdc, 0xff, 0x29, 0x86, 0xdc, 0xff, 0x29, 0x86, 0xdc, 0xff,
    0x29, 0x86, 0xdc, 0xff, 0x29, 0x86, 0xdc, 0xff, 0x29, 0x86, 0xdc, 0xff, 0x29, 0x86, 0xdc, 0xff,
    0x29, 0x86, 0xdc, 0xff, 0x29, 0x86, 0xdc, 0xff, 0x29, 0x86, 0xdc, 0xff, 0x29, 0x86, 0xdc, 0xff,
    0x29, 0x86, 0xdc, 0xff, 0x29, 0x86, 0xdc, 0xff, 0x29, 0x86, 0xdc, 0xff, 0x29, 0x86, 0xdc, 0xff,
    0x29, 0x86, 0xdc, 0xff, 0x29, 0x86, 0xdc, 0xff, 0x29, 0x86, 0xdc, 0xff, 0x29, 0x86, 0xdc, 0xff,
    0x29, 0x86, 0xdc, 0xff, 0x29, 0x86, 0xdc, 0xff, 0x29, 0x86, 0xdc, 0xff, 0x29, 0x86, 0xdc, 0xff,
    0x29, 0x86, 0xdc, 0xff, 0x29, 0x86, 0xdc, 0xff, 0x29, 0x86, 0xdc, 0xff, 0x29, 0x86, 0xdc, 0xff,
    0x29, 0x86, 0xdc, 0xff, 0x29, 0x86, 0xdc, 0xff, 0x29, 0x86, 0xdc, 0xff, 0x29, 0x86, 0xdc, 0xff,
    0x29, 0x86, 0xdc, 0xff, 0x29, 0x86, 0xdc, 0xff, 0x29, 0x86, 0xdc, 0xff, 0x29, 0x86, 0xdc, 0xff,
    0x29, 0x86, 0xdc, 0xff, 0x29, 0x86, 0xdc, 0xff, 0x29, 0x86, 0xdc, 0xff, 0x29, 0x86, 0xdc, 0xff,
    0x29, 0x86, 0xdc, 0xff, 0x29, 0x86, 0xdc, 0xff, 0x29, 0x86, 0xdc, 0xff, 0x29, 0x86, 0xdc, 0xff,
    0x29, 0x86, 0xdc, 0xff, 0x29, 0x86, 0xdc, 0xff, 0x29, 0x86, 0xdc, 0xff, 0x29, 0x86, 0xdc, 0xff,
    0x29, 0x86, 0xdc, 0xff, 0x29, 0x86, 0xdc, 0xff, 0x29, 0x86, 0xdc, 0xff, 0x29, 0x86, 0xdc, 0xff,
    0x29, 0x86, 0xdc, 0xff, 0x29, 0x86, 0xdc, 0xff, 0x29, 0x86, 0xdc, 0xff, 0x29, 0x86, 0xdc, 0xff,
    0x29, 0x86, 0xdc, 0xff, 0x29, 0x86, 0xdc, 0xff, 0x29, 0x86, 0xdc, 0xff, 0x29, 0x86, 0xdc, 0xff,
    0x29, 0x86, 0xdc, 0xff, 0x29, 0x86, 0xdc, 0xff, 0x29, 0x86, 0xdc, 0xff, 0x29, 0x86, 0xdc, 0xff,
    0x29, 0x86, 0xdc, 0xff, 0x29, 0x86, 0xdc, 0xff, 0x29, 0x86, 0xdc, 0xff, 0x29, 0x86, 0xdc, 0xff,
    0x29, 0x86, 0xdc, 0xff, 0x29, 0x86, 0xdc, 0xff, 0x29, 0x86, 0xdc, 0xff, 0x29, 0x86, 0xdc, 0xff,
    0x29, 0x86, 0xdc, 0xff, 0x29, 0x86, 0xdc, 0xff, 0x29, 0x86, 0xdc, 0xff, 0x29, 0x86, 0xdc, 0xff,
    0x28, 0x87, 0xdd, 0x7f, 0x00, 0x00, 0x00, 0x00, 0x00, 0x00, 0x00, 0x00, 0x00, 0x00, 0x00, 0x00,
    0x00, 0x00, 0x00, 0x00, 0x00, 0x00, 0x00, 0x00, 0x20, 0x80, 0xcf, 0x10, 0x28, 0x86, 0xdc, 0xf7,
    0x29, 0x86, 0xdc, 0xff, 0x29, 0x86, 0xdc, 0xff, 0x29, 0x86, 0xdc, 0xff, 0x29, 0x86, 0xdc, 0xff,
    0x29, 0x86, 0xdc, 0xff, 0x29, 0x86, 0xdc, 0xff, 0x29, 0x86, 0xdc, 0xff, 0x29, 0x86, 0xdc, 0xff,
    0x29, 0x86, 0xdc, 0xff, 0x29, 0x86, 0xdc, 0xff, 0x29, 0x86, 0xdc, 0xff, 0x29, 0x86, 0xdc, 0xff,
    0x29, 0x86, 0xdc, 0xff, 0x29, 0x86, 0xdc, 0xff, 0x29, 0x86, 0xdc, 0xff, 0x29, 0x86, 0xdc, 0xff,
    0x29, 0x86, 0xdc, 0xff, 0x29, 0x86, 0xdc, 0xff, 0x29, 0x86, 0xdc, 0xff, 0x29, 0x86, 0xdc, 0xff,
    0x29, 0x86, 0xdc, 0xff, 0x29, 0x86, 0xdc, 0xff, 0x29, 0x86, 0xdc, 0xff, 0x29, 0x86, 0xdc, 0xff,
    0x29, 0x86, 0xdc, 0xff, 0x29, 0x86, 0xdc, 0xff, 0x29, 0x86, 0xdc, 0xff, 0x29, 0x86, 0xdc, 0xff,
    0x29, 0x86, 0xdc, 0xff, 0x29, 0x86, 0xdc, 0xff, 0x29, 0x86, 0xdc, 0xff, 0x29, 0x86, 0xdc, 0xff,
    0x29, 0x86, 0xdc, 0xff, 0x29, 0x86, 0xdc, 0xff, 0x29, 0x86, 0xdc, 0xff, 0x29, 0x86, 0xdc, 0xff,
    0x29, 0x86, 0xdc, 0xff, 0x29, 0x86, 0xdc, 0xff, 0x29, 0x86, 0xdc, 0xff, 0x29, 0x86, 0xdc, 0xff,
    0x29, 0x86, 0xdc, 0xff, 0x29, 0x86, 0xdc, 0xff, 0x29, 0x86, 0xdc, 0xff, 0x29, 0x86, 0xdc, 0xff,
    0x29, 0x86, 0xdc, 0xff, 0x29, 0x86, 0xdc, 0xff, 0x29, 0x86, 0xdc, 0xff, 0x29, 0x86, 0xdc, 0xff,
    0x29, 0x86, 0xdc, 0xff, 0x29, 0x86, 0xdc, 0xff, 0x29, 0x86, 0xdc, 0xff, 0x29, 0x86, 0xdc, 0xff,
    0x29, 0x86, 0xdc, 0xff, 0x29, 0x86, 0xdc, 0xff, 0x29, 0x86, 0xdc, 0xff, 0x29, 0x86, 0xdc, 0xff,
    0x29, 0x86, 0xdc, 0xff, 0x29, 0x86, 0xdc, 0xff, 0x29, 0x86, 0xdc, 0xff, 0x29, 0x86, 0xdc, 0xff,
    0x29, 0x86, 0xdc, 0xff, 0x29, 0x86, 0xdc, 0xff, 0x29, 0x86, 0xdc, 0xff, 0x29, 0x86, 0xdc, 0xff,
    0x29, 0x86, 0xdc, 0xff, 0x29, 0x86, 0xdc, 0xff, 0x29, 0x86, 0xdc, 0xff, 0x29, 0x86, 0xdc, 0xff,
    0x29, 0x86, 0xdc, 0xff, 0x29, 0x86, 0xdc, 0xff, 0x29, 0x86, 0xdc, 0xff, 0x29, 0x86, 0xdc, 0xff,
    0x29, 0x86, 0xdc, 0xff, 0x29, 0x86, 0xdc, 0xff, 0x29, 0x86, 0xdc, 0xff, 0x29, 0x86, 0xdc, 0xff,
    0x29, 0x86, 0xdc, 0xff, 0x29, 0x86, 0xdc, 0xff, 0x29, 0x86, 0xdc, 0xff, 0x29, 0x86, 0xdc, 0xff,
    0x29, 0x86, 0xdc, 0xff, 0x29, 0x86, 0xdc, 0xff, 0x29, 0x86, 0xdc, 0xff, 0x29, 0x86, 0xdc, 0xff,
    0x29, 0x86, 0xdc, 0xff, 0x29, 0x86, 0xdc, 0xff, 0x29, 0x86, 0xdc, 0xff, 0x29, 0x86, 0xdc, 0xff,
    0x29, 0x86, 0xdc, 0xff, 0x29, 0x86, 0xdc, 0xff, 0x29, 0x86, 0xdc, 0xff, 0x29, 0x86, 0xdc, 0xff,
    0x29, 0x86, 0xdc, 0xff, 0x29, 0x86, 0xdc, 0xff, 0x29, 0x86, 0xdc, 0xff, 0x29, 0x86, 0xdc, 0xff,
    0x29, 0x86, 0xdc, 0xff, 0x29, 0x86, 0xdc, 0xff, 0x29, 0x86, 0xdc, 0xff, 0x29, 0x86, 0xdc, 0xff,
    0x29, 0x86, 0xdc, 0xff, 0x29, 0x86, 0xdc, 0xff, 0x29, 0x86, 0xdc, 0xff, 0x29, 0x86, 0xdc, 0xff,
    0x29, 0x86, 0xdc, 0xff, 0x29, 0x86, 0xdc, 0xff, 0x29, 0x86, 0xdc, 0xff, 0x29, 0x86, 0xdc, 0xff,
    0x29, 0x86, 0xdc, 0xff, 0x29, 0x86, 0xdc, 0xff, 0x29, 0x86, 0xdc, 0xff, 0x29, 0x86, 0xdc, 0xff,
    0x29, 0x86, 0xdc, 0xff, 0x29, 0x86, 0xdc, 0xff, 0x29, 0x86, 0xdc, 0xff, 0x29, 0x86, 0xdc, 0xff,
    0x29, 0x86, 0xdc, 0xff, 0x29, 0x86, 0xdc, 0xff, 0x29, 0x86, 0xdc, 0xff, 0x29, 0x86, 0xdc, 0xff,
    0x29, 0x86, 0xdc, 0xff, 0x29, 0x86, 0xdc, 0xff, 0x29, 0x85, 0xdc, 0xef, 0x20, 0x80, 0xcf, 0x10,
    0x00, 0x00, 0x00, 0x00, 0x00, 0x00, 0x00, 0x00, 0x00, 0x00, 0x00, 0x00, 0x00, 0x00, 0x00, 0x00,
    0x28, 0x85, 0xdc, 0x73, 0x29, 0x86, 0xdc, 0xff, 0x29, 0x86, 0xdc, 0xff, 0x29, 0x86, 0xdc, 0xff,
    0x29, 0x86, 0xdc, 0xff, 0x29, 0x86, 0xdc, 0xff, 0x29, 0x86, 0xdc, 0xff, 0x29, 0x86, 0xdc, 0xff,
    0x29, 0x86, 0xdc, 0xff, 0x29, 0x86, 0xdc, 0xff, 0x29, 0x86, 0xdc, 0xff, 0x29, 0x86, 0xdc, 0xff,
    0x29, 0x86, 0xdc, 0xff, 0x29, 0x86, 0xdc, 0xff, 0x29, 0x86, 0xdc, 0xff, 0x29, 0x86, 0xdc, 0xff,
    0x29, 0x86, 0xdc, 0xff, 0x29, 0x86, 0xdc, 0xff, 0x29, 0x86, 0xdc, 0xff, 0x29, 0x86, 0xdc, 0xff,
    0x29, 0x86, 0xdc, 0xff, 0x29, 0x86, 0xdc, 0xff, 0x29, 0x86, 0xdc, 0xff, 0x29, 0x86, 0xdc, 0xff,
    0x29, 0x86, 0xdc, 0xff, 0x29, 0x86, 0xdc, 0xff, 0x29, 0x86, 0xdc, 0xff, 0x29, 0x86, 0xdc, 0xff,
    0x29, 0x86, 0xdc, 0xff, 0x29, 0x86, 0xdc, 0xff, 0x29, 0x86, 0xdc, 0xff, 0x29, 0x86, 0xdc, 0xff,
    0x29, 0x86, 0xdc, 0xff, 0x29, 0x86, 0xdc, 0xff, 0x29, 0x86, 0xdc, 0xff, 0x29, 0x86, 0xdc, 0xff,
    0x29, 0x86, 0xdc, 0xff, 0x29, 0x86, 0xdc, 0xff, 0x29, 0x86, 0xdc, 0xff, 0x29, 0x86, 0xdc, 0xff,
    0x29, 0x86, 0xdc, 0xff, 0x29, 0x86, 0xdc, 0xff, 0x29, 0x86, 0xdc, 0xff, 0x29, 0x86, 0xdc, 0xff,
    0x29, 0x86, 0xdc, 0xff, 0x29, 0x86, 0xdc, 0xff, 0x29, 0x86, 0xdc, 0xff, 0x29, 0x86, 0xdc, 0xff,
    0x29, 0x86, 0xdc, 0xff, 0x29, 0x86, 0xdc, 0xff, 0x29, 0x86, 0xdc, 0xff, 0x29, 0x86, 0xdc, 0xff,
    0x29, 0x86, 0xdc, 0xff, 0x29, 0x86, 0xdc, 0xff, 0x29, 0x86, 0xdc, 0xff, 0x29, 0x86, 0xdc, 0xff,
    0x29, 0x86, 0xdc, 0xff, 0x29, 0x86, 0xdc, 0xff, 0x29, 0x86, 0xdc, 0xff, 0x29, 0x86, 0xdc, 0xff,
    0x29, 0x86, 0xdc, 0xff, 0x29, 0x86, 0xdc, 0xff, 0x29, 0x86, 0xdc, 0xff, 0x29, 0x86, 0xdc, 0xff,
    0x29, 0x86, 0xdc, 0xff, 0x29, 0x86, 0xdc, 0xff, 0x29, 0x86, 0xdc, 0xff, 0x29, 0x86, 0xdc, 0xff,
    0x29, 0x86, 0xdc, 0xff, 0x29, 0x86, 0xdc, 0xff, 0x29, 0x86, 0xdc, 0xff, 0x29, 0x86, 0xdc, 0xff,
    0x29, 0x86, 0xdc, 0xff, 0x29, 0x86, 0xdc, 0xff, 0x29, 0x86, 0xdc, 0xff, 0x29, 0x86, 0xdc, 0xff,
    0x29, 0x86, 0xdc, 0xff, 0x29, 0x86, 0xdc, 0xff, 0x29, 0x86, 0xdc, 0xff, 0x29, 0x86, 0xdc, 0xff,
    0x29, 0x86, 0xdc, 0xff, 0x29, 0x86, 0xdc, 0xff, 0x29, 0x86, 0xdc, 0xff, 0x29, 0x86, 0xdc, 0xff,
    0x29, 0x86, 0xdc, 0xff, 0x29, 0x86, 0xdc, 0xff, 0x29, 0x86, 0xdc, 0xff, 0x29, 0x86, 0xdc, 0xff,
    0x29, 0x86, 0xdc, 0xff, 0x29, 0x86, 0xdc, 0xff, 0x29, 0x86, 0xdc, 0xff, 0x29, 0x86, 0xdc, 0xff,
    0x29, 0x86, 0xdc, 0xff, 0x29, 0x86, 0xdc, 0xff, 0x29, 0x86, 0xdc, 0xff, 0x29, 0x86, 0xdc, 0xff,
    0x29, 0x86, 0xdc, 0xff, 0x29, 0x86, 0xdc, 0xff, 0x29, 0x86, 0xdc, 0xff, 0x29, 0x86, 0xdc, 0xff,
    0x29, 0x86, 0xdc, 0xff, 0x29, 0x86, 0xdc, 0xff, 0x29, 0x86, 0xdc, 0xff, 0x29, 0x86, 0xdc, 0xff,
    0x29, 0x86, 0xdc, 0xff, 0x29, 0x86, 0xdc, 0xff, 0x29, 0x86, 0xdc, 0xff, 0x29, 0x86, 0xdc, 0xff,
    0x29, 0x86, 0xdc, 0xff, 0x29, 0x86, 0xdc, 0xff, 0x29, 0x86, 0xdc, 0xff, 0x29, 0x86, 0xdc, 0xff,
    0x29, 0x86, 0xdc, 0xff, 0x29, 0x86, 0xdc, 0xff, 0x29, 0x86, 0xdc, 0xff, 0x29, 0x86, 0xdc, 0xff,
    0x29, 0x86, 0xdc, 0xff, 0x29, 0x86, 0xdc, 0xff, 0x29, 0x86, 0xdc, 0xff, 0x29, 0x86, 0xdc, 0xff,
    0x29, 0x86, 0xdc, 0xff, 0x29, 0x86, 0xdc, 0xff, 0x29, 0x86, 0xdc, 0xff, 0x29, 0x86, 0xdc, 0xff,
    0x29, 0x86, 0xdc, 0xff, 0x28, 0x85, 0xdc, 0x73, 0x00, 0x00, 0x00, 0x00, 0x00, 0x00, 0x00, 0x00,
    0x00, 0x00, 0x00, 0x00, 0x00, 0x00, 0x00, 0x00, 0x29, 0x86, 0xdc, 0xdf, 0x29, 0x86, 0xdc, 0xff,
    0x29, 0x86, 0xdc, 0xff, 0x29, 0x86, 0xdc, 0xff, 0x29, 0x86, 0xdc, 0xff, 0x29, 0x86, 0xdc, 0xff,
    0x29, 0x86, 0xdc, 0xff, 0x29, 0x86, 0xdc, 0xff, 0x29, 0x86, 0xdc, 0xff, 0x29, 0x86, 0xdc, 0xff,
    0x29, 0x86, 0xdc, 0xff, 0x29, 0x86, 0xdc, 0xff, 0x29, 0x86, 0xdc, 0xff, 0x29, 0x86, 0xdc, 0xff,
    0x29, 0x86, 0xdc, 0xff, 0x29, 0x86, 0xdc, 0xff, 0x29, 0x86, 0xdc, 0xff, 0x29, 0x86, 0xdc, 0xff,
    0x29, 0x86, 0xdc, 0xff, 0x29, 0x86, 0xdc, 0xff, 0x29, 0x86, 0xdc, 0xff, 0x29, 0x86, 0xdc, 0xff,
    0x29, 0x86, 0xdc, 0xff, 0x29, 0x86, 0xdc, 0xff, 0x29, 0x86, 0xdc, 0xff, 0x29, 0x86, 0xdc, 0xff,
    0x29, 0x86, 0xdc, 0xff, 0x29, 0x86, 0xdc, 0xff, 0x29, 0x86, 0xdc, 0xff, 0x29, 0x86, 0xdc, 0xff,
    0x29, 0x86, 0xdc, 0xff, 0x29, 0x86, 0xdc, 0xff, 0x29, 0x86, 0xdc, 0xff, 0x29, 0x86, 0xdc, 0xff,
    0x29, 0x86, 0xdc, 0xff, 0x29, 0x86, 0xdc, 0xff, 0x29, 0x86, 0xdc, 0xff, 0x29, 0x86, 0xdc, 0xff,
    0x29, 0x86, 0xdc, 0xff, 0x29, 0x86, 0xdc, 0xff, 0x29, 0x86, 0xdc, 0xff, 0x29, 0x86, 0xdc, 0xff,
    0x29, 0x86, 0xdc, 0xff, 0x29, 0x86, 0xdc, 0xff, 0x29, 0x86, 0xdc, 0xff, 0x29, 0x86, 0xdc, 0xff,
    0x29, 0x86, 0xdc, 0xff, 0x29, 0x86, 0xdc, 0xff, 0x29, 0x86, 0xdc, 0xff, 0x29, 0x86, 0xdc, 0xff,
    0x29, 0x86, 0xdc, 0xff, 0x29, 0x86, 0xdc, 0xff, 0x29, 0x86, 0xdc, 0xff, 0x29, 0x86, 0xdc, 0xff,
    0x29, 0x86, 0xdc, 0xff, 0x29, 0x86, 0xdc, 0xff, 0x29, 0x86, 0xdc, 0xff, 0x29, 0x86, 0xdc, 0xff,
    0x29, 0x86, 0xdc, 0xff, 0x29, 0x86, 0xdc, 0xff, 0x29, 0x86, 0xdc, 0xff, 0x29, 0x86, 0xdc, 0xff,
    0x29, 0x86, 0xdc, 0xff, 0x29, 0x86, 0xdc, 0xff, 0x29, 0x86, 0xdc, 0xff, 0x29, 0x86, 0xdc, 0xff,
    0x29, 0x86, 0xdc, 0xff, 0x29, 0x86, 0xdc, 0xff, 0x29, 0x86, 0xdc, 0xff, 0x29, 0x86, 0xdc, 0xff,
    0x29, 0x86, 0xdc, 0xff, 0x29, 0x86, 0xdc, 0xff, 0x29, 0x86, 0xdc, 0xff, 0x29, 0x86, 0xdc, 0xff,
    0x29, 0x86, 0xdc, 0xff, 0x29, 0x86, 0xdc, 0xff, 0x29, 0x86, 0xdc, 0xff, 0x29, 0x86, 0xdc, 0xff,
    0x29, 0x86, 0xdc, 0xff, 0x29, 0x86, 0xdc, 0xff, 0x29, 0x86, 0xdc, 0xff, 0x29, 0x86, 0xdc, 0xff,
    0x29, 0x86, 0xdc, 0xff, 0x29, 0x86, 0xdc, 0xff, 0x29, 0x86, 0xdc, 0xff, 0x29, 0x86, 0xdc, 0xff,
    0x29, 0x86, 0xdc, 0xff, 0x29, 0x86, 0xdc, 0xff, 0x29, 0x86, 0xdc, 0xff, 0x29, 0x86, 0xdc, 0xff,
    0x29, 0x86, 0xdc, 0xff, 0x29, 0x86, 0xdc, 0xff, 0x29, 0x86, 0xdc, 0xff, 0x29, 0x86, 0xdc, 0xff,
    0x29, 0x86, 0xdc, 0xff, 0x29, 0x86, 0xdc, 0xff, 0x29, 0x86, 0xdc, 0xff, 0x29, 0x86, 0xdc, 0xff,
    0x29, 0x86, 0xdc, 0xff, 0x29, 0x86, 0xdc, 0xff, 0x29, 0x86, 0xdc, 0xff, 0x29, 0x86, 0xdc, 0xff,
    0x29, 0x86, 0xdc, 0xff, 0x29, 0x86, 0xdc, 0xff, 0x29, 0x86, 0xdc, 0xff, 0x29, 0x86, 0xdc, 0xff,
    0x29, 0x86, 0xdc, 0xff, 0x29, 0x86, 0xdc, 0xff, 0x29, 0x86, 0xdc, 0xff, 0x29, 0x86, 0xdc, 0xff,
    0x29, 0x86, 0xdc, 0xff, 0x29, 0x86, 0xdc, 0xff, 0x29, 0x86, 0xdc, 0xff, 0x29, 0x86, 0xdc, 0xff,
    0x29, 0x86, 0xdc, 0xff, 0x29, 0x86, 0xdc, 0xff, 0x29, 0x86, 0xdc, 0xff, 0x29, 0x86, 0xdc, 0xff,
    0x29, 0x86, 0xdc, 0xff, 0x29, 0x86, 0xdc, 0xff, 0x29, 0x86, 0xdc, 0xff, 0x29, 0x86, 0xdc, 0xff,
    0x29, 0x86, 0xdc, 0xff, 0x29, 0x86, 0xdc, 0xff, 0x29, 0x86, 0xdc, 0xff, 0x29, 0x86, 0xdc, 0xdb,
    0x00, 0x00, 0x00, 0x00, 0x00, 0x00, 0x00, 0x00, 0x00, 0x00, 0x00, 0x00, 0x2a, 0x86, 0xdf, 0x37,
    0x29, 0x86, 0xdc, 0xff, 0x29, 0x86, 0xdc, 0xff, 0x29, 0x86, 0xdc, 0xff, 0x29, 0x86, 0xdc, 0xff,
    0x29, 0x86, 0xdc, 0xff, 0x29, 0x86, 0xdc, 0xff, 0x29, 0x86, 0xdc, 0xff, 0x29, 0x86, 0xdc, 0xff,
    0x29, 0x86, 0xdc, 0xff, 0x29, 0x86, 0xdc, 0xff, 0x29, 0x86, 0xdc, 0xff, 0x29, 0x86, 0xdc, 0xff,
    0x29, 0x86, 0xdc, 0xff, 0x29, 0x86, 0xdc, 0xff, 0x29, 0x86, 0xdc, 0xff, 0x29, 0x86, 0xdc, 0xff,
    0x29, 0x86, 0xdc, 0xff, 0x29, 0x86, 0xdc, 0xff, 0x29, 0x86, 0xdc, 0xff, 0x29, 0x86, 0xdc, 0xff,
    0x29, 0x86, 0xdc, 0xff, 0x29, 0x86, 0xdc, 0xff, 0x29, 0x86, 0xdc, 0xff, 0x29, 0x86, 0xdc, 0xff,
    0x29, 0x86, 0xdc, 0xff, 0x29, 0x86, 0xdc, 0xff, 0x29, 0x86, 0xdc, 0xff, 0x29, 0x86, 0xdc, 0xff,
    0x29, 0x86, 0xdc, 0xff, 0x29, 0x86, 0xdc, 0xff, 0x29, 0x86, 0xdc, 0xff, 0x29, 0x86, 0xdc, 0xff,
    0x29, 0x86, 0xdc, 0xff, 0x29, 0x86, 0xdc, 0xff, 0x29, 0x86, 0xdc, 0xff, 0x29, 0x86, 0xdc, 0xff,
    0x29, 0x86, 0xdc, 0xff, 0x29, 0x86, 0xdc, 0xff, 0x29, 0x86, 0xdc, 0xff, 0x29, 0x86, 0xdc, 0xff,
    0x29, 0x86, 0xdc, 0xff, 0x29, 0x86, 0xdc, 0xff, 0x29, 0x86, 0xdc, 0xff, 0x29, 0x86, 0xdc, 0xff,
    0x29, 0x86, 0xdc, 0xff, 0x29, 0x86, 0xdc, 0xff, 0x29, 0x86, 0xdc, 0xff, 0x29, 0x86, 0xdc, 0xff,
    0x29, 0x86, 0xdc, 0xff, 0x29, 0x86, 0xdc, 0xff, 0x29, 0x86, 0xdc, 0xff, 0x29, 0x86, 0xdc, 0xff,
    0x29, 0x86, 0xdc, 0xff, 0x29, 0x86, 0xdc, 0xff, 0x29, 0x86, 0xdc, 0xff, 0x29, 0x86, 0xdc, 0xff,
    0x29, 0x86, 0xdc, 0xff, 0x29, 0x86, 0xdc, 0xff, 0x29, 0x86, 0xdc, 0xff, 0x29, 0x86, 0xdc, 0xff,
    0x29, 0x86, 0xdc, 0xff, 0x29, 0x86, 0xdc, 0xff, 0x29, 0x86, 0xdc, 0xff, 0x29, 0x86, 0xdc, 0xff,
    0x29, 0x86, 0xdc, 0xff, 0x29, 0x86, 0xdc, 0xff, 0x29, 0x86, 0xdc, 0xff, 0x29, 0x86, 0xdc, 0xff,
    0x29, 0x86, 0xdc, 0xff, 0x29, 0x86, 0xdc, 0xff, 0x29, 0x86, 0xdc, 0xff, 0x29, 0x86, 0xdc, 0xff,
    0x29, 0x86, 0xdc, 0xff, 0x29, 0x86, 0xdc, 0xff, 0x29, 0x86, 0xdc, 0xff, 0x29, 0x86, 0xdc, 0xff,
    0x29, 0x86, 0xdc, 0xff, 0x29, 0x86, 0xdc, 0xff, 0x29, 0x86, 0xdc, 0xff, 0x29, 0x86, 0xdc, 0xff,
    0x29, 0x86, 0xdc, 0xff, 0x29, 0x86, 0xdc, 0xff, 0x29, 0x86, 0xdc, 0xff, 0x29, 0x86, 0xdc, 0xff,
    0x29, 0x86, 0xdc, 0xff, 0x29, 0x86, 0xdc, 0xff, 0x29, 0x86, 0xdc, 0xff, 0x29, 0x86, 0xdc, 0xff,
    0x29, 0x86, 0xdc, 0xff, 0x29, 0x86, 0xdc, 0xff, 0x29, 0x86, 0xdc, 0xff, 0x29, 0x86, 0xdc, 0xff,
    0x29, 0x86, 0xdc, 0xff, 0x29, 0x86, 0xdc, 0xff, 0x29, 0x86, 0xdc, 0xff, 0x29, 0x86, 0xdc, 0xff,
    0x29, 0x86, 0xdc, 0xff, 0x29, 0x86, 0xdc, 0xff, 0x29, 0x86, 0xdc, 0xff, 0x29, 0x86, 0xdc, 0xff,
    0x29, 0x86, 0xdc, 0xff, 0x29, 0x86, 0xdc, 0xff, 0x29, 0x86, 0xdc, 0xff, 0x29, 0x86, 0xdc, 0xff,
    0x29, 0x86, 0xdc, 0xff, 0x29, 0x86, 0xdc, 0xff, 0x29, 0x86, 0xdc, 0xff, 0x29, 0x86, 0xdc, 0xff,
    0x29, 0x86, 0xdc, 0xff, 0x29, 0x86, 0xdc, 0xff, 0x29, 0x86, 0xdc, 0xff, 0x29, 0x86, 0xdc, 0xff,
    0x29, 0x86, 0xdc, 0xff, 0x29, 0x86, 0xdc, 0xff, 0x29, 0x86, 0xdc, 0xff, 0x29, 0x86, 0xdc, 0xff,
    0x29, 0x86, 0xdc, 0xff, 0x29, 0x86, 0xdc, 0xff, 0x29, 0x86, 0xdc, 0xff, 0x29, 0x86, 0xdc, 0xff,
    0x29, 0x86, 0xdc, 0xff, 0x29, 0x86, 0xdc, 0xff, 0x29, 0x86, 0xdc, 0xff, 0x29, 0x86, 0xdc, 0xff,
    0x29, 0x86, 0xdc, 0xff, 0x29, 0x86, 0xdc, 0xff, 0x2a, 0x86, 0xdf, 0x37, 0x00, 0x00, 0x00, 0x00,
    0x00, 0x00, 0x00, 0x00, 0x28, 0x86, 0xdc, 0x8b, 0x29, 0x86, 0xdc, 0xff, 0x29, 0x86, 0xdc, 0xff,
    0x29, 0x86, 0xdc, 0xff, 0x29, 0x86, 0xdc, 0xff, 0x29, 0x86, 0xdc, 0xff, 0x29, 0x86, 0xdc, 0xff,
    0x29, 0x86, 0xdc, 0xff, 0x29, 0x86, 0xdc, 0xff, 0x29, 0x86, 0xdc, 0xff, 0x29, 0x86, 0xdc, 0xff,
    0x29, 0x86, 0xdc, 0xff, 0x29, 0x86, 0xdc, 0xff, 0x29, 0x86, 0xdc, 0xff, 0x29, 0x86, 0xdc, 0xff,
    0x29, 0x86, 0xdc, 0xff, 0x29, 0x86, 0xdc, 0xff, 0x29, 0x86, 0xdc, 0xff, 0x29, 0x86, 0xdc, 0xff,
    0x29, 0x86, 0xdc, 0xff, 0x29, 0x86, 0xdc, 0xff, 0x29, 0x86, 0xdc, 0xff, 0x29, 0x86, 0xdc, 0xff,
    0x29, 0x86, 0xdc, 0xff, 0x29, 0x86, 0xdc, 0xff, 0x29, 0x86, 0xdc, 0xff, 0x29, 0x86, 0xdc, 0xff,
    0x29, 0x86, 0xdc, 0xff, 0x29, 0x86, 0xdc, 0xff, 0x29, 0x86, 0xdc, 0xff, 0x29, 0x86, 0xdc, 0xff,
    0x29, 0x86, 0xdc, 0xff, 0x29, 0x86, 0xdc, 0xff, 0x29, 0x86, 0xdc, 0xff, 0x29, 0x86, 0xdc, 0xff,
    0x29, 0x86, 0xdc, 0xff, 0x29, 0x86, 0xdc, 0xff, 0x29, 0x86, 0xdc, 0xff, 0x29, 0x86, 0xdc, 0xff,
    0x29, 0x86, 0xdc, 0xff, 0x29, 0x86, 0xdc, 0xff, 0x29, 0x86, 0xdc, 0xff, 0x29, 0x86, 0xdc, 0xff,
    0x29, 0x86, 0xdc, 0xff, 0x29, 0x86, 0xdc, 0xff, 0x29, 0x86, 0xdc, 0xff, 0x29, 0x86, 0xdc, 0xff,
    0x29, 0x86, 0xdc, 0xff, 0x29, 0x86, 0xdc, 0xff, 0x29, 0x86, 0xdc, 0xff, 0x29, 0x86, 0xdc, 0xff,
    0x29, 0x86, 0xdc, 0xff, 0x29, 0x86, 0xdc, 0xff, 0x29, 0x86, 0xdc, 0xff, 0x29, 0x86, 0xdc, 0xff,
    0x29, 0x86, 0xdc, 0xff, 0x29, 0x86, 0xdc, 0xff, 0x29, 0x86, 0xdc, 0xff, 0x29, 0x86, 0xdc, 0xff,
    0x29, 0x86, 0xdc, 0xff, 0x29, 0x86, 0xdc, 0xff, 0x29, 0x86, 0xdc, 0xff, 0x29, 0x86, 0xdc, 0xff,
    0x29, 0x86, 0xdc, 0xff, 0x29, 0x86, 0xdc, 0xff, 0x29, 0x86, 0xdc, 0xff, 0x29, 0x86, 0xdc, 0xff,
    0x29, 0x86, 0xdc, 0xff, 0x29, 0x86, 0xdc, 0xff, 0x29, 0x86, 0xdc, 0xff, 0x29, 0x86, 0xdc, 0xff,
    0x29, 0x86, 0xdc, 0xff, 0x29, 0x86, 0xdc, 0xff, 0x29, 0x86, 0xdc, 0xff, 0x29, 0x86, 0xdc, 0xff,
    0x29, 0x86, 0xdc, 0xff, 0x29, 0x86, 0xdc, 0xff, 0x29, 0x86, 0xdc, 0xff, 0x29, 0x86, 0xdc, 0xff,
    0x29, 0x86, 0xdc, 0xff, 0x29, 0x86, 0xdc, 0xff, 0x29, 0x86, 0xdc, 0xff, 0x29, 0x86, 0xdc, 0xff,
    0x29, 0x86, 0xdc, 0xff, 0x29, 0x86, 0xdc, 0xff, 0x29, 0x86, 0xdc, 0xff, 0x29, 0x86, 0xdc, 0xff,
    0x29, 0x86, 0xdc, 0xff, 0x29, 0x86, 0xdc, 0xff, 0x29, 0x86, 0xdc, 0xff, 0x29, 0x86, 0xdc, 0xff,
    0x29, 0x86, 0xdc, 0xff, 0x29, 0x86, 0xdc, 0xff, 0x29, 0x86, 0xdc, 0xff, 0x29, 0x86, 0xdc, 0xff,
    0x29, 0x86, 0xdc, 0xff, 0x29, 0x86, 0xdc, 0xff, 0x29, 0x86, 0xdc, 0xff, 0x29, 0x86, 0xdc, 0xff,
    0x29, 0x86, 0xdc, 0xff, 0x29, 0x86, 0xdc, 0xff, 0x29, 0x86, 0xdc, 0xff, 0x29, 0x86, 0xdc, 0xff,
    0x29, 0x86, 0xdc, 0xff, 0x29, 0x86, 0xdc, 0xff, 0x29, 0x86, 0xdc, 0xff, 0x29, 0x86, 0xdc, 0xff,
    0x29, 0x86, 0xdc, 0xff, 0x29, 0x86, 0xdc, 0xff, 0x29, 0x86, 0xdc, 0xff, 0x29, 0x86, 0xdc, 0xff,
    0x29, 0x86, 0xdc, 0xff, 0x29, 0x86, 0xdc, 0xff, 0x29, 0x86, 0xdc, 0xff, 0x29, 0x86, 0xdc, 0xff,
    0x29, 0x86, 0xdc, 0xff, 0x29, 0x86, 0xdc, 0xff, 0x29, 0x86, 0xdc, 0xff, 0x29, 0x86, 0xdc, 0xff,
    0x29, 0x86, 0xdc, 0xff, 0x29, 0x86, 0xdc, 0xff, 0x29, 0x86, 0xdc, 0xff, 0x29, 0x86, 0xdc, 0xff,
    0x29, 0x86, 0xdc, 0xff, 0x29, 0x86, 0xdc, 0xff, 0x29, 0x86, 0xdc, 0xff, 0x29, 0x86, 0xdc, 0xff,
    0x28, 0x86, 0xdc, 0x8b, 0x00, 0x00, 0x00, 0x00, 0x00, 0x00, 0x00, 0x00, 0x28, 0x86, 0xdb, 0xd7,
    0x29, 0x86, 0xdc, 0xff, 0x29, 0x86, 0xdc, 0xff, 0x29, 0x86, 0xdc, 0xff, 0x29, 0x86, 0xdc, 0xff,
    0x29, 0x86, 0xdc, 0xff, 0x29, 0x86, 0xdc, 0xff, 0x29, 0x86, 0xdc, 0xff, 0x29, 0x86, 0xdc, 0xff,
    0x29, 0x86, 0xdc, 0xff, 0x29, 0x86, 0xdc, 0xff, 0x29, 0x86, 0xdc, 0xff, 0x29, 0x86, 0xdc, 0xff,
    0x29, 0x86, 0xdc, 0xff, 0x29, 0x86, 0xdc, 0xff, 0x29, 0x86, 0xdc, 0xff, 0x29, 0x86, 0xdc, 0xff,
    0x29, 0x86, 0xdc, 0xff, 0x29, 0x86, 0xdc, 0xff, 0x29, 0x86, 0xdc, 0xff, 0x29, 0x86, 0xdc, 0xff,
    0x29, 0x86, 0xdc, 0xff, 0x29, 0x86, 0xdc, 0xff, 0x29, 0x86, 0xdc, 0xff, 0x29, 0x86, 0xdc, 0xff,
    0x29, 0x86, 0xdc, 0xff, 0x29, 0x86, 0xdc, 0xff, 0x29, 0x86, 0xdc, 0xff, 0x29, 0x86, 0xdc, 0xff,
    0x29, 0x86, 0xdc, 0xff, 0x29, 0x86, 0xdc, 0xff, 0x29, 0x86, 0xdc, 0xff, 0x29, 0x86, 0xdc, 0xff,
    0x29, 0x86, 0xdc, 0xff, 0x29, 0x86, 0xdc, 0xff, 0x29, 0x86, 0xdc, 0xff, 0x29, 0x86, 0xdc, 0xff,
    0x29, 0x86, 0xdc, 0xff, 0x29, 0x86, 0xdc, 0xff, 0x29, 0x86, 0xdc, 0xff, 0x29, 0x86, 0xdc, 0xff,
    0x29, 0x86, 0xdc, 0xff, 0x29, 0x86, 0xdc, 0xff, 0x29, 0x86, 0xdc, 0xff, 0x29, 0x86, 0xdc, 0xff,
    0x29, 0x86, 0xdc, 0xff, 0x29, 0x86, 0xdc, 0xff, 0x29, 0x86, 0xdc, 0xff, 0x29, 0x86, 0xdc, 0xff,
    0x29, 0x86, 0xdc, 0xff, 0x29, 0x86, 0xdc, 0xff, 0x29, 0x86, 0xdc, 0xff, 0x29, 0x86, 0xdc, 0xff,
    0x29, 0x86, 0xdc, 0xff, 0x29, 0x86, 0xdc, 0xff, 0x29, 0x86, 0xdc, 0xff, 0x29, 0x86, 0xdc, 0xff,
    0x29, 0x86, 0xdc, 0xff, 0x29, 0x86, 0xdc, 0xff, 0x29, 0x86, 0xdc, 0xff, 0x29, 0x86, 0xdc, 0xff,
    0x29, 0x86, 0xdc, 0xff, 0x29, 0x86, 0xdc, 0xff, 0x29, 0x86, 0xdc, 0xff, 0x29, 0x86, 0xdc, 0xff,
    0x29, 0x86, 0xdc, 0xff, 0x29, 0x86, 0xdc, 0xff, 0x29, 0x86, 0xdc, 0xff, 0x29, 0x86, 0xdc, 0xff,
    0x29, 0x86, 0xdc, 0xff, 0x29, 0x86, 0xdc, 0xff, 0x29, 0x86, 0xdc, 0xff, 0x29, 0x86, 0xdc, 0xff,
    0x29, 0x86, 0xdc, 0xff, 0x29, 0x86, 0xdc, 0xff, 0x29, 0x86, 0xdc, 0xff, 0x29, 0x86, 0xdc, 0xff,
    0x29, 0x86, 0xdc, 0xff, 0x29, 0x86, 0xdc, 0xff, 0x29, 0x86, 0xdc, 0xff, 0x29, 0x86, 0xdc, 0xff,
    0x29, 0x86, 0xdc, 0xff, 0x29, 0x86, 0xdc, 0xff, 0x29, 0x86, 0xdc, 0xff, 0x29, 0x86, 0xdc, 0xff,
    0x29, 0x86, 0xdc, 0xff, 0x29, 0x86, 0xdc, 0xff, 0x29, 0x86, 0xdc, 0xff, 0x29, 0x86, 0xdc, 0xff,
    0x29, 0x86, 0xdc, 0xff, 0x29, 0x86, 0xdc, 0xff, 0x29, 0x86, 0xdc, 0xff, 0x29, 0x86, 0xdc, 0xff,
    0x29, 0x86, 0xdc, 0xff, 0x29, 0x86, 0xdc, 0xff, 0x29, 0x86, 0xdc, 0xff, 0x29, 0x86, 0xdc, 0xff,
    0x29, 0x86, 0xdc, 0xff, 0x29, 0x86, 0xdc, 0xff, 0x29, 0x86, 0xdc, 0xff, 0x29, 0x86, 0xdc, 0xff,
    0x29, 0x86, 0xdc, 0xff, 0x29, 0x86, 0xdc, 0xff, 0x29, 0x86, 0xdc, 0xff, 0x29, 0x86, 0xdc, 0xff,
    0x29, 0x86, 0xdc, 0xff, 0x29, 0x86, 0xdc, 0xff, 0x29, 0x86, 0xdc, 0xff, 0x29, 0x86, 0xdc, 0xff,
    0x29, 0x86, 0xdc, 0xff, 0x29, 0x86, 0xdc, 0xff, 0x29, 0x86, 0xdc, 0xff, 0x29, 0x86, 0xdc, 0xff,
    0x29, 0x86, 0xdc, 0xff, 0x29, 0x86, 0xdc, 0xff, 0x29, 0x86, 0xdc, 0xff, 0x29, 0x86, 0xdc, 0xff,
    0x29, 0x86, 0xdc, 0xff, 0x29, 0x86, 0xdc, 0xff, 0x29, 0x86, 0xdc, 0xff, 0x29, 0x86, 0xdc, 0xff,
    0x29, 0x86, 0xdc, 0xff, 0x29, 0x86, 0xdc, 0xff, 0x29, 0x86, 0xdc, 0xff, 0x29, 0x86, 0xdc, 0xff,
    0x29, 0x86, 0xdc, 0xff, 0x29, 0x86, 0xdc, 0xff, 0x29, 0x86, 0xdc, 0xdb, 0x00, 0x00, 0x00, 0x00,
    0x24, 0x80, 0xdb, 0x1c, 0x29, 0x86, 0xdc, 0xff, 0x29, 0x86, 0xdc, 0xff, 0x29, 0x86, 0xdc, 0xff,
    0x29, 0x86, 0xdc, 0xff, 0x29, 0x86, 0xdc, 0xff, 0x29, 0x86, 0xdc, 0xff, 0x29, 0x86, 0xdc, 0xff,
    0x29, 0x86, 0xdc, 0xff, 0x29, 0x86, 0xdc, 0xff, 0x29, 0x86, 0xdc, 0xff, 0x29, 0x86, 0xdc, 0xff,
    0x29, 0x86, 0xdc, 0xff, 0x29, 0x86, 0xdc, 0xff, 0x29, 0x86, 0xdc, 0xff, 0x29, 0x86, 0xdc, 0xff,
    0x29, 0x86, 0xdc, 0xff, 0x29, 0x86, 0xdc, 0xff, 0x29, 0x86, 0xdc, 0xff, 0x29, 0x86, 0xdc, 0xff,
    0x29, 0x86, 0xdc, 0xff, 0x29, 0x86, 0xdc, 0xff, 0x29, 0x86, 0xdc, 0xff, 0x29, 0x86, 0xdc, 0xff,
    0x29, 0x86, 0xdc, 0xff, 0x29, 0x86, 0xdc, 0xff, 0x29, 0x86, 0xdc, 0xff, 0x29, 0x86, 0xdc, 0xff,
    0x29, 0x86, 0xdc, 0xff, 0x29, 0x86, 0xdc, 0xff, 0x29, 0x86, 0xdc, 0xff, 0x29, 0x86, 0xdc, 0xff,
    0x29, 0x86, 0xdc, 0xff, 0x29, 0x86, 0xdc, 0xff, 0x29, 0x86, 0xdc, 0xff, 0x29, 0x86, 0xdc, 0xff,
    0x29, 0x86, 0xdc, 0xff, 0x29, 0x86, 0xdc, 0xff, 0x29, 0x86, 0xdc, 0xff, 0x29, 0x86, 0xdc, 0xff,
    0x29, 0x86, 0xdc, 0xff, 0x29, 0x86, 0xdc, 0xff, 0x29, 0x86, 0xdc, 0xff, 0x29, 0x86, 0xdc, 0xff,
    0x29, 0x86, 0xdc, 0xff, 0x29, 0x86, 0xdc, 0xff, 0x29, 0x86, 0xdc, 0xff, 0x29, 0x86, 0xdc, 0xff,
    0x29, 0x86, 0xdc, 0xff, 0x29, 0x86, 0xdc, 0xff, 0x29, 0x86, 0xdc, 0xff, 0x29, 0x86, 0xdc, 0xff,
    0x29, 0x86, 0xdc, 0xff, 0x29, 0x86, 0xdc, 0xff, 0x29, 0x86, 0xdc, 0xff, 0x29, 0x86, 0xdc, 0xff,
    0x29, 0x86, 0xdc, 0xff, 0x29, 0x86, 0xdc, 0xff, 0x29, 0x86, 0xdc, 0xff, 0x29, 0x86, 0xdc, 0xff,
    0x29, 0x86, 0xdc, 0xff, 0x29, 0x86, 0xdc, 0xff, 0x29, 0x86, 0xdc, 0xff, 0x29, 0x86, 0xdc, 0xff,
    0x29, 0x86, 0xdc, 0xff, 0x29, 0x86, 0xdc, 0xff, 0x29, 0x86, 0xdc, 0xff, 0x29, 0x86, 0xdc, 0xff,
    0x29, 0x86, 0xdc, 0xff, 0x29, 0x86, 0xdc, 0xff, 0x29, 0x86, 0xdc, 0xff, 0x29, 0x86, 0xdc, 0xff,
    0x29, 0x86, 0xdc, 0xff, 0x29, 0x86, 0xdc, 0xff, 0x29, 0x86, 0xdc, 0xff, 0x29, 0x86, 0xdc, 0xff,
    0x29, 0x86, 0xdc, 0xff, 0x29, 0x86, 0xdc, 0xff, 0x29, 0x86, 0xdc, 0xff, 0x29, 0x86, 0xdc, 0xff,
    0x29, 0x86, 0xdc, 0xff, 0x29, 0x86, 0xdc, 0xff, 0x29, 0x86, 0xdc, 0xff, 0x29, 0x86, 0xdc, 0xff,
    0x29, 0x86, 0xdc, 0xff, 0x29, 0x86, 0xdc, 0xff, 0x29, 0x86, 0xdc, 0xff, 0x29, 0x86, 0xdc, 0xff,
    0x29, 0x86, 0xdc, 0xff, 0x29, 0x86, 0xdc, 0xff, 0x29, 0x86, 0xdc, 0xff, 0x29, 0x86, 0xdc, 0xff,
    0x29, 0x86, 0xdc, 0xff, 0x29, 0x86, 0xdc, 0xff, 0x29, 0x86, 0xdc, 0xff, 0x29, 0x86, 0xdc, 0xff,
    0x29, 0x86, 0xdc, 0xff, 0x29, 0x86, 0xdc, 0xff, 0x29, 0x86, 0xdc, 0xff, 0x29, 0x86, 0xdc, 0xff,
    0x29, 0x86, 0xdc, 0xff, 0x29, 0x86, 0xdc, 0xff, 0x29, 0x86, 0xdc, 0xff, 0x29, 0x86, 0xdc, 0xff,
    0x29, 0x86, 0xdc, 0xff, 0x29, 0x86, 0xdc, 0xff, 0x29, 0x86, 0xdc, 0xff, 0x29, 0x86, 0xdc, 0xff,
    0x29, 0x86, 0xdc, 0xff, 0x29, 0x86, 0xdc, 0xff, 0x29, 0x86, 0xdc, 0xff, 0x29, 0x86, 0xdc, 0xff,
    0x29, 0x86, 0xdc, 0xff, 0x29, 0x86, 0xdc, 0xff, 0x29, 0x86, 0xdc, 0xff, 0x29, 0x86, 0xdc, 0xff,
    0x29, 0x86, 0xdc, 0xff, 0x29, 0x86, 0xdc, 0xff, 0x29, 0x86, 0xdc, 0xff, 0x29, 0x86, 0xdc, 0xff,
    0x29, 0x86, 0xdc, 0xff, 0x29, 0x86, 0xdc, 0xff, 0x29, 0x86, 0xdc, 0xff, 0x29, 0x86, 0xdc, 0xff,
    0x29, 0x86, 0xdc, 0xff, 0x29, 0x86, 0xdc, 0xff, 0x29, 0x86, 0xdc, 0xff, 0x29, 0x86, 0xdc, 0xff,
    0x29, 0x86, 0xdc, 0xff, 0x24, 0x80, 0xdb, 0x1c, 0x28, 0x87, 0xdd, 0x53, 0x29, 0x86, 0xdc, 0xff,
    0x29, 0x86, 0xdc, 0xff, 0x29, 0x86, 0xdc, 0xff, 0x29, 0x86, 0xdc, 0xff, 0x29, 0x86, 0xdc, 0xff,
    0x29, 0x86, 0xdc, 0xff, 0x29, 0x86, 0xdc, 0xff, 0x29, 0x86, 0xdc, 0xff, 0x29, 0x86, 0xdc, 0xff,
    0x29, 0x86, 0xdc, 0xff, 0x29, 0x86, 0xdc, 0xff, 0x29, 0x86, 0xdc, 0xff, 0x29, 0x86, 0xdc, 0xff,
    0x29, 0x86, 0xdc, 0xff, 0x29, 0x86, 0xdc, 0xff, 0x29, 0x86, 0xdc, 0xff, 0x29, 0x86, 0xdc, 0xff,
    0x29, 0x86, 0xdc, 0xff, 0x29, 0x86, 0xdc, 0xff, 0x29, 0x86, 0xdc, 0xff, 0x29, 0x86, 0xdc, 0xff,
    0x29, 0x86, 0xdc, 0xff, 0x29, 0x86, 0xdc, 0xff, 0x29, 0x86, 0xdc, 0xff, 0x29, 0x86, 0xdc, 0xff,
    0x29, 0x86, 0xdc, 0xff, 0x29, 0x86, 0xdc, 0xff, 0x29, 0x86, 0xdc, 0xff, 0x29, 0x86, 0xdc, 0xff,
    0x29, 0x86, 0xdc, 0xff, 0x29, 0x86, 0xdc, 0xff, 0x29, 0x86, 0xdc, 0xff, 0x29, 0x86, 0xdc, 0xff,
    0x29, 0x86, 0xdc, 0xff, 0x29, 0x86, 0xdc, 0xff, 0x29, 0x86, 0xdc, 0xff, 0x29, 0x86, 0xdc, 0xff,
    0x29, 0x86, 0xdc, 0xff, 0x29, 0x86, 0xdc, 0xff, 0x36, 0x8d, 0xde, 0xff, 0x79, 0xb3, 0xe9, 0xff,
    0xb2, 0xd3, 0xf2, 0xff, 0xc3, 0xdd, 0xf5, 0xff, 0xaf, 0xd1, 0xf2, 0xff, 0x79, 0xb3, 0xe9, 0xff,
    0x2f, 0x89, 0xdd, 0xff, 0x29, 0x86, 0xdc, 0xff, 0x29, 0x86, 0xdc, 0xff, 0x29, 0x86, 0xdc, 0xff,
    0x29, 0x86, 0xdc, 0xff, 0x29, 0x86, 0xdc, 0xff, 0x29, 0x86, 0xdc, 0xff, 0x29, 0x86, 0xdc, 0xff,
    0x29, 0x86, 0xdc, 0xff, 0x29, 0x86, 0xdc, 0xff, 0x29, 0x86, 0xdc, 0xff, 0x29, 0x86, 0xdc, 0xff,
    0x29, 0x86, 0xdc, 0xff, 0x29, 0x86, 0xdc, 0xff, 0x29, 0x86, 0xdc, 0xff, 0x29, 0x86, 0xdc, 0xff,
    0x29, 0x86, 0xdc, 0xff, 0x29, 0x86, 0xdc, 0xff, 0x29, 0x86, 0xdc, 0xff, 0x29, 0x86, 0xdc, 0xff,
    0x29, 0x86, 0xdc, 0xff, 0x29, 0x86, 0xdc, 0xff, 0x29, 0x86, 0xdc, 0xff, 0x29, 0x86, 0xdc, 0xff,
    0x29, 0x86, 0xdc, 0xff, 0x29, 0x86, 0xdc, 0xff, 0x29, 0x86, 0xdc, 0xff, 0x29, 0x86, 0xdc, 0xff,
    0x29, 0x86, 0xdc, 0xff, 0x29, 0x86, 0xdc, 0xff, 0x29, 0x86, 0xdc, 0xff, 0x29, 0x86, 0xdc, 0xff,
    0x29, 0x86, 0xdc, 0xff, 0x29, 0x86, 0xdc, 0xff, 0x29, 0x86, 0xdc, 0xff, 0x29, 0x86, 0xdc, 0xff,
    0x44, 0x95, 0xe0, 0xff, 0x8a, 0xbc, 0xeb, 0xff, 0xb9, 0xd7, 0xf3, 0xff, 0xc3, 0xdc, 0xf5, 0xff,
    0xa5, 0xcb, 0xf0, 0xff, 0x65, 0xa8, 0xe5, 0xff, 0x29, 0x86, 0xdc, 0xff, 0x29, 0x86, 0xdc, 0xff,
    0x29, 0x86, 0xdc, 0xff, 0x29, 0x86, 0xdc, 0xff, 0x29, 0x86, 0xdc, 0xff, 0x29, 0x86, 0xdc, 0xff,
    0x29, 0x86, 0xdc, 0xff, 0x29, 0x86, 0xdc, 0xff, 0x29, 0x86, 0xdc, 0xff, 0x29, 0x86, 0xdc, 0xff,
    0x29, 0x86, 0xdc, 0xff, 0x29, 0x86, 0xdc, 0xff, 0x29, 0x86, 0xdc, 0xff, 0x29, 0x86, 0xdc, 0xff,
    0x29, 0x86, 0xdc, 0xff, 0x29, 0x86, 0xdc, 0xff, 0x29, 0x86, 0xdc, 0xff, 0x29, 0x86, 0xdc, 0xff,
    0x29, 0x86, 0xdc, 0xff, 0x29, 0x86, 0xdc, 0xff, 0x29, 0x86, 0xdc, 0xff, 0x29, 0x86, 0xdc, 0xff,
    0x29, 0x86, 0xdc, 0xff, 0x29, 0x86, 0xdc, 0xff, 0x29, 0x86, 0xdc, 0xff, 0x29, 0x86, 0xdc, 0xff,
    0x29, 0x86, 0xdc, 0xff, 0x29, 0x86, 0xdc, 0xff, 0x29, 0x86, 0xdc, 0xff, 0x29, 0x86, 0xdc, 0xff,
    0x29, 0x86, 0xdc, 0xff, 0x29, 0x86, 0xdc, 0xff, 0x29, 0x86, 0xdc, 0xff, 0x29, 0x86, 0xdc, 0xff,
    0x29, 0x86, 0xdc, 0xff, 0x29, 0x86, 0xdc, 0xff, 0x29, 0x86, 0xdc, 0xff, 0x29, 0x86, 0xdc, 0xff,
    0x29, 0x86, 0xdc, 0xff, 0x29, 0x86, 0xdc, 0xff, 0x29, 0x86, 0xdc, 0xff, 0x28, 0x87, 0xdd, 0x53,
    0x28, 0x86, 0xdd, 0x87, 0x29, 0x86, 0xdc, 0xff, 0x29, 0x86, 0xdc, 0xff, 0x29, 0x86, 0xdc, 0xff,
    0x29, 0x86, 0xdc, 0xff, 0x29, 0x86, 0xdc, 0xff, 0x29, 0x86, 0xdc, 0xff, 0x29, 0x86, 0xdc, 0xff,
    0x29, 0x86, 0xdc, 0xff, 0x29, 0x86, 0xdc, 0xff, 0x29, 0x86, 0xdc, 0xff, 0x29, 0x86, 0xdc, 0xff,
    0x29, 0x86, 0xdc, 0xff, 0x29, 0x86, 0xdc, 0xff, 0x29, 0x86, 0xdc, 0xff, 0x29, 0x86, 0xdc, 0xff,
    0x29, 0x86, 0xdc, 0xff, 0x29, 0x86, 0xdc, 0xff, 0x29, 0x86, 0xdc, 0xff, 0x29, 0x86, 0xdc, 0xff,
    0x29, 0x86, 0xdc, 0xff, 0x29, 0x86, 0xdc, 0xff, 0x29, 0x86, 0xdc, 0xff, 0x29, 0x86, 0xdc, 0xff,
    0x29, 0x86, 0xdc, 0xff, 0x29, 0x86, 0xdc, 0xff, 0x29, 0x86, 0xdc, 0xff, 0x29, 0x86, 0xdc, 0xff,
    0x29, 0x86, 0xdc, 0xff, 0x29, 0x86, 0xdc, 0xff, 0x29, 0x86, 0xdc, 0xff, 0x29, 0x86, 0xdc, 0xff,
    0x29, 0x86, 0xdc, 0xff, 0x29, 0x86, 0xdc, 0xff, 0x29, 0x86, 0xdc, 0xff, 0x29, 0x86, 0xdc, 0xff,
    0x29, 0x86, 0xdc, 0xff, 0x29, 0x86, 0xdc, 0xff, 0x2c, 0x87, 0xdc, 0xff, 0x79, 0xb3, 0xe9, 0xff,
    0xe7, 0xf1, 0xfb, 0xff, 0xff, 0xff, 0xff, 0xff, 0xff, 0xff, 0xff, 0xff, 0xff, 0xff, 0xff, 0xff,
    0xff, 0xff, 0xff, 0xff, 0xff, 0xff, 0xff, 0xff, 0xe4, 0xf0, 0xfa, 0xff, 0x51, 0x9c, 0xe2, 0xff,
    0x29, 0x86, 0xdc, 0xff, 0x29, 0x86, 0xdc, 0xff, 0x29, 0x86, 0xdc, 0xff, 0x29, 0x86, 0xdc, 0xff,
    0x29, 0x86, 0xdc, 0xff, 0x29, 0x86, 0xdc, 0xff, 0x29, 0x86, 0xdc, 0xff, 0x29, 0x86, 0xdc, 0xff,
    0x29, 0x86, 0xdc, 0xff, 0x29, 0x86, 0xdc, 0xff, 0x29, 0x86, 0xdc, 0xff, 0x29, 0x86, 0xdc, 0xff,
    0x29, 0x86, 0xdc, 0xff, 0x29, 0x86, 0xdc, 0xff, 0x29, 0x86, 0xdc, 0xff, 0x29, 0x86, 0xdc, 0xff,
    0x29, 0x86, 0xdc, 0xff, 0x29, 0x86, 0xdc, 0xff, 0x29, 0x86, 0xdc, 0xff, 0x29, 0x86, 0xdc, 0xff,
    0x29, 0x86, 0xdc, 0xff, 0x29, 0x86, 0xdc, 0xff, 0x29, 0x86, 0xdc, 0xff, 0x29, 0x86, 0xdc, 0xff,
    0x29, 0x86, 0xdc, 0xff, 0x29, 0x86, 0xdc, 0xff, 0x29, 0x86, 0xdc, 0xff, 0x29, 0x86, 0xdc, 0xff,
    0x29, 0x86, 0xdc, 0xff, 0x29, 0x86, 0xdc, 0xff, 0x29, 0x86, 0xdc, 0xff, 0x29, 0x86, 0xdc, 0xff,
    0x29, 0x86, 0xdc, 0xff, 0x86, 0xbb, 0xeb, 0xff, 0xf8, 0xfb, 0xfe, 0xff, 0xff, 0xff, 0xff, 0xff,
    0xff, 0xff, 0xff, 0xff, 0xff, 0xff, 0xff, 0xff, 0xff, 0xff, 0xff, 0xff, 0xff, 0xff, 0xff, 0xff,
    0xc9, 0xe0, 0xf6, 0xff, 0x51, 0x9c, 0xe2, 0xff, 0x29, 0x86, 0xdc, 0xff, 0x29, 0x86, 0xdc, 0xff,
    0x29, 0x86, 0xdc, 0xff, 0x29, 0x86, 0xdc, 0xff, 0x29, 0x86, 0xdc, 0xff, 0x29, 0x86, 0xdc, 0xff,
    0x29, 0x86, 0xdc, 0xff, 0x29, 0x86, 0xdc, 0xff, 0x29, 0x86, 0xdc, 0xff, 0x29, 0x86, 0xdc, 0xff,
    0x29, 0x86, 0xdc, 0xff, 0x29, 0x86, 0xdc, 0xff, 0x29, 0x86, 0xdc, 0xff, 0x29, 0x86, 0xdc, 0xff,
    0x29, 0x86, 0xdc, 0xff, 0x29, 0x86, 0xdc, 0xff, 0x29, 0x86, 0xdc, 0xff, 0x29, 0x86, 0xdc, 0xff,
    0x29, 0x86, 0xdc, 0xff, 0x29, 0x86, 0xdc, 0xff, 0x29, 0x86, 0xdc, 0xff, 0x29, 0x86, 0xdc, 0xff,
    0x29, 0x86, 0xdc, 0xff, 0x29, 0x86, 0xdc, 0xff, 0x29, 0x86, 0xdc, 0xff, 0x29, 0x86, 0xdc, 0xff,
    0x29, 0x86, 0xdc, 0xff, 0x29, 0x86, 0xdc, 0xff, 0x29, 0x86, 0xdc, 0xff, 0x29, 0x86, 0xdc, 0xff,
    0x29, 0x86, 0xdc, 0xff, 0x29, 0x86, 0xdc, 0xff, 0x29, 0x86, 0xdc, 0xff, 0x29, 0x86, 0xdc, 0xff,
    0x29, 0x86, 0xdc, 0xff, 0x29, 0x86, 0xdc, 0xff, 0x29, 0x86, 0xdc, 0xff, 0x29, 0x86, 0xdc, 0xff,
    0x29, 0x86, 0xdc, 0xff, 0x29, 0x86, 0xdc, 0x83, 0x28, 0x86, 0xdd, 0xab, 0x29, 0x86, 0xdc, 0xff,
    0x29, 0x86, 0xdc, 0xff, 0x29, 0x86, 0xdc, 0xff, 0x29, 0x86, 0xdc, 0xff, 0x29, 0x86, 0xdc, 0xff,
    0x29, 0x86, 0xdc, 0xff, 0x29, 0x86, 0xdc, 0xff, 0x29, 0x86, 0xdc, 0xff, 0x29, 0x86, 0xdc, 0xff,
    0x29, 0x86, 0xdc, 0xff, 0x29, 0x86, 0xdc, 0xff, 0x29, 0x86, 0xdc, 0xff, 0x29, 0x86, 0xdc, 0xff,
    0x29, 0x86, 0xdc, 0xff, 0x29, 0x86, 0xdc, 0xff, 0x29, 0x86, 0xdc, 0xff, 0x29, 0x86, 0xdc, 0xff,
    0x29, 0x86, 0xdc, 0xff, 0x29, 0x86, 0xdc, 0xff, 0x29, 0x86, 0xdc, 0xff, 0x29, 0x86, 0xdc, 0xff,
    0x29, 0x86, 0xdc, 0xff, 0x29, 0x86, 0xdc, 0xff, 0x29, 0x86, 0xdc, 0xff, 0x29, 0x86, 0xdc, 0xff,
    0x29, 0x86, 0xdc, 0xff, 0x29, 0x86, 0xdc, 0xff, 0x29, 0x86, 0xdc, 0xff, 0x29, 0x86, 0xdc, 0xff,
    0x29, 0x86, 0xdc, 0xff, 0x29, 0x86, 0xdc, 0xff, 0x29, 0x86, 0xdc, 0xff, 0x29, 0x86, 0xdc, 0xff,
    0x29, 0x86, 0xdc, 0xff, 0x29, 0x86, 0xdc, 0xff, 0x29, 0x86, 0xdc, 0xff, 0x5b, 0xa2, 0xe4, 0xff,
    0xd0, 0xe4, 0xf7, 0xff, 0xff, 0xff, 0xff, 0xff, 0xff, 0xff, 0xff, 0xff, 0xff, 0xff, 0xff, 0xff,
    0xff, 0xff, 0xff, 0xff, 0xff, 0xff, 0xff, 0xff, 0xff, 0xff, 0xff, 0xff, 0xff, 0xff, 0xff, 0xff,
    0xff, 0xff, 0xff, 0xff, 0xf5, 0xf9, 0xfd, 0xff, 0x4a, 0x98, 0xe1, 0xff, 0x29, 0x86, 0xdc, 0xff,
    0x29, 0x86, 0xdc, 0xff, 0x29, 0x86, 0xdc, 0xff, 0x29, 0x86, 0xdc, 0xff, 0x29, 0x86, 0xdc, 0xff,
    0x29, 0x86, 0xdc, 0xff, 0x29, 0x86, 0xdc, 0xff, 0x29, 0x86, 0xdc, 0xff, 0x29, 0x86, 0xdc, 0xff,
    0x29, 0x86, 0xdc, 0xff, 0x29, 0x86, 0xdc, 0xff, 0x29, 0x86, 0xdc, 0xff, 0x29, 0x86, 0xdc, 0xff,
    0x29, 0x86, 0xdc, 0xff, 0x29, 0x86, 0xdc, 0xff, 0x29, 0x86, 0xdc, 0xff, 0x29, 0x86, 0xdc, 0xff,
    0x29, 0x86, 0xdc, 0xff, 0x29, 0x86, 0xdc, 0xff, 0x29, 0x86, 0xdc, 0xff, 0x29, 0x86, 0xdc, 0xff,
    0x29, 0x86, 0xdc, 0xff, 0x29, 0x86, 0xdc, 0xff, 0x29, 0x86, 0xdc, 0xff, 0x29, 0x86, 0xdc, 0xff,
    0x29, 0x86, 0xdc, 0xff, 0x29, 0x86, 0xdc, 0xff, 0x29, 0x86, 0xdc, 0xff, 0x29, 0x86, 0xdc, 0xff,
    0x29, 0x86, 0xdc, 0xff, 0x29, 0x86, 0xdc, 0xff, 0x8d, 0xbe, 0xec, 0xff, 0xff, 0xff, 0xff, 0xff,
    0xff, 0xff, 0xff, 0xff, 0xff, 0xff, 0xff, 0xff, 0xff, 0xff, 0xff, 0xff, 0xff, 0xff, 0xff, 0xff,
    0xff, 0xff, 0xff, 0xff, 0xff, 0xff, 0xff, 0xff, 0xff, 0xff, 0xff, 0xff, 0xfb, 0xfd, 0xfe, 0xff,
    0xa8, 0xce, 0xf0, 0xff, 0x3d, 0x91, 0xdf, 0xff, 0x29, 0x86, 0xdc, 0xff, 0x29, 0x86, 0xdc, 0xff,
    0x29, 0x86, 0xdc, 0xff, 0x29, 0x86, 0xdc, 0xff, 0x29, 0x86, 0xdc, 0xff, 0x29, 0x86, 0xdc, 0xff,
    0x29, 0x86, 0xdc, 0xff, 0x29, 0x86, 0xdc, 0xff, 0x29, 0x86, 0xdc, 0xff, 0x29, 0x86, 0xdc, 0xff,
    0x29, 0x86, 0xdc, 0xff, 0x29, 0x86, 0xdc, 0xff, 0x29, 0x86, 0xdc, 0xff, 0x29, 0x86, 0xdc, 0xff,
    0x29, 0x86, 0xdc, 0xff, 0x29, 0x86, 0xdc, 0xff, 0x29, 0x86, 0xdc, 0xff, 0x29, 0x86, 0xdc, 0xff,
    0x29, 0x86, 0xdc, 0xff, 0x29, 0x86, 0xdc, 0xff, 0x29, 0x86, 0xdc, 0xff, 0x29, 0x86, 0xdc, 0xff,
    0x29, 0x86, 0xdc, 0xff, 0x29, 0x86, 0xdc, 0xff, 0x29, 0x86, 0xdc, 0xff, 0x29, 0x86, 0xdc, 0xff,
    0x29, 0x86, 0xdc, 0xff, 0x29, 0x86, 0xdc, 0xff, 0x29, 0x86, 0xdc, 0xff, 0x29, 0x86, 0xdc, 0xff,
    0x29, 0x86, 0xdc, 0xff, 0x29, 0x86, 0xdc, 0xff, 0x29, 0x86, 0xdc, 0xff, 0x29, 0x86, 0xdc, 0xff,
    0x29, 0x86, 0xdc, 0xff, 0x29, 0x86, 0xdc, 0xff, 0x29, 0x86, 0xdc, 0xff, 0x29, 0x86, 0xdc, 0xaf,
    0x29, 0x85, 0xdb, 0xcf, 0x29, 0x86, 0xdc, 0xff, 0x29, 0x86, 0xdc, 0xff, 0x29, 0x86, 0xdc, 0xff,
    0x29, 0x86, 0xdc, 0xff, 0x29, 0x86, 0xdc, 0xff, 0x29, 0x86, 0xdc, 0xff, 0x29, 0x86, 0xdc, 0xff,
    0x29, 0x86, 0xdc, 0xff, 0x29, 0x86, 0xdc, 0xff, 0x29, 0x86, 0xdc, 0xff, 0x29, 0x86, 0xdc, 0xff,
    0x29, 0x86, 0xdc, 0xff, 0x29, 0x86, 0xdc, 0xff, 0x29, 0x86, 0xdc, 0xff, 0x29, 0x86, 0xdc, 0xff,
    0x29, 0x86, 0xdc, 0xff, 0x29, 0x86, 0xdc, 0xff, 0x29, 0x86, 0xdc, 0xff, 0x29, 0x86, 0xdc, 0xff,
    0x29, 0x86, 0xdc, 0xff, 0x29, 0x86, 0xdc, 0xff, 0x29, 0x86, 0xdc, 0xff, 0x29, 0x86, 0xdc, 0xff,
    0x29, 0x86, 0xdc, 0xff, 0x29, 0x86, 0xdc, 0xff, 0x29, 0x86, 0xdc, 0xff, 0x29, 0x86, 0xdc, 0xff,
    0x29, 0x86, 0xdc, 0xff, 0x29, 0x86, 0xdc, 0xff, 0x29, 0x86, 0xdc, 0xff, 0x29, 0x86, 0xdc, 0xff,
    0x29, 0x86, 0xdc, 0xff, 0x29, 0x86, 0xdc, 0xff, 0x29, 0x86, 0xdc, 0xff, 0x40, 0x93, 0xdf, 0xff,
    0xb2, 0xd3, 0xf2, 0xff, 0xff, 0xff, 0xff, 0xff, 0xff, 0xff, 0xff, 0xff, 0xff, 0xff, 0xff, 0xff,
    0xff, 0xff, 0xff, 0xff, 0xff, 0xff, 0xff, 0xff, 0xff, 0xff, 0xff, 0xff, 0xff, 0xff, 0xff, 0xff,
    0xff, 0xff, 0xff, 0xff, 0xff, 0xff, 0xff, 0xff, 0xff, 0xff, 0xff, 0xff, 0xff, 0xff, 0xff, 0xff,
    0xc6, 0xde, 0xf5, 0xff, 0x29, 0x86, 0xdc, 0xff, 0x29, 0x86, 0xdc, 0xff, 0x29, 0x86, 0xdc, 0xff,
    0x29, 0x86, 0xdc, 0xff, 0x29, 0x86, 0xdc, 0xff, 0x29, 0x86, 0xdc, 0xff, 0x29, 0x86, 0xdc, 0xff,
    0x29, 0x86, 0xdc, 0xff, 0x29, 0x86, 0xdc, 0xff, 0x29, 0x86, 0xdc, 0xff, 0x29, 0x86, 0xdc, 0xff,
    0x29, 0x86, 0xdc, 0xff, 0x29, 0x86, 0xdc, 0xff, 0x29, 0x86, 0xdc, 0xff, 0x29, 0x86, 0xdc, 0xff,
    0x29, 0x86, 0xdc, 0xff, 0x29, 0x86, 0xdc, 0xff, 0x29, 0x86, 0xdc, 0xff, 0x29, 0x86, 0xdc, 0xff,
    0x29, 0x86, 0xdc, 0xff, 0x29, 0x86, 0xdc, 0xff, 0x29, 0x86, 0xdc, 0xff, 0x29, 0x86, 0xdc, 0xff,
    0x29, 0x86, 0xdc, 0xff, 0x29, 0x86, 0xdc, 0xff, 0x29, 0x86, 0xdc, 0xff, 0x29, 0x86, 0xdc, 0xff,
    0x29, 0x86, 0xdc, 0xff, 0x29, 0x86, 0xdc, 0xff, 0x29, 0x86, 0xdc, 0xff, 0x43, 0x95, 0xe0, 0xff,
    0xf8, 0xfb, 0xfe, 0xff, 0xff, 0xff, 0xff, 0xff, 0xff, 0xff, 0xff, 0xff, 0xff, 0xff, 0xff, 0xff,
    0xff, 0xff, 0xff, 0xff, 0xff, 0xff, 0xff, 0xff, 0xff, 0xff, 0xff, 0xff, 0xff, 0xff, 0xff, 0xff,
    0xff, 0xff, 0xff, 0xff, 0xff, 0xff, 0xff, 0xff, 0xff, 0xff, 0xff, 0xff, 0xf1, 0xf7, 0xfc, 0xff,
    0x86, 0xbb, 0xeb, 0xff, 0x2f, 0x89, 0xdd, 0xff, 0x29, 0x86, 0xdc, 0xff, 0x29, 0x86, 0xdc, 0xff,
    0x29, 0x86, 0xdc, 0xff, 0x29, 0x86, 0xdc, 0xff, 0x29, 0x86, 0xdc, 0xff, 0x29, 0x86, 0xdc, 0xff,
    0x29, 0x86, 0xdc, 0xff, 0x29, 0x86, 0xdc, 0xff, 0x29, 0x86, 0xdc, 0xff, 0x29, 0x86, 0xdc, 0xff,
    0x29, 0x86, 0xdc, 0xff, 0x29, 0x86, 0xdc, 0xff, 0x29, 0x86, 0xdc, 0xff, 0x29, 0x86, 0xdc, 0xff,
    0x29, 0x86, 0xdc, 0xff, 0x29, 0x86, 0xdc, 0xff, 0x29, 0x86, 0xdc, 0xff, 0x29, 0x86, 0xdc, 0xff,
    0x29, 0x86, 0xdc, 0xff, 0x29, 0x86, 0xdc, 0xff, 0x29, 0x86, 0xdc, 0xff, 0x29, 0x86, 0xdc, 0xff,
    0x29, 0x86, 0xdc, 0xff, 0x29, 0x86, 0xdc, 0xff, 0x29, 0x86, 0xdc, 0xff, 0x29, 0x86, 0xdc, 0xff,
    0x29, 0x86, 0xdc, 0xff, 0x29, 0x86, 0xdc, 0xff, 0x29, 0x86, 0xdc, 0xff, 0x29, 0x86, 0xdc, 0xff,
    0x29, 0x86, 0xdc, 0xff, 0x29, 0x86, 0xdc, 0xff, 0x29, 0x86, 0xdc, 0xff, 0x29, 0x86, 0xdc, 0xff,
    0x29, 0x86, 0xdc, 0xff, 0x28, 0x85, 0xdc, 0xcb, 0x28, 0x86, 0xdc, 0xe3, 0x29, 0x86, 0xdc, 0xff,
    0x29, 0x86, 0xdc, 0xff, 0x29, 0x86, 0xdc, 0xff, 0x29, 0x86, 0xdc, 0xff, 0x29, 0x86, 0xdc, 0xff,
    0x29, 0x86, 0xdc, 0xff, 0x29, 0x86, 0xdc, 0xff, 0x29, 0x86, 0xdc, 0xff, 0x29, 0x86, 0xdc, 0xff,
    0x29, 0x86, 0xdc, 0xff, 0x29, 0x86, 0xdc, 0xff, 0x29, 0x86, 0xdc, 0xff, 0x29, 0x86, 0xdc, 0xff,
    0x29, 0x86, 0xdc, 0xff, 0x29, 0x86, 0xdc, 0xff, 0x29, 0x86, 0xdc, 0xff, 0x29, 0x86, 0xdc, 0xff,
    0x29, 0x86, 0xdc, 0xff, 0x29, 0x86, 0xdc, 0xff, 0x29, 0x86, 0xdc, 0xff, 0x29, 0x86, 0xdc, 0xff,
    0x29, 0x86, 0xdc, 0xff, 0x29, 0x86, 0xdc, 0xff, 0x29, 0x86, 0xdc, 0xff, 0x29, 0x86, 0xdc, 0xff,
    0x29, 0x86, 0xdc, 0xff, 0x29, 0x86, 0xdc, 0xff, 0x29, 0x86, 0xdc, 0xff, 0x29, 0x86, 0xdc, 0xff,
    0x29, 0x86, 0xdc, 0xff, 0x29, 0x86, 0xdc, 0xff, 0x29, 0x86, 0xdc, 0xff, 0x29, 0x86, 0xdc, 0xff,
    0x83, 0xb9, 0xea, 0xff, 0xf8, 0xfb, 0xfe, 0xff, 0xff, 0xff, 0xff, 0xff, 0xff, 0xff, 0xff, 0xff,
    0xff, 0xff, 0xff, 0xff, 0xff, 0xff, 0xff, 0xff, 0xff, 0xff, 0xff, 0xff, 0xff, 0xff, 0xff, 0xff,
    0xff, 0xff, 0xff, 0xff, 0xff, 0xff, 0xff, 0xff, 0xff, 0xff, 0xff, 0xff, 0xff, 0xff, 0xff, 0xff,
    0xff, 0xff, 0xff, 0xff, 0xff, 0xff, 0xff, 0xff, 0xe7, 0xf1, 0xfb, 0xff, 0x29, 0x86, 0xdc, 0xff,
    0x29, 0x86, 0xdc, 0xff, 0x29, 0x86, 0xdc, 0xff, 0x29, 0x86, 0xdc, 0xff, 0x29, 0x86, 0xdc, 0xff,
    0x29, 0x86, 0xdc, 0xff, 0x29, 0x86, 0xdc, 0xff, 0x29, 0x86, 0xdc, 0xff, 0x29, 0x86, 0xdc, 0xff,
    0x29, 0x86, 0xdc, 0xff, 0x29, 0x86, 0xdc, 0xff, 0x29, 0x86, 0xdc, 0xff, 0x29, 0x86, 0xdc, 0xff,
    0x29, 0x86, 0xdc, 0xff, 0x29, 0x86, 0xdc, 0xff, 0x29, 0x86, 0xdc, 0xff, 0x29, 0x86, 0xdc, 0xff,
    0x29, 0x86, 0xdc, 0xff, 0x29, 0x86, 0xdc, 0xff, 0x29, 0x86, 0xdc, 0xff, 0x29, 0x86, 0xdc, 0xff,
    0x29, 0x86, 0xdc, 0xff, 0x29, 0x86, 0xdc, 0xff, 0x29, 0x86, 0xdc, 0xff, 0x29, 0x86, 0xdc, 0xff,
    0x29, 0x86, 0xdc, 0xff, 0x29, 0x86, 0xdc, 0xff, 0x29, 0x86, 0xdc, 0xff, 0x29, 0x86, 0xdc, 0xff,
    0x29, 0x86, 0xdc, 0xff, 0x5b, 0xa2, 0xe4, 0xff, 0xff, 0xff, 0xff, 0xff, 0xff, 0xff, 0xff, 0xff,
    0xff, 0xff, 0xff, 0xff, 0xff, 0xff, 0xff, 0xff, 0xff, 0xff, 0xff, 0xff, 0xff, 0xff, 0xff, 0xff,
    0xff, 0xff, 0xff, 0xff, 0xff, 0xff, 0xff, 0xff, 0xff, 0xff, 0xff, 0xff, 0xff, 0xff, 0xff, 0xff,
    0xff, 0xff, 0xff, 0xff, 0xff, 0xff, 0xff, 0xff, 0xff, 0xff, 0xff, 0xff, 0xda, 0xea, 0xf9, 0xff,
    0x47, 0x97, 0xe0, 0xff, 0x29, 0x86, 0xdc, 0xff, 0x29, 0x86, 0xdc, 0xff, 0x29, 0x86, 0xdc, 0xff,
    0x29, 0x86, 0xdc, 0xff, 0x29, 0x86, 0xdc, 0xff, 0x29, 0x86, 0xdc, 0xff, 0x29, 0x86, 0xdc, 0xff,
    0x29, 0x86, 0xdc, 0xff, 0x29, 0x86, 0xdc, 0xff, 0x29, 0x86, 0xdc, 0xff, 0x29, 0x86, 0xdc, 0xff,
    0x29, 0x86, 0xdc, 0xff, 0x29, 0x86, 0xdc, 0xff, 0x29, 0x86, 0xdc, 0xff, 0x29, 0x86, 0xdc, 0xff,
    0x29, 0x86, 0xdc, 0xff, 0x29, 0x86, 0xdc, 0xff, 0x29, 0x86, 0xdc, 0xff, 0x29, 0x86, 0xdc, 0xff,
    0x29, 0x86, 0xdc, 0xff, 0x29, 0x86, 0xdc, 0xff, 0x29, 0x86, 0xdc, 0xff, 0x29, 0x86, 0xdc, 0xff,
    0x29, 0x86, 0xdc, 0xff, 0x29, 0x86, 0xdc, 0xff, 0x29, 0x86, 0xdc, 0xff, 0x29, 0x86, 0xdc, 0xff,
    0x29, 0x86, 0xdc, 0xff, 0x29, 0x86, 0xdc, 0xff, 0x29, 0x86, 0xdc, 0xff, 0x29, 0x86, 0xdc, 0xff,
    0x29, 0x86, 0xdc, 0xff, 0x29, 0x86, 0xdc, 0xff, 0x29, 0x86, 0xdc, 0xff, 0x29, 0x86, 0xdc, 0xe7,
    0x28, 0x86, 0xdc, 0xf7, 0x29, 0x86, 0xdc, 0xff, 0x29, 0x86, 0xdc, 0xff, 0x29, 0x86, 0xdc, 0xff,
    0x29, 0x86, 0xdc, 0xff, 0x29, 0x86, 0xdc, 0xff, 0x29, 0x86, 0xdc, 0xff, 0x29, 0x86, 0xdc, 0xff,
    0x29, 0x86, 0xdc, 0xff, 0x29, 0x86, 0xdc, 0xff, 0x29, 0x86, 0xdc, 0xff, 0x29, 0x86, 0xdc, 0xff,
    0x29, 0x86, 0xdc, 0xff, 0x29, 0x86, 0xdc, 0xff, 0x29, 0x86, 0xdc, 0xff, 0x29, 0x86, 0xdc, 0xff,
    0x29, 0x86, 0xdc, 0xff, 0x29, 0x86, 0xdc, 0xff, 0x29, 0x86, 0xdc, 0xff, 0x29, 0x86, 0xdc, 0xff,
    0x29, 0x86, 0xdc, 0xff, 0x29, 0x86, 0xdc, 0xff, 0x29, 0x86, 0xdc, 0xff, 0x29, 0x86, 0xdc, 0xff,
    0x29, 0x86, 0xdc, 0xff, 0x29, 0x86, 0xdc, 0xff, 0x29, 0x86, 0xdc, 0xff, 0x29, 0x86, 0xdc, 0xff,
    0x29, 0x86, 0xdc, 0xff, 0x29, 0x86, 0xdc, 0xff, 0x29, 0x86, 0xdc, 0xff, 0x29, 0x86, 0xdc, 0xff,
    0x29, 0x86, 0xdc, 0xff, 0x83, 0xb9, 0xea, 0xff, 0xff, 0xff, 0xff, 0xff, 0xff, 0xff, 0xff, 0xff,
    0xff, 0xff, 0xff, 0xff, 0xff, 0xff, 0xff, 0xff, 0xff, 0xff, 0xff, 0xff, 0xff, 0xff, 0xff, 0xff,
    0xff, 0xff, 0xff, 0xff, 0xff, 0xff, 0xff, 0xff, 0xff, 0xff, 0xff, 0xff, 0xff, 0xff, 0xff, 0xff,
    0xff, 0xff, 0xff, 0xff, 0xff, 0xff, 0xff, 0xff, 0xff, 0xff, 0xff, 0xff, 0xff, 0xff, 0xff, 0xff,
    0x8d, 0xbe, 0xec, 0xff, 0x29, 0x86, 0xdc, 0xff, 0x29, 0x86, 0xdc, 0xff, 0x29, 0x86, 0xdc, 0xff,
    0x29, 0x86, 0xdc, 0xff, 0x29, 0x86, 0xdc, 0xff, 0x29, 0x86, 0xdc, 0xff, 0x29, 0x86, 0xdc, 0xff,
    0x29, 0x86, 0xdc, 0xff, 0x29, 0x86, 0xdc, 0xff, 0x29, 0x86, 0xdc, 0xff, 0x29, 0x86, 0xdc, 0xff,
    0x29, 0x86, 0xdc, 0xff, 0x29, 0x86, 0xdc, 0xff, 0x29, 0x86, 0xdc, 0xff, 0x29, 0x86, 0xdc, 0xff,
    0x29, 0x86, 0xdc, 0xff, 0x29, 0x86, 0xdc, 0xff, 0x29, 0x86, 0xdc, 0xff, 0x29, 0x86, 0xdc, 0xff,
    0x29, 0x86, 0xdc, 0xff, 0x29, 0x86, 0xdc, 0xff, 0x29, 0x86, 0xdc, 0xff, 0x29, 0x86, 0xdc, 0xff,
    0x29, 0x86, 0xdc, 0xff, 0x29, 0x86, 0xdc, 0xff, 0x29, 0x86, 0xdc, 0xff, 0x29, 0x86, 0xdc, 0xff,
    0x29, 0x86, 0xdc, 0xff, 0x29, 0x86, 0xdc, 0xff, 0x29, 0x86, 0xdc, 0xff, 0x2c, 0x88, 0xdc, 0xff,
    0xcc, 0xe2, 0xf7, 0xff, 0xff, 0xff, 0xff, 0xff, 0xff, 0xff, 0xff, 0xff, 0xff, 0xff, 0xff, 0xff,
    0xff, 0xff, 0xff, 0xff, 0xff, 0xff, 0xff, 0xff, 0xff, 0xff, 0xff, 0xff, 0xff, 0xff, 0xff, 0xff,
    0xff, 0xff, 0xff, 0xff, 0xff, 0xff, 0xff, 0xff, 0xff, 0xff, 0xff, 0xff, 0xff, 0xff, 0xff, 0xff,
    0xff, 0xff, 0xff, 0xff, 0xff, 0xff, 0xff, 0xff, 0xea, 0xf3, 0xfb, 0xff, 0x43, 0x95, 0xe0, 0xff,
    0x29, 0x86, 0xdc, 0xff, 0x29, 0x86, 0xdc, 0xff, 0x29, 0x86, 0xdc, 0xff, 0x29, 0x86, 0xdc, 0xff,
    0x29, 0x86, 0xdc, 0xff, 0x29, 0x86, 0xdc, 0xff, 0x29, 0x86, 0xdc, 0xff, 0x29, 0x86, 0xdc, 0xff,
    0x29, 0x86, 0xdc, 0xff, 0x29, 0x86, 0xdc, 0xff, 0x29, 0x86, 0xdc, 0xff, 0x29, 0x86, 0xdc, 0xff,
    0x29, 0x86, 0xdc, 0xff, 0x29, 0x86, 0xdc, 0xff, 0x29, 0x86, 0xdc, 0xff, 0x29, 0x86, 0xdc, 0xff,
    0x29, 0x86, 0xdc, 0xff, 0x29, 0x86, 0xdc, 0xff, 0x29, 0x86, 0xdc, 0xff, 0x29, 0x86, 0xdc, 0xff,
    0x29, 0x86, 0xdc, 0xff, 0x29, 0x86, 0xdc, 0xff, 0x29, 0x86, 0xdc, 0xff, 0x29, 0x86, 0xdc, 0xff,
    0x29, 0x86, 0xdc, 0xff, 0x29, 0x86, 0xdc, 0xff, 0x29, 0x86, 0xdc, 0xff, 0x29, 0x86, 0xdc, 0xff,
    0x29, 0x86, 0xdc, 0xff, 0x29, 0x86, 0xdc, 0xff, 0x29, 0x86, 0xdc, 0xff, 0x29, 0x86, 0xdc, 0xff,
    0x29, 0x86, 0xdc, 0xff, 0x28, 0x85, 0xdc, 0xf7, 0x29, 0x86, 0xdc, 0xff, 0x29, 0x86, 0xdc, 0xff,
    0x29, 0x86, 0xdc, 0xff, 0x29, 0x86, 0xdc, 0xff, 0x29, 0x86, 0xdc, 0xff, 0x29, 0x86, 0xdc, 0xff,
    0x29, 0x86, 0xdc, 0xff, 0x29, 0x86, 0xdc, 0xff, 0x29, 0x86, 0xdc, 0xff, 0x29, 0x86, 0xdc, 0xff,
    0x29, 0x86, 0xdc, 0xff, 0x29, 0x86, 0xdc, 0xff, 0x29, 0x86, 0xdc, 0xff, 0x29, 0x86, 0xdc, 0xff,
    0x29, 0x86, 0xdc, 0xff, 0x29, 0x86, 0xdc, 0xff, 0x29, 0x86, 0xdc, 0xff, 0x29, 0x86, 0xdc, 0xff,
    0x29, 0x86, 0xdc, 0xff, 0x29, 0x86, 0xdc, 0xff, 0x29, 0x86, 0xdc, 0xff, 0x29, 0x86, 0xdc, 0xff,
    0x29, 0x86, 0xdc, 0xff, 0x29, 0x86, 0xdc, 0xff, 0x29, 0x86, 0xdc, 0xff, 0x29, 0x86, 0xdc, 0xff,
    0x29, 0x86, 0xdc, 0xff, 0x29, 0x86, 0xdc, 0xff, 0x29, 0x86, 0xdc, 0xff, 0x29, 0x86, 0xdc, 0xff,
    0x29, 0x86, 0xdc, 0xff, 0x29, 0x86, 0xdc, 0xff, 0x3d, 0x91, 0xdf, 0xff, 0xf8, 0xfb, 0xfe, 0xff,
    0xff, 0xff, 0xff, 0xff, 0xff, 0xff, 0xff, 0xff, 0xff, 0xff, 0xff, 0xff, 0xff, 0xff, 0xff, 0xff,
    0xff, 0xff, 0xff, 0xff, 0xff, 0xff, 0xff, 0xff, 0xff, 0xff, 0xff, 0xff, 0xff, 0xff, 0xff, 0xff,
    0xff, 0xff, 0xff, 0xff, 0xff, 0xff, 0xff, 0xff, 0xff, 0xff, 0xff, 0xff, 0xff, 0xff, 0xff, 0xff,
    0xda, 0xea, 0xf9, 0xff, 0x5e, 0xa4, 0xe4, 0xff, 0x29, 0x86, 0xdc, 0xff, 0x29, 0x86, 0xdc, 0xff,
    0x29, 0x86, 0xdc, 0xff, 0x29, 0x86, 0xdc, 0xff, 0x29, 0x86, 0xdc, 0xff, 0x29, 0x86, 0xdc, 0xff,
    0x29, 0x86, 0xdc, 0xff, 0x29, 0x86, 0xdc, 0xff, 0x29, 0x86, 0xdc, 0xff, 0x29, 0x86, 0xdc, 0xff,
    0x29, 0x86, 0xdc, 0xff, 0x29, 0x86, 0xdc, 0xff, 0x29, 0x86, 0xdc, 0xff, 0x29, 0x86, 0xdc, 0xff,
    0x29, 0x86, 0xdc, 0xff, 0x29, 0x86, 0xdc, 0xff, 0x29, 0x86, 0xdc, 0xff, 0x29, 0x86, 0xdc, 0xff,
    0x29, 0x86, 0xdc, 0xff, 0x29, 0x86, 0xdc, 0xff, 0x29, 0x86, 0xdc, 0xff, 0x29, 0x86, 0xdc, 0xff,
    0x29, 0x86, 0xdc, 0xff, 0x29, 0x86, 0xdc, 0xff, 0x29, 0x86, 0xdc, 0xff, 0x29, 0x86, 0xdc, 0xff,
    0x29, 0x86, 0xdc, 0xff, 0x29, 0x86, 0xdc, 0xff, 0x29, 0x86, 0xdc, 0xff, 0x29, 0x86, 0xdc, 0xff,
    0x29, 0x86, 0xdc, 0xff, 0x29, 0x86, 0xdc, 0xff, 0x2f, 0x89, 0xdd, 0xff, 0x86, 0xba, 0xeb, 0xff,
    0xf5, 0xf9, 0xfd, 0xff, 0xff, 0xff, 0xff, 0xff, 0xff, 0xff, 0xff, 0xff, 0xff, 0xff, 0xff, 0xff,
    0xff, 0xff, 0xff, 0xff, 0xff, 0xff, 0xff, 0xff, 0xff, 0xff, 0xff, 0xff, 0xff, 0xff, 0xff, 0xff,
    0xff, 0xff, 0xff, 0xff, 0xff, 0xff, 0xff, 0xff, 0xff, 0xff, 0xff, 0xff, 0xff, 0xff, 0xff, 0xff,
    0xff, 0xff, 0xff, 0xff, 0xc6, 0xdf, 0xf5, 0xff, 0x29, 0x86, 0xdc, 0xff, 0x29, 0x86, 0xdc, 0xff,
    0x29, 0x86, 0xdc, 0xff, 0x29, 0x86, 0xdc, 0xff, 0x29, 0x86, 0xdc, 0xff, 0x29, 0x86, 0xdc, 0xff,
    0x29, 0x86, 0xdc, 0xff, 0x29, 0x86, 0xdc, 0xff, 0x29, 0x86, 0xdc, 0xff, 0x29, 0x86, 0xdc, 0xff,
    0x29, 0x86, 0xdc, 0xff, 0x29, 0x86, 0xdc, 0xff, 0x29, 0x86, 0xdc, 0xff, 0x29, 0x86, 0xdc, 0xff,
    0x29, 0x86, 0xdc, 0xff, 0x29, 0x86, 0xdc, 0xff, 0x29, 0x86, 0xdc, 0xff, 0x29, 0x86, 0xdc, 0xff,
    0x29, 0x86, 0xdc, 0xff, 0x29, 0x86, 0xdc, 0xff, 0x29, 0x86, 0xdc, 0xff, 0x29, 0x86, 0xdc, 0xff,
    0x29, 0x86, 0xdc, 0xff, 0x29, 0x86, 0xdc, 0xff, 0x29, 0x86, 0xdc, 0xff, 0x29, 0x86, 0xdc, 0xff,
    0x29, 0x86, 0xdc, 0xff, 0x29, 0x86, 0xdc, 0xff, 0x29, 0x86, 0xdc, 0xff, 0x29, 0x86, 0xdc, 0xff,
    0x29, 0x86, 0xdc, 0xff, 0x29, 0x86, 0xdc, 0xff, 0x29, 0x86, 0xdc, 0xff, 0x29, 0x86, 0xdc, 0xff,
    0x29, 0x86, 0xdc, 0xff, 0x29, 0x86, 0xdc, 0xff, 0x29, 0x86, 0xdc, 0xff, 0x29, 0x86, 0xdc, 0xff,
    0x29, 0x86, 0xdc, 0xff, 0x29, 0x86, 0xdc, 0xff, 0x29, 0x86, 0xdc, 0xff, 0x29, 0x86, 0xdc, 0xff,
    0x29, 0x86, 0xdc, 0xff, 0x29, 0x86, 0xdc, 0xff, 0x29, 0x86, 0xdc, 0xff, 0x29, 0x86, 0xdc, 0xff,
    0x29, 0x86, 0xdc, 0xff, 0x29, 0x86, 0xdc, 0xff, 0x29, 0x86, 0xdc, 0xff, 0x29, 0x86, 0xdc, 0xff,
    0x29, 0x86, 0xdc, 0xff, 0x29, 0x86, 0xdc, 0xff, 0x29, 0x86, 0xdc, 0xff, 0x29, 0x86, 0xdc, 0xff,
    0x29, 0x86, 0xdc, 0xff, 0x29, 0x86, 0xdc, 0xff, 0x29, 0x86, 0xdc, 0xff, 0x29, 0x86, 0xdc, 0xff,
    0x29, 0x86, 0xdc, 0xff, 0x29, 0x86, 0xdc, 0xff, 0x29, 0x86, 0xdc, 0xff, 0x29, 0x86, 0xdc, 0xff,
    0x29, 0x86, 0xdc, 0xff, 0x29, 0x86, 0xdc, 0xff, 0x29, 0x86, 0xdc, 0xff, 0x29, 0x86, 0xdc, 0xff,
    0x90, 0xc0, 0xec, 0xff, 0xff, 0xff, 0xff, 0xff, 0xff, 0xff, 0xff, 0xff, 0xff, 0xff, 0xff, 0xff,
    0xff, 0xff, 0xff, 0xff, 0xff, 0xff, 0xff, 0xff, 0xff, 0xff, 0xff, 0xff, 0xff, 0xff, 0xff, 0xff,
    0xff, 0xff, 0xff, 0xff, 0xff, 0xff, 0xff, 0xff, 0xff, 0xff, 0xff, 0xff, 0xff, 0xff, 0xff, 0xff,
    0xee, 0xf5, 0xfc, 0xff, 0x7c, 0xb5, 0xea, 0xff, 0x2c, 0x87, 0xdc, 0xff, 0x29, 0x86, 0xdc, 0xff,
    0x29, 0x86, 0xdc, 0xff, 0x29, 0x86, 0xdc, 0xff, 0x29, 0x86, 0xdc, 0xff, 0x29, 0x86, 0xdc, 0xff,
    0x29, 0x86, 0xdc, 0xff, 0x29, 0x86, 0xdc, 0xff, 0x29, 0x86, 0xdc, 0xff, 0x29, 0x86, 0xdc, 0xff,
    0x29, 0x86, 0xdc, 0xff, 0x29, 0x86, 0xdc, 0xff, 0x29, 0x86, 0xdc, 0xff, 0x29, 0x86, 0xdc, 0xff,
    0x29, 0x86, 0xdc, 0xff, 0x29, 0x86, 0xdc, 0xff, 0x29, 0x86, 0xdc, 0xff, 0x29, 0x86, 0xdc, 0xff,
    0x29, 0x86, 0xdc, 0xff, 0x29, 0x86, 0xdc, 0xff, 0x29, 0x86, 0xdc, 0xff, 0x29, 0x86, 0xdc, 0xff,
    0x29, 0x86, 0xdc, 0xff, 0x29, 0x86, 0xdc, 0xff, 0x29, 0x86, 0xdc, 0xff, 0x29, 0x86, 0xdc, 0xff,
    0x29, 0x86, 0xdc, 0xff, 0x29, 0x86, 0xdc, 0xff, 0x29, 0x86, 0xdc, 0xff, 0x29, 0x86, 0xdc, 0xff,
    0x29, 0x86, 0xdc, 0xff, 0x29, 0x86, 0xdc, 0xff, 0x29, 0x86, 0xdc, 0xff, 0x29, 0x86, 0xdc, 0xff,
    0x29, 0x86, 0xdc, 0xff, 0x29, 0x86, 0xdc, 0xff, 0x3d, 0x91, 0xdf, 0xff, 0xa8, 0xcd, 0xf1, 0xff,
    0xff, 0xff, 0xff, 0xff, 0xff, 0xff, 0xff, 0xff, 0xff, 0xff, 0xff, 0xff, 0xff, 0xff, 0xff, 0xff,
    0xff, 0xff, 0xff, 0xff, 0xff, 0xff, 0xff, 0xff, 0xff, 0xff, 0xff, 0xff, 0xff, 0xff, 0xff, 0xff,
    0xff, 0xff, 0xff, 0xff, 0xff, 0xff, 0xff, 0xff, 0xff, 0xff, 0xff, 0xff, 0xff, 0xff, 0xff, 0xff,
    0x44, 0x95, 0xe0, 0xff, 0x29, 0x86, 0xdc, 0xff, 0x29, 0x86, 0xdc, 0xff, 0x29, 0x86, 0xdc, 0xff,
    0x29, 0x86, 0xdc, 0xff, 0x29, 0x86, 0xdc, 0xff, 0x29, 0x86, 0xdc, 0xff, 0x29, 0x86, 0xdc, 0xff,
    0x29, 0x86, 0xdc, 0xff, 0x29, 0x86, 0xdc, 0xff, 0x29, 0x86, 0xdc, 0xff, 0x29, 0x86, 0xdc, 0xff,
    0x29, 0x86, 0xdc, 0xff, 0x29, 0x86, 0xdc, 0xff, 0x29, 0x86, 0xdc, 0xff, 0x29, 0x86, 0xdc, 0xff,
    0x29, 0x86, 0xdc, 0xff, 0x29, 0x86, 0xdc, 0xff, 0x29, 0x86, 0xdc, 0xff, 0x29, 0x86, 0xdc, 0xff,
    0x29, 0x86, 0xdc, 0xff, 0x29, 0x86, 0xdc, 0xff, 0x29, 0x86, 0xdc, 0xff, 0x29, 0x86, 0xdc, 0xff,
    0x29, 0x86, 0xdc, 0xff, 0x29, 0x86, 0xdc, 0xff, 0x29, 0x86, 0xdc, 0xff, 0x29, 0x86, 0xdc, 0xff,
    0x29, 0x86, 0xdc, 0xff, 0x29, 0x86, 0xdc, 0xff, 0x29, 0x86, 0xdc, 0xff, 0x29, 0x86, 0xdc, 0xff,
    0x29, 0x86, 0xdc, 0xff, 0x29, 0x86, 0xdc, 0xff, 0x29, 0x86, 0xdc, 0xff, 0x29, 0x86, 0xdc, 0xff,
    0x29, 0x86, 0xdc, 0xff, 0x29, 0x86, 0xdc, 0xff, 0x29, 0x86, 0xdc, 0xff, 0x29, 0x86, 0xdc, 0xff,
    0x29, 0x86, 0xdc, 0xff, 0x29, 0x86, 0xdc, 0xff, 0x29, 0x86, 0xdc, 0xff, 0x29, 0x86, 0xdc, 0xff,
    0x29, 0x86, 0xdc, 0xff, 0x29, 0x86, 0xdc, 0xff, 0x29, 0x86, 0xdc, 0xff, 0x29, 0x86, 0xdc, 0xff,
    0x29, 0x86, 0xdc, 0xff, 0x29, 0x86, 0xdc, 0xff, 0x29, 0x86, 0xdc, 0xff, 0x29, 0x86, 0xdc, 0xff,
    0x29, 0x86, 0xdc, 0xff, 0x29, 0x86, 0xdc, 0xff, 0x29, 0x86, 0xdc, 0xff, 0x29, 0x86, 0xdc, 0xff,
    0x29, 0x86, 0xdc, 0xff, 0x29, 0x86, 0xdc, 0xff, 0x29, 0x86, 0xdc, 0xff, 0x29, 0x86, 0xdc, 0xff,
    0x29, 0x86, 0xdc, 0xff, 0x29, 0x86, 0xdc, 0xff, 0x29, 0x86, 0xdc, 0xff, 0x29, 0x86, 0xdc, 0xff,
    0x29, 0x86, 0xdc, 0xff, 0x29, 0x86, 0xdc, 0xff, 0xbf, 0xdb, 0xf4, 0xff, 0xff, 0xff, 0xff, 0xff,
    0xff, 0xff, 0xff, 0xff, 0xff, 0xff, 0xff, 0xff, 0xff, 0xff, 0xff, 0xff, 0xff, 0xff, 0xff, 0xff,
    0xff, 0xff, 0xff, 0xff, 0xff, 0xff, 0xff, 0xff, 0xff, 0xff, 0xff, 0xff, 0xff, 0xff, 0xff, 0xff,
    0xfb, 0xfd, 0xfe, 0xff, 0x9e, 0xc8, 0xef, 0xff, 0x36, 0x8d, 0xde, 0xff, 0x29, 0x86, 0xdc, 0xff,
    0x29, 0x86, 0xdc, 0xff, 0x29, 0x86, 0xdc, 0xff, 0x29, 0x86, 0xdc, 0xff, 0x29, 0x86, 0xdc, 0xff,
    0x29, 0x86, 0xdc, 0xff, 0x29, 0x86, 0xdc, 0xff, 0x29, 0x86, 0xdc, 0xff, 0x29, 0x86, 0xdc, 0xff,
    0x29, 0x86, 0xdc, 0xff, 0x2c, 0x87, 0xdc, 0xff, 0x5b, 0xa2, 0xe4, 0xff, 0x83, 0xb9, 0xea, 0xff,
    0xa1, 0xca, 0xef, 0xff, 0xc3, 0xdc, 0xf5, 0xff, 0xda, 0xea, 0xf9, 0xff, 0xee, 0xf5, 0xfc, 0xff,
    0xf8, 0xfb, 0xfe, 0xff, 0xff, 0xff, 0xff, 0xff, 0xff, 0xff, 0xff, 0xff, 0xf8, 0xfb, 0xfe, 0xff,
    0xea, 0xf3, 0xfb, 0xff, 0xdd, 0xec, 0xf9, 0xff, 0xc3, 0xdc, 0xf5, 0xff, 0xa5, 0xcb, 0xf0, 0xff,
    0x83, 0xb9, 0xea, 0xff, 0x57, 0xa0, 0xe3, 0xff, 0x2f, 0x89, 0xdd, 0xff, 0x29, 0x86, 0xdc, 0xff,
    0x29, 0x86, 0xdc, 0xff, 0x29, 0x86, 0xdc, 0xff, 0x29, 0x86, 0xdc, 0xff, 0x29, 0x86, 0xdc, 0xff,
    0x29, 0x86, 0xdc, 0xff, 0x29, 0x86, 0xdc, 0xff, 0x29, 0x86, 0xdc, 0xff, 0x29, 0x86, 0xdc, 0xff,
    0x29, 0x86, 0xdc, 0xff, 0x29, 0x86, 0xdc, 0xff, 0x51, 0x9c, 0xe2, 0xff, 0xcc, 0xe2, 0xf7, 0xff,
    0xff, 0xff, 0xff, 0xff, 0xff, 0xff, 0xff, 0xff, 0xff, 0xff, 0xff, 0xff, 0xff, 0xff, 0xff, 0xff,
    0xff, 0xff, 0xff, 0xff, 0xff, 0xff, 0xff, 0xff, 0xff, 0xff, 0xff, 0xff, 0xff, 0xff, 0xff, 0xff,
    0xff, 0xff, 0xff, 0xff, 0xff, 0xff, 0xff, 0xff, 0x72, 0xaf, 0xe8, 0xff, 0x29, 0x86, 0xdc, 0xff,
    0x29, 0x86, 0xdc, 0xff, 0x29, 0x86, 0xdc, 0xff, 0x29, 0x86, 0xdc, 0xff, 0x29, 0x86, 0xdc, 0xff,
    0x29, 0x86, 0xdc, 0xff, 0x29, 0x86, 0xdc, 0xff, 0x29, 0x86, 0xdc, 0xff, 0x29, 0x86, 0xdc, 0xff,
    0x29, 0x86, 0xdc, 0xff, 0x29, 0x86, 0xdc, 0xff, 0x29, 0x86, 0xdc, 0xff, 0x29, 0x86, 0xdc, 0xff,
    0x29, 0x86, 0xdc, 0xff, 0x29, 0x86, 0xdc, 0xff, 0x29, 0x86, 0xdc, 0xff, 0x29, 0x86, 0xdc, 0xff,
    0x29, 0x86, 0xdc, 0xff, 0x29, 0x86, 0xdc, 0xff, 0x29, 0x86, 0xdc, 0xff, 0x29, 0x86, 0xdc, 0xff,
    0x29, 0x86, 0xdc, 0xff, 0x29, 0x86, 0xdc, 0xff, 0x29, 0x86, 0xdc, 0xff, 0x29, 0x86, 0xdc, 0xff,
    0x29, 0x86, 0xdc, 0xff, 0x29, 0x86, 0xdc, 0xff, 0x29, 0x86, 0xdc, 0xff, 0x29, 0x86, 0xdc, 0xff,
    0x29, 0x86, 0xdc, 0xff, 0x29, 0x86, 0xdc, 0xff, 0x29, 0x86, 0xdc, 0xff, 0x29, 0x86, 0xdc, 0xff,
    0x29, 0x86, 0xdc, 0xff, 0x29, 0x86, 0xdc, 0xff, 0x29, 0x86, 0xdc, 0xff, 0x29, 0x86, 0xdc, 0xff,
    0x29, 0x86, 0xdc, 0xff, 0x29, 0x86, 0xdc, 0xff, 0x29, 0x86, 0xdc, 0xff, 0x29, 0x86, 0xdc, 0xff,
    0x29, 0x86, 0xdc, 0xff, 0x29, 0x86, 0xdc, 0xff, 0x29, 0x86, 0xdc, 0xff, 0x29, 0x86, 0xdc, 0xff,
    0x29, 0x86, 0xdc, 0xff, 0x29, 0x86, 0xdc, 0xff, 0x29, 0x86, 0xdc, 0xff, 0x29, 0x86, 0xdc, 0xff,
    0x29, 0x86, 0xdc, 0xff, 0x29, 0x86, 0xdc, 0xff, 0x29, 0x86, 0xdc, 0xff, 0x29, 0x86, 0xdc, 0xff,
    0x29, 0x86, 0xdc, 0xff, 0x29, 0x86, 0xdc, 0xff, 0x29, 0x86, 0xdc, 0xff, 0x29, 0x86, 0xdc, 0xff,
    0x29, 0x86, 0xdc, 0xff, 0x29, 0x86, 0xdc, 0xff, 0x29, 0x86, 0xdc, 0xff, 0x29, 0x86, 0xdc, 0xff,
    0x29, 0x86, 0xdc, 0xff, 0x29, 0x86, 0xdc, 0xff, 0x29, 0x86, 0xdc, 0xff, 0x29, 0x86, 0xdc, 0xff,
    0xc9, 0xe0, 0xf6, 0xff, 0xff, 0xff, 0xff, 0xff, 0xff, 0xff, 0xff, 0xff, 0xff, 0xff, 0xff, 0xff,
    0xff, 0xff, 0xff, 0xff, 0xff, 0xff, 0xff, 0xff, 0xff, 0xff, 0xff, 0xff, 0xff, 0xff, 0xff, 0xff,
    0xff, 0xff, 0xff, 0xff, 0xc2, 0xdd, 0xf5, 0xff, 0x47, 0x96, 0xe1, 0xff, 0x29, 0x86, 0xdc, 0xff,
    0x29, 0x86, 0xdc, 0xff, 0x29, 0x86, 0xdc, 0xff, 0x29, 0x86, 0xdc, 0xff, 0x29, 0x86, 0xdc, 0xff,
    0x29, 0x86, 0xdc, 0xff, 0x29, 0x86, 0xdc, 0xff, 0x29, 0x86, 0xdc, 0xff, 0x29, 0x86, 0xdc, 0xff,
    0x44, 0x95, 0xe0, 0xff, 0x8a, 0xbc, 0xeb, 0xff, 0xc2, 0xdd, 0xf5, 0xff, 0xf8, 0xfb, 0xfe, 0xff,
    0xff, 0xff, 0xff, 0xff, 0xff, 0xff, 0xff, 0xff, 0xff, 0xff, 0xff, 0xff, 0xff, 0xff, 0xff, 0xff,
    0xff, 0xff, 0xff, 0xff, 0xff, 0xff, 0xff, 0xff, 0xff, 0xff, 0xff, 0xff, 0xff, 0xff, 0xff, 0xff,
    0xff, 0xff, 0xff, 0xff, 0xff, 0xff, 0xff, 0xff, 0xff, 0xff, 0xff, 0xff, 0xff, 0xff, 0xff, 0xff,
    0xff, 0xff, 0xff, 0xff, 0xff, 0xff, 0xff, 0xff, 0xff, 0xff, 0xff, 0xff, 0xff, 0xff, 0xff, 0xff,
    0xf5, 0xf9, 0xfd, 0xff, 0xc6, 0xdf, 0xf5, 0xff, 0x8a, 0xbc, 0xeb, 0xff, 0x43, 0x95, 0xe0, 0xff,
    0x29, 0x86, 0xdc, 0xff, 0x29, 0x86, 0xdc, 0xff, 0x29, 0x86, 0xdc, 0xff, 0x29, 0x86, 0xdc, 0xff,
    0x29, 0x86, 0xdc, 0xff, 0x29, 0x86, 0xdc, 0xff, 0x29, 0x86, 0xdc, 0xff, 0x29, 0x86, 0xdc, 0xff,
    0x29, 0x86, 0xdc, 0xff, 0x29, 0x86, 0xdc, 0xff, 0x72, 0xaf, 0xe8, 0xff, 0xe4, 0xef, 0xfa, 0xff,
    0xff, 0xff, 0xff, 0xff, 0xff, 0xff, 0xff, 0xff, 0xff, 0xff, 0xff, 0xff, 0xff, 0xff, 0xff, 0xff,
    0xff, 0xff, 0xff, 0xff, 0xff, 0xff, 0xff, 0xff, 0xff, 0xff, 0xff, 0xff, 0xff, 0xff, 0xff, 0xff,
    0x79, 0xb3, 0xe9, 0xff, 0x29, 0x86, 0xdc, 0xff, 0x29, 0x86, 0xdc, 0xff, 0x29, 0x86, 0xdc, 0xff,
    0x29, 0x86, 0xdc, 0xff, 0x29, 0x86, 0xdc, 0xff, 0x29, 0x86, 0xdc, 0xff, 0x29, 0x86, 0xdc, 0xff,
    0x29, 0x86, 0xdc, 0xff, 0x29, 0x86, 0xdc, 0xff, 0x29, 0x86, 0xdc, 0xff, 0x29, 0x86, 0xdc, 0xff,
    0x29, 0x86, 0xdc, 0xff, 0x29, 0x86, 0xdc, 0xff, 0x29, 0x86, 0xdc, 0xff, 0x29, 0x86, 0xdc, 0xff,
    0x29, 0x86, 0xdc, 0xff, 0x29, 0x86, 0xdc, 0xff, 0x29, 0x86, 0xdc, 0xff, 0x29, 0x86, 0xdc, 0xff,
    0x29, 0x86, 0xdc, 0xff, 0x29, 0x86, 0xdc, 0xff, 0x29, 0x86, 0xdc, 0xff, 0x29, 0x86, 0xdc, 0xff,
    0x29, 0x86, 0xdc, 0xff, 0x29, 0x86, 0xdc, 0xff, 0x29, 0x86, 0xdc, 0xff, 0x29, 0x86, 0xdc, 0xff,
    0x29, 0x86, 0xdc, 0xff, 0x29, 0x86, 0xdc, 0xff, 0x29, 0x86, 0xdc, 0xff, 0x29, 0x86, 0xdc, 0xff,
    0x29, 0x86, 0xdc, 0xff, 0x29, 0x86, 0xdc, 0xff, 0x29, 0x86, 0xdc, 0xff, 0x29, 0x86, 0xdc, 0xff,
    0x29, 0x86, 0xdc, 0xff, 0x29, 0x86, 0xdc, 0xff, 0x29, 0x86, 0xdc, 0xff, 0x29, 0x86, 0xdc, 0xff,
    0x29, 0x86, 0xdc, 0xff, 0x29, 0x86, 0xdc, 0xff, 0x29, 0x86, 0xdc, 0xff, 0x29, 0x86, 0xdc, 0xff,
    0x29, 0x86, 0xdc, 0xff, 0x29, 0x86, 0xdc, 0xff, 0x29, 0x86, 0xdc, 0xff, 0x29, 0x86, 0xdc, 0xff,
    0x29, 0x86, 0xdc, 0xff, 0x29, 0x86, 0xdc, 0xff, 0x29, 0x86, 0xdc, 0xff, 0x29, 0x86, 0xdc, 0xff,
    0x29, 0x86, 0xdc, 0xff, 0x29, 0x86, 0xdc, 0xff, 0x29, 0x86, 0xdc, 0xff, 0x29, 0x86, 0xdc, 0xff,
    0x29, 0x86, 0xdc, 0xff, 0x29, 0x86, 0xdc, 0xff, 0x29, 0x86, 0xdc, 0xff, 0x29, 0x86, 0xdc, 0xff,
    0x29, 0x86, 0xdc, 0xff, 0x29, 0x86, 0xdc, 0xff, 0x29, 0x86, 0xdc, 0xff, 0x29, 0x86, 0xdc, 0xff,
    0x29, 0x86, 0xdc, 0xff, 0x29, 0x86, 0xdc, 0xff, 0xae, 0xd1, 0xf1, 0xff, 0xff, 0xff, 0xff, 0xff,
    0xff, 0xff, 0xff, 0xff, 0xff, 0xff, 0xff, 0xff, 0xff, 0xff, 0xff, 0xff, 0xff, 0xff, 0xff, 0xff,
    0xff, 0xff, 0xff, 0xff, 0xdd, 0xec, 0xf9, 0xff, 0x65, 0xa8, 0xe6, 0xff, 0x29, 0x86, 0xdc, 0xff,
    0x29, 0x86, 0xdc, 0xff, 0x29, 0x86, 0xdc, 0xff, 0x29, 0x86, 0xdc, 0xff, 0x29, 0x86, 0xdc, 0xff,
    0x29, 0x86, 0xdc, 0xff, 0x29, 0x86, 0xdc, 0xff, 0x29, 0x86, 0xdc, 0xff, 0x2f, 0x89, 0xdd, 0xff,
    0x79, 0xb3, 0xe9, 0xff, 0xcc, 0xe2, 0xf6, 0xff, 0xff, 0xff, 0xff, 0xff, 0xff, 0xff, 0xff, 0xff,
    0xff, 0xff, 0xff, 0xff, 0xff, 0xff, 0xff, 0xff, 0xff, 0xff, 0xff, 0xff, 0xff, 0xff, 0xff, 0xff,
    0xff, 0xff, 0xff, 0xff, 0xff, 0xff, 0xff, 0xff, 0xff, 0xff, 0xff, 0xff, 0xff, 0xff, 0xff, 0xff,
    0xff, 0xff, 0xff, 0xff, 0xff, 0xff, 0xff, 0xff, 0xff, 0xff, 0xff, 0xff, 0xff, 0xff, 0xff, 0xff,
    0xff, 0xff, 0xff, 0xff, 0xff, 0xff, 0xff, 0xff, 0xff, 0xff, 0xff, 0xff, 0xff, 0xff, 0xff, 0xff,
    0xff, 0xff, 0xff, 0xff, 0xff, 0xff, 0xff, 0xff, 0xff, 0xff, 0xff, 0xff, 0xff, 0xff, 0xff, 0xff,
    0xff, 0xff, 0xff, 0xff, 0xff, 0xff, 0xff, 0xff, 0xd0, 0xe4, 0xf7, 0xff, 0x79, 0xb3, 0xe9, 0xff,
    0x2f, 0x89, 0xdd, 0xff, 0x29, 0x86, 0xdc, 0xff, 0x29, 0x86, 0xdc, 0xff, 0x29, 0x86, 0xdc, 0xff,
    0x29, 0x86, 0xdc, 0xff, 0x29, 0x86, 0xdc, 0xff, 0x29, 0x86, 0xdc, 0xff, 0x29, 0x86, 0xdc, 0xff,
    0x29, 0x86, 0xdc, 0xff, 0x2f, 0x89, 0xdd, 0xff, 0x90, 0xc0, 0xed, 0xff, 0xf8, 0xfb, 0xfe, 0xff,
    0xff, 0xff, 0xff, 0xff, 0xff, 0xff, 0xff, 0xff, 0xff, 0xff, 0xff, 0xff, 0xff, 0xff, 0xff, 0xff,
    0xff, 0xff, 0xff, 0xff, 0xff, 0xff, 0xff, 0xff, 0x62, 0xa6, 0xe5, 0xff, 0x29, 0x86, 0xdc, 0xff,
    0x29, 0x86, 0xdc, 0xff, 0x29, 0x86, 0xdc, 0xff, 0x29, 0x86, 0xdc, 0xff, 0x29, 0x86, 0xdc, 0xff,
    0x29, 0x86, 0xdc, 0xff, 0x29, 0x86, 0xdc, 0xff, 0x29, 0x86, 0xdc, 0xff, 0x29, 0x86, 0xdc, 0xff,
    0x29, 0x86, 0xdc, 0xff, 0x29, 0x86, 0xdc, 0xff, 0x29, 0x86, 0xdc, 0xff, 0x29, 0x86, 0xdc, 0xff,
    0x29, 0x86, 0xdc, 0xff, 0x29, 0x86, 0xdc, 0xff, 0x29, 0x86, 0xdc, 0xff, 0x29, 0x86, 0xdc, 0xff,
    0x29, 0x86, 0xdc, 0xff, 0x29, 0x86, 0xdc, 0xff, 0x29, 0x86, 0xdc, 0xff, 0x29, 0x86, 0xdc, 0xff,
    0x29, 0x86, 0xdc, 0xff, 0x29, 0x86, 0xdc, 0xff, 0x29, 0x86, 0xdc, 0xff, 0x29, 0x86, 0xdc, 0xff,
    0x29, 0x86, 0xdc, 0xff, 0x29, 0x86, 0xdc, 0xff, 0x29, 0x86, 0xdc, 0xff, 0x29, 0x86, 0xdc, 0xff,
    0x29, 0x86, 0xdc, 0xff, 0x29, 0x86, 0xdc, 0xff, 0x29, 0x86, 0xdc, 0xff, 0x29, 0x86, 0xdc, 0xff,
    0x29, 0x86, 0xdc, 0xff, 0x29, 0x86, 0xdc, 0xff, 0x29, 0x86, 0xdc, 0xff, 0x29, 0x86, 0xdc, 0xff,
    0x29, 0x86, 0xdc, 0xff, 0x29, 0x86, 0xdc, 0xff, 0x29, 0x86, 0xdc, 0xff, 0x29, 0x86, 0xdc, 0xff,
    0x29, 0x86, 0xdc, 0xff, 0x29, 0x86, 0xdc, 0xff, 0x29, 0x86, 0xdc, 0xff, 0x29, 0x86, 0xdc, 0xff,
    0x29, 0x86, 0xdc, 0xff, 0x29, 0x86, 0xdc, 0xff, 0x29, 0x86, 0xdc, 0xff, 0x29, 0x86, 0xdc, 0xff,
    0x29, 0x86, 0xdc, 0xff, 0x29, 0x86, 0xdc, 0xff, 0x29, 0x86, 0xdc, 0xff, 0x29, 0x86, 0xdc, 0xff,
    0x29, 0x86, 0xdc, 0xff, 0x29, 0x86, 0xdc, 0xff, 0x29, 0x86, 0xdc, 0xff, 0x29, 0x86, 0xdc, 0xff,
    0x29, 0x86, 0xdc, 0xff, 0x29, 0x86, 0xdc, 0xff, 0x29, 0x86, 0xdc, 0xff, 0x29, 0x86, 0xdc, 0xff,
    0x29, 0x86, 0xdc, 0xff, 0x29, 0x86, 0xdc, 0xff, 0x29, 0x86, 0xdc, 0xff, 0x29, 0x86, 0xdc, 0xff,
    0x6f, 0xad, 0xe7, 0xff, 0xff, 0xff, 0xff, 0xff, 0xff, 0xff, 0xff, 0xff, 0xff, 0xff, 0xff, 0xff,
    0xff, 0xff, 0xff, 0xff, 0xf1, 0xf7, 0xfc, 0xff, 0x86, 0xbb, 0xeb, 0xff, 0x2c, 0x87, 0xdc, 0xff,
    0x29, 0x86, 0xdc, 0xff, 0x29, 0x86, 0xdc, 0xff, 0x29, 0x86, 0xdc, 0xff, 0x29, 0x86, 0xdc, 0xff,
    0x29, 0x86, 0xdc, 0xff, 0x29, 0x86, 0xdc, 0xff, 0x29, 0x86, 0xdc, 0xff, 0x36, 0x8d, 0xde, 0xff,
    0x94, 0xc2, 0xed, 0xff, 0xf1, 0xf7, 0xfc, 0xff, 0xff, 0xff, 0xff, 0xff, 0xff, 0xff, 0xff, 0xff,
    0xff, 0xff, 0xff, 0xff, 0xff, 0xff, 0xff, 0xff, 0xff, 0xff, 0xff, 0xff, 0xff, 0xff, 0xff, 0xff,
    0xff, 0xff, 0xff, 0xff, 0xff, 0xff, 0xff, 0xff, 0xff, 0xff, 0xff, 0xff, 0xff, 0xff, 0xff, 0xff,
    0xff, 0xff, 0xff, 0xff, 0xff, 0xff, 0xff, 0xff, 0xff, 0xff, 0xff, 0xff, 0xff, 0xff, 0xff, 0xff,
    0xff, 0xff, 0xff, 0xff, 0xff, 0xff, 0xff, 0xff, 0xff, 0xff, 0xff, 0xff, 0xff, 0xff, 0xff, 0xff,
    0xff, 0xff, 0xff, 0xff, 0xff, 0xff, 0xff, 0xff, 0xff, 0xff, 0xff, 0xff, 0xff, 0xff, 0xff, 0xff,
    0xff, 0xff, 0xff, 0xff, 0xff, 0xff, 0xff, 0xff, 0xff, 0xff, 0xff, 0xff, 0xff, 0xff, 0xff, 0xff,
    0xff, 0xff, 0xff, 0xff, 0xff, 0xff, 0xff, 0xff, 0xeb, 0xf3, 0xfb, 0xff, 0x94, 0xc2, 0xed, 0xff,
    0x36, 0x8d, 0xde, 0xff, 0x29, 0x86, 0xdc, 0xff, 0x29, 0x86, 0xdc, 0xff, 0x29, 0x86, 0xdc, 0xff,
    0x29, 0x86, 0xdc, 0xff, 0x29, 0x86, 0xdc, 0xff, 0x29, 0x86, 0xdc, 0xff, 0x29, 0x86, 0xdc, 0xff,
    0x29, 0x86, 0xdc, 0xff, 0x3d, 0x91, 0xdf, 0xff, 0xb5, 0xd5, 0xf3, 0xff, 0xff, 0xff, 0xff, 0xff,
    0xff, 0xff, 0xff, 0xff, 0xff, 0xff, 0xff, 0xff, 0xff, 0xff, 0xff, 0xff, 0xf1, 0xf7, 0xfc, 0xff,
    0x2f, 0x89, 0xdd, 0xff, 0x29, 0x86, 0xdc, 0xff, 0x29, 0x86, 0xdc, 0xff, 0x29, 0x86, 0xdc, 0xff,
    0x29, 0x86, 0xdc, 0xff, 0x29, 0x86, 0xdc, 0xff, 0x29, 0x86, 0xdc, 0xff, 0x29, 0x86, 0xdc, 0xff,
    0x29, 0x86, 0xdc, 0xff, 0x29, 0x86, 0xdc, 0xff, 0x29, 0x86, 0xdc, 0xff, 0x29, 0x86, 0xdc, 0xff,
    0x29, 0x86, 0xdc, 0xff, 0x29, 0x86, 0xdc, 0xff, 0x29, 0x86, 0xdc, 0xff, 0x29, 0x86, 0xdc, 0xff,
    0x29, 0x86, 0xdc, 0xff, 0x29, 0x86, 0xdc, 0xff, 0x29, 0x86, 0xdc, 0xff, 0x29, 0x86, 0xdc, 0xff,
    0x29, 0x86, 0xdc, 0xff, 0x29, 0x86, 0xdc, 0xff, 0x29, 0x86, 0xdc, 0xff, 0x29, 0x86, 0xdc, 0xff,
    0x29, 0x86, 0xdc, 0xff, 0x29, 0x86, 0xdc, 0xff, 0x29, 0x86, 0xdc, 0xff, 0x29, 0x86, 0xdc, 0xff,
    0x29, 0x86, 0xdc, 0xff, 0x29, 0x86, 0xdc, 0xff, 0x29, 0x86, 0xdc, 0xff, 0x29, 0x86, 0xdc, 0xff,
    0x29, 0x86, 0xdc, 0xff, 0x29, 0x86, 0xdc, 0xff, 0x29, 0x86, 0xdc, 0xff, 0x29, 0x86, 0xdc, 0xff,
    0x29, 0x86, 0xdc, 0xff, 0x29, 0x86, 0xdc, 0xff, 0x29, 0x86, 0xdc, 0xff, 0x29, 0x86, 0xdc, 0xff,
    0x29, 0x86, 0xdc, 0xff, 0x29, 0x86, 0xdc, 0xff, 0x29, 0x86, 0xdc, 0xff, 0x29, 0x86, 0xdc, 0xff,
    0x29, 0x86, 0xdc, 0xff, 0x29, 0x86, 0xdc, 0xff, 0x29, 0x86, 0xdc, 0xff, 0x29, 0x86, 0xdc, 0xff,
    0x29, 0x86, 0xdc, 0xff, 0x29, 0x86, 0xdc, 0xff, 0x29, 0x86, 0xdc, 0xff, 0x29, 0x86, 0xdc, 0xff,
    0x29, 0x86, 0xdc, 0xff, 0x29, 0x86, 0xdc, 0xff, 0x29, 0x86, 0xdc, 0xff, 0x29, 0x86, 0xdc, 0xff,
    0x29, 0x86, 0xdc, 0xff, 0x29, 0x86, 0xdc, 0xff, 0x29, 0x86, 0xdc, 0xff, 0x29, 0x86, 0xdc, 0xff,
    0x29, 0x86, 0xdc, 0xff, 0x29, 0x86, 0xdc, 0xff, 0x29, 0x86, 0xdc, 0xff, 0x29, 0x86, 0xdc, 0xff,
    0x29, 0x86, 0xdc, 0xff, 0x29, 0x86, 0xdc, 0xff, 0x2c, 0x88, 0xdc, 0xff, 0xc6, 0xdf, 0xf6, 0xff,
    0xff, 0xff, 0xff, 0xff, 0xfb, 0xfd, 0xfe, 0xff, 0xab, 0xcf, 0xf1, 0xff, 0x36, 0x8d, 0xde, 0xff,
    0x29, 0x86, 0xdc, 0xff, 0x29, 0x86, 0xdc, 0xff, 0x29, 0x86, 0xdc, 0xff, 0x29, 0x86, 0xdc, 0xff,
    0x29, 0x86, 0xdc, 0xff, 0x29, 0x86, 0xdc, 0xff, 0x29, 0x86, 0xdc, 0xff, 0x2f, 0x89, 0xdd, 0xff,
    0x90, 0xc0, 0xed, 0xff, 0xf1, 0xf7, 0xfc, 0xff, 0xff, 0xff, 0xff, 0xff, 0xff, 0xff, 0xff, 0xff,
    0xff, 0xff, 0xff, 0xff, 0xff, 0xff, 0xff, 0xff, 0xff, 0xff, 0xff, 0xff, 0xff, 0xff, 0xff, 0xff,
    0xff, 0xff, 0xff, 0xff, 0xff, 0xff, 0xff, 0xff, 0xff, 0xff, 0xff, 0xff, 0xff, 0xff, 0xff, 0xff,
    0xff, 0xff, 0xff, 0xff, 0xff, 0xff, 0xff, 0xff, 0xff, 0xff, 0xff, 0xff, 0xff, 0xff, 0xff, 0xff,
    0xff, 0xff, 0xff, 0xff, 0xff, 0xff, 0xff, 0xff, 0xff, 0xff, 0xff, 0xff, 0xff, 0xff, 0xff, 0xff,
    0xff, 0xff, 0xff, 0xff, 0xff, 0xff, 0xff, 0xff, 0xff, 0xff, 0xff, 0xff, 0xff, 0xff, 0xff, 0xff,
    0xff, 0xff, 0xff, 0xff, 0xff, 0xff, 0xff, 0xff, 0xff, 0xff, 0xff, 0xff, 0xff, 0xff, 0xff, 0xff,
    0xff, 0xff, 0xff, 0xff, 0xff, 0xff, 0xff, 0xff, 0xff, 0xff, 0xff, 0xff, 0xff, 0xff, 0xff, 0xff,
    0xff, 0xff, 0xff, 0xff, 0xff, 0xff, 0xff, 0xff, 0xf1, 0xf7, 0xfc, 0xff, 0x86, 0xbb, 0xeb, 0xff,
    0x2f, 0x89, 0xdd, 0xff, 0x29, 0x86, 0xdc, 0xff, 0x29, 0x86, 0xdc, 0xff, 0x29, 0x86, 0xdc, 0xff,
    0x29, 0x86, 0xdc, 0xff, 0x29, 0x86, 0xdc, 0xff, 0x29, 0x86, 0xdc, 0xff, 0x29, 0x86, 0xdc, 0xff,
    0x29, 0x86, 0xdc, 0xff, 0x51, 0x9c, 0xe2, 0xff, 0xd7, 0xe8, 0xf8, 0xff, 0xff, 0xff, 0xff, 0xff,
    0xff, 0xff, 0xff, 0xff, 0x7c, 0xb5, 0xea, 0xff, 0x29, 0x86, 0xdc, 0xff, 0x29, 0x86, 0xdc, 0xff,
    0x29, 0x86, 0xdc, 0xff, 0x29, 0x86, 0xdc, 0xff, 0x29, 0x86, 0xdc, 0xff, 0x29, 0x86, 0xdc, 0xff,
    0x29, 0x86, 0xdc, 0xff, 0x29, 0x86, 0xdc, 0xff, 0x29, 0x86, 0xdc, 0xff, 0x29, 0x86, 0xdc, 0xff,
    0x29, 0x86, 0xdc, 0xff, 0x29, 0x86, 0xdc, 0xff, 0x29, 0x86, 0xdc, 0xff, 0x29, 0x86, 0xdc, 0xff,
    0x29, 0x86, 0xdc, 0xff, 0x29, 0x86, 0xdc, 0xff, 0x29, 0x86, 0xdc, 0xff, 0x29, 0x86, 0xdc, 0xff,
    0x29, 0x86, 0xdc, 0xff, 0x29, 0x86, 0xdc, 0xff, 0x29, 0x86, 0xdc, 0xff, 0x29, 0x86, 0xdc, 0xff,
    0x29, 0x86, 0xdc, 0xff, 0x29, 0x86, 0xdc, 0xff, 0x29, 0x86, 0xdc, 0xff, 0x29, 0x86, 0xdc, 0xff,
    0x29, 0x86, 0xdc, 0xff, 0x29, 0x86, 0xdc, 0xff, 0x29, 0x86, 0xdc, 0xff, 0x29, 0x86, 0xdc, 0xff,
    0x29, 0x86, 0xdc, 0xff, 0x29, 0x86, 0xdc, 0xff, 0x29, 0x86, 0xdc, 0xff, 0x29, 0x86, 0xdc, 0xff,
    0x29, 0x86, 0xdc, 0xff, 0x29, 0x86, 0xdc, 0xff, 0x29, 0x86, 0xdc, 0xff, 0x29, 0x86, 0xdc, 0xff,
    0x29, 0x86, 0xdc, 0xff, 0x29, 0x86, 0xdc, 0xff, 0x29, 0x86, 0xdc, 0xff, 0x29, 0x86, 0xdc, 0xff,
    0x29, 0x86, 0xdc, 0xff, 0x29, 0x86, 0xdc, 0xff, 0x29, 0x86, 0xdc, 0xff, 0x29, 0x86, 0xdc, 0xff,
    0x29, 0x86, 0xdc, 0xff, 0x29, 0x86, 0xdc, 0xff, 0x29, 0x86, 0xdc, 0xff, 0x29, 0x86, 0xdc, 0xff,
    0x29, 0x86, 0xdc, 0xff, 0x29, 0x86, 0xdc, 0xff, 0x29, 0x86, 0xdc, 0xff, 0x29, 0x86, 0xdc, 0xff,
    0x29, 0x86, 0xdc, 0xff, 0x29, 0x86, 0xdc, 0xff, 0x29, 0x86, 0xdc, 0xff, 0x29, 0x86, 0xdc, 0xff,
    0x29, 0x86, 0xdc, 0xff, 0x29, 0x86, 0xdc, 0xff, 0x29, 0x86, 0xdc, 0xff, 0x29, 0x86, 0xdc, 0xff,
    0x29, 0x86, 0xdc, 0xff, 0x29, 0x86, 0xdc, 0xff, 0x29, 0x86, 0xdc, 0xff, 0x29, 0x86, 0xdc, 0xff,
    0x29, 0x86, 0xdc, 0xff, 0x2f, 0x89, 0xdd, 0xff, 0x58, 0xa0, 0xe3, 0xff, 0x44, 0x95, 0xe0, 0xff,
    0x29, 0x86, 0xdc, 0xff, 0x29, 0x86, 0xdc, 0xff, 0x29, 0x86, 0xdc, 0xff, 0x29, 0x86, 0xdc, 0xff,
    0x29, 0x86, 0xdc, 0xff, 0x29, 0x86, 0xdc, 0xff, 0x29, 0x86, 0xdc, 0xff, 0x29, 0x86, 0xdc, 0xff,
    0x65, 0xa8, 0xe6, 0xff, 0xe0, 0xee, 0xfa, 0xff, 0xff, 0xff, 0xff, 0xff, 0xff, 0xff, 0xff, 0xff,
    0xff, 0xff, 0xff, 0xff, 0xff, 0xff, 0xff, 0xff, 0xff, 0xff, 0xff, 0xff, 0xff, 0xff, 0xff, 0xff,
    0xff, 0xff, 0xff, 0xff, 0xff, 0xff, 0xff, 0xff, 0xff, 0xff, 0xff, 0xff, 0xff, 0xff, 0xff, 0xff,
    0xff, 0xff, 0xff, 0xff, 0xff, 0xff, 0xff, 0xff, 0xff, 0xff, 0xff, 0xff, 0xff, 0xff, 0xff, 0xff,
    0xff, 0xff, 0xff, 0xff, 0xff, 0xff, 0xff, 0xff, 0xff, 0xff, 0xff, 0xff, 0xff, 0xff, 0xff, 0xff,
    0xff, 0xff, 0xff, 0xff, 0xff, 0xff, 0xff, 0xff, 0xff, 0xff, 0xff, 0xff, 0xff, 0xff, 0xff, 0xff,
    0xff, 0xff, 0xff, 0xff, 0xff, 0xff, 0xff, 0xff, 0xff, 0xff, 0xff, 0xff, 0xff, 0xff, 0xff, 0xff,
    0xff, 0xff, 0xff, 0xff, 0xff, 0xff, 0xff, 0xff, 0xff, 0xff, 0xff, 0xff, 0xff, 0xff, 0xff, 0xff,
    0xff, 0xff, 0xff, 0xff, 0xff, 0xff, 0xff, 0xff, 0xff, 0xff, 0xff, 0xff, 0xff, 0xff, 0xff, 0xff,
    0xff, 0xff, 0xff, 0xff, 0xff, 0xff, 0xff, 0xff, 0xe4, 0xf0, 0xfa, 0xff, 0x5e, 0xa4, 0xe5, 0xff,
    0x29, 0x86, 0xdc, 0xff, 0x29, 0x86, 0xdc, 0xff, 0x29, 0x86, 0xdc, 0xff, 0x29, 0x86, 0xdc, 0xff,
    0x29, 0x86, 0xdc, 0xff, 0x29, 0x86, 0xdc, 0xff, 0x29, 0x86, 0xdc, 0xff, 0x29, 0x86, 0xdc, 0xff,
    0x29, 0x86, 0xdc, 0xff, 0x54, 0x9e, 0xe3, 0xff, 0x44, 0x95, 0xe0, 0xff, 0x29, 0x86, 0xdc, 0xff,
    0x29, 0x86, 0xdc, 0xff, 0x29, 0x86, 0xdc, 0xff, 0x29, 0x86, 0xdc, 0xff, 0x29, 0x86, 0xdc, 0xff,
    0x29, 0x86, 0xdc, 0xff, 0x29, 0x86, 0xdc, 0xff, 0x29, 0x86, 0xdc, 0xff, 0x29, 0x86, 0xdc, 0xff,
    0x29, 0x86, 0xdc, 0xff, 0x29, 0x86, 0xdc, 0xff, 0x29, 0x86, 0xdc, 0xff, 0x29, 0x86, 0xdc, 0xff,
    0x29, 0x86, 0xdc, 0xff, 0x29, 0x86, 0xdc, 0xff, 0x29, 0x86, 0xdc, 0xff, 0x29, 0x86, 0xdc, 0xff,
    0x29, 0x86, 0xdc, 0xff, 0x29, 0x86, 0xdc, 0xff, 0x29, 0x86, 0xdc, 0xff, 0x29, 0x86, 0xdc, 0xff,
    0x29, 0x86, 0xdc, 0xff, 0x29, 0x86, 0xdc, 0xff, 0x29, 0x86, 0xdc, 0xff, 0x29, 0x86, 0xdc, 0xff,
    0x29, 0x86, 0xdc, 0xff, 0x29, 0x86, 0xdc, 0xff, 0x29, 0x86, 0xdc, 0xff, 0x29, 0x86, 0xdc, 0xff,
    0x29, 0x86, 0xdc, 0xff, 0x29, 0x86, 0xdc, 0xff, 0x29, 0x86, 0xdc, 0xff, 0x29, 0x86, 0xdc, 0xff,
    0x29, 0x86, 0xdc, 0xff, 0x29, 0x86, 0xdc, 0xff, 0x29, 0x86, 0xdc, 0xff, 0x29, 0x86, 0xdc, 0xff,
    0x29, 0x86, 0xdc, 0xff, 0x29, 0x86, 0xdc, 0xff, 0x29, 0x86, 0xdc, 0xff, 0x29, 0x86, 0xdc, 0xff,
    0x29, 0x86, 0xdc, 0xff, 0x29, 0x86, 0xdc, 0xff, 0x29, 0x86, 0xdc, 0xff, 0x29, 0x86, 0xdc, 0xff,
    0x29, 0x86, 0xdc, 0xff, 0x29, 0x86, 0xdc, 0xff, 0x29, 0x86, 0xdc, 0xff, 0x29, 0x86, 0xdc, 0xff,
    0x29, 0x86, 0xdc, 0xff, 0x29, 0x86, 0xdc, 0xff, 0x29, 0x86, 0xdc, 0xff, 0x29, 0x86, 0xdc, 0xff,
    0x29, 0x86, 0xdc, 0xff, 0x29, 0x86, 0xdc, 0xff, 0x29, 0x86, 0xdc, 0xff, 0x29, 0x86, 0xdc, 0xff,
    0x29, 0x86, 0xdc, 0xff, 0x29, 0x86, 0xdc, 0xff, 0x29, 0x86, 0xdc, 0xff, 0x29, 0x86, 0xdc, 0xff,
    0x29, 0x86, 0xdc, 0xff, 0x29, 0x86, 0xdc, 0xff, 0x29, 0x86, 0xdc, 0xff, 0x29, 0x86, 0xdc, 0xff,
    0x29, 0x86, 0xdc, 0xff, 0x29, 0x86, 0xdc, 0xff, 0x29, 0x86, 0xdc, 0xff, 0x29, 0x86, 0xdc, 0xff,
    0x29, 0x86, 0xdc, 0xff, 0x29, 0x86, 0xdc, 0xff, 0x29, 0x86, 0xdc, 0xff, 0x29, 0x86, 0xdc, 0xff,
    0x29, 0x86, 0xdc, 0xff, 0x29, 0x86, 0xdc, 0xff, 0x29, 0x86, 0xdc, 0xff, 0x29, 0x86, 0xdc, 0xff,
    0x2f, 0x89, 0xdd, 0xff, 0xab, 0xcf, 0xf1, 0xff, 0xff, 0xff, 0xff, 0xff, 0xff, 0xff, 0xff, 0xff,
    0xff, 0xff, 0xff, 0xff, 0xff, 0xff, 0xff, 0xff, 0xff, 0xff, 0xff, 0xff, 0xff, 0xff, 0xff, 0xff,
    0xff, 0xff, 0xff, 0xff, 0xff, 0xff, 0xff, 0xff, 0xff, 0xff, 0xff, 0xff, 0xff, 0xff, 0xff, 0xff,
    0xff, 0xff, 0xff, 0xff, 0xff, 0xff, 0xff, 0xff, 0xff, 0xff, 0xff, 0xff, 0xff, 0xff, 0xff, 0xff,
    0xff, 0xff, 0xff, 0xff, 0xff, 0xff, 0xff, 0xff, 0xff, 0xff, 0xff, 0xff, 0xff, 0xff, 0xff, 0xff,
    0xff, 0xff, 0xff, 0xff, 0xff, 0xff, 0xff, 0xff, 0xff, 0xff, 0xff, 0xff, 0xff, 0xff, 0xff, 0xff,
    0xff, 0xff, 0xff, 0xff, 0xff, 0xff, 0xff, 0xff, 0xff, 0xff, 0xff, 0xff, 0xff, 0xff, 0xff, 0xff,
    0xff, 0xff, 0xff, 0xff, 0xff, 0xff, 0xff, 0xff, 0xff, 0xff, 0xff, 0xff, 0xff, 0xff, 0xff, 0xff,
    0xff, 0xff, 0xff, 0xff, 0xff, 0xff, 0xff, 0xff, 0xff, 0xff, 0xff, 0xff, 0xff, 0xff, 0xff, 0xff,
    0xff, 0xff, 0xff, 0xff, 0xff, 0xff, 0xff, 0xff, 0xff, 0xff, 0xff, 0xff, 0xff, 0xff, 0xff, 0xff,
    0xff, 0xff, 0xff, 0xff, 0xff, 0xff, 0xff, 0xff, 0xa8, 0xce, 0xf0, 0xff, 0x2f, 0x89, 0xdd, 0xff,
    0x29, 0x86, 0xdc, 0xff, 0x29, 0x86, 0xdc, 0xff, 0x29, 0x86, 0xdc, 0xff, 0x29, 0x86, 0xdc, 0xff,
    0x29, 0x86, 0xdc, 0xff, 0x29, 0x86, 0xdc, 0xff, 0x29, 0x86, 0xdc, 0xff, 0x29, 0x86, 0xdc, 0xff,
    0x29, 0x86, 0xdc, 0xff, 0x29, 0x86, 0xdc, 0xff, 0x29, 0x86, 0xdc, 0xff, 0x29, 0x86, 0xdc, 0xff,
    0x29, 0x86, 0xdc, 0xff, 0x29, 0x86, 0xdc, 0xff, 0x29, 0x86, 0xdc, 0xff, 0x29, 0x86, 0xdc, 0xff,
    0x29, 0x86, 0xdc, 0xff, 0x29, 0x86, 0xdc, 0xff, 0x29, 0x86, 0xdc, 0xff, 0x29, 0x86, 0xdc, 0xff,
    0x29, 0x86, 0xdc, 0xff, 0x29, 0x86, 0xdc, 0xff, 0x29, 0x86, 0xdc, 0xff, 0x29, 0x86, 0xdc, 0xff,
    0x29, 0x86, 0xdc, 0xff, 0x29, 0x86, 0xdc, 0xff, 0x29, 0x86, 0xdc, 0xff, 0x29, 0x86, 0xdc, 0xff,
    0x29, 0x86, 0xdc, 0xff, 0x29, 0x86, 0xdc, 0xff, 0x29, 0x86, 0xdc, 0xff, 0x29, 0x86, 0xdc, 0xff,
    0x29, 0x86, 0xdc, 0xff, 0x29, 0x86, 0xdc, 0xff, 0x29, 0x86, 0xdc, 0xff, 0x29, 0x86, 0xdc, 0xff,
    0x29, 0x86, 0xdc, 0xff, 0x29, 0x86, 0xdc, 0xff, 0x29, 0x86, 0xdc, 0xff, 0x29, 0x86, 0xdc, 0xff,
    0x29, 0x86, 0xdc, 0xff, 0x29, 0x86, 0xdc, 0xff, 0x29, 0x86, 0xdc, 0xff, 0x29, 0x86, 0xdc, 0xff,
    0x29, 0x86, 0xdc, 0xff, 0x29, 0x86, 0xdc, 0xff, 0x29, 0x86, 0xdc, 0xff, 0x29, 0x86, 0xdc, 0xff,
    0x29, 0x86, 0xdc, 0xff, 0x29, 0x86, 0xdc, 0xff, 0x29, 0x86, 0xdc, 0xff, 0x29, 0x86, 0xdc, 0xff,
    0x29, 0x86, 0xdc, 0xff, 0x29, 0x86, 0xdc, 0xff, 0x29, 0x86, 0xdc, 0xff, 0x29, 0x86, 0xdc, 0xff,
    0x29, 0x86, 0xdc, 0xff, 0x29, 0x86, 0xdc, 0xff, 0x29, 0x86, 0xdc, 0xff, 0x29, 0x86, 0xdc, 0xff,
    0x29, 0x86, 0xdc, 0xff, 0x29, 0x86, 0xdc, 0xff, 0x29, 0x86, 0xdc, 0xff, 0x29, 0x86, 0xdc, 0xff,
    0x29, 0x86, 0xdc, 0xff, 0x29, 0x86, 0xdc, 0xff, 0x29, 0x86, 0xdc, 0xff, 0x29, 0x86, 0xdc, 0xff,
    0x29, 0x86, 0xdc, 0xff, 0x29, 0x86, 0xdc, 0xff, 0x29, 0x86, 0xdc, 0xff, 0x29, 0x86, 0xdc, 0xff,
    0x29, 0x86, 0xdc, 0xff, 0x29, 0x86, 0xdc, 0xff, 0x29, 0x86, 0xdc, 0xff, 0x29, 0x86, 0xdc, 0xff,
    0x29, 0x86, 0xdc, 0xff, 0x29, 0x86, 0xdc, 0xff, 0x29, 0x86, 0xdc, 0xff, 0x29, 0x86, 0xdc, 0xff,
    0x29, 0x86, 0xdc, 0xff, 0x29, 0x86, 0xdc, 0xff, 0x29, 0x86, 0xdc, 0xff, 0x29, 0x86, 0xdc, 0xff,
    0x29, 0x86, 0xdc, 0xff, 0x47, 0x97, 0xe0, 0xff, 0xdd, 0xec, 0xf9, 0xff, 0xff, 0xff, 0xff, 0xff,
    0xff, 0xff, 0xff, 0xff, 0xff, 0xff, 0xff, 0xff, 0xff, 0xff, 0xff, 0xff, 0xff, 0xff, 0xff, 0xff,
    0xff, 0xff, 0xff, 0xff, 0xff, 0xff, 0xff, 0xff, 0xff, 0xff, 0xff, 0xff, 0xff, 0xff, 0xff, 0xff,
    0xff, 0xff, 0xff, 0xff, 0xff, 0xff, 0xff, 0xff, 0xff, 0xff, 0xff, 0xff, 0xff, 0xff, 0xff, 0xff,
    0xff, 0xff, 0xff, 0xff, 0xff, 0xff, 0xff, 0xff, 0xff, 0xff, 0xff, 0xff, 0xff, 0xff, 0xff, 0xff,
    0xff, 0xff, 0xff, 0xff, 0xff, 0xff, 0xff, 0xff, 0xff, 0xff, 0xff, 0xff, 0xff, 0xff, 0xff, 0xff,
    0xff, 0xff, 0xff, 0xff, 0xff, 0xff, 0xff, 0xff, 0xff, 0xff, 0xff, 0xff, 0xff, 0xff, 0xff, 0xff,
    0xff, 0xff, 0xff, 0xff, 0xff, 0xff, 0xff, 0xff, 0xff, 0xff, 0xff, 0xff, 0xff, 0xff, 0xff, 0xff,
    0xff, 0xff, 0xff, 0xff, 0xff, 0xff, 0xff, 0xff, 0xff, 0xff, 0xff, 0xff, 0xff, 0xff, 0xff, 0xff,
    0xff, 0xff, 0xff, 0xff, 0xff, 0xff, 0xff, 0xff, 0xff, 0xff, 0xff, 0xff, 0xff, 0xff, 0xff, 0xff,
    0xff, 0xff, 0xff, 0xff, 0xff, 0xff, 0xff, 0xff, 0xff, 0xff, 0xff, 0xff, 0xff, 0xff, 0xff, 0xff,
    0xff, 0xff, 0xff, 0xff, 0xdd, 0xec, 0xf9, 0xff, 0x47, 0x97, 0xe0, 0xff, 0x29, 0x86, 0xdc, 0xff,
    0x29, 0x86, 0xdc, 0xff, 0x29, 0x86, 0xdc, 0xff, 0x29, 0x86, 0xdc, 0xff, 0x29, 0x86, 0xdc, 0xff,
    0x29, 0x86, 0xdc, 0xff, 0x29, 0x86, 0xdc, 0xff, 0x29, 0x86, 0xdc, 0xff, 0x29, 0x86, 0xdc, 0xff,
    0x29, 0x86, 0xdc, 0xff, 0x29, 0x86, 0xdc, 0xff, 0x29, 0x86, 0xdc, 0xff, 0x29, 0x86, 0xdc, 0xff,
    0x29, 0x86, 0xdc, 0xff, 0x29, 0x86, 0xdc, 0xff, 0x29, 0x86, 0xdc, 0xff, 0x29, 0x86, 0xdc, 0xff,
    0x29, 0x86, 0xdc, 0xff, 0x29, 0x86, 0xdc, 0xff, 0x29, 0x86, 0xdc, 0xff, 0x29, 0x86, 0xdc, 0xff,
    0x29, 0x86, 0xdc, 0xff, 0x29, 0x86, 0xdc, 0xff, 0x29, 0x86, 0xdc, 0xff, 0x29, 0x86, 0xdc, 0xff,
    0x29, 0x86, 0xdc, 0xff, 0x29, 0x86, 0xdc, 0xff, 0x29, 0x86, 0xdc, 0xff, 0x29, 0x86, 0xdc, 0xff,
    0x29, 0x86, 0xdc, 0xff, 0x29, 0x86, 0xdc, 0xff, 0x29, 0x86, 0xdc, 0xff, 0x29, 0x86, 0xdc, 0xff,
    0x29, 0x86, 0xdc, 0xff, 0x29, 0x86, 0xdc, 0xff, 0x29, 0x86, 0xdc, 0xff, 0x29, 0x86, 0xdc, 0xff,
    0x29, 0x86, 0xdc, 0xff, 0x29, 0x86, 0xdc, 0xff, 0x29, 0x86, 0xdc, 0xff, 0x29, 0x86, 0xdc, 0xff,
    0x29, 0x86, 0xdc, 0xff, 0x29, 0x86, 0xdc, 0xff, 0x29, 0x86, 0xdc, 0xff, 0x29, 0x86, 0xdc, 0xff,
    0x29, 0x86, 0xdc, 0xff, 0x29, 0x86, 0xdc, 0xff, 0x29, 0x86, 0xdc, 0xff, 0x29, 0x86, 0xdc, 0xff,
    0x29, 0x86, 0xdc, 0xff, 0x29, 0x86, 0xdc, 0xff, 0x29, 0x86, 0xdc, 0xff, 0x29, 0x86, 0xdc, 0xff,
    0x29, 0x86, 0xdc, 0xff, 0x29, 0x86, 0xdc, 0xff, 0x29, 0x86, 0xdc, 0xff, 0x29, 0x86, 0xdc, 0xff,
    0x29, 0x86, 0xdc, 0xff, 0x29, 0x86, 0xdc, 0xff, 0x29, 0x86, 0xdc, 0xff, 0x29, 0x86, 0xdc, 0xff,
    0x29, 0x86, 0xdc, 0xff, 0x29, 0x86, 0xdc, 0xff, 0x29, 0x86, 0xdc, 0xff, 0x29, 0x86, 0xdc, 0xff,
    0x29, 0x86, 0xdc, 0xff, 0x29, 0x86, 0xdc, 0xff, 0x29, 0x86, 0xdc, 0xff, 0x29, 0x86, 0xdc, 0xff,
    0x29, 0x86, 0xdc, 0xff, 0x29, 0x86, 0xdc, 0xff, 0x29, 0x86, 0xdc, 0xff, 0x29, 0x86, 0xdc, 0xff,
    0x29, 0x86, 0xdc, 0xff, 0x29, 0x86, 0xdc, 0xff, 0x29, 0x86, 0xdc, 0xff, 0x29, 0x86, 0xdc, 0xff,
    0x29, 0x86, 0xdc, 0xff, 0x29, 0x86, 0xdc, 0xff, 0x29, 0x86, 0xdc, 0xff, 0x29, 0x86, 0xdc, 0xff,
    0x29, 0x86, 0xdc, 0xff, 0x29, 0x86, 0xdc, 0xff, 0x65, 0xa8, 0xe5, 0xff, 0xf5, 0xf9, 0xfd, 0xff,
    0xff, 0xff, 0xff, 0xff, 0xff, 0xff, 0xff, 0xff, 0xff, 0xff, 0xff, 0xff, 0xff, 0xff, 0xff, 0xff,
    0xff, 0xff, 0xff, 0xff, 0xff, 0xff, 0xff, 0xff, 0xff, 0xff, 0xff, 0xff, 0xff, 0xff, 0xff, 0xff,
    0xff, 0xff, 0xff, 0xff, 0xff, 0xff, 0xff, 0xff, 0xff, 0xff, 0xff, 0xff, 0xff, 0xff, 0xff, 0xff,
    0xff, 0xff, 0xff, 0xff, 0xff, 0xff, 0xff, 0xff, 0xfb, 0xfd, 0xfe, 0xff, 0xcc, 0xe2, 0xf6, 0xff,
    0x9a, 0xc6, 0xee, 0xff, 0x75, 0xb1, 0xe8, 0xff, 0x58, 0xa0, 0xe3, 0xff, 0x3d, 0x91, 0xdf, 0xff,
    0x33, 0x8b, 0xdd, 0xff, 0x29, 0x86, 0xdc, 0xff, 0x29, 0x86, 0xdc, 0xff, 0x33, 0x8b, 0xdd, 0xff,
    0x40, 0x93, 0xe0, 0xff, 0x58, 0xa0, 0xe3, 0xff, 0x79, 0xb3, 0xe9, 0xff, 0x9e, 0xc8, 0xef, 0xff,
    0xc9, 0xe0, 0xf6, 0xff, 0xf8, 0xfb, 0xfe, 0xff, 0xff, 0xff, 0xff, 0xff, 0xff, 0xff, 0xff, 0xff,
    0xff, 0xff, 0xff, 0xff, 0xff, 0xff, 0xff, 0xff, 0xff, 0xff, 0xff, 0xff, 0xff, 0xff, 0xff, 0xff,
    0xff, 0xff, 0xff, 0xff, 0xff, 0xff, 0xff, 0xff, 0xff, 0xff, 0xff, 0xff, 0xff, 0xff, 0xff, 0xff,
    0xff, 0xff, 0xff, 0xff, 0xff, 0xff, 0xff, 0xff, 0xff, 0xff, 0xff, 0xff, 0xff, 0xff, 0xff, 0xff,
    0xf5, 0xf9, 0xfd, 0xff, 0x65, 0xa8, 0xe6, 0xff, 0x29, 0x86, 0xdc, 0xff, 0x29, 0x86, 0xdc, 0xff,
    0x29, 0x86, 0xdc, 0xff, 0x29, 0x86, 0xdc, 0xff, 0x29, 0x86, 0xdc, 0xff, 0x29, 0x86, 0xdc, 0xff,
    0x29, 0x86, 0xdc, 0xff, 0x29, 0x86, 0xdc, 0xff, 0x29, 0x86, 0xdc, 0xff, 0x29, 0x86, 0xdc, 0xff,
    0x29, 0x86, 0xdc, 0xff, 0x29, 0x86, 0xdc, 0xff, 0x29, 0x86, 0xdc, 0xff, 0x29, 0x86, 0xdc, 0xff,
    0x29, 0x86, 0xdc, 0xff, 0x29, 0x86, 0xdc, 0xff, 0x29, 0x86, 0xdc, 0xff, 0x29, 0x86, 0xdc, 0xff,
    0x29, 0x86, 0xdc, 0xff, 0x29, 0x86, 0xdc, 0xff, 0x29, 0x86, 0xdc, 0xff, 0x29, 0x86, 0xdc, 0xff,
    0x29, 0x86, 0xdc, 0xff, 0x29, 0x86, 0xdc, 0xff, 0x29, 0x86, 0xdc, 0xff, 0x29, 0x86, 0xdc, 0xff,
    0x29, 0x86, 0xdc, 0xff, 0x29, 0x86, 0xdc, 0xff, 0x29, 0x86, 0xdc, 0xff, 0x29, 0x86, 0xdc, 0xff,
    0x29, 0x86, 0xdc, 0xff, 0x29, 0x86, 0xdc, 0xff, 0x29, 0x86, 0xdc, 0xff, 0x29, 0x86, 0xdc, 0xff,
    0x29, 0x86, 0xdc, 0xff, 0x29, 0x86, 0xdc, 0xff, 0x29, 0x86, 0xdc, 0xff, 0x29, 0x86, 0xdc, 0xff,
    0x29, 0x86, 0xdc, 0xff, 0x29, 0x86, 0xdc, 0xff, 0x29, 0x86, 0xdc, 0xff, 0x29, 0x86, 0xdc, 0xff,
    0x29, 0x86, 0xdc, 0xff, 0x29, 0x86, 0xdc, 0xff, 0x29, 0x86, 0xdc, 0xff, 0x29, 0x86, 0xdc, 0xff,
    0x29, 0x86, 0xdc, 0xff, 0x29, 0x86, 0xdc, 0xff, 0x29, 0x86, 0xdc, 0xff, 0x29, 0x86, 0xdc, 0xff,
    0x29, 0x86, 0xdc, 0xff, 0x29, 0x86, 0xdc, 0xff, 0x29, 0x86, 0xdc, 0xff, 0x29, 0x86, 0xdc, 0xff,
    0x29, 0x86, 0xdc, 0xff, 0x29, 0x86, 0xdc, 0xff, 0x29, 0x86, 0xdc, 0xff, 0x29, 0x86, 0xdc, 0xff,
    0x29, 0x86, 0xdc, 0xff, 0x29, 0x86, 0xdc, 0xff, 0x29, 0x86, 0xdc, 0xff, 0x29, 0x86, 0xdc, 0xff,
    0x29, 0x86, 0xdc, 0xff, 0x29, 0x86, 0xdc, 0xff, 0x29, 0x86, 0xdc, 0xff, 0x29, 0x86, 0xdc, 0xff,
    0x29, 0x86, 0xdc, 0xff, 0x29, 0x86, 0xdc, 0xff, 0x29, 0x86, 0xdc, 0xff, 0x29, 0x86, 0xdc, 0xff,
    0x29, 0x86, 0xdc, 0xff, 0x29, 0x86, 0xdc, 0xff, 0x29, 0x86, 0xdc, 0xff, 0x29, 0x86, 0xdc, 0xff,
    0x29, 0x86, 0xdc, 0xff, 0x29, 0x86, 0xdc, 0xff, 0x29, 0x86, 0xdc, 0xff, 0x29, 0x86, 0xdc, 0xff,
    0x29, 0x86, 0xdc, 0xff, 0x29, 0x86, 0xdc, 0xff, 0x29, 0x86, 0xdc, 0xff, 0x79, 0xb3, 0xe9, 0xff,
    0xfb, 0xfd, 0xfe, 0xff, 0xff, 0xff, 0xff, 0xff, 0xff, 0xff, 0xff, 0xff, 0xff, 0xff, 0xff, 0xff,
    0xff, 0xff, 0xff, 0xff, 0xff, 0xff, 0xff, 0xff, 0xff, 0xff, 0xff, 0xff, 0xff, 0xff, 0xff, 0xff,
    0xff, 0xff, 0xff, 0xff, 0xff, 0xff, 0xff, 0xff, 0xff, 0xff, 0xff, 0xff, 0xff, 0xff, 0xff, 0xff,
    0xff, 0xff, 0xff, 0xff, 0xfb, 0xfd, 0xfe, 0xff, 0xb5, 0xd5, 0xf3, 0xff, 0x6b, 0xab, 0xe7, 0xff,
    0x33, 0x8b, 0xdd, 0xff, 0x29, 0x86, 0xdc, 0xff, 0x29, 0x86, 0xdc, 0xff, 0x29, 0x86, 0xdc, 0xff,
    0x29, 0x86, 0xdc, 0xff, 0x29, 0x86, 0xdc, 0xff, 0x29, 0x86, 0xdc, 0xff, 0x29, 0x86, 0xdc, 0xff,
    0x29, 0x86, 0xdc, 0xff, 0x29, 0x86, 0xdc, 0xff, 0x29, 0x86, 0xdc, 0xff, 0x29, 0x86, 0xdc, 0xff,
    0x29, 0x86, 0xdc, 0xff, 0x29, 0x86, 0xdc, 0xff, 0x29, 0x86, 0xdc, 0xff, 0x33, 0x8b, 0xdd, 0xff,
    0x68, 0xaa, 0xe6, 0xff, 0xb2, 0xd3, 0xf2, 0xff, 0xf8, 0xfb, 0xfe, 0xff, 0xff, 0xff, 0xff, 0xff,
    0xff, 0xff, 0xff, 0xff, 0xff, 0xff, 0xff, 0xff, 0xff, 0xff, 0xff, 0xff, 0xff, 0xff, 0xff, 0xff,
    0xff, 0xff, 0xff, 0xff, 0xff, 0xff, 0xff, 0xff, 0xff, 0xff, 0xff, 0xff, 0xff, 0xff, 0xff, 0xff,
    0xff, 0xff, 0xff, 0xff, 0xff, 0xff, 0xff, 0xff, 0xff, 0xff, 0xff, 0xff, 0xfb, 0xfd, 0xfe, 0xff,
    0x79, 0xb3, 0xe9, 0xff, 0x29, 0x86, 0xdc, 0xff, 0x29, 0x86, 0xdc, 0xff, 0x29, 0x86, 0xdc, 0xff,
    0x29, 0x86, 0xdc, 0xff, 0x29, 0x86, 0xdc, 0xff, 0x29, 0x86, 0xdc, 0xff, 0x29, 0x86, 0xdc, 0xff,
    0x29, 0x86, 0xdc, 0xff, 0x29, 0x86, 0xdc, 0xff, 0x29, 0x86, 0xdc, 0xff, 0x29, 0x86, 0xdc, 0xff,
    0x29, 0x86, 0xdc, 0xff, 0x29, 0x86, 0xdc, 0xff, 0x29, 0x86, 0xdc, 0xff, 0x29, 0x86, 0xdc, 0xff,
    0x29, 0x86, 0xdc, 0xff, 0x29, 0x86, 0xdc, 0xff, 0x29, 0x86, 0xdc, 0xff, 0x29, 0x86, 0xdc, 0xff,
    0x29, 0x86, 0xdc, 0xff, 0x29, 0x86, 0xdc, 0xff, 0x29, 0x86, 0xdc, 0xff, 0x29, 0x86, 0xdc, 0xff,
    0x29, 0x86, 0xdc, 0xff, 0x29, 0x86, 0xdc, 0xff, 0x29, 0x86, 0xdc, 0xff, 0x29, 0x86, 0xdc, 0xff,
    0x29, 0x86, 0xdc, 0xff, 0x29, 0x86, 0xdc, 0xff, 0x29, 0x86, 0xdc, 0xff, 0x29, 0x86, 0xdc, 0xff,
    0x29, 0x86, 0xdc, 0xff, 0x29, 0x86, 0xdc, 0xff, 0x29, 0x86, 0xdc, 0xff, 0x29, 0x86, 0xdc, 0xff,
    0x29, 0x86, 0xdc, 0xff, 0x29, 0x86, 0xdc, 0xff, 0x29, 0x86, 0xdc, 0xff, 0x29, 0x86, 0xdc, 0xff,
    0x29, 0x86, 0xdc, 0xff, 0x29, 0x86, 0xdc, 0xff, 0x29, 0x86, 0xdc, 0xff, 0x29, 0x86, 0xdc, 0xff,
    0x29, 0x86, 0xdc, 0xff, 0x29, 0x86, 0xdc, 0xff, 0x29, 0x86, 0xdc, 0xff, 0x29, 0x86, 0xdc, 0xff,
    0x29, 0x86, 0xdc, 0xff, 0x29, 0x86, 0xdc, 0xff, 0x29, 0x86, 0xdc, 0xff, 0x29, 0x86, 0xdc, 0xff,
    0x29, 0x86, 0xdc, 0xff, 0x29, 0x86, 0xdc, 0xff, 0x29, 0x86, 0xdc, 0xff, 0x29, 0x86, 0xdc, 0xff,
    0x29, 0x86, 0xdc, 0xff, 0x29, 0x86, 0xdc, 0xff, 0x29, 0x86, 0xdc, 0xff, 0x29, 0x86, 0xdc, 0xff,
    0x29, 0x86, 0xdc, 0xff, 0x29, 0x86, 0xdc, 0xff, 0x29, 0x86, 0xdc, 0xff, 0x29, 0x86, 0xdc, 0xff,
    0x29, 0x86, 0xdc, 0xff, 0x29, 0x86, 0xdc, 0xff, 0x29, 0x86, 0xdc, 0xff, 0x29, 0x86, 0xdc, 0xff,
    0x29, 0x86, 0xdc, 0xff, 0x29, 0x86, 0xdc, 0xff, 0x29, 0x86, 0xdc, 0xff, 0x29, 0x86, 0xdc, 0xff,
    0x29, 0x86, 0xdc, 0xff, 0x29, 0x86, 0xdc, 0xff, 0x29, 0x86, 0xdc, 0xff, 0x29, 0x86, 0xdc, 0xff,
    0x29, 0x86, 0xdc, 0xff, 0x29, 0x86, 0xdc, 0xff, 0x29, 0x86, 0xdc, 0xff, 0x29, 0x86, 0xdc, 0xff,
    0x86, 0xbb, 0xeb, 0xff, 0xff, 0xff, 0xff, 0xff, 0xff, 0xff, 0xff, 0xff, 0xff, 0xff, 0xff, 0xff,
    0xff, 0xff, 0xff, 0xff, 0xff, 0xff, 0xff, 0xff, 0xff, 0xff, 0xff, 0xff, 0xff, 0xff, 0xff, 0xff,
    0xff, 0xff, 0xff, 0xff, 0xff, 0xff, 0xff, 0xff, 0xff, 0xff, 0xff, 0xff, 0xff, 0xff, 0xff, 0xff,
    0xff, 0xff, 0xff, 0xff, 0xeb, 0xf3, 0xfb, 0xff, 0x90, 0xc0, 0xed, 0xff, 0x36, 0x8d, 0xde, 0xff,
    0x29, 0x86, 0xdc, 0xff, 0x29, 0x86, 0xdc, 0xff, 0x29, 0x86, 0xdc, 0xff, 0x29, 0x86, 0xdc, 0xff,
    0x29, 0x86, 0xdc, 0xff, 0x29, 0x86, 0xdc, 0xff, 0x29, 0x86, 0xdc, 0xff, 0x29, 0x86, 0xdc, 0xff,
    0x29, 0x86, 0xdc, 0xff, 0x29, 0x86, 0xdc, 0xff, 0x29, 0x86, 0xdc, 0xff, 0x29, 0x86, 0xdc, 0xff,
    0x29, 0x86, 0xdc, 0xff, 0x29, 0x86, 0xdc, 0xff, 0x29, 0x86, 0xdc, 0xff, 0x29, 0x86, 0xdc, 0xff,
    0x29, 0x86, 0xdc, 0xff, 0x29, 0x86, 0xdc, 0xff, 0x29, 0x86, 0xdc, 0xff, 0x29, 0x86, 0xdc, 0xff,
    0x36, 0x8d, 0xde, 0xff, 0x8a, 0xbc, 0xeb, 0xff, 0xeb, 0xf3, 0xfb, 0xff, 0xff, 0xff, 0xff, 0xff,
    0xff, 0xff, 0xff, 0xff, 0xff, 0xff, 0xff, 0xff, 0xff, 0xff, 0xff, 0xff, 0xff, 0xff, 0xff, 0xff,
    0xff, 0xff, 0xff, 0xff, 0xff, 0xff, 0xff, 0xff, 0xff, 0xff, 0xff, 0xff, 0xff, 0xff, 0xff, 0xff,
    0xff, 0xff, 0xff, 0xff, 0xff, 0xff, 0xff, 0xff, 0xff, 0xff, 0xff, 0xff, 0x86, 0xba, 0xeb, 0xff,
    0x29, 0x86, 0xdc, 0xff, 0x29, 0x86, 0xdc, 0xff, 0x29, 0x86, 0xdc, 0xff, 0x29, 0x86, 0xdc, 0xff,
    0x29, 0x86, 0xdc, 0xff, 0x29, 0x86, 0xdc, 0xff, 0x29, 0x86, 0xdc, 0xff, 0x29, 0x86, 0xdc, 0xff,
    0x29, 0x86, 0xdc, 0xff, 0x29, 0x86, 0xdc, 0xff, 0x29, 0x86, 0xdc, 0xff, 0x29, 0x86, 0xdc, 0xff,
    0x29, 0x86, 0xdc, 0xff, 0x29, 0x86, 0xdc, 0xff, 0x29, 0x86, 0xdc, 0xff, 0x29, 0x86, 0xdc, 0xff,
    0x29, 0x86, 0xdc, 0xff, 0x29, 0x86, 0xdc, 0xff, 0x29, 0x86, 0xdc, 0xff, 0x29, 0x86, 0xdc, 0xff,
    0x29, 0x86, 0xdc, 0xff, 0x29, 0x86, 0xdc, 0xff, 0x29, 0x86, 0xdc, 0xff, 0x29, 0x86, 0xdc, 0xff,
    0x29, 0x86, 0xdc, 0xff, 0x29, 0x86, 0xdc, 0xff, 0x29, 0x86, 0xdc, 0xff, 0x29, 0x86, 0xdc, 0xff,
    0x29, 0x86, 0xdc, 0xff, 0x29, 0x86, 0xdc, 0xff, 0x29, 0x86, 0xdc, 0xff, 0x29, 0x86, 0xdc, 0xff,
    0x29, 0x86, 0xdc, 0xff, 0x29, 0x86, 0xdc, 0xff, 0x29, 0x86, 0xdc, 0xff, 0x29, 0x86, 0xdc, 0xff,
    0x29, 0x86, 0xdc, 0xff, 0x29, 0x86, 0xdc, 0xff, 0x29, 0x86, 0xdc, 0xff, 0x29, 0x86, 0xdc, 0xff,
    0x29, 0x86, 0xdc, 0xff, 0x29, 0x86, 0xdc, 0xff, 0x29, 0x86, 0xdc, 0xff, 0x29, 0x86, 0xdc, 0xff,
    0x29, 0x86, 0xdc, 0xff, 0x29, 0x86, 0xdc, 0xff, 0x29, 0x86, 0xdc, 0xff, 0x29, 0x86, 0xdc, 0xff,
    0x29, 0x86, 0xdc, 0xff, 0x29, 0x86, 0xdc, 0xff, 0x29, 0x86, 0xdc, 0xff, 0x29, 0x86, 0xdc, 0xff,
    0x29, 0x86, 0xdc, 0xff, 0x29, 0x86, 0xdc, 0xff, 0x29, 0x86, 0xdc, 0xff, 0x29, 0x86, 0xdc, 0xff,
    0x29, 0x86, 0xdc, 0xff, 0x29, 0x86, 0xdc, 0xff, 0x29, 0x86, 0xdc, 0xff, 0x29, 0x86, 0xdc, 0xff,
    0x29, 0x86, 0xdc, 0xff, 0x29, 0x86, 0xdc, 0xff, 0x29, 0x86, 0xdc, 0xff, 0x29, 0x86, 0xdc, 0xff,
    0x29, 0x86, 0xdc, 0xff, 0x29, 0x86, 0xdc, 0xff, 0x29, 0x86, 0xdc, 0xff, 0x29, 0x86, 0xdc, 0xff,
    0x29, 0x86, 0xdc, 0xff, 0x29, 0x86, 0xdc, 0xff, 0x29, 0x86, 0xdc, 0xff, 0x29, 0x86, 0xdc, 0xff,
    0x29, 0x86, 0xdc, 0xff, 0x29, 0x86, 0xdc, 0xff, 0x29, 0x86, 0xdc, 0xff, 0x29, 0x86, 0xdc, 0xff,
    0x29, 0x86, 0xdc, 0xff, 0x79, 0xb3, 0xe9, 0xff, 0xff, 0xff, 0xff, 0xff, 0xff, 0xff, 0xff, 0xff,
    0xff, 0xff, 0xff, 0xff, 0xff, 0xff, 0xff, 0xff, 0xff, 0xff, 0xff, 0xff, 0xff, 0xff, 0xff, 0xff,
    0xff, 0xff, 0xff, 0xff, 0xff, 0xff, 0xff, 0xff, 0xff, 0xff, 0xff, 0xff, 0xff, 0xff, 0xff, 0xff,
    0xff, 0xff, 0xff, 0xff, 0xf1, 0xf7, 0xfc, 0xff, 0x90, 0xc0, 0xed, 0xff, 0x2f, 0x89, 0xdd, 0xff,
    0x29, 0x86, 0xdc, 0xff, 0x29, 0x86, 0xdc, 0xff, 0x29, 0x86, 0xdc, 0xff, 0x29, 0x86, 0xdc, 0xff,
    0x29, 0x86, 0xdc, 0xff, 0x29, 0x86, 0xdc, 0xff, 0x29, 0x86, 0xdc, 0xff, 0x29, 0x86, 0xdc, 0xff,
    0x29, 0x86, 0xdc, 0xff, 0x29, 0x86, 0xdc, 0xff, 0x29, 0x86, 0xdc, 0xff, 0x29, 0x86, 0xdc, 0xff,
    0x29, 0x86, 0xdc, 0xff, 0x29, 0x86, 0xdc, 0xff, 0x29, 0x86, 0xdc, 0xff, 0x29, 0x86, 0xdc, 0xff,
    0x29, 0x86, 0xdc, 0xff, 0x29, 0x86, 0xdc, 0xff, 0x29, 0x86, 0xdc, 0xff, 0x29, 0x86, 0xdc, 0xff,
    0x29, 0x86, 0xdc, 0xff, 0x29, 0x86, 0xdc, 0xff, 0x29, 0x86, 0xdc, 0xff, 0x29, 0x86, 0xdc, 0xff,
    0x2f, 0x89, 0xdd, 0xff, 0x86, 0xba, 0xeb, 0xff, 0xf8, 0xfb, 0xfe, 0xff, 0xff, 0xff, 0xff, 0xff,
    0xff, 0xff, 0xff, 0xff, 0xff, 0xff, 0xff, 0xff, 0xff, 0xff, 0xff, 0xff, 0xff, 0xff, 0xff, 0xff,
    0xff, 0xff, 0xff, 0xff, 0xff, 0xff, 0xff, 0xff, 0xff, 0xff, 0xff, 0xff, 0xff, 0xff, 0xff, 0xff,
    0xff, 0xff, 0xff, 0xff, 0xff, 0xff, 0xff, 0xff, 0x79, 0xb3, 0xe9, 0xff, 0x29, 0x86, 0xdc, 0xff,
    0x29, 0x86, 0xdc, 0xff, 0x29, 0x86, 0xdc, 0xff, 0x29, 0x86, 0xdc, 0xff, 0x29, 0x86, 0xdc, 0xff,
    0x29, 0x86, 0xdc, 0xff, 0x29, 0x86, 0xdc, 0xff, 0x29, 0x86, 0xdc, 0xff, 0x29, 0x86, 0xdc, 0xff,
    0x29, 0x86, 0xdc, 0xff, 0x29, 0x86, 0xdc, 0xff, 0x29, 0x86, 0xdc, 0xff, 0x29, 0x86, 0xdc, 0xff,
    0x29, 0x86, 0xdc, 0xff, 0x29, 0x86, 0xdc, 0xff, 0x29, 0x86, 0xdc, 0xff, 0x29, 0x86, 0xdc, 0xff,
    0x29, 0x86, 0xdc, 0xff, 0x29, 0x86, 0xdc, 0xff, 0x29, 0x86, 0xdc, 0xff, 0x29, 0x86, 0xdc, 0xff,
    0x29, 0x86, 0xdc, 0xff, 0x29, 0x86, 0xdc, 0xff, 0x29, 0x86, 0xdc, 0xff, 0x29, 0x86, 0xdc, 0xff,
    0x29, 0x86, 0xdc, 0xff, 0x29, 0x86, 0xdc, 0xff, 0x29, 0x86, 0xdc, 0xff, 0x29, 0x86, 0xdc, 0xff,
    0x29, 0x86, 0xdc, 0xff, 0x29, 0x86, 0xdc, 0xff, 0x29, 0x86, 0xdc, 0xff, 0x29, 0x86, 0xdc, 0xff,
    0x29, 0x86, 0xdc, 0xff, 0x29, 0x86, 0xdc, 0xff, 0x29, 0x86, 0xdc, 0xff, 0x29, 0x86, 0xdc, 0xff,
    0x29, 0x86, 0xdc, 0xff, 0x29, 0x86, 0xdc, 0xff, 0x29, 0x86, 0xdc, 0xff, 0x29, 0x86, 0xdc, 0xff,
    0x29, 0x86, 0xdc, 0xff, 0x29, 0x86, 0xdc, 0xff, 0x29, 0x86, 0xdc, 0xff, 0x29, 0x86, 0xdc, 0xff,
    0x29, 0x86, 0xdc, 0xff, 0x29, 0x86, 0xdc, 0xff, 0x29, 0x86, 0xdc, 0xff, 0x29, 0x86, 0xdc, 0xff,
    0x29, 0x86, 0xdc, 0xff, 0x29, 0x86, 0xdc, 0xff, 0x29, 0x86, 0xdc, 0xff, 0x29, 0x86, 0xdc, 0xff,
    0x29, 0x86, 0xdc, 0xff, 0x29, 0x86, 0xdc, 0xff, 0x29, 0x86, 0xdc, 0xff, 0x29, 0x86, 0xdc, 0xff,
    0x29, 0x86, 0xdc, 0xff, 0x29, 0x86, 0xdc, 0xff, 0x29, 0x86, 0xdc, 0xff, 0x29, 0x86, 0xdc, 0xff,
    0x29, 0x86, 0xdc, 0xff, 0x29, 0x86, 0xdc, 0xff, 0x29, 0x86, 0xdc, 0xff, 0x29, 0x86, 0xdc, 0xff,
    0x29, 0x86, 0xdc, 0xff, 0x29, 0x86, 0xdc, 0xff, 0x29, 0x86, 0xdc, 0xff, 0x29, 0x86, 0xdc, 0xff,
    0x29, 0x86, 0xdc, 0xff, 0x29, 0x86, 0xdc, 0xff, 0x29, 0x86, 0xdc, 0xff, 0x29, 0x86, 0xdc, 0xff,
    0x29, 0x86, 0xdc, 0xff, 0x29, 0x86, 0xdc, 0xff, 0x65, 0xa8, 0xe5, 0xff, 0xfb, 0xfd, 0xfe, 0xff,
    0xff, 0xff, 0xff, 0xff, 0xff, 0xff, 0xff, 0xff, 0xff, 0xff, 0xff, 0xff, 0xff, 0xff, 0xff, 0xff,
    0xff, 0xff, 0xff, 0xff, 0xff, 0xff, 0xff, 0xff, 0xff, 0xff, 0xff, 0xff, 0xff, 0xff, 0xff, 0xff,
    0xff, 0xff, 0xff, 0xff, 0xff, 0xff, 0xff, 0xff, 0xbf, 0xdb, 0xf4, 0xff, 0x40, 0x93, 0xe0, 0xff,
    0x29, 0x86, 0xdc, 0xff, 0x29, 0x86, 0xdc, 0xff, 0x29, 0x86, 0xdc, 0xff, 0x29, 0x86, 0xdc, 0xff,
    0x29, 0x86, 0xdc, 0xff, 0x29, 0x86, 0xdc, 0xff, 0x29, 0x86, 0xdc, 0xff, 0x29, 0x86, 0xdc, 0xff,
    0x29, 0x86, 0xdc, 0xff, 0x29, 0x86, 0xdc, 0xff, 0x36, 0x8d, 0xde, 0xff, 0x6f, 0xad, 0xe7, 0xff,
    0x79, 0xb3, 0xe9, 0xff, 0x54, 0x9e, 0xe3, 0xff, 0x29, 0x86, 0xdc, 0xff, 0x29, 0x86, 0xdc, 0xff,
    0x29, 0x86, 0xdc, 0xff, 0x29, 0x86, 0xdc, 0xff, 0x29, 0x86, 0xdc, 0xff, 0x29, 0x86, 0xdc, 0xff,
    0x29, 0x86, 0xdc, 0xff, 0x29, 0x86, 0xdc, 0xff, 0x29, 0x86, 0xdc, 0xff, 0x29, 0x86, 0xdc, 0xff,
    0x29, 0x86, 0xdc, 0xff, 0x29, 0x86, 0xdc, 0xff, 0x29, 0x86, 0xdc, 0xff, 0x29, 0x86, 0xdc, 0xff,
    0x3d, 0x91, 0xdf, 0xff, 0xb5, 0xd5, 0xf3, 0xff, 0xff, 0xff, 0xff, 0xff, 0xff, 0xff, 0xff, 0xff,
    0xff, 0xff, 0xff, 0xff, 0xff, 0xff, 0xff, 0xff, 0xff, 0xff, 0xff, 0xff, 0xff, 0xff, 0xff, 0xff,
    0xff, 0xff, 0xff, 0xff, 0xff, 0xff, 0xff, 0xff, 0xff, 0xff, 0xff, 0xff, 0xff, 0xff, 0xff, 0xff,
    0xfb, 0xfd, 0xfe, 0xff, 0x65, 0xa8, 0xe6, 0xff, 0x29, 0x86, 0xdc, 0xff, 0x29, 0x86, 0xdc, 0xff,
    0x29, 0x86, 0xdc, 0xff, 0x29, 0x86, 0xdc, 0xff, 0x29, 0x86, 0xdc, 0xff, 0x29, 0x86, 0xdc, 0xff,
    0x29, 0x86, 0xdc, 0xff, 0x29, 0x86, 0xdc, 0xff, 0x29, 0x86, 0xdc, 0xff, 0x29, 0x86, 0xdc, 0xff,
    0x29, 0x86, 0xdc, 0xff, 0x29, 0x86, 0xdc, 0xff, 0x29, 0x86, 0xdc, 0xff, 0x29, 0x86, 0xdc, 0xff,
    0x29, 0x86, 0xdc, 0xff, 0x29, 0x86, 0xdc, 0xff, 0x29, 0x86, 0xdc, 0xff, 0x29, 0x86, 0xdc, 0xff,
    0x29, 0x86, 0xdc, 0xff, 0x29, 0x86, 0xdc, 0xff, 0x29, 0x86, 0xdc, 0xff, 0x29, 0x86, 0xdc, 0xff,
    0x29, 0x86, 0xdc, 0xff, 0x29, 0x86, 0xdc, 0xff, 0x29, 0x86, 0xdc, 0xff, 0x29, 0x86, 0xdc, 0xff,
    0x29, 0x86, 0xdc, 0xff, 0x29, 0x86, 0xdc, 0xff, 0x29, 0x86, 0xdc, 0xff, 0x29, 0x86, 0xdc, 0xff,
    0x29, 0x86, 0xdc, 0xff, 0x29, 0x86, 0xdc, 0xff, 0x29, 0x86, 0xdc, 0xff, 0x29, 0x86, 0xdc, 0xff,
    0x29, 0x86, 0xdc, 0xff, 0x29, 0x86, 0xdc, 0xff, 0x29, 0x86, 0xdc, 0xff, 0x29, 0x86, 0xdc, 0xff,
    0x29, 0x86, 0xdc, 0xff, 0x29, 0x86, 0xdc, 0xff, 0x29, 0x86, 0xdc, 0xff, 0x29, 0x86, 0xdc, 0xff,
    0x29, 0x86, 0xdc, 0xff, 0x29, 0x86, 0xdc, 0xff, 0x29, 0x86, 0xdc, 0xff, 0x29, 0x86, 0xdc, 0xff,
    0x29, 0x86, 0xdc, 0xff, 0x29, 0x86, 0xdc, 0xff, 0x29, 0x86, 0xdc, 0xff, 0x29, 0x86, 0xdc, 0xff,
    0x29, 0x86, 0xdc, 0xff, 0x29, 0x86, 0xdc, 0xff, 0x29, 0x86, 0xdc, 0xff, 0x29, 0x86, 0xdc, 0xff,
    0x29, 0x86, 0xdc, 0xff, 0x29, 0x86, 0xdc, 0xff, 0x29, 0x86, 0xdc, 0xff, 0x29, 0x86, 0xdc, 0xff,
    0x29, 0x86, 0xdc, 0xff, 0x29, 0x86, 0xdc, 0xff, 0x29, 0x86, 0xdc, 0xff, 0x29, 0x86, 0xdc, 0xff,
    0x29, 0x86, 0xdc, 0xff, 0x29, 0x86, 0xdc, 0xff, 0x29, 0x86, 0xdc, 0xff, 0x29, 0x86, 0xdc, 0xff,
    0x29, 0x86, 0xdc, 0xff, 0x29, 0x86, 0xdc, 0xff, 0x29, 0x86, 0xdc, 0xff, 0x29, 0x86, 0xdc, 0xff,
    0x29, 0x86, 0xdc, 0xff, 0x29, 0x86, 0xdc, 0xff, 0x29, 0x86, 0xdc, 0xff, 0x47, 0x97, 0xe0, 0xff,
    0xf5, 0xf9, 0xfd, 0xff, 0xff, 0xff, 0xff, 0xff, 0xff, 0xff, 0xff, 0xff, 0xff, 0xff, 0xff, 0xff,
    0xff, 0xff, 0xff, 0xff, 0xff, 0xff, 0xff, 0xff, 0xff, 0xff, 0xff, 0xff, 0xff, 0xff, 0xff, 0xff,
    0xff, 0xff, 0xff, 0xff, 0xff, 0xff, 0xff, 0xff, 0xf8, 0xfb, 0xfe, 0xff, 0x79, 0xb3, 0xe9, 0xff,
    0x29, 0x86, 0xdc, 0xff, 0x29, 0x86, 0xdc, 0xff, 0x29, 0x86, 0xdc, 0xff, 0x29, 0x86, 0xdc, 0xff,
    0x29, 0x86, 0xdc, 0xff, 0x29, 0x86, 0xdc, 0xff, 0x29, 0x86, 0xdc, 0xff, 0x29, 0x86, 0xdc, 0xff,
    0x29, 0x86, 0xdc, 0xff, 0x29, 0x86, 0xdc, 0xff, 0x29, 0x86, 0xdc, 0xff, 0x8d, 0xbe, 0xec, 0xff,
    0xf8, 0xfb, 0xfe, 0xff, 0xff, 0xff, 0xff, 0xff, 0xff, 0xff, 0xff, 0xff, 0xff, 0xff, 0xff, 0xff,
    0xc9, 0xe0, 0xf6, 0xff, 0x43, 0x95, 0xe0, 0xff, 0x29, 0x86, 0xdc, 0xff, 0x29, 0x86, 0xdc, 0xff,
    0x29, 0x86, 0xdc, 0xff, 0x29, 0x86, 0xdc, 0xff, 0x29, 0x86, 0xdc, 0xff, 0x29, 0x86, 0xdc, 0xff,
    0x29, 0x86, 0xdc, 0xff, 0x29, 0x86, 0xdc, 0xff, 0x29, 0x86, 0xdc, 0xff, 0x29, 0x86, 0xdc, 0xff,
    0x29, 0x86, 0xdc, 0xff, 0x29, 0x86, 0xdc, 0xff, 0x29, 0x86, 0xdc, 0xff, 0x29, 0x86, 0xdc, 0xff,
    0x79, 0xb3, 0xe9, 0xff, 0xf8, 0xfb, 0xfe, 0xff, 0xff, 0xff, 0xff, 0xff, 0xff, 0xff, 0xff, 0xff,
    0xff, 0xff, 0xff, 0xff, 0xff, 0xff, 0xff, 0xff, 0xff, 0xff, 0xff, 0xff, 0xff, 0xff, 0xff, 0xff,
    0xff, 0xff, 0xff, 0xff, 0xff, 0xff, 0xff, 0xff, 0xff, 0xff, 0xff, 0xff, 0xf5, 0xf9, 0xfd, 0xff,
    0x47, 0x97, 0xe0, 0xff, 0x29, 0x86, 0xdc, 0xff, 0x29, 0x86, 0xdc, 0xff, 0x29, 0x86, 0xdc, 0xff,
    0x29, 0x86, 0xdc, 0xff, 0x29, 0x86, 0xdc, 0xff, 0x29, 0x86, 0xdc, 0xff, 0x29, 0x86, 0xdc, 0xff,
    0x29, 0x86, 0xdc, 0xff, 0x29, 0x86, 0xdc, 0xff, 0x29, 0x86, 0xdc, 0xff, 0x29, 0x86, 0xdc, 0xff,
    0x29, 0x86, 0xdc, 0xff, 0x29, 0x86, 0xdc, 0xff, 0x29, 0x86, 0xdc, 0xff, 0x29, 0x86, 0xdc, 0xff,
    0x29, 0x86, 0xdc, 0xff, 0x29, 0x86, 0xdc, 0xff, 0x29, 0x86, 0xdc, 0xff, 0x29, 0x86, 0xdc, 0xff,
    0x29, 0x86, 0xdc, 0xff, 0x29, 0x86, 0xdc, 0xff, 0x29, 0x86, 0xdc, 0xff, 0x29, 0x86, 0xdc, 0xff,
    0x29, 0x86, 0xdc, 0xff, 0x29, 0x86, 0xdc, 0xff, 0x29, 0x86, 0xdc, 0xff, 0x29, 0x86, 0xdc, 0xff,
    0x29, 0x86, 0xdc, 0xff, 0x29, 0x86, 0xdc, 0xff, 0x29, 0x86, 0xdc, 0xff, 0x29, 0x86, 0xdc, 0xff,
    0x29, 0x86, 0xdc, 0xff, 0x29, 0x86, 0xdc, 0xff, 0x29, 0x86, 0xdc, 0xff, 0x29, 0x86, 0xdc, 0xff,
    0x29, 0x86, 0xdc, 0xff, 0x29, 0x86, 0xdc, 0xff, 0x29, 0x86, 0xdc, 0xff, 0x29, 0x86, 0xdc, 0xff,
    0x29, 0x86, 0xdc, 0xff, 0x29, 0x86, 0xdc, 0xff, 0x29, 0x86, 0xdc, 0xff, 0x29, 0x86, 0xdc, 0xff,
    0x29, 0x86, 0xdc, 0xff, 0x29, 0x86, 0xdc, 0xff, 0x29, 0x86, 0xdc, 0xff, 0x29, 0x86, 0xdc, 0xff,
    0x29, 0x86, 0xdc, 0xff, 0x29, 0x86, 0xdc, 0xff, 0x29, 0x86, 0xdc, 0xff, 0x29, 0x86, 0xdc, 0xff,
    0x29, 0x86, 0xdc, 0xff, 0x29, 0x86, 0xdc, 0xff, 0x29, 0x86, 0xdc, 0xff, 0x29, 0x86, 0xdc, 0xff,
    0x29, 0x86, 0xdc, 0xff, 0x29, 0x86, 0xdc, 0xff, 0x29, 0x86, 0xdc, 0xff, 0x29, 0x86, 0xdc, 0xff,
    0x29, 0x86, 0xdc, 0xff, 0x29, 0x86, 0xdc, 0xff, 0x29, 0x86, 0xdc, 0xff, 0x29, 0x86, 0xdc, 0xff,
    0x29, 0x86, 0xdc, 0xff, 0x29, 0x86, 0xdc, 0xff, 0x29, 0x86, 0xdc, 0xff, 0x29, 0x86, 0xdc, 0xff,
    0x29, 0x86, 0xdc, 0xff, 0x29, 0x86, 0xdc, 0xff, 0x29, 0x86, 0xdc, 0xff, 0x29, 0x86, 0xdc, 0xff,
    0x2f, 0x89, 0xdd, 0xff, 0xdd, 0xec, 0xf9, 0xff, 0xff, 0xff, 0xff, 0xff, 0xff, 0xff, 0xff, 0xff,
    0xff, 0xff, 0xff, 0xff, 0xff, 0xff, 0xff, 0xff, 0xff, 0xff, 0xff, 0xff, 0xff, 0xff, 0xff, 0xff,
    0xff, 0xff, 0xff, 0xff, 0xff, 0xff, 0xff, 0xff, 0xff, 0xff, 0xff, 0xff, 0xe4, 0xef, 0xfa, 0xff,
    0x4e, 0x9a, 0xe2, 0xff, 0x29, 0x86, 0xdc, 0xff, 0x29, 0x86, 0xdc, 0xff, 0x29, 0x86, 0xdc, 0xff,
    0x29, 0x86, 0xdc, 0xff, 0x29, 0x86, 0xdc, 0xff, 0x29, 0x86, 0xdc, 0xff, 0x29, 0x86, 0xdc, 0xff,
    0x29, 0x86, 0xdc, 0xff, 0x29, 0x86, 0xdc, 0xff, 0x29, 0x86, 0xdc, 0xff, 0x29, 0x86, 0xdc, 0xff,
    0x8d, 0xbe, 0xec, 0xff, 0xff, 0xff, 0xff, 0xff, 0xff, 0xff, 0xff, 0xff, 0xff, 0xff, 0xff, 0xff,
    0xff, 0xff, 0xff, 0xff, 0xff, 0xff, 0xff, 0xff, 0xff, 0xff, 0xff, 0xff, 0xdd, 0xec, 0xf9, 0xff,
    0x2f, 0x89, 0xdd, 0xff, 0x29, 0x86, 0xdc, 0xff, 0x29, 0x86, 0xdc, 0xff, 0x29, 0x86, 0xdc, 0xff,
    0x29, 0x86, 0xdc, 0xff, 0x29, 0x86, 0xdc, 0xff, 0x29, 0x86, 0xdc, 0xff, 0x29, 0x86, 0xdc, 0xff,
    0x29, 0x86, 0xdc, 0xff, 0x29, 0x86, 0xdc, 0xff, 0x29, 0x86, 0xdc, 0xff, 0x29, 0x86, 0xdc, 0xff,
    0x29, 0x86, 0xdc, 0xff, 0x29, 0x86, 0xdc, 0xff, 0x29, 0x86, 0xdc, 0xff, 0x51, 0x9c, 0xe2, 0xff,
    0xe4, 0xef, 0xfa, 0xff, 0xff, 0xff, 0xff, 0xff, 0xff, 0xff, 0xff, 0xff, 0xff, 0xff, 0xff, 0xff,
    0xff, 0xff, 0xff, 0xff, 0xff, 0xff, 0xff, 0xff, 0xff, 0xff, 0xff, 0xff, 0xff, 0xff, 0xff, 0xff,
    0xff, 0xff, 0xff, 0xff, 0xff, 0xff, 0xff, 0xff, 0xdd, 0xec, 0xf9, 0xff, 0x2f, 0x89, 0xdd, 0xff,
    0x29, 0x86, 0xdc, 0xff, 0x29, 0x86, 0xdc, 0xff, 0x29, 0x86, 0xdc, 0xff, 0x29, 0x86, 0xdc, 0xff,
    0x29, 0x86, 0xdc, 0xff, 0x29, 0x86, 0xdc, 0xff, 0x29, 0x86, 0xdc, 0xff, 0x29, 0x86, 0xdc, 0xff,
    0x29, 0x86, 0xdc, 0xff, 0x29, 0x86, 0xdc, 0xff, 0x29, 0x86, 0xdc, 0xff, 0x29, 0x86, 0xdc, 0xff,
    0x29, 0x86, 0xdc, 0xff, 0x29, 0x86, 0xdc, 0xff, 0x29, 0x86, 0xdc, 0xff, 0x29, 0x86, 0xdc, 0xff,
    0x29, 0x86, 0xdc, 0xff, 0x29, 0x86, 0xdc, 0xff, 0x29, 0x86, 0xdc, 0xff, 0x29, 0x86, 0xdc, 0xff,
    0x29, 0x86, 0xdc, 0xff, 0x29, 0x86, 0xdc, 0xff, 0x29, 0x86, 0xdc, 0xff, 0x29, 0x86, 0xdc, 0xff,
    0x29, 0x86, 0xdc, 0xff, 0x29, 0x86, 0xdc, 0xff, 0x29, 0x86, 0xdc, 0xff, 0x29, 0x86, 0xdc, 0xff,
    0x29, 0x86, 0xdc, 0xff, 0x29, 0x86, 0xdc, 0xff, 0x29, 0x86, 0xdc, 0xff, 0x29, 0x86, 0xdc, 0xff,
    0x29, 0x86, 0xdc, 0xff, 0x29, 0x86, 0xdc, 0xff, 0x29, 0x86, 0xdc, 0xff, 0x29, 0x86, 0xdc, 0xff,
    0x29, 0x86, 0xdc, 0xff, 0x29, 0x86, 0xdc, 0xff, 0x29, 0x86, 0xdc, 0xff, 0x29, 0x86, 0xdc, 0xff,
    0x29, 0x86, 0xdc, 0xff, 0x29, 0x86, 0xdc, 0xff, 0x29, 0x86, 0xdc, 0xff, 0x29, 0x86, 0xdc, 0xff,
    0x29, 0x86, 0xdc, 0xff, 0x29, 0x86, 0xdc, 0xff, 0x29, 0x86, 0xdc, 0xff, 0x29, 0x86, 0xdc, 0xff,
    0x29, 0x86, 0xdc, 0xff, 0x29, 0x86, 0xdc, 0xff, 0x29, 0x86, 0xdc, 0xff, 0x29, 0x86, 0xdc, 0xff,
    0x29, 0x86, 0xdc, 0xff, 0x29, 0x86, 0xdc, 0xff, 0x29, 0x86, 0xdc, 0xff, 0x29, 0x86, 0xdc, 0xff,
    0x29, 0x86, 0xdc, 0xff, 0x29, 0x86, 0xdc, 0xff, 0x29, 0x86, 0xdc, 0xff, 0x29, 0x86, 0xdc, 0xff,
    0x29, 0x86, 0xdc, 0xff, 0x29, 0x86, 0xdc, 0xff, 0x29, 0x86, 0xdc, 0xff, 0x29, 0x86, 0xdc, 0xff,
    0x29, 0x86, 0xdc, 0xff, 0x29, 0x86, 0xdc, 0xff, 0x29, 0x86, 0xdc, 0xff, 0x29, 0x86, 0xdc, 0xff,
    0x29, 0x86, 0xdc, 0xff, 0x29, 0x86, 0xdc, 0xff, 0xa8, 0xce, 0xf0, 0xff, 0xff, 0xff, 0xff, 0xff,
    0xff, 0xff, 0xff, 0xff, 0xff, 0xff, 0xff, 0xff, 0xff, 0xff, 0xff, 0xff, 0xff, 0xff, 0xff, 0xff,
    0xff, 0xff, 0xff, 0xff, 0xff, 0xff, 0xff, 0xff, 0xff, 0xff, 0xff, 0xff, 0xff, 0xff, 0xff, 0xff,
    0xdd, 0xec, 0xf9, 0xff, 0x40, 0x93, 0xe0, 0xff, 0x29, 0x86, 0xdc, 0xff, 0x29, 0x86, 0xdc, 0xff,
    0x29, 0x86, 0xdc, 0xff, 0x29, 0x86, 0xdc, 0xff, 0x29, 0x86, 0xdc, 0xff, 0x29, 0x86, 0xdc, 0xff,
    0x29, 0x86, 0xdc, 0xff, 0x29, 0x86, 0xdc, 0xff, 0x29, 0x86, 0xdc, 0xff, 0x29, 0x86, 0xdc, 0xff,
    0x29, 0x86, 0xdc, 0xff, 0x33, 0x8b, 0xdd, 0xff, 0xf8, 0xfb, 0xfe, 0xff, 0xff, 0xff, 0xff, 0xff,
    0xff, 0xff, 0xff, 0xff, 0xff, 0xff, 0xff, 0xff, 0xff, 0xff, 0xff, 0xff, 0xff, 0xff, 0xff, 0xff,
    0xff, 0xff, 0xff, 0xff, 0xff, 0xff, 0xff, 0xff, 0x7c, 0xb5, 0xe9, 0xff, 0x29, 0x86, 0xdc, 0xff,
    0x29, 0x86, 0xdc, 0xff, 0x29, 0x86, 0xdc, 0xff, 0x29, 0x86, 0xdc, 0xff, 0x29, 0x86, 0xdc, 0xff,
    0x29, 0x86, 0xdc, 0xff, 0x29, 0x86, 0xdc, 0xff, 0x29, 0x86, 0xdc, 0xff, 0x29, 0x86, 0xdc, 0xff,
    0x29, 0x86, 0xdc, 0xff, 0x29, 0x86, 0xdc, 0xff, 0x29, 0x86, 0xdc, 0xff, 0x29, 0x86, 0xdc, 0xff,
    0x29, 0x86, 0xdc, 0xff, 0x29, 0x86, 0xdc, 0xff, 0x43, 0x95, 0xe0, 0xff, 0xdd, 0xec, 0xf9, 0xff,
    0xff, 0xff, 0xff, 0xff, 0xff, 0xff, 0xff, 0xff, 0xff, 0xff, 0xff, 0xff, 0xff, 0xff, 0xff, 0xff,
    0xff, 0xff, 0xff, 0xff, 0xff, 0xff, 0xff, 0xff, 0xff, 0xff, 0xff, 0xff, 0xff, 0xff, 0xff, 0xff,
    0xff, 0xff, 0xff, 0xff, 0xab, 0xcf, 0xf1, 0xff, 0x29, 0x86, 0xdc, 0xff, 0x29, 0x86, 0xdc, 0xff,
    0x29, 0x86, 0xdc, 0xff, 0x29, 0x86, 0xdc, 0xff, 0x29, 0x86, 0xdc, 0xff, 0x29, 0x86, 0xdc, 0xff,
    0x29, 0x86, 0xdc, 0xff, 0x29, 0x86, 0xdc, 0xff, 0x29, 0x86, 0xdc, 0xff, 0x29, 0x86, 0xdc, 0xff,
    0x29, 0x86, 0xdc, 0xff, 0x29, 0x86, 0xdc, 0xff, 0x29, 0x86, 0xdc, 0xff, 0x29, 0x86, 0xdc, 0xff,
    0x29, 0x86, 0xdc, 0xff, 0x29, 0x86, 0xdc, 0xff, 0x29, 0x86, 0xdc, 0xff, 0x29, 0x86, 0xdc, 0xff,
    0x29, 0x86, 0xdc, 0xff, 0x29, 0x86, 0xdc, 0xff, 0x29, 0x86, 0xdc, 0xff, 0x29, 0x86, 0xdc, 0xff,
    0x29, 0x86, 0xdc, 0xff, 0x29, 0x86, 0xdc, 0xff, 0x29, 0x86, 0xdc, 0xff, 0x29, 0x86, 0xdc, 0xff,
    0x29, 0x86, 0xdc, 0xff, 0x29, 0x86, 0xdc, 0xff, 0x29, 0x86, 0xdc, 0xff, 0x29, 0x86, 0xdc, 0xff,
    0x29, 0x86, 0xdc, 0xff, 0x29, 0x86, 0xdc, 0xff, 0x29, 0x86, 0xdc, 0xff, 0x29, 0x86, 0xdc, 0xff,
    0x29, 0x86, 0xdc, 0xff, 0x29, 0x86, 0xdc, 0xff, 0x29, 0x86, 0xdc, 0xff, 0x29, 0x86, 0xdc, 0xff,
    0x29, 0x86, 0xdc, 0xff, 0x29, 0x86, 0xdc, 0xff, 0x29, 0x86, 0xdc, 0xff, 0x29, 0x86, 0xdc, 0xff,
    0x29, 0x86, 0xdc, 0xff, 0x29, 0x86, 0xdc, 0xff, 0x29, 0x86, 0xdc, 0xff, 0x29, 0x86, 0xdc, 0xff,
    0x29, 0x86, 0xdc, 0xff, 0x29, 0x86, 0xdc, 0xff, 0x29, 0x86, 0xdc, 0xff, 0x29, 0x86, 0xdc, 0xff,
    0x29, 0x86, 0xdc, 0xff, 0x29, 0x86, 0xdc, 0xff, 0x29, 0x86, 0xdc, 0xff, 0x29, 0x86, 0xdc, 0xff,
    0x29, 0x86, 0xdc, 0xff, 0x29, 0x86, 0xdc, 0xff, 0x29, 0x86, 0xdc, 0xff, 0x29, 0x86, 0xdc, 0xff,
    0x29, 0x86, 0xdc, 0xff, 0x29, 0x86, 0xdc, 0xff, 0x29, 0x86, 0xdc, 0xff, 0x29, 0x86, 0xdc, 0xff,
    0x29, 0x86, 0xdc, 0xff, 0x29, 0x86, 0xdc, 0xff, 0x29, 0x86, 0xdc, 0xff, 0x29, 0x86, 0xdc, 0xff,
    0x29, 0x86, 0xdc, 0xff, 0x29, 0x86, 0xdc, 0xff, 0x29, 0x86, 0xdc, 0xff, 0x5e, 0xa4, 0xe4, 0xff,
    0xff, 0xff, 0xff, 0xff, 0xff, 0xff, 0xff, 0xff, 0xff, 0xff, 0xff, 0xff, 0xff, 0xff, 0xff, 0xff,
    0xff, 0xff, 0xff, 0xff, 0xff, 0xff, 0xff, 0xff, 0xff, 0xff, 0xff, 0xff, 0xff, 0xff, 0xff, 0xff,
    0xff, 0xff, 0xff, 0xff, 0xdd, 0xec, 0xf9, 0xff, 0x3d, 0x91, 0xdf, 0xff, 0x29, 0x86, 0xdc, 0xff,
    0x29, 0x86, 0xdc, 0xff, 0x29, 0x86, 0xdc, 0xff, 0x29, 0x86, 0xdc, 0xff, 0x29, 0x86, 0xdc, 0xff,
    0x29, 0x86, 0xdc, 0xff, 0x29, 0x86, 0xdc, 0xff, 0x29, 0x86, 0xdc, 0xff, 0x29, 0x86, 0xdc, 0xff,
    0x29, 0x86, 0xdc, 0xff, 0x29, 0x86, 0xdc, 0xff, 0x29, 0x86, 0xdc, 0xff, 0x5e, 0xa4, 0xe4, 0xff,
    0xff, 0xff, 0xff, 0xff, 0xff, 0xff, 0xff, 0xff, 0xff, 0xff, 0xff, 0xff, 0xff, 0xff, 0xff, 0xff,
    0xff, 0xff, 0xff, 0xff, 0xff, 0xff, 0xff, 0xff, 0xff, 0xff, 0xff, 0xff, 0xff, 0xff, 0xff, 0xff,
    0xb2, 0xd3, 0xf2, 0xff, 0x29, 0x86, 0xdc, 0xff, 0x29, 0x86, 0xdc, 0xff, 0x29, 0x86, 0xdc, 0xff,
    0x29, 0x86, 0xdc, 0xff, 0x29, 0x86, 0xdc, 0xff, 0x29, 0x86, 0xdc, 0xff, 0x29, 0x86, 0xdc, 0xff,
    0x29, 0x86, 0xdc, 0xff, 0x29, 0x86, 0xdc, 0xff, 0x29, 0x86, 0xdc, 0xff, 0x29, 0x86, 0xdc, 0xff,
    0x29, 0x86, 0xdc, 0xff, 0x29, 0x86, 0xdc, 0xff, 0x29, 0x86, 0xdc, 0xff, 0x29, 0x86, 0xdc, 0xff,
    0x29, 0x86, 0xdc, 0xff, 0x3d, 0x91, 0xdf, 0xff, 0xdd, 0xec, 0xf9, 0xff, 0xff, 0xff, 0xff, 0xff,
    0xff, 0xff, 0xff, 0xff, 0xff, 0xff, 0xff, 0xff, 0xff, 0xff, 0xff, 0xff, 0xff, 0xff, 0xff, 0xff,
    0xff, 0xff, 0xff, 0xff, 0xff, 0xff, 0xff, 0xff, 0xff, 0xff, 0xff, 0xff, 0xff, 0xff, 0xff, 0xff,
    0x65, 0xa8, 0xe6, 0xff, 0x29, 0x86, 0xdc, 0xff, 0x29, 0x86, 0xdc, 0xff, 0x29, 0x86, 0xdc, 0xff,
    0x29, 0x86, 0xdc, 0xff, 0x29, 0x86, 0xdc, 0xff, 0x29, 0x86, 0xdc, 0xff, 0x29, 0x86, 0xdc, 0xff,
    0x29, 0x86, 0xdc, 0xff, 0x29, 0x86, 0xdc, 0xff, 0x29, 0x86, 0xdc, 0xff, 0x29, 0x86, 0xdc, 0xff,
    0x29, 0x86, 0xdc, 0xff, 0x29, 0x86, 0xdc, 0xff, 0x29, 0x86, 0xdc, 0xff, 0x29, 0x86, 0xdc, 0xff,
    0x29, 0x86, 0xdc, 0xff, 0x29, 0x86, 0xdc, 0xff, 0x29, 0x86, 0xdc, 0xff, 0x29, 0x86, 0xdc, 0xff,
    0x29, 0x86, 0xdc, 0xff, 0x29, 0x86, 0xdc, 0xff, 0x29, 0x86, 0xdc, 0xff, 0x29, 0x86, 0xdc, 0xff,
    0x29, 0x86, 0xdc, 0xff, 0x29, 0x86, 0xdc, 0xff, 0x29, 0x86, 0xdc, 0xff, 0x29, 0x86, 0xdc, 0xff,
    0x29, 0x86, 0xdc, 0xff, 0x29, 0x86, 0xdc, 0xff, 0x29, 0x86, 0xdc, 0xff, 0x29, 0x86, 0xdc, 0xff,
    0x29, 0x86, 0xdc, 0xff, 0x29, 0x86, 0xdc, 0xff, 0x29, 0x86, 0xdc, 0xff, 0x29, 0x86, 0xdc, 0xff,
    0x29, 0x86, 0xdc, 0xff, 0x29, 0x86, 0xdc, 0xff, 0x29, 0x86, 0xdc, 0xff, 0x29, 0x86, 0xdc, 0xff,
    0x29, 0x86, 0xdc, 0xff, 0x29, 0x86, 0xdc, 0xff, 0x29, 0x86, 0xdc, 0xff, 0x29, 0x86, 0xdc, 0xff,
    0x29, 0x86, 0xdc, 0xff, 0x29, 0x86, 0xdc, 0xff, 0x29, 0x86, 0xdc, 0xff, 0x29, 0x86, 0xdc, 0xff,
    0x29, 0x86, 0xdc, 0xff, 0x29, 0x86, 0xdc, 0xff, 0x29, 0x86, 0xdc, 0xff, 0x29, 0x86, 0xdc, 0xff,
    0x29, 0x86, 0xdc, 0xff, 0x29, 0x86, 0xdc, 0xff, 0x29, 0x86, 0xdc, 0xff, 0x29, 0x86, 0xdc, 0xff,
    0x29, 0x86, 0xdc, 0xff, 0x29, 0x86, 0xdc, 0xff, 0x29, 0x86, 0xdc, 0xff, 0x29, 0x86, 0xdc, 0xff,
    0x29, 0x86, 0xdc, 0xff, 0x29, 0x86, 0xdc, 0xff, 0x29, 0x86, 0xdc, 0xff, 0x29, 0x86, 0xdc, 0xff,
    0x29, 0x86, 0xdc, 0xff, 0x29, 0x86, 0xdc, 0xff, 0x29, 0x86, 0xdc, 0xff, 0x29, 0x86, 0xdc, 0xff,
    0x2f, 0x89, 0xdd, 0xff, 0xe4, 0xf0, 0xfa, 0xff, 0xff, 0xff, 0xff, 0xff, 0xff, 0xff, 0xff, 0xff,
    0xff, 0xff, 0xff, 0xff, 0xff, 0xff, 0xff, 0xff, 0xff, 0xff, 0xff, 0xff, 0xff, 0xff, 0xff, 0xff,
    0xff, 0xff, 0xff, 0xff, 0xff, 0xff, 0xff, 0xff, 0xe4, 0xef, 0xfa, 0xff, 0x43, 0x95, 0xe0, 0xff,
    0x29, 0x86, 0xdc, 0xff, 0x29, 0x86, 0xdc, 0xff, 0x29, 0x86, 0xdc, 0xff, 0x29, 0x86, 0xdc, 0xff,
    0x29, 0x86, 0xdc, 0xff, 0x29, 0x86, 0xdc, 0xff, 0x29, 0x86, 0xdc, 0xff, 0x29, 0x86, 0xdc, 0xff,
    0x29, 0x86, 0xdc, 0xff, 0x29, 0x86, 0xdc, 0xff, 0x29, 0x86, 0xdc, 0xff, 0x29, 0x86, 0xdc, 0xff,
    0x29, 0x86, 0xdc, 0xff, 0x6c, 0xab, 0xe6, 0xff, 0xff, 0xff, 0xff, 0xff, 0xff, 0xff, 0xff, 0xff,
    0xff, 0xff, 0xff, 0xff, 0xff, 0xff, 0xff, 0xff, 0xff, 0xff, 0xff, 0xff, 0xff, 0xff, 0xff, 0xff,
    0xff, 0xff, 0xff, 0xff, 0xff, 0xff, 0xff, 0xff, 0xbc, 0xd9, 0xf4, 0xff, 0x29, 0x86, 0xdc, 0xff,
    0x29, 0x86, 0xdc, 0xff, 0x29, 0x86, 0xdc, 0xff, 0x29, 0x86, 0xdc, 0xff, 0x29, 0x86, 0xdc, 0xff,
    0x29, 0x86, 0xdc, 0xff, 0x29, 0x86, 0xdc, 0xff, 0x29, 0x86, 0xdc, 0xff, 0x29, 0x86, 0xdc, 0xff,
    0x29, 0x86, 0xdc, 0xff, 0x29, 0x86, 0xdc, 0xff, 0x29, 0x86, 0xdc, 0xff, 0x29, 0x86, 0xdc, 0xff,
    0x29, 0x86, 0xdc, 0xff, 0x29, 0x86, 0xdc, 0xff, 0x29, 0x86, 0xdc, 0xff, 0x29, 0x86, 0xdc, 0xff,
    0x40, 0x93, 0xe0, 0xff, 0xe4, 0xef, 0xfa, 0xff, 0xff, 0xff, 0xff, 0xff, 0xff, 0xff, 0xff, 0xff,
    0xff, 0xff, 0xff, 0xff, 0xff, 0xff, 0xff, 0xff, 0xff, 0xff, 0xff, 0xff, 0xff, 0xff, 0xff, 0xff,
    0xff, 0xff, 0xff, 0xff, 0xff, 0xff, 0xff, 0xff, 0xe1, 0xed, 0xfa, 0xff, 0x2f, 0x89, 0xdd, 0xff,
    0x29, 0x86, 0xdc, 0xff, 0x29, 0x86, 0xdc, 0xff, 0x29, 0x86, 0xdc, 0xff, 0x29, 0x86, 0xdc, 0xff,
    0x29, 0x86, 0xdc, 0xff, 0x29, 0x86, 0xdc, 0xff, 0x29, 0x86, 0xdc, 0xff, 0x29, 0x86, 0xdc, 0xff,
    0x29, 0x86, 0xdc, 0xff, 0x29, 0x86, 0xdc, 0xff, 0x29, 0x86, 0xdc, 0xff, 0x29, 0x86, 0xdc, 0xff,
    0x29, 0x86, 0xdc, 0xff, 0x29, 0x86, 0xdc, 0xff, 0x29, 0x86, 0xdc, 0xff, 0x29, 0x86, 0xdc, 0xff,
    0x29, 0x86, 0xdc, 0xff, 0x29, 0x86, 0xdc, 0xff, 0x29, 0x86, 0xdc, 0xff, 0x29, 0x86, 0xdc, 0xff,
    0x29, 0x86, 0xdc, 0xff, 0x29, 0x86, 0xdc, 0xff, 0x29, 0x86, 0xdc, 0xff, 0x29, 0x86, 0xdc, 0xff,
    0x29, 0x86, 0xdc, 0xff, 0x29, 0x86, 0xdc, 0xff, 0x29, 0x86, 0xdc, 0xff, 0x29, 0x86, 0xdc, 0xff,
    0x29, 0x86, 0xdc, 0xff, 0x29, 0x86, 0xdc, 0xff, 0x29, 0x86, 0xdc, 0xff, 0x29, 0x86, 0xdc, 0xff,
    0x29, 0x86, 0xdc, 0xff, 0x29, 0x86, 0xdc, 0xff, 0x29, 0x86, 0xdc, 0xff, 0x29, 0x86, 0xdc, 0xff,
    0x29, 0x86, 0xdc, 0xff, 0x29, 0x86, 0xdc, 0xff, 0x29, 0x86, 0xdc, 0xff, 0x29, 0x86, 0xdc, 0xff,
    0x29, 0x86, 0xdc, 0xff, 0x29, 0x86, 0xdc, 0xff, 0x29, 0x86, 0xdc, 0xff, 0x29, 0x86, 0xdc, 0xff,
    0x29, 0x86, 0xdc, 0xff, 0x29, 0x86, 0xdc, 0xff, 0x29, 0x86, 0xdc, 0xff, 0x29, 0x86, 0xdc, 0xff,
    0x29, 0x86, 0xdc, 0xff, 0x29, 0x86, 0xdc, 0xff, 0x29, 0x86, 0xdc, 0xff, 0x29, 0x86, 0xdc, 0xff,
    0x29, 0x86, 0xdc, 0xff, 0x29, 0x86, 0xdc, 0xff, 0x29, 0x86, 0xdc, 0xff, 0x29, 0x86, 0xdc, 0xff,
    0x29, 0x86, 0xdc, 0xff, 0x29, 0x86, 0xdc, 0xff, 0x29, 0x86, 0xdc, 0xff, 0x29, 0x86, 0xdc, 0xff,
    0x29, 0x86, 0xdc, 0xff, 0x29, 0x86, 0xdc, 0xff, 0x29, 0x86, 0xdc, 0xff, 0x29, 0x86, 0xdc, 0xff,
    0x29, 0x86, 0xdc, 0xff, 0x29, 0x86, 0xdc, 0xff, 0x86, 0xbb, 0xeb, 0xff, 0xff, 0xff, 0xff, 0xff,
    0xff, 0xff, 0xff, 0xff, 0xff, 0xff, 0xff, 0xff, 0xff, 0xff, 0xff, 0xff, 0xff, 0xff, 0xff, 0xff,
    0xff, 0xff, 0xff, 0xff, 0xff, 0xff, 0xff, 0xff, 0xff, 0xff, 0xff, 0xff, 0xf8, 0xfb, 0xfe, 0xff,
    0x51, 0x9c, 0xe2, 0xff, 0x29, 0x86, 0xdc, 0xff, 0x29, 0x86, 0xdc, 0xff, 0x29, 0x86, 0xdc, 0xff,
    0x29, 0x86, 0xdc, 0xff, 0x29, 0x86, 0xdc, 0xff, 0x29, 0x86, 0xdc, 0xff, 0x29, 0x86, 0xdc, 0xff,
    0x29, 0x86, 0xdc, 0xff, 0x29, 0x86, 0xdc, 0xff, 0x29, 0x86, 0xdc, 0xff, 0x29, 0x86, 0xdc, 0xff,
    0x29, 0x86, 0xdc, 0xff, 0x29, 0x86, 0xdc, 0xff, 0x29, 0x86, 0xdc, 0xff, 0x6c, 0xab, 0xe6, 0xff,
    0xff, 0xff, 0xff, 0xff, 0xff, 0xff, 0xff, 0xff, 0xff, 0xff, 0xff, 0xff, 0xff, 0xff, 0xff, 0xff,
    0xff, 0xff, 0xff, 0xff, 0xff, 0xff, 0xff, 0xff, 0xff, 0xff, 0xff, 0xff, 0xff, 0xff, 0xff, 0xff,
    0xbc, 0xd9, 0xf4, 0xff, 0x29, 0x86, 0xdc, 0xff, 0x29, 0x86, 0xdc, 0xff, 0x29, 0x86, 0xdc, 0xff,
    0x29, 0x86, 0xdc, 0xff, 0x29, 0x86, 0xdc, 0xff, 0x29, 0x86, 0xdc, 0xff, 0x29, 0x86, 0xdc, 0xff,
    0x29, 0x86, 0xdc, 0xff, 0x29, 0x86, 0xdc, 0xff, 0x29, 0x86, 0xdc, 0xff, 0x29, 0x86, 0xdc, 0xff,
    0x29, 0x86, 0xdc, 0xff, 0x29, 0x86, 0xdc, 0xff, 0x29, 0x86, 0xdc, 0xff, 0x29, 0x86, 0xdc, 0xff,
    0x29, 0x86, 0xdc, 0xff, 0x29, 0x86, 0xdc, 0xff, 0x29, 0x86, 0xdc, 0xff, 0x4d, 0x9b, 0xe2, 0xff,
    0xf8, 0xfb, 0xfe, 0xff, 0xff, 0xff, 0xff, 0xff, 0xff, 0xff, 0xff, 0xff, 0xff, 0xff, 0xff, 0xff,
    0xff, 0xff, 0xff, 0xff, 0xff, 0xff, 0xff, 0xff, 0xff, 0xff, 0xff, 0xff, 0xff, 0xff, 0xff, 0xff,
    0xff, 0xff, 0xff, 0xff, 0x90, 0xc0, 0xed, 0xff, 0x29, 0x86, 0xdc, 0xff, 0x29, 0x86, 0xdc, 0xff,
    0x29, 0x86, 0xdc, 0xff, 0x29, 0x86, 0xdc, 0xff, 0x29, 0x86, 0xdc, 0xff, 0x29, 0x86, 0xdc, 0xff,
    0x29, 0x86, 0xdc, 0xff, 0x29, 0x86, 0xdc, 0xff, 0x29, 0x86, 0xdc, 0xff, 0x29, 0x86, 0xdc, 0xff,
    0x29, 0x86, 0xdc, 0xff, 0x29, 0x86, 0xdc, 0xff, 0x29, 0x86, 0xdc, 0xff, 0x29, 0x86, 0xdc, 0xff,
    0x29, 0x86, 0xdc, 0xff, 0x29, 0x86, 0xdc, 0xff, 0x29, 0x86, 0xdc, 0xff, 0x29, 0x86, 0xdc, 0xff,
    0x29, 0x86, 0xdc, 0xff, 0x29, 0x86, 0xdc, 0xff, 0x29, 0x86, 0xdc, 0xff, 0x29, 0x86, 0xdc, 0xff,
    0x29, 0x86, 0xdc, 0xff, 0x29, 0x86, 0xdc, 0xff, 0x29, 0x86, 0xdc, 0xff, 0x29, 0x86, 0xdc, 0xff,
    0x29, 0x86, 0xdc, 0xff, 0x29, 0x86, 0xdc, 0xff, 0x29, 0x86, 0xdc, 0xff, 0x29, 0x86, 0xdc, 0xff,
    0x29, 0x86, 0xdc, 0xff, 0x29, 0x86, 0xdc, 0xff, 0x29, 0x86, 0xdc, 0xff, 0x29, 0x86, 0xdc, 0xff,
    0x29, 0x86, 0xdc, 0xff, 0x29, 0x86, 0xdc, 0xff, 0x29, 0x86, 0xdc, 0xff, 0x29, 0x86, 0xdc, 0xff,
    0x29, 0x86, 0xdc, 0xff, 0x29, 0x86, 0xdc, 0xff, 0x29, 0x86, 0xdc, 0xff, 0x29, 0x86, 0xdc, 0xff,
    0x29, 0x86, 0xdc, 0xff, 0x29, 0x86, 0xdc, 0xff, 0x29, 0x86, 0xdc, 0xff, 0x29, 0x86, 0xdc, 0xff,
    0x29, 0x86, 0xdc, 0xff, 0x29, 0x86, 0xdc, 0xff, 0x29, 0x86, 0xdc, 0xff, 0x29, 0x86, 0xdc, 0xff,
    0x29, 0x86, 0xdc, 0xff, 0x29, 0x86, 0xdc, 0xff, 0x29, 0x86, 0xdc, 0xff, 0x29, 0x86, 0xdc, 0xff,
    0x29, 0x86, 0xdc, 0xff, 0x29, 0x86, 0xdc, 0xff, 0x29, 0x86, 0xdc, 0xff, 0x29, 0x86, 0xdc, 0xff,
    0x29, 0x86, 0xdc, 0xff, 0x29, 0x86, 0xdc, 0xff, 0x29, 0x86, 0xdc, 0xff, 0x29, 0x86, 0xdc, 0xff,
    0x29, 0x86, 0xdc, 0xff, 0x29, 0x86, 0xdc, 0xff, 0x29, 0x86, 0xdc, 0xff, 0x36, 0x8d, 0xde, 0xff,
    0xf1, 0xf7, 0xfc, 0xff, 0xff, 0xff, 0xff, 0xff, 0xff, 0xff, 0xff, 0xff, 0xff, 0xff, 0xff, 0xff,
    0xff, 0xff, 0xff, 0xff, 0xff, 0xff, 0xff, 0xff, 0xff, 0xff, 0xff, 0xff, 0xff, 0xff, 0xff, 0xff,
    0xff, 0xff, 0xff, 0xff, 0x79, 0xb3, 0xe9, 0xff, 0x29, 0x86, 0xdc, 0xff, 0x29, 0x86, 0xdc, 0xff,
    0x29, 0x86, 0xdc, 0xff, 0x29, 0x86, 0xdc, 0xff, 0x29, 0x86, 0xdc, 0xff, 0x29, 0x86, 0xdc, 0xff,
    0x29, 0x86, 0xdc, 0xff, 0x29, 0x86, 0xdc, 0xff, 0x29, 0x86, 0xdc, 0xff, 0x29, 0x86, 0xdc, 0xff,
    0x29, 0x86, 0xdc, 0xff, 0x29, 0x86, 0xdc, 0xff, 0x29, 0x86, 0xdc, 0xff, 0x29, 0x86, 0xdc, 0xff,
    0x29, 0x86, 0xdc, 0xff, 0x6c, 0xab, 0xe6, 0xff, 0xff, 0xff, 0xff, 0xff, 0xff, 0xff, 0xff, 0xff,
    0xff, 0xff, 0xff, 0xff, 0xff, 0xff, 0xff, 0xff, 0xff, 0xff, 0xff, 0xff, 0xff, 0xff, 0xff, 0xff,
    0xff, 0xff, 0xff, 0xff, 0xff, 0xff, 0xff, 0xff, 0xbc, 0xd9, 0xf4, 0xff, 0x29, 0x86, 0xdc, 0xff,
    0x29, 0x86, 0xdc, 0xff, 0x29, 0x86, 0xdc, 0xff, 0x29, 0x86, 0xdc, 0xff, 0x29, 0x86, 0xdc, 0xff,
    0x29, 0x86, 0xdc, 0xff, 0x29, 0x86, 0xdc, 0xff, 0x29, 0x86, 0xdc, 0xff, 0x29, 0x86, 0xdc, 0xff,
    0x29, 0x86, 0xdc, 0xff, 0x29, 0x86, 0xdc, 0xff, 0x29, 0x86, 0xdc, 0xff, 0x29, 0x86, 0xdc, 0xff,
    0x29, 0x86, 0xdc, 0xff, 0x29, 0x86, 0xdc, 0xff, 0x29, 0x86, 0xdc, 0xff, 0x29, 0x86, 0xdc, 0xff,
    0x29, 0x86, 0xdc, 0xff, 0x29, 0x86, 0xdc, 0xff, 0x79, 0xb3, 0xe9, 0xff, 0xff, 0xff, 0xff, 0xff,
    0xff, 0xff, 0xff, 0xff, 0xff, 0xff, 0xff, 0xff, 0xff, 0xff, 0xff, 0xff, 0xff, 0xff, 0xff, 0xff,
    0xff, 0xff, 0xff, 0xff, 0xff, 0xff, 0xff, 0xff, 0xff, 0xff, 0xff, 0xff, 0xf1, 0xf7, 0xfc, 0xff,
    0x36, 0x8d, 0xde, 0xff, 0x29, 0x86, 0xdc, 0xff, 0x29, 0x86, 0xdc, 0xff, 0x29, 0x86, 0xdc, 0xff,
    0x29, 0x86, 0xdc, 0xff, 0x29, 0x86, 0xdc, 0xff, 0x29, 0x86, 0xdc, 0xff, 0x29, 0x86, 0xdc, 0xff,
    0x29, 0x86, 0xdc, 0xff, 0x29, 0x86, 0xdc, 0xff, 0x29, 0x86, 0xdc, 0xff, 0x29, 0x86, 0xdc, 0xff,
    0x29, 0x86, 0xdc, 0xff, 0x29, 0x86, 0xdc, 0xff, 0x29, 0x86, 0xdc, 0xff, 0x29, 0x86, 0xdc, 0xff,
    0x29, 0x86, 0xdc, 0xff, 0x29, 0x86, 0xdc, 0xff, 0x29, 0x86, 0xdc, 0xff, 0x29, 0x86, 0xdc, 0xff,
    0x29, 0x86, 0xdc, 0xff, 0x29, 0x86, 0xdc, 0xff, 0x29, 0x86, 0xdc, 0xff, 0x29, 0x86, 0xdc, 0xff,
    0x29, 0x86, 0xdc, 0xff, 0x29, 0x86, 0xdc, 0xff, 0x29, 0x86, 0xdc, 0xff, 0x29, 0x86, 0xdc, 0xff,
    0x29, 0x86, 0xdc, 0xff, 0x29, 0x86, 0xdc, 0xff, 0x29, 0x86, 0xdc, 0xff, 0x29, 0x86, 0xdc, 0xff,
    0x29, 0x86, 0xdc, 0xff, 0x29, 0x86, 0xdc, 0xff, 0x29, 0x86, 0xdc, 0xff, 0x29, 0x86, 0xdc, 0xff,
    0x29, 0x86, 0xdc, 0xff, 0x29, 0x86, 0xdc, 0xff, 0x29, 0x86, 0xdc, 0xff, 0x29, 0x86, 0xdc, 0xff,
    0x29, 0x86, 0xdc, 0xff, 0x29, 0x86, 0xdc, 0xff, 0x29, 0x86, 0xdc, 0xff, 0x29, 0x86, 0xdc, 0xff,
    0x29, 0x86, 0xdc, 0xff, 0x29, 0x86, 0xdc, 0xff, 0x29, 0x86, 0xdc, 0xff, 0x29, 0x86, 0xdc, 0xff,
    0x29, 0x86, 0xdc, 0xff, 0x29, 0x86, 0xdc, 0xff, 0x29, 0x86, 0xdc, 0xff, 0x29, 0x86, 0xdc, 0xff,
    0x29, 0x86, 0xdc, 0xff, 0x29, 0x86, 0xdc, 0xff, 0x29, 0x86, 0xdc, 0xff, 0x29, 0x86, 0xdc, 0xff,
    0x29, 0x86, 0xdc, 0xff, 0x29, 0x86, 0xdc, 0xff, 0x29, 0x86, 0xdc, 0xff, 0x29, 0x86, 0xdc, 0xff,
    0x29, 0x86, 0xdc, 0xff, 0x29, 0x86, 0xdc, 0xff, 0x29, 0x86, 0xdc, 0xff, 0x29, 0x86, 0xdc, 0xff,
    0x29, 0x86, 0xdc, 0xff, 0x94, 0xc2, 0xed, 0xff, 0xff, 0xff, 0xff, 0xff, 0xff, 0xff, 0xff, 0xff,
    0xff, 0xff, 0xff, 0xff, 0xff, 0xff, 0xff, 0xff, 0xff, 0xff, 0xff, 0xff, 0xff, 0xff, 0xff, 0xff,
    0xff, 0xff, 0xff, 0xff, 0xff, 0xff, 0xff, 0xff, 0xb5, 0xd5, 0xf3, 0xff, 0x29, 0x86, 0xdc, 0xff,
    0x29, 0x86, 0xdc, 0xff, 0x29, 0x86, 0xdc, 0xff, 0x29, 0x86, 0xdc, 0xff, 0x29, 0x86, 0xdc, 0xff,
    0x29, 0x86, 0xdc, 0xff, 0x29, 0x86, 0xdc, 0xff, 0x29, 0x86, 0xdc, 0xff, 0x29, 0x86, 0xdc, 0xff,
    0x29, 0x86, 0xdc, 0xff, 0x29, 0x86, 0xdc, 0xff, 0x29, 0x86, 0xdc, 0xff, 0x29, 0x86, 0xdc, 0xff,
    0x29, 0x86, 0xdc, 0xff, 0x29, 0x86, 0xdc, 0xff, 0x29, 0x86, 0xdc, 0xff, 0x6c, 0xab, 0xe6, 0xff,
    0xff, 0xff, 0xff, 0xff, 0xff, 0xff, 0xff, 0xff, 0xff, 0xff, 0xff, 0xff, 0xff, 0xff, 0xff, 0xff,
    0xff, 0xff, 0xff, 0xff, 0xff, 0xff, 0xff, 0xff, 0xff, 0xff, 0xff, 0xff, 0xff, 0xff, 0xff, 0xff,
    0xbc, 0xd9, 0xf4, 0xff, 0x29, 0x86, 0xdc, 0xff, 0x29, 0x86, 0xdc, 0xff, 0x29, 0x86, 0xdc, 0xff,
    0x29, 0x86, 0xdc, 0xff, 0x29, 0x86, 0xdc, 0xff, 0x29, 0x86, 0xdc, 0xff, 0x29, 0x86, 0xdc, 0xff,
    0x29, 0x86, 0xdc, 0xff, 0x29, 0x86, 0xdc, 0xff, 0x29, 0x86, 0xdc, 0xff, 0x29, 0x86, 0xdc, 0xff,
    0x29, 0x86, 0xdc, 0xff, 0x29, 0x86, 0xdc, 0xff, 0x29, 0x86, 0xdc, 0xff, 0x29, 0x86, 0xdc, 0xff,
    0x29, 0x86, 0xdc, 0xff, 0x29, 0x86, 0xdc, 0xff, 0x29, 0x86, 0xdc, 0xff, 0x29, 0x86, 0xdc, 0xff,
    0x29, 0x86, 0xdc, 0xff, 0xbf, 0xdb, 0xf4, 0xff, 0xff, 0xff, 0xff, 0xff, 0xff, 0xff, 0xff, 0xff,
    0xff, 0xff, 0xff, 0xff, 0xff, 0xff, 0xff, 0xff, 0xff, 0xff, 0xff, 0xff, 0xff, 0xff, 0xff, 0xff,
    0xff, 0xff, 0xff, 0xff, 0xff, 0xff, 0xff, 0xff, 0x94, 0xc2, 0xed, 0xff, 0x29, 0x86, 0xdc, 0xff,
    0x29, 0x86, 0xdc, 0xff, 0x29, 0x86, 0xdc, 0xff, 0x29, 0x86, 0xdc, 0xff, 0x29, 0x86, 0xdc, 0xff,
    0x29, 0x86, 0xdc, 0xff, 0x29, 0x86, 0xdc, 0xff, 0x29, 0x86, 0xdc, 0xff, 0x29, 0x86, 0xdc, 0xff,
    0x29, 0x86, 0xdc, 0xff, 0x29, 0x86, 0xdc, 0xff, 0x29, 0x86, 0xdc, 0xff, 0x29, 0x86, 0xdc, 0xff,
    0x29, 0x86, 0xdc, 0xff, 0x29, 0x86, 0xdc, 0xff, 0x29, 0x86, 0xdc, 0xff, 0x29, 0x86, 0xdc, 0xff,
    0x29, 0x86, 0xdc, 0xff, 0x29, 0x86, 0xdc, 0xff, 0x29, 0x86, 0xdc, 0xff, 0x29, 0x86, 0xdc, 0xff,
    0x29, 0x86, 0xdc, 0xff, 0x29, 0x86, 0xdc, 0xff, 0x29, 0x86, 0xdc, 0xff, 0x29, 0x86, 0xdc, 0xff,
    0x29, 0x86, 0xdc, 0xff, 0x29, 0x86, 0xdc, 0xff, 0x29, 0x86, 0xdc, 0xff, 0x29, 0x86, 0xdc, 0xff,
    0x29, 0x86, 0xdc, 0xff, 0x29, 0x86, 0xdc, 0xff, 0x29, 0x86, 0xdc, 0xff, 0x29, 0x86, 0xdc, 0xff,
    0x29, 0x86, 0xdc, 0xff, 0x29, 0x86, 0xdc, 0xff, 0x29, 0x86, 0xdc, 0xff, 0x29, 0x86, 0xdc, 0xff,
    0x29, 0x86, 0xdc, 0xff, 0x29, 0x86, 0xdc, 0xff, 0x29, 0x86, 0xdc, 0xff, 0x29, 0x86, 0xdc, 0xff,
    0x29, 0x86, 0xdc, 0xff, 0x29, 0x86, 0xdc, 0xff, 0x29, 0x86, 0xdc, 0xff, 0x29, 0x86, 0xdc, 0xff,
    0x29, 0x86, 0xdc, 0xff, 0x29, 0x86, 0xdc, 0xff, 0x29, 0x86, 0xdc, 0xff, 0x29, 0x86, 0xdc, 0xff,
    0x29, 0x86, 0xdc, 0xff, 0x29, 0x86, 0xdc, 0xff, 0x29, 0x86, 0xdc, 0xff, 0x29, 0x86, 0xdc, 0xff,
    0x29, 0x86, 0xdc, 0xff, 0x29, 0x86, 0xdc, 0xff, 0x29, 0x86, 0xdc, 0xff, 0x29, 0x86, 0xdc, 0xff,
    0x29, 0x86, 0xdc, 0xff, 0x29, 0x86, 0xdc, 0xff, 0x29, 0x86, 0xdc, 0xff, 0x29, 0x86, 0xdc, 0xff,
    0x29, 0x86, 0xdc, 0xff, 0x29, 0x86, 0xdc, 0xff, 0x2f, 0x89, 0xdd, 0xff, 0xeb, 0xf3, 0xfb, 0xff,
    0xff, 0xff, 0xff, 0xff, 0xff, 0xff, 0xff, 0xff, 0xff, 0xff, 0xff, 0xff, 0xff, 0xff, 0xff, 0xff,
    0xff, 0xff, 0xff, 0xff, 0xff, 0xff, 0xff, 0xff, 0xff, 0xff, 0xff, 0xff, 0xf8, 0xfb, 0xfe, 0xff,
    0x3d, 0x91, 0xdf, 0xff, 0x29, 0x86, 0xdc, 0xff, 0x29, 0x86, 0xdc, 0xff, 0x29, 0x86, 0xdc, 0xff,
    0x29, 0x86, 0xdc, 0xff, 0x29, 0x86, 0xdc, 0xff, 0x29, 0x86, 0xdc, 0xff, 0x29, 0x86, 0xdc, 0xff,
    0x29, 0x86, 0xdc, 0xff, 0x29, 0x86, 0xdc, 0xff, 0x29, 0x86, 0xdc, 0xff, 0x29, 0x86, 0xdc, 0xff,
    0x29, 0x86, 0xdc, 0xff, 0x29, 0x86, 0xdc, 0xff, 0x29, 0x86, 0xdc, 0xff, 0x29, 0x86, 0xdc, 0xff,
    0x29, 0x86, 0xdc, 0xff, 0x6c, 0xab, 0xe6, 0xff, 0xff, 0xff, 0xff, 0xff, 0xff, 0xff, 0xff, 0xff,
    0xff, 0xff, 0xff, 0xff, 0xff, 0xff, 0xff, 0xff, 0xff, 0xff, 0xff, 0xff, 0xff, 0xff, 0xff, 0xff,
    0xff, 0xff, 0xff, 0xff, 0xff, 0xff, 0xff, 0xff, 0xbc, 0xd9, 0xf4, 0xff, 0x29, 0x86, 0xdc, 0xff,
    0x29, 0x86, 0xdc, 0xff, 0x29, 0x86, 0xdc, 0xff, 0x29, 0x86, 0xdc, 0xff, 0x29, 0x86, 0xdc, 0xff,
    0x29, 0x86, 0xdc, 0xff, 0x29, 0x86, 0xdc, 0xff, 0x29, 0x86, 0xdc, 0xff, 0x29, 0x86, 0xdc, 0xff,
    0x29, 0x86, 0xdc, 0xff, 0x29, 0x86, 0xdc, 0xff, 0x29, 0x86, 0xdc, 0xff, 0x29, 0x86, 0xdc, 0xff,
    0x29, 0x86, 0xdc, 0xff, 0x29, 0x86, 0xdc, 0xff, 0x29, 0x86, 0xdc, 0xff, 0x29, 0x86, 0xdc, 0xff,
    0x29, 0x86, 0xdc, 0xff, 0x29, 0x86, 0xdc, 0xff, 0x29, 0x86, 0xdc, 0xff, 0x40, 0x93, 0xe0, 0xff,
    0xf1, 0xf7, 0xfc, 0xff, 0xff, 0xff, 0xff, 0xff, 0xff, 0xff, 0xff, 0xff, 0xff, 0xff, 0xff, 0xff,
    0xff, 0xff, 0xff, 0xff, 0xff, 0xff, 0xff, 0xff, 0xff, 0xff, 0xff, 0xff, 0xff, 0xff, 0xff, 0xff,
    0xf1, 0xf7, 0xfc, 0xff, 0x2f, 0x89, 0xdd, 0xff, 0x29, 0x86, 0xdc, 0xff, 0x29, 0x86, 0xdc, 0xff,
    0x29, 0x86, 0xdc, 0xff, 0x29, 0x86, 0xdc, 0xff, 0x29, 0x86, 0xdc, 0xff, 0x29, 0x86, 0xdc, 0xff,
    0x29, 0x86, 0xdc, 0xff, 0x29, 0x86, 0xdc, 0xff, 0x29, 0x86, 0xdc, 0xff, 0x29, 0x86, 0xdc, 0xff,
    0x29, 0x86, 0xdc, 0xff, 0x29, 0x86, 0xdc, 0xff, 0x29, 0x86, 0xdc, 0xff, 0x29, 0x86, 0xdc, 0xff,
    0x29, 0x86, 0xdc, 0xff, 0x29, 0x86, 0xdc, 0xff, 0x29, 0x86, 0xdc, 0xff, 0x29, 0x86, 0xdc, 0xff,
    0x29, 0x86, 0xdc, 0xff, 0x29, 0x86, 0xdc, 0xff, 0x29, 0x86, 0xdc, 0xff, 0x29, 0x86, 0xdc, 0xff,
    0x29, 0x86, 0xdc, 0xff, 0x29, 0x86, 0xdc, 0xff, 0x29, 0x86, 0xdc, 0xff, 0x29, 0x86, 0xdc, 0xff,
    0x29, 0x86, 0xdc, 0xff, 0x29, 0x86, 0xdc, 0xff, 0x29, 0x86, 0xdc, 0xff, 0x29, 0x86, 0xdc, 0xff,
    0x29, 0x86, 0xdc, 0xff, 0x29, 0x86, 0xdc, 0xff, 0x29, 0x86, 0xdc, 0xff, 0x29, 0x86, 0xdc, 0xff,
    0x29, 0x86, 0xdc, 0xff, 0x29, 0x86, 0xdc, 0xff, 0x29, 0x86, 0xdc, 0xff, 0x29, 0x86, 0xdc, 0xff,
    0x29, 0x86, 0xdc, 0xff, 0x29, 0x86, 0xdc, 0xff, 0x29, 0x86, 0xdc, 0xff, 0x29, 0x86, 0xdc, 0xff,
    0x29, 0x86, 0xdc, 0xff, 0x29, 0x86, 0xdc, 0xff, 0x29, 0x86, 0xdc, 0xff, 0x29, 0x86, 0xdc, 0xff,
    0x29, 0x86, 0xdc, 0xff, 0x29, 0x86, 0xdc, 0xff, 0x29, 0x86, 0xdc, 0xff, 0x29, 0x86, 0xdc, 0xff,
    0x29, 0x86, 0xdc, 0xff, 0x29, 0x86, 0xdc, 0xff, 0x29, 0x86, 0xdc, 0xff, 0x29, 0x86, 0xdc, 0xff,
    0x29, 0x86, 0xdc, 0xff, 0x29, 0x86, 0xdc, 0xff, 0x29, 0x86, 0xdc, 0xff, 0x29, 0x86, 0xdc, 0xff,
    0x29, 0x86, 0xdc, 0xff, 0x29, 0x86, 0xdc, 0xff, 0x29, 0x86, 0xdc, 0xff, 0x29, 0x86, 0xdc, 0xff,
    0x79, 0xb3, 0xe9, 0xff, 0xff, 0xff, 0xff, 0xff, 0xff, 0xff, 0xff, 0xff, 0xff, 0xff, 0xff, 0xff,
    0xff, 0xff, 0xff, 0xff, 0xff, 0xff, 0xff, 0xff, 0xff, 0xff, 0xff, 0xff, 0xff, 0xff, 0xff, 0xff,
    0xff, 0xff, 0xff, 0xff, 0x86, 0xba, 0xeb, 0xff, 0x29, 0x86, 0xdc, 0xff, 0x29, 0x86, 0xdc, 0xff,
    0x29, 0x86, 0xdc, 0xff, 0x29, 0x86, 0xdc, 0xff, 0x29, 0x86, 0xdc, 0xff, 0x29, 0x86, 0xdc, 0xff,
    0x29, 0x86, 0xdc, 0xff, 0x29, 0x86, 0xdc, 0xff, 0x29, 0x86, 0xdc, 0xff, 0x29, 0x86, 0xdc, 0xff,
    0x29, 0x86, 0xdc, 0xff, 0x29, 0x86, 0xdc, 0xff, 0x29, 0x86, 0xdc, 0xff, 0x29, 0x86, 0xdc, 0xff,
    0x29, 0x86, 0xdc, 0xff, 0x29, 0x86, 0xdc, 0xff, 0x29, 0x86, 0xdc, 0xff, 0x6c, 0xab, 0xe6, 0xff,
    0xff, 0xff, 0xff, 0xff, 0xff, 0xff, 0xff, 0xff, 0xff, 0xff, 0xff, 0xff, 0xff, 0xff, 0xff, 0xff,
    0xff, 0xff, 0xff, 0xff, 0xff, 0xff, 0xff, 0xff, 0xff, 0xff, 0xff, 0xff, 0xff, 0xff, 0xff, 0xff,
    0xbc, 0xd9, 0xf4, 0xff, 0x29, 0x86, 0xdc, 0xff, 0x29, 0x86, 0xdc, 0xff, 0x29, 0x86, 0xdc, 0xff,
    0x29, 0x86, 0xdc, 0xff, 0x29, 0x86, 0xdc, 0xff, 0x29, 0x86, 0xdc, 0xff, 0x29, 0x86, 0xdc, 0xff,
    0x29, 0x86, 0xdc, 0xff, 0x29, 0x86, 0xdc, 0xff, 0x29, 0x86, 0xdc, 0xff, 0x29, 0x86, 0xdc, 0xff,
    0x29, 0x86, 0xdc, 0xff, 0x29, 0x86, 0xdc, 0xff, 0x29, 0x86, 0xdc, 0xff, 0x29, 0x86, 0xdc, 0xff,
    0x29, 0x86, 0xdc, 0xff, 0x29, 0x86, 0xdc, 0xff, 0x29, 0x86, 0xdc, 0xff, 0x29, 0x86, 0xdc, 0xff,
    0x29, 0x86, 0xdc, 0xff, 0x29, 0x86, 0xdc, 0xff, 0x90, 0xc0, 0xed, 0xff, 0xff, 0xff, 0xff, 0xff,
    0xff, 0xff, 0xff, 0xff, 0xff, 0xff, 0xff, 0xff, 0xff, 0xff, 0xff, 0xff, 0xff, 0xff, 0xff, 0xff,
    0xff, 0xff, 0xff, 0xff, 0xff, 0xff, 0xff, 0xff, 0xff, 0xff, 0xff, 0xff, 0x79, 0xb3, 0xe9, 0xff,
    0x29, 0x86, 0xdc, 0xff, 0x29, 0x86, 0xdc, 0xff, 0x29, 0x86, 0xdc, 0xff, 0x29, 0x86, 0xdc, 0xff,
    0x29, 0x86, 0xdc, 0xff, 0x29, 0x86, 0xdc, 0xff, 0x29, 0x86, 0xdc, 0xff, 0x29, 0x86, 0xdc, 0xff,
    0x29, 0x86, 0xdc, 0xff, 0x29, 0x86, 0xdc, 0xff, 0x29, 0x86, 0xdc, 0xff, 0x29, 0x86, 0xdc, 0xff,
    0x29, 0x86, 0xdc, 0xff, 0x29, 0x86, 0xdc, 0xff, 0x29, 0x86, 0xdc, 0xff, 0x29, 0x86, 0xdc, 0xff,
    0x29, 0x86, 0xdc, 0xff, 0x29, 0x86, 0xdc, 0xff, 0x29, 0x86, 0xdc, 0xff, 0x29, 0x86, 0xdc, 0xff,
    0x29, 0x86, 0xdc, 0xff, 0x29, 0x86, 0xdc, 0xff, 0x29, 0x86, 0xdc, 0xff, 0x29, 0x86, 0xdc, 0xff,
    0x29, 0x86, 0xdc, 0xff, 0x29, 0x86, 0xdc, 0xff, 0x29, 0x86, 0xdc, 0xff, 0x29, 0x86, 0xdc, 0xff,
    0x29, 0x86, 0xdc, 0xff, 0x29, 0x86, 0xdc, 0xff, 0x29, 0x86, 0xdc, 0xff, 0x29, 0x86, 0xdc, 0xff,
    0x29, 0x86, 0xdc, 0xff, 0x29, 0x86, 0xdc, 0xff, 0x29, 0x86, 0xdc, 0xff, 0x29, 0x86, 0xdc, 0xff,
    0x29, 0x86, 0xdc, 0xff, 0x29, 0x86, 0xdc, 0xff, 0x29, 0x86, 0xdc, 0xff, 0x29, 0x86, 0xdc, 0xff,
    0x29, 0x86, 0xdc, 0xff, 0x29, 0x86, 0xdc, 0xff, 0x29, 0x86, 0xdc, 0xff, 0x29, 0x86, 0xdc, 0xff,
    0x29, 0x86, 0xdc, 0xff, 0x29, 0x86, 0xdc, 0xff, 0x29, 0x86, 0xdc, 0xff, 0x29, 0x86, 0xdc, 0xff,
    0x29, 0x86, 0xdc, 0xff, 0x29, 0x86, 0xdc, 0xff, 0x29, 0x86, 0xdc, 0xff, 0x29, 0x86, 0xdc, 0xff,
    0x29, 0x86, 0xdc, 0xff, 0x29, 0x86, 0xdc, 0xff, 0x29, 0x86, 0xdc, 0xff, 0x29, 0x86, 0xdc, 0xff,
    0x29, 0x86, 0xdc, 0xff, 0x29, 0x86, 0xdc, 0xff, 0x29, 0x86, 0xdc, 0xff, 0x29, 0x86, 0xdc, 0xff,
    0x29, 0x86, 0xdc, 0xff, 0x29, 0x86, 0xdc, 0xff, 0xd0, 0xe4, 0xf7, 0xff, 0xff, 0xff, 0xff, 0xff,
    0xff, 0xff, 0xff, 0xff, 0xff, 0xff, 0xff, 0xff, 0xff, 0xff, 0xff, 0xff, 0xff, 0xff, 0xff, 0xff,
    0xff, 0xff, 0xff, 0xff, 0xff, 0xff, 0xff, 0xff, 0xeb, 0xf3, 0xfb, 0xff, 0x2f, 0x89, 0xdd, 0xff,
    0x29, 0x86, 0xdc, 0xff, 0x29, 0x86, 0xdc, 0xff, 0x29, 0x86, 0xdc, 0xff, 0x29, 0x86, 0xdc, 0xff,
    0x29, 0x86, 0xdc, 0xff, 0x29, 0x86, 0xdc, 0xff, 0x29, 0x86, 0xdc, 0xff, 0x29, 0x86, 0xdc, 0xff,
    0x29, 0x86, 0xdc, 0xff, 0x29, 0x86, 0xdc, 0xff, 0x29, 0x86, 0xdc, 0xff, 0x29, 0x86, 0xdc, 0xff,
    0x29, 0x86, 0xdc, 0xff, 0x29, 0x86, 0xdc, 0xff, 0x29, 0x86, 0xdc, 0xff, 0x29, 0x86, 0xdc, 0xff,
    0x29, 0x86, 0xdc, 0xff, 0x6c, 0xab, 0xe6, 0xff, 0xff, 0xff, 0xff, 0xff, 0xff, 0xff, 0xff, 0xff,
    0xff, 0xff, 0xff, 0xff, 0xff, 0xff, 0xff, 0xff, 0xff, 0xff, 0xff, 0xff, 0xff, 0xff, 0xff, 0xff,
    0xff, 0xff, 0xff, 0xff, 0xff, 0xff, 0xff, 0xff, 0xbc, 0xd9, 0xf4, 0xff, 0x29, 0x86, 0xdc, 0xff,
    0x29, 0x86, 0xdc, 0xff, 0x29, 0x86, 0xdc, 0xff, 0x29, 0x86, 0xdc, 0xff, 0x29, 0x86, 0xdc, 0xff,
    0x29, 0x86, 0xdc, 0xff, 0x29, 0x86, 0xdc, 0xff, 0x29, 0x86, 0xdc, 0xff, 0x29, 0x86, 0xdc, 0xff,
    0x29, 0x86, 0xdc, 0xff, 0x29, 0x86, 0xdc, 0xff, 0x29, 0x86, 0xdc, 0xff, 0x29, 0x86, 0xdc, 0xff,
    0x29, 0x86, 0xdc, 0xff, 0x29, 0x86, 0xdc, 0xff, 0x29, 0x86, 0xdc, 0xff, 0x29, 0x86, 0xdc, 0xff,
    0x29, 0x86, 0xdc, 0xff, 0x29, 0x86, 0xdc, 0xff, 0x29, 0x86, 0xdc, 0xff, 0x29, 0x86, 0xdc, 0xff,
    0x2f, 0x89, 0xdd, 0xff, 0xeb, 0xf3, 0xfb, 0xff, 0xff, 0xff, 0xff, 0xff, 0xff, 0xff, 0xff, 0xff,
    0xff, 0xff, 0xff, 0xff, 0xff, 0xff, 0xff, 0xff, 0xff, 0xff, 0xff, 0xff, 0xff, 0xff, 0xff, 0xff,
    0xff, 0xff, 0xff, 0xff, 0xcc, 0xe2, 0xf6, 0xff, 0x29, 0x86, 0xdc, 0xff, 0x29, 0x86, 0xdc, 0xff,
    0x29, 0x86, 0xdc, 0xff, 0x29, 0x86, 0xdc, 0xff, 0x29, 0x86, 0xdc, 0xff, 0x29, 0x86, 0xdc, 0xff,
    0x29, 0x86, 0xdc, 0xff, 0x29, 0x86, 0xdc, 0xff, 0x29, 0x86, 0xdc, 0xff, 0x29, 0x86, 0xdc, 0xff,
    0x29, 0x86, 0xdc, 0xff, 0x29, 0x86, 0xdc, 0xff, 0x29, 0x86, 0xdc, 0xff, 0x29, 0x86, 0xdc, 0xff,
    0x29, 0x86, 0xdc, 0xff, 0x29, 0x86, 0xdc, 0xff, 0x29, 0x86, 0xdc, 0xff, 0x29, 0x86, 0xdc, 0xff,
    0x29, 0x86, 0xdc, 0xff, 0x29, 0x86, 0xdc, 0xff, 0x29, 0x86, 0xdc, 0xff, 0x29, 0x86, 0xdc, 0xff,
    0x29, 0x86, 0xdc, 0xff, 0x29, 0x86, 0xdc, 0xff, 0x29, 0x86, 0xdc, 0xff, 0x29, 0x86, 0xdc, 0xff,
    0x29, 0x86, 0xdc, 0xff, 0x29, 0x86, 0xdc, 0xff, 0x29, 0x86, 0xdc, 0xff, 0x29, 0x86, 0xdc, 0xff,
    0x29, 0x86, 0xdc, 0xff, 0x29, 0x86, 0xdc, 0xff, 0x29, 0x86, 0xdc, 0xff, 0x29, 0x86, 0xdc, 0xff,
    0x29, 0x86, 0xdc, 0xff, 0x29, 0x86, 0xdc, 0xff, 0x29, 0x86, 0xdc, 0xff, 0x29, 0x86, 0xdc, 0xff,
    0x29, 0x86, 0xdc, 0xff, 0x29, 0x86, 0xdc, 0xff, 0x29, 0x86, 0xdc, 0xff, 0x29, 0x86, 0xdc, 0xff,
    0x29, 0x86, 0xdc, 0xff, 0x29, 0x86, 0xdc, 0xff, 0x29, 0x86, 0xdc, 0xff, 0x29, 0x86, 0xdc, 0xff,
    0x29, 0x86, 0xdc, 0xff, 0x29, 0x86, 0xdc, 0xff, 0x29, 0x86, 0xdc, 0xff, 0x29, 0x86, 0xdc, 0xff,
    0x29, 0x86, 0xdc, 0xff, 0x29, 0x86, 0xdc, 0xff, 0x29, 0x86, 0xdc, 0xff, 0x29, 0x86, 0xdc, 0xff,
    0x29, 0x86, 0xdc, 0xff, 0x29, 0x86, 0xdc, 0xff, 0x29, 0x86, 0xdc, 0xff, 0x29, 0x86, 0xdc, 0xff,
    0x29, 0x86, 0xdc, 0xff, 0x29, 0x86, 0xdc, 0xff, 0x29, 0x86, 0xdc, 0xff, 0x43, 0x95, 0xe0, 0xff,
    0xff, 0xff, 0xff, 0xff, 0xff, 0xff, 0xff, 0xff, 0xff, 0xff, 0xff, 0xff, 0xff, 0xff, 0xff, 0xff,
    0xff, 0xff, 0xff, 0xff, 0xff, 0xff, 0xff, 0xff, 0xff, 0xff, 0xff, 0xff, 0xff, 0xff, 0xff, 0xff,
    0x8a, 0xbc, 0xec, 0xff, 0x29, 0x86, 0xdc, 0xff, 0x29, 0x86, 0xdc, 0xff, 0x29, 0x86, 0xdc, 0xff,
    0x29, 0x86, 0xdc, 0xff, 0x29, 0x86, 0xdc, 0xff, 0x29, 0x86, 0xdc, 0xff, 0x29, 0x86, 0xdc, 0xff,
    0x29, 0x86, 0xdc, 0xff, 0x29, 0x86, 0xdc, 0xff, 0x29, 0x86, 0xdc, 0xff, 0x29, 0x86, 0xdc, 0xff,
    0x29, 0x86, 0xdc, 0xff, 0x29, 0x86, 0xdc, 0xff, 0x29, 0x86, 0xdc, 0xff, 0x29, 0x86, 0xdc, 0xff,
    0x29, 0x86, 0xdc, 0xff, 0x29, 0x86, 0xdc, 0xff, 0x29, 0x86, 0xdc, 0xff, 0x6c, 0xab, 0xe6, 0xff,
    0xff, 0xff, 0xff, 0xff, 0xff, 0xff, 0xff, 0xff, 0xff, 0xff, 0xff, 0xff, 0xff, 0xff, 0xff, 0xff,
    0xff, 0xff, 0xff, 0xff, 0xff, 0xff, 0xff, 0xff, 0xff, 0xff, 0xff, 0xff, 0xff, 0xff, 0xff, 0xff,
    0xbc, 0xd9, 0xf4, 0xff, 0x29, 0x86, 0xdc, 0xff, 0x29, 0x86, 0xdc, 0xff, 0x29, 0x86, 0xdc, 0xff,
    0x29, 0x86, 0xdc, 0xff, 0x29, 0x86, 0xdc, 0xff, 0x29, 0x86, 0xdc, 0xff, 0x29, 0x86, 0xdc, 0xff,
    0x29, 0x86, 0xdc, 0xff, 0x29, 0x86, 0xdc, 0xff, 0x29, 0x86, 0xdc, 0xff, 0x29, 0x86, 0xdc, 0xff,
    0x29, 0x86, 0xdc, 0xff, 0x29, 0x86, 0xdc, 0xff, 0x29, 0x86, 0xdc, 0xff, 0x29, 0x86, 0xdc, 0xff,
    0x29, 0x86, 0xdc, 0xff, 0x29, 0x86, 0xdc, 0xff, 0x29, 0x86, 0xdc, 0xff, 0x29, 0x86, 0xdc, 0xff,
    0x29, 0x86, 0xdc, 0xff, 0x29, 0x86, 0xdc, 0xff, 0x29, 0x86, 0xdc, 0xff, 0x90, 0xc0, 0xed, 0xff,
    0xff, 0xff, 0xff, 0xff, 0xff, 0xff, 0xff, 0xff, 0xff, 0xff, 0xff, 0xff, 0xff, 0xff, 0xff, 0xff,
    0xff, 0xff, 0xff, 0xff, 0xff, 0xff, 0xff, 0xff, 0xff, 0xff, 0xff, 0xff, 0xff, 0xff, 0xff, 0xff,
    0x44, 0x95, 0xe0, 0xff, 0x29, 0x86, 0xdc, 0xff, 0x29, 0x86, 0xdc, 0xff, 0x29, 0x86, 0xdc, 0xff,
    0x29, 0x86, 0xdc, 0xff, 0x29, 0x86, 0xdc, 0xff, 0x29, 0x86, 0xdc, 0xff, 0x29, 0x86, 0xdc, 0xff,
    0x29, 0x86, 0xdc, 0xff, 0x29, 0x86, 0xdc, 0xff, 0x29, 0x86, 0xdc, 0xff, 0x29, 0x86, 0xdc, 0xff,
    0x29, 0x86, 0xdc, 0xff, 0x29, 0x86, 0xdc, 0xff, 0x29, 0x86, 0xdc, 0xff, 0x29, 0x86, 0xdc, 0xff,
    0x29, 0x86, 0xdc, 0xff, 0x29, 0x86, 0xdc, 0xff, 0x29, 0x86, 0xdc, 0xff, 0x29, 0x86, 0xdc, 0xff,
    0x29, 0x86, 0xdc, 0xff, 0x29, 0x86, 0xdc, 0xff, 0x29, 0x86, 0xdc, 0xff, 0x29, 0x86, 0xdc, 0xff,
    0x29, 0x86, 0xdc, 0xff, 0x29, 0x86, 0xdc, 0xff, 0x29, 0x86, 0xdc, 0xff, 0x29, 0x86, 0xdc, 0xff,
    0x29, 0x86, 0xdc, 0xff, 0x29, 0x86, 0xdc, 0xff, 0x29, 0x86, 0xdc, 0xff, 0x29, 0x86, 0xdc, 0xff,
    0x29, 0x86, 0xdc, 0xff, 0x29, 0x86, 0xdc, 0xff, 0x29, 0x86, 0xdc, 0xff, 0x29, 0x86, 0xdc, 0xff,
    0x29, 0x86, 0xdc, 0xff, 0x29, 0x86, 0xdc, 0xff, 0x29, 0x86, 0xdc, 0xff, 0x29, 0x86, 0xdc, 0xff,
    0x29, 0x86, 0xdc, 0xff, 0x29, 0x86, 0xdc, 0xff, 0x29, 0x86, 0xdc, 0xff, 0x29, 0x86, 0xdc, 0xff,
    0x29, 0x86, 0xdc, 0xff, 0x29, 0x86, 0xdc, 0xff, 0x29, 0x86, 0xdc, 0xff, 0x29, 0x86, 0xdc, 0xff,
    0x29, 0x86, 0xdc, 0xff, 0x29, 0x86, 0xdc, 0xff, 0x29, 0x86, 0xdc, 0xff, 0x29, 0x86, 0xdc, 0xff,
    0x29, 0x86, 0xdc, 0xff, 0x29, 0x86, 0xdc, 0xff, 0x29, 0x86, 0xdc, 0xff, 0x29, 0x86, 0xdc, 0xff,
    0x29, 0x86, 0xdc, 0xff, 0x29, 0x86, 0xdc, 0xff, 0x29, 0x86, 0xdc, 0xff, 0x29, 0x86, 0xdc, 0xff,
    0x29, 0x86, 0xdc, 0xff, 0x89, 0xbd, 0xeb, 0xff, 0xff, 0xff, 0xff, 0xff, 0xff, 0xff, 0xff, 0xff,
    0xff, 0xff, 0xff, 0xff, 0xff, 0xff, 0xff, 0xff, 0xff, 0xff, 0xff, 0xff, 0xff, 0xff, 0xff, 0xff,
    0xff, 0xff, 0xff, 0xff, 0xf8, 0xfb, 0xfe, 0xff, 0x36, 0x8d, 0xde, 0xff, 0x29, 0x86, 0xdc, 0xff,
    0x29, 0x86, 0xdc, 0xff, 0x29, 0x86, 0xdc, 0xff, 0x29, 0x86, 0xdc, 0xff, 0x29, 0x86, 0xdc, 0xff,
    0x29, 0x86, 0xdc, 0xff, 0x29, 0x86, 0xdc, 0xff, 0x29, 0x86, 0xdc, 0xff, 0x29, 0x86, 0xdc, 0xff,
    0x29, 0x86, 0xdc, 0xff, 0x29, 0x86, 0xdc, 0xff, 0x29, 0x86, 0xdc, 0xff, 0x29, 0x86, 0xdc, 0xff,
    0x29, 0x86, 0xdc, 0xff, 0x29, 0x86, 0xdc, 0xff, 0x29, 0x86, 0xdc, 0xff, 0x29, 0x86, 0xdc, 0xff,
    0x29, 0x86, 0xdc, 0xff, 0x6c, 0xab, 0xe6, 0xff, 0xff, 0xff, 0xff, 0xff, 0xff, 0xff, 0xff, 0xff,
    0xff, 0xff, 0xff, 0xff, 0xff, 0xff, 0xff, 0xff, 0xff, 0xff, 0xff, 0xff, 0xff, 0xff, 0xff, 0xff,
    0xff, 0xff, 0xff, 0xff, 0xff, 0xff, 0xff, 0xff, 0xbc, 0xd9, 0xf4, 0xff, 0x29, 0x86, 0xdc, 0xff,
    0x29, 0x86, 0xdc, 0xff, 0x29, 0x86, 0xdc, 0xff, 0x29, 0x86, 0xdc, 0xff, 0x29, 0x86, 0xdc, 0xff,
    0x29, 0x86, 0xdc, 0xff, 0x29, 0x86, 0xdc, 0xff, 0x29, 0x86, 0xdc, 0xff, 0x29, 0x86, 0xdc, 0xff,
    0x29, 0x86, 0xdc, 0xff, 0x29, 0x86, 0xdc, 0xff, 0x29, 0x86, 0xdc, 0xff, 0x29, 0x86, 0xdc, 0xff,
    0x29, 0x86, 0xdc, 0xff, 0x29, 0x86, 0xdc, 0xff, 0x29, 0x86, 0xdc, 0xff, 0x29, 0x86, 0xdc, 0xff,
    0x29, 0x86, 0xdc, 0xff, 0x29, 0x86, 0xdc, 0xff, 0x29, 0x86, 0xdc, 0xff, 0x29, 0x86, 0xdc, 0xff,
    0x29, 0x86, 0xdc, 0xff, 0x36, 0x8d, 0xde, 0xff, 0xfb, 0xfd, 0xfe, 0xff, 0xff, 0xff, 0xff, 0xff,
    0xff, 0xff, 0xff, 0xff, 0xff, 0xff, 0xff, 0xff, 0xff, 0xff, 0xff, 0xff, 0xff, 0xff, 0xff, 0xff,
    0xff, 0xff, 0xff, 0xff, 0xff, 0xff, 0xff, 0xff, 0x8a, 0xbc, 0xeb, 0xff, 0x29, 0x86, 0xdc, 0xff,
    0x29, 0x86, 0xdc, 0xff, 0x29, 0x86, 0xdc, 0xff, 0x29, 0x86, 0xdc, 0xff, 0x29, 0x86, 0xdc, 0xff,
    0x29, 0x86, 0xdc, 0xff, 0x29, 0x86, 0xdc, 0xff, 0x29, 0x86, 0xdc, 0xff, 0x29, 0x86, 0xdc, 0xff,
    0x29, 0x86, 0xdc, 0xff, 0x29, 0x86, 0xdc, 0xff, 0x29, 0x86, 0xdc, 0xff, 0x29, 0x86, 0xdc, 0xff,
    0x29, 0x86, 0xdc, 0xff, 0x29, 0x86, 0xdc, 0xff, 0x29, 0x86, 0xdc, 0xff, 0x29, 0x86, 0xdc, 0xff,
    0x29, 0x86, 0xdc, 0xff, 0x29, 0x86, 0xdc, 0xff, 0x29, 0x86, 0xdc, 0xff, 0x29, 0x86, 0xdc, 0xff,
    0x29, 0x86, 0xdc, 0xff, 0x29, 0x86, 0xdc, 0xff, 0x29, 0x86, 0xdc, 0xff, 0x29, 0x86, 0xdc, 0xff,
    0x29, 0x86, 0xdc, 0xff, 0x29, 0x86, 0xdc, 0xff, 0x29, 0x86, 0xdc, 0xff, 0x29, 0x86, 0xdc, 0xff,
    0x29, 0x86, 0xdc, 0xff, 0x29, 0x86, 0xdc, 0xff, 0x29, 0x86, 0xdc, 0xff, 0x29, 0x86, 0xdc, 0xff,
    0x29, 0x86, 0xdc, 0xff, 0x29, 0x86, 0xdc, 0xff, 0x29, 0x86, 0xdc, 0xff, 0x29, 0x86, 0xdc, 0xff,
    0x29, 0x86, 0xdc, 0xff, 0x29, 0x86, 0xdc, 0xff, 0x29, 0x86, 0xdc, 0xff, 0x29, 0x86, 0xdc, 0xff,
    0x29, 0x86, 0xdc, 0xff, 0x29, 0x86, 0xdc, 0xff, 0x29, 0x86, 0xdc, 0xff, 0x29, 0x86, 0xdc, 0xff,
    0x29, 0x86, 0xdc, 0xff, 0x29, 0x86, 0xdc, 0xff, 0x29, 0x86, 0xdc, 0xff, 0x29, 0x86, 0xdc, 0xff,
    0x29, 0x86, 0xdc, 0xff, 0x29, 0x86, 0xdc, 0xff, 0x29, 0x86, 0xdc, 0xff, 0x29, 0x86, 0xdc, 0xff,
    0x29, 0x86, 0xdc, 0xff, 0x29, 0x86, 0xdc, 0xff, 0x29, 0x86, 0xdc, 0xff, 0x29, 0x86, 0xdc, 0xff,
    0x29, 0x86, 0xdc, 0xff, 0x29, 0x86, 0xdc, 0xff, 0x29, 0x86, 0xdc, 0xff, 0xc6, 0xdf, 0xf5, 0xff,
    0xff, 0xff, 0xff, 0xff, 0xff, 0xff, 0xff, 0xff, 0xff, 0xff, 0xff, 0xff, 0xff, 0xff, 0xff, 0xff,
    0xff, 0xff, 0xff, 0xff, 0xff, 0xff, 0xff, 0xff, 0xff, 0xff, 0xff, 0xff, 0xb2, 0xd3, 0xf2, 0xff,
    0x29, 0x86, 0xdc, 0xff, 0x29, 0x86, 0xdc, 0xff, 0x29, 0x86, 0xdc, 0xff, 0x29, 0x86, 0xdc, 0xff,
    0x29, 0x86, 0xdc, 0xff, 0x29, 0x86, 0xdc, 0xff, 0x29, 0x86, 0xdc, 0xff, 0x29, 0x86, 0xdc, 0xff,
    0x29, 0x86, 0xdc, 0xff, 0x29, 0x86, 0xdc, 0xff, 0x29, 0x86, 0xdc, 0xff, 0x29, 0x86, 0xdc, 0xff,
    0x29, 0x86, 0xdc, 0xff, 0x29, 0x86, 0xdc, 0xff, 0x29, 0x86, 0xdc, 0xff, 0x29, 0x86, 0xdc, 0xff,
    0x29, 0x86, 0xdc, 0xff, 0x29, 0x86, 0xdc, 0xff, 0x29, 0x86, 0xdc, 0xff, 0x6c, 0xab, 0xe6, 0xff,
    0xff, 0xff, 0xff, 0xff, 0xff, 0xff, 0xff, 0xff, 0xff, 0xff, 0xff, 0xff, 0xff, 0xff, 0xff, 0xff,
    0xff, 0xff, 0xff, 0xff, 0xff, 0xff, 0xff, 0xff, 0xff, 0xff, 0xff, 0xff, 0xff, 0xff, 0xff, 0xff,
    0xbc, 0xd9, 0xf4, 0xff, 0x29, 0x86, 0xdc, 0xff, 0x29, 0x86, 0xdc, 0xff, 0x29, 0x86, 0xdc, 0xff,
    0x29, 0x86, 0xdc, 0xff, 0x29, 0x86, 0xdc, 0xff, 0x29, 0x86, 0xdc, 0xff, 0x29, 0x86, 0xdc, 0xff,
    0x29, 0x86, 0xdc, 0xff, 0x29, 0x86, 0xdc, 0xff, 0x29, 0x86, 0xdc, 0xff, 0x29, 0x86, 0xdc, 0xff,
    0x29, 0x86, 0xdc, 0xff, 0x29, 0x86, 0xdc, 0xff, 0x29, 0x86, 0xdc, 0xff, 0x29, 0x86, 0xdc, 0xff,
    0x29, 0x86, 0xdc, 0xff, 0x29, 0x86, 0xdc, 0xff, 0x29, 0x86, 0xdc, 0xff, 0x29, 0x86, 0xdc, 0xff,
    0x29, 0x86, 0xdc, 0xff, 0x29, 0x86, 0xdc, 0xff, 0x29, 0x86, 0xdc, 0xff, 0x29, 0x86, 0xdc, 0xff,
    0xb5, 0xd5, 0xf2, 0xff, 0xff, 0xff, 0xff, 0xff, 0xff, 0xff, 0xff, 0xff, 0xff, 0xff, 0xff, 0xff,
    0xff, 0xff, 0xff, 0xff, 0xff, 0xff, 0xff, 0xff, 0xff, 0xff, 0xff, 0xff, 0xff, 0xff, 0xff, 0xff,
    0xc3, 0xdc, 0xf5, 0xff, 0x29, 0x86, 0xdc, 0xff, 0x29, 0x86, 0xdc, 0xff, 0x29, 0x86, 0xdc, 0xff,
    0x29, 0x86, 0xdc, 0xff, 0x29, 0x86, 0xdc, 0xff, 0x29, 0x86, 0xdc, 0xff, 0x29, 0x86, 0xdc, 0xff,
    0x29, 0x86, 0xdc, 0xff, 0x29, 0x86, 0xdc, 0xff, 0x29, 0x86, 0xdc, 0xff, 0x29, 0x86, 0xdc, 0xff,
    0x29, 0x86, 0xdc, 0xff, 0x29, 0x86, 0xdc, 0xff, 0x29, 0x86, 0xdc, 0xff, 0x29, 0x86, 0xdc, 0xff,
    0x29, 0x86, 0xdc, 0xff, 0x29, 0x86, 0xdc, 0xff, 0x29, 0x86, 0xdc, 0xff, 0x29, 0x86, 0xdc, 0xff,
    0x29, 0x86, 0xdc, 0xff, 0x29, 0x86, 0xdc, 0xff, 0x29, 0x86, 0xdc, 0xff, 0x29, 0x86, 0xdc, 0xff,
    0x29, 0x86, 0xdc, 0xff, 0x29, 0x86, 0xdc, 0xff, 0x29, 0x86, 0xdc, 0xff, 0x29, 0x86, 0xdc, 0xff,
    0x29, 0x86, 0xdc, 0xff, 0x29, 0x86, 0xdc, 0xff, 0x29, 0x86, 0xdc, 0xff, 0x29, 0x86, 0xdc, 0xff,
    0x29, 0x86, 0xdc, 0xff, 0x29, 0x86, 0xdc, 0xff, 0x29, 0x86, 0xdc, 0xff, 0x29, 0x86, 0xdc, 0xff,
    0x29, 0x86, 0xdc, 0xff, 0x29, 0x86, 0xdc, 0xff, 0x29, 0x86, 0xdc, 0xff, 0x29, 0x86, 0xdc, 0xff,
    0x29, 0x86, 0xdc, 0xff, 0x29, 0x86, 0xdc, 0xff, 0x29, 0x86, 0xdc, 0xff, 0x29, 0x86, 0xdc, 0xff,
    0x29, 0x86, 0xdc, 0xff, 0x29, 0x86, 0xdc, 0xff, 0x29, 0x86, 0xdc, 0xff, 0x29, 0x86, 0xdc, 0xff,
    0x29, 0x86, 0xdc, 0xff, 0x29, 0x86, 0xdc, 0xff, 0x29, 0x86, 0xdc, 0xff, 0x29, 0x86, 0xdc, 0xff,
    0x29, 0x86, 0xdc, 0xff, 0x29, 0x86, 0xdc, 0xff, 0x29, 0x86, 0xdc, 0xff, 0x29, 0x86, 0xdc, 0xff,
    0x29, 0x86, 0xdc, 0xff, 0x29, 0x86, 0xdc, 0xff, 0x29, 0x86, 0xdc, 0xff, 0x29, 0x86, 0xdc, 0xff,
    0x2f, 0x89, 0xdd, 0xff, 0xf5, 0xf9, 0xfd, 0xff, 0xff, 0xff, 0xff, 0xff, 0xff, 0xff, 0xff, 0xff,
    0xff, 0xff, 0xff, 0xff, 0xff, 0xff, 0xff, 0xff, 0xff, 0xff, 0xff, 0xff, 0xff, 0xff, 0xff, 0xff,
    0xff, 0xff, 0xff, 0xff, 0x68, 0xaa, 0xe6, 0xff, 0x29, 0x86, 0xdc, 0xff, 0x29, 0x86, 0xdc, 0xff,
    0x29, 0x86, 0xdc, 0xff, 0x29, 0x86, 0xdc, 0xff, 0x29, 0x86, 0xdc, 0xff, 0x29, 0x86, 0xdc, 0xff,
    0x29, 0x86, 0xdc, 0xff, 0x29, 0x86, 0xdc, 0xff, 0x29, 0x86, 0xdc, 0xff, 0x29, 0x86, 0xdc, 0xff,
    0x29, 0x86, 0xdc, 0xff, 0x29, 0x86, 0xdc, 0xff, 0x29, 0x86, 0xdc, 0xff, 0x29, 0x86, 0xdc, 0xff,
    0x29, 0x86, 0xdc, 0xff, 0x29, 0x86, 0xdc, 0xff, 0x29, 0x86, 0xdc, 0xff, 0x29, 0x86, 0xdc, 0xff,
    0x29, 0x86, 0xdc, 0xff, 0x6c, 0xab, 0xe6, 0xff, 0xff, 0xff, 0xff, 0xff, 0xff, 0xff, 0xff, 0xff,
    0xff, 0xff, 0xff, 0xff, 0xff, 0xff, 0xff, 0xff, 0xff, 0xff, 0xff, 0xff, 0xff, 0xff, 0xff, 0xff,
    0xff, 0xff, 0xff, 0xff, 0xff, 0xff, 0xff, 0xff, 0xbc, 0xd9, 0xf4, 0xff, 0x29, 0x86, 0xdc, 0xff,
    0x29, 0x86, 0xdc, 0xff, 0x29, 0x86, 0xdc, 0xff, 0x29, 0x86, 0xdc, 0xff, 0x29, 0x86, 0xdc, 0xff,
    0x29, 0x86, 0xdc, 0xff, 0x29, 0x86, 0xdc, 0xff, 0x29, 0x86, 0xdc, 0xff, 0x29, 0x86, 0xdc, 0xff,
    0x29, 0x86, 0xdc, 0xff, 0x29, 0x86, 0xdc, 0xff, 0x29, 0x86, 0xdc, 0xff, 0x29, 0x86, 0xdc, 0xff,
    0x29, 0x86, 0xdc, 0xff, 0x29, 0x86, 0xdc, 0xff, 0x29, 0x86, 0xdc, 0xff, 0x29, 0x86, 0xdc, 0xff,
    0x29, 0x86, 0xdc, 0xff, 0x29, 0x86, 0xdc, 0xff, 0x29, 0x86, 0xdc, 0xff, 0x29, 0x86, 0xdc, 0xff,
    0x29, 0x86, 0xdc, 0xff, 0x29, 0x86, 0xdc, 0xff, 0x6b, 0xab, 0xe6, 0xff, 0xff, 0xff, 0xff, 0xff,
    0xff, 0xff, 0xff, 0xff, 0xff, 0xff, 0xff, 0xff, 0xff, 0xff, 0xff, 0xff, 0xff, 0xff, 0xff, 0xff,
    0xff, 0xff, 0xff, 0xff, 0xff, 0xff, 0xff, 0xff, 0xf8, 0xfb, 0xfe, 0xff, 0x2c, 0x87, 0xdc, 0xff,
    0x29, 0x86, 0xdc, 0xff, 0x29, 0x86, 0xdc, 0xff, 0x29, 0x86, 0xdc, 0xff, 0x29, 0x86, 0xdc, 0xff,
    0x29, 0x86, 0xdc, 0xff, 0x29, 0x86, 0xdc, 0xff, 0x29, 0x86, 0xdc, 0xff, 0x29, 0x86, 0xdc, 0xff,
    0x29, 0x86, 0xdc, 0xff, 0x29, 0x86, 0xdc, 0xff, 0x29, 0x86, 0xdc, 0xff, 0x29, 0x86, 0xdc, 0xff,
    0x29, 0x86, 0xdc, 0xff, 0x29, 0x86, 0xdc, 0xff, 0x29, 0x86, 0xdc, 0xff, 0x29, 0x86, 0xdc, 0xff,
    0x29, 0x86, 0xdc, 0xff, 0x29, 0x86, 0xdc, 0xff, 0x29, 0x86, 0xdc, 0xff, 0x29, 0x86, 0xdc, 0xff,
    0x29, 0x86, 0xdc, 0xff, 0x29, 0x86, 0xdc, 0xff, 0x29, 0x86, 0xdc, 0xff, 0x29, 0x86, 0xdc, 0xff,
    0x29, 0x86, 0xdc, 0xff, 0x29, 0x86, 0xdc, 0xff, 0x29, 0x86, 0xdc, 0xff, 0x29, 0x86, 0xdc, 0xff,
    0x29, 0x86, 0xdc, 0xff, 0x29, 0x86, 0xdc, 0xff, 0x29, 0x86, 0xdc, 0xff, 0x29, 0x86, 0xdc, 0xff,
    0x29, 0x86, 0xdc, 0xff, 0x29, 0x86, 0xdc, 0xff, 0x29, 0x86, 0xdc, 0xff, 0x29, 0x86, 0xdc, 0xff,
    0x29, 0x86, 0xdc, 0xff, 0x29, 0x86, 0xdc, 0xff, 0x29, 0x86, 0xdc, 0xff, 0x29, 0x86, 0xdc, 0xff,
    0x29, 0x86, 0xdc, 0xff, 0x29, 0x86, 0xdc, 0xff, 0x29, 0x86, 0xdc, 0xff, 0x29, 0x86, 0xdc, 0xff,
    0x29, 0x86, 0xdc, 0xff, 0x29, 0x86, 0xdc, 0xff, 0x29, 0x86, 0xdc, 0xff, 0x29, 0x86, 0xdc, 0xff,
    0x29, 0x86, 0xdc, 0xff, 0x29, 0x86, 0xdc, 0xff, 0x29, 0x86, 0xdc, 0xff, 0x29, 0x86, 0xdc, 0xff,
    0x29, 0x86, 0xdc, 0xff, 0x29, 0x86, 0xdc, 0xff, 0x29, 0x86, 0xdc, 0xff, 0x29, 0x86, 0xdc, 0xff,
    0x29, 0x86, 0xdc, 0xff, 0x29, 0x86, 0xdc, 0xff, 0x57, 0xa0, 0xe3, 0xff, 0xff, 0xff, 0xff, 0xff,
    0xff, 0xff, 0xff, 0xff, 0xff, 0xff, 0xff, 0xff, 0xff, 0xff, 0xff, 0xff, 0xff, 0xff, 0xff, 0xff,
    0xff, 0xff, 0xff, 0xff, 0xff, 0xff, 0xff, 0xff, 0xf8, 0xfb, 0xfe, 0xff, 0x33, 0x8b, 0xdd, 0xff,
    0x29, 0x86, 0xdc, 0xff, 0x29, 0x86, 0xdc, 0xff, 0x29, 0x86, 0xdc, 0xff, 0x29, 0x86, 0xdc, 0xff,
    0x29, 0x86, 0xdc, 0xff, 0x29, 0x86, 0xdc, 0xff, 0x29, 0x86, 0xdc, 0xff, 0x29, 0x86, 0xdc, 0xff,
    0x29, 0x86, 0xdc, 0xff, 0x29, 0x86, 0xdc, 0xff, 0x29, 0x86, 0xdc, 0xff, 0x29, 0x86, 0xdc, 0xff,
    0x29, 0x86, 0xdc, 0xff, 0x29, 0x86, 0xdc, 0xff, 0x29, 0x86, 0xdc, 0xff, 0x29, 0x86, 0xdc, 0xff,
    0x29, 0x86, 0xdc, 0xff, 0x29, 0x86, 0xdc, 0xff, 0x29, 0x86, 0xdc, 0xff, 0x6c, 0xab, 0xe6, 0xff,
    0xff, 0xff, 0xff, 0xff, 0xff, 0xff, 0xff, 0xff, 0xff, 0xff, 0xff, 0xff, 0xff, 0xff, 0xff, 0xff,
    0xff, 0xff, 0xff, 0xff, 0xff, 0xff, 0xff, 0xff, 0xff, 0xff, 0xff, 0xff, 0xff, 0xff, 0xff, 0xff,
    0xbc, 0xd9, 0xf4, 0xff, 0x29, 0x86, 0xdc, 0xff, 0x29, 0x86, 0xdc, 0xff, 0x29, 0x86, 0xdc, 0xff,
    0x29, 0x86, 0xdc, 0xff, 0x29, 0x86, 0xdc, 0xff, 0x29, 0x86, 0xdc, 0xff, 0x29, 0x86, 0xdc, 0xff,
    0x29, 0x86, 0xdc, 0xff, 0x29, 0x86, 0xdc, 0xff, 0x29, 0x86, 0xdc, 0xff, 0x29, 0x86, 0xdc, 0xff,
    0x29, 0x86, 0xdc, 0xff, 0x29, 0x86, 0xdc, 0xff, 0x29, 0x86, 0xdc, 0xff, 0x29, 0x86, 0xdc, 0xff,
    0x29, 0x86, 0xdc, 0xff, 0x29, 0x86, 0xdc, 0xff, 0x29, 0x86, 0xdc, 0xff, 0x29, 0x86, 0xdc, 0xff,
    0x29, 0x86, 0xdc, 0xff, 0x29, 0x86, 0xdc, 0xff, 0x29, 0x86, 0xdc, 0xff, 0x29, 0x86, 0xdc, 0xff,
    0x33, 0x8b, 0xdd, 0xff, 0xfb, 0xfd, 0xfe, 0xff, 0xff, 0xff, 0xff, 0xff, 0xff, 0xff, 0xff, 0xff,
    0xff, 0xff, 0xff, 0xff, 0xff, 0xff, 0xff, 0xff, 0xff, 0xff, 0xff, 0xff, 0xff, 0xff, 0xff, 0xff,
    0xff, 0xff, 0xff, 0xff, 0x5b, 0xa2, 0xe4, 0xff, 0x29, 0x86, 0xdc, 0xff, 0x29, 0x86, 0xdc, 0xff,
    0x29, 0x86, 0xdc, 0xff, 0x29, 0x86, 0xdc, 0xff, 0x29, 0x86, 0xdc, 0xff, 0x29, 0x86, 0xdc, 0xff,
    0x29, 0x86, 0xdc, 0xff, 0x29, 0x86, 0xdc, 0xff, 0x29, 0x86, 0xdc, 0xff, 0x29, 0x86, 0xdc, 0xff,
    0x29, 0x86, 0xdc, 0xff, 0x29, 0x86, 0xdc, 0xff, 0x29, 0x86, 0xdc, 0xff, 0x29, 0x86, 0xdc, 0xff,
    0x29, 0x86, 0xdc, 0xff, 0x29, 0x86, 0xdc, 0xff, 0x29, 0x86, 0xdc, 0xff, 0x29, 0x86, 0xdc, 0xff,
    0x29, 0x86, 0xdc, 0xff, 0x29, 0x86, 0xdc, 0xff, 0x29, 0x86, 0xdc, 0xff, 0x29, 0x86, 0xdc, 0xff,
    0x29, 0x86, 0xdc, 0xff, 0x29, 0x86, 0xdc, 0xff, 0x29, 0x86, 0xdc, 0xff, 0x29, 0x86, 0xdc, 0xff,
    0x29, 0x86, 0xdc, 0xff, 0x29, 0x86, 0xdc, 0xff, 0x29, 0x86, 0xdc, 0xff, 0x29, 0x86, 0xdc, 0xff,
    0x29, 0x86, 0xdc, 0xff, 0x29, 0x86, 0xdc, 0xff, 0x29, 0x86, 0xdc, 0xff, 0x29, 0x86, 0xdc, 0xff,
    0x29, 0x86, 0xdc, 0xff, 0x29, 0x86, 0xdc, 0xff, 0x29, 0x86, 0xdc, 0xff, 0x29, 0x86, 0xdc, 0xff,
    0x29, 0x86, 0xdc, 0xff, 0x29, 0x86, 0xdc, 0xff, 0x29, 0x86, 0xdc, 0xff, 0x29, 0x86, 0xdc, 0xff,
    0x29, 0x86, 0xdc, 0xff, 0x29, 0x86, 0xdc, 0xff, 0x29, 0x86, 0xdc, 0xff, 0x29, 0x86, 0xdc, 0xff,
    0x29, 0x86, 0xdc, 0xff, 0x29, 0x86, 0xdc, 0xff, 0x29, 0x86, 0xdc, 0xff, 0x29, 0x86, 0xdc, 0xff,
    0x29, 0x86, 0xdc, 0xff, 0x29, 0x86, 0xdc, 0xff, 0x29, 0x86, 0xdc, 0xff, 0x29, 0x86, 0xdc, 0xff,
    0x29, 0x86, 0xdc, 0xff, 0x29, 0x86, 0xdc, 0xff, 0x29, 0x86, 0xdc, 0xff, 0x29, 0x86, 0xdc, 0xff,
    0x83, 0xb9, 0xea, 0xff, 0xff, 0xff, 0xff, 0xff, 0xff, 0xff, 0xff, 0xff, 0xff, 0xff, 0xff, 0xff,
    0xff, 0xff, 0xff, 0xff, 0xff, 0xff, 0xff, 0xff, 0xff, 0xff, 0xff, 0xff, 0xff, 0xff, 0xff, 0xff,
    0xc9, 0xe0, 0xf6, 0xff, 0x29, 0x86, 0xdc, 0xff, 0x29, 0x86, 0xdc, 0xff, 0x29, 0x86, 0xdc, 0xff,
    0x29, 0x86, 0xdc, 0xff, 0x29, 0x86, 0xdc, 0xff, 0x29, 0x86, 0xdc, 0xff, 0x29, 0x86, 0xdc, 0xff,
    0x29, 0x86, 0xdc, 0xff, 0x29, 0x86, 0xdc, 0xff, 0x29, 0x86, 0xdc, 0xff, 0x29, 0x86, 0xdc, 0xff,
    0x29, 0x86, 0xdc, 0xff, 0x29, 0x86, 0xdc, 0xff, 0x29, 0x86, 0xdc, 0xff, 0x29, 0x86, 0xdc, 0xff,
    0x29, 0x86, 0xdc, 0xff, 0x29, 0x86, 0xdc, 0xff, 0x29, 0x86, 0xdc, 0xff, 0x29, 0x86, 0xdc, 0xff,
    0x29, 0x86, 0xdc, 0xff, 0x6c, 0xab, 0xe6, 0xff, 0xff, 0xff, 0xff, 0xff, 0xff, 0xff, 0xff, 0xff,
    0xff, 0xff, 0xff, 0xff, 0xff, 0xff, 0xff, 0xff, 0xff, 0xff, 0xff, 0xff, 0xff, 0xff, 0xff, 0xff,
    0xff, 0xff, 0xff, 0xff, 0xff, 0xff, 0xff, 0xff, 0xbc, 0xd9, 0xf4, 0xff, 0x29, 0x86, 0xdc, 0xff,
    0x29, 0x86, 0xdc, 0xff, 0x29, 0x86, 0xdc, 0xff, 0x29, 0x86, 0xdc, 0xff, 0x29, 0x86, 0xdc, 0xff,
    0x29, 0x86, 0xdc, 0xff, 0x29, 0x86, 0xdc, 0xff, 0x29, 0x86, 0xdc, 0xff, 0x29, 0x86, 0xdc, 0xff,
    0x29, 0x86, 0xdc, 0xff, 0x29, 0x86, 0xdc, 0xff, 0x29, 0x86, 0xdc, 0xff, 0x29, 0x86, 0xdc, 0xff,
    0x29, 0x86, 0xdc, 0xff, 0x29, 0x86, 0xdc, 0xff, 0x29, 0x86, 0xdc, 0xff, 0x29, 0x86, 0xdc, 0xff,
    0x29, 0x86, 0xdc, 0xff, 0x29, 0x86, 0xdc, 0xff, 0x29, 0x86, 0xdc, 0xff, 0x29, 0x86, 0xdc, 0xff,
    0x29, 0x86, 0xdc, 0xff, 0x29, 0x86, 0xdc, 0xff, 0x29, 0x86, 0xdc, 0xff, 0xcd, 0xe2, 0xf6, 0xff,
    0xff, 0xff, 0xff, 0xff, 0xff, 0xff, 0xff, 0xff, 0xff, 0xff, 0xff, 0xff, 0xff, 0xff, 0xff, 0xff,
    0xff, 0xff, 0xff, 0xff, 0xff, 0xff, 0xff, 0xff, 0xff, 0xff, 0xff, 0xff, 0x83, 0xb9, 0xea, 0xff,
    0x29, 0x86, 0xdc, 0xff, 0x29, 0x86, 0xdc, 0xff, 0x29, 0x86, 0xdc, 0xff, 0x29, 0x86, 0xdc, 0xff,
    0x29, 0x86, 0xdc, 0xff, 0x29, 0x86, 0xdc, 0xff, 0x29, 0x86, 0xdc, 0xff, 0x29, 0x86, 0xdc, 0xff,
    0x29, 0x86, 0xdc, 0xff, 0x29, 0x86, 0xdc, 0xff, 0x29, 0x86, 0xdc, 0xff, 0x29, 0x86, 0xdc, 0xff,
    0x29, 0x86, 0xdc, 0xff, 0x29, 0x86, 0xdc, 0xff, 0x29, 0x86, 0xdc, 0xff, 0x29, 0x86, 0xdc, 0xff,
    0x29, 0x86, 0xdc, 0xff, 0x29, 0x86, 0xdc, 0xff, 0x29, 0x86, 0xdc, 0xff, 0x29, 0x86, 0xdc, 0xff,
    0x29, 0x86, 0xdc, 0xff, 0x29, 0x86, 0xdc, 0xff, 0x29, 0x86, 0xdc, 0xff, 0x29, 0x86, 0xdc, 0xff,
    0x29, 0x86, 0xdc, 0xff, 0x29, 0x86, 0xdc, 0xff, 0x29, 0x86, 0xdc, 0xff, 0x29, 0x86, 0xdc, 0xff,
    0x29, 0x86, 0xdc, 0xff, 0x29, 0x86, 0xdc, 0xff, 0x29, 0x86, 0xdc, 0xff, 0x29, 0x86, 0xdc, 0xff,
    0x29, 0x86, 0xdc, 0xff, 0x29, 0x86, 0xdc, 0xff, 0x29, 0x86, 0xdc, 0xff, 0x29, 0x86, 0xdc, 0xff,
    0x29, 0x86, 0xdc, 0xff, 0x29, 0x86, 0xdc, 0xff, 0x29, 0x86, 0xdc, 0xff, 0x29, 0x86, 0xdc, 0xff,
    0x29, 0x86, 0xdc, 0xff, 0x29, 0x86, 0xdc, 0xff, 0x29, 0x86, 0xdc, 0xff, 0x29, 0x86, 0xdc, 0xff,
    0x29, 0x86, 0xdc, 0xff, 0x29, 0x86, 0xdc, 0xff, 0x29, 0x86, 0xdc, 0xff, 0x29, 0x86, 0xdc, 0xff,
    0x29, 0x86, 0xdc, 0xff, 0x29, 0x86, 0xdc, 0xff, 0x29, 0x86, 0xdc, 0xff, 0x29, 0x86, 0xdc, 0xff,
    0x29, 0x86, 0xdc, 0xff, 0x29, 0x86, 0xdc, 0xff, 0x29, 0x86, 0xdc, 0xff, 0x29, 0x86, 0xdc, 0xff,
    0x29, 0x86, 0xdc, 0xff, 0x29, 0x86, 0xdc, 0xff, 0xa4, 0xcc, 0xf0, 0xff, 0xff, 0xff, 0xff, 0xff,
    0xff, 0xff, 0xff, 0xff, 0xff, 0xff, 0xff, 0xff, 0xff, 0xff, 0xff, 0xff, 0xff, 0xff, 0xff, 0xff,
    0xff, 0xff, 0xff, 0xff, 0xff, 0xff, 0xff, 0xff, 0x9e, 0xc8, 0xef, 0xff, 0x29, 0x86, 0xdc, 0xff,
    0x29, 0x86, 0xdc, 0xff, 0x29, 0x86, 0xdc, 0xff, 0x29, 0x86, 0xdc, 0xff, 0x29, 0x86, 0xdc, 0xff,
    0x29, 0x86, 0xdc, 0xff, 0x29, 0x86, 0xdc, 0xff, 0x29, 0x86, 0xdc, 0xff, 0x29, 0x86, 0xdc, 0xff,
    0x29, 0x86, 0xdc, 0xff, 0x29, 0x86, 0xdc, 0xff, 0x29, 0x86, 0xdc, 0xff, 0x29, 0x86, 0xdc, 0xff,
    0x29, 0x86, 0xdc, 0xff, 0x29, 0x86, 0xdc, 0xff, 0x29, 0x86, 0xdc, 0xff, 0x29, 0x86, 0xdc, 0xff,
    0x29, 0x86, 0xdc, 0xff, 0x29, 0x86, 0xdc, 0xff, 0x29, 0x86, 0xdc, 0xff, 0x6c, 0xab, 0xe6, 0xff,
    0xff, 0xff, 0xff, 0xff, 0xff, 0xff, 0xff, 0xff, 0xff, 0xff, 0xff, 0xff, 0xff, 0xff, 0xff, 0xff,
    0xff, 0xff, 0xff, 0xff, 0xff, 0xff, 0xff, 0xff, 0xff, 0xff, 0xff, 0xff, 0xff, 0xff, 0xff, 0xff,
    0xbc, 0xd9, 0xf4, 0xff, 0x29, 0x86, 0xdc, 0xff, 0x29, 0x86, 0xdc, 0xff, 0x29, 0x86, 0xdc, 0xff,
    0x29, 0x86, 0xdc, 0xff, 0x29, 0x86, 0xdc, 0xff, 0x29, 0x86, 0xdc, 0xff, 0x29, 0x86, 0xdc, 0xff,
    0x29, 0x86, 0xdc, 0xff, 0x29, 0x86, 0xdc, 0xff, 0x29, 0x86, 0xdc, 0xff, 0x29, 0x86, 0xdc, 0xff,
    0x29, 0x86, 0xdc, 0xff, 0x29, 0x86, 0xdc, 0xff, 0x29, 0x86, 0xdc, 0xff, 0x29, 0x86, 0xdc, 0xff,
    0x29, 0x86, 0xdc, 0xff, 0x29, 0x86, 0xdc, 0xff, 0x29, 0x86, 0xdc, 0xff, 0x29, 0x86, 0xdc, 0xff,
    0x29, 0x86, 0xdc, 0xff, 0x29, 0x86, 0xdc, 0xff, 0x29, 0x86, 0xdc, 0xff, 0x29, 0x86, 0xdc, 0xff,
    0x29, 0x86, 0xdc, 0xff, 0x9a, 0xc6, 0xee, 0xff, 0xff, 0xff, 0xff, 0xff, 0xff, 0xff, 0xff, 0xff,
    0xff, 0xff, 0xff, 0xff, 0xff, 0xff, 0xff, 0xff, 0xff, 0xff, 0xff, 0xff, 0xff, 0xff, 0xff, 0xff,
    0xff, 0xff, 0xff, 0xff, 0xa1, 0xca, 0xef, 0xff, 0x29, 0x86, 0xdc, 0xff, 0x29, 0x86, 0xdc, 0xff,
    0x29, 0x86, 0xdc, 0xff, 0x29, 0x86, 0xdc, 0xff, 0x29, 0x86, 0xdc, 0xff, 0x29, 0x86, 0xdc, 0xff,
    0x29, 0x86, 0xdc, 0xff, 0x29, 0x86, 0xdc, 0xff, 0x29, 0x86, 0xdc, 0xff, 0x29, 0x86, 0xdc, 0xff,
    0x29, 0x86, 0xdc, 0xff, 0x29, 0x86, 0xdc, 0xff, 0x29, 0x86, 0xdc, 0xff, 0x29, 0x86, 0xdc, 0xff,
    0x29, 0x86, 0xdc, 0xff, 0x29, 0x86, 0xdc, 0xff, 0x29, 0x86, 0xdc, 0xff, 0x29, 0x86, 0xdc, 0xff,
    0x29, 0x86, 0xdc, 0xff, 0x29, 0x86, 0xdc, 0xff, 0x29, 0x86, 0xdc, 0xff, 0x29, 0x86, 0xdc, 0xff,
    0x29, 0x86, 0xdc, 0xff, 0x29, 0x86, 0xdc, 0xff, 0x29, 0x86, 0xdc, 0xff, 0x29, 0x86, 0xdc, 0xff,
    0x29, 0x86, 0xdc, 0xff, 0x29, 0x86, 0xdc, 0xff, 0x29, 0x86, 0xdc, 0xff, 0x29, 0x86, 0xdc, 0xff,
    0x29, 0x86, 0xdc, 0xff, 0x29, 0x86, 0xdc, 0xff, 0x29, 0x86, 0xdc, 0xff, 0x29, 0x86, 0xdc, 0xff,
    0x29, 0x86, 0xdc, 0xff, 0x29, 0x86, 0xdc, 0xff, 0x29, 0x86, 0xdc, 0xff, 0x29, 0x86, 0xdc, 0xff,
    0x29, 0x86, 0xdc, 0xff, 0x29, 0x86, 0xdc, 0xff, 0x29, 0x86, 0xdc, 0xff, 0x29, 0x86, 0xdc, 0xff,
    0x29, 0x86, 0xdc, 0xff, 0x29, 0x86, 0xdc, 0xff, 0x29, 0x86, 0xdc, 0xff, 0x29, 0x86, 0xdc, 0xff,
    0x29, 0x86, 0xdc, 0xff, 0x29, 0x86, 0xdc, 0xff, 0x29, 0x86, 0xdc, 0xff, 0x29, 0x86, 0xdc, 0xff,
    0x29, 0x86, 0xdc, 0xff, 0x29, 0x86, 0xdc, 0xff, 0x29, 0x86, 0xdc, 0xff, 0x29, 0x86, 0xdc, 0xff,
    0x29, 0x86, 0xdc, 0xff, 0x29, 0x86, 0xdc, 0xff, 0x29, 0x86, 0xdc, 0xff, 0x29, 0x86, 0xdc, 0xff,
    0xc2, 0xdc, 0xf5, 0xff, 0xff, 0xff, 0xff, 0xff, 0xff, 0xff, 0xff, 0xff, 0xff, 0xff, 0xff, 0xff,
    0xff, 0xff, 0xff, 0xff, 0xff, 0xff, 0xff, 0xff, 0xff, 0xff, 0xff, 0xff, 0xff, 0xff, 0xff, 0xff,
    0x79, 0xb3, 0xe9, 0xff, 0x29, 0x86, 0xdc, 0xff, 0x29, 0x86, 0xdc, 0xff, 0x29, 0x86, 0xdc, 0xff,
    0x29, 0x86, 0xdc, 0xff, 0x29, 0x86, 0xdc, 0xff, 0x29, 0x86, 0xdc, 0xff, 0x29, 0x86, 0xdc, 0xff,
    0x29, 0x86, 0xdc, 0xff, 0x29, 0x86, 0xdc, 0xff, 0x29, 0x86, 0xdc, 0xff, 0x29, 0x86, 0xdc, 0xff,
    0x29, 0x86, 0xdc, 0xff, 0x29, 0x86, 0xdc, 0xff, 0x29, 0x86, 0xdc, 0xff, 0x29, 0x86, 0xdc, 0xff,
    0x29, 0x86, 0xdc, 0xff, 0x29, 0x86, 0xdc, 0xff, 0x29, 0x86, 0xdc, 0xff, 0x29, 0x86, 0xdc, 0xff,
    0x29, 0x86, 0xdc, 0xff, 0x6c, 0xab, 0xe6, 0xff, 0xff, 0xff, 0xff, 0xff, 0xff, 0xff, 0xff, 0xff,
    0xff, 0xff, 0xff, 0xff, 0xff, 0xff, 0xff, 0xff, 0xff, 0xff, 0xff, 0xff, 0xff, 0xff, 0xff, 0xff,
    0xff, 0xff, 0xff, 0xff, 0xff, 0xff, 0xff, 0xff, 0xbc, 0xd9, 0xf4, 0xff, 0x29, 0x86, 0xdc, 0xff,
    0x29, 0x86, 0xdc, 0xff, 0x29, 0x86, 0xdc, 0xff, 0x29, 0x86, 0xdc, 0xff, 0x29, 0x86, 0xdc, 0xff,
    0x29, 0x86, 0xdc, 0xff, 0x29, 0x86, 0xdc, 0xff, 0x29, 0x86, 0xdc, 0xff, 0x29, 0x86, 0xdc, 0xff,
    0x29, 0x86, 0xdc, 0xff, 0x29, 0x86, 0xdc, 0xff, 0x29, 0x86, 0xdc, 0xff, 0x29, 0x86, 0xdc, 0xff,
    0x29, 0x86, 0xdc, 0xff, 0x29, 0x86, 0xdc, 0xff, 0x29, 0x86, 0xdc, 0xff, 0x29, 0x86, 0xdc, 0xff,
    0x29, 0x86, 0xdc, 0xff, 0x29, 0x86, 0xdc, 0xff, 0x29, 0x86, 0xdc, 0xff, 0x29, 0x86, 0xdc, 0xff,
    0x29, 0x86, 0xdc, 0xff, 0x29, 0x86, 0xdc, 0xff, 0x29, 0x86, 0xdc, 0xff, 0x76, 0xb1, 0xe8, 0xff,
    0xff, 0xff, 0xff, 0xff, 0xff, 0xff, 0xff, 0xff, 0xff, 0xff, 0xff, 0xff, 0xff, 0xff, 0xff, 0xff,
    0xff, 0xff, 0xff, 0xff, 0xff, 0xff, 0xff, 0xff, 0xff, 0xff, 0xff, 0xff, 0xc2, 0xdc, 0xf5, 0xff,
    0x29, 0x86, 0xdc, 0xff, 0x29, 0x86, 0xdc, 0xff, 0x29, 0x86, 0xdc, 0xff, 0x29, 0x86, 0xdc, 0xff,
    0x29, 0x86, 0xdc, 0xff, 0x29, 0x86, 0xdc, 0xff, 0x29, 0x86, 0xdc, 0xff, 0x29, 0x86, 0xdc, 0xff,
    0x29, 0x86, 0xdc, 0xff, 0x29, 0x86, 0xdc, 0xff, 0x29, 0x86, 0xdc, 0xff, 0x29, 0x86, 0xdc, 0xff,
    0x29, 0x86, 0xdc, 0xff, 0x29, 0x86, 0xdc, 0xff, 0x29, 0x86, 0xdc, 0xff, 0x29, 0x86, 0xdc, 0xff,
    0x29, 0x86, 0xdc, 0xff, 0x29, 0x86, 0xdc, 0xff, 0x29, 0x86, 0xdc, 0xff, 0x29, 0x86, 0xdc, 0xff,
    0x29, 0x86, 0xdc, 0xff, 0x29, 0x86, 0xdc, 0xff, 0x29, 0x86, 0xdc, 0xff, 0x29, 0x86, 0xdc, 0xff,
    0x29, 0x86, 0xdc, 0xff, 0x29, 0x86, 0xdc, 0xff, 0x29, 0x86, 0xdc, 0xff, 0x29, 0x86, 0xdc, 0xff,
    0x29, 0x86, 0xdc, 0xff, 0x29, 0x86, 0xdc, 0xff, 0x29, 0x86, 0xdc, 0xff, 0x29, 0x86, 0xdc, 0xff,
    0x29, 0x86, 0xdc, 0xff, 0x29, 0x86, 0xdc, 0xff, 0x29, 0x86, 0xdc, 0xff, 0x29, 0x86, 0xdc, 0xff,
    0x29, 0x86, 0xdc, 0xff, 0x29, 0x86, 0xdc, 0xff, 0x29, 0x86, 0xdc, 0xff, 0x29, 0x86, 0xdc, 0xff,
    0x29, 0x86, 0xdc, 0xff, 0x29, 0x86, 0xdc, 0xff, 0x29, 0x86, 0xdc, 0xff, 0x29, 0x86, 0xdc, 0xff,
    0x29, 0x86, 0xdc, 0xff, 0x29, 0x86, 0xdc, 0xff, 0x29, 0x86, 0xdc, 0xff, 0x29, 0x86, 0xdc, 0xff,
    0x29, 0x86, 0xdc, 0xff, 0x29, 0x86, 0xdc, 0xff, 0x29, 0x86, 0xdc, 0xff, 0x29, 0x86, 0xdc, 0xff,
    0x29, 0x86, 0xdc, 0xff, 0x29, 0x86, 0xdc, 0xff, 0x29, 0x86, 0xdc, 0xff, 0x29, 0x86, 0xdc, 0xff,
    0x29, 0x86, 0xdc, 0xff, 0x29, 0x86, 0xdc, 0xff, 0xdd, 0xec, 0xf9, 0xff, 0xff, 0xff, 0xff, 0xff,
    0xff, 0xff, 0xff, 0xff, 0xff, 0xff, 0xff, 0xff, 0xff, 0xff, 0xff, 0xff, 0xff, 0xff, 0xff, 0xff,
    0xff, 0xff, 0xff, 0xff, 0xff, 0xff, 0xff, 0xff, 0x57, 0xa0, 0xe3, 0xff, 0x29, 0x86, 0xdc, 0xff,
    0x29, 0x86, 0xdc, 0xff, 0x29, 0x86, 0xdc, 0xff, 0x29, 0x86, 0xdc, 0xff, 0x29, 0x86, 0xdc, 0xff,
    0x29, 0x86, 0xdc, 0xff, 0x29, 0x86, 0xdc, 0xff, 0x29, 0x86, 0xdc, 0xff, 0x29, 0x86, 0xdc, 0xff,
    0x29, 0x86, 0xdc, 0xff, 0x29, 0x86, 0xdc, 0xff, 0x29, 0x86, 0xdc, 0xff, 0x29, 0x86, 0xdc, 0xff,
    0x29, 0x86, 0xdc, 0xff, 0x29, 0x86, 0xdc, 0xff, 0x29, 0x86, 0xdc, 0xff, 0x29, 0x86, 0xdc, 0xff,
    0x29, 0x86, 0xdc, 0xff, 0x29, 0x86, 0xdc, 0xff, 0x29, 0x86, 0xdc, 0xff, 0x6c, 0xab, 0xe6, 0xff,
    0xff, 0xff, 0xff, 0xff, 0xff, 0xff, 0xff, 0xff, 0xff, 0xff, 0xff, 0xff, 0xff, 0xff, 0xff, 0xff,
    0xff, 0xff, 0xff, 0xff, 0xff, 0xff, 0xff, 0xff, 0xff, 0xff, 0xff, 0xff, 0xff, 0xff, 0xff, 0xff,
    0xbc, 0xd9, 0xf4, 0xff, 0x29, 0x86, 0xdc, 0xff, 0x29, 0x86, 0xdc, 0xff, 0x29, 0x86, 0xdc, 0xff,
    0x29, 0x86, 0xdc, 0xff, 0x29, 0x86, 0xdc, 0xff, 0x29, 0x86, 0xdc, 0xff, 0x29, 0x86, 0xdc, 0xff,
    0x29, 0x86, 0xdc, 0xff, 0x29, 0x86, 0xdc, 0xff, 0x29, 0x86, 0xdc, 0xff, 0x29, 0x86, 0xdc, 0xff,
    0x29, 0x86, 0xdc, 0xff, 0x29, 0x86, 0xdc, 0xff, 0x29, 0x86, 0xdc, 0xff, 0x29, 0x86, 0xdc, 0xff,
    0x29, 0x86, 0xdc, 0xff, 0x29, 0x86, 0xdc, 0xff, 0x29, 0x86, 0xdc, 0xff, 0x29, 0x86, 0xdc, 0xff,
    0x29, 0x86, 0xdc, 0xff, 0x29, 0x86, 0xdc, 0xff, 0x29, 0x86, 0xdc, 0xff, 0x29, 0x86, 0xdc, 0xff,
    0x29, 0x86, 0xdc, 0xff, 0x57, 0xa0, 0xe3, 0xff, 0xff, 0xff, 0xff, 0xff, 0xff, 0xff, 0xff, 0xff,
    0xff, 0xff, 0xff, 0xff, 0xff, 0xff, 0xff, 0xff, 0xff, 0xff, 0xff, 0xff, 0xff, 0xff, 0xff, 0xff,
    0xff, 0xff, 0xff, 0xff, 0xda, 0xea, 0xf9, 0xff, 0x29, 0x86, 0xdc, 0xff, 0x29, 0x86, 0xdc, 0xff,
    0x29, 0x86, 0xdc, 0xff, 0x29, 0x86, 0xdc, 0xff, 0x29, 0x86, 0xdc, 0xff, 0x29, 0x86, 0xdc, 0xff,
    0x29, 0x86, 0xdc, 0xff, 0x29, 0x86, 0xdc, 0xff, 0x29, 0x86, 0xdc, 0xff, 0x29, 0x86, 0xdc, 0xff,
    0x29, 0x86, 0xdc, 0xff, 0x29, 0x86, 0xdc, 0xff, 0x29, 0x86, 0xdc, 0xff, 0x29, 0x86, 0xdc, 0xff,
    0x29, 0x86, 0xdc, 0xff, 0x29, 0x86, 0xdc, 0xff, 0x29, 0x86, 0xdc, 0xff, 0x29, 0x86, 0xdc, 0xff,
    0x29, 0x86, 0xdc, 0xff, 0x29, 0x86, 0xdc, 0xff, 0x29, 0x86, 0xdc, 0xff, 0x29, 0x86, 0xdc, 0xff,
    0x29, 0x86, 0xdc, 0xff, 0x29, 0x86, 0xdc, 0xff, 0x29, 0x86, 0xdc, 0xff, 0x29, 0x86, 0xdc, 0xff,
    0x29, 0x86, 0xdc, 0xff, 0x29, 0x86, 0xdc, 0xff, 0x29, 0x86, 0xdc, 0xff, 0x29, 0x86, 0xdc, 0xff,
    0x29, 0x86, 0xdc, 0xff, 0x29, 0x86, 0xdc, 0xff, 0x29, 0x86, 0xdc, 0xff, 0x29, 0x86, 0xdc, 0xff,
    0x29, 0x86, 0xdc, 0xff, 0x29, 0x86, 0xdc, 0xff, 0x29, 0x86, 0xdc, 0xff, 0x29, 0x86, 0xdc, 0xff,
    0x29, 0x86, 0xdc, 0xff, 0x29, 0x86, 0xdc, 0xff, 0x29, 0x86, 0xdc, 0xff, 0x29, 0x86, 0xdc, 0xff,
    0x29, 0x86, 0xdc, 0xff, 0x29, 0x86, 0xdc, 0xff, 0x29, 0x86, 0xdc, 0xff, 0x29, 0x86, 0xdc, 0xff,
    0x29, 0x86, 0xdc, 0xff, 0x29, 0x86, 0xdc, 0xff, 0x29, 0x86, 0xdc, 0xff, 0x29, 0x86, 0xdc, 0xff,
    0x29, 0x86, 0xdc, 0xff, 0x29, 0x86, 0xdc, 0xff, 0x29, 0x86, 0xdc, 0xff, 0x29, 0x86, 0xdc, 0xff,
    0x29, 0x86, 0xdc, 0xff, 0x29, 0x86, 0xdc, 0xff, 0x29, 0x86, 0xdc, 0xff, 0x29, 0x86, 0xdc, 0xff,
    0xea, 0xf3, 0xfb, 0xff, 0xff, 0xff, 0xff, 0xff, 0xff, 0xff, 0xff, 0xff, 0xff, 0xff, 0xff, 0xff,
    0xff, 0xff, 0xff, 0xff, 0xff, 0xff, 0xff, 0xff, 0xff, 0xff, 0xff, 0xff, 0xff, 0xff, 0xff, 0xff,
    0x40, 0x93, 0xdf, 0xff, 0x29, 0x86, 0xdc, 0xff, 0x29, 0x86, 0xdc, 0xff, 0x29, 0x86, 0xdc, 0xff,
    0x29, 0x86, 0xdc, 0xff, 0x29, 0x86, 0xdc, 0xff, 0x29, 0x86, 0xdc, 0xff, 0x29, 0x86, 0xdc, 0xff,
    0x29, 0x86, 0xdc, 0xff, 0x29, 0x86, 0xdc, 0xff, 0x29, 0x86, 0xdc, 0xff, 0x29, 0x86, 0xdc, 0xff,
    0x29, 0x86, 0xdc, 0xff, 0x29, 0x86, 0xdc, 0xff, 0x29, 0x86, 0xdc, 0xff, 0x29, 0x86, 0xdc, 0xff,
    0x29, 0x86, 0xdc, 0xff, 0x29, 0x86, 0xdc, 0xff, 0x29, 0x86, 0xdc, 0xff, 0x29, 0x86, 0xdc, 0xff,
    0x29, 0x86, 0xdc, 0xff, 0x6c, 0xab, 0xe6, 0xff, 0xff, 0xff, 0xff, 0xff, 0xff, 0xff, 0xff, 0xff,
    0xff, 0xff, 0xff, 0xff, 0xff, 0xff, 0xff, 0xff, 0xff, 0xff, 0xff, 0xff, 0xff, 0xff, 0xff, 0xff,
    0xff, 0xff, 0xff, 0xff, 0xff, 0xff, 0xff, 0xff, 0xbc, 0xd9, 0xf4, 0xff, 0x29, 0x86, 0xdc, 0xff,
    0x29, 0x86, 0xdc, 0xff, 0x29, 0x86, 0xdc, 0xff, 0x29, 0x86, 0xdc, 0xff, 0x29, 0x86, 0xdc, 0xff,
    0x29, 0x86, 0xdc, 0xff, 0x29, 0x86, 0xdc, 0xff, 0x29, 0x86, 0xdc, 0xff, 0x29, 0x86, 0xdc, 0xff,
    0x29, 0x86, 0xdc, 0xff, 0x29, 0x86, 0xdc, 0xff, 0x29, 0x86, 0xdc, 0xff, 0x29, 0x86, 0xdc, 0xff,
    0x29, 0x86, 0xdc, 0xff, 0x29, 0x86, 0xdc, 0xff, 0x29, 0x86, 0xdc, 0xff, 0x29, 0x86, 0xdc, 0xff,
    0x29, 0x86, 0xdc, 0xff, 0x29, 0x86, 0xdc, 0xff, 0x29, 0x86, 0xdc, 0xff, 0x29, 0x86, 0xdc, 0xff,
    0x29, 0x86, 0xdc, 0xff, 0x29, 0x86, 0xdc, 0xff, 0x29, 0x86, 0xdc, 0xff, 0x3d, 0x91, 0xdf, 0xff,
    0xff, 0xff, 0xff, 0xff, 0xff, 0xff, 0xff, 0xff, 0xff, 0xff, 0xff, 0xff, 0xff, 0xff, 0xff, 0xff,
    0xff, 0xff, 0xff, 0xff, 0xff, 0xff, 0xff, 0xff, 0xff, 0xff, 0xff, 0xff, 0xee, 0xf5, 0xfc, 0xff,
    0x29, 0x86, 0xdc, 0xff, 0x29, 0x86, 0xdc, 0xff, 0x29, 0x86, 0xdc, 0xff, 0x29, 0x86, 0xdc, 0xff,
    0x29, 0x86, 0xdc, 0xff, 0x29, 0x86, 0xdc, 0xff, 0x29, 0x86, 0xdc, 0xff, 0x29, 0x86, 0xdc, 0xff,
    0x29, 0x86, 0xdc, 0xff, 0x29, 0x86, 0xdc, 0xff, 0x29, 0x86, 0xdc, 0xff, 0x29, 0x86, 0xdc, 0xff,
    0x29, 0x86, 0xdc, 0xff, 0x29, 0x86, 0xdc, 0xff, 0x29, 0x86, 0xdc, 0xff, 0x29, 0x86, 0xdc, 0xff,
    0x29, 0x86, 0xdc, 0xff, 0x29, 0x86, 0xdc, 0xff, 0x29, 0x86, 0xdc, 0xff, 0x29, 0x86, 0xdc, 0xff,
    0x29, 0x86, 0xdc, 0xff, 0x29, 0x86, 0xdc, 0xff, 0x29, 0x86, 0xdc, 0xff, 0x29, 0x86, 0xdc, 0xff,
    0x29, 0x86, 0xdc, 0xff, 0x29, 0x86, 0xdc, 0xff, 0x29, 0x86, 0xdc, 0xff, 0x29, 0x86, 0xdc, 0xff,
    0x29, 0x86, 0xdc, 0xff, 0x29, 0x86, 0xdc, 0xff, 0x29, 0x86, 0xdc, 0xff, 0x29, 0x86, 0xdc, 0xff,
    0x29, 0x86, 0xdc, 0xff, 0x29, 0x86, 0xdc, 0xff, 0x29, 0x86, 0xdc, 0xff, 0x29, 0x86, 0xdc, 0xff,
    0x29, 0x86, 0xdc, 0xff, 0x29, 0x86, 0xdc, 0xff, 0x29, 0x86, 0xdc, 0xff, 0x29, 0x86, 0xdc, 0xff,
    0x29, 0x86, 0xdc, 0xff, 0x29, 0x86, 0xdc, 0xff, 0x29, 0x86, 0xdc, 0xff, 0x29, 0x86, 0xdc, 0xff,
    0x29, 0x86, 0xdc, 0xff, 0x29, 0x86, 0xdc, 0xff, 0x29, 0x86, 0xdc, 0xff, 0x29, 0x86, 0xdc, 0xff,
    0x29, 0x86, 0xdc, 0xff, 0x29, 0x86, 0xdc, 0xff, 0x29, 0x86, 0xdc, 0xff, 0x29, 0x86, 0xdc, 0xff,
    0x29, 0x86, 0xdc, 0xff, 0x29, 0x86, 0xdc, 0xff, 0x29, 0x86, 0xdc, 0xff, 0x29, 0x86, 0xdc, 0xff,
    0x29, 0x86, 0xdc, 0xff, 0x29, 0x86, 0xdc, 0xff, 0xf8, 0xfb, 0xfe, 0xff, 0xff, 0xff, 0xff, 0xff,
    0xff, 0xff, 0xff, 0xff, 0xff, 0xff, 0xff, 0xff, 0xff, 0xff, 0xff, 0xff, 0xff, 0xff, 0xff, 0xff,
    0xff, 0xff, 0xff, 0xff, 0xff, 0xff, 0xff, 0xff, 0x33, 0x8b, 0xdd, 0xff, 0x29, 0x86, 0xdc, 0xff,
    0x29, 0x86, 0xdc, 0xff, 0x29, 0x86, 0xdc, 0xff, 0x29, 0x86, 0xdc, 0xff, 0x29, 0x86, 0xdc, 0xff,
    0x29, 0x86, 0xdc, 0xff, 0x29, 0x86, 0xdc, 0xff, 0x29, 0x86, 0xdc, 0xff, 0x29, 0x86, 0xdc, 0xff,
    0x29, 0x86, 0xdc, 0xff, 0x29, 0x86, 0xdc, 0xff, 0x29, 0x86, 0xdc, 0xff, 0x29, 0x86, 0xdc, 0xff,
    0x29, 0x86, 0xdc, 0xff, 0x29, 0x86, 0xdc, 0xff, 0x29, 0x86, 0xdc, 0xff, 0x29, 0x86, 0xdc, 0xff,
    0x29, 0x86, 0xdc, 0xff, 0x29, 0x86, 0xdc, 0xff, 0x29, 0x86, 0xdc, 0xff, 0x6c, 0xab, 0xe6, 0xff,
    0xff, 0xff, 0xff, 0xff, 0xff, 0xff, 0xff, 0xff, 0xff, 0xff, 0xff, 0xff, 0xff, 0xff, 0xff, 0xff,
    0xff, 0xff, 0xff, 0xff, 0xff, 0xff, 0xff, 0xff, 0xff, 0xff, 0xff, 0xff, 0xff, 0xff, 0xff, 0xff,
    0xbc, 0xd9, 0xf4, 0xff, 0x29, 0x86, 0xdc, 0xff, 0x29, 0x86, 0xdc, 0xff, 0x29, 0x86, 0xdc, 0xff,
    0x29, 0x86, 0xdc, 0xff, 0x29, 0x86, 0xdc, 0xff, 0x29, 0x86, 0xdc, 0xff, 0x29, 0x86, 0xdc, 0xff,
    0x29, 0x86, 0xdc, 0xff, 0x29, 0x86, 0xdc, 0xff, 0x29, 0x86, 0xdc, 0xff, 0x29, 0x86, 0xdc, 0xff,
    0x29, 0x86, 0xdc, 0xff, 0x29, 0x86, 0xdc, 0xff, 0x29, 0x86, 0xdc, 0xff, 0x29, 0x86, 0xdc, 0xff,
    0x29, 0x86, 0xdc, 0xff, 0x29, 0x86, 0xdc, 0xff, 0x29, 0x86, 0xdc, 0xff, 0x29, 0x86, 0xdc, 0xff,
    0x29, 0x86, 0xdc, 0xff, 0x29, 0x86, 0xdc, 0xff, 0x29, 0x86, 0xdc, 0xff, 0x29, 0x86, 0xdc, 0xff,
    0x29, 0x86, 0xdc, 0xff, 0x33, 0x8b, 0xdd, 0xff, 0xff, 0xff, 0xff, 0xff, 0xff, 0xff, 0xff, 0xff,
    0xff, 0xff, 0xff, 0xff, 0xff, 0xff, 0xff, 0xff, 0xff, 0xff, 0xff, 0xff, 0xff, 0xff, 0xff, 0xff,
    0xff, 0xff, 0xff, 0xff, 0xf8, 0xfb, 0xfe, 0xff, 0x29, 0x86, 0xdc, 0xff, 0x29, 0x86, 0xdc, 0xff,
    0x29, 0x86, 0xdc, 0xff, 0x29, 0x86, 0xdc, 0xff, 0x29, 0x86, 0xdc, 0xff, 0x29, 0x86, 0xdc, 0xff,
    0x29, 0x86, 0xdc, 0xff, 0x29, 0x86, 0xdc, 0xff, 0x29, 0x86, 0xdc, 0xff, 0x29, 0x86, 0xdc, 0xff,
    0x29, 0x86, 0xdc, 0xff, 0x29, 0x86, 0xdc, 0xff, 0x29, 0x86, 0xdc, 0xff, 0x29, 0x86, 0xdc, 0xff,
    0x29, 0x86, 0xdc, 0xff, 0x29, 0x86, 0xdc, 0xff, 0x29, 0x86, 0xdc, 0xff, 0x29, 0x86, 0xdc, 0xff,
    0x29, 0x86, 0xdc, 0xff, 0x29, 0x86, 0xdc, 0xff, 0x29, 0x86, 0xdc, 0xff, 0x29, 0x86, 0xdc, 0xff,
    0x29, 0x86, 0xdc, 0xff, 0x29, 0x86, 0xdc, 0xff, 0x29, 0x86, 0xdc, 0xff, 0x29, 0x86, 0xdc, 0xff,
    0x29, 0x86, 0xdc, 0xff, 0x29, 0x86, 0xdc, 0xff, 0x29, 0x86, 0xdc, 0xff, 0x29, 0x86, 0xdc, 0xff,
    0x29, 0x86, 0xdc, 0xff, 0x29, 0x86, 0xdc, 0xff, 0x29, 0x86, 0xdc, 0xff, 0x29, 0x86, 0xdc, 0xff,
    0x29, 0x86, 0xdc, 0xff, 0x29, 0x86, 0xdc, 0xff, 0x29, 0x86, 0xdc, 0xff, 0x29, 0x86, 0xdc, 0xff,
    0x29, 0x86, 0xdc, 0xff, 0x29, 0x86, 0xdc, 0xff, 0x29, 0x86, 0xdc, 0xff, 0x29, 0x86, 0xdc, 0xff,
    0x29, 0x86, 0xdc, 0xff, 0x29, 0x86, 0xdc, 0xff, 0x29, 0x86, 0xdc, 0xff, 0x29, 0x86, 0xdc, 0xff,
    0x29, 0x86, 0xdc, 0xff, 0x29, 0x86, 0xdc, 0xff, 0x29, 0x86, 0xdc, 0xff, 0x29, 0x86, 0xdc, 0xff,
    0x29, 0x86, 0xdc, 0xff, 0x29, 0x86, 0xdc, 0xff, 0x29, 0x86, 0xdc, 0xff, 0x29, 0x86, 0xdc, 0xff,
    0x29, 0x86, 0xdc, 0xff, 0x29, 0x86, 0xdc, 0xff, 0x29, 0x86, 0xdc, 0xff, 0x29, 0x86, 0xdc, 0xff,
    0xff, 0xff, 0xff, 0xff, 0xff, 0xff, 0xff, 0xff, 0xff, 0xff, 0xff, 0xff, 0xff, 0xff, 0xff, 0xff,
    0xff, 0xff, 0xff, 0xff, 0xff, 0xff, 0xff, 0xff, 0xff, 0xff, 0xff, 0xff, 0xff, 0xff, 0xff, 0xff,
    0x29, 0x86, 0xdc, 0xff, 0x29, 0x86, 0xdc, 0xff, 0x29, 0x86, 0xdc, 0xff, 0x29, 0x86, 0xdc, 0xff,
    0x29, 0x86, 0xdc, 0xff, 0x29, 0x86, 0xdc, 0xff, 0x29, 0x86, 0xdc, 0xff, 0x29, 0x86, 0xdc, 0xff,
    0x29, 0x86, 0xdc, 0xff, 0x29, 0x86, 0xdc, 0xff, 0x29, 0x86, 0xdc, 0xff, 0x29, 0x86, 0xdc, 0xff,
    0x29, 0x86, 0xdc, 0xff, 0x29, 0x86, 0xdc, 0xff, 0x29, 0x86, 0xdc, 0xff, 0x29, 0x86, 0xdc, 0xff,
    0x29, 0x86, 0xdc, 0xff, 0x29, 0x86, 0xdc, 0xff, 0x29, 0x86, 0xdc, 0xff, 0x29, 0x86, 0xdc, 0xff,
    0x29, 0x86, 0xdc, 0xff, 0x6c, 0xab, 0xe6, 0xff, 0xff, 0xff, 0xff, 0xff, 0xff, 0xff, 0xff, 0xff,
    0xff, 0xff, 0xff, 0xff, 0xff, 0xff, 0xff, 0xff, 0xff, 0xff, 0xff, 0xff, 0xff, 0xff, 0xff, 0xff,
    0xff, 0xff, 0xff, 0xff, 0xff, 0xff, 0xff, 0xff, 0xc2, 0xdc, 0xf5, 0xff, 0x29, 0x86, 0xdc, 0xff,
    0x29, 0x86, 0xdc, 0xff, 0x29, 0x86, 0xdc, 0xff, 0x29, 0x86, 0xdc, 0xff, 0x29, 0x86, 0xdc, 0xff,
    0x29, 0x86, 0xdc, 0xff, 0x29, 0x86, 0xdc, 0xff, 0x29, 0x86, 0xdc, 0xff, 0x29, 0x86, 0xdc, 0xff,
    0x29, 0x86, 0xdc, 0xff, 0x29, 0x86, 0xdc, 0xff, 0x29, 0x86, 0xdc, 0xff, 0x29, 0x86, 0xdc, 0xff,
    0x29, 0x86, 0xdc, 0xff, 0x29, 0x86, 0xdc, 0xff, 0x29, 0x86, 0xdc, 0xff, 0x29, 0x86, 0xdc, 0xff,
    0x29, 0x86, 0xdc, 0xff, 0x29, 0x86, 0xdc, 0xff, 0x29, 0x86, 0xdc, 0xff, 0x29, 0x86, 0xdc, 0xff,
    0x29, 0x86, 0xdc, 0xff, 0x29, 0x86, 0xdc, 0xff, 0x29, 0x86, 0xdc, 0xff, 0x29, 0x86, 0xdc, 0xff,
    0xff, 0xff, 0xff, 0xff, 0xff, 0xff, 0xff, 0xff, 0xff, 0xff, 0xff, 0xff, 0xff, 0xff, 0xff, 0xff,
    0xff, 0xff, 0xff, 0xff, 0xff, 0xff, 0xff, 0xff, 0xff, 0xff, 0xff, 0xff, 0xff, 0xff, 0xff, 0xff,
    0x29, 0x86, 0xdc, 0xff, 0x29, 0x86, 0xdc, 0xff, 0x29, 0x86, 0xdc, 0xff, 0x29, 0x86, 0xdc, 0xff,
    0x29, 0x86, 0xdc, 0xff, 0x29, 0x86, 0xdc, 0xff, 0x29, 0x86, 0xdc, 0xff, 0x29, 0x86, 0xdc, 0xff,
    0x29, 0x86, 0xdc, 0xff, 0x29, 0x86, 0xdc, 0xff, 0x29, 0x86, 0xdc, 0xff, 0x29, 0x86, 0xdc, 0xff,
    0x29, 0x86, 0xdc, 0xff, 0x29, 0x86, 0xdc, 0xff, 0x29, 0x86, 0xdc, 0xff, 0x29, 0x86, 0xdc, 0xff,
    0x29, 0x86, 0xdc, 0xff, 0x29, 0x86, 0xdc, 0xff, 0x29, 0x86, 0xdc, 0xff, 0x29, 0x86, 0xdc, 0xff,
    0x29, 0x86, 0xdc, 0xff, 0x29, 0x86, 0xdc, 0xff, 0x29, 0x86, 0xdc, 0xff, 0x29, 0x86, 0xdc, 0xff,
    0x29, 0x86, 0xdc, 0xff, 0x29, 0x86, 0xdc, 0xff, 0x29, 0x86, 0xdc, 0xff, 0x29, 0x86, 0xdc, 0xff,
    0x29, 0x86, 0xdc, 0xff, 0x29, 0x86, 0xdc, 0xff, 0x29, 0x86, 0xdc, 0xff, 0x29, 0x86, 0xdc, 0xff,
    0x29, 0x86, 0xdc, 0xff, 0x29, 0x86, 0xdc, 0xff, 0x29, 0x86, 0xdc, 0xff, 0x29, 0x86, 0xdc, 0xff,
    0x29, 0x86, 0xdc, 0xff, 0x29, 0x86, 0xdc, 0xff, 0x29, 0x86, 0xdc, 0xff, 0x29, 0x86, 0xdc, 0xff,
    0x29, 0x86, 0xdc, 0xff, 0x29, 0x86, 0xdc, 0xff, 0x29, 0x86, 0xdc, 0xff, 0x29, 0x86, 0xdc, 0xff,
    0x29, 0x86, 0xdc, 0xff, 0x29, 0x86, 0xdc, 0xff, 0x29, 0x86, 0xdc, 0xff, 0x29, 0x86, 0xdc, 0xff,
    0x29, 0x86, 0xdc, 0xff, 0x29, 0x86, 0xdc, 0xff, 0x29, 0x86, 0xdc, 0xff, 0x29, 0x86, 0xdc, 0xff,
    0x29, 0x86, 0xdc, 0xff, 0x29, 0x86, 0xdc, 0xff, 0x29, 0x86, 0xdc, 0xff, 0x29, 0x86, 0xdc, 0xff,
    0x29, 0x86, 0xdc, 0xff, 0x29, 0x86, 0xdc, 0xff, 0xff, 0xff, 0xff, 0xff, 0xff, 0xff, 0xff, 0xff,
    0xff, 0xff, 0xff, 0xff, 0xff, 0xff, 0xff, 0xff, 0xff, 0xff, 0xff, 0xff, 0xff, 0xff, 0xff, 0xff,
    0xff, 0xff, 0xff, 0xff, 0xff, 0xff, 0xff, 0xff, 0x29, 0x86, 0xdc, 0xff, 0x29, 0x86, 0xdc, 0xff,
    0x29, 0x86, 0xdc, 0xff, 0x29, 0x86, 0xdc, 0xff, 0x29, 0x86, 0xdc, 0xff, 0x29, 0x86, 0xdc, 0xff,
    0x29, 0x86, 0xdc, 0xff, 0x29, 0x86, 0xdc, 0xff, 0x29, 0x86, 0xdc, 0xff, 0x29, 0x86, 0xdc, 0xff,
    0x29, 0x86, 0xdc, 0xff, 0x29, 0x86, 0xdc, 0xff, 0x29, 0x86, 0xdc, 0xff, 0x29, 0x86, 0xdc, 0xff,
    0x29, 0x86, 0xdc, 0xff, 0x29, 0x86, 0xdc, 0xff, 0x29, 0x86, 0xdc, 0xff, 0x29, 0x86, 0xdc, 0xff,
    0x29, 0x86, 0xdc, 0xff, 0x29, 0x86, 0xdc, 0xff, 0x29, 0x86, 0xdc, 0xff, 0x6c, 0xab, 0xe6, 0xff,
    0xff, 0xff, 0xff, 0xff, 0xff, 0xff, 0xff, 0xff, 0xff, 0xff, 0xff, 0xff, 0xff, 0xff, 0xff, 0xff,
    0xff, 0xff, 0xff, 0xff, 0xff, 0xff, 0xff, 0xff, 0xff, 0xff, 0xff, 0xff, 0xff, 0xff, 0xff, 0xff,
    0xe4, 0xf0, 0xfa, 0xff, 0x8b, 0xbd, 0xec, 0xff, 0x41, 0x93, 0xe0, 0xff, 0x29, 0x86, 0xdc, 0xff,
    0x29, 0x86, 0xdc, 0xff, 0x29, 0x86, 0xdc, 0xff, 0x29, 0x86, 0xdc, 0xff, 0x29, 0x86, 0xdc, 0xff,
    0x29, 0x86, 0xdc, 0xff, 0x29, 0x86, 0xdc, 0xff, 0x29, 0x86, 0xdc, 0xff, 0x29, 0x86, 0xdc, 0xff,
    0x29, 0x86, 0xdc, 0xff, 0x29, 0x86, 0xdc, 0xff, 0x29, 0x86, 0xdc, 0xff, 0x29, 0x86, 0xdc, 0xff,
    0x29, 0x86, 0xdc, 0xff, 0x29, 0x86, 0xdc, 0xff, 0x29, 0x86, 0xdc, 0xff, 0x29, 0x86, 0xdc, 0xff,
    0x29, 0x86, 0xdc, 0xff, 0x29, 0x86, 0xdc, 0xff, 0x29, 0x86, 0xdc, 0xff, 0x29, 0x86, 0xdc, 0xff,
    0x29, 0x86, 0xdc, 0xff, 0x29, 0x86, 0xdc, 0xff, 0xff, 0xff, 0xff, 0xff, 0xff, 0xff, 0xff, 0xff,
    0xff, 0xff, 0xff, 0xff, 0xff, 0xff, 0xff, 0xff, 0xff, 0xff, 0xff, 0xff, 0xff, 0xff, 0xff, 0xff,
    0xff, 0xff, 0xff, 0xff, 0xff, 0xff, 0xff, 0xff, 0x29, 0x86, 0xdc, 0xff, 0x29, 0x86, 0xdc, 0xff,
    0x29, 0x86, 0xdc, 0xff, 0x29, 0x86, 0xdc, 0xff, 0x29, 0x86, 0xdc, 0xff, 0x29, 0x86, 0xdc, 0xff,
    0x29, 0x86, 0xdc, 0xff, 0x29, 0x86, 0xdc, 0xff, 0x29, 0x86, 0xdc, 0xff, 0x29, 0x86, 0xdc, 0xff,
    0x29, 0x86, 0xdc, 0xff, 0x29, 0x86, 0xdc, 0xff, 0x29, 0x86, 0xdc, 0xff, 0x29, 0x86, 0xdc, 0xff,
    0x29, 0x86, 0xdc, 0xff, 0x29, 0x86, 0xdc, 0xff, 0x29, 0x86, 0xdc, 0xff, 0x29, 0x86, 0xdc, 0xff,
    0x29, 0x86, 0xdc, 0xff, 0x29, 0x86, 0xdc, 0xff, 0x29, 0x86, 0xdc, 0xff, 0x29, 0x86, 0xdc, 0xff,
    0x29, 0x86, 0xdc, 0xff, 0x29, 0x86, 0xdc, 0xff, 0x29, 0x86, 0xdc, 0xff, 0x29, 0x86, 0xdc, 0xff,
    0x29, 0x86, 0xdc, 0xff, 0x29, 0x86, 0xdc, 0xff, 0x29, 0x86, 0xdc, 0xff, 0x29, 0x86, 0xdc, 0xff,
    0x29, 0x86, 0xdc, 0xff, 0x29, 0x86, 0xdc, 0xff, 0x29, 0x86, 0xdc, 0xff, 0x29, 0x86, 0xdc, 0xff,
    0x29, 0x86, 0xdc, 0xff, 0x29, 0x86, 0xdc, 0xff, 0x29, 0x86, 0xdc, 0xff, 0x29, 0x86, 0xdc, 0xff,
    0x29, 0x86, 0xdc, 0xff, 0x29, 0x86, 0xdc, 0xff, 0x29, 0x86, 0xdc, 0xff, 0x29, 0x86, 0xdc, 0xff,
    0x29, 0x86, 0xdc, 0xff, 0x29, 0x86, 0xdc, 0xff, 0x29, 0x86, 0xdc, 0xff, 0x29, 0x86, 0xdc, 0xff,
    0x29, 0x86, 0xdc, 0xff, 0x29, 0x86, 0xdc, 0xff, 0x29, 0x86, 0xdc, 0xff, 0x29, 0x86, 0xdc, 0xff,
    0x29, 0x86, 0xdc, 0xff, 0x29, 0x86, 0xdc, 0xff, 0x29, 0x86, 0xdc, 0xff, 0x29, 0x86, 0xdc, 0xff,
    0x29, 0x86, 0xdc, 0xff, 0x29, 0x86, 0xdc, 0xff, 0x29, 0x86, 0xdc, 0xff, 0x29, 0x86, 0xdc, 0xff,
    0xf8, 0xfb, 0xfe, 0xff, 0xff, 0xff, 0xff, 0xff, 0xff, 0xff, 0xff, 0xff, 0xff, 0xff, 0xff, 0xff,
    0xff, 0xff, 0xff, 0xff, 0xff, 0xff, 0xff, 0xff, 0xff, 0xff, 0xff, 0xff, 0xff, 0xff, 0xff, 0xff,
    0x33, 0x8b, 0xdd, 0xff, 0x29, 0x86, 0xdc, 0xff, 0x29, 0x86, 0xdc, 0xff, 0x29, 0x86, 0xdc, 0xff,
    0x29, 0x86, 0xdc, 0xff, 0x29, 0x86, 0xdc, 0xff, 0x29, 0x86, 0xdc, 0xff, 0x29, 0x86, 0xdc, 0xff,
    0x29, 0x86, 0xdc, 0xff, 0x29, 0x86, 0xdc, 0xff, 0x29, 0x86, 0xdc, 0xff, 0x29, 0x86, 0xdc, 0xff,
    0x29, 0x86, 0xdc, 0xff, 0x29, 0x86, 0xdc, 0xff, 0x29, 0x86, 0xdc, 0xff, 0x29, 0x86, 0xdc, 0xff,
    0x29, 0x86, 0xdc, 0xff, 0x29, 0x86, 0xdc, 0xff, 0x29, 0x86, 0xdc, 0xff, 0x29, 0x86, 0xdc, 0xff,
    0x29, 0x86, 0xdc, 0xff, 0x74, 0xb0, 0xe8, 0xff, 0xff, 0xff, 0xff, 0xff, 0xff, 0xff, 0xff, 0xff,
    0xff, 0xff, 0xff, 0xff, 0xff, 0xff, 0xff, 0xff, 0xff, 0xff, 0xff, 0xff, 0xff, 0xff, 0xff, 0xff,
    0xff, 0xff, 0xff, 0xff, 0xff, 0xff, 0xff, 0xff, 0xe4, 0xf0, 0xfa, 0xff, 0xa9, 0xcf, 0xf1, 0xff,
    0xa9, 0xcf, 0xf1, 0xff, 0x75, 0xb1, 0xe8, 0xff, 0x35, 0x8c, 0xde, 0xff, 0x29, 0x86, 0xdc, 0xff,
    0x29, 0x86, 0xdc, 0xff, 0x29, 0x86, 0xdc, 0xff, 0x29, 0x86, 0xdc, 0xff, 0x29, 0x86, 0xdc, 0xff,
    0x29, 0x86, 0xdc, 0xff, 0x29, 0x86, 0xdc, 0xff, 0x29, 0x86, 0xdc, 0xff, 0x29, 0x86, 0xdc, 0xff,
    0x29, 0x86, 0xdc, 0xff, 0x29, 0x86, 0xdc, 0xff, 0x29, 0x86, 0xdc, 0xff, 0x29, 0x86, 0xdc, 0xff,
    0x29, 0x86, 0xdc, 0xff, 0x29, 0x86, 0xdc, 0xff, 0x29, 0x86, 0xdc, 0xff, 0x29, 0x86, 0xdc, 0xff,
    0x29, 0x86, 0xdc, 0xff, 0x29, 0x86, 0xdc, 0xff, 0x29, 0x86, 0xdc, 0xff, 0x33, 0x8b, 0xdd, 0xff,
    0xff, 0xff, 0xff, 0xff, 0xff, 0xff, 0xff, 0xff, 0xff, 0xff, 0xff, 0xff, 0xff, 0xff, 0xff, 0xff,
    0xff, 0xff, 0xff, 0xff, 0xff, 0xff, 0xff, 0xff, 0xff, 0xff, 0xff, 0xff, 0xf8, 0xfb, 0xfe, 0xff,
    0x29, 0x86, 0xdc, 0xff, 0x29, 0x86, 0xdc, 0xff, 0x29, 0x86, 0xdc, 0xff, 0x29, 0x86, 0xdc, 0xff,
    0x29, 0x86, 0xdc, 0xff, 0x29, 0x86, 0xdc, 0xff, 0x29, 0x86, 0xdc, 0xff, 0x29, 0x86, 0xdc, 0xff,
    0x29, 0x86, 0xdc, 0xff, 0x29, 0x86, 0xdc, 0xff, 0x29, 0x86, 0xdc, 0xff, 0x29, 0x86, 0xdc, 0xff,
    0x29, 0x86, 0xdc, 0xff, 0x29, 0x86, 0xdc, 0xff, 0x29, 0x86, 0xdc, 0xff, 0x29, 0x86, 0xdc, 0xff,
    0x29, 0x86, 0xdc, 0xff, 0x29, 0x86, 0xdc, 0xff, 0x29, 0x86, 0xdc, 0xff, 0x29, 0x86, 0xdc, 0xff,
    0x29, 0x86, 0xdc, 0xff, 0x29, 0x86, 0xdc, 0xff, 0x29, 0x86, 0xdc, 0xff, 0x29, 0x86, 0xdc, 0xff,
    0x29, 0x86, 0xdc, 0xff, 0x29, 0x86, 0xdc, 0xff, 0x29, 0x86, 0xdc, 0xff, 0x29, 0x86, 0xdc, 0xff,
    0x29, 0x86, 0xdc, 0xff, 0x29, 0x86, 0xdc, 0xff, 0x29, 0x86, 0xdc, 0xff, 0x29, 0x86, 0xdc, 0xff,
    0x29, 0x86, 0xdc, 0xff, 0x29, 0x86, 0xdc, 0xff, 0x29, 0x86, 0xdc, 0xff, 0x29, 0x86, 0xdc, 0xff,
    0x29, 0x86, 0xdc, 0xff, 0x29, 0x86, 0xdc, 0xff, 0x29, 0x86, 0xdc, 0xff, 0x29, 0x86, 0xdc, 0xff,
    0x29, 0x86, 0xdc, 0xff, 0x29, 0x86, 0xdc, 0xff, 0x29, 0x86, 0xdc, 0xff, 0x29, 0x86, 0xdc, 0xff,
    0x29, 0x86, 0xdc, 0xff, 0x29, 0x86, 0xdc, 0xff, 0x29, 0x86, 0xdc, 0xff, 0x29, 0x86, 0xdc, 0xff,
    0x29, 0x86, 0xdc, 0xff, 0x29, 0x86, 0xdc, 0xff, 0x29, 0x86, 0xdc, 0xff, 0x29, 0x86, 0xdc, 0xff,
    0x29, 0x86, 0xdc, 0xff, 0x29, 0x86, 0xdc, 0xff, 0x29, 0x86, 0xdc, 0xff, 0x29, 0x86, 0xdc, 0xff,
    0x29, 0x86, 0xdc, 0xff, 0x29, 0x86, 0xdc, 0xff, 0xee, 0xf5, 0xfc, 0xff, 0xff, 0xff, 0xff, 0xff,
    0xff, 0xff, 0xff, 0xff, 0xff, 0xff, 0xff, 0xff, 0xff, 0xff, 0xff, 0xff, 0xff, 0xff, 0xff, 0xff,
    0xff, 0xff, 0xff, 0xff, 0xff, 0xff, 0xff, 0xff, 0x3d, 0x91, 0xdf, 0xff, 0x29, 0x86, 0xdc, 0xff,
    0x29, 0x86, 0xdc, 0xff, 0x29, 0x86, 0xdc, 0xff, 0x29, 0x86, 0xdc, 0xff, 0x29, 0x86, 0xdc, 0xff,
    0x29, 0x86, 0xdc, 0xff, 0x29, 0x86, 0xdc, 0xff, 0x29, 0x86, 0xdc, 0xff, 0x29, 0x86, 0xdc, 0xff,
    0x29, 0x86, 0xdc, 0xff, 0x29, 0x86, 0xdc, 0xff, 0x29, 0x86, 0xdc, 0xff, 0x29, 0x86, 0xdc, 0xff,
    0x29, 0x86, 0xdc, 0xff, 0x29, 0x86, 0xdc, 0xff, 0x29, 0x86, 0xdc, 0xff, 0x29, 0x86, 0xdc, 0xff,
    0x29, 0x86, 0xdc, 0xff, 0x29, 0x86, 0xdc, 0xff, 0x29, 0x86, 0xdc, 0xff, 0x75, 0xb1, 0xe8, 0xff,
    0xff, 0xff, 0xff, 0xff, 0xff, 0xff, 0xff, 0xff, 0xff, 0xff, 0xff, 0xff, 0xff, 0xff, 0xff, 0xff,
    0xff, 0xff, 0xff, 0xff, 0xff, 0xff, 0xff, 0xff, 0xff, 0xff, 0xff, 0xff, 0xff, 0xff, 0xff, 0xff,
    0xde, 0xed, 0xf9, 0xff, 0xa9, 0xcf, 0xf1, 0xff, 0xa9, 0xcf, 0xf1, 0xff, 0xa9, 0xcf, 0xf1, 0xff,
    0xa3, 0xcb, 0xf0, 0xff, 0x61, 0xa6, 0xe5, 0xff, 0x2d, 0x88, 0xdc, 0xff, 0x29, 0x86, 0xdc, 0xff,
    0x29, 0x86, 0xdc, 0xff, 0x29, 0x86, 0xdc, 0xff, 0x29, 0x86, 0xdc, 0xff, 0x29, 0x86, 0xdc, 0xff,
    0x29, 0x86, 0xdc, 0xff, 0x29, 0x86, 0xdc, 0xff, 0x29, 0x86, 0xdc, 0xff, 0x29, 0x86, 0xdc, 0xff,
    0x29, 0x86, 0xdc, 0xff, 0x29, 0x86, 0xdc, 0xff, 0x29, 0x86, 0xdc, 0xff, 0x29, 0x86, 0xdc, 0xff,
    0x29, 0x86, 0xdc, 0xff, 0x29, 0x86, 0xdc, 0xff, 0x29, 0x86, 0xdc, 0xff, 0x29, 0x86, 0xdc, 0xff,
    0x29, 0x86, 0xdc, 0xff, 0x40, 0x93, 0xe0, 0xff, 0xff, 0xff, 0xff, 0xff, 0xff, 0xff, 0xff, 0xff,
    0xff, 0xff, 0xff, 0xff, 0xff, 0xff, 0xff, 0xff, 0xff, 0xff, 0xff, 0xff, 0xff, 0xff, 0xff, 0xff,
    0xff, 0xff, 0xff, 0xff, 0xea, 0xf3, 0xfb, 0xff, 0x29, 0x86, 0xdc, 0xff, 0x29, 0x86, 0xdc, 0xff,
    0x29, 0x86, 0xdc, 0xff, 0x29, 0x86, 0xdc, 0xff, 0x29, 0x86, 0xdc, 0xff, 0x29, 0x86, 0xdc, 0xff,
    0x29, 0x86, 0xdc, 0xff, 0x29, 0x86, 0xdc, 0xff, 0x29, 0x86, 0xdc, 0xff, 0x29, 0x86, 0xdc, 0xff,
    0x29, 0x86, 0xdc, 0xff, 0x29, 0x86, 0xdc, 0xff, 0x29, 0x86, 0xdc, 0xff, 0x29, 0x86, 0xdc, 0xff,
    0x29, 0x86, 0xdc, 0xff, 0x29, 0x86, 0xdc, 0xff, 0x29, 0x86, 0xdc, 0xff, 0x29, 0x86, 0xdc, 0xff,
    0x29, 0x86, 0xdc, 0xff, 0x29, 0x86, 0xdc, 0xff, 0x29, 0x86, 0xdc, 0xff, 0x29, 0x86, 0xdc, 0xff,
    0x29, 0x86, 0xdc, 0xff, 0x29, 0x86, 0xdc, 0xff, 0x29, 0x86, 0xdc, 0xff, 0x29, 0x86, 0xdc, 0xff,
    0x29, 0x86, 0xdc, 0xff, 0x29, 0x86, 0xdc, 0xff, 0x29, 0x86, 0xdc, 0xff, 0x29, 0x86, 0xdc, 0xff,
    0x29, 0x86, 0xdc, 0xff, 0x29, 0x86, 0xdc, 0xff, 0x29, 0x86, 0xdc, 0xff, 0x29, 0x86, 0xdc, 0xff,
    0x29, 0x86, 0xdc, 0xff, 0x29, 0x86, 0xdc, 0xff, 0x29, 0x86, 0xdc, 0xff, 0x29, 0x86, 0xdc, 0xff,
    0x29, 0x86, 0xdc, 0xff, 0x29, 0x86, 0xdc, 0xff, 0x29, 0x86, 0xdc, 0xff, 0x29, 0x86, 0xdc, 0xff,
    0x29, 0x86, 0xdc, 0xff, 0x29, 0x86, 0xdc, 0xff, 0x29, 0x86, 0xdc, 0xff, 0x29, 0x86, 0xdc, 0xff,
    0x29, 0x86, 0xdc, 0xff, 0x29, 0x86, 0xdc, 0xff, 0x29, 0x86, 0xdc, 0xff, 0x29, 0x86, 0xdc, 0xff,
    0x29, 0x86, 0xdc, 0xff, 0x29, 0x86, 0xdc, 0xff, 0x29, 0x86, 0xdc, 0xff, 0x29, 0x86, 0xdc, 0xff,
    0x29, 0x86, 0xdc, 0xff, 0x29, 0x86, 0xdc, 0xff, 0x29, 0x86, 0xdc, 0xff, 0x29, 0x86, 0xdc, 0xff,
    0xda, 0xea, 0xf8, 0xff, 0xff, 0xff, 0xff, 0xff, 0xff, 0xff, 0xff, 0xff, 0xff, 0xff, 0xff, 0xff,
    0xff, 0xff, 0xff, 0xff, 0xff, 0xff, 0xff, 0xff, 0xff, 0xff, 0xff, 0xff, 0xff, 0xff, 0xff, 0xff,
    0x57, 0xa0, 0xe3, 0xff, 0x29, 0x86, 0xdc, 0xff, 0x29, 0x86, 0xdc, 0xff, 0x29, 0x86, 0xdc, 0xff,
    0x29, 0x86, 0xdc, 0xff, 0x29, 0x86, 0xdc, 0xff, 0x29, 0x86, 0xdc, 0xff, 0x29, 0x86, 0xdc, 0xff,
    0x29, 0x86, 0xdc, 0xff, 0x29, 0x86, 0xdc, 0xff, 0x29, 0x86, 0xdc, 0xff, 0x29, 0x86, 0xdc, 0xff,
    0x29, 0x86, 0xdc, 0xff, 0x29, 0x86, 0xdc, 0xff, 0x29, 0x86, 0xdc, 0xff, 0x29, 0x86, 0xdc, 0xff,
    0x29, 0x86, 0xdc, 0xff, 0x29, 0x86, 0xdc, 0xff, 0x29, 0x86, 0xdc, 0xff, 0x29, 0x86, 0xdc, 0xff,
    0x29, 0x86, 0xdc, 0xff, 0x4e, 0x9b, 0xe2, 0xff, 0xf9, 0xfc, 0xfe, 0xff, 0xff, 0xff, 0xff, 0xff,
    0xff, 0xff, 0xff, 0xff, 0xff, 0xff, 0xff, 0xff, 0xff, 0xff, 0xff, 0xff, 0xff, 0xff, 0xff, 0xff,
    0xff, 0xff, 0xff, 0xff, 0xff, 0xff, 0xff, 0xff, 0xc6, 0xdf, 0xf5, 0xff, 0xa9, 0xcf, 0xf1, 0xff,
    0xa9, 0xcf, 0xf1, 0xff, 0xa9, 0xcf, 0xf1, 0xff, 0xa9, 0xcf, 0xf1, 0xff, 0xa9, 0xcf, 0xf1, 0xff,
    0x95, 0xc3, 0xed, 0xff, 0x51, 0x9c, 0xe2, 0xff, 0x29, 0x86, 0xdc, 0xff, 0x29, 0x86, 0xdc, 0xff,
    0x29, 0x86, 0xdc, 0xff, 0x29, 0x86, 0xdc, 0xff, 0x29, 0x86, 0xdc, 0xff, 0x29, 0x86, 0xdc, 0xff,
    0x29, 0x86, 0xdc, 0xff, 0x29, 0x86, 0xdc, 0xff, 0x29, 0x86, 0xdc, 0xff, 0x29, 0x86, 0xdc, 0xff,
    0x29, 0x86, 0xdc, 0xff, 0x29, 0x86, 0xdc, 0xff, 0x29, 0x86, 0xdc, 0xff, 0x29, 0x86, 0xdc, 0xff,
    0x29, 0x86, 0xdc, 0xff, 0x29, 0x86, 0xdc, 0xff, 0x29, 0x86, 0xdc, 0xff, 0x57, 0xa0, 0xe3, 0xff,
    0xff, 0xff, 0xff, 0xff, 0xff, 0xff, 0xff, 0xff, 0xff, 0xff, 0xff, 0xff, 0xff, 0xff, 0xff, 0xff,
    0xff, 0xff, 0xff, 0xff, 0xff, 0xff, 0xff, 0xff, 0xff, 0xff, 0xff, 0xff, 0xdd, 0xec, 0xf9, 0xff,
    0x29, 0x86, 0xdc, 0xff, 0x29, 0x86, 0xdc, 0xff, 0x29, 0x86, 0xdc, 0xff, 0x29, 0x86, 0xdc, 0xff,
    0x29, 0x86, 0xdc, 0xff, 0x29, 0x86, 0xdc, 0xff, 0x29, 0x86, 0xdc, 0xff, 0x29, 0x86, 0xdc, 0xff,
    0x29, 0x86, 0xdc, 0xff, 0x29, 0x86, 0xdc, 0xff, 0x29, 0x86, 0xdc, 0xff, 0x29, 0x86, 0xdc, 0xff,
    0x29, 0x86, 0xdc, 0xff, 0x29, 0x86, 0xdc, 0xff, 0x29, 0x86, 0xdc, 0xff, 0x29, 0x86, 0xdc, 0xff,
    0x29, 0x86, 0xdc, 0xff, 0x29, 0x86, 0xdc, 0xff, 0x29, 0x86, 0xdc, 0xff, 0x29, 0x86, 0xdc, 0xff,
    0x29, 0x86, 0xdc, 0xff, 0x29, 0x86, 0xdc, 0xff, 0x29, 0x86, 0xdc, 0xff, 0x29, 0x86, 0xdc, 0xff,
    0x29, 0x86, 0xdc, 0xff, 0x29, 0x86, 0xdc, 0xff, 0x29, 0x86, 0xdc, 0xff, 0x29, 0x86, 0xdc, 0xff,
    0x29, 0x86, 0xdc, 0xff, 0x29, 0x86, 0xdc, 0xff, 0x29, 0x86, 0xdc, 0xff, 0x29, 0x86, 0xdc, 0xff,
    0x29, 0x86, 0xdc, 0xff, 0x29, 0x86, 0xdc, 0xff, 0x29, 0x86, 0xdc, 0xff, 0x29, 0x86, 0xdc, 0xff,
    0x29, 0x86, 0xdc, 0xff, 0x29, 0x86, 0xdc, 0xff, 0x29, 0x86, 0xdc, 0xff, 0x29, 0x86, 0xdc, 0xff,
    0x29, 0x86, 0xdc, 0xff, 0x29, 0x86, 0xdc, 0xff, 0x29, 0x86, 0xdc, 0xff, 0x29, 0x86, 0xdc, 0xff,
    0x29, 0x86, 0xdc, 0xff, 0x29, 0x86, 0xdc, 0xff, 0x29, 0x86, 0xdc, 0xff, 0x29, 0x86, 0xdc, 0xff,
    0x29, 0x86, 0xdc, 0xff, 0x29, 0x86, 0xdc, 0xff, 0x29, 0x86, 0xdc, 0xff, 0x29, 0x86, 0xdc, 0xff,
    0x29, 0x86, 0xdc, 0xff, 0x29, 0x86, 0xdc, 0xff, 0x29, 0x86, 0xdc, 0xff, 0x29, 0x86, 0xdc, 0xff,
    0x29, 0x86, 0xdc, 0xff, 0x29, 0x86, 0xdc, 0xff, 0xc2, 0xdc, 0xf5, 0xff, 0xff, 0xff, 0xff, 0xff,
    0xff, 0xff, 0xff, 0xff, 0xff, 0xff, 0xff, 0xff, 0xff, 0xff, 0xff, 0xff, 0xff, 0xff, 0xff, 0xff,
    0xff, 0xff, 0xff, 0xff, 0xff, 0xff, 0xff, 0xff, 0x76, 0xb1, 0xe8, 0xff, 0x29, 0x86, 0xdc, 0xff,
    0x29, 0x86, 0xdc, 0xff, 0x29, 0x86, 0xdc, 0xff, 0x29, 0x86, 0xdc, 0xff, 0x29, 0x86, 0xdc, 0xff,
    0x29, 0x86, 0xdc, 0xff, 0x29, 0x86, 0xdc, 0xff, 0x29, 0x86, 0xdc, 0xff, 0x29, 0x86, 0xdc, 0xff,
    0x29, 0x86, 0xdc, 0xff, 0x29, 0x86, 0xdc, 0xff, 0x29, 0x86, 0xdc, 0xff, 0x29, 0x86, 0xdc, 0xff,
    0x29, 0x86, 0xdc, 0xff, 0x29, 0x86, 0xdc, 0xff, 0x29, 0x86, 0xdc, 0xff, 0x29, 0x86, 0xdc, 0xff,
    0x29, 0x86, 0xdc, 0xff, 0x29, 0x86, 0xdc, 0xff, 0x29, 0x86, 0xdc, 0xff, 0x2b, 0x87, 0xdc, 0xff,
    0xb6, 0xd6, 0xf3, 0xff, 0xff, 0xff, 0xff, 0xff, 0xff, 0xff, 0xff, 0xff, 0xff, 0xff, 0xff, 0xff,
    0xff, 0xff, 0xff, 0xff, 0xff, 0xff, 0xff, 0xff, 0xff, 0xff, 0xff, 0xff, 0xe9, 0xf3, 0xfb, 0xff,
    0xab, 0xd0, 0xf1, 0xff, 0xa9, 0xcf, 0xf1, 0xff, 0xa9, 0xcf, 0xf1, 0xff, 0xa9, 0xcf, 0xf1, 0xff,
    0xa9, 0xcf, 0xf1, 0xff, 0xa9, 0xcf, 0xf1, 0xff, 0xa9, 0xcf, 0xf1, 0xff, 0xa9, 0xcf, 0xf1, 0xff,
    0x83, 0xb9, 0xeb, 0xff, 0x41, 0x93, 0xe0, 0xff, 0x29, 0x86, 0xdc, 0xff, 0x29, 0x86, 0xdc, 0xff,
    0x29, 0x86, 0xdc, 0xff, 0x29, 0x86, 0xdc, 0xff, 0x29, 0x86, 0xdc, 0xff, 0x29, 0x86, 0xdc, 0xff,
    0x29, 0x86, 0xdc, 0xff, 0x29, 0x86, 0xdc, 0xff, 0x29, 0x86, 0xdc, 0xff, 0x29, 0x86, 0xdc, 0xff,
    0x29, 0x86, 0xdc, 0xff, 0x29, 0x86, 0xdc, 0xff, 0x29, 0x86, 0xdc, 0xff, 0x29, 0x86, 0xdc, 0xff,
    0x29, 0x86, 0xdc, 0xff, 0x79, 0xb3, 0xe9, 0xff, 0xff, 0xff, 0xff, 0xff, 0xff, 0xff, 0xff, 0xff,
    0xff, 0xff, 0xff, 0xff, 0xff, 0xff, 0xff, 0xff, 0xff, 0xff, 0xff, 0xff, 0xff, 0xff, 0xff, 0xff,
    0xff, 0xff, 0xff, 0xff, 0xc2, 0xdc, 0xf5, 0xff, 0x29, 0x86, 0xdc, 0xff, 0x29, 0x86, 0xdc, 0xff,
    0x29, 0x86, 0xdc, 0xff, 0x29, 0x86, 0xdc, 0xff, 0x29, 0x86, 0xdc, 0xff, 0x29, 0x86, 0xdc, 0xff,
    0x29, 0x86, 0xdc, 0xff, 0x29, 0x86, 0xdc, 0xff, 0x29, 0x86, 0xdc, 0xff, 0x29, 0x86, 0xdc, 0xff,
    0x29, 0x86, 0xdc, 0xff, 0x29, 0x86, 0xdc, 0xff, 0x29, 0x86, 0xdc, 0xff, 0x29, 0x86, 0xdc, 0xff,
    0x29, 0x86, 0xdc, 0xff, 0x29, 0x86, 0xdc, 0xff, 0x29, 0x86, 0xdc, 0xff, 0x29, 0x86, 0xdc, 0xff,
    0x29, 0x86, 0xdc, 0xff, 0x29, 0x86, 0xdc, 0xff, 0x29, 0x86, 0xdc, 0xff, 0x29, 0x86, 0xdc, 0xff,
    0x29, 0x86, 0xdc, 0xff, 0x29, 0x86, 0xdc, 0xff, 0x29, 0x86, 0xdc, 0xff, 0x29, 0x86, 0xdc, 0xff,
    0x29, 0x86, 0xdc, 0xff, 0x29, 0x86, 0xdc, 0xff, 0x29, 0x86, 0xdc, 0xff, 0x29, 0x86, 0xdc, 0xff,
    0x29, 0x86, 0xdc, 0xff, 0x29, 0x86, 0xdc, 0xff, 0x29, 0x86, 0xdc, 0xff, 0x29, 0x86, 0xdc, 0xff,
    0x29, 0x86, 0xdc, 0xff, 0x29, 0x86, 0xdc, 0xff, 0x29, 0x86, 0xdc, 0xff, 0x29, 0x86, 0xdc, 0xff,
    0x29, 0x86, 0xdc, 0xff, 0x29, 0x86, 0xdc, 0xff, 0x29, 0x86, 0xdc, 0xff, 0x29, 0x86, 0xdc, 0xff,
    0x29, 0x86, 0xdc, 0xff, 0x29, 0x86, 0xdc, 0xff, 0x29, 0x86, 0xdc, 0xff, 0x29, 0x86, 0xdc, 0xff,
    0x29, 0x86, 0xdc, 0xff, 0x29, 0x86, 0xdc, 0xff, 0x29, 0x86, 0xdc, 0xff, 0x29, 0x86, 0xdc, 0xff,
    0x29, 0x86, 0xdc, 0xff, 0x29, 0x86, 0xdc, 0xff, 0x29, 0x86, 0xdc, 0xff, 0x29, 0x86, 0xdc, 0xff,
    0x29, 0x86, 0xdc, 0xff, 0x29, 0x86, 0xdc, 0xff, 0x29, 0x86, 0xdc, 0xff, 0x29, 0x86, 0xdc, 0xff,
    0xa1, 0xca, 0xef, 0xff, 0xff, 0xff, 0xff, 0xff, 0xff, 0xff, 0xff, 0xff, 0xff, 0xff, 0xff, 0xff,
    0xff, 0xff, 0xff, 0xff, 0xff, 0xff, 0xff, 0xff, 0xff, 0xff, 0xff, 0xff, 0xff, 0xff, 0xff, 0xff,
    0x9b, 0xc6, 0xee, 0xff, 0x29, 0x86, 0xdc, 0xff, 0x29, 0x86, 0xdc, 0xff, 0x29, 0x86, 0xdc, 0xff,
    0x29, 0x86, 0xdc, 0xff, 0x29, 0x86, 0xdc, 0xff, 0x29, 0x86, 0xdc, 0xff, 0x29, 0x86, 0xdc, 0xff,
    0x29, 0x86, 0xdc, 0xff, 0x29, 0x86, 0xdc, 0xff, 0x29, 0x86, 0xdc, 0xff, 0x29, 0x86, 0xdc, 0xff,
    0x29, 0x86, 0xdc, 0xff, 0x29, 0x86, 0xdc, 0xff, 0x29, 0x86, 0xdc, 0xff, 0x29, 0x86, 0xdc, 0xff,
    0x29, 0x86, 0xdc, 0xff, 0x29, 0x86, 0xdc, 0xff, 0x29, 0x86, 0xdc, 0xff, 0x29, 0x86, 0xdc, 0xff,
    0x29, 0x86, 0xdc, 0xff, 0x29, 0x86, 0xdc, 0xff, 0x3d, 0x91, 0xdf, 0xff, 0xbc, 0xd9, 0xf4, 0xff,
    0xf7, 0xfa, 0xfd, 0xff, 0xff, 0xff, 0xff, 0xff, 0xff, 0xff, 0xff, 0xff, 0xfd, 0xfe, 0xfe, 0xff,
    0xe1, 0xee, 0xfa, 0xff, 0xad, 0xd1, 0xf1, 0xff, 0xa9, 0xcf, 0xf1, 0xff, 0xa9, 0xcf, 0xf1, 0xff,
    0xa9, 0xcf, 0xf1, 0xff, 0xa9, 0xcf, 0xf1, 0xff, 0xa9, 0xcf, 0xf1, 0xff, 0xa9, 0xcf, 0xf1, 0xff,
    0xa9, 0xcf, 0xf1, 0xff, 0xa9, 0xcf, 0xf1, 0xff, 0xa9, 0xcf, 0xf1, 0xff, 0xa5, 0xcc, 0xf0, 0xff,
    0x71, 0xaf, 0xe7, 0xff, 0x33, 0x8b, 0xdd, 0xff, 0x29, 0x86, 0xdc, 0xff, 0x29, 0x86, 0xdc, 0xff,
    0x29, 0x86, 0xdc, 0xff, 0x29, 0x86, 0xdc, 0xff, 0x29, 0x86, 0xdc, 0xff, 0x29, 0x86, 0xdc, 0xff,
    0x29, 0x86, 0xdc, 0xff, 0x29, 0x86, 0xdc, 0xff, 0x29, 0x86, 0xdc, 0xff, 0x29, 0x86, 0xdc, 0xff,
    0x29, 0x86, 0xdc, 0xff, 0x29, 0x86, 0xdc, 0xff, 0x29, 0x86, 0xdc, 0xff, 0x9e, 0xc8, 0xef, 0xff,
    0xff, 0xff, 0xff, 0xff, 0xff, 0xff, 0xff, 0xff, 0xff, 0xff, 0xff, 0xff, 0xff, 0xff, 0xff, 0xff,
    0xff, 0xff, 0xff, 0xff, 0xff, 0xff, 0xff, 0xff, 0xff, 0xff, 0xff, 0xff, 0xa5, 0xcb, 0xf0, 0xff,
    0x29, 0x86, 0xdc, 0xff, 0x29, 0x86, 0xdc, 0xff, 0x29, 0x86, 0xdc, 0xff, 0x29, 0x86, 0xdc, 0xff,
    0x29, 0x86, 0xdc, 0xff, 0x29, 0x86, 0xdc, 0xff, 0x29, 0x86, 0xdc, 0xff, 0x29, 0x86, 0xdc, 0xff,
    0x29, 0x86, 0xdc, 0xff, 0x29, 0x86, 0xdc, 0xff, 0x29, 0x86, 0xdc, 0xff, 0x29, 0x86, 0xdc, 0xff,
    0x29, 0x86, 0xdc, 0xff, 0x29, 0x86, 0xdc, 0xff, 0x29, 0x86, 0xdc, 0xff, 0x29, 0x86, 0xdc, 0xff,
    0x29, 0x86, 0xdc, 0xff, 0x29, 0x86, 0xdc, 0xff, 0x29, 0x86, 0xdc, 0xff, 0x29, 0x86, 0xdc, 0xff,
    0x29, 0x86, 0xdc, 0xff, 0x29, 0x86, 0xdc, 0xff, 0x29, 0x86, 0xdc, 0xff, 0x29, 0x86, 0xdc, 0xff,
    0x29, 0x86, 0xdc, 0xff, 0x29, 0x86, 0xdc, 0xff, 0x29, 0x86, 0xdc, 0xff, 0x29, 0x86, 0xdc, 0xff,
    0x29, 0x86, 0xdc, 0xff, 0x29, 0x86, 0xdc, 0xff, 0x29, 0x86, 0xdc, 0xff, 0x29, 0x86, 0xdc, 0xff,
    0x29, 0x86, 0xdc, 0xff, 0x29, 0x86, 0xdc, 0xff, 0x29, 0x86, 0xdc, 0xff, 0x29, 0x86, 0xdc, 0xff,
    0x29, 0x86, 0xdc, 0xff, 0x29, 0x86, 0xdc, 0xff, 0x29, 0x86, 0xdc, 0xff, 0x29, 0x86, 0xdc, 0xff,
    0x29, 0x86, 0xdc, 0xff, 0x29, 0x86, 0xdc, 0xff, 0x29, 0x86, 0xdc, 0xff, 0x29, 0x86, 0xdc, 0xff,
    0x29, 0x86, 0xdc, 0xff, 0x29, 0x86, 0xdc, 0xff, 0x29, 0x86, 0xdc, 0xff, 0x29, 0x86, 0xdc, 0xff,
    0x29, 0x86, 0xdc, 0xff, 0x29, 0x86, 0xdc, 0xff, 0x29, 0x86, 0xdc, 0xff, 0x29, 0x86, 0xdc, 0xff,
    0x29, 0x86, 0xdc, 0xff, 0x29, 0x86, 0xdc, 0xff, 0x29, 0x86, 0xdc, 0xff, 0x29, 0x86, 0xdc, 0xff,
    0x29, 0x86, 0xdc, 0xff, 0x29, 0x86, 0xdc, 0xff, 0x83, 0xb9, 0xea, 0xff, 0xff, 0xff, 0xff, 0xff,
    0xff, 0xff, 0xff, 0xff, 0xff, 0xff, 0xff, 0xff, 0xff, 0xff, 0xff, 0xff, 0xff, 0xff, 0xff, 0xff,
    0xff, 0xff, 0xff, 0xff, 0xff, 0xff, 0xff, 0xff, 0xcd, 0xe2, 0xf6, 0xff, 0x29, 0x86, 0xdc, 0xff,
    0x29, 0x86, 0xdc, 0xff, 0x29, 0x86, 0xdc, 0xff, 0x29, 0x86, 0xdc, 0xff, 0x29, 0x86, 0xdc, 0xff,
    0x29, 0x86, 0xdc, 0xff, 0x29, 0x86, 0xdc, 0xff, 0x29, 0x86, 0xdc, 0xff, 0x29, 0x86, 0xdc, 0xff,
    0x29, 0x86, 0xdc, 0xff, 0x29, 0x86, 0xdc, 0xff, 0x29, 0x86, 0xdc, 0xff, 0x29, 0x86, 0xdc, 0xff,
    0x29, 0x86, 0xdc, 0xff, 0x29, 0x86, 0xdc, 0xff, 0x29, 0x86, 0xdc, 0xff, 0x29, 0x86, 0xdc, 0xff,
    0x29, 0x86, 0xdc, 0xff, 0x29, 0x86, 0xdc, 0xff, 0x29, 0x86, 0xdc, 0xff, 0x29, 0x86, 0xdc, 0xff,
    0x29, 0x86, 0xdc, 0xff, 0x35, 0x8c, 0xde, 0xff, 0x77, 0xb2, 0xe9, 0xff, 0xbd, 0xda, 0xf4, 0xff,
    0xc2, 0xdd, 0xf5, 0xff, 0xb2, 0xd4, 0xf2, 0xff, 0xa9, 0xcf, 0xf1, 0xff, 0xa9, 0xcf, 0xf1, 0xff,
    0xa9, 0xcf, 0xf1, 0xff, 0xa9, 0xcf, 0xf1, 0xff, 0xa9, 0xcf, 0xf1, 0xff, 0xa9, 0xcf, 0xf1, 0xff,
    0xa9, 0xcf, 0xf1, 0xff, 0xa9, 0xcf, 0xf1, 0xff, 0xa9, 0xcf, 0xf1, 0xff, 0xa9, 0xcf, 0xf1, 0xff,
    0xa9, 0xcf, 0xf1, 0xff, 0xa9, 0xcf, 0xf1, 0xff, 0xa9, 0xcf, 0xf1, 0xff, 0x9d, 0xc8, 0xef, 0xff,
    0x4d, 0x9a, 0xe2, 0xff, 0x29, 0x86, 0xdc, 0xff, 0x29, 0x86, 0xdc, 0xff, 0x29, 0x86, 0xdc, 0xff,
    0x29, 0x86, 0xdc, 0xff, 0x29, 0x86, 0xdc, 0xff, 0x29, 0x86, 0xdc, 0xff, 0x29, 0x86, 0xdc, 0xff,
    0x29, 0x86, 0xdc, 0xff, 0x29, 0x86, 0xdc, 0xff, 0x29, 0x86, 0xdc, 0xff, 0x29, 0x86, 0xdc, 0xff,
    0x29, 0x86, 0xdc, 0xff, 0xc9, 0xe0, 0xf6, 0xff, 0xff, 0xff, 0xff, 0xff, 0xff, 0xff, 0xff, 0xff,
    0xff, 0xff, 0xff, 0xff, 0xff, 0xff, 0xff, 0xff, 0xff, 0xff, 0xff, 0xff, 0xff, 0xff, 0xff, 0xff,
    0xff, 0xff, 0xff, 0xff, 0x83, 0xb9, 0xea, 0xff, 0x29, 0x86, 0xdc, 0xff, 0x29, 0x86, 0xdc, 0xff,
    0x29, 0x86, 0xdc, 0xff, 0x29, 0x86, 0xdc, 0xff, 0x29, 0x86, 0xdc, 0xff, 0x29, 0x86, 0xdc, 0xff,
    0x29, 0x86, 0xdc, 0xff, 0x29, 0x86, 0xdc, 0xff, 0x29, 0x86, 0xdc, 0xff, 0x29, 0x86, 0xdc, 0xff,
    0x29, 0x86, 0xdc, 0xff, 0x29, 0x86, 0xdc, 0xff, 0x29, 0x86, 0xdc, 0xff, 0x29, 0x86, 0xdc, 0xff,
    0x29, 0x86, 0xdc, 0xff, 0x29, 0x86, 0xdc, 0xff, 0x29, 0x86, 0xdc, 0xff, 0x29, 0x86, 0xdc, 0xff,
    0x29, 0x86, 0xdc, 0xff, 0x29, 0x86, 0xdc, 0xff, 0x29, 0x86, 0xdc, 0xff, 0x29, 0x86, 0xdc, 0xff,
    0x29, 0x86, 0xdc, 0xff, 0x29, 0x86, 0xdc, 0xff, 0x29, 0x86, 0xdc, 0xff, 0x29, 0x86, 0xdc, 0xff,
    0x29, 0x86, 0xdc, 0xff, 0x29, 0x86, 0xdc, 0xff, 0x29, 0x86, 0xdc, 0xff, 0x29, 0x86, 0xdc, 0xff,
    0x29, 0x86, 0xdc, 0xff, 0x29, 0x86, 0xdc, 0xff, 0x29, 0x86, 0xdc, 0xff, 0x29, 0x86, 0xdc, 0xff,
    0x29, 0x86, 0xdc, 0xff, 0x29, 0x86, 0xdc, 0xff, 0x29, 0x86, 0xdc, 0xff, 0x29, 0x86, 0xdc, 0xff,
    0x29, 0x86, 0xdc, 0xff, 0x29, 0x86, 0xdc, 0xff, 0x29, 0x86, 0xdc, 0xff, 0x29, 0x86, 0xdc, 0xff,
    0x29, 0x86, 0xdc, 0xff, 0x29, 0x86, 0xdc, 0xff, 0x29, 0x86, 0xdc, 0xff, 0x29, 0x86, 0xdc, 0xff,
    0x29, 0x86, 0xdc, 0xff, 0x29, 0x86, 0xdc, 0xff, 0x29, 0x86, 0xdc, 0xff, 0x29, 0x86, 0xdc, 0xff,
    0x29, 0x86, 0xdc, 0xff, 0x29, 0x86, 0xdc, 0xff, 0x29, 0x86, 0xdc, 0xff, 0x29, 0x86, 0xdc, 0xff,
    0x29, 0x86, 0xdc, 0xff, 0x29, 0x86, 0xdc, 0xff, 0x29, 0x86, 0xdc, 0xff, 0x29, 0x86, 0xdc, 0xff,
    0x5b, 0xa2, 0xe4, 0xff, 0xff, 0xff, 0xff, 0xff, 0xff, 0xff, 0xff, 0xff, 0xff, 0xff, 0xff, 0xff,
    0xff, 0xff, 0xff, 0xff, 0xff, 0xff, 0xff, 0xff, 0xff, 0xff, 0xff, 0xff, 0xff, 0xff, 0xff, 0xff,
    0xfb, 0xfd, 0xfe, 0xff, 0x33, 0x8b, 0xdd, 0xff, 0x29, 0x86, 0xdc, 0xff, 0x29, 0x86, 0xdc, 0xff,
    0x29, 0x86, 0xdc, 0xff, 0x29, 0x86, 0xdc, 0xff, 0x29, 0x86, 0xdc, 0xff, 0x29, 0x86, 0xdc, 0xff,
    0x29, 0x86, 0xdc, 0xff, 0x29, 0x86, 0xdc, 0xff, 0x29, 0x86, 0xdc, 0xff, 0x29, 0x86, 0xdc, 0xff,
    0x29, 0x86, 0xdc, 0xff, 0x29, 0x86, 0xdc, 0xff, 0x29, 0x86, 0xdc, 0xff, 0x29, 0x86, 0xdc, 0xff,
    0x29, 0x86, 0xdc, 0xff, 0x29, 0x86, 0xdc, 0xff, 0x29, 0x86, 0xdc, 0xff, 0x29, 0x86, 0xdc, 0xff,
    0x29, 0x86, 0xdc, 0xff, 0x29, 0x86, 0xdc, 0xff, 0x29, 0x86, 0xdc, 0xff, 0x29, 0x86, 0xdc, 0xff,
    0x29, 0x86, 0xdc, 0xff, 0x41, 0x93, 0xe0, 0xff, 0x8b, 0xbe, 0xec, 0xff, 0xa9, 0xcf, 0xf1, 0xff,
    0xa9, 0xcf, 0xf1, 0xff, 0xa9, 0xcf, 0xf1, 0xff, 0xa9, 0xcf, 0xf1, 0xff, 0xa9, 0xcf, 0xf1, 0xff,
    0xa9, 0xcf, 0xf1, 0xff, 0xa9, 0xcf, 0xf1, 0xff, 0xa9, 0xcf, 0xf1, 0xff, 0xa9, 0xcf, 0xf1, 0xff,
    0xa9, 0xcf, 0xf1, 0xff, 0xa9, 0xcf, 0xf1, 0xff, 0xa9, 0xcf, 0xf1, 0xff, 0xa9, 0xcf, 0xf1, 0xff,
    0xa9, 0xcf, 0xf1, 0xff, 0xa9, 0xcf, 0xf1, 0xff, 0xa3, 0xcb, 0xf0, 0xff, 0x39, 0x8f, 0xde, 0xff,
    0x29, 0x86, 0xdc, 0xff, 0x29, 0x86, 0xdc, 0xff, 0x29, 0x86, 0xdc, 0xff, 0x29, 0x86, 0xdc, 0xff,
    0x29, 0x86, 0xdc, 0xff, 0x29, 0x86, 0xdc, 0xff, 0x29, 0x86, 0xdc, 0xff, 0x29, 0x86, 0xdc, 0xff,
    0x29, 0x86, 0xdc, 0xff, 0x29, 0x86, 0xdc, 0xff, 0x33, 0x8b, 0xdd, 0xff, 0xf8, 0xfb, 0xfe, 0xff,
    0xff, 0xff, 0xff, 0xff, 0xff, 0xff, 0xff, 0xff, 0xff, 0xff, 0xff, 0xff, 0xff, 0xff, 0xff, 0xff,
    0xff, 0xff, 0xff, 0xff, 0xff, 0xff, 0xff, 0xff, 0xff, 0xff, 0xff, 0xff, 0x58, 0xa0, 0xe3, 0xff,
    0x29, 0x86, 0xdc, 0xff, 0x29, 0x86, 0xdc, 0xff, 0x29, 0x86, 0xdc, 0xff, 0x29, 0x86, 0xdc, 0xff,
    0x29, 0x86, 0xdc, 0xff, 0x29, 0x86, 0xdc, 0xff, 0x29, 0x86, 0xdc, 0xff, 0x29, 0x86, 0xdc, 0xff,
    0x29, 0x86, 0xdc, 0xff, 0x29, 0x86, 0xdc, 0xff, 0x29, 0x86, 0xdc, 0xff, 0x29, 0x86, 0xdc, 0xff,
    0x29, 0x86, 0xdc, 0xff, 0x29, 0x86, 0xdc, 0xff, 0x29, 0x86, 0xdc, 0xff, 0x29, 0x86, 0xdc, 0xff,
    0x29, 0x86, 0xdc, 0xff, 0x29, 0x86, 0xdc, 0xff, 0x29, 0x86, 0xdc, 0xff, 0x29, 0x86, 0xdc, 0xff,
    0x29, 0x86, 0xdc, 0xff, 0x29, 0x86, 0xdc, 0xff, 0x29, 0x86, 0xdc, 0xff, 0x29, 0x86, 0xdc, 0xff,
    0x29, 0x86, 0xdc, 0xff, 0x29, 0x86, 0xdc, 0xff, 0x29, 0x86, 0xdc, 0xff, 0x29, 0x86, 0xdc, 0xff,
    0x29, 0x86, 0xdc, 0xff, 0x29, 0x86, 0xdc, 0xff, 0x29, 0x86, 0xdc, 0xff, 0x29, 0x86, 0xdc, 0xff,
    0x29, 0x86, 0xdc, 0xff, 0x29, 0x86, 0xdc, 0xff, 0x29, 0x86, 0xdc, 0xff, 0x29, 0x86, 0xdc, 0xff,
    0x29, 0x86, 0xdc, 0xff, 0x29, 0x86, 0xdc, 0xff, 0x29, 0x86, 0xdc, 0xff, 0x29, 0x86, 0xdc, 0xff,
    0x29, 0x86, 0xdc, 0xff, 0x29, 0x86, 0xdc, 0xff, 0x29, 0x86, 0xdc, 0xff, 0x29, 0x86, 0xdc, 0xff,
    0x29, 0x86, 0xdc, 0xff, 0x29, 0x86, 0xdc, 0xff, 0x29, 0x86, 0xdc, 0xff, 0x29, 0x86, 0xdc, 0xff,
    0x29, 0x86, 0xdc, 0xff, 0x29, 0x86, 0xdc, 0xff, 0x29, 0x86, 0xdc, 0xff, 0x29, 0x86, 0xdc, 0xff,
    0x29, 0x86, 0xdc, 0xff, 0x29, 0x86, 0xdc, 0xff, 0x29, 0x86, 0xdc, 0xff, 0x29, 0x86, 0xdc, 0xff,
    0x29, 0x86, 0xdc, 0xff, 0x29, 0x86, 0xdc, 0xff, 0x2c, 0x88, 0xdc, 0xff, 0xf8, 0xfb, 0xfe, 0xff,
    0xff, 0xff, 0xff, 0xff, 0xff, 0xff, 0xff, 0xff, 0xff, 0xff, 0xff, 0xff, 0xff, 0xff, 0xff, 0xff,
    0xff, 0xff, 0xff, 0xff, 0xff, 0xff, 0xff, 0xff, 0xff, 0xff, 0xff, 0xff, 0x6b, 0xab, 0xe6, 0xff,
    0x29, 0x86, 0xdc, 0xff, 0x29, 0x86, 0xdc, 0xff, 0x29, 0x86, 0xdc, 0xff, 0x29, 0x86, 0xdc, 0xff,
    0x29, 0x86, 0xdc, 0xff, 0x29, 0x86, 0xdc, 0xff, 0x29, 0x86, 0xdc, 0xff, 0x29, 0x86, 0xdc, 0xff,
    0x29, 0x86, 0xdc, 0xff, 0x29, 0x86, 0xdc, 0xff, 0x29, 0x86, 0xdc, 0xff, 0x29, 0x86, 0xdc, 0xff,
    0x29, 0x86, 0xdc, 0xff, 0x29, 0x86, 0xdc, 0xff, 0x29, 0x86, 0xdc, 0xff, 0x29, 0x86, 0xdc, 0xff,
    0x29, 0x86, 0xdc, 0xff, 0x29, 0x86, 0xdc, 0xff, 0x29, 0x86, 0xdc, 0xff, 0x29, 0x86, 0xdc, 0xff,
    0x29, 0x86, 0xdc, 0xff, 0x29, 0x86, 0xdc, 0xff, 0x29, 0x86, 0xdc, 0xff, 0x29, 0x86, 0xdc, 0xff,
    0x29, 0x86, 0xdc, 0xff, 0x55, 0x9f, 0xe3, 0xff, 0x9b, 0xc7, 0xee, 0xff, 0xa9, 0xcf, 0xf1, 0xff,
    0xa9, 0xcf, 0xf1, 0xff, 0xa9, 0xcf, 0xf1, 0xff, 0xa9, 0xcf, 0xf1, 0xff, 0xa9, 0xcf, 0xf1, 0xff,
    0xa9, 0xcf, 0xf1, 0xff, 0xa9, 0xcf, 0xf1, 0xff, 0xa9, 0xcf, 0xf1, 0xff, 0xa9, 0xcf, 0xf1, 0xff,
    0xa9, 0xcf, 0xf1, 0xff, 0xa9, 0xcf, 0xf1, 0xff, 0xa9, 0xcf, 0xf1, 0xff, 0xa9, 0xcf, 0xf1, 0xff,
    0xa9, 0xcf, 0xf1, 0xff, 0x71, 0xaf, 0xe7, 0xff, 0x29, 0x86, 0xdc, 0xff, 0x29, 0x86, 0xdc, 0xff,
    0x29, 0x86, 0xdc, 0xff, 0x29, 0x86, 0xdc, 0xff, 0x29, 0x86, 0xdc, 0xff, 0x29, 0x86, 0xdc, 0xff,
    0x29, 0x86, 0xdc, 0xff, 0x29, 0x86, 0xdc, 0xff, 0x29, 0x86, 0xdc, 0xff, 0x29, 0x86, 0xdc, 0xff,
    0x68, 0xaa, 0xe6, 0xff, 0xff, 0xff, 0xff, 0xff, 0xff, 0xff, 0xff, 0xff, 0xff, 0xff, 0xff, 0xff,
    0xff, 0xff, 0xff, 0xff, 0xff, 0xff, 0xff, 0xff, 0xff, 0xff, 0xff, 0xff, 0xff, 0xff, 0xff, 0xff,
    0xf5, 0xf9, 0xfd, 0xff, 0x2f, 0x89, 0xdd, 0xff, 0x29, 0x86, 0xdc, 0xff, 0x29, 0x86, 0xdc, 0xff,
    0x29, 0x86, 0xdc, 0xff, 0x29, 0x86, 0xdc, 0xff, 0x29, 0x86, 0xdc, 0xff, 0x29, 0x86, 0xdc, 0xff,
    0x29, 0x86, 0xdc, 0xff, 0x29, 0x86, 0xdc, 0xff, 0x29, 0x86, 0xdc, 0xff, 0x29, 0x86, 0xdc, 0xff,
    0x29, 0x86, 0xdc, 0xff, 0x29, 0x86, 0xdc, 0xff, 0x29, 0x86, 0xdc, 0xff, 0x29, 0x86, 0xdc, 0xff,
    0x29, 0x86, 0xdc, 0xff, 0x29, 0x86, 0xdc, 0xff, 0x29, 0x86, 0xdc, 0xff, 0x29, 0x86, 0xdc, 0xff,
    0x29, 0x86, 0xdc, 0xff, 0x29, 0x86, 0xdc, 0xff, 0x29, 0x86, 0xdc, 0xff, 0x29, 0x86, 0xdc, 0xff,
    0x29, 0x86, 0xdc, 0xff, 0x29, 0x86, 0xdc, 0xff, 0x29, 0x86, 0xdc, 0xff, 0x29, 0x86, 0xdc, 0xff,
    0x29, 0x86, 0xdc, 0xff, 0x29, 0x86, 0xdc, 0xff, 0x29, 0x86, 0xdc, 0xff, 0x29, 0x86, 0xdc, 0xff,
    0x29, 0x86, 0xdc, 0xff, 0x29, 0x86, 0xdc, 0xff, 0x29, 0x86, 0xdc, 0xff, 0x29, 0x86, 0xdc, 0xff,
    0x29, 0x86, 0xdc, 0xff, 0x29, 0x86, 0xdc, 0xff, 0x29, 0x86, 0xdc, 0xff, 0x29, 0x86, 0xdc, 0xff,
    0x29, 0x86, 0xdc, 0xff, 0x29, 0x86, 0xdc, 0xff, 0x29, 0x86, 0xdc, 0xff, 0x29, 0x86, 0xdc, 0xff,
    0x29, 0x86, 0xdc, 0xff, 0x29, 0x86, 0xdc, 0xff, 0x29, 0x86, 0xdc, 0xff, 0x29, 0x86, 0xdc, 0xff,
    0x29, 0x86, 0xdc, 0xff, 0x29, 0x86, 0xdc, 0xff, 0x29, 0x86, 0xdc, 0xff, 0x29, 0x86, 0xdc, 0xff,
    0x29, 0x86, 0xdc, 0xff, 0x29, 0x86, 0xdc, 0xff, 0x29, 0x86, 0xdc, 0xff, 0x29, 0x86, 0xdc, 0xff,
    0x29, 0x86, 0xdc, 0xff, 0x29, 0x86, 0xdc, 0xff, 0x29, 0x86, 0xdc, 0xff, 0x29, 0x86, 0xdc, 0xff,
    0x29, 0x86, 0xdc, 0xff, 0xc2, 0xdd, 0xf5, 0xff, 0xff, 0xff, 0xff, 0xff, 0xff, 0xff, 0xff, 0xff,
    0xff, 0xff, 0xff, 0xff, 0xff, 0xff, 0xff, 0xff, 0xff, 0xff, 0xff, 0xff, 0xff, 0xff, 0xff, 0xff,
    0xff, 0xff, 0xff, 0xff, 0xb5, 0xd5, 0xf3, 0xff, 0x29, 0x86, 0xdc, 0xff, 0x29, 0x86, 0xdc, 0xff,
    0x29, 0x86, 0xdc, 0xff, 0x29, 0x86, 0xdc, 0xff, 0x29, 0x86, 0xdc, 0xff, 0x29, 0x86, 0xdc, 0xff,
    0x29, 0x86, 0xdc, 0xff, 0x29, 0x86, 0xdc, 0xff, 0x29, 0x86, 0xdc, 0xff, 0x29, 0x86, 0xdc, 0xff,
    0x29, 0x86, 0xdc, 0xff, 0x29, 0x86, 0xdc, 0xff, 0x29, 0x86, 0xdc, 0xff, 0x29, 0x86, 0xdc, 0xff,
    0x29, 0x86, 0xdc, 0xff, 0x29, 0x86, 0xdc, 0xff, 0x29, 0x86, 0xdc, 0xff, 0x29, 0x86, 0xdc, 0xff,
    0x29, 0x86, 0xdc, 0xff, 0x29, 0x86, 0xdc, 0xff, 0x29, 0x86, 0xdc, 0xff, 0x29, 0x86, 0xdc, 0xff,
    0x29, 0x86, 0xdc, 0xff, 0x29, 0x86, 0xdc, 0xff, 0x29, 0x86, 0xdc, 0xff, 0x29, 0x86, 0xdc, 0xff,
    0x2d, 0x88, 0xdc, 0xff, 0x69, 0xaa, 0xe6, 0xff, 0xa5, 0xcc, 0xf0, 0xff, 0xa9, 0xcf, 0xf1, 0xff,
    0xa9, 0xcf, 0xf1, 0xff, 0xa9, 0xcf, 0xf1, 0xff, 0xa9, 0xcf, 0xf1, 0xff, 0xa9, 0xcf, 0xf1, 0xff,
    0xa9, 0xcf, 0xf1, 0xff, 0xa9, 0xcf, 0xf1, 0xff, 0xa9, 0xcf, 0xf1, 0xff, 0xa9, 0xcf, 0xf1, 0xff,
    0xa9, 0xcf, 0xf1, 0xff, 0xa9, 0xcf, 0xf1, 0xff, 0xa9, 0xcf, 0xf1, 0xff, 0x8d, 0xbe, 0xec, 0xff,
    0x29, 0x86, 0xdc, 0xff, 0x29, 0x86, 0xdc, 0xff, 0x29, 0x86, 0xdc, 0xff, 0x29, 0x86, 0xdc, 0xff,
    0x29, 0x86, 0xdc, 0xff, 0x29, 0x86, 0xdc, 0xff, 0x29, 0x86, 0xdc, 0xff, 0x29, 0x86, 0xdc, 0xff,
    0x29, 0x86, 0xdc, 0xff, 0x29, 0x86, 0xdc, 0xff, 0xb2, 0xd3, 0xf2, 0xff, 0xff, 0xff, 0xff, 0xff,
    0xff, 0xff, 0xff, 0xff, 0xff, 0xff, 0xff, 0xff, 0xff, 0xff, 0xff, 0xff, 0xff, 0xff, 0xff, 0xff,
    0xff, 0xff, 0xff, 0xff, 0xff, 0xff, 0xff, 0xff, 0xc6, 0xde, 0xf5, 0xff, 0x29, 0x86, 0xdc, 0xff,
    0x29, 0x86, 0xdc, 0xff, 0x29, 0x86, 0xdc, 0xff, 0x29, 0x86, 0xdc, 0xff, 0x29, 0x86, 0xdc, 0xff,
    0x29, 0x86, 0xdc, 0xff, 0x29, 0x86, 0xdc, 0xff, 0x29, 0x86, 0xdc, 0xff, 0x29, 0x86, 0xdc, 0xff,
    0x29, 0x86, 0xdc, 0xff, 0x29, 0x86, 0xdc, 0xff, 0x29, 0x86, 0xdc, 0xff, 0x29, 0x86, 0xdc, 0xff,
    0x29, 0x86, 0xdc, 0xff, 0x29, 0x86, 0xdc, 0xff, 0x29, 0x86, 0xdc, 0xff, 0x29, 0x86, 0xdc, 0xff,
    0x29, 0x86, 0xdc, 0xff, 0x29, 0x86, 0xdc, 0xff, 0x29, 0x86, 0xdc, 0xff, 0x29, 0x86, 0xdc, 0xff,
    0x29, 0x86, 0xdc, 0xff, 0x29, 0x86, 0xdc, 0xff, 0x29, 0x86, 0xdc, 0xff, 0x29, 0x86, 0xdc, 0xff,
    0x29, 0x86, 0xdc, 0xff, 0x29, 0x86, 0xdc, 0xff, 0x29, 0x86, 0xdc, 0xff, 0x29, 0x86, 0xdc, 0xff,
    0x29, 0x86, 0xdc, 0xff, 0x29, 0x86, 0xdc, 0xff, 0x29, 0x86, 0xdc, 0xff, 0x29, 0x86, 0xdc, 0xff,
    0x29, 0x86, 0xdc, 0xff, 0x29, 0x86, 0xdc, 0xff, 0x29, 0x86, 0xdc, 0xff, 0x29, 0x86, 0xdc, 0xff,
    0x29, 0x86, 0xdc, 0xff, 0x29, 0x86, 0xdc, 0xff, 0x29, 0x86, 0xdc, 0xff, 0x29, 0x86, 0xdc, 0xff,
    0x29, 0x86, 0xdc, 0xff, 0x29, 0x86, 0xdc, 0xff, 0x29, 0x86, 0xdc, 0xff, 0x29, 0x86, 0xdc, 0xff,
    0x29, 0x86, 0xdc, 0xff, 0x29, 0x86, 0xdc, 0xff, 0x29, 0x86, 0xdc, 0xff, 0x29, 0x86, 0xdc, 0xff,
    0x29, 0x86, 0xdc, 0xff, 0x29, 0x86, 0xdc, 0xff, 0x29, 0x86, 0xdc, 0xff, 0x29, 0x86, 0xdc, 0xff,
    0x29, 0x86, 0xdc, 0xff, 0x29, 0x86, 0xdc, 0xff, 0x29, 0x86, 0xdc, 0xff, 0x29, 0x86, 0xdc, 0xff,
    0x29, 0x86, 0xdc, 0xff, 0x29, 0x86, 0xdc, 0xff, 0x29, 0x86, 0xdc, 0xff, 0x89, 0xbd, 0xeb, 0xff,
    0xff, 0xff, 0xff, 0xff, 0xff, 0xff, 0xff, 0xff, 0xff, 0xff, 0xff, 0xff, 0xff, 0xff, 0xff, 0xff,
    0xff, 0xff, 0xff, 0xff, 0xff, 0xff, 0xff, 0xff, 0xff, 0xff, 0xff, 0xff, 0xfb, 0xfd, 0xfe, 0xff,
    0x36, 0x8d, 0xde, 0xff, 0x29, 0x86, 0xdc, 0xff, 0x29, 0x86, 0xdc, 0xff, 0x29, 0x86, 0xdc, 0xff,
    0x29, 0x86, 0xdc, 0xff, 0x29, 0x86, 0xdc, 0xff, 0x29, 0x86, 0xdc, 0xff, 0x29, 0x86, 0xdc, 0xff,
    0x29, 0x86, 0xdc, 0xff, 0x29, 0x86, 0xdc, 0xff, 0x29, 0x86, 0xdc, 0xff, 0x29, 0x86, 0xdc, 0xff,
    0x29, 0x86, 0xdc, 0xff, 0x29, 0x86, 0xdc, 0xff, 0x29, 0x86, 0xdc, 0xff, 0x29, 0x86, 0xdc, 0xff,
    0x29, 0x86, 0xdc, 0xff, 0x29, 0x86, 0xdc, 0xff, 0x29, 0x86, 0xdc, 0xff, 0x29, 0x86, 0xdc, 0xff,
    0x29, 0x86, 0xdc, 0xff, 0x29, 0x86, 0xdc, 0xff, 0x29, 0x86, 0xdc, 0xff, 0x29, 0x86, 0xdc, 0xff,
    0x29, 0x86, 0xdc, 0xff, 0x29, 0x86, 0xdc, 0xff, 0x29, 0x86, 0xdc, 0xff, 0x29, 0x86, 0xdc, 0xff,
    0x35, 0x8c, 0xde, 0xff, 0x7d, 0xb5, 0xea, 0xff, 0xa9, 0xcf, 0xf1, 0xff, 0xa9, 0xcf, 0xf1, 0xff,
    0xa9, 0xcf, 0xf1, 0xff, 0xa9, 0xcf, 0xf1, 0xff, 0xa9, 0xcf, 0xf1, 0xff, 0xa9, 0xcf, 0xf1, 0xff,
    0xa9, 0xcf, 0xf1, 0xff, 0xa9, 0xcf, 0xf1, 0xff, 0xa9, 0xcf, 0xf1, 0xff, 0xa9, 0xcf, 0xf1, 0xff,
    0xa9, 0xcf, 0xf1, 0xff, 0x89, 0xbc, 0xeb, 0xff, 0x29, 0x86, 0xdc, 0xff, 0x29, 0x86, 0xdc, 0xff,
    0x29, 0x86, 0xdc, 0xff, 0x29, 0x86, 0xdc, 0xff, 0x29, 0x86, 0xdc, 0xff, 0x29, 0x86, 0xdc, 0xff,
    0x29, 0x86, 0xdc, 0xff, 0x29, 0x86, 0xdc, 0xff, 0x29, 0x86, 0xdc, 0xff, 0x36, 0x8d, 0xde, 0xff,
    0xf8, 0xfb, 0xfe, 0xff, 0xff, 0xff, 0xff, 0xff, 0xff, 0xff, 0xff, 0xff, 0xff, 0xff, 0xff, 0xff,
    0xff, 0xff, 0xff, 0xff, 0xff, 0xff, 0xff, 0xff, 0xff, 0xff, 0xff, 0xff, 0xff, 0xff, 0xff, 0xff,
    0x8a, 0xbc, 0xeb, 0xff, 0x29, 0x86, 0xdc, 0xff, 0x29, 0x86, 0xdc, 0xff, 0x29, 0x86, 0xdc, 0xff,
    0x29, 0x86, 0xdc, 0xff, 0x29, 0x86, 0xdc, 0xff, 0x29, 0x86, 0xdc, 0xff, 0x29, 0x86, 0xdc, 0xff,
    0x29, 0x86, 0xdc, 0xff, 0x29, 0x86, 0xdc, 0xff, 0x29, 0x86, 0xdc, 0xff, 0x29, 0x86, 0xdc, 0xff,
    0x29, 0x86, 0xdc, 0xff, 0x29, 0x86, 0xdc, 0xff, 0x29, 0x86, 0xdc, 0xff, 0x29, 0x86, 0xdc, 0xff,
    0x29, 0x86, 0xdc, 0xff, 0x29, 0x86, 0xdc, 0xff, 0x29, 0x86, 0xdc, 0xff, 0x29, 0x86, 0xdc, 0xff,
    0x29, 0x86, 0xdc, 0xff, 0x29, 0x86, 0xdc, 0xff, 0x29, 0x86, 0xdc, 0xff, 0x29, 0x86, 0xdc, 0xff,
    0x29, 0x86, 0xdc, 0xff, 0x29, 0x86, 0xdc, 0xff, 0x29, 0x86, 0xdc, 0xff, 0x29, 0x86, 0xdc, 0xff,
    0x29, 0x86, 0xdc, 0xff, 0x29, 0x86, 0xdc, 0xff, 0x29, 0x86, 0xdc, 0xff, 0x29, 0x86, 0xdc, 0xff,
    0x29, 0x86, 0xdc, 0xff, 0x29, 0x86, 0xdc, 0xff, 0x29, 0x86, 0xdc, 0xff, 0x29, 0x86, 0xdc, 0xff,
    0x29, 0x86, 0xdc, 0xff, 0x29, 0x86, 0xdc, 0xff, 0x29, 0x86, 0xdc, 0xff, 0x29, 0x86, 0xdc, 0xff,
    0x29, 0x86, 0xdc, 0xff, 0x29, 0x86, 0xdc, 0xff, 0x29, 0x86, 0xdc, 0xff, 0x29, 0x86, 0xdc, 0xff,
    0x29, 0x86, 0xdc, 0xff, 0x29, 0x86, 0xdc, 0xff, 0x29, 0x86, 0xdc, 0xff, 0x29, 0x86, 0xdc, 0xff,
    0x29, 0x86, 0xdc, 0xff, 0x29, 0x86, 0xdc, 0xff, 0x29, 0x86, 0xdc, 0xff, 0x29, 0x86, 0xdc, 0xff,
    0x29, 0x86, 0xdc, 0xff, 0x29, 0x86, 0xdc, 0xff, 0x29, 0x86, 0xdc, 0xff, 0x29, 0x86, 0xdc, 0xff,
    0x29, 0x86, 0xdc, 0xff, 0x29, 0x86, 0xdc, 0xff, 0x29, 0x86, 0xdc, 0xff, 0x29, 0x86, 0xdc, 0xff,
    0x29, 0x86, 0xdc, 0xff, 0x43, 0x95, 0xe0, 0xff, 0xff, 0xff, 0xff, 0xff, 0xff, 0xff, 0xff, 0xff,
    0xff, 0xff, 0xff, 0xff, 0xff, 0xff, 0xff, 0xff, 0xff, 0xff, 0xff, 0xff, 0xff, 0xff, 0xff, 0xff,
    0xff, 0xff, 0xff, 0xff, 0xff, 0xff, 0xff, 0xff, 0x90, 0xc0, 0xed, 0xff, 0x29, 0x86, 0xdc, 0xff,
    0x29, 0x86, 0xdc, 0xff, 0x29, 0x86, 0xdc, 0xff, 0x29, 0x86, 0xdc, 0xff, 0x29, 0x86, 0xdc, 0xff,
    0x29, 0x86, 0xdc, 0xff, 0x29, 0x86, 0xdc, 0xff, 0x29, 0x86, 0xdc, 0xff, 0x29, 0x86, 0xdc, 0xff,
    0x29, 0x86, 0xdc, 0xff, 0x29, 0x86, 0xdc, 0xff, 0x29, 0x86, 0xdc, 0xff, 0x29, 0x86, 0xdc, 0xff,
    0x29, 0x86, 0xdc, 0xff, 0x29, 0x86, 0xdc, 0xff, 0x29, 0x86, 0xdc, 0xff, 0x29, 0x86, 0xdc, 0xff,
    0x29, 0x86, 0xdc, 0xff, 0x29, 0x86, 0xdc, 0xff, 0x29, 0x86, 0xdc, 0xff, 0x29, 0x86, 0xdc, 0xff,
    0x29, 0x86, 0xdc, 0xff, 0x29, 0x86, 0xdc, 0xff, 0x29, 0x86, 0xdc, 0xff, 0x29, 0x86, 0xdc, 0xff,
    0x29, 0x86, 0xdc, 0xff, 0x29, 0x86, 0xdc, 0xff, 0x29, 0x86, 0xdc, 0xff, 0x29, 0x86, 0xdc, 0xff,
    0x45, 0x96, 0xe0, 0xff, 0x91, 0xc1, 0xed, 0xff, 0xa9, 0xcf, 0xf1, 0xff, 0xa9, 0xcf, 0xf1, 0xff,
    0xa9, 0xcf, 0xf1, 0xff, 0xa9, 0xcf, 0xf1, 0xff, 0xa9, 0xcf, 0xf1, 0xff, 0xa9, 0xcf, 0xf1, 0xff,
    0xa9, 0xcf, 0xf1, 0xff, 0xa9, 0xcf, 0xf1, 0xff, 0xa9, 0xcf, 0xf1, 0xff, 0x6d, 0xac, 0xe7, 0xff,
    0x29, 0x86, 0xdc, 0xff, 0x29, 0x86, 0xdc, 0xff, 0x29, 0x86, 0xdc, 0xff, 0x29, 0x86, 0xdc, 0xff,
    0x29, 0x86, 0xdc, 0xff, 0x29, 0x86, 0xdc, 0xff, 0x29, 0x86, 0xdc, 0xff, 0x29, 0x86, 0xdc, 0xff,
    0x29, 0x86, 0xdc, 0xff, 0x8a, 0xbc, 0xeb, 0xff, 0xff, 0xff, 0xff, 0xff, 0xff, 0xff, 0xff, 0xff,
    0xff, 0xff, 0xff, 0xff, 0xff, 0xff, 0xff, 0xff, 0xff, 0xff, 0xff, 0xff, 0xff, 0xff, 0xff, 0xff,
    0xff, 0xff, 0xff, 0xff, 0xff, 0xff, 0xff, 0xff, 0x44, 0x95, 0xe0, 0xff, 0x29, 0x86, 0xdc, 0xff,
    0x29, 0x86, 0xdc, 0xff, 0x29, 0x86, 0xdc, 0xff, 0x29, 0x86, 0xdc, 0xff, 0x29, 0x86, 0xdc, 0xff,
    0x29, 0x86, 0xdc, 0xff, 0x29, 0x86, 0xdc, 0xff, 0x29, 0x86, 0xdc, 0xff, 0x29, 0x86, 0xdc, 0xff,
    0x29, 0x86, 0xdc, 0xff, 0x29, 0x86, 0xdc, 0xff, 0x29, 0x86, 0xdc, 0xff, 0x29, 0x86, 0xdc, 0xff,
    0x29, 0x86, 0xdc, 0xff, 0x29, 0x86, 0xdc, 0xff, 0x29, 0x86, 0xdc, 0xff, 0x29, 0x86, 0xdc, 0xff,
    0x29, 0x86, 0xdc, 0xff, 0x29, 0x86, 0xdc, 0xff, 0x29, 0x86, 0xdc, 0xff, 0x29, 0x86, 0xdc, 0xff,
    0x29, 0x86, 0xdc, 0xff, 0x29, 0x86, 0xdc, 0xff, 0x29, 0x86, 0xdc, 0xff, 0x29, 0x86, 0xdc, 0xff,
    0x29, 0x86, 0xdc, 0xff, 0x29, 0x86, 0xdc, 0xff, 0x29, 0x86, 0xdc, 0xff, 0x29, 0x86, 0xdc, 0xff,
    0x29, 0x86, 0xdc, 0xff, 0x29, 0x86, 0xdc, 0xff, 0x29, 0x86, 0xdc, 0xff, 0x29, 0x86, 0xdc, 0xff,
    0x29, 0x86, 0xdc, 0xff, 0x29, 0x86, 0xdc, 0xff, 0x29, 0x86, 0xdc, 0xff, 0x29, 0x86, 0xdc, 0xff,
    0x29, 0x86, 0xdc, 0xff, 0x29, 0x86, 0xdc, 0xff, 0x29, 0x86, 0xdc, 0xff, 0x29, 0x86, 0xdc, 0xff,
    0x29, 0x86, 0xdc, 0xff, 0x29, 0x86, 0xdc, 0xff, 0x29, 0x86, 0xdc, 0xff, 0x29, 0x86, 0xdc, 0xff,
    0x29, 0x86, 0xdc, 0xff, 0x29, 0x86, 0xdc, 0xff, 0x29, 0x86, 0xdc, 0xff, 0x29, 0x86, 0xdc, 0xff,
    0x29, 0x86, 0xdc, 0xff, 0x29, 0x86, 0xdc, 0xff, 0x29, 0x86, 0xdc, 0xff, 0x29, 0x86, 0xdc, 0xff,
    0x29, 0x86, 0xdc, 0xff, 0x29, 0x86, 0xdc, 0xff, 0x29, 0x86, 0xdc, 0xff, 0x29, 0x86, 0xdc, 0xff,
    0x29, 0x86, 0xdc, 0xff, 0x29, 0x86, 0xdc, 0xff, 0x29, 0x86, 0xdc, 0xff, 0x29, 0x86, 0xdc, 0xff,
    0xcc, 0xe2, 0xf6, 0xff, 0xff, 0xff, 0xff, 0xff, 0xff, 0xff, 0xff, 0xff, 0xff, 0xff, 0xff, 0xff,
    0xff, 0xff, 0xff, 0xff, 0xff, 0xff, 0xff, 0xff, 0xff, 0xff, 0xff, 0xff, 0xff, 0xff, 0xff, 0xff,
    0xeb, 0xf3, 0xfb, 0xff, 0x2f, 0x89, 0xdd, 0xff, 0x29, 0x86, 0xdc, 0xff, 0x29, 0x86, 0xdc, 0xff,
    0x29, 0x86, 0xdc, 0xff, 0x29, 0x86, 0xdc, 0xff, 0x29, 0x86, 0xdc, 0xff, 0x29, 0x86, 0xdc, 0xff,
    0x29, 0x86, 0xdc, 0xff, 0x29, 0x86, 0xdc, 0xff, 0x29, 0x86, 0xdc, 0xff, 0x29, 0x86, 0xdc, 0xff,
    0x29, 0x86, 0xdc, 0xff, 0x29, 0x86, 0xdc, 0xff, 0x29, 0x86, 0xdc, 0xff, 0x29, 0x86, 0xdc, 0xff,
    0x29, 0x86, 0xdc, 0xff, 0x29, 0x86, 0xdc, 0xff, 0x29, 0x86, 0xdc, 0xff, 0x29, 0x86, 0xdc, 0xff,
    0x29, 0x86, 0xdc, 0xff, 0x29, 0x86, 0xdc, 0xff, 0x29, 0x86, 0xdc, 0xff, 0x29, 0x86, 0xdc, 0xff,
    0x29, 0x86, 0xdc, 0xff, 0x29, 0x86, 0xdc, 0xff, 0x29, 0x86, 0xdc, 0xff, 0x29, 0x86, 0xdc, 0xff,
    0x29, 0x86, 0xdc, 0xff, 0x29, 0x86, 0xdc, 0xff, 0x29, 0x86, 0xdc, 0xff, 0x29, 0x86, 0xdc, 0xff,
    0x5b, 0xa2, 0xe4, 0xff, 0x9d, 0xc8, 0xef, 0xff, 0xa9, 0xcf, 0xf1, 0xff, 0xa9, 0xcf, 0xf1, 0xff,
    0xa9, 0xcf, 0xf1, 0xff, 0xa9, 0xcf, 0xf1, 0xff, 0xa9, 0xcf, 0xf1, 0xff, 0xa9, 0xcf, 0xf1, 0xff,
    0x9b, 0xc7, 0xee, 0xff, 0x35, 0x8c, 0xde, 0xff, 0x29, 0x86, 0xdc, 0xff, 0x29, 0x86, 0xdc, 0xff,
    0x29, 0x86, 0xdc, 0xff, 0x29, 0x86, 0xdc, 0xff, 0x29, 0x86, 0xdc, 0xff, 0x29, 0x86, 0xdc, 0xff,
    0x29, 0x86, 0xdc, 0xff, 0x29, 0x86, 0xdc, 0xff, 0x2f, 0x89, 0xdd, 0xff, 0xeb, 0xf3, 0xfb, 0xff,
    0xff, 0xff, 0xff, 0xff, 0xff, 0xff, 0xff, 0xff, 0xff, 0xff, 0xff, 0xff, 0xff, 0xff, 0xff, 0xff,
    0xff, 0xff, 0xff, 0xff, 0xff, 0xff, 0xff, 0xff, 0xff, 0xff, 0xff, 0xff, 0xd0, 0xe4, 0xf7, 0xff,
    0x29, 0x86, 0xdc, 0xff, 0x29, 0x86, 0xdc, 0xff, 0x29, 0x86, 0xdc, 0xff, 0x29, 0x86, 0xdc, 0xff,
    0x29, 0x86, 0xdc, 0xff, 0x29, 0x86, 0xdc, 0xff, 0x29, 0x86, 0xdc, 0xff, 0x29, 0x86, 0xdc, 0xff,
    0x29, 0x86, 0xdc, 0xff, 0x29, 0x86, 0xdc, 0xff, 0x29, 0x86, 0xdc, 0xff, 0x29, 0x86, 0xdc, 0xff,
    0x29, 0x86, 0xdc, 0xff, 0x29, 0x86, 0xdc, 0xff, 0x29, 0x86, 0xdc, 0xff, 0x29, 0x86, 0xdc, 0xff,
    0x29, 0x86, 0xdc, 0xff, 0x29, 0x86, 0xdc, 0xff, 0x29, 0x86, 0xdc, 0xff, 0x29, 0x86, 0xdc, 0xff,
    0x29, 0x86, 0xdc, 0xff, 0x29, 0x86, 0xdc, 0xff, 0x29, 0x86, 0xdc, 0xff, 0x29, 0x86, 0xdc, 0xff,
    0x29, 0x86, 0xdc, 0xff, 0x29, 0x86, 0xdc, 0xff, 0x29, 0x86, 0xdc, 0xff, 0x29, 0x86, 0xdc, 0xff,
    0x29, 0x86, 0xdc, 0xff, 0x29, 0x86, 0xdc, 0xff, 0x29, 0x86, 0xdc, 0xff, 0x29, 0x86, 0xdc, 0xff,
    0x29, 0x86, 0xdc, 0xff, 0x29, 0x86, 0xdc, 0xff, 0x29, 0x86, 0xdc, 0xff, 0x29, 0x86, 0xdc, 0xff,
    0x29, 0x86, 0xdc, 0xff, 0x29, 0x86, 0xdc, 0xff, 0x29, 0x86, 0xdc, 0xff, 0x29, 0x86, 0xdc, 0xff,
    0x29, 0x86, 0xdc, 0xff, 0x29, 0x86, 0xdc, 0xff, 0x29, 0x86, 0xdc, 0xff, 0x29, 0x86, 0xdc, 0xff,
    0x29, 0x86, 0xdc, 0xff, 0x29, 0x86, 0xdc, 0xff, 0x29, 0x86, 0xdc, 0xff, 0x29, 0x86, 0xdc, 0xff,
    0x29, 0x86, 0xdc, 0xff, 0x29, 0x86, 0xdc, 0xff, 0x29, 0x86, 0xdc, 0xff, 0x29, 0x86, 0xdc, 0xff,
    0x29, 0x86, 0xdc, 0xff, 0x29, 0x86, 0xdc, 0xff, 0x29, 0x86, 0xdc, 0xff, 0x29, 0x86, 0xdc, 0xff,
    0x29, 0x86, 0xdc, 0xff, 0x29, 0x86, 0xdc, 0xff, 0x29, 0x86, 0xdc, 0xff, 0x29, 0x86, 0xdc, 0xff,
    0x29, 0x86, 0xdc, 0xff, 0x29, 0x86, 0xdc, 0xff, 0x79, 0xb3, 0xe9, 0xff, 0xff, 0xff, 0xff, 0xff,
    0xff, 0xff, 0xff, 0xff, 0xff, 0xff, 0xff, 0xff, 0xff, 0xff, 0xff, 0xff, 0xff, 0xff, 0xff, 0xff,
    0xff, 0xff, 0xff, 0xff, 0xff, 0xff, 0xff, 0xff, 0xff, 0xff, 0xff, 0xff, 0x90, 0xc0, 0xed, 0xff,
    0x29, 0x86, 0xdc, 0xff, 0x29, 0x86, 0xdc, 0xff, 0x29, 0x86, 0xdc, 0xff, 0x29, 0x86, 0xdc, 0xff,
    0x29, 0x86, 0xdc, 0xff, 0x29, 0x86, 0xdc, 0xff, 0x29, 0x86, 0xdc, 0xff, 0x29, 0x86, 0xdc, 0xff,
    0x29, 0x86, 0xdc, 0xff, 0x29, 0x86, 0xdc, 0xff, 0x29, 0x86, 0xdc, 0xff, 0x29, 0x86, 0xdc, 0xff,
    0x29, 0x86, 0xdc, 0xff, 0x29, 0x86, 0xdc, 0xff, 0x29, 0x86, 0xdc, 0xff, 0x29, 0x86, 0xdc, 0xff,
    0x29, 0x86, 0xdc, 0xff, 0x29, 0x86, 0xdc, 0xff, 0x29, 0x86, 0xdc, 0xff, 0x29, 0x86, 0xdc, 0xff,
    0x29, 0x86, 0xdc, 0xff, 0x29, 0x86, 0xdc, 0xff, 0x29, 0x86, 0xdc, 0xff, 0x29, 0x86, 0xdc, 0xff,
    0x29, 0x86, 0xdc, 0xff, 0x29, 0x86, 0xdc, 0xff, 0x29, 0x86, 0xdc, 0xff, 0x29, 0x86, 0xdc, 0xff,
    0x29, 0x86, 0xdc, 0xff, 0x29, 0x86, 0xdc, 0xff, 0x29, 0x86, 0xdc, 0xff, 0x2d, 0x88, 0xdc, 0xff,
    0x71, 0xaf, 0xe8, 0xff, 0xa5, 0xcc, 0xf0, 0xff, 0xa9, 0xcf, 0xf1, 0xff, 0xa9, 0xcf, 0xf1, 0xff,
    0xa9, 0xcf, 0xf1, 0xff, 0x95, 0xc3, 0xed, 0xff, 0x3d, 0x91, 0xdf, 0xff, 0x29, 0x86, 0xdc, 0xff,
    0x29, 0x86, 0xdc, 0xff, 0x29, 0x86, 0xdc, 0xff, 0x29, 0x86, 0xdc, 0xff, 0x29, 0x86, 0xdc, 0xff,
    0x29, 0x86, 0xdc, 0xff, 0x29, 0x86, 0xdc, 0xff, 0x29, 0x86, 0xdc, 0xff, 0x29, 0x86, 0xdc, 0xff,
    0x86, 0xbb, 0xeb, 0xff, 0xff, 0xff, 0xff, 0xff, 0xff, 0xff, 0xff, 0xff, 0xff, 0xff, 0xff, 0xff,
    0xff, 0xff, 0xff, 0xff, 0xff, 0xff, 0xff, 0xff, 0xff, 0xff, 0xff, 0xff, 0xff, 0xff, 0xff, 0xff,
    0xff, 0xff, 0xff, 0xff, 0x79, 0xb3, 0xe9, 0xff, 0x29, 0x86, 0xdc, 0xff, 0x29, 0x86, 0xdc, 0xff,
    0x29, 0x86, 0xdc, 0xff, 0x29, 0x86, 0xdc, 0xff, 0x29, 0x86, 0xdc, 0xff, 0x29, 0x86, 0xdc, 0xff,
    0x29, 0x86, 0xdc, 0xff, 0x29, 0x86, 0xdc, 0xff, 0x29, 0x86, 0xdc, 0xff, 0x29, 0x86, 0xdc, 0xff,
    0x29, 0x86, 0xdc, 0xff, 0x29, 0x86, 0xdc, 0xff, 0x29, 0x86, 0xdc, 0xff, 0x29, 0x86, 0xdc, 0xff,
    0x29, 0x86, 0xdc, 0xff, 0x29, 0x86, 0xdc, 0xff, 0x29, 0x86, 0xdc, 0xff, 0x29, 0x86, 0xdc, 0xff,
    0x29, 0x86, 0xdc, 0xff, 0x29, 0x86, 0xdc, 0xff, 0x29, 0x86, 0xdc, 0xff, 0x29, 0x86, 0xdc, 0xff,
    0x29, 0x86, 0xdc, 0xff, 0x29, 0x86, 0xdc, 0xff, 0x29, 0x86, 0xdc, 0xff, 0x29, 0x86, 0xdc, 0xff,
    0x29, 0x86, 0xdc, 0xff, 0x29, 0x86, 0xdc, 0xff, 0x29, 0x86, 0xdc, 0xff, 0x29, 0x86, 0xdc, 0xff,
    0x29, 0x86, 0xdc, 0xff, 0x29, 0x86, 0xdc, 0xff, 0x29, 0x86, 0xdc, 0xff, 0x29, 0x86, 0xdc, 0xff,
    0x29, 0x86, 0xdc, 0xff, 0x29, 0x86, 0xdc, 0xff, 0x29, 0x86, 0xdc, 0xff, 0x29, 0x86, 0xdc, 0xff,
    0x29, 0x86, 0xdc, 0xff, 0x29, 0x86, 0xdc, 0xff, 0x29, 0x86, 0xdc, 0xff, 0x29, 0x86, 0xdc, 0xff,
    0x29, 0x86, 0xdc, 0xff, 0x29, 0x86, 0xdc, 0xff, 0x29, 0x86, 0xdc, 0xff, 0x29, 0x86, 0xdc, 0xff,
    0x29, 0x86, 0xdc, 0xff, 0x29, 0x86, 0xdc, 0xff, 0x29, 0x86, 0xdc, 0xff, 0x29, 0x86, 0xdc, 0xff,
    0x29, 0x86, 0xdc, 0xff, 0x29, 0x86, 0xdc, 0xff, 0x29, 0x86, 0xdc, 0xff, 0x29, 0x86, 0xdc, 0xff,
    0x29, 0x86, 0xdc, 0xff, 0x29, 0x86, 0xdc, 0xff, 0x29, 0x86, 0xdc, 0xff, 0x29, 0x86, 0xdc, 0xff,
    0x29, 0x86, 0xdc, 0xff, 0x29, 0x86, 0xdc, 0xff, 0x29, 0x86, 0xdc, 0xff, 0x29, 0x86, 0xdc, 0xff,
    0x2f, 0x89, 0xdd, 0xff, 0xf1, 0xf7, 0xfc, 0xff, 0xff, 0xff, 0xff, 0xff, 0xff, 0xff, 0xff, 0xff,
    0xff, 0xff, 0xff, 0xff, 0xff, 0xff, 0xff, 0xff, 0xff, 0xff, 0xff, 0xff, 0xff, 0xff, 0xff, 0xff,
    0xff, 0xff, 0xff, 0xff, 0xf1, 0xf7, 0xfc, 0xff, 0x40, 0x93, 0xdf, 0xff, 0x29, 0x86, 0xdc, 0xff,
    0x29, 0x86, 0xdc, 0xff, 0x29, 0x86, 0xdc, 0xff, 0x29, 0x86, 0xdc, 0xff, 0x29, 0x86, 0xdc, 0xff,
    0x29, 0x86, 0xdc, 0xff, 0x29, 0x86, 0xdc, 0xff, 0x29, 0x86, 0xdc, 0xff, 0x29, 0x86, 0xdc, 0xff,
    0x29, 0x86, 0xdc, 0xff, 0x29, 0x86, 0xdc, 0xff, 0x29, 0x86, 0xdc, 0xff, 0x29, 0x86, 0xdc, 0xff,
    0x29, 0x86, 0xdc, 0xff, 0x29, 0x86, 0xdc, 0xff, 0x29, 0x86, 0xdc, 0xff, 0x29, 0x86, 0xdc, 0xff,
    0x29, 0x86, 0xdc, 0xff, 0x29, 0x86, 0xdc, 0xff, 0x29, 0x86, 0xdc, 0xff, 0x29, 0x86, 0xdc, 0xff,
    0x29, 0x86, 0xdc, 0xff, 0x29, 0x86, 0xdc, 0xff, 0x29, 0x86, 0xdc, 0xff, 0x29, 0x86, 0xdc, 0xff,
    0x29, 0x86, 0xdc, 0xff, 0x29, 0x86, 0xdc, 0xff, 0x29, 0x86, 0xdc, 0xff, 0x29, 0x86, 0xdc, 0xff,
    0x29, 0x86, 0xdc, 0xff, 0x29, 0x86, 0xdc, 0xff, 0x29, 0x86, 0xdc, 0xff, 0x35, 0x8c, 0xde, 0xff,
    0x59, 0xa1, 0xe3, 0xff, 0x61, 0xa6, 0xe5, 0xff, 0x4d, 0x9a, 0xe1, 0xff, 0x2b, 0x87, 0xdc, 0xff,
    0x29, 0x86, 0xdc, 0xff, 0x29, 0x86, 0xdc, 0xff, 0x29, 0x86, 0xdc, 0xff, 0x29, 0x86, 0xdc, 0xff,
    0x29, 0x86, 0xdc, 0xff, 0x29, 0x86, 0xdc, 0xff, 0x29, 0x86, 0xdc, 0xff, 0x29, 0x86, 0xdc, 0xff,
    0x29, 0x86, 0xdc, 0xff, 0x3d, 0x91, 0xdf, 0xff, 0xf8, 0xfb, 0xfe, 0xff, 0xff, 0xff, 0xff, 0xff,
    0xff, 0xff, 0xff, 0xff, 0xff, 0xff, 0xff, 0xff, 0xff, 0xff, 0xff, 0xff, 0xff, 0xff, 0xff, 0xff,
    0xff, 0xff, 0xff, 0xff, 0xff, 0xff, 0xff, 0xff, 0xeb, 0xf3, 0xfb, 0xff, 0x2f, 0x89, 0xdd, 0xff,
    0x29, 0x86, 0xdc, 0xff, 0x29, 0x86, 0xdc, 0xff, 0x29, 0x86, 0xdc, 0xff, 0x29, 0x86, 0xdc, 0xff,
    0x29, 0x86, 0xdc, 0xff, 0x29, 0x86, 0xdc, 0xff, 0x29, 0x86, 0xdc, 0xff, 0x29, 0x86, 0xdc, 0xff,
    0x29, 0x86, 0xdc, 0xff, 0x29, 0x86, 0xdc, 0xff, 0x29, 0x86, 0xdc, 0xff, 0x29, 0x86, 0xdc, 0xff,
    0x29, 0x86, 0xdc, 0xff, 0x29, 0x86, 0xdc, 0xff, 0x29, 0x86, 0xdc, 0xff, 0x29, 0x86, 0xdc, 0xff,
    0x29, 0x86, 0xdc, 0xff, 0x29, 0x86, 0xdc, 0xff, 0x29, 0x86, 0xdc, 0xff, 0x29, 0x86, 0xdc, 0xff,
    0x29, 0x86, 0xdc, 0xff, 0x29, 0x86, 0xdc, 0xff, 0x29, 0x86, 0xdc, 0xff, 0x29, 0x86, 0xdc, 0xff,
    0x29, 0x86, 0xdc, 0xff, 0x29, 0x86, 0xdc, 0xff, 0x29, 0x86, 0xdc, 0xff, 0x29, 0x86, 0xdc, 0xff,
    0x29, 0x86, 0xdc, 0xff, 0x29, 0x86, 0xdc, 0xff, 0x29, 0x86, 0xdc, 0xff, 0x29, 0x86, 0xdc, 0xff,
    0x29, 0x86, 0xdc, 0xff, 0x29, 0x86, 0xdc, 0xff, 0x29, 0x86, 0xdc, 0xff, 0x29, 0x86, 0xdc, 0xff,
    0x29, 0x86, 0xdc, 0xff, 0x29, 0x86, 0xdc, 0xff, 0x29, 0x86, 0xdc, 0xff, 0x29, 0x86, 0xdc, 0xff,
    0x29, 0x86, 0xdc, 0xff, 0x29, 0x86, 0xdc, 0xff, 0x29, 0x86, 0xdc, 0xff, 0x29, 0x86, 0xdc, 0xff,
    0x29, 0x86, 0xdc, 0xff, 0x29, 0x86, 0xdc, 0xff, 0x29, 0x86, 0xdc, 0xff, 0x29, 0x86, 0xdc, 0xff,
    0x29, 0x86, 0xdc, 0xff, 0x29, 0x86, 0xdc, 0xff, 0x29, 0x86, 0xdc, 0xff, 0x29, 0x86, 0xdc, 0xff,
    0x29, 0x86, 0xdc, 0xff, 0x29, 0x86, 0xdc, 0xff, 0x29, 0x86, 0xdc, 0xff, 0x29, 0x86, 0xdc, 0xff,
    0x29, 0x86, 0xdc, 0xff, 0x29, 0x86, 0xdc, 0xff, 0x29, 0x86, 0xdc, 0xff, 0x29, 0x86, 0xdc, 0xff,
    0x29, 0x86, 0xdc, 0xff, 0x29, 0x86, 0xdc, 0xff, 0x29, 0x86, 0xdc, 0xff, 0x94, 0xc2, 0xed, 0xff,
    0xff, 0xff, 0xff, 0xff, 0xff, 0xff, 0xff, 0xff, 0xff, 0xff, 0xff, 0xff, 0xff, 0xff, 0xff, 0xff,
    0xff, 0xff, 0xff, 0xff, 0xff, 0xff, 0xff, 0xff, 0xff, 0xff, 0xff, 0xff, 0xff, 0xff, 0xff, 0xff,
    0xbf, 0xdb, 0xf4, 0xff, 0x29, 0x86, 0xdc, 0xff, 0x29, 0x86, 0xdc, 0xff, 0x29, 0x86, 0xdc, 0xff,
    0x29, 0x86, 0xdc, 0xff, 0x29, 0x86, 0xdc, 0xff, 0x29, 0x86, 0xdc, 0xff, 0x29, 0x86, 0xdc, 0xff,
    0x29, 0x86, 0xdc, 0xff, 0x29, 0x86, 0xdc, 0xff, 0x29, 0x86, 0xdc, 0xff, 0x29, 0x86, 0xdc, 0xff,
    0x29, 0x86, 0xdc, 0xff, 0x29, 0x86, 0xdc, 0xff, 0x29, 0x86, 0xdc, 0xff, 0x29, 0x86, 0xdc, 0xff,
    0x29, 0x86, 0xdc, 0xff, 0x29, 0x86, 0xdc, 0xff, 0x29, 0x86, 0xdc, 0xff, 0x29, 0x86, 0xdc, 0xff,
    0x29, 0x86, 0xdc, 0xff, 0x29, 0x86, 0xdc, 0xff, 0x29, 0x86, 0xdc, 0xff, 0x29, 0x86, 0xdc, 0xff,
    0x29, 0x86, 0xdc, 0xff, 0x29, 0x86, 0xdc, 0xff, 0x29, 0x86, 0xdc, 0xff, 0x29, 0x86, 0xdc, 0xff,
    0x29, 0x86, 0xdc, 0xff, 0x29, 0x86, 0xdc, 0xff, 0x29, 0x86, 0xdc, 0xff, 0x29, 0x86, 0xdc, 0xff,
    0x29, 0x86, 0xdc, 0xff, 0x29, 0x86, 0xdc, 0xff, 0x29, 0x86, 0xdc, 0xff, 0x29, 0x86, 0xdc, 0xff,
    0x29, 0x86, 0xdc, 0xff, 0x29, 0x86, 0xdc, 0xff, 0x29, 0x86, 0xdc, 0xff, 0x29, 0x86, 0xdc, 0xff,
    0x29, 0x86, 0xdc, 0xff, 0x29, 0x86, 0xdc, 0xff, 0x29, 0x86, 0xdc, 0xff, 0x29, 0x86, 0xdc, 0xff,
    0x29, 0x86, 0xdc, 0xff, 0x29, 0x86, 0xdc, 0xff, 0x29, 0x86, 0xdc, 0xff, 0xb5, 0xd5, 0xf3, 0xff,
    0xff, 0xff, 0xff, 0xff, 0xff, 0xff, 0xff, 0xff, 0xff, 0xff, 0xff, 0xff, 0xff, 0xff, 0xff, 0xff,
    0xff, 0xff, 0xff, 0xff, 0xff, 0xff, 0xff, 0xff, 0xff, 0xff, 0xff, 0xff, 0xff, 0xff, 0xff, 0xff,
    0x94, 0xc2, 0xed, 0xff, 0x29, 0x86, 0xdc, 0xff, 0x29, 0x86, 0xdc, 0xff, 0x29, 0x86, 0xdc, 0xff,
    0x29, 0x86, 0xdc, 0xff, 0x29, 0x86, 0xdc, 0xff, 0x29, 0x86, 0xdc, 0xff, 0x29, 0x86, 0xdc, 0xff,
    0x29, 0x86, 0xdc, 0xff, 0x29, 0x86, 0xdc, 0xff, 0x29, 0x86, 0xdc, 0xff, 0x29, 0x86, 0xdc, 0xff,
    0x29, 0x86, 0xdc, 0xff, 0x29, 0x86, 0xdc, 0xff, 0x29, 0x86, 0xdc, 0xff, 0x29, 0x86, 0xdc, 0xff,
    0x29, 0x86, 0xdc, 0xff, 0x29, 0x86, 0xdc, 0xff, 0x29, 0x86, 0xdc, 0xff, 0x29, 0x86, 0xdc, 0xff,
    0x29, 0x86, 0xdc, 0xff, 0x29, 0x86, 0xdc, 0xff, 0x29, 0x86, 0xdc, 0xff, 0x29, 0x86, 0xdc, 0xff,
    0x29, 0x86, 0xdc, 0xff, 0x29, 0x86, 0xdc, 0xff, 0x29, 0x86, 0xdc, 0xff, 0x29, 0x86, 0xdc, 0xff,
    0x29, 0x86, 0xdc, 0xff, 0x29, 0x86, 0xdc, 0xff, 0x29, 0x86, 0xdc, 0xff, 0x29, 0x86, 0xdc, 0xff,
    0x29, 0x86, 0xdc, 0xff, 0x29, 0x86, 0xdc, 0xff, 0x29, 0x86, 0xdc, 0xff, 0x29, 0x86, 0xdc, 0xff,
    0x29, 0x86, 0xdc, 0xff, 0x29, 0x86, 0xdc, 0xff, 0x29, 0x86, 0xdc, 0xff, 0x29, 0x86, 0xdc, 0xff,
    0x29, 0x86, 0xdc, 0xff, 0x29, 0x86, 0xdc, 0xff, 0x29, 0x86, 0xdc, 0xff, 0x29, 0x86, 0xdc, 0xff,
    0x29, 0x86, 0xdc, 0xff, 0x29, 0x86, 0xdc, 0xff, 0x29, 0x86, 0xdc, 0xff, 0x29, 0x86, 0xdc, 0xff,
    0x29, 0x86, 0xdc, 0xff, 0x29, 0x86, 0xdc, 0xff, 0x29, 0x86, 0xdc, 0xff, 0x29, 0x86, 0xdc, 0xff,
    0x29, 0x86, 0xdc, 0xff, 0x29, 0x86, 0xdc, 0xff, 0x29, 0x86, 0xdc, 0xff, 0x29, 0x86, 0xdc, 0xff,
    0x29, 0x86, 0xdc, 0xff, 0x29, 0x86, 0xdc, 0xff, 0x29, 0x86, 0xdc, 0xff, 0x29, 0x86, 0xdc, 0xff,
    0x29, 0x86, 0xdc, 0xff, 0x29, 0x86, 0xdc, 0xff, 0x29, 0x86, 0xdc, 0xff, 0x29, 0x86, 0xdc, 0xff,
    0x29, 0x86, 0xdc, 0xff, 0x36, 0x8d, 0xde, 0xff, 0xf1, 0xf7, 0xfc, 0xff, 0xff, 0xff, 0xff, 0xff,
    0xff, 0xff, 0xff, 0xff, 0xff, 0xff, 0xff, 0xff, 0xff, 0xff, 0xff, 0xff, 0xff, 0xff, 0xff, 0xff,
    0xff, 0xff, 0xff, 0xff, 0xff, 0xff, 0xff, 0xff, 0xff, 0xff, 0xff, 0xff, 0x79, 0xb3, 0xe9, 0xff,
    0x29, 0x86, 0xdc, 0xff, 0x29, 0x86, 0xdc, 0xff, 0x29, 0x86, 0xdc, 0xff, 0x29, 0x86, 0xdc, 0xff,
    0x29, 0x86, 0xdc, 0xff, 0x29, 0x86, 0xdc, 0xff, 0x29, 0x86, 0xdc, 0xff, 0x29, 0x86, 0xdc, 0xff,
    0x29, 0x86, 0xdc, 0xff, 0x29, 0x86, 0xdc, 0xff, 0x29, 0x86, 0xdc, 0xff, 0x29, 0x86, 0xdc, 0xff,
    0x29, 0x86, 0xdc, 0xff, 0x29, 0x86, 0xdc, 0xff, 0x29, 0x86, 0xdc, 0xff, 0x29, 0x86, 0xdc, 0xff,
    0x29, 0x86, 0xdc, 0xff, 0x29, 0x86, 0xdc, 0xff, 0x29, 0x86, 0xdc, 0xff, 0x29, 0x86, 0xdc, 0xff,
    0x29, 0x86, 0xdc, 0xff, 0x29, 0x86, 0xdc, 0xff, 0x29, 0x86, 0xdc, 0xff, 0x29, 0x86, 0xdc, 0xff,
    0x29, 0x86, 0xdc, 0xff, 0x29, 0x86, 0xdc, 0xff, 0x29, 0x86, 0xdc, 0xff, 0x29, 0x86, 0xdc, 0xff,
    0x29, 0x86, 0xdc, 0xff, 0x29, 0x86, 0xdc, 0xff, 0x29, 0x86, 0xdc, 0xff, 0x29, 0x86, 0xdc, 0xff,
    0x29, 0x86, 0xdc, 0xff, 0x29, 0x86, 0xdc, 0xff, 0x29, 0x86, 0xdc, 0xff, 0x29, 0x86, 0xdc, 0xff,
    0x29, 0x86, 0xdc, 0xff, 0x29, 0x86, 0xdc, 0xff, 0x29, 0x86, 0xdc, 0xff, 0x29, 0x86, 0xdc, 0xff,
    0x29, 0x86, 0xdc, 0xff, 0x29, 0x86, 0xdc, 0xff, 0x29, 0x86, 0xdc, 0xff, 0x29, 0x86, 0xdc, 0xff,
    0x79, 0xb3, 0xe9, 0xff, 0xff, 0xff, 0xff, 0xff, 0xff, 0xff, 0xff, 0xff, 0xff, 0xff, 0xff, 0xff,
    0xff, 0xff, 0xff, 0xff, 0xff, 0xff, 0xff, 0xff, 0xff, 0xff, 0xff, 0xff, 0xff, 0xff, 0xff, 0xff,
    0xff, 0xff, 0xff, 0xff, 0xf1, 0xf7, 0xfc, 0xff, 0x36, 0x8d, 0xde, 0xff, 0x29, 0x86, 0xdc, 0xff,
    0x29, 0x86, 0xdc, 0xff, 0x29, 0x86, 0xdc, 0xff, 0x29, 0x86, 0xdc, 0xff, 0x29, 0x86, 0xdc, 0xff,
    0x29, 0x86, 0xdc, 0xff, 0x29, 0x86, 0xdc, 0xff, 0x29, 0x86, 0xdc, 0xff, 0x29, 0x86, 0xdc, 0xff,
    0x29, 0x86, 0xdc, 0xff, 0x29, 0x86, 0xdc, 0xff, 0x29, 0x86, 0xdc, 0xff, 0x29, 0x86, 0xdc, 0xff,
    0x29, 0x86, 0xdc, 0xff, 0x29, 0x86, 0xdc, 0xff, 0x29, 0x86, 0xdc, 0xff, 0x29, 0x86, 0xdc, 0xff,
    0x29, 0x86, 0xdc, 0xff, 0x29, 0x86, 0xdc, 0xff, 0x29, 0x86, 0xdc, 0xff, 0x29, 0x86, 0xdc, 0xff,
    0x29, 0x86, 0xdc, 0xff, 0x29, 0x86, 0xdc, 0xff, 0x29, 0x86, 0xdc, 0xff, 0x29, 0x86, 0xdc, 0xff,
    0x29, 0x86, 0xdc, 0xff, 0x29, 0x86, 0xdc, 0xff, 0x29, 0x86, 0xdc, 0xff, 0x29, 0x86, 0xdc, 0xff,
    0x29, 0x86, 0xdc, 0xff, 0x29, 0x86, 0xdc, 0xff, 0x29, 0x86, 0xdc, 0xff, 0x29, 0x86, 0xdc, 0xff,
    0x29, 0x86, 0xdc, 0xff, 0x29, 0x86, 0xdc, 0xff, 0x29, 0x86, 0xdc, 0xff, 0x29, 0x86, 0xdc, 0xff,
    0x29, 0x86, 0xdc, 0xff, 0x29, 0x86, 0xdc, 0xff, 0x29, 0x86, 0xdc, 0xff, 0x29, 0x86, 0xdc, 0xff,
    0x29, 0x86, 0xdc, 0xff, 0x29, 0x86, 0xdc, 0xff, 0x29, 0x86, 0xdc, 0xff, 0x29, 0x86, 0xdc, 0xff,
    0x29, 0x86, 0xdc, 0xff, 0x29, 0x86, 0xdc, 0xff, 0x29, 0x86, 0xdc, 0xff, 0x29, 0x86, 0xdc, 0xff,
    0x29, 0x86, 0xdc, 0xff, 0x29, 0x86, 0xdc, 0xff, 0x29, 0x86, 0xdc, 0xff, 0x29, 0x86, 0xdc, 0xff,
    0x29, 0x86, 0xdc, 0xff, 0x29, 0x86, 0xdc, 0xff, 0x29, 0x86, 0xdc, 0xff, 0x29, 0x86, 0xdc, 0xff,
    0x29, 0x86, 0xdc, 0xff, 0x29, 0x86, 0xdc, 0xff, 0x29, 0x86, 0xdc, 0xff, 0x29, 0x86, 0xdc, 0xff,
    0x29, 0x86, 0xdc, 0xff, 0x29, 0x86, 0xdc, 0xff, 0x29, 0x86, 0xdc, 0xff, 0x29, 0x86, 0xdc, 0xff,
    0x90, 0xc0, 0xed, 0xff, 0xff, 0xff, 0xff, 0xff, 0xff, 0xff, 0xff, 0xff, 0xff, 0xff, 0xff, 0xff,
    0xff, 0xff, 0xff, 0xff, 0xff, 0xff, 0xff, 0xff, 0xff, 0xff, 0xff, 0xff, 0xff, 0xff, 0xff, 0xff,
    0xff, 0xff, 0xff, 0xff, 0xf8, 0xfb, 0xfe, 0xff, 0x4d, 0x9a, 0xe2, 0xff, 0x29, 0x86, 0xdc, 0xff,
    0x29, 0x86, 0xdc, 0xff, 0x29, 0x86, 0xdc, 0xff, 0x29, 0x86, 0xdc, 0xff, 0x29, 0x86, 0xdc, 0xff,
    0x29, 0x86, 0xdc, 0xff, 0x29, 0x86, 0xdc, 0xff, 0x29, 0x86, 0xdc, 0xff, 0x29, 0x86, 0xdc, 0xff,
    0x29, 0x86, 0xdc, 0xff, 0x29, 0x86, 0xdc, 0xff, 0x29, 0x86, 0xdc, 0xff, 0x29, 0x86, 0xdc, 0xff,
    0x29, 0x86, 0xdc, 0xff, 0x29, 0x86, 0xdc, 0xff, 0x29, 0x86, 0xdc, 0xff, 0x29, 0x86, 0xdc, 0xff,
    0x29, 0x86, 0xdc, 0xff, 0x29, 0x86, 0xdc, 0xff, 0x29, 0x86, 0xdc, 0xff, 0x29, 0x86, 0xdc, 0xff,
    0x29, 0x86, 0xdc, 0xff, 0x29, 0x86, 0xdc, 0xff, 0x29, 0x86, 0xdc, 0xff, 0x29, 0x86, 0xdc, 0xff,
    0x29, 0x86, 0xdc, 0xff, 0x29, 0x86, 0xdc, 0xff, 0x29, 0x86, 0xdc, 0xff, 0x29, 0x86, 0xdc, 0xff,
    0x29, 0x86, 0xdc, 0xff, 0x29, 0x86, 0xdc, 0xff, 0x29, 0x86, 0xdc, 0xff, 0x29, 0x86, 0xdc, 0xff,
    0x29, 0x86, 0xdc, 0xff, 0x29, 0x86, 0xdc, 0xff, 0x29, 0x86, 0xdc, 0xff, 0x29, 0x86, 0xdc, 0xff,
    0x29, 0x86, 0xdc, 0xff, 0x29, 0x86, 0xdc, 0xff, 0x29, 0x86, 0xdc, 0xff, 0x29, 0x86, 0xdc, 0xff,
    0x29, 0x86, 0xdc, 0xff, 0x51, 0x9c, 0xe2, 0xff, 0xf8, 0xfb, 0xfe, 0xff, 0xff, 0xff, 0xff, 0xff,
    0xff, 0xff, 0xff, 0xff, 0xff, 0xff, 0xff, 0xff, 0xff, 0xff, 0xff, 0xff, 0xff, 0xff, 0xff, 0xff,
    0xff, 0xff, 0xff, 0xff, 0xff, 0xff, 0xff, 0xff, 0xff, 0xff, 0xff, 0xff, 0x86, 0xba, 0xeb, 0xff,
    0x29, 0x86, 0xdc, 0xff, 0x29, 0x86, 0xdc, 0xff, 0x29, 0x86, 0xdc, 0xff, 0x29, 0x86, 0xdc, 0xff,
    0x29, 0x86, 0xdc, 0xff, 0x29, 0x86, 0xdc, 0xff, 0x29, 0x86, 0xdc, 0xff, 0x29, 0x86, 0xdc, 0xff,
    0x29, 0x86, 0xdc, 0xff, 0x29, 0x86, 0xdc, 0xff, 0x29, 0x86, 0xdc, 0xff, 0x29, 0x86, 0xdc, 0xff,
    0x29, 0x86, 0xdc, 0xff, 0x29, 0x86, 0xdc, 0xff, 0x29, 0x86, 0xdc, 0xff, 0x29, 0x86, 0xdc, 0xff,
    0x29, 0x86, 0xdc, 0xff, 0x29, 0x86, 0xdc, 0xff, 0x29, 0x86, 0xdc, 0xff, 0x29, 0x86, 0xdc, 0xff,
    0x29, 0x86, 0xdc, 0xff, 0x29, 0x86, 0xdc, 0xff, 0x29, 0x86, 0xdc, 0xff, 0x29, 0x86, 0xdc, 0xff,
    0x29, 0x86, 0xdc, 0xff, 0x29, 0x86, 0xdc, 0xff, 0x29, 0x86, 0xdc, 0xff, 0x29, 0x86, 0xdc, 0xff,
    0x29, 0x86, 0xdc, 0xff, 0x29, 0x86, 0xdc, 0xff, 0x29, 0x86, 0xdc, 0xff, 0x29, 0x86, 0xdc, 0xff,
    0x29, 0x86, 0xdc, 0xff, 0x29, 0x86, 0xdc, 0xff, 0x29, 0x86, 0xdc, 0xff, 0x29, 0x86, 0xdc, 0xff,
    0x29, 0x86, 0xdc, 0xff, 0x29, 0x86, 0xdc, 0xff, 0x29, 0x86, 0xdc, 0xff, 0x29, 0x86, 0xdc, 0xff,
    0x29, 0x86, 0xdc, 0xff, 0x29, 0x86, 0xdc, 0xff, 0x29, 0x86, 0xdc, 0xff, 0x29, 0x86, 0xdc, 0xff,
    0x29, 0x86, 0xdc, 0xff, 0x29, 0x86, 0xdc, 0xff, 0x29, 0x86, 0xdc, 0xff, 0x29, 0x86, 0xdc, 0xff,
    0x29, 0x86, 0xdc, 0xff, 0x29, 0x86, 0xdc, 0xff, 0x29, 0x86, 0xdc, 0xff, 0x29, 0x86, 0xdc, 0xff,
    0x29, 0x86, 0xdc, 0xff, 0x29, 0x86, 0xdc, 0xff, 0x29, 0x86, 0xdc, 0xff, 0x29, 0x86, 0xdc, 0xff,
    0x29, 0x86, 0xdc, 0xff, 0x29, 0x86, 0xdc, 0xff, 0x29, 0x86, 0xdc, 0xff, 0x29, 0x86, 0xdc, 0xff,
    0x29, 0x86, 0xdc, 0xff, 0x29, 0x86, 0xdc, 0xff, 0x29, 0x86, 0xdc, 0xff, 0x29, 0x86, 0xdc, 0xff,
    0x29, 0x86, 0xdc, 0xff, 0x29, 0x86, 0xdc, 0xff, 0x2f, 0x89, 0xdd, 0xff, 0xe0, 0xed, 0xfa, 0xff,
    0xff, 0xff, 0xff, 0xff, 0xff, 0xff, 0xff, 0xff, 0xff, 0xff, 0xff, 0xff, 0xff, 0xff, 0xff, 0xff,
    0xff, 0xff, 0xff, 0xff, 0xff, 0xff, 0xff, 0xff, 0xff, 0xff, 0xff, 0xff, 0xff, 0xff, 0xff, 0xff,
    0xe4, 0xf0, 0xfa, 0xff, 0x40, 0x93, 0xdf, 0xff, 0x29, 0x86, 0xdc, 0xff, 0x29, 0x86, 0xdc, 0xff,
    0x29, 0x86, 0xdc, 0xff, 0x29, 0x86, 0xdc, 0xff, 0x29, 0x86, 0xdc, 0xff, 0x29, 0x86, 0xdc, 0xff,
    0x29, 0x86, 0xdc, 0xff, 0x29, 0x86, 0xdc, 0xff, 0x29, 0x86, 0xdc, 0xff, 0x29, 0x86, 0xdc, 0xff,
    0x29, 0x86, 0xdc, 0xff, 0x29, 0x86, 0xdc, 0xff, 0x29, 0x86, 0xdc, 0xff, 0x29, 0x86, 0xdc, 0xff,
    0x29, 0x86, 0xdc, 0xff, 0x29, 0x86, 0xdc, 0xff, 0x29, 0x86, 0xdc, 0xff, 0x29, 0x86, 0xdc, 0xff,
    0x29, 0x86, 0xdc, 0xff, 0x29, 0x86, 0xdc, 0xff, 0x29, 0x86, 0xdc, 0xff, 0x29, 0x86, 0xdc, 0xff,
    0x29, 0x86, 0xdc, 0xff, 0x29, 0x86, 0xdc, 0xff, 0x29, 0x86, 0xdc, 0xff, 0x29, 0x86, 0xdc, 0xff,
    0x29, 0x86, 0xdc, 0xff, 0x29, 0x86, 0xdc, 0xff, 0x29, 0x86, 0xdc, 0xff, 0x29, 0x86, 0xdc, 0xff,
    0x29, 0x86, 0xdc, 0xff, 0x29, 0x86, 0xdc, 0xff, 0x29, 0x86, 0xdc, 0xff, 0x29, 0x86, 0xdc, 0xff,
    0x29, 0x86, 0xdc, 0xff, 0x29, 0x86, 0xdc, 0xff, 0x29, 0x86, 0xdc, 0xff, 0x29, 0x86, 0xdc, 0xff,
    0x29, 0x86, 0xdc, 0xff, 0x29, 0x86, 0xdc, 0xff, 0x43, 0x95, 0xe0, 0xff, 0xe4, 0xf0, 0xfa, 0xff,
    0xff, 0xff, 0xff, 0xff, 0xff, 0xff, 0xff, 0xff, 0xff, 0xff, 0xff, 0xff, 0xff, 0xff, 0xff, 0xff,
    0xff, 0xff, 0xff, 0xff, 0xff, 0xff, 0xff, 0xff, 0xff, 0xff, 0xff, 0xff, 0xff, 0xff, 0xff, 0xff,
    0xe4, 0xef, 0xfa, 0xff, 0x2f, 0x89, 0xdd, 0xff, 0x29, 0x86, 0xdc, 0xff, 0x29, 0x86, 0xdc, 0xff,
    0x29, 0x86, 0xdc, 0xff, 0x29, 0x86, 0xdc, 0xff, 0x29, 0x86, 0xdc, 0xff, 0x29, 0x86, 0xdc, 0xff,
    0x29, 0x86, 0xdc, 0xff, 0x29, 0x86, 0xdc, 0xff, 0x29, 0x86, 0xdc, 0xff, 0x29, 0x86, 0xdc, 0xff,
    0x29, 0x86, 0xdc, 0xff, 0x29, 0x86, 0xdc, 0xff, 0x29, 0x86, 0xdc, 0xff, 0x29, 0x86, 0xdc, 0xff,
    0x29, 0x86, 0xdc, 0xff, 0x29, 0x86, 0xdc, 0xff, 0x29, 0x86, 0xdc, 0xff, 0x29, 0x86, 0xdc, 0xff,
    0x29, 0x86, 0xdc, 0xff, 0x29, 0x86, 0xdc, 0xff, 0x29, 0x86, 0xdc, 0xff, 0x29, 0x86, 0xdc, 0xff,
    0x29, 0x86, 0xdc, 0xff, 0x29, 0x86, 0xdc, 0xff, 0x29, 0x86, 0xdc, 0xff, 0x29, 0x86, 0xdc, 0xff,
    0x29, 0x86, 0xdc, 0xff, 0x29, 0x86, 0xdc, 0xff, 0x29, 0x86, 0xdc, 0xff, 0x29, 0x86, 0xdc, 0xff,
    0x29, 0x86, 0xdc, 0xff, 0x29, 0x86, 0xdc, 0xff, 0x29, 0x86, 0xdc, 0xff, 0x29, 0x86, 0xdc, 0xff,
    0x29, 0x86, 0xdc, 0xff, 0x29, 0x86, 0xdc, 0xff, 0x29, 0x86, 0xdc, 0xff, 0x29, 0x86, 0xdc, 0xff,
    0x29, 0x86, 0xdc, 0xff, 0x29, 0x86, 0xdc, 0xff, 0x29, 0x86, 0xdc, 0xff, 0x29, 0x86, 0xdc, 0xff,
    0x29, 0x86, 0xdc, 0xff, 0x29, 0x86, 0xdc, 0xff, 0x29, 0x86, 0xdc, 0xff, 0x29, 0x86, 0xdc, 0xff,
    0x29, 0x86, 0xdc, 0xff, 0x29, 0x86, 0xdc, 0xff, 0x29, 0x86, 0xdc, 0xff, 0x29, 0x86, 0xdc, 0xff,
    0x29, 0x86, 0xdc, 0xff, 0x29, 0x86, 0xdc, 0xff, 0x29, 0x86, 0xdc, 0xff, 0x29, 0x86, 0xdc, 0xff,
    0x29, 0x86, 0xdc, 0xff, 0x29, 0x86, 0xdc, 0xff, 0x29, 0x86, 0xdc, 0xff, 0x29, 0x86, 0xdc, 0xff,
    0x29, 0x86, 0xdc, 0xff, 0x29, 0x86, 0xdc, 0xff, 0x29, 0x86, 0xdc, 0xff, 0x29, 0x86, 0xdc, 0xff,
    0x29, 0x86, 0xdc, 0xff, 0x29, 0x86, 0xdc, 0xff, 0x29, 0x86, 0xdc, 0xff, 0x29, 0x86, 0xdc, 0xff,
    0x29, 0x86, 0xdc, 0xff, 0x65, 0xa8, 0xe6, 0xff, 0xff, 0xff, 0xff, 0xff, 0xff, 0xff, 0xff, 0xff,
    0xff, 0xff, 0xff, 0xff, 0xff, 0xff, 0xff, 0xff, 0xff, 0xff, 0xff, 0xff, 0xff, 0xff, 0xff, 0xff,
    0xff, 0xff, 0xff, 0xff, 0xff, 0xff, 0xff, 0xff, 0xff, 0xff, 0xff, 0xff, 0xdd, 0xec, 0xf9, 0xff,
    0x3d, 0x91, 0xdf, 0xff, 0x29, 0x86, 0xdc, 0xff, 0x29, 0x86, 0xdc, 0xff, 0x29, 0x86, 0xdc, 0xff,
    0x29, 0x86, 0xdc, 0xff, 0x29, 0x86, 0xdc, 0xff, 0x29, 0x86, 0xdc, 0xff, 0x29, 0x86, 0xdc, 0xff,
    0x29, 0x86, 0xdc, 0xff, 0x29, 0x86, 0xdc, 0xff, 0x29, 0x86, 0xdc, 0xff, 0x29, 0x86, 0xdc, 0xff,
    0x29, 0x86, 0xdc, 0xff, 0x29, 0x86, 0xdc, 0xff, 0x29, 0x86, 0xdc, 0xff, 0x29, 0x86, 0xdc, 0xff,
    0x29, 0x86, 0xdc, 0xff, 0x29, 0x86, 0xdc, 0xff, 0x29, 0x86, 0xdc, 0xff, 0x29, 0x86, 0xdc, 0xff,
    0x29, 0x86, 0xdc, 0xff, 0x29, 0x86, 0xdc, 0xff, 0x29, 0x86, 0xdc, 0xff, 0x29, 0x86, 0xdc, 0xff,
    0x29, 0x86, 0xdc, 0xff, 0x29, 0x86, 0xdc, 0xff, 0x29, 0x86, 0xdc, 0xff, 0x29, 0x86, 0xdc, 0xff,
    0x29, 0x86, 0xdc, 0xff, 0x29, 0x86, 0xdc, 0xff, 0x29, 0x86, 0xdc, 0xff, 0x29, 0x86, 0xdc, 0xff,
    0x29, 0x86, 0xdc, 0xff, 0x29, 0x86, 0xdc, 0xff, 0x29, 0x86, 0xdc, 0xff, 0x29, 0x86, 0xdc, 0xff,
    0x29, 0x86, 0xdc, 0xff, 0x29, 0x86, 0xdc, 0xff, 0x29, 0x86, 0xdc, 0xff, 0x3d, 0x91, 0xdf, 0xff,
    0xdd, 0xec, 0xf9, 0xff, 0xff, 0xff, 0xff, 0xff, 0xff, 0xff, 0xff, 0xff, 0xff, 0xff, 0xff, 0xff,
    0xff, 0xff, 0xff, 0xff, 0xff, 0xff, 0xff, 0xff, 0xff, 0xff, 0xff, 0xff, 0xff, 0xff, 0xff, 0xff,
    0xff, 0xff, 0xff, 0xff, 0xff, 0xff, 0xff, 0xff, 0x5e, 0xa4, 0xe5, 0xff, 0x29, 0x86, 0xdc, 0xff,
    0x29, 0x86, 0xdc, 0xff, 0x29, 0x86, 0xdc, 0xff, 0x29, 0x86, 0xdc, 0xff, 0x29, 0x86, 0xdc, 0xff,
    0x29, 0x86, 0xdc, 0xff, 0x29, 0x86, 0xdc, 0xff, 0x29, 0x86, 0xdc, 0xff, 0x29, 0x86, 0xdc, 0xff,
    0x29, 0x86, 0xdc, 0xff, 0x29, 0x86, 0xdc, 0xff, 0x29, 0x86, 0xdc, 0xff, 0x29, 0x86, 0xdc, 0xff,
    0x29, 0x86, 0xdc, 0xff, 0x29, 0x86, 0xdc, 0xff, 0x29, 0x86, 0xdc, 0xff, 0x29, 0x86, 0xdc, 0xff,
    0x29, 0x86, 0xdc, 0xff, 0x29, 0x86, 0xdc, 0xff, 0x29, 0x86, 0xdc, 0xff, 0x29, 0x86, 0xdc, 0xff,
    0x29, 0x86, 0xdc, 0xff, 0x29, 0x86, 0xdc, 0xff, 0x29, 0x86, 0xdc, 0xff, 0x29, 0x86, 0xdc, 0xff,
    0x29, 0x86, 0xdc, 0xff, 0x29, 0x86, 0xdc, 0xff, 0x29, 0x86, 0xdc, 0xff, 0x29, 0x86, 0xdc, 0xff,
    0x29, 0x86, 0xdc, 0xff, 0x29, 0x86, 0xdc, 0xff, 0x29, 0x86, 0xdc, 0xff, 0x29, 0x86, 0xdc, 0xff,
    0x29, 0x86, 0xdc, 0xff, 0x29, 0x86, 0xdc, 0xff, 0x29, 0x86, 0xdc, 0xff, 0x29, 0x86, 0xdc, 0xff,
    0x29, 0x86, 0xdc, 0xff, 0x29, 0x86, 0xdc, 0xff, 0x29, 0x86, 0xdc, 0xff, 0x29, 0x86, 0xdc, 0xff,
    0x29, 0x86, 0xdc, 0xff, 0x29, 0x86, 0xdc, 0xff, 0x29, 0x86, 0xdc, 0xff, 0x29, 0x86, 0xdc, 0xff,
    0x29, 0x86, 0xdc, 0xff, 0x29, 0x86, 0xdc, 0xff, 0x29, 0x86, 0xdc, 0xff, 0x29, 0x86, 0xdc, 0xff,
    0x29, 0x86, 0xdc, 0xff, 0x29, 0x86, 0xdc, 0xff, 0x29, 0x86, 0xdc, 0xff, 0x29, 0x86, 0xdc, 0xff,
    0x29, 0x86, 0xdc, 0xff, 0x29, 0x86, 0xdc, 0xff, 0x29, 0x86, 0xdc, 0xff, 0x29, 0x86, 0xdc, 0xff,
    0x29, 0x86, 0xdc, 0xff, 0x29, 0x86, 0xdc, 0xff, 0x29, 0x86, 0xdc, 0xff, 0x29, 0x86, 0xdc, 0xff,
    0x29, 0x86, 0xdc, 0xff, 0x29, 0x86, 0xdc, 0xff, 0x29, 0x86, 0xdc, 0xff, 0x29, 0x86, 0xdc, 0xff,
    0x29, 0x86, 0xdc, 0xff, 0x29, 0x86, 0xdc, 0xff, 0x29, 0x86, 0xdc, 0xff, 0x29, 0x86, 0xdc, 0xff,
    0xab, 0xd0, 0xf1, 0xff, 0xff, 0xff, 0xff, 0xff, 0xff, 0xff, 0xff, 0xff, 0xff, 0xff, 0xff, 0xff,
    0xff, 0xff, 0xff, 0xff, 0xff, 0xff, 0xff, 0xff, 0xff, 0xff, 0xff, 0xff, 0xff, 0xff, 0xff, 0xff,
    0xff, 0xff, 0xff, 0xff, 0xff, 0xff, 0xff, 0xff, 0xdd, 0xec, 0xf9, 0xff, 0x43, 0x95, 0xe0, 0xff,
    0x29, 0x86, 0xdc, 0xff, 0x29, 0x86, 0xdc, 0xff, 0x29, 0x86, 0xdc, 0xff, 0x29, 0x86, 0xdc, 0xff,
    0x29, 0x86, 0xdc, 0xff, 0x29, 0x86, 0xdc, 0xff, 0x29, 0x86, 0xdc, 0xff, 0x29, 0x86, 0xdc, 0xff,
    0x29, 0x86, 0xdc, 0xff, 0x29, 0x86, 0xdc, 0xff, 0x29, 0x86, 0xdc, 0xff, 0x29, 0x86, 0xdc, 0xff,
    0x29, 0x86, 0xdc, 0xff, 0x29, 0x86, 0xdc, 0xff, 0x29, 0x86, 0xdc, 0xff, 0x29, 0x86, 0xdc, 0xff,
    0x29, 0x86, 0xdc, 0xff, 0x29, 0x86, 0xdc, 0xff, 0x29, 0x86, 0xdc, 0xff, 0x29, 0x86, 0xdc, 0xff,
    0x29, 0x86, 0xdc, 0xff, 0x29, 0x86, 0xdc, 0xff, 0x29, 0x86, 0xdc, 0xff, 0x29, 0x86, 0xdc, 0xff,
    0x29, 0x86, 0xdc, 0xff, 0x29, 0x86, 0xdc, 0xff, 0x29, 0x86, 0xdc, 0xff, 0x29, 0x86, 0xdc, 0xff,
    0x29, 0x86, 0xdc, 0xff, 0x29, 0x86, 0xdc, 0xff, 0x29, 0x86, 0xdc, 0xff, 0x29, 0x86, 0xdc, 0xff,
    0x29, 0x86, 0xdc, 0xff, 0x29, 0x86, 0xdc, 0xff, 0x29, 0x86, 0xdc, 0xff, 0x29, 0x86, 0xdc, 0xff,
    0x40, 0x93, 0xdf, 0xff, 0xdd, 0xec, 0xf9, 0xff, 0xff, 0xff, 0xff, 0xff, 0xff, 0xff, 0xff, 0xff,
    0xff, 0xff, 0xff, 0xff, 0xff, 0xff, 0xff, 0xff, 0xff, 0xff, 0xff, 0xff, 0xff, 0xff, 0xff, 0xff,
    0xff, 0xff, 0xff, 0xff, 0xff, 0xff, 0xff, 0xff, 0xff, 0xff, 0xff, 0xff, 0xa8, 0xcd, 0xf1, 0xff,
    0x29, 0x86, 0xdc, 0xff, 0x29, 0x86, 0xdc, 0xff, 0x29, 0x86, 0xdc, 0xff, 0x29, 0x86, 0xdc, 0xff,
    0x29, 0x86, 0xdc, 0xff, 0x29, 0x86, 0xdc, 0xff, 0x29, 0x86, 0xdc, 0xff, 0x29, 0x86, 0xdc, 0xff,
    0x29, 0x86, 0xdc, 0xff, 0x29, 0x86, 0xdc, 0xff, 0x29, 0x86, 0xdc, 0xff, 0x29, 0x86, 0xdc, 0xff,
    0x29, 0x86, 0xdc, 0xff, 0x29, 0x86, 0xdc, 0xff, 0x29, 0x86, 0xdc, 0xff, 0x29, 0x86, 0xdc, 0xff,
    0x29, 0x86, 0xdc, 0xff, 0x29, 0x86, 0xdc, 0xff, 0x29, 0x86, 0xdc, 0xff, 0x29, 0x86, 0xdc, 0xff,
    0x29, 0x86, 0xdc, 0xff, 0x29, 0x86, 0xdc, 0xff, 0x29, 0x86, 0xdc, 0xff, 0x29, 0x86, 0xdc, 0xff,
    0x29, 0x86, 0xdc, 0xff, 0x29, 0x86, 0xdc, 0xff, 0x29, 0x86, 0xdc, 0xff, 0x29, 0x86, 0xdc, 0xff,
    0x29, 0x86, 0xdc, 0xff, 0x29, 0x86, 0xdc, 0xff, 0x29, 0x86, 0xdc, 0xff, 0x29, 0x86, 0xdc, 0xff,
    0x29, 0x86, 0xdc, 0xff, 0x29, 0x86, 0xdc, 0xff, 0x29, 0x86, 0xdc, 0xff, 0x29, 0x86, 0xdc, 0xff,
    0x29, 0x86, 0xdc, 0xff, 0x29, 0x86, 0xdc, 0xff, 0x29, 0x86, 0xdc, 0xff, 0x29, 0x86, 0xdc, 0xff,
    0x29, 0x86, 0xdc, 0xff, 0x29, 0x86, 0xdc, 0xff, 0x29, 0x86, 0xdc, 0xff, 0x29, 0x86, 0xdc, 0xff,
    0x29, 0x86, 0xdc, 0xff, 0x29, 0x86, 0xdc, 0xff, 0x29, 0x86, 0xdc, 0xff, 0x29, 0x86, 0xdc, 0xff,
    0x29, 0x86, 0xdc, 0xff, 0x29, 0x86, 0xdc, 0xff, 0x29, 0x86, 0xdc, 0xff, 0x29, 0x86, 0xdc, 0xff,
    0x29, 0x86, 0xdc, 0xff, 0x29, 0x86, 0xdc, 0xff, 0x29, 0x86, 0xdc, 0xff, 0x29, 0x86, 0xdc, 0xff,
    0x29, 0x86, 0xdc, 0xff, 0x29, 0x86, 0xdc, 0xff, 0x29, 0x86, 0xdc, 0xff, 0x29, 0x86, 0xdc, 0xff,
    0x29, 0x86, 0xdc, 0xff, 0x29, 0x86, 0xdc, 0xff, 0x29, 0x86, 0xdc, 0xff, 0x29, 0x86, 0xdc, 0xff,
    0x29, 0x86, 0xdc, 0xff, 0x29, 0x86, 0xdc, 0xff, 0x29, 0x86, 0xdc, 0xff, 0x29, 0x86, 0xdc, 0xff,
    0x29, 0x86, 0xdc, 0xff, 0x29, 0x86, 0xdc, 0xff, 0x2f, 0x89, 0xdd, 0xff, 0xdd, 0xec, 0xf9, 0xff,
    0xff, 0xff, 0xff, 0xff, 0xff, 0xff, 0xff, 0xff, 0xff, 0xff, 0xff, 0xff, 0xff, 0xff, 0xff, 0xff,
    0xff, 0xff, 0xff, 0xff, 0xff, 0xff, 0xff, 0xff, 0xff, 0xff, 0xff, 0xff, 0xff, 0xff, 0xff, 0xff,
    0xff, 0xff, 0xff, 0xff, 0xe4, 0xf0, 0xfa, 0xff, 0x51, 0x9c, 0xe2, 0xff, 0x29, 0x86, 0xdc, 0xff,
    0x29, 0x86, 0xdc, 0xff, 0x29, 0x86, 0xdc, 0xff, 0x29, 0x86, 0xdc, 0xff, 0x29, 0x86, 0xdc, 0xff,
    0x29, 0x86, 0xdc, 0xff, 0x29, 0x86, 0xdc, 0xff, 0x29, 0x86, 0xdc, 0xff, 0x29, 0x86, 0xdc, 0xff,
    0x29, 0x86, 0xdc, 0xff, 0x29, 0x86, 0xdc, 0xff, 0x29, 0x86, 0xdc, 0xff, 0x29, 0x86, 0xdc, 0xff,
    0x29, 0x86, 0xdc, 0xff, 0x29, 0x86, 0xdc, 0xff, 0x29, 0x86, 0xdc, 0xff, 0x29, 0x86, 0xdc, 0xff,
    0x29, 0x86, 0xdc, 0xff, 0x29, 0x86, 0xdc, 0xff, 0x29, 0x86, 0xdc, 0xff, 0x29, 0x86, 0xdc, 0xff,
    0x29, 0x86, 0xdc, 0xff, 0x29, 0x86, 0xdc, 0xff, 0x29, 0x86, 0xdc, 0xff, 0x29, 0x86, 0xdc, 0xff,
    0x29, 0x86, 0xdc, 0xff, 0x29, 0x86, 0xdc, 0xff, 0x29, 0x86, 0xdc, 0xff, 0x29, 0x86, 0xdc, 0xff,
    0x29, 0x86, 0xdc, 0xff, 0x29, 0x86, 0xdc, 0xff, 0x29, 0x86, 0xdc, 0xff, 0x29, 0x86, 0xdc, 0xff,
    0x29, 0x86, 0xdc, 0xff, 0x4e, 0x9a, 0xe2, 0xff, 0xe4, 0xf0, 0xfa, 0xff, 0xff, 0xff, 0xff, 0xff,
    0xff, 0xff, 0xff, 0xff, 0xff, 0xff, 0xff, 0xff, 0xff, 0xff, 0xff, 0xff, 0xff, 0xff, 0xff, 0xff,
    0xff, 0xff, 0xff, 0xff, 0xff, 0xff, 0xff, 0xff, 0xff, 0xff, 0xff, 0xff, 0xff, 0xff, 0xff, 0xff,
    0xdd, 0xec, 0xf9, 0xff, 0x2f, 0x89, 0xdd, 0xff, 0x29, 0x86, 0xdc, 0xff, 0x29, 0x86, 0xdc, 0xff,
    0x29, 0x86, 0xdc, 0xff, 0x29, 0x86, 0xdc, 0xff, 0x29, 0x86, 0xdc, 0xff, 0x29, 0x86, 0xdc, 0xff,
    0x29, 0x86, 0xdc, 0xff, 0x29, 0x86, 0xdc, 0xff, 0x29, 0x86, 0xdc, 0xff, 0x29, 0x86, 0xdc, 0xff,
    0x29, 0x86, 0xdc, 0xff, 0x29, 0x86, 0xdc, 0xff, 0x29, 0x86, 0xdc, 0xff, 0x29, 0x86, 0xdc, 0xff,
    0x29, 0x86, 0xdc, 0xff, 0x29, 0x86, 0xdc, 0xff, 0x29, 0x86, 0xdc, 0xff, 0x29, 0x86, 0xdc, 0xff,
    0x29, 0x86, 0xdc, 0xff, 0x29, 0x86, 0xdc, 0xff, 0x29, 0x86, 0xdc, 0xff, 0x29, 0x86, 0xdc, 0xff,
    0x29, 0x86, 0xdc, 0xff, 0x29, 0x86, 0xdc, 0xff, 0x29, 0x86, 0xdc, 0xff, 0x29, 0x86, 0xdc, 0xff,
    0x29, 0x86, 0xdc, 0xff, 0x29, 0x86, 0xdc, 0xff, 0x29, 0x86, 0xdc, 0xff, 0x29, 0x86, 0xdc, 0xff,
    0x29, 0x86, 0xdc, 0xff, 0x29, 0x86, 0xdc, 0xff, 0x29, 0x86, 0xdc, 0xff, 0x29, 0x86, 0xdc, 0xff,
    0x29, 0x86, 0xdc, 0xff, 0x29, 0x86, 0xdc, 0xff, 0x29, 0x86, 0xdc, 0xff, 0x29, 0x86, 0xdc, 0xff,
    0x29, 0x86, 0xdc, 0xff, 0x29, 0x86, 0xdc, 0xff, 0x29, 0x86, 0xdc, 0xff, 0x29, 0x86, 0xdc, 0xff,
    0x29, 0x86, 0xdc, 0xff, 0x29, 0x86, 0xdc, 0xff, 0x29, 0x86, 0xdc, 0xff, 0x29, 0x86, 0xdc, 0xff,
    0x29, 0x86, 0xdc, 0xff, 0x29, 0x86, 0xdc, 0xff, 0x29, 0x86, 0xdc, 0xff, 0x29, 0x86, 0xdc, 0xff,
    0x29, 0x86, 0xdc, 0xff, 0x29, 0x86, 0xdc, 0xff, 0x29, 0x86, 0xdc, 0xff, 0x29, 0x86, 0xdc, 0xff,
    0x29, 0x86, 0xdc, 0xff, 0x29, 0x86, 0xdc, 0xff, 0x29, 0x86, 0xdc, 0xff, 0x29, 0x86, 0xdc, 0xff,
    0x29, 0x86, 0xdc, 0xff, 0x29, 0x86, 0xdc, 0xff, 0x29, 0x86, 0xdc, 0xff, 0x29, 0x86, 0xdc, 0xff,
    0x29, 0x86, 0xdc, 0xff, 0x29, 0x86, 0xdc, 0xff, 0x29, 0x86, 0xdc, 0xff, 0x29, 0x86, 0xdc, 0xff,
    0x29, 0x86, 0xdc, 0xff, 0x29, 0x86, 0xdc, 0xff, 0x29, 0x86, 0xdc, 0xff, 0x29, 0x86, 0xdc, 0xff,
    0x29, 0x86, 0xdc, 0xff, 0x47, 0x97, 0xe1, 0xff, 0xf5, 0xf9, 0xfd, 0xff, 0xff, 0xff, 0xff, 0xff,
    0xff, 0xff, 0xff, 0xff, 0xff, 0xff, 0xff, 0xff, 0xff, 0xff, 0xff, 0xff, 0xff, 0xff, 0xff, 0xff,
    0xff, 0xff, 0xff, 0xff, 0xff, 0xff, 0xff, 0xff, 0xff, 0xff, 0xff, 0xff, 0xff, 0xff, 0xff, 0xff,
    0xf8, 0xfb, 0xfe, 0xff, 0x79, 0xb3, 0xe9, 0xff, 0x29, 0x86, 0xdc, 0xff, 0x29, 0x86, 0xdc, 0xff,
    0x29, 0x86, 0xdc, 0xff, 0x29, 0x86, 0xdc, 0xff, 0x29, 0x86, 0xdc, 0xff, 0x29, 0x86, 0xdc, 0xff,
    0x29, 0x86, 0xdc, 0xff, 0x29, 0x86, 0xdc, 0xff, 0x29, 0x86, 0xdc, 0xff, 0x29, 0x86, 0xdc, 0xff,
    0x29, 0x86, 0xdc, 0xff, 0x29, 0x86, 0xdc, 0xff, 0x29, 0x86, 0xdc, 0xff, 0x29, 0x86, 0xdc, 0xff,
    0x29, 0x86, 0xdc, 0xff, 0x29, 0x86, 0xdc, 0xff, 0x29, 0x86, 0xdc, 0xff, 0x29, 0x86, 0xdc, 0xff,
    0x29, 0x86, 0xdc, 0xff, 0x29, 0x86, 0xdc, 0xff, 0x29, 0x86, 0xdc, 0xff, 0x29, 0x86, 0xdc, 0xff,
    0x29, 0x86, 0xdc, 0xff, 0x29, 0x86, 0xdc, 0xff, 0x29, 0x86, 0xdc, 0xff, 0x29, 0x86, 0xdc, 0xff,
    0x29, 0x86, 0xdc, 0xff, 0x29, 0x86, 0xdc, 0xff, 0x29, 0x86, 0xdc, 0xff, 0x29, 0x86, 0xdc, 0xff,
    0x29, 0x86, 0xdc, 0xff, 0x29, 0x86, 0xdc, 0xff, 0x79, 0xb3, 0xe9, 0xff, 0xf8, 0xfb, 0xfe, 0xff,
    0xff, 0xff, 0xff, 0xff, 0xff, 0xff, 0xff, 0xff, 0xff, 0xff, 0xff, 0xff, 0xff, 0xff, 0xff, 0xff,
    0xff, 0xff, 0xff, 0xff, 0xff, 0xff, 0xff, 0xff, 0xff, 0xff, 0xff, 0xff, 0xff, 0xff, 0xff, 0xff,
    0xff, 0xff, 0xff, 0xff, 0xf5, 0xf9, 0xfd, 0xff, 0x47, 0x97, 0xe1, 0xff, 0x29, 0x86, 0xdc, 0xff,
    0x29, 0x86, 0xdc, 0xff, 0x29, 0x86, 0xdc, 0xff, 0x29, 0x86, 0xdc, 0xff, 0x29, 0x86, 0xdc, 0xff,
    0x29, 0x86, 0xdc, 0xff, 0x29, 0x86, 0xdc, 0xff, 0x29, 0x86, 0xdc, 0xff, 0x29, 0x86, 0xdc, 0xff,
    0x29, 0x86, 0xdc, 0xff, 0x29, 0x86, 0xdc, 0xff, 0x29, 0x86, 0xdc, 0xff, 0x29, 0x86, 0xdc, 0xff,
    0x29, 0x86, 0xdc, 0xff, 0x29, 0x86, 0xdc, 0xff, 0x29, 0x86, 0xdc, 0xff, 0x29, 0x86, 0xdc, 0xff,
    0x29, 0x86, 0xdc, 0xff, 0x29, 0x86, 0xdc, 0xff, 0x29, 0x86, 0xdc, 0xff, 0x29, 0x86, 0xdc, 0xff,
    0x29, 0x86, 0xdc, 0xff, 0x29, 0x86, 0xdc, 0xff, 0x29, 0x86, 0xdc, 0xff, 0x29, 0x86, 0xdc, 0xff,
    0x29, 0x86, 0xdc, 0xff, 0x29, 0x86, 0xdc, 0xff, 0x29, 0x86, 0xdc, 0xff, 0x29, 0x86, 0xdc, 0xff,
    0x29, 0x86, 0xdc, 0xff, 0x29, 0x86, 0xdc, 0xff, 0x29, 0x86, 0xdc, 0xff, 0x29, 0x86, 0xdc, 0xff,
    0x29, 0x86, 0xdc, 0xff, 0x29, 0x86, 0xdc, 0xff, 0x29, 0x86, 0xdc, 0xff, 0x29, 0x86, 0xdc, 0xff,
    0x29, 0x86, 0xdc, 0xff, 0x29, 0x86, 0xdc, 0xff, 0x29, 0x86, 0xdc, 0xff, 0x29, 0x86, 0xdc, 0xff,
    0x29, 0x86, 0xdc, 0xff, 0x29, 0x86, 0xdc, 0xff, 0x29, 0x86, 0xdc, 0xff, 0x29, 0x86, 0xdc, 0xff,
    0x29, 0x86, 0xdc, 0xff, 0x29, 0x86, 0xdc, 0xff, 0x29, 0x86, 0xdc, 0xff, 0x29, 0x86, 0xdc, 0xff,
    0x29, 0x86, 0xdc, 0xff, 0x29, 0x86, 0xdc, 0xff, 0x29, 0x86, 0xdc, 0xff, 0x29, 0x86, 0xdc, 0xff,
    0x29, 0x86, 0xdc, 0xff, 0x29, 0x86, 0xdc, 0xff, 0x29, 0x86, 0xdc, 0xff, 0x29, 0x86, 0xdc, 0xff,
    0x29, 0x86, 0xdc, 0xff, 0x29, 0x86, 0xdc, 0xff, 0x29, 0x86, 0xdc, 0xff, 0x29, 0x86, 0xdc, 0xff,
    0x29, 0x86, 0xdc, 0xff, 0x29, 0x86, 0xdc, 0xff, 0x29, 0x86, 0xdc, 0xff, 0x29, 0x86, 0xdc, 0xff,
    0x29, 0x86, 0xdc, 0xff, 0x29, 0x86, 0xdc, 0xff, 0x29, 0x86, 0xdc, 0xff, 0x29, 0x86, 0xdc, 0xff,
    0x29, 0x86, 0xdc, 0xff, 0x29, 0x86, 0xdc, 0xff, 0x29, 0x86, 0xdc, 0xff, 0x29, 0x86, 0xdc, 0xff,
    0x65, 0xa8, 0xe5, 0xff, 0xfb, 0xfd, 0xfe, 0xff, 0xff, 0xff, 0xff, 0xff, 0xff, 0xff, 0xff, 0xff,
    0xff, 0xff, 0xff, 0xff, 0xff, 0xff, 0xff, 0xff, 0xff, 0xff, 0xff, 0xff, 0xff, 0xff, 0xff, 0xff,
    0xff, 0xff, 0xff, 0xff, 0xff, 0xff, 0xff, 0xff, 0xff, 0xff, 0xff, 0xff, 0xff, 0xff, 0xff, 0xff,
    0xb5, 0xd5, 0xf3, 0xff, 0x3d, 0x91, 0xdf, 0xff, 0x29, 0x86, 0xdc, 0xff, 0x29, 0x86, 0xdc, 0xff,
    0x29, 0x86, 0xdc, 0xff, 0x29, 0x86, 0xdc, 0xff, 0x29, 0x86, 0xdc, 0xff, 0x29, 0x86, 0xdc, 0xff,
    0x29, 0x86, 0xdc, 0xff, 0x29, 0x86, 0xdc, 0xff, 0x29, 0x86, 0xdc, 0xff, 0x29, 0x86, 0xdc, 0xff,
    0x29, 0x86, 0xdc, 0xff, 0x29, 0x86, 0xdc, 0xff, 0x29, 0x86, 0xdc, 0xff, 0x29, 0x86, 0xdc, 0xff,
    0x29, 0x86, 0xdc, 0xff, 0x29, 0x86, 0xdc, 0xff, 0x29, 0x86, 0xdc, 0xff, 0x29, 0x86, 0xdc, 0xff,
    0x29, 0x86, 0xdc, 0xff, 0x29, 0x86, 0xdc, 0xff, 0x29, 0x86, 0xdc, 0xff, 0x29, 0x86, 0xdc, 0xff,
    0x29, 0x86, 0xdc, 0xff, 0x29, 0x86, 0xdc, 0xff, 0x29, 0x86, 0xdc, 0xff, 0x29, 0x86, 0xdc, 0xff,
    0x29, 0x86, 0xdc, 0xff, 0x29, 0x86, 0xdc, 0xff, 0x40, 0x93, 0xdf, 0xff, 0xbf, 0xdb, 0xf4, 0xff,
    0xff, 0xff, 0xff, 0xff, 0xff, 0xff, 0xff, 0xff, 0xff, 0xff, 0xff, 0xff, 0xff, 0xff, 0xff, 0xff,
    0xff, 0xff, 0xff, 0xff, 0xff, 0xff, 0xff, 0xff, 0xff, 0xff, 0xff, 0xff, 0xff, 0xff, 0xff, 0xff,
    0xff, 0xff, 0xff, 0xff, 0xff, 0xff, 0xff, 0xff, 0xfb, 0xfd, 0xfe, 0xff, 0x65, 0xa8, 0xe6, 0xff,
    0x29, 0x86, 0xdc, 0xff, 0x29, 0x86, 0xdc, 0xff, 0x29, 0x86, 0xdc, 0xff, 0x29, 0x86, 0xdc, 0xff,
    0x29, 0x86, 0xdc, 0xff, 0x29, 0x86, 0xdc, 0xff, 0x29, 0x86, 0xdc, 0xff, 0x29, 0x86, 0xdc, 0xff,
    0x29, 0x86, 0xdc, 0xff, 0x29, 0x86, 0xdc, 0xff, 0x29, 0x86, 0xdc, 0xff, 0x29, 0x86, 0xdc, 0xff,
    0x29, 0x86, 0xdc, 0xff, 0x29, 0x86, 0xdc, 0xff, 0x29, 0x86, 0xdc, 0xff, 0x29, 0x86, 0xdc, 0xff,
    0x29, 0x86, 0xdc, 0xff, 0x29, 0x86, 0xdc, 0xff, 0x29, 0x86, 0xdc, 0xff, 0x29, 0x86, 0xdc, 0xff,
    0x29, 0x86, 0xdc, 0xff, 0x29, 0x86, 0xdc, 0xff, 0x29, 0x86, 0xdc, 0xff, 0x29, 0x86, 0xdc, 0xff,
    0x29, 0x86, 0xdc, 0xff, 0x29, 0x86, 0xdc, 0xff, 0x29, 0x86, 0xdc, 0xff, 0x29, 0x86, 0xdc, 0xff,
    0x29, 0x86, 0xdc, 0xff, 0x29, 0x86, 0xdc, 0xff, 0x29, 0x86, 0xdc, 0xff, 0x29, 0x86, 0xdc, 0xff,
    0x29, 0x86, 0xdc, 0xff, 0x29, 0x86, 0xdc, 0xff, 0x29, 0x86, 0xdc, 0xff, 0x29, 0x86, 0xdc, 0xff,
    0x29, 0x86, 0xdc, 0xff, 0x29, 0x86, 0xdc, 0xff, 0x29, 0x86, 0xdc, 0xff, 0x29, 0x86, 0xdc, 0xff,
    0x29, 0x86, 0xdc, 0xff, 0x29, 0x86, 0xdc, 0xff, 0x29, 0x86, 0xdc, 0xff, 0x29, 0x86, 0xdc, 0xff,
    0x29, 0x86, 0xdc, 0xff, 0x29, 0x86, 0xdc, 0xff, 0x29, 0x86, 0xdc, 0xff, 0x29, 0x86, 0xdc, 0xff,
    0x29, 0x86, 0xdc, 0xff, 0x29, 0x86, 0xdc, 0xff, 0x29, 0x86, 0xdc, 0xff, 0x29, 0x86, 0xdc, 0xff,
    0x29, 0x86, 0xdc, 0xff, 0x29, 0x86, 0xdc, 0xff, 0x29, 0x86, 0xdc, 0xff, 0x29, 0x86, 0xdc, 0xff,
    0x29, 0x86, 0xdc, 0xff, 0x29, 0x86, 0xdc, 0xff, 0x29, 0x86, 0xdc, 0xff, 0x29, 0x86, 0xdc, 0xff,
    0x29, 0x86, 0xdc, 0xff, 0x29, 0x86, 0xdc, 0xff, 0x29, 0x86, 0xdc, 0xff, 0x29, 0x86, 0xdc, 0xff,
    0x29, 0x86, 0xdc, 0xff, 0x29, 0x86, 0xdc, 0xff, 0x29, 0x86, 0xdc, 0xff, 0x29, 0x86, 0xdc, 0xff,
    0x29, 0x86, 0xdc, 0xff, 0x29, 0x86, 0xdc, 0xff, 0x29, 0x86, 0xdc, 0xff, 0x29, 0x86, 0xdc, 0xff,
    0x29, 0x86, 0xdc, 0xff, 0x29, 0x86, 0xdc, 0xff, 0x29, 0x86, 0xdc, 0xff, 0x79, 0xb3, 0xe9, 0xff,
    0xff, 0xff, 0xff, 0xff, 0xff, 0xff, 0xff, 0xff, 0xff, 0xff, 0xff, 0xff, 0xff, 0xff, 0xff, 0xff,
    0xff, 0xff, 0xff, 0xff, 0xff, 0xff, 0xff, 0xff, 0xff, 0xff, 0xff, 0xff, 0xff, 0xff, 0xff, 0xff,
    0xff, 0xff, 0xff, 0xff, 0xff, 0xff, 0xff, 0xff, 0xff, 0xff, 0xff, 0xff, 0xf8, 0xfb, 0xfe, 0xff,
    0x86, 0xbb, 0xeb, 0xff, 0x2f, 0x89, 0xdd, 0xff, 0x29, 0x86, 0xdc, 0xff, 0x29, 0x86, 0xdc, 0xff,
    0x29, 0x86, 0xdc, 0xff, 0x29, 0x86, 0xdc, 0xff, 0x29, 0x86, 0xdc, 0xff, 0x29, 0x86, 0xdc, 0xff,
    0x29, 0x86, 0xdc, 0xff, 0x29, 0x86, 0xdc, 0xff, 0x29, 0x86, 0xdc, 0xff, 0x29, 0x86, 0xdc, 0xff,
    0x29, 0x86, 0xdc, 0xff, 0x29, 0x86, 0xdc, 0xff, 0x29, 0x86, 0xdc, 0xff, 0x29, 0x86, 0xdc, 0xff,
    0x29, 0x86, 0xdc, 0xff, 0x29, 0x86, 0xdc, 0xff, 0x29, 0x86, 0xdc, 0xff, 0x29, 0x86, 0xdc, 0xff,
    0x29, 0x86, 0xdc, 0xff, 0x29, 0x86, 0xdc, 0xff, 0x29, 0x86, 0xdc, 0xff, 0x29, 0x86, 0xdc, 0xff,
    0x29, 0x86, 0xdc, 0xff, 0x29, 0x86, 0xdc, 0xff, 0x2f, 0x89, 0xdd, 0xff, 0x90, 0xc0, 0xed, 0xff,
    0xf1, 0xf7, 0xfc, 0xff, 0xff, 0xff, 0xff, 0xff, 0xff, 0xff, 0xff, 0xff, 0xff, 0xff, 0xff, 0xff,
    0xff, 0xff, 0xff, 0xff, 0xff, 0xff, 0xff, 0xff, 0xff, 0xff, 0xff, 0xff, 0xff, 0xff, 0xff, 0xff,
    0xff, 0xff, 0xff, 0xff, 0xff, 0xff, 0xff, 0xff, 0xff, 0xff, 0xff, 0xff, 0xff, 0xff, 0xff, 0xff,
    0x79, 0xb3, 0xe9, 0xff, 0x29, 0x86, 0xdc, 0xff, 0x29, 0x86, 0xdc, 0xff, 0x29, 0x86, 0xdc, 0xff,
    0x29, 0x86, 0xdc, 0xff, 0x29, 0x86, 0xdc, 0xff, 0x29, 0x86, 0xdc, 0xff, 0x29, 0x86, 0xdc, 0xff,
    0x29, 0x86, 0xdc, 0xff, 0x29, 0x86, 0xdc, 0xff, 0x29, 0x86, 0xdc, 0xff, 0x29, 0x86, 0xdc, 0xff,
    0x29, 0x86, 0xdc, 0xff, 0x29, 0x86, 0xdc, 0xff, 0x29, 0x86, 0xdc, 0xff, 0x29, 0x86, 0xdc, 0xff,
    0x29, 0x86, 0xdc, 0xff, 0x29, 0x86, 0xdc, 0xff, 0x29, 0x86, 0xdc, 0xff, 0x29, 0x86, 0xdc, 0xff,
    0x29, 0x86, 0xdc, 0xff, 0x29, 0x86, 0xdc, 0xff, 0x29, 0x86, 0xdc, 0xff, 0x29, 0x86, 0xdc, 0xff,
    0x29, 0x86, 0xdc, 0xff, 0x29, 0x86, 0xdc, 0xff, 0x29, 0x86, 0xdc, 0xff, 0x29, 0x86, 0xdc, 0xff,
    0x29, 0x86, 0xdc, 0xff, 0x29, 0x86, 0xdc, 0xff, 0x29, 0x86, 0xdc, 0xff, 0x29, 0x86, 0xdc, 0xff,
    0x29, 0x86, 0xdc, 0xff, 0x29, 0x86, 0xdc, 0xff, 0x29, 0x86, 0xdc, 0xff, 0x29, 0x86, 0xdc, 0xff,
    0x29, 0x86, 0xdc, 0xff, 0x29, 0x86, 0xdc, 0xff, 0x29, 0x86, 0xdc, 0xff, 0x29, 0x86, 0xdc, 0xff,
    0x29, 0x86, 0xdc, 0xff, 0x29, 0x86, 0xdc, 0xff, 0x29, 0x86, 0xdc, 0xff, 0x29, 0x86, 0xdc, 0xff,
    0x29, 0x86, 0xdc, 0xff, 0x29, 0x86, 0xdc, 0xff, 0x29, 0x86, 0xdc, 0xff, 0x29, 0x86, 0xdc, 0xff,
    0x29, 0x86, 0xdc, 0xff, 0x29, 0x86, 0xdc, 0xff, 0x29, 0x86, 0xdc, 0xff, 0x29, 0x86, 0xdc, 0xff,
    0x29, 0x86, 0xdc, 0xff, 0x29, 0x86, 0xdc, 0xff, 0x29, 0x86, 0xdc, 0xff, 0x29, 0x86, 0xdc, 0xff,
    0x29, 0x86, 0xdc, 0xff, 0x29, 0x86, 0xdc, 0xff, 0x29, 0x86, 0xdc, 0xff, 0x29, 0x86, 0xdc, 0xff,
    0x29, 0x86, 0xdc, 0xff, 0x29, 0x86, 0xdc, 0xff, 0x29, 0x86, 0xdc, 0xff, 0x29, 0x86, 0xdc, 0xff,
    0x29, 0x86, 0xdc, 0xff, 0x29, 0x86, 0xdc, 0xff, 0x29, 0x86, 0xdc, 0xff, 0x29, 0x86, 0xdc, 0xff,
    0x29, 0x86, 0xdc, 0xff, 0x29, 0x86, 0xdc, 0xff, 0x29, 0x86, 0xdc, 0xff, 0x29, 0x86, 0xdc, 0xff,
    0x29, 0x86, 0xdc, 0xff, 0x29, 0x86, 0xdc, 0xff, 0x29, 0x86, 0xdc, 0xff, 0x29, 0x86, 0xdc, 0xff,
    0x29, 0x86, 0xdc, 0xff, 0x29, 0x86, 0xdc, 0xff, 0x87, 0xba, 0xeb, 0xff, 0xff, 0xff, 0xff, 0xff,
    0xff, 0xff, 0xff, 0xff, 0xff, 0xff, 0xff, 0xff, 0xff, 0xff, 0xff, 0xff, 0xff, 0xff, 0xff, 0xff,
    0xff, 0xff, 0xff, 0xff, 0xff, 0xff, 0xff, 0xff, 0xff, 0xff, 0xff, 0xff, 0xff, 0xff, 0xff, 0xff,
    0xff, 0xff, 0xff, 0xff, 0xff, 0xff, 0xff, 0xff, 0xff, 0xff, 0xff, 0xff, 0xeb, 0xf3, 0xfb, 0xff,
    0x8a, 0xbc, 0xec, 0xff, 0x36, 0x8d, 0xde, 0xff, 0x29, 0x86, 0xdc, 0xff, 0x29, 0x86, 0xdc, 0xff,
    0x29, 0x86, 0xdc, 0xff, 0x29, 0x86, 0xdc, 0xff, 0x29, 0x86, 0xdc, 0xff, 0x29, 0x86, 0xdc, 0xff,
    0x29, 0x86, 0xdc, 0xff, 0x29, 0x86, 0xdc, 0xff, 0x29, 0x86, 0xdc, 0xff, 0x29, 0x86, 0xdc, 0xff,
    0x29, 0x86, 0xdc, 0xff, 0x29, 0x86, 0xdc, 0xff, 0x29, 0x86, 0xdc, 0xff, 0x29, 0x86, 0xdc, 0xff,
    0x29, 0x86, 0xdc, 0xff, 0x29, 0x86, 0xdc, 0xff, 0x29, 0x86, 0xdc, 0xff, 0x29, 0x86, 0xdc, 0xff,
    0x29, 0x86, 0xdc, 0xff, 0x29, 0x86, 0xdc, 0xff, 0x36, 0x8d, 0xde, 0xff, 0x90, 0xc0, 0xed, 0xff,
    0xeb, 0xf3, 0xfb, 0xff, 0xff, 0xff, 0xff, 0xff, 0xff, 0xff, 0xff, 0xff, 0xff, 0xff, 0xff, 0xff,
    0xff, 0xff, 0xff, 0xff, 0xff, 0xff, 0xff, 0xff, 0xff, 0xff, 0xff, 0xff, 0xff, 0xff, 0xff, 0xff,
    0xff, 0xff, 0xff, 0xff, 0xff, 0xff, 0xff, 0xff, 0xff, 0xff, 0xff, 0xff, 0xff, 0xff, 0xff, 0xff,
    0xff, 0xff, 0xff, 0xff, 0x86, 0xba, 0xeb, 0xff, 0x29, 0x86, 0xdc, 0xff, 0x29, 0x86, 0xdc, 0xff,
    0x29, 0x86, 0xdc, 0xff, 0x29, 0x86, 0xdc, 0xff, 0x29, 0x86, 0xdc, 0xff, 0x29, 0x86, 0xdc, 0xff,
    0x29, 0x86, 0xdc, 0xff, 0x29, 0x86, 0xdc, 0xff, 0x29, 0x86, 0xdc, 0xff, 0x29, 0x86, 0xdc, 0xff,
    0x29, 0x86, 0xdc, 0xff, 0x29, 0x86, 0xdc, 0xff, 0x29, 0x86, 0xdc, 0xff, 0x29, 0x86, 0xdc, 0xff,
    0x29, 0x86, 0xdc, 0xff, 0x29, 0x86, 0xdc, 0xff, 0x29, 0x86, 0xdc, 0xff, 0x29, 0x86, 0xdc, 0xff,
    0x29, 0x86, 0xdc, 0xff, 0x29, 0x86, 0xdc, 0xff, 0x29, 0x86, 0xdc, 0xff, 0x29, 0x86, 0xdc, 0xff,
    0x29, 0x86, 0xdc, 0xff, 0x29, 0x86, 0xdc, 0xff, 0x29, 0x86, 0xdc, 0xff, 0x29, 0x86, 0xdc, 0xff,
    0x29, 0x86, 0xdc, 0xff, 0x29, 0x86, 0xdc, 0xff, 0x29, 0x86, 0xdc, 0xff, 0x29, 0x86, 0xdc, 0xff,
    0x29, 0x86, 0xdc, 0xff, 0x29, 0x86, 0xdc, 0xff, 0x29, 0x86, 0xdc, 0xff, 0x29, 0x86, 0xdc, 0xff,
    0x29, 0x86, 0xdc, 0xff, 0x29, 0x86, 0xdc, 0xff, 0x29, 0x86, 0xdc, 0xff, 0x29, 0x86, 0xdc, 0xff,
    0x29, 0x86, 0xdc, 0xff, 0x29, 0x86, 0xdc, 0xff, 0x29, 0x86, 0xdc, 0xff, 0x29, 0x86, 0xdc, 0xff,
    0x29, 0x86, 0xdc, 0xff, 0x29, 0x86, 0xdc, 0xff, 0x29, 0x86, 0xdc, 0xff, 0x29, 0x86, 0xdc, 0xff,
    0x29, 0x86, 0xdc, 0xff, 0x29, 0x86, 0xdc, 0xff, 0x29, 0x86, 0xdc, 0xff, 0x29, 0x86, 0xdc, 0xff,
    0x29, 0x86, 0xdc, 0xff, 0x29, 0x86, 0xdc, 0xff, 0x29, 0x86, 0xdc, 0xff, 0x29, 0x86, 0xdc, 0xff,
    0x29, 0x86, 0xdc, 0xff, 0x29, 0x86, 0xdc, 0xff, 0x29, 0x86, 0xdc, 0xff, 0x29, 0x86, 0xdc, 0xff,
    0x29, 0x86, 0xdc, 0xff, 0x29, 0x86, 0xdc, 0xff, 0x29, 0x86, 0xdc, 0xff, 0x29, 0x86, 0xdc, 0xff,
    0x29, 0x86, 0xdc, 0xff, 0x29, 0x86, 0xdc, 0xff, 0x29, 0x86, 0xdc, 0xff, 0x29, 0x86, 0xdc, 0xff,
    0x29, 0x86, 0xdc, 0xff, 0x29, 0x86, 0xdc, 0xff, 0x29, 0x86, 0xdc, 0xff, 0x29, 0x86, 0xdc, 0xff,
    0x29, 0x86, 0xdc, 0xff, 0x29, 0x86, 0xdc, 0xff, 0x29, 0x86, 0xdc, 0xff, 0x29, 0x86, 0xdc, 0xff,
    0x29, 0x86, 0xdc, 0xff, 0x29, 0x86, 0xdc, 0xff, 0x29, 0x86, 0xdc, 0xff, 0x29, 0x86, 0xdc, 0xff,
    0x29, 0x86, 0xdc, 0xff, 0x79, 0xb3, 0xe9, 0xff, 0xfb, 0xfd, 0xfe, 0xff, 0xff, 0xff, 0xff, 0xff,
    0xff, 0xff, 0xff, 0xff, 0xff, 0xff, 0xff, 0xff, 0xff, 0xff, 0xff, 0xff, 0xff, 0xff, 0xff, 0xff,
    0xff, 0xff, 0xff, 0xff, 0xff, 0xff, 0xff, 0xff, 0xff, 0xff, 0xff, 0xff, 0xff, 0xff, 0xff, 0xff,
    0xff, 0xff, 0xff, 0xff, 0xff, 0xff, 0xff, 0xff, 0xff, 0xff, 0xff, 0xff, 0xf8, 0xfb, 0xfe, 0xff,
    0xb2, 0xd3, 0xf2, 0xff, 0x68, 0xaa, 0xe6, 0xff, 0x33, 0x8b, 0xdd, 0xff, 0x29, 0x86, 0xdc, 0xff,
    0x29, 0x86, 0xdc, 0xff, 0x29, 0x86, 0xdc, 0xff, 0x29, 0x86, 0xdc, 0xff, 0x29, 0x86, 0xdc, 0xff,
    0x29, 0x86, 0xdc, 0xff, 0x29, 0x86, 0xdc, 0xff, 0x29, 0x86, 0xdc, 0xff, 0x29, 0x86, 0xdc, 0xff,
    0x29, 0x86, 0xdc, 0xff, 0x29, 0x86, 0xdc, 0xff, 0x29, 0x86, 0xdc, 0xff, 0x29, 0x86, 0xdc, 0xff,
    0x29, 0x86, 0xdc, 0xff, 0x33, 0x8b, 0xdd, 0xff, 0x6b, 0xac, 0xe6, 0xff, 0xb5, 0xd5, 0xf3, 0xff,
    0xfb, 0xfd, 0xfe, 0xff, 0xff, 0xff, 0xff, 0xff, 0xff, 0xff, 0xff, 0xff, 0xff, 0xff, 0xff, 0xff,
    0xff, 0xff, 0xff, 0xff, 0xff, 0xff, 0xff, 0xff, 0xff, 0xff, 0xff, 0xff, 0xff, 0xff, 0xff, 0xff,
    0xff, 0xff, 0xff, 0xff, 0xff, 0xff, 0xff, 0xff, 0xff, 0xff, 0xff, 0xff, 0xff, 0xff, 0xff, 0xff,
    0xff, 0xff, 0xff, 0xff, 0xfb, 0xfd, 0xfe, 0xff, 0x79, 0xb3, 0xe9, 0xff, 0x29, 0x86, 0xdc, 0xff,
    0x29, 0x86, 0xdc, 0xff, 0x29, 0x86, 0xdc, 0xff, 0x29, 0x86, 0xdc, 0xff, 0x29, 0x86, 0xdc, 0xff,
    0x29, 0x86, 0xdc, 0xff, 0x29, 0x86, 0xdc, 0xff, 0x29, 0x86, 0xdc, 0xff, 0x29, 0x86, 0xdc, 0xff,
    0x29, 0x86, 0xdc, 0xff, 0x29, 0x86, 0xdc, 0xff, 0x29, 0x86, 0xdc, 0xff, 0x29, 0x86, 0xdc, 0xff,
    0x29, 0x86, 0xdc, 0xff, 0x29, 0x86, 0xdc, 0xff, 0x29, 0x86, 0xdc, 0xff, 0x29, 0x86, 0xdc, 0xff,
    0x29, 0x86, 0xdc, 0xff, 0x29, 0x86, 0xdc, 0xff, 0x29, 0x86, 0xdc, 0xff, 0x29, 0x86, 0xdc, 0xff,
    0x29, 0x86, 0xdc, 0xff, 0x29, 0x86, 0xdc, 0xff, 0x29, 0x86, 0xdc, 0xff, 0x29, 0x86, 0xdc, 0xff,
    0x29, 0x86, 0xdc, 0xff, 0x29, 0x86, 0xdc, 0xff, 0x29, 0x86, 0xdc, 0xff, 0x29, 0x86, 0xdc, 0xff,
    0x29, 0x86, 0xdc, 0xff, 0x29, 0x86, 0xdc, 0xff, 0x29, 0x86, 0xdc, 0xff, 0x29, 0x86, 0xdc, 0xff,
    0x29, 0x86, 0xdc, 0xff, 0x29, 0x86, 0xdc, 0xff, 0x29, 0x86, 0xdc, 0xff, 0x29, 0x86, 0xdc, 0xff,
    0x29, 0x86, 0xdc, 0xff, 0x29, 0x86, 0xdc, 0xff, 0x29, 0x86, 0xdc, 0xff, 0x29, 0x86, 0xdc, 0xff,
    0x29, 0x86, 0xdc, 0xff, 0x29, 0x86, 0xdc, 0xff, 0x29, 0x86, 0xdc, 0xff, 0x29, 0x86, 0xdc, 0xff,
    0x29, 0x86, 0xdc, 0xff, 0x29, 0x86, 0xdc, 0xff, 0x29, 0x86, 0xdc, 0xff, 0x29, 0x86, 0xdc, 0xff,
    0x29, 0x86, 0xdc, 0xff, 0x29, 0x86, 0xdc, 0xff, 0x29, 0x86, 0xdc, 0xff, 0x29, 0x86, 0xdc, 0xff,
    0x29, 0x86, 0xdc, 0xff, 0x29, 0x86, 0xdc, 0xff, 0x29, 0x86, 0xdc, 0xff, 0x29, 0x86, 0xdc, 0xff,
    0x29, 0x86, 0xdc, 0xff, 0x29, 0x86, 0xdc, 0xff, 0x29, 0x86, 0xdc, 0xff, 0x29, 0x86, 0xdc, 0xff,
    0x29, 0x86, 0xdc, 0xff, 0x29, 0x86, 0xdc, 0xff, 0x29, 0x86, 0xdc, 0xff, 0x29, 0x86, 0xdc, 0xff,
    0x29, 0x86, 0xdc, 0xff, 0x29, 0x86, 0xdc, 0xff, 0x29, 0x86, 0xdc, 0xff, 0x29, 0x86, 0xdc, 0xff,
    0x29, 0x86, 0xdc, 0xff, 0x29, 0x86, 0xdc, 0xff, 0x29, 0x86, 0xdc, 0xff, 0x29, 0x86, 0xdc, 0xff,
    0x29, 0x86, 0xdc, 0xff, 0x29, 0x86, 0xdc, 0xff, 0x29, 0x86, 0xdc, 0xff, 0x29, 0x86, 0xdc, 0xff,
    0x29, 0x86, 0xdc, 0xff, 0x29, 0x86, 0xdc, 0xff, 0x29, 0x86, 0xdc, 0xff, 0x29, 0x86, 0xdc, 0xff,
    0x65, 0xa8, 0xe5, 0xff, 0xf5, 0xf9, 0xfd, 0xff, 0xff, 0xff, 0xff, 0xff, 0xff, 0xff, 0xff, 0xff,
    0xff, 0xff, 0xff, 0xff, 0xff, 0xff, 0xff, 0xff, 0xff, 0xff, 0xff, 0xff, 0xff, 0xff, 0xff, 0xff,
    0xff, 0xff, 0xff, 0xff, 0xff, 0xff, 0xff, 0xff, 0xff, 0xff, 0xff, 0xff, 0xff, 0xff, 0xff, 0xff,
    0xff, 0xff, 0xff, 0xff, 0xff, 0xff, 0xff, 0xff, 0xff, 0xff, 0xff, 0xff, 0xff, 0xff, 0xff, 0xff,
    0xf8, 0xfb, 0xfe, 0xff, 0xc9, 0xe0, 0xf6, 0xff, 0x9e, 0xc8, 0xef, 0xff, 0x79, 0xb3, 0xe9, 0xff,
    0x58, 0xa0, 0xe3, 0xff, 0x40, 0x93, 0xe0, 0xff, 0x33, 0x8b, 0xdd, 0xff, 0x29, 0x86, 0xdc, 0xff,
    0x29, 0x86, 0xdc, 0xff, 0x33, 0x8b, 0xdd, 0xff, 0x3d, 0x91, 0xdf, 0xff, 0x58, 0xa0, 0xe3, 0xff,
    0x75, 0xb1, 0xe8, 0xff, 0x9a, 0xc6, 0xee, 0xff, 0xcc, 0xe2, 0xf6, 0xff, 0xfb, 0xfd, 0xfe, 0xff,
    0xff, 0xff, 0xff, 0xff, 0xff, 0xff, 0xff, 0xff, 0xff, 0xff, 0xff, 0xff, 0xff, 0xff, 0xff, 0xff,
    0xff, 0xff, 0xff, 0xff, 0xff, 0xff, 0xff, 0xff, 0xff, 0xff, 0xff, 0xff, 0xff, 0xff, 0xff, 0xff,
    0xff, 0xff, 0xff, 0xff, 0xff, 0xff, 0xff, 0xff, 0xff, 0xff, 0xff, 0xff, 0xff, 0xff, 0xff, 0xff,
    0xff, 0xff, 0xff, 0xff, 0xff, 0xff, 0xff, 0xff, 0xf5, 0xf9, 0xfd, 0xff, 0x65, 0xa8, 0xe6, 0xff,
    0x29, 0x86, 0xdc, 0xff, 0x29, 0x86, 0xdc, 0xff, 0x29, 0x86, 0xdc, 0xff, 0x29, 0x86, 0xdc, 0xff,
    0x29, 0x86, 0xdc, 0xff, 0x29, 0x86, 0xdc, 0xff, 0x29, 0x86, 0xdc, 0xff, 0x29, 0x86, 0xdc, 0xff,
    0x29, 0x86, 0xdc, 0xff, 0x29, 0x86, 0xdc, 0xff, 0x29, 0x86, 0xdc, 0xff, 0x29, 0x86, 0xdc, 0xff,
    0x29, 0x86, 0xdc, 0xff, 0x29, 0x86, 0xdc, 0xff, 0x29, 0x86, 0xdc, 0xff, 0x29, 0x86, 0xdc, 0xff,
    0x29, 0x86, 0xdc, 0xff, 0x29, 0x86, 0xdc, 0xff, 0x29, 0x86, 0xdc, 0xff, 0x29, 0x86, 0xdc, 0xff,
    0x29, 0x86, 0xdc, 0xff, 0x29, 0x86, 0xdc, 0xff, 0x29, 0x86, 0xdc, 0xff, 0x29, 0x86, 0xdc, 0xff,
    0x29, 0x86, 0xdc, 0xff, 0x29, 0x86, 0xdc, 0xff, 0x29, 0x86, 0xdc, 0xff, 0x29, 0x86, 0xdc, 0xff,
    0x29, 0x86, 0xdc, 0xff, 0x29, 0x86, 0xdc, 0xff, 0x29, 0x86, 0xdc, 0xff, 0x29, 0x86, 0xdc, 0xff,
    0x29, 0x86, 0xdc, 0xff, 0x29, 0x86, 0xdc, 0xff, 0x29, 0x86, 0xdc, 0xff, 0x29, 0x86, 0xdc, 0xff,
    0x29, 0x86, 0xdc, 0xff, 0x29, 0x86, 0xdc, 0xff, 0x29, 0x86, 0xdc, 0xff, 0x29, 0x86, 0xdc, 0xff,
    0x29, 0x86, 0xdc, 0xff, 0x29, 0x86, 0xdc, 0xff, 0x29, 0x86, 0xdc, 0xff, 0x29, 0x86, 0xdc, 0xff,
    0x29, 0x86, 0xdc, 0xff, 0x29, 0x86, 0xdc, 0xff, 0x29, 0x86, 0xdc, 0xff, 0x29, 0x86, 0xdc, 0xff,
    0x29, 0x86, 0xdc, 0xff, 0x29, 0x86, 0xdc, 0xff, 0x29, 0x86, 0xdc, 0xff, 0x29, 0x86, 0xdc, 0xff,
    0x29, 0x86, 0xdc, 0xff, 0x29, 0x86, 0xdc, 0xff, 0x29, 0x86, 0xdc, 0xff, 0x29, 0x86, 0xdc, 0xff,
    0x29, 0x86, 0xdc, 0xff, 0x29, 0x86, 0xdc, 0xff, 0x29, 0x86, 0xdc, 0xff, 0x29, 0x86, 0xdc, 0xff,
    0x29, 0x86, 0xdc, 0xff, 0x29, 0x86, 0xdc, 0xff, 0x29, 0x86, 0xdc, 0xff, 0x29, 0x86, 0xdc, 0xff,
    0x29, 0x86, 0xdc, 0xff, 0x29, 0x86, 0xdc, 0xff, 0x29, 0x86, 0xdc, 0xff, 0x29, 0x86, 0xdc, 0xff,
    0x29, 0x86, 0xdc, 0xff, 0x29, 0x86, 0xdc, 0xff, 0x29, 0x86, 0xdc, 0xff, 0x29, 0x86, 0xdc, 0xff,
    0x29, 0x86, 0xdc, 0xff, 0x29, 0x86, 0xdc, 0xff, 0x29, 0x86, 0xdc, 0xff, 0x29, 0x86, 0xdc, 0xff,
    0x29, 0x86, 0xdc, 0xff, 0x29, 0x86, 0xdc, 0xff, 0x29, 0x86, 0xdc, 0xff, 0x29, 0x86, 0xdc, 0xff,
    0x29, 0x86, 0xdc, 0xff, 0x29, 0x86, 0xdc, 0xff, 0x29, 0x86, 0xdc, 0xff, 0x47, 0x97, 0xe1, 0xff,
    0xdd, 0xec, 0xf9, 0xff, 0xff, 0xff, 0xff, 0xff, 0xff, 0xff, 0xff, 0xff, 0xff, 0xff, 0xff, 0xff,
    0xff, 0xff, 0xff, 0xff, 0xff, 0xff, 0xff, 0xff, 0xff, 0xff, 0xff, 0xff, 0xff, 0xff, 0xff, 0xff,
    0xff, 0xff, 0xff, 0xff, 0xff, 0xff, 0xff, 0xff, 0xff, 0xff, 0xff, 0xff, 0xff, 0xff, 0xff, 0xff,
    0xff, 0xff, 0xff, 0xff, 0xff, 0xff, 0xff, 0xff, 0xff, 0xff, 0xff, 0xff, 0xff, 0xff, 0xff, 0xff,
    0xff, 0xff, 0xff, 0xff, 0xff, 0xff, 0xff, 0xff, 0xff, 0xff, 0xff, 0xff, 0xff, 0xff, 0xff, 0xff,
    0xff, 0xff, 0xff, 0xff, 0xff, 0xff, 0xff, 0xff, 0xff, 0xff, 0xff, 0xff, 0xff, 0xff, 0xff, 0xff,
    0xff, 0xff, 0xff, 0xff, 0xff, 0xff, 0xff, 0xff, 0xff, 0xff, 0xff, 0xff, 0xff, 0xff, 0xff, 0xff,
    0xff, 0xff, 0xff, 0xff, 0xff, 0xff, 0xff, 0xff, 0xff, 0xff, 0xff, 0xff, 0xff, 0xff, 0xff, 0xff,
    0xff, 0xff, 0xff, 0xff, 0xff, 0xff, 0xff, 0xff, 0xff, 0xff, 0xff, 0xff, 0xff, 0xff, 0xff, 0xff,
    0xff, 0xff, 0xff, 0xff, 0xff, 0xff, 0xff, 0xff, 0xff, 0xff, 0xff, 0xff, 0xff, 0xff, 0xff, 0xff,
    0xff, 0xff, 0xff, 0xff, 0xff, 0xff, 0xff, 0xff, 0xff, 0xff, 0xff, 0xff, 0xdd, 0xec, 0xf9, 0xff,
    0x47, 0x97, 0xe1, 0xff, 0x29, 0x86, 0xdc, 0xff, 0x29, 0x86, 0xdc, 0xff, 0x29, 0x86, 0xdc, 0xff,
    0x29, 0x86, 0xdc, 0xff, 0x29, 0x86, 0xdc, 0xff, 0x29, 0x86, 0xdc, 0xff, 0x29, 0x86, 0xdc, 0xff,
    0x29, 0x86, 0xdc, 0xff, 0x29, 0x86, 0xdc, 0xff, 0x29, 0x86, 0xdc, 0xff, 0x29, 0x86, 0xdc, 0xff,
    0x29, 0x86, 0xdc, 0xff, 0x29, 0x86, 0xdc, 0xff, 0x29, 0x86, 0xdc, 0xff, 0x29, 0x86, 0xdc, 0xff,
    0x29, 0x86, 0xdc, 0xff, 0x29, 0x86, 0xdc, 0xff, 0x29, 0x86, 0xdc, 0xff, 0x29, 0x86, 0xdc, 0xff,
    0x29, 0x86, 0xdc, 0xff, 0x29, 0x86, 0xdc, 0xff, 0x29, 0x86, 0xdc, 0xff, 0x29, 0x86, 0xdc, 0xff,
    0x29, 0x86, 0xdc, 0xff, 0x29, 0x86, 0xdc, 0xff, 0x29, 0x86, 0xdc, 0xff, 0x29, 0x86, 0xdc, 0xff,
    0x29, 0x86, 0xdc, 0xff, 0x29, 0x86, 0xdc, 0xff, 0x29, 0x86, 0xdc, 0xff, 0x29, 0x86, 0xdc, 0xff,
    0x29, 0x86, 0xdc, 0xff, 0x29, 0x86, 0xdc, 0xff, 0x29, 0x86, 0xdc, 0xff, 0x29, 0x86, 0xdc, 0xff,
    0x29, 0x86, 0xdc, 0xff, 0x29, 0x86, 0xdc, 0xff, 0x29, 0x86, 0xdc, 0xff, 0x29, 0x86, 0xdc, 0xff,
    0x29, 0x86, 0xdc, 0xff, 0x29, 0x86, 0xdc, 0xff, 0x29, 0x86, 0xdc, 0xff, 0x29, 0x86, 0xdc, 0xff,
    0x29, 0x86, 0xdc, 0xff, 0x29, 0x86, 0xdc, 0xff, 0x29, 0x86, 0xdc, 0xff, 0x29, 0x86, 0xdc, 0xff,
    0x29, 0x86, 0xdc, 0xff, 0x29, 0x86, 0xdc, 0xff, 0x29, 0x86, 0xdc, 0xff, 0x29, 0x86, 0xdc, 0xff,
    0x29, 0x86, 0xdc, 0xff, 0x29, 0x86, 0xdc, 0xff, 0x29, 0x86, 0xdc, 0xff, 0x29, 0x86, 0xdc, 0xff,
    0x29, 0x86, 0xdc, 0xff, 0x29, 0x86, 0xdc, 0xff, 0x29, 0x86, 0xdc, 0xff, 0x29, 0x86, 0xdc, 0xff,
    0x29, 0x86, 0xdc, 0xff, 0x29, 0x86, 0xdc, 0xff, 0x29, 0x86, 0xdc, 0xff, 0x29, 0x86, 0xdc, 0xff,
    0x29, 0x86, 0xdc, 0xff, 0x29, 0x86, 0xdc, 0xff, 0x29, 0x86, 0xdc, 0xff, 0x29, 0x86, 0xdc, 0xff,
    0x29, 0x86, 0xdc, 0xff, 0x29, 0x86, 0xdc, 0xff, 0x29, 0x86, 0xdc, 0xff, 0x29, 0x86, 0xdc, 0xff,
    0x29, 0x86, 0xdc, 0xff, 0x29, 0x86, 0xdc, 0xff, 0x29, 0x86, 0xdc, 0xff, 0x29, 0x86, 0xdc, 0xff,
    0x29, 0x86, 0xdc, 0xff, 0x29, 0x86, 0xdc, 0xff, 0x29, 0x86, 0xdc, 0xff, 0x29, 0x86, 0xdc, 0xff,
    0x29, 0x86, 0xdc, 0xff, 0x29, 0x86, 0xdc, 0xff, 0x29, 0x86, 0xdc, 0xff, 0x29, 0x86, 0xdc, 0xff,
    0x29, 0x86, 0xdc, 0xff, 0x29, 0x86, 0xdc, 0xff, 0x2f, 0x89, 0xdd, 0xff, 0xa8, 0xcd, 0xf1, 0xff,
    0xff, 0xff, 0xff, 0xff, 0xff, 0xff, 0xff, 0xff, 0xff, 0xff, 0xff, 0xff, 0xff, 0xff, 0xff, 0xff,
    0xff, 0xff, 0xff, 0xff, 0xff, 0xff, 0xff, 0xff, 0xff, 0xff, 0xff, 0xff, 0xff, 0xff, 0xff, 0xff,
    0xff, 0xff, 0xff, 0xff, 0xff, 0xff, 0xff, 0xff, 0xff, 0xff, 0xff, 0xff, 0xff, 0xff, 0xff, 0xff,
    0xff, 0xff, 0xff, 0xff, 0xff, 0xff, 0xff, 0xff, 0xff, 0xff, 0xff, 0xff, 0xff, 0xff, 0xff, 0xff,
    0xff, 0xff, 0xff, 0xff, 0xff, 0xff, 0xff, 0xff, 0xff, 0xff, 0xff, 0xff, 0xff, 0xff, 0xff, 0xff,
    0xff, 0xff, 0xff, 0xff, 0xff, 0xff, 0xff, 0xff, 0xff, 0xff, 0xff, 0xff, 0xff, 0xff, 0xff, 0xff,
    0xff, 0xff, 0xff, 0xff, 0xff, 0xff, 0xff, 0xff, 0xff, 0xff, 0xff, 0xff, 0xff, 0xff, 0xff, 0xff,
    0xff, 0xff, 0xff, 0xff, 0xff, 0xff, 0xff, 0xff, 0xff, 0xff, 0xff, 0xff, 0xff, 0xff, 0xff, 0xff,
    0xff, 0xff, 0xff, 0xff, 0xff, 0xff, 0xff, 0xff, 0xff, 0xff, 0xff, 0xff, 0xff, 0xff, 0xff, 0xff,
    0xff, 0xff, 0xff, 0xff, 0xff, 0xff, 0xff, 0xff, 0xff, 0xff, 0xff, 0xff, 0xff, 0xff, 0xff, 0xff,
    0xab, 0xcf, 0xf1, 0xff, 0x2f, 0x89, 0xdd, 0xff, 0x29, 0x86, 0xdc, 0xff, 0x29, 0x86, 0xdc, 0xff,
    0x29, 0x86, 0xdc, 0xff, 0x29, 0x86, 0xdc, 0xff, 0x29, 0x86, 0xdc, 0xff, 0x29, 0x86, 0xdc, 0xff,
    0x29, 0x86, 0xdc, 0xff, 0x29, 0x86, 0xdc, 0xff, 0x29, 0x86, 0xdc, 0xff, 0x29, 0x86, 0xdc, 0xff,
    0x29, 0x86, 0xdc, 0xff, 0x29, 0x86, 0xdc, 0xff, 0x29, 0x86, 0xdc, 0xff, 0x29, 0x86, 0xdc, 0xff,
    0x29, 0x86, 0xdc, 0xff, 0x29, 0x86, 0xdc, 0xff, 0x29, 0x86, 0xdc, 0xff, 0x29, 0x86, 0xdc, 0xff,
    0x29, 0x86, 0xdc, 0xff, 0x29, 0x86, 0xdc, 0xff, 0x29, 0x86, 0xdc, 0xff, 0x29, 0x86, 0xdc, 0xff,
    0x29, 0x86, 0xdc, 0xff, 0x29, 0x86, 0xdc, 0xff, 0x29, 0x86, 0xdc, 0xff, 0x29, 0x86, 0xdc, 0xff,
    0x29, 0x86, 0xdc, 0xff, 0x29, 0x86, 0xdc, 0xff, 0x29, 0x86, 0xdc, 0xff, 0x29, 0x86, 0xdc, 0xff,
    0x29, 0x86, 0xdc, 0xff, 0x29, 0x86, 0xdc, 0xff, 0x29, 0x86, 0xdc, 0xff, 0x29, 0x86, 0xdc, 0xff,
    0x29, 0x86, 0xdc, 0xff, 0x29, 0x86, 0xdc, 0xff, 0x29, 0x86, 0xdc, 0xff, 0x29, 0x86, 0xdc, 0xff,
    0x29, 0x86, 0xdc, 0xff, 0x29, 0x86, 0xdc, 0xff, 0x29, 0x86, 0xdc, 0xff, 0x29, 0x86, 0xdc, 0xff,
    0x29, 0x86, 0xdc, 0xff, 0x29, 0x86, 0xdc, 0xff, 0x28, 0x86, 0xdc, 0xf7, 0x29, 0x86, 0xdc, 0xff,
    0x29, 0x86, 0xdc, 0xff, 0x29, 0x86, 0xdc, 0xff, 0x29, 0x86, 0xdc, 0xff, 0x29, 0x86, 0xdc, 0xff,
    0x29, 0x86, 0xdc, 0xff, 0x29, 0x86, 0xdc, 0xff, 0x29, 0x86, 0xdc, 0xff, 0x29, 0x86, 0xdc, 0xff,
    0x29, 0x86, 0xdc, 0xff, 0x29, 0x86, 0xdc, 0xff, 0x29, 0x86, 0xdc, 0xff, 0x29, 0x86, 0xdc, 0xff,
    0x29, 0x86, 0xdc, 0xff, 0x29, 0x86, 0xdc, 0xff, 0x29, 0x86, 0xdc, 0xff, 0x29, 0x86, 0xdc, 0xff,
    0x29, 0x86, 0xdc, 0xff, 0x29, 0x86, 0xdc, 0xff, 0x29, 0x86, 0xdc, 0xff, 0x29, 0x86, 0xdc, 0xff,
    0x29, 0x86, 0xdc, 0xff, 0x29, 0x86, 0xdc, 0xff, 0x29, 0x86, 0xdc, 0xff, 0x29, 0x86, 0xdc, 0xff,
    0x29, 0x86, 0xdc, 0xff, 0x29, 0x86, 0xdc, 0xff, 0x29, 0x86, 0xdc, 0xff, 0x29, 0x86, 0xdc, 0xff,
    0x29, 0x86, 0xdc, 0xff, 0x29, 0x86, 0xdc, 0xff, 0x29, 0x86, 0xdc, 0xff, 0x29, 0x86, 0xdc, 0xff,
    0x29, 0x86, 0xdc, 0xff, 0x29, 0x86, 0xdc, 0xff, 0x4a, 0x99, 0xe1, 0xff, 0xd6, 0xe8, 0xf8, 0xff,
    0xe7, 0xf1, 0xfb, 0xff, 0x80, 0xb7, 0xea, 0xff, 0x29, 0x86, 0xdc, 0xff, 0x29, 0x86, 0xdc, 0xff,
    0x29, 0x86, 0xdc, 0xff, 0x29, 0x86, 0xdc, 0xff, 0x5e, 0xa4, 0xe4, 0xff, 0xe4, 0xef, 0xfa, 0xff,
    0xff, 0xff, 0xff, 0xff, 0xff, 0xff, 0xff, 0xff, 0xff, 0xff, 0xff, 0xff, 0xff, 0xff, 0xff, 0xff,
    0xff, 0xff, 0xff, 0xff, 0xff, 0xff, 0xff, 0xff, 0xff, 0xff, 0xff, 0xff, 0xff, 0xff, 0xff, 0xff,
    0xff, 0xff, 0xff, 0xff, 0xff, 0xff, 0xff, 0xff, 0xff, 0xff, 0xff, 0xff, 0xff, 0xff, 0xff, 0xff,
    0xff, 0xff, 0xff, 0xff, 0xff, 0xff, 0xff, 0xff, 0xff, 0xff, 0xff, 0xff, 0xff, 0xff, 0xff, 0xff,
    0xff, 0xff, 0xff, 0xff, 0xff, 0xff, 0xff, 0xff, 0xff, 0xff, 0xff, 0xff, 0xff, 0xff, 0xff, 0xff,
    0xff, 0xff, 0xff, 0xff, 0xff, 0xff, 0xff, 0xff, 0xff, 0xff, 0xff, 0xff, 0xff, 0xff, 0xff, 0xff,
    0xff, 0xff, 0xff, 0xff, 0xff, 0xff, 0xff, 0xff, 0xff, 0xff, 0xff, 0xff, 0xff, 0xff, 0xff, 0xff,
    0xff, 0xff, 0xff, 0xff, 0xff, 0xff, 0xff, 0xff, 0xff, 0xff, 0xff, 0xff, 0xff, 0xff, 0xff, 0xff,
    0xff, 0xff, 0xff, 0xff, 0xff, 0xff, 0xff, 0xff, 0xff, 0xff, 0xff, 0xff, 0xff, 0xff, 0xff, 0xff,
    0xe0, 0xed, 0xfa, 0xff, 0x65, 0xa8, 0xe6, 0xff, 0x29, 0x86, 0xdc, 0xff, 0x29, 0x86, 0xdc, 0xff,
    0x29, 0x86, 0xdc, 0xff, 0x33, 0x8b, 0xdd, 0xff, 0xab, 0xcf, 0xf1, 0xff, 0xee, 0xf5, 0xfc, 0xff,
    0xb9, 0xd7, 0xf3, 0xff, 0x33, 0x8b, 0xdd, 0xff, 0x29, 0x86, 0xdc, 0xff, 0x29, 0x86, 0xdc, 0xff,
    0x29, 0x86, 0xdc, 0xff, 0x29, 0x86, 0xdc, 0xff, 0x29, 0x86, 0xdc, 0xff, 0x29, 0x86, 0xdc, 0xff,
    0x29, 0x86, 0xdc, 0xff, 0x29, 0x86, 0xdc, 0xff, 0x29, 0x86, 0xdc, 0xff, 0x29, 0x86, 0xdc, 0xff,
    0x29, 0x86, 0xdc, 0xff, 0x29, 0x86, 0xdc, 0xff, 0x29, 0x86, 0xdc, 0xff, 0x29, 0x86, 0xdc, 0xff,
    0x29, 0x86, 0xdc, 0xff, 0x29, 0x86, 0xdc, 0xff, 0x29, 0x86, 0xdc, 0xff, 0x29, 0x86, 0xdc, 0xff,
    0x29, 0x86, 0xdc, 0xff, 0x29, 0x86, 0xdc, 0xff, 0x29, 0x86, 0xdc, 0xff, 0x29, 0x86, 0xdc, 0xff,
    0x29, 0x86, 0xdc, 0xff, 0x29, 0x86, 0xdc, 0xff, 0x29, 0x86, 0xdc, 0xff, 0x29, 0x86, 0xdc, 0xff,
    0x29, 0x86, 0xdc, 0xff, 0x29, 0x86, 0xdc, 0xff, 0x29, 0x86, 0xdc, 0xff, 0x29, 0x86, 0xdc, 0xff,
    0x29, 0x86, 0xdc, 0xff, 0x29, 0x86, 0xdc, 0xff, 0x29, 0x86, 0xdc, 0xff, 0x29, 0x86, 0xdc, 0xff,
    0x29, 0x86, 0xdc, 0xff, 0x29, 0x86, 0xdc, 0xff, 0x29, 0x86, 0xdc, 0xff, 0x28, 0x85, 0xdc, 0xf7,
    0x29, 0x86, 0xdc, 0xe7, 0x29, 0x86, 0xdc, 0xff, 0x29, 0x86, 0xdc, 0xff, 0x29, 0x86, 0xdc, 0xff,
    0x29, 0x86, 0xdc, 0xff, 0x29, 0x86, 0xdc, 0xff, 0x29, 0x86, 0xdc, 0xff, 0x29, 0x86, 0xdc, 0xff,
    0x29, 0x86, 0xdc, 0xff, 0x29, 0x86, 0xdc, 0xff, 0x29, 0x86, 0xdc, 0xff, 0x29, 0x86, 0xdc, 0xff,
    0x29, 0x86, 0xdc, 0xff, 0x29, 0x86, 0xdc, 0xff, 0x29, 0x86, 0xdc, 0xff, 0x29, 0x86, 0xdc, 0xff,
    0x29, 0x86, 0xdc, 0xff, 0x29, 0x86, 0xdc, 0xff, 0x29, 0x86, 0xdc, 0xff, 0x29, 0x86, 0xdc, 0xff,
    0x29, 0x86, 0xdc, 0xff, 0x29, 0x86, 0xdc, 0xff, 0x29, 0x86, 0xdc, 0xff, 0x29, 0x86, 0xdc, 0xff,
    0x29, 0x86, 0xdc, 0xff, 0x29, 0x86, 0xdc, 0xff, 0x29, 0x86, 0xdc, 0xff, 0x29, 0x86, 0xdc, 0xff,
    0x29, 0x86, 0xdc, 0xff, 0x29, 0x86, 0xdc, 0xff, 0x29, 0x86, 0xdc, 0xff, 0x29, 0x86, 0xdc, 0xff,
    0x29, 0x86, 0xdc, 0xff, 0x29, 0x86, 0xdc, 0xff, 0x29, 0x86, 0xdc, 0xff, 0x36, 0x8d, 0xde, 0xff,
    0xe4, 0xf0, 0xfa, 0xff, 0xff, 0xff, 0xff, 0xff, 0xff, 0xff, 0xff, 0xff, 0xff, 0xff, 0xff, 0xff,
    0xb8, 0xd7, 0xf3, 0xff, 0x2f, 0x89, 0xdd, 0xff, 0x29, 0x86, 0xdc, 0xff, 0x29, 0x86, 0xdc, 0xff,
    0x29, 0x86, 0xdc, 0xff, 0x2f, 0x89, 0xdd, 0xff, 0x86, 0xba, 0xeb, 0xff, 0xf1, 0xf7, 0xfc, 0xff,
    0xff, 0xff, 0xff, 0xff, 0xff, 0xff, 0xff, 0xff, 0xff, 0xff, 0xff, 0xff, 0xff, 0xff, 0xff, 0xff,
    0xff, 0xff, 0xff, 0xff, 0xff, 0xff, 0xff, 0xff, 0xff, 0xff, 0xff, 0xff, 0xff, 0xff, 0xff, 0xff,
    0xff, 0xff, 0xff, 0xff, 0xff, 0xff, 0xff, 0xff, 0xff, 0xff, 0xff, 0xff, 0xff, 0xff, 0xff, 0xff,
    0xff, 0xff, 0xff, 0xff, 0xff, 0xff, 0xff, 0xff, 0xff, 0xff, 0xff, 0xff, 0xff, 0xff, 0xff, 0xff,
    0xff, 0xff, 0xff, 0xff, 0xff, 0xff, 0xff, 0xff, 0xff, 0xff, 0xff, 0xff, 0xff, 0xff, 0xff, 0xff,
    0xff, 0xff, 0xff, 0xff, 0xff, 0xff, 0xff, 0xff, 0xff, 0xff, 0xff, 0xff, 0xff, 0xff, 0xff, 0xff,
    0xff, 0xff, 0xff, 0xff, 0xff, 0xff, 0xff, 0xff, 0xff, 0xff, 0xff, 0xff, 0xff, 0xff, 0xff, 0xff,
    0xff, 0xff, 0xff, 0xff, 0xff, 0xff, 0xff, 0xff, 0xff, 0xff, 0xff, 0xff, 0xff, 0xff, 0xff, 0xff,
    0xf1, 0xf7, 0xfc, 0xff, 0x90, 0xc0, 0xed, 0xff, 0x2f, 0x89, 0xdd, 0xff, 0x29, 0x86, 0xdc, 0xff,
    0x29, 0x86, 0xdc, 0xff, 0x29, 0x86, 0xdc, 0xff, 0x4e, 0x9a, 0xe2, 0xff, 0xdd, 0xec, 0xf9, 0xff,
    0xff, 0xff, 0xff, 0xff, 0xff, 0xff, 0xff, 0xff, 0xff, 0xff, 0xff, 0xff, 0xb2, 0xd3, 0xf2, 0xff,
    0x29, 0x86, 0xdc, 0xff, 0x29, 0x86, 0xdc, 0xff, 0x29, 0x86, 0xdc, 0xff, 0x29, 0x86, 0xdc, 0xff,
    0x29, 0x86, 0xdc, 0xff, 0x29, 0x86, 0xdc, 0xff, 0x29, 0x86, 0xdc, 0xff, 0x29, 0x86, 0xdc, 0xff,
    0x29, 0x86, 0xdc, 0xff, 0x29, 0x86, 0xdc, 0xff, 0x29, 0x86, 0xdc, 0xff, 0x29, 0x86, 0xdc, 0xff,
    0x29, 0x86, 0xdc, 0xff, 0x29, 0x86, 0xdc, 0xff, 0x29, 0x86, 0xdc, 0xff, 0x29, 0x86, 0xdc, 0xff,
    0x29, 0x86, 0xdc, 0xff, 0x29, 0x86, 0xdc, 0xff, 0x29, 0x86, 0xdc, 0xff, 0x29, 0x86, 0xdc, 0xff,
    0x29, 0x86, 0xdc, 0xff, 0x29, 0x86, 0xdc, 0xff, 0x29, 0x86, 0xdc, 0xff, 0x29, 0x86, 0xdc, 0xff,
    0x29, 0x86, 0xdc, 0xff, 0x29, 0x86, 0xdc, 0xff, 0x29, 0x86, 0xdc, 0xff, 0x29, 0x86, 0xdc, 0xff,
    0x29, 0x86, 0xdc, 0xff, 0x29, 0x86, 0xdc, 0xff, 0x29, 0x86, 0xdc, 0xff, 0x29, 0x86, 0xdc, 0xff,
    0x29, 0x86, 0xdc, 0xff, 0x29, 0x86, 0xdc, 0xff, 0x29, 0x86, 0xdc, 0xff, 0x29, 0x86, 0xdc, 0xff,
    0x29, 0x86, 0xdc, 0xff, 0x28, 0x86, 0xdc, 0xe3, 0x28, 0x85, 0xdc, 0xcb, 0x29, 0x86, 0xdc, 0xff,
    0x29, 0x86, 0xdc, 0xff, 0x29, 0x86, 0xdc, 0xff, 0x29, 0x86, 0xdc, 0xff, 0x29, 0x86, 0xdc, 0xff,
    0x29, 0x86, 0xdc, 0xff, 0x29, 0x86, 0xdc, 0xff, 0x29, 0x86, 0xdc, 0xff, 0x29, 0x86, 0xdc, 0xff,
    0x29, 0x86, 0xdc, 0xff, 0x29, 0x86, 0xdc, 0xff, 0x29, 0x86, 0xdc, 0xff, 0x29, 0x86, 0xdc, 0xff,
    0x29, 0x86, 0xdc, 0xff, 0x29, 0x86, 0xdc, 0xff, 0x29, 0x86, 0xdc, 0xff, 0x29, 0x86, 0xdc, 0xff,
    0x29, 0x86, 0xdc, 0xff, 0x29, 0x86, 0xdc, 0xff, 0x29, 0x86, 0xdc, 0xff, 0x29, 0x86, 0xdc, 0xff,
    0x29, 0x86, 0xdc, 0xff, 0x29, 0x86, 0xdc, 0xff, 0x29, 0x86, 0xdc, 0xff, 0x29, 0x86, 0xdc, 0xff,
    0x29, 0x86, 0xdc, 0xff, 0x29, 0x86, 0xdc, 0xff, 0x29, 0x86, 0xdc, 0xff, 0x29, 0x86, 0xdc, 0xff,
    0x29, 0x86, 0xdc, 0xff, 0x29, 0x86, 0xdc, 0xff, 0x29, 0x86, 0xdc, 0xff, 0x29, 0x86, 0xdc, 0xff,
    0x29, 0x86, 0xdc, 0xff, 0xbf, 0xdb, 0xf4, 0xff, 0xff, 0xff, 0xff, 0xff, 0xff, 0xff, 0xff, 0xff,
    0xff, 0xff, 0xff, 0xff, 0xff, 0xff, 0xff, 0xff, 0xff, 0xff, 0xff, 0xff, 0xb5, 0xd5, 0xf3, 0xff,
    0x29, 0x86, 0xdc, 0xff, 0x29, 0x86, 0xdc, 0xff, 0x29, 0x86, 0xdc, 0xff, 0x29, 0x86, 0xdc, 0xff,
    0x29, 0x86, 0xdc, 0xff, 0x36, 0x8d, 0xde, 0xff, 0x94, 0xc2, 0xed, 0xff, 0xeb, 0xf3, 0xfb, 0xff,
    0xff, 0xff, 0xff, 0xff, 0xff, 0xff, 0xff, 0xff, 0xff, 0xff, 0xff, 0xff, 0xff, 0xff, 0xff, 0xff,
    0xff, 0xff, 0xff, 0xff, 0xff, 0xff, 0xff, 0xff, 0xff, 0xff, 0xff, 0xff, 0xff, 0xff, 0xff, 0xff,
    0xff, 0xff, 0xff, 0xff, 0xff, 0xff, 0xff, 0xff, 0xff, 0xff, 0xff, 0xff, 0xff, 0xff, 0xff, 0xff,
    0xff, 0xff, 0xff, 0xff, 0xff, 0xff, 0xff, 0xff, 0xff, 0xff, 0xff, 0xff, 0xff, 0xff, 0xff, 0xff,
    0xff, 0xff, 0xff, 0xff, 0xff, 0xff, 0xff, 0xff, 0xff, 0xff, 0xff, 0xff, 0xff, 0xff, 0xff, 0xff,
    0xff, 0xff, 0xff, 0xff, 0xff, 0xff, 0xff, 0xff, 0xff, 0xff, 0xff, 0xff, 0xff, 0xff, 0xff, 0xff,
    0xff, 0xff, 0xff, 0xff, 0xff, 0xff, 0xff, 0xff, 0xff, 0xff, 0xff, 0xff, 0xff, 0xff, 0xff, 0xff,
    0xf1, 0xf7, 0xfc, 0xff, 0x94, 0xc2, 0xed, 0xff, 0x36, 0x8d, 0xde, 0xff, 0x29, 0x86, 0xdc, 0xff,
    0x29, 0x86, 0xdc, 0xff, 0x29, 0x86, 0xdc, 0xff, 0x29, 0x86, 0xdc, 0xff, 0x33, 0x8b, 0xdd, 0xff,
    0xeb, 0xf3, 0xfb, 0xff, 0xff, 0xff, 0xff, 0xff, 0xff, 0xff, 0xff, 0xff, 0xff, 0xff, 0xff, 0xff,
    0xff, 0xff, 0xff, 0xff, 0xff, 0xff, 0xff, 0xff, 0x80, 0xb7, 0xea, 0xff, 0x29, 0x86, 0xdc, 0xff,
    0x29, 0x86, 0xdc, 0xff, 0x29, 0x86, 0xdc, 0xff, 0x29, 0x86, 0xdc, 0xff, 0x29, 0x86, 0xdc, 0xff,
    0x29, 0x86, 0xdc, 0xff, 0x29, 0x86, 0xdc, 0xff, 0x29, 0x86, 0xdc, 0xff, 0x29, 0x86, 0xdc, 0xff,
    0x29, 0x86, 0xdc, 0xff, 0x29, 0x86, 0xdc, 0xff, 0x29, 0x86, 0xdc, 0xff, 0x29, 0x86, 0xdc, 0xff,
    0x29, 0x86, 0xdc, 0xff, 0x29, 0x86, 0xdc, 0xff, 0x29, 0x86, 0xdc, 0xff, 0x29, 0x86, 0xdc, 0xff,
    0x29, 0x86, 0xdc, 0xff, 0x29, 0x86, 0xdc, 0xff, 0x29, 0x86, 0xdc, 0xff, 0x29, 0x86, 0xdc, 0xff,
    0x29, 0x86, 0xdc, 0xff, 0x29, 0x86, 0xdc, 0xff, 0x29, 0x86, 0xdc, 0xff, 0x29, 0x86, 0xdc, 0xff,
    0x29, 0x86, 0xdc, 0xff, 0x29, 0x86, 0xdc, 0xff, 0x29, 0x86, 0xdc, 0xff, 0x29, 0x86, 0xdc, 0xff,
    0x29, 0x86, 0xdc, 0xff, 0x29, 0x86, 0xdc, 0xff, 0x29, 0x86, 0xdc, 0xff, 0x29, 0x86, 0xdc, 0xff,
    0x29, 0x86, 0xdc, 0xff, 0x29, 0x86, 0xdc, 0xff, 0x29, 0x86, 0xdc, 0xff, 0x29, 0x86, 0xdb, 0xcf,
    0x29, 0x86, 0xdc, 0xaf, 0x29, 0x86, 0xdc, 0xff, 0x29, 0x86, 0xdc, 0xff, 0x29, 0x86, 0xdc, 0xff,
    0x29, 0x86, 0xdc, 0xff, 0x29, 0x86, 0xdc, 0xff, 0x29, 0x86, 0xdc, 0xff, 0x29, 0x86, 0xdc, 0xff,
    0x29, 0x86, 0xdc, 0xff, 0x29, 0x86, 0xdc, 0xff, 0x29, 0x86, 0xdc, 0xff, 0x29, 0x86, 0xdc, 0xff,
    0x29, 0x86, 0xdc, 0xff, 0x29, 0x86, 0xdc, 0xff, 0x29, 0x86, 0xdc, 0xff, 0x29, 0x86, 0xdc, 0xff,
    0x29, 0x86, 0xdc, 0xff, 0x29, 0x86, 0xdc, 0xff, 0x29, 0x86, 0xdc, 0xff, 0x29, 0x86, 0xdc, 0xff,
    0x29, 0x86, 0xdc, 0xff, 0x29, 0x86, 0xdc, 0xff, 0x29, 0x86, 0xdc, 0xff, 0x29, 0x86, 0xdc, 0xff,
    0x29, 0x86, 0xdc, 0xff, 0x29, 0x86, 0xdc, 0xff, 0x29, 0x86, 0xdc, 0xff, 0x29, 0x86, 0xdc, 0xff,
    0x29, 0x86, 0xdc, 0xff, 0x29, 0x86, 0xdc, 0xff, 0x29, 0x86, 0xdc, 0xff, 0x29, 0x86, 0xdc, 0xff,
    0x29, 0x86, 0xdc, 0xff, 0x29, 0x86, 0xdc, 0xff, 0x80, 0xb7, 0xea, 0xff, 0xff, 0xff, 0xff, 0xff,
    0xff, 0xff, 0xff, 0xff, 0xff, 0xff, 0xff, 0xff, 0xff, 0xff, 0xff, 0xff, 0xff, 0xff, 0xff, 0xff,
    0xff, 0xff, 0xff, 0xff, 0xe4, 0xf0, 0xfa, 0xff, 0x29, 0x86, 0xdc, 0xff, 0x29, 0x86, 0xdc, 0xff,
    0x29, 0x86, 0xdc, 0xff, 0x29, 0x86, 0xdc, 0xff, 0x29, 0x86, 0xdc, 0xff, 0x29, 0x86, 0xdc, 0xff,
    0x29, 0x86, 0xdc, 0xff, 0x2f, 0x89, 0xdd, 0xff, 0x79, 0xb3, 0xe9, 0xff, 0xd0, 0xe4, 0xf7, 0xff,
    0xff, 0xff, 0xff, 0xff, 0xff, 0xff, 0xff, 0xff, 0xff, 0xff, 0xff, 0xff, 0xff, 0xff, 0xff, 0xff,
    0xff, 0xff, 0xff, 0xff, 0xff, 0xff, 0xff, 0xff, 0xff, 0xff, 0xff, 0xff, 0xff, 0xff, 0xff, 0xff,
    0xff, 0xff, 0xff, 0xff, 0xff, 0xff, 0xff, 0xff, 0xff, 0xff, 0xff, 0xff, 0xff, 0xff, 0xff, 0xff,
    0xff, 0xff, 0xff, 0xff, 0xff, 0xff, 0xff, 0xff, 0xff, 0xff, 0xff, 0xff, 0xff, 0xff, 0xff, 0xff,
    0xff, 0xff, 0xff, 0xff, 0xff, 0xff, 0xff, 0xff, 0xff, 0xff, 0xff, 0xff, 0xff, 0xff, 0xff, 0xff,
    0xff, 0xff, 0xff, 0xff, 0xff, 0xff, 0xff, 0xff, 0xff, 0xff, 0xff, 0xff, 0xff, 0xff, 0xff, 0xff,
    0xcc, 0xe2, 0xf6, 0xff, 0x79, 0xb3, 0xe9, 0xff, 0x2f, 0x89, 0xdd, 0xff, 0x29, 0x86, 0xdc, 0xff,
    0x29, 0x86, 0xdc, 0xff, 0x29, 0x86, 0xdc, 0xff, 0x29, 0x86, 0xdc, 0xff, 0x29, 0x86, 0xdc, 0xff,
    0x29, 0x86, 0xdc, 0xff, 0x51, 0x9c, 0xe2, 0xff, 0xff, 0xff, 0xff, 0xff, 0xff, 0xff, 0xff, 0xff,
    0xff, 0xff, 0xff, 0xff, 0xff, 0xff, 0xff, 0xff, 0xff, 0xff, 0xff, 0xff, 0xff, 0xff, 0xff, 0xff,
    0xf8, 0xfb, 0xfe, 0xff, 0x47, 0x96, 0xe0, 0xff, 0x29, 0x86, 0xdc, 0xff, 0x29, 0x86, 0xdc, 0xff,
    0x29, 0x86, 0xdc, 0xff, 0x29, 0x86, 0xdc, 0xff, 0x29, 0x86, 0xdc, 0xff, 0x29, 0x86, 0xdc, 0xff,
    0x29, 0x86, 0xdc, 0xff, 0x29, 0x86, 0xdc, 0xff, 0x29, 0x86, 0xdc, 0xff, 0x29, 0x86, 0xdc, 0xff,
    0x29, 0x86, 0xdc, 0xff, 0x29, 0x86, 0xdc, 0xff, 0x29, 0x86, 0xdc, 0xff, 0x29, 0x86, 0xdc, 0xff,
    0x29, 0x86, 0xdc, 0xff, 0x29, 0x86, 0xdc, 0xff, 0x29, 0x86, 0xdc, 0xff, 0x29, 0x86, 0xdc, 0xff,
    0x29, 0x86, 0xdc, 0xff, 0x29, 0x86, 0xdc, 0xff, 0x29, 0x86, 0xdc, 0xff, 0x29, 0x86, 0xdc, 0xff,
    0x29, 0x86, 0xdc, 0xff, 0x29, 0x86, 0xdc, 0xff, 0x29, 0x86, 0xdc, 0xff, 0x29, 0x86, 0xdc, 0xff,
    0x29, 0x86, 0xdc, 0xff, 0x29, 0x86, 0xdc, 0xff, 0x29, 0x86, 0xdc, 0xff, 0x29, 0x86, 0xdc, 0xff,
    0x29, 0x86, 0xdc, 0xff, 0x29, 0x86, 0xdc, 0xff, 0x29, 0x86, 0xdc, 0xff, 0x29, 0x86, 0xdc, 0xff,
    0x29, 0x86, 0xdc, 0xff, 0x28, 0x86, 0xdb, 0xab, 0x29, 0x86, 0xdc, 0x83, 0x29, 0x86, 0xdc, 0xff,
    0x29, 0x86, 0xdc, 0xff, 0x29, 0x86, 0xdc, 0xff, 0x29, 0x86, 0xdc, 0xff, 0x29, 0x86, 0xdc, 0xff,
    0x29, 0x86, 0xdc, 0xff, 0x29, 0x86, 0xdc, 0xff, 0x29, 0x86, 0xdc, 0xff, 0x29, 0x86, 0xdc, 0xff,
    0x29, 0x86, 0xdc, 0xff, 0x29, 0x86, 0xdc, 0xff, 0x29, 0x86, 0xdc, 0xff, 0x29, 0x86, 0xdc, 0xff,
    0x29, 0x86, 0xdc, 0xff, 0x29, 0x86, 0xdc, 0xff, 0x29, 0x86, 0xdc, 0xff, 0x29, 0x86, 0xdc, 0xff,
    0x29, 0x86, 0xdc, 0xff, 0x29, 0x86, 0xdc, 0xff, 0x29, 0x86, 0xdc, 0xff, 0x29, 0x86, 0xdc, 0xff,
    0x29, 0x86, 0xdc, 0xff, 0x29, 0x86, 0xdc, 0xff, 0x29, 0x86, 0xdc, 0xff, 0x29, 0x86, 0xdc, 0xff,
    0x29, 0x86, 0xdc, 0xff, 0x29, 0x86, 0xdc, 0xff, 0x29, 0x86, 0xdc, 0xff, 0x29, 0x86, 0xdc, 0xff,
    0x29, 0x86, 0xdc, 0xff, 0x29, 0x86, 0xdc, 0xff, 0x29, 0x86, 0xdc, 0xff, 0x29, 0x86, 0xdc, 0xff,
    0xcd, 0xe2, 0xf6, 0xff, 0xff, 0xff, 0xff, 0xff, 0xff, 0xff, 0xff, 0xff, 0xff, 0xff, 0xff, 0xff,
    0xff, 0xff, 0xff, 0xff, 0xff, 0xff, 0xff, 0xff, 0xff, 0xff, 0xff, 0xff, 0x9a, 0xc6, 0xee, 0xff,
    0x29, 0x86, 0xdc, 0xff, 0x29, 0x86, 0xdc, 0xff, 0x29, 0x86, 0xdc, 0xff, 0x29, 0x86, 0xdc, 0xff,
    0x29, 0x86, 0xdc, 0xff, 0x29, 0x86, 0xdc, 0xff, 0x29, 0x86, 0xdc, 0xff, 0x29, 0x86, 0xdc, 0xff,
    0x29, 0x86, 0xdc, 0xff, 0x29, 0x86, 0xdc, 0xff, 0x44, 0x95, 0xe0, 0xff, 0x8a, 0xbc, 0xeb, 0xff,
    0xc6, 0xde, 0xf5, 0xff, 0xf5, 0xf9, 0xfd, 0xff, 0xff, 0xff, 0xff, 0xff, 0xff, 0xff, 0xff, 0xff,
    0xff, 0xff, 0xff, 0xff, 0xff, 0xff, 0xff, 0xff, 0xff, 0xff, 0xff, 0xff, 0xff, 0xff, 0xff, 0xff,
    0xff, 0xff, 0xff, 0xff, 0xff, 0xff, 0xff, 0xff, 0xff, 0xff, 0xff, 0xff, 0xff, 0xff, 0xff, 0xff,
    0xff, 0xff, 0xff, 0xff, 0xff, 0xff, 0xff, 0xff, 0xff, 0xff, 0xff, 0xff, 0xff, 0xff, 0xff, 0xff,
    0xff, 0xff, 0xff, 0xff, 0xff, 0xff, 0xff, 0xff, 0xf8, 0xfb, 0xfe, 0xff, 0xc2, 0xdd, 0xf5, 0xff,
    0x8a, 0xbc, 0xeb, 0xff, 0x44, 0x95, 0xe0, 0xff, 0x29, 0x86, 0xdc, 0xff, 0x29, 0x86, 0xdc, 0xff,
    0x29, 0x86, 0xdc, 0xff, 0x29, 0x86, 0xdc, 0xff, 0x29, 0x86, 0xdc, 0xff, 0x29, 0x86, 0xdc, 0xff,
    0x29, 0x86, 0xdc, 0xff, 0x29, 0x86, 0xdc, 0xff, 0x29, 0x86, 0xdc, 0xff, 0x2c, 0x88, 0xdc, 0xff,
    0xda, 0xea, 0xf9, 0xff, 0xff, 0xff, 0xff, 0xff, 0xff, 0xff, 0xff, 0xff, 0xff, 0xff, 0xff, 0xff,
    0xff, 0xff, 0xff, 0xff, 0xff, 0xff, 0xff, 0xff, 0xff, 0xff, 0xff, 0xff, 0x8d, 0xbe, 0xec, 0xff,
    0x29, 0x86, 0xdc, 0xff, 0x29, 0x86, 0xdc, 0xff, 0x29, 0x86, 0xdc, 0xff, 0x29, 0x86, 0xdc, 0xff,
    0x29, 0x86, 0xdc, 0xff, 0x29, 0x86, 0xdc, 0xff, 0x29, 0x86, 0xdc, 0xff, 0x29, 0x86, 0xdc, 0xff,
    0x29, 0x86, 0xdc, 0xff, 0x29, 0x86, 0xdc, 0xff, 0x29, 0x86, 0xdc, 0xff, 0x29, 0x86, 0xdc, 0xff,
    0x29, 0x86, 0xdc, 0xff, 0x29, 0x86, 0xdc, 0xff, 0x29, 0x86, 0xdc, 0xff, 0x29, 0x86, 0xdc, 0xff,
    0x29, 0x86, 0xdc, 0xff, 0x29, 0x86, 0xdc, 0xff, 0x29, 0x86, 0xdc, 0xff, 0x29, 0x86, 0xdc, 0xff,
    0x29, 0x86, 0xdc, 0xff, 0x29, 0x86, 0xdc, 0xff, 0x29, 0x86, 0xdc, 0xff, 0x29, 0x86, 0xdc, 0xff,
    0x29, 0x86, 0xdc, 0xff, 0x29, 0x86, 0xdc, 0xff, 0x29, 0x86, 0xdc, 0xff, 0x29, 0x86, 0xdc, 0xff,
    0x29, 0x86, 0xdc, 0xff, 0x29, 0x86, 0xdc, 0xff, 0x29, 0x86, 0xdc, 0xff, 0x29, 0x86, 0xdc, 0xff,
    0x29, 0x86, 0xdc, 0xff, 0x29, 0x86, 0xdc, 0xff, 0x29, 0x86, 0xdc, 0xff, 0x28, 0x86, 0xdb, 0x87,
    0x28, 0x87, 0xdd, 0x53, 0x29, 0x86, 0xdc, 0xff, 0x29, 0x86, 0xdc, 0xff, 0x29, 0x86, 0xdc, 0xff,
    0x29, 0x86, 0xdc, 0xff, 0x29, 0x86, 0xdc, 0xff, 0x29, 0x86, 0xdc, 0xff, 0x29, 0x86, 0xdc, 0xff,
    0x29, 0x86, 0xdc, 0xff, 0x29, 0x86, 0xdc, 0xff, 0x29, 0x86, 0xdc, 0xff, 0x29, 0x86, 0xdc, 0xff,
    0x29, 0x86, 0xdc, 0xff, 0x29, 0x86, 0xdc, 0xff, 0x29, 0x86, 0xdc, 0xff, 0x29, 0x86, 0xdc, 0xff,
    0x29, 0x86, 0xdc, 0xff, 0x29, 0x86, 0xdc, 0xff, 0x29, 0x86, 0xdc, 0xff, 0x29, 0x86, 0xdc, 0xff,
    0x29, 0x86, 0xdc, 0xff, 0x29, 0x86, 0xdc, 0xff, 0x29, 0x86, 0xdc, 0xff, 0x29, 0x86, 0xdc, 0xff,
    0x29, 0x86, 0xdc, 0xff, 0x29, 0x86, 0xdc, 0xff, 0x29, 0x86, 0xdc, 0xff, 0x29, 0x86, 0xdc, 0xff,
    0x29, 0x86, 0xdc, 0xff, 0x29, 0x86, 0xdc, 0xff, 0x29, 0x86, 0xdc, 0xff, 0x29, 0x86, 0xdc, 0xff,
    0x29, 0x86, 0xdc, 0xff, 0x29, 0x86, 0xdc, 0xff, 0xcd, 0xe2, 0xf6, 0xff, 0xff, 0xff, 0xff, 0xff,
    0xff, 0xff, 0xff, 0xff, 0xff, 0xff, 0xff, 0xff, 0xff, 0xff, 0xff, 0xff, 0xff, 0xff, 0xff, 0xff,
    0xd0, 0xe4, 0xf7, 0xff, 0x2f, 0x89, 0xdd, 0xff, 0x29, 0x86, 0xdc, 0xff, 0x29, 0x86, 0xdc, 0xff,
    0x29, 0x86, 0xdc, 0xff, 0x29, 0x86, 0xdc, 0xff, 0x29, 0x86, 0xdc, 0xff, 0x29, 0x86, 0xdc, 0xff,
    0x29, 0x86, 0xdc, 0xff, 0x29, 0x86, 0xdc, 0xff, 0x29, 0x86, 0xdc, 0xff, 0x29, 0x86, 0xdc, 0xff,
    0x29, 0x86, 0xdc, 0xff, 0x29, 0x86, 0xdc, 0xff, 0x29, 0x86, 0xdc, 0xff, 0x2f, 0x89, 0xdd, 0xff,
    0x57, 0xa0, 0xe3, 0xff, 0x83, 0xb9, 0xea, 0xff, 0xa5, 0xcb, 0xf0, 0xff, 0xc3, 0xdc, 0xf5, 0xff,
    0xdd, 0xec, 0xf9, 0xff, 0xea, 0xf3, 0xfb, 0xff, 0xf8, 0xfb, 0xfe, 0xff, 0xff, 0xff, 0xff, 0xff,
    0xff, 0xff, 0xff, 0xff, 0xf8, 0xfb, 0xfe, 0xff, 0xee, 0xf5, 0xfc, 0xff, 0xda, 0xea, 0xf9, 0xff,
    0xc3, 0xdc, 0xf5, 0xff, 0xa1, 0xca, 0xef, 0xff, 0x83, 0xb9, 0xea, 0xff, 0x5b, 0xa2, 0xe4, 0xff,
    0x2c, 0x87, 0xdc, 0xff, 0x29, 0x86, 0xdc, 0xff, 0x29, 0x86, 0xdc, 0xff, 0x29, 0x86, 0xdc, 0xff,
    0x29, 0x86, 0xdc, 0xff, 0x29, 0x86, 0xdc, 0xff, 0x29, 0x86, 0xdc, 0xff, 0x29, 0x86, 0xdc, 0xff,
    0x29, 0x86, 0xdc, 0xff, 0x29, 0x86, 0xdc, 0xff, 0x29, 0x86, 0xdc, 0xff, 0x29, 0x86, 0xdc, 0xff,
    0x29, 0x86, 0xdc, 0xff, 0x29, 0x86, 0xdc, 0xff, 0x4a, 0x99, 0xe1, 0xff, 0xf5, 0xf9, 0xfd, 0xff,
    0xff, 0xff, 0xff, 0xff, 0xff, 0xff, 0xff, 0xff, 0xff, 0xff, 0xff, 0xff, 0xff, 0xff, 0xff, 0xff,
    0xff, 0xff, 0xff, 0xff, 0x8d, 0xbe, 0xec, 0xff, 0x29, 0x86, 0xdc, 0xff, 0x29, 0x86, 0xdc, 0xff,
    0x29, 0x86, 0xdc, 0xff, 0x29, 0x86, 0xdc, 0xff, 0x29, 0x86, 0xdc, 0xff, 0x29, 0x86, 0xdc, 0xff,
    0x29, 0x86, 0xdc, 0xff, 0x29, 0x86, 0xdc, 0xff, 0x29, 0x86, 0xdc, 0xff, 0x29, 0x86, 0xdc, 0xff,
    0x29, 0x86, 0xdc, 0xff, 0x29, 0x86, 0xdc, 0xff, 0x29, 0x86, 0xdc, 0xff, 0x29, 0x86, 0xdc, 0xff,
    0x29, 0x86, 0xdc, 0xff, 0x29, 0x86, 0xdc, 0xff, 0x29, 0x86, 0xdc, 0xff, 0x29, 0x86, 0xdc, 0xff,
    0x29, 0x86, 0xdc, 0xff, 0x29, 0x86, 0xdc, 0xff, 0x29, 0x86, 0xdc, 0xff, 0x29, 0x86, 0xdc, 0xff,
    0x29, 0x86, 0xdc, 0xff, 0x29, 0x86, 0xdc, 0xff, 0x29, 0x86, 0xdc, 0xff, 0x29, 0x86, 0xdc, 0xff,
    0x29, 0x86, 0xdc, 0xff, 0x29, 0x86, 0xdc, 0xff, 0x29, 0x86, 0xdc, 0xff, 0x29, 0x86, 0xdc, 0xff,
    0x29, 0x86, 0xdc, 0xff, 0x29, 0x86, 0xdc, 0xff, 0x29, 0x86, 0xdc, 0xff, 0x29, 0x86, 0xdc, 0xff,
    0x29, 0x86, 0xdc, 0xff, 0x28, 0x87, 0xdd, 0x53, 0x24, 0x80, 0xdb, 0x1c, 0x29, 0x86, 0xdc, 0xff,
    0x29, 0x86, 0xdc, 0xff, 0x29, 0x86, 0xdc, 0xff, 0x29, 0x86, 0xdc, 0xff, 0x29, 0x86, 0xdc, 0xff,
    0x29, 0x86, 0xdc, 0xff, 0x29, 0x86, 0xdc, 0xff, 0x29, 0x86, 0xdc, 0xff, 0x29, 0x86, 0xdc, 0xff,
    0x29, 0x86, 0xdc, 0xff, 0x29, 0x86, 0xdc, 0xff, 0x29, 0x86, 0xdc, 0xff, 0x29, 0x86, 0xdc, 0xff,
    0x29, 0x86, 0xdc, 0xff, 0x29, 0x86, 0xdc, 0xff, 0x29, 0x86, 0xdc, 0xff, 0x29, 0x86, 0xdc, 0xff,
    0x29, 0x86, 0xdc, 0xff, 0x29, 0x86, 0xdc, 0xff, 0x29, 0x86, 0xdc, 0xff, 0x29, 0x86, 0xdc, 0xff,
    0x29, 0x86, 0xdc, 0xff, 0x29, 0x86, 0xdc, 0xff, 0x29, 0x86, 0xdc, 0xff, 0x29, 0x86, 0xdc, 0xff,
    0x29, 0x86, 0xdc, 0xff, 0x29, 0x86, 0xdc, 0xff, 0x29, 0x86, 0xdc, 0xff, 0x29, 0x86, 0xdc, 0xff,
    0x29, 0x86, 0xdc, 0xff, 0x29, 0x86, 0xdc, 0xff, 0x29, 0x86, 0xdc, 0xff, 0x29, 0x86, 0xdc, 0xff,
    0x86, 0xbb, 0xeb, 0xff, 0xff, 0xff, 0xff, 0xff, 0xff, 0xff, 0xff, 0xff, 0xff, 0xff, 0xff, 0xff,
    0xff, 0xff, 0xff, 0xff, 0xf1, 0xf7, 0xfc, 0xff, 0x43, 0x95, 0xe0, 0xff, 0x29, 0x86, 0xdc, 0xff,
    0x29, 0x86, 0xdc, 0xff, 0x29, 0x86, 0xdc, 0xff, 0x29, 0x86, 0xdc, 0xff, 0x29, 0x86, 0xdc, 0xff,
    0x29, 0x86, 0xdc, 0xff, 0x29, 0x86, 0xdc, 0xff, 0x29, 0x86, 0xdc, 0xff, 0x29, 0x86, 0xdc, 0xff,
    0x29, 0x86, 0xdc, 0xff, 0x29, 0x86, 0xdc, 0xff, 0x29, 0x86, 0xdc, 0xff, 0x29, 0x86, 0xdc, 0xff,
    0x29, 0x86, 0xdc, 0xff, 0x29, 0x86, 0xdc, 0xff, 0x29, 0x86, 0xdc, 0xff, 0x29, 0x86, 0xdc, 0xff,
    0x29, 0x86, 0xdc, 0xff, 0x29, 0x86, 0xdc, 0xff, 0x29, 0x86, 0xdc, 0xff, 0x29, 0x86, 0xdc, 0xff,
    0x29, 0x86, 0xdc, 0xff, 0x29, 0x86, 0xdc, 0xff, 0x29, 0x86, 0xdc, 0xff, 0x29, 0x86, 0xdc, 0xff,
    0x29, 0x86, 0xdc, 0xff, 0x29, 0x86, 0xdc, 0xff, 0x29, 0x86, 0xdc, 0xff, 0x29, 0x86, 0xdc, 0xff,
    0x29, 0x86, 0xdc, 0xff, 0x29, 0x86, 0xdc, 0xff, 0x29, 0x86, 0xdc, 0xff, 0x29, 0x86, 0xdc, 0xff,
    0x29, 0x86, 0xdc, 0xff, 0x29, 0x86, 0xdc, 0xff, 0x29, 0x86, 0xdc, 0xff, 0x29, 0x86, 0xdc, 0xff,
    0x29, 0x86, 0xdc, 0xff, 0x29, 0x86, 0xdc, 0xff, 0x29, 0x86, 0xdc, 0xff, 0x29, 0x86, 0xdc, 0xff,
    0x29, 0x86, 0xdc, 0xff, 0x29, 0x86, 0xdc, 0xff, 0x29, 0x86, 0xdc, 0xff, 0x29, 0x86, 0xdc, 0xff,
    0x29, 0x86, 0xdc, 0xff, 0x76, 0xb1, 0xe8, 0xff, 0xff, 0xff, 0xff, 0xff, 0xff, 0xff, 0xff, 0xff,
    0xff, 0xff, 0xff, 0xff, 0xff, 0xff, 0xff, 0xff, 0xf8, 0xfb, 0xfe, 0xff, 0x51, 0x9c, 0xe2, 0xff,
    0x29, 0x86, 0xdc, 0xff, 0x29, 0x86, 0xdc, 0xff, 0x29, 0x86, 0xdc, 0xff, 0x29, 0x86, 0xdc, 0xff,
    0x29, 0x86, 0xdc, 0xff, 0x29, 0x86, 0xdc, 0xff, 0x29, 0x86, 0xdc, 0xff, 0x29, 0x86, 0xdc, 0xff,
    0x29, 0x86, 0xdc, 0xff, 0x29, 0x86, 0xdc, 0xff, 0x29, 0x86, 0xdc, 0xff, 0x29, 0x86, 0xdc, 0xff,
    0x29, 0x86, 0xdc, 0xff, 0x29, 0x86, 0xdc, 0xff, 0x29, 0x86, 0xdc, 0xff, 0x29, 0x86, 0xdc, 0xff,
    0x29, 0x86, 0xdc, 0xff, 0x29, 0x86, 0xdc, 0xff, 0x29, 0x86, 0xdc, 0xff, 0x29, 0x86, 0xdc, 0xff,
    0x29, 0x86, 0xdc, 0xff, 0x29, 0x86, 0xdc, 0xff, 0x29, 0x86, 0xdc, 0xff, 0x29, 0x86, 0xdc, 0xff,
    0x29, 0x86, 0xdc, 0xff, 0x29, 0x86, 0xdc, 0xff, 0x29, 0x86, 0xdc, 0xff, 0x29, 0x86, 0xdc, 0xff,
    0x29, 0x86, 0xdc, 0xff, 0x29, 0x86, 0xdc, 0xff, 0x29, 0x86, 0xdc, 0xff, 0x29, 0x86, 0xdc, 0xff,
    0x29, 0x86, 0xdc, 0xff, 0x29, 0x86, 0xdc, 0xff, 0x29, 0x86, 0xdc, 0xff, 0x24, 0x80, 0xdb, 0x1c,
    0x00, 0x00, 0x00, 0x00, 0x29, 0x86, 0xdc, 0xdb, 0x29, 0x86, 0xdc, 0xff, 0x29, 0x86, 0xdc, 0xff,
    0x29, 0x86, 0xdc, 0xff, 0x29, 0x86, 0xdc, 0xff, 0x29, 0x86, 0xdc, 0xff, 0x29, 0x86, 0xdc, 0xff,
    0x29, 0x86, 0xdc, 0xff, 0x29, 0x86, 0xdc, 0xff, 0x29, 0x86, 0xdc, 0xff, 0x29, 0x86, 0xdc, 0xff,
    0x29, 0x86, 0xdc, 0xff, 0x29, 0x86, 0xdc, 0xff, 0x29, 0x86, 0xdc, 0xff, 0x29, 0x86, 0xdc, 0xff,
    0x29, 0x86, 0xdc, 0xff, 0x29, 0x86, 0xdc, 0xff, 0x29, 0x86, 0xdc, 0xff, 0x29, 0x86, 0xdc, 0xff,
    0x29, 0x86, 0xdc, 0xff, 0x29, 0x86, 0xdc, 0xff, 0x29, 0x86, 0xdc, 0xff, 0x29, 0x86, 0xdc, 0xff,
    0x29, 0x86, 0xdc, 0xff, 0x29, 0x86, 0xdc, 0xff, 0x29, 0x86, 0xdc, 0xff, 0x29, 0x86, 0xdc, 0xff,
    0x29, 0x86, 0xdc, 0xff, 0x29, 0x86, 0xdc, 0xff, 0x29, 0x86, 0xdc, 0xff, 0x29, 0x86, 0xdc, 0xff,
    0x29, 0x86, 0xdc, 0xff, 0x29, 0x86, 0xdc, 0xff, 0x2c, 0x88, 0xdc, 0xff, 0xa4, 0xcc, 0xf0, 0xff,
    0xf8, 0xfb, 0xfe, 0xff, 0xff, 0xff, 0xff, 0xff, 0xe0, 0xed, 0xfa, 0xff, 0x62, 0xa6, 0xe5, 0xff,
    0x29, 0x86, 0xdc, 0xff, 0x29, 0x86, 0xdc, 0xff, 0x29, 0x86, 0xdc, 0xff, 0x29, 0x86, 0xdc, 0xff,
    0x29, 0x86, 0xdc, 0xff, 0x29, 0x86, 0xdc, 0xff, 0x29, 0x86, 0xdc, 0xff, 0x29, 0x86, 0xdc, 0xff,
    0x29, 0x86, 0xdc, 0xff, 0x29, 0x86, 0xdc, 0xff, 0x29, 0x86, 0xdc, 0xff, 0x29, 0x86, 0xdc, 0xff,
    0x29, 0x86, 0xdc, 0xff, 0x29, 0x86, 0xdc, 0xff, 0x29, 0x86, 0xdc, 0xff, 0x29, 0x86, 0xdc, 0xff,
    0x29, 0x86, 0xdc, 0xff, 0x29, 0x86, 0xdc, 0xff, 0x29, 0x86, 0xdc, 0xff, 0x29, 0x86, 0xdc, 0xff,
    0x29, 0x86, 0xdc, 0xff, 0x29, 0x86, 0xdc, 0xff, 0x29, 0x86, 0xdc, 0xff, 0x29, 0x86, 0xdc, 0xff,
    0x29, 0x86, 0xdc, 0xff, 0x29, 0x86, 0xdc, 0xff, 0x29, 0x86, 0xdc, 0xff, 0x29, 0x86, 0xdc, 0xff,
    0x29, 0x86, 0xdc, 0xff, 0x29, 0x86, 0xdc, 0xff, 0x29, 0x86, 0xdc, 0xff, 0x29, 0x86, 0xdc, 0xff,
    0x29, 0x86, 0xdc, 0xff, 0x29, 0x86, 0xdc, 0xff, 0x29, 0x86, 0xdc, 0xff, 0x29, 0x86, 0xdc, 0xff,
    0x29, 0x86, 0xdc, 0xff, 0x29, 0x86, 0xdc, 0xff, 0x29, 0x86, 0xdc, 0xff, 0x29, 0x86, 0xdc, 0xff,
    0x29, 0x86, 0xdc, 0xff, 0x29, 0x86, 0xdc, 0xff, 0x29, 0x86, 0xdc, 0xff, 0x29, 0x86, 0xdc, 0xff,
    0x29, 0x86, 0xdc, 0xff, 0x29, 0x86, 0xdc, 0xff, 0x29, 0x86, 0xdc, 0xff, 0x29, 0x86, 0xdc, 0xff,
    0x8d, 0xbe, 0xec, 0xff, 0xf5, 0xf9, 0xfd, 0xff, 0xff, 0xff, 0xff, 0xff, 0xf1, 0xf7, 0xfc, 0xff,
    0x6b, 0xab, 0xe7, 0xff, 0x29, 0x86, 0xdc, 0xff, 0x29, 0x86, 0xdc, 0xff, 0x29, 0x86, 0xdc, 0xff,
    0x29, 0x86, 0xdc, 0xff, 0x29, 0x86, 0xdc, 0xff, 0x29, 0x86, 0xdc, 0xff, 0x29, 0x86, 0xdc, 0xff,
    0x29, 0x86, 0xdc, 0xff, 0x29, 0x86, 0xdc, 0xff, 0x29, 0x86, 0xdc, 0xff, 0x29, 0x86, 0xdc, 0xff,
    0x29, 0x86, 0xdc, 0xff, 0x29, 0x86, 0xdc, 0xff, 0x29, 0x86, 0xdc, 0xff, 0x29, 0x86, 0xdc, 0xff,
    0x29, 0x86, 0xdc, 0xff, 0x29, 0x86, 0xdc, 0xff, 0x29, 0x86, 0xdc, 0xff, 0x29, 0x86, 0xdc, 0xff,
    0x29, 0x86, 0xdc, 0xff, 0x29, 0x86, 0xdc, 0xff, 0x29, 0x86, 0xdc, 0xff, 0x29, 0x86, 0xdc, 0xff,
    0x29, 0x86, 0xdc, 0xff, 0x29, 0x86, 0xdc, 0xff, 0x29, 0x86, 0xdc, 0xff, 0x29, 0x86, 0xdc, 0xff,
    0x29, 0x86, 0xdc, 0xff, 0x29, 0x86, 0xdc, 0xff, 0x29, 0x86, 0xdc, 0xff, 0x29, 0x86, 0xdc, 0xff,
    0x29, 0x86, 0xdc, 0xff, 0x29, 0x86, 0xdc, 0xff, 0x29, 0x86, 0xdc, 0xff, 0x29, 0x86, 0xdc, 0xff,
    0x28, 0x86, 0xdb, 0xd7, 0x00, 0x00, 0x00, 0x00, 0x00, 0x00, 0x00, 0x00, 0x28, 0x86, 0xdc, 0x8b,
    0x29, 0x86, 0xdc, 0xff, 0x29, 0x86, 0xdc, 0xff, 0x29, 0x86, 0xdc, 0xff, 0x29, 0x86, 0xdc, 0xff,
    0x29, 0x86, 0xdc, 0xff, 0x29, 0x86, 0xdc, 0xff, 0x29, 0x86, 0xdc, 0xff, 0x29, 0x86, 0xdc, 0xff,
    0x29, 0x86, 0xdc, 0xff, 0x29, 0x86, 0xdc, 0xff, 0x29, 0x86, 0xdc, 0xff, 0x29, 0x86, 0xdc, 0xff,
    0x29, 0x86, 0xdc, 0xff, 0x29, 0x86, 0xdc, 0xff, 0x29, 0x86, 0xdc, 0xff, 0x29, 0x86, 0xdc, 0xff,
    0x29, 0x86, 0xdc, 0xff, 0x29, 0x86, 0xdc, 0xff, 0x29, 0x86, 0xdc, 0xff, 0x29, 0x86, 0xdc, 0xff,
    0x29, 0x86, 0xdc, 0xff, 0x29, 0x86, 0xdc, 0xff, 0x29, 0x86, 0xdc, 0xff, 0x29, 0x86, 0xdc, 0xff,
    0x29, 0x86, 0xdc, 0xff, 0x29, 0x86, 0xdc, 0xff, 0x29, 0x86, 0xdc, 0xff, 0x29, 0x86, 0xdc, 0xff,
    0x29, 0x86, 0xdc, 0xff, 0x29, 0x86, 0xdc, 0xff, 0x29, 0x86, 0xdc, 0xff, 0x29, 0x86, 0xdc, 0xff,
    0x29, 0x86, 0xdc, 0xff, 0x29, 0x86, 0xdc, 0xff, 0x33, 0x8b, 0xdd, 0xff, 0x40, 0x93, 0xe0, 0xff,
    0x2c, 0x87, 0xdc, 0xff, 0x29, 0x86, 0xdc, 0xff, 0x29, 0x86, 0xdc, 0xff, 0x29, 0x86, 0xdc, 0xff,
    0x29, 0x86, 0xdc, 0xff, 0x29, 0x86, 0xdc, 0xff, 0x29, 0x86, 0xdc, 0xff, 0x29, 0x86, 0xdc, 0xff,
    0x29, 0x86, 0xdc, 0xff, 0x29, 0x86, 0xdc, 0xff, 0x29, 0x86, 0xdc, 0xff, 0x29, 0x86, 0xdc, 0xff,
    0x29, 0x86, 0xdc, 0xff, 0x29, 0x86, 0xdc, 0xff, 0x29, 0x86, 0xdc, 0xff, 0x29, 0x86, 0xdc, 0xff,
    0x29, 0x86, 0xdc, 0xff, 0x29, 0x86, 0xdc, 0xff, 0x29, 0x86, 0xdc, 0xff, 0x29, 0x86, 0xdc, 0xff,
    0x29, 0x86, 0xdc, 0xff, 0x29, 0x86, 0xdc, 0xff, 0x29, 0x86, 0xdc, 0xff, 0x29, 0x86, 0xdc, 0xff,
    0x29, 0x86, 0xdc, 0xff, 0x29, 0x86, 0xdc, 0xff, 0x29, 0x86, 0xdc, 0xff, 0x29, 0x86, 0xdc, 0xff,
    0x29, 0x86, 0xdc, 0xff, 0x29, 0x86, 0xdc, 0xff, 0x29, 0x86, 0xdc, 0xff, 0x29, 0x86, 0xdc, 0xff,
    0x29, 0x86, 0xdc, 0xff, 0x29, 0x86, 0xdc, 0xff, 0x29, 0x86, 0xdc, 0xff, 0x29, 0x86, 0xdc, 0xff,
    0x29, 0x86, 0xdc, 0xff, 0x29, 0x86, 0xdc, 0xff, 0x29, 0x86, 0xdc, 0xff, 0x29, 0x86, 0xdc, 0xff,
    0x29, 0x86, 0xdc, 0xff, 0x29, 0x86, 0xdc, 0xff, 0x29, 0x86, 0xdc, 0xff, 0x29, 0x86, 0xdc, 0xff,
    0x29, 0x86, 0xdc, 0xff, 0x29, 0x86, 0xdc, 0xff, 0x29, 0x86, 0xdc, 0xff, 0x29, 0x86, 0xdc, 0xff,
    0x29, 0x86, 0xdc, 0xff, 0x29, 0x86, 0xdc, 0xff, 0x29, 0x86, 0xdc, 0xff, 0x2f, 0x89, 0xdd, 0xff,
    0x44, 0x95, 0xe0, 0xff, 0x2c, 0x87, 0xdc, 0xff, 0x29, 0x86, 0xdc, 0xff, 0x29, 0x86, 0xdc, 0xff,
    0x29, 0x86, 0xdc, 0xff, 0x29, 0x86, 0xdc, 0xff, 0x29, 0x86, 0xdc, 0xff, 0x29, 0x86, 0xdc, 0xff,
    0x29, 0x86, 0xdc, 0xff, 0x29, 0x86, 0xdc, 0xff, 0x29, 0x86, 0xdc, 0xff, 0x29, 0x86, 0xdc, 0xff,
    0x29, 0x86, 0xdc, 0xff, 0x29, 0x86, 0xdc, 0xff, 0x29, 0x86, 0xdc, 0xff, 0x29, 0x86, 0xdc, 0xff,
    0x29, 0x86, 0xdc, 0xff, 0x29, 0x86, 0xdc, 0xff, 0x29, 0x86, 0xdc, 0xff, 0x29, 0x86, 0xdc, 0xff,
    0x29, 0x86, 0xdc, 0xff, 0x29, 0x86, 0xdc, 0xff, 0x29, 0x86, 0xdc, 0xff, 0x29, 0x86, 0xdc, 0xff,
    0x29, 0x86, 0xdc, 0xff, 0x29, 0x86, 0xdc, 0xff, 0x29, 0x86, 0xdc, 0xff, 0x29, 0x86, 0xdc, 0xff,
    0x29, 0x86, 0xdc, 0xff, 0x29, 0x86, 0xdc, 0xff, 0x29, 0x86, 0xdc, 0xff, 0x29, 0x86, 0xdc, 0xff,
    0x29, 0x86, 0xdc, 0xff, 0x29, 0x86, 0xdc, 0xff, 0x29, 0x86, 0xdc, 0xff, 0x29, 0x86, 0xdc, 0xff,
    0x29, 0x86, 0xdc, 0xff, 0x29, 0x86, 0xdc, 0xff, 0x28, 0x86, 0xdc, 0x8b, 0x00, 0x00, 0x00, 0x00,
    0x00, 0x00, 0x00, 0x00, 0x29, 0x84, 0xdb, 0x38, 0x29, 0x86, 0xdc, 0xff, 0x29, 0x86, 0xdc, 0xff,
    0x29, 0x86, 0xdc, 0xff, 0x29, 0x86, 0xdc, 0xff, 0x29, 0x86, 0xdc, 0xff, 0x29, 0x86, 0xdc, 0xff,
    0x29, 0x86, 0xdc, 0xff, 0x29, 0x86, 0xdc, 0xff, 0x29, 0x86, 0xdc, 0xff, 0x29, 0x86, 0xdc, 0xff,
    0x29, 0x86, 0xdc, 0xff, 0x29, 0x86, 0xdc, 0xff, 0x29, 0x86, 0xdc, 0xff, 0x29, 0x86, 0xdc, 0xff,
    0x29, 0x86, 0xdc, 0xff, 0x29, 0x86, 0xdc, 0xff, 0x29, 0x86, 0xdc, 0xff, 0x29, 0x86, 0xdc, 0xff,
    0x29, 0x86, 0xdc, 0xff, 0x29, 0x86, 0xdc, 0xff, 0x29, 0x86, 0xdc, 0xff, 0x29, 0x86, 0xdc, 0xff,
    0x29, 0x86, 0xdc, 0xff, 0x29, 0x86, 0xdc, 0xff, 0x29, 0x86, 0xdc, 0xff, 0x29, 0x86, 0xdc, 0xff,
    0x29, 0x86, 0xdc, 0xff, 0x29, 0x86, 0xdc, 0xff, 0x29, 0x86, 0xdc, 0xff, 0x29, 0x86, 0xdc, 0xff,
    0x29, 0x86, 0xdc, 0xff, 0x29, 0x86, 0xdc, 0xff, 0x29, 0x86, 0xdc, 0xff, 0x29, 0x86, 0xdc, 0xff,
    0x29, 0x86, 0xdc, 0xff, 0x29, 0x86, 0xdc, 0xff, 0x29, 0x86, 0xdc, 0xff, 0x29, 0x86, 0xdc, 0xff,
    0x29, 0x86, 0xdc, 0xff, 0x29, 0x86, 0xdc, 0xff, 0x29, 0x86, 0xdc, 0xff, 0x29, 0x86, 0xdc, 0xff,
    0x29, 0x86, 0xdc, 0xff, 0x29, 0x86, 0xdc, 0xff, 0x29, 0x86, 0xdc, 0xff, 0x29, 0x86, 0xdc, 0xff,
    0x29, 0x86, 0xdc, 0xff, 0x29, 0x86, 0xdc, 0xff, 0x29, 0x86, 0xdc, 0xff, 0x29, 0x86, 0xdc, 0xff,
    0x29, 0x86, 0xdc, 0xff, 0x29, 0x86, 0xdc, 0xff, 0x29, 0x86, 0xdc, 0xff, 0x29, 0x86, 0xdc, 0xff,
    0x29, 0x86, 0xdc, 0xff, 0x29, 0x86, 0xdc, 0xff, 0x29, 0x86, 0xdc, 0xff, 0x29, 0x86, 0xdc, 0xff,
    0x29, 0x86, 0xdc, 0xff, 0x29, 0x86, 0xdc, 0xff, 0x29, 0x86, 0xdc, 0xff, 0x29, 0x86, 0xdc, 0xff,
    0x29, 0x86, 0xdc, 0xff, 0x29, 0x86, 0xdc, 0xff, 0x29, 0x86, 0xdc, 0xff, 0x29, 0x86, 0xdc, 0xff,
    0x29, 0x86, 0xdc, 0xff, 0x29, 0x86, 0xdc, 0xff, 0x29, 0x86, 0xdc, 0xff, 0x29, 0x86, 0xdc, 0xff,
    0x29, 0x86, 0xdc, 0xff, 0x29, 0x86, 0xdc, 0xff, 0x29, 0x86, 0xdc, 0xff, 0x29, 0x86, 0xdc, 0xff,
    0x29, 0x86, 0xdc, 0xff, 0x29, 0x86, 0xdc, 0xff, 0x29, 0x86, 0xdc, 0xff, 0x29, 0x86, 0xdc, 0xff,
    0x29, 0x86, 0xdc, 0xff, 0x29, 0x86, 0xdc, 0xff, 0x29, 0x86, 0xdc, 0xff, 0x29, 0x86, 0xdc, 0xff,
    0x29, 0x86, 0xdc, 0xff, 0x29, 0x86, 0xdc, 0xff, 0x29, 0x86, 0xdc, 0xff, 0x29, 0x86, 0xdc, 0xff,
    0x29, 0x86, 0xdc, 0xff, 0x29, 0x86, 0xdc, 0xff, 0x29, 0x86, 0xdc, 0xff, 0x29, 0x86, 0xdc, 0xff,
    0x29, 0x86, 0xdc, 0xff, 0x29, 0x86, 0xdc, 0xff, 0x29, 0x86, 0xdc, 0xff, 0x29, 0x86, 0xdc, 0xff,
    0x29, 0x86, 0xdc, 0xff, 0x29, 0x86, 0xdc, 0xff, 0x29, 0x86, 0xdc, 0xff, 0x29, 0x86, 0xdc, 0xff,
    0x29, 0x86, 0xdc, 0xff, 0x29, 0x86, 0xdc, 0xff, 0x29, 0x86, 0xdc, 0xff, 0x29, 0x86, 0xdc, 0xff,
    0x29, 0x86, 0xdc, 0xff, 0x29, 0x86, 0xdc, 0xff, 0x29, 0x86, 0xdc, 0xff, 0x29, 0x86, 0xdc, 0xff,
    0x29, 0x86, 0xdc, 0xff, 0x29, 0x86, 0xdc, 0xff, 0x29, 0x86, 0xdc, 0xff, 0x29, 0x86, 0xdc, 0xff,
    0x29, 0x86, 0xdc, 0xff, 0x29, 0x86, 0xdc, 0xff, 0x29, 0x86, 0xdc, 0xff, 0x29, 0x86, 0xdc, 0xff,
    0x29, 0x86, 0xdc, 0xff, 0x29, 0x86, 0xdc, 0xff, 0x29, 0x86, 0xdc, 0xff, 0x29, 0x86, 0xdc, 0xff,
    0x29, 0x86, 0xdc, 0xff, 0x29, 0x86, 0xdc, 0xff, 0x29, 0x86, 0xdc, 0xff, 0x29, 0x86, 0xdc, 0xff,
    0x29, 0x86, 0xdc, 0xff, 0x29, 0x86, 0xdc, 0xff, 0x29, 0x86, 0xdc, 0xff, 0x29, 0x86, 0xdc, 0xff,
    0x2a, 0x86, 0xdf, 0x37, 0x00, 0x00, 0x00, 0x00, 0x00, 0x00, 0x00, 0x00, 0x00, 0x00, 0x00, 0x00,
    0x29, 0x86, 0xdc, 0xdb, 0x29, 0x86, 0xdc, 0xff, 0x29, 0x86, 0xdc, 0xff, 0x29, 0x86, 0xdc, 0xff,
    0x29, 0x86, 0xdc, 0xff, 0x29, 0x86, 0xdc, 0xff, 0x29, 0x86, 0xdc, 0xff, 0x29, 0x86, 0xdc, 0xff,
    0x29, 0x86, 0xdc, 0xff, 0x29, 0x86, 0xdc, 0xff, 0x29, 0x86, 0xdc, 0xff, 0x29, 0x86, 0xdc, 0xff,
    0x29, 0x86, 0xdc, 0xff, 0x29, 0x86, 0xdc, 0xff, 0x29, 0x86, 0xdc, 0xff, 0x29, 0x86, 0xdc, 0xff,
    0x29, 0x86, 0xdc, 0xff, 0x29, 0x86, 0xdc, 0xff, 0x29, 0x86, 0xdc, 0xff, 0x29, 0x86, 0xdc, 0xff,
    0x29, 0x86, 0xdc, 0xff, 0x29, 0x86, 0xdc, 0xff, 0x29, 0x86, 0xdc, 0xff, 0x29, 0x86, 0xdc, 0xff,
    0x29, 0x86, 0xdc, 0xff, 0x29, 0x86, 0xdc, 0xff, 0x29, 0x86, 0xdc, 0xff, 0x29, 0x86, 0xdc, 0xff,
    0x29, 0x86, 0xdc, 0xff, 0x29, 0x86, 0xdc, 0xff, 0x29, 0x86, 0xdc, 0xff, 0x29, 0x86, 0xdc, 0xff,
    0x29, 0x86, 0xdc, 0xff, 0x29, 0x86, 0xdc, 0xff, 0x29, 0x86, 0xdc, 0xff, 0x29, 0x86, 0xdc, 0xff,
    0x29, 0x86, 0xdc, 0xff, 0x29, 0x86, 0xdc, 0xff, 0x29, 0x86, 0xdc, 0xff, 0x29, 0x86, 0xdc, 0xff,
    0x29, 0x86, 0xdc, 0xff, 0x29, 0x86, 0xdc, 0xff, 0x29, 0x86, 0xdc, 0xff, 0x29, 0x86, 0xdc, 0xff,
    0x29, 0x86, 0xdc, 0xff, 0x29, 0x86, 0xdc, 0xff, 0x29, 0x86, 0xdc, 0xff, 0x29, 0x86, 0xdc, 0xff,
    0x29, 0x86, 0xdc, 0xff, 0x29, 0x86, 0xdc, 0xff, 0x29, 0x86, 0xdc, 0xff, 0x29, 0x86, 0xdc, 0xff,
    0x29, 0x86, 0xdc, 0xff, 0x29, 0x86, 0xdc, 0xff, 0x29, 0x86, 0xdc, 0xff, 0x29, 0x86, 0xdc, 0xff,
    0x29, 0x86, 0xdc, 0xff, 0x29, 0x86, 0xdc, 0xff, 0x29, 0x86, 0xdc, 0xff, 0x29, 0x86, 0xdc, 0xff,
    0x29, 0x86, 0xdc, 0xff, 0x29, 0x86, 0xdc, 0xff, 0x29, 0x86, 0xdc, 0xff, 0x29, 0x86, 0xdc, 0xff,
    0x29, 0x86, 0xdc, 0xff, 0x29, 0x86, 0xdc, 0xff, 0x29, 0x86, 0xdc, 0xff, 0x29, 0x86, 0xdc, 0xff,
    0x29, 0x86, 0xdc, 0xff, 0x29, 0x86, 0xdc, 0xff, 0x29, 0x86, 0xdc, 0xff, 0x29, 0x86, 0xdc, 0xff,
    0x29, 0x86, 0xdc, 0xff, 0x29, 0x86, 0xdc, 0xff, 0x29, 0x86, 0xdc, 0xff, 0x29, 0x86, 0xdc, 0xff,
    0x29, 0x86, 0xdc, 0xff, 0x29, 0x86, 0xdc, 0xff, 0x29, 0x86, 0xdc, 0xff, 0x29, 0x86, 0xdc, 0xff,
    0x29, 0x86, 0xdc, 0xff, 0x29, 0x86, 0xdc, 0xff, 0x29, 0x86, 0xdc, 0xff, 0x29, 0x86, 0xdc, 0xff,
    0x29, 0x86, 0xdc, 0xff, 0x29, 0x86, 0xdc, 0xff, 0x29, 0x86, 0xdc, 0xff, 0x29, 0x86, 0xdc, 0xff,
    0x29, 0x86, 0xdc, 0xff, 0x29, 0x86, 0xdc, 0xff, 0x29, 0x86, 0xdc, 0xff, 0x29, 0x86, 0xdc, 0xff,
    0x29, 0x86, 0xdc, 0xff, 0x29, 0x86, 0xdc, 0xff, 0x29, 0x86, 0xdc, 0xff, 0x29, 0x86, 0xdc, 0xff,
    0x29, 0x86, 0xdc, 0xff, 0x29, 0x86, 0xdc, 0xff, 0x29, 0x86, 0xdc, 0xff, 0x29, 0x86, 0xdc, 0xff,
    0x29, 0x86, 0xdc, 0xff, 0x29, 0x86, 0xdc, 0xff, 0x29, 0x86, 0xdc, 0xff, 0x29, 0x86, 0xdc, 0xff,
    0x29, 0x86, 0xdc, 0xff, 0x29, 0x86, 0xdc, 0xff, 0x29, 0x86, 0xdc, 0xff, 0x29, 0x86, 0xdc, 0xff,
    0x29, 0x86, 0xdc, 0xff, 0x29, 0x86, 0xdc, 0xff, 0x29, 0x86, 0xdc, 0xff, 0x29, 0x86, 0xdc, 0xff,
    0x29, 0x86, 0xdc, 0xff, 0x29, 0x86, 0xdc, 0xff, 0x29, 0x86, 0xdc, 0xff, 0x29, 0x86, 0xdc, 0xff,
    0x29, 0x86, 0xdc, 0xff, 0x29, 0x86, 0xdc, 0xff, 0x29, 0x86, 0xdc, 0xff, 0x29, 0x86, 0xdc, 0xff,
    0x29, 0x86, 0xdc, 0xff, 0x29, 0x86, 0xdc, 0xff, 0x29, 0x86, 0xdc, 0xff, 0x29, 0x86, 0xdc, 0xff,
    0x29, 0x86, 0xdc, 0xff, 0x29, 0x86, 0xdc, 0xdf, 0x00, 0x00, 0x00, 0x00, 0x00, 0x00, 0x00, 0x00,
    0x00, 0x00, 0x00, 0x00, 0x00, 0x00, 0x00, 0x00, 0x28, 0x85, 0xdc, 0x73, 0x29, 0x86, 0xdc, 0xff,
    0x29, 0x86, 0xdc, 0xff, 0x29, 0x86, 0xdc, 0xff, 0x29, 0x86, 0xdc, 0xff, 0x29, 0x86, 0xdc, 0xff,
    0x29, 0x86, 0xdc, 0xff, 0x29, 0x86, 0xdc, 0xff, 0x29, 0x86, 0xdc, 0xff, 0x29, 0x86, 0xdc, 0xff,
    0x29, 0x86, 0xdc, 0xff, 0x29, 0x86, 0xdc, 0xff, 0x29, 0x86, 0xdc, 0xff, 0x29, 0x86, 0xdc, 0xff,
    0x29, 0x86, 0xdc, 0xff, 0x29, 0x86, 0xdc, 0xff, 0x29, 0x86, 0xdc, 0xff, 0x29, 0x86, 0xdc, 0xff,
    0x29, 0x86, 0xdc, 0xff, 0x29, 0x86, 0xdc, 0xff, 0x29, 0x86, 0xdc, 0xff, 0x29, 0x86, 0xdc, 0xff,
    0x29, 0x86, 0xdc, 0xff, 0x29, 0x86, 0xdc, 0xff, 0x29, 0x86, 0xdc, 0xff, 0x29, 0x86, 0xdc, 0xff,
    0x29, 0x86, 0xdc, 0xff, 0x29, 0x86, 0xdc, 0xff, 0x29, 0x86, 0xdc, 0xff, 0x29, 0x86, 0xdc, 0xff,
    0x29, 0x86, 0xdc, 0xff, 0x29, 0x86, 0xdc, 0xff, 0x29, 0x86, 0xdc, 0xff, 0x29, 0x86, 0xdc, 0xff,
    0x29, 0x86, 0xdc, 0xff, 0x29, 0x86, 0xdc, 0xff, 0x29, 0x86, 0xdc, 0xff, 0x29, 0x86, 0xdc, 0xff,
    0x29, 0x86, 0xdc, 0xff, 0x29, 0x86, 0xdc, 0xff, 0x29, 0x86, 0xdc, 0xff, 0x29, 0x86, 0xdc, 0xff,
    0x29, 0x86, 0xdc, 0xff, 0x29, 0x86, 0xdc, 0xff, 0x29, 0x86, 0xdc, 0xff, 0x29, 0x86, 0xdc, 0xff,
    0x29, 0x86, 0xdc, 0xff, 0x29, 0x86, 0xdc, 0xff, 0x29, 0x86, 0xdc, 0xff, 0x29, 0x86, 0xdc, 0xff,
    0x29, 0x86, 0xdc, 0xff, 0x29, 0x86, 0xdc, 0xff, 0x29, 0x86, 0xdc, 0xff, 0x29, 0x86, 0xdc, 0xff,
    0x29, 0x86, 0xdc, 0xff, 0x29, 0x86, 0xdc, 0xff, 0x29, 0x86, 0xdc, 0xff, 0x29, 0x86, 0xdc, 0xff,
    0x29, 0x86, 0xdc, 0xff, 0x29, 0x86, 0xdc, 0xff, 0x29, 0x86, 0xdc, 0xff, 0x29, 0x86, 0xdc, 0xff,
    0x29, 0x86, 0xdc, 0xff, 0x29, 0x86, 0xdc, 0xff, 0x29, 0x86, 0xdc, 0xff, 0x29, 0x86, 0xdc, 0xff,
    0x29, 0x86, 0xdc, 0xff, 0x29, 0x86, 0xdc, 0xff, 0x29, 0x86, 0xdc, 0xff, 0x29, 0x86, 0xdc, 0xff,
    0x29, 0x86, 0xdc, 0xff, 0x29, 0x86, 0xdc, 0xff, 0x29, 0x86, 0xdc, 0xff, 0x29, 0x86, 0xdc, 0xff,
    0x29, 0x86, 0xdc, 0xff, 0x29, 0x86, 0xdc, 0xff, 0x29, 0x86, 0xdc, 0xff, 0x29, 0x86, 0xdc, 0xff,
    0x29, 0x86, 0xdc, 0xff, 0x29, 0x86, 0xdc, 0xff, 0x29, 0x86, 0xdc, 0xff, 0x29, 0x86, 0xdc, 0xff,
    0x29, 0x86, 0xdc, 0xff, 0x29, 0x86, 0xdc, 0xff, 0x29, 0x86, 0xdc, 0xff, 0x29, 0x86, 0xdc, 0xff,
    0x29, 0x86, 0xdc, 0xff, 0x29, 0x86, 0xdc, 0xff, 0x29, 0x86, 0xdc, 0xff, 0x29, 0x86, 0xdc, 0xff,
    0x29, 0x86, 0xdc, 0xff, 0x29, 0x86, 0xdc, 0xff, 0x29, 0x86, 0xdc, 0xff, 0x29, 0x86, 0xdc, 0xff,
    0x29, 0x86, 0xdc, 0xff, 0x29, 0x86, 0xdc, 0xff, 0x29, 0x86, 0xdc, 0xff, 0x29, 0x86, 0xdc, 0xff,
    0x29, 0x86, 0xdc, 0xff, 0x29, 0x86, 0xdc, 0xff, 0x29, 0x86, 0xdc, 0xff, 0x29, 0x86, 0xdc, 0xff,
    0x29, 0x86, 0xdc, 0xff, 0x29, 0x86, 0xdc, 0xff, 0x29, 0x86, 0xdc, 0xff, 0x29, 0x86, 0xdc, 0xff,
    0x29, 0x86, 0xdc, 0xff, 0x29, 0x86, 0xdc, 0xff, 0x29, 0x86, 0xdc, 0xff, 0x29, 0x86, 0xdc, 0xff,
    0x29, 0x86, 0xdc, 0xff, 0x29, 0x86, 0xdc, 0xff, 0x29, 0x86, 0xdc, 0xff, 0x29, 0x86, 0xdc, 0xff,
    0x29, 0x86, 0xdc, 0xff, 0x29, 0x86, 0xdc, 0xff, 0x29, 0x86, 0xdc, 0xff, 0x29, 0x86, 0xdc, 0xff,
    0x29, 0x86, 0xdc, 0xff, 0x29, 0x86, 0xdc, 0xff, 0x29, 0x86, 0xdc, 0xff, 0x29, 0x86, 0xdc, 0xff,
    0x29, 0x86, 0xdc, 0xff, 0x29, 0x86, 0xdc, 0xff, 0x29, 0x86, 0xdc, 0xff, 0x28, 0x87, 0xdc, 0x73,
    0x00, 0x00, 0x00, 0x00, 0x00, 0x00, 0x00, 0x00, 0x00, 0x00, 0x00, 0x00, 0x00, 0x00, 0x00, 0x00,
    0x20, 0x80, 0xcf, 0x10, 0x29, 0x85, 0xdc, 0xef, 0x29, 0x86, 0xdc, 0xff, 0x29, 0x86, 0xdc, 0xff,
    0x29, 0x86, 0xdc, 0xff, 0x29, 0x86, 0xdc, 0xff, 0x29, 0x86, 0xdc, 0xff, 0x29, 0x86, 0xdc, 0xff,
    0x29, 0x86, 0xdc, 0xff, 0x29, 0x86, 0xdc, 0xff, 0x29, 0x86, 0xdc, 0xff, 0x29, 0x86, 0xdc, 0xff,
    0x29, 0x86, 0xdc, 0xff, 0x29, 0x86, 0xdc, 0xff, 0x29, 0x86, 0xdc, 0xff, 0x29, 0x86, 0xdc, 0xff,
    0x29, 0x86, 0xdc, 0xff, 0x29, 0x86, 0xdc, 0xff, 0x29, 0x86, 0xdc, 0xff, 0x29, 0x86, 0xdc, 0xff,
    0x29, 0x86, 0xdc, 0xff, 0x29, 0x86, 0xdc, 0xff, 0x29, 0x86, 0xdc, 0xff, 0x29, 0x86, 0xdc, 0xff,
    0x29, 0x86, 0xdc, 0xff, 0x29, 0x86, 0xdc, 0xff, 0x29, 0x86, 0xdc, 0xff, 0x29, 0x86, 0xdc, 0xff,
    0x29, 0x86, 0xdc, 0xff, 0x29, 0x86, 0xdc, 0xff, 0x29, 0x86, 0xdc, 0xff, 0x29, 0x86, 0xdc, 0xff,
    0x29, 0x86, 0xdc, 0xff, 0x29, 0x86, 0xdc, 0xff, 0x29, 0x86, 0xdc, 0xff, 0x29, 0x86, 0xdc, 0xff,
    0x29, 0x86, 0xdc, 0xff, 0x29, 0x86, 0xdc, 0xff, 0x29, 0x86, 0xdc, 0xff, 0x29, 0x86, 0xdc, 0xff,
    0x29, 0x86, 0xdc, 0xff, 0x29, 0x86, 0xdc, 0xff, 0x29, 0x86, 0xdc, 0xff, 0x29, 0x86, 0xdc, 0xff,
    0x29, 0x86, 0xdc, 0xff, 0x29, 0x86, 0xdc, 0xff, 0x29, 0x86, 0xdc, 0xff, 0x29, 0x86, 0xdc, 0xff,
    0x29, 0x86, 0xdc, 0xff, 0x29, 0x86, 0xdc, 0xff, 0x29, 0x86, 0xdc, 0xff, 0x29, 0x86, 0xdc, 0xff,
    0x29, 0x86, 0xdc, 0xff, 0x29, 0x86, 0xdc, 0xff, 0x29, 0x86, 0xdc, 0xff, 0x29, 0x86, 0xdc, 0xff,
    0x29, 0x86, 0xdc, 0xff, 0x29, 0x86, 0xdc, 0xff, 0x29, 0x86, 0xdc, 0xff, 0x29, 0x86, 0xdc, 0xff,
    0x29, 0x86, 0xdc, 0xff, 0x29, 0x86, 0xdc, 0xff, 0x29, 0x86, 0xdc, 0xff, 0x29, 0x86, 0xdc, 0xff,
    0x29, 0x86, 0xdc, 0xff, 0x29, 0x86, 0xdc, 0xff, 0x29, 0x86, 0xdc, 0xff, 0x29, 0x86, 0xdc, 0xff,
    0x29, 0x86, 0xdc, 0xff, 0x29, 0x86, 0xdc, 0xff, 0x29, 0x86, 0xdc, 0xff, 0x29, 0x86, 0xdc, 0xff,
    0x29, 0x86, 0xdc, 0xff, 0x29, 0x86, 0xdc, 0xff, 0x29, 0x86, 0xdc, 0xff, 0x29, 0x86, 0xdc, 0xff,
    0x29, 0x86, 0xdc, 0xff, 0x29, 0x86, 0xdc, 0xff, 0x29, 0x86, 0xdc, 0xff, 0x29, 0x86, 0xdc, 0xff,
    0x29, 0x86, 0xdc, 0xff, 0x29, 0x86, 0xdc, 0xff, 0x29, 0x86, 0xdc, 0xff, 0x29, 0x86, 0xdc, 0xff,
    0x29, 0x86, 0xdc, 0xff, 0x29, 0x86, 0xdc, 0xff, 0x29, 0x86, 0xdc, 0xff, 0x29, 0x86, 0xdc, 0xff,
    0x29, 0x86, 0xdc, 0xff, 0x29, 0x86, 0xdc, 0xff, 0x29, 0x86, 0xdc, 0xff, 0x29, 0x86, 0xdc, 0xff,
    0x29, 0x86, 0xdc, 0xff, 0x29, 0x86, 0xdc, 0xff, 0x29, 0x86, 0xdc, 0xff, 0x29, 0x86, 0xdc, 0xff,
    0x29, 0x86, 0xdc, 0xff, 0x29, 0x86, 0xdc, 0xff, 0x29, 0x86, 0xdc, 0xff, 0x29, 0x86, 0xdc, 0xff,
    0x29, 0x86, 0xdc, 0xff, 0x29, 0x86, 0xdc, 0xff, 0x29, 0x86, 0xdc, 0xff, 0x29, 0x86, 0xdc, 0xff,
    0x29, 0x86, 0xdc, 0xff, 0x29, 0x86, 0xdc, 0xff, 0x29, 0x86, 0xdc, 0xff, 0x29, 0x86, 0xdc, 0xff,
    0x29, 0x86, 0xdc, 0xff, 0x29, 0x86, 0xdc, 0xff, 0x29, 0x86, 0xdc, 0xff, 0x29, 0x86, 0xdc, 0xff,
    0x29, 0x86, 0xdc, 0xff, 0x29, 0x86, 0xdc, 0xff, 0x29, 0x86, 0xdc, 0xff, 0x29, 0x86, 0xdc, 0xff,
    0x29, 0x86, 0xdc, 0xff, 0x29, 0x86, 0xdc, 0xff, 0x29, 0x86, 0xdc, 0xff, 0x29, 0x86, 0xdc, 0xff,
    0x29, 0x86, 0xdc, 0xff, 0x29, 0x86, 0xdc, 0xff, 0x29, 0x86, 0xdc, 0xff, 0x29, 0x86, 0xdc, 0xff,
    0x28, 0x85, 0xdc, 0xf7, 0x20, 0x80, 0xcf, 0x10, 0x00, 0x00, 0x00, 0x00, 0x00, 0x00, 0x00, 0x00,
    0x00, 0x00, 0x00, 0x00, 0x00, 0x00, 0x00, 0x00, 0x00, 0x00, 0x00, 0x00, 0x28, 0x87, 0xdd, 0x7f,
    0x29, 0x86, 0xdc, 0xff, 0x29, 0x86, 0xdc, 0xff, 0x29, 0x86, 0xdc, 0xff, 0x29, 0x86, 0xdc, 0xff,
    0x29, 0x86, 0xdc, 0xff, 0x29, 0x86, 0xdc, 0xff, 0x29, 0x86, 0xdc, 0xff, 0x29, 0x86, 0xdc, 0xff,
    0x29, 0x86, 0xdc, 0xff, 0x29, 0x86, 0xdc, 0xff, 0x29, 0x86, 0xdc, 0xff, 0x29, 0x86, 0xdc, 0xff,
    0x29, 0x86, 0xdc, 0xff, 0x29, 0x86, 0xdc, 0xff, 0x29, 0x86, 0xdc, 0xff, 0x29, 0x86, 0xdc, 0xff,
    0x29, 0x86, 0xdc, 0xff, 0x29, 0x86, 0xdc, 0xff, 0x29, 0x86, 0xdc, 0xff, 0x29, 0x86, 0xdc, 0xff,
    0x29, 0x86, 0xdc, 0xff, 0x29, 0x86, 0xdc, 0xff, 0x29, 0x86, 0xdc, 0xff, 0x29, 0x86, 0xdc, 0xff,
    0x29, 0x86, 0xdc, 0xff, 0x29, 0x86, 0xdc, 0xff, 0x29, 0x86, 0xdc, 0xff, 0x29, 0x86, 0xdc, 0xff,
    0x29, 0x86, 0xdc, 0xff, 0x29, 0x86, 0xdc, 0xff, 0x29, 0x86, 0xdc, 0xff, 0x29, 0x86, 0xdc, 0xff,
    0x29, 0x86, 0xdc, 0xff, 0x29, 0x86, 0xdc, 0xff, 0x29, 0x86, 0xdc, 0xff, 0x29, 0x86, 0xdc, 0xff,
    0x29, 0x86, 0xdc, 0xff, 0x29, 0x86, 0xdc, 0xff, 0x29, 0x86, 0xdc, 0xff, 0x29, 0x86, 0xdc, 0xff,
    0x29, 0x86, 0xdc, 0xff, 0x29, 0x86, 0xdc, 0xff, 0x29, 0x86, 0xdc, 0xff, 0x29, 0x86, 0xdc, 0xff,
    0x29, 0x86, 0xdc, 0xff, 0x29, 0x86, 0xdc, 0xff, 0x29, 0x86, 0xdc, 0xff, 0x29, 0x86, 0xdc, 0xff,
    0x29, 0x86, 0xdc, 0xff, 0x29, 0x86, 0xdc, 0xff, 0x29, 0x86, 0xdc, 0xff, 0x29, 0x86, 0xdc, 0xff,
    0x29, 0x86, 0xdc, 0xff, 0x29, 0x86, 0xdc, 0xff, 0x29, 0x86, 0xdc, 0xff, 0x29, 0x86, 0xdc, 0xff,
    0x29, 0x86, 0xdc, 0xff, 0x29, 0x86, 0xdc, 0xff, 0x29, 0x86, 0xdc, 0xff, 0x29, 0x86, 0xdc, 0xff,
    0x29, 0x86, 0xdc, 0xff, 0x29, 0x86, 0xdc, 0xff, 0x29, 0x86, 0xdc, 0xff, 0x29, 0x86, 0xdc, 0xff,
    0x29, 0x86, 0xdc, 0xff, 0x29, 0x86, 0xdc, 0xff, 0x29, 0x86, 0xdc, 0xff, 0x29, 0x86, 0xdc, 0xff,
    0x29, 0x86, 0xdc, 0xff, 0x29, 0x86, 0xdc, 0xff, 0x29, 0x86, 0xdc, 0xff, 0x29, 0x86, 0xdc, 0xff,
    0x29, 0x86, 0xdc, 0xff, 0x29, 0x86, 0xdc, 0xff, 0x29, 0x86, 0xdc, 0xff, 0x29, 0x86, 0xdc, 0xff,
    0x29, 0x86, 0xdc, 0xff, 0x29, 0x86, 0xdc, 0xff, 0x29, 0x86, 0xdc, 0xff, 0x29, 0x86, 0xdc, 0xff,
    0x29, 0x86, 0xdc, 0xff, 0x29, 0x86, 0xdc, 0xff, 0x29, 0x86, 0xdc, 0xff, 0x29, 0x86, 0xdc, 0xff,
    0x29, 0x86, 0xdc, 0xff, 0x29, 0x86, 0xdc, 0xff, 0x29, 0x86, 0xdc, 0xff, 0x29, 0x86, 0xdc, 0xff,
    0x29, 0x86, 0xdc, 0xff, 0x29, 0x86, 0xdc, 0xff, 0x29, 0x86, 0xdc, 0xff, 0x29, 0x86, 0xdc, 0xff,
    0x29, 0x86, 0xdc, 0xff, 0x29, 0x86, 0xdc, 0xff, 0x29, 0x86, 0xdc, 0xff, 0x29, 0x86, 0xdc, 0xff,
    0x29, 0x86, 0xdc, 0xff, 0x29, 0x86, 0xdc, 0xff, 0x29, 0x86, 0xdc, 0xff, 0x29, 0x86, 0xdc, 0xff,
    0x29, 0x86, 0xdc, 0xff, 0x29, 0x86, 0xdc, 0xff, 0x29, 0x86, 0xdc, 0xff, 0x29, 0x86, 0xdc, 0xff,
    0x29, 0x86, 0xdc, 0xff, 0x29, 0x86, 0xdc, 0xff, 0x29, 0x86, 0xdc, 0xff, 0x29, 0x86, 0xdc, 0xff,
    0x29, 0x86, 0xdc, 0xff, 0x29, 0x86, 0xdc, 0xff, 0x29, 0x86, 0xdc, 0xff, 0x29, 0x86, 0xdc, 0xff,
    0x29, 0x86, 0xdc, 0xff, 0x29, 0x86, 0xdc, 0xff, 0x29, 0x86, 0xdc, 0xff, 0x29, 0x86, 0xdc, 0xff,
    0x29, 0x86, 0xdc, 0xff, 0x29, 0x86, 0xdc, 0xff, 0x29, 0x86, 0xdc, 0xff, 0x29, 0x86, 0xdc, 0xff,
    0x29, 0x86, 0xdc, 0xff, 0x29, 0x86, 0xdc, 0xff, 0x29, 0x86, 0xdd, 0x8f, 0x00, 0x00, 0x00, 0x00,
    0x00, 0x00, 0x00, 0x00, 0x00, 0x00, 0x00, 0x00, 0x00, 0x00, 0x00, 0x00, 0x00, 0x00, 0x00, 0x00,
    0x00, 0x00, 0x00, 0x00, 0x20, 0x80, 0xcf, 0x10, 0x29, 0x85, 0xdc, 0xef, 0x29, 0x86, 0xdc, 0xff,
    0x29, 0x86, 0xdc, 0xff, 0x29, 0x86, 0xdc, 0xff, 0x29, 0x86, 0xdc, 0xff, 0x29, 0x86, 0xdc, 0xff,
    0x29, 0x86, 0xdc, 0xff, 0x29, 0x86, 0xdc, 0xff, 0x29, 0x86, 0xdc, 0xff, 0x29, 0x86, 0xdc, 0xff,
    0x29, 0x86, 0xdc, 0xff, 0x29, 0x86, 0xdc, 0xff, 0x29, 0x86, 0xdc, 0xff, 0x29, 0x86, 0xdc, 0xff,
    0x29, 0x86, 0xdc, 0xff, 0x29, 0x86, 0xdc, 0xff, 0x29, 0x86, 0xdc, 0xff, 0x29, 0x86, 0xdc, 0xff,
    0x29, 0x86, 0xdc, 0xff, 0x29, 0x86, 0xdc, 0xff, 0x29, 0x86, 0xdc, 0xff, 0x29, 0x86, 0xdc, 0xff,
    0x29, 0x86, 0xdc, 0xff, 0x29, 0x86, 0xdc, 0xff, 0x29, 0x86, 0xdc, 0xff, 0x29, 0x86, 0xdc, 0xff,
    0x29, 0x86, 0xdc, 0xff, 0x29, 0x86, 0xdc, 0xff, 0x29, 0x86, 0xdc, 0xff, 0x29, 0x86, 0xdc, 0xff,
    0x29, 0x86, 0xdc, 0xff, 0x29, 0x86, 0xdc, 0xff, 0x29, 0x86, 0xdc, 0xff, 0x29, 0x86, 0xdc, 0xff,
    0x29, 0x86, 0xdc, 0xff, 0x29, 0x86, 0xdc, 0xff, 0x29, 0x86, 0xdc, 0xff, 0x29, 0x86, 0xdc, 0xff,
    0x29, 0x86, 0xdc, 0xff, 0x29, 0x86, 0xdc, 0xff, 0x29, 0x86, 0xdc, 0xff, 0x29, 0x86, 0xdc, 0xff,
    0x29, 0x86, 0xdc, 0xff, 0x29, 0x86, 0xdc, 0xff, 0x29, 0x86, 0xdc, 0xff, 0x29, 0x86, 0xdc, 0xff,
    0x29, 0x86, 0xdc, 0xff, 0x29, 0x86, 0xdc, 0xff, 0x29, 0x86, 0xdc, 0xff, 0x29, 0x86, 0xdc, 0xff,
    0x29, 0x86, 0xdc, 0xff, 0x29, 0x86, 0xdc, 0xff, 0x29, 0x86, 0xdc, 0xff, 0x29, 0x86, 0xdc, 0xff,
    0x29, 0x86, 0xdc, 0xff, 0x29, 0x86, 0xdc, 0xff, 0x29, 0x86, 0xdc, 0xff, 0x29, 0x86, 0xdc, 0xff,
    0x29, 0x86, 0xdc, 0xff, 0x29, 0x86, 0xdc, 0xff, 0x29, 0x86, 0xdc, 0xff, 0x29, 0x86, 0xdc, 0xff,
    0x29, 0x86, 0xdc, 0xff, 0x29, 0x86, 0xdc, 0xff, 0x29, 0x86, 0xdc, 0xff, 0x29, 0x86, 0xdc, 0xff,
    0x29, 0x86, 0xdc, 0xff, 0x29, 0x86, 0xdc, 0xff, 0x29, 0x86, 0xdc, 0xff, 0x29, 0x86, 0xdc, 0xff,
    0x29, 0x86, 0xdc, 0xff, 0x29, 0x86, 0xdc, 0xff, 0x29, 0x86, 0xdc, 0xff, 0x29, 0x86, 0xdc, 0xff,
    0x29, 0x86, 0xdc, 0xff, 0x29, 0x86, 0xdc, 0xff, 0x29, 0x86, 0xdc, 0xff, 0x29, 0x86, 0xdc, 0xff,
    0x29, 0x86, 0xdc, 0xff, 0x29, 0x86, 0xdc, 0xff, 0x29, 0x86, 0xdc, 0xff, 0x29, 0x86, 0xdc, 0xff,
    0x29, 0x86, 0xdc, 0xff, 0x29, 0x86, 0xdc, 0xff, 0x29, 0x86, 0xdc, 0xff, 0x29, 0x86, 0xdc, 0xff,
    0x29, 0x86, 0xdc, 0xff, 0x29, 0x86, 0xdc, 0xff, 0x29, 0x86, 0xdc, 0xff, 0x29, 0x86, 0xdc, 0xff,
    0x29, 0x86, 0xdc, 0xff, 0x29, 0x86, 0xdc, 0xff, 0x29, 0x86, 0xdc, 0xff, 0x29, 0x86, 0xdc, 0xff,
    0x29, 0x86, 0xdc, 0xff, 0x29, 0x86, 0xdc, 0xff, 0x29, 0x86, 0xdc, 0xff, 0x29, 0x86, 0xdc, 0xff,
    0x29, 0x86, 0xdc, 0xff, 0x29, 0x86, 0xdc, 0xff, 0x29, 0x86, 0xdc, 0xff, 0x29, 0x86, 0xdc, 0xff,
    0x29, 0x86, 0xdc, 0xff, 0x29, 0x86, 0xdc, 0xff, 0x29, 0x86, 0xdc, 0xff, 0x29, 0x86, 0xdc, 0xff,
    0x29, 0x86, 0xdc, 0xff, 0x29, 0x86, 0xdc, 0xff, 0x29, 0x86, 0xdc, 0xff, 0x29, 0x86, 0xdc, 0xff,
    0x29, 0x86, 0xdc, 0xff, 0x29, 0x86, 0xdc, 0xff, 0x29, 0x86, 0xdc, 0xff, 0x29, 0x86, 0xdc, 0xff,
    0x29, 0x86, 0xdc, 0xff, 0x29, 0x86, 0xdc, 0xff, 0x29, 0x86, 0xdc, 0xff, 0x29, 0x86, 0xdc, 0xff,
    0x29, 0x86, 0xdc, 0xff, 0x29, 0x86, 0xdc, 0xff, 0x29, 0x86, 0xdc, 0xff, 0x29, 0x86, 0xdc, 0xe7,
    0x20, 0x80, 0xcf, 0x10, 0x00, 0x00, 0x00, 0x00, 0x00, 0x00, 0x00, 0x00, 0x00, 0x00, 0x00, 0x00,
    0x00, 0x00, 0x00, 0x00, 0x00, 0x00, 0x00, 0x00, 0x00, 0x00, 0x00, 0x00, 0x00, 0x00, 0x00, 0x00,
    0x28, 0x86, 0xdc, 0x67, 0x29, 0x86, 0xdc, 0xff, 0x29, 0x86, 0xdc, 0xff, 0x29, 0x86, 0xdc, 0xff,
    0x29, 0x86, 0xdc, 0xff, 0x29, 0x86, 0xdc, 0xff, 0x29, 0x86, 0xdc, 0xff, 0x29, 0x86, 0xdc, 0xff,
    0x29, 0x86, 0xdc, 0xff, 0x29, 0x86, 0xdc, 0xff, 0x29, 0x86, 0xdc, 0xff, 0x29, 0x86, 0xdc, 0xff,
    0x29, 0x86, 0xdc, 0xff, 0x29, 0x86, 0xdc, 0xff, 0x29, 0x86, 0xdc, 0xff, 0x29, 0x86, 0xdc, 0xff,
    0x29, 0x86, 0xdc, 0xff, 0x29, 0x86, 0xdc, 0xff, 0x29, 0x86, 0xdc, 0xff, 0x29, 0x86, 0xdc, 0xff,
    0x29, 0x86, 0xdc, 0xff, 0x29, 0x86, 0xdc, 0xff, 0x29, 0x86, 0xdc, 0xff, 0x29, 0x86, 0xdc, 0xff,
    0x29, 0x86, 0xdc, 0xff, 0x29, 0x86, 0xdc, 0xff, 0x29, 0x86, 0xdc, 0xff, 0x29, 0x86, 0xdc, 0xff,
    0x29, 0x86, 0xdc, 0xff, 0x29, 0x86, 0xdc, 0xff, 0x29, 0x86, 0xdc, 0xff, 0x29, 0x86, 0xdc, 0xff,
    0x29, 0x86, 0xdc, 0xff, 0x29, 0x86, 0xdc, 0xff, 0x29, 0x86, 0xdc, 0xff, 0x29, 0x86, 0xdc, 0xff,
    0x29, 0x86, 0xdc, 0xff, 0x29, 0x86, 0xdc, 0xff, 0x29, 0x86, 0xdc, 0xff, 0x29, 0x86, 0xdc, 0xff,
    0x29, 0x86, 0xdc, 0xff, 0x29, 0x86, 0xdc, 0xff, 0x29, 0x86, 0xdc, 0xff, 0x29, 0x86, 0xdc, 0xff,
    0x29, 0x86, 0xdc, 0xff, 0x29, 0x86, 0xdc, 0xff, 0x29, 0x86, 0xdc, 0xff, 0x29, 0x86, 0xdc, 0xff,
    0x29, 0x86, 0xdc, 0xff, 0x29, 0x86, 0xdc, 0xff, 0x29, 0x86, 0xdc, 0xff, 0x29, 0x86, 0xdc, 0xff,
    0x29, 0x86, 0xdc, 0xff, 0x29, 0x86, 0xdc, 0xff, 0x29, 0x86, 0xdc, 0xff, 0x29, 0x86, 0xdc, 0xff,
    0x29, 0x86, 0xdc, 0xff, 0x29, 0x86, 0xdc, 0xff, 0x29, 0x86, 0xdc, 0xff, 0x29, 0x86, 0xdc, 0xff,
    0x29, 0x86, 0xdc, 0xff, 0x29, 0x86, 0xdc, 0xff, 0x29, 0x86, 0xdc, 0xff, 0x29, 0x86, 0xdc, 0xff,
    0x29, 0x86, 0xdc, 0xff, 0x29, 0x86, 0xdc, 0xff, 0x29, 0x86, 0xdc, 0xff, 0x29, 0x86, 0xdc, 0xff,
    0x29, 0x86, 0xdc, 0xff, 0x29, 0x86, 0xdc, 0xff, 0x29, 0x86, 0xdc, 0xff, 0x29, 0x86, 0xdc, 0xff,
    0x29, 0x86, 0xdc, 0xff, 0x29, 0x86, 0xdc, 0xff, 0x29, 0x86, 0xdc, 0xff, 0x29, 0x86, 0xdc, 0xff,
    0x29, 0x86, 0xdc, 0xff, 0x29, 0x86, 0xdc, 0xff, 0x29, 0x86, 0xdc, 0xff, 0x29, 0x86, 0xdc, 0xff,
    0x29, 0x86, 0xdc, 0xff, 0x29, 0x86, 0xdc, 0xff, 0x29, 0x86, 0xdc, 0xff, 0x29, 0x86, 0xdc, 0xff,
    0x29, 0x86, 0xdc, 0xff, 0x29, 0x86, 0xdc, 0xff, 0x29, 0x86, 0xdc, 0xff, 0x29, 0x86, 0xdc, 0xff,
    0x29, 0x86, 0xdc, 0xff, 0x29, 0x86, 0xdc, 0xff, 0x29, 0x86, 0xdc, 0xff, 0x29, 0x86, 0xdc, 0xff,
    0x29, 0x86, 0xdc, 0xff, 0x29, 0x86, 0xdc, 0xff, 0x29, 0x86, 0xdc, 0xff, 0x29, 0x86, 0xdc, 0xff,
    0x29, 0x86, 0xdc, 0xff, 0x29, 0x86, 0xdc, 0xff, 0x29, 0x86, 0xdc, 0xff, 0x29, 0x86, 0xdc, 0xff,
    0x29, 0x86, 0xdc, 0xff, 0x29, 0x86, 0xdc, 0xff, 0x29, 0x86, 0xdc, 0xff, 0x29, 0x86, 0xdc, 0xff,
    0x29, 0x86, 0xdc, 0xff, 0x29, 0x86, 0xdc, 0xff, 0x29, 0x86, 0xdc, 0xff, 0x29, 0x86, 0xdc, 0xff,
    0x29, 0x86, 0xdc, 0xff, 0x29, 0x86, 0xdc, 0xff, 0x29, 0x86, 0xdc, 0xff, 0x29, 0x86, 0xdc, 0xff,
    0x29, 0x86, 0xdc, 0xff, 0x29, 0x86, 0xdc, 0xff, 0x29, 0x86, 0xdc, 0xff, 0x29, 0x86, 0xdc, 0xff,
    0x29, 0x86, 0xdc, 0xff, 0x29, 0x86, 0xdc, 0xff, 0x29, 0x86, 0xdc, 0xff, 0x29, 0x86, 0xdc, 0xff,
    0x29, 0x86, 0xdc, 0xff, 0x28, 0x86, 0xdc, 0x67, 0x00, 0x00, 0x00, 0x00, 0x00, 0x00, 0x00, 0x00,
    0x00, 0x00, 0x00, 0x00, 0x00, 0x00, 0x00, 0x00, 0x00, 0x00, 0x00, 0x00, 0x00, 0x00, 0x00, 0x00,
    0x00, 0x00, 0x00, 0x00, 0x00, 0x00, 0x00, 0x00, 0x00, 0x80, 0xbf, 0x04, 0x29, 0x87, 0xdc, 0xc7,
    0x29, 0x86, 0xdc, 0xff, 0x29, 0x86, 0xdc, 0xff, 0x29, 0x86, 0xdc, 0xff, 0x29, 0x86, 0xdc, 0xff,
    0x29, 0x86, 0xdc, 0xff, 0x29, 0x86, 0xdc, 0xff, 0x29, 0x86, 0xdc, 0xff, 0x29, 0x86, 0xdc, 0xff,
    0x29, 0x86, 0xdc, 0xff, 0x29, 0x86, 0xdc, 0xff, 0x29, 0x86, 0xdc, 0xff, 0x29, 0x86, 0xdc, 0xff,
    0x29, 0x86, 0xdc, 0xff, 0x29, 0x86, 0xdc, 0xff, 0x29, 0x86, 0xdc, 0xff, 0x29, 0x86, 0xdc, 0xff,
    0x29, 0x86, 0xdc, 0xff, 0x29, 0x86, 0xdc, 0xff, 0x29, 0x86, 0xdc, 0xff, 0x29, 0x86, 0xdc, 0xff,
    0x29, 0x86, 0xdc, 0xff, 0x29, 0x86, 0xdc, 0xff, 0x29, 0x86, 0xdc, 0xff, 0x29, 0x86, 0xdc, 0xff,
    0x29, 0x86, 0xdc, 0xff, 0x29, 0x86, 0xdc, 0xff, 0x29, 0x86, 0xdc, 0xff, 0x29, 0x86, 0xdc, 0xff,
    0x29, 0x86, 0xdc, 0xff, 0x29, 0x86, 0xdc, 0xff, 0x29, 0x86, 0xdc, 0xff, 0x29, 0x86, 0xdc, 0xff,
    0x29, 0x86, 0xdc, 0xff, 0x29, 0x86, 0xdc, 0xff, 0x29, 0x86, 0xdc, 0xff, 0x29, 0x86, 0xdc, 0xff,
    0x29, 0x86, 0xdc, 0xff, 0x29, 0x86, 0xdc, 0xff, 0x29, 0x86, 0xdc, 0xff, 0x29, 0x86, 0xdc, 0xff,
    0x29, 0x86, 0xdc, 0xff, 0x29, 0x86, 0xdc, 0xff, 0x29, 0x86, 0xdc, 0xff, 0x29, 0x86, 0xdc, 0xff,
    0x29, 0x86, 0xdc, 0xff, 0x29, 0x86, 0xdc, 0xff, 0x29, 0x86, 0xdc, 0xff, 0x29, 0x86, 0xdc, 0xff,
    0x29, 0x86, 0xdc, 0xff, 0x29, 0x86, 0xdc, 0xff, 0x29, 0x86, 0xdc, 0xff, 0x29, 0x86, 0xdc, 0xff,
    0x29, 0x86, 0xdc, 0xff, 0x29, 0x86, 0xdc, 0xff, 0x29, 0x86, 0xdc, 0xff, 0x29, 0x86, 0xdc, 0xff,
    0x29, 0x86, 0xdc, 0xff, 0x29, 0x86, 0xdc, 0xff, 0x29, 0x86, 0xdc, 0xff, 0x29, 0x86, 0xdc, 0xff,
    0x29, 0x86, 0xdc, 0xff, 0x29, 0x86, 0xdc, 0xff, 0x29, 0x86, 0xdc, 0xff, 0x29, 0x86, 0xdc, 0xff,
    0x29, 0x86, 0xdc, 0xff, 0x29, 0x86, 0xdc, 0xff, 0x29, 0x86, 0xdc, 0xff, 0x29, 0x86, 0xdc, 0xff,
    0x29, 0x86, 0xdc, 0xff, 0x29, 0x86, 0xdc, 0xff, 0x29, 0x86, 0xdc, 0xff, 0x29, 0x86, 0xdc, 0xff,
    0x29, 0x86, 0xdc, 0xff, 0x29, 0x86, 0xdc, 0xff, 0x29, 0x86, 0xdc, 0xff, 0x29, 0x86, 0xdc, 0xff,
    0x29, 0x86, 0xdc, 0xff, 0x29, 0x86, 0xdc, 0xff, 0x29, 0x86, 0xdc, 0xff, 0x29, 0x86, 0xdc, 0xff,
    0x29, 0x86, 0xdc, 0xff, 0x29, 0x86, 0xdc, 0xff, 0x29, 0x86, 0xdc, 0xff, 0x29, 0x86, 0xdc, 0xff,
    0x29, 0x86, 0xdc, 0xff, 0x29, 0x86, 0xdc, 0xff, 0x29, 0x86, 0xdc, 0xff, 0x29, 0x86, 0xdc, 0xff,
    0x29, 0x86, 0xdc, 0xff, 0x29, 0x86, 0xdc, 0xff, 0x29, 0x86, 0xdc, 0xff, 0x29, 0x86, 0xdc, 0xff,
    0x29, 0x86, 0xdc, 0xff, 0x29, 0x86, 0xdc, 0xff, 0x29, 0x86, 0xdc, 0xff, 0x29, 0x86, 0xdc, 0xff,
    0x29, 0x86, 0xdc, 0xff, 0x29, 0x86, 0xdc, 0xff, 0x29, 0x86, 0xdc, 0xff, 0x29, 0x86, 0xdc, 0xff,
    0x29, 0x86, 0xdc, 0xff, 0x29, 0x86, 0xdc, 0xff, 0x29, 0x86, 0xdc, 0xff, 0x29, 0x86, 0xdc, 0xff,
    0x29, 0x86, 0xdc, 0xff, 0x29, 0x86, 0xdc, 0xff, 0x29, 0x86, 0xdc, 0xff, 0x29, 0x86, 0xdc, 0xff,
    0x29, 0x86, 0xdc, 0xff, 0x29, 0x86, 0xdc, 0xff, 0x29, 0x86, 0xdc, 0xff, 0x29, 0x86, 0xdc, 0xff,
    0x29, 0x86, 0xdc, 0xff, 0x29, 0x86, 0xdc, 0xff, 0x29, 0x86, 0xdc, 0xff, 0x29, 0x86, 0xdc, 0xff,
    0x29, 0x86, 0xdc, 0xff, 0x29, 0x86, 0xdc, 0xff, 0x29, 0x85, 0xdc, 0xc7, 0x00, 0x00, 0x00, 0x00,
    0x00, 0x00, 0x00, 0x00, 0x00, 0x00, 0x00, 0x00, 0x00, 0x00, 0x00, 0x00, 0x00, 0x00, 0x00, 0x00,
    0x00, 0x00, 0x00, 0x00, 0x00, 0x00, 0x00, 0x00, 0x00, 0x00, 0x00, 0x00, 0x00, 0x00, 0x00, 0x00,
    0x00, 0x00, 0x00, 0x00, 0x26, 0x80, 0xd9, 0x28, 0x28, 0x86, 0xdc, 0xf7, 0x29, 0x86, 0xdc, 0xff,
    0x29, 0x86, 0xdc, 0xff, 0x29, 0x86, 0xdc, 0xff, 0x29, 0x86, 0xdc, 0xff, 0x29, 0x86, 0xdc, 0xff,
    0x29, 0x86, 0xdc, 0xff, 0x29, 0x86, 0xdc, 0xff, 0x29, 0x86, 0xdc, 0xff, 0x29, 0x86, 0xdc, 0xff,
    0x29, 0x86, 0xdc, 0xff, 0x29, 0x86, 0xdc, 0xff, 0x29, 0x86, 0xdc, 0xff, 0x29, 0x86, 0xdc, 0xff,
    0x29, 0x86, 0xdc, 0xff, 0x29, 0x86, 0xdc, 0xff, 0x29, 0x86, 0xdc, 0xff, 0x29, 0x86, 0xdc, 0xff,
    0x29, 0x86, 0xdc, 0xff, 0x29, 0x86, 0xdc, 0xff, 0x29, 0x86, 0xdc, 0xff, 0x29, 0x86, 0xdc, 0xff,
    0x29, 0x86, 0xdc, 0xff, 0x29, 0x86, 0xdc, 0xff, 0x29, 0x86, 0xdc, 0xff, 0x29, 0x86, 0xdc, 0xff,
    0x29, 0x86, 0xdc, 0xff, 0x29, 0x86, 0xdc, 0xff, 0x29, 0x86, 0xdc, 0xff, 0x29, 0x86, 0xdc, 0xff,
    0x29, 0x86, 0xdc, 0xff, 0x29, 0x86, 0xdc, 0xff, 0x29, 0x86, 0xdc, 0xff, 0x29, 0x86, 0xdc, 0xff,
    0x29, 0x86, 0xdc, 0xff, 0x29, 0x86, 0xdc, 0xff, 0x29, 0x86, 0xdc, 0xff, 0x29, 0x86, 0xdc, 0xff,
    0x29, 0x86, 0xdc, 0xff, 0x29, 0x86, 0xdc, 0xff, 0x29, 0x86, 0xdc, 0xff, 0x29, 0x86, 0xdc, 0xff,
    0x29, 0x86, 0xdc, 0xff, 0x29, 0x86, 0xdc, 0xff, 0x29, 0x86, 0xdc, 0xff, 0x29, 0x86, 0xdc, 0xff,
    0x29, 0x86, 0xdc, 0xff, 0x29, 0x86, 0xdc, 0xff, 0x29, 0x86, 0xdc, 0xff, 0x29, 0x86, 0xdc, 0xff,
    0x29, 0x86, 0xdc, 0xff, 0x29, 0x86, 0xdc, 0xff, 0x29, 0x86, 0xdc, 0xff, 0x29, 0x86, 0xdc, 0xff,
    0x29, 0x86, 0xdc, 0xff, 0x29, 0x86, 0xdc, 0xff, 0x29, 0x86, 0xdc, 0xff, 0x29, 0x86, 0xdc, 0xff,
    0x29, 0x86, 0xdc, 0xff, 0x29, 0x86, 0xdc, 0xff, 0x29, 0x86, 0xdc, 0xff, 0x29, 0x86, 0xdc, 0xff,
    0x29, 0x86, 0xdc, 0xff, 0x29, 0x86, 0xdc, 0xff, 0x29, 0x86, 0xdc, 0xff, 0x29, 0x86, 0xdc, 0xff,
    0x29, 0x86, 0xdc, 0xff, 0x29, 0x86, 0xdc, 0xff, 0x29, 0x86, 0xdc, 0xff, 0x29, 0x86, 0xdc, 0xff,
    0x29, 0x86, 0xdc, 0xff, 0x29, 0x86, 0xdc, 0xff, 0x29, 0x86, 0xdc, 0xff, 0x29, 0x86, 0xdc, 0xff,
    0x29, 0x86, 0xdc, 0xff, 0x29, 0x86, 0xdc, 0xff, 0x29, 0x86, 0xdc, 0xff, 0x29, 0x86, 0xdc, 0xff,
    0x29, 0x86, 0xdc, 0xff, 0x29, 0x86, 0xdc, 0xff, 0x29, 0x86, 0xdc, 0xff, 0x29, 0x86, 0xdc, 0xff,
    0x29, 0x86, 0xdc, 0xff, 0x29, 0x86, 0xdc, 0xff, 0x29, 0x86, 0xdc, 0xff, 0x29, 0x86, 0xdc, 0xff,
    0x29, 0x86, 0xdc, 0xff, 0x29, 0x86, 0xdc, 0xff, 0x29, 0x86, 0xdc, 0xff, 0x29, 0x86, 0xdc, 0xff,
    0x29, 0x86, 0xdc, 0xff, 0x29, 0x86, 0xdc, 0xff, 0x29, 0x86, 0xdc, 0xff, 0x29, 0x86, 0xdc, 0xff,
    0x29, 0x86, 0xdc, 0xff, 0x29, 0x86, 0xdc, 0xff, 0x29, 0x86, 0xdc, 0xff, 0x29, 0x86, 0xdc, 0xff,
    0x29, 0x86, 0xdc, 0xff, 0x29, 0x86, 0xdc, 0xff, 0x29, 0x86, 0xdc, 0xff, 0x29, 0x86, 0xdc, 0xff,
    0x29, 0x86, 0xdc, 0xff, 0x29, 0x86, 0xdc, 0xff, 0x29, 0x86, 0xdc, 0xff, 0x29, 0x86, 0xdc, 0xff,
    0x29, 0x86, 0xdc, 0xff, 0x29, 0x86, 0xdc, 0xff, 0x29, 0x86, 0xdc, 0xff, 0x29, 0x86, 0xdc, 0xff,
    0x29, 0x86, 0xdc, 0xff, 0x29, 0x86, 0xdc, 0xff, 0x29, 0x86, 0xdc, 0xff, 0x29, 0x86, 0xdc, 0xff,
    0x29, 0x86, 0xdc, 0xff, 0x29, 0x86, 0xdc, 0xff, 0x29, 0x86, 0xdc, 0xff, 0x28, 0x85, 0xdc, 0xf7,
    0x23, 0x80, 0xdc, 0x24, 0x00, 0x00, 0x00, 0x00, 0x00, 0x00, 0x00, 0x00, 0x00, 0x00, 0x00, 0x00,
    0x00, 0x00, 0x00, 0x00, 0x00, 0x00, 0x00, 0x00, 0x00, 0x00, 0x00, 0x00, 0x00, 0x00, 0x00, 0x00,
    0x00, 0x00, 0x00, 0x00, 0x00, 0x00, 0x00, 0x00, 0x00, 0x00, 0x00, 0x00, 0x00, 0x00, 0x00, 0x00,
    0x27, 0x87, 0xdd, 0x5b, 0x29, 0x86, 0xdc, 0xff, 0x29, 0x86, 0xdc, 0xff, 0x29, 0x86, 0xdc, 0xff,
    0x29, 0x86, 0xdc, 0xff, 0x29, 0x86, 0xdc, 0xff, 0x29, 0x86, 0xdc, 0xff, 0x29, 0x86, 0xdc, 0xff,
    0x29, 0x86, 0xdc, 0xff, 0x29, 0x86, 0xdc, 0xff, 0x29, 0x86, 0xdc, 0xff, 0x29, 0x86, 0xdc, 0xff,
    0x29, 0x86, 0xdc, 0xff, 0x29, 0x86, 0xdc, 0xff, 0x29, 0x86, 0xdc, 0xff, 0x29, 0x86, 0xdc, 0xff,
    0x29, 0x86, 0xdc, 0xff, 0x29, 0x86, 0xdc, 0xff, 0x29, 0x86, 0xdc, 0xff, 0x29, 0x86, 0xdc, 0xff,
    0x29, 0x86, 0xdc, 0xff, 0x29, 0x86, 0xdc, 0xff, 0x29, 0x86, 0xdc, 0xff, 0x29, 0x86, 0xdc, 0xff,
    0x29, 0x86, 0xdc, 0xff, 0x29, 0x86, 0xdc, 0xff, 0x29, 0x86, 0xdc, 0xff, 0x29, 0x86, 0xdc, 0xff,
    0x29, 0x86, 0xdc, 0xff, 0x29, 0x86, 0xdc, 0xff, 0x29, 0x86, 0xdc, 0xff, 0x29, 0x86, 0xdc, 0xff,
    0x29, 0x86, 0xdc, 0xff, 0x29, 0x86, 0xdc, 0xff, 0x29, 0x86, 0xdc, 0xff, 0x29, 0x86, 0xdc, 0xff,
    0x29, 0x86, 0xdc, 0xff, 0x29, 0x86, 0xdc, 0xff, 0x29, 0x86, 0xdc, 0xff, 0x29, 0x86, 0xdc, 0xff,
    0x29, 0x86, 0xdc, 0xff, 0x29, 0x86, 0xdc, 0xff, 0x29, 0x86, 0xdc, 0xff, 0x29, 0x86, 0xdc, 0xff,
    0x29, 0x86, 0xdc, 0xff, 0x29, 0x86, 0xdc, 0xff, 0x29, 0x86, 0xdc, 0xff, 0x29, 0x86, 0xdc, 0xff,
    0x29, 0x86, 0xdc, 0xff, 0x29, 0x86, 0xdc, 0xff, 0x29, 0x86, 0xdc, 0xff, 0x29, 0x86, 0xdc, 0xff,
    0x29, 0x86, 0xdc, 0xff, 0x29, 0x86, 0xdc, 0xff, 0x29, 0x86, 0xdc, 0xff, 0x29, 0x86, 0xdc, 0xff,
    0x29, 0x86, 0xdc, 0xff, 0x29, 0x86, 0xdc, 0xff, 0x29, 0x86, 0xdc, 0xff, 0x29, 0x86, 0xdc, 0xff,
    0x29, 0x86, 0xdc, 0xff, 0x29, 0x86, 0xdc, 0xff, 0x29, 0x86, 0xdc, 0xff, 0x29, 0x86, 0xdc, 0xff,
    0x29, 0x86, 0xdc, 0xff, 0x29, 0x86, 0xdc, 0xff, 0x29, 0x86, 0xdc, 0xff, 0x29, 0x86, 0xdc, 0xff,
    0x29, 0x86, 0xdc, 0xff, 0x29, 0x86, 0xdc, 0xff, 0x29, 0x86, 0xdc, 0xff, 0x29, 0x86, 0xdc, 0xff,
    0x29, 0x86, 0xdc, 0xff, 0x29, 0x86, 0xdc, 0xff, 0x29, 0x86, 0xdc, 0xff, 0x29, 0x86, 0xdc, 0xff,
    0x29, 0x86, 0xdc, 0xff, 0x29, 0x86, 0xdc, 0xff, 0x29, 0x86, 0xdc, 0xff, 0x29, 0x86, 0xdc, 0xff,
    0x29, 0x86, 0xdc, 0xff, 0x29, 0x86, 0xdc, 0xff, 0x29, 0x86, 0xdc, 0xff, 0x29, 0x86, 0xdc, 0xff,
    0x29, 0x86, 0xdc, 0xff, 0x29, 0x86, 0xdc, 0xff, 0x29, 0x86, 0xdc, 0xff, 0x29, 0x86, 0xdc, 0xff,
    0x29, 0x86, 0xdc, 0xff, 0x29, 0x86, 0xdc, 0xff, 0x29, 0x86, 0xdc, 0xff, 0x29, 0x86, 0xdc, 0xff,
    0x29, 0x86, 0xdc, 0xff, 0x29, 0x86, 0xdc, 0xff, 0x29, 0x86, 0xdc, 0xff, 0x29, 0x86, 0xdc, 0xff,
    0x29, 0x86, 0xdc, 0xff, 0x29, 0x86, 0xdc, 0xff, 0x29, 0x86, 0xdc, 0xff, 0x29, 0x86, 0xdc, 0xff,
    0x29, 0x86, 0xdc, 0xff, 0x29, 0x86, 0xdc, 0xff, 0x29, 0x86, 0xdc, 0xff, 0x29, 0x86, 0xdc, 0xff,
    0x29, 0x86, 0xdc, 0xff, 0x29, 0x86, 0xdc, 0xff, 0x29, 0x86, 0xdc, 0xff, 0x29, 0x86, 0xdc, 0xff,
    0x29, 0x86, 0xdc, 0xff, 0x29, 0x86, 0xdc, 0xff, 0x29, 0x86, 0xdc, 0xff, 0x29, 0x86, 0xdc, 0xff,
    0x29, 0x86, 0xdc, 0xff, 0x29, 0x86, 0xdc, 0xff, 0x29, 0x86, 0xdc, 0xff, 0x29, 0x86, 0xdc, 0xff,
    0x29, 0x86, 0xdc, 0xff, 0x28, 0x86, 0xdc, 0x5f, 0x00, 0x00, 0x00, 0x00, 0x00, 0x00, 0x00, 0x00,
    0x00, 0x00, 0x00, 0x00, 0x00, 0x00, 0x00, 0x00, 0x00, 0x00, 0x00, 0x00, 0x00, 0x00, 0x00, 0x00,
    0x00, 0x00, 0x00, 0x00, 0x00, 0x00, 0x00, 0x00, 0x00, 0x00, 0x00, 0x00, 0x00, 0x00, 0x00, 0x00,
    0x00, 0x00, 0x00, 0x00, 0x00, 0x00, 0x00, 0x00, 0x00, 0x00, 0x00, 0x00, 0x29, 0x86, 0xdb, 0x8f,
    0x29, 0x86, 0xdc, 0xff, 0x29, 0x86, 0xdc, 0xff, 0x29, 0x86, 0xdc, 0xff, 0x29, 0x86, 0xdc, 0xff,
    0x29, 0x86, 0xdc, 0xff, 0x29, 0x86, 0xdc, 0xff, 0x29, 0x86, 0xdc, 0xff, 0x29, 0x86, 0xdc, 0xff,
    0x29, 0x86, 0xdc, 0xff, 0x29, 0x86, 0xdc, 0xff, 0x29, 0x86, 0xdc, 0xff, 0x29, 0x86, 0xdc, 0xff,
    0x29, 0x86, 0xdc, 0xff, 0x29, 0x86, 0xdc, 0xff, 0x29, 0x86, 0xdc, 0xff, 0x29, 0x86, 0xdc, 0xff,
    0x29, 0x86, 0xdc, 0xff, 0x29, 0x86, 0xdc, 0xff, 0x29, 0x86, 0xdc, 0xff, 0x29, 0x86, 0xdc, 0xff,
    0x29, 0x86, 0xdc, 0xff, 0x29, 0x86, 0xdc, 0xff, 0x29, 0x86, 0xdc, 0xff, 0x29, 0x86, 0xdc, 0xff,
    0x29, 0x86, 0xdc, 0xff, 0x29, 0x86, 0xdc, 0xff, 0x29, 0x86, 0xdc, 0xff, 0x29, 0x86, 0xdc, 0xff,
    0x29, 0x86, 0xdc, 0xff, 0x29, 0x86, 0xdc, 0xff, 0x29, 0x86, 0xdc, 0xff, 0x29, 0x86, 0xdc, 0xff,
    0x29, 0x86, 0xdc, 0xff, 0x29, 0x86, 0xdc, 0xff, 0x29, 0x86, 0xdc, 0xff, 0x29, 0x86, 0xdc, 0xff,
    0x29, 0x86, 0xdc, 0xff, 0x29, 0x86, 0xdc, 0xff, 0x29, 0x86, 0xdc, 0xff, 0x29, 0x86, 0xdc, 0xff,
    0x29, 0x86, 0xdc, 0xff, 0x29, 0x86, 0xdc, 0xff, 0x29, 0x86, 0xdc, 0xff, 0x29, 0x86, 0xdc, 0xff,
    0x29, 0x86, 0xdc, 0xff, 0x29, 0x86, 0xdc, 0xff, 0x29, 0x86, 0xdc, 0xff, 0x29, 0x86, 0xdc, 0xff,
    0x29, 0x86, 0xdc, 0xff, 0x29, 0x86, 0xdc, 0xff, 0x29, 0x86, 0xdc, 0xff, 0x29, 0x86, 0xdc, 0xff,
    0x29, 0x86, 0xdc, 0xff, 0x29, 0x86, 0xdc, 0xff, 0x29, 0x86, 0xdc, 0xff, 0x29, 0x86, 0xdc, 0xff,
    0x29, 0x86, 0xdc, 0xff, 0x29, 0x86, 0xdc, 0xff, 0x29, 0x86, 0xdc, 0xff, 0x29, 0x86, 0xdc, 0xff,
    0x29, 0x86, 0xdc, 0xff, 0x29, 0x86, 0xdc, 0xff, 0x29, 0x86, 0xdc, 0xff, 0x29, 0x86, 0xdc, 0xff,
    0x29, 0x86, 0xdc, 0xff, 0x29, 0x86, 0xdc, 0xff, 0x29, 0x86, 0xdc, 0xff, 0x29, 0x86, 0xdc, 0xff,
    0x29, 0x86, 0xdc, 0xff, 0x29, 0x86, 0xdc, 0xff, 0x29, 0x86, 0xdc, 0xff, 0x29, 0x86, 0xdc, 0xff,
    0x29, 0x86, 0xdc, 0xff, 0x29, 0x86, 0xdc, 0xff, 0x29, 0x86, 0xdc, 0xff, 0x29, 0x86, 0xdc, 0xff,
    0x29, 0x86, 0xdc, 0xff, 0x29, 0x86, 0xdc, 0xff, 0x29, 0x86, 0xdc, 0xff, 0x29, 0x86, 0xdc, 0xff,
    0x29, 0x86, 0xdc, 0xff, 0x29, 0x86, 0xdc, 0xff, 0x29, 0x86, 0xdc, 0xff, 0x29, 0x86, 0xdc, 0xff,
    0x29, 0x86, 0xdc, 0xff, 0x29, 0x86, 0xdc, 0xff, 0x29, 0x86, 0xdc, 0xff, 0x29, 0x86, 0xdc, 0xff,
    0x29, 0x86, 0xdc, 0xff, 0x29, 0x86, 0xdc, 0xff, 0x29, 0x86, 0xdc, 0xff, 0x29, 0x86, 0xdc, 0xff,
    0x29, 0x86, 0xdc, 0xff, 0x29, 0x86, 0xdc, 0xff, 0x29, 0x86, 0xdc, 0xff, 0x29, 0x86, 0xdc, 0xff,
    0x29, 0x86, 0xdc, 0xff, 0x29, 0x86, 0xdc, 0xff, 0x29, 0x86, 0xdc, 0xff, 0x29, 0x86, 0xdc, 0xff,
    0x29, 0x86, 0xdc, 0xff, 0x29, 0x86, 0xdc, 0xff, 0x29, 0x86, 0xdc, 0xff, 0x29, 0x86, 0xdc, 0xff,
    0x29, 0x86, 0xdc, 0xff, 0x29, 0x86, 0xdc, 0xff, 0x29, 0x86, 0xdc, 0xff, 0x29, 0x86, 0xdc, 0xff,
    0x29, 0x86, 0xdc, 0xff, 0x29, 0x86, 0xdc, 0xff, 0x29, 0x86, 0xdc, 0xff, 0x29, 0x86, 0xdc, 0xff,
    0x29, 0x86, 0xdc, 0xff, 0x29, 0x86, 0xdc, 0xff, 0x28, 0x86, 0xdc, 0x8b, 0x00, 0x00, 0x00, 0x00,
    0x00, 0x00, 0x00, 0x00, 0x00, 0x00, 0x00, 0x00, 0x00, 0x00, 0x00, 0x00, 0x00, 0x00, 0x00, 0x00,
    0x00, 0x00, 0x00, 0x00, 0x00, 0x00, 0x00, 0x00, 0x00, 0x00, 0x00, 0x00, 0x00, 0x00, 0x00, 0x00,
    0x00, 0x00, 0x00, 0x00, 0x00, 0x00, 0x00, 0x00, 0x00, 0x00, 0x00, 0x00, 0x00, 0x00, 0x00, 0x00,
    0x00, 0x00, 0x00, 0x00, 0x00, 0x80, 0xbf, 0x04, 0x29, 0x86, 0xdd, 0xb3, 0x29, 0x86, 0xdc, 0xff,
    0x29, 0x86, 0xdc, 0xff, 0x29, 0x86, 0xdc, 0xff, 0x29, 0x86, 0xdc, 0xff, 0x29, 0x86, 0xdc, 0xff,
    0x29, 0x86, 0xdc, 0xff, 0x29, 0x86, 0xdc, 0xff, 0x29, 0x86, 0xdc, 0xff, 0x29, 0x86, 0xdc, 0xff,
    0x29, 0x86, 0xdc, 0xff, 0x29, 0x86, 0xdc, 0xff, 0x29, 0x86, 0xdc, 0xff, 0x29, 0x86, 0xdc, 0xff,
    0x29, 0x86, 0xdc, 0xff, 0x29, 0x86, 0xdc, 0xff, 0x29, 0x86, 0xdc, 0xff, 0x29, 0x86, 0xdc, 0xff,
    0x29, 0x86, 0xdc, 0xff, 0x29, 0x86, 0xdc, 0xff, 0x29, 0x86, 0xdc, 0xff, 0x29, 0x86, 0xdc, 0xff,
    0x29, 0x86, 0xdc, 0xff, 0x29, 0x86, 0xdc, 0xff, 0x29, 0x86, 0xdc, 0xff, 0x29, 0x86, 0xdc, 0xff,
    0x29, 0x86, 0xdc, 0xff, 0x29, 0x86, 0xdc, 0xff, 0x29, 0x86, 0xdc, 0xff, 0x29, 0x86, 0xdc, 0xff,
    0x29, 0x86, 0xdc, 0xff, 0x29, 0x86, 0xdc, 0xff, 0x29, 0x86, 0xdc, 0xff, 0x29, 0x86, 0xdc, 0xff,
    0x29, 0x86, 0xdc, 0xff, 0x29, 0x86, 0xdc, 0xff, 0x29, 0x86, 0xdc, 0xff, 0x29, 0x86, 0xdc, 0xff,
    0x29, 0x86, 0xdc, 0xff, 0x29, 0x86, 0xdc, 0xff, 0x29, 0x86, 0xdc, 0xff, 0x29, 0x86, 0xdc, 0xff,
    0x29, 0x86, 0xdc, 0xff, 0x29, 0x86, 0xdc, 0xff, 0x29, 0x86, 0xdc, 0xff, 0x29, 0x86, 0xdc, 0xff,
    0x29, 0x86, 0xdc, 0xff, 0x29, 0x86, 0xdc, 0xff, 0x29, 0x86, 0xdc, 0xff, 0x29, 0x86, 0xdc, 0xff,
    0x29, 0x86, 0xdc, 0xff, 0x29, 0x86, 0xdc, 0xff, 0x29, 0x86, 0xdc, 0xff, 0x29, 0x86, 0xdc, 0xff,
    0x29, 0x86, 0xdc, 0xff, 0x29, 0x86, 0xdc, 0xff, 0x29, 0x86, 0xdc, 0xff, 0x29, 0x86, 0xdc, 0xff,
    0x29, 0x86, 0xdc, 0xff, 0x29, 0x86, 0xdc, 0xff, 0x29, 0x86, 0xdc, 0xff, 0x29, 0x86, 0xdc, 0xff,
    0x29, 0x86, 0xdc, 0xff, 0x29, 0x86, 0xdc, 0xff, 0x29, 0x86, 0xdc, 0xff, 0x29, 0x86, 0xdc, 0xff,
    0x29, 0x86, 0xdc, 0xff, 0x29, 0x86, 0xdc, 0xff, 0x29, 0x86, 0xdc, 0xff, 0x29, 0x86, 0xdc, 0xff,
    0x29, 0x86, 0xdc, 0xff, 0x29, 0x86, 0xdc, 0xff, 0x29, 0x86, 0xdc, 0xff, 0x29, 0x86, 0xdc, 0xff,
    0x29, 0x86, 0xdc, 0xff, 0x29, 0x86, 0xdc, 0xff, 0x29, 0x86, 0xdc, 0xff, 0x29, 0x86, 0xdc, 0xff,
    0x29, 0x86, 0xdc, 0xff, 0x29, 0x86, 0xdc, 0xff, 0x29, 0x86, 0xdc, 0xff, 0x29, 0x86, 0xdc, 0xff,
    0x29, 0x86, 0xdc, 0xff, 0x29, 0x86, 0xdc, 0xff, 0x29, 0x86, 0xdc, 0xff, 0x29, 0x86, 0xdc, 0xff,
    0x29, 0x86, 0xdc, 0xff, 0x29, 0x86, 0xdc, 0xff, 0x29, 0x86, 0xdc, 0xff, 0x29, 0x86, 0xdc, 0xff,
    0x29, 0x86, 0xdc, 0xff, 0x29, 0x86, 0xdc, 0xff, 0x29, 0x86, 0xdc, 0xff, 0x29, 0x86, 0xdc, 0xff,
    0x29, 0x86, 0xdc, 0xff, 0x29, 0x86, 0xdc, 0xff, 0x29, 0x86, 0xdc, 0xff, 0x29, 0x86, 0xdc, 0xff,
    0x29, 0x86, 0xdc, 0xff, 0x29, 0x86, 0xdc, 0xff, 0x29, 0x86, 0xdc, 0xff, 0x29, 0x86, 0xdc, 0xff,
    0x29, 0x86, 0xdc, 0xff, 0x29, 0x86, 0xdc, 0xff, 0x29, 0x86, 0xdc, 0xff, 0x29, 0x86, 0xdc, 0xff,
    0x29, 0x86, 0xdc, 0xff, 0x29, 0x86, 0xdc, 0xff, 0x29, 0x86, 0xdc, 0xff, 0x29, 0x86, 0xdc, 0xff,
    0x29, 0x86, 0xdc, 0xff, 0x29, 0x86, 0xdc, 0xff, 0x29, 0x86, 0xdc, 0xff, 0x28, 0x86, 0xdc, 0xb7,
    0x00, 0x80, 0xbf, 0x04, 0x00, 0x00, 0x00, 0x00, 0x00, 0x00, 0x00, 0x00, 0x00, 0x00, 0x00, 0x00,
    0x00, 0x00, 0x00, 0x00, 0x00, 0x00, 0x00, 0x00, 0x00, 0x00, 0x00, 0x00, 0x00, 0x00, 0x00, 0x00,
    0x00, 0x00, 0x00, 0x00, 0x00, 0x00, 0x00, 0x00, 0x00, 0x00, 0x00, 0x00, 0x00, 0x00, 0x00, 0x00,
    0x00, 0x00, 0x00, 0x00, 0x00, 0x00, 0x00, 0x00, 0x00, 0x00, 0x00, 0x00, 0x00, 0x00, 0x00, 0x00,
    0x20, 0x80, 0xdf, 0x08, 0x28, 0x86, 0xdc, 0xb7, 0x29, 0x86, 0xdc, 0xff, 0x29, 0x86, 0xdc, 0xff,
    0x29, 0x86, 0xdc, 0xff, 0x29, 0x86, 0xdc, 0xff, 0x29, 0x86, 0xdc, 0xff, 0x29, 0x86, 0xdc, 0xff,
    0x29, 0x86, 0xdc, 0xff, 0x29, 0x86, 0xdc, 0xff, 0x29, 0x86, 0xdc, 0xff, 0x29, 0x86, 0xdc, 0xff,
    0x29, 0x86, 0xdc, 0xff, 0x29, 0x86, 0xdc, 0xff, 0x29, 0x86, 0xdc, 0xff, 0x29, 0x86, 0xdc, 0xff,
    0x29, 0x86, 0xdc, 0xff, 0x29, 0x86, 0xdc, 0xff, 0x29, 0x86, 0xdc, 0xff, 0x29, 0x86, 0xdc, 0xff,
    0x29, 0x86, 0xdc, 0xff, 0x29, 0x86, 0xdc, 0xff, 0x29, 0x86, 0xdc, 0xff, 0x29, 0x86, 0xdc, 0xff,
    0x29, 0x86, 0xdc, 0xff, 0x29, 0x86, 0xdc, 0xff, 0x29, 0x86, 0xdc, 0xff, 0x29, 0x86, 0xdc, 0xff,
    0x29, 0x86, 0xdc, 0xff, 0x29, 0x86, 0xdc, 0xff, 0x29, 0x86, 0xdc, 0xff, 0x29, 0x86, 0xdc, 0xff,
    0x29, 0x86, 0xdc, 0xff, 0x29, 0x86, 0xdc, 0xff, 0x29, 0x86, 0xdc, 0xff, 0x29, 0x86, 0xdc, 0xff,
    0x29, 0x86, 0xdc, 0xff, 0x29, 0x86, 0xdc, 0xff, 0x29, 0x86, 0xdc, 0xff, 0x29, 0x86, 0xdc, 0xff,
    0x29, 0x86, 0xdc, 0xff, 0x29, 0x86, 0xdc, 0xff, 0x29, 0x86, 0xdc, 0xff, 0x29, 0x86, 0xdc, 0xff,
    0x29, 0x86, 0xdc, 0xff, 0x29, 0x86, 0xdc, 0xff, 0x29, 0x86, 0xdc, 0xff, 0x29, 0x86, 0xdc, 0xff,
    0x29, 0x86, 0xdc, 0xff, 0x29, 0x86, 0xdc, 0xff, 0x29, 0x86, 0xdc, 0xff, 0x29, 0x86, 0xdc, 0xff,
    0x29, 0x86, 0xdc, 0xff, 0x29, 0x86, 0xdc, 0xff, 0x29, 0x86, 0xdc, 0xff, 0x29, 0x86, 0xdc, 0xff,
    0x29, 0x86, 0xdc, 0xff, 0x29, 0x86, 0xdc, 0xff, 0x29, 0x86, 0xdc, 0xff, 0x29, 0x86, 0xdc, 0xff,
    0x29, 0x86, 0xdc, 0xff, 0x29, 0x86, 0xdc, 0xff, 0x29, 0x86, 0xdc, 0xff, 0x29, 0x86, 0xdc, 0xff,
    0x29, 0x86, 0xdc, 0xff, 0x29, 0x86, 0xdc, 0xff, 0x29, 0x86, 0xdc, 0xff, 0x29, 0x86, 0xdc, 0xff,
    0x29, 0x86, 0xdc, 0xff, 0x29, 0x86, 0xdc, 0xff, 0x29, 0x86, 0xdc, 0xff, 0x29, 0x86, 0xdc, 0xff,
    0x29, 0x86, 0xdc, 0xff, 0x29, 0x86, 0xdc, 0xff, 0x29, 0x86, 0xdc, 0xff, 0x29, 0x86, 0xdc, 0xff,
    0x29, 0x86, 0xdc, 0xff, 0x29, 0x86, 0xdc, 0xff, 0x29, 0x86, 0xdc, 0xff, 0x29, 0x86, 0xdc, 0xff,
    0x29, 0x86, 0xdc, 0xff, 0x29, 0x86, 0xdc, 0xff, 0x29, 0x86, 0xdc, 0xff, 0x29, 0x86, 0xdc, 0xff,
    0x29, 0x86, 0xdc, 0xff, 0x29, 0x86, 0xdc, 0xff, 0x29, 0x86, 0xdc, 0xff, 0x29, 0x86, 0xdc, 0xff,
    0x29, 0x86, 0xdc, 0xff, 0x29, 0x86, 0xdc, 0xff, 0x29, 0x86, 0xdc, 0xff, 0x29, 0x86, 0xdc, 0xff,
    0x29, 0x86, 0xdc, 0xff, 0x29, 0x86, 0xdc, 0xff, 0x29, 0x86, 0xdc, 0xff, 0x29, 0x86, 0xdc, 0xff,
    0x29, 0x86, 0xdc, 0xff, 0x29, 0x86, 0xdc, 0xff, 0x29, 0x86, 0xdc, 0xff, 0x29, 0x86, 0xdc, 0xff,
    0x29, 0x86, 0xdc, 0xff, 0x29, 0x86, 0xdc, 0xff, 0x29, 0x86, 0xdc, 0xff, 0x29, 0x86, 0xdc, 0xff,
    0x29, 0x86, 0xdc, 0xff, 0x29, 0x86, 0xdc, 0xff, 0x29, 0x86, 0xdc, 0xff, 0x29, 0x86, 0xdc, 0xff,
    0x29, 0x86, 0xdc, 0xff, 0x29, 0x86, 0xdc, 0xff, 0x29, 0x86, 0xdc, 0xff, 0x29, 0x86, 0xdc, 0xff,
    0x28, 0x86, 0xdc, 0xb7, 0x20, 0x80, 0xdf, 0x08, 0x00, 0x00, 0x00, 0x00, 0x00, 0x00, 0x00, 0x00,
    0x00, 0x00, 0x00, 0x00, 0x00, 0x00, 0x00, 0x00, 0x00, 0x00, 0x00, 0x00, 0x00, 0x00, 0x00, 0x00,
    0x00, 0x00, 0x00, 0x00, 0x00, 0x00, 0x00, 0x00, 0x00, 0x00, 0x00, 0x00, 0x00, 0x00, 0x00, 0x00,
    0x00, 0x00, 0x00, 0x00, 0x00, 0x00, 0x00, 0x00, 0x00, 0x00, 0x00, 0x00, 0x00, 0x00, 0x00, 0x00,
    0x00, 0x00, 0x00, 0x00, 0x00, 0x00, 0x00, 0x00, 0x00, 0x00, 0x00, 0x00, 0x20, 0x80, 0xdf, 0x08,
    0x28, 0x86, 0xdc, 0xb7, 0x29, 0x86, 0xdc, 0xff, 0x29, 0x86, 0xdc, 0xff, 0x29, 0x86, 0xdc, 0xff,
    0x29, 0x86, 0xdc, 0xff, 0x29, 0x86, 0xdc, 0xff, 0x29, 0x86, 0xdc, 0xff, 0x29, 0x86, 0xdc, 0xff,
    0x29, 0x86, 0xdc, 0xff, 0x29, 0x86, 0xdc, 0xff, 0x29, 0x86, 0xdc, 0xff, 0x29, 0x86, 0xdc, 0xff,
    0x29, 0x86, 0xdc, 0xff, 0x29, 0x86, 0xdc, 0xff, 0x29, 0x86, 0xdc, 0xff, 0x29, 0x86, 0xdc, 0xff,
    0x29, 0x86, 0xdc, 0xff, 0x29, 0x86, 0xdc, 0xff, 0x29, 0x86, 0xdc, 0xff, 0x29, 0x86, 0xdc, 0xff,
    0x29, 0x86, 0xdc, 0xff, 0x29, 0x86, 0xdc, 0xff, 0x29, 0x86, 0xdc, 0xff, 0x29, 0x86, 0xdc, 0xff,
    0x29, 0x86, 0xdc, 0xff, 0x29, 0x86, 0xdc, 0xff, 0x29, 0x86, 0xdc, 0xff, 0x29, 0x86, 0xdc, 0xff,
    0x29, 0x86, 0xdc, 0xff, 0x29, 0x86, 0xdc, 0xff, 0x29, 0x86, 0xdc, 0xff, 0x29, 0x86, 0xdc, 0xff,
    0x29, 0x86, 0xdc, 0xff, 0x29, 0x86, 0xdc, 0xff, 0x29, 0x86, 0xdc, 0xff, 0x29, 0x86, 0xdc, 0xff,
    0x29, 0x86, 0xdc, 0xff, 0x29, 0x86, 0xdc, 0xff, 0x29, 0x86, 0xdc, 0xff, 0x29, 0x86, 0xdc, 0xff,
    0x29, 0x86, 0xdc, 0xff, 0x29, 0x86, 0xdc, 0xff, 0x29, 0x86, 0xdc, 0xff, 0x29, 0x86, 0xdc, 0xff,
    0x29, 0x86, 0xdc, 0xff, 0x29, 0x86, 0xdc, 0xff, 0x29, 0x86, 0xdc, 0xff, 0x29, 0x86, 0xdc, 0xff,
    0x29, 0x86, 0xdc, 0xff, 0x29, 0x86, 0xdc, 0xff, 0x29, 0x86, 0xdc, 0xff, 0x29, 0x86, 0xdc, 0xff,
    0x29, 0x86, 0xdc, 0xff, 0x29, 0x86, 0xdc, 0xff, 0x29, 0x86, 0xdc, 0xff, 0x29, 0x86, 0xdc, 0xff,
    0x29, 0x86, 0xdc, 0xff, 0x29, 0x86, 0xdc, 0xff, 0x29, 0x86, 0xdc, 0xff, 0x29, 0x86, 0xdc, 0xff,
    0x29, 0x86, 0xdc, 0xff, 0x29, 0x86, 0xdc, 0xff, 0x29, 0x86, 0xdc, 0xff, 0x29, 0x86, 0xdc, 0xff,
    0x29, 0x86, 0xdc, 0xff, 0x29, 0x86, 0xdc, 0xff, 0x29, 0x86, 0xdc, 0xff, 0x29, 0x86, 0xdc, 0xff,
    0x29, 0x86, 0xdc, 0xff, 0x29, 0x86, 0xdc, 0xff, 0x29, 0x86, 0xdc, 0xff, 0x29, 0x86, 0xdc, 0xff,
    0x29, 0x86, 0xdc, 0xff, 0x29, 0x86, 0xdc, 0xff, 0x29, 0x86, 0xdc, 0xff, 0x29, 0x86, 0xdc, 0xff,
    0x29, 0x86, 0xdc, 0xff, 0x29, 0x86, 0xdc, 0xff, 0x29, 0x86, 0xdc, 0xff, 0x29, 0x86, 0xdc, 0xff,
    0x29, 0x86, 0xdc, 0xff, 0x29, 0x86, 0xdc, 0xff, 0x29, 0x86, 0xdc, 0xff, 0x29, 0x86, 0xdc, 0xff,
    0x29, 0x86, 0xdc, 0xff, 0x29, 0x86, 0xdc, 0xff, 0x29, 0x86, 0xdc, 0xff, 0x29, 0x86, 0xdc, 0xff,
    0x29, 0x86, 0xdc, 0xff, 0x29, 0x86, 0xdc, 0xff, 0x29, 0x86, 0xdc, 0xff, 0x29, 0x86, 0xdc, 0xff,
    0x29, 0x86, 0xdc, 0xff, 0x29, 0x86, 0xdc, 0xff, 0x29, 0x86, 0xdc, 0xff, 0x29, 0x86, 0xdc, 0xff,
    0x29, 0x86, 0xdc, 0xff, 0x29, 0x86, 0xdc, 0xff, 0x29, 0x86, 0xdc, 0xff, 0x29, 0x86, 0xdc, 0xff,
    0x29, 0x86, 0xdc, 0xff, 0x29, 0x86, 0xdc, 0xff, 0x29, 0x86, 0xdc, 0xff, 0x29, 0x86, 0xdc, 0xff,
    0x29, 0x86, 0xdc, 0xff, 0x29, 0x86, 0xdc, 0xff, 0x29, 0x86, 0xdc, 0xff, 0x29, 0x86, 0xdc, 0xff,
    0x29, 0x86, 0xdc, 0xff, 0x28, 0x86, 0xdd, 0xb3, 0x20, 0x80, 0xdf, 0x08, 0x00, 0x00, 0x00, 0x00,
    0x00, 0x00, 0x00, 0x00, 0x00, 0x00, 0x00, 0x00, 0x00, 0x00, 0x00, 0x00, 0x00, 0x00, 0x00, 0x00,
    0x00, 0x00, 0x00, 0x00, 0x00, 0x00, 0x00, 0x00, 0x00, 0x00, 0x00, 0x00, 0x00, 0x00, 0x00, 0x00,
    0x00, 0x00, 0x00, 0x00, 0x00, 0x00, 0x00, 0x00, 0x00, 0x00, 0x00, 0x00, 0x00, 0x00, 0x00, 0x00,
    0x00, 0x00, 0x00, 0x00, 0x00, 0x00, 0x00, 0x00, 0x00, 0x00, 0x00, 0x00, 0x00, 0x00, 0x00, 0x00,
    0x00, 0x00, 0x00, 0x00, 0x00, 0x00, 0x00, 0x00, 0x00, 0x80, 0xbf, 0x04, 0x28, 0x86, 0xdc, 0x8b,
    0x29, 0x86, 0xdc, 0xff, 0x29, 0x86, 0xdc, 0xff, 0x29, 0x86, 0xdc, 0xff, 0x29, 0x86, 0xdc, 0xff,
    0x29, 0x86, 0xdc, 0xff, 0x29, 0x86, 0xdc, 0xff, 0x29, 0x86, 0xdc, 0xff, 0x29, 0x86, 0xdc, 0xff,
    0x29, 0x86, 0xdc, 0xff, 0x29, 0x86, 0xdc, 0xff, 0x29, 0x86, 0xdc, 0xff, 0x29, 0x86, 0xdc, 0xff,
    0x29, 0x86, 0xdc, 0xff, 0x29, 0x86, 0xdc, 0xff, 0x29, 0x86, 0xdc, 0xff, 0x29, 0x86, 0xdc, 0xff,
    0x29, 0x86, 0xdc, 0xff, 0x29, 0x86, 0xdc, 0xff, 0x29, 0x86, 0xdc, 0xff, 0x29, 0x86, 0xdc, 0xff,
    0x29, 0x86, 0xdc, 0xff, 0x29, 0x86, 0xdc, 0xff, 0x29, 0x86, 0xdc, 0xff, 0x29, 0x86, 0xdc, 0xff,
    0x29, 0x86, 0xdc, 0xff, 0x29, 0x86, 0xdc, 0xff, 0x29, 0x86, 0xdc, 0xff, 0x29, 0x86, 0xdc, 0xff,
    0x29, 0x86, 0xdc, 0xff, 0x29, 0x86, 0xdc, 0xff, 0x29, 0x86, 0xdc, 0xff, 0x29, 0x86, 0xdc, 0xff,
    0x29, 0x86, 0xdc, 0xff, 0x29, 0x86, 0xdc, 0xff, 0x29, 0x86, 0xdc, 0xff, 0x29, 0x86, 0xdc, 0xff,
    0x29, 0x86, 0xdc, 0xff, 0x29, 0x86, 0xdc, 0xff, 0x29, 0x86, 0xdc, 0xff, 0x29, 0x86, 0xdc, 0xff,
    0x29, 0x86, 0xdc, 0xff, 0x29, 0x86, 0xdc, 0xff, 0x29, 0x86, 0xdc, 0xff, 0x29, 0x86, 0xdc, 0xff,
    0x29, 0x86, 0xdc, 0xff, 0x29, 0x86, 0xdc, 0xff, 0x29, 0x86, 0xdc, 0xff, 0x29, 0x86, 0xdc, 0xff,
    0x29, 0x86, 0xdc, 0xff, 0x29, 0x86, 0xdc, 0xff, 0x29, 0x86, 0xdc, 0xff, 0x29, 0x86, 0xdc, 0xff,
    0x29, 0x86, 0xdc, 0xff, 0x29, 0x86, 0xdc, 0xff, 0x29, 0x86, 0xdc, 0xff, 0x29, 0x86, 0xdc, 0xff,
    0x29, 0x86, 0xdc, 0xff, 0x29, 0x86, 0xdc, 0xff, 0x29, 0x86, 0xdc, 0xff, 0x29, 0x86, 0xdc, 0xff,
    0x29, 0x86, 0xdc, 0xff, 0x29, 0x86, 0xdc, 0xff, 0x29, 0x86, 0xdc, 0xff, 0x29, 0x86, 0xdc, 0xff,
    0x29, 0x86, 0xdc, 0xff, 0x29, 0x86, 0xdc, 0xff, 0x29, 0x86, 0xdc, 0xff, 0x29, 0x86, 0xdc, 0xff,
    0x29, 0x86, 0xdc, 0xff, 0x29, 0x86, 0xdc, 0xff, 0x29, 0x86, 0xdc, 0xff, 0x29, 0x86, 0xdc, 0xff,
    0x29, 0x86, 0xdc, 0xff, 0x29, 0x86, 0xdc, 0xff, 0x29, 0x86, 0xdc, 0xff, 0x29, 0x86, 0xdc, 0xff,
    0x29, 0x86, 0xdc, 0xff, 0x29, 0x86, 0xdc, 0xff, 0x29, 0x86, 0xdc, 0xff, 0x29, 0x86, 0xdc, 0xff,
    0x29, 0x86, 0xdc, 0xff, 0x29, 0x86, 0xdc, 0xff, 0x29, 0x86, 0xdc, 0xff, 0x29, 0x86, 0xdc, 0xff,
    0x29, 0x86, 0xdc, 0xff, 0x29, 0x86, 0xdc, 0xff, 0x29, 0x86, 0xdc, 0xff, 0x29, 0x86, 0xdc, 0xff,
    0x29, 0x86, 0xdc, 0xff, 0x29, 0x86, 0xdc, 0xff, 0x29, 0x86, 0xdc, 0xff, 0x29, 0x86, 0xdc, 0xff,
    0x29, 0x86, 0xdc, 0xff, 0x29, 0x86, 0xdc, 0xff, 0x29, 0x86, 0xdc, 0xff, 0x29, 0x86, 0xdc, 0xff,
    0x29, 0x86, 0xdc, 0xff, 0x29, 0x86, 0xdc, 0xff, 0x29, 0x86, 0xdc, 0xff, 0x29, 0x86, 0xdc, 0xff,
    0x29, 0x86, 0xdc, 0xff, 0x29, 0x86, 0xdc, 0xff, 0x29, 0x86, 0xdc, 0xff, 0x29, 0x86, 0xdc, 0xff,
    0x29, 0x86, 0xdc, 0xff, 0x29, 0x86, 0xdc, 0xff, 0x29, 0x86, 0xdb, 0x8f, 0x00, 0x80, 0xbf, 0x04,
    0x00, 0x00, 0x00, 0x00, 0x00, 0x00, 0x00, 0x00, 0x00, 0x00, 0x00, 0x00, 0x00, 0x00, 0x00, 0x00,
    0x00, 0x00, 0x00, 0x00, 0x00, 0x00, 0x00, 0x00, 0x00, 0x00, 0x00, 0x00, 0x00, 0x00, 0x00, 0x00,
    0x00, 0x00, 0x00, 0x00, 0x00, 0x00, 0x00, 0x00, 0x00, 0x00, 0x00, 0x00, 0x00, 0x00, 0x00, 0x00,
    0x00, 0x00, 0x00, 0x00, 0x00, 0x00, 0x00, 0x00, 0x00, 0x00, 0x00, 0x00, 0x00, 0x00, 0x00, 0x00,
    0x00, 0x00, 0x00, 0x00, 0x00, 0x00, 0x00, 0x00, 0x00, 0x00, 0x00, 0x00, 0x00, 0x00, 0x00, 0x00,
    0x00, 0x00, 0x00, 0x00, 0x00, 0x00, 0x00, 0x00, 0x28, 0x86, 0xdf, 0x5f, 0x28, 0x86, 0xdc, 0xf7,
    0x29, 0x86, 0xdc, 0xff, 0x29, 0x86, 0xdc, 0xff, 0x29, 0x86, 0xdc, 0xff, 0x29, 0x86, 0xdc, 0xff,
    0x29, 0x86, 0xdc, 0xff, 0x29, 0x86, 0xdc, 0xff, 0x29, 0x86, 0xdc, 0xff, 0x29, 0x86, 0xdc, 0xff,
    0x29, 0x86, 0xdc, 0xff, 0x29, 0x86, 0xdc, 0xff, 0x29, 0x86, 0xdc, 0xff, 0x29, 0x86, 0xdc, 0xff,
    0x29, 0x86, 0xdc, 0xff, 0x29, 0x86, 0xdc, 0xff, 0x29, 0x86, 0xdc, 0xff, 0x29, 0x86, 0xdc, 0xff,
    0x29, 0x86, 0xdc, 0xff, 0x29, 0x86, 0xdc, 0xff, 0x29, 0x86, 0xdc, 0xff, 0x29, 0x86, 0xdc, 0xff,
    0x29, 0x86, 0xdc, 0xff, 0x29, 0x86, 0xdc, 0xff, 0x29, 0x86, 0xdc, 0xff, 0x29, 0x86, 0xdc, 0xff,
    0x29, 0x86, 0xdc, 0xff, 0x29, 0x86, 0xdc, 0xff, 0x29, 0x86, 0xdc, 0xff, 0x29, 0x86, 0xdc, 0xff,
    0x29, 0x86, 0xdc, 0xff, 0x29, 0x86, 0xdc, 0xff, 0x29, 0x86, 0xdc, 0xff, 0x29, 0x86, 0xdc, 0xff,
    0x29, 0x86, 0xdc, 0xff, 0x29, 0x86, 0xdc, 0xff, 0x29, 0x86, 0xdc, 0xff, 0x29, 0x86, 0xdc, 0xff,
    0x29, 0x86, 0xdc, 0xff, 0x29, 0x86, 0xdc, 0xff, 0x29, 0x86, 0xdc, 0xff, 0x29, 0x86, 0xdc, 0xff,
    0x29, 0x86, 0xdc, 0xff, 0x29, 0x86, 0xdc, 0xff, 0x29, 0x86, 0xdc, 0xff, 0x29, 0x86, 0xdc, 0xff,
    0x29, 0x86, 0xdc, 0xff, 0x29, 0x86, 0xdc, 0xff, 0x29, 0x86, 0xdc, 0xff, 0x29, 0x86, 0xdc, 0xff,
    0x29, 0x86, 0xdc, 0xff, 0x29, 0x86, 0xdc, 0xff, 0x29, 0x86, 0xdc, 0xff, 0x29, 0x86, 0xdc, 0xff,
    0x29, 0x86, 0xdc, 0xff, 0x29, 0x86, 0xdc, 0xff, 0x29, 0x86, 0xdc, 0xff, 0x29, 0x86, 0xdc, 0xff,
    0x29, 0x86, 0xdc, 0xff, 0x29, 0x86, 0xdc, 0xff, 0x29, 0x86, 0xdc, 0xff, 0x29, 0x86, 0xdc, 0xff,
    0x29, 0x86, 0xdc, 0xff, 0x29, 0x86, 0xdc, 0xff, 0x29, 0x86, 0xdc, 0xff, 0x29, 0x86, 0xdc, 0xff,
    0x29, 0x86, 0xdc, 0xff, 0x29, 0x86, 0xdc, 0xff, 0x29, 0x86, 0xdc, 0xff, 0x29, 0x86, 0xdc, 0xff,
    0x29, 0x86, 0xdc, 0xff, 0x29, 0x86, 0xdc, 0xff, 0x29, 0x86, 0xdc, 0xff, 0x29, 0x86, 0xdc, 0xff,
    0x29, 0x86, 0xdc, 0xff, 0x29, 0x86, 0xdc, 0xff, 0x29, 0x86, 0xdc, 0xff, 0x29, 0x86, 0xdc, 0xff,
    0x29, 0x86, 0xdc, 0xff, 0x29, 0x86, 0xdc, 0xff, 0x29, 0x86, 0xdc, 0xff, 0x29, 0x86, 0xdc, 0xff,
    0x29, 0x86, 0xdc, 0xff, 0x29, 0x86, 0xdc, 0xff, 0x29, 0x86, 0xdc, 0xff, 0x29, 0x86, 0xdc, 0xff,
    0x29, 0x86, 0xdc, 0xff, 0x29, 0x86, 0xdc, 0xff, 0x29, 0x86, 0xdc, 0xff, 0x29, 0x86, 0xdc, 0xff,
    0x29, 0x86, 0xdc, 0xff, 0x29, 0x86, 0xdc, 0xff, 0x29, 0x86, 0xdc, 0xff, 0x29, 0x86, 0xdc, 0xff,
    0x29, 0x86, 0xdc, 0xff, 0x29, 0x86, 0xdc, 0xff, 0x29, 0x86, 0xdc, 0xff, 0x29, 0x86, 0xdc, 0xff,
    0x29, 0x86, 0xdc, 0xff, 0x29, 0x86, 0xdc, 0xff, 0x29, 0x86, 0xdc, 0xff, 0x29, 0x86, 0xdc, 0xff,
    0x29, 0x86, 0xdc, 0xff, 0x29, 0x86, 0xdc, 0xff, 0x28, 0x85, 0xdc, 0xf7, 0x27, 0x87, 0xdd, 0x5b,
    0x00, 0x00, 0x00, 0x00, 0x00, 0x00, 0x00, 0x00, 0x00, 0x00, 0x00, 0x00, 0x00, 0x00, 0x00, 0x00,
    0x00, 0x00, 0x00, 0x00, 0x00, 0x00, 0x00, 0x00, 0x00, 0x00, 0x00, 0x00, 0x00, 0x00, 0x00, 0x00,
    0x00, 0x00, 0x00, 0x00, 0x00, 0x00, 0x00, 0x00, 0x00, 0x00, 0x00, 0x00, 0x00, 0x00, 0x00, 0x00,
    0x00, 0x00, 0x00, 0x00, 0x00, 0x00, 0x00, 0x00, 0x00, 0x00, 0x00, 0x00, 0x00, 0x00, 0x00, 0x00,
    0x00, 0x00, 0x00, 0x00, 0x00, 0x00, 0x00, 0x00, 0x00, 0x00, 0x00, 0x00, 0x00, 0x00, 0x00, 0x00,
    0x00, 0x00, 0x00, 0x00, 0x00, 0x00, 0x00, 0x00, 0x00, 0x00, 0x00, 0x00, 0x00, 0x00, 0x00, 0x00,
    0x00, 0x00, 0x00, 0x00, 0x23, 0x80, 0xdc, 0x24, 0x29, 0x87, 0xdc, 0xc7, 0x29, 0x86, 0xdc, 0xff,
    0x29, 0x86, 0xdc, 0xff, 0x29, 0x86, 0xdc, 0xff, 0x29, 0x86, 0xdc, 0xff, 0x29, 0x86, 0xdc, 0xff,
    0x29, 0x86, 0xdc, 0xff, 0x29, 0x86, 0xdc, 0xff, 0x29, 0x86, 0xdc, 0xff, 0x29, 0x86, 0xdc, 0xff,
    0x29, 0x86, 0xdc, 0xff, 0x29, 0x86, 0xdc, 0xff, 0x29, 0x86, 0xdc, 0xff, 0x29, 0x86, 0xdc, 0xff,
    0x29, 0x86, 0xdc, 0xff, 0x29, 0x86, 0xdc, 0xff, 0x29, 0x86, 0xdc, 0xff, 0x29, 0x86, 0xdc, 0xff,
    0x29, 0x86, 0xdc, 0xff, 0x29, 0x86, 0xdc, 0xff, 0x29, 0x86, 0xdc, 0xff, 0x29, 0x86, 0xdc, 0xff,
    0x29, 0x86, 0xdc, 0xff, 0x29, 0x86, 0xdc, 0xff, 0x29, 0x86, 0xdc, 0xff, 0x29, 0x86, 0xdc, 0xff,
    0x29, 0x86, 0xdc, 0xff, 0x29, 0x86, 0xdc, 0xff, 0x29, 0x86, 0xdc, 0xff, 0x29, 0x86, 0xdc, 0xff,
    0x29, 0x86, 0xdc, 0xff, 0x29, 0x86, 0xdc, 0xff, 0x29, 0x86, 0xdc, 0xff, 0x29, 0x86, 0xdc, 0xff,
    0x29, 0x86, 0xdc, 0xff, 0x29, 0x86, 0xdc, 0xff, 0x29, 0x86, 0xdc, 0xff, 0x29, 0x86, 0xdc, 0xff,
    0x29, 0x86, 0xdc, 0xff, 0x29, 0x86, 0xdc, 0xff, 0x29, 0x86, 0xdc, 0xff, 0x29, 0x86, 0xdc, 0xff,
    0x29, 0x86, 0xdc, 0xff, 0x29, 0x86, 0xdc, 0xff, 0x29, 0x86, 0xdc, 0xff, 0x29, 0x86, 0xdc, 0xff,
    0x29, 0x86, 0xdc, 0xff, 0x29, 0x86, 0xdc, 0xff, 0x29, 0x86, 0xdc, 0xff, 0x29, 0x86, 0xdc, 0xff,
    0x29, 0x86, 0xdc, 0xff, 0x29, 0x86, 0xdc, 0xff, 0x29, 0x86, 0xdc, 0xff, 0x29, 0x86, 0xdc, 0xff,
    0x29, 0x86, 0xdc, 0xff, 0x29, 0x86, 0xdc, 0xff, 0x29, 0x86, 0xdc, 0xff, 0x29, 0x86, 0xdc, 0xff,
    0x29, 0x86, 0xdc, 0xff, 0x29, 0x86, 0xdc, 0xff, 0x29, 0x86, 0xdc, 0xff, 0x29, 0x86, 0xdc, 0xff,
    0x29, 0x86, 0xdc, 0xff, 0x29, 0x86, 0xdc, 0xff, 0x29, 0x86, 0xdc, 0xff, 0x29, 0x86, 0xdc, 0xff,
    0x29, 0x86, 0xdc, 0xff, 0x29, 0x86, 0xdc, 0xff, 0x29, 0x86, 0xdc, 0xff, 0x29, 0x86, 0xdc, 0xff,
    0x29, 0x86, 0xdc, 0xff, 0x29, 0x86, 0xdc, 0xff, 0x29, 0x86, 0xdc, 0xff, 0x29, 0x86, 0xdc, 0xff,
    0x29, 0x86, 0xdc, 0xff, 0x29, 0x86, 0xdc, 0xff, 0x29, 0x86, 0xdc, 0xff, 0x29, 0x86, 0xdc, 0xff,
    0x29, 0x86, 0xdc, 0xff, 0x29, 0x86, 0xdc, 0xff, 0x29, 0x86, 0xdc, 0xff, 0x29, 0x86, 0xdc, 0xff,
    0x29, 0x86, 0xdc, 0xff, 0x29, 0x86, 0xdc, 0xff, 0x29, 0x86, 0xdc, 0xff, 0x29, 0x86, 0xdc, 0xff,
    0x29, 0x86, 0xdc, 0xff, 0x29, 0x86, 0xdc, 0xff, 0x29, 0x86, 0xdc, 0xff, 0x29, 0x86, 0xdc, 0xff,
    0x29, 0x86, 0xdc, 0xff, 0x29, 0x86, 0xdc, 0xff, 0x29, 0x86, 0xdc, 0xff, 0x29, 0x86, 0xdc, 0xff,
    0x29, 0x86, 0xdc, 0xff, 0x29, 0x86, 0xdc, 0xff, 0x29, 0x86, 0xdc, 0xff, 0x29, 0x86, 0xdc, 0xff,
    0x29, 0x86, 0xdc, 0xff, 0x29, 0x86, 0xdc, 0xff, 0x29, 0x86, 0xdc, 0xff, 0x29, 0x85, 0xdc, 0xc7,
    0x26, 0x80, 0xd9, 0x28, 0x00, 0x00, 0x00, 0x00, 0x00, 0x00, 0x00, 0x00, 0x00, 0x00, 0x00, 0x00,
    0x00, 0x00, 0x00, 0x00, 0x00, 0x00, 0x00, 0x00, 0x00, 0x00, 0x00, 0x00, 0x00, 0x00, 0x00, 0x00,
    0x00, 0x00, 0x00, 0x00, 0x00, 0x00, 0x00, 0x00, 0x00, 0x00, 0x00, 0x00, 0x00, 0x00, 0x00, 0x00,
    0x00, 0x00, 0x00, 0x00, 0x00, 0x00, 0x00, 0x00, 0x00, 0x00, 0x00, 0x00, 0x00, 0x00, 0x00, 0x00,
    0x00, 0x00, 0x00, 0x00, 0x00, 0x00, 0x00, 0x00, 0x00, 0x00, 0x00, 0x00, 0x00, 0x00, 0x00, 0x00,
    0x00, 0x00, 0x00, 0x00, 0x00, 0x00, 0x00, 0x00, 0x00, 0x00, 0x00, 0x00, 0x00, 0x00, 0x00, 0x00,
    0x00, 0x00, 0x00, 0x00, 0x00, 0x00, 0x00, 0x00, 0x00, 0x00, 0x00, 0x00, 0x00, 0x00, 0x00, 0x00,
    0x00, 0x00, 0x00, 0x00, 0x28, 0x86, 0xdc, 0x67, 0x29, 0x86, 0xdc, 0xe7, 0x29, 0x86, 0xdc, 0xff,
    0x29, 0x86, 0xdc, 0xff, 0x29, 0x86, 0xdc, 0xff, 0x29, 0x86, 0xdc, 0xff, 0x29, 0x86, 0xdc, 0xff,
    0x29, 0x86, 0xdc, 0xff, 0x29, 0x86, 0xdc, 0xff, 0x29, 0x86, 0xdc, 0xff, 0x29, 0x86, 0xdc, 0xff,
    0x29, 0x86, 0xdc, 0xff, 0x29, 0x86, 0xdc, 0xff, 0x29, 0x86, 0xdc, 0xff, 0x29, 0x86, 0xdc, 0xff,
    0x29, 0x86, 0xdc, 0xff, 0x29, 0x86, 0xdc, 0xff, 0x29, 0x86, 0xdc, 0xff, 0x29, 0x86, 0xdc, 0xff,
    0x29, 0x86, 0xdc, 0xff, 0x29, 0x86, 0xdc, 0xff, 0x29, 0x86, 0xdc, 0xff, 0x29, 0x86, 0xdc, 0xff,
    0x29, 0x86, 0xdc, 0xff, 0x29, 0x86, 0xdc, 0xff, 0x29, 0x86, 0xdc, 0xff, 0x29, 0x86, 0xdc, 0xff,
    0x29, 0x86, 0xdc, 0xff, 0x29, 0x86, 0xdc, 0xff, 0x29, 0x86, 0xdc, 0xff, 0x29, 0x86, 0xdc, 0xff,
    0x29, 0x86, 0xdc, 0xff, 0x29, 0x86, 0xdc, 0xff, 0x29, 0x86, 0xdc, 0xff, 0x29, 0x86, 0xdc, 0xff,
    0x29, 0x86, 0xdc, 0xff, 0x29, 0x86, 0xdc, 0xff, 0x29, 0x86, 0xdc, 0xff, 0x29, 0x86, 0xdc, 0xff,
    0x29, 0x86, 0xdc, 0xff, 0x29, 0x86, 0xdc, 0xff, 0x29, 0x86, 0xdc, 0xff, 0x29, 0x86, 0xdc, 0xff,
    0x29, 0x86, 0xdc, 0xff, 0x29, 0x86, 0xdc, 0xff, 0x29, 0x86, 0xdc, 0xff, 0x29, 0x86, 0xdc, 0xff,
    0x29, 0x86, 0xdc, 0xff, 0x29, 0x86, 0xdc, 0xff, 0x29, 0x86, 0xdc, 0xff, 0x29, 0x86, 0xdc, 0xff,
    0x29, 0x86, 0xdc, 0xff, 0x29, 0x86, 0xdc, 0xff, 0x29, 0x86, 0xdc, 0xff, 0x29, 0x86, 0xdc, 0xff,
    0x29, 0x86, 0xdc, 0xff, 0x29, 0x86, 0xdc, 0xff, 0x29, 0x86, 0xdc, 0xff, 0x29, 0x86, 0xdc, 0xff,
    0x29, 0x86, 0xdc, 0xff, 0x29, 0x86, 0xdc, 0xff, 0x29, 0x86, 0xdc, 0xff, 0x29, 0x86, 0xdc, 0xff,
    0x29, 0x86, 0xdc, 0xff, 0x29, 0x86, 0xdc, 0xff, 0x29, 0x86, 0xdc, 0xff, 0x29, 0x86, 0xdc, 0xff,
    0x29, 0x86, 0xdc, 0xff, 0x29, 0x86, 0xdc, 0xff, 0x29, 0x86, 0xdc, 0xff, 0x29, 0x86, 0xdc, 0xff,
    0x29, 0x86, 0xdc, 0xff, 0x29, 0x86, 0xdc, 0xff, 0x29, 0x86, 0xdc, 0xff, 0x29, 0x86, 0xdc, 0xff,
    0x29, 0x86, 0xdc, 0xff, 0x29, 0x86, 0xdc, 0xff, 0x29, 0x86, 0xdc, 0xff, 0x29, 0x86, 0xdc, 0xff,
    0x29, 0x86, 0xdc, 0xff, 0x29, 0x86, 0xdc, 0xff, 0x29, 0x86, 0xdc, 0xff, 0x29, 0x86, 0xdc, 0xff,
    0x29, 0x86, 0xdc, 0xff, 0x29, 0x86, 0xdc, 0xff, 0x29, 0x86, 0xdc, 0xff, 0x29, 0x86, 0xdc, 0xff,
    0x29, 0x86, 0xdc, 0xff, 0x29, 0x86, 0xdc, 0xff, 0x29, 0x86, 0xdc, 0xff, 0x29, 0x86, 0xdc, 0xff,
    0x29, 0x86, 0xdc, 0xff, 0x29, 0x86, 0xdc, 0xff, 0x29, 0x86, 0xdc, 0xff, 0x29, 0x86, 0xdc, 0xff,
    0x29, 0x86, 0xdc, 0xff, 0x29, 0x86, 0xdc, 0xff, 0x29, 0x86, 0xdc, 0xff, 0x29, 0x85, 0xdc, 0xef,
    0x28, 0x86, 0xdc, 0x67, 0x00, 0x80, 0xbf, 0x04, 0x00, 0x00, 0x00, 0x00, 0x00, 0x00, 0x00, 0x00,
    0x00, 0x00, 0x00, 0x00, 0x00, 0x00, 0x00, 0x00, 0x00, 0x00, 0x00, 0x00, 0x00, 0x00, 0x00, 0x00,
    0x00, 0x00, 0x00, 0x00, 0x00, 0x00, 0x00, 0x00, 0x00, 0x00, 0x00, 0x00, 0x00, 0x00, 0x00, 0x00,
    0x00, 0x00, 0x00, 0x00, 0x00, 0x00, 0x00, 0x00, 0x00, 0x00, 0x00, 0x00, 0x00, 0x00, 0x00, 0x00,
    0x00, 0x00, 0x00, 0x00, 0x00, 0x00, 0x00, 0x00, 0x00, 0x00, 0x00, 0x00, 0x00, 0x00, 0x00, 0x00,
    0x00, 0x00, 0x00, 0x00, 0x00, 0x00, 0x00, 0x00, 0x00, 0x00, 0x00, 0x00, 0x00, 0x00, 0x00, 0x00,
    0x00, 0x00, 0x00, 0x00, 0x00, 0x00, 0x00, 0x00, 0x00, 0x00, 0x00, 0x00, 0x00, 0x00, 0x00, 0x00,
    0x00, 0x00, 0x00, 0x00, 0x00, 0x00, 0x00, 0x00, 0x00, 0x00, 0x00, 0x00, 0x00, 0x00, 0x00, 0x00,
    0x20, 0x80, 0xcf, 0x10, 0x29, 0x86, 0xdd, 0x8f, 0x28, 0x86, 0xdc, 0xf7, 0x29, 0x86, 0xdc, 0xff,
    0x29, 0x86, 0xdc, 0xff, 0x29, 0x86, 0xdc, 0xff, 0x29, 0x86, 0xdc, 0xff, 0x29, 0x86, 0xdc, 0xff,
    0x29, 0x86, 0xdc, 0xff, 0x29, 0x86, 0xdc, 0xff, 0x29, 0x86, 0xdc, 0xff, 0x29, 0x86, 0xdc, 0xff,
    0x29, 0x86, 0xdc, 0xff, 0x29, 0x86, 0xdc, 0xff, 0x29, 0x86, 0xdc, 0xff, 0x29, 0x86, 0xdc, 0xff,
    0x29, 0x86, 0xdc, 0xff, 0x29, 0x86, 0xdc, 0xff, 0x29, 0x86, 0xdc, 0xff, 0x29, 0x86, 0xdc, 0xff,
    0x29, 0x86, 0xdc, 0xff, 0x29, 0x86, 0xdc, 0xff, 0x29, 0x86, 0xdc, 0xff, 0x29, 0x86, 0xdc, 0xff,
    0x29, 0x86, 0xdc, 0xff, 0x29, 0x86, 0xdc, 0xff, 0x29, 0x86, 0xdc, 0xff, 0x29, 0x86, 0xdc, 0xff,
    0x29, 0x86, 0xdc, 0xff, 0x29, 0x86, 0xdc, 0xff, 0x29, 0x86, 0xdc, 0xff, 0x29, 0x86, 0xdc, 0xff,
    0x29, 0x86, 0xdc, 0xff, 0x29, 0x86, 0xdc, 0xff, 0x29, 0x86, 0xdc, 0xff, 0x29, 0x86, 0xdc, 0xff,
    0x29, 0x86, 0xdc, 0xff, 0x29, 0x86, 0xdc, 0xff, 0x29, 0x86, 0xdc, 0xff, 0x29, 0x86, 0xdc, 0xff,
    0x29, 0x86, 0xdc, 0xff, 0x29, 0x86, 0xdc, 0xff, 0x29, 0x86, 0xdc, 0xff, 0x29, 0x86, 0xdc, 0xff,
    0x29, 0x86, 0xdc, 0xff, 0x29, 0x86, 0xdc, 0xff, 0x29, 0x86, 0xdc, 0xff, 0x29, 0x86, 0xdc, 0xff,
    0x29, 0x86, 0xdc, 0xff, 0x29, 0x86, 0xdc, 0xff, 0x29, 0x86, 0xdc, 0xff, 0x29, 0x86, 0xdc, 0xff,
    0x29, 0x86, 0xdc, 0xff, 0x29, 0x86, 0xdc, 0xff, 0x29, 0x86, 0xdc, 0xff, 0x29, 0x86, 0xdc, 0xff,
    0x29, 0x86, 0xdc, 0xff, 0x29, 0x86, 0xdc, 0xff, 0x29, 0x86, 0xdc, 0xff, 0x29, 0x86, 0xdc, 0xff,
    0x29, 0x86, 0xdc, 0xff, 0x29, 0x86, 0xdc, 0xff, 0x29, 0x86, 0xdc, 0xff, 0x29, 0x86, 0xdc, 0xff,
    0x29, 0x86, 0xdc, 0xff, 0x29, 0x86, 0xdc, 0xff, 0x29, 0x86, 0xdc, 0xff, 0x29, 0x86, 0xdc, 0xff,
    0x29, 0x86, 0xdc, 0xff, 0x29, 0x86, 0xdc, 0xff, 0x29, 0x86, 0xdc, 0xff, 0x29, 0x86, 0xdc, 0xff,
    0x29, 0x86, 0xdc, 0xff, 0x29, 0x86, 0xdc, 0xff, 0x29, 0x86, 0xdc, 0xff, 0x29, 0x86, 0xdc, 0xff,
    0x29, 0x86, 0xdc, 0xff, 0x29, 0x86, 0xdc, 0xff, 0x29, 0x86, 0xdc, 0xff, 0x29, 0x86, 0xdc, 0xff,
    0x29, 0x86, 0xdc, 0xff, 0x29, 0x86, 0xdc, 0xff, 0x29, 0x86, 0xdc, 0xff, 0x29, 0x86, 0xdc, 0xff,
    0x29, 0x86, 0xdc, 0xff, 0x29, 0x86, 0xdc, 0xff, 0x29, 0x86, 0xdc, 0xff, 0x29, 0x86, 0xdc, 0xff,
    0x29, 0x86, 0xdc, 0xff, 0x29, 0x86, 0xdc, 0xff, 0x29, 0x86, 0xdc, 0xff, 0x29, 0x86, 0xdc, 0xff,
    0x29, 0x86, 0xdc, 0xff, 0x29, 0x86, 0xdc, 0xff, 0x29, 0x86, 0xdc, 0xff, 0x29, 0x85, 0xdc, 0xef,
    0x28, 0x87, 0xdd, 0x7f, 0x20, 0x80, 0xcf, 0x10, 0x00, 0x00, 0x00, 0x00, 0x00, 0x00, 0x00, 0x00,
    0x00, 0x00, 0x00, 0x00, 0x00, 0x00, 0x00, 0x00, 0x00, 0x00, 0x00, 0x00, 0x00, 0x00, 0x00, 0x00,
    0x00, 0x00, 0x00, 0x00, 0x00, 0x00, 0x00, 0x00, 0x00, 0x00, 0x00, 0x00, 0x00, 0x00, 0x00, 0x00,
    0x00, 0x00, 0x00, 0x00, 0x00, 0x00, 0x00, 0x00, 0x00, 0x00, 0x00, 0x00, 0x00, 0x00, 0x00, 0x00,
    0x00, 0x00, 0x00, 0x00, 0x00, 0x00, 0x00, 0x00, 0x00, 0x00, 0x00, 0x00, 0x00, 0x00, 0x00, 0x00,
    0x00, 0x00, 0x00, 0x00, 0x00, 0x00, 0x00, 0x00, 0x00, 0x00, 0x00, 0x00, 0x00, 0x00, 0x00, 0x00,
    0x00, 0x00, 0x00, 0x00, 0x00, 0x00, 0x00, 0x00, 0x00, 0x00, 0x00, 0x00, 0x00, 0x00, 0x00, 0x00,
    0x00, 0x00, 0x00, 0x00, 0x00, 0x00, 0x00, 0x00, 0x00, 0x00, 0x00, 0x00, 0x00, 0x00, 0x00, 0x00,
    0x00, 0x00, 0x00, 0x00, 0x00, 0x00, 0x00, 0x00, 0x00, 0x00, 0x00, 0x00, 0x00, 0x00, 0x00, 0x00,
    0x20, 0x80, 0xcf, 0x10, 0x28, 0x87, 0xdc, 0x73, 0x29, 0x86, 0xdc, 0xdf, 0x29, 0x86, 0xdc, 0xff,
    0x29, 0x86, 0xdc, 0xff, 0x29, 0x86, 0xdc, 0xff, 0x29, 0x86, 0xdc, 0xff, 0x29, 0x86, 0xdc, 0xff,
    0x29, 0x86, 0xdc, 0xff, 0x29, 0x86, 0xdc, 0xff, 0x29, 0x86, 0xdc, 0xff, 0x29, 0x86, 0xdc, 0xff,
    0x29, 0x86, 0xdc, 0xff, 0x29, 0x86, 0xdc, 0xff, 0x29, 0x86, 0xdc, 0xff, 0x29, 0x86, 0xdc, 0xff,
    0x29, 0x86, 0xdc, 0xff, 0x29, 0x86, 0xdc, 0xff, 0x29, 0x86, 0xdc, 0xff, 0x29, 0x86, 0xdc, 0xff,
    0x29, 0x86, 0xdc, 0xff, 0x29, 0x86, 0xdc, 0xff, 0x29, 0x86, 0xdc, 0xff, 0x29, 0x86, 0xdc, 0xff,
    0x29, 0x86, 0xdc, 0xff, 0x29, 0x86, 0xdc, 0xff, 0x29, 0x86, 0xdc, 0xff, 0x29, 0x86, 0xdc, 0xff,
    0x29, 0x86, 0xdc, 0xff, 0x29, 0x86, 0xdc, 0xff, 0x29, 0x86, 0xdc, 0xff, 0x29, 0x86, 0xdc, 0xff,
    0x29, 0x86, 0xdc, 0xff, 0x29, 0x86, 0xdc, 0xff, 0x29, 0x86, 0xdc, 0xff, 0x29, 0x86, 0xdc, 0xff,
    0x29, 0x86, 0xdc, 0xff, 0x29, 0x86, 0xdc, 0xff, 0x29, 0x86, 0xdc, 0xff, 0x29, 0x86, 0xdc, 0xff,
    0x29, 0x86, 0xdc, 0xff, 0x29, 0x86, 0xdc, 0xff, 0x29, 0x86, 0xdc, 0xff, 0x29, 0x86, 0xdc, 0xff,
    0x29, 0x86, 0xdc, 0xff, 0x29, 0x86, 0xdc, 0xff, 0x29, 0x86, 0xdc, 0xff, 0x29, 0x86, 0xdc, 0xff,
    0x29, 0x86, 0xdc, 0xff, 0x29, 0x86, 0xdc, 0xff, 0x29, 0x86, 0xdc, 0xff, 0x29, 0x86, 0xdc, 0xff,
    0x29, 0x86, 0xdc, 0xff, 0x29, 0x86, 0xdc, 0xff, 0x29, 0x86, 0xdc, 0xff, 0x29, 0x86, 0xdc, 0xff,
    0x29, 0x86, 0xdc, 0xff, 0x29, 0x86, 0xdc, 0xff, 0x29, 0x86, 0xdc, 0xff, 0x29, 0x86, 0xdc, 0xff,
    0x29, 0x86, 0xdc, 0xff, 0x29, 0x86, 0xdc, 0xff, 0x29, 0x86, 0xdc, 0xff, 0x29, 0x86, 0xdc, 0xff,
    0x29, 0x86, 0xdc, 0xff, 0x29, 0x86, 0xdc, 0xff, 0x29, 0x86, 0xdc, 0xff, 0x29, 0x86, 0xdc, 0xff,
    0x29, 0x86, 0xdc, 0xff, 0x29, 0x86, 0xdc, 0xff, 0x29, 0x86, 0xdc, 0xff, 0x29, 0x86, 0xdc, 0xff,
    0x29, 0x86, 0xdc, 0xff, 0x29, 0x86, 0xdc, 0xff, 0x29, 0x86, 0xdc, 0xff, 0x29, 0x86, 0xdc, 0xff,
    0x29, 0x86, 0xdc, 0xff, 0x29, 0x86, 0xdc, 0xff, 0x29, 0x86, 0xdc, 0xff, 0x29, 0x86, 0xdc, 0xff,
    0x29, 0x86, 0xdc, 0xff, 0x29, 0x86, 0xdc, 0xff, 0x29, 0x86, 0xdc, 0xff, 0x29, 0x86, 0xdc, 0xff,
    0x29, 0x86, 0xdc, 0xff, 0x29, 0x86, 0xdc, 0xff, 0x29, 0x86, 0xdc, 0xff, 0x29, 0x86, 0xdc, 0xff,
    0x29, 0x86, 0xdc, 0xff, 0x29, 0x86, 0xdc, 0xff, 0x29, 0x86, 0xdc, 0xff, 0x29, 0x86, 0xdc, 0xdb,
    0x28, 0x85, 0xdc, 0x73, 0x20, 0x80, 0xcf, 0x10, 0x00, 0x00, 0x00, 0x00, 0x00, 0x00, 0x00, 0x00,
    0x00, 0x00, 0x00, 0x00, 0x00, 0x00, 0x00, 0x00, 0x00, 0x00, 0x00, 0x00, 0x00, 0x00, 0x00, 0x00,
    0x00, 0x00, 0x00, 0x00, 0x00, 0x00, 0x00, 0x00, 0x00, 0x00, 0x00, 0x00, 0x00, 0x00, 0x00, 0x00,
    0x00, 0x00, 0x00, 0x00, 0x00, 0x00, 0x00, 0x00, 0x00, 0x00, 0x00, 0x00, 0x00, 0x00, 0x00, 0x00,
    0x00, 0x00, 0x00, 0x00, 0x00, 0x00, 0x00, 0x00, 0x00, 0x00, 0x00, 0x00, 0x00, 0x00, 0x00, 0x00,
    0x00, 0x00, 0x00, 0x00, 0x00, 0x00, 0x00, 0x00, 0x00, 0x00, 0x00, 0x00, 0x00, 0x00, 0x00, 0x00,
    0x00, 0x00, 0x00, 0x00, 0x00, 0x00, 0x00, 0x00, 0x00, 0x00, 0x00, 0x00, 0x00, 0x00, 0x00, 0x00,
    0x00, 0x00, 0x00, 0x00, 0x00, 0x00, 0x00, 0x00, 0x00, 0x00, 0x00, 0x00, 0x00, 0x00, 0x00, 0x00,
    0x00, 0x00, 0x00, 0x00, 0x00, 0x00, 0x00, 0x00, 0x00, 0x00, 0x00, 0x00, 0x00, 0x00, 0x00, 0x00,
    0x00, 0x00, 0x00, 0x00, 0x00, 0x00, 0x00, 0x00, 0x00, 0x00, 0x00, 0x00, 0x00, 0x00, 0x00, 0x00,
    0x00, 0x00, 0x00, 0x00, 0x29, 0x84, 0xdb, 0x38, 0x28, 0x86, 0xdc, 0x8b, 0x28, 0x86, 0xdb, 0xd7,
    0x29, 0x86, 0xdc, 0xff, 0x29, 0x86, 0xdc, 0xff, 0x29, 0x86, 0xdc, 0xff, 0x29, 0x86, 0xdc, 0xff,
    0x29, 0x86, 0xdc, 0xff, 0x29, 0x86, 0xdc, 0xff, 0x29, 0x86, 0xdc, 0xff, 0x29, 0x86, 0xdc, 0xff,
    0x29, 0x86, 0xdc, 0xff, 0x29, 0x86, 0xdc, 0xff, 0x29, 0x86, 0xdc, 0xff, 0x29, 0x86, 0xdc, 0xff,
    0x29, 0x86, 0xdc, 0xff, 0x29, 0x86, 0xdc, 0xff, 0x29, 0x86, 0xdc, 0xff, 0x29, 0x86, 0xdc, 0xff,
    0x29, 0x86, 0xdc, 0xff, 0x29, 0x86, 0xdc, 0xff, 0x29, 0x86, 0xdc, 0xff, 0x29, 0x86, 0xdc, 0xff,
    0x29, 0x86, 0xdc, 0xff, 0x29, 0x86, 0xdc, 0xff, 0x29, 0x86, 0xdc, 0xff, 0x29, 0x86, 0xdc, 0xff,
    0x29, 0x86, 0xdc, 0xff, 0x29, 0x86, 0xdc, 0xff, 0x29, 0x86, 0xdc, 0xff, 0x29, 0x86, 0xdc, 0xff,
    0x29, 0x86, 0xdc, 0xff, 0x29, 0x86, 0xdc, 0xff, 0x29, 0x86, 0xdc, 0xff, 0x29, 0x86, 0xdc, 0xff,
    0x29, 0x86, 0xdc, 0xff, 0x29, 0x86, 0xdc, 0xff, 0x29, 0x86, 0xdc, 0xff, 0x29, 0x86, 0xdc, 0xff,
    0x29, 0x86, 0xdc, 0xff, 0x29, 0x86, 0xdc, 0xff, 0x29, 0x86, 0xdc, 0xff, 0x29, 0x86, 0xdc, 0xff,
    0x29, 0x86, 0xdc, 0xff, 0x29, 0x86, 0xdc, 0xff, 0x29, 0x86, 0xdc, 0xff, 0x29, 0x86, 0xdc, 0xff,
    0x29, 0x86, 0xdc, 0xff, 0x29, 0x86, 0xdc, 0xff, 0x29, 0x86, 0xdc, 0xff, 0x29, 0x86, 0xdc, 0xff,
    0x29, 0x86, 0xdc, 0xff, 0x29, 0x86, 0xdc, 0xff, 0x29, 0x86, 0xdc, 0xff, 0x29, 0x86, 0xdc, 0xff,
    0x29, 0x86, 0xdc, 0xff, 0x29, 0x86, 0xdc, 0xff, 0x29, 0x86, 0xdc, 0xff, 0x29, 0x86, 0xdc, 0xff,
    0x29, 0x86, 0xdc, 0xff, 0x29, 0x86, 0xdc, 0xff, 0x29, 0x86, 0xdc, 0xff, 0x29, 0x86, 0xdc, 0xff,
    0x29, 0x86, 0xdc, 0xff, 0x29, 0x86, 0xdc, 0xff, 0x29, 0x86, 0xdc, 0xff, 0x29, 0x86, 0xdc, 0xff,
    0x29, 0x86, 0xdc, 0xff, 0x29, 0x86, 0xdc, 0xff, 0x29, 0x86, 0xdc, 0xff, 0x29, 0x86, 0xdc, 0xff,
    0x29, 0x86, 0xdc, 0xff, 0x29, 0x86, 0xdc, 0xff, 0x29, 0x86, 0xdc, 0xff, 0x29, 0x86, 0xdc, 0xff,
    0x29, 0x86, 0xdc, 0xff, 0x29, 0x86, 0xdc, 0xff, 0x29, 0x86, 0xdc, 0xff, 0x29, 0x86, 0xdc, 0xff,
    0x29, 0x86, 0xdc, 0xff, 0x29, 0x86, 0xdc, 0xff, 0x29, 0x86, 0xdc, 0xff, 0x29, 0x86, 0xdc, 0xff,
    0x29, 0x86, 0xdc, 0xff, 0x29, 0x86, 0xdc, 0xff, 0x29, 0x86, 0xdc, 0xdb, 0x28, 0x86, 0xdc, 0x8b,
    0x2a, 0x86, 0xdf, 0x37, 0x00, 0x00, 0x00, 0x00, 0x00, 0x00, 0x00, 0x00, 0x00, 0x00, 0x00, 0x00,
    0x00, 0x00, 0x00, 0x00, 0x00, 0x00, 0x00, 0x00, 0x00, 0x00, 0x00, 0x00, 0x00, 0x00, 0x00, 0x00,
    0x00, 0x00, 0x00, 0x00, 0x00, 0x00, 0x00, 0x00, 0x00, 0x00, 0x00, 0x00, 0x00, 0x00, 0x00, 0x00,
    0x00, 0x00, 0x00, 0x00, 0x00, 0x00, 0x00, 0x00, 0x00, 0x00, 0x00, 0x00, 0x00, 0x00, 0x00, 0x00,
    0x00, 0x00, 0x00, 0x00, 0x00, 0x00, 0x00, 0x00, 0x00, 0x00, 0x00, 0x00, 0x00, 0x00, 0x00, 0x00,
    0x00, 0x00, 0x00, 0x00, 0x00, 0x00, 0x00, 0x00, 0x00, 0x00, 0x00, 0x00, 0x00, 0x00, 0x00, 0x00,
    0x00, 0x00, 0x00, 0x00, 0x00, 0x00, 0x00, 0x00, 0x00, 0x00, 0x00, 0x00, 0x00, 0x00, 0x00, 0x00,
    0x00, 0x00, 0x00, 0x00, 0x00, 0x00, 0x00, 0x00, 0x00, 0x00, 0x00, 0x00, 0x00, 0x00, 0x00, 0x00,
    0x00, 0x00, 0x00, 0x00, 0x00, 0x00, 0x00, 0x00, 0x00, 0x00, 0x00, 0x00, 0x00, 0x00, 0x00, 0x00,
    0x00, 0x00, 0x00, 0x00, 0x00, 0x00, 0x00, 0x00, 0x00, 0x00, 0x00, 0x00, 0x00, 0x00, 0x00, 0x00,
    0x00, 0x00, 0x00, 0x00, 0x00, 0x00, 0x00, 0x00, 0x00, 0x00, 0x00, 0x00, 0x00, 0x00, 0x00, 0x00,
    0x00, 0x00, 0x00, 0x00, 0x00, 0x00, 0x00, 0x00, 0x24, 0x80, 0xdb, 0x1c, 0x28, 0x87, 0xdd, 0x53,
    0x2a, 0x86, 0xdd, 0x87, 0x28, 0x86, 0xdd, 0xab, 0x29, 0x86, 0xdb, 0xcf, 0x28, 0x86, 0xdc, 0xe3,
    0x28, 0x86, 0xdc, 0xf7, 0x29, 0x86, 0xdc, 0xff, 0x29, 0x86, 0xdc, 0xff, 0x29, 0x86, 0xdc, 0xff,
    0x29, 0x86, 0xdc, 0xff, 0x29, 0x86, 0xdc, 0xff, 0x29, 0x86, 0xdc, 0xff, 0x29, 0x86, 0xdc, 0xff,
    0x29, 0x86, 0xdc, 0xff, 0x29, 0x86, 0xdc, 0xff, 0x29, 0x86, 0xdc, 0xff, 0x29, 0x86, 0xdc, 0xff,
    0x29, 0x86, 0xdc, 0xff, 0x29, 0x86, 0xdc, 0xff, 0x29, 0x86, 0xdc, 0xff, 0x29, 0x86, 0xdc, 0xff,
    0x29, 0x86, 0xdc, 0xff, 0x29, 0x86, 0xdc, 0xff, 0x29, 0x86, 0xdc, 0xff, 0x29, 0x86, 0xdc, 0xff,
    0x29, 0x86, 0xdc, 0xff, 0x29, 0x86, 0xdc, 0xff, 0x29, 0x86, 0xdc, 0xff, 0x29, 0x86, 0xdc, 0xff,
    0x29, 0x86, 0xdc, 0xff, 0x29, 0x86, 0xdc, 0xff, 0x29, 0x86, 0xdc, 0xff, 0x29, 0x86, 0xdc, 0xff,
    0x29, 0x86, 0xdc, 0xff, 0x29, 0x86, 0xdc, 0xff, 0x29, 0x86, 0xdc, 0xff, 0x29, 0x86, 0xdc, 0xff,
    0x29, 0x86, 0xdc, 0xff, 0x29, 0x86, 0xdc, 0xff, 0x29, 0x86, 0xdc, 0xff, 0x29, 0x86, 0xdc, 0xff,
    0x29, 0x86, 0xdc, 0xff, 0x29, 0x86, 0xdc, 0xff, 0x29, 0x86, 0xdc, 0xff, 0x29, 0x86, 0xdc, 0xff,
    0x29, 0x86, 0xdc, 0xff, 0x29, 0x86, 0xdc, 0xff, 0x29, 0x86, 0xdc, 0xff, 0x29, 0x86, 0xdc, 0xff,
    0x29, 0x86, 0xdc, 0xff, 0x29, 0x86, 0xdc, 0xff, 0x29, 0x86, 0xdc, 0xff, 0x29, 0x86, 0xdc, 0xff,
    0x29, 0x86, 0xdc, 0xff, 0x29, 0x86, 0xdc, 0xff, 0x29, 0x86, 0xdc, 0xff, 0x29, 0x86, 0xdc, 0xff,
    0x29, 0x86, 0xdc, 0xff, 0x29, 0x86, 0xdc, 0xff, 0x29, 0x86, 0xdc, 0xff, 0x29, 0x86, 0xdc, 0xff,
    0x29, 0x86, 0xdc, 0xff, 0x29, 0x86, 0xdc, 0xff, 0x29, 0x86, 0xdc, 0xff, 0x29, 0x86, 0xdc, 0xff,
    0x29, 0x86, 0xdc, 0xff, 0x29, 0x86, 0xdc, 0xff, 0x29, 0x86, 0xdc, 0xff, 0x29, 0x86, 0xdc, 0xff,
    0x29, 0x86, 0xdc, 0xff, 0x29, 0x86, 0xdc, 0xff, 0x29, 0x86, 0xdc, 0xff, 0x29, 0x86, 0xdc, 0xff,
    0x29, 0x86, 0xdc, 0xff, 0x28, 0x86, 0xdc, 0xf7, 0x29, 0x86, 0xdc, 0xe7, 0x28, 0x85, 0xdc, 0xcb,
    0x29, 0x86, 0xdc, 0xaf, 0x29, 0x86, 0xdc, 0x83, 0x28, 0x87, 0xdd, 0x53, 0x24, 0x80, 0xdb, 0x1c,
    0x00, 0x00, 0x00, 0x00, 0x00, 0x00, 0x00, 0x00, 0x00, 0x00, 0x00, 0x00, 0x00, 0x00, 0x00, 0x00,
    0x00, 0x00, 0x00, 0x00, 0x00, 0x00, 0x00, 0x00, 0x00, 0x00, 0x00, 0x00, 0x00, 0x00, 0x00, 0x00,
    0x00, 0x00, 0x00, 0x00, 0x00, 0x00, 0x00, 0x00, 0x00, 0x00, 0x00, 0x00, 0x00, 0x00, 0x00, 0x00,
    0x00, 0x00, 0x00, 0x00, 0x00, 0x00, 0x00, 0x00, 0x00, 0x00, 0x00, 0x00, 0x00, 0x00, 0x00, 0x00,
    0x00, 0x00, 0x00, 0x00, 0x00, 0x00, 0x00, 0x00, 0x00, 0x00, 0x00, 0x00, 0x00, 0x00, 0x00, 0x00,
    0x00, 0x00, 0x00, 0x00, 0x00, 0x00, 0x00, 0x00, 0x00, 0x00, 0x00, 0x00, 0x00, 0x00, 0x00, 0x00
};

const lv_image_dsc_t icon_app_alarm = {
    .header.cf = LV_COLOR_FORMAT_ARGB8888,
    .header.magic = LV_IMAGE_HEADER_MAGIC,
    .header.w = 130,
    .header.h = 130,
    .data_size = 67600,
    .data = icon_app_alarm_map,
};
