#ifdef __has_include
    #if __has_include("lvgl.h")
        #ifndef LV_LVGL_H_INCLUDE_SIMPLE
            #define LV_LVGL_H_INCLUDE_SIMPLE
        #endif
    #endif
#endif

#if defined(LV_LVGL_H_INCLUDE_SIMPLE)
    #include "lvgl.h"
#else
    #include "lvgl/lvgl.h"
#endif

#ifndef LV_ATTRIBUTE_MEM_ALIGN
#define LV_ATTRIBUTE_MEM_ALIGN
#endif

#ifndef LV_ATTRIBUTE_IMAGE_ICON_APP_SOS
#define LV_ATTRIBUTE_IMAGE_ICON_APP_SOS
#endif

const LV_ATTRIBUTE_MEM_ALIGN LV_ATTRIBUTE_LARGE_CONST LV_ATTRIBUTE_IMAGE_ICON_APP_SOS uint8_t icon_app_sos_map[] = {
    0x00, 0x00, 0x00, 0x00, 0x00, 0x00, 0x00, 0x00, 0x00, 0x00, 0x00, 0x00, 0x00, 0x00, 0x00, 0x00,
    0x00, 0x00, 0x00, 0x00, 0x00, 0x00, 0x00, 0x00, 0x00, 0x00, 0x00, 0x00, 0x00, 0x00, 0x00, 0x00,
    0x00, 0x00, 0x00, 0x00, 0x00, 0x00, 0x00, 0x00, 0x00, 0x00, 0x00, 0x00, 0x00, 0x00, 0x00, 0x00,
    0x00, 0x00, 0x00, 0x00, 0x00, 0x00, 0x00, 0x00, 0x00, 0x00, 0x00, 0x00, 0x00, 0x00, 0x00, 0x00,
    0x00, 0x00, 0x00, 0x00, 0x00, 0x00, 0x00, 0x00, 0x00, 0x00, 0x00, 0x00, 0x00, 0x00, 0x00, 0x00,
    0x00, 0x00, 0x00, 0x00, 0x00, 0x00, 0x00, 0x00, 0x00, 0x00, 0x00, 0x00, 0x00, 0x00, 0x00, 0x00,
    0x5b, 0x37, 0xc8, 0x1c, 0x59, 0x3a, 0xc8, 0x53, 0x5b, 0x3a, 0xc8, 0x83, 0x5a, 0x3a, 0xc8, 0xaf,
    0x5a, 0x3a, 0xc8, 0xcb, 0x5b, 0x39, 0xc8, 0xe7, 0x5b, 0x3a, 0xc7, 0xf7, 0x5b, 0x3a, 0xc8, 0xff,
    0x5b, 0x3a, 0xc8, 0xff, 0x5b, 0x3a, 0xc8, 0xff, 0x5b, 0x3a, 0xc8, 0xff, 0x5b, 0x3a, 0xc8, 0xff,
    0x5b, 0x3a, 0xc8, 0xff, 0x5b, 0x3a, 0xc8, 0xff, 0x5b, 0x3a, 0xc8, 0xff, 0x5b, 0x3a, 0xc8, 0xff,
    0x5b, 0x3a, 0xc8, 0xff, 0x5b, 0x3a, 0xc8, 0xff, 0x5b, 0x3a, 0xc8, 0xff, 0x5b, 0x3a, 0xc8, 0xff,
    0x5b, 0x3a, 0xc8, 0xff, 0x5b, 0x3a, 0xc8, 0xff, 0x5b, 0x3a, 0xc8, 0xff, 0x5b, 0x3a, 0xc8, 0xff,
    0x5b, 0x3a, 0xc8, 0xff, 0x5b, 0x3a, 0xc8, 0xff, 0x5b, 0x3a, 0xc8, 0xff, 0x5b, 0x3a, 0xc8, 0xff,
    0x5b, 0x3a, 0xc8, 0xff, 0x5b, 0x3a, 0xc8, 0xff, 0x5b, 0x3a, 0xc8, 0xff, 0x5b, 0x3a, 0xc8, 0xff,
    0x5b, 0x3a, 0xc8, 0xff, 0x5b, 0x3a, 0xc8, 0xff, 0x5b, 0x3a, 0xc8, 0xff, 0x5b, 0x3a, 0xc8, 0xff,
    0x5b, 0x3a, 0xc8, 0xff, 0x5b, 0x3a, 0xc8, 0xff, 0x5b, 0x3a, 0xc8, 0xff, 0x5b, 0x3a, 0xc8, 0xff,
    0x5b, 0x3a, 0xc8, 0xff, 0x5b, 0x3a, 0xc8, 0xff, 0x5b, 0x3a, 0xc8, 0xff, 0x5b, 0x3a, 0xc8, 0xff,
    0x5b, 0x3a, 0xc8, 0xff, 0x5b, 0x3a, 0xc8, 0xff, 0x5b, 0x3a, 0xc8, 0xff, 0x5b, 0x3a, 0xc8, 0xff,
    0x5b, 0x3a, 0xc8, 0xff, 0x5b, 0x3a, 0xc8, 0xff, 0x5b, 0x3a, 0xc8, 0xff, 0x5b, 0x3a, 0xc8, 0xff,
    0x5b, 0x3a, 0xc8, 0xff, 0x5b, 0x3a, 0xc8, 0xff, 0x5b, 0x3a, 0xc8, 0xff, 0x5b, 0x3a, 0xc8, 0xff,
    0x5b, 0x3a, 0xc8, 0xff, 0x5b, 0x3a, 0xc8, 0xff, 0x5b, 0x3a, 0xc8, 0xff, 0x5b, 0x3a, 0xc8, 0xff,
    0x5b, 0x3a, 0xc8, 0xff, 0x5b, 0x3a, 0xc8, 0xff, 0x5b, 0x3a, 0xc8, 0xff, 0x5b, 0x3a, 0xc8, 0xff,
    0x5b, 0x3a, 0xc8, 0xff, 0x5b, 0x3a, 0xc8, 0xff, 0x5b, 0x3a, 0xc8, 0xff, 0x5b, 0x3a, 0xc8, 0xff,
    0x5b, 0x3a, 0xc8, 0xff, 0x5b, 0x3a, 0xc8, 0xff, 0x5b, 0x3a, 0xc8, 0xff, 0x5b, 0x3a, 0xc8, 0xff,
    0x5b, 0x3a, 0xc8, 0xff, 0x5b, 0x3a, 0xc8, 0xff, 0x5b, 0x3a, 0xc8, 0xff, 0x5b, 0x3a, 0xc7, 0xf7,
    0x5b, 0x3a, 0xc8, 0xe3, 0x5a, 0x3a, 0xc8, 0xcf, 0x5b, 0x3a, 0xc8, 0xab, 0x5b, 0x39, 0xc8, 0x87,
    0x59, 0x3a, 0xc8, 0x53, 0x5b, 0x37, 0xc8, 0x1c, 0x00, 0x00, 0x00, 0x00, 0x00, 0x00, 0x00, 0x00,
    0x00, 0x00, 0x00, 0x00, 0x00, 0x00, 0x00, 0x00, 0x00, 0x00, 0x00, 0x00, 0x00, 0x00, 0x00, 0x00,
    0x00, 0x00, 0x00, 0x00, 0x00, 0x00, 0x00, 0x00, 0x00, 0x00, 0x00, 0x00, 0x00, 0x00, 0x00, 0x00,
    0x00, 0x00, 0x00, 0x00, 0x00, 0x00, 0x00, 0x00, 0x00, 0x00, 0x00, 0x00, 0x00, 0x00, 0x00, 0x00,
    0x00, 0x00, 0x00, 0x00, 0x00, 0x00, 0x00, 0x00, 0x00, 0x00, 0x00, 0x00, 0x00, 0x00, 0x00, 0x00,
    0x00, 0x00, 0x00, 0x00, 0x00, 0x00, 0x00, 0x00, 0x00, 0x00, 0x00, 0x00, 0x00, 0x00, 0x00, 0x00,
    0x00, 0x00, 0x00, 0x00, 0x00, 0x00, 0x00, 0x00, 0x00, 0x00, 0x00, 0x00, 0x00, 0x00, 0x00, 0x00,
    0x00, 0x00, 0x00, 0x00, 0x00, 0x00, 0x00, 0x00, 0x00, 0x00, 0x00, 0x00, 0x00, 0x00, 0x00, 0x00,
    0x00, 0x00, 0x00, 0x00, 0x00, 0x00, 0x00, 0x00, 0x00, 0x00, 0x00, 0x00, 0x00, 0x00, 0x00, 0x00,
    0x00, 0x00, 0x00, 0x00, 0x00, 0x00, 0x00, 0x00, 0x00, 0x00, 0x00, 0x00, 0x00, 0x00, 0x00, 0x00,
    0x00, 0x00, 0x00, 0x00, 0x00, 0x00, 0x00, 0x00, 0x00, 0x00, 0x00, 0x00, 0x00, 0x00, 0x00, 0x00,
    0x00, 0x00, 0x00, 0x00, 0x00, 0x00, 0x00, 0x00, 0x00, 0x00, 0x00, 0x00, 0x5d, 0x3c, 0xc7, 0x37,
    0x5c, 0x39, 0xc8, 0x8b, 0x5b, 0x3a, 0xc8, 0xdb, 0x5b, 0x3a, 0xc8, 0xff, 0x5b, 0x3a, 0xc8, 0xff,
    0x5b, 0x3a, 0xc8, 0xff, 0x5b, 0x3a, 0xc8, 0xff, 0x5b, 0x3a, 0xc8, 0xff, 0x5b, 0x3a, 0xc8, 0xff,
    0x5b, 0x3a, 0xc8, 0xff, 0x5b, 0x3a, 0xc8, 0xff, 0x5b, 0x3a, 0xc8, 0xff, 0x5b, 0x3a, 0xc8, 0xff,
    0x5b, 0x3a, 0xc8, 0xff, 0x5b, 0x3a, 0xc8, 0xff, 0x5b, 0x3a, 0xc8, 0xff, 0x5b, 0x3a, 0xc8, 0xff,
    0x5b, 0x3a, 0xc8, 0xff, 0x5b, 0x3a, 0xc8, 0xff, 0x5b, 0x3a, 0xc8, 0xff, 0x5b, 0x3a, 0xc8, 0xff,
    0x5b, 0x3a, 0xc8, 0xff, 0x5b, 0x3a, 0xc8, 0xff, 0x5b, 0x3a, 0xc8, 0xff, 0x5b, 0x3a, 0xc8, 0xff,
    0x5b, 0x3a, 0xc8, 0xff, 0x5b, 0x3a, 0xc8, 0xff, 0x5b, 0x3a, 0xc8, 0xff, 0x5b, 0x3a, 0xc8, 0xff,
    0x5b, 0x3a, 0xc8, 0xff, 0x5b, 0x3a, 0xc8, 0xff, 0x5b, 0x3a, 0xc8, 0xff, 0x5b, 0x3a, 0xc8, 0xff,
    0x5b, 0x3a, 0xc8, 0xff, 0x5b, 0x3a, 0xc8, 0xff, 0x5b, 0x3a, 0xc8, 0xff, 0x5b, 0x3a, 0xc8, 0xff,
    0x5b, 0x3a, 0xc8, 0xff, 0x5b, 0x3a, 0xc8, 0xff, 0x5b, 0x3a, 0xc8, 0xff, 0x5b, 0x3a, 0xc8, 0xff,
    0x5b, 0x3a, 0xc8, 0xff, 0x5b, 0x3a, 0xc8, 0xff, 0x5b, 0x3a, 0xc8, 0xff, 0x5b, 0x3a, 0xc8, 0xff,
    0x5b, 0x3a, 0xc8, 0xff, 0x5b, 0x3a, 0xc8, 0xff, 0x5b, 0x3a, 0xc8, 0xff, 0x5b, 0x3a, 0xc8, 0xff,
    0x5b, 0x3a, 0xc8, 0xff, 0x5b, 0x3a, 0xc8, 0xff, 0x5b, 0x3a, 0xc8, 0xff, 0x5b, 0x3a, 0xc8, 0xff,
    0x5b, 0x3a, 0xc8, 0xff, 0x5b, 0x3a, 0xc8, 0xff, 0x5b, 0x3a, 0xc8, 0xff, 0x5b, 0x3a, 0xc8, 0xff,
    0x5b, 0x3a, 0xc8, 0xff, 0x5b, 0x3a, 0xc8, 0xff, 0x5b, 0x3a, 0xc8, 0xff, 0x5b, 0x3a, 0xc8, 0xff,
    0x5b, 0x3a, 0xc8, 0xff, 0x5b, 0x3a, 0xc8, 0xff, 0x5b, 0x3a, 0xc8, 0xff, 0x5b, 0x3a, 0xc8, 0xff,
    0x5b, 0x3a, 0xc8, 0xff, 0x5b, 0x3a, 0xc8, 0xff, 0x5b, 0x3a, 0xc8, 0xff, 0x5b, 0x3a, 0xc8, 0xff,
    0x5b, 0x3a, 0xc8, 0xff, 0x5b, 0x3a, 0xc8, 0xff, 0x5b, 0x3a, 0xc8, 0xff, 0x5b, 0x3a, 0xc8, 0xff,
    0x5b, 0x3a, 0xc8, 0xff, 0x5b, 0x3a, 0xc8, 0xff, 0x5b, 0x3a, 0xc8, 0xff, 0x5b, 0x3a, 0xc8, 0xff,
    0x5b, 0x3a, 0xc8, 0xff, 0x5b, 0x3a, 0xc8, 0xff, 0x5b, 0x3a, 0xc8, 0xff, 0x5b, 0x3a, 0xc8, 0xff,
    0x5b, 0x3a, 0xc8, 0xff, 0x5b, 0x3a, 0xc8, 0xff, 0x5b, 0x3a, 0xc8, 0xff, 0x5b, 0x3a, 0xc8, 0xff,
    0x5a, 0x3a, 0xc8, 0xd7, 0x5c, 0x39, 0xc8, 0x8b, 0x5d, 0x3c, 0xc7, 0x37, 0x00, 0x00, 0x00, 0x00,
    0x00, 0x00, 0x00, 0x00, 0x00, 0x00, 0x00, 0x00, 0x00, 0x00, 0x00, 0x00, 0x00, 0x00, 0x00, 0x00,
    0x00, 0x00, 0x00, 0x00, 0x00, 0x00, 0x00, 0x00, 0x00, 0x00, 0x00, 0x00, 0x00, 0x00, 0x00, 0x00,
    0x00, 0x00, 0x00, 0x00, 0x00, 0x00, 0x00, 0x00, 0x00, 0x00, 0x00, 0x00, 0x00, 0x00, 0x00, 0x00,
    0x00, 0x00, 0x00, 0x00, 0x00, 0x00, 0x00, 0x00, 0x00, 0x00, 0x00, 0x00, 0x00, 0x00, 0x00, 0x00,
    0x00, 0x00, 0x00, 0x00, 0x00, 0x00, 0x00, 0x00, 0x00, 0x00, 0x00, 0x00, 0x00, 0x00, 0x00, 0x00,
    0x00, 0x00, 0x00, 0x00, 0x00, 0x00, 0x00, 0x00, 0x00, 0x00, 0x00, 0x00, 0x00, 0x00, 0x00, 0x00,
    0x00, 0x00, 0x00, 0x00, 0x00, 0x00, 0x00, 0x00, 0x00, 0x00, 0x00, 0x00, 0x00, 0x00, 0x00, 0x00,
    0x00, 0x00, 0x00, 0x00, 0x00, 0x00, 0x00, 0x00, 0x00, 0x00, 0x00, 0x00, 0x00, 0x00, 0x00, 0x00,
    0x00, 0x00, 0x00, 0x00, 0x00, 0x00, 0x00, 0x00, 0x00, 0x00, 0x00, 0x00, 0x00, 0x00, 0x00, 0x00,
    0x00, 0x00, 0x00, 0x00, 0x00, 0x00, 0x00, 0x00, 0x50, 0x30, 0xbf, 0x10, 0x5b, 0x3a, 0xc8, 0x73,
    0x5b, 0x39, 0xc7, 0xdb, 0x5b, 0x3a, 0xc8, 0xff, 0x5b, 0x3a, 0xc8, 0xff, 0x5b, 0x3a, 0xc8, 0xff,
    0x5b, 0x3a, 0xc8, 0xff, 0x5b, 0x3a, 0xc8, 0xff, 0x5b, 0x3a, 0xc8, 0xff, 0x5b, 0x3a, 0xc8, 0xff,
    0x5b, 0x3a, 0xc8, 0xff, 0x5b, 0x3a, 0xc8, 0xff, 0x5b, 0x3a, 0xc8, 0xff, 0x5b, 0x3a, 0xc8, 0xff,
    0x5b, 0x3a, 0xc8, 0xff, 0x5b, 0x3a, 0xc8, 0xff, 0x5b, 0x3a, 0xc8, 0xff, 0x5b, 0x3a, 0xc8, 0xff,
    0x5b, 0x3a, 0xc8, 0xff, 0x5b, 0x3a, 0xc8, 0xff, 0x5b, 0x3a, 0xc8, 0xff, 0x5b, 0x3a, 0xc8, 0xff,
    0x5b, 0x3a, 0xc8, 0xff, 0x5b, 0x3a, 0xc8, 0xff, 0x5b, 0x3a, 0xc8, 0xff, 0x5b, 0x3a, 0xc8, 0xff,
    0x5b, 0x3a, 0xc8, 0xff, 0x5b, 0x3a, 0xc8, 0xff, 0x5b, 0x3a, 0xc8, 0xff, 0x5b, 0x3a, 0xc8, 0xff,
    0x5b, 0x3a, 0xc8, 0xff, 0x5b, 0x3a, 0xc8, 0xff, 0x5b, 0x3a, 0xc8, 0xff, 0x5b, 0x3a, 0xc8, 0xff,
    0x5b, 0x3a, 0xc8, 0xff, 0x5b, 0x3a, 0xc8, 0xff, 0x5b, 0x3a, 0xc8, 0xff, 0x5b, 0x3a, 0xc8, 0xff,
    0x5b, 0x3a, 0xc8, 0xff, 0x5b, 0x3a, 0xc8, 0xff, 0x5b, 0x3a, 0xc8, 0xff, 0x5b, 0x3a, 0xc8, 0xff,
    0x5b, 0x3a, 0xc8, 0xff, 0x5b, 0x3a, 0xc8, 0xff, 0x5b, 0x3a, 0xc8, 0xff, 0x5b, 0x3a, 0xc8, 0xff,
    0x5b, 0x3a, 0xc8, 0xff, 0x5b, 0x3a, 0xc8, 0xff, 0x5b, 0x3a, 0xc8, 0xff, 0x5b, 0x3a, 0xc8, 0xff,
    0x5b, 0x3a, 0xc8, 0xff, 0x5b, 0x3a, 0xc8, 0xff, 0x5b, 0x3a, 0xc8, 0xff, 0x5b, 0x3a, 0xc8, 0xff,
    0x5b, 0x3a, 0xc8, 0xff, 0x5b, 0x3a, 0xc8, 0xff, 0x5b, 0x3a, 0xc8, 0xff, 0x5b, 0x3a, 0xc8, 0xff,
    0x5b, 0x3a, 0xc8, 0xff, 0x5b, 0x3a, 0xc8, 0xff, 0x5b, 0x3a, 0xc8, 0xff, 0x5b, 0x3a, 0xc8, 0xff,
    0x5b, 0x3a, 0xc8, 0xff, 0x5b, 0x3a, 0xc8, 0xff, 0x5b, 0x3a, 0xc8, 0xff, 0x5b, 0x3a, 0xc8, 0xff,
    0x5b, 0x3a, 0xc8, 0xff, 0x5b, 0x3a, 0xc8, 0xff, 0x5b, 0x3a, 0xc8, 0xff, 0x5b, 0x3a, 0xc8, 0xff,
    0x5b, 0x3a, 0xc8, 0xff, 0x5b, 0x3a, 0xc8, 0xff, 0x5b, 0x3a, 0xc8, 0xff, 0x5b, 0x3a, 0xc8, 0xff,
    0x5b, 0x3a, 0xc8, 0xff, 0x5b, 0x3a, 0xc8, 0xff, 0x5b, 0x3a, 0xc8, 0xff, 0x5b, 0x3a, 0xc8, 0xff,
    0x5b, 0x3a, 0xc8, 0xff, 0x5b, 0x3a, 0xc8, 0xff, 0x5b, 0x3a, 0xc8, 0xff, 0x5b, 0x3a, 0xc8, 0xff,
    0x5b, 0x3a, 0xc8, 0xff, 0x5b, 0x3a, 0xc8, 0xff, 0x5b, 0x3a, 0xc8, 0xff, 0x5b, 0x3a, 0xc8, 0xff,
    0x5b, 0x3a, 0xc8, 0xff, 0x5b, 0x3a, 0xc8, 0xff, 0x5b, 0x3a, 0xc8, 0xff, 0x5b, 0x3a, 0xc8, 0xff,
    0x5b, 0x3a, 0xc8, 0xff, 0x5a, 0x3a, 0xc8, 0xdf, 0x5b, 0x3a, 0xc8, 0x73, 0x50, 0x30, 0xbf, 0x10,
    0x00, 0x00, 0x00, 0x00, 0x00, 0x00, 0x00, 0x00, 0x00, 0x00, 0x00, 0x00, 0x00, 0x00, 0x00, 0x00,
    0x00, 0x00, 0x00, 0x00, 0x00, 0x00, 0x00, 0x00, 0x00, 0x00, 0x00, 0x00, 0x00, 0x00, 0x00, 0x00,
    0x00, 0x00, 0x00, 0x00, 0x00, 0x00, 0x00, 0x00, 0x00, 0x00, 0x00, 0x00, 0x00, 0x00, 0x00, 0x00,
    0x00, 0x00, 0x00, 0x00, 0x00, 0x00, 0x00, 0x00, 0x00, 0x00, 0x00, 0x00, 0x00, 0x00, 0x00, 0x00,
    0x00, 0x00, 0x00, 0x00, 0x00, 0x00, 0x00, 0x00, 0x00, 0x00, 0x00, 0x00, 0x00, 0x00, 0x00, 0x00,
    0x00, 0x00, 0x00, 0x00, 0x00, 0x00, 0x00, 0x00, 0x00, 0x00, 0x00, 0x00, 0x00, 0x00, 0x00, 0x00,
    0x00, 0x00, 0x00, 0x00, 0x00, 0x00, 0x00, 0x00, 0x00, 0x00, 0x00, 0x00, 0x00, 0x00, 0x00, 0x00,
    0x00, 0x00, 0x00, 0x00, 0x00, 0x00, 0x00, 0x00, 0x00, 0x00, 0x00, 0x00, 0x00, 0x00, 0x00, 0x00,
    0x00, 0x00, 0x00, 0x00, 0x00, 0x00, 0x00, 0x00, 0x50, 0x30, 0xbf, 0x10, 0x5a, 0x3a, 0xc9, 0x7f,
    0x5b, 0x3a, 0xc8, 0xef, 0x5b, 0x3a, 0xc8, 0xff, 0x5b, 0x3a, 0xc8, 0xff, 0x5b, 0x3a, 0xc8, 0xff,
    0x5b, 0x3a, 0xc8, 0xff, 0x5b, 0x3a, 0xc8, 0xff, 0x5b, 0x3a, 0xc8, 0xff, 0x5b, 0x3a, 0xc8, 0xff,
    0x5b, 0x3a, 0xc8, 0xff, 0x5b, 0x3a, 0xc8, 0xff, 0x5b, 0x3a, 0xc8, 0xff, 0x5b, 0x3a, 0xc8, 0xff,
    0x5b, 0x3a, 0xc8, 0xff, 0x5b, 0x3a, 0xc8, 0xff, 0x5b, 0x3a, 0xc8, 0xff, 0x5b, 0x3a, 0xc8, 0xff,
    0x5b, 0x3a, 0xc8, 0xff, 0x5b, 0x3a, 0xc8, 0xff, 0x5b, 0x3a, 0xc8, 0xff, 0x5b, 0x3a, 0xc8, 0xff,
    0x5b, 0x3a, 0xc8, 0xff, 0x5b, 0x3a, 0xc8, 0xff, 0x5b, 0x3a, 0xc8, 0xff, 0x5b, 0x3a, 0xc8, 0xff,
    0x5b, 0x3a, 0xc8, 0xff, 0x5b, 0x3a, 0xc8, 0xff, 0x5b, 0x3a, 0xc8, 0xff, 0x5b, 0x3a, 0xc8, 0xff,
    0x5b, 0x3a, 0xc8, 0xff, 0x5b, 0x3a, 0xc8, 0xff, 0x5b, 0x3a, 0xc8, 0xff, 0x5b, 0x3a, 0xc8, 0xff,
    0x5b, 0x3a, 0xc8, 0xff, 0x5b, 0x3a, 0xc8, 0xff, 0x5b, 0x3a, 0xc8, 0xff, 0x5b, 0x3a, 0xc8, 0xff,
    0x5b, 0x3a, 0xc8, 0xff, 0x5b, 0x3a, 0xc8, 0xff, 0x5b, 0x3a, 0xc8, 0xff, 0x5b, 0x3a, 0xc8, 0xff,
    0x5b, 0x3a, 0xc8, 0xff, 0x5b, 0x3a, 0xc8, 0xff, 0x5b, 0x3a, 0xc8, 0xff, 0x5b, 0x3a, 0xc8, 0xff,
    0x5b, 0x3a, 0xc8, 0xff, 0x5b, 0x3a, 0xc8, 0xff, 0x5b, 0x3a, 0xc8, 0xff, 0x5b, 0x3a, 0xc8, 0xff,
    0x5b, 0x3a, 0xc8, 0xff, 0x5b, 0x3a, 0xc8, 0xff, 0x5b, 0x3a, 0xc8, 0xff, 0x5b, 0x3a, 0xc8, 0xff,
    0x5b, 0x3a, 0xc8, 0xff, 0x5b, 0x3a, 0xc8, 0xff, 0x5b, 0x3a, 0xc8, 0xff, 0x5b, 0x3a, 0xc8, 0xff,
    0x5b, 0x3a, 0xc8, 0xff, 0x5b, 0x3a, 0xc8, 0xff, 0x5b, 0x3a, 0xc8, 0xff, 0x5b, 0x3a, 0xc8, 0xff,
    0x5b, 0x3a, 0xc8, 0xff, 0x5b, 0x3a, 0xc8, 0xff, 0x5b, 0x3a, 0xc8, 0xff, 0x5b, 0x3a, 0xc8, 0xff,
    0x5b, 0x3a, 0xc8, 0xff, 0x5b, 0x3a, 0xc8, 0xff, 0x5b, 0x3a, 0xc8, 0xff, 0x5b, 0x3a, 0xc8, 0xff,
    0x5b, 0x3a, 0xc8, 0xff, 0x5b, 0x3a, 0xc8, 0xff, 0x5b, 0x3a, 0xc8, 0xff, 0x5b, 0x3a, 0xc8, 0xff,
    0x5b, 0x3a, 0xc8, 0xff, 0x5b, 0x3a, 0xc8, 0xff, 0x5b, 0x3a, 0xc8, 0xff, 0x5b, 0x3a, 0xc8, 0xff,
    0x5b, 0x3a, 0xc8, 0xff, 0x5b, 0x3a, 0xc8, 0xff, 0x5b, 0x3a, 0xc8, 0xff, 0x5b, 0x3a, 0xc8, 0xff,
    0x5b, 0x3a, 0xc8, 0xff, 0x5b, 0x3a, 0xc8, 0xff, 0x5b, 0x3a, 0xc8, 0xff, 0x5b, 0x3a, 0xc8, 0xff,
    0x5b, 0x3a, 0xc8, 0xff, 0x5b, 0x3a, 0xc8, 0xff, 0x5b, 0x3a, 0xc8, 0xff, 0x5b, 0x3a, 0xc8, 0xff,
    0x5b, 0x3a, 0xc8, 0xff, 0x5b, 0x3a, 0xc8, 0xff, 0x5b, 0x3a, 0xc8, 0xff, 0x5b, 0x3a, 0xc8, 0xff,
    0x5b, 0x3a, 0xc8, 0xff, 0x5b, 0x3a, 0xc7, 0xf7, 0x5b, 0x39, 0xc8, 0x8f, 0x50, 0x30, 0xbf, 0x10,
    0x00, 0x00, 0x00, 0x00, 0x00, 0x00, 0x00, 0x00, 0x00, 0x00, 0x00, 0x00, 0x00, 0x00, 0x00, 0x00,
    0x00, 0x00, 0x00, 0x00, 0x00, 0x00, 0x00, 0x00, 0x00, 0x00, 0x00, 0x00, 0x00, 0x00, 0x00, 0x00,
    0x00, 0x00, 0x00, 0x00, 0x00, 0x00, 0x00, 0x00, 0x00, 0x00, 0x00, 0x00, 0x00, 0x00, 0x00, 0x00,
    0x00, 0x00, 0x00, 0x00, 0x00, 0x00, 0x00, 0x00, 0x00, 0x00, 0x00, 0x00, 0x00, 0x00, 0x00, 0x00,
    0x00, 0x00, 0x00, 0x00, 0x00, 0x00, 0x00, 0x00, 0x00, 0x00, 0x00, 0x00, 0x00, 0x00, 0x00, 0x00,
    0x00, 0x00, 0x00, 0x00, 0x00, 0x00, 0x00, 0x00, 0x00, 0x00, 0x00, 0x00, 0x00, 0x00, 0x00, 0x00,
    0x00, 0x00, 0x00, 0x00, 0x00, 0x00, 0x00, 0x00, 0x00, 0x00, 0x00, 0x00, 0x00, 0x00, 0x00, 0x00,
    0x00, 0x00, 0x00, 0x00, 0x00, 0x00, 0x00, 0x00, 0x40, 0x40, 0xbf, 0x04, 0x5c, 0x39, 0xc9, 0x67,
    0x5b, 0x3a, 0xc8, 0xef, 0x5b, 0x3a, 0xc8, 0xff, 0x5b, 0x3a, 0xc8, 0xff, 0x5b, 0x3a, 0xc8, 0xff,
    0x5b, 0x3a, 0xc8, 0xff, 0x5b, 0x3a, 0xc8, 0xff, 0x5b, 0x3a, 0xc8, 0xff, 0x5b, 0x3a, 0xc8, 0xff,
    0x5b, 0x3a, 0xc8, 0xff, 0x5b, 0x3a, 0xc8, 0xff, 0x5b, 0x3a, 0xc8, 0xff, 0x5b, 0x3a, 0xc8, 0xff,
    0x5b, 0x3a, 0xc8, 0xff, 0x5b, 0x3a, 0xc8, 0xff, 0x5b, 0x3a, 0xc8, 0xff, 0x5b, 0x3a, 0xc8, 0xff,
    0x5b, 0x3a, 0xc8, 0xff, 0x5b, 0x3a, 0xc8, 0xff, 0x5b, 0x3a, 0xc8, 0xff, 0x5b, 0x3a, 0xc8, 0xff,
    0x5b, 0x3a, 0xc8, 0xff, 0x5b, 0x3a, 0xc8, 0xff, 0x5b, 0x3a, 0xc8, 0xff, 0x5b, 0x3a, 0xc8, 0xff,
    0x5b, 0x3a, 0xc8, 0xff, 0x5b, 0x3a, 0xc8, 0xff, 0x5b, 0x3a, 0xc8, 0xff, 0x5b, 0x3a, 0xc8, 0xff,
    0x5b, 0x3a, 0xc8, 0xff, 0x5b, 0x3a, 0xc8, 0xff, 0x5b, 0x3a, 0xc8, 0xff, 0x5b, 0x3a, 0xc8, 0xff,
    0x5b, 0x3a, 0xc8, 0xff, 0x5b, 0x3a, 0xc8, 0xff, 0x5b, 0x3a, 0xc8, 0xff, 0x5b, 0x3a, 0xc8, 0xff,
    0x5b, 0x3a, 0xc8, 0xff, 0x5b, 0x3a, 0xc8, 0xff, 0x5b, 0x3a, 0xc8, 0xff, 0x5b, 0x3a, 0xc8, 0xff,
    0x5b, 0x3a, 0xc8, 0xff, 0x5b, 0x3a, 0xc8, 0xff, 0x5b, 0x3a, 0xc8, 0xff, 0x5b, 0x3a, 0xc8, 0xff,
    0x5b, 0x3a, 0xc8, 0xff, 0x5b, 0x3a, 0xc8, 0xff, 0x5b, 0x3a, 0xc8, 0xff, 0x5b, 0x3a, 0xc8, 0xff,
    0x5b, 0x3a, 0xc8, 0xff, 0x5b, 0x3a, 0xc8, 0xff, 0x5b, 0x3a, 0xc8, 0xff, 0x5b, 0x3a, 0xc8, 0xff,
    0x5b, 0x3a, 0xc8, 0xff, 0x5b, 0x3a, 0xc8, 0xff, 0x5b, 0x3a, 0xc8, 0xff, 0x5b, 0x3a, 0xc8, 0xff,
    0x5b, 0x3a, 0xc8, 0xff, 0x5b, 0x3a, 0xc8, 0xff, 0x5b, 0x3a, 0xc8, 0xff, 0x5b, 0x3a, 0xc8, 0xff,
    0x5b, 0x3a, 0xc8, 0xff, 0x5b, 0x3a, 0xc8, 0xff, 0x5b, 0x3a, 0xc8, 0xff, 0x5b, 0x3a, 0xc8, 0xff,
    0x5b, 0x3a, 0xc8, 0xff, 0x5b, 0x3a, 0xc8, 0xff, 0x5b, 0x3a, 0xc8, 0xff, 0x5b, 0x3a, 0xc8, 0xff,
    0x5b, 0x3a, 0xc8, 0xff, 0x5b, 0x3a, 0xc8, 0xff, 0x5b, 0x3a, 0xc8, 0xff, 0x5b, 0x3a, 0xc8, 0xff,
    0x5b, 0x3a, 0xc8, 0xff, 0x5b, 0x3a, 0xc8, 0xff, 0x5b, 0x3a, 0xc8, 0xff, 0x5b, 0x3a, 0xc8, 0xff,
    0x5b, 0x3a, 0xc8, 0xff, 0x5b, 0x3a, 0xc8, 0xff, 0x5b, 0x3a, 0xc8, 0xff, 0x5b, 0x3a, 0xc8, 0xff,
    0x5b, 0x3a, 0xc8, 0xff, 0x5b, 0x3a, 0xc8, 0xff, 0x5b, 0x3a, 0xc8, 0xff, 0x5b, 0x3a, 0xc8, 0xff,
    0x5b, 0x3a, 0xc8, 0xff, 0x5b, 0x3a, 0xc8, 0xff, 0x5b, 0x3a, 0xc8, 0xff, 0x5b, 0x3a, 0xc8, 0xff,
    0x5b, 0x3a, 0xc8, 0xff, 0x5b, 0x3a, 0xc8, 0xff, 0x5b, 0x3a, 0xc8, 0xff, 0x5b, 0x3a, 0xc8, 0xff,
    0x5b, 0x3a, 0xc8, 0xff, 0x5b, 0x3a, 0xc8, 0xff, 0x5b, 0x3a, 0xc8, 0xff, 0x5b, 0x3a, 0xc8, 0xff,
    0x5b, 0x3a, 0xc8, 0xff, 0x5b, 0x39, 0xc8, 0xe7, 0x5c, 0x39, 0xc9, 0x67, 0x00, 0x00, 0x00, 0x00,
    0x00, 0x00, 0x00, 0x00, 0x00, 0x00, 0x00, 0x00, 0x00, 0x00, 0x00, 0x00, 0x00, 0x00, 0x00, 0x00,
    0x00, 0x00, 0x00, 0x00, 0x00, 0x00, 0x00, 0x00, 0x00, 0x00, 0x00, 0x00, 0x00, 0x00, 0x00, 0x00,
    0x00, 0x00, 0x00, 0x00, 0x00, 0x00, 0x00, 0x00, 0x00, 0x00, 0x00, 0x00, 0x00, 0x00, 0x00, 0x00,
    0x00, 0x00, 0x00, 0x00, 0x00, 0x00, 0x00, 0x00, 0x00, 0x00, 0x00, 0x00, 0x00, 0x00, 0x00, 0x00,
    0x00, 0x00, 0x00, 0x00, 0x00, 0x00, 0x00, 0x00, 0x00, 0x00, 0x00, 0x00, 0x00, 0x00, 0x00, 0x00,
    0x00, 0x00, 0x00, 0x00, 0x00, 0x00, 0x00, 0x00, 0x00, 0x00, 0x00, 0x00, 0x00, 0x00, 0x00, 0x00,
    0x00, 0x00, 0x00, 0x00, 0x00, 0x00, 0x00, 0x00, 0x00, 0x00, 0x00, 0x00, 0x5c, 0x3b, 0xcb, 0x27,
    0x5b, 0x3a, 0xc8, 0xc7, 0x5b, 0x3a, 0xc8, 0xff, 0x5b, 0x3a, 0xc8, 0xff, 0x5b, 0x3a, 0xc8, 0xff,
    0x5b, 0x3a, 0xc8, 0xff, 0x5b, 0x3a, 0xc8, 0xff, 0x5b, 0x3a, 0xc8, 0xff, 0x5b, 0x3a, 0xc8, 0xff,
    0x5b, 0x3a, 0xc8, 0xff, 0x5b, 0x3a, 0xc8, 0xff, 0x5b, 0x3a, 0xc8, 0xff, 0x5b, 0x3a, 0xc8, 0xff,
    0x5b, 0x3a, 0xc8, 0xff, 0x5b, 0x3a, 0xc8, 0xff, 0x5b, 0x3a, 0xc8, 0xff, 0x5b, 0x3a, 0xc8, 0xff,
    0x5b, 0x3a, 0xc8, 0xff, 0x5b, 0x3a, 0xc8, 0xff, 0x5b, 0x3a, 0xc8, 0xff, 0x5b, 0x3a, 0xc8, 0xff,
    0x5b, 0x3a, 0xc8, 0xff, 0x5b, 0x3a, 0xc8, 0xff, 0x5b, 0x3a, 0xc8, 0xff, 0x5b, 0x3a, 0xc8, 0xff,
    0x5b, 0x3a, 0xc8, 0xff, 0x5b, 0x3a, 0xc8, 0xff, 0x5b, 0x3a, 0xc8, 0xff, 0x5b, 0x3a, 0xc8, 0xff,
    0x5b, 0x3a, 0xc8, 0xff, 0x5b, 0x3a, 0xc8, 0xff, 0x5b, 0x3a, 0xc8, 0xff, 0x5b, 0x3a, 0xc8, 0xff,
    0x5b, 0x3a, 0xc8, 0xff, 0x5b, 0x3a, 0xc8, 0xff, 0x5b, 0x3a, 0xc8, 0xff, 0x5b, 0x3a, 0xc8, 0xff,
    0x5b, 0x3a, 0xc8, 0xff, 0x5b, 0x3a, 0xc8, 0xff, 0x5b, 0x3a, 0xc8, 0xff, 0x5b, 0x3a, 0xc8, 0xff,
    0x5b, 0x3a, 0xc8, 0xff, 0x5b, 0x3a, 0xc8, 0xff, 0x5b, 0x3a, 0xc8, 0xff, 0x5b, 0x3a, 0xc8, 0xff,
    0x5b, 0x3a, 0xc8, 0xff, 0x5b, 0x3a, 0xc8, 0xff, 0x5b, 0x3a, 0xc8, 0xff, 0x5b, 0x3a, 0xc8, 0xff,
    0x5b, 0x3a, 0xc8, 0xff, 0x5b, 0x3a, 0xc8, 0xff, 0x5b, 0x3a, 0xc8, 0xff, 0x5b, 0x3a, 0xc8, 0xff,
    0x5b, 0x3a, 0xc8, 0xff, 0x5b, 0x3a, 0xc8, 0xff, 0x5b, 0x3a, 0xc8, 0xff, 0x5b, 0x3a, 0xc8, 0xff,
    0x5b, 0x3a, 0xc8, 0xff, 0x5b, 0x3a, 0xc8, 0xff, 0x5b, 0x3a, 0xc8, 0xff, 0x5b, 0x3a, 0xc8, 0xff,
    0x5b, 0x3a, 0xc8, 0xff, 0x5b, 0x3a, 0xc8, 0xff, 0x5b, 0x3a, 0xc8, 0xff, 0x5b, 0x3a, 0xc8, 0xff,
    0x5b, 0x3a, 0xc8, 0xff, 0x5b, 0x3a, 0xc8, 0xff, 0x5b, 0x3a, 0xc8, 0xff, 0x5b, 0x3a, 0xc8, 0xff,
    0x5b, 0x3a, 0xc8, 0xff, 0x5b, 0x3a, 0xc8, 0xff, 0x5b, 0x3a, 0xc8, 0xff, 0x5b, 0x3a, 0xc8, 0xff,
    0x5b, 0x3a, 0xc8, 0xff, 0x5b, 0x3a, 0xc8, 0xff, 0x5b, 0x3a, 0xc8, 0xff, 0x5b, 0x3a, 0xc8, 0xff,
    0x5b, 0x3a, 0xc8, 0xff, 0x5b, 0x3a, 0xc8, 0xff, 0x5b, 0x3a, 0xc8, 0xff, 0x5b, 0x3a, 0xc8, 0xff,
    0x5b, 0x3a, 0xc8, 0xff, 0x5b, 0x3a, 0xc8, 0xff, 0x5b, 0x3a, 0xc8, 0xff, 0x5b, 0x3a, 0xc8, 0xff,
    0x5b, 0x3a, 0xc8, 0xff, 0x5b, 0x3a, 0xc8, 0xff, 0x5b, 0x3a, 0xc8, 0xff, 0x5b, 0x3a, 0xc8, 0xff,
    0x5b, 0x3a, 0xc8, 0xff, 0x5b, 0x3a, 0xc8, 0xff, 0x5b, 0x3a, 0xc8, 0xff, 0x5b, 0x3a, 0xc8, 0xff,
    0x5b, 0x3a, 0xc8, 0xff, 0x5b, 0x3a, 0xc8, 0xff, 0x5b, 0x3a, 0xc8, 0xff, 0x5b, 0x3a, 0xc8, 0xff,
    0x5b, 0x3a, 0xc8, 0xff, 0x5b, 0x3a, 0xc8, 0xff, 0x5b, 0x3a, 0xc8, 0xff, 0x5b, 0x3a, 0xc8, 0xff,
    0x5b, 0x3a, 0xc8, 0xff, 0x5b, 0x3a, 0xc8, 0xc7, 0x57, 0x3a, 0xcc, 0x23, 0x00, 0x00, 0x00, 0x00,
    0x00, 0x00, 0x00, 0x00, 0x00, 0x00, 0x00, 0x00, 0x00, 0x00, 0x00, 0x00, 0x00, 0x00, 0x00, 0x00,
    0x00, 0x00, 0x00, 0x00, 0x00, 0x00, 0x00, 0x00, 0x00, 0x00, 0x00, 0x00, 0x00, 0x00, 0x00, 0x00,
    0x00, 0x00, 0x00, 0x00, 0x00, 0x00, 0x00, 0x00, 0x00, 0x00, 0x00, 0x00, 0x00, 0x00, 0x00, 0x00,
    0x00, 0x00, 0x00, 0x00, 0x00, 0x00, 0x00, 0x00, 0x00, 0x00, 0x00, 0x00, 0x00, 0x00, 0x00, 0x00,
    0x00, 0x00, 0x00, 0x00, 0x00, 0x00, 0x00, 0x00, 0x00, 0x00, 0x00, 0x00, 0x00, 0x00, 0x00, 0x00,
    0x00, 0x00, 0x00, 0x00, 0x00, 0x00, 0x00, 0x00, 0x00, 0x00, 0x00, 0x00, 0x00, 0x00, 0x00, 0x00,
    0x5c, 0x38, 0xc7, 0x5b, 0x5b, 0x3a, 0xc7, 0xf7, 0x5b, 0x3a, 0xc8, 0xff, 0x5b, 0x3a, 0xc8, 0xff,
    0x5b, 0x3a, 0xc8, 0xff, 0x5b, 0x3a, 0xc8, 0xff, 0x5b, 0x3a, 0xc8, 0xff, 0x5b, 0x3a, 0xc8, 0xff,
    0x5b, 0x3a, 0xc8, 0xff, 0x5b, 0x3a, 0xc8, 0xff, 0x5b, 0x3a, 0xc8, 0xff, 0x5b, 0x3a, 0xc8, 0xff,
    0x5b, 0x3a, 0xc8, 0xff, 0x5b, 0x3a, 0xc8, 0xff, 0x5b, 0x3a, 0xc8, 0xff, 0x5b, 0x3a, 0xc8, 0xff,
    0x5b, 0x3a, 0xc8, 0xff, 0x5b, 0x3a, 0xc8, 0xff, 0x5b, 0x3a, 0xc8, 0xff, 0x5b, 0x3a, 0xc8, 0xff,
    0x5b, 0x3a, 0xc8, 0xff, 0x5b, 0x3a, 0xc8, 0xff, 0x5b, 0x3a, 0xc8, 0xff, 0x5b, 0x3a, 0xc8, 0xff,
    0x5b, 0x3a, 0xc8, 0xff, 0x5b, 0x3a, 0xc8, 0xff, 0x5b, 0x3a, 0xc8, 0xff, 0x5b, 0x3a, 0xc8, 0xff,
    0x5b, 0x3a, 0xc8, 0xff, 0x5b, 0x3a, 0xc8, 0xff, 0x5b, 0x3a, 0xc8, 0xff, 0x5b, 0x3a, 0xc8, 0xff,
    0x5b, 0x3a, 0xc8, 0xff, 0x5b, 0x3a, 0xc8, 0xff, 0x5b, 0x3a, 0xc8, 0xff, 0x5b, 0x3a, 0xc8, 0xff,
    0x5b, 0x3a, 0xc8, 0xff, 0x5b, 0x3a, 0xc8, 0xff, 0x5b, 0x3a, 0xc8, 0xff, 0x5b, 0x3a, 0xc8, 0xff,
    0x5b, 0x3a, 0xc8, 0xff, 0x5b, 0x3a, 0xc8, 0xff, 0x5b, 0x3a, 0xc8, 0xff, 0x5b, 0x3a, 0xc8, 0xff,
    0x5b, 0x3a, 0xc8, 0xff, 0x5b, 0x3a, 0xc8, 0xff, 0x5b, 0x3a, 0xc8, 0xff, 0x5b, 0x3a, 0xc8, 0xff,
    0x5b, 0x3a, 0xc8, 0xff, 0x5b, 0x3a, 0xc8, 0xff, 0x5b, 0x3a, 0xc8, 0xff, 0x5b, 0x3a, 0xc8, 0xff,
    0x5b, 0x3a, 0xc8, 0xff, 0x5b, 0x3a, 0xc8, 0xff, 0x5b, 0x3a, 0xc8, 0xff, 0x5b, 0x3a, 0xc8, 0xff,
    0x5b, 0x3a, 0xc8, 0xff, 0x5b, 0x3a, 0xc8, 0xff, 0x5b, 0x3a, 0xc8, 0xff, 0x5b, 0x3a, 0xc8, 0xff,
    0x5b, 0x3a, 0xc8, 0xff, 0x5b, 0x3a, 0xc8, 0xff, 0x5b, 0x3a, 0xc8, 0xff, 0x5b, 0x3a, 0xc8, 0xff,
    0x5b, 0x3a, 0xc8, 0xff, 0x5b, 0x3a, 0xc8, 0xff, 0x5b, 0x3a, 0xc8, 0xff, 0x5b, 0x3a, 0xc8, 0xff,
    0x5b, 0x3a, 0xc8, 0xff, 0x5b, 0x3a, 0xc8, 0xff, 0x5b, 0x3a, 0xc8, 0xff, 0x5b, 0x3a, 0xc8, 0xff,
    0x5b, 0x3a, 0xc8, 0xff, 0x5b, 0x3a, 0xc8, 0xff, 0x5b, 0x3a, 0xc8, 0xff, 0x5b, 0x3a, 0xc8, 0xff,
    0x5b, 0x3a, 0xc8, 0xff, 0x5b, 0x3a, 0xc8, 0xff, 0x5b, 0x3a, 0xc8, 0xff, 0x5b, 0x3a, 0xc8, 0xff,
    0x5b, 0x3a, 0xc8, 0xff, 0x5b, 0x3a, 0xc8, 0xff, 0x5b, 0x3a, 0xc8, 0xff, 0x5b, 0x3a, 0xc8, 0xff,
    0x5b, 0x3a, 0xc8, 0xff, 0x5b, 0x3a, 0xc8, 0xff, 0x5b, 0x3a, 0xc8, 0xff, 0x5b, 0x3a, 0xc8, 0xff,
    0x5b, 0x3a, 0xc8, 0xff, 0x5b, 0x3a, 0xc8, 0xff, 0x5b, 0x3a, 0xc8, 0xff, 0x5b, 0x3a, 0xc8, 0xff,
    0x5b, 0x3a, 0xc8, 0xff, 0x5b, 0x3a, 0xc8, 0xff, 0x5b, 0x3a, 0xc8, 0xff, 0x5b, 0x3a, 0xc8, 0xff,
    0x5b, 0x3a, 0xc8, 0xff, 0x5b, 0x3a, 0xc8, 0xff, 0x5b, 0x3a, 0xc8, 0xff, 0x5b, 0x3a, 0xc8, 0xff,
    0x5b, 0x3a, 0xc8, 0xff, 0x5b, 0x3a, 0xc8, 0xff, 0x5b, 0x3a, 0xc8, 0xff, 0x5b, 0x3a, 0xc8, 0xff,
    0x5b, 0x3a, 0xc7, 0xf7, 0x5b, 0x38, 0xc9, 0x5f, 0x00, 0x00, 0x00, 0x00, 0x00, 0x00, 0x00, 0x00,
    0x00, 0x00, 0x00, 0x00, 0x00, 0x00, 0x00, 0x00, 0x00, 0x00, 0x00, 0x00, 0x00, 0x00, 0x00, 0x00,
    0x00, 0x00, 0x00, 0x00, 0x00, 0x00, 0x00, 0x00, 0x00, 0x00, 0x00, 0x00, 0x00, 0x00, 0x00, 0x00,
    0x00, 0x00, 0x00, 0x00, 0x00, 0x00, 0x00, 0x00, 0x00, 0x00, 0x00, 0x00, 0x00, 0x00, 0x00, 0x00,
    0x00, 0x00, 0x00, 0x00, 0x00, 0x00, 0x00, 0x00, 0x00, 0x00, 0x00, 0x00, 0x00, 0x00, 0x00, 0x00,
    0x00, 0x00, 0x00, 0x00, 0x00, 0x00, 0x00, 0x00, 0x00, 0x00, 0x00, 0x00, 0x00, 0x00, 0x00, 0x00,
    0x40, 0x40, 0xbf, 0x04, 0x5b, 0x39, 0xc8, 0x8f, 0x5b, 0x3a, 0xc8, 0xff, 0x5b, 0x3a, 0xc8, 0xff,
    0x5b, 0x3a, 0xc8, 0xff, 0x5b, 0x3a, 0xc8, 0xff, 0x5b, 0x3a, 0xc8, 0xff, 0x5b, 0x3a, 0xc8, 0xff,
    0x5b, 0x3a, 0xc8, 0xff, 0x5b, 0x3a, 0xc8, 0xff, 0x5b, 0x3a, 0xc8, 0xff, 0x5b, 0x3a, 0xc8, 0xff,
    0x5b, 0x3a, 0xc8, 0xff, 0x5b, 0x3a, 0xc8, 0xff, 0x5b, 0x3a, 0xc8, 0xff, 0x5b, 0x3a, 0xc8, 0xff,
    0x5b, 0x3a, 0xc8, 0xff, 0x5b, 0x3a, 0xc8, 0xff, 0x5b, 0x3a, 0xc8, 0xff, 0x5b, 0x3a, 0xc8, 0xff,
    0x5b, 0x3a, 0xc8, 0xff, 0x5b, 0x3a, 0xc8, 0xff, 0x5b, 0x3a, 0xc8, 0xff, 0x5b, 0x3a, 0xc8, 0xff,
    0x5b, 0x3a, 0xc8, 0xff, 0x5b, 0x3a, 0xc8, 0xff, 0x5b, 0x3a, 0xc8, 0xff, 0x5b, 0x3a, 0xc8, 0xff,
    0x5b, 0x3a, 0xc8, 0xff, 0x5b, 0x3a, 0xc8, 0xff, 0x5b, 0x3a, 0xc8, 0xff, 0x5b, 0x3a, 0xc8, 0xff,
    0x5b, 0x3a, 0xc8, 0xff, 0x5b, 0x3a, 0xc8, 0xff, 0x5b, 0x3a, 0xc8, 0xff, 0x5b, 0x3a, 0xc8, 0xff,
    0x5b, 0x3a, 0xc8, 0xff, 0x5b, 0x3a, 0xc8, 0xff, 0x5b, 0x3a, 0xc8, 0xff, 0x5b, 0x3a, 0xc8, 0xff,
    0x5b, 0x3a, 0xc8, 0xff, 0x5b, 0x3a, 0xc8, 0xff, 0x5b, 0x3a, 0xc8, 0xff, 0x5b, 0x3a, 0xc8, 0xff,
    0x5b, 0x3a, 0xc8, 0xff, 0x5b, 0x3a, 0xc8, 0xff, 0x5b, 0x3a, 0xc8, 0xff, 0x5b, 0x3a, 0xc8, 0xff,
    0x5b, 0x3a, 0xc8, 0xff, 0x5b, 0x3a, 0xc8, 0xff, 0x5b, 0x3a, 0xc8, 0xff, 0x5b, 0x3a, 0xc8, 0xff,
    0x5b, 0x3a, 0xc8, 0xff, 0x5b, 0x3a, 0xc8, 0xff, 0x5b, 0x3a, 0xc8, 0xff, 0x5b, 0x3a, 0xc8, 0xff,
    0x5b, 0x3a, 0xc8, 0xff, 0x5b, 0x3a, 0xc8, 0xff, 0x5b, 0x3a, 0xc8, 0xff, 0x5b, 0x3a, 0xc8, 0xff,
    0x5b, 0x3a, 0xc8, 0xff, 0x5b, 0x3a, 0xc8, 0xff, 0x5b, 0x3a, 0xc8, 0xff, 0x5b, 0x3a, 0xc8, 0xff,
    0x5b, 0x3a, 0xc8, 0xff, 0x5b, 0x3a, 0xc8, 0xff, 0x5b, 0x3a, 0xc8, 0xff, 0x5b, 0x3a, 0xc8, 0xff,
    0x5b, 0x3a, 0xc8, 0xff, 0x5b, 0x3a, 0xc8, 0xff, 0x5b, 0x3a, 0xc8, 0xff, 0x5b, 0x3a, 0xc8, 0xff,
    0x5b, 0x3a, 0xc8, 0xff, 0x5b, 0x3a, 0xc8, 0xff, 0x5b, 0x3a, 0xc8, 0xff, 0x5b, 0x3a, 0xc8, 0xff,
    0x5b, 0x3a, 0xc8, 0xff, 0x5b, 0x3a, 0xc8, 0xff, 0x5b, 0x3a, 0xc8, 0xff, 0x5b, 0x3a, 0xc8, 0xff,
    0x5b, 0x3a, 0xc8, 0xff, 0x5b, 0x3a, 0xc8, 0xff, 0x5b, 0x3a, 0xc8, 0xff, 0x5b, 0x3a, 0xc8, 0xff,
    0x5b, 0x3a, 0xc8, 0xff, 0x5b, 0x3a, 0xc8, 0xff, 0x5b, 0x3a, 0xc8, 0xff, 0x5b, 0x3a, 0xc8, 0xff,
    0x5b, 0x3a, 0xc8, 0xff, 0x5b, 0x3a, 0xc8, 0xff, 0x5b, 0x3a, 0xc8, 0xff, 0x5b, 0x3a, 0xc8, 0xff,
    0x5b, 0x3a, 0xc8, 0xff, 0x5b, 0x3a, 0xc8, 0xff, 0x5b, 0x3a, 0xc8, 0xff, 0x5b, 0x3a, 0xc8, 0xff,
    0x5b, 0x3a, 0xc8, 0xff, 0x5b, 0x3a, 0xc8, 0xff, 0x5b, 0x3a, 0xc8, 0xff, 0x5b, 0x3a, 0xc8, 0xff,
    0x5b, 0x3a, 0xc8, 0xff, 0x5b, 0x3a, 0xc8, 0xff, 0x5b, 0x3a, 0xc8, 0xff, 0x5b, 0x3a, 0xc8, 0xff,
    0x5b, 0x3a, 0xc8, 0xff, 0x5b, 0x3a, 0xc8, 0xff, 0x5b, 0x3a, 0xc8, 0xff, 0x5b, 0x3a, 0xc8, 0xff,
    0x5a, 0x39, 0xc8, 0x8b, 0x40, 0x40, 0xbf, 0x04, 0x00, 0x00, 0x00, 0x00, 0x00, 0x00, 0x00, 0x00,
    0x00, 0x00, 0x00, 0x00, 0x00, 0x00, 0x00, 0x00, 0x00, 0x00, 0x00, 0x00, 0x00, 0x00, 0x00, 0x00,
    0x00, 0x00, 0x00, 0x00, 0x00, 0x00, 0x00, 0x00, 0x00, 0x00, 0x00, 0x00, 0x00, 0x00, 0x00, 0x00,
    0x00, 0x00, 0x00, 0x00, 0x00, 0x00, 0x00, 0x00, 0x00, 0x00, 0x00, 0x00, 0x00, 0x00, 0x00, 0x00,
    0x00, 0x00, 0x00, 0x00, 0x00, 0x00, 0x00, 0x00, 0x00, 0x00, 0x00, 0x00, 0x00, 0x00, 0x00, 0x00,
    0x00, 0x00, 0x00, 0x00, 0x60, 0x20, 0xbf, 0x08, 0x5b, 0x3a, 0xc7, 0xb3, 0x5b, 0x3a, 0xc8, 0xff,
    0x5b, 0x3a, 0xc8, 0xff, 0x5b, 0x3a, 0xc8, 0xff, 0x5b, 0x3a, 0xc8, 0xff, 0x5b, 0x3a, 0xc8, 0xff,
    0x5b, 0x3a, 0xc8, 0xff, 0x5b, 0x3a, 0xc8, 0xff, 0x5b, 0x3a, 0xc8, 0xff, 0x5b, 0x3a, 0xc8, 0xff,
    0x5b, 0x3a, 0xc8, 0xff, 0x5b, 0x3a, 0xc8, 0xff, 0x5b, 0x3a, 0xc8, 0xff, 0x5b, 0x3a, 0xc8, 0xff,
    0x5b, 0x3a, 0xc8, 0xff, 0x5b, 0x3a, 0xc8, 0xff, 0x5b, 0x3a, 0xc8, 0xff, 0x5b, 0x3a, 0xc8, 0xff,
    0x5b, 0x3a, 0xc8, 0xff, 0x5b, 0x3a, 0xc8, 0xff, 0x5b, 0x3a, 0xc8, 0xff, 0x5b, 0x3a, 0xc8, 0xff,
    0x5b, 0x3a, 0xc8, 0xff, 0x5b, 0x3a, 0xc8, 0xff, 0x5b, 0x3a, 0xc8, 0xff, 0x5b, 0x3a, 0xc8, 0xff,
    0x5b, 0x3a, 0xc8, 0xff, 0x5b, 0x3a, 0xc8, 0xff, 0x5b, 0x3a, 0xc8, 0xff, 0x5b, 0x3a, 0xc8, 0xff,
    0x5b, 0x3a, 0xc8, 0xff, 0x5b, 0x3a, 0xc8, 0xff, 0x5b, 0x3a, 0xc8, 0xff, 0x5b, 0x3a, 0xc8, 0xff,
    0x5b, 0x3a, 0xc8, 0xff, 0x5b, 0x3a, 0xc8, 0xff, 0x5b, 0x3a, 0xc8, 0xff, 0x5b, 0x3a, 0xc8, 0xff,
    0x5b, 0x3a, 0xc8, 0xff, 0x5b, 0x3a, 0xc8, 0xff, 0x5b, 0x3a, 0xc8, 0xff, 0x5b, 0x3a, 0xc8, 0xff,
    0x5b, 0x3a, 0xc8, 0xff, 0x5b, 0x3a, 0xc8, 0xff, 0x5b, 0x3a, 0xc8, 0xff, 0x5b, 0x3a, 0xc8, 0xff,
    0x5b, 0x3a, 0xc8, 0xff, 0x5b, 0x3a, 0xc8, 0xff, 0x5b, 0x3a, 0xc8, 0xff, 0x5b, 0x3a, 0xc8, 0xff,
    0x5b, 0x3a, 0xc8, 0xff, 0x5b, 0x3a, 0xc8, 0xff, 0x5b, 0x3a, 0xc8, 0xff, 0x5b, 0x3a, 0xc8, 0xff,
    0x5b, 0x3a, 0xc8, 0xff, 0x5b, 0x3a, 0xc8, 0xff, 0x5b, 0x3a, 0xc8, 0xff, 0x5b, 0x3a, 0xc8, 0xff,
    0x5b, 0x3a, 0xc8, 0xff, 0x5b, 0x3a, 0xc8, 0xff, 0x5b, 0x3a, 0xc8, 0xff, 0x5b, 0x3a, 0xc8, 0xff,
    0x5b, 0x3a, 0xc8, 0xff, 0x5b, 0x3a, 0xc8, 0xff, 0x5b, 0x3a, 0xc8, 0xff, 0x5b, 0x3a, 0xc8, 0xff,
    0x5b, 0x3a, 0xc8, 0xff, 0x5b, 0x3a, 0xc8, 0xff, 0x5b, 0x3a, 0xc8, 0xff, 0x5b, 0x3a, 0xc8, 0xff,
    0x5b, 0x3a, 0xc8, 0xff, 0x5b, 0x3a, 0xc8, 0xff, 0x5b, 0x3a, 0xc8, 0xff, 0x5b, 0x3a, 0xc8, 0xff,
    0x5b, 0x3a, 0xc8, 0xff, 0x5b, 0x3a, 0xc8, 0xff, 0x5b, 0x3a, 0xc8, 0xff, 0x5b, 0x3a, 0xc8, 0xff,
    0x5b, 0x3a, 0xc8, 0xff, 0x5b, 0x3a, 0xc8, 0xff, 0x5b, 0x3a, 0xc8, 0xff, 0x5b, 0x3a, 0xc8, 0xff,
    0x5b, 0x3a, 0xc8, 0xff, 0x5b, 0x3a, 0xc8, 0xff, 0x5b, 0x3a, 0xc8, 0xff, 0x5b, 0x3a, 0xc8, 0xff,
    0x5b, 0x3a, 0xc8, 0xff, 0x5b, 0x3a, 0xc8, 0xff, 0x5b, 0x3a, 0xc8, 0xff, 0x5b, 0x3a, 0xc8, 0xff,
    0x5b, 0x3a, 0xc8, 0xff, 0x5b, 0x3a, 0xc8, 0xff, 0x5b, 0x3a, 0xc8, 0xff, 0x5b, 0x3a, 0xc8, 0xff,
    0x5b, 0x3a, 0xc8, 0xff, 0x5b, 0x3a, 0xc8, 0xff, 0x5b, 0x3a, 0xc8, 0xff, 0x5b, 0x3a, 0xc8, 0xff,
    0x5b, 0x3a, 0xc8, 0xff, 0x5b, 0x3a, 0xc8, 0xff, 0x5b, 0x3a, 0xc8, 0xff, 0x5b, 0x3a, 0xc8, 0xff,
    0x5b, 0x3a, 0xc8, 0xff, 0x5b, 0x3a, 0xc8, 0xff, 0x5b, 0x3a, 0xc8, 0xff, 0x5b, 0x3a, 0xc8, 0xff,
    0x5b, 0x3a, 0xc8, 0xff, 0x5b, 0x3a, 0xc8, 0xff, 0x5b, 0x3a, 0xc8, 0xff, 0x5b, 0x3b, 0xc7, 0xb7,
    0x60, 0x40, 0xbf, 0x08, 0x00, 0x00, 0x00, 0x00, 0x00, 0x00, 0x00, 0x00, 0x00, 0x00, 0x00, 0x00,
    0x00, 0x00, 0x00, 0x00, 0x00, 0x00, 0x00, 0x00, 0x00, 0x00, 0x00, 0x00, 0x00, 0x00, 0x00, 0x00,
    0x00, 0x00, 0x00, 0x00, 0x00, 0x00, 0x00, 0x00, 0x00, 0x00, 0x00, 0x00, 0x00, 0x00, 0x00, 0x00,
    0x00, 0x00, 0x00, 0x00, 0x00, 0x00, 0x00, 0x00, 0x00, 0x00, 0x00, 0x00, 0x00, 0x00, 0x00, 0x00,
    0x00, 0x00, 0x00, 0x00, 0x00, 0x00, 0x00, 0x00, 0x60, 0x20, 0xbf, 0x08, 0x5b, 0x39, 0xc7, 0xb7,
    0x5b, 0x3a, 0xc8, 0xff, 0x5b, 0x3a, 0xc8, 0xff, 0x5b, 0x3a, 0xc8, 0xff, 0x5b, 0x3a, 0xc8, 0xff,
    0x5b, 0x3a, 0xc8, 0xff, 0x5b, 0x3a, 0xc8, 0xff, 0x5b, 0x3a, 0xc8, 0xff, 0x5b, 0x3a, 0xc8, 0xff,
    0x5b, 0x3a, 0xc8, 0xff, 0x5b, 0x3a, 0xc8, 0xff, 0x5b, 0x3a, 0xc8, 0xff, 0x5b, 0x3a, 0xc8, 0xff,
    0x5b, 0x3a, 0xc8, 0xff, 0x5b, 0x3a, 0xc8, 0xff, 0x5b, 0x3a, 0xc8, 0xff, 0x5b, 0x3a, 0xc8, 0xff,
    0x5b, 0x3a, 0xc8, 0xff, 0x5b, 0x3a, 0xc8, 0xff, 0x5b, 0x3a, 0xc8, 0xff, 0x5b, 0x3a, 0xc8, 0xff,
    0x5b, 0x3a, 0xc8, 0xff, 0x5b, 0x3a, 0xc8, 0xff, 0x5b, 0x3a, 0xc8, 0xff, 0x5b, 0x3a, 0xc8, 0xff,
    0x5b, 0x3a, 0xc8, 0xff, 0x5b, 0x3a, 0xc8, 0xff, 0x5b, 0x3a, 0xc8, 0xff, 0x5b, 0x3a, 0xc8, 0xff,
    0x5b, 0x3a, 0xc8, 0xff, 0x5b, 0x3a, 0xc8, 0xff, 0x5b, 0x3a, 0xc8, 0xff, 0x5b, 0x3a, 0xc8, 0xff,
    0x5b, 0x3a, 0xc8, 0xff, 0x5b, 0x3a, 0xc8, 0xff, 0x5b, 0x3a, 0xc8, 0xff, 0x5b, 0x3a, 0xc8, 0xff,
    0x5b, 0x3a, 0xc8, 0xff, 0x5b, 0x3a, 0xc8, 0xff, 0x5b, 0x3a, 0xc8, 0xff, 0x5b, 0x3a, 0xc8, 0xff,
    0x5b, 0x3a, 0xc8, 0xff, 0x5b, 0x3a, 0xc8, 0xff, 0x5b, 0x3a, 0xc8, 0xff, 0x5b, 0x3a, 0xc8, 0xff,
    0x5b, 0x3a, 0xc8, 0xff, 0x5b, 0x3a, 0xc8, 0xff, 0x5b, 0x3a, 0xc8, 0xff, 0x5b, 0x3a, 0xc8, 0xff,
    0x5b, 0x3a, 0xc8, 0xff, 0x5b, 0x3a, 0xc8, 0xff, 0x5b, 0x3a, 0xc8, 0xff, 0x5b, 0x3a, 0xc8, 0xff,
    0x5b, 0x3a, 0xc8, 0xff, 0x5b, 0x3a, 0xc8, 0xff, 0x5b, 0x3a, 0xc8, 0xff, 0x5b, 0x3a, 0xc8, 0xff,
    0x5b, 0x3a, 0xc8, 0xff, 0x5b, 0x3a, 0xc8, 0xff, 0x5b, 0x3a, 0xc8, 0xff, 0x5b, 0x3a, 0xc8, 0xff,
    0x5b, 0x3a, 0xc8, 0xff, 0x5b, 0x3a, 0xc8, 0xff, 0x5b, 0x3a, 0xc8, 0xff, 0x5b, 0x3a, 0xc8, 0xff,
    0x5b, 0x3a, 0xc8, 0xff, 0x5b, 0x3a, 0xc8, 0xff, 0x5b, 0x3a, 0xc8, 0xff, 0x5b, 0x3a, 0xc8, 0xff,
    0x5b, 0x3a, 0xc8, 0xff, 0x5b, 0x3a, 0xc8, 0xff, 0x5b, 0x3a, 0xc8, 0xff, 0x5b, 0x3a, 0xc8, 0xff,
    0x5b, 0x3a, 0xc8, 0xff, 0x5b, 0x3a, 0xc8, 0xff, 0x5b, 0x3a, 0xc8, 0xff, 0x5b, 0x3a, 0xc8, 0xff,
    0x5b, 0x3a, 0xc8, 0xff, 0x5b, 0x3a, 0xc8, 0xff, 0x5b, 0x3a, 0xc8, 0xff, 0x5b, 0x3a, 0xc8, 0xff,
    0x5b, 0x3a, 0xc8, 0xff, 0x5b, 0x3a, 0xc8, 0xff, 0x5b, 0x3a, 0xc8, 0xff, 0x5b, 0x3a, 0xc8, 0xff,
    0x5b, 0x3a, 0xc8, 0xff, 0x5b, 0x3a, 0xc8, 0xff, 0x5b, 0x3a, 0xc8, 0xff, 0x5b, 0x3a, 0xc8, 0xff,
    0x5b, 0x3a, 0xc8, 0xff, 0x5b, 0x3a, 0xc8, 0xff, 0x5b, 0x3a, 0xc8, 0xff, 0x5b, 0x3a, 0xc8, 0xff,
    0x5b, 0x3a, 0xc8, 0xff, 0x5b, 0x3a, 0xc8, 0xff, 0x5b, 0x3a, 0xc8, 0xff, 0x5b, 0x3a, 0xc8, 0xff,
    0x5b, 0x3a, 0xc8, 0xff, 0x5b, 0x3a, 0xc8, 0xff, 0x5b, 0x3a, 0xc8, 0xff, 0x5b, 0x3a, 0xc8, 0xff,
    0x5b, 0x3a, 0xc8, 0xff, 0x5b, 0x3a, 0xc8, 0xff, 0x5b, 0x3a, 0xc8, 0xff, 0x5b, 0x3a, 0xc8, 0xff,
    0x5b, 0x3a, 0xc8, 0xff, 0x5b, 0x3a, 0xc8, 0xff, 0x5b, 0x3a, 0xc8, 0xff, 0x5b, 0x3a, 0xc8, 0xff,
    0x5b, 0x3a, 0xc8, 0xff, 0x5b, 0x3a, 0xc8, 0xff, 0x5b, 0x3b, 0xc7, 0xb7, 0x60, 0x40, 0xbf, 0x08,
    0x00, 0x00, 0x00, 0x00, 0x00, 0x00, 0x00, 0x00, 0x00, 0x00, 0x00, 0x00, 0x00, 0x00, 0x00, 0x00,
    0x00, 0x00, 0x00, 0x00, 0x00, 0x00, 0x00, 0x00, 0x00, 0x00, 0x00, 0x00, 0x00, 0x00, 0x00, 0x00,
    0x00, 0x00, 0x00, 0x00, 0x00, 0x00, 0x00, 0x00, 0x00, 0x00, 0x00, 0x00, 0x00, 0x00, 0x00, 0x00,
    0x00, 0x00, 0x00, 0x00, 0x00, 0x00, 0x00, 0x00, 0x00, 0x00, 0x00, 0x00, 0x40, 0x40, 0xbf, 0x04,
    0x5b, 0x39, 0xc7, 0xb7, 0x5b, 0x3a, 0xc8, 0xff, 0x5b, 0x3a, 0xc8, 0xff, 0x5b, 0x3a, 0xc8, 0xff,
    0x5b, 0x3a, 0xc8, 0xff, 0x5b, 0x3a, 0xc8, 0xff, 0x5b, 0x3a, 0xc8, 0xff, 0x5b, 0x3a, 0xc8, 0xff,
    0x5b, 0x3a, 0xc8, 0xff, 0x5b, 0x3a, 0xc8, 0xff, 0x5b, 0x3a, 0xc8, 0xff, 0x5b, 0x3a, 0xc8, 0xff,
    0x5b, 0x3a, 0xc8, 0xff, 0x5b, 0x3a, 0xc8, 0xff, 0x5b, 0x3a, 0xc8, 0xff, 0x5b, 0x3a, 0xc8, 0xff,
    0x5b, 0x3a, 0xc8, 0xff, 0x5b, 0x3a, 0xc8, 0xff, 0x5b, 0x3a, 0xc8, 0xff, 0x5b, 0x3a, 0xc8, 0xff,
    0x5b, 0x3a, 0xc8, 0xff, 0x5b, 0x3a, 0xc8, 0xff, 0x5b, 0x3a, 0xc8, 0xff, 0x5b, 0x3a, 0xc8, 0xff,
    0x5b, 0x3a, 0xc8, 0xff, 0x5b, 0x3a, 0xc8, 0xff, 0x5b, 0x3a, 0xc8, 0xff, 0x5b, 0x3a, 0xc8, 0xff,
    0x5b, 0x3a, 0xc8, 0xff, 0x5b, 0x3a, 0xc8, 0xff, 0x5b, 0x3a, 0xc8, 0xff, 0x5b, 0x3a, 0xc8, 0xff,
    0x5b, 0x3a, 0xc8, 0xff, 0x5b, 0x3a, 0xc8, 0xff, 0x5b, 0x3a, 0xc8, 0xff, 0x5b, 0x3a, 0xc8, 0xff,
    0x5b, 0x3a, 0xc8, 0xff, 0x5b, 0x3a, 0xc8, 0xff, 0x5b, 0x3a, 0xc8, 0xff, 0x5b, 0x3a, 0xc8, 0xff,
    0x5b, 0x3a, 0xc8, 0xff, 0x5b, 0x3a, 0xc8, 0xff, 0x5b, 0x3a, 0xc8, 0xff, 0x5b, 0x3a, 0xc8, 0xff,
    0x5b, 0x3a, 0xc8, 0xff, 0x5b, 0x3a, 0xc8, 0xff, 0x5b, 0x3a, 0xc8, 0xff, 0x5b, 0x3a, 0xc8, 0xff,
    0x5b, 0x3a, 0xc8, 0xff, 0x5b, 0x3a, 0xc8, 0xff, 0x5b, 0x3a, 0xc8, 0xff, 0x5b, 0x3a, 0xc8, 0xff,
    0x5b, 0x3a, 0xc8, 0xff, 0x5b, 0x3a, 0xc8, 0xff, 0x5b, 0x3a, 0xc8, 0xff, 0x5b, 0x3a, 0xc8, 0xff,
    0x5b, 0x3a, 0xc8, 0xff, 0x5b, 0x3a, 0xc8, 0xff, 0x5b, 0x3a, 0xc8, 0xff, 0x5b, 0x3a, 0xc8, 0xff,
    0x5b, 0x3a, 0xc8, 0xff, 0x5b, 0x3a, 0xc8, 0xff, 0x5b, 0x3a, 0xc8, 0xff, 0x5b, 0x3a, 0xc8, 0xff,
    0x5b, 0x3a, 0xc8, 0xff, 0x5b, 0x3a, 0xc8, 0xff, 0x5b, 0x3a, 0xc8, 0xff, 0x5b, 0x3a, 0xc8, 0xff,
    0x5b, 0x3a, 0xc8, 0xff, 0x5b, 0x3a, 0xc8, 0xff, 0x5b, 0x3a, 0xc8, 0xff, 0x5b, 0x3a, 0xc8, 0xff,
    0x5b, 0x3a, 0xc8, 0xff, 0x5b, 0x3a, 0xc8, 0xff, 0x5b, 0x3a, 0xc8, 0xff, 0x5b, 0x3a, 0xc8, 0xff,
    0x5b, 0x3a, 0xc8, 0xff, 0x5b, 0x3a, 0xc8, 0xff, 0x5b, 0x3a, 0xc8, 0xff, 0x5b, 0x3a, 0xc8, 0xff,
    0x5b, 0x3a, 0xc8, 0xff, 0x5b, 0x3a, 0xc8, 0xff, 0x5b, 0x3a, 0xc8, 0xff, 0x5b, 0x3a, 0xc8, 0xff,
    0x5b, 0x3a, 0xc8, 0xff, 0x5b, 0x3a, 0xc8, 0xff, 0x5b, 0x3a, 0xc8, 0xff, 0x5b, 0x3a, 0xc8, 0xff,
    0x5b, 0x3a, 0xc8, 0xff, 0x5b, 0x3a, 0xc8, 0xff, 0x5b, 0x3a, 0xc8, 0xff, 0x5b, 0x3a, 0xc8, 0xff,
    0x5b, 0x3a, 0xc8, 0xff, 0x5b, 0x3a, 0xc8, 0xff, 0x5b, 0x3a, 0xc8, 0xff, 0x5b, 0x3a, 0xc8, 0xff,
    0x5b, 0x3a, 0xc8, 0xff, 0x5b, 0x3a, 0xc8, 0xff, 0x5b, 0x3a, 0xc8, 0xff, 0x5b, 0x3a, 0xc8, 0xff,
    0x5b, 0x3a, 0xc8, 0xff, 0x5b, 0x3a, 0xc8, 0xff, 0x5b, 0x3a, 0xc8, 0xff, 0x5b, 0x3a, 0xc8, 0xff,
    0x5b, 0x3a, 0xc8, 0xff, 0x5b, 0x3a, 0xc8, 0xff, 0x5b, 0x3a, 0xc8, 0xff, 0x5b, 0x3a, 0xc8, 0xff,
    0x5b, 0x3a, 0xc8, 0xff, 0x5b, 0x3a, 0xc8, 0xff, 0x5b, 0x3a, 0xc8, 0xff, 0x5b, 0x3a, 0xc8, 0xff,
    0x5b, 0x3a, 0xc8, 0xff, 0x5b, 0x3a, 0xc7, 0xb3, 0x40, 0x40, 0xbf, 0x04, 0x00, 0x00, 0x00, 0x00,
    0x00, 0x00, 0x00, 0x00, 0x00, 0x00, 0x00, 0x00, 0x00, 0x00, 0x00, 0x00, 0x00, 0x00, 0x00, 0x00,
    0x00, 0x00, 0x00, 0x00, 0x00, 0x00, 0x00, 0x00, 0x00, 0x00, 0x00, 0x00, 0x00, 0x00, 0x00, 0x00,
    0x00, 0x00, 0x00, 0x00, 0x00, 0x00, 0x00, 0x00, 0x00, 0x00, 0x00, 0x00, 0x00, 0x00, 0x00, 0x00,
    0x00, 0x00, 0x00, 0x00, 0x5c, 0x39, 0xc8, 0x8b, 0x5b, 0x3a, 0xc8, 0xff, 0x5b, 0x3a, 0xc8, 0xff,
    0x5b, 0x3a, 0xc8, 0xff, 0x5b, 0x3a, 0xc8, 0xff, 0x5b, 0x3a, 0xc8, 0xff, 0x5b, 0x3a, 0xc8, 0xff,
    0x5b, 0x3a, 0xc8, 0xff, 0x5b, 0x3a, 0xc8, 0xff, 0x5b, 0x3a, 0xc8, 0xff, 0x5b, 0x3a, 0xc8, 0xff,
    0x5b, 0x3a, 0xc8, 0xff, 0x5b, 0x3a, 0xc8, 0xff, 0x5b, 0x3a, 0xc8, 0xff, 0x5b, 0x3a, 0xc8, 0xff,
    0x5b, 0x3a, 0xc8, 0xff, 0x5b, 0x3a, 0xc8, 0xff, 0x5b, 0x3a, 0xc8, 0xff, 0x5b, 0x3a, 0xc8, 0xff,
    0x5b, 0x3a, 0xc8, 0xff, 0x5b, 0x3a, 0xc8, 0xff, 0x5b, 0x3a, 0xc8, 0xff, 0x5b, 0x3a, 0xc8, 0xff,
    0x5b, 0x3a, 0xc8, 0xff, 0x5b, 0x3a, 0xc8, 0xff, 0x5b, 0x3a, 0xc8, 0xff, 0x5b, 0x3a, 0xc8, 0xff,
    0x5b, 0x3a, 0xc8, 0xff, 0x5b, 0x3a, 0xc8, 0xff, 0x5b, 0x3a, 0xc8, 0xff, 0x5b, 0x3a, 0xc8, 0xff,
    0x5b, 0x3a, 0xc8, 0xff, 0x5b, 0x3a, 0xc8, 0xff, 0x5b, 0x3a, 0xc8, 0xff, 0x5b, 0x3a, 0xc8, 0xff,
    0x5b, 0x3a, 0xc8, 0xff, 0x5b, 0x3a, 0xc8, 0xff, 0x5b, 0x3a, 0xc8, 0xff, 0x5b, 0x3a, 0xc8, 0xff,
    0x5b, 0x3a, 0xc8, 0xff, 0x5b, 0x3a, 0xc8, 0xff, 0x5b, 0x3a, 0xc8, 0xff, 0x5b, 0x3a, 0xc8, 0xff,
    0x5b, 0x3a, 0xc8, 0xff, 0x5b, 0x3a, 0xc8, 0xff, 0x5b, 0x3a, 0xc8, 0xff, 0x5b, 0x3a, 0xc8, 0xff,
    0x5b, 0x3a, 0xc8, 0xff, 0x5b, 0x3a, 0xc8, 0xff, 0x5b, 0x3a, 0xc8, 0xff, 0x5b, 0x3a, 0xc8, 0xff,
    0x5b, 0x3a, 0xc8, 0xff, 0x5b, 0x3a, 0xc8, 0xff, 0x5b, 0x3a, 0xc8, 0xff, 0x5b, 0x3a, 0xc8, 0xff,
    0x5b, 0x3a, 0xc8, 0xff, 0x5b, 0x3a, 0xc8, 0xff, 0x5b, 0x3a, 0xc8, 0xff, 0x5b, 0x3a, 0xc8, 0xff,
    0x5b, 0x3a, 0xc8, 0xff, 0x5b, 0x3a, 0xc8, 0xff, 0x5b, 0x3a, 0xc8, 0xff, 0x5b, 0x3a, 0xc8, 0xff,
    0x5b, 0x3a, 0xc8, 0xff, 0x5b, 0x3a, 0xc8, 0xff, 0x5b, 0x3a, 0xc8, 0xff, 0x5b, 0x3a, 0xc8, 0xff,
    0x5b, 0x3a, 0xc8, 0xff, 0x5b, 0x3a, 0xc8, 0xff, 0x5b, 0x3a, 0xc8, 0xff, 0x5b, 0x3a, 0xc8, 0xff,
    0x5b, 0x3a, 0xc8, 0xff, 0x5b, 0x3a, 0xc8, 0xff, 0x5b, 0x3a, 0xc8, 0xff, 0x5b, 0x3a, 0xc8, 0xff,
    0x5b, 0x3a, 0xc8, 0xff, 0x5b, 0x3a, 0xc8, 0xff, 0x5b, 0x3a, 0xc8, 0xff, 0x5b, 0x3a, 0xc8, 0xff,
    0x5b, 0x3a, 0xc8, 0xff, 0x5b, 0x3a, 0xc8, 0xff, 0x5b, 0x3a, 0xc8, 0xff, 0x5b, 0x3a, 0xc8, 0xff,
    0x5b, 0x3a, 0xc8, 0xff, 0x5b, 0x3a, 0xc8, 0xff, 0x5b, 0x3a, 0xc8, 0xff, 0x5b, 0x3a, 0xc8, 0xff,
    0x5b, 0x3a, 0xc8, 0xff, 0x5b, 0x3a, 0xc8, 0xff, 0x5b, 0x3a, 0xc8, 0xff, 0x5b, 0x3a, 0xc8, 0xff,
    0x5b, 0x3a, 0xc8, 0xff, 0x5b, 0x3a, 0xc8, 0xff, 0x5b, 0x3a, 0xc8, 0xff, 0x5b, 0x3a, 0xc8, 0xff,
    0x5b, 0x3a, 0xc8, 0xff, 0x5b, 0x3a, 0xc8, 0xff, 0x5b, 0x3a, 0xc8, 0xff, 0x5b, 0x3a, 0xc8, 0xff,
    0x5b, 0x3a, 0xc8, 0xff, 0x5b, 0x3a, 0xc8, 0xff, 0x5b, 0x3a, 0xc8, 0xff, 0x5b, 0x3a, 0xc8, 0xff,
    0x5b, 0x3a, 0xc8, 0xff, 0x5b, 0x3a, 0xc8, 0xff, 0x5b, 0x3a, 0xc8, 0xff, 0x5b, 0x3a, 0xc8, 0xff,
    0x5b, 0x3a, 0xc8, 0xff, 0x5b, 0x3a, 0xc8, 0xff, 0x5b, 0x3a, 0xc8, 0xff, 0x5b, 0x3a, 0xc8, 0xff,
    0x5b, 0x3a, 0xc8, 0xff, 0x5b, 0x3a, 0xc8, 0xff, 0x5b, 0x3a, 0xc8, 0xff, 0x5b, 0x3a, 0xc8, 0xff,
    0x5b, 0x39, 0xc8, 0x8f, 0x00, 0x00, 0x00, 0x00, 0x00, 0x00, 0x00, 0x00, 0x00, 0x00, 0x00, 0x00,
    0x00, 0x00, 0x00, 0x00, 0x00, 0x00, 0x00, 0x00, 0x00, 0x00, 0x00, 0x00, 0x00, 0x00, 0x00, 0x00,
    0x00, 0x00, 0x00, 0x00, 0x00, 0x00, 0x00, 0x00, 0x00, 0x00, 0x00, 0x00, 0x00, 0x00, 0x00, 0x00,
    0x00, 0x00, 0x00, 0x00, 0x00, 0x00, 0x00, 0x00, 0x5b, 0x38, 0xc7, 0x5f, 0x5b, 0x3a, 0xc8, 0xff,
    0x5b, 0x3a, 0xc8, 0xff, 0x5b, 0x3a, 0xc8, 0xff, 0x5b, 0x3a, 0xc8, 0xff, 0x5b, 0x3a, 0xc8, 0xff,
    0x5b, 0x3a, 0xc8, 0xff, 0x5b, 0x3a, 0xc8, 0xff, 0x5b, 0x3a, 0xc8, 0xff, 0x5b, 0x3a, 0xc8, 0xff,
    0x5b, 0x3a, 0xc8, 0xff, 0x5b, 0x3a, 0xc8, 0xff, 0x5b, 0x3a, 0xc8, 0xff, 0x5b, 0x3a, 0xc8, 0xff,
    0x5b, 0x3a, 0xc8, 0xff, 0x5b, 0x3a, 0xc8, 0xff, 0x5b, 0x3a, 0xc8, 0xff, 0x5b, 0x3a, 0xc8, 0xff,
    0x5b, 0x3a, 0xc8, 0xff, 0x5b, 0x3a, 0xc8, 0xff, 0x5b, 0x3a, 0xc8, 0xff, 0x5b, 0x3a, 0xc8, 0xff,
    0x5b, 0x3a, 0xc8, 0xff, 0x5b, 0x3a, 0xc8, 0xff, 0x5b, 0x3a, 0xc8, 0xff, 0x5b, 0x3a, 0xc8, 0xff,
    0x5b, 0x3a, 0xc8, 0xff, 0x5b, 0x3a, 0xc8, 0xff, 0x5b, 0x3a, 0xc8, 0xff, 0x5b, 0x3a, 0xc8, 0xff,
    0x5b, 0x3a, 0xc8, 0xff, 0x5b, 0x3a, 0xc8, 0xff, 0x5b, 0x3a, 0xc8, 0xff, 0x5b, 0x3a, 0xc8, 0xff,
    0x5b, 0x3a, 0xc8, 0xff, 0x5b, 0x3a, 0xc8, 0xff, 0x5b, 0x3a, 0xc8, 0xff, 0x5b, 0x3a, 0xc8, 0xff,
    0x5b, 0x3a, 0xc8, 0xff, 0x5b, 0x3a, 0xc8, 0xff, 0x5b, 0x3a, 0xc8, 0xff, 0x5b, 0x3a, 0xc8, 0xff,
    0x5b, 0x3a, 0xc8, 0xff, 0x5b, 0x3a, 0xc8, 0xff, 0x5b, 0x3a, 0xc8, 0xff, 0x5b, 0x3a, 0xc8, 0xff,
    0x5b, 0x3a, 0xc8, 0xff, 0x5b, 0x3a, 0xc8, 0xff, 0x5b, 0x3a, 0xc8, 0xff, 0x5b, 0x3a, 0xc8, 0xff,
    0x5b, 0x3a, 0xc8, 0xff, 0x5b, 0x3a, 0xc8, 0xff, 0x5b, 0x3a, 0xc8, 0xff, 0x5b, 0x3a, 0xc8, 0xff,
    0x5b, 0x3a, 0xc8, 0xff, 0x5b, 0x3a, 0xc8, 0xff, 0x5b, 0x3a, 0xc8, 0xff, 0x5b, 0x3a, 0xc8, 0xff,
    0x5b, 0x3a, 0xc8, 0xff, 0x5b, 0x3a, 0xc8, 0xff, 0x5b, 0x3a, 0xc8, 0xff, 0x5b, 0x3a, 0xc8, 0xff,
    0x5b, 0x3a, 0xc8, 0xff, 0x5b, 0x3a, 0xc8, 0xff, 0x5b, 0x3a, 0xc8, 0xff, 0x5b, 0x3a, 0xc8, 0xff,
    0x5b, 0x3a, 0xc8, 0xff, 0x5b, 0x3a, 0xc8, 0xff, 0x5b, 0x3a, 0xc8, 0xff, 0x5b, 0x3a, 0xc8, 0xff,
    0x5b, 0x3a, 0xc8, 0xff, 0x5b, 0x3a, 0xc8, 0xff, 0x5b, 0x3a, 0xc8, 0xff, 0x5b, 0x3a, 0xc8, 0xff,
    0x5b, 0x3a, 0xc8, 0xff, 0x5b, 0x3a, 0xc8, 0xff, 0x5b, 0x3a, 0xc8, 0xff, 0x5b, 0x3a, 0xc8, 0xff,
    0x5b, 0x3a, 0xc8, 0xff, 0x5b, 0x3a, 0xc8, 0xff, 0x5b, 0x3a, 0xc8, 0xff, 0x5b, 0x3a, 0xc8, 0xff,
    0x5b, 0x3a, 0xc8, 0xff, 0x5b, 0x3a, 0xc8, 0xff, 0x5b, 0x3a, 0xc8, 0xff, 0x5b, 0x3a, 0xc8, 0xff,
    0x5b, 0x3a, 0xc8, 0xff, 0x5b, 0x3a, 0xc8, 0xff, 0x5b, 0x3a, 0xc8, 0xff, 0x5b, 0x3a, 0xc8, 0xff,
    0x5b, 0x3a, 0xc8, 0xff, 0x5b, 0x3a, 0xc8, 0xff, 0x5b, 0x3a, 0xc8, 0xff, 0x5b, 0x3a, 0xc8, 0xff,
    0x5b, 0x3a, 0xc8, 0xff, 0x5b, 0x3a, 0xc8, 0xff, 0x5b, 0x3a, 0xc8, 0xff, 0x5b, 0x3a, 0xc8, 0xff,
    0x5b, 0x3a, 0xc8, 0xff, 0x5b, 0x3a, 0xc8, 0xff, 0x5b, 0x3a, 0xc8, 0xff, 0x5b, 0x3a, 0xc8, 0xff,
    0x5b, 0x3a, 0xc8, 0xff, 0x5b, 0x3a, 0xc8, 0xff, 0x5b, 0x3a, 0xc8, 0xff, 0x5b, 0x3a, 0xc8, 0xff,
    0x5b, 0x3a, 0xc8, 0xff, 0x5b, 0x3a, 0xc8, 0xff, 0x5b, 0x3a, 0xc8, 0xff, 0x5b, 0x3a, 0xc8, 0xff,
    0x5b, 0x3a, 0xc8, 0xff, 0x5b, 0x3a, 0xc8, 0xff, 0x5b, 0x3a, 0xc8, 0xff, 0x5b, 0x3a, 0xc8, 0xff,
    0x5b, 0x3a, 0xc8, 0xff, 0x5b, 0x3a, 0xc8, 0xff, 0x5b, 0x3a, 0xc8, 0xff, 0x5a, 0x3b, 0xc7, 0x5b,
    0x00, 0x00, 0x00, 0x00, 0x00, 0x00, 0x00, 0x00, 0x00, 0x00, 0x00, 0x00, 0x00, 0x00, 0x00, 0x00,
    0x00, 0x00, 0x00, 0x00, 0x00, 0x00, 0x00, 0x00, 0x00, 0x00, 0x00, 0x00, 0x00, 0x00, 0x00, 0x00,
    0x00, 0x00, 0x00, 0x00, 0x00, 0x00, 0x00, 0x00, 0x00, 0x00, 0x00, 0x00, 0x57, 0x3a, 0xcc, 0x23,
    0x5b, 0x3a, 0xc7, 0xf7, 0x5b, 0x3a, 0xc8, 0xff, 0x5b, 0x3a, 0xc8, 0xff, 0x5b, 0x3a, 0xc8, 0xff,
    0x5b, 0x3a, 0xc8, 0xff, 0x5b, 0x3a, 0xc8, 0xff, 0x5b, 0x3a, 0xc8, 0xff, 0x5b, 0x3a, 0xc8, 0xff,
    0x5b, 0x3a, 0xc8, 0xff, 0x5b, 0x3a, 0xc8, 0xff, 0x5b, 0x3a, 0xc8, 0xff, 0x5b, 0x3a, 0xc8, 0xff,
    0x5b, 0x3a, 0xc8, 0xff, 0x5b, 0x3a, 0xc8, 0xff, 0x5b, 0x3a, 0xc8, 0xff, 0x5b, 0x3a, 0xc8, 0xff,
    0x5b, 0x3a, 0xc8, 0xff, 0x5b, 0x3a, 0xc8, 0xff, 0x5b, 0x3a, 0xc8, 0xff, 0x5b, 0x3a, 0xc8, 0xff,
    0x5b, 0x3a, 0xc8, 0xff, 0x5b, 0x3a, 0xc8, 0xff, 0x5b, 0x3a, 0xc8, 0xff, 0x5b, 0x3a, 0xc8, 0xff,
    0x5b, 0x3a, 0xc8, 0xff, 0x5b, 0x3a, 0xc8, 0xff, 0x5b, 0x3a, 0xc8, 0xff, 0x5b, 0x3a, 0xc8, 0xff,
    0x5b, 0x3a, 0xc8, 0xff, 0x5b, 0x3a, 0xc8, 0xff, 0x5b, 0x3a, 0xc8, 0xff, 0x5b, 0x3a, 0xc8, 0xff,
    0x5b, 0x3a, 0xc8, 0xff, 0x5b, 0x3a, 0xc8, 0xff, 0x5b, 0x3a, 0xc8, 0xff, 0x5b, 0x3a, 0xc8, 0xff,
    0x5b, 0x3a, 0xc8, 0xff, 0x5b, 0x3a, 0xc8, 0xff, 0x5b, 0x3a, 0xc8, 0xff, 0x5b, 0x3a, 0xc8, 0xff,
    0x5b, 0x3a, 0xc8, 0xff, 0x5b, 0x3a, 0xc8, 0xff, 0x5b, 0x3a, 0xc8, 0xff, 0x5b, 0x3a, 0xc8, 0xff,
    0x5b, 0x3a, 0xc8, 0xff, 0x5b, 0x3a, 0xc8, 0xff, 0x5b, 0x3a, 0xc8, 0xff, 0x5b, 0x3a, 0xc8, 0xff,
    0x5b, 0x3a, 0xc8, 0xff, 0x5b, 0x3a, 0xc8, 0xff, 0x5b, 0x3a, 0xc8, 0xff, 0x5b, 0x3a, 0xc8, 0xff,
    0x5b, 0x3a, 0xc8, 0xff, 0x5b, 0x3a, 0xc8, 0xff, 0x5b, 0x3a, 0xc8, 0xff, 0x5b, 0x3a, 0xc8, 0xff,
    0x5b, 0x3a, 0xc8, 0xff, 0x5b, 0x3a, 0xc8, 0xff, 0x5b, 0x3a, 0xc8, 0xff, 0x5b, 0x3a, 0xc8, 0xff,
    0x5b, 0x3a, 0xc8, 0xff, 0x5b, 0x3a, 0xc8, 0xff, 0x5b, 0x3a, 0xc8, 0xff, 0x5b, 0x3a, 0xc8, 0xff,
    0x5b, 0x3a, 0xc8, 0xff, 0x5b, 0x3a, 0xc8, 0xff, 0x5b, 0x3a, 0xc8, 0xff, 0x5b, 0x3a, 0xc8, 0xff,
    0x5b, 0x3a, 0xc8, 0xff, 0x5b, 0x3a, 0xc8, 0xff, 0x5b, 0x3a, 0xc8, 0xff, 0x5b, 0x3a, 0xc8, 0xff,
    0x5b, 0x3a, 0xc8, 0xff, 0x5b, 0x3a, 0xc8, 0xff, 0x5b, 0x3a, 0xc8, 0xff, 0x5b, 0x3a, 0xc8, 0xff,
    0x5b, 0x3a, 0xc8, 0xff, 0x5b, 0x3a, 0xc8, 0xff, 0x5b, 0x3a, 0xc8, 0xff, 0x5b, 0x3a, 0xc8, 0xff,
    0x5b, 0x3a, 0xc8, 0xff, 0x5b, 0x3a, 0xc8, 0xff, 0x5b, 0x3a, 0xc8, 0xff, 0x5b, 0x3a, 0xc8, 0xff,
    0x5b, 0x3a, 0xc8, 0xff, 0x5b, 0x3a, 0xc8, 0xff, 0x5b, 0x3a, 0xc8, 0xff, 0x5b, 0x3a, 0xc8, 0xff,
    0x5b, 0x3a, 0xc8, 0xff, 0x5b, 0x3a, 0xc8, 0xff, 0x5b, 0x3a, 0xc8, 0xff, 0x5b, 0x3a, 0xc8, 0xff,
    0x5b, 0x3a, 0xc8, 0xff, 0x5b, 0x3a, 0xc8, 0xff, 0x5b, 0x3a, 0xc8, 0xff, 0x5b, 0x3a, 0xc8, 0xff,
    0x5b, 0x3a, 0xc8, 0xff, 0x5b, 0x3a, 0xc8, 0xff, 0x5b, 0x3a, 0xc8, 0xff, 0x5b, 0x3a, 0xc8, 0xff,
    0x5b, 0x3a, 0xc8, 0xff, 0x5b, 0x3a, 0xc8, 0xff, 0x5b, 0x3a, 0xc8, 0xff, 0x5b, 0x3a, 0xc8, 0xff,
    0x5b, 0x3a, 0xc8, 0xff, 0x5b, 0x3a, 0xc8, 0xff, 0x5b, 0x3a, 0xc8, 0xff, 0x5b, 0x3a, 0xc8, 0xff,
    0x5b, 0x3a, 0xc8, 0xff, 0x5b, 0x3a, 0xc8, 0xff, 0x5b, 0x3a, 0xc8, 0xff, 0x5b, 0x3a, 0xc8, 0xff,
    0x5b, 0x3a, 0xc8, 0xff, 0x5b, 0x3a, 0xc8, 0xff, 0x5b, 0x3a, 0xc8, 0xff, 0x5b, 0x3a, 0xc8, 0xff,
    0x5b, 0x3a, 0xc8, 0xff, 0x5b, 0x3a, 0xc7, 0xf7, 0x5c, 0x3b, 0xcb, 0x27, 0x00, 0x00, 0x00, 0x00,
    0x00, 0x00, 0x00, 0x00, 0x00, 0x00, 0x00, 0x00, 0x00, 0x00, 0x00, 0x00, 0x00, 0x00, 0x00, 0x00,
    0x00, 0x00, 0x00, 0x00, 0x00, 0x00, 0x00, 0x00, 0x00, 0x00, 0x00, 0x00, 0x00, 0x00, 0x00, 0x00,
    0x00, 0x00, 0x00, 0x00, 0x5b, 0x3a, 0xc8, 0xc7, 0x5b, 0x3a, 0xc8, 0xff, 0x5b, 0x3a, 0xc8, 0xff,
    0x5b, 0x3a, 0xc8, 0xff, 0x5b, 0x3a, 0xc8, 0xff, 0x5b, 0x3a, 0xc8, 0xff, 0x5b, 0x3a, 0xc8, 0xff,
    0x5b, 0x3a, 0xc8, 0xff, 0x5b, 0x3a, 0xc8, 0xff, 0x5b, 0x3a, 0xc8, 0xff, 0x5b, 0x3a, 0xc8, 0xff,
    0x5b, 0x3a, 0xc8, 0xff, 0x5b, 0x3a, 0xc8, 0xff, 0x5b, 0x3a, 0xc8, 0xff, 0x5b, 0x3a, 0xc8, 0xff,
    0x5b, 0x3a, 0xc8, 0xff, 0x5b, 0x3a, 0xc8, 0xff, 0x5b, 0x3a, 0xc8, 0xff, 0x5b, 0x3a, 0xc8, 0xff,
    0x5b, 0x3a, 0xc8, 0xff, 0x5b, 0x3a, 0xc8, 0xff, 0x5b, 0x3a, 0xc8, 0xff, 0x5b, 0x3a, 0xc8, 0xff,
    0x5b, 0x3a, 0xc8, 0xff, 0x5b, 0x3a, 0xc8, 0xff, 0x5b, 0x3a, 0xc8, 0xff, 0x5b, 0x3a, 0xc8, 0xff,
    0x5b, 0x3a, 0xc8, 0xff, 0x5b, 0x3a, 0xc8, 0xff, 0x5b, 0x3a, 0xc8, 0xff, 0x5b, 0x3a, 0xc8, 0xff,
    0x5b, 0x3a, 0xc8, 0xff, 0x5b, 0x3a, 0xc8, 0xff, 0x5b, 0x3a, 0xc8, 0xff, 0x5b, 0x3a, 0xc8, 0xff,
    0x5b, 0x3a, 0xc8, 0xff, 0x5b, 0x3a, 0xc8, 0xff, 0x5b, 0x3a, 0xc8, 0xff, 0x5b, 0x3a, 0xc8, 0xff,
    0x5b, 0x3a, 0xc8, 0xff, 0x5b, 0x3a, 0xc8, 0xff, 0x5b, 0x3a, 0xc8, 0xff, 0x5b, 0x3a, 0xc8, 0xff,
    0x5b, 0x3a, 0xc8, 0xff, 0x5b, 0x3a, 0xc8, 0xff, 0x5b, 0x3a, 0xc8, 0xff, 0x5b, 0x3a, 0xc8, 0xff,
    0x5b, 0x3a, 0xc8, 0xff, 0x5b, 0x3a, 0xc8, 0xff, 0x5b, 0x3a, 0xc8, 0xff, 0x5b, 0x3a, 0xc8, 0xff,
    0x5b, 0x3a, 0xc8, 0xff, 0x5b, 0x3a, 0xc8, 0xff, 0x5b, 0x3a, 0xc8, 0xff, 0x5b, 0x3a, 0xc8, 0xff,
    0x5b, 0x3a, 0xc8, 0xff, 0x5b, 0x3a, 0xc8, 0xff, 0x5b, 0x3a, 0xc8, 0xff, 0x5b, 0x3a, 0xc8, 0xff,
    0x5b, 0x3a, 0xc8, 0xff, 0x5b, 0x3a, 0xc8, 0xff, 0x5b, 0x3a, 0xc8, 0xff, 0x5b, 0x3a, 0xc8, 0xff,
    0x5b, 0x3a, 0xc8, 0xff, 0x5b, 0x3a, 0xc8, 0xff, 0x5b, 0x3a, 0xc8, 0xff, 0x5b, 0x3a, 0xc8, 0xff,
    0x5b, 0x3a, 0xc8, 0xff, 0x5b, 0x3a, 0xc8, 0xff, 0x5b, 0x3a, 0xc8, 0xff, 0x5b, 0x3a, 0xc8, 0xff,
    0x5b, 0x3a, 0xc8, 0xff, 0x5b, 0x3a, 0xc8, 0xff, 0x5b, 0x3a, 0xc8, 0xff, 0x5b, 0x3a, 0xc8, 0xff,
    0x5b, 0x3a, 0xc8, 0xff, 0x5b, 0x3a, 0xc8, 0xff, 0x5b, 0x3a, 0xc8, 0xff, 0x5b, 0x3a, 0xc8, 0xff,
    0x5b, 0x3a, 0xc8, 0xff, 0x5b, 0x3a, 0xc8, 0xff, 0x5b, 0x3a, 0xc8, 0xff, 0x5b, 0x3a, 0xc8, 0xff,
    0x5b, 0x3a, 0xc8, 0xff, 0x5b, 0x3a, 0xc8, 0xff, 0x5b, 0x3a, 0xc8, 0xff, 0x5b, 0x3a, 0xc8, 0xff,
    0x5b, 0x3a, 0xc8, 0xff, 0x5b, 0x3a, 0xc8, 0xff, 0x5b, 0x3a, 0xc8, 0xff, 0x5b, 0x3a, 0xc8, 0xff,
    0x5b, 0x3a, 0xc8, 0xff, 0x5b, 0x3a, 0xc8, 0xff, 0x5b, 0x3a, 0xc8, 0xff, 0x5b, 0x3a, 0xc8, 0xff,
    0x5b, 0x3a, 0xc8, 0xff, 0x5b, 0x3a, 0xc8, 0xff, 0x5b, 0x3a, 0xc8, 0xff, 0x5b, 0x3a, 0xc8, 0xff,
    0x5b, 0x3a, 0xc8, 0xff, 0x5b, 0x3a, 0xc8, 0xff, 0x5b, 0x3a, 0xc8, 0xff, 0x5b, 0x3a, 0xc8, 0xff,
    0x5b, 0x3a, 0xc8, 0xff, 0x5b, 0x3a, 0xc8, 0xff, 0x5b, 0x3a, 0xc8, 0xff, 0x5b, 0x3a, 0xc8, 0xff,
    0x5b, 0x3a, 0xc8, 0xff, 0x5b, 0x3a, 0xc8, 0xff, 0x5b, 0x3a, 0xc8, 0xff, 0x5b, 0x3a, 0xc8, 0xff,
    0x5b, 0x3a, 0xc8, 0xff, 0x5b, 0x3a, 0xc8, 0xff, 0x5b, 0x3a, 0xc8, 0xff, 0x5b, 0x3a, 0xc8, 0xff,
    0x5b, 0x3a, 0xc8, 0xff, 0x5b, 0x3a, 0xc8, 0xff, 0x5b, 0x3a, 0xc8, 0xff, 0x5b, 0x3a, 0xc8, 0xff,
    0x5b, 0x3a, 0xc8, 0xc7, 0x40, 0x40, 0xbf, 0x04, 0x00, 0x00, 0x00, 0x00, 0x00, 0x00, 0x00, 0x00,
    0x00, 0x00, 0x00, 0x00, 0x00, 0x00, 0x00, 0x00, 0x00, 0x00, 0x00, 0x00, 0x00, 0x00, 0x00, 0x00,
    0x00, 0x00, 0x00, 0x00, 0x00, 0x00, 0x00, 0x00, 0x5c, 0x39, 0xc9, 0x67, 0x5b, 0x3a, 0xc8, 0xff,
    0x5b, 0x3a, 0xc8, 0xff, 0x5b, 0x3a, 0xc8, 0xff, 0x5b, 0x3a, 0xc8, 0xff, 0x5b, 0x3a, 0xc8, 0xff,
    0x5b, 0x3a, 0xc8, 0xff, 0x5b, 0x3a, 0xc8, 0xff, 0x5b, 0x3a, 0xc8, 0xff, 0x5b, 0x3a, 0xc8, 0xff,
    0x5b, 0x3a, 0xc8, 0xff, 0x5b, 0x3a, 0xc8, 0xff, 0x5b, 0x3a, 0xc8, 0xff, 0x5b, 0x3a, 0xc8, 0xff,
    0x5b, 0x3a, 0xc8, 0xff, 0x5b, 0x3a, 0xc8, 0xff, 0x5b, 0x3a, 0xc8, 0xff, 0x5b, 0x3a, 0xc8, 0xff,
    0x5b, 0x3a, 0xc8, 0xff, 0x5b, 0x3a, 0xc8, 0xff, 0x5b, 0x3a, 0xc8, 0xff, 0x5b, 0x3a, 0xc8, 0xff,
    0x5b, 0x3a, 0xc8, 0xff, 0x5b, 0x3a, 0xc8, 0xff, 0x5b, 0x3a, 0xc8, 0xff, 0x5b, 0x3a, 0xc8, 0xff,
    0x5b, 0x3a, 0xc8, 0xff, 0x5b, 0x3a, 0xc8, 0xff, 0x5b, 0x3a, 0xc8, 0xff, 0x5b, 0x3a, 0xc8, 0xff,
    0x5b, 0x3a, 0xc8, 0xff, 0x5b, 0x3a, 0xc8, 0xff, 0x5b, 0x3a, 0xc8, 0xff, 0x5b, 0x3a, 0xc8, 0xff,
    0x5b, 0x3a, 0xc8, 0xff, 0x5b, 0x3a, 0xc8, 0xff, 0x5b, 0x3a, 0xc8, 0xff, 0x5b, 0x3a, 0xc8, 0xff,
    0x5b, 0x3a, 0xc8, 0xff, 0x5b, 0x3a, 0xc8, 0xff, 0x5b, 0x3a, 0xc8, 0xff, 0x5b, 0x3a, 0xc8, 0xff,
    0x5b, 0x3a, 0xc8, 0xff, 0x5b, 0x3a, 0xc8, 0xff, 0x5b, 0x3a, 0xc8, 0xff, 0x5b, 0x3a, 0xc8, 0xff,
    0x5b, 0x3a, 0xc8, 0xff, 0x5b, 0x3a, 0xc8, 0xff, 0x5b, 0x3a, 0xc8, 0xff, 0x5b, 0x3a, 0xc8, 0xff,
    0x5b, 0x3a, 0xc8, 0xff, 0x5b, 0x3a, 0xc8, 0xff, 0x5b, 0x3a, 0xc8, 0xff, 0x5b, 0x3a, 0xc8, 0xff,
    0x5b, 0x3a, 0xc8, 0xff, 0x5b, 0x3a, 0xc8, 0xff, 0x5b, 0x3a, 0xc8, 0xff, 0x5b, 0x3a, 0xc8, 0xff,
    0x5b, 0x3a, 0xc8, 0xff, 0x5b, 0x3a, 0xc8, 0xff, 0x5b, 0x3a, 0xc8, 0xff, 0x5b, 0x3a, 0xc8, 0xff,
    0x5b, 0x3a, 0xc8, 0xff, 0x5b, 0x3a, 0xc8, 0xff, 0x5b, 0x3a, 0xc8, 0xff, 0x5b, 0x3a, 0xc8, 0xff,
    0x5b, 0x3a, 0xc8, 0xff, 0x5b, 0x3a, 0xc8, 0xff, 0x5b, 0x3a, 0xc8, 0xff, 0x5b, 0x3a, 0xc8, 0xff,
    0x5b, 0x3a, 0xc8, 0xff, 0x5b, 0x3a, 0xc8, 0xff, 0x5b, 0x3a, 0xc8, 0xff, 0x5b, 0x3a, 0xc8, 0xff,
    0x5b, 0x3a, 0xc8, 0xff, 0x5b, 0x3a, 0xc8, 0xff, 0x5b, 0x3a, 0xc8, 0xff, 0x5b, 0x3a, 0xc8, 0xff,
    0x5b, 0x3a, 0xc8, 0xff, 0x5b, 0x3a, 0xc8, 0xff, 0x5b, 0x3a, 0xc8, 0xff, 0x5b, 0x3a, 0xc8, 0xff,
    0x5b, 0x3a, 0xc8, 0xff, 0x5b, 0x3a, 0xc8, 0xff, 0x5b, 0x3a, 0xc8, 0xff, 0x5b, 0x3a, 0xc8, 0xff,
    0x5b, 0x3a, 0xc8, 0xff, 0x5b, 0x3a, 0xc8, 0xff, 0x5b, 0x3a, 0xc8, 0xff, 0x5b, 0x3a, 0xc8, 0xff,
    0x5b, 0x3a, 0xc8, 0xff, 0x5b, 0x3a, 0xc8, 0xff, 0x5b, 0x3a, 0xc8, 0xff, 0x5b, 0x3a, 0xc8, 0xff,
    0x5b, 0x3a, 0xc8, 0xff, 0x5b, 0x3a, 0xc8, 0xff, 0x5b, 0x3a, 0xc8, 0xff, 0x5b, 0x3a, 0xc8, 0xff,
    0x5b, 0x3a, 0xc8, 0xff, 0x5b, 0x3a, 0xc8, 0xff, 0x5b, 0x3a, 0xc8, 0xff, 0x5b, 0x3a, 0xc8, 0xff,
    0x5b, 0x3a, 0xc8, 0xff, 0x5b, 0x3a, 0xc8, 0xff, 0x5b, 0x3a, 0xc8, 0xff, 0x5b, 0x3a, 0xc8, 0xff,
    0x5b, 0x3a, 0xc8, 0xff, 0x5b, 0x3a, 0xc8, 0xff, 0x5b, 0x3a, 0xc8, 0xff, 0x5b, 0x3a, 0xc8, 0xff,
    0x5b, 0x3a, 0xc8, 0xff, 0x5b, 0x3a, 0xc8, 0xff, 0x5b, 0x3a, 0xc8, 0xff, 0x5b, 0x3a, 0xc8, 0xff,
    0x5b, 0x3a, 0xc8, 0xff, 0x5b, 0x3a, 0xc8, 0xff, 0x5b, 0x3a, 0xc8, 0xff, 0x5b, 0x3a, 0xc8, 0xff,
    0x5b, 0x3a, 0xc8, 0xff, 0x5b, 0x3a, 0xc8, 0xff, 0x5b, 0x3a, 0xc8, 0xff, 0x5c, 0x39, 0xc9, 0x67,
    0x00, 0x00, 0x00, 0x00, 0x00, 0x00, 0x00, 0x00, 0x00, 0x00, 0x00, 0x00, 0x00, 0x00, 0x00, 0x00,
    0x00, 0x00, 0x00, 0x00, 0x00, 0x00, 0x00, 0x00, 0x00, 0x00, 0x00, 0x00, 0x50, 0x30, 0xbf, 0x10,
    0x5b, 0x39, 0xc8, 0xe7, 0x5b, 0x3a, 0xc8, 0xff, 0x5b, 0x3a, 0xc8, 0xff, 0x5b, 0x3a, 0xc8, 0xff,
    0x5b, 0x3a, 0xc8, 0xff, 0x5b, 0x3a, 0xc8, 0xff, 0x5b, 0x3a, 0xc8, 0xff, 0x5b, 0x3a, 0xc8, 0xff,
    0x5b, 0x3a, 0xc8, 0xff, 0x5b, 0x3a, 0xc8, 0xff, 0x5b, 0x3a, 0xc8, 0xff, 0x5b, 0x3a, 0xc8, 0xff,
    0x5b, 0x3a, 0xc8, 0xff, 0x5b, 0x3a, 0xc8, 0xff, 0x5b, 0x3a, 0xc8, 0xff, 0x5b, 0x3a, 0xc8, 0xff,
    0x5b, 0x3a, 0xc8, 0xff, 0x5b, 0x3a, 0xc8, 0xff, 0x5b, 0x3a, 0xc8, 0xff, 0x5b, 0x3a, 0xc8, 0xff,
    0x5b, 0x3a, 0xc8, 0xff, 0x5b, 0x3a, 0xc8, 0xff, 0x5b, 0x3a, 0xc8, 0xff, 0x5b, 0x3a, 0xc8, 0xff,
    0x5b, 0x3a, 0xc8, 0xff, 0x5b, 0x3a, 0xc8, 0xff, 0x5b, 0x3a, 0xc8, 0xff, 0x5b, 0x3a, 0xc8, 0xff,
    0x5b, 0x3a, 0xc8, 0xff, 0x5b, 0x3a, 0xc8, 0xff, 0x5b, 0x3a, 0xc8, 0xff, 0x5b, 0x3a, 0xc8, 0xff,
    0x5b, 0x3a, 0xc8, 0xff, 0x5b, 0x3a, 0xc8, 0xff, 0x5b, 0x3a, 0xc8, 0xff, 0x5b, 0x3a, 0xc8, 0xff,
    0x5b, 0x3a, 0xc8, 0xff, 0x5b, 0x3a, 0xc8, 0xff, 0x5b, 0x3a, 0xc8, 0xff, 0x5b, 0x3a, 0xc8, 0xff,
    0x5b, 0x3a, 0xc8, 0xff, 0x5b, 0x3a, 0xc8, 0xff, 0x5b, 0x3a, 0xc8, 0xff, 0x5b, 0x3a, 0xc8, 0xff,
    0x5b, 0x3a, 0xc8, 0xff, 0x5b, 0x3a, 0xc8, 0xff, 0x5b, 0x3a, 0xc8, 0xff, 0x5b, 0x3a, 0xc8, 0xff,
    0x5b, 0x3a, 0xc8, 0xff, 0x5b, 0x3a, 0xc8, 0xff, 0x5b, 0x3a, 0xc8, 0xff, 0x5b, 0x3a, 0xc8, 0xff,
    0x5b, 0x3a, 0xc8, 0xff, 0x5b, 0x3a, 0xc8, 0xff, 0x5b, 0x3a, 0xc8, 0xff, 0x5b, 0x3a, 0xc8, 0xff,
    0x5b, 0x3a, 0xc8, 0xff, 0x5b, 0x3a, 0xc8, 0xff, 0x5b, 0x3a, 0xc8, 0xff, 0x5b, 0x3a, 0xc8, 0xff,
    0x5b, 0x3a, 0xc8, 0xff, 0x5b, 0x3a, 0xc8, 0xff, 0x5b, 0x3a, 0xc8, 0xff, 0x5b, 0x3a, 0xc8, 0xff,
    0x5b, 0x3a, 0xc8, 0xff, 0x5b, 0x3a, 0xc8, 0xff, 0x5b, 0x3a, 0xc8, 0xff, 0x5b, 0x3a, 0xc8, 0xff,
    0x5b, 0x3a, 0xc8, 0xff, 0x5b, 0x3a, 0xc8, 0xff, 0x5b, 0x3a, 0xc8, 0xff, 0x5b, 0x3a, 0xc8, 0xff,
    0x5b, 0x3a, 0xc8, 0xff, 0x5b, 0x3a, 0xc8, 0xff, 0x5b, 0x3a, 0xc8, 0xff, 0x5b, 0x3a, 0xc8, 0xff,
    0x5b, 0x3a, 0xc8, 0xff, 0x5b, 0x3a, 0xc8, 0xff, 0x5b, 0x3a, 0xc8, 0xff, 0x5b, 0x3a, 0xc8, 0xff,
    0x5b, 0x3a, 0xc8, 0xff, 0x5b, 0x3a, 0xc8, 0xff, 0x5b, 0x3a, 0xc8, 0xff, 0x5b, 0x3a, 0xc8, 0xff,
    0x5b, 0x3a, 0xc8, 0xff, 0x5b, 0x3a, 0xc8, 0xff, 0x5b, 0x3a, 0xc8, 0xff, 0x5b, 0x3a, 0xc8, 0xff,
    0x5b, 0x3a, 0xc8, 0xff, 0x5b, 0x3a, 0xc8, 0xff, 0x5b, 0x3a, 0xc8, 0xff, 0x5b, 0x3a, 0xc8, 0xff,
    0x5b, 0x3a, 0xc8, 0xff, 0x5b, 0x3a, 0xc8, 0xff, 0x5b, 0x3a, 0xc8, 0xff, 0x5b, 0x3a, 0xc8, 0xff,
    0x5b, 0x3a, 0xc8, 0xff, 0x5b, 0x3a, 0xc8, 0xff, 0x5b, 0x3a, 0xc8, 0xff, 0x5b, 0x3a, 0xc8, 0xff,
    0x5b, 0x3a, 0xc8, 0xff, 0x5b, 0x3a, 0xc8, 0xff, 0x5b, 0x3a, 0xc8, 0xff, 0x5b, 0x3a, 0xc8, 0xff,
    0x5b, 0x3a, 0xc8, 0xff, 0x5b, 0x3a, 0xc8, 0xff, 0x5b, 0x3a, 0xc8, 0xff, 0x5b, 0x3a, 0xc8, 0xff,
    0x5b, 0x3a, 0xc8, 0xff, 0x5b, 0x3a, 0xc8, 0xff, 0x5b, 0x3a, 0xc8, 0xff, 0x5b, 0x3a, 0xc8, 0xff,
    0x5b, 0x3a, 0xc8, 0xff, 0x5b, 0x3a, 0xc8, 0xff, 0x5b, 0x3a, 0xc8, 0xff, 0x5b, 0x3a, 0xc8, 0xff,
    0x5b, 0x3a, 0xc8, 0xff, 0x5b, 0x3a, 0xc8, 0xff, 0x5b, 0x3a, 0xc8, 0xff, 0x5b, 0x3a, 0xc8, 0xff,
    0x5b, 0x3a, 0xc8, 0xff, 0x5b, 0x3a, 0xc8, 0xef, 0x50, 0x30, 0xbf, 0x10, 0x00, 0x00, 0x00, 0x00,
    0x00, 0x00, 0x00, 0x00, 0x00, 0x00, 0x00, 0x00, 0x00, 0x00, 0x00, 0x00, 0x00, 0x00, 0x00, 0x00,
    0x00, 0x00, 0x00, 0x00, 0x5b, 0x39, 0xc8, 0x8f, 0x5b, 0x3a, 0xc8, 0xff, 0x5b, 0x3a, 0xc8, 0xff,
    0x5b, 0x3a, 0xc8, 0xff, 0x5b, 0x3a, 0xc8, 0xff, 0x5b, 0x3a, 0xc8, 0xff, 0x5b, 0x3a, 0xc8, 0xff,
    0x5b, 0x3a, 0xc8, 0xff, 0x5b, 0x3a, 0xc8, 0xff, 0x5b, 0x3a, 0xc8, 0xff, 0x5b, 0x3a, 0xc8, 0xff,
    0x5b, 0x3a, 0xc8, 0xff, 0x5b, 0x3a, 0xc8, 0xff, 0x5b, 0x3a, 0xc8, 0xff, 0x5b, 0x3a, 0xc8, 0xff,
    0x5b, 0x3a, 0xc8, 0xff, 0x5b, 0x3a, 0xc8, 0xff, 0x5b, 0x3a, 0xc8, 0xff, 0x5b, 0x3a, 0xc8, 0xff,
    0x5b, 0x3a, 0xc8, 0xff, 0x5b, 0x3a, 0xc8, 0xff, 0x5b, 0x3a, 0xc8, 0xff, 0x5b, 0x3a, 0xc8, 0xff,
    0x5b, 0x3a, 0xc8, 0xff, 0x5b, 0x3a, 0xc8, 0xff, 0x5b, 0x3a, 0xc8, 0xff, 0x5b, 0x3a, 0xc8, 0xff,
    0x5b, 0x3a, 0xc8, 0xff, 0x5b, 0x3a, 0xc8, 0xff, 0x5b, 0x3a, 0xc8, 0xff, 0x5b, 0x3a, 0xc8, 0xff,
    0x5b, 0x3a, 0xc8, 0xff, 0x5b, 0x3a, 0xc8, 0xff, 0x5b, 0x3a, 0xc8, 0xff, 0x5b, 0x3a, 0xc8, 0xff,
    0x5b, 0x3a, 0xc8, 0xff, 0x5b, 0x3a, 0xc8, 0xff, 0x5b, 0x3a, 0xc8, 0xff, 0x5b, 0x3a, 0xc8, 0xff,
    0x5b, 0x3a, 0xc8, 0xff, 0x5b, 0x3a, 0xc8, 0xff, 0x5b, 0x3a, 0xc8, 0xff, 0x5b, 0x3a, 0xc8, 0xff,
    0x5b, 0x3a, 0xc8, 0xff, 0x5b, 0x3a, 0xc8, 0xff, 0x5b, 0x3a, 0xc8, 0xff, 0x5b, 0x3a, 0xc8, 0xff,
    0x5b, 0x3a, 0xc8, 0xff, 0x5b, 0x3a, 0xc8, 0xff, 0x5b, 0x3a, 0xc8, 0xff, 0x5b, 0x3a, 0xc8, 0xff,
    0x5b, 0x3a, 0xc8, 0xff, 0x5b, 0x3a, 0xc8, 0xff, 0x5b, 0x3a, 0xc8, 0xff, 0x5b, 0x3a, 0xc8, 0xff,
    0x5b, 0x3a, 0xc8, 0xff, 0x5b, 0x3a, 0xc8, 0xff, 0x5b, 0x3a, 0xc8, 0xff, 0x5b, 0x3a, 0xc8, 0xff,
    0x5b, 0x3a, 0xc8, 0xff, 0x5b, 0x3a, 0xc8, 0xff, 0x5b, 0x3a, 0xc8, 0xff, 0x5b, 0x3a, 0xc8, 0xff,
    0x5b, 0x3a, 0xc8, 0xff, 0x5b, 0x3a, 0xc8, 0xff, 0x5b, 0x3a, 0xc8, 0xff, 0x5b, 0x3a, 0xc8, 0xff,
    0x5b, 0x3a, 0xc8, 0xff, 0x5b, 0x3a, 0xc8, 0xff, 0x5b, 0x3a, 0xc8, 0xff, 0x5b, 0x3a, 0xc8, 0xff,
    0x5b, 0x3a, 0xc8, 0xff, 0x5b, 0x3a, 0xc8, 0xff, 0x5b, 0x3a, 0xc8, 0xff, 0x5b, 0x3a, 0xc8, 0xff,
    0x5b, 0x3a, 0xc8, 0xff, 0x5b, 0x3a, 0xc8, 0xff, 0x5b, 0x3a, 0xc8, 0xff, 0x5b, 0x3a, 0xc8, 0xff,
    0x5b, 0x3a, 0xc8, 0xff, 0x5b, 0x3a, 0xc8, 0xff, 0x5b, 0x3a, 0xc8, 0xff, 0x5b, 0x3a, 0xc8, 0xff,
    0x5b, 0x3a, 0xc8, 0xff, 0x5b, 0x3a, 0xc8, 0xff, 0x5b, 0x3a, 0xc8, 0xff, 0x5b, 0x3a, 0xc8, 0xff,
    0x5b, 0x3a, 0xc8, 0xff, 0x5b, 0x3a, 0xc8, 0xff, 0x5b, 0x3a, 0xc8, 0xff, 0x5b, 0x3a, 0xc8, 0xff,
    0x5b, 0x3a, 0xc8, 0xff, 0x5b, 0x3a, 0xc8, 0xff, 0x5b, 0x3a, 0xc8, 0xff, 0x5b, 0x3a, 0xc8, 0xff,
    0x5b, 0x3a, 0xc8, 0xff, 0x5b, 0x3a, 0xc8, 0xff, 0x5b, 0x3a, 0xc8, 0xff, 0x5b, 0x3a, 0xc8, 0xff,
    0x5b, 0x3a, 0xc8, 0xff, 0x5b, 0x3a, 0xc8, 0xff, 0x5b, 0x3a, 0xc8, 0xff, 0x5b, 0x3a, 0xc8, 0xff,
    0x5b, 0x3a, 0xc8, 0xff, 0x5b, 0x3a, 0xc8, 0xff, 0x5b, 0x3a, 0xc8, 0xff, 0x5b, 0x3a, 0xc8, 0xff,
    0x5b, 0x3a, 0xc8, 0xff, 0x5b, 0x3a, 0xc8, 0xff, 0x5b, 0x3a, 0xc8, 0xff, 0x5b, 0x3a, 0xc8, 0xff,
    0x5b, 0x3a, 0xc8, 0xff, 0x5b, 0x3a, 0xc8, 0xff, 0x5b, 0x3a, 0xc8, 0xff, 0x5b, 0x3a, 0xc8, 0xff,
    0x5b, 0x3a, 0xc8, 0xff, 0x5b, 0x3a, 0xc8, 0xff, 0x5b, 0x3a, 0xc8, 0xff, 0x5b, 0x3a, 0xc8, 0xff,
    0x5b, 0x3a, 0xc8, 0xff, 0x5b, 0x3a, 0xc8, 0xff, 0x5b, 0x3a, 0xc8, 0xff, 0x5b, 0x3a, 0xc8, 0xff,
    0x5a, 0x3a, 0xc9, 0x7f, 0x00, 0x00, 0x00, 0x00, 0x00, 0x00, 0x00, 0x00, 0x00, 0x00, 0x00, 0x00,
    0x00, 0x00, 0x00, 0x00, 0x00, 0x00, 0x00, 0x00, 0x50, 0x30, 0xbf, 0x10, 0x5b, 0x3a, 0xc7, 0xf7,
    0x5b, 0x3a, 0xc8, 0xff, 0x5b, 0x3a, 0xc8, 0xff, 0x5b, 0x3a, 0xc8, 0xff, 0x5b, 0x3a, 0xc8, 0xff,
    0x5b, 0x3a, 0xc8, 0xff, 0x5b, 0x3a, 0xc8, 0xff, 0x5b, 0x3a, 0xc8, 0xff, 0x5b, 0x3a, 0xc8, 0xff,
    0x5b, 0x3a, 0xc8, 0xff, 0x5b, 0x3a, 0xc8, 0xff, 0x5b, 0x3a, 0xc8, 0xff, 0x5b, 0x3a, 0xc8, 0xff,
    0x5b, 0x3a, 0xc8, 0xff, 0x5b, 0x3a, 0xc8, 0xff, 0x5b, 0x3a, 0xc8, 0xff, 0x5b, 0x3a, 0xc8, 0xff,
    0x5b, 0x3a, 0xc8, 0xff, 0x5b, 0x3a, 0xc8, 0xff, 0x5b, 0x3a, 0xc8, 0xff, 0x5b, 0x3a, 0xc8, 0xff,
    0x5b, 0x3a, 0xc8, 0xff, 0x5b, 0x3a, 0xc8, 0xff, 0x5b, 0x3a, 0xc8, 0xff, 0x5b, 0x3a, 0xc8, 0xff,
    0x5b, 0x3a, 0xc8, 0xff, 0x5b, 0x3a, 0xc8, 0xff, 0x5b, 0x3a, 0xc8, 0xff, 0x5b, 0x3a, 0xc8, 0xff,
    0x5b, 0x3a, 0xc8, 0xff, 0x5b, 0x3a, 0xc8, 0xff, 0x5b, 0x3a, 0xc8, 0xff, 0x5b, 0x3a, 0xc8, 0xff,
    0x5b, 0x3a, 0xc8, 0xff, 0x5b, 0x3a, 0xc8, 0xff, 0x5b, 0x3a, 0xc8, 0xff, 0x5b, 0x3a, 0xc8, 0xff,
    0x5b, 0x3a, 0xc8, 0xff, 0x5b, 0x3a, 0xc8, 0xff, 0x5b, 0x3a, 0xc8, 0xff, 0x5b, 0x3a, 0xc8, 0xff,
    0x5b, 0x3a, 0xc8, 0xff, 0x5b, 0x3a, 0xc8, 0xff, 0x5b, 0x3a, 0xc8, 0xff, 0x5b, 0x3a, 0xc8, 0xff,
    0x5b, 0x3a, 0xc8, 0xff, 0x5b, 0x3a, 0xc8, 0xff, 0x5b, 0x3a, 0xc8, 0xff, 0x5b, 0x3a, 0xc8, 0xff,
    0x5b, 0x3a, 0xc8, 0xff, 0x5b, 0x3a, 0xc8, 0xff, 0x5b, 0x3a, 0xc8, 0xff, 0x5b, 0x3a, 0xc8, 0xff,
    0x5b, 0x3a, 0xc8, 0xff, 0x5b, 0x3a, 0xc8, 0xff, 0x5b, 0x3a, 0xc8, 0xff, 0x5b, 0x3a, 0xc8, 0xff,
    0x5b, 0x3a, 0xc8, 0xff, 0x5b, 0x3a, 0xc8, 0xff, 0x5b, 0x3a, 0xc8, 0xff, 0x5b, 0x3a, 0xc8, 0xff,
    0x5b, 0x3a, 0xc8, 0xff, 0x5b, 0x3a, 0xc8, 0xff, 0x5b, 0x3a, 0xc8, 0xff, 0x5b, 0x3a, 0xc8, 0xff,
    0x5b, 0x3a, 0xc8, 0xff, 0x5b, 0x3a, 0xc8, 0xff, 0x5b, 0x3a, 0xc8, 0xff, 0x5b, 0x3a, 0xc8, 0xff,
    0x5b, 0x3a, 0xc8, 0xff, 0x5b, 0x3a, 0xc8, 0xff, 0x5b, 0x3a, 0xc8, 0xff, 0x5b, 0x3a, 0xc8, 0xff,
    0x5b, 0x3a, 0xc8, 0xff, 0x5b, 0x3a, 0xc8, 0xff, 0x5b, 0x3a, 0xc8, 0xff, 0x5b, 0x3a, 0xc8, 0xff,
    0x5b, 0x3a, 0xc8, 0xff, 0x5b, 0x3a, 0xc8, 0xff, 0x5b, 0x3a, 0xc8, 0xff, 0x5b, 0x3a, 0xc8, 0xff,
    0x5b, 0x3a, 0xc8, 0xff, 0x5b, 0x3a, 0xc8, 0xff, 0x5b, 0x3a, 0xc8, 0xff, 0x5b, 0x3a, 0xc8, 0xff,
    0x5b, 0x3a, 0xc8, 0xff, 0x5b, 0x3a, 0xc8, 0xff, 0x5b, 0x3a, 0xc8, 0xff, 0x5b, 0x3a, 0xc8, 0xff,
    0x5b, 0x3a, 0xc8, 0xff, 0x5b, 0x3a, 0xc8, 0xff, 0x5b, 0x3a, 0xc8, 0xff, 0x5b, 0x3a, 0xc8, 0xff,
    0x5b, 0x3a, 0xc8, 0xff, 0x5b, 0x3a, 0xc8, 0xff, 0x5b, 0x3a, 0xc8, 0xff, 0x5b, 0x3a, 0xc8, 0xff,
    0x5b, 0x3a, 0xc8, 0xff, 0x5b, 0x3a, 0xc8, 0xff, 0x5b, 0x3a, 0xc8, 0xff, 0x5b, 0x3a, 0xc8, 0xff,
    0x5b, 0x3a, 0xc8, 0xff, 0x5b, 0x3a, 0xc8, 0xff, 0x5b, 0x3a, 0xc8, 0xff, 0x5b, 0x3a, 0xc8, 0xff,
    0x5b, 0x3a, 0xc8, 0xff, 0x5b, 0x3a, 0xc8, 0xff, 0x5b, 0x3a, 0xc8, 0xff, 0x5b, 0x3a, 0xc8, 0xff,
    0x5b, 0x3a, 0xc8, 0xff, 0x5b, 0x3a, 0xc8, 0xff, 0x5b, 0x3a, 0xc8, 0xff, 0x5b, 0x3a, 0xc8, 0xff,
    0x5b, 0x3a, 0xc8, 0xff, 0x5b, 0x3a, 0xc8, 0xff, 0x5b, 0x3a, 0xc8, 0xff, 0x5b, 0x3a, 0xc8, 0xff,
    0x5b, 0x3a, 0xc8, 0xff, 0x5b, 0x3a, 0xc8, 0xff, 0x5b, 0x3a, 0xc8, 0xff, 0x5b, 0x3a, 0xc8, 0xff,
    0x5b, 0x3a, 0xc8, 0xff, 0x5b, 0x3a, 0xc8, 0xff, 0x5b, 0x3a, 0xc8, 0xef, 0x50, 0x30, 0xbf, 0x10,
    0x00, 0x00, 0x00, 0x00, 0x00, 0x00, 0x00, 0x00, 0x00, 0x00, 0x00, 0x00, 0x00, 0x00, 0x00, 0x00,
    0x5b, 0x3a, 0xc8, 0x73, 0x5b, 0x3a, 0xc8, 0xff, 0x5b, 0x3a, 0xc8, 0xff, 0x5b, 0x3a, 0xc8, 0xff,
    0x5b, 0x3a, 0xc8, 0xff, 0x5b, 0x3a, 0xc8, 0xff, 0x5b, 0x3a, 0xc8, 0xff, 0x5b, 0x3a, 0xc8, 0xff,
    0x5b, 0x3a, 0xc8, 0xff, 0x5b, 0x3a, 0xc8, 0xff, 0x5b, 0x3a, 0xc8, 0xff, 0x5b, 0x3a, 0xc8, 0xff,
    0x5b, 0x3a, 0xc8, 0xff, 0x5b, 0x3a, 0xc8, 0xff, 0x5b, 0x3a, 0xc8, 0xff, 0x5b, 0x3a, 0xc8, 0xff,
    0x5b, 0x3a, 0xc8, 0xff, 0x5b, 0x3a, 0xc8, 0xff, 0x5b, 0x3a, 0xc8, 0xff, 0x5b, 0x3a, 0xc8, 0xff,
    0x5b, 0x3a, 0xc8, 0xff, 0x5b, 0x3a, 0xc8, 0xff, 0x5b, 0x3a, 0xc8, 0xff, 0x5b, 0x3a, 0xc8, 0xff,
    0x5b, 0x3a, 0xc8, 0xff, 0x5b, 0x3a, 0xc8, 0xff, 0x5b, 0x3a, 0xc8, 0xff, 0x5b, 0x3a, 0xc8, 0xff,
    0x5b, 0x3a, 0xc8, 0xff, 0x5b, 0x3a, 0xc8, 0xff, 0x5b, 0x3a, 0xc8, 0xff, 0x5b, 0x3a, 0xc8, 0xff,
    0x5b, 0x3a, 0xc8, 0xff, 0x5b, 0x3a, 0xc8, 0xff, 0x5b, 0x3a, 0xc8, 0xff, 0x5b, 0x3a, 0xc8, 0xff,
    0x5b, 0x3a, 0xc8, 0xff, 0x5b, 0x3a, 0xc8, 0xff, 0x5b, 0x3a, 0xc8, 0xff, 0x5b, 0x3a, 0xc8, 0xff,
    0x5b, 0x3a, 0xc8, 0xff, 0x5b, 0x3a, 0xc8, 0xff, 0x5b, 0x3a, 0xc8, 0xff, 0x5b, 0x3a, 0xc8, 0xff,
    0x5b, 0x3a, 0xc8, 0xff, 0x5b, 0x3a, 0xc8, 0xff, 0x5b, 0x3a, 0xc8, 0xff, 0x5b, 0x3a, 0xc8, 0xff,
    0x5b, 0x3a, 0xc8, 0xff, 0x5b, 0x3a, 0xc8, 0xff, 0x5b, 0x3a, 0xc8, 0xff, 0x5b, 0x3a, 0xc8, 0xff,
    0x5b, 0x3a, 0xc8, 0xff, 0x5b, 0x3a, 0xc8, 0xff, 0x5b, 0x3a, 0xc8, 0xff, 0x5b, 0x3a, 0xc8, 0xff,
    0x5b, 0x3a, 0xc8, 0xff, 0x5b, 0x3a, 0xc8, 0xff, 0x5b, 0x3a, 0xc8, 0xff, 0x5b, 0x3a, 0xc8, 0xff,
    0x5b, 0x3a, 0xc8, 0xff, 0x5b, 0x3a, 0xc8, 0xff, 0x5b, 0x3a, 0xc8, 0xff, 0x5b, 0x3a, 0xc8, 0xff,
    0x5b, 0x3a, 0xc8, 0xff, 0x5b, 0x3a, 0xc8, 0xff, 0x5b, 0x3a, 0xc8, 0xff, 0x5b, 0x3a, 0xc8, 0xff,
    0x5b, 0x3a, 0xc8, 0xff, 0x5b, 0x3a, 0xc8, 0xff, 0x5b, 0x3a, 0xc8, 0xff, 0x5b, 0x3a, 0xc8, 0xff,
    0x5b, 0x3a, 0xc8, 0xff, 0x5b, 0x3a, 0xc8, 0xff, 0x5b, 0x3a, 0xc8, 0xff, 0x5b, 0x3a, 0xc8, 0xff,
    0x5b, 0x3a, 0xc8, 0xff, 0x5b, 0x3a, 0xc8, 0xff, 0x5b, 0x3a, 0xc8, 0xff, 0x5b, 0x3a, 0xc8, 0xff,
    0x5b, 0x3a, 0xc8, 0xff, 0x5b, 0x3a, 0xc8, 0xff, 0x5b, 0x3a, 0xc8, 0xff, 0x5b, 0x3a, 0xc8, 0xff,
    0x5b, 0x3a, 0xc8, 0xff, 0x5b, 0x3a, 0xc8, 0xff, 0x5b, 0x3a, 0xc8, 0xff, 0x5b, 0x3a, 0xc8, 0xff,
    0x5b, 0x3a, 0xc8, 0xff, 0x5b, 0x3a, 0xc8, 0xff, 0x5b, 0x3a, 0xc8, 0xff, 0x5b, 0x3a, 0xc8, 0xff,
    0x5b, 0x3a, 0xc8, 0xff, 0x5b, 0x3a, 0xc8, 0xff, 0x5b, 0x3a, 0xc8, 0xff, 0x5b, 0x3a, 0xc8, 0xff,
    0x5b, 0x3a, 0xc8, 0xff, 0x5b, 0x3a, 0xc8, 0xff, 0x5b, 0x3a, 0xc8, 0xff, 0x5b, 0x3a, 0xc8, 0xff,
    0x5b, 0x3a, 0xc8, 0xff, 0x5b, 0x3a, 0xc8, 0xff, 0x5b, 0x3a, 0xc8, 0xff, 0x5b, 0x3a, 0xc8, 0xff,
    0x5b, 0x3a, 0xc8, 0xff, 0x5b, 0x3a, 0xc8, 0xff, 0x5b, 0x3a, 0xc8, 0xff, 0x5b, 0x3a, 0xc8, 0xff,
    0x5b, 0x3a, 0xc8, 0xff, 0x5b, 0x3a, 0xc8, 0xff, 0x5b, 0x3a, 0xc8, 0xff, 0x5b, 0x3a, 0xc8, 0xff,
    0x5b, 0x3a, 0xc8, 0xff, 0x5b, 0x3a, 0xc8, 0xff, 0x5b, 0x3a, 0xc8, 0xff, 0x5b, 0x3a, 0xc8, 0xff,
    0x5b, 0x3a, 0xc8, 0xff, 0x5b, 0x3a, 0xc8, 0xff, 0x5b, 0x3a, 0xc8, 0xff, 0x5b, 0x3a, 0xc8, 0xff,
    0x5b, 0x3a, 0xc8, 0xff, 0x5b, 0x3a, 0xc8, 0xff, 0x5b, 0x3a, 0xc8, 0xff, 0x5b, 0x3a, 0xc8, 0xff,
    0x5b, 0x3a, 0xc8, 0xff, 0x5b, 0x3a, 0xc8, 0x73, 0x00, 0x00, 0x00, 0x00, 0x00, 0x00, 0x00, 0x00,
    0x00, 0x00, 0x00, 0x00, 0x00, 0x00, 0x00, 0x00, 0x5a, 0x39, 0xc8, 0xdf, 0x5b, 0x3a, 0xc8, 0xff,
    0x5b, 0x3a, 0xc8, 0xff, 0x5b, 0x3a, 0xc8, 0xff, 0x5b, 0x3a, 0xc8, 0xff, 0x5b, 0x3a, 0xc8, 0xff,
    0x5b, 0x3a, 0xc8, 0xff, 0x5b, 0x3a, 0xc8, 0xff, 0x5b, 0x3a, 0xc8, 0xff, 0x5b, 0x3a, 0xc8, 0xff,
    0x5b, 0x3a, 0xc8, 0xff, 0x5b, 0x3a, 0xc8, 0xff, 0x5b, 0x3a, 0xc8, 0xff, 0x5b, 0x3a, 0xc8, 0xff,
    0x5b, 0x3a, 0xc8, 0xff, 0x5b, 0x3a, 0xc8, 0xff, 0x5b, 0x3a, 0xc8, 0xff, 0x5b, 0x3a, 0xc8, 0xff,
    0x5b, 0x3a, 0xc8, 0xff, 0x5b, 0x3a, 0xc8, 0xff, 0x5b, 0x3a, 0xc8, 0xff, 0x5b, 0x3a, 0xc8, 0xff,
    0x5b, 0x3a, 0xc8, 0xff, 0x5b, 0x3a, 0xc8, 0xff, 0x5b, 0x3a, 0xc8, 0xff, 0x5b, 0x3a, 0xc8, 0xff,
    0x5b, 0x3a, 0xc8, 0xff, 0x5b, 0x3a, 0xc8, 0xff, 0x5b, 0x3a, 0xc8, 0xff, 0x5b, 0x3a, 0xc8, 0xff,
    0x5b, 0x3a, 0xc8, 0xff, 0x5b, 0x3a, 0xc8, 0xff, 0x5b, 0x3a, 0xc8, 0xff, 0x5b, 0x3a, 0xc8, 0xff,
    0x5b, 0x3a, 0xc8, 0xff, 0x5b, 0x3a, 0xc8, 0xff, 0x5b, 0x3a, 0xc8, 0xff, 0x5b, 0x3a, 0xc8, 0xff,
    0x5b, 0x3a, 0xc8, 0xff, 0x5b, 0x3a, 0xc8, 0xff, 0x5b, 0x3a, 0xc8, 0xff, 0x5b, 0x3a, 0xc8, 0xff,
    0x5b, 0x3a, 0xc8, 0xff, 0x5b, 0x3a, 0xc8, 0xff, 0x5b, 0x3a, 0xc8, 0xff, 0x5b, 0x3a, 0xc8, 0xff,
    0x5b, 0x3a, 0xc8, 0xff, 0x5b, 0x3a, 0xc8, 0xff, 0x5b, 0x3a, 0xc8, 0xff, 0x5b, 0x3a, 0xc8, 0xff,
    0x5b, 0x3a, 0xc8, 0xff, 0x5b, 0x3a, 0xc8, 0xff, 0x5b, 0x3a, 0xc8, 0xff, 0x5b, 0x3a, 0xc8, 0xff,
    0x5b, 0x3a, 0xc8, 0xff, 0x5b, 0x3a, 0xc8, 0xff, 0x5b, 0x3a, 0xc8, 0xff, 0x5b, 0x3a, 0xc8, 0xff,
    0x5b, 0x3a, 0xc8, 0xff, 0x5b, 0x3a, 0xc8, 0xff, 0x5b, 0x3a, 0xc8, 0xff, 0x5b, 0x3a, 0xc8, 0xff,
    0x5b, 0x3a, 0xc8, 0xff, 0x5b, 0x3a, 0xc8, 0xff, 0x5b, 0x3a, 0xc8, 0xff, 0x5b, 0x3a, 0xc8, 0xff,
    0x5b, 0x3a, 0xc8, 0xff, 0x5b, 0x3a, 0xc8, 0xff, 0x5b, 0x3a, 0xc8, 0xff, 0x5b, 0x3a, 0xc8, 0xff,
    0x5b, 0x3a, 0xc8, 0xff, 0x5b, 0x3a, 0xc8, 0xff, 0x5b, 0x3a, 0xc8, 0xff, 0x5b, 0x3a, 0xc8, 0xff,
    0x5b, 0x3a, 0xc8, 0xff, 0x5b, 0x3a, 0xc8, 0xff, 0x5b, 0x3a, 0xc8, 0xff, 0x5b, 0x3a, 0xc8, 0xff,
    0x5b, 0x3a, 0xc8, 0xff, 0x5b, 0x3a, 0xc8, 0xff, 0x5b, 0x3a, 0xc8, 0xff, 0x5b, 0x3a, 0xc8, 0xff,
    0x5b, 0x3a, 0xc8, 0xff, 0x5b, 0x3a, 0xc8, 0xff, 0x5b, 0x3a, 0xc8, 0xff, 0x5b, 0x3a, 0xc8, 0xff,
    0x5b, 0x3a, 0xc8, 0xff, 0x5b, 0x3a, 0xc8, 0xff, 0x5b, 0x3a, 0xc8, 0xff, 0x5b, 0x3a, 0xc8, 0xff,
    0x5b, 0x3a, 0xc8, 0xff, 0x5b, 0x3a, 0xc8, 0xff, 0x5b, 0x3a, 0xc8, 0xff, 0x5b, 0x3a, 0xc8, 0xff,
    0x5b, 0x3a, 0xc8, 0xff, 0x5b, 0x3a, 0xc8, 0xff, 0x5b, 0x3a, 0xc8, 0xff, 0x5b, 0x3a, 0xc8, 0xff,
    0x5b, 0x3a, 0xc8, 0xff, 0x5b, 0x3a, 0xc8, 0xff, 0x5b, 0x3a, 0xc8, 0xff, 0x5b, 0x3a, 0xc8, 0xff,
    0x5b, 0x3a, 0xc8, 0xff, 0x5b, 0x3a, 0xc8, 0xff, 0x5b, 0x3a, 0xc8, 0xff, 0x5b, 0x3a, 0xc8, 0xff,
    0x5b, 0x3a, 0xc8, 0xff, 0x5b, 0x3a, 0xc8, 0xff, 0x5b, 0x3a, 0xc8, 0xff, 0x5b, 0x3a, 0xc8, 0xff,
    0x5b, 0x3a, 0xc8, 0xff, 0x5b, 0x3a, 0xc8, 0xff, 0x5b, 0x3a, 0xc8, 0xff, 0x5b, 0x3a, 0xc8, 0xff,
    0x5b, 0x3a, 0xc8, 0xff, 0x5b, 0x3a, 0xc8, 0xff, 0x5b, 0x3a, 0xc8, 0xff, 0x5b, 0x3a, 0xc8, 0xff,
    0x5b, 0x3a, 0xc8, 0xff, 0x5b, 0x3a, 0xc8, 0xff, 0x5b, 0x3a, 0xc8, 0xff, 0x5b, 0x3a, 0xc8, 0xff,
    0x5b, 0x3a, 0xc8, 0xff, 0x5b, 0x3a, 0xc8, 0xff, 0x5b, 0x3a, 0xc8, 0xff, 0x5b, 0x39, 0xc7, 0xdb,
    0x00, 0x00, 0x00, 0x00, 0x00, 0x00, 0x00, 0x00, 0x00, 0x00, 0x00, 0x00, 0x5d, 0x38, 0xc7, 0x37,
    0x5b, 0x3a, 0xc8, 0xff, 0x5b, 0x3a, 0xc8, 0xff, 0x5b, 0x3a, 0xc8, 0xff, 0x5b, 0x3a, 0xc8, 0xff,
    0x5b, 0x3a, 0xc8, 0xff, 0x5b, 0x3a, 0xc8, 0xff, 0x5b, 0x3a, 0xc8, 0xff, 0x5b, 0x3a, 0xc8, 0xff,
    0x5b, 0x3a, 0xc8, 0xff, 0x5b, 0x3a, 0xc8, 0xff, 0x5b, 0x3a, 0xc8, 0xff, 0x5b, 0x3a, 0xc8, 0xff,
    0x5b, 0x3a, 0xc8, 0xff, 0x5b, 0x3a, 0xc8, 0xff, 0x5b, 0x3a, 0xc8, 0xff, 0x5b, 0x3a, 0xc8, 0xff,
    0x5b, 0x3a, 0xc8, 0xff, 0x5b, 0x3a, 0xc8, 0xff, 0x5b, 0x3a, 0xc8, 0xff, 0x5b, 0x3a, 0xc8, 0xff,
    0x5b, 0x3a, 0xc8, 0xff, 0x5b, 0x3a, 0xc8, 0xff, 0x5b, 0x3a, 0xc8, 0xff, 0x5b, 0x3a, 0xc8, 0xff,
    0x5b, 0x3a, 0xc8, 0xff, 0x5b, 0x3a, 0xc8, 0xff, 0x5b, 0x3a, 0xc8, 0xff, 0x5b, 0x3a, 0xc8, 0xff,
    0x5b, 0x3a, 0xc8, 0xff, 0x5b, 0x3a, 0xc8, 0xff, 0x5b, 0x3a, 0xc8, 0xff, 0x5b, 0x3a, 0xc8, 0xff,
    0x5b, 0x3a, 0xc8, 0xff, 0x5b, 0x3a, 0xc8, 0xff, 0x5b, 0x3a, 0xc8, 0xff, 0x5b, 0x3a, 0xc8, 0xff,
    0x5b, 0x3a, 0xc8, 0xff, 0x5b, 0x3a, 0xc8, 0xff, 0x5b, 0x3a, 0xc8, 0xff, 0x5b, 0x3a, 0xc8, 0xff,
    0x5b, 0x3a, 0xc8, 0xff, 0x5b, 0x3a, 0xc8, 0xff, 0x5b, 0x3a, 0xc8, 0xff, 0x5b, 0x3a, 0xc8, 0xff,
    0x5b, 0x3a, 0xc8, 0xff, 0x5b, 0x3a, 0xc8, 0xff, 0x5b, 0x3a, 0xc8, 0xff, 0x5b, 0x3a, 0xc8, 0xff,
    0x5b, 0x3a, 0xc8, 0xff, 0x5b, 0x3a, 0xc8, 0xff, 0x5b, 0x3a, 0xc8, 0xff, 0x5b, 0x3a, 0xc8, 0xff,
    0x5b, 0x3a, 0xc8, 0xff, 0x5b, 0x3a, 0xc8, 0xff, 0x5b, 0x3a, 0xc8, 0xff, 0x5b, 0x3a, 0xc8, 0xff,
    0x5b, 0x3a, 0xc8, 0xff, 0x5b, 0x3a, 0xc8, 0xff, 0x5b, 0x3a, 0xc8, 0xff, 0x5b, 0x3a, 0xc8, 0xff,
    0x5b, 0x3a, 0xc8, 0xff, 0x5b, 0x3a, 0xc8, 0xff, 0x5b, 0x3a, 0xc8, 0xff, 0x5b, 0x3a, 0xc8, 0xff,
    0x5b, 0x3a, 0xc8, 0xff, 0x5b, 0x3a, 0xc8, 0xff, 0x5b, 0x3a, 0xc8, 0xff, 0x5b, 0x3a, 0xc8, 0xff,
    0x5b, 0x3a, 0xc8, 0xff, 0x5b, 0x3a, 0xc8, 0xff, 0x5b, 0x3a, 0xc8, 0xff, 0x5b, 0x3a, 0xc8, 0xff,
    0x5b, 0x3a, 0xc8, 0xff, 0x5b, 0x3a, 0xc8, 0xff, 0x5b, 0x3a, 0xc8, 0xff, 0x5b, 0x3a, 0xc8, 0xff,
    0x5b, 0x3a, 0xc8, 0xff, 0x5b, 0x3a, 0xc8, 0xff, 0x5b, 0x3a, 0xc8, 0xff, 0x5b, 0x3a, 0xc8, 0xff,
    0x5b, 0x3a, 0xc8, 0xff, 0x5b, 0x3a, 0xc8, 0xff, 0x5b, 0x3a, 0xc8, 0xff, 0x5b, 0x3a, 0xc8, 0xff,
    0x5b, 0x3a, 0xc8, 0xff, 0x5b, 0x3a, 0xc8, 0xff, 0x5b, 0x3a, 0xc8, 0xff, 0x5b, 0x3a, 0xc8, 0xff,
    0x5b, 0x3a, 0xc8, 0xff, 0x5b, 0x3a, 0xc8, 0xff, 0x5b, 0x3a, 0xc8, 0xff, 0x5b, 0x3a, 0xc8, 0xff,
    0x5b, 0x3a, 0xc8, 0xff, 0x5b, 0x3a, 0xc8, 0xff, 0x5b, 0x3a, 0xc8, 0xff, 0x5b, 0x3a, 0xc8, 0xff,
    0x5b, 0x3a, 0xc8, 0xff, 0x5b, 0x3a, 0xc8, 0xff, 0x5b, 0x3a, 0xc8, 0xff, 0x5b, 0x3a, 0xc8, 0xff,
    0x5b, 0x3a, 0xc8, 0xff, 0x5b, 0x3a, 0xc8, 0xff, 0x5b, 0x3a, 0xc8, 0xff, 0x5b, 0x3a, 0xc8, 0xff,
    0x5b, 0x3a, 0xc8, 0xff, 0x5b, 0x3a, 0xc8, 0xff, 0x5b, 0x3a, 0xc8, 0xff, 0x5b, 0x3a, 0xc8, 0xff,
    0x5b, 0x3a, 0xc8, 0xff, 0x5b, 0x3a, 0xc8, 0xff, 0x5b, 0x3a, 0xc8, 0xff, 0x5b, 0x3a, 0xc8, 0xff,
    0x5b, 0x3a, 0xc8, 0xff, 0x5b, 0x3a, 0xc8, 0xff, 0x5b, 0x3a, 0xc8, 0xff, 0x5b, 0x3a, 0xc8, 0xff,
    0x5b, 0x3a, 0xc8, 0xff, 0x5b, 0x3a, 0xc8, 0xff, 0x5b, 0x3a, 0xc8, 0xff, 0x5b, 0x3a, 0xc8, 0xff,
    0x5b, 0x3a, 0xc8, 0xff, 0x5b, 0x3a, 0xc8, 0xff, 0x5b, 0x3a, 0xc8, 0xff, 0x5b, 0x3a, 0xc8, 0xff,
    0x5b, 0x3a, 0xc8, 0xff, 0x5b, 0x3a, 0xc8, 0xff, 0x5d, 0x3c, 0xc7, 0x37, 0x00, 0x00, 0x00, 0x00,
    0x00, 0x00, 0x00, 0x00, 0x5a, 0x39, 0xc8, 0x8b, 0x5b, 0x3a, 0xc8, 0xff, 0x5b, 0x3a, 0xc8, 0xff,
    0x5b, 0x3a, 0xc8, 0xff, 0x5b, 0x3a, 0xc8, 0xff, 0x5b, 0x3a, 0xc8, 0xff, 0x5b, 0x3a, 0xc8, 0xff,
    0x5b, 0x3a, 0xc8, 0xff, 0x5b, 0x3a, 0xc8, 0xff, 0x5b, 0x3a, 0xc8, 0xff, 0x5b, 0x3a, 0xc8, 0xff,
    0x5b, 0x3a, 0xc8, 0xff, 0x5b, 0x3a, 0xc8, 0xff, 0x5b, 0x3a, 0xc8, 0xff, 0x5b, 0x3a, 0xc8, 0xff,
    0x5b, 0x3a, 0xc8, 0xff, 0x5b, 0x3a, 0xc8, 0xff, 0x5b, 0x3a, 0xc8, 0xff, 0x5b, 0x3a, 0xc8, 0xff,
    0x5b, 0x3a, 0xc8, 0xff, 0x5b, 0x3a, 0xc8, 0xff, 0x5b, 0x3a, 0xc8, 0xff, 0x5b, 0x3a, 0xc8, 0xff,
    0x5b, 0x3a, 0xc8, 0xff, 0x5b, 0x3a, 0xc8, 0xff, 0x5b, 0x3a, 0xc8, 0xff, 0x5b, 0x3a, 0xc8, 0xff,
    0x5b, 0x3a, 0xc8, 0xff, 0x5b, 0x3a, 0xc8, 0xff, 0x5b, 0x3a, 0xc8, 0xff, 0x5b, 0x3a, 0xc8, 0xff,
    0x5b, 0x3a, 0xc8, 0xff, 0x5b, 0x3a, 0xc8, 0xff, 0x5b, 0x3a, 0xc8, 0xff, 0x5b, 0x3a, 0xc8, 0xff,
    0x5b, 0x3a, 0xc8, 0xff, 0x5b, 0x3a, 0xc8, 0xff, 0x5b, 0x3a, 0xc8, 0xff, 0x5b, 0x3a, 0xc8, 0xff,
    0x5b, 0x3a, 0xc8, 0xff, 0x5b, 0x3a, 0xc8, 0xff, 0x5b, 0x3a, 0xc8, 0xff, 0x5b, 0x3a, 0xc8, 0xff,
    0x5b, 0x3a, 0xc8, 0xff, 0x5b, 0x3a, 0xc8, 0xff, 0x5b, 0x3a, 0xc8, 0xff, 0x5b, 0x3a, 0xc8, 0xff,
    0x5b, 0x3a, 0xc8, 0xff, 0x5b, 0x3a, 0xc8, 0xff, 0x5b, 0x3a, 0xc8, 0xff, 0x5b, 0x3a, 0xc8, 0xff,
    0x5b, 0x3a, 0xc8, 0xff, 0x5b, 0x3a, 0xc8, 0xff, 0x5b, 0x3a, 0xc8, 0xff, 0x5b, 0x3a, 0xc8, 0xff,
    0x5b, 0x3a, 0xc8, 0xff, 0x5b, 0x3a, 0xc8, 0xff, 0x5b, 0x3a, 0xc8, 0xff, 0x5b, 0x3a, 0xc8, 0xff,
    0x5b, 0x3a, 0xc8, 0xff, 0x5b, 0x3a, 0xc8, 0xff, 0x5b, 0x3a, 0xc8, 0xff, 0x5b, 0x3a, 0xc8, 0xff,
    0x5b, 0x3a, 0xc8, 0xff, 0x5b, 0x3a, 0xc8, 0xff, 0x5b, 0x3a, 0xc8, 0xff, 0x5b, 0x3a, 0xc8, 0xff,
    0x5b, 0x3a, 0xc8, 0xff, 0x5b, 0x3a, 0xc8, 0xff, 0x5b, 0x3a, 0xc8, 0xff, 0x5b, 0x3a, 0xc8, 0xff,
    0x5b, 0x3a, 0xc8, 0xff, 0x5b, 0x3a, 0xc8, 0xff, 0x5b, 0x3a, 0xc8, 0xff, 0x5b, 0x3a, 0xc8, 0xff,
    0x5b, 0x3a, 0xc8, 0xff, 0x5b, 0x3a, 0xc8, 0xff, 0x5b, 0x3a, 0xc8, 0xff, 0x5b, 0x3a, 0xc8, 0xff,
    0x5b, 0x3a, 0xc8, 0xff, 0x5b, 0x3a, 0xc8, 0xff, 0x5b, 0x3a, 0xc8, 0xff, 0x5b, 0x3a, 0xc8, 0xff,
    0x5b, 0x3a, 0xc8, 0xff, 0x5b, 0x3a, 0xc8, 0xff, 0x5b, 0x3a, 0xc8, 0xff, 0x5b, 0x3a, 0xc8, 0xff,
    0x5b, 0x3a, 0xc8, 0xff, 0x5b, 0x3a, 0xc8, 0xff, 0x5b, 0x3a, 0xc8, 0xff, 0x5b, 0x3a, 0xc8, 0xff,
    0x5b, 0x3a, 0xc8, 0xff, 0x5b, 0x3a, 0xc8, 0xff, 0x5b, 0x3a, 0xc8, 0xff, 0x5b, 0x3a, 0xc8, 0xff,
    0x5b, 0x3a, 0xc8, 0xff, 0x5b, 0x3a, 0xc8, 0xff, 0x5b, 0x3a, 0xc8, 0xff, 0x5b, 0x3a, 0xc8, 0xff,
    0x5b, 0x3a, 0xc8, 0xff, 0x5b, 0x3a, 0xc8, 0xff, 0x5b, 0x3a, 0xc8, 0xff, 0x5b, 0x3a, 0xc8, 0xff,
    0x5b, 0x3a, 0xc8, 0xff, 0x5b, 0x3a, 0xc8, 0xff, 0x5b, 0x3a, 0xc8, 0xff, 0x5b, 0x3a, 0xc8, 0xff,
    0x5b, 0x3a, 0xc8, 0xff, 0x5b, 0x3a, 0xc8, 0xff, 0x5b, 0x3a, 0xc8, 0xff, 0x5b, 0x3a, 0xc8, 0xff,
    0x5b, 0x3a, 0xc8, 0xff, 0x5b, 0x3a, 0xc8, 0xff, 0x5b, 0x3a, 0xc8, 0xff, 0x5b, 0x3a, 0xc8, 0xff,
    0x5b, 0x3a, 0xc8, 0xff, 0x5b, 0x3a, 0xc8, 0xff, 0x5b, 0x3a, 0xc8, 0xff, 0x5b, 0x3a, 0xc8, 0xff,
    0x5b, 0x3a, 0xc8, 0xff, 0x5b, 0x3a, 0xc8, 0xff, 0x5b, 0x3a, 0xc8, 0xff, 0x5b, 0x3a, 0xc8, 0xff,
    0x5b, 0x3a, 0xc8, 0xff, 0x5b, 0x3a, 0xc8, 0xff, 0x5b, 0x3a, 0xc8, 0xff, 0x5b, 0x3a, 0xc8, 0xff,
    0x5a, 0x39, 0xc8, 0x8b, 0x00, 0x00, 0x00, 0x00, 0x00, 0x00, 0x00, 0x00, 0x5b, 0x3a, 0xc8, 0xd7,
    0x5b, 0x3a, 0xc8, 0xff, 0x5b, 0x3a, 0xc8, 0xff, 0x5b, 0x3a, 0xc8, 0xff, 0x5b, 0x3a, 0xc8, 0xff,
    0x5b, 0x3a, 0xc8, 0xff, 0x5b, 0x3a, 0xc8, 0xff, 0x5b, 0x3a, 0xc8, 0xff, 0x5b, 0x3a, 0xc8, 0xff,
    0x5b, 0x3a, 0xc8, 0xff, 0x5b, 0x3a, 0xc8, 0xff, 0x5b, 0x3a, 0xc8, 0xff, 0x5b, 0x3a, 0xc8, 0xff,
    0x5b, 0x3a, 0xc8, 0xff, 0x5b, 0x3a, 0xc8, 0xff, 0x5b, 0x3a, 0xc8, 0xff, 0x5b, 0x3a, 0xc8, 0xff,
    0x5b, 0x3a, 0xc8, 0xff, 0x5b, 0x3a, 0xc8, 0xff, 0x5b, 0x3a, 0xc8, 0xff, 0x5b, 0x3a, 0xc8, 0xff,
    0x5b, 0x3a, 0xc8, 0xff, 0x5b, 0x3a, 0xc8, 0xff, 0x5b, 0x3a, 0xc8, 0xff, 0x5b, 0x3a, 0xc8, 0xff,
    0x5b, 0x3a, 0xc8, 0xff, 0x5b, 0x3a, 0xc8, 0xff, 0x5b, 0x3a, 0xc8, 0xff, 0x5b, 0x3a, 0xc8, 0xff,
    0x5b, 0x3a, 0xc8, 0xff, 0x5b, 0x3a, 0xc8, 0xff, 0x5b, 0x3a, 0xc8, 0xff, 0x5b, 0x3a, 0xc8, 0xff,
    0x5b, 0x3a, 0xc8, 0xff, 0x5b, 0x3a, 0xc8, 0xff, 0x5b, 0x3a, 0xc8, 0xff, 0x5b, 0x3a, 0xc8, 0xff,
    0x5b, 0x3a, 0xc8, 0xff, 0x5b, 0x3a, 0xc8, 0xff, 0x5b, 0x3a, 0xc8, 0xff, 0x5b, 0x3a, 0xc8, 0xff,
    0x5b, 0x3a, 0xc8, 0xff, 0x5b, 0x3a, 0xc8, 0xff, 0x5b, 0x3a, 0xc8, 0xff, 0x5b, 0x3a, 0xc8, 0xff,
    0x5b, 0x3a, 0xc8, 0xff, 0x5b, 0x3a, 0xc8, 0xff, 0x5b, 0x3a, 0xc8, 0xff, 0x5b, 0x3a, 0xc8, 0xff,
    0x5b, 0x3a, 0xc8, 0xff, 0x5b, 0x3a, 0xc8, 0xff, 0x5b, 0x3a, 0xc8, 0xff, 0x5b, 0x3a, 0xc8, 0xff,
    0x5b, 0x3a, 0xc8, 0xff, 0x5b, 0x3a, 0xc8, 0xff, 0x5b, 0x3a, 0xc8, 0xff, 0x5b, 0x3a, 0xc8, 0xff,
    0x5b, 0x3a, 0xc8, 0xff, 0x5b, 0x3a, 0xc8, 0xff, 0x5b, 0x3a, 0xc8, 0xff, 0x5b, 0x3a, 0xc8, 0xff,
    0x5b, 0x3a, 0xc8, 0xff, 0x5b, 0x3a, 0xc8, 0xff, 0x5b, 0x3a, 0xc8, 0xff, 0x5b, 0x3a, 0xc8, 0xff,
    0x5b, 0x3a, 0xc8, 0xff, 0x5b, 0x3a, 0xc8, 0xff, 0x5b, 0x3a, 0xc8, 0xff, 0x5b, 0x3a, 0xc8, 0xff,
    0x5b, 0x3a, 0xc8, 0xff, 0x5b, 0x3a, 0xc8, 0xff, 0x5b, 0x3a, 0xc8, 0xff, 0x5b, 0x3a, 0xc8, 0xff,
    0x5b, 0x3a, 0xc8, 0xff, 0x5b, 0x3a, 0xc8, 0xff, 0x5b, 0x3a, 0xc8, 0xff, 0x5b, 0x3a, 0xc8, 0xff,
    0x5b, 0x3a, 0xc8, 0xff, 0x5b, 0x3a, 0xc8, 0xff, 0x5b, 0x3a, 0xc8, 0xff, 0x5b, 0x3a, 0xc8, 0xff,
    0x5b, 0x3a, 0xc8, 0xff, 0x5b, 0x3a, 0xc8, 0xff, 0x5b, 0x3a, 0xc8, 0xff, 0x5b, 0x3a, 0xc8, 0xff,
    0x5b, 0x3a, 0xc8, 0xff, 0x5b, 0x3a, 0xc8, 0xff, 0x5b, 0x3a, 0xc8, 0xff, 0x5b, 0x3a, 0xc8, 0xff,
    0x5b, 0x3a, 0xc8, 0xff, 0x5b, 0x3a, 0xc8, 0xff, 0x5b, 0x3a, 0xc8, 0xff, 0x5b, 0x3a, 0xc8, 0xff,
    0x5b, 0x3a, 0xc8, 0xff, 0x5b, 0x3a, 0xc8, 0xff, 0x5b, 0x3a, 0xc8, 0xff, 0x5b, 0x3a, 0xc8, 0xff,
    0x5b, 0x3a, 0xc8, 0xff, 0x5b, 0x3a, 0xc8, 0xff, 0x5b, 0x3a, 0xc8, 0xff, 0x5b, 0x3a, 0xc8, 0xff,
    0x5b, 0x3a, 0xc8, 0xff, 0x5b, 0x3a, 0xc8, 0xff, 0x5b, 0x3a, 0xc8, 0xff, 0x5b, 0x3a, 0xc8, 0xff,
    0x5b, 0x3a, 0xc8, 0xff, 0x5b, 0x3a, 0xc8, 0xff, 0x5b, 0x3a, 0xc8, 0xff, 0x5b, 0x3a, 0xc8, 0xff,
    0x5b, 0x3a, 0xc8, 0xff, 0x5b, 0x3a, 0xc8, 0xff, 0x5b, 0x3a, 0xc8, 0xff, 0x5b, 0x3a, 0xc8, 0xff,
    0x5b, 0x3a, 0xc8, 0xff, 0x5b, 0x3a, 0xc8, 0xff, 0x5b, 0x3a, 0xc8, 0xff, 0x5b, 0x3a, 0xc8, 0xff,
    0x5b, 0x3a, 0xc8, 0xff, 0x5b, 0x3a, 0xc8, 0xff, 0x5b, 0x3a, 0xc8, 0xff, 0x5b, 0x3a, 0xc8, 0xff,
    0x5b, 0x3a, 0xc8, 0xff, 0x5b, 0x3a, 0xc8, 0xff, 0x5b, 0x3a, 0xc8, 0xff, 0x5b, 0x3a, 0xc8, 0xff,
    0x5b, 0x3a, 0xc8, 0xff, 0x5b, 0x3a, 0xc8, 0xff, 0x5b, 0x3a, 0xc8, 0xdb, 0x00, 0x00, 0x00, 0x00,
    0x5b, 0x37, 0xc8, 0x1c, 0x5b, 0x3a, 0xc8, 0xff, 0x5b, 0x3a, 0xc8, 0xff, 0x5b, 0x3a, 0xc8, 0xff,
    0x5b, 0x3a, 0xc8, 0xff, 0x5b, 0x3a, 0xc8, 0xff, 0x5b, 0x3a, 0xc8, 0xff, 0x5b, 0x3a, 0xc8, 0xff,
    0x5b, 0x3a, 0xc8, 0xff, 0x5b, 0x3a, 0xc8, 0xff, 0x5b, 0x3a, 0xc8, 0xff, 0x5b, 0x3a, 0xc8, 0xff,
    0x5b, 0x3a, 0xc8, 0xff, 0x5b, 0x3a, 0xc8, 0xff, 0x5b, 0x3a, 0xc8, 0xff, 0x5b, 0x3a, 0xc8, 0xff,
    0x5b, 0x3a, 0xc8, 0xff, 0x5b, 0x3a, 0xc8, 0xff, 0x5b, 0x3a, 0xc8, 0xff, 0x5b, 0x3a, 0xc8, 0xff,
    0x5b, 0x3a, 0xc8, 0xff, 0x5b, 0x3a, 0xc8, 0xff, 0x5b, 0x3a, 0xc8, 0xff, 0x5b, 0x3a, 0xc8, 0xff,
    0x5b, 0x3a, 0xc8, 0xff, 0x5b, 0x3a, 0xc8, 0xff, 0x5b, 0x3a, 0xc8, 0xff, 0x5b, 0x3a, 0xc8, 0xff,
    0x5b, 0x3a, 0xc8, 0xff, 0x5b, 0x3a, 0xc8, 0xff, 0x5b, 0x3a, 0xc8, 0xff, 0x5b, 0x3a, 0xc8, 0xff,
    0x5b, 0x3a, 0xc8, 0xff, 0x5b, 0x3a, 0xc8, 0xff, 0x5b, 0x3a, 0xc8, 0xff, 0x5b, 0x3a, 0xc8, 0xff,
    0x5b, 0x3a, 0xc8, 0xff, 0x5b, 0x3a, 0xc8, 0xff, 0x5b, 0x3a, 0xc8, 0xff, 0x5b, 0x3a, 0xc8, 0xff,
    0x5b, 0x3a, 0xc8, 0xff, 0x5b, 0x3a, 0xc8, 0xff, 0x5b, 0x3a, 0xc8, 0xff, 0x5b, 0x3a, 0xc8, 0xff,
    0x5b, 0x3a, 0xc8, 0xff, 0x5b, 0x3a, 0xc8, 0xff, 0x5b, 0x3a, 0xc8, 0xff, 0x5b, 0x3a, 0xc8, 0xff,
    0x5b, 0x3a, 0xc8, 0xff, 0x5b, 0x3a, 0xc8, 0xff, 0x5b, 0x3a, 0xc8, 0xff, 0x5b, 0x3a, 0xc8, 0xff,
    0x5b, 0x3a, 0xc8, 0xff, 0x5b, 0x3a, 0xc8, 0xff, 0x5b, 0x3a, 0xc8, 0xff, 0x5b, 0x3a, 0xc8, 0xff,
    0x5b, 0x3a, 0xc8, 0xff, 0x5b, 0x3a, 0xc8, 0xff, 0x5b, 0x3a, 0xc8, 0xff, 0x5b, 0x3a, 0xc8, 0xff,
    0x5c, 0x3c, 0xc8, 0xff, 0x64, 0x45, 0xcb, 0xff, 0x6d, 0x50, 0xce, 0xff, 0x73, 0x57, 0xd0, 0xff,
    0x76, 0x5b, 0xd1, 0xff, 0x7a, 0x5e, 0xd2, 0xff, 0x76, 0x5b, 0xd1, 0xff, 0x73, 0x57, 0xd0, 0xff,
    0x6c, 0x4e, 0xcd, 0xff, 0x66, 0x47, 0xcb, 0xff, 0x5c, 0x3c, 0xc8, 0xff, 0x5b, 0x3a, 0xc8, 0xff,
    0x5b, 0x3a, 0xc8, 0xff, 0x5b, 0x3a, 0xc8, 0xff, 0x5b, 0x3a, 0xc8, 0xff, 0x5b, 0x3a, 0xc8, 0xff,
    0x5b, 0x3a, 0xc8, 0xff, 0x5b, 0x3a, 0xc8, 0xff, 0x5b, 0x3a, 0xc8, 0xff, 0x5b, 0x3a, 0xc8, 0xff,
    0x5b, 0x3a, 0xc8, 0xff, 0x5b, 0x3a, 0xc8, 0xff, 0x5b, 0x3a, 0xc8, 0xff, 0x5b, 0x3a, 0xc8, 0xff,
    0x5b, 0x3a, 0xc8, 0xff, 0x5b, 0x3a, 0xc8, 0xff, 0x5b, 0x3a, 0xc8, 0xff, 0x5b, 0x3a, 0xc8, 0xff,
    0x5b, 0x3a, 0xc8, 0xff, 0x5b, 0x3a, 0xc8, 0xff, 0x5b, 0x3a, 0xc8, 0xff, 0x5b, 0x3a, 0xc8, 0xff,
    0x5b, 0x3a, 0xc8, 0xff, 0x5b, 0x3a, 0xc8, 0xff, 0x5b, 0x3a, 0xc8, 0xff, 0x5b, 0x3a, 0xc8, 0xff,
    0x5b, 0x3a, 0xc8, 0xff, 0x5b, 0x3a, 0xc8, 0xff, 0x5b, 0x3a, 0xc8, 0xff, 0x5b, 0x3a, 0xc8, 0xff,
    0x5b, 0x3a, 0xc8, 0xff, 0x5b, 0x3a, 0xc8, 0xff, 0x5b, 0x3a, 0xc8, 0xff, 0x5b, 0x3a, 0xc8, 0xff,
    0x5b, 0x3a, 0xc8, 0xff, 0x5b, 0x3a, 0xc8, 0xff, 0x5b, 0x3a, 0xc8, 0xff, 0x5b, 0x3a, 0xc8, 0xff,
    0x5b, 0x3a, 0xc8, 0xff, 0x5b, 0x3a, 0xc8, 0xff, 0x5b, 0x3a, 0xc8, 0xff, 0x5b, 0x3a, 0xc8, 0xff,
    0x5b, 0x3a, 0xc8, 0xff, 0x5b, 0x3a, 0xc8, 0xff, 0x5b, 0x3a, 0xc8, 0xff, 0x5b, 0x3a, 0xc8, 0xff,
    0x5b, 0x3a, 0xc8, 0xff, 0x5b, 0x3a, 0xc8, 0xff, 0x5b, 0x3a, 0xc8, 0xff, 0x5b, 0x3a, 0xc8, 0xff,
    0x5b, 0x3a, 0xc8, 0xff, 0x5b, 0x3a, 0xc8, 0xff, 0x5b, 0x3a, 0xc8, 0xff, 0x5b, 0x3a, 0xc8, 0xff,
    0x5b, 0x3a, 0xc8, 0xff, 0x5b, 0x3a, 0xc8, 0xff, 0x5b, 0x3a, 0xc8, 0xff, 0x5b, 0x3a, 0xc8, 0xff,
    0x5b, 0x3a, 0xc8, 0xff, 0x5b, 0x37, 0xc8, 0x1c, 0x5c, 0x3a, 0xc8, 0x53, 0x5b, 0x3a, 0xc8, 0xff,
    0x5b, 0x3a, 0xc8, 0xff, 0x5b, 0x3a, 0xc8, 0xff, 0x5b, 0x3a, 0xc8, 0xff, 0x5b, 0x3a, 0xc8, 0xff,
    0x5b, 0x3a, 0xc8, 0xff, 0x5b, 0x3a, 0xc8, 0xff, 0x5b, 0x3a, 0xc8, 0xff, 0x5b, 0x3a, 0xc8, 0xff,
    0x5b, 0x3a, 0xc8, 0xff, 0x5b, 0x3a, 0xc8, 0xff, 0x5b, 0x3a, 0xc8, 0xff, 0x5b, 0x3a, 0xc8, 0xff,
    0x5b, 0x3a, 0xc8, 0xff, 0x5b, 0x3a, 0xc8, 0xff, 0x5b, 0x3a, 0xc8, 0xff, 0x5b, 0x3a, 0xc8, 0xff,
    0x5b, 0x3a, 0xc8, 0xff, 0x5b, 0x3a, 0xc8, 0xff, 0x5b, 0x3a, 0xc8, 0xff, 0x5b, 0x3a, 0xc8, 0xff,
    0x5b, 0x3a, 0xc8, 0xff, 0x5b, 0x3a, 0xc8, 0xff, 0x5b, 0x3a, 0xc8, 0xff, 0x5b, 0x3a, 0xc8, 0xff,
    0x5b, 0x3a, 0xc8, 0xff, 0x5b, 0x3a, 0xc8, 0xff, 0x5b, 0x3a, 0xc8, 0xff, 0x5b, 0x3a, 0xc8, 0xff,
    0x5b, 0x3a, 0xc8, 0xff, 0x5b, 0x3a, 0xc8, 0xff, 0x5b, 0x3a, 0xc8, 0xff, 0x5b, 0x3a, 0xc8, 0xff,
    0x5b, 0x3a, 0xc8, 0xff, 0x5b, 0x3a, 0xc8, 0xff, 0x5b, 0x3a, 0xc8, 0xff, 0x5b, 0x3a, 0xc8, 0xff,
    0x5b, 0x3a, 0xc8, 0xff, 0x5b, 0x3a, 0xc8, 0xff, 0x5b, 0x3a, 0xc8, 0xff, 0x5b, 0x3a, 0xc8, 0xff,
    0x5b, 0x3a, 0xc8, 0xff, 0x5b, 0x3a, 0xc8, 0xff, 0x5b, 0x3a, 0xc8, 0xff, 0x5b, 0x3a, 0xc8, 0xff,
    0x5b, 0x3a, 0xc8, 0xff, 0x5b, 0x3a, 0xc8, 0xff, 0x5b, 0x3a, 0xc8, 0xff, 0x5b, 0x3a, 0xc8, 0xff,
    0x5b, 0x3a, 0xc8, 0xff, 0x5b, 0x3a, 0xc8, 0xff, 0x5b, 0x3a, 0xc8, 0xff, 0x5b, 0x3a, 0xc8, 0xff,
    0x5b, 0x3a, 0xc8, 0xff, 0x63, 0x43, 0xca, 0xff, 0x76, 0x5b, 0xd1, 0xff, 0x8d, 0x77, 0xd9, 0xff,
    0x9e, 0x8b, 0xde, 0xff, 0xaf, 0x9f, 0xe4, 0xff, 0xbb, 0xae, 0xe8, 0xff, 0xbd, 0xb0, 0xe9, 0xff,
    0xbd, 0xb0, 0xe9, 0xff, 0xbd, 0xb0, 0xe9, 0xff, 0xbd, 0xb0, 0xe9, 0xff, 0xbd, 0xb0, 0xe9, 0xff,
    0xbd, 0xb0, 0xe9, 0xff, 0xbd, 0xb0, 0xe9, 0xff, 0xbd, 0xb0, 0xe9, 0xff, 0xbd, 0xb0, 0xe9, 0xff,
    0xbb, 0xae, 0xe8, 0xff, 0xaf, 0x9f, 0xe4, 0xff, 0xa0, 0x8d, 0xdf, 0xff, 0x8d, 0x77, 0xd9, 0xff,
    0x78, 0x5d, 0xd1, 0xff, 0x61, 0x41, 0xca, 0xff, 0x5b, 0x3a, 0xc8, 0xff, 0x5b, 0x3a, 0xc8, 0xff,
    0x5b, 0x3a, 0xc8, 0xff, 0x5b, 0x3a, 0xc8, 0xff, 0x5b, 0x3a, 0xc8, 0xff, 0x5b, 0x3a, 0xc8, 0xff,
    0x5b, 0x3a, 0xc8, 0xff, 0x5b, 0x3a, 0xc8, 0xff, 0x5b, 0x3a, 0xc8, 0xff, 0x5b, 0x3a, 0xc8, 0xff,
    0x5b, 0x3a, 0xc8, 0xff, 0x5b, 0x3a, 0xc8, 0xff, 0x5b, 0x3a, 0xc8, 0xff, 0x5b, 0x3a, 0xc8, 0xff,
    0x5b, 0x3a, 0xc8, 0xff, 0x5b, 0x3a, 0xc8, 0xff, 0x5b, 0x3a, 0xc8, 0xff, 0x5b, 0x3a, 0xc8, 0xff,
    0x5b, 0x3a, 0xc8, 0xff, 0x5b, 0x3a, 0xc8, 0xff, 0x5b, 0x3a, 0xc8, 0xff, 0x5b, 0x3a, 0xc8, 0xff,
    0x5b, 0x3a, 0xc8, 0xff, 0x5b, 0x3a, 0xc8, 0xff, 0x5b, 0x3a, 0xc8, 0xff, 0x5b, 0x3a, 0xc8, 0xff,
    0x5b, 0x3a, 0xc8, 0xff, 0x5b, 0x3a, 0xc8, 0xff, 0x5b, 0x3a, 0xc8, 0xff, 0x5b, 0x3a, 0xc8, 0xff,
    0x5b, 0x3a, 0xc8, 0xff, 0x5b, 0x3a, 0xc8, 0xff, 0x5b, 0x3a, 0xc8, 0xff, 0x5b, 0x3a, 0xc8, 0xff,
    0x5b, 0x3a, 0xc8, 0xff, 0x5b, 0x3a, 0xc8, 0xff, 0x5b, 0x3a, 0xc8, 0xff, 0x5b, 0x3a, 0xc8, 0xff,
    0x5b, 0x3a, 0xc8, 0xff, 0x5b, 0x3a, 0xc8, 0xff, 0x5b, 0x3a, 0xc8, 0xff, 0x5b, 0x3a, 0xc8, 0xff,
    0x5b, 0x3a, 0xc8, 0xff, 0x5b, 0x3a, 0xc8, 0xff, 0x5b, 0x3a, 0xc8, 0xff, 0x5b, 0x3a, 0xc8, 0xff,
    0x5b, 0x3a, 0xc8, 0xff, 0x5b, 0x3a, 0xc8, 0xff, 0x5b, 0x3a, 0xc8, 0xff, 0x5b, 0x3a, 0xc8, 0xff,
    0x5b, 0x3a, 0xc8, 0xff, 0x5b, 0x3a, 0xc8, 0xff, 0x5b, 0x3a, 0xc8, 0xff, 0x59, 0x3a, 0xc8, 0x53,
    0x5b, 0x39, 0xc8, 0x87, 0x5b, 0x3a, 0xc8, 0xff, 0x5b, 0x3a, 0xc8, 0xff, 0x5b, 0x3a, 0xc8, 0xff,
    0x5b, 0x3a, 0xc8, 0xff, 0x5b, 0x3a, 0xc8, 0xff, 0x5b, 0x3a, 0xc8, 0xff, 0x5b, 0x3a, 0xc8, 0xff,
    0x5b, 0x3a, 0xc8, 0xff, 0x5b, 0x3a, 0xc8, 0xff, 0x5b, 0x3a, 0xc8, 0xff, 0x5b, 0x3a, 0xc8, 0xff,
    0x5b, 0x3a, 0xc8, 0xff, 0x5b, 0x3a, 0xc8, 0xff, 0x5b, 0x3a, 0xc8, 0xff, 0x5b, 0x3a, 0xc8, 0xff,
    0x5b, 0x3a, 0xc8, 0xff, 0x5b, 0x3a, 0xc8, 0xff, 0x5b, 0x3a, 0xc8, 0xff, 0x5b, 0x3a, 0xc8, 0xff,
    0x5b, 0x3a, 0xc8, 0xff, 0x5b, 0x3a, 0xc8, 0xff, 0x5b, 0x3a, 0xc8, 0xff, 0x5b, 0x3a, 0xc8, 0xff,
    0x5b, 0x3a, 0xc8, 0xff, 0x5b, 0x3a, 0xc8, 0xff, 0x5b, 0x3a, 0xc8, 0xff, 0x5b, 0x3a, 0xc8, 0xff,
    0x5b, 0x3a, 0xc8, 0xff, 0x5b, 0x3a, 0xc8, 0xff, 0x5b, 0x3a, 0xc8, 0xff, 0x5b, 0x3a, 0xc8, 0xff,
    0x5b, 0x3a, 0xc8, 0xff, 0x5b, 0x3a, 0xc8, 0xff, 0x5b, 0x3a, 0xc8, 0xff, 0x5b, 0x3a, 0xc8, 0xff,
    0x5b, 0x3a, 0xc8, 0xff, 0x5b, 0x3a, 0xc8, 0xff, 0x5b, 0x3a, 0xc8, 0xff, 0x5b, 0x3a, 0xc8, 0xff,
    0x5b, 0x3a, 0xc8, 0xff, 0x5b, 0x3a, 0xc8, 0xff, 0x5b, 0x3a, 0xc8, 0xff, 0x5b, 0x3a, 0xc8, 0xff,
    0x5b, 0x3a, 0xc8, 0xff, 0x5b, 0x3a, 0xc8, 0xff, 0x5b, 0x3a, 0xc8, 0xff, 0x5b, 0x3a, 0xc8, 0xff,
    0x5b, 0x3a, 0xc8, 0xff, 0x5b, 0x3a, 0xc8, 0xff, 0x5b, 0x3a, 0xc8, 0xff, 0x5b, 0x3a, 0xc8, 0xff,
    0x6d, 0x50, 0xce, 0xff, 0x8c, 0x75, 0xd8, 0xff, 0xa9, 0x98, 0xe2, 0xff, 0xbb, 0xae, 0xe8, 0xff,
    0xbd, 0xb0, 0xe9, 0xff, 0xbd, 0xb0, 0xe9, 0xff, 0xbd, 0xb0, 0xe9, 0xff, 0xbd, 0xb0, 0xe9, 0xff,
    0xbd, 0xb0, 0xe9, 0xff, 0xbd, 0xb0, 0xe9, 0xff, 0xbd, 0xb0, 0xe9, 0xff, 0xbd, 0xb0, 0xe9, 0xff,
    0xbd, 0xb0, 0xe9, 0xff, 0xbd, 0xb0, 0xe9, 0xff, 0xbd, 0xb0, 0xe9, 0xff, 0xbd, 0xb0, 0xe9, 0xff,
    0xbd, 0xb0, 0xe9, 0xff, 0xbd, 0xb0, 0xe9, 0xff, 0xbd, 0xb0, 0xe9, 0xff, 0xbd, 0xb0, 0xe9, 0xff,
    0xbd, 0xb0, 0xe9, 0xff, 0xbd, 0xb0, 0xe9, 0xff, 0xbd, 0xb0, 0xe9, 0xff, 0xbd, 0xb0, 0xe9, 0xff,
    0xa9, 0x98, 0xe2, 0xff, 0x8c, 0x75, 0xd8, 0xff, 0x6d, 0x50, 0xce, 0xff, 0x5b, 0x3a, 0xc8, 0xff,
    0x5b, 0x3a, 0xc8, 0xff, 0x5b, 0x3a, 0xc8, 0xff, 0x5b, 0x3a, 0xc8, 0xff, 0x5b, 0x3a, 0xc8, 0xff,
    0x5b, 0x3a, 0xc8, 0xff, 0x5b, 0x3a, 0xc8, 0xff, 0x5b, 0x3a, 0xc8, 0xff, 0x5b, 0x3a, 0xc8, 0xff,
    0x5b, 0x3a, 0xc8, 0xff, 0x5b, 0x3a, 0xc8, 0xff, 0x5b, 0x3a, 0xc8, 0xff, 0x5b, 0x3a, 0xc8, 0xff,
    0x5b, 0x3a, 0xc8, 0xff, 0x5b, 0x3a, 0xc8, 0xff, 0x5b, 0x3a, 0xc8, 0xff, 0x5b, 0x3a, 0xc8, 0xff,
    0x5b, 0x3a, 0xc8, 0xff, 0x5b, 0x3a, 0xc8, 0xff, 0x5b, 0x3a, 0xc8, 0xff, 0x5b, 0x3a, 0xc8, 0xff,
    0x5b, 0x3a, 0xc8, 0xff, 0x5b, 0x3a, 0xc8, 0xff, 0x5b, 0x3a, 0xc8, 0xff, 0x5b, 0x3a, 0xc8, 0xff,
    0x5b, 0x3a, 0xc8, 0xff, 0x5b, 0x3a, 0xc8, 0xff, 0x5b, 0x3a, 0xc8, 0xff, 0x5b, 0x3a, 0xc8, 0xff,
    0x5b, 0x3a, 0xc8, 0xff, 0x5b, 0x3a, 0xc8, 0xff, 0x5b, 0x3a, 0xc8, 0xff, 0x5b, 0x3a, 0xc8, 0xff,
    0x5b, 0x3a, 0xc8, 0xff, 0x5b, 0x3a, 0xc8, 0xff, 0x5b, 0x3a, 0xc8, 0xff, 0x5b, 0x3a, 0xc8, 0xff,
    0x5b, 0x3a, 0xc8, 0xff, 0x5b, 0x3a, 0xc8, 0xff, 0x5b, 0x3a, 0xc8, 0xff, 0x5b, 0x3a, 0xc8, 0xff,
    0x5b, 0x3a, 0xc8, 0xff, 0x5b, 0x3a, 0xc8, 0xff, 0x5b, 0x3a, 0xc8, 0xff, 0x5b, 0x3a, 0xc8, 0xff,
    0x5b, 0x3a, 0xc8, 0xff, 0x5b, 0x3a, 0xc8, 0xff, 0x5b, 0x3a, 0xc8, 0xff, 0x5b, 0x3a, 0xc8, 0xff,
    0x5b, 0x3a, 0xc8, 0xff, 0x5a, 0x3a, 0xc8, 0x83, 0x5b, 0x3a, 0xc8, 0xab, 0x5b, 0x3a, 0xc8, 0xff,
    0x5b, 0x3a, 0xc8, 0xff, 0x5b, 0x3a, 0xc8, 0xff, 0x5b, 0x3a, 0xc8, 0xff, 0x5b, 0x3a, 0xc8, 0xff,
    0x5b, 0x3a, 0xc8, 0xff, 0x5b, 0x3a, 0xc8, 0xff, 0x5b, 0x3a, 0xc8, 0xff, 0x5b, 0x3a, 0xc8, 0xff,
    0x5b, 0x3a, 0xc8, 0xff, 0x5b, 0x3a, 0xc8, 0xff, 0x5b, 0x3a, 0xc8, 0xff, 0x5b, 0x3a, 0xc8, 0xff,
    0x5b, 0x3a, 0xc8, 0xff, 0x5b, 0x3a, 0xc8, 0xff, 0x5b, 0x3a, 0xc8, 0xff, 0x5b, 0x3a, 0xc8, 0xff,
    0x5b, 0x3a, 0xc8, 0xff, 0x5b, 0x3a, 0xc8, 0xff, 0x5b, 0x3a, 0xc8, 0xff, 0x5b, 0x3a, 0xc8, 0xff,
    0x5b, 0x3a, 0xc8, 0xff, 0x5b, 0x3a, 0xc8, 0xff, 0x5b, 0x3a, 0xc8, 0xff, 0x5b, 0x3a, 0xc8, 0xff,
    0x5b, 0x3a, 0xc8, 0xff, 0x5b, 0x3a, 0xc8, 0xff, 0x5b, 0x3a, 0xc8, 0xff, 0x5b, 0x3a, 0xc8, 0xff,
    0x5b, 0x3a, 0xc8, 0xff, 0x5b, 0x3a, 0xc8, 0xff, 0x5b, 0x3a, 0xc8, 0xff, 0x5b, 0x3a, 0xc8, 0xff,
    0x5b, 0x3a, 0xc8, 0xff, 0x5b, 0x3a, 0xc8, 0xff, 0x5b, 0x3a, 0xc8, 0xff, 0x5b, 0x3a, 0xc8, 0xff,
    0x5b, 0x3a, 0xc8, 0xff, 0x5b, 0x3a, 0xc8, 0xff, 0x5b, 0x3a, 0xc8, 0xff, 0x5b, 0x3a, 0xc8, 0xff,
    0x5b, 0x3a, 0xc8, 0xff, 0x5b, 0x3a, 0xc8, 0xff, 0x5b, 0x3a, 0xc8, 0xff, 0x5b, 0x3a, 0xc8, 0xff,
    0x5b, 0x3a, 0xc8, 0xff, 0x5b, 0x3a, 0xc8, 0xff, 0x5b, 0x3a, 0xc8, 0xff, 0x61, 0x41, 0xca, 0xff,
    0x87, 0x6f, 0xd7, 0xff, 0xaa, 0x99, 0xe3, 0xff, 0xbd, 0xb0, 0xe9, 0xff, 0xbd, 0xb0, 0xe9, 0xff,
    0xbd, 0xb0, 0xe9, 0xff, 0xbd, 0xb0, 0xe9, 0xff, 0xbd, 0xb0, 0xe9, 0xff, 0xbd, 0xb0, 0xe9, 0xff,
    0xbd, 0xb0, 0xe9, 0xff, 0xbd, 0xb0, 0xe9, 0xff, 0xbd, 0xb0, 0xe9, 0xff, 0xbd, 0xb0, 0xe9, 0xff,
    0xbd, 0xb0, 0xe9, 0xff, 0xbd, 0xb0, 0xe9, 0xff, 0xbd, 0xb0, 0xe9, 0xff, 0xbd, 0xb0, 0xe9, 0xff,
    0xbd, 0xb0, 0xe9, 0xff, 0xbd, 0xb0, 0xe9, 0xff, 0xbd, 0xb0, 0xe9, 0xff, 0xbd, 0xb0, 0xe9, 0xff,
    0xbd, 0xb0, 0xe9, 0xff, 0xbd, 0xb0, 0xe9, 0xff, 0xbd, 0xb0, 0xe9, 0xff, 0xbd, 0xb0, 0xe9, 0xff,
    0xbd, 0xb0, 0xe9, 0xff, 0xbd, 0xb0, 0xe9, 0xff, 0xbd, 0xb0, 0xe9, 0xff, 0xbd, 0xb0, 0xe9, 0xff,
    0xbd, 0xb0, 0xe9, 0xff, 0xaa, 0x99, 0xe2, 0xff, 0x87, 0x6f, 0xd7, 0xff, 0x61, 0x41, 0xca, 0xff,
    0x5b, 0x3a, 0xc8, 0xff, 0x5b, 0x3a, 0xc8, 0xff, 0x5b, 0x3a, 0xc8, 0xff, 0x5b, 0x3a, 0xc8, 0xff,
    0x5b, 0x3a, 0xc8, 0xff, 0x5b, 0x3a, 0xc8, 0xff, 0x5b, 0x3a, 0xc8, 0xff, 0x5b, 0x3a, 0xc8, 0xff,
    0x5b, 0x3a, 0xc8, 0xff, 0x5b, 0x3a, 0xc8, 0xff, 0x5b, 0x3a, 0xc8, 0xff, 0x5b, 0x3a, 0xc8, 0xff,
    0x5b, 0x3a, 0xc8, 0xff, 0x5b, 0x3a, 0xc8, 0xff, 0x5b, 0x3a, 0xc8, 0xff, 0x5b, 0x3a, 0xc8, 0xff,
    0x5b, 0x3a, 0xc8, 0xff, 0x5b, 0x3a, 0xc8, 0xff, 0x5b, 0x3a, 0xc8, 0xff, 0x5b, 0x3a, 0xc8, 0xff,
    0x5b, 0x3a, 0xc8, 0xff, 0x5b, 0x3a, 0xc8, 0xff, 0x5b, 0x3a, 0xc8, 0xff, 0x5b, 0x3a, 0xc8, 0xff,
    0x5b, 0x3a, 0xc8, 0xff, 0x5b, 0x3a, 0xc8, 0xff, 0x5b, 0x3a, 0xc8, 0xff, 0x5b, 0x3a, 0xc8, 0xff,
    0x5b, 0x3a, 0xc8, 0xff, 0x5b, 0x3a, 0xc8, 0xff, 0x5b, 0x3a, 0xc8, 0xff, 0x5b, 0x3a, 0xc8, 0xff,
    0x5b, 0x3a, 0xc8, 0xff, 0x5b, 0x3a, 0xc8, 0xff, 0x5b, 0x3a, 0xc8, 0xff, 0x5b, 0x3a, 0xc8, 0xff,
    0x5b, 0x3a, 0xc8, 0xff, 0x5b, 0x3a, 0xc8, 0xff, 0x5b, 0x3a, 0xc8, 0xff, 0x5b, 0x3a, 0xc8, 0xff,
    0x5b, 0x3a, 0xc8, 0xff, 0x5b, 0x3a, 0xc8, 0xff, 0x5b, 0x3a, 0xc8, 0xff, 0x5b, 0x3a, 0xc8, 0xff,
    0x5b, 0x3a, 0xc8, 0xff, 0x5b, 0x3a, 0xc8, 0xff, 0x5b, 0x3a, 0xc8, 0xff, 0x5a, 0x39, 0xc8, 0xaf,
    0x5b, 0x3a, 0xc8, 0xcf, 0x5b, 0x3a, 0xc8, 0xff, 0x5b, 0x3a, 0xc8, 0xff, 0x5b, 0x3a, 0xc8, 0xff,
    0x5b, 0x3a, 0xc8, 0xff, 0x5b, 0x3a, 0xc8, 0xff, 0x5b, 0x3a, 0xc8, 0xff, 0x5b, 0x3a, 0xc8, 0xff,
    0x5b, 0x3a, 0xc8, 0xff, 0x5b, 0x3a, 0xc8, 0xff, 0x5b, 0x3a, 0xc8, 0xff, 0x5b, 0x3a, 0xc8, 0xff,
    0x5b, 0x3a, 0xc8, 0xff, 0x5b, 0x3a, 0xc8, 0xff, 0x5b, 0x3a, 0xc8, 0xff, 0x5b, 0x3a, 0xc8, 0xff,
    0x5b, 0x3a, 0xc8, 0xff, 0x5b, 0x3a, 0xc8, 0xff, 0x5b, 0x3a, 0xc8, 0xff, 0x5b, 0x3a, 0xc8, 0xff,
    0x5b, 0x3a, 0xc8, 0xff, 0x5b, 0x3a, 0xc8, 0xff, 0x5b, 0x3a, 0xc8, 0xff, 0x5b, 0x3a, 0xc8, 0xff,
    0x5b, 0x3a, 0xc8, 0xff, 0x5b, 0x3a, 0xc8, 0xff, 0x5b, 0x3a, 0xc8, 0xff, 0x5b, 0x3a, 0xc8, 0xff,
    0x5b, 0x3a, 0xc8, 0xff, 0x5b, 0x3a, 0xc8, 0xff, 0x5b, 0x3a, 0xc8, 0xff, 0x5b, 0x3a, 0xc8, 0xff,
    0x5b, 0x3a, 0xc8, 0xff, 0x5b, 0x3a, 0xc8, 0xff, 0x5b, 0x3a, 0xc8, 0xff, 0x5b, 0x3a, 0xc8, 0xff,
    0x5b, 0x3a, 0xc8, 0xff, 0x5b, 0x3a, 0xc8, 0xff, 0x5b, 0x3a, 0xc8, 0xff, 0x5b, 0x3a, 0xc8, 0xff,
    0x5b, 0x3a, 0xc8, 0xff, 0x5b, 0x3a, 0xc8, 0xff, 0x5b, 0x3a, 0xc8, 0xff, 0x5b, 0x3a, 0xc8, 0xff,
    0x5b, 0x3a, 0xc8, 0xff, 0x5b, 0x3a, 0xc8, 0xff, 0x5b, 0x3a, 0xc8, 0xff, 0x69, 0x4a, 0xcc, 0xff,
    0x97, 0x82, 0xdc, 0xff, 0xb8, 0xaa, 0xe7, 0xff, 0xbd, 0xb0, 0xe9, 0xff, 0xbd, 0xb0, 0xe9, 0xff,
    0xbd, 0xb0, 0xe9, 0xff, 0xbd, 0xb0, 0xe9, 0xff, 0xbd, 0xb0, 0xe9, 0xff, 0xbd, 0xb0, 0xe9, 0xff,
    0xbd, 0xb0, 0xe9, 0xff, 0xbd, 0xb0, 0xe9, 0xff, 0xbd, 0xb0, 0xe9, 0xff, 0xbd, 0xb0, 0xe9, 0xff,
    0xbd, 0xb0, 0xe9, 0xff, 0xbd, 0xb0, 0xe9, 0xff, 0xbd, 0xb0, 0xe9, 0xff, 0xbd, 0xb0, 0xe9, 0xff,
    0xbd, 0xb0, 0xe9, 0xff, 0xbd, 0xb0, 0xe9, 0xff, 0xbd, 0xb0, 0xe9, 0xff, 0xbd, 0xb0, 0xe9, 0xff,
    0xbd, 0xb0, 0xe9, 0xff, 0xbd, 0xb0, 0xe9, 0xff, 0xbd, 0xb0, 0xe9, 0xff, 0xbd, 0xb0, 0xe9, 0xff,
    0xbd, 0xb0, 0xe9, 0xff, 0xbd, 0xb0, 0xe9, 0xff, 0xbd, 0xb0, 0xe9, 0xff, 0xbd, 0xb0, 0xe9, 0xff,
    0xbd, 0xb0, 0xe9, 0xff, 0xbd, 0xb0, 0xe9, 0xff, 0xbd, 0xb0, 0xe9, 0xff, 0xbd, 0xb0, 0xe9, 0xff,
    0xbd, 0xb0, 0xe9, 0xff, 0xba, 0xac, 0xe8, 0xff, 0x92, 0x7c, 0xda, 0xff, 0x6a, 0x4c, 0xcd, 0xff,
    0x5b, 0x3a, 0xc8, 0xff, 0x5b, 0x3a, 0xc8, 0xff, 0x5b, 0x3a, 0xc8, 0xff, 0x5b, 0x3a, 0xc8, 0xff,
    0x5b, 0x3a, 0xc8, 0xff, 0x5b, 0x3a, 0xc8, 0xff, 0x5b, 0x3a, 0xc8, 0xff, 0x5b, 0x3a, 0xc8, 0xff,
    0x5b, 0x3a, 0xc8, 0xff, 0x5b, 0x3a, 0xc8, 0xff, 0x5b, 0x3a, 0xc8, 0xff, 0x5b, 0x3a, 0xc8, 0xff,
    0x5b, 0x3a, 0xc8, 0xff, 0x5b, 0x3a, 0xc8, 0xff, 0x5b, 0x3a, 0xc8, 0xff, 0x5b, 0x3a, 0xc8, 0xff,
    0x5b, 0x3a, 0xc8, 0xff, 0x5b, 0x3a, 0xc8, 0xff, 0x5b, 0x3a, 0xc8, 0xff, 0x5b, 0x3a, 0xc8, 0xff,
    0x5b, 0x3a, 0xc8, 0xff, 0x5b, 0x3a, 0xc8, 0xff, 0x5b, 0x3a, 0xc8, 0xff, 0x5b, 0x3a, 0xc8, 0xff,
    0x5b, 0x3a, 0xc8, 0xff, 0x5b, 0x3a, 0xc8, 0xff, 0x5b, 0x3a, 0xc8, 0xff, 0x5b, 0x3a, 0xc8, 0xff,
    0x5b, 0x3a, 0xc8, 0xff, 0x5b, 0x3a, 0xc8, 0xff, 0x5b, 0x3a, 0xc8, 0xff, 0x5b, 0x3a, 0xc8, 0xff,
    0x5b, 0x3a, 0xc8, 0xff, 0x5b, 0x3a, 0xc8, 0xff, 0x5b, 0x3a, 0xc8, 0xff, 0x5b, 0x3a, 0xc8, 0xff,
    0x5b, 0x3a, 0xc8, 0xff, 0x5b, 0x3a, 0xc8, 0xff, 0x5b, 0x3a, 0xc8, 0xff, 0x5b, 0x3a, 0xc8, 0xff,
    0x5b, 0x3a, 0xc8, 0xff, 0x5b, 0x3a, 0xc8, 0xff, 0x5b, 0x3a, 0xc8, 0xff, 0x5b, 0x3a, 0xc8, 0xff,
    0x5b, 0x3a, 0xc8, 0xff, 0x5a, 0x3a, 0xc8, 0xcb, 0x5b, 0x3a, 0xc8, 0xe3, 0x5b, 0x3a, 0xc8, 0xff,
    0x5b, 0x3a, 0xc8, 0xff, 0x5b, 0x3a, 0xc8, 0xff, 0x5b, 0x3a, 0xc8, 0xff, 0x5b, 0x3a, 0xc8, 0xff,
    0x5b, 0x3a, 0xc8, 0xff, 0x5b, 0x3a, 0xc8, 0xff, 0x5b, 0x3a, 0xc8, 0xff, 0x5b, 0x3a, 0xc8, 0xff,
    0x5b, 0x3a, 0xc8, 0xff, 0x5b, 0x3a, 0xc8, 0xff, 0x5b, 0x3a, 0xc8, 0xff, 0x5b, 0x3a, 0xc8, 0xff,
    0x5b, 0x3a, 0xc8, 0xff, 0x5b, 0x3a, 0xc8, 0xff, 0x5b, 0x3a, 0xc8, 0xff, 0x5b, 0x3a, 0xc8, 0xff,
    0x5b, 0x3a, 0xc8, 0xff, 0x5b, 0x3a, 0xc8, 0xff, 0x5b, 0x3a, 0xc8, 0xff, 0x5b, 0x3a, 0xc8, 0xff,
    0x5b, 0x3a, 0xc8, 0xff, 0x5b, 0x3a, 0xc8, 0xff, 0x5b, 0x3a, 0xc8, 0xff, 0x5b, 0x3a, 0xc8, 0xff,
    0x5b, 0x3a, 0xc8, 0xff, 0x5b, 0x3a, 0xc8, 0xff, 0x5b, 0x3a, 0xc8, 0xff, 0x5b, 0x3a, 0xc8, 0xff,
    0x5b, 0x3a, 0xc8, 0xff, 0x5b, 0x3a, 0xc8, 0xff, 0x5b, 0x3a, 0xc8, 0xff, 0x5b, 0x3a, 0xc8, 0xff,
    0x5b, 0x3a, 0xc8, 0xff, 0x5b, 0x3a, 0xc8, 0xff, 0x5b, 0x3a, 0xc8, 0xff, 0x5b, 0x3a, 0xc8, 0xff,
    0x5b, 0x3a, 0xc8, 0xff, 0x5b, 0x3a, 0xc8, 0xff, 0x5b, 0x3a, 0xc8, 0xff, 0x5b, 0x3a, 0xc8, 0xff,
    0x5b, 0x3a, 0xc8, 0xff, 0x5b, 0x3a, 0xc8, 0xff, 0x5b, 0x3a, 0xc8, 0xff, 0x65, 0x47, 0xcb, 0xff,
    0x98, 0x84, 0xdc, 0xff, 0xbb, 0xae, 0xe8, 0xff, 0xbd, 0xb0, 0xe9, 0xff, 0xbd, 0xb0, 0xe9, 0xff,
    0xbd, 0xb0, 0xe9, 0xff, 0xbd, 0xb0, 0xe9, 0xff, 0xbd, 0xb0, 0xe9, 0xff, 0xbd, 0xb0, 0xe9, 0xff,
    0xbd, 0xb0, 0xe9, 0xff, 0xbd, 0xb0, 0xe9, 0xff, 0xbd, 0xb0, 0xe9, 0xff, 0xbd, 0xb0, 0xe9, 0xff,
    0xbd, 0xb0, 0xe9, 0xff, 0xbd, 0xb0, 0xe9, 0xff, 0xbd, 0xb0, 0xe9, 0xff, 0xbd, 0xb0, 0xe9, 0xff,
    0xbd, 0xb0, 0xe9, 0xff, 0xbd, 0xb0, 0xe9, 0xff, 0xbd, 0xb0, 0xe9, 0xff, 0xbd, 0xb0, 0xe9, 0xff,
    0xbd, 0xb0, 0xe9, 0xff, 0xbd, 0xb0, 0xe9, 0xff, 0xbd, 0xb0, 0xe9, 0xff, 0xbd, 0xb0, 0xe9, 0xff,
    0xbd, 0xb0, 0xe9, 0xff, 0xbd, 0xb0, 0xe9, 0xff, 0xbd, 0xb0, 0xe9, 0xff, 0xbd, 0xb0, 0xe9, 0xff,
    0xbd, 0xb0, 0xe9, 0xff, 0xbd, 0xb0, 0xe9, 0xff, 0xbd, 0xb0, 0xe9, 0xff, 0xbd, 0xb0, 0xe9, 0xff,
    0xbd, 0xb0, 0xe9, 0xff, 0xbd, 0xb0, 0xe9, 0xff, 0xbd, 0xb0, 0xe9, 0xff, 0xbd, 0xb0, 0xe9, 0xff,
    0xbd, 0xb0, 0xe9, 0xff, 0xba, 0xac, 0xe8, 0xff, 0x95, 0x80, 0xdb, 0xff, 0x64, 0x45, 0xcb, 0xff,
    0x5b, 0x3a, 0xc8, 0xff, 0x5b, 0x3a, 0xc8, 0xff, 0x5b, 0x3a, 0xc8, 0xff, 0x5b, 0x3a, 0xc8, 0xff,
    0x5b, 0x3a, 0xc8, 0xff, 0x5b, 0x3a, 0xc8, 0xff, 0x5b, 0x3a, 0xc8, 0xff, 0x5b, 0x3a, 0xc8, 0xff,
    0x5b, 0x3a, 0xc8, 0xff, 0x5b, 0x3a, 0xc8, 0xff, 0x5b, 0x3a, 0xc8, 0xff, 0x5b, 0x3a, 0xc8, 0xff,
    0x5b, 0x3a, 0xc8, 0xff, 0x5b, 0x3a, 0xc8, 0xff, 0x5b, 0x3a, 0xc8, 0xff, 0x5b, 0x3a, 0xc8, 0xff,
    0x5b, 0x3a, 0xc8, 0xff, 0x5b, 0x3a, 0xc8, 0xff, 0x5b, 0x3a, 0xc8, 0xff, 0x5b, 0x3a, 0xc8, 0xff,
    0x5b, 0x3a, 0xc8, 0xff, 0x5b, 0x3a, 0xc8, 0xff, 0x5b, 0x3a, 0xc8, 0xff, 0x5b, 0x3a, 0xc8, 0xff,
    0x5b, 0x3a, 0xc8, 0xff, 0x5b, 0x3a, 0xc8, 0xff, 0x5b, 0x3a, 0xc8, 0xff, 0x5b, 0x3a, 0xc8, 0xff,
    0x5b, 0x3a, 0xc8, 0xff, 0x5b, 0x3a, 0xc8, 0xff, 0x5b, 0x3a, 0xc8, 0xff, 0x5b, 0x3a, 0xc8, 0xff,
    0x5b, 0x3a, 0xc8, 0xff, 0x5b, 0x3a, 0xc8, 0xff, 0x5b, 0x3a, 0xc8, 0xff, 0x5b, 0x3a, 0xc8, 0xff,
    0x5b, 0x3a, 0xc8, 0xff, 0x5b, 0x3a, 0xc8, 0xff, 0x5b, 0x3a, 0xc8, 0xff, 0x5b, 0x3a, 0xc8, 0xff,
    0x5b, 0x3a, 0xc8, 0xff, 0x5b, 0x3a, 0xc8, 0xff, 0x5b, 0x3a, 0xc8, 0xff, 0x5b, 0x39, 0xc8, 0xe7,
    0x5b, 0x3a, 0xc7, 0xf7, 0x5b, 0x3a, 0xc8, 0xff, 0x5b, 0x3a, 0xc8, 0xff, 0x5b, 0x3a, 0xc8, 0xff,
    0x5b, 0x3a, 0xc8, 0xff, 0x5b, 0x3a, 0xc8, 0xff, 0x5b, 0x3a, 0xc8, 0xff, 0x5b, 0x3a, 0xc8, 0xff,
    0x5b, 0x3a, 0xc8, 0xff, 0x5b, 0x3a, 0xc8, 0xff, 0x5b, 0x3a, 0xc8, 0xff, 0x5b, 0x3a, 0xc8, 0xff,
    0x5b, 0x3a, 0xc8, 0xff, 0x5b, 0x3a, 0xc8, 0xff, 0x5b, 0x3a, 0xc8, 0xff, 0x5b, 0x3a, 0xc8, 0xff,
    0x5b, 0x3a, 0xc8, 0xff, 0x5b, 0x3a, 0xc8, 0xff, 0x5b, 0x3a, 0xc8, 0xff, 0x5b, 0x3a, 0xc8, 0xff,
    0x5b, 0x3a, 0xc8, 0xff, 0x5b, 0x3a, 0xc8, 0xff, 0x5b, 0x3a, 0xc8, 0xff, 0x5b, 0x3a, 0xc8, 0xff,
    0x5b, 0x3a, 0xc8, 0xff, 0x5b, 0x3a, 0xc8, 0xff, 0x5b, 0x3a, 0xc8, 0xff, 0x5b, 0x3a, 0xc8, 0xff,
    0x5b, 0x3a, 0xc8, 0xff, 0x5b, 0x3a, 0xc8, 0xff, 0x5b, 0x3a, 0xc8, 0xff, 0x5b, 0x3a, 0xc8, 0xff,
    0x5b, 0x3a, 0xc8, 0xff, 0x5b, 0x3a, 0xc8, 0xff, 0x5b, 0x3a, 0xc8, 0xff, 0x5b, 0x3a, 0xc8, 0xff,
    0x5b, 0x3a, 0xc8, 0xff, 0x5b, 0x3a, 0xc8, 0xff, 0x5b, 0x3a, 0xc8, 0xff, 0x5b, 0x3a, 0xc8, 0xff,
    0x5b, 0x3a, 0xc8, 0xff, 0x5b, 0x3a, 0xc8, 0xff, 0x5b, 0x3a, 0xc8, 0xff, 0x5c, 0x3c, 0xc8, 0xff,
    0x8a, 0x73, 0xd8, 0xff, 0xb8, 0xaa, 0xe7, 0xff, 0xbd, 0xb0, 0xe9, 0xff, 0xbd, 0xb0, 0xe9, 0xff,
    0xbd, 0xb0, 0xe9, 0xff, 0xbd, 0xb0, 0xe9, 0xff, 0xbd, 0xb0, 0xe9, 0xff, 0xbd, 0xb0, 0xe9, 0xff,
    0xbd, 0xb0, 0xe9, 0xff, 0xbd, 0xb0, 0xe9, 0xff, 0xbd, 0xb0, 0xe9, 0xff, 0xbd, 0xb0, 0xe9, 0xff,
    0xbd, 0xb0, 0xe9, 0xff, 0xbd, 0xb0, 0xe9, 0xff, 0xbd, 0xb0, 0xe9, 0xff, 0xbd, 0xb0, 0xe9, 0xff,
    0xbd, 0xb0, 0xe9, 0xff, 0xbd, 0xb0, 0xe9, 0xff, 0xbd, 0xb0, 0xe9, 0xff, 0xbd, 0xb0, 0xe9, 0xff,
    0xbd, 0xb0, 0xe9, 0xff, 0xbd, 0xb0, 0xe9, 0xff, 0xbd, 0xb0, 0xe9, 0xff, 0xbd, 0xb0, 0xe9, 0xff,
    0xbd, 0xb0, 0xe9, 0xff, 0xbd, 0xb0, 0xe9, 0xff, 0xbd, 0xb0, 0xe9, 0xff, 0xbd, 0xb0, 0xe9, 0xff,
    0xbd, 0xb0, 0xe9, 0xff, 0xbd, 0xb0, 0xe9, 0xff, 0xbd, 0xb0, 0xe9, 0xff, 0xbd, 0xb0, 0xe9, 0xff,
    0xbd, 0xb0, 0xe9, 0xff, 0xbd, 0xb0, 0xe9, 0xff, 0xbd, 0xb0, 0xe9, 0xff, 0xbd, 0xb0, 0xe9, 0xff,
    0xbd, 0xb0, 0xe9, 0xff, 0xbd, 0xb0, 0xe9, 0xff, 0xbd, 0xb0, 0xe9, 0xff, 0xbd, 0xb0, 0xe9, 0xff,
    0xbd, 0xb0, 0xe9, 0xff, 0xba, 0xac, 0xe8, 0xff, 0x8a, 0x73, 0xd8, 0xff, 0x5e, 0x3d, 0xc9, 0xff,
    0x5b, 0x3a, 0xc8, 0xff, 0x5b, 0x3a, 0xc8, 0xff, 0x5b, 0x3a, 0xc8, 0xff, 0x5b, 0x3a, 0xc8, 0xff,
    0x5b, 0x3a, 0xc8, 0xff, 0x5b, 0x3a, 0xc8, 0xff, 0x5b, 0x3a, 0xc8, 0xff, 0x5b, 0x3a, 0xc8, 0xff,
    0x5b, 0x3a, 0xc8, 0xff, 0x5b, 0x3a, 0xc8, 0xff, 0x5b, 0x3a, 0xc8, 0xff, 0x5b, 0x3a, 0xc8, 0xff,
    0x5b, 0x3a, 0xc8, 0xff, 0x5b, 0x3a, 0xc8, 0xff, 0x5b, 0x3a, 0xc8, 0xff, 0x5b, 0x3a, 0xc8, 0xff,
    0x5b, 0x3a, 0xc8, 0xff, 0x5b, 0x3a, 0xc8, 0xff, 0x5b, 0x3a, 0xc8, 0xff, 0x5b, 0x3a, 0xc8, 0xff,
    0x5b, 0x3a, 0xc8, 0xff, 0x5b, 0x3a, 0xc8, 0xff, 0x5b, 0x3a, 0xc8, 0xff, 0x5b, 0x3a, 0xc8, 0xff,
    0x5b, 0x3a, 0xc8, 0xff, 0x5b, 0x3a, 0xc8, 0xff, 0x5b, 0x3a, 0xc8, 0xff, 0x5b, 0x3a, 0xc8, 0xff,
    0x5b, 0x3a, 0xc8, 0xff, 0x5b, 0x3a, 0xc8, 0xff, 0x5b, 0x3a, 0xc8, 0xff, 0x5b, 0x3a, 0xc8, 0xff,
    0x5b, 0x3a, 0xc8, 0xff, 0x5b, 0x3a, 0xc8, 0xff, 0x5b, 0x3a, 0xc8, 0xff, 0x5b, 0x3a, 0xc8, 0xff,
    0x5b, 0x3a, 0xc8, 0xff, 0x5b, 0x3a, 0xc8, 0xff, 0x5b, 0x3a, 0xc8, 0xff, 0x5b, 0x3a, 0xc8, 0xff,
    0x5b, 0x3a, 0xc8, 0xff, 0x5b, 0x3a, 0xc7, 0xf7, 0x5b, 0x3a, 0xc8, 0xff, 0x5b, 0x3a, 0xc8, 0xff,
    0x5b, 0x3a, 0xc8, 0xff, 0x5b, 0x3a, 0xc8, 0xff, 0x5b, 0x3a, 0xc8, 0xff, 0x5b, 0x3a, 0xc8, 0xff,
    0x5b, 0x3a, 0xc8, 0xff, 0x5b, 0x3a, 0xc8, 0xff, 0x5b, 0x3a, 0xc8, 0xff, 0x5b, 0x3a, 0xc8, 0xff,
    0x5b, 0x3a, 0xc8, 0xff, 0x5b, 0x3a, 0xc8, 0xff, 0x5b, 0x3a, 0xc8, 0xff, 0x5b, 0x3a, 0xc8, 0xff,
    0x5b, 0x3a, 0xc8, 0xff, 0x5b, 0x3a, 0xc8, 0xff, 0x5b, 0x3a, 0xc8, 0xff, 0x5b, 0x3a, 0xc8, 0xff,
    0x5b, 0x3a, 0xc8, 0xff, 0x5b, 0x3a, 0xc8, 0xff, 0x5b, 0x3a, 0xc8, 0xff, 0x5b, 0x3a, 0xc8, 0xff,
    0x5b, 0x3a, 0xc8, 0xff, 0x5b, 0x3a, 0xc8, 0xff, 0x5b, 0x3a, 0xc8, 0xff, 0x5b, 0x3a, 0xc8, 0xff,
    0x5b, 0x3a, 0xc8, 0xff, 0x5b, 0x3a, 0xc8, 0xff, 0x5b, 0x3a, 0xc8, 0xff, 0x5b, 0x3a, 0xc8, 0xff,
    0x5b, 0x3a, 0xc8, 0xff, 0x5b, 0x3a, 0xc8, 0xff, 0x5b, 0x3a, 0xc8, 0xff, 0x5b, 0x3a, 0xc8, 0xff,
    0x5b, 0x3a, 0xc8, 0xff, 0x5b, 0x3a, 0xc8, 0xff, 0x5b, 0x3a, 0xc8, 0xff, 0x5b, 0x3a, 0xc8, 0xff,
    0x5b, 0x3a, 0xc8, 0xff, 0x5b, 0x3a, 0xc8, 0xff, 0x5b, 0x3a, 0xc8, 0xff, 0x5b, 0x3a, 0xc8, 0xff,
    0x70, 0x53, 0xcf, 0xff, 0xad, 0x9d, 0xe4, 0xff, 0xbd, 0xb0, 0xe9, 0xff, 0xbd, 0xb0, 0xe9, 0xff,
    0xbd, 0xb0, 0xe9, 0xff, 0xbd, 0xb0, 0xe9, 0xff, 0xbd, 0xb0, 0xe9, 0xff, 0xbd, 0xb0, 0xe9, 0xff,
    0xbd, 0xb0, 0xe9, 0xff, 0xbd, 0xb0, 0xe9, 0xff, 0xbd, 0xb0, 0xe9, 0xff, 0xbd, 0xb0, 0xe9, 0xff,
    0xbd, 0xb0, 0xe9, 0xff, 0xbd, 0xb0, 0xe9, 0xff, 0xbd, 0xb0, 0xe9, 0xff, 0xbd, 0xb0, 0xe9, 0xff,
    0xbd, 0xb0, 0xe9, 0xff, 0xbd, 0xb0, 0xe9, 0xff, 0xbd, 0xb0, 0xe9, 0xff, 0xbd, 0xb0, 0xe9, 0xff,
    0xbd, 0xb0, 0xe9, 0xff, 0xbd, 0xb0, 0xe9, 0xff, 0xbd, 0xb0, 0xe9, 0xff, 0xbd, 0xb0, 0xe9, 0xff,
    0xbd, 0xb0, 0xe9, 0xff, 0xbd, 0xb0, 0xe9, 0xff, 0xbd, 0xb0, 0xe9, 0xff, 0xbd, 0xb0, 0xe9, 0xff,
    0xbd, 0xb0, 0xe9, 0xff, 0xbd, 0xb0, 0xe9, 0xff, 0xbd, 0xb0, 0xe9, 0xff, 0xbd, 0xb0, 0xe9, 0xff,
    0xbd, 0xb0, 0xe9, 0xff, 0xbd, 0xb0, 0xe9, 0xff, 0xbd, 0xb0, 0xe9, 0xff, 0xbd, 0xb0, 0xe9, 0xff,
    0xbd, 0xb0, 0xe9, 0xff, 0xbd, 0xb0, 0xe9, 0xff, 0xbd, 0xb0, 0xe9, 0xff, 0xbd, 0xb0, 0xe9, 0xff,
    0xbd, 0xb0, 0xe9, 0xff, 0xbd, 0xb0, 0xe9, 0xff, 0xbd, 0xb0, 0xe9, 0xff, 0xbd, 0xb0, 0xe9, 0xff,
    0xbd, 0xb0, 0xe9, 0xff, 0xaa, 0x99, 0xe2, 0xff, 0x70, 0x53, 0xcf, 0xff, 0x5b, 0x3a, 0xc8, 0xff,
    0x5b, 0x3a, 0xc8, 0xff, 0x5b, 0x3a, 0xc8, 0xff, 0x5b, 0x3a, 0xc8, 0xff, 0x5b, 0x3a, 0xc8, 0xff,
    0x5b, 0x3a, 0xc8, 0xff, 0x5b, 0x3a, 0xc8, 0xff, 0x5b, 0x3a, 0xc8, 0xff, 0x5b, 0x3a, 0xc8, 0xff,
    0x5b, 0x3a, 0xc8, 0xff, 0x5b, 0x3a, 0xc8, 0xff, 0x5b, 0x3a, 0xc8, 0xff, 0x5b, 0x3a, 0xc8, 0xff,
    0x5b, 0x3a, 0xc8, 0xff, 0x5b, 0x3a, 0xc8, 0xff, 0x5b, 0x3a, 0xc8, 0xff, 0x5b, 0x3a, 0xc8, 0xff,
    0x5b, 0x3a, 0xc8, 0xff, 0x5b, 0x3a, 0xc8, 0xff, 0x5b, 0x3a, 0xc8, 0xff, 0x5b, 0x3a, 0xc8, 0xff,
    0x5b, 0x3a, 0xc8, 0xff, 0x5b, 0x3a, 0xc8, 0xff, 0x5b, 0x3a, 0xc8, 0xff, 0x5b, 0x3a, 0xc8, 0xff,
    0x5b, 0x3a, 0xc8, 0xff, 0x5b, 0x3a, 0xc8, 0xff, 0x5b, 0x3a, 0xc8, 0xff, 0x5b, 0x3a, 0xc8, 0xff,
    0x5b, 0x3a, 0xc8, 0xff, 0x5b, 0x3a, 0xc8, 0xff, 0x5b, 0x3a, 0xc8, 0xff, 0x5b, 0x3a, 0xc8, 0xff,
    0x5b, 0x3a, 0xc8, 0xff, 0x5b, 0x3a, 0xc8, 0xff, 0x5b, 0x3a, 0xc8, 0xff, 0x5b, 0x3a, 0xc8, 0xff,
    0x5b, 0x3a, 0xc8, 0xff, 0x5b, 0x3a, 0xc8, 0xff, 0x5b, 0x3a, 0xc8, 0xff, 0x5b, 0x3a, 0xc8, 0xff,
    0x5b, 0x3a, 0xc8, 0xff, 0x5b, 0x3a, 0xc8, 0xff, 0x5b, 0x3a, 0xc8, 0xff, 0x5b, 0x3a, 0xc8, 0xff,
    0x5b, 0x3a, 0xc8, 0xff, 0x5b, 0x3a, 0xc8, 0xff, 0x5b, 0x3a, 0xc8, 0xff, 0x5b, 0x3a, 0xc8, 0xff,
    0x5b, 0x3a, 0xc8, 0xff, 0x5b, 0x3a, 0xc8, 0xff, 0x5b, 0x3a, 0xc8, 0xff, 0x5b, 0x3a, 0xc8, 0xff,
    0x5b, 0x3a, 0xc8, 0xff, 0x5b, 0x3a, 0xc8, 0xff, 0x5b, 0x3a, 0xc8, 0xff, 0x5b, 0x3a, 0xc8, 0xff,
    0x5b, 0x3a, 0xc8, 0xff, 0x5b, 0x3a, 0xc8, 0xff, 0x5b, 0x3a, 0xc8, 0xff, 0x5b, 0x3a, 0xc8, 0xff,
    0x5b, 0x3a, 0xc8, 0xff, 0x5b, 0x3a, 0xc8, 0xff, 0x5b, 0x3a, 0xc8, 0xff, 0x5b, 0x3a, 0xc8, 0xff,
    0x5b, 0x3a, 0xc8, 0xff, 0x5b, 0x3a, 0xc8, 0xff, 0x5b, 0x3a, 0xc8, 0xff, 0x5b, 0x3a, 0xc8, 0xff,
    0x5b, 0x3a, 0xc8, 0xff, 0x5b, 0x3a, 0xc8, 0xff, 0x5b, 0x3a, 0xc8, 0xff, 0x5b, 0x3a, 0xc8, 0xff,
    0x5b, 0x3a, 0xc8, 0xff, 0x5b, 0x3a, 0xc8, 0xff, 0x5b, 0x3a, 0xc8, 0xff, 0x5b, 0x3a, 0xc8, 0xff,
    0x5b, 0x3a, 0xc8, 0xff, 0x5b, 0x3a, 0xc8, 0xff, 0x5b, 0x3a, 0xc8, 0xff, 0x5b, 0x3a, 0xc8, 0xff,
    0x5b, 0x3a, 0xc8, 0xff, 0x89, 0x71, 0xd7, 0xff, 0xbb, 0xae, 0xe8, 0xff, 0xbd, 0xb0, 0xe9, 0xff,
    0xbd, 0xb0, 0xe9, 0xff, 0xbd, 0xb0, 0xe9, 0xff, 0xbd, 0xb0, 0xe9, 0xff, 0xbd, 0xb0, 0xe9, 0xff,
    0xbd, 0xb0, 0xe9, 0xff, 0xbd, 0xb0, 0xe9, 0xff, 0xbd, 0xb0, 0xe9, 0xff, 0xbd, 0xb0, 0xe9, 0xff,
    0xbd, 0xb0, 0xe9, 0xff, 0xbd, 0xb0, 0xe9, 0xff, 0xbd, 0xb0, 0xe9, 0xff, 0xbd, 0xb0, 0xe9, 0xff,
    0xbd, 0xb0, 0xe9, 0xff, 0xbd, 0xb0, 0xe9, 0xff, 0xb1, 0xa1, 0xe5, 0xff, 0x9b, 0x87, 0xdd, 0xff,
    0x8c, 0x75, 0xd8, 0xff, 0x7e, 0x64, 0xd4, 0xff, 0x75, 0x59, 0xd0, 0xff, 0x6d, 0x50, 0xce, 0xff,
    0x67, 0x49, 0xcc, 0xff, 0x67, 0x49, 0xcc, 0xff, 0x67, 0x49, 0xcc, 0xff, 0x6d, 0x50, 0xce, 0xff,
    0x75, 0x59, 0xd0, 0xff, 0x7e, 0x64, 0xd4, 0xff, 0x8c, 0x75, 0xd8, 0xff, 0x9d, 0x89, 0xde, 0xff,
    0xaf, 0x9f, 0xe4, 0xff, 0xbd, 0xb0, 0xe9, 0xff, 0xbd, 0xb0, 0xe9, 0xff, 0xbd, 0xb0, 0xe9, 0xff,
    0xbd, 0xb0, 0xe9, 0xff, 0xbd, 0xb0, 0xe9, 0xff, 0xbd, 0xb0, 0xe9, 0xff, 0xbd, 0xb0, 0xe9, 0xff,
    0xbd, 0xb0, 0xe9, 0xff, 0xbd, 0xb0, 0xe9, 0xff, 0xbd, 0xb0, 0xe9, 0xff, 0xbd, 0xb0, 0xe9, 0xff,
    0xbd, 0xb0, 0xe9, 0xff, 0xbd, 0xb0, 0xe9, 0xff, 0xbd, 0xb0, 0xe9, 0xff, 0xbd, 0xb0, 0xe9, 0xff,
    0xba, 0xac, 0xe8, 0xff, 0x8a, 0x73, 0xd8, 0xff, 0x5b, 0x3a, 0xc8, 0xff, 0x5b, 0x3a, 0xc8, 0xff,
    0x5b, 0x3a, 0xc8, 0xff, 0x5b, 0x3a, 0xc8, 0xff, 0x5b, 0x3a, 0xc8, 0xff, 0x5b, 0x3a, 0xc8, 0xff,
    0x5b, 0x3a, 0xc8, 0xff, 0x5b, 0x3a, 0xc8, 0xff, 0x5b, 0x3a, 0xc8, 0xff, 0x5b, 0x3a, 0xc8, 0xff,
    0x5b, 0x3a, 0xc8, 0xff, 0x5b, 0x3a, 0xc8, 0xff, 0x5b, 0x3a, 0xc8, 0xff, 0x5b, 0x3a, 0xc8, 0xff,
    0x5b, 0x3a, 0xc8, 0xff, 0x5b, 0x3a, 0xc8, 0xff, 0x5b, 0x3a, 0xc8, 0xff, 0x5b, 0x3a, 0xc8, 0xff,
    0x5b, 0x3a, 0xc8, 0xff, 0x5b, 0x3a, 0xc8, 0xff, 0x5b, 0x3a, 0xc8, 0xff, 0x5b, 0x3a, 0xc8, 0xff,
    0x5b, 0x3a, 0xc8, 0xff, 0x5b, 0x3a, 0xc8, 0xff, 0x5b, 0x3a, 0xc8, 0xff, 0x5b, 0x3a, 0xc8, 0xff,
    0x5b, 0x3a, 0xc8, 0xff, 0x5b, 0x3a, 0xc8, 0xff, 0x5b, 0x3a, 0xc8, 0xff, 0x5b, 0x3a, 0xc8, 0xff,
    0x5b, 0x3a, 0xc8, 0xff, 0x5b, 0x3a, 0xc8, 0xff, 0x5b, 0x3a, 0xc8, 0xff, 0x5b, 0x3a, 0xc8, 0xff,
    0x5b, 0x3a, 0xc8, 0xff, 0x5b, 0x3a, 0xc8, 0xff, 0x5b, 0x3a, 0xc8, 0xff, 0x5b, 0x3a, 0xc8, 0xff,
    0x5b, 0x3a, 0xc8, 0xff, 0x5b, 0x3a, 0xc8, 0xff, 0x5b, 0x3a, 0xc8, 0xff, 0x5b, 0x3a, 0xc8, 0xff,
    0x5b, 0x3a, 0xc8, 0xff, 0x5b, 0x3a, 0xc8, 0xff, 0x5b, 0x3a, 0xc8, 0xff, 0x5b, 0x3a, 0xc8, 0xff,
    0x5b, 0x3a, 0xc8, 0xff, 0x5b, 0x3a, 0xc8, 0xff, 0x5b, 0x3a, 0xc8, 0xff, 0x5b, 0x3a, 0xc8, 0xff,
    0x5b, 0x3a, 0xc8, 0xff, 0x5b, 0x3a, 0xc8, 0xff, 0x5b, 0x3a, 0xc8, 0xff, 0x5b, 0x3a, 0xc8, 0xff,
    0x5b, 0x3a, 0xc8, 0xff, 0x5b, 0x3a, 0xc8, 0xff, 0x5b, 0x3a, 0xc8, 0xff, 0x5b, 0x3a, 0xc8, 0xff,
    0x5b, 0x3a, 0xc8, 0xff, 0x5b, 0x3a, 0xc8, 0xff, 0x5b, 0x3a, 0xc8, 0xff, 0x5b, 0x3a, 0xc8, 0xff,
    0x5b, 0x3a, 0xc8, 0xff, 0x5b, 0x3a, 0xc8, 0xff, 0x5b, 0x3a, 0xc8, 0xff, 0x5b, 0x3a, 0xc8, 0xff,
    0x5b, 0x3a, 0xc8, 0xff, 0x5b, 0x3a, 0xc8, 0xff, 0x5b, 0x3a, 0xc8, 0xff, 0x5b, 0x3a, 0xc8, 0xff,
    0x5b, 0x3a, 0xc8, 0xff, 0x5b, 0x3a, 0xc8, 0xff, 0x5b, 0x3a, 0xc8, 0xff, 0x5b, 0x3a, 0xc8, 0xff,
    0x5b, 0x3a, 0xc8, 0xff, 0x5b, 0x3a, 0xc8, 0xff, 0x5b, 0x3a, 0xc8, 0xff, 0x5b, 0x3a, 0xc8, 0xff,
    0x5b, 0x3a, 0xc8, 0xff, 0x5b, 0x3a, 0xc8, 0xff, 0x8f, 0x78, 0xd9, 0xff, 0xbd, 0xb0, 0xe9, 0xff,
    0xbd, 0xb0, 0xe9, 0xff, 0xbd, 0xb0, 0xe9, 0xff, 0xbd, 0xb0, 0xe9, 0xff, 0xbd, 0xb0, 0xe9, 0xff,
    0xbd, 0xb0, 0xe9, 0xff, 0xbd, 0xb0, 0xe9, 0xff, 0xbd, 0xb0, 0xe9, 0xff, 0xbd, 0xb0, 0xe9, 0xff,
    0xbd, 0xb0, 0xe9, 0xff, 0xbd, 0xb0, 0xe9, 0xff, 0xbd, 0xb0, 0xe9, 0xff, 0xbd, 0xb0, 0xe9, 0xff,
    0xb7, 0xa8, 0xe7, 0xff, 0x9a, 0x85, 0xdd, 0xff, 0x7e, 0x64, 0xd3, 0xff, 0x64, 0x45, 0xcb, 0xff,
    0x5b, 0x3a, 0xc8, 0xff, 0x5b, 0x3a, 0xc8, 0xff, 0x5b, 0x3a, 0xc8, 0xff, 0x5b, 0x3a, 0xc8, 0xff,
    0x5b, 0x3a, 0xc8, 0xff, 0x5b, 0x3a, 0xc8, 0xff, 0x5b, 0x3a, 0xc8, 0xff, 0x5b, 0x3a, 0xc8, 0xff,
    0x5b, 0x3a, 0xc8, 0xff, 0x5b, 0x3a, 0xc8, 0xff, 0x5b, 0x3a, 0xc8, 0xff, 0x5b, 0x3a, 0xc8, 0xff,
    0x5b, 0x3a, 0xc8, 0xff, 0x5b, 0x3a, 0xc8, 0xff, 0x5b, 0x3a, 0xc8, 0xff, 0x64, 0x45, 0xcb, 0xff,
    0x7f, 0x66, 0xd4, 0xff, 0x99, 0x85, 0xdd, 0xff, 0xb7, 0xa8, 0xe7, 0xff, 0xbd, 0xb0, 0xe9, 0xff,
    0xbd, 0xb0, 0xe9, 0xff, 0xbd, 0xb0, 0xe9, 0xff, 0xbd, 0xb0, 0xe9, 0xff, 0xbd, 0xb0, 0xe9, 0xff,
    0xbd, 0xb0, 0xe9, 0xff, 0xbd, 0xb0, 0xe9, 0xff, 0xbd, 0xb0, 0xe9, 0xff, 0xbd, 0xb0, 0xe9, 0xff,
    0xbd, 0xb0, 0xe9, 0xff, 0xbd, 0xb0, 0xe9, 0xff, 0xbd, 0xb0, 0xe9, 0xff, 0xbd, 0xb0, 0xe9, 0xff,
    0xa1, 0x8e, 0xdf, 0xff, 0x5e, 0x3d, 0xc9, 0xff, 0x5b, 0x3a, 0xc8, 0xff, 0x5b, 0x3a, 0xc8, 0xff,
    0x5b, 0x3a, 0xc8, 0xff, 0x5b, 0x3a, 0xc8, 0xff, 0x5b, 0x3a, 0xc8, 0xff, 0x5b, 0x3a, 0xc8, 0xff,
    0x5b, 0x3a, 0xc8, 0xff, 0x5b, 0x3a, 0xc8, 0xff, 0x5b, 0x3a, 0xc8, 0xff, 0x5b, 0x3a, 0xc8, 0xff,
    0x5b, 0x3a, 0xc8, 0xff, 0x5b, 0x3a, 0xc8, 0xff, 0x5b, 0x3a, 0xc8, 0xff, 0x5b, 0x3a, 0xc8, 0xff,
    0x5b, 0x3a, 0xc8, 0xff, 0x5b, 0x3a, 0xc8, 0xff, 0x5b, 0x3a, 0xc8, 0xff, 0x5b, 0x3a, 0xc8, 0xff,
    0x5b, 0x3a, 0xc8, 0xff, 0x5b, 0x3a, 0xc8, 0xff, 0x5b, 0x3a, 0xc8, 0xff, 0x5b, 0x3a, 0xc8, 0xff,
    0x5b, 0x3a, 0xc8, 0xff, 0x5b, 0x3a, 0xc8, 0xff, 0x5b, 0x3a, 0xc8, 0xff, 0x5b, 0x3a, 0xc8, 0xff,
    0x5b, 0x3a, 0xc8, 0xff, 0x5b, 0x3a, 0xc8, 0xff, 0x5b, 0x3a, 0xc8, 0xff, 0x5b, 0x3a, 0xc8, 0xff,
    0x5b, 0x3a, 0xc8, 0xff, 0x5b, 0x3a, 0xc8, 0xff, 0x5b, 0x3a, 0xc8, 0xff, 0x5b, 0x3a, 0xc8, 0xff,
    0x5b, 0x3a, 0xc8, 0xff, 0x5b, 0x3a, 0xc8, 0xff, 0x5b, 0x3a, 0xc8, 0xff, 0x5b, 0x3a, 0xc8, 0xff,
    0x5b, 0x3a, 0xc8, 0xff, 0x5b, 0x3a, 0xc8, 0xff, 0x5b, 0x3a, 0xc8, 0xff, 0x5b, 0x3a, 0xc8, 0xff,
    0x5b, 0x3a, 0xc8, 0xff, 0x5b, 0x3a, 0xc8, 0xff, 0x5b, 0x3a, 0xc8, 0xff, 0x5b, 0x3a, 0xc8, 0xff,
    0x5b, 0x3a, 0xc8, 0xff, 0x5b, 0x3a, 0xc8, 0xff, 0x5b, 0x3a, 0xc8, 0xff, 0x5b, 0x3a, 0xc8, 0xff,
    0x5b, 0x3a, 0xc8, 0xff, 0x5b, 0x3a, 0xc8, 0xff, 0x5b, 0x3a, 0xc8, 0xff, 0x5b, 0x3a, 0xc8, 0xff,
    0x5b, 0x3a, 0xc8, 0xff, 0x5b, 0x3a, 0xc8, 0xff, 0x5b, 0x3a, 0xc8, 0xff, 0x5b, 0x3a, 0xc8, 0xff,
    0x5b, 0x3a, 0xc8, 0xff, 0x5b, 0x3a, 0xc8, 0xff, 0x5b, 0x3a, 0xc8, 0xff, 0x5b, 0x3a, 0xc8, 0xff,
    0x5b, 0x3a, 0xc8, 0xff, 0x5b, 0x3a, 0xc8, 0xff, 0x5b, 0x3a, 0xc8, 0xff, 0x5b, 0x3a, 0xc8, 0xff,
    0x5b, 0x3a, 0xc8, 0xff, 0x5b, 0x3a, 0xc8, 0xff, 0x5b, 0x3a, 0xc8, 0xff, 0x5b, 0x3a, 0xc8, 0xff,
    0x5b, 0x3a, 0xc8, 0xff, 0x5b, 0x3a, 0xc8, 0xff, 0x5b, 0x3a, 0xc8, 0xff, 0x5b, 0x3a, 0xc8, 0xff,
    0x5b, 0x3a, 0xc8, 0xff, 0x5b, 0x3a, 0xc8, 0xff, 0x5b, 0x3a, 0xc8, 0xff, 0x67, 0x48, 0xcc, 0xff,
    0xbd, 0xb0, 0xe9, 0xff, 0xbd, 0xb0, 0xe9, 0xff, 0xbd, 0xb0, 0xe9, 0xff, 0xbd, 0xb0, 0xe9, 0xff,
    0xbd, 0xb0, 0xe9, 0xff, 0xbd, 0xb0, 0xe9, 0xff, 0xbd, 0xb0, 0xe9, 0xff, 0xbd, 0xb0, 0xe9, 0xff,
    0xbd, 0xb0, 0xe9, 0xff, 0xbd, 0xb0, 0xe9, 0xff, 0xbd, 0xb0, 0xe9, 0xff, 0xbd, 0xb0, 0xe9, 0xff,
    0xa4, 0x92, 0xe0, 0xff, 0x7e, 0x64, 0xd3, 0xff, 0x5e, 0x3d, 0xc9, 0xff, 0x5b, 0x3a, 0xc8, 0xff,
    0x5b, 0x3a, 0xc8, 0xff, 0x5b, 0x3a, 0xc8, 0xff, 0x5b, 0x3a, 0xc8, 0xff, 0x5b, 0x3a, 0xc8, 0xff,
    0x5b, 0x3a, 0xc8, 0xff, 0x5b, 0x3a, 0xc8, 0xff, 0x5b, 0x3a, 0xc8, 0xff, 0x5b, 0x3a, 0xc8, 0xff,
    0x5b, 0x3a, 0xc8, 0xff, 0x5b, 0x3a, 0xc8, 0xff, 0x5b, 0x3a, 0xc8, 0xff, 0x5b, 0x3a, 0xc8, 0xff,
    0x5b, 0x3a, 0xc8, 0xff, 0x5b, 0x3a, 0xc8, 0xff, 0x5b, 0x3a, 0xc8, 0xff, 0x5b, 0x3a, 0xc8, 0xff,
    0x5b, 0x3a, 0xc8, 0xff, 0x5b, 0x3a, 0xc8, 0xff, 0x5b, 0x3a, 0xc8, 0xff, 0x5b, 0x3a, 0xc8, 0xff,
    0x5e, 0x3d, 0xc9, 0xff, 0x7c, 0x62, 0xd3, 0xff, 0xa6, 0x94, 0xe1, 0xff, 0xbd, 0xb0, 0xe9, 0xff,
    0xbd, 0xb0, 0xe9, 0xff, 0xbd, 0xb0, 0xe9, 0xff, 0xbd, 0xb0, 0xe9, 0xff, 0xbd, 0xb0, 0xe9, 0xff,
    0xbd, 0xb0, 0xe9, 0xff, 0xbd, 0xb0, 0xe9, 0xff, 0xbd, 0xb0, 0xe9, 0xff, 0xbd, 0xb0, 0xe9, 0xff,
    0xbd, 0xb0, 0xe9, 0xff, 0xbd, 0xb0, 0xe9, 0xff, 0xbd, 0xb0, 0xe9, 0xff, 0x8c, 0x75, 0xd8, 0xff,
    0x5b, 0x3a, 0xc8, 0xff, 0x5b, 0x3a, 0xc8, 0xff, 0x5b, 0x3a, 0xc8, 0xff, 0x5b, 0x3a, 0xc8, 0xff,
    0x5b, 0x3a, 0xc8, 0xff, 0x5b, 0x3a, 0xc8, 0xff, 0x5b, 0x3a, 0xc8, 0xff, 0x5b, 0x3a, 0xc8, 0xff,
    0x5b, 0x3a, 0xc8, 0xff, 0x5b, 0x3a, 0xc8, 0xff, 0x5b, 0x3a, 0xc8, 0xff, 0x5b, 0x3a, 0xc8, 0xff,
    0x5b, 0x3a, 0xc8, 0xff, 0x5b, 0x3a, 0xc8, 0xff, 0x5b, 0x3a, 0xc8, 0xff, 0x5b, 0x3a, 0xc8, 0xff,
    0x5b, 0x3a, 0xc8, 0xff, 0x5b, 0x3a, 0xc8, 0xff, 0x5b, 0x3a, 0xc8, 0xff, 0x5b, 0x3a, 0xc8, 0xff,
    0x5b, 0x3a, 0xc8, 0xff, 0x5b, 0x3a, 0xc8, 0xff, 0x5b, 0x3a, 0xc8, 0xff, 0x5b, 0x3a, 0xc8, 0xff,
    0x5b, 0x3a, 0xc8, 0xff, 0x5b, 0x3a, 0xc8, 0xff, 0x5b, 0x3a, 0xc8, 0xff, 0x5b, 0x3a, 0xc8, 0xff,
    0x5b, 0x3a, 0xc8, 0xff, 0x5b, 0x3a, 0xc8, 0xff, 0x5b, 0x3a, 0xc8, 0xff, 0x5b, 0x3a, 0xc8, 0xff,
    0x5b, 0x3a, 0xc8, 0xff, 0x5b, 0x3a, 0xc8, 0xff, 0x5b, 0x3a, 0xc8, 0xff, 0x5b, 0x3a, 0xc8, 0xff,
    0x5b, 0x3a, 0xc8, 0xff, 0x5b, 0x3a, 0xc8, 0xff, 0x5b, 0x3a, 0xc8, 0xff, 0x5b, 0x3a, 0xc8, 0xff,
    0x5b, 0x3a, 0xc8, 0xff, 0x5b, 0x3a, 0xc8, 0xff, 0x5b, 0x3a, 0xc8, 0xff, 0x5b, 0x3a, 0xc8, 0xff,
    0x5b, 0x3a, 0xc8, 0xff, 0x5b, 0x3a, 0xc8, 0xff, 0x5b, 0x3a, 0xc8, 0xff, 0x5b, 0x3a, 0xc8, 0xff,
    0x5b, 0x3a, 0xc8, 0xff, 0x5b, 0x3a, 0xc8, 0xff, 0x5b, 0x3a, 0xc8, 0xff, 0x5b, 0x3a, 0xc8, 0xff,
    0x5b, 0x3a, 0xc8, 0xff, 0x5b, 0x3a, 0xc8, 0xff, 0x5b, 0x3a, 0xc8, 0xff, 0x5b, 0x3a, 0xc8, 0xff,
    0x5b, 0x3a, 0xc8, 0xff, 0x5b, 0x3a, 0xc8, 0xff, 0x5b, 0x3a, 0xc8, 0xff, 0x5b, 0x3a, 0xc8, 0xff,
    0x5b, 0x3a, 0xc8, 0xff, 0x5b, 0x3a, 0xc8, 0xff, 0x5b, 0x3a, 0xc8, 0xff, 0x5b, 0x3a, 0xc8, 0xff,
    0x5b, 0x3a, 0xc8, 0xff, 0x5b, 0x3a, 0xc8, 0xff, 0x5b, 0x3a, 0xc8, 0xff, 0x5b, 0x3a, 0xc8, 0xff,
    0x5b, 0x3a, 0xc8, 0xff, 0x5b, 0x3a, 0xc8, 0xff, 0x5b, 0x3a, 0xc8, 0xff, 0x5b, 0x3a, 0xc8, 0xff,
    0x5b, 0x3a, 0xc8, 0xff, 0x5b, 0x3a, 0xc8, 0xff, 0x5b, 0x3a, 0xc8, 0xff, 0x5b, 0x3a, 0xc8, 0xff,
    0x5b, 0x3a, 0xc8, 0xff, 0x7e, 0x64, 0xd4, 0xff, 0xbd, 0xb0, 0xe9, 0xff, 0xbd, 0xb0, 0xe9, 0xff,
    0xbd, 0xb0, 0xe9, 0xff, 0xbd, 0xb0, 0xe9, 0xff, 0xbd, 0xb0, 0xe9, 0xff, 0xbd, 0xb0, 0xe9, 0xff,
    0xbd, 0xb0, 0xe9, 0xff, 0xbd, 0xb0, 0xe9, 0xff, 0xbd, 0xb0, 0xe9, 0xff, 0xbd, 0xb0, 0xe9, 0xff,
    0x9e, 0x8b, 0xde, 0xff, 0x6f, 0x52, 0xce, 0xff, 0x5b, 0x3a, 0xc8, 0xff, 0x5b, 0x3a, 0xc8, 0xff,
    0x5b, 0x3a, 0xc8, 0xff, 0x5b, 0x3a, 0xc8, 0xff, 0x5b, 0x3a, 0xc8, 0xff, 0x5b, 0x3a, 0xc8, 0xff,
    0x5b, 0x3a, 0xc8, 0xff, 0x5b, 0x3a, 0xc8, 0xff, 0x5b, 0x3a, 0xc8, 0xff, 0x5b, 0x3a, 0xc8, 0xff,
    0x5b, 0x3a, 0xc8, 0xff, 0x5b, 0x3a, 0xc8, 0xff, 0x5b, 0x3a, 0xc8, 0xff, 0x5b, 0x3a, 0xc8, 0xff,
    0x5b, 0x3a, 0xc8, 0xff, 0x5b, 0x3a, 0xc8, 0xff, 0x5b, 0x3a, 0xc8, 0xff, 0x5b, 0x3a, 0xc8, 0xff,
    0x5b, 0x3a, 0xc8, 0xff, 0x5b, 0x3a, 0xc8, 0xff, 0x5b, 0x3a, 0xc8, 0xff, 0x5b, 0x3a, 0xc8, 0xff,
    0x5b, 0x3a, 0xc8, 0xff, 0x5b, 0x3a, 0xc8, 0xff, 0x5b, 0x3a, 0xc8, 0xff, 0x5b, 0x3a, 0xc8, 0xff,
    0x5b, 0x3a, 0xc8, 0xff, 0x6d, 0x50, 0xce, 0xff, 0x9e, 0x8b, 0xde, 0xff, 0xbd, 0xb0, 0xe9, 0xff,
    0xbd, 0xb0, 0xe9, 0xff, 0xbd, 0xb0, 0xe9, 0xff, 0xbd, 0xb0, 0xe9, 0xff, 0xbd, 0xb0, 0xe9, 0xff,
    0xbd, 0xb0, 0xe9, 0xff, 0xbd, 0xb0, 0xe9, 0xff, 0xbd, 0xb0, 0xe9, 0xff, 0xbd, 0xb0, 0xe9, 0xff,
    0xbd, 0xb0, 0xe9, 0xff, 0xad, 0x9d, 0xe3, 0xff, 0x5b, 0x3a, 0xc8, 0xff, 0x5b, 0x3a, 0xc8, 0xff,
    0x5b, 0x3a, 0xc8, 0xff, 0x5b, 0x3a, 0xc8, 0xff, 0x5b, 0x3a, 0xc8, 0xff, 0x5b, 0x3a, 0xc8, 0xff,
    0x5b, 0x3a, 0xc8, 0xff, 0x5b, 0x3a, 0xc8, 0xff, 0x5b, 0x3a, 0xc8, 0xff, 0x5b, 0x3a, 0xc8, 0xff,
    0x5b, 0x3a, 0xc8, 0xff, 0x5b, 0x3a, 0xc8, 0xff, 0x5b, 0x3a, 0xc8, 0xff, 0x5b, 0x3a, 0xc8, 0xff,
    0x5b, 0x3a, 0xc8, 0xff, 0x5b, 0x3a, 0xc8, 0xff, 0x5b, 0x3a, 0xc8, 0xff, 0x5b, 0x3a, 0xc8, 0xff,
    0x5b, 0x3a, 0xc8, 0xff, 0x5b, 0x3a, 0xc8, 0xff, 0x5b, 0x3a, 0xc8, 0xff, 0x5b, 0x3a, 0xc8, 0xff,
    0x5b, 0x3a, 0xc8, 0xff, 0x5b, 0x3a, 0xc8, 0xff, 0x5b, 0x3a, 0xc8, 0xff, 0x5b, 0x3a, 0xc8, 0xff,
    0x5b, 0x3a, 0xc8, 0xff, 0x5b, 0x3a, 0xc8, 0xff, 0x5b, 0x3a, 0xc8, 0xff, 0x5b, 0x3a, 0xc8, 0xff,
    0x5b, 0x3a, 0xc8, 0xff, 0x5b, 0x3a, 0xc8, 0xff, 0x5b, 0x3a, 0xc8, 0xff, 0x5b, 0x3a, 0xc8, 0xff,
    0x5b, 0x3a, 0xc8, 0xff, 0x5b, 0x3a, 0xc8, 0xff, 0x5b, 0x3a, 0xc8, 0xff, 0x5b, 0x3a, 0xc8, 0xff,
    0x5b, 0x3a, 0xc8, 0xff, 0x5b, 0x3a, 0xc8, 0xff, 0x5b, 0x3a, 0xc8, 0xff, 0x5b, 0x3a, 0xc8, 0xff,
    0x5b, 0x3a, 0xc8, 0xff, 0x5b, 0x3a, 0xc8, 0xff, 0x5b, 0x3a, 0xc8, 0xff, 0x5b, 0x3a, 0xc8, 0xff,
    0x5b, 0x3a, 0xc8, 0xff, 0x5b, 0x3a, 0xc8, 0xff, 0x5b, 0x3a, 0xc8, 0xff, 0x5b, 0x3a, 0xc8, 0xff,
    0x5b, 0x3a, 0xc8, 0xff, 0x5b, 0x3a, 0xc8, 0xff, 0x5b, 0x3a, 0xc8, 0xff, 0x5b, 0x3a, 0xc8, 0xff,
    0x5b, 0x3a, 0xc8, 0xff, 0x5b, 0x3a, 0xc8, 0xff, 0x5b, 0x3a, 0xc8, 0xff, 0x5b, 0x3a, 0xc8, 0xff,
    0x5b, 0x3a, 0xc8, 0xff, 0x5b, 0x3a, 0xc8, 0xff, 0x5b, 0x3a, 0xc8, 0xff, 0x5b, 0x3a, 0xc8, 0xff,
    0x5b, 0x3a, 0xc8, 0xff, 0x5b, 0x3a, 0xc8, 0xff, 0x5b, 0x3a, 0xc8, 0xff, 0x5b, 0x3a, 0xc8, 0xff,
    0x5b, 0x3a, 0xc8, 0xff, 0x5b, 0x3a, 0xc8, 0xff, 0x5b, 0x3a, 0xc8, 0xff, 0x5b, 0x3a, 0xc8, 0xff,
    0x5b, 0x3a, 0xc8, 0xff, 0x5b, 0x3a, 0xc8, 0xff, 0x5b, 0x3a, 0xc8, 0xff, 0x5b, 0x3a, 0xc8, 0xff,
    0x5b, 0x3a, 0xc8, 0xff, 0x5b, 0x3a, 0xc8, 0xff, 0x5b, 0x3a, 0xc8, 0xff, 0x7b, 0x60, 0xd2, 0xff,
    0xbd, 0xb0, 0xe9, 0xff, 0xbd, 0xb0, 0xe9, 0xff, 0xbd, 0xb0, 0xe9, 0xff, 0xbd, 0xb0, 0xe9, 0xff,
    0xbd, 0xb0, 0xe9, 0xff, 0xbd, 0xb0, 0xe9, 0xff, 0xbd, 0xb0, 0xe9, 0xff, 0xbd, 0xb0, 0xe9, 0xff,
    0xa6, 0x94, 0xe1, 0xff, 0x70, 0x53, 0xcf, 0xff, 0x5b, 0x3a, 0xc8, 0xff, 0x5b, 0x3a, 0xc8, 0xff,
    0x5b, 0x3a, 0xc8, 0xff, 0x5b, 0x3a, 0xc8, 0xff, 0x5b, 0x3a, 0xc8, 0xff, 0x5b, 0x3a, 0xc8, 0xff,
    0x5b, 0x3a, 0xc8, 0xff, 0x5b, 0x3a, 0xc8, 0xff, 0x5b, 0x3a, 0xc8, 0xff, 0x5b, 0x3a, 0xc8, 0xff,
    0x5b, 0x3a, 0xc8, 0xff, 0x5b, 0x3a, 0xc8, 0xff, 0x5b, 0x3a, 0xc8, 0xff, 0x5b, 0x3a, 0xc8, 0xff,
    0x5b, 0x3a, 0xc8, 0xff, 0x5b, 0x3a, 0xc8, 0xff, 0x5b, 0x3a, 0xc8, 0xff, 0x5b, 0x3a, 0xc8, 0xff,
    0x5b, 0x3a, 0xc8, 0xff, 0x5b, 0x3a, 0xc8, 0xff, 0x5b, 0x3a, 0xc8, 0xff, 0x5b, 0x3a, 0xc8, 0xff,
    0x5b, 0x3a, 0xc8, 0xff, 0x5b, 0x3a, 0xc8, 0xff, 0x5b, 0x3a, 0xc8, 0xff, 0x5b, 0x3a, 0xc8, 0xff,
    0x5b, 0x3a, 0xc8, 0xff, 0x5b, 0x3a, 0xc8, 0xff, 0x5b, 0x3a, 0xc8, 0xff, 0x5b, 0x3a, 0xc8, 0xff,
    0x5b, 0x3a, 0xc8, 0xff, 0x6d, 0x50, 0xce, 0xff, 0xa9, 0x98, 0xe2, 0xff, 0xbd, 0xb0, 0xe9, 0xff,
    0xbd, 0xb0, 0xe9, 0xff, 0xbd, 0xb0, 0xe9, 0xff, 0xbd, 0xb0, 0xe9, 0xff, 0xbd, 0xb0, 0xe9, 0xff,
    0xbd, 0xb0, 0xe9, 0xff, 0xbd, 0xb0, 0xe9, 0xff, 0xbd, 0xb0, 0xe9, 0xff, 0xb2, 0xa3, 0xe5, 0xff,
    0x5b, 0x3a, 0xc8, 0xff, 0x5b, 0x3a, 0xc8, 0xff, 0x5b, 0x3a, 0xc8, 0xff, 0x5b, 0x3a, 0xc8, 0xff,
    0x5b, 0x3a, 0xc8, 0xff, 0x5b, 0x3a, 0xc8, 0xff, 0x5b, 0x3a, 0xc8, 0xff, 0x5b, 0x3a, 0xc8, 0xff,
    0x5b, 0x3a, 0xc8, 0xff, 0x5b, 0x3a, 0xc8, 0xff, 0x5b, 0x3a, 0xc8, 0xff, 0x5b, 0x3a, 0xc8, 0xff,
    0x5b, 0x3a, 0xc8, 0xff, 0x5b, 0x3a, 0xc8, 0xff, 0x5b, 0x3a, 0xc8, 0xff, 0x5b, 0x3a, 0xc8, 0xff,
    0x5b, 0x3a, 0xc8, 0xff, 0x5b, 0x3a, 0xc8, 0xff, 0x5b, 0x3a, 0xc8, 0xff, 0x5b, 0x3a, 0xc8, 0xff,
    0x5b, 0x3a, 0xc8, 0xff, 0x5b, 0x3a, 0xc8, 0xff, 0x5b, 0x3a, 0xc8, 0xff, 0x5b, 0x3a, 0xc8, 0xff,
    0x5b, 0x3a, 0xc8, 0xff, 0x5b, 0x3a, 0xc8, 0xff, 0x5b, 0x3a, 0xc8, 0xff, 0x5b, 0x3a, 0xc8, 0xff,
    0x5b, 0x3a, 0xc8, 0xff, 0x5b, 0x3a, 0xc8, 0xff, 0x5b, 0x3a, 0xc8, 0xff, 0x5b, 0x3a, 0xc8, 0xff,
    0x5b, 0x3a, 0xc8, 0xff, 0x5b, 0x3a, 0xc8, 0xff, 0x5b, 0x3a, 0xc8, 0xff, 0x5b, 0x3a, 0xc8, 0xff,
    0x5b, 0x3a, 0xc8, 0xff, 0x5b, 0x3a, 0xc8, 0xff, 0x5b, 0x3a, 0xc8, 0xff, 0x5b, 0x3a, 0xc8, 0xff,
    0x5b, 0x3a, 0xc8, 0xff, 0x5b, 0x3a, 0xc8, 0xff, 0x5b, 0x3a, 0xc8, 0xff, 0x5b, 0x3a, 0xc8, 0xff,
    0x5b, 0x3a, 0xc8, 0xff, 0x5b, 0x3a, 0xc8, 0xff, 0x5b, 0x3a, 0xc8, 0xff, 0x5b, 0x3a, 0xc8, 0xff,
    0x5b, 0x3a, 0xc8, 0xff, 0x5b, 0x3a, 0xc8, 0xff, 0x5b, 0x3a, 0xc8, 0xff, 0x5b, 0x3a, 0xc8, 0xff,
    0x5b, 0x3a, 0xc8, 0xff, 0x5b, 0x3a, 0xc8, 0xff, 0x5b, 0x3a, 0xc8, 0xff, 0x5b, 0x3a, 0xc8, 0xff,
    0x5b, 0x3a, 0xc8, 0xff, 0x5b, 0x3a, 0xc8, 0xff, 0x5b, 0x3a, 0xc8, 0xff, 0x5b, 0x3a, 0xc8, 0xff,
    0x5b, 0x3a, 0xc8, 0xff, 0x5b, 0x3a, 0xc8, 0xff, 0x5b, 0x3a, 0xc8, 0xff, 0x5b, 0x3a, 0xc8, 0xff,
    0x5b, 0x3a, 0xc8, 0xff, 0x5b, 0x3a, 0xc8, 0xff, 0x5b, 0x3a, 0xc8, 0xff, 0x5b, 0x3a, 0xc8, 0xff,
    0x5b, 0x3a, 0xc8, 0xff, 0x5b, 0x3a, 0xc8, 0xff, 0x5b, 0x3a, 0xc8, 0xff, 0x5b, 0x3a, 0xc8, 0xff,
    0x5b, 0x3a, 0xc8, 0xff, 0x5b, 0x3a, 0xc8, 0xff, 0x5b, 0x3a, 0xc8, 0xff, 0x5b, 0x3a, 0xc8, 0xff,
    0x5b, 0x3a, 0xc8, 0xff, 0x61, 0x41, 0xca, 0xff, 0xb6, 0xa8, 0xe7, 0xff, 0xbd, 0xb0, 0xe9, 0xff,
    0xbd, 0xb0, 0xe9, 0xff, 0xbd, 0xb0, 0xe9, 0xff, 0xbd, 0xb0, 0xe9, 0xff, 0xbd, 0xb0, 0xe9, 0xff,
    0xb7, 0xa8, 0xe7, 0xff, 0x7f, 0x66, 0xd4, 0xff, 0x5b, 0x3a, 0xc8, 0xff, 0x5b, 0x3a, 0xc8, 0xff,
    0x5b, 0x3a, 0xc8, 0xff, 0x5b, 0x3a, 0xc8, 0xff, 0x5b, 0x3a, 0xc8, 0xff, 0x5b, 0x3a, 0xc8, 0xff,
    0x5b, 0x3a, 0xc8, 0xff, 0x5b, 0x3a, 0xc8, 0xff, 0x5b, 0x3a, 0xc8, 0xff, 0x5b, 0x3a, 0xc8, 0xff,
    0x5b, 0x3a, 0xc8, 0xff, 0x5b, 0x3a, 0xc8, 0xff, 0x5b, 0x3a, 0xc8, 0xff, 0x60, 0x40, 0xc9, 0xff,
    0x74, 0x59, 0xd0, 0xff, 0x81, 0x68, 0xd4, 0xff, 0x8e, 0x77, 0xd9, 0xff, 0x8e, 0x77, 0xd9, 0xff,
    0x8b, 0x74, 0xd8, 0xff, 0x81, 0x68, 0xd4, 0xff, 0x74, 0x59, 0xd0, 0xff, 0x60, 0x40, 0xc9, 0xff,
    0x5b, 0x3a, 0xc8, 0xff, 0x5b, 0x3a, 0xc8, 0xff, 0x5b, 0x3a, 0xc8, 0xff, 0x5b, 0x3a, 0xc8, 0xff,
    0x5b, 0x3a, 0xc8, 0xff, 0x5b, 0x3a, 0xc8, 0xff, 0x5b, 0x3a, 0xc8, 0xff, 0x5b, 0x3a, 0xc8, 0xff,
    0x5b, 0x3a, 0xc8, 0xff, 0x5b, 0x3a, 0xc8, 0xff, 0x5b, 0x3a, 0xc8, 0xff, 0x5b, 0x3a, 0xc8, 0xff,
    0x5b, 0x3a, 0xc8, 0xff, 0x82, 0x6a, 0xd5, 0xff, 0xba, 0xac, 0xe8, 0xff, 0xbd, 0xb0, 0xe9, 0xff,
    0xbd, 0xb0, 0xe9, 0xff, 0xbd, 0xb0, 0xe9, 0xff, 0xbd, 0xb0, 0xe9, 0xff, 0xbd, 0xb0, 0xe9, 0xff,
    0xbd, 0xb0, 0xe9, 0xff, 0x9c, 0x89, 0xde, 0xff, 0x5b, 0x3a, 0xc8, 0xff, 0x5b, 0x3a, 0xc8, 0xff,
    0x5b, 0x3a, 0xc8, 0xff, 0x5b, 0x3a, 0xc8, 0xff, 0x5b, 0x3a, 0xc8, 0xff, 0x5b, 0x3a, 0xc8, 0xff,
    0x5b, 0x3a, 0xc8, 0xff, 0x5b, 0x3a, 0xc8, 0xff, 0x5b, 0x3a, 0xc8, 0xff, 0x5b, 0x3a, 0xc8, 0xff,
    0x5b, 0x3a, 0xc8, 0xff, 0x5b, 0x3a, 0xc8, 0xff, 0x5b, 0x3a, 0xc8, 0xff, 0x5b, 0x3a, 0xc8, 0xff,
    0x5b, 0x3a, 0xc8, 0xff, 0x5b, 0x3a, 0xc8, 0xff, 0x5b, 0x3a, 0xc8, 0xff, 0x5b, 0x3a, 0xc8, 0xff,
    0x5b, 0x3a, 0xc8, 0xff, 0x5b, 0x3a, 0xc8, 0xff, 0x5b, 0x3a, 0xc8, 0xff, 0x5b, 0x3a, 0xc8, 0xff,
    0x5b, 0x3a, 0xc8, 0xff, 0x5b, 0x3a, 0xc8, 0xff, 0x5b, 0x3a, 0xc8, 0xff, 0x5b, 0x3a, 0xc8, 0xff,
    0x5b, 0x3a, 0xc8, 0xff, 0x5b, 0x3a, 0xc8, 0xff, 0x5b, 0x3a, 0xc8, 0xff, 0x5b, 0x3a, 0xc8, 0xff,
    0x5b, 0x3a, 0xc8, 0xff, 0x5b, 0x3a, 0xc8, 0xff, 0x5b, 0x3a, 0xc8, 0xff, 0x5b, 0x3a, 0xc8, 0xff,
    0x5b, 0x3a, 0xc8, 0xff, 0x5b, 0x3a, 0xc8, 0xff, 0x5b, 0x3a, 0xc8, 0xff, 0x5b, 0x3a, 0xc8, 0xff,
    0x5b, 0x3a, 0xc8, 0xff, 0x5b, 0x3a, 0xc8, 0xff, 0x5b, 0x3a, 0xc8, 0xff, 0x5b, 0x3a, 0xc8, 0xff,
    0x5b, 0x3a, 0xc8, 0xff, 0x5b, 0x3a, 0xc8, 0xff, 0x5b, 0x3a, 0xc8, 0xff, 0x5b, 0x3a, 0xc8, 0xff,
    0x5b, 0x3a, 0xc8, 0xff, 0x5b, 0x3a, 0xc8, 0xff, 0x5b, 0x3a, 0xc8, 0xff, 0x5b, 0x3a, 0xc8, 0xff,
    0x5b, 0x3a, 0xc8, 0xff, 0x5b, 0x3a, 0xc8, 0xff, 0x5b, 0x3a, 0xc8, 0xff, 0x5b, 0x3a, 0xc8, 0xff,
    0x5b, 0x3a, 0xc8, 0xff, 0x5b, 0x3a, 0xc8, 0xff, 0x5b, 0x3a, 0xc8, 0xff, 0x5b, 0x3a, 0xc8, 0xff,
    0x5b, 0x3a, 0xc8, 0xff, 0x5b, 0x3a, 0xc8, 0xff, 0x5b, 0x3a, 0xc8, 0xff, 0x5b, 0x3a, 0xc8, 0xff,
    0x5b, 0x3a, 0xc8, 0xff, 0x5b, 0x3a, 0xc8, 0xff, 0x5b, 0x3a, 0xc8, 0xff, 0x5b, 0x3a, 0xc8, 0xff,
    0x5b, 0x3a, 0xc8, 0xff, 0x5b, 0x3a, 0xc8, 0xff, 0x5b, 0x3a, 0xc8, 0xff, 0x5b, 0x3a, 0xc8, 0xff,
    0x5b, 0x3a, 0xc8, 0xff, 0x5b, 0x3a, 0xc8, 0xff, 0x5b, 0x3a, 0xc8, 0xff, 0x5b, 0x3a, 0xc8, 0xff,
    0x5b, 0x3a, 0xc8, 0xff, 0x5b, 0x3a, 0xc8, 0xff, 0x5b, 0x3a, 0xc8, 0xff, 0x5b, 0x3a, 0xc8, 0xff,
    0x76, 0x5b, 0xd1, 0xff, 0xba, 0xac, 0xe8, 0xff, 0xbd, 0xb0, 0xe9, 0xff, 0xbd, 0xb0, 0xe9, 0xff,
    0xbd, 0xb0, 0xe9, 0xff, 0xa4, 0x92, 0xe0, 0xff, 0x65, 0x47, 0xcb, 0xff, 0x5b, 0x3a, 0xc8, 0xff,
    0x5b, 0x3a, 0xc8, 0xff, 0x5b, 0x3a, 0xc8, 0xff, 0x5b, 0x3a, 0xc8, 0xff, 0x5b, 0x3a, 0xc8, 0xff,
    0x5b, 0x3a, 0xc8, 0xff, 0x5b, 0x3a, 0xc8, 0xff, 0x5b, 0x3a, 0xc8, 0xff, 0x5b, 0x3a, 0xc8, 0xff,
    0x5b, 0x3a, 0xc8, 0xff, 0x72, 0x55, 0xcf, 0xff, 0xa0, 0x8d, 0xdf, 0xff, 0xc9, 0xbe, 0xec, 0xff,
    0xe8, 0xe3, 0xf7, 0xff, 0xfc, 0xfb, 0xfe, 0xff, 0xff, 0xff, 0xff, 0xff, 0xff, 0xff, 0xff, 0xff,
    0xff, 0xff, 0xff, 0xff, 0xff, 0xff, 0xff, 0xff, 0xff, 0xff, 0xff, 0xff, 0xff, 0xff, 0xff, 0xff,
    0xff, 0xff, 0xff, 0xff, 0xff, 0xff, 0xff, 0xff, 0xea, 0xe6, 0xf8, 0xff, 0xc9, 0xbe, 0xec, 0xff,
    0xa0, 0x8d, 0xdf, 0xff, 0x6f, 0x52, 0xce, 0xff, 0x5b, 0x3a, 0xc8, 0xff, 0x5b, 0x3a, 0xc8, 0xff,
    0x5b, 0x3a, 0xc8, 0xff, 0x5b, 0x3a, 0xc8, 0xff, 0x5b, 0x3a, 0xc8, 0xff, 0x5b, 0x3a, 0xc8, 0xff,
    0x5b, 0x3a, 0xc8, 0xff, 0x5b, 0x3a, 0xc8, 0xff, 0x5b, 0x3a, 0xc8, 0xff, 0x5b, 0x3a, 0xc8, 0xff,
    0x67, 0x48, 0xcc, 0xff, 0xa6, 0x94, 0xe1, 0xff, 0xbd, 0xb0, 0xe9, 0xff, 0xbd, 0xb0, 0xe9, 0xff,
    0xbd, 0xb0, 0xe9, 0xff, 0xbd, 0xb0, 0xe9, 0xff, 0xb5, 0xa6, 0xe6, 0xff, 0x67, 0x48, 0xcc, 0xff,
    0x5b, 0x3a, 0xc8, 0xff, 0x5b, 0x3a, 0xc8, 0xff, 0x5b, 0x3a, 0xc8, 0xff, 0x5b, 0x3a, 0xc8, 0xff,
    0x5b, 0x3a, 0xc8, 0xff, 0x5b, 0x3a, 0xc8, 0xff, 0x5b, 0x3a, 0xc8, 0xff, 0x5b, 0x3a, 0xc8, 0xff,
    0x5b, 0x3a, 0xc8, 0xff, 0x5b, 0x3a, 0xc8, 0xff, 0x5b, 0x3a, 0xc8, 0xff, 0x5b, 0x3a, 0xc8, 0xff,
    0x5b, 0x3a, 0xc8, 0xff, 0x5b, 0x3a, 0xc8, 0xff, 0x5b, 0x3a, 0xc8, 0xff, 0x5b, 0x3a, 0xc8, 0xff,
    0x5b, 0x3a, 0xc8, 0xff, 0x5b, 0x3a, 0xc8, 0xff, 0x5b, 0x3a, 0xc8, 0xff, 0x5b, 0x3a, 0xc8, 0xff,
    0x5b, 0x3a, 0xc8, 0xff, 0x5b, 0x3a, 0xc8, 0xff, 0x5b, 0x3a, 0xc8, 0xff, 0x5b, 0x3a, 0xc8, 0xff,
    0x5b, 0x3a, 0xc8, 0xff, 0x5b, 0x3a, 0xc8, 0xff, 0x5b, 0x3a, 0xc8, 0xff, 0x5b, 0x3a, 0xc8, 0xff,
    0x5b, 0x3a, 0xc8, 0xff, 0x5b, 0x3a, 0xc8, 0xff, 0x5b, 0x3a, 0xc8, 0xff, 0x5b, 0x3a, 0xc8, 0xff,
    0x5b, 0x3a, 0xc8, 0xff, 0x5b, 0x3a, 0xc8, 0xff, 0x5b, 0x3a, 0xc8, 0xff, 0x5b, 0x3a, 0xc8, 0xff,
    0x5b, 0x3a, 0xc8, 0xff, 0x5b, 0x3a, 0xc8, 0xff, 0x5b, 0x3a, 0xc8, 0xff, 0x5b, 0x3a, 0xc8, 0xff,
    0x5b, 0x3a, 0xc8, 0xff, 0x5b, 0x3a, 0xc8, 0xff, 0x5b, 0x3a, 0xc8, 0xff, 0x5b, 0x3a, 0xc8, 0xff,
    0x5b, 0x3a, 0xc8, 0xff, 0x5b, 0x3a, 0xc8, 0xff, 0x5b, 0x3a, 0xc8, 0xff, 0x5b, 0x3a, 0xc8, 0xff,
    0x5b, 0x3a, 0xc8, 0xff, 0x5b, 0x3a, 0xc8, 0xff, 0x5b, 0x3a, 0xc8, 0xff, 0x5b, 0x3a, 0xc8, 0xff,
    0x5b, 0x3a, 0xc8, 0xff, 0x5b, 0x3a, 0xc8, 0xff, 0x5b, 0x3a, 0xc8, 0xff, 0x5b, 0x3a, 0xc8, 0xff,
    0x5b, 0x3a, 0xc8, 0xff, 0x5b, 0x3a, 0xc8, 0xff, 0x5b, 0x3a, 0xc8, 0xff, 0x5b, 0x3a, 0xc8, 0xff,
    0x5b, 0x3a, 0xc8, 0xff, 0x5b, 0x3a, 0xc8, 0xff, 0x5b, 0x3a, 0xc8, 0xff, 0x5b, 0x3a, 0xc8, 0xff,
    0x5b, 0x3a, 0xc8, 0xff, 0x5b, 0x3a, 0xc8, 0xff, 0x5b, 0x3a, 0xc8, 0xff, 0x5b, 0x3a, 0xc8, 0xff,
    0x5b, 0x3a, 0xc8, 0xff, 0x5b, 0x3a, 0xc8, 0xff, 0x5b, 0x3a, 0xc8, 0xff, 0x5b, 0x3a, 0xc8, 0xff,
    0x5b, 0x3a, 0xc8, 0xff, 0x5b, 0x3a, 0xc8, 0xff, 0x5b, 0x3a, 0xc8, 0xff, 0x5b, 0x3a, 0xc8, 0xff,
    0x5b, 0x3a, 0xc8, 0xff, 0x5b, 0x3a, 0xc8, 0xff, 0x5b, 0x3a, 0xc8, 0xff, 0x64, 0x45, 0xcb, 0xff,
    0x86, 0x6d, 0xd6, 0xff, 0x8c, 0x75, 0xd8, 0xff, 0x76, 0x5b, 0xd1, 0xff, 0x5b, 0x3a, 0xc8, 0xff,
    0x5b, 0x3a, 0xc8, 0xff, 0x5b, 0x3a, 0xc8, 0xff, 0x5b, 0x3a, 0xc8, 0xff, 0x5b, 0x3a, 0xc8, 0xff,
    0x5b, 0x3a, 0xc8, 0xff, 0x5b, 0x3a, 0xc8, 0xff, 0x5b, 0x3a, 0xc8, 0xff, 0x5b, 0x3a, 0xc8, 0xff,
    0x65, 0x46, 0xcb, 0xff, 0xa5, 0x93, 0xe1, 0xff, 0xe0, 0xda, 0xf4, 0xff, 0xff, 0xff, 0xff, 0xff,
    0xff, 0xff, 0xff, 0xff, 0xff, 0xff, 0xff, 0xff, 0xff, 0xff, 0xff, 0xff, 0xff, 0xff, 0xff, 0xff,
    0xff, 0xff, 0xff, 0xff, 0xff, 0xff, 0xff, 0xff, 0xff, 0xff, 0xff, 0xff, 0xff, 0xff, 0xff, 0xff,
    0xff, 0xff, 0xff, 0xff, 0xff, 0xff, 0xff, 0xff, 0xff, 0xff, 0xff, 0xff, 0xff, 0xff, 0xff, 0xff,
    0xff, 0xff, 0xff, 0xff, 0xff, 0xff, 0xff, 0xff, 0xff, 0xff, 0xff, 0xff, 0xff, 0xff, 0xff, 0xff,
    0xe0, 0xda, 0xf4, 0xff, 0xa8, 0x96, 0xe1, 0xff, 0x6a, 0x4c, 0xcd, 0xff, 0x5b, 0x3a, 0xc8, 0xff,
    0x5b, 0x3a, 0xc8, 0xff, 0x5b, 0x3a, 0xc8, 0xff, 0x5b, 0x3a, 0xc8, 0xff, 0x5b, 0x3a, 0xc8, 0xff,
    0x5b, 0x3a, 0xc8, 0xff, 0x5b, 0x3a, 0xc8, 0xff, 0x5b, 0x3a, 0xc8, 0xff, 0x5e, 0x3d, 0xc9, 0xff,
    0x87, 0x6f, 0xd6, 0xff, 0xac, 0x9b, 0xe3, 0xff, 0xaf, 0x9f, 0xe4, 0xff, 0x98, 0x84, 0xdc, 0xff,
    0x68, 0x4a, 0xcc, 0xff, 0x5b, 0x3a, 0xc8, 0xff, 0x5b, 0x3a, 0xc8, 0xff, 0x5b, 0x3a, 0xc8, 0xff,
    0x5b, 0x3a, 0xc8, 0xff, 0x5b, 0x3a, 0xc8, 0xff, 0x5b, 0x3a, 0xc8, 0xff, 0x5b, 0x3a, 0xc8, 0xff,
    0x5b, 0x3a, 0xc8, 0xff, 0x5b, 0x3a, 0xc8, 0xff, 0x5b, 0x3a, 0xc8, 0xff, 0x5b, 0x3a, 0xc8, 0xff,
    0x5b, 0x3a, 0xc8, 0xff, 0x5b, 0x3a, 0xc8, 0xff, 0x5b, 0x3a, 0xc8, 0xff, 0x5b, 0x3a, 0xc8, 0xff,
    0x5b, 0x3a, 0xc8, 0xff, 0x5b, 0x3a, 0xc8, 0xff, 0x5b, 0x3a, 0xc8, 0xff, 0x5b, 0x3a, 0xc8, 0xff,
    0x5b, 0x3a, 0xc8, 0xff, 0x5b, 0x3a, 0xc8, 0xff, 0x5b, 0x3a, 0xc8, 0xff, 0x5b, 0x3a, 0xc8, 0xff,
    0x5b, 0x3a, 0xc8, 0xff, 0x5b, 0x3a, 0xc8, 0xff, 0x5b, 0x3a, 0xc8, 0xff, 0x5b, 0x3a, 0xc8, 0xff,
    0x5b, 0x3a, 0xc8, 0xff, 0x5b, 0x3a, 0xc8, 0xff, 0x5b, 0x3a, 0xc8, 0xff, 0x5b, 0x3a, 0xc8, 0xff,
    0x5b, 0x3a, 0xc8, 0xff, 0x5b, 0x3a, 0xc8, 0xff, 0x5b, 0x3a, 0xc8, 0xff, 0x5b, 0x3a, 0xc8, 0xff,
    0x5b, 0x3a, 0xc8, 0xff, 0x5b, 0x3a, 0xc8, 0xff, 0x5b, 0x3a, 0xc8, 0xff, 0x5b, 0x3a, 0xc8, 0xff,
    0x5b, 0x3a, 0xc8, 0xff, 0x5b, 0x3a, 0xc8, 0xff, 0x5b, 0x3a, 0xc8, 0xff, 0x5b, 0x3a, 0xc8, 0xff,
    0x5b, 0x3a, 0xc8, 0xff, 0x5b, 0x3a, 0xc8, 0xff, 0x5b, 0x3a, 0xc8, 0xff, 0x5b, 0x3a, 0xc8, 0xff,
    0x5b, 0x3a, 0xc8, 0xff, 0x5b, 0x3a, 0xc8, 0xff, 0x5b, 0x3a, 0xc8, 0xff, 0x5b, 0x3a, 0xc8, 0xff,
    0x5b, 0x3a, 0xc8, 0xff, 0x5b, 0x3a, 0xc8, 0xff, 0x5b, 0x3a, 0xc8, 0xff, 0x5b, 0x3a, 0xc8, 0xff,
    0x5b, 0x3a, 0xc8, 0xff, 0x5b, 0x3a, 0xc8, 0xff, 0x5b, 0x3a, 0xc8, 0xff, 0x5b, 0x3a, 0xc8, 0xff,
    0x5b, 0x3a, 0xc8, 0xff, 0x5b, 0x3a, 0xc8, 0xff, 0x5b, 0x3a, 0xc8, 0xff, 0x5b, 0x3a, 0xc8, 0xff,
    0x5b, 0x3a, 0xc8, 0xff, 0x5b, 0x3a, 0xc8, 0xff, 0x5b, 0x3a, 0xc8, 0xff, 0x5b, 0x3a, 0xc8, 0xff,
    0x5b, 0x3a, 0xc8, 0xff, 0x5b, 0x3a, 0xc8, 0xff, 0x5b, 0x3a, 0xc8, 0xff, 0x5b, 0x3a, 0xc8, 0xff,
    0x5b, 0x3a, 0xc8, 0xff, 0x5b, 0x3a, 0xc8, 0xff, 0x5b, 0x3a, 0xc8, 0xff, 0x5b, 0x3a, 0xc8, 0xff,
    0x5b, 0x3a, 0xc8, 0xff, 0x5b, 0x3a, 0xc8, 0xff, 0x5b, 0x3a, 0xc8, 0xff, 0x5b, 0x3a, 0xc8, 0xff,
    0x5b, 0x3a, 0xc8, 0xff, 0x5b, 0x3a, 0xc8, 0xff, 0x5b, 0x3a, 0xc8, 0xff, 0x5b, 0x3a, 0xc8, 0xff,
    0x5b, 0x3a, 0xc8, 0xff, 0x5b, 0x3a, 0xc8, 0xff, 0x5b, 0x3a, 0xc8, 0xff, 0x5b, 0x3a, 0xc8, 0xff,
    0x5b, 0x3a, 0xc8, 0xff, 0x5b, 0x3a, 0xc8, 0xff, 0x5b, 0x3a, 0xc8, 0xff, 0x5b, 0x3a, 0xc8, 0xff,
    0x72, 0x56, 0xcf, 0xff, 0xc1, 0xb5, 0xea, 0xff, 0xfc, 0xfb, 0xfe, 0xff, 0xff, 0xff, 0xff, 0xff,
    0xff, 0xff, 0xff, 0xff, 0xff, 0xff, 0xff, 0xff, 0xff, 0xff, 0xff, 0xff, 0xff, 0xff, 0xff, 0xff,
    0xff, 0xff, 0xff, 0xff, 0xff, 0xff, 0xff, 0xff, 0xff, 0xff, 0xff, 0xff, 0xff, 0xff, 0xff, 0xff,
    0xff, 0xff, 0xff, 0xff, 0xff, 0xff, 0xff, 0xff, 0xff, 0xff, 0xff, 0xff, 0xff, 0xff, 0xff, 0xff,
    0xff, 0xff, 0xff, 0xff, 0xff, 0xff, 0xff, 0xff, 0xff, 0xff, 0xff, 0xff, 0xff, 0xff, 0xff, 0xff,
    0xff, 0xff, 0xff, 0xff, 0xff, 0xff, 0xff, 0xff, 0xff, 0xff, 0xff, 0xff, 0xff, 0xff, 0xff, 0xff,
    0xfa, 0xf8, 0xfd, 0xff, 0xb7, 0xa8, 0xe6, 0xff, 0x6a, 0x4c, 0xcd, 0xff, 0x5b, 0x3a, 0xc8, 0xff,
    0x5b, 0x3a, 0xc8, 0xff, 0x5b, 0x3a, 0xc8, 0xff, 0x5b, 0x3a, 0xc8, 0xff, 0x5b, 0x3a, 0xc8, 0xff,
    0x5b, 0x3a, 0xc8, 0xff, 0x5b, 0x3a, 0xc8, 0xff, 0x5b, 0x3a, 0xc8, 0xff, 0x5b, 0x3a, 0xc8, 0xff,
    0x5b, 0x3a, 0xc8, 0xff, 0x5b, 0x3a, 0xc8, 0xff, 0x5b, 0x3a, 0xc8, 0xff, 0x5b, 0x3a, 0xc8, 0xff,
    0x5b, 0x3a, 0xc8, 0xff, 0x5b, 0x3a, 0xc8, 0xff, 0x5b, 0x3a, 0xc8, 0xff, 0x5b, 0x3a, 0xc8, 0xff,
    0x5b, 0x3a, 0xc8, 0xff, 0x5b, 0x3a, 0xc8, 0xff, 0x5b, 0x3a, 0xc8, 0xff, 0x5b, 0x3a, 0xc8, 0xff,
    0x5b, 0x3a, 0xc8, 0xff, 0x5b, 0x3a, 0xc8, 0xff, 0x5b, 0x3a, 0xc8, 0xff, 0x5b, 0x3a, 0xc8, 0xff,
    0x5b, 0x3a, 0xc8, 0xff, 0x5b, 0x3a, 0xc8, 0xff, 0x5b, 0x3a, 0xc8, 0xff, 0x5b, 0x3a, 0xc8, 0xff,
    0x5b, 0x3a, 0xc8, 0xff, 0x5b, 0x3a, 0xc8, 0xff, 0x5b, 0x3a, 0xc8, 0xff, 0x5b, 0x3a, 0xc8, 0xff,
    0x5b, 0x3a, 0xc8, 0xff, 0x5b, 0x3a, 0xc8, 0xff, 0x5b, 0x3a, 0xc8, 0xff, 0x5b, 0x3a, 0xc8, 0xff,
    0x5b, 0x3a, 0xc8, 0xff, 0x5b, 0x3a, 0xc8, 0xff, 0x5b, 0x3a, 0xc8, 0xff, 0x5b, 0x3a, 0xc8, 0xff,
    0x5b, 0x3a, 0xc8, 0xff, 0x5b, 0x3a, 0xc8, 0xff, 0x5b, 0x3a, 0xc8, 0xff, 0x5b, 0x3a, 0xc8, 0xff,
    0x5b, 0x3a, 0xc8, 0xff, 0x5b, 0x3a, 0xc8, 0xff, 0x5b, 0x3a, 0xc8, 0xff, 0x5b, 0x3a, 0xc8, 0xff,
    0x5b, 0x3a, 0xc8, 0xff, 0x5b, 0x3a, 0xc8, 0xff, 0x5b, 0x3a, 0xc8, 0xff, 0x5b, 0x3a, 0xc8, 0xff,
    0x5b, 0x3a, 0xc8, 0xff, 0x5b, 0x3a, 0xc8, 0xff, 0x5b, 0x3a, 0xc8, 0xff, 0x5b, 0x3a, 0xc8, 0xff,
    0x5b, 0x3a, 0xc8, 0xff, 0x5b, 0x3a, 0xc8, 0xff, 0x5b, 0x3a, 0xc8, 0xff, 0x5b, 0x3a, 0xc8, 0xff,
    0x5b, 0x3a, 0xc8, 0xff, 0x5b, 0x3a, 0xc8, 0xff, 0x5b, 0x3a, 0xc8, 0xff, 0x5b, 0x3a, 0xc8, 0xff,
    0x5b, 0x3a, 0xc8, 0xff, 0x5b, 0x3a, 0xc8, 0xff, 0x5b, 0x3a, 0xc8, 0xff, 0x5b, 0x3a, 0xc8, 0xff,
    0x5b, 0x3a, 0xc8, 0xff, 0x5b, 0x3a, 0xc8, 0xff, 0x5b, 0x3a, 0xc8, 0xff, 0x5b, 0x3a, 0xc8, 0xff,
    0x5b, 0x3a, 0xc8, 0xff, 0x5b, 0x3a, 0xc8, 0xff, 0x5b, 0x3a, 0xc8, 0xff, 0x5b, 0x3a, 0xc8, 0xff,
    0x5b, 0x3a, 0xc8, 0xff, 0x5b, 0x3a, 0xc8, 0xff, 0x5b, 0x3a, 0xc8, 0xff, 0x5b, 0x3a, 0xc8, 0xff,
    0x5b, 0x3a, 0xc8, 0xff, 0x5b, 0x3a, 0xc8, 0xff, 0x5b, 0x3a, 0xc8, 0xff, 0x5b, 0x3a, 0xc8, 0xff,
    0x5b, 0x3a, 0xc8, 0xff, 0x5b, 0x3a, 0xc8, 0xff, 0x5b, 0x3a, 0xc8, 0xff, 0x5b, 0x3a, 0xc8, 0xff,
    0x5b, 0x3a, 0xc8, 0xff, 0x5b, 0x3a, 0xc8, 0xff, 0x5b, 0x3a, 0xc8, 0xff, 0x5b, 0x3a, 0xc8, 0xff,
    0x5b, 0x3a, 0xc8, 0xff, 0x5b, 0x3a, 0xc8, 0xff, 0x5b, 0x3a, 0xc8, 0xff, 0x5b, 0x3a, 0xc8, 0xff,
    0x5b, 0x3a, 0xc8, 0xff, 0x5b, 0x3a, 0xc8, 0xff, 0x5b, 0x3a, 0xc8, 0xff, 0x5b, 0x3a, 0xc8, 0xff,
    0x62, 0x43, 0xca, 0xff, 0xb2, 0xa2, 0xe5, 0xff, 0xfa, 0xf8, 0xfd, 0xff, 0xff, 0xff, 0xff, 0xff,
    0xff, 0xff, 0xff, 0xff, 0xff, 0xff, 0xff, 0xff, 0xff, 0xff, 0xff, 0xff, 0xff, 0xff, 0xff, 0xff,
    0xff, 0xff, 0xff, 0xff, 0xff, 0xff, 0xff, 0xff, 0xff, 0xff, 0xff, 0xff, 0xff, 0xff, 0xff, 0xff,
    0xff, 0xff, 0xff, 0xff, 0xff, 0xff, 0xff, 0xff, 0xff, 0xff, 0xff, 0xff, 0xff, 0xff, 0xff, 0xff,
    0xff, 0xff, 0xff, 0xff, 0xff, 0xff, 0xff, 0xff, 0xff, 0xff, 0xff, 0xff, 0xff, 0xff, 0xff, 0xff,
    0xff, 0xff, 0xff, 0xff, 0xff, 0xff, 0xff, 0xff, 0xff, 0xff, 0xff, 0xff, 0xff, 0xff, 0xff, 0xff,
    0xff, 0xff, 0xff, 0xff, 0xff, 0xff, 0xff, 0xff, 0xff, 0xff, 0xff, 0xff, 0xff, 0xff, 0xff, 0xff,
    0xfa, 0xf8, 0xfd, 0xff, 0xb7, 0xa8, 0xe6, 0xff, 0x60, 0x40, 0xc9, 0xff, 0x5b, 0x3a, 0xc8, 0xff,
    0x5b, 0x3a, 0xc8, 0xff, 0x5b, 0x3a, 0xc8, 0xff, 0x5b, 0x3a, 0xc8, 0xff, 0x5b, 0x3a, 0xc8, 0xff,
    0x5b, 0x3a, 0xc8, 0xff, 0x5b, 0x3a, 0xc8, 0xff, 0x5b, 0x3a, 0xc8, 0xff, 0x5b, 0x3a, 0xc8, 0xff,
    0x5b, 0x3a, 0xc8, 0xff, 0x5b, 0x3a, 0xc8, 0xff, 0x5b, 0x3a, 0xc8, 0xff, 0x5b, 0x3a, 0xc8, 0xff,
    0x5b, 0x3a, 0xc8, 0xff, 0x5b, 0x3a, 0xc8, 0xff, 0x5b, 0x3a, 0xc8, 0xff, 0x5b, 0x3a, 0xc8, 0xff,
    0x5b, 0x3a, 0xc8, 0xff, 0x5b, 0x3a, 0xc8, 0xff, 0x5b, 0x3a, 0xc8, 0xff, 0x5b, 0x3a, 0xc8, 0xff,
    0x5b, 0x3a, 0xc8, 0xff, 0x5b, 0x3a, 0xc8, 0xff, 0x5b, 0x3a, 0xc8, 0xff, 0x5b, 0x3a, 0xc8, 0xff,
    0x5b, 0x3a, 0xc8, 0xff, 0x5b, 0x3a, 0xc8, 0xff, 0x5b, 0x3a, 0xc8, 0xff, 0x5b, 0x3a, 0xc8, 0xff,
    0x5b, 0x3a, 0xc8, 0xff, 0x5b, 0x3a, 0xc8, 0xff, 0x5b, 0x3a, 0xc8, 0xff, 0x5b, 0x3a, 0xc8, 0xff,
    0x5b, 0x3a, 0xc8, 0xff, 0x5b, 0x3a, 0xc8, 0xff, 0x5b, 0x3a, 0xc8, 0xff, 0x5b, 0x3a, 0xc8, 0xff,
    0x5b, 0x3a, 0xc8, 0xff, 0x5b, 0x3a, 0xc8, 0xff, 0x5b, 0x3a, 0xc8, 0xff, 0x5b, 0x3a, 0xc8, 0xff,
    0x5b, 0x3a, 0xc8, 0xff, 0x5b, 0x3a, 0xc8, 0xff, 0x5b, 0x3a, 0xc8, 0xff, 0x5b, 0x3a, 0xc8, 0xff,
    0x5b, 0x3a, 0xc8, 0xff, 0x5b, 0x3a, 0xc8, 0xff, 0x5b, 0x3a, 0xc8, 0xff, 0x5b, 0x3a, 0xc8, 0xff,
    0x5b, 0x3a, 0xc8, 0xff, 0x5b, 0x3a, 0xc8, 0xff, 0x5b, 0x3a, 0xc8, 0xff, 0x5b, 0x3a, 0xc8, 0xff,
    0x5b, 0x3a, 0xc8, 0xff, 0x5b, 0x3a, 0xc8, 0xff, 0x5b, 0x3a, 0xc8, 0xff, 0x5b, 0x3a, 0xc8, 0xff,
    0x5b, 0x3a, 0xc8, 0xff, 0x5b, 0x3a, 0xc8, 0xff, 0x5b, 0x3a, 0xc8, 0xff, 0x5b, 0x3a, 0xc8, 0xff,
    0x5b, 0x3a, 0xc8, 0xff, 0x5b, 0x3a, 0xc8, 0xff, 0x5b, 0x3a, 0xc8, 0xff, 0x5b, 0x3a, 0xc8, 0xff,
    0x5b, 0x3a, 0xc8, 0xff, 0x5b, 0x3a, 0xc8, 0xff, 0x5b, 0x3a, 0xc8, 0xff, 0x5b, 0x3a, 0xc8, 0xff,
    0x5b, 0x3a, 0xc8, 0xff, 0x5b, 0x3a, 0xc8, 0xff, 0x5b, 0x3a, 0xc8, 0xff, 0x5b, 0x3a, 0xc8, 0xff,
    0x5b, 0x3a, 0xc8, 0xff, 0x5b, 0x3a, 0xc8, 0xff, 0x5b, 0x3a, 0xc8, 0xff, 0x5b, 0x3a, 0xc8, 0xff,
    0x5b, 0x3a, 0xc8, 0xff, 0x5b, 0x3a, 0xc8, 0xff, 0x5b, 0x3a, 0xc8, 0xff, 0x5b, 0x3a, 0xc8, 0xff,
    0x5b, 0x3a, 0xc8, 0xff, 0x5b, 0x3a, 0xc8, 0xff, 0x5b, 0x3a, 0xc8, 0xff, 0x5b, 0x3a, 0xc8, 0xff,
    0x5b, 0x3a, 0xc8, 0xff, 0x5b, 0x3a, 0xc8, 0xff, 0x5b, 0x3a, 0xc8, 0xff, 0x5b, 0x3a, 0xc8, 0xff,
    0x5b, 0x3a, 0xc8, 0xff, 0x5b, 0x3a, 0xc8, 0xff, 0x5b, 0x3a, 0xc8, 0xff, 0x5b, 0x3a, 0xc8, 0xff,
    0x5b, 0x3a, 0xc8, 0xff, 0x5b, 0x3a, 0xc8, 0xff, 0x5b, 0x3a, 0xc8, 0xff, 0x5b, 0x3a, 0xc8, 0xff,
    0x5b, 0x3a, 0xc8, 0xff, 0x84, 0x6b, 0xd6, 0xff, 0xea, 0xe6, 0xf8, 0xff, 0xff, 0xff, 0xff, 0xff,
    0xff, 0xff, 0xff, 0xff, 0xff, 0xff, 0xff, 0xff, 0xff, 0xff, 0xff, 0xff, 0xff, 0xff, 0xff, 0xff,
    0xff, 0xff, 0xff, 0xff, 0xff, 0xff, 0xff, 0xff, 0xff, 0xff, 0xff, 0xff, 0xff, 0xff, 0xff, 0xff,
    0xff, 0xff, 0xff, 0xff, 0xff, 0xff, 0xff, 0xff, 0xff, 0xff, 0xff, 0xff, 0xff, 0xff, 0xff, 0xff,
    0xff, 0xff, 0xff, 0xff, 0xff, 0xff, 0xff, 0xff, 0xff, 0xff, 0xff, 0xff, 0xff, 0xff, 0xff, 0xff,
    0xff, 0xff, 0xff, 0xff, 0xff, 0xff, 0xff, 0xff, 0xff, 0xff, 0xff, 0xff, 0xff, 0xff, 0xff, 0xff,
    0xff, 0xff, 0xff, 0xff, 0xff, 0xff, 0xff, 0xff, 0xff, 0xff, 0xff, 0xff, 0xff, 0xff, 0xff, 0xff,
    0xff, 0xff, 0xff, 0xff, 0xff, 0xff, 0xff, 0xff, 0xff, 0xff, 0xff, 0xff, 0xff, 0xff, 0xff, 0xff,
    0xea, 0xe6, 0xf8, 0xff, 0x84, 0x6b, 0xd5, 0xff, 0x5b, 0x3a, 0xc8, 0xff, 0x5b, 0x3a, 0xc8, 0xff,
    0x5b, 0x3a, 0xc8, 0xff, 0x5b, 0x3a, 0xc8, 0xff, 0x5b, 0x3a, 0xc8, 0xff, 0x5b, 0x3a, 0xc8, 0xff,
    0x5b, 0x3a, 0xc8, 0xff, 0x5b, 0x3a, 0xc8, 0xff, 0x5b, 0x3a, 0xc8, 0xff, 0x5b, 0x3a, 0xc8, 0xff,
    0x5b, 0x3a, 0xc8, 0xff, 0x5b, 0x3a, 0xc8, 0xff, 0x5b, 0x3a, 0xc8, 0xff, 0x5b, 0x3a, 0xc8, 0xff,
    0x5b, 0x3a, 0xc8, 0xff, 0x5b, 0x3a, 0xc8, 0xff, 0x5b, 0x3a, 0xc8, 0xff, 0x5b, 0x3a, 0xc8, 0xff,
    0x5b, 0x3a, 0xc8, 0xff, 0x5b, 0x3a, 0xc8, 0xff, 0x5b, 0x3a, 0xc8, 0xff, 0x5b, 0x3a, 0xc8, 0xff,
    0x5b, 0x3a, 0xc8, 0xff, 0x5b, 0x3a, 0xc8, 0xff, 0x5b, 0x3a, 0xc8, 0xff, 0x5b, 0x3a, 0xc8, 0xff,
    0x5b, 0x3a, 0xc8, 0xff, 0x5b, 0x3a, 0xc8, 0xff, 0x5b, 0x3a, 0xc8, 0xff, 0x5b, 0x3a, 0xc8, 0xff,
    0x5b, 0x3a, 0xc8, 0xff, 0x5b, 0x3a, 0xc8, 0xff, 0x5b, 0x3a, 0xc8, 0xff, 0x5b, 0x3a, 0xc8, 0xff,
    0x5b, 0x3a, 0xc8, 0xff, 0x5b, 0x3a, 0xc8, 0xff, 0x5b, 0x3a, 0xc8, 0xff, 0x5b, 0x3a, 0xc8, 0xff,
    0x5b, 0x3a, 0xc8, 0xff, 0x5b, 0x3a, 0xc8, 0xff, 0x5b, 0x3a, 0xc8, 0xff, 0x5b, 0x3a, 0xc8, 0xff,
    0x5b, 0x3a, 0xc8, 0xff, 0x5b, 0x3a, 0xc8, 0xff, 0x5b, 0x3a, 0xc8, 0xff, 0x5b, 0x3a, 0xc8, 0xff,
    0x5b, 0x3a, 0xc8, 0xff, 0x5b, 0x3a, 0xc8, 0xff, 0x5b, 0x3a, 0xc8, 0xff, 0x5b, 0x3a, 0xc8, 0xff,
    0x5b, 0x3a, 0xc8, 0xff, 0x5b, 0x3a, 0xc8, 0xff, 0x5b, 0x3a, 0xc8, 0xff, 0x5b, 0x3a, 0xc8, 0xff,
    0x5b, 0x3a, 0xc8, 0xff, 0x5b, 0x3a, 0xc8, 0xff, 0x5b, 0x3a, 0xc8, 0xff, 0x5b, 0x3a, 0xc8, 0xff,
    0x5b, 0x3a, 0xc8, 0xff, 0x5b, 0x3a, 0xc8, 0xff, 0x5b, 0x3a, 0xc8, 0xff, 0x5b, 0x3a, 0xc8, 0xff,
    0x5b, 0x3a, 0xc8, 0xff, 0x5b, 0x3a, 0xc8, 0xff, 0x5b, 0x3a, 0xc8, 0xff, 0x5b, 0x3a, 0xc8, 0xff,
    0x5b, 0x3a, 0xc8, 0xff, 0x5b, 0x3a, 0xc8, 0xff, 0x5b, 0x3a, 0xc8, 0xff, 0x5b, 0x3a, 0xc8, 0xff,
    0x5b, 0x3a, 0xc8, 0xff, 0x5b, 0x3a, 0xc8, 0xff, 0x5b, 0x3a, 0xc8, 0xff, 0x5b, 0x3a, 0xc8, 0xff,
    0x5b, 0x3a, 0xc8, 0xff, 0x5b, 0x3a, 0xc8, 0xff, 0x5b, 0x3a, 0xc8, 0xff, 0x5b, 0x3a, 0xc8, 0xff,
    0x5b, 0x3a, 0xc8, 0xff, 0x5b, 0x3a, 0xc8, 0xff, 0x5b, 0x3a, 0xc8, 0xff, 0x5b, 0x3a, 0xc8, 0xff,
    0x5b, 0x3a, 0xc8, 0xff, 0x5b, 0x3a, 0xc8, 0xff, 0x5b, 0x3a, 0xc8, 0xff, 0x5b, 0x3a, 0xc8, 0xff,
    0x5b, 0x3a, 0xc8, 0xff, 0x5b, 0x3a, 0xc8, 0xff, 0x5b, 0x3a, 0xc8, 0xff, 0x5b, 0x3a, 0xc8, 0xff,
    0x5b, 0x3a, 0xc8, 0xff, 0x5b, 0x3a, 0xc8, 0xff, 0x5b, 0x3a, 0xc8, 0xff, 0x5b, 0x3a, 0xc8, 0xff,
    0x5b, 0x3a, 0xc8, 0xff, 0x5b, 0x3a, 0xc8, 0xff, 0x8c, 0x74, 0xd8, 0xff, 0xfc, 0xfb, 0xfe, 0xff,
    0xff, 0xff, 0xff, 0xff, 0xff, 0xff, 0xff, 0xff, 0xff, 0xff, 0xff, 0xff, 0xff, 0xff, 0xff, 0xff,
    0xff, 0xff, 0xff, 0xff, 0xff, 0xff, 0xff, 0xff, 0xff, 0xff, 0xff, 0xff, 0xff, 0xff, 0xff, 0xff,
    0xff, 0xff, 0xff, 0xff, 0xff, 0xff, 0xff, 0xff, 0xff, 0xff, 0xff, 0xff, 0xff, 0xff, 0xff, 0xff,
    0xff, 0xff, 0xff, 0xff, 0xff, 0xff, 0xff, 0xff, 0xff, 0xff, 0xff, 0xff, 0xff, 0xff, 0xff, 0xff,
    0xff, 0xff, 0xff, 0xff, 0xff, 0xff, 0xff, 0xff, 0xff, 0xff, 0xff, 0xff, 0xff, 0xff, 0xff, 0xff,
    0xff, 0xff, 0xff, 0xff, 0xff, 0xff, 0xff, 0xff, 0xff, 0xff, 0xff, 0xff, 0xff, 0xff, 0xff, 0xff,
    0xff, 0xff, 0xff, 0xff, 0xff, 0xff, 0xff, 0xff, 0xff, 0xff, 0xff, 0xff, 0xff, 0xff, 0xff, 0xff,
    0xff, 0xff, 0xff, 0xff, 0xff, 0xff, 0xff, 0xff, 0xff, 0xff, 0xff, 0xff, 0xfc, 0xfc, 0xfe, 0xff,
    0x8e, 0x77, 0xd9, 0xff, 0x5b, 0x3a, 0xc8, 0xff, 0x5b, 0x3a, 0xc8, 0xff, 0x5b, 0x3a, 0xc8, 0xff,
    0x5b, 0x3a, 0xc8, 0xff, 0x5b, 0x3a, 0xc8, 0xff, 0x5b, 0x3a, 0xc8, 0xff, 0x5b, 0x3a, 0xc8, 0xff,
    0x5b, 0x3a, 0xc8, 0xff, 0x5b, 0x3a, 0xc8, 0xff, 0x5b, 0x3a, 0xc8, 0xff, 0x5b, 0x3a, 0xc8, 0xff,
    0x5b, 0x3a, 0xc8, 0xff, 0x5b, 0x3a, 0xc8, 0xff, 0x5b, 0x3a, 0xc8, 0xff, 0x5b, 0x3a, 0xc8, 0xff,
    0x5b, 0x3a, 0xc8, 0xff, 0x5b, 0x3a, 0xc8, 0xff, 0x5b, 0x3a, 0xc8, 0xff, 0x5b, 0x3a, 0xc8, 0xff,
    0x5b, 0x3a, 0xc8, 0xff, 0x5b, 0x3a, 0xc8, 0xff, 0x5b, 0x3a, 0xc8, 0xff, 0x5b, 0x3a, 0xc8, 0xff,
    0x5b, 0x3a, 0xc8, 0xff, 0x5b, 0x3a, 0xc8, 0xff, 0x5b, 0x3a, 0xc8, 0xff, 0x5b, 0x3a, 0xc8, 0xff,
    0x5b, 0x3a, 0xc8, 0xff, 0x5b, 0x3a, 0xc8, 0xff, 0x5b, 0x3a, 0xc8, 0xff, 0x5b, 0x3a, 0xc8, 0xff,
    0x5b, 0x3a, 0xc8, 0xff, 0x5b, 0x3a, 0xc8, 0xff, 0x5b, 0x3a, 0xc8, 0xff, 0x5b, 0x3a, 0xc8, 0xff,
    0x5b, 0x3a, 0xc8, 0xff, 0x5b, 0x3a, 0xc8, 0xff, 0x5b, 0x3a, 0xc8, 0xff, 0x5b, 0x3a, 0xc8, 0xff,
    0x5b, 0x3a, 0xc8, 0xff, 0x5b, 0x3a, 0xc8, 0xff, 0x5b, 0x3a, 0xc8, 0xff, 0x5b, 0x3a, 0xc8, 0xff,
    0x5b, 0x3a, 0xc8, 0xff, 0x5b, 0x3a, 0xc8, 0xff, 0x5b, 0x3a, 0xc8, 0xff, 0x5b, 0x3a, 0xc8, 0xff,
    0x5b, 0x3a, 0xc8, 0xff, 0x5b, 0x3a, 0xc8, 0xff, 0x5b, 0x3a, 0xc8, 0xff, 0x5b, 0x3a, 0xc8, 0xff,
    0x5b, 0x3a, 0xc8, 0xff, 0x5b, 0x3a, 0xc8, 0xff, 0x5b, 0x3a, 0xc8, 0xff, 0x5b, 0x3a, 0xc8, 0xff,
    0x5b, 0x3a, 0xc8, 0xff, 0x5b, 0x3a, 0xc8, 0xff, 0x5b, 0x3a, 0xc8, 0xff, 0x5b, 0x3a, 0xc8, 0xff,
    0x5b, 0x3a, 0xc8, 0xff, 0x5b, 0x3a, 0xc8, 0xff, 0x5b, 0x3a, 0xc8, 0xff, 0x5b, 0x3a, 0xc8, 0xff,
    0x5b, 0x3a, 0xc8, 0xff, 0x5b, 0x3a, 0xc8, 0xff, 0x5b, 0x3a, 0xc8, 0xff, 0x5b, 0x3a, 0xc8, 0xff,
    0x5b, 0x3a, 0xc8, 0xff, 0x5b, 0x3a, 0xc8, 0xff, 0x5b, 0x3a, 0xc8, 0xff, 0x5b, 0x3a, 0xc8, 0xff,
    0x5b, 0x3a, 0xc8, 0xff, 0x5b, 0x3a, 0xc8, 0xff, 0x5b, 0x3a, 0xc8, 0xff, 0x5b, 0x3a, 0xc8, 0xff,
    0x5b, 0x3a, 0xc8, 0xff, 0x5b, 0x3a, 0xc8, 0xff, 0x5b, 0x3a, 0xc8, 0xff, 0x5b, 0x3a, 0xc8, 0xff,
    0x5b, 0x3a, 0xc8, 0xff, 0x5b, 0x3a, 0xc8, 0xff, 0x5b, 0x3a, 0xc8, 0xff, 0x5b, 0x3a, 0xc8, 0xff,
    0x5b, 0x3a, 0xc8, 0xff, 0x5b, 0x3a, 0xc8, 0xff, 0x5b, 0x3a, 0xc8, 0xff, 0x5b, 0x3a, 0xc8, 0xff,
    0x5b, 0x3a, 0xc8, 0xff, 0x5b, 0x3a, 0xc8, 0xff, 0x5b, 0x3a, 0xc8, 0xff, 0x5b, 0x3a, 0xc8, 0xff,
    0x5b, 0x3a, 0xc8, 0xff, 0x5b, 0x3a, 0xc8, 0xff, 0x5b, 0x3a, 0xc8, 0xff, 0x5b, 0x3a, 0xc8, 0xff,
    0xed, 0xe9, 0xf8, 0xff, 0xff, 0xff, 0xff, 0xff, 0xff, 0xff, 0xff, 0xff, 0xff, 0xff, 0xff, 0xff,
    0xff, 0xff, 0xff, 0xff, 0xff, 0xff, 0xff, 0xff, 0xff, 0xff, 0xff, 0xff, 0xff, 0xff, 0xff, 0xff,
    0xff, 0xff, 0xff, 0xff, 0xff, 0xff, 0xff, 0xff, 0xff, 0xff, 0xff, 0xff, 0xff, 0xff, 0xff, 0xff,
    0xff, 0xff, 0xff, 0xff, 0xff, 0xff, 0xff, 0xff, 0xff, 0xff, 0xff, 0xff, 0xff, 0xff, 0xff, 0xff,
    0xff, 0xff, 0xff, 0xff, 0xff, 0xff, 0xff, 0xff, 0xff, 0xff, 0xff, 0xff, 0xff, 0xff, 0xff, 0xff,
    0xff, 0xff, 0xff, 0xff, 0xff, 0xff, 0xff, 0xff, 0xff, 0xff, 0xff, 0xff, 0xff, 0xff, 0xff, 0xff,
    0xff, 0xff, 0xff, 0xff, 0xff, 0xff, 0xff, 0xff, 0xff, 0xff, 0xff, 0xff, 0xff, 0xff, 0xff, 0xff,
    0xff, 0xff, 0xff, 0xff, 0xff, 0xff, 0xff, 0xff, 0xff, 0xff, 0xff, 0xff, 0xff, 0xff, 0xff, 0xff,
    0xff, 0xff, 0xff, 0xff, 0xff, 0xff, 0xff, 0xff, 0xf4, 0xf2, 0xfb, 0xff, 0x5d, 0x3d, 0xc9, 0xff,
    0x5b, 0x3a, 0xc8, 0xff, 0x5b, 0x3a, 0xc8, 0xff, 0x5b, 0x3a, 0xc8, 0xff, 0x5b, 0x3a, 0xc8, 0xff,
    0x5b, 0x3a, 0xc8, 0xff, 0x5b, 0x3a, 0xc8, 0xff, 0x5b, 0x3a, 0xc8, 0xff, 0x5b, 0x3a, 0xc8, 0xff,
    0x5b, 0x3a, 0xc8, 0xff, 0x5b, 0x3a, 0xc8, 0xff, 0x5b, 0x3a, 0xc8, 0xff, 0x5b, 0x3a, 0xc8, 0xff,
    0x5b, 0x3a, 0xc8, 0xff, 0x5b, 0x3a, 0xc8, 0xff, 0x5b, 0x3a, 0xc8, 0xff, 0x5b, 0x3a, 0xc8, 0xff,
    0x5b, 0x3a, 0xc8, 0xff, 0x5b, 0x3a, 0xc8, 0xff, 0x5b, 0x3a, 0xc8, 0xff, 0x5b, 0x3a, 0xc8, 0xff,
    0x5b, 0x3a, 0xc8, 0xff, 0x5b, 0x3a, 0xc8, 0xff, 0x5b, 0x3a, 0xc8, 0xff, 0x5b, 0x3a, 0xc8, 0xff,
    0x5b, 0x3a, 0xc8, 0xff, 0x5b, 0x3a, 0xc8, 0xff, 0x5b, 0x3a, 0xc8, 0xff, 0x5b, 0x3a, 0xc8, 0xff,
    0x5b, 0x3a, 0xc8, 0xff, 0x5b, 0x3a, 0xc8, 0xff, 0x5b, 0x3a, 0xc8, 0xff, 0x5b, 0x3a, 0xc8, 0xff,
    0x5b, 0x3a, 0xc8, 0xff, 0x5b, 0x3a, 0xc8, 0xff, 0x5b, 0x3a, 0xc8, 0xff, 0x5b, 0x3a, 0xc8, 0xff,
    0x5b, 0x3a, 0xc8, 0xff, 0x5b, 0x3a, 0xc8, 0xff, 0x5b, 0x3a, 0xc8, 0xff, 0x5b, 0x3a, 0xc8, 0xff,
    0x5b, 0x3a, 0xc8, 0xff, 0x5b, 0x3a, 0xc8, 0xff, 0x5b, 0x3a, 0xc8, 0xff, 0x5b, 0x3a, 0xc8, 0xff,
    0x5b, 0x3a, 0xc8, 0xff, 0x5b, 0x3a, 0xc8, 0xff, 0x5b, 0x3a, 0xc8, 0xff, 0x5b, 0x3a, 0xc8, 0xff,
    0x5b, 0x3a, 0xc8, 0xff, 0x5b, 0x3a, 0xc8, 0xff, 0x5b, 0x3a, 0xc8, 0xff, 0x5b, 0x3a, 0xc8, 0xff,
    0x5b, 0x3a, 0xc8, 0xff, 0x5b, 0x3a, 0xc8, 0xff, 0x5b, 0x3a, 0xc8, 0xff, 0x5b, 0x3a, 0xc8, 0xff,
    0x5b, 0x3a, 0xc8, 0xff, 0x5b, 0x3a, 0xc8, 0xff, 0x5b, 0x3a, 0xc8, 0xff, 0x5b, 0x3a, 0xc8, 0xff,
    0x5b, 0x3a, 0xc8, 0xff, 0x5b, 0x3a, 0xc8, 0xff, 0x5b, 0x3a, 0xc8, 0xff, 0x5b, 0x3a, 0xc8, 0xff,
    0x5b, 0x3a, 0xc8, 0xff, 0x5b, 0x3a, 0xc8, 0xff, 0x5b, 0x3a, 0xc8, 0xff, 0x5b, 0x3a, 0xc8, 0xff,
    0x5b, 0x3a, 0xc8, 0xff, 0x5b, 0x3a, 0xc8, 0xff, 0x5b, 0x3a, 0xc8, 0xff, 0x5b, 0x3a, 0xc8, 0xff,
    0x5b, 0x3a, 0xc8, 0xff, 0x5b, 0x3a, 0xc8, 0xff, 0x5b, 0x3a, 0xc8, 0xff, 0x5b, 0x3a, 0xc8, 0xff,
    0x5b, 0x3a, 0xc8, 0xff, 0x5b, 0x3a, 0xc8, 0xff, 0x5b, 0x3a, 0xc8, 0xff, 0x5b, 0x3a, 0xc8, 0xff,
    0x5b, 0x3a, 0xc8, 0xff, 0x5b, 0x3a, 0xc8, 0xff, 0x5b, 0x3a, 0xc8, 0xff, 0x5b, 0x3a, 0xc8, 0xff,
    0x5b, 0x3a, 0xc8, 0xff, 0x5b, 0x3a, 0xc8, 0xff, 0x5b, 0x3a, 0xc8, 0xff, 0x5b, 0x3a, 0xc8, 0xff,
    0x5b, 0x3a, 0xc8, 0xff, 0x5b, 0x3a, 0xc8, 0xff, 0x5b, 0x3a, 0xc8, 0xff, 0x5b, 0x3a, 0xc8, 0xff,
    0x5b, 0x3a, 0xc8, 0xff, 0x74, 0x58, 0xd0, 0xff, 0xff, 0xff, 0xff, 0xff, 0xff, 0xff, 0xff, 0xff,
    0xff, 0xff, 0xff, 0xff, 0xff, 0xff, 0xff, 0xff, 0xff, 0xff, 0xff, 0xff, 0xff, 0xff, 0xff, 0xff,
    0xff, 0xff, 0xff, 0xff, 0xff, 0xff, 0xff, 0xff, 0xff, 0xff, 0xff, 0xff, 0xff, 0xff, 0xff, 0xff,
    0xff, 0xff, 0xff, 0xff, 0xfa, 0xf8, 0xfd, 0xff, 0xd0, 0xc7, 0xef, 0xff, 0xaa, 0x99, 0xe2, 0xff,
    0x8e, 0x77, 0xd9, 0xff, 0x7c, 0x62, 0xd3, 0xff, 0x6f, 0x52, 0xcf, 0xff, 0x6f, 0x52, 0xcf, 0xff,
    0x6f, 0x52, 0xcf, 0xff, 0x7c, 0x62, 0xd3, 0xff, 0x90, 0x7a, 0xda, 0xff, 0xaf, 0x9f, 0xe4, 0xff,
    0xd3, 0xca, 0xf0, 0xff, 0xfa, 0xf9, 0xfd, 0xff, 0xff, 0xff, 0xff, 0xff, 0xff, 0xff, 0xff, 0xff,
    0xff, 0xff, 0xff, 0xff, 0xff, 0xff, 0xff, 0xff, 0xff, 0xff, 0xff, 0xff, 0xff, 0xff, 0xff, 0xff,
    0xff, 0xff, 0xff, 0xff, 0xff, 0xff, 0xff, 0xff, 0xff, 0xff, 0xff, 0xff, 0xff, 0xff, 0xff, 0xff,
    0xff, 0xff, 0xff, 0xff, 0x77, 0x5b, 0xd1, 0xff, 0x5b, 0x3a, 0xc8, 0xff, 0x5b, 0x3a, 0xc8, 0xff,
    0x5b, 0x3a, 0xc8, 0xff, 0x5b, 0x3a, 0xc8, 0xff, 0x5b, 0x3a, 0xc8, 0xff, 0x5b, 0x3a, 0xc8, 0xff,
    0x5b, 0x3a, 0xc8, 0xff, 0x5b, 0x3a, 0xc8, 0xff, 0x5b, 0x3a, 0xc8, 0xff, 0x5b, 0x3a, 0xc8, 0xff,
    0x5b, 0x3a, 0xc8, 0xff, 0x5b, 0x3a, 0xc8, 0xff, 0x5b, 0x3a, 0xc8, 0xff, 0x5b, 0x3a, 0xc8, 0xff,
    0x5b, 0x3a, 0xc8, 0xff, 0x5b, 0x3a, 0xc8, 0xff, 0x5b, 0x3a, 0xc8, 0xff, 0x5b, 0x3a, 0xc8, 0xff,
    0x5b, 0x3a, 0xc8, 0xff, 0x5b, 0x3a, 0xc8, 0xff, 0x5b, 0x3a, 0xc8, 0xff, 0x5b, 0x3a, 0xc8, 0xff,
    0x5b, 0x3a, 0xc8, 0xff, 0x5b, 0x3a, 0xc8, 0xff, 0x5b, 0x3a, 0xc8, 0xff, 0x5b, 0x3a, 0xc8, 0xff,
    0x5b, 0x3a, 0xc8, 0xff, 0x5b, 0x3a, 0xc8, 0xff, 0x5b, 0x3a, 0xc8, 0xff, 0x5b, 0x3a, 0xc8, 0xff,
    0x5b, 0x3a, 0xc8, 0xff, 0x5b, 0x3a, 0xc8, 0xff, 0x5b, 0x3a, 0xc8, 0xff, 0x5b, 0x3a, 0xc8, 0xff,
    0x5b, 0x3a, 0xc8, 0xff, 0x5b, 0x3a, 0xc8, 0xff, 0x5b, 0x3a, 0xc8, 0xff, 0x5b, 0x3a, 0xc8, 0xff,
    0x5b, 0x3a, 0xc8, 0xff, 0x5b, 0x3a, 0xc8, 0xff, 0x5b, 0x3a, 0xc8, 0xff, 0x5b, 0x3a, 0xc8, 0xff,
    0x5b, 0x3a, 0xc8, 0xff, 0x5b, 0x3a, 0xc8, 0xff, 0x5b, 0x3a, 0xc8, 0xff, 0x5b, 0x3a, 0xc8, 0xff,
    0x5b, 0x3a, 0xc8, 0xff, 0x5b, 0x3a, 0xc8, 0xff, 0x5b, 0x3a, 0xc8, 0xff, 0x5b, 0x3a, 0xc8, 0xff,
    0x5b, 0x3a, 0xc8, 0xff, 0x5b, 0x3a, 0xc8, 0xff, 0x5b, 0x3a, 0xc8, 0xff, 0x5b, 0x3a, 0xc8, 0xff,
    0x5b, 0x3a, 0xc8, 0xff, 0x5b, 0x3a, 0xc8, 0xff, 0x5b, 0x3a, 0xc8, 0xff, 0x5b, 0x3a, 0xc8, 0xff,
    0x5b, 0x3a, 0xc8, 0xff, 0x5b, 0x3a, 0xc8, 0xff, 0x5b, 0x3a, 0xc8, 0xff, 0x5b, 0x3a, 0xc8, 0xff,
    0x5b, 0x3a, 0xc8, 0xff, 0x5b, 0x3a, 0xc8, 0xff, 0x5b, 0x3a, 0xc8, 0xff, 0x5b, 0x3a, 0xc8, 0xff,
    0x5b, 0x3a, 0xc8, 0xff, 0x5b, 0x3a, 0xc8, 0xff, 0x5b, 0x3a, 0xc8, 0xff, 0x5b, 0x3a, 0xc8, 0xff,
    0x5b, 0x3a, 0xc8, 0xff, 0x5b, 0x3a, 0xc8, 0xff, 0x5b, 0x3a, 0xc8, 0xff, 0x5b, 0x3a, 0xc8, 0xff,
    0x5b, 0x3a, 0xc8, 0xff, 0x5b, 0x3a, 0xc8, 0xff, 0x5b, 0x3a, 0xc8, 0xff, 0x5b, 0x3a, 0xc8, 0xff,
    0x5b, 0x3a, 0xc8, 0xff, 0x5b, 0x3a, 0xc8, 0xff, 0x5b, 0x3a, 0xc8, 0xff, 0x5b, 0x3a, 0xc8, 0xff,
    0x5b, 0x3a, 0xc8, 0xff, 0x5b, 0x3a, 0xc8, 0xff, 0x5b, 0x3a, 0xc8, 0xff, 0x5b, 0x3a, 0xc8, 0xff,
    0x5b, 0x3a, 0xc8, 0xff, 0x5b, 0x3a, 0xc8, 0xff, 0x5b, 0x3a, 0xc8, 0xff, 0x5b, 0x3a, 0xc8, 0xff,
    0x5b, 0x3a, 0xc8, 0xff, 0x5b, 0x3a, 0xc8, 0xff, 0x5b, 0x3a, 0xc8, 0xff, 0x6f, 0x52, 0xce, 0xff,
    0xff, 0xff, 0xff, 0xff, 0xff, 0xff, 0xff, 0xff, 0xff, 0xff, 0xff, 0xff, 0xff, 0xff, 0xff, 0xff,
    0xff, 0xff, 0xff, 0xff, 0xff, 0xff, 0xff, 0xff, 0xff, 0xff, 0xff, 0xff, 0xff, 0xff, 0xff, 0xff,
    0xff, 0xff, 0xff, 0xff, 0xd6, 0xcd, 0xf1, 0xff, 0x93, 0x7d, 0xdb, 0xff, 0x60, 0x40, 0xc9, 0xff,
    0x5b, 0x3a, 0xc8, 0xff, 0x5b, 0x3a, 0xc8, 0xff, 0x5b, 0x3a, 0xc8, 0xff, 0x5b, 0x3a, 0xc8, 0xff,
    0x5b, 0x3a, 0xc8, 0xff, 0x5b, 0x3a, 0xc8, 0xff, 0x5b, 0x3a, 0xc8, 0xff, 0x5b, 0x3a, 0xc8, 0xff,
    0x5b, 0x3a, 0xc8, 0xff, 0x5b, 0x3a, 0xc8, 0xff, 0x5b, 0x3a, 0xc8, 0xff, 0x60, 0x40, 0xc9, 0xff,
    0x93, 0x7d, 0xdb, 0xff, 0xd0, 0xc7, 0xef, 0xff, 0xff, 0xff, 0xff, 0xff, 0xff, 0xff, 0xff, 0xff,
    0xff, 0xff, 0xff, 0xff, 0xff, 0xff, 0xff, 0xff, 0xff, 0xff, 0xff, 0xff, 0xff, 0xff, 0xff, 0xff,
    0xff, 0xff, 0xff, 0xff, 0xff, 0xff, 0xff, 0xff, 0xff, 0xff, 0xff, 0xff, 0x6f, 0x53, 0xcf, 0xff,
    0x5b, 0x3a, 0xc8, 0xff, 0x5b, 0x3a, 0xc8, 0xff, 0x5b, 0x3a, 0xc8, 0xff, 0x5b, 0x3a, 0xc8, 0xff,
    0x5b, 0x3a, 0xc8, 0xff, 0x5b, 0x3a, 0xc8, 0xff, 0x5b, 0x3a, 0xc8, 0xff, 0x5b, 0x3a, 0xc8, 0xff,
    0x5b, 0x3a, 0xc8, 0xff, 0x5b, 0x3a, 0xc8, 0xff, 0x5b, 0x3a, 0xc8, 0xff, 0x5b, 0x3a, 0xc8, 0xff,
    0x5b, 0x3a, 0xc8, 0xff, 0x5b, 0x3a, 0xc8, 0xff, 0x5b, 0x3a, 0xc8, 0xff, 0x5b, 0x3a, 0xc8, 0xff,
    0x5b, 0x3a, 0xc8, 0xff, 0x5b, 0x3a, 0xc8, 0xff, 0x5b, 0x3a, 0xc8, 0xff, 0x5b, 0x3a, 0xc8, 0xff,
    0x5b, 0x3a, 0xc8, 0xff, 0x5b, 0x3a, 0xc8, 0xff, 0x5b, 0x3a, 0xc8, 0xff, 0x5b, 0x3a, 0xc8, 0xff,
    0x5b, 0x3a, 0xc8, 0xff, 0x5b, 0x3a, 0xc8, 0xff, 0x5b, 0x3a, 0xc8, 0xff, 0x5b, 0x3a, 0xc8, 0xff,
    0x5b, 0x3a, 0xc8, 0xff, 0x5b, 0x3a, 0xc8, 0xff, 0x5b, 0x3a, 0xc8, 0xff, 0x5b, 0x3a, 0xc8, 0xff,
    0x5b, 0x3a, 0xc8, 0xff, 0x5b, 0x3a, 0xc8, 0xff, 0x5b, 0x3a, 0xc8, 0xff, 0x5b, 0x3a, 0xc8, 0xff,
    0x5b, 0x3a, 0xc8, 0xff, 0x5b, 0x3a, 0xc8, 0xff, 0x5b, 0x3a, 0xc8, 0xff, 0x5b, 0x3a, 0xc8, 0xff,
    0x5b, 0x3a, 0xc8, 0xff, 0x5b, 0x3a, 0xc8, 0xff, 0x5b, 0x3a, 0xc8, 0xff, 0x5b, 0x3a, 0xc8, 0xff,
    0x5b, 0x3a, 0xc8, 0xff, 0x5b, 0x3a, 0xc8, 0xff, 0x5b, 0x3a, 0xc8, 0xff, 0x5b, 0x3a, 0xc8, 0xff,
    0x5b, 0x3a, 0xc8, 0xff, 0x5b, 0x3a, 0xc8, 0xff, 0x5b, 0x3a, 0xc8, 0xff, 0x5b, 0x3a, 0xc8, 0xff,
    0x5b, 0x3a, 0xc8, 0xff, 0x5b, 0x3a, 0xc8, 0xff, 0x5b, 0x3a, 0xc8, 0xff, 0x5b, 0x3a, 0xc8, 0xff,
    0x5b, 0x3a, 0xc8, 0xff, 0x5b, 0x3a, 0xc8, 0xff, 0x5b, 0x3a, 0xc8, 0xff, 0x5b, 0x3a, 0xc8, 0xff,
    0x5b, 0x3a, 0xc8, 0xff, 0x5b, 0x3a, 0xc8, 0xff, 0x5b, 0x3a, 0xc8, 0xff, 0x5b, 0x3a, 0xc8, 0xff,
    0x5b, 0x3a, 0xc8, 0xff, 0x5b, 0x3a, 0xc8, 0xff, 0x5b, 0x3a, 0xc8, 0xff, 0x5b, 0x3a, 0xc8, 0xff,
    0x5b, 0x3a, 0xc8, 0xff, 0x5b, 0x3a, 0xc8, 0xff, 0x5b, 0x3a, 0xc8, 0xff, 0x5b, 0x3a, 0xc8, 0xff,
    0x5b, 0x3a, 0xc8, 0xff, 0x5b, 0x3a, 0xc8, 0xff, 0x5b, 0x3a, 0xc8, 0xff, 0x5b, 0x3a, 0xc8, 0xff,
    0x5b, 0x3a, 0xc8, 0xff, 0x5b, 0x3a, 0xc8, 0xff, 0x5b, 0x3a, 0xc8, 0xff, 0x5b, 0x3a, 0xc8, 0xff,
    0x5b, 0x3a, 0xc8, 0xff, 0x5b, 0x3a, 0xc8, 0xff, 0x5b, 0x3a, 0xc8, 0xff, 0x5b, 0x3a, 0xc8, 0xff,
    0x5b, 0x3a, 0xc8, 0xff, 0x5b, 0x3a, 0xc8, 0xff, 0x5b, 0x3a, 0xc8, 0xff, 0x5b, 0x3a, 0xc8, 0xff,
    0x5b, 0x3a, 0xc8, 0xff, 0x5b, 0x3a, 0xc8, 0xff, 0x5b, 0x3a, 0xc8, 0xff, 0x5b, 0x3a, 0xc8, 0xff,
    0x5b, 0x3a, 0xc8, 0xff, 0x5b, 0x3a, 0xc8, 0xff, 0xdd, 0xd7, 0xf4, 0xff, 0xff, 0xff, 0xff, 0xff,
    0xff, 0xff, 0xff, 0xff, 0xff, 0xff, 0xff, 0xff, 0xff, 0xff, 0xff, 0xff, 0xff, 0xff, 0xff, 0xff,
    0xff, 0xff, 0xff, 0xff, 0xd3, 0xca, 0xf0, 0xff, 0x79, 0x5f, 0xd2, 0xff, 0x5b, 0x3a, 0xc8, 0xff,
    0x5b, 0x3a, 0xc8, 0xff, 0x5b, 0x3a, 0xc8, 0xff, 0x5b, 0x3a, 0xc8, 0xff, 0x5b, 0x3a, 0xc8, 0xff,
    0x5b, 0x3a, 0xc8, 0xff, 0x5b, 0x3a, 0xc8, 0xff, 0x5b, 0x3a, 0xc8, 0xff, 0x5b, 0x3a, 0xc8, 0xff,
    0x5b, 0x3a, 0xc8, 0xff, 0x5b, 0x3a, 0xc8, 0xff, 0x5b, 0x3a, 0xc8, 0xff, 0x5b, 0x3a, 0xc8, 0xff,
    0x5b, 0x3a, 0xc8, 0xff, 0x5b, 0x3a, 0xc8, 0xff, 0x5b, 0x3a, 0xc8, 0xff, 0x5b, 0x3a, 0xc8, 0xff,
    0x79, 0x5f, 0xd2, 0xff, 0xce, 0xc4, 0xee, 0xff, 0xff, 0xff, 0xff, 0xff, 0xff, 0xff, 0xff, 0xff,
    0xff, 0xff, 0xff, 0xff, 0xff, 0xff, 0xff, 0xff, 0xff, 0xff, 0xff, 0xff, 0xff, 0xff, 0xff, 0xff,
    0xe0, 0xda, 0xf4, 0xff, 0x5b, 0x3a, 0xc8, 0xff, 0x5b, 0x3a, 0xc8, 0xff, 0x5b, 0x3a, 0xc8, 0xff,
    0x5b, 0x3a, 0xc8, 0xff, 0x5b, 0x3a, 0xc8, 0xff, 0x5b, 0x3a, 0xc8, 0xff, 0x5b, 0x3a, 0xc8, 0xff,
    0x5b, 0x3a, 0xc8, 0xff, 0x5b, 0x3a, 0xc8, 0xff, 0x5b, 0x3a, 0xc8, 0xff, 0x5b, 0x3a, 0xc8, 0xff,
    0x5b, 0x3a, 0xc8, 0xff, 0x5b, 0x3a, 0xc8, 0xff, 0x5b, 0x3a, 0xc8, 0xff, 0x5b, 0x3a, 0xc8, 0xff,
    0x5b, 0x3a, 0xc8, 0xff, 0x5b, 0x3a, 0xc8, 0xff, 0x5b, 0x3a, 0xc8, 0xff, 0x5b, 0x3a, 0xc8, 0xff,
    0x5b, 0x3a, 0xc8, 0xff, 0x5b, 0x3a, 0xc8, 0xff, 0x5b, 0x3a, 0xc8, 0xff, 0x5b, 0x3a, 0xc8, 0xff,
    0x5b, 0x3a, 0xc8, 0xff, 0x5b, 0x3a, 0xc8, 0xff, 0x5b, 0x3a, 0xc8, 0xff, 0x5b, 0x3a, 0xc8, 0xff,
    0x5b, 0x3a, 0xc8, 0xff, 0x5b, 0x3a, 0xc8, 0xff, 0x5b, 0x3a, 0xc8, 0xff, 0x5b, 0x3a, 0xc8, 0xff,
    0x5b, 0x3a, 0xc8, 0xff, 0x5b, 0x3a, 0xc8, 0xff, 0x5b, 0x3a, 0xc8, 0xff, 0x5b, 0x3a, 0xc8, 0xff,
    0x5b, 0x3a, 0xc8, 0xff, 0x5b, 0x3a, 0xc8, 0xff, 0x5b, 0x3a, 0xc8, 0xff, 0x5b, 0x3a, 0xc8, 0xff,
    0x5b, 0x3a, 0xc8, 0xff, 0x5b, 0x3a, 0xc8, 0xff, 0x5b, 0x3a, 0xc8, 0xff, 0x5b, 0x3a, 0xc8, 0xff,
    0x5b, 0x3a, 0xc8, 0xff, 0x5b, 0x3a, 0xc8, 0xff, 0x5b, 0x3a, 0xc8, 0xff, 0x5b, 0x3a, 0xc8, 0xff,
    0x5b, 0x3a, 0xc8, 0xff, 0x5b, 0x3a, 0xc8, 0xff, 0x5b, 0x3a, 0xc8, 0xff, 0x5b, 0x3a, 0xc8, 0xff,
    0x5b, 0x3a, 0xc8, 0xff, 0x5b, 0x3a, 0xc8, 0xff, 0x5b, 0x3a, 0xc8, 0xff, 0x5b, 0x3a, 0xc8, 0xff,
    0x5b, 0x3a, 0xc8, 0xff, 0x5b, 0x3a, 0xc8, 0xff, 0x5b, 0x3a, 0xc8, 0xff, 0x5b, 0x3a, 0xc8, 0xff,
    0x5b, 0x3a, 0xc8, 0xff, 0x5b, 0x3a, 0xc8, 0xff, 0x5b, 0x3a, 0xc8, 0xff, 0x5b, 0x3a, 0xc8, 0xff,
    0x5b, 0x3a, 0xc8, 0xff, 0x5b, 0x3a, 0xc8, 0xff, 0x5b, 0x3a, 0xc8, 0xff, 0x5b, 0x3a, 0xc8, 0xff,
    0x5b, 0x3a, 0xc8, 0xff, 0x5b, 0x3a, 0xc8, 0xff, 0x5b, 0x3a, 0xc8, 0xff, 0x5b, 0x3a, 0xc8, 0xff,
    0x5b, 0x3a, 0xc8, 0xff, 0x5b, 0x3a, 0xc8, 0xff, 0x5b, 0x3a, 0xc8, 0xff, 0x5b, 0x3a, 0xc8, 0xff,
    0x5b, 0x3a, 0xc8, 0xff, 0x5b, 0x3a, 0xc8, 0xff, 0x5b, 0x3a, 0xc8, 0xff, 0x5b, 0x3a, 0xc8, 0xff,
    0x5b, 0x3a, 0xc8, 0xff, 0x5b, 0x3a, 0xc8, 0xff, 0x5b, 0x3a, 0xc8, 0xff, 0x5b, 0x3a, 0xc8, 0xff,
    0x5b, 0x3a, 0xc8, 0xff, 0x5b, 0x3a, 0xc8, 0xff, 0x5b, 0x3a, 0xc8, 0xff, 0x5b, 0x3a, 0xc8, 0xff,
    0x5b, 0x3a, 0xc8, 0xff, 0x5b, 0x3a, 0xc8, 0xff, 0x5b, 0x3a, 0xc8, 0xff, 0x5b, 0x3a, 0xc8, 0xff,
    0x5b, 0x3a, 0xc8, 0xff, 0x5b, 0x3a, 0xc8, 0xff, 0x5b, 0x3a, 0xc8, 0xff, 0x5b, 0x3a, 0xc8, 0xff,
    0x74, 0x58, 0xd0, 0xff, 0xed, 0xe9, 0xf9, 0xff, 0xff, 0xff, 0xff, 0xff, 0xff, 0xff, 0xff, 0xff,
    0xff, 0xff, 0xff, 0xff, 0xed, 0xe9, 0xf9, 0xff, 0x8e, 0x78, 0xd9, 0xff, 0x5b, 0x3a, 0xc8, 0xff,
    0x5b, 0x3a, 0xc8, 0xff, 0x5b, 0x3a, 0xc8, 0xff, 0x5b, 0x3a, 0xc8, 0xff, 0x5b, 0x3a, 0xc8, 0xff,
    0x5b, 0x3a, 0xc8, 0xff, 0x5b, 0x3a, 0xc8, 0xff, 0x5b, 0x3a, 0xc8, 0xff, 0x5b, 0x3a, 0xc8, 0xff,
    0x5b, 0x3a, 0xc8, 0xff, 0x5b, 0x3a, 0xc8, 0xff, 0x5b, 0x3a, 0xc8, 0xff, 0x5b, 0x3a, 0xc8, 0xff,
    0x5b, 0x3a, 0xc8, 0xff, 0x5b, 0x3a, 0xc8, 0xff, 0x5b, 0x3a, 0xc8, 0xff, 0x5b, 0x3a, 0xc8, 0xff,
    0x5b, 0x3a, 0xc8, 0xff, 0x5b, 0x3a, 0xc8, 0xff, 0x5b, 0x3a, 0xc8, 0xff, 0x5b, 0x3a, 0xc8, 0xff,
    0x93, 0x7e, 0xdb, 0xff, 0xef, 0xec, 0xf9, 0xff, 0xff, 0xff, 0xff, 0xff, 0xff, 0xff, 0xff, 0xff,
    0xff, 0xff, 0xff, 0xff, 0xed, 0xe9, 0xf9, 0xff, 0x72, 0x55, 0xcf, 0xff, 0x5b, 0x3a, 0xc8, 0xff,
    0x5b, 0x3a, 0xc8, 0xff, 0x5b, 0x3a, 0xc8, 0xff, 0x5b, 0x3a, 0xc8, 0xff, 0x5b, 0x3a, 0xc8, 0xff,
    0x5b, 0x3a, 0xc8, 0xff, 0x5b, 0x3a, 0xc8, 0xff, 0x5b, 0x3a, 0xc8, 0xff, 0x5b, 0x3a, 0xc8, 0xff,
    0x5b, 0x3a, 0xc8, 0xff, 0x5b, 0x3a, 0xc8, 0xff, 0x5b, 0x3a, 0xc8, 0xff, 0x5b, 0x3a, 0xc8, 0xff,
    0x5b, 0x3a, 0xc8, 0xff, 0x5b, 0x3a, 0xc8, 0xff, 0x5b, 0x3a, 0xc8, 0xff, 0x5b, 0x3a, 0xc8, 0xff,
    0x5b, 0x3a, 0xc8, 0xff, 0x5b, 0x3a, 0xc8, 0xff, 0x5b, 0x3a, 0xc8, 0xff, 0x5b, 0x3a, 0xc8, 0xff,
    0x5b, 0x3a, 0xc8, 0xff, 0x5b, 0x3a, 0xc8, 0xff, 0x5b, 0x3a, 0xc8, 0xff, 0x5b, 0x3a, 0xc8, 0xff,
    0x5b, 0x3a, 0xc8, 0xff, 0x5b, 0x3a, 0xc8, 0xff, 0x5b, 0x3a, 0xc8, 0xff, 0x5b, 0x3a, 0xc8, 0xff,
    0x5b, 0x3a, 0xc8, 0xff, 0x5b, 0x3a, 0xc8, 0xff, 0x5b, 0x3a, 0xc8, 0xff, 0x5b, 0x3a, 0xc8, 0xff,
    0x5b, 0x3a, 0xc8, 0xff, 0x5b, 0x3a, 0xc8, 0xff, 0x5b, 0x3a, 0xc8, 0xff, 0x5b, 0x3a, 0xc8, 0xff,
    0x5b, 0x3a, 0xc8, 0xff, 0x5b, 0x3a, 0xc8, 0xff, 0x5b, 0x3a, 0xc8, 0xff, 0x5b, 0x3a, 0xc8, 0xff,
    0x5b, 0x3a, 0xc8, 0xff, 0x5b, 0x3a, 0xc8, 0xff, 0x5b, 0x3a, 0xc8, 0xff, 0x5b, 0x3a, 0xc8, 0xff,
    0x5b, 0x3a, 0xc8, 0xff, 0x5b, 0x3a, 0xc8, 0xff, 0x5b, 0x3a, 0xc8, 0xff, 0x5b, 0x3a, 0xc8, 0xff,
    0x5b, 0x3a, 0xc8, 0xff, 0x5b, 0x3a, 0xc8, 0xff, 0x5b, 0x3a, 0xc8, 0xff, 0x5b, 0x3a, 0xc8, 0xff,
    0x5b, 0x3a, 0xc8, 0xff, 0x5b, 0x3a, 0xc8, 0xff, 0x5b, 0x3a, 0xc8, 0xff, 0x5b, 0x3a, 0xc8, 0xff,
    0x5b, 0x3a, 0xc8, 0xff, 0x5b, 0x3a, 0xc8, 0xff, 0x5b, 0x3a, 0xc8, 0xff, 0x5b, 0x3a, 0xc8, 0xff,
    0x5b, 0x3a, 0xc8, 0xff, 0x5b, 0x3a, 0xc8, 0xff, 0x5b, 0x3a, 0xc8, 0xff, 0x5b, 0x3a, 0xc8, 0xff,
    0x5b, 0x3a, 0xc8, 0xff, 0x5b, 0x3a, 0xc8, 0xff, 0x5b, 0x3a, 0xc8, 0xff, 0x5b, 0x3a, 0xc8, 0xff,
    0x5b, 0x3a, 0xc8, 0xff, 0x5b, 0x3a, 0xc8, 0xff, 0x5b, 0x3a, 0xc8, 0xff, 0x5b, 0x3a, 0xc8, 0xff,
    0x5b, 0x3a, 0xc8, 0xff, 0x5b, 0x3a, 0xc8, 0xff, 0x5b, 0x3a, 0xc8, 0xff, 0x5b, 0x3a, 0xc8, 0xff,
    0x5b, 0x3a, 0xc8, 0xff, 0x5b, 0x3a, 0xc8, 0xff, 0x5b, 0x3a, 0xc8, 0xff, 0x5b, 0x3a, 0xc8, 0xff,
    0x5b, 0x3a, 0xc8, 0xff, 0x5b, 0x3a, 0xc8, 0xff, 0x5b, 0x3a, 0xc8, 0xff, 0x5b, 0x3a, 0xc8, 0xff,
    0x5b, 0x3a, 0xc8, 0xff, 0x5b, 0x3a, 0xc8, 0xff, 0x5b, 0x3a, 0xc8, 0xff, 0x5b, 0x3a, 0xc8, 0xff,
    0x5b, 0x3a, 0xc8, 0xff, 0x5b, 0x3a, 0xc8, 0xff, 0x5b, 0x3a, 0xc8, 0xff, 0x5b, 0x3a, 0xc8, 0xff,
    0x5b, 0x3a, 0xc8, 0xff, 0x5b, 0x3a, 0xc8, 0xff, 0x5b, 0x3a, 0xc8, 0xff, 0x65, 0x46, 0xcb, 0xff,
    0xa0, 0x8d, 0xdf, 0xff, 0xb7, 0xa9, 0xe7, 0xff, 0xa0, 0x8d, 0xdf, 0xff, 0x65, 0x46, 0xcb, 0xff,
    0x5b, 0x3a, 0xc8, 0xff, 0x5b, 0x3a, 0xc8, 0xff, 0x5b, 0x3a, 0xc8, 0xff, 0x5b, 0x3a, 0xc8, 0xff,
    0x5b, 0x3a, 0xc8, 0xff, 0x5b, 0x3a, 0xc8, 0xff, 0x5b, 0x3a, 0xc8, 0xff, 0x5b, 0x3a, 0xc8, 0xff,
    0x5b, 0x3a, 0xc8, 0xff, 0x5b, 0x3a, 0xc8, 0xff, 0x5b, 0x3a, 0xc8, 0xff, 0x5b, 0x3a, 0xc8, 0xff,
    0x5b, 0x3a, 0xc8, 0xff, 0x5b, 0x3a, 0xc8, 0xff, 0x5b, 0x3a, 0xc8, 0xff, 0x5b, 0x3a, 0xc8, 0xff,
    0x5b, 0x3a, 0xc8, 0xff, 0x5b, 0x3a, 0xc8, 0xff, 0x5b, 0x3a, 0xc8, 0xff, 0x5b, 0x3a, 0xc8, 0xff,
    0x5b, 0x3a, 0xc8, 0xff, 0x5b, 0x3a, 0xc8, 0xff, 0x5b, 0x3a, 0xc8, 0xff, 0x65, 0x46, 0xcb, 0xff,
    0xa0, 0x8d, 0xdf, 0xff, 0xb7, 0xa9, 0xe7, 0xff, 0xa0, 0x8d, 0xdf, 0xff, 0x65, 0x46, 0xcb, 0xff,
    0x5b, 0x3a, 0xc8, 0xff, 0x5b, 0x3a, 0xc8, 0xff, 0x5b, 0x3a, 0xc8, 0xff, 0x5b, 0x3a, 0xc8, 0xff,
    0x5b, 0x3a, 0xc8, 0xff, 0x5b, 0x3a, 0xc8, 0xff, 0x5b, 0x3a, 0xc8, 0xff, 0x5b, 0x3a, 0xc8, 0xff,
    0x5b, 0x3a, 0xc8, 0xff, 0x5b, 0x3a, 0xc8, 0xff, 0x5b, 0x3a, 0xc8, 0xff, 0x5b, 0x3a, 0xc8, 0xff,
    0x5b, 0x3a, 0xc8, 0xff, 0x5b, 0x3a, 0xc8, 0xff, 0x5b, 0x3a, 0xc8, 0xff, 0x5b, 0x3a, 0xc8, 0xff,
    0x5b, 0x3a, 0xc8, 0xff, 0x5b, 0x3a, 0xc8, 0xff, 0x5b, 0x3a, 0xc8, 0xff, 0x5b, 0x3a, 0xc8, 0xff,
    0x5b, 0x3a, 0xc8, 0xff, 0x5b, 0x3a, 0xc8, 0xff, 0x5b, 0x3a, 0xc8, 0xff, 0x5b, 0x3a, 0xc8, 0xff,
    0x5b, 0x3a, 0xc8, 0xff, 0x5b, 0x3a, 0xc8, 0xff, 0x5b, 0x3a, 0xc8, 0xff, 0x5b, 0x3a, 0xc8, 0xff,
    0x5b, 0x3a, 0xc8, 0xff, 0x5b, 0x3a, 0xc8, 0xff, 0x5b, 0x3a, 0xc8, 0xff, 0x5b, 0x3a, 0xc8, 0xff,
    0x5b, 0x3a, 0xc8, 0xff, 0x5b, 0x3a, 0xc8, 0xff, 0x5b, 0x3a, 0xc8, 0xff, 0x5b, 0x3a, 0xc8, 0xff,
    0x5b, 0x3a, 0xc8, 0xff, 0x5b, 0x3a, 0xc8, 0xff, 0x5b, 0x3a, 0xc8, 0xff, 0x5b, 0x3a, 0xc8, 0xff,
    0x5b, 0x3a, 0xc8, 0xff, 0x5b, 0x3a, 0xc8, 0xff, 0x5b, 0x3a, 0xc8, 0xff, 0x5b, 0x3a, 0xc8, 0xff,
    0x5b, 0x3a, 0xc8, 0xff, 0x5b, 0x3a, 0xc8, 0xff, 0x5b, 0x3a, 0xc8, 0xff, 0x5b, 0x3a, 0xc8, 0xff,
    0x5b, 0x3a, 0xc8, 0xff, 0x5b, 0x3a, 0xc8, 0xff, 0x5b, 0x3a, 0xc8, 0xff, 0x5b, 0x3a, 0xc8, 0xff,
    0x5b, 0x3a, 0xc8, 0xff, 0x5b, 0x3a, 0xc8, 0xff, 0x5b, 0x3a, 0xc8, 0xff, 0x5b, 0x3a, 0xc8, 0xff,
    0x5b, 0x3a, 0xc8, 0xff, 0x5b, 0x3a, 0xc8, 0xff, 0x5b, 0x3a, 0xc8, 0xff, 0x5b, 0x3a, 0xc8, 0xff,
    0x5b, 0x3a, 0xc8, 0xff, 0x5b, 0x3a, 0xc8, 0xff, 0x5b, 0x3a, 0xc8, 0xff, 0x5b, 0x3a, 0xc8, 0xff,
    0x5b, 0x3a, 0xc8, 0xff, 0x5b, 0x3a, 0xc8, 0xff, 0x5b, 0x3a, 0xc8, 0xff, 0x5b, 0x3a, 0xc8, 0xff,
    0x5b, 0x3a, 0xc8, 0xff, 0x5b, 0x3a, 0xc8, 0xff, 0x5b, 0x3a, 0xc8, 0xff, 0x5b, 0x3a, 0xc8, 0xff,
    0x5b, 0x3a, 0xc8, 0xff, 0x5b, 0x3a, 0xc8, 0xff, 0x5b, 0x3a, 0xc8, 0xff, 0x5b, 0x3a, 0xc8, 0xff,
    0x5b, 0x3a, 0xc8, 0xff, 0x5b, 0x3a, 0xc8, 0xff, 0x5b, 0x3a, 0xc8, 0xff, 0x5b, 0x3a, 0xc8, 0xff,
    0x5b, 0x3a, 0xc8, 0xff, 0x5b, 0x3a, 0xc8, 0xff, 0x5b, 0x3a, 0xc8, 0xff, 0x5b, 0x3a, 0xc8, 0xff,
    0x5b, 0x3a, 0xc8, 0xff, 0x5b, 0x3a, 0xc8, 0xff, 0x5b, 0x3a, 0xc8, 0xff, 0x5b, 0x3a, 0xc8, 0xff,
    0x5b, 0x3a, 0xc8, 0xff, 0x5b, 0x3a, 0xc8, 0xff, 0x5b, 0x3a, 0xc8, 0xff, 0x5b, 0x3a, 0xc8, 0xff,
    0x5b, 0x3a, 0xc8, 0xff, 0x5b, 0x3a, 0xc8, 0xff, 0x5b, 0x3a, 0xc8, 0xff, 0x5b, 0x3a, 0xc8, 0xff,
    0x5b, 0x3a, 0xc8, 0xff, 0x5b, 0x3a, 0xc8, 0xff, 0x5b, 0x3a, 0xc8, 0xff, 0x5b, 0x3a, 0xc8, 0xff,
    0x5b, 0x3a, 0xc8, 0xff, 0x5b, 0x3a, 0xc8, 0xff, 0x5b, 0x3a, 0xc8, 0xff, 0x5b, 0x3a, 0xc8, 0xff,
    0x5b, 0x3a, 0xc8, 0xff, 0x5b, 0x3a, 0xc8, 0xff, 0x5b, 0x3a, 0xc8, 0xff, 0x5b, 0x3a, 0xc8, 0xff,
    0x5b, 0x3a, 0xc8, 0xff, 0x5b, 0x3a, 0xc8, 0xff, 0x5b, 0x3a, 0xc8, 0xff, 0x5b, 0x3a, 0xc8, 0xff,
    0x5b, 0x3a, 0xc8, 0xff, 0x5b, 0x3a, 0xc8, 0xff, 0x5b, 0x3a, 0xc8, 0xff, 0x5b, 0x3a, 0xc8, 0xff,
    0x5b, 0x3a, 0xc8, 0xff, 0x5b, 0x3a, 0xc8, 0xff, 0x5b, 0x3a, 0xc8, 0xff, 0x5b, 0x3a, 0xc8, 0xff,
    0x5b, 0x3a, 0xc8, 0xff, 0x5b, 0x3a, 0xc8, 0xff, 0x5b, 0x3a, 0xc8, 0xff, 0x5b, 0x3a, 0xc8, 0xff,
    0x5b, 0x3a, 0xc8, 0xff, 0x5b, 0x3a, 0xc8, 0xff, 0x5b, 0x3a, 0xc8, 0xff, 0x5b, 0x3a, 0xc8, 0xff,
    0x5b, 0x3a, 0xc8, 0xff, 0x5b, 0x3a, 0xc8, 0xff, 0x5b, 0x3a, 0xc8, 0xff, 0x5b, 0x3a, 0xc8, 0xff,
    0x5b, 0x3a, 0xc8, 0xff, 0x5b, 0x3a, 0xc8, 0xff, 0x5b, 0x3a, 0xc8, 0xff, 0x5b, 0x3a, 0xc8, 0xff,
    0x5b, 0x3a, 0xc8, 0xff, 0x5b, 0x3a, 0xc8, 0xff, 0x5b, 0x3a, 0xc8, 0xff, 0x5b, 0x3a, 0xc8, 0xff,
    0x5b, 0x3a, 0xc8, 0xff, 0x5b, 0x3a, 0xc8, 0xff, 0x5b, 0x3a, 0xc8, 0xff, 0x5b, 0x3a, 0xc8, 0xff,
    0x5b, 0x3a, 0xc8, 0xff, 0x5b, 0x3a, 0xc8, 0xff, 0x5b, 0x3a, 0xc8, 0xff, 0x5b, 0x3a, 0xc8, 0xff,
    0x5b, 0x3a, 0xc8, 0xff, 0x5b, 0x3a, 0xc8, 0xff, 0x5b, 0x3a, 0xc8, 0xff, 0x5b, 0x3a, 0xc8, 0xff,
    0x5b, 0x3a, 0xc8, 0xff, 0x5b, 0x3a, 0xc8, 0xff, 0x5b, 0x3a, 0xc8, 0xff, 0x5b, 0x3a, 0xc8, 0xff,
    0x5b, 0x3a, 0xc8, 0xff, 0x5b, 0x3a, 0xc8, 0xff, 0x5b, 0x3a, 0xc8, 0xff, 0x5b, 0x3a, 0xc8, 0xff,
    0x5b, 0x3a, 0xc8, 0xff, 0x5b, 0x3a, 0xc8, 0xff, 0x5b, 0x3a, 0xc8, 0xff, 0x5b, 0x3a, 0xc8, 0xff,
    0x5b, 0x3a, 0xc8, 0xff, 0x5b, 0x3a, 0xc8, 0xff, 0x5b, 0x3a, 0xc8, 0xff, 0x5b, 0x3a, 0xc8, 0xff,
    0x5b, 0x3a, 0xc8, 0xff, 0x5b, 0x3a, 0xc8, 0xff, 0x5b, 0x3a, 0xc8, 0xff, 0x5b, 0x3a, 0xc8, 0xff,
    0x5b, 0x3a, 0xc8, 0xff, 0x5b, 0x3a, 0xc8, 0xff, 0x5b, 0x3a, 0xc8, 0xff, 0x5b, 0x3a, 0xc8, 0xff,
    0x5b, 0x3a, 0xc8, 0xff, 0x5b, 0x3a, 0xc8, 0xff, 0x5b, 0x3a, 0xc8, 0xff, 0x5b, 0x3a, 0xc8, 0xff,
    0x5b, 0x3a, 0xc8, 0xff, 0x5b, 0x3a, 0xc8, 0xff, 0x5b, 0x3a, 0xc8, 0xff, 0x5b, 0x3a, 0xc8, 0xff,
    0x5b, 0x3a, 0xc8, 0xff, 0x5b, 0x3a, 0xc8, 0xff, 0x5b, 0x3a, 0xc8, 0xff, 0x5b, 0x3a, 0xc8, 0xff,
    0x5b, 0x3a, 0xc8, 0xff, 0x5b, 0x3a, 0xc8, 0xff, 0x5b, 0x3a, 0xc8, 0xff, 0x5b, 0x3a, 0xc8, 0xff,
    0x5b, 0x3a, 0xc8, 0xff, 0x5b, 0x3a, 0xc8, 0xff, 0x5b, 0x3a, 0xc8, 0xff, 0x5b, 0x3a, 0xc8, 0xff,
    0x5b, 0x3a, 0xc8, 0xff, 0x5b, 0x3a, 0xc8, 0xff, 0x5b, 0x3a, 0xc8, 0xff, 0x5b, 0x3a, 0xc8, 0xff,
    0x5b, 0x3a, 0xc8, 0xff, 0x5b, 0x3a, 0xc8, 0xff, 0x5b, 0x3a, 0xc8, 0xff, 0x5b, 0x3a, 0xc8, 0xff,
    0x5b, 0x3a, 0xc8, 0xff, 0x5b, 0x3a, 0xc8, 0xff, 0x5b, 0x3a, 0xc8, 0xff, 0x5b, 0x3a, 0xc8, 0xff,
    0x5b, 0x3a, 0xc8, 0xff, 0x5b, 0x3a, 0xc8, 0xff, 0x5b, 0x3a, 0xc8, 0xff, 0x5b, 0x3a, 0xc8, 0xff,
    0x5b, 0x3a, 0xc8, 0xff, 0x5b, 0x3a, 0xc8, 0xff, 0x5b, 0x3a, 0xc8, 0xff, 0x5b, 0x3a, 0xc8, 0xff,
    0x5b, 0x3a, 0xc8, 0xff, 0x5b, 0x3a, 0xc8, 0xff, 0x5b, 0x3a, 0xc8, 0xff, 0x5b, 0x3a, 0xc8, 0xff,
    0x5b, 0x3a, 0xc8, 0xff, 0x5b, 0x3a, 0xc8, 0xff, 0x5b, 0x3a, 0xc8, 0xff, 0x5b, 0x3a, 0xc8, 0xff,
    0x5b, 0x3a, 0xc8, 0xff, 0x5b, 0x3a, 0xc8, 0xff, 0x5b, 0x3a, 0xc8, 0xff, 0x5b, 0x3a, 0xc8, 0xff,
    0x5b, 0x3a, 0xc8, 0xff, 0x5b, 0x3a, 0xc8, 0xff, 0x5b, 0x3a, 0xc8, 0xff, 0x5b, 0x3a, 0xc8, 0xff,
    0x5b, 0x3a, 0xc8, 0xff, 0x5b, 0x3a, 0xc8, 0xff, 0x5b, 0x3a, 0xc8, 0xff, 0x5b, 0x3a, 0xc8, 0xff,
    0x5b, 0x3a, 0xc8, 0xff, 0x5b, 0x3a, 0xc8, 0xff, 0x5b, 0x3a, 0xc8, 0xff, 0x5b, 0x3a, 0xc8, 0xff,
    0x5b, 0x3a, 0xc8, 0xff, 0x5b, 0x3a, 0xc8, 0xff, 0x5b, 0x3a, 0xc8, 0xff, 0x5b, 0x3a, 0xc8, 0xff,
    0x5b, 0x3a, 0xc8, 0xff, 0x5b, 0x3a, 0xc8, 0xff, 0x5b, 0x3a, 0xc8, 0xff, 0x5b, 0x3a, 0xc8, 0xff,
    0x5b, 0x3a, 0xc8, 0xff, 0x5b, 0x3a, 0xc8, 0xff, 0x5b, 0x3a, 0xc8, 0xff, 0x5b, 0x3a, 0xc8, 0xff,
    0x5b, 0x3a, 0xc8, 0xff, 0x5b, 0x3a, 0xc8, 0xff, 0x5b, 0x3a, 0xc8, 0xff, 0x5b, 0x3a, 0xc8, 0xff,
    0x5b, 0x3a, 0xc8, 0xff, 0x5b, 0x3a, 0xc8, 0xff, 0x5b, 0x3a, 0xc8, 0xff, 0x5b, 0x3a, 0xc8, 0xff,
    0x5b, 0x3a, 0xc8, 0xff, 0x5b, 0x3a, 0xc8, 0xff, 0x5b, 0x3a, 0xc8, 0xff, 0x5b, 0x3a, 0xc8, 0xff,
    0x5b, 0x3a, 0xc8, 0xff, 0x5b, 0x3a, 0xc8, 0xff, 0x5b, 0x3a, 0xc8, 0xff, 0x5b, 0x3a, 0xc8, 0xff,
    0x5b, 0x3a, 0xc8, 0xff, 0x5b, 0x3a, 0xc8, 0xff, 0x5b, 0x3a, 0xc8, 0xff, 0x5b, 0x3a, 0xc8, 0xff,
    0x5b, 0x3a, 0xc8, 0xff, 0x5b, 0x3a, 0xc8, 0xff, 0x5b, 0x3a, 0xc8, 0xff, 0x5b, 0x3a, 0xc8, 0xff,
    0x5b, 0x3a, 0xc8, 0xff, 0x5b, 0x3a, 0xc8, 0xff, 0x5b, 0x3a, 0xc8, 0xff, 0x5b, 0x3a, 0xc8, 0xff,
    0x5b, 0x3a, 0xc8, 0xff, 0x5b, 0x3a, 0xc8, 0xff, 0x5b, 0x3a, 0xc8, 0xff, 0x5b, 0x3a, 0xc8, 0xff,
    0x5b, 0x3a, 0xc8, 0xff, 0x5b, 0x3a, 0xc8, 0xff, 0x5b, 0x3a, 0xc8, 0xff, 0x5b, 0x3a, 0xc8, 0xff,
    0x5b, 0x3a, 0xc8, 0xff, 0x5b, 0x3a, 0xc8, 0xff, 0x5b, 0x3a, 0xc8, 0xff, 0x5b, 0x3a, 0xc8, 0xff,
    0x5b, 0x3a, 0xc8, 0xff, 0x5b, 0x3a, 0xc8, 0xff, 0x5b, 0x3a, 0xc8, 0xff, 0x5b, 0x3a, 0xc8, 0xff,
    0x5b, 0x3a, 0xc8, 0xff, 0x5b, 0x3a, 0xc8, 0xff, 0x5b, 0x3a, 0xc8, 0xff, 0x5b, 0x3a, 0xc8, 0xff,
    0x5b, 0x3a, 0xc8, 0xff, 0x5b, 0x3a, 0xc8, 0xff, 0x5b, 0x3a, 0xc8, 0xff, 0x5b, 0x3a, 0xc8, 0xff,
    0x5b, 0x3a, 0xc8, 0xff, 0x5b, 0x3a, 0xc8, 0xff, 0x5b, 0x3a, 0xc8, 0xff, 0x5b, 0x3a, 0xc8, 0xff,
    0x5b, 0x3a, 0xc8, 0xff, 0x5b, 0x3a, 0xc8, 0xff, 0x5b, 0x3a, 0xc8, 0xff, 0x5b, 0x3a, 0xc8, 0xff,
    0x5b, 0x3a, 0xc8, 0xff, 0x5b, 0x3a, 0xc8, 0xff, 0x5b, 0x3a, 0xc8, 0xff, 0x5b, 0x3a, 0xc8, 0xff,
    0x5b, 0x3a, 0xc8, 0xff, 0x5b, 0x3a, 0xc8, 0xff, 0x5b, 0x3a, 0xc8, 0xff, 0x5b, 0x3a, 0xc8, 0xff,
    0x5b, 0x3a, 0xc8, 0xff, 0x5b, 0x3a, 0xc8, 0xff, 0x5b, 0x3a, 0xc8, 0xff, 0x5b, 0x3a, 0xc8, 0xff,
    0x5b, 0x3a, 0xc8, 0xff, 0x5b, 0x3a, 0xc8, 0xff, 0x5b, 0x3a, 0xc8, 0xff, 0x5b, 0x3a, 0xc8, 0xff,
    0x5b, 0x3a, 0xc8, 0xff, 0x5b, 0x3a, 0xc8, 0xff, 0x5b, 0x3a, 0xc8, 0xff, 0x5b, 0x3a, 0xc8, 0xff,
    0x5b, 0x3a, 0xc8, 0xff, 0x5b, 0x3a, 0xc8, 0xff, 0x5b, 0x3a, 0xc8, 0xff, 0x5b, 0x3a, 0xc8, 0xff,
    0x5b, 0x3a, 0xc8, 0xff, 0x5b, 0x3a, 0xc8, 0xff, 0x5b, 0x3a, 0xc8, 0xff, 0x5b, 0x3a, 0xc8, 0xff,
    0x5b, 0x3a, 0xc8, 0xff, 0x5b, 0x3a, 0xc8, 0xff, 0x5b, 0x3a, 0xc8, 0xff, 0x5b, 0x3a, 0xc8, 0xff,
    0x5b, 0x3a, 0xc8, 0xff, 0x68, 0x49, 0xcc, 0xff, 0x86, 0x6e, 0xd6, 0xff, 0xa0, 0x8d, 0xdf, 0xff,
    0xa8, 0x96, 0xe1, 0xff, 0xaa, 0x99, 0xe2, 0xff, 0x9d, 0x8a, 0xde, 0xff, 0x8e, 0x77, 0xd9, 0xff,
    0x6f, 0x52, 0xce, 0xff, 0x5b, 0x3a, 0xc8, 0xff, 0x5b, 0x3a, 0xc8, 0xff, 0x5b, 0x3a, 0xc8, 0xff,
    0x5b, 0x3a, 0xc8, 0xff, 0x5b, 0x3a, 0xc8, 0xff, 0x5b, 0x3a, 0xc8, 0xff, 0x5b, 0x3a, 0xc8, 0xff,
    0x5b, 0x3a, 0xc8, 0xff, 0x5b, 0x3a, 0xc8, 0xff, 0x5b, 0x3a, 0xc8, 0xff, 0x5b, 0x3a, 0xc8, 0xff,
    0x5b, 0x3a, 0xc8, 0xff, 0x5b, 0x3a, 0xc8, 0xff, 0x5b, 0x3a, 0xc8, 0xff, 0x5b, 0x3a, 0xc8, 0xff,
    0x5b, 0x3a, 0xc8, 0xff, 0x5d, 0x3d, 0xc9, 0xff, 0x77, 0x5b, 0xd1, 0xff, 0x93, 0x7d, 0xda, 0xff,
    0xa3, 0x90, 0xe0, 0xff, 0xad, 0x9c, 0xe3, 0xff, 0xa3, 0x90, 0xe0, 0xff, 0x96, 0x81, 0xdb, 0xff,
    0x77, 0x5c, 0xd1, 0xff, 0x5b, 0x3a, 0xc8, 0xff, 0x5b, 0x3a, 0xc8, 0xff, 0x5b, 0x3a, 0xc8, 0xff,
    0x5b, 0x3a, 0xc8, 0xff, 0x5b, 0x3a, 0xc8, 0xff, 0x5b, 0x3a, 0xc8, 0xff, 0x5b, 0x3a, 0xc8, 0xff,
    0x5b, 0x3a, 0xc8, 0xff, 0x5b, 0x3a, 0xc8, 0xff, 0x5b, 0x3a, 0xc8, 0xff, 0x5b, 0x3a, 0xc8, 0xff,
    0x5b, 0x3a, 0xc8, 0xff, 0x5b, 0x3a, 0xc8, 0xff, 0x5b, 0x3a, 0xc8, 0xff, 0x5b, 0x3a, 0xc8, 0xff,
    0x5b, 0x3a, 0xc8, 0xff, 0x5b, 0x3a, 0xc8, 0xff, 0x65, 0x46, 0xcb, 0xff, 0x86, 0x6e, 0xd6, 0xff,
    0x9d, 0x8a, 0xde, 0xff, 0xa8, 0x96, 0xe1, 0xff, 0xaa, 0x99, 0xe2, 0xff, 0xa0, 0x8d, 0xdf, 0xff,
    0x90, 0x7a, 0xda, 0xff, 0x77, 0x5c, 0xd1, 0xff, 0x5b, 0x3a, 0xc8, 0xff, 0x5b, 0x3a, 0xc8, 0xff,
    0x5b, 0x3a, 0xc8, 0xff, 0x5b, 0x3a, 0xc8, 0xff, 0x5b, 0x3a, 0xc8, 0xff, 0x5b, 0x3a, 0xc8, 0xff,
    0x5b, 0x3a, 0xc8, 0xff, 0x5b, 0x3a, 0xc8, 0xff, 0x5b, 0x3a, 0xc8, 0xff, 0x5b, 0x3a, 0xc8, 0xff,
    0x5b, 0x3a, 0xc8, 0xff, 0x5b, 0x3a, 0xc8, 0xff, 0x5b, 0x3a, 0xc8, 0xff, 0x5b, 0x3a, 0xc8, 0xff,
    0x5b, 0x3a, 0xc8, 0xff, 0x5b, 0x3a, 0xc8, 0xff, 0x5b, 0x3a, 0xc8, 0xff, 0x5b, 0x3a, 0xc8, 0xff,
    0x5b, 0x3a, 0xc8, 0xff, 0x5b, 0x3a, 0xc8, 0xff, 0x5b, 0x3a, 0xc8, 0xff, 0x5b, 0x3a, 0xc8, 0xff,
    0x5b, 0x3a, 0xc8, 0xff, 0x5b, 0x3a, 0xc8, 0xff, 0x5b, 0x3a, 0xc8, 0xff, 0x5b, 0x3a, 0xc8, 0xff,
    0x5b, 0x3a, 0xc8, 0xff, 0x5b, 0x3a, 0xc8, 0xff, 0x5b, 0x3a, 0xc8, 0xff, 0x5b, 0x3a, 0xc8, 0xff,
    0x5b, 0x3a, 0xc8, 0xff, 0x5b, 0x3a, 0xc8, 0xff, 0x5b, 0x3a, 0xc8, 0xff, 0x5b, 0x3a, 0xc8, 0xff,
    0x5b, 0x3a, 0xc8, 0xff, 0x5b, 0x3a, 0xc8, 0xff, 0x5b, 0x3a, 0xc8, 0xff, 0x5b, 0x3a, 0xc8, 0xff,
    0x5b, 0x3a, 0xc8, 0xff, 0x5b, 0x3a, 0xc8, 0xff, 0x5b, 0x3a, 0xc8, 0xff, 0x5b, 0x3a, 0xc8, 0xff,
    0x5b, 0x3a, 0xc8, 0xff, 0x5b, 0x3a, 0xc8, 0xff, 0x5b, 0x3a, 0xc8, 0xff, 0x5b, 0x3a, 0xc8, 0xff,
    0x5b, 0x3a, 0xc8, 0xff, 0x5b, 0x3a, 0xc8, 0xff, 0x5b, 0x3a, 0xc8, 0xff, 0x5b, 0x3a, 0xc8, 0xff,
    0x5b, 0x3a, 0xc8, 0xff, 0x5b, 0x3a, 0xc8, 0xff, 0x5b, 0x3a, 0xc8, 0xff, 0x5b, 0x3a, 0xc8, 0xff,
    0x5b, 0x3a, 0xc8, 0xff, 0x5b, 0x3a, 0xc8, 0xff, 0x5b, 0x3a, 0xc8, 0xff, 0x5b, 0x3a, 0xc8, 0xff,
    0x5b, 0x3a, 0xc8, 0xff, 0x5b, 0x3a, 0xc8, 0xff, 0x5b, 0x3a, 0xc8, 0xff, 0x5b, 0x3a, 0xc8, 0xff,
    0x5b, 0x3a, 0xc8, 0xff, 0x5b, 0x3a, 0xc8, 0xff, 0x5b, 0x3a, 0xc8, 0xff, 0x5b, 0x3a, 0xc8, 0xff,
    0x5b, 0x3a, 0xc8, 0xff, 0x5b, 0x3a, 0xc8, 0xff, 0x5b, 0x3a, 0xc8, 0xff, 0x5b, 0x3a, 0xc8, 0xff,
    0x5d, 0x3d, 0xc9, 0xff, 0x98, 0x84, 0xdc, 0xff, 0xdd, 0xd7, 0xf3, 0xff, 0xff, 0xff, 0xff, 0xff,
    0xff, 0xff, 0xff, 0xff, 0xff, 0xff, 0xff, 0xff, 0xff, 0xff, 0xff, 0xff, 0xff, 0xff, 0xff, 0xff,
    0xff, 0xff, 0xff, 0xff, 0xff, 0xff, 0xff, 0xff, 0xff, 0xff, 0xff, 0xff, 0xea, 0xe6, 0xf8, 0xff,
    0xad, 0x9c, 0xe3, 0xff, 0x6a, 0x4c, 0xcd, 0xff, 0x5b, 0x3a, 0xc8, 0xff, 0x5b, 0x3a, 0xc8, 0xff,
    0x5b, 0x3a, 0xc8, 0xff, 0x5b, 0x3a, 0xc8, 0xff, 0x5b, 0x3a, 0xc8, 0xff, 0x5b, 0x3a, 0xc8, 0xff,
    0x5b, 0x3a, 0xc8, 0xff, 0x5b, 0x3a, 0xc8, 0xff, 0x5b, 0x3a, 0xc8, 0xff, 0x5b, 0x3a, 0xc8, 0xff,
    0x5b, 0x3a, 0xc8, 0xff, 0x72, 0x56, 0xcf, 0xff, 0xb4, 0xa5, 0xe5, 0xff, 0xf2, 0xef, 0xfa, 0xff,
    0xff, 0xff, 0xff, 0xff, 0xff, 0xff, 0xff, 0xff, 0xff, 0xff, 0xff, 0xff, 0xff, 0xff, 0xff, 0xff,
    0xff, 0xff, 0xff, 0xff, 0xff, 0xff, 0xff, 0xff, 0xff, 0xff, 0xff, 0xff, 0xef, 0xec, 0xf9, 0xff,
    0xb7, 0xa8, 0xe6, 0xff, 0x6a, 0x4c, 0xcd, 0xff, 0x5b, 0x3a, 0xc8, 0xff, 0x5b, 0x3a, 0xc8, 0xff,
    0x5b, 0x3a, 0xc8, 0xff, 0x5b, 0x3a, 0xc8, 0xff, 0x5b, 0x3a, 0xc8, 0xff, 0x5b, 0x3a, 0xc8, 0xff,
    0x5b, 0x3a, 0xc8, 0xff, 0x5b, 0x3a, 0xc8, 0xff, 0x5b, 0x3a, 0xc8, 0xff, 0x5b, 0x3a, 0xc8, 0xff,
    0x5b, 0x3a, 0xc8, 0xff, 0x5b, 0x3a, 0xc8, 0xff, 0x93, 0x7d, 0xda, 0xff, 0xd0, 0xc7, 0xef, 0xff,
    0xfc, 0xfb, 0xfe, 0xff, 0xff, 0xff, 0xff, 0xff, 0xff, 0xff, 0xff, 0xff, 0xff, 0xff, 0xff, 0xff,
    0xff, 0xff, 0xff, 0xff, 0xff, 0xff, 0xff, 0xff, 0xff, 0xff, 0xff, 0xff, 0xff, 0xff, 0xff, 0xff,
    0xef, 0xec, 0xf9, 0xff, 0xb5, 0xa5, 0xe6, 0xff, 0x6a, 0x4c, 0xcd, 0xff, 0x5b, 0x3a, 0xc8, 0xff,
    0x5b, 0x3a, 0xc8, 0xff, 0x5b, 0x3a, 0xc8, 0xff, 0x5b, 0x3a, 0xc8, 0xff, 0x5b, 0x3a, 0xc8, 0xff,
    0x5b, 0x3a, 0xc8, 0xff, 0x5b, 0x3a, 0xc8, 0xff, 0x5b, 0x3a, 0xc8, 0xff, 0x5b, 0x3a, 0xc8, 0xff,
    0x5b, 0x3a, 0xc8, 0xff, 0x5b, 0x3a, 0xc8, 0xff, 0x5b, 0x3a, 0xc8, 0xff, 0x5b, 0x3a, 0xc8, 0xff,
    0x5b, 0x3a, 0xc8, 0xff, 0x5b, 0x3a, 0xc8, 0xff, 0x5b, 0x3a, 0xc8, 0xff, 0x5b, 0x3a, 0xc8, 0xff,
    0x5b, 0x3a, 0xc8, 0xff, 0x5b, 0x3a, 0xc8, 0xff, 0x5b, 0x3a, 0xc8, 0xff, 0x5b, 0x3a, 0xc8, 0xff,
    0x5b, 0x3a, 0xc8, 0xff, 0x5b, 0x3a, 0xc8, 0xff, 0x5b, 0x3a, 0xc8, 0xff, 0x5b, 0x3a, 0xc8, 0xff,
    0x5b, 0x3a, 0xc8, 0xff, 0x5b, 0x3a, 0xc8, 0xff, 0x5b, 0x3a, 0xc8, 0xff, 0x5b, 0x3a, 0xc8, 0xff,
    0x5b, 0x3a, 0xc8, 0xff, 0x5b, 0x3a, 0xc8, 0xff, 0x5b, 0x3a, 0xc8, 0xff, 0x5b, 0x3a, 0xc8, 0xff,
    0x5b, 0x3a, 0xc8, 0xff, 0x5b, 0x3a, 0xc8, 0xff, 0x5b, 0x3a, 0xc8, 0xff, 0x5b, 0x3a, 0xc8, 0xff,
    0x5b, 0x3a, 0xc8, 0xff, 0x5b, 0x3a, 0xc8, 0xff, 0x5b, 0x3a, 0xc8, 0xff, 0x5b, 0x3a, 0xc8, 0xff,
    0x5b, 0x3a, 0xc8, 0xff, 0x5b, 0x3a, 0xc8, 0xff, 0x5b, 0x3a, 0xc8, 0xff, 0x5b, 0x3a, 0xc8, 0xff,
    0x5b, 0x3a, 0xc8, 0xff, 0x5b, 0x3a, 0xc8, 0xff, 0x5b, 0x3a, 0xc8, 0xff, 0x5b, 0x3a, 0xc8, 0xff,
    0x5b, 0x3a, 0xc8, 0xff, 0x5b, 0x3a, 0xc8, 0xff, 0x5b, 0x3a, 0xc8, 0xff, 0x5b, 0x3a, 0xc8, 0xff,
    0x5b, 0x3a, 0xc8, 0xff, 0x5b, 0x3a, 0xc8, 0xff, 0x5b, 0x3a, 0xc8, 0xff, 0x5b, 0x3a, 0xc8, 0xff,
    0x5b, 0x3a, 0xc8, 0xff, 0x5b, 0x3a, 0xc8, 0xff, 0x5b, 0x3a, 0xc8, 0xff, 0x5b, 0x3a, 0xc8, 0xff,
    0x5b, 0x3a, 0xc8, 0xff, 0x5b, 0x3a, 0xc8, 0xff, 0x5b, 0x3a, 0xc8, 0xff, 0x5b, 0x3a, 0xc8, 0xff,
    0x5b, 0x3a, 0xc8, 0xff, 0x79, 0x5f, 0xd2, 0xff, 0xe5, 0xe0, 0xf6, 0xff, 0xff, 0xff, 0xff, 0xff,
    0xff, 0xff, 0xff, 0xff, 0xff, 0xff, 0xff, 0xff, 0xff, 0xff, 0xff, 0xff, 0xff, 0xff, 0xff, 0xff,
    0xff, 0xff, 0xff, 0xff, 0xff, 0xff, 0xff, 0xff, 0xff, 0xff, 0xff, 0xff, 0xff, 0xff, 0xff, 0xff,
    0xff, 0xff, 0xff, 0xff, 0xff, 0xff, 0xff, 0xff, 0xff, 0xff, 0xff, 0xff, 0xef, 0xec, 0xf9, 0xff,
    0x8c, 0x74, 0xd8, 0xff, 0x5b, 0x3a, 0xc8, 0xff, 0x5b, 0x3a, 0xc8, 0xff, 0x5b, 0x3a, 0xc8, 0xff,
    0x5b, 0x3a, 0xc8, 0xff, 0x5b, 0x3a, 0xc8, 0xff, 0x5b, 0x3a, 0xc8, 0xff, 0x5b, 0x3a, 0xc8, 0xff,
    0x5b, 0x3a, 0xc8, 0xff, 0x5b, 0x3a, 0xc8, 0xff, 0xa5, 0x93, 0xe0, 0xff, 0xfa, 0xf8, 0xfd, 0xff,
    0xff, 0xff, 0xff, 0xff, 0xff, 0xff, 0xff, 0xff, 0xff, 0xff, 0xff, 0xff, 0xff, 0xff, 0xff, 0xff,
    0xff, 0xff, 0xff, 0xff, 0xff, 0xff, 0xff, 0xff, 0xff, 0xff, 0xff, 0xff, 0xff, 0xff, 0xff, 0xff,
    0xff, 0xff, 0xff, 0xff, 0xff, 0xff, 0xff, 0xff, 0xff, 0xff, 0xff, 0xff, 0xfa, 0xf8, 0xfd, 0xff,
    0xaa, 0x99, 0xe2, 0xff, 0x5b, 0x3a, 0xc8, 0xff, 0x5b, 0x3a, 0xc8, 0xff, 0x5b, 0x3a, 0xc8, 0xff,
    0x5b, 0x3a, 0xc8, 0xff, 0x5b, 0x3a, 0xc8, 0xff, 0x5b, 0x3a, 0xc8, 0xff, 0x5b, 0x3a, 0xc8, 0xff,
    0x5b, 0x3a, 0xc8, 0xff, 0x5b, 0x3a, 0xc8, 0xff, 0x6f, 0x52, 0xcf, 0xff, 0xdb, 0xd3, 0xf2, 0xff,
    0xff, 0xff, 0xff, 0xff, 0xff, 0xff, 0xff, 0xff, 0xff, 0xff, 0xff, 0xff, 0xff, 0xff, 0xff, 0xff,
    0xff, 0xff, 0xff, 0xff, 0xff, 0xff, 0xff, 0xff, 0xff, 0xff, 0xff, 0xff, 0xff, 0xff, 0xff, 0xff,
    0xff, 0xff, 0xff, 0xff, 0xff, 0xff, 0xff, 0xff, 0xff, 0xff, 0xff, 0xff, 0xff, 0xff, 0xff, 0xff,
    0xfa, 0xf8, 0xfd, 0xff, 0x9b, 0x87, 0xdd, 0xff, 0x5b, 0x3a, 0xc8, 0xff, 0x5b, 0x3a, 0xc8, 0xff,
    0x5b, 0x3a, 0xc8, 0xff, 0x5b, 0x3a, 0xc8, 0xff, 0x5b, 0x3a, 0xc8, 0xff, 0x5b, 0x3a, 0xc8, 0xff,
    0x5b, 0x3a, 0xc8, 0xff, 0x5b, 0x3a, 0xc8, 0xff, 0x5b, 0x3a, 0xc8, 0xff, 0x5b, 0x3a, 0xc8, 0xff,
    0x5b, 0x3a, 0xc8, 0xff, 0x5b, 0x3a, 0xc8, 0xff, 0x5b, 0x3a, 0xc8, 0xff, 0x5b, 0x3a, 0xc8, 0xff,
    0x5b, 0x3a, 0xc8, 0xff, 0x5b, 0x3a, 0xc8, 0xff, 0x5b, 0x3a, 0xc8, 0xff, 0x5b, 0x3a, 0xc8, 0xff,
    0x5b, 0x3a, 0xc8, 0xff, 0x5b, 0x3a, 0xc8, 0xff, 0x5b, 0x3a, 0xc8, 0xff, 0x5b, 0x3a, 0xc8, 0xff,
    0x5b, 0x3a, 0xc8, 0xff, 0x5b, 0x3a, 0xc8, 0xff, 0x5b, 0x3a, 0xc8, 0xff, 0x5b, 0x3a, 0xc8, 0xff,
    0x5b, 0x3a, 0xc8, 0xff, 0x5b, 0x3a, 0xc8, 0xff, 0x5b, 0x3a, 0xc8, 0xff, 0x5b, 0x3a, 0xc8, 0xff,
    0x5b, 0x3a, 0xc8, 0xff, 0x5b, 0x3a, 0xc8, 0xff, 0x5b, 0x3a, 0xc8, 0xff, 0x5b, 0x3a, 0xc8, 0xff,
    0x5b, 0x3a, 0xc8, 0xff, 0x5b, 0x3a, 0xc8, 0xff, 0x5b, 0x3a, 0xc8, 0xff, 0x5b, 0x3a, 0xc8, 0xff,
    0x5b, 0x3a, 0xc8, 0xff, 0x5b, 0x3a, 0xc8, 0xff, 0x5b, 0x3a, 0xc8, 0xff, 0x5b, 0x3a, 0xc8, 0xff,
    0x5b, 0x3a, 0xc8, 0xff, 0x5b, 0x3a, 0xc8, 0xff, 0x5b, 0x3a, 0xc8, 0xff, 0x5b, 0x3a, 0xc8, 0xff,
    0x5b, 0x3a, 0xc8, 0xff, 0x5b, 0x3a, 0xc8, 0xff, 0x5b, 0x3a, 0xc8, 0xff, 0x5b, 0x3a, 0xc8, 0xff,
    0x5b, 0x3a, 0xc8, 0xff, 0x5b, 0x3a, 0xc8, 0xff, 0x5b, 0x3a, 0xc8, 0xff, 0x5b, 0x3a, 0xc8, 0xff,
    0x5b, 0x3a, 0xc8, 0xff, 0x5b, 0x3a, 0xc8, 0xff, 0x5b, 0x3a, 0xc8, 0xff, 0x5b, 0x3a, 0xc8, 0xff,
    0x5b, 0x3a, 0xc8, 0xff, 0x5b, 0x3a, 0xc8, 0xff, 0x5b, 0x3a, 0xc8, 0xff, 0x5b, 0x3a, 0xc8, 0xff,
    0x5b, 0x3a, 0xc8, 0xff, 0x5b, 0x3a, 0xc8, 0xff, 0x7f, 0x65, 0xd4, 0xff, 0xf7, 0xf5, 0xfc, 0xff,
    0xff, 0xff, 0xff, 0xff, 0xff, 0xff, 0xff, 0xff, 0xff, 0xff, 0xff, 0xff, 0xff, 0xff, 0xff, 0xff,
    0xff, 0xff, 0xff, 0xff, 0xff, 0xff, 0xff, 0xff, 0xff, 0xff, 0xff, 0xff, 0xff, 0xff, 0xff, 0xff,
    0xff, 0xff, 0xff, 0xff, 0xff, 0xff, 0xff, 0xff, 0xff, 0xff, 0xff, 0xff, 0xff, 0xff, 0xff, 0xff,
    0xff, 0xff, 0xff, 0xff, 0xff, 0xff, 0xff, 0xff, 0xfc, 0xfc, 0xfe, 0xff, 0x8c, 0x74, 0xd8, 0xff,
    0x5b, 0x3a, 0xc8, 0xff, 0x5b, 0x3a, 0xc8, 0xff, 0x5b, 0x3a, 0xc8, 0xff, 0x5b, 0x3a, 0xc8, 0xff,
    0x5b, 0x3a, 0xc8, 0xff, 0x5b, 0x3a, 0xc8, 0xff, 0x60, 0x40, 0xc9, 0xff, 0xcc, 0xc1, 0xee, 0xff,
    0xff, 0xff, 0xff, 0xff, 0xff, 0xff, 0xff, 0xff, 0xff, 0xff, 0xff, 0xff, 0xff, 0xff, 0xff, 0xff,
    0xff, 0xff, 0xff, 0xff, 0xff, 0xff, 0xff, 0xff, 0xff, 0xff, 0xff, 0xff, 0xff, 0xff, 0xff, 0xff,
    0xff, 0xff, 0xff, 0xff, 0xff, 0xff, 0xff, 0xff, 0xff, 0xff, 0xff, 0xff, 0xff, 0xff, 0xff, 0xff,
    0xff, 0xff, 0xff, 0xff, 0xff, 0xff, 0xff, 0xff, 0xff, 0xff, 0xff, 0xff, 0xce, 0xc4, 0xee, 0xff,
    0x60, 0x40, 0xc9, 0xff, 0x5b, 0x3a, 0xc8, 0xff, 0x5b, 0x3a, 0xc8, 0xff, 0x5b, 0x3a, 0xc8, 0xff,
    0x5b, 0x3a, 0xc8, 0xff, 0x5b, 0x3a, 0xc8, 0xff, 0x5b, 0x3a, 0xc8, 0xff, 0x6f, 0x52, 0xcf, 0xff,
    0xea, 0xe6, 0xf8, 0xff, 0xff, 0xff, 0xff, 0xff, 0xff, 0xff, 0xff, 0xff, 0xff, 0xff, 0xff, 0xff,
    0xff, 0xff, 0xff, 0xff, 0xff, 0xff, 0xff, 0xff, 0xff, 0xff, 0xff, 0xff, 0xff, 0xff, 0xff, 0xff,
    0xff, 0xff, 0xff, 0xff, 0xff, 0xff, 0xff, 0xff, 0xff, 0xff, 0xff, 0xff, 0xff, 0xff, 0xff, 0xff,
    0xff, 0xff, 0xff, 0xff, 0xff, 0xff, 0xff, 0xff, 0xff, 0xff, 0xff, 0xff, 0xff, 0xff, 0xff, 0xff,
    0xa5, 0x93, 0xe0, 0xff, 0x5b, 0x3a, 0xc8, 0xff, 0x5b, 0x3a, 0xc8, 0xff, 0x5b, 0x3a, 0xc8, 0xff,
    0x5b, 0x3a, 0xc8, 0xff, 0x5b, 0x3a, 0xc8, 0xff, 0x5b, 0x3a, 0xc8, 0xff, 0x5b, 0x3a, 0xc8, 0xff,
    0x5b, 0x3a, 0xc8, 0xff, 0x5b, 0x3a, 0xc8, 0xff, 0x5b, 0x3a, 0xc8, 0xff, 0x5b, 0x3a, 0xc8, 0xff,
    0x5b, 0x3a, 0xc8, 0xff, 0x5b, 0x3a, 0xc8, 0xff, 0x5b, 0x3a, 0xc8, 0xff, 0x5b, 0x3a, 0xc8, 0xff,
    0x5b, 0x3a, 0xc8, 0xff, 0x5b, 0x3a, 0xc8, 0xff, 0x5b, 0x3a, 0xc8, 0xff, 0x5b, 0x3a, 0xc8, 0xff,
    0x5b, 0x3a, 0xc8, 0xff, 0x5b, 0x3a, 0xc8, 0xff, 0x5b, 0x3a, 0xc8, 0xff, 0x5b, 0x3a, 0xc8, 0xff,
    0x5b, 0x3a, 0xc8, 0xff, 0x5b, 0x3a, 0xc8, 0xff, 0x5b, 0x3a, 0xc8, 0xff, 0x5b, 0x3a, 0xc8, 0xff,
    0x5b, 0x3a, 0xc8, 0xff, 0x5b, 0x3a, 0xc8, 0xff, 0x5b, 0x3a, 0xc8, 0xff, 0x5b, 0x3a, 0xc8, 0xff,
    0x5b, 0x3a, 0xc8, 0xff, 0x5b, 0x3a, 0xc8, 0xff, 0x5b, 0x3a, 0xc8, 0xff, 0x5b, 0x3a, 0xc8, 0xff,
    0x5b, 0x3a, 0xc8, 0xff, 0x5b, 0x3a, 0xc8, 0xff, 0x5b, 0x3a, 0xc8, 0xff, 0x5b, 0x3a, 0xc8, 0xff,
    0x5b, 0x3a, 0xc8, 0xff, 0x5b, 0x3a, 0xc8, 0xff, 0x5b, 0x3a, 0xc8, 0xff, 0x5b, 0x3a, 0xc8, 0xff,
    0x5b, 0x3a, 0xc8, 0xff, 0x5b, 0x3a, 0xc8, 0xff, 0x5b, 0x3a, 0xc8, 0xff, 0x5b, 0x3a, 0xc8, 0xff,
    0x5b, 0x3a, 0xc8, 0xff, 0x5b, 0x3a, 0xc8, 0xff, 0x5b, 0x3a, 0xc8, 0xff, 0x5b, 0x3a, 0xc8, 0xff,
    0x5b, 0x3a, 0xc8, 0xff, 0x5b, 0x3a, 0xc8, 0xff, 0x5b, 0x3a, 0xc8, 0xff, 0x5b, 0x3a, 0xc8, 0xff,
    0x5b, 0x3a, 0xc8, 0xff, 0x5b, 0x3a, 0xc8, 0xff, 0x5b, 0x3a, 0xc8, 0xff, 0x5b, 0x3a, 0xc8, 0xff,
    0x5b, 0x3a, 0xc8, 0xff, 0x5b, 0x3a, 0xc8, 0xff, 0x5b, 0x3a, 0xc8, 0xff, 0x60, 0x40, 0xc9, 0xff,
    0xea, 0xe6, 0xf8, 0xff, 0xff, 0xff, 0xff, 0xff, 0xff, 0xff, 0xff, 0xff, 0xff, 0xff, 0xff, 0xff,
    0xff, 0xff, 0xff, 0xff, 0xff, 0xff, 0xff, 0xff, 0xff, 0xff, 0xff, 0xff, 0xff, 0xff, 0xff, 0xff,
    0xff, 0xff, 0xff, 0xff, 0xff, 0xff, 0xff, 0xff, 0xff, 0xff, 0xff, 0xff, 0xff, 0xff, 0xff, 0xff,
    0xff, 0xff, 0xff, 0xff, 0xff, 0xff, 0xff, 0xff, 0xff, 0xff, 0xff, 0xff, 0xff, 0xff, 0xff, 0xff,
    0xff, 0xff, 0xff, 0xff, 0xf4, 0xf2, 0xfb, 0xff, 0x65, 0x46, 0xcb, 0xff, 0x5b, 0x3a, 0xc8, 0xff,
    0x5b, 0x3a, 0xc8, 0xff, 0x5b, 0x3a, 0xc8, 0xff, 0x5b, 0x3a, 0xc8, 0xff, 0x5b, 0x3a, 0xc8, 0xff,
    0xbc, 0xaf, 0xe8, 0xff, 0xff, 0xff, 0xff, 0xff, 0xff, 0xff, 0xff, 0xff, 0xff, 0xff, 0xff, 0xff,
    0xff, 0xff, 0xff, 0xff, 0xff, 0xff, 0xff, 0xff, 0xff, 0xff, 0xff, 0xff, 0xff, 0xff, 0xff, 0xff,
    0xff, 0xff, 0xff, 0xff, 0xff, 0xff, 0xff, 0xff, 0xff, 0xff, 0xff, 0xff, 0xff, 0xff, 0xff, 0xff,
    0xff, 0xff, 0xff, 0xff, 0xff, 0xff, 0xff, 0xff, 0xff, 0xff, 0xff, 0xff, 0xff, 0xff, 0xff, 0xff,
    0xff, 0xff, 0xff, 0xff, 0xff, 0xff, 0xff, 0xff, 0xbf, 0xb2, 0xe9, 0xff, 0x5b, 0x3a, 0xc8, 0xff,
    0x5b, 0x3a, 0xc8, 0xff, 0x5b, 0x3a, 0xc8, 0xff, 0x5b, 0x3a, 0xc8, 0xff, 0x5b, 0x3a, 0xc8, 0xff,
    0x5b, 0x3a, 0xc8, 0xff, 0xe0, 0xda, 0xf4, 0xff, 0xff, 0xff, 0xff, 0xff, 0xff, 0xff, 0xff, 0xff,
    0xff, 0xff, 0xff, 0xff, 0xff, 0xff, 0xff, 0xff, 0xff, 0xff, 0xff, 0xff, 0xff, 0xff, 0xff, 0xff,
    0xff, 0xff, 0xff, 0xff, 0xff, 0xff, 0xff, 0xff, 0xff, 0xff, 0xff, 0xff, 0xff, 0xff, 0xff, 0xff,
    0xff, 0xff, 0xff, 0xff, 0xff, 0xff, 0xff, 0xff, 0xff, 0xff, 0xff, 0xff, 0xff, 0xff, 0xff, 0xff,
    0xff, 0xff, 0xff, 0xff, 0xff, 0xff, 0xff, 0xff, 0xfc, 0xfc, 0xfe, 0xff, 0x74, 0x58, 0xd0, 0xff,
    0x5b, 0x3a, 0xc8, 0xff, 0x5b, 0x3a, 0xc8, 0xff, 0x5b, 0x3a, 0xc8, 0xff, 0x5b, 0x3a, 0xc8, 0xff,
    0x5b, 0x3a, 0xc8, 0xff, 0x5b, 0x3a, 0xc8, 0xff, 0x5b, 0x3a, 0xc8, 0xff, 0x5b, 0x3a, 0xc8, 0xff,
    0x5b, 0x3a, 0xc8, 0xff, 0x5b, 0x3a, 0xc8, 0xff, 0x5b, 0x3a, 0xc8, 0xff, 0x5b, 0x3a, 0xc8, 0xff,
    0x5b, 0x3a, 0xc8, 0xff, 0x5b, 0x3a, 0xc8, 0xff, 0x5b, 0x3a, 0xc8, 0xff, 0x5b, 0x3a, 0xc8, 0xff,
    0x5b, 0x3a, 0xc8, 0xff, 0x5b, 0x3a, 0xc8, 0xff, 0x5b, 0x3a, 0xc8, 0xff, 0x5b, 0x3a, 0xc8, 0xff,
    0x5b, 0x3a, 0xc8, 0xff, 0x5b, 0x3a, 0xc8, 0xff, 0x5b, 0x3a, 0xc8, 0xff, 0x5b, 0x3a, 0xc8, 0xff,
    0x5b, 0x3a, 0xc8, 0xff, 0x5b, 0x3a, 0xc8, 0xff, 0x5b, 0x3a, 0xc8, 0xff, 0x5b, 0x3a, 0xc8, 0xff,
    0x5b, 0x3a, 0xc8, 0xff, 0x5b, 0x3a, 0xc8, 0xff, 0x5b, 0x3a, 0xc8, 0xff, 0x5b, 0x3a, 0xc8, 0xff,
    0x5b, 0x3a, 0xc8, 0xff, 0x5b, 0x3a, 0xc8, 0xff, 0x5b, 0x3a, 0xc8, 0xff, 0x5b, 0x3a, 0xc8, 0xff,
    0x5b, 0x3a, 0xc8, 0xff, 0x5b, 0x3a, 0xc8, 0xff, 0x5b, 0x3a, 0xc8, 0xff, 0x5b, 0x3a, 0xc8, 0xff,
    0x5b, 0x3a, 0xc8, 0xff, 0x5b, 0x3a, 0xc8, 0xff, 0x5b, 0x3a, 0xc8, 0xff, 0x5b, 0x3a, 0xc8, 0xff,
    0x5b, 0x3a, 0xc8, 0xff, 0x5b, 0x3a, 0xc8, 0xff, 0x5b, 0x3a, 0xc8, 0xff, 0x5b, 0x3a, 0xc8, 0xff,
    0x5b, 0x3a, 0xc8, 0xff, 0x5b, 0x3a, 0xc8, 0xff, 0x5b, 0x3a, 0xc8, 0xff, 0x5b, 0x3a, 0xc8, 0xff,
    0x5b, 0x3a, 0xc8, 0xff, 0x5b, 0x3a, 0xc8, 0xff, 0x5b, 0x3a, 0xc8, 0xff, 0x5b, 0x3a, 0xc8, 0xff,
    0x5b, 0x3a, 0xc8, 0xff, 0x5b, 0x3a, 0xc8, 0xff, 0x5b, 0x3a, 0xc8, 0xff, 0x5b, 0x3a, 0xc8, 0xff,
    0x5b, 0x3a, 0xc8, 0xff, 0xa8, 0x96, 0xe1, 0xff, 0xff, 0xff, 0xff, 0xff, 0xff, 0xff, 0xff, 0xff,
    0xff, 0xff, 0xff, 0xff, 0xff, 0xff, 0xff, 0xff, 0xff, 0xff, 0xff, 0xff, 0xff, 0xff, 0xff, 0xff,
    0xe8, 0xe3, 0xf7, 0xff, 0xad, 0x9c, 0xe3, 0xff, 0x93, 0x7d, 0xda, 0xff, 0x93, 0x7d, 0xda, 0xff,
    0xaa, 0x99, 0xe2, 0xff, 0xe0, 0xda, 0xf4, 0xff, 0xff, 0xff, 0xff, 0xff, 0xff, 0xff, 0xff, 0xff,
    0xff, 0xff, 0xff, 0xff, 0xff, 0xff, 0xff, 0xff, 0xff, 0xff, 0xff, 0xff, 0xff, 0xff, 0xff, 0xff,
    0xad, 0x9c, 0xe3, 0xff, 0x5b, 0x3a, 0xc8, 0xff, 0x5b, 0x3a, 0xc8, 0xff, 0x5b, 0x3a, 0xc8, 0xff,
    0x5b, 0x3a, 0xc8, 0xff, 0x91, 0x7a, 0xda, 0xff, 0xff, 0xff, 0xff, 0xff, 0xff, 0xff, 0xff, 0xff,
    0xff, 0xff, 0xff, 0xff, 0xff, 0xff, 0xff, 0xff, 0xff, 0xff, 0xff, 0xff, 0xff, 0xff, 0xff, 0xff,
    0xff, 0xff, 0xff, 0xff, 0xff, 0xff, 0xff, 0xff, 0xfa, 0xf8, 0xfd, 0xff, 0xea, 0xe6, 0xf8, 0xff,
    0xfa, 0xf8, 0xfd, 0xff, 0xff, 0xff, 0xff, 0xff, 0xff, 0xff, 0xff, 0xff, 0xff, 0xff, 0xff, 0xff,
    0xff, 0xff, 0xff, 0xff, 0xff, 0xff, 0xff, 0xff, 0xff, 0xff, 0xff, 0xff, 0xff, 0xff, 0xff, 0xff,
    0xff, 0xff, 0xff, 0xff, 0x8e, 0x77, 0xd9, 0xff, 0x5b, 0x3a, 0xc8, 0xff, 0x5b, 0x3a, 0xc8, 0xff,
    0x5b, 0x3a, 0xc8, 0xff, 0x5b, 0x3a, 0xc8, 0xff, 0x8e, 0x77, 0xd9, 0xff, 0xff, 0xff, 0xff, 0xff,
    0xff, 0xff, 0xff, 0xff, 0xff, 0xff, 0xff, 0xff, 0xff, 0xff, 0xff, 0xff, 0xff, 0xff, 0xff, 0xff,
    0xff, 0xff, 0xff, 0xff, 0xef, 0xec, 0xf9, 0xff, 0xb4, 0xa5, 0xe6, 0xff, 0x95, 0x80, 0xdb, 0xff,
    0x90, 0x7a, 0xd9, 0xff, 0xa5, 0x93, 0xe1, 0xff, 0xdd, 0xd7, 0xf4, 0xff, 0xff, 0xff, 0xff, 0xff,
    0xff, 0xff, 0xff, 0xff, 0xff, 0xff, 0xff, 0xff, 0xff, 0xff, 0xff, 0xff, 0xff, 0xff, 0xff, 0xff,
    0xff, 0xff, 0xff, 0xff, 0xc1, 0xb5, 0xea, 0xff, 0x5b, 0x3a, 0xc8, 0xff, 0x5b, 0x3a, 0xc8, 0xff,
    0x5b, 0x3a, 0xc8, 0xff, 0x5b, 0x3a, 0xc8, 0xff, 0x5b, 0x3a, 0xc8, 0xff, 0x5b, 0x3a, 0xc8, 0xff,
    0x5b, 0x3a, 0xc8, 0xff, 0x5b, 0x3a, 0xc8, 0xff, 0x5b, 0x3a, 0xc8, 0xff, 0x5b, 0x3a, 0xc8, 0xff,
    0x5b, 0x3a, 0xc8, 0xff, 0x5b, 0x3a, 0xc8, 0xff, 0x5b, 0x3a, 0xc8, 0xff, 0x5b, 0x3a, 0xc8, 0xff,
    0x5b, 0x3a, 0xc8, 0xff, 0x5b, 0x3a, 0xc8, 0xff, 0x5b, 0x3a, 0xc8, 0xff, 0x5b, 0x3a, 0xc8, 0xff,
    0x5b, 0x3a, 0xc8, 0xff, 0x5b, 0x3a, 0xc8, 0xff, 0x5b, 0x3a, 0xc8, 0xff, 0x5b, 0x3a, 0xc8, 0xff,
    0x5b, 0x3a, 0xc8, 0xff, 0x5b, 0x3a, 0xc8, 0xff, 0x5b, 0x3a, 0xc8, 0xff, 0x5b, 0x3a, 0xc8, 0xff,
    0x5b, 0x3a, 0xc8, 0xff, 0x5b, 0x3a, 0xc8, 0xff, 0x5b, 0x3a, 0xc8, 0xff, 0x5b, 0x3a, 0xc8, 0xff,
    0x5b, 0x3a, 0xc8, 0xff, 0x5b, 0x3a, 0xc8, 0xff, 0x5b, 0x3a, 0xc8, 0xff, 0x5b, 0x3a, 0xc8, 0xff,
    0x5b, 0x3a, 0xc8, 0xff, 0x5b, 0x3a, 0xc8, 0xff, 0x5b, 0x3a, 0xc8, 0xff, 0x5b, 0x3a, 0xc8, 0xff,
    0x5b, 0x3a, 0xc8, 0xff, 0x5b, 0x3a, 0xc8, 0xff, 0x5b, 0x3a, 0xc8, 0xff, 0x5b, 0x3a, 0xc8, 0xff,
    0x5b, 0x3a, 0xc8, 0xff, 0x5b, 0x3a, 0xc8, 0xff, 0x5b, 0x3a, 0xc8, 0xff, 0x5b, 0x3a, 0xc8, 0xff,
    0x5b, 0x3a, 0xc8, 0xff, 0x5b, 0x3a, 0xc8, 0xff, 0x5b, 0x3a, 0xc8, 0xff, 0x5b, 0x3a, 0xc8, 0xff,
    0x5b, 0x3a, 0xc8, 0xff, 0x5b, 0x3a, 0xc8, 0xff, 0x5b, 0x3a, 0xc8, 0xff, 0x5b, 0x3a, 0xc8, 0xff,
    0x5b, 0x3a, 0xc8, 0xff, 0x5b, 0x3a, 0xc8, 0xff, 0x5b, 0x3a, 0xc8, 0xff, 0x5b, 0x3a, 0xc8, 0xff,
    0x5b, 0x3a, 0xc8, 0xff, 0x5b, 0x3a, 0xc8, 0xff, 0x5b, 0x3a, 0xc8, 0xff, 0xdd, 0xd6, 0xf3, 0xff,
    0xff, 0xff, 0xff, 0xff, 0xff, 0xff, 0xff, 0xff, 0xff, 0xff, 0xff, 0xff, 0xff, 0xff, 0xff, 0xff,
    0xff, 0xff, 0xff, 0xff, 0xcc, 0xc2, 0xee, 0xff, 0x60, 0x40, 0xc9, 0xff, 0x5b, 0x3a, 0xc8, 0xff,
    0x5b, 0x3a, 0xc8, 0xff, 0x5b, 0x3a, 0xc8, 0xff, 0x5b, 0x3a, 0xc8, 0xff, 0x5d, 0x3d, 0xc8, 0xff,
    0xbc, 0xae, 0xe8, 0xff, 0xff, 0xff, 0xff, 0xff, 0xff, 0xff, 0xff, 0xff, 0xff, 0xff, 0xff, 0xff,
    0xff, 0xff, 0xff, 0xff, 0xff, 0xff, 0xff, 0xff, 0xe0, 0xda, 0xf4, 0xff, 0x5b, 0x3a, 0xc8, 0xff,
    0x5b, 0x3a, 0xc8, 0xff, 0x5b, 0x3a, 0xc8, 0xff, 0x60, 0x40, 0xc9, 0xff, 0xe5, 0xe0, 0xf6, 0xff,
    0xff, 0xff, 0xff, 0xff, 0xff, 0xff, 0xff, 0xff, 0xff, 0xff, 0xff, 0xff, 0xff, 0xff, 0xff, 0xff,
    0xff, 0xff, 0xff, 0xff, 0xff, 0xff, 0xff, 0xff, 0xe5, 0xe0, 0xf6, 0xff, 0x89, 0x71, 0xd7, 0xff,
    0x5d, 0x3d, 0xc9, 0xff, 0x5b, 0x3a, 0xc8, 0xff, 0x5d, 0x3d, 0xc9, 0xff, 0x8e, 0x77, 0xd9, 0xff,
    0xe8, 0xe3, 0xf7, 0xff, 0xff, 0xff, 0xff, 0xff, 0xff, 0xff, 0xff, 0xff, 0xff, 0xff, 0xff, 0xff,
    0xff, 0xff, 0xff, 0xff, 0xff, 0xff, 0xff, 0xff, 0xff, 0xff, 0xff, 0xff, 0xe8, 0xe3, 0xf7, 0xff,
    0x5d, 0x3d, 0xc9, 0xff, 0x5b, 0x3a, 0xc8, 0xff, 0x5b, 0x3a, 0xc8, 0xff, 0x5b, 0x3a, 0xc8, 0xff,
    0xc9, 0xbe, 0xed, 0xff, 0xff, 0xff, 0xff, 0xff, 0xff, 0xff, 0xff, 0xff, 0xff, 0xff, 0xff, 0xff,
    0xff, 0xff, 0xff, 0xff, 0xff, 0xff, 0xff, 0xff, 0xd6, 0xce, 0xf1, 0xff, 0x65, 0x46, 0xcb, 0xff,
    0x5b, 0x3a, 0xc8, 0xff, 0x5b, 0x3a, 0xc8, 0xff, 0x5b, 0x3a, 0xc8, 0xff, 0x5b, 0x3a, 0xc8, 0xff,
    0x5b, 0x3a, 0xc8, 0xff, 0xaa, 0x99, 0xe3, 0xff, 0xff, 0xff, 0xff, 0xff, 0xff, 0xff, 0xff, 0xff,
    0xff, 0xff, 0xff, 0xff, 0xff, 0xff, 0xff, 0xff, 0xff, 0xff, 0xff, 0xff, 0xf2, 0xef, 0xfa, 0xff,
    0x5d, 0x3d, 0xc9, 0xff, 0x5b, 0x3a, 0xc8, 0xff, 0x5b, 0x3a, 0xc8, 0xff, 0x5b, 0x3a, 0xc8, 0xff,
    0x5b, 0x3a, 0xc8, 0xff, 0x5b, 0x3a, 0xc8, 0xff, 0x5b, 0x3a, 0xc8, 0xff, 0x5b, 0x3a, 0xc8, 0xff,
    0x5b, 0x3a, 0xc8, 0xff, 0x5b, 0x3a, 0xc8, 0xff, 0x5b, 0x3a, 0xc8, 0xff, 0x5b, 0x3a, 0xc8, 0xff,
    0x5b, 0x3a, 0xc8, 0xff, 0x5b, 0x3a, 0xc8, 0xff, 0x5b, 0x3a, 0xc8, 0xff, 0x5b, 0x3a, 0xc8, 0xff,
    0x5b, 0x3a, 0xc8, 0xff, 0x5b, 0x3a, 0xc8, 0xff, 0x5b, 0x3a, 0xc8, 0xff, 0x5b, 0x3a, 0xc8, 0xff,
    0x5b, 0x3a, 0xc8, 0xff, 0x5b, 0x3a, 0xc8, 0xff, 0x5b, 0x3a, 0xc8, 0xff, 0x5b, 0x3a, 0xc8, 0xff,
    0x5b, 0x3a, 0xc8, 0xff, 0x5b, 0x3a, 0xc8, 0xff, 0x5b, 0x3a, 0xc8, 0xff, 0x5b, 0x3a, 0xc8, 0xff,
    0x5b, 0x3a, 0xc8, 0xff, 0x5b, 0x3a, 0xc8, 0xff, 0x5b, 0x3a, 0xc8, 0xff, 0x5b, 0x3a, 0xc8, 0xff,
    0x5b, 0x3a, 0xc8, 0xff, 0x5b, 0x3a, 0xc8, 0xff, 0x5b, 0x3a, 0xc8, 0xff, 0x5b, 0x3a, 0xc8, 0xff,
    0x5b, 0x3a, 0xc8, 0xff, 0x5b, 0x3a, 0xc8, 0xff, 0x5b, 0x3a, 0xc8, 0xff, 0x5b, 0x3a, 0xc8, 0xff,
    0x5b, 0x3a, 0xc8, 0xff, 0x5b, 0x3a, 0xc8, 0xff, 0x5b, 0x3a, 0xc8, 0xff, 0x5b, 0x3a, 0xc8, 0xff,
    0x5b, 0x3a, 0xc8, 0xff, 0x5b, 0x3a, 0xc8, 0xff, 0x5b, 0x3a, 0xc8, 0xff, 0x5b, 0x3a, 0xc8, 0xff,
    0x5b, 0x3a, 0xc8, 0xff, 0x5b, 0x3a, 0xc8, 0xff, 0x5b, 0x3a, 0xc8, 0xff, 0x5b, 0x3a, 0xc8, 0xff,
    0x5b, 0x3a, 0xc8, 0xff, 0x5b, 0x3a, 0xc8, 0xff, 0x5b, 0x3a, 0xc8, 0xff, 0x5b, 0x3a, 0xc8, 0xff,
    0x5b, 0x3a, 0xc8, 0xff, 0x5b, 0x3a, 0xc8, 0xff, 0x5b, 0x3a, 0xc8, 0xff, 0x5b, 0x3a, 0xc8, 0xff,
    0x5b, 0x3a, 0xc8, 0xff, 0xfc, 0xfc, 0xfe, 0xff, 0xff, 0xff, 0xff, 0xff, 0xff, 0xff, 0xff, 0xff,
    0xff, 0xff, 0xff, 0xff, 0xff, 0xff, 0xff, 0xff, 0xff, 0xff, 0xff, 0xff, 0x72, 0x56, 0xd0, 0xff,
    0x5b, 0x3a, 0xc8, 0xff, 0x5b, 0x3a, 0xc8, 0xff, 0x5b, 0x3a, 0xc8, 0xff, 0x5b, 0x3a, 0xc8, 0xff,
    0x5b, 0x3a, 0xc8, 0xff, 0x5b, 0x3a, 0xc8, 0xff, 0x60, 0x40, 0xc9, 0xff, 0xf4, 0xf2, 0xfb, 0xff,
    0xff, 0xff, 0xff, 0xff, 0xff, 0xff, 0xff, 0xff, 0xff, 0xff, 0xff, 0xff, 0xff, 0xff, 0xff, 0xff,
    0xf2, 0xef, 0xfa, 0xff, 0x5b, 0x3a, 0xc8, 0xff, 0x5b, 0x3a, 0xc8, 0xff, 0x5b, 0x3a, 0xc8, 0xff,
    0x8b, 0x74, 0xd8, 0xff, 0xff, 0xff, 0xff, 0xff, 0xff, 0xff, 0xff, 0xff, 0xff, 0xff, 0xff, 0xff,
    0xff, 0xff, 0xff, 0xff, 0xff, 0xff, 0xff, 0xff, 0xff, 0xff, 0xff, 0xff, 0xe5, 0xe0, 0xf6, 0xff,
    0x62, 0x43, 0xca, 0xff, 0x5b, 0x3a, 0xc8, 0xff, 0x5b, 0x3a, 0xc8, 0xff, 0x5b, 0x3a, 0xc8, 0xff,
    0x5b, 0x3a, 0xc8, 0xff, 0x5b, 0x3a, 0xc8, 0xff, 0x62, 0x43, 0xca, 0xff, 0xe5, 0xe0, 0xf6, 0xff,
    0xff, 0xff, 0xff, 0xff, 0xff, 0xff, 0xff, 0xff, 0xff, 0xff, 0xff, 0xff, 0xff, 0xff, 0xff, 0xff,
    0xff, 0xff, 0xff, 0xff, 0xff, 0xff, 0xff, 0xff, 0x8e, 0x77, 0xd9, 0xff, 0x5b, 0x3a, 0xc8, 0xff,
    0x5b, 0x3a, 0xc8, 0xff, 0x5b, 0x3a, 0xc8, 0xff, 0xe7, 0xe3, 0xf7, 0xff, 0xff, 0xff, 0xff, 0xff,
    0xff, 0xff, 0xff, 0xff, 0xff, 0xff, 0xff, 0xff, 0xff, 0xff, 0xff, 0xff, 0xff, 0xff, 0xff, 0xff,
    0x86, 0x6e, 0xd6, 0xff, 0x5b, 0x3a, 0xc8, 0xff, 0x5b, 0x3a, 0xc8, 0xff, 0x5b, 0x3a, 0xc8, 0xff,
    0x5b, 0x3a, 0xc8, 0xff, 0x5b, 0x3a, 0xc8, 0xff, 0x5b, 0x3a, 0xc8, 0xff, 0x5b, 0x3a, 0xc8, 0xff,
    0xe2, 0xdd, 0xf5, 0xff, 0xff, 0xff, 0xff, 0xff, 0xff, 0xff, 0xff, 0xff, 0xff, 0xff, 0xff, 0xff,
    0xff, 0xff, 0xff, 0xff, 0xff, 0xff, 0xff, 0xff, 0x62, 0x43, 0xca, 0xff, 0x5b, 0x3a, 0xc8, 0xff,
    0x5b, 0x3a, 0xc8, 0xff, 0x5b, 0x3a, 0xc8, 0xff, 0x5b, 0x3a, 0xc8, 0xff, 0x5b, 0x3a, 0xc8, 0xff,
    0x5b, 0x3a, 0xc8, 0xff, 0x5b, 0x3a, 0xc8, 0xff, 0x5b, 0x3a, 0xc8, 0xff, 0x5b, 0x3a, 0xc8, 0xff,
    0x5b, 0x3a, 0xc8, 0xff, 0x5b, 0x3a, 0xc8, 0xff, 0x5b, 0x3a, 0xc8, 0xff, 0x5b, 0x3a, 0xc8, 0xff,
    0x5b, 0x3a, 0xc8, 0xff, 0x5b, 0x3a, 0xc8, 0xff, 0x5b, 0x3a, 0xc8, 0xff, 0x5b, 0x3a, 0xc8, 0xff,
    0x5b, 0x3a, 0xc8, 0xff, 0x5b, 0x3a, 0xc8, 0xff, 0x5b, 0x3a, 0xc8, 0xff, 0x5b, 0x3a, 0xc8, 0xff,
    0x5b, 0x3a, 0xc8, 0xff, 0x5b, 0x3a, 0xc8, 0xff, 0x5b, 0x3a, 0xc8, 0xff, 0x5b, 0x3a, 0xc8, 0xff,
    0x5b, 0x3a, 0xc8, 0xff, 0x5b, 0x3a, 0xc8, 0xff, 0x5b, 0x3a, 0xc8, 0xff, 0x5b, 0x3a, 0xc8, 0xff,
    0x5b, 0x3a, 0xc8, 0xff, 0x5b, 0x3a, 0xc8, 0xff, 0x5b, 0x3a, 0xc8, 0xff, 0x5b, 0x3a, 0xc8, 0xff,
    0x5b, 0x3a, 0xc8, 0xff, 0x5b, 0x3a, 0xc8, 0xff, 0x5b, 0x3a, 0xc8, 0xff, 0x5b, 0x3a, 0xc8, 0xff,
    0x5b, 0x3a, 0xc8, 0xff, 0x5b, 0x3a, 0xc8, 0xff, 0x5b, 0x3a, 0xc8, 0xff, 0x5b, 0x3a, 0xc8, 0xff,
    0x5b, 0x3a, 0xc8, 0xff, 0x5b, 0x3a, 0xc8, 0xff, 0x5b, 0x3a, 0xc8, 0xff, 0x5b, 0x3a, 0xc8, 0xff,
    0x5b, 0x3a, 0xc8, 0xff, 0x5b, 0x3a, 0xc8, 0xff, 0x5b, 0x3a, 0xc8, 0xff, 0x5b, 0x3a, 0xc8, 0xff,
    0x5b, 0x3a, 0xc8, 0xff, 0x5b, 0x3a, 0xc8, 0xff, 0x5b, 0x3a, 0xc8, 0xff, 0x5b, 0x3a, 0xc8, 0xff,
    0x5b, 0x3a, 0xc8, 0xff, 0x5b, 0x3a, 0xc8, 0xff, 0x5b, 0x3a, 0xc8, 0xff, 0x5b, 0x3a, 0xc8, 0xff,
    0x5b, 0x3a, 0xc8, 0xff, 0x5b, 0x3a, 0xc8, 0xff, 0x5d, 0x3d, 0xc8, 0xff, 0xff, 0xff, 0xff, 0xff,
    0xff, 0xff, 0xff, 0xff, 0xff, 0xff, 0xff, 0xff, 0xff, 0xff, 0xff, 0xff, 0xff, 0xff, 0xff, 0xff,
    0xff, 0xff, 0xff, 0xff, 0x77, 0x5c, 0xd1, 0xff, 0x5b, 0x3a, 0xc8, 0xff, 0x5b, 0x3a, 0xc8, 0xff,
    0x5b, 0x3a, 0xc8, 0xff, 0x5b, 0x3a, 0xc8, 0xff, 0x5b, 0x3a, 0xc8, 0xff, 0x5b, 0x3a, 0xc8, 0xff,
    0x5b, 0x3a, 0xc8, 0xff, 0xa8, 0x96, 0xe1, 0xff, 0xff, 0xff, 0xff, 0xff, 0xff, 0xff, 0xff, 0xff,
    0xff, 0xff, 0xff, 0xff, 0xff, 0xff, 0xff, 0xff, 0xc4, 0xb8, 0xeb, 0xff, 0x5b, 0x3a, 0xc8, 0xff,
    0x5b, 0x3a, 0xc8, 0xff, 0x5b, 0x3a, 0xc8, 0xff, 0xc4, 0xb8, 0xeb, 0xff, 0xff, 0xff, 0xff, 0xff,
    0xff, 0xff, 0xff, 0xff, 0xff, 0xff, 0xff, 0xff, 0xff, 0xff, 0xff, 0xff, 0xff, 0xff, 0xff, 0xff,
    0xff, 0xff, 0xff, 0xff, 0x79, 0x5f, 0xd2, 0xff, 0x5b, 0x3a, 0xc8, 0xff, 0x5b, 0x3a, 0xc8, 0xff,
    0x5b, 0x3a, 0xc8, 0xff, 0x5b, 0x3a, 0xc8, 0xff, 0x5b, 0x3a, 0xc8, 0xff, 0x5b, 0x3a, 0xc8, 0xff,
    0x5b, 0x3a, 0xc8, 0xff, 0x84, 0x6b, 0xd5, 0xff, 0xff, 0xff, 0xff, 0xff, 0xff, 0xff, 0xff, 0xff,
    0xff, 0xff, 0xff, 0xff, 0xff, 0xff, 0xff, 0xff, 0xff, 0xff, 0xff, 0xff, 0xff, 0xff, 0xff, 0xff,
    0xc6, 0xbb, 0xec, 0xff, 0x5b, 0x3a, 0xc8, 0xff, 0x5b, 0x3a, 0xc8, 0xff, 0x5b, 0x3a, 0xc8, 0xff,
    0xea, 0xe6, 0xf8, 0xff, 0xff, 0xff, 0xff, 0xff, 0xff, 0xff, 0xff, 0xff, 0xff, 0xff, 0xff, 0xff,
    0xff, 0xff, 0xff, 0xff, 0xff, 0xff, 0xff, 0xff, 0x8b, 0x74, 0xd8, 0xff, 0x5b, 0x3a, 0xc8, 0xff,
    0x5b, 0x3a, 0xc8, 0xff, 0x5b, 0x3a, 0xc8, 0xff, 0x5b, 0x3a, 0xc8, 0xff, 0x5b, 0x3a, 0xc8, 0xff,
    0x5b, 0x3a, 0xc8, 0xff, 0x5b, 0x3a, 0xc8, 0xff, 0x96, 0x80, 0xdb, 0xff, 0xff, 0xff, 0xff, 0xff,
    0xff, 0xff, 0xff, 0xff, 0xff, 0xff, 0xff, 0xff, 0xff, 0xff, 0xff, 0xff, 0xde, 0xd7, 0xf3, 0xff,
    0x5b, 0x3a, 0xc8, 0xff, 0x5b, 0x3a, 0xc8, 0xff, 0x5b, 0x3a, 0xc8, 0xff, 0x5b, 0x3a, 0xc8, 0xff,
    0x5b, 0x3a, 0xc8, 0xff, 0x5b, 0x3a, 0xc8, 0xff, 0x5b, 0x3a, 0xc8, 0xff, 0x5b, 0x3a, 0xc8, 0xff,
    0x5b, 0x3a, 0xc8, 0xff, 0x5b, 0x3a, 0xc8, 0xff, 0x5b, 0x3a, 0xc8, 0xff, 0x5b, 0x3a, 0xc8, 0xff,
    0x5b, 0x3a, 0xc8, 0xff, 0x5b, 0x3a, 0xc8, 0xff, 0x5b, 0x3a, 0xc8, 0xff, 0x5b, 0x3a, 0xc8, 0xff,
    0x5b, 0x3a, 0xc8, 0xff, 0x5b, 0x3a, 0xc8, 0xff, 0x5b, 0x3a, 0xc8, 0xff, 0x5b, 0x3a, 0xc8, 0xff,
    0x5b, 0x3a, 0xc8, 0xff, 0x5b, 0x3a, 0xc8, 0xff, 0x5b, 0x3a, 0xc8, 0xff, 0x5b, 0x3a, 0xc8, 0xff,
    0x5b, 0x3a, 0xc8, 0xff, 0x5b, 0x3a, 0xc8, 0xff, 0x5b, 0x3a, 0xc8, 0xff, 0x5b, 0x3a, 0xc8, 0xff,
    0x5b, 0x3a, 0xc8, 0xff, 0x5b, 0x3a, 0xc8, 0xff, 0x5b, 0x3a, 0xc8, 0xff, 0x5b, 0x3a, 0xc8, 0xff,
    0x5b, 0x3a, 0xc8, 0xff, 0x5b, 0x3a, 0xc8, 0xff, 0x5b, 0x3a, 0xc8, 0xff, 0x5b, 0x3a, 0xc8, 0xff,
    0x5b, 0x3a, 0xc8, 0xff, 0x5b, 0x3a, 0xc8, 0xff, 0x5b, 0x3a, 0xc8, 0xff, 0x5b, 0x3a, 0xc8, 0xff,
    0x5b, 0x3a, 0xc8, 0xff, 0x5b, 0x3a, 0xc8, 0xff, 0x5b, 0x3a, 0xc8, 0xff, 0x5b, 0x3a, 0xc8, 0xff,
    0x5b, 0x3a, 0xc8, 0xff, 0x5b, 0x3a, 0xc8, 0xff, 0x5b, 0x3a, 0xc8, 0xff, 0x5b, 0x3a, 0xc8, 0xff,
    0x5b, 0x3a, 0xc8, 0xff, 0x5b, 0x3a, 0xc8, 0xff, 0x5b, 0x3a, 0xc8, 0xff, 0x5b, 0x3a, 0xc8, 0xff,
    0x5b, 0x3a, 0xc8, 0xff, 0x5b, 0x3a, 0xc8, 0xff, 0x5b, 0x3a, 0xc8, 0xff, 0x5b, 0x3a, 0xc8, 0xff,
    0x5b, 0x3a, 0xc8, 0xff, 0x5b, 0x3a, 0xc8, 0xff, 0x5b, 0x3a, 0xc8, 0xff, 0x5b, 0x3a, 0xc8, 0xff,
    0x5b, 0x3a, 0xc8, 0xff, 0xfa, 0xf8, 0xfd, 0xff, 0xff, 0xff, 0xff, 0xff, 0xff, 0xff, 0xff, 0xff,
    0xff, 0xff, 0xff, 0xff, 0xff, 0xff, 0xff, 0xff, 0xff, 0xff, 0xff, 0xff, 0xdd, 0xd7, 0xf3, 0xff,
    0x79, 0x5f, 0xd2, 0xff, 0x5b, 0x3a, 0xc8, 0xff, 0x5b, 0x3a, 0xc8, 0xff, 0x5b, 0x3a, 0xc8, 0xff,
    0x5b, 0x3a, 0xc8, 0xff, 0x5b, 0x3a, 0xc8, 0xff, 0x5b, 0x3a, 0xc8, 0xff, 0x5b, 0x3a, 0xc8, 0xff,
    0x9d, 0x8a, 0xde, 0xff, 0xd6, 0xcd, 0xf1, 0xff, 0xdd, 0xd7, 0xf3, 0xff, 0xba, 0xac, 0xe7, 0xff,
    0x62, 0x43, 0xca, 0xff, 0x5b, 0x3a, 0xc8, 0xff, 0x5b, 0x3a, 0xc8, 0xff, 0x5b, 0x3a, 0xc8, 0xff,
    0xf2, 0xef, 0xfa, 0xff, 0xff, 0xff, 0xff, 0xff, 0xff, 0xff, 0xff, 0xff, 0xff, 0xff, 0xff, 0xff,
    0xff, 0xff, 0xff, 0xff, 0xff, 0xff, 0xff, 0xff, 0xdb, 0xd4, 0xf3, 0xff, 0x5b, 0x3a, 0xc8, 0xff,
    0x5b, 0x3a, 0xc8, 0xff, 0x5b, 0x3a, 0xc8, 0xff, 0x5b, 0x3a, 0xc8, 0xff, 0x5b, 0x3a, 0xc8, 0xff,
    0x5b, 0x3a, 0xc8, 0xff, 0x5b, 0x3a, 0xc8, 0xff, 0x5b, 0x3a, 0xc8, 0xff, 0x5b, 0x3a, 0xc8, 0xff,
    0xdd, 0xd6, 0xf3, 0xff, 0xff, 0xff, 0xff, 0xff, 0xff, 0xff, 0xff, 0xff, 0xff, 0xff, 0xff, 0xff,
    0xff, 0xff, 0xff, 0xff, 0xff, 0xff, 0xff, 0xff, 0xf2, 0xef, 0xfa, 0xff, 0x5b, 0x3a, 0xc8, 0xff,
    0x5b, 0x3a, 0xc8, 0xff, 0x5b, 0x3a, 0xc8, 0xff, 0xe0, 0xd9, 0xf4, 0xff, 0xff, 0xff, 0xff, 0xff,
    0xff, 0xff, 0xff, 0xff, 0xff, 0xff, 0xff, 0xff, 0xff, 0xff, 0xff, 0xff, 0xff, 0xff, 0xff, 0xff,
    0xea, 0xe6, 0xf8, 0xff, 0x7c, 0x62, 0xd3, 0xff, 0x5b, 0x3a, 0xc8, 0xff, 0x5b, 0x3a, 0xc8, 0xff,
    0x5b, 0x3a, 0xc8, 0xff, 0x5b, 0x3a, 0xc8, 0xff, 0x5b, 0x3a, 0xc8, 0xff, 0x5b, 0x3a, 0xc8, 0xff,
    0x5b, 0x3a, 0xc8, 0xff, 0x91, 0x7b, 0xda, 0xff, 0xd3, 0xca, 0xf0, 0xff, 0xe0, 0xda, 0xf4, 0xff,
    0xbf, 0xb2, 0xe9, 0xff, 0x6d, 0x4f, 0xce, 0xff, 0x5b, 0x3a, 0xc8, 0xff, 0x5b, 0x3a, 0xc8, 0xff,
    0x5b, 0x3a, 0xc8, 0xff, 0x5b, 0x3a, 0xc8, 0xff, 0x5b, 0x3a, 0xc8, 0xff, 0x5b, 0x3a, 0xc8, 0xff,
    0x5b, 0x3a, 0xc8, 0xff, 0x5b, 0x3a, 0xc8, 0xff, 0x5b, 0x3a, 0xc8, 0xff, 0x5b, 0x3a, 0xc8, 0xff,
    0x5b, 0x3a, 0xc8, 0xff, 0x5b, 0x3a, 0xc8, 0xff, 0x5b, 0x3a, 0xc8, 0xff, 0x5b, 0x3a, 0xc8, 0xff,
    0x5b, 0x3a, 0xc8, 0xff, 0x5b, 0x3a, 0xc8, 0xff, 0x5b, 0x3a, 0xc8, 0xff, 0x5b, 0x3a, 0xc8, 0xff,
    0x5b, 0x3a, 0xc8, 0xff, 0x5b, 0x3a, 0xc8, 0xff, 0x5b, 0x3a, 0xc8, 0xff, 0x5b, 0x3a, 0xc8, 0xff,
    0x5b, 0x3a, 0xc8, 0xff, 0x5b, 0x3a, 0xc8, 0xff, 0x5b, 0x3a, 0xc8, 0xff, 0x5b, 0x3a, 0xc8, 0xff,
    0x5b, 0x3a, 0xc8, 0xff, 0x5b, 0x3a, 0xc8, 0xff, 0x5b, 0x3a, 0xc8, 0xff, 0x5b, 0x3a, 0xc8, 0xff,
    0x5b, 0x3a, 0xc8, 0xff, 0x5b, 0x3a, 0xc8, 0xff, 0x5b, 0x3a, 0xc8, 0xff, 0x5b, 0x3a, 0xc8, 0xff,
    0x5b, 0x3a, 0xc8, 0xff, 0x5b, 0x3a, 0xc8, 0xff, 0x5b, 0x3a, 0xc8, 0xff, 0x5b, 0x3a, 0xc8, 0xff,
    0x5b, 0x3a, 0xc8, 0xff, 0x5b, 0x3a, 0xc8, 0xff, 0x5b, 0x3a, 0xc8, 0xff, 0x5b, 0x3a, 0xc8, 0xff,
    0x5b, 0x3a, 0xc8, 0xff, 0x5b, 0x3a, 0xc8, 0xff, 0x5b, 0x3a, 0xc8, 0xff, 0x5b, 0x3a, 0xc8, 0xff,
    0x5b, 0x3a, 0xc8, 0xff, 0x5b, 0x3a, 0xc8, 0xff, 0x5b, 0x3a, 0xc8, 0xff, 0x5b, 0x3a, 0xc8, 0xff,
    0x5b, 0x3a, 0xc8, 0xff, 0x5b, 0x3a, 0xc8, 0xff, 0x5b, 0x3a, 0xc8, 0xff, 0x5b, 0x3a, 0xc8, 0xff,
    0x5b, 0x3a, 0xc8, 0xff, 0x5b, 0x3a, 0xc8, 0xff, 0x5b, 0x3a, 0xc8, 0xff, 0x5b, 0x3a, 0xc8, 0xff,
    0x5b, 0x3a, 0xc8, 0xff, 0x5b, 0x3a, 0xc8, 0xff, 0x5b, 0x3a, 0xc8, 0xff, 0xd6, 0xcd, 0xf1, 0xff,
    0xff, 0xff, 0xff, 0xff, 0xff, 0xff, 0xff, 0xff, 0xff, 0xff, 0xff, 0xff, 0xff, 0xff, 0xff, 0xff,
    0xff, 0xff, 0xff, 0xff, 0xff, 0xff, 0xff, 0xff, 0xff, 0xff, 0xff, 0xff, 0xd8, 0xd1, 0xf2, 0xff,
    0xb2, 0xa2, 0xe5, 0xff, 0x89, 0x71, 0xd7, 0xff, 0x65, 0x46, 0xcb, 0xff, 0x5b, 0x3a, 0xc8, 0xff,
    0x5b, 0x3a, 0xc8, 0xff, 0x5b, 0x3a, 0xc8, 0xff, 0x5b, 0x3a, 0xc8, 0xff, 0x5b, 0x3a, 0xc8, 0xff,
    0x5b, 0x3a, 0xc8, 0xff, 0x5b, 0x3a, 0xc8, 0xff, 0x5b, 0x3a, 0xc8, 0xff, 0x5b, 0x3a, 0xc8, 0xff,
    0x5b, 0x3a, 0xc8, 0xff, 0x6f, 0x52, 0xcf, 0xff, 0xff, 0xff, 0xff, 0xff, 0xff, 0xff, 0xff, 0xff,
    0xff, 0xff, 0xff, 0xff, 0xff, 0xff, 0xff, 0xff, 0xff, 0xff, 0xff, 0xff, 0xff, 0xff, 0xff, 0xff,
    0xaa, 0x99, 0xe2, 0xff, 0x5b, 0x3a, 0xc8, 0xff, 0x5b, 0x3a, 0xc8, 0xff, 0x5b, 0x3a, 0xc8, 0xff,
    0x5b, 0x3a, 0xc8, 0xff, 0x5b, 0x3a, 0xc8, 0xff, 0x5b, 0x3a, 0xc8, 0xff, 0x5b, 0x3a, 0xc8, 0xff,
    0x5b, 0x3a, 0xc8, 0xff, 0x5b, 0x3a, 0xc8, 0xff, 0xaa, 0x99, 0xe2, 0xff, 0xff, 0xff, 0xff, 0xff,
    0xff, 0xff, 0xff, 0xff, 0xff, 0xff, 0xff, 0xff, 0xff, 0xff, 0xff, 0xff, 0xff, 0xff, 0xff, 0xff,
    0xff, 0xff, 0xff, 0xff, 0x6d, 0x4f, 0xce, 0xff, 0x5b, 0x3a, 0xc8, 0xff, 0x5b, 0x3a, 0xc8, 0xff,
    0xbf, 0xb1, 0xe9, 0xff, 0xff, 0xff, 0xff, 0xff, 0xff, 0xff, 0xff, 0xff, 0xff, 0xff, 0xff, 0xff,
    0xff, 0xff, 0xff, 0xff, 0xff, 0xff, 0xff, 0xff, 0xff, 0xff, 0xff, 0xff, 0xff, 0xff, 0xff, 0xff,
    0xe0, 0xda, 0xf4, 0xff, 0xb4, 0xa5, 0xe5, 0xff, 0x90, 0x7a, 0xda, 0xff, 0x6a, 0x4c, 0xcd, 0xff,
    0x5b, 0x3a, 0xc8, 0xff, 0x5b, 0x3a, 0xc8, 0xff, 0x5b, 0x3a, 0xc8, 0xff, 0x5b, 0x3a, 0xc8, 0xff,
    0x5b, 0x3a, 0xc8, 0xff, 0x5b, 0x3a, 0xc8, 0xff, 0x5b, 0x3a, 0xc8, 0xff, 0x5b, 0x3a, 0xc8, 0xff,
    0x5b, 0x3a, 0xc8, 0xff, 0x5b, 0x3a, 0xc8, 0xff, 0x5b, 0x3a, 0xc8, 0xff, 0x5b, 0x3a, 0xc8, 0xff,
    0x5b, 0x3a, 0xc8, 0xff, 0x5b, 0x3a, 0xc8, 0xff, 0x5b, 0x3a, 0xc8, 0xff, 0x5b, 0x3a, 0xc8, 0xff,
    0x5b, 0x3a, 0xc8, 0xff, 0x5b, 0x3a, 0xc8, 0xff, 0x5b, 0x3a, 0xc8, 0xff, 0x5b, 0x3a, 0xc8, 0xff,
    0x5b, 0x3a, 0xc8, 0xff, 0x5b, 0x3a, 0xc8, 0xff, 0x5b, 0x3a, 0xc8, 0xff, 0x5b, 0x3a, 0xc8, 0xff,
    0x5b, 0x3a, 0xc8, 0xff, 0x5b, 0x3a, 0xc8, 0xff, 0x5b, 0x3a, 0xc8, 0xff, 0x5b, 0x3a, 0xc8, 0xff,
    0x5b, 0x3a, 0xc8, 0xff, 0x5b, 0x3a, 0xc8, 0xff, 0x5b, 0x3a, 0xc8, 0xff, 0x5b, 0x3a, 0xc8, 0xff,
    0x5b, 0x3a, 0xc8, 0xff, 0x5b, 0x3a, 0xc8, 0xff, 0x5b, 0x3a, 0xc8, 0xff, 0x5b, 0x3a, 0xc8, 0xff,
    0x5b, 0x3a, 0xc8, 0xff, 0x5b, 0x3a, 0xc8, 0xff, 0x5b, 0x3a, 0xc8, 0xff, 0x5b, 0x3a, 0xc8, 0xff,
    0x5b, 0x3a, 0xc8, 0xff, 0x5b, 0x3a, 0xc8, 0xff, 0x5b, 0x3a, 0xc8, 0xff, 0x5b, 0x3a, 0xc8, 0xff,
    0x5b, 0x3a, 0xc8, 0xff, 0x5b, 0x3a, 0xc8, 0xff, 0x5b, 0x3a, 0xc8, 0xff, 0x5b, 0x3a, 0xc8, 0xff,
    0x5b, 0x3a, 0xc8, 0xff, 0x5b, 0x3a, 0xc8, 0xff, 0x5b, 0x3a, 0xc8, 0xff, 0x5b, 0x3a, 0xc8, 0xff,
    0x5b, 0x3a, 0xc8, 0xff, 0x5b, 0x3a, 0xc8, 0xff, 0x5b, 0x3a, 0xc8, 0xff, 0x5b, 0x3a, 0xc8, 0xff,
    0x5b, 0x3a, 0xc8, 0xff, 0x5b, 0x3a, 0xc8, 0xff, 0x5b, 0x3a, 0xc8, 0xff, 0x5b, 0x3a, 0xc8, 0xff,
    0x5b, 0x3a, 0xc8, 0xff, 0x5b, 0x3a, 0xc8, 0xff, 0x5b, 0x3a, 0xc8, 0xff, 0x5b, 0x3a, 0xc8, 0xff,
    0x5b, 0x3a, 0xc8, 0xff, 0x5b, 0x3a, 0xc8, 0xff, 0x5b, 0x3a, 0xc8, 0xff, 0x5b, 0x3a, 0xc8, 0xff,
    0x5b, 0x3a, 0xc8, 0xff, 0x98, 0x83, 0xdc, 0xff, 0xff, 0xff, 0xff, 0xff, 0xff, 0xff, 0xff, 0xff,
    0xff, 0xff, 0xff, 0xff, 0xff, 0xff, 0xff, 0xff, 0xff, 0xff, 0xff, 0xff, 0xff, 0xff, 0xff, 0xff,
    0xff, 0xff, 0xff, 0xff, 0xff, 0xff, 0xff, 0xff, 0xff, 0xff, 0xff, 0xff, 0xff, 0xff, 0xff, 0xff,
    0xff, 0xff, 0xff, 0xff, 0xe2, 0xdd, 0xf5, 0xff, 0xbf, 0xb2, 0xe9, 0xff, 0x98, 0x83, 0xdc, 0xff,
    0x68, 0x49, 0xcc, 0xff, 0x5b, 0x3a, 0xc8, 0xff, 0x5b, 0x3a, 0xc8, 0xff, 0x5b, 0x3a, 0xc8, 0xff,
    0x5b, 0x3a, 0xc8, 0xff, 0x5b, 0x3a, 0xc8, 0xff, 0x5b, 0x3a, 0xc8, 0xff, 0x81, 0x68, 0xd4, 0xff,
    0xff, 0xff, 0xff, 0xff, 0xff, 0xff, 0xff, 0xff, 0xff, 0xff, 0xff, 0xff, 0xff, 0xff, 0xff, 0xff,
    0xff, 0xff, 0xff, 0xff, 0xff, 0xff, 0xff, 0xff, 0x8e, 0x77, 0xd9, 0xff, 0x5b, 0x3a, 0xc8, 0xff,
    0x5b, 0x3a, 0xc8, 0xff, 0x5b, 0x3a, 0xc8, 0xff, 0x5b, 0x3a, 0xc8, 0xff, 0x5b, 0x3a, 0xc8, 0xff,
    0x5b, 0x3a, 0xc8, 0xff, 0x5b, 0x3a, 0xc8, 0xff, 0x5b, 0x3a, 0xc8, 0xff, 0x5b, 0x3a, 0xc8, 0xff,
    0x8e, 0x77, 0xd9, 0xff, 0xff, 0xff, 0xff, 0xff, 0xff, 0xff, 0xff, 0xff, 0xff, 0xff, 0xff, 0xff,
    0xff, 0xff, 0xff, 0xff, 0xff, 0xff, 0xff, 0xff, 0xff, 0xff, 0xff, 0xff, 0x81, 0x68, 0xd4, 0xff,
    0x5b, 0x3a, 0xc8, 0xff, 0x5b, 0x3a, 0xc8, 0xff, 0x84, 0x6b, 0xd5, 0xff, 0xff, 0xff, 0xff, 0xff,
    0xff, 0xff, 0xff, 0xff, 0xff, 0xff, 0xff, 0xff, 0xff, 0xff, 0xff, 0xff, 0xff, 0xff, 0xff, 0xff,
    0xff, 0xff, 0xff, 0xff, 0xff, 0xff, 0xff, 0xff, 0xff, 0xff, 0xff, 0xff, 0xff, 0xff, 0xff, 0xff,
    0xff, 0xff, 0xff, 0xff, 0xff, 0xff, 0xff, 0xff, 0xe8, 0xe3, 0xf7, 0xff, 0xc4, 0xb8, 0xeb, 0xff,
    0x9d, 0x8a, 0xde, 0xff, 0x6f, 0x52, 0xce, 0xff, 0x5b, 0x3a, 0xc8, 0xff, 0x5b, 0x3a, 0xc8, 0xff,
    0x5b, 0x3a, 0xc8, 0xff, 0x5b, 0x3a, 0xc8, 0xff, 0x5b, 0x3a, 0xc8, 0xff, 0x5b, 0x3a, 0xc8, 0xff,
    0x5b, 0x3a, 0xc8, 0xff, 0x5b, 0x3a, 0xc8, 0xff, 0x5b, 0x3a, 0xc8, 0xff, 0x5b, 0x3a, 0xc8, 0xff,
    0x5b, 0x3a, 0xc8, 0xff, 0x5b, 0x3a, 0xc8, 0xff, 0x5b, 0x3a, 0xc8, 0xff, 0x5b, 0x3a, 0xc8, 0xff,
    0x5b, 0x3a, 0xc8, 0xff, 0x5b, 0x3a, 0xc8, 0xff, 0x5b, 0x3a, 0xc8, 0xff, 0x5b, 0x3a, 0xc8, 0xff,
    0x5b, 0x3a, 0xc8, 0xff, 0x5b, 0x3a, 0xc8, 0xff, 0x5b, 0x3a, 0xc8, 0xff, 0x5b, 0x3a, 0xc8, 0xff,
    0x5b, 0x3a, 0xc8, 0xff, 0x5b, 0x3a, 0xc8, 0xff, 0x5b, 0x3a, 0xc8, 0xff, 0x5b, 0x3a, 0xc8, 0xff,
    0x5b, 0x3a, 0xc8, 0xff, 0x5b, 0x3a, 0xc8, 0xff, 0x5b, 0x3a, 0xc8, 0xff, 0x5b, 0x3a, 0xc8, 0xff,
    0x5b, 0x3a, 0xc8, 0xff, 0x5b, 0x3a, 0xc8, 0xff, 0x5b, 0x3a, 0xc8, 0xff, 0x5b, 0x3a, 0xc8, 0xff,
    0x5b, 0x3a, 0xc8, 0xff, 0x5b, 0x3a, 0xc8, 0xff, 0x5b, 0x3a, 0xc8, 0xff, 0x5b, 0x3a, 0xc8, 0xff,
    0x5b, 0x3a, 0xc8, 0xff, 0x5b, 0x3a, 0xc8, 0xff, 0x5b, 0x3a, 0xc8, 0xff, 0x5b, 0x3a, 0xc8, 0xff,
    0x5b, 0x3a, 0xc8, 0xff, 0x5b, 0x3a, 0xc8, 0xff, 0x5b, 0x3a, 0xc8, 0xff, 0x5b, 0x3a, 0xc8, 0xff,
    0x5b, 0x3a, 0xc8, 0xff, 0x5b, 0x3a, 0xc8, 0xff, 0x5b, 0x3a, 0xc8, 0xff, 0x5b, 0x3a, 0xc8, 0xff,
    0x5b, 0x3a, 0xc8, 0xff, 0x5b, 0x3a, 0xc8, 0xff, 0x5b, 0x3a, 0xc8, 0xff, 0x5b, 0x3a, 0xc8, 0xff,
    0x5b, 0x3a, 0xc8, 0xff, 0x5b, 0x3a, 0xc8, 0xff, 0x5b, 0x3a, 0xc8, 0xff, 0x5b, 0x3a, 0xc8, 0xff,
    0x5b, 0x3a, 0xc8, 0xff, 0x5b, 0x3a, 0xc8, 0xff, 0x5b, 0x3a, 0xc8, 0xff, 0x5b, 0x3a, 0xc8, 0xff,
    0x5b, 0x3a, 0xc8, 0xff, 0x5b, 0x3a, 0xc8, 0xff, 0x5b, 0x3a, 0xc8, 0xff, 0x5d, 0x3d, 0xc8, 0xff,
    0xd3, 0xcb, 0xf0, 0xff, 0xff, 0xff, 0xff, 0xff, 0xff, 0xff, 0xff, 0xff, 0xff, 0xff, 0xff, 0xff,
    0xff, 0xff, 0xff, 0xff, 0xff, 0xff, 0xff, 0xff, 0xff, 0xff, 0xff, 0xff, 0xff, 0xff, 0xff, 0xff,
    0xff, 0xff, 0xff, 0xff, 0xff, 0xff, 0xff, 0xff, 0xff, 0xff, 0xff, 0xff, 0xff, 0xff, 0xff, 0xff,
    0xff, 0xff, 0xff, 0xff, 0xff, 0xff, 0xff, 0xff, 0xfc, 0xfb, 0xfe, 0xff, 0xcb, 0xc1, 0xed, 0xff,
    0x79, 0x5f, 0xd2, 0xff, 0x5b, 0x3a, 0xc8, 0xff, 0x5b, 0x3a, 0xc8, 0xff, 0x5b, 0x3a, 0xc8, 0xff,
    0x5b, 0x3a, 0xc8, 0xff, 0x8e, 0x77, 0xd9, 0xff, 0xff, 0xff, 0xff, 0xff, 0xff, 0xff, 0xff, 0xff,
    0xff, 0xff, 0xff, 0xff, 0xff, 0xff, 0xff, 0xff, 0xff, 0xff, 0xff, 0xff, 0xff, 0xff, 0xff, 0xff,
    0x7c, 0x61, 0xd3, 0xff, 0x5b, 0x3a, 0xc8, 0xff, 0x5b, 0x3a, 0xc8, 0xff, 0x5b, 0x3a, 0xc8, 0xff,
    0x5b, 0x3a, 0xc8, 0xff, 0x5b, 0x3a, 0xc8, 0xff, 0x5b, 0x3a, 0xc8, 0xff, 0x5b, 0x3a, 0xc8, 0xff,
    0x5b, 0x3a, 0xc8, 0xff, 0x5b, 0x3a, 0xc8, 0xff, 0x7c, 0x61, 0xd3, 0xff, 0xff, 0xff, 0xff, 0xff,
    0xff, 0xff, 0xff, 0xff, 0xff, 0xff, 0xff, 0xff, 0xff, 0xff, 0xff, 0xff, 0xff, 0xff, 0xff, 0xff,
    0xff, 0xff, 0xff, 0xff, 0x8e, 0x77, 0xd9, 0xff, 0x5b, 0x3a, 0xc8, 0xff, 0x5b, 0x3a, 0xc8, 0xff,
    0x5b, 0x3a, 0xc8, 0xff, 0xbe, 0xb1, 0xe9, 0xff, 0xff, 0xff, 0xff, 0xff, 0xff, 0xff, 0xff, 0xff,
    0xff, 0xff, 0xff, 0xff, 0xff, 0xff, 0xff, 0xff, 0xff, 0xff, 0xff, 0xff, 0xff, 0xff, 0xff, 0xff,
    0xff, 0xff, 0xff, 0xff, 0xff, 0xff, 0xff, 0xff, 0xff, 0xff, 0xff, 0xff, 0xff, 0xff, 0xff, 0xff,
    0xff, 0xff, 0xff, 0xff, 0xff, 0xff, 0xff, 0xff, 0xff, 0xff, 0xff, 0xff, 0xff, 0xff, 0xff, 0xff,
    0xdb, 0xd4, 0xf2, 0xff, 0x8e, 0x77, 0xd9, 0xff, 0x5b, 0x3a, 0xc8, 0xff, 0x5b, 0x3a, 0xc8, 0xff,
    0x5b, 0x3a, 0xc8, 0xff, 0x5b, 0x3a, 0xc8, 0xff, 0x5b, 0x3a, 0xc8, 0xff, 0x5b, 0x3a, 0xc8, 0xff,
    0x5b, 0x3a, 0xc8, 0xff, 0x5b, 0x3a, 0xc8, 0xff, 0x5b, 0x3a, 0xc8, 0xff, 0x5b, 0x3a, 0xc8, 0xff,
    0x5b, 0x3a, 0xc8, 0xff, 0x5b, 0x3a, 0xc8, 0xff, 0x5b, 0x3a, 0xc8, 0xff, 0x5b, 0x3a, 0xc8, 0xff,
    0x5b, 0x3a, 0xc8, 0xff, 0x5b, 0x3a, 0xc8, 0xff, 0x5b, 0x3a, 0xc8, 0xff, 0x5b, 0x3a, 0xc8, 0xff,
    0x5b, 0x3a, 0xc8, 0xff, 0x5b, 0x3a, 0xc8, 0xff, 0x5b, 0x3a, 0xc8, 0xff, 0x5b, 0x3a, 0xc8, 0xff,
    0x5b, 0x3a, 0xc8, 0xff, 0x5b, 0x3a, 0xc8, 0xff, 0x5b, 0x3a, 0xc8, 0xff, 0x5b, 0x3a, 0xc8, 0xff,
    0x5b, 0x3a, 0xc8, 0xff, 0x5b, 0x3a, 0xc8, 0xff, 0x5b, 0x3a, 0xc8, 0xff, 0x5b, 0x3a, 0xc8, 0xff,
    0x5b, 0x3a, 0xc8, 0xff, 0x5b, 0x3a, 0xc8, 0xff, 0x5b, 0x3a, 0xc8, 0xff, 0x5b, 0x3a, 0xc8, 0xff,
    0x5b, 0x3a, 0xc8, 0xff, 0x5b, 0x3a, 0xc8, 0xff, 0x5b, 0x3a, 0xc8, 0xff, 0x5b, 0x3a, 0xc8, 0xff,
    0x5b, 0x3a, 0xc8, 0xff, 0x5b, 0x3a, 0xc8, 0xff, 0x5b, 0x3a, 0xc8, 0xff, 0x5b, 0x3a, 0xc8, 0xff,
    0x5b, 0x3a, 0xc8, 0xff, 0x5b, 0x3a, 0xc8, 0xff, 0x5b, 0x3a, 0xc8, 0xff, 0x5b, 0x3a, 0xc8, 0xff,
    0x5b, 0x3a, 0xc8, 0xff, 0x5b, 0x3a, 0xc8, 0xff, 0x5b, 0x3a, 0xc8, 0xff, 0x5b, 0x3a, 0xc8, 0xff,
    0x5b, 0x3a, 0xc8, 0xff, 0x5b, 0x3a, 0xc8, 0xff, 0x5b, 0x3a, 0xc8, 0xff, 0x5b, 0x3a, 0xc8, 0xff,
    0x5b, 0x3a, 0xc8, 0xff, 0x5b, 0x3a, 0xc8, 0xff, 0x5b, 0x3a, 0xc8, 0xff, 0x5b, 0x3a, 0xc8, 0xff,
    0x5b, 0x3a, 0xc8, 0xff, 0x5b, 0x3a, 0xc8, 0xff, 0x5b, 0x3a, 0xc8, 0xff, 0x5b, 0x3a, 0xc8, 0xff,
    0x5b, 0x3a, 0xc8, 0xff, 0x5b, 0x3a, 0xc8, 0xff, 0x62, 0x43, 0xca, 0xff, 0xd1, 0xc8, 0xef, 0xff,
    0xff, 0xff, 0xff, 0xff, 0xff, 0xff, 0xff, 0xff, 0xff, 0xff, 0xff, 0xff, 0xff, 0xff, 0xff, 0xff,
    0xff, 0xff, 0xff, 0xff, 0xff, 0xff, 0xff, 0xff, 0xff, 0xff, 0xff, 0xff, 0xff, 0xff, 0xff, 0xff,
    0xff, 0xff, 0xff, 0xff, 0xff, 0xff, 0xff, 0xff, 0xff, 0xff, 0xff, 0xff, 0xff, 0xff, 0xff, 0xff,
    0xff, 0xff, 0xff, 0xff, 0xff, 0xff, 0xff, 0xff, 0xff, 0xff, 0xff, 0xff, 0xb2, 0xa2, 0xe5, 0xff,
    0x5b, 0x3a, 0xc8, 0xff, 0x5b, 0x3a, 0xc8, 0xff, 0x5b, 0x3a, 0xc8, 0xff, 0x8e, 0x77, 0xd9, 0xff,
    0xff, 0xff, 0xff, 0xff, 0xff, 0xff, 0xff, 0xff, 0xff, 0xff, 0xff, 0xff, 0xff, 0xff, 0xff, 0xff,
    0xff, 0xff, 0xff, 0xff, 0xff, 0xff, 0xff, 0xff, 0x79, 0x5e, 0xd2, 0xff, 0x5b, 0x3a, 0xc8, 0xff,
    0x5b, 0x3a, 0xc8, 0xff, 0x5b, 0x3a, 0xc8, 0xff, 0x5b, 0x3a, 0xc8, 0xff, 0x5b, 0x3a, 0xc8, 0xff,
    0x5b, 0x3a, 0xc8, 0xff, 0x5b, 0x3a, 0xc8, 0xff, 0x5b, 0x3a, 0xc8, 0xff, 0x5b, 0x3a, 0xc8, 0xff,
    0x7a, 0x5e, 0xd2, 0xff, 0xff, 0xff, 0xff, 0xff, 0xff, 0xff, 0xff, 0xff, 0xff, 0xff, 0xff, 0xff,
    0xff, 0xff, 0xff, 0xff, 0xff, 0xff, 0xff, 0xff, 0xff, 0xff, 0xff, 0xff, 0x8e, 0x77, 0xd9, 0xff,
    0x5b, 0x3a, 0xc8, 0xff, 0x5b, 0x3a, 0xc8, 0xff, 0x5b, 0x3a, 0xc8, 0xff, 0x60, 0x40, 0xc9, 0xff,
    0xbc, 0xae, 0xe8, 0xff, 0xff, 0xff, 0xff, 0xff, 0xff, 0xff, 0xff, 0xff, 0xff, 0xff, 0xff, 0xff,
    0xff, 0xff, 0xff, 0xff, 0xff, 0xff, 0xff, 0xff, 0xff, 0xff, 0xff, 0xff, 0xff, 0xff, 0xff, 0xff,
    0xff, 0xff, 0xff, 0xff, 0xff, 0xff, 0xff, 0xff, 0xff, 0xff, 0xff, 0xff, 0xff, 0xff, 0xff, 0xff,
    0xff, 0xff, 0xff, 0xff, 0xff, 0xff, 0xff, 0xff, 0xff, 0xff, 0xff, 0xff, 0xff, 0xff, 0xff, 0xff,
    0xc6, 0xbb, 0xec, 0xff, 0x60, 0x40, 0xc9, 0xff, 0x5b, 0x3a, 0xc8, 0xff, 0x5b, 0x3a, 0xc8, 0xff,
    0x5b, 0x3a, 0xc8, 0xff, 0x5b, 0x3a, 0xc8, 0xff, 0x5b, 0x3a, 0xc8, 0xff, 0x5b, 0x3a, 0xc8, 0xff,
    0x5b, 0x3a, 0xc8, 0xff, 0x5b, 0x3a, 0xc8, 0xff, 0x5b, 0x3a, 0xc8, 0xff, 0x5b, 0x3a, 0xc8, 0xff,
    0x5b, 0x3a, 0xc8, 0xff, 0x5b, 0x3a, 0xc8, 0xff, 0x5b, 0x3a, 0xc8, 0xff, 0x5b, 0x3a, 0xc8, 0xff,
    0x5b, 0x3a, 0xc8, 0xff, 0x5b, 0x3a, 0xc8, 0xff, 0x5b, 0x3a, 0xc8, 0xff, 0x5b, 0x3a, 0xc8, 0xff,
    0x5b, 0x3a, 0xc8, 0xff, 0x5b, 0x3a, 0xc8, 0xff, 0x5b, 0x3a, 0xc8, 0xff, 0x5b, 0x3a, 0xc8, 0xff,
    0x5b, 0x3a, 0xc8, 0xff, 0x5b, 0x3a, 0xc8, 0xff, 0x5b, 0x3a, 0xc8, 0xff, 0x5b, 0x3a, 0xc8, 0xff,
    0x5b, 0x3a, 0xc8, 0xff, 0x5b, 0x3a, 0xc8, 0xff, 0x5b, 0x3a, 0xc8, 0xff, 0x5b, 0x3a, 0xc8, 0xff,
    0x5b, 0x3a, 0xc8, 0xff, 0x5b, 0x3a, 0xc8, 0xff, 0x5b, 0x3a, 0xc8, 0xff, 0x5b, 0x3a, 0xc8, 0xff,
    0x5b, 0x3a, 0xc8, 0xff, 0x5b, 0x3a, 0xc8, 0xff, 0x5b, 0x3a, 0xc8, 0xff, 0x5b, 0x3a, 0xc8, 0xff,
    0x5b, 0x3a, 0xc8, 0xff, 0x5b, 0x3a, 0xc8, 0xff, 0x5b, 0x3a, 0xc8, 0xff, 0x5b, 0x3a, 0xc8, 0xff,
    0x5b, 0x3a, 0xc8, 0xff, 0x5b, 0x3a, 0xc8, 0xff, 0x5b, 0x3a, 0xc8, 0xff, 0x5b, 0x3a, 0xc8, 0xff,
    0x5b, 0x3a, 0xc8, 0xff, 0x5b, 0x3a, 0xc8, 0xff, 0x5b, 0x3a, 0xc8, 0xff, 0x5b, 0x3a, 0xc8, 0xff,
    0x5b, 0x3a, 0xc8, 0xff, 0x5b, 0x3a, 0xc8, 0xff, 0x5b, 0x3a, 0xc8, 0xff, 0x5b, 0x3a, 0xc8, 0xff,
    0x5b, 0x3a, 0xc8, 0xff, 0x5b, 0x3a, 0xc8, 0xff, 0x5b, 0x3a, 0xc8, 0xff, 0x5b, 0x3a, 0xc8, 0xff,
    0x5b, 0x3a, 0xc8, 0xff, 0x5b, 0x3a, 0xc8, 0xff, 0x5b, 0x3a, 0xc8, 0xff, 0x5b, 0x3a, 0xc8, 0xff,
    0x5b, 0x3a, 0xc8, 0xff, 0x5b, 0x3a, 0xc8, 0xff, 0x8e, 0x77, 0xd9, 0xff, 0xe0, 0xda, 0xf4, 0xff,
    0xff, 0xff, 0xff, 0xff, 0xff, 0xff, 0xff, 0xff, 0xff, 0xff, 0xff, 0xff, 0xff, 0xff, 0xff, 0xff,
    0xff, 0xff, 0xff, 0xff, 0xff, 0xff, 0xff, 0xff, 0xff, 0xff, 0xff, 0xff, 0xff, 0xff, 0xff, 0xff,
    0xff, 0xff, 0xff, 0xff, 0xff, 0xff, 0xff, 0xff, 0xff, 0xff, 0xff, 0xff, 0xff, 0xff, 0xff, 0xff,
    0xff, 0xff, 0xff, 0xff, 0xff, 0xff, 0xff, 0xff, 0xaa, 0x99, 0xe2, 0xff, 0x5b, 0x3a, 0xc8, 0xff,
    0x5b, 0x3a, 0xc8, 0xff, 0x8e, 0x77, 0xd9, 0xff, 0xff, 0xff, 0xff, 0xff, 0xff, 0xff, 0xff, 0xff,
    0xff, 0xff, 0xff, 0xff, 0xff, 0xff, 0xff, 0xff, 0xff, 0xff, 0xff, 0xff, 0xff, 0xff, 0xff, 0xff,
    0x7c, 0x61, 0xd3, 0xff, 0x5b, 0x3a, 0xc8, 0xff, 0x5b, 0x3a, 0xc8, 0xff, 0x5b, 0x3a, 0xc8, 0xff,
    0x5b, 0x3a, 0xc8, 0xff, 0x5b, 0x3a, 0xc8, 0xff, 0x5b, 0x3a, 0xc8, 0xff, 0x5b, 0x3a, 0xc8, 0xff,
    0x5b, 0x3a, 0xc8, 0xff, 0x5b, 0x3a, 0xc8, 0xff, 0x7f, 0x64, 0xd3, 0xff, 0xff, 0xff, 0xff, 0xff,
    0xff, 0xff, 0xff, 0xff, 0xff, 0xff, 0xff, 0xff, 0xff, 0xff, 0xff, 0xff, 0xff, 0xff, 0xff, 0xff,
    0xff, 0xff, 0xff, 0xff, 0x8e, 0x77, 0xd9, 0xff, 0x5b, 0x3a, 0xc8, 0xff, 0x5b, 0x3a, 0xc8, 0xff,
    0x5b, 0x3a, 0xc8, 0xff, 0x5b, 0x3a, 0xc8, 0xff, 0x5b, 0x3a, 0xc8, 0xff, 0x8b, 0x74, 0xd8, 0xff,
    0xdb, 0xd3, 0xf3, 0xff, 0xff, 0xff, 0xff, 0xff, 0xff, 0xff, 0xff, 0xff, 0xff, 0xff, 0xff, 0xff,
    0xff, 0xff, 0xff, 0xff, 0xff, 0xff, 0xff, 0xff, 0xff, 0xff, 0xff, 0xff, 0xff, 0xff, 0xff, 0xff,
    0xff, 0xff, 0xff, 0xff, 0xff, 0xff, 0xff, 0xff, 0xff, 0xff, 0xff, 0xff, 0xff, 0xff, 0xff, 0xff,
    0xff, 0xff, 0xff, 0xff, 0xff, 0xff, 0xff, 0xff, 0xff, 0xff, 0xff, 0xff, 0xc1, 0xb5, 0xea, 0xff,
    0x5b, 0x3a, 0xc8, 0xff, 0x5b, 0x3a, 0xc8, 0xff, 0x5b, 0x3a, 0xc8, 0xff, 0x5b, 0x3a, 0xc8, 0xff,
    0x5b, 0x3a, 0xc8, 0xff, 0x5b, 0x3a, 0xc8, 0xff, 0x5b, 0x3a, 0xc8, 0xff, 0x5b, 0x3a, 0xc8, 0xff,
    0x5b, 0x3a, 0xc8, 0xff, 0x5b, 0x3a, 0xc8, 0xff, 0x5b, 0x3a, 0xc8, 0xff, 0x5b, 0x3a, 0xc8, 0xff,
    0x5b, 0x3a, 0xc8, 0xff, 0x5b, 0x3a, 0xc8, 0xff, 0x5b, 0x3a, 0xc8, 0xff, 0x5b, 0x3a, 0xc8, 0xff,
    0x5b, 0x3a, 0xc8, 0xff, 0x5b, 0x3a, 0xc8, 0xff, 0x5b, 0x3a, 0xc8, 0xff, 0x5b, 0x3a, 0xc8, 0xff,
    0x5b, 0x3a, 0xc8, 0xff, 0x5b, 0x3a, 0xc8, 0xff, 0x5b, 0x3a, 0xc8, 0xff, 0x5b, 0x3a, 0xc8, 0xff,
    0x5b, 0x3a, 0xc8, 0xff, 0x5b, 0x3a, 0xc8, 0xff, 0x5b, 0x3a, 0xc8, 0xff, 0x5b, 0x3a, 0xc8, 0xff,
    0x5b, 0x3a, 0xc8, 0xff, 0x5b, 0x3a, 0xc8, 0xff, 0x5b, 0x3a, 0xc8, 0xff, 0x5b, 0x3a, 0xc8, 0xff,
    0x5b, 0x3a, 0xc8, 0xff, 0x5b, 0x3a, 0xc8, 0xff, 0x5b, 0x3a, 0xc8, 0xff, 0x5b, 0x3a, 0xc8, 0xff,
    0x5b, 0x3a, 0xc8, 0xff, 0x5b, 0x3a, 0xc8, 0xff, 0x5b, 0x3a, 0xc8, 0xff, 0x5b, 0x3a, 0xc8, 0xff,
    0x5b, 0x3a, 0xc8, 0xff, 0x5b, 0x3a, 0xc8, 0xff, 0x5b, 0x3a, 0xc8, 0xff, 0x5b, 0x3a, 0xc8, 0xff,
    0x5b, 0x3a, 0xc8, 0xff, 0x5b, 0x3a, 0xc8, 0xff, 0x5b, 0x3a, 0xc8, 0xff, 0x5b, 0x3a, 0xc8, 0xff,
    0x5b, 0x3a, 0xc8, 0xff, 0x5b, 0x3a, 0xc8, 0xff, 0x5b, 0x3a, 0xc8, 0xff, 0x5b, 0x3a, 0xc8, 0xff,
    0x5b, 0x3a, 0xc8, 0xff, 0x5b, 0x3a, 0xc8, 0xff, 0x5b, 0x3a, 0xc8, 0xff, 0x5b, 0x3a, 0xc8, 0xff,
    0x5b, 0x3a, 0xc8, 0xff, 0x5b, 0x3a, 0xc8, 0xff, 0x5b, 0x3a, 0xc8, 0xff, 0x5b, 0x3a, 0xc8, 0xff,
    0x5b, 0x3a, 0xc8, 0xff, 0x5b, 0x3a, 0xc8, 0xff, 0x5b, 0x3a, 0xc8, 0xff, 0x5b, 0x3a, 0xc8, 0xff,
    0x5b, 0x3a, 0xc8, 0xff, 0x5b, 0x3a, 0xc8, 0xff, 0x79, 0x5f, 0xd2, 0xff, 0xa8, 0x96, 0xe2, 0xff,
    0xcb, 0xc1, 0xed, 0xff, 0xf4, 0xf2, 0xfb, 0xff, 0xff, 0xff, 0xff, 0xff, 0xff, 0xff, 0xff, 0xff,
    0xff, 0xff, 0xff, 0xff, 0xff, 0xff, 0xff, 0xff, 0xff, 0xff, 0xff, 0xff, 0xff, 0xff, 0xff, 0xff,
    0xff, 0xff, 0xff, 0xff, 0xff, 0xff, 0xff, 0xff, 0xff, 0xff, 0xff, 0xff, 0xff, 0xff, 0xff, 0xff,
    0xfc, 0xfc, 0xfe, 0xff, 0x6a, 0x4c, 0xcd, 0xff, 0x5b, 0x3a, 0xc8, 0xff, 0x81, 0x68, 0xd4, 0xff,
    0xff, 0xff, 0xff, 0xff, 0xff, 0xff, 0xff, 0xff, 0xff, 0xff, 0xff, 0xff, 0xff, 0xff, 0xff, 0xff,
    0xff, 0xff, 0xff, 0xff, 0xff, 0xff, 0xff, 0xff, 0x8b, 0x74, 0xd8, 0xff, 0x5b, 0x3a, 0xc8, 0xff,
    0x5b, 0x3a, 0xc8, 0xff, 0x5b, 0x3a, 0xc8, 0xff, 0x5b, 0x3a, 0xc8, 0xff, 0x5b, 0x3a, 0xc8, 0xff,
    0x5b, 0x3a, 0xc8, 0xff, 0x5b, 0x3a, 0xc8, 0xff, 0x5b, 0x3a, 0xc8, 0xff, 0x5b, 0x3a, 0xc8, 0xff,
    0x8e, 0x77, 0xd9, 0xff, 0xff, 0xff, 0xff, 0xff, 0xff, 0xff, 0xff, 0xff, 0xff, 0xff, 0xff, 0xff,
    0xff, 0xff, 0xff, 0xff, 0xff, 0xff, 0xff, 0xff, 0xff, 0xff, 0xff, 0xff, 0x81, 0x68, 0xd4, 0xff,
    0x5b, 0x3a, 0xc8, 0xff, 0x5b, 0x3a, 0xc8, 0xff, 0x5b, 0x3a, 0xc8, 0xff, 0x5b, 0x3a, 0xc8, 0xff,
    0x5b, 0x3a, 0xc8, 0xff, 0x5b, 0x3a, 0xc8, 0xff, 0x5b, 0x3a, 0xc8, 0xff, 0x6f, 0x52, 0xcf, 0xff,
    0xa2, 0x90, 0xe0, 0xff, 0xc9, 0xbe, 0xed, 0xff, 0xef, 0xec, 0xf9, 0xff, 0xff, 0xff, 0xff, 0xff,
    0xff, 0xff, 0xff, 0xff, 0xff, 0xff, 0xff, 0xff, 0xff, 0xff, 0xff, 0xff, 0xff, 0xff, 0xff, 0xff,
    0xff, 0xff, 0xff, 0xff, 0xff, 0xff, 0xff, 0xff, 0xff, 0xff, 0xff, 0xff, 0xff, 0xff, 0xff, 0xff,
    0xff, 0xff, 0xff, 0xff, 0xff, 0xff, 0xff, 0xff, 0x7c, 0x62, 0xd3, 0xff, 0x5b, 0x3a, 0xc8, 0xff,
    0x5b, 0x3a, 0xc8, 0xff, 0x5b, 0x3a, 0xc8, 0xff, 0x5b, 0x3a, 0xc8, 0xff, 0x5b, 0x3a, 0xc8, 0xff,
    0x5b, 0x3a, 0xc8, 0xff, 0x5b, 0x3a, 0xc8, 0xff, 0x5b, 0x3a, 0xc8, 0xff, 0x5b, 0x3a, 0xc8, 0xff,
    0x5b, 0x3a, 0xc8, 0xff, 0x5b, 0x3a, 0xc8, 0xff, 0x5b, 0x3a, 0xc8, 0xff, 0x5b, 0x3a, 0xc8, 0xff,
    0x5b, 0x3a, 0xc8, 0xff, 0x5b, 0x3a, 0xc8, 0xff, 0x5b, 0x3a, 0xc8, 0xff, 0x5b, 0x3a, 0xc8, 0xff,
    0x5b, 0x3a, 0xc8, 0xff, 0x5b, 0x3a, 0xc8, 0xff, 0x5b, 0x3a, 0xc8, 0xff, 0x5b, 0x3a, 0xc8, 0xff,
    0x5b, 0x3a, 0xc8, 0xff, 0x5b, 0x3a, 0xc8, 0xff, 0x5b, 0x3a, 0xc8, 0xff, 0x5b, 0x3a, 0xc8, 0xff,
    0x5b, 0x3a, 0xc8, 0xff, 0x5b, 0x3a, 0xc8, 0xff, 0x5b, 0x3a, 0xc8, 0xff, 0x5b, 0x3a, 0xc8, 0xff,
    0x5b, 0x3a, 0xc8, 0xff, 0x5b, 0x3a, 0xc8, 0xff, 0x5b, 0x3a, 0xc8, 0xff, 0x5b, 0x3a, 0xc8, 0xff,
    0x5b, 0x3a, 0xc8, 0xff, 0x5b, 0x3a, 0xc8, 0xff, 0x5b, 0x3a, 0xc8, 0xff, 0x5b, 0x3a, 0xc8, 0xff,
    0x5b, 0x3a, 0xc8, 0xff, 0x5b, 0x3a, 0xc8, 0xff, 0x5b, 0x3a, 0xc8, 0xff, 0x5b, 0x3a, 0xc8, 0xff,
    0x5b, 0x3a, 0xc8, 0xff, 0x5b, 0x3a, 0xc8, 0xff, 0x5b, 0x3a, 0xc8, 0xff, 0x5b, 0x3a, 0xc8, 0xff,
    0x5b, 0x3a, 0xc8, 0xff, 0x5b, 0x3a, 0xc8, 0xff, 0x5b, 0x3a, 0xc8, 0xff, 0x5b, 0x3a, 0xc8, 0xff,
    0x5b, 0x3a, 0xc8, 0xff, 0x5b, 0x3a, 0xc8, 0xff, 0x5b, 0x3a, 0xc8, 0xff, 0x5b, 0x3a, 0xc8, 0xff,
    0x5b, 0x3a, 0xc8, 0xff, 0x5b, 0x3a, 0xc8, 0xff, 0x5b, 0x3a, 0xc8, 0xff, 0x5b, 0x3a, 0xc8, 0xff,
    0x5b, 0x3a, 0xc8, 0xff, 0x5b, 0x3a, 0xc8, 0xff, 0x5b, 0x3a, 0xc8, 0xff, 0x5b, 0x3a, 0xc8, 0xff,
    0x5b, 0x3a, 0xc8, 0xff, 0x5b, 0x3a, 0xc8, 0xff, 0x5b, 0x3a, 0xc8, 0xff, 0x5b, 0x3a, 0xc8, 0xff,
    0x5b, 0x3a, 0xc8, 0xff, 0x5b, 0x3a, 0xc8, 0xff, 0x5b, 0x3a, 0xc8, 0xff, 0x5b, 0x3a, 0xc8, 0xff,
    0x77, 0x5b, 0xd1, 0xff, 0x9d, 0x8a, 0xde, 0xff, 0xc4, 0xb8, 0xeb, 0xff, 0xf2, 0xef, 0xfa, 0xff,
    0xff, 0xff, 0xff, 0xff, 0xff, 0xff, 0xff, 0xff, 0xff, 0xff, 0xff, 0xff, 0xff, 0xff, 0xff, 0xff,
    0xff, 0xff, 0xff, 0xff, 0xff, 0xff, 0xff, 0xff, 0xff, 0xff, 0xff, 0xff, 0x9d, 0x8a, 0xde, 0xff,
    0x5b, 0x3a, 0xc8, 0xff, 0x6d, 0x4f, 0xce, 0xff, 0xff, 0xff, 0xff, 0xff, 0xff, 0xff, 0xff, 0xff,
    0xff, 0xff, 0xff, 0xff, 0xff, 0xff, 0xff, 0xff, 0xff, 0xff, 0xff, 0xff, 0xff, 0xff, 0xff, 0xff,
    0xaa, 0x99, 0xe2, 0xff, 0x5b, 0x3a, 0xc8, 0xff, 0x5b, 0x3a, 0xc8, 0xff, 0x5b, 0x3a, 0xc8, 0xff,
    0x5b, 0x3a, 0xc8, 0xff, 0x5b, 0x3a, 0xc8, 0xff, 0x5b, 0x3a, 0xc8, 0xff, 0x5b, 0x3a, 0xc8, 0xff,
    0x5b, 0x3a, 0xc8, 0xff, 0x5b, 0x3a, 0xc8, 0xff, 0xaa, 0x99, 0xe2, 0xff, 0xff, 0xff, 0xff, 0xff,
    0xff, 0xff, 0xff, 0xff, 0xff, 0xff, 0xff, 0xff, 0xff, 0xff, 0xff, 0xff, 0xff, 0xff, 0xff, 0xff,
    0xff, 0xff, 0xff, 0xff, 0x6f, 0x53, 0xcf, 0xff, 0x5b, 0x3a, 0xc8, 0xff, 0x5b, 0x3a, 0xc8, 0xff,
    0x5b, 0x3a, 0xc8, 0xff, 0x5b, 0x3a, 0xc8, 0xff, 0x5b, 0x3a, 0xc8, 0xff, 0x5b, 0x3a, 0xc8, 0xff,
    0x5b, 0x3a, 0xc8, 0xff, 0x5b, 0x3a, 0xc8, 0xff, 0x5b, 0x3a, 0xc8, 0xff, 0x5b, 0x3a, 0xc8, 0xff,
    0x5b, 0x3a, 0xc8, 0xff, 0x72, 0x55, 0xcf, 0xff, 0x95, 0x80, 0xdb, 0xff, 0xbf, 0xb2, 0xe9, 0xff,
    0xea, 0xe6, 0xf8, 0xff, 0xff, 0xff, 0xff, 0xff, 0xff, 0xff, 0xff, 0xff, 0xff, 0xff, 0xff, 0xff,
    0xff, 0xff, 0xff, 0xff, 0xff, 0xff, 0xff, 0xff, 0xff, 0xff, 0xff, 0xff, 0xff, 0xff, 0xff, 0xff,
    0xb2, 0xa3, 0xe5, 0xff, 0x5b, 0x3a, 0xc8, 0xff, 0x5b, 0x3a, 0xc8, 0xff, 0x5b, 0x3a, 0xc8, 0xff,
    0x5b, 0x3a, 0xc8, 0xff, 0x5b, 0x3a, 0xc8, 0xff, 0x5b, 0x3a, 0xc8, 0xff, 0x5b, 0x3a, 0xc8, 0xff,
    0x5b, 0x3a, 0xc8, 0xff, 0x5b, 0x3a, 0xc8, 0xff, 0x5b, 0x3a, 0xc8, 0xff, 0x5b, 0x3a, 0xc8, 0xff,
    0x5b, 0x3a, 0xc8, 0xff, 0x5b, 0x3a, 0xc8, 0xff, 0x5b, 0x3a, 0xc8, 0xff, 0x5b, 0x3a, 0xc8, 0xff,
    0x5b, 0x3a, 0xc8, 0xff, 0x5b, 0x3a, 0xc8, 0xff, 0x5b, 0x3a, 0xc8, 0xff, 0x5b, 0x3a, 0xc8, 0xff,
    0x5b, 0x3a, 0xc8, 0xff, 0x5b, 0x3a, 0xc8, 0xff, 0x5b, 0x3a, 0xc8, 0xff, 0x5b, 0x3a, 0xc8, 0xff,
    0x5b, 0x3a, 0xc8, 0xff, 0x5b, 0x3a, 0xc8, 0xff, 0x5b, 0x3a, 0xc8, 0xff, 0x5b, 0x3a, 0xc8, 0xff,
    0x5b, 0x3a, 0xc8, 0xff, 0x5b, 0x3a, 0xc8, 0xff, 0x5b, 0x3a, 0xc8, 0xff, 0x5b, 0x3a, 0xc8, 0xff,
    0x5b, 0x3a, 0xc8, 0xff, 0x5b, 0x3a, 0xc8, 0xff, 0x5b, 0x3a, 0xc8, 0xff, 0x5b, 0x3a, 0xc8, 0xff,
    0x5b, 0x3a, 0xc8, 0xff, 0x5b, 0x3a, 0xc8, 0xff, 0x5b, 0x3a, 0xc8, 0xff, 0x5b, 0x3a, 0xc8, 0xff,
    0x5b, 0x3a, 0xc8, 0xff, 0x5b, 0x3a, 0xc8, 0xff, 0x5b, 0x3a, 0xc8, 0xff, 0x5b, 0x3a, 0xc8, 0xff,
    0x5b, 0x3a, 0xc8, 0xff, 0x5b, 0x3a, 0xc8, 0xff, 0x5b, 0x3a, 0xc8, 0xff, 0x5b, 0x3a, 0xc8, 0xff,
    0x5b, 0x3a, 0xc8, 0xff, 0x5b, 0x3a, 0xc8, 0xff, 0x5b, 0x3a, 0xc8, 0xff, 0x5b, 0x3a, 0xc8, 0xff,
    0x5b, 0x3a, 0xc8, 0xff, 0x5b, 0x3a, 0xc8, 0xff, 0x5b, 0x3a, 0xc8, 0xff, 0x5b, 0x3a, 0xc8, 0xff,
    0x5b, 0x3a, 0xc8, 0xff, 0x5b, 0x3a, 0xc8, 0xff, 0x5b, 0x3a, 0xc8, 0xff, 0x5b, 0x3a, 0xc8, 0xff,
    0x5b, 0x3a, 0xc8, 0xff, 0x77, 0x5c, 0xd1, 0xff, 0xc9, 0xbe, 0xec, 0xff, 0xdb, 0xd3, 0xf2, 0xff,
    0xb5, 0xa5, 0xe6, 0xff, 0x62, 0x43, 0xca, 0xff, 0x5b, 0x3a, 0xc8, 0xff, 0x5b, 0x3a, 0xc8, 0xff,
    0x5b, 0x3a, 0xc8, 0xff, 0x5b, 0x3a, 0xc8, 0xff, 0x5b, 0x3a, 0xc8, 0xff, 0x5b, 0x3a, 0xc8, 0xff,
    0x5b, 0x3a, 0xc8, 0xff, 0x60, 0x40, 0xc9, 0xff, 0xaf, 0x9f, 0xe4, 0xff, 0xff, 0xff, 0xff, 0xff,
    0xff, 0xff, 0xff, 0xff, 0xff, 0xff, 0xff, 0xff, 0xff, 0xff, 0xff, 0xff, 0xff, 0xff, 0xff, 0xff,
    0xff, 0xff, 0xff, 0xff, 0xb4, 0xa5, 0xe6, 0xff, 0x5b, 0x3a, 0xc8, 0xff, 0x5b, 0x3a, 0xc8, 0xff,
    0xf2, 0xef, 0xfa, 0xff, 0xff, 0xff, 0xff, 0xff, 0xff, 0xff, 0xff, 0xff, 0xff, 0xff, 0xff, 0xff,
    0xff, 0xff, 0xff, 0xff, 0xff, 0xff, 0xff, 0xff, 0xdb, 0xd3, 0xf2, 0xff, 0x5b, 0x3a, 0xc8, 0xff,
    0x5b, 0x3a, 0xc8, 0xff, 0x5b, 0x3a, 0xc8, 0xff, 0x5b, 0x3a, 0xc8, 0xff, 0x5b, 0x3a, 0xc8, 0xff,
    0x5b, 0x3a, 0xc8, 0xff, 0x5b, 0x3a, 0xc8, 0xff, 0x5b, 0x3a, 0xc8, 0xff, 0x5b, 0x3a, 0xc8, 0xff,
    0xdb, 0xd3, 0xf2, 0xff, 0xff, 0xff, 0xff, 0xff, 0xff, 0xff, 0xff, 0xff, 0xff, 0xff, 0xff, 0xff,
    0xff, 0xff, 0xff, 0xff, 0xff, 0xff, 0xff, 0xff, 0xf2, 0xef, 0xfa, 0xff, 0x5b, 0x3a, 0xc8, 0xff,
    0x5b, 0x3a, 0xc8, 0xff, 0x5b, 0x3a, 0xc8, 0xff, 0x6d, 0x4f, 0xce, 0xff, 0xbf, 0xb2, 0xe9, 0xff,
    0xdd, 0xd7, 0xf3, 0xff, 0xbf, 0xb2, 0xe9, 0xff, 0x6d, 0x4f, 0xce, 0xff, 0x5b, 0x3a, 0xc8, 0xff,
    0x5b, 0x3a, 0xc8, 0xff, 0x5b, 0x3a, 0xc8, 0xff, 0x5b, 0x3a, 0xc8, 0xff, 0x5b, 0x3a, 0xc8, 0xff,
    0x5b, 0x3a, 0xc8, 0xff, 0x5b, 0x3a, 0xc8, 0xff, 0x5b, 0x3a, 0xc8, 0xff, 0x98, 0x84, 0xdc, 0xff,
    0xfc, 0xfc, 0xfe, 0xff, 0xff, 0xff, 0xff, 0xff, 0xff, 0xff, 0xff, 0xff, 0xff, 0xff, 0xff, 0xff,
    0xff, 0xff, 0xff, 0xff, 0xff, 0xff, 0xff, 0xff, 0xce, 0xc4, 0xee, 0xff, 0x5b, 0x3a, 0xc8, 0xff,
    0x5b, 0x3a, 0xc8, 0xff, 0x5b, 0x3a, 0xc8, 0xff, 0x5b, 0x3a, 0xc8, 0xff, 0x5b, 0x3a, 0xc8, 0xff,
    0x5b, 0x3a, 0xc8, 0xff, 0x5b, 0x3a, 0xc8, 0xff, 0x5b, 0x3a, 0xc8, 0xff, 0x5b, 0x3a, 0xc8, 0xff,
    0x5b, 0x3a, 0xc8, 0xff, 0x5b, 0x3a, 0xc8, 0xff, 0x5b, 0x3a, 0xc8, 0xff, 0x5b, 0x3a, 0xc8, 0xff,
    0x5b, 0x3a, 0xc8, 0xff, 0x5b, 0x3a, 0xc8, 0xff, 0x5b, 0x3a, 0xc8, 0xff, 0x5b, 0x3a, 0xc8, 0xff,
    0x5b, 0x3a, 0xc8, 0xff, 0x5b, 0x3a, 0xc8, 0xff, 0x5b, 0x3a, 0xc8, 0xff, 0x5b, 0x3a, 0xc8, 0xff,
    0x5b, 0x3a, 0xc8, 0xff, 0x5b, 0x3a, 0xc8, 0xff, 0x5b, 0x3a, 0xc8, 0xff, 0x5b, 0x3a, 0xc8, 0xff,
    0x5b, 0x3a, 0xc8, 0xff, 0x5b, 0x3a, 0xc8, 0xff, 0x5b, 0x3a, 0xc8, 0xff, 0x5b, 0x3a, 0xc8, 0xff,
    0x5b, 0x3a, 0xc8, 0xff, 0x5b, 0x3a, 0xc8, 0xff, 0x5b, 0x3a, 0xc8, 0xff, 0x5b, 0x3a, 0xc8, 0xff,
    0x5b, 0x3a, 0xc8, 0xff, 0x5b, 0x3a, 0xc8, 0xff, 0x5b, 0x3a, 0xc8, 0xff, 0x5b, 0x3a, 0xc8, 0xff,
    0x5b, 0x3a, 0xc8, 0xff, 0x5b, 0x3a, 0xc8, 0xff, 0x5b, 0x3a, 0xc8, 0xff, 0x5b, 0x3a, 0xc8, 0xff,
    0x5b, 0x3a, 0xc8, 0xff, 0x5b, 0x3a, 0xc8, 0xff, 0x5b, 0x3a, 0xc8, 0xff, 0x5b, 0x3a, 0xc8, 0xff,
    0x5b, 0x3a, 0xc8, 0xff, 0x5b, 0x3a, 0xc8, 0xff, 0x5b, 0x3a, 0xc8, 0xff, 0x5b, 0x3a, 0xc8, 0xff,
    0x5b, 0x3a, 0xc8, 0xff, 0x5b, 0x3a, 0xc8, 0xff, 0x5b, 0x3a, 0xc8, 0xff, 0x5b, 0x3a, 0xc8, 0xff,
    0x5b, 0x3a, 0xc8, 0xff, 0x5b, 0x3a, 0xc8, 0xff, 0x5b, 0x3a, 0xc8, 0xff, 0x5b, 0x3a, 0xc8, 0xff,
    0x5b, 0x3a, 0xc8, 0xff, 0x5b, 0x3a, 0xc8, 0xff, 0x65, 0x46, 0xcb, 0xff, 0xef, 0xec, 0xf9, 0xff,
    0xff, 0xff, 0xff, 0xff, 0xff, 0xff, 0xff, 0xff, 0xff, 0xff, 0xff, 0xff, 0xd6, 0xcd, 0xf1, 0xff,
    0x5d, 0x3d, 0xc9, 0xff, 0x5b, 0x3a, 0xc8, 0xff, 0x5b, 0x3a, 0xc8, 0xff, 0x5b, 0x3a, 0xc8, 0xff,
    0x5b, 0x3a, 0xc8, 0xff, 0x5b, 0x3a, 0xc8, 0xff, 0x5b, 0x3a, 0xc8, 0xff, 0x5b, 0x3a, 0xc8, 0xff,
    0x5b, 0x3a, 0xc8, 0xff, 0xdd, 0xd6, 0xf3, 0xff, 0xff, 0xff, 0xff, 0xff, 0xff, 0xff, 0xff, 0xff,
    0xff, 0xff, 0xff, 0xff, 0xff, 0xff, 0xff, 0xff, 0xff, 0xff, 0xff, 0xff, 0xb7, 0xa9, 0xe7, 0xff,
    0x5b, 0x3a, 0xc8, 0xff, 0x5b, 0x3a, 0xc8, 0xff, 0xcb, 0xc1, 0xee, 0xff, 0xff, 0xff, 0xff, 0xff,
    0xff, 0xff, 0xff, 0xff, 0xff, 0xff, 0xff, 0xff, 0xff, 0xff, 0xff, 0xff, 0xff, 0xff, 0xff, 0xff,
    0xff, 0xff, 0xff, 0xff, 0x7c, 0x62, 0xd3, 0xff, 0x5b, 0x3a, 0xc8, 0xff, 0x5b, 0x3a, 0xc8, 0xff,
    0x5b, 0x3a, 0xc8, 0xff, 0x5b, 0x3a, 0xc8, 0xff, 0x5b, 0x3a, 0xc8, 0xff, 0x5b, 0x3a, 0xc8, 0xff,
    0x5b, 0x3a, 0xc8, 0xff, 0x79, 0x5f, 0xd2, 0xff, 0xff, 0xff, 0xff, 0xff, 0xff, 0xff, 0xff, 0xff,
    0xff, 0xff, 0xff, 0xff, 0xff, 0xff, 0xff, 0xff, 0xff, 0xff, 0xff, 0xff, 0xff, 0xff, 0xff, 0xff,
    0xc6, 0xbb, 0xec, 0xff, 0x5b, 0x3a, 0xc8, 0xff, 0x5b, 0x3a, 0xc8, 0xff, 0x5d, 0x3d, 0xc8, 0xff,
    0xe3, 0xdd, 0xf5, 0xff, 0xff, 0xff, 0xff, 0xff, 0xff, 0xff, 0xff, 0xff, 0xff, 0xff, 0xff, 0xff,
    0xe8, 0xe3, 0xf7, 0xff, 0x62, 0x43, 0xca, 0xff, 0x5b, 0x3a, 0xc8, 0xff, 0x5b, 0x3a, 0xc8, 0xff,
    0x5b, 0x3a, 0xc8, 0xff, 0x5b, 0x3a, 0xc8, 0xff, 0x5b, 0x3a, 0xc8, 0xff, 0x5b, 0x3a, 0xc8, 0xff,
    0x5b, 0x3a, 0xc8, 0xff, 0x5b, 0x3a, 0xc8, 0xff, 0xc6, 0xbb, 0xec, 0xff, 0xff, 0xff, 0xff, 0xff,
    0xff, 0xff, 0xff, 0xff, 0xff, 0xff, 0xff, 0xff, 0xff, 0xff, 0xff, 0xff, 0xff, 0xff, 0xff, 0xff,
    0xd3, 0xca, 0xf0, 0xff, 0x5b, 0x3a, 0xc8, 0xff, 0x5b, 0x3a, 0xc8, 0xff, 0x5b, 0x3a, 0xc8, 0xff,
    0x5b, 0x3a, 0xc8, 0xff, 0x5b, 0x3a, 0xc8, 0xff, 0x5b, 0x3a, 0xc8, 0xff, 0x5b, 0x3a, 0xc8, 0xff,
    0x5b, 0x3a, 0xc8, 0xff, 0x5b, 0x3a, 0xc8, 0xff, 0x5b, 0x3a, 0xc8, 0xff, 0x5b, 0x3a, 0xc8, 0xff,
    0x5b, 0x3a, 0xc8, 0xff, 0x5b, 0x3a, 0xc8, 0xff, 0x5b, 0x3a, 0xc8, 0xff, 0x5b, 0x3a, 0xc8, 0xff,
    0x5b, 0x3a, 0xc8, 0xff, 0x5b, 0x3a, 0xc8, 0xff, 0x5b, 0x3a, 0xc8, 0xff, 0x5b, 0x3a, 0xc8, 0xff,
    0x5b, 0x3a, 0xc8, 0xff, 0x5b, 0x3a, 0xc8, 0xff, 0x5b, 0x3a, 0xc8, 0xff, 0x5b, 0x3a, 0xc8, 0xff,
    0x5b, 0x3a, 0xc8, 0xff, 0x5b, 0x3a, 0xc8, 0xff, 0x5b, 0x3a, 0xc8, 0xff, 0x5b, 0x3a, 0xc8, 0xff,
    0x5b, 0x3a, 0xc8, 0xff, 0x5b, 0x3a, 0xc8, 0xff, 0x5b, 0x3a, 0xc8, 0xff, 0x5b, 0x3a, 0xc8, 0xff,
    0x5b, 0x3a, 0xc8, 0xff, 0x5b, 0x3a, 0xc8, 0xff, 0x5b, 0x3a, 0xc8, 0xff, 0x5b, 0x3a, 0xc8, 0xff,
    0x5b, 0x3a, 0xc8, 0xff, 0x5b, 0x3a, 0xc8, 0xff, 0x5b, 0x3a, 0xc8, 0xff, 0x5b, 0x3a, 0xc8, 0xff,
    0x5b, 0x3a, 0xc8, 0xff, 0x5b, 0x3a, 0xc8, 0xff, 0x5b, 0x3a, 0xc8, 0xff, 0x5b, 0x3a, 0xc8, 0xff,
    0x5b, 0x3a, 0xc8, 0xff, 0x5b, 0x3a, 0xc8, 0xff, 0x5b, 0x3a, 0xc8, 0xff, 0x5b, 0x3a, 0xc8, 0xff,
    0x5b, 0x3a, 0xc8, 0xff, 0x5b, 0x3a, 0xc8, 0xff, 0x5b, 0x3a, 0xc8, 0xff, 0x5b, 0x3a, 0xc8, 0xff,
    0x5b, 0x3a, 0xc8, 0xff, 0x5b, 0x3a, 0xc8, 0xff, 0x5b, 0x3a, 0xc8, 0xff, 0x5b, 0x3a, 0xc8, 0xff,
    0x5b, 0x3a, 0xc8, 0xff, 0x5b, 0x3a, 0xc8, 0xff, 0x5b, 0x3a, 0xc8, 0xff, 0x5b, 0x3a, 0xc8, 0xff,
    0x93, 0x7d, 0xda, 0xff, 0xff, 0xff, 0xff, 0xff, 0xff, 0xff, 0xff, 0xff, 0xff, 0xff, 0xff, 0xff,
    0xff, 0xff, 0xff, 0xff, 0xff, 0xff, 0xff, 0xff, 0xaf, 0x9f, 0xe4, 0xff, 0x5b, 0x3a, 0xc8, 0xff,
    0x5b, 0x3a, 0xc8, 0xff, 0x5b, 0x3a, 0xc8, 0xff, 0x5b, 0x3a, 0xc8, 0xff, 0x5b, 0x3a, 0xc8, 0xff,
    0x5b, 0x3a, 0xc8, 0xff, 0x5b, 0x3a, 0xc8, 0xff, 0x5b, 0x3a, 0xc8, 0xff, 0xdb, 0xd3, 0xf3, 0xff,
    0xff, 0xff, 0xff, 0xff, 0xff, 0xff, 0xff, 0xff, 0xff, 0xff, 0xff, 0xff, 0xff, 0xff, 0xff, 0xff,
    0xff, 0xff, 0xff, 0xff, 0xad, 0x9c, 0xe3, 0xff, 0x5b, 0x3a, 0xc8, 0xff, 0x5b, 0x3a, 0xc8, 0xff,
    0x93, 0x7d, 0xdb, 0xff, 0xff, 0xff, 0xff, 0xff, 0xff, 0xff, 0xff, 0xff, 0xff, 0xff, 0xff, 0xff,
    0xff, 0xff, 0xff, 0xff, 0xff, 0xff, 0xff, 0xff, 0xff, 0xff, 0xff, 0xff, 0xe0, 0xda, 0xf4, 0xff,
    0x62, 0x43, 0xca, 0xff, 0x5b, 0x3a, 0xc8, 0xff, 0x5b, 0x3a, 0xc8, 0xff, 0x5b, 0x3a, 0xc8, 0xff,
    0x5b, 0x3a, 0xc8, 0xff, 0x5b, 0x3a, 0xc8, 0xff, 0x62, 0x43, 0xca, 0xff, 0xe5, 0xe0, 0xf6, 0xff,
    0xff, 0xff, 0xff, 0xff, 0xff, 0xff, 0xff, 0xff, 0xff, 0xff, 0xff, 0xff, 0xff, 0xff, 0xff, 0xff,
    0xff, 0xff, 0xff, 0xff, 0xff, 0xff, 0xff, 0xff, 0x8e, 0x77, 0xd9, 0xff, 0x5b, 0x3a, 0xc8, 0xff,
    0x5b, 0x3a, 0xc8, 0xff, 0x7c, 0x61, 0xd3, 0xff, 0xff, 0xff, 0xff, 0xff, 0xff, 0xff, 0xff, 0xff,
    0xff, 0xff, 0xff, 0xff, 0xff, 0xff, 0xff, 0xff, 0xff, 0xff, 0xff, 0xff, 0xc7, 0xbb, 0xec, 0xff,
    0x5b, 0x3a, 0xc8, 0xff, 0x5b, 0x3a, 0xc8, 0xff, 0x5b, 0x3a, 0xc8, 0xff, 0x5b, 0x3a, 0xc8, 0xff,
    0x5b, 0x3a, 0xc8, 0xff, 0x5b, 0x3a, 0xc8, 0xff, 0x5b, 0x3a, 0xc8, 0xff, 0x5b, 0x3a, 0xc8, 0xff,
    0xc4, 0xb8, 0xeb, 0xff, 0xff, 0xff, 0xff, 0xff, 0xff, 0xff, 0xff, 0xff, 0xff, 0xff, 0xff, 0xff,
    0xff, 0xff, 0xff, 0xff, 0xff, 0xff, 0xff, 0xff, 0xc1, 0xb5, 0xea, 0xff, 0x5b, 0x3a, 0xc8, 0xff,
    0x5b, 0x3a, 0xc8, 0xff, 0x5b, 0x3a, 0xc8, 0xff, 0x5b, 0x3a, 0xc8, 0xff, 0x5b, 0x3a, 0xc8, 0xff,
    0x5b, 0x3a, 0xc8, 0xff, 0x5b, 0x3a, 0xc8, 0xff, 0x5b, 0x3a, 0xc8, 0xff, 0x5b, 0x3a, 0xc8, 0xff,
    0x5b, 0x3a, 0xc8, 0xff, 0x5b, 0x3a, 0xc8, 0xff, 0x5b, 0x3a, 0xc8, 0xff, 0x5b, 0x3a, 0xc8, 0xff,
    0x5b, 0x3a, 0xc8, 0xff, 0x5b, 0x3a, 0xc8, 0xff, 0x5b, 0x3a, 0xc8, 0xff, 0x5b, 0x3a, 0xc8, 0xff,
    0x5b, 0x3a, 0xc8, 0xff, 0x5b, 0x3a, 0xc8, 0xff, 0x5b, 0x3a, 0xc8, 0xff, 0x5b, 0x3a, 0xc8, 0xff,
    0x5b, 0x3a, 0xc8, 0xff, 0x5b, 0x3a, 0xc8, 0xff, 0x5b, 0x3a, 0xc8, 0xff, 0x5b, 0x3a, 0xc8, 0xff,
    0x5b, 0x3a, 0xc8, 0xff, 0x5b, 0x3a, 0xc8, 0xff, 0x5b, 0x3a, 0xc8, 0xff, 0x5b, 0x3a, 0xc8, 0xff,
    0x5b, 0x3a, 0xc8, 0xff, 0x5b, 0x3a, 0xc8, 0xff, 0x5b, 0x3a, 0xc8, 0xff, 0x5b, 0x3a, 0xc8, 0xff,
    0x5b, 0x3a, 0xc8, 0xff, 0x5b, 0x3a, 0xc8, 0xff, 0x5b, 0x3a, 0xc8, 0xff, 0x5b, 0x3a, 0xc8, 0xff,
    0x5b, 0x3a, 0xc8, 0xff, 0x5b, 0x3a, 0xc8, 0xff, 0x5b, 0x3a, 0xc8, 0xff, 0x5b, 0x3a, 0xc8, 0xff,
    0x5b, 0x3a, 0xc8, 0xff, 0x5b, 0x3a, 0xc8, 0xff, 0x5b, 0x3a, 0xc8, 0xff, 0x5b, 0x3a, 0xc8, 0xff,
    0x5b, 0x3a, 0xc8, 0xff, 0x5b, 0x3a, 0xc8, 0xff, 0x5b, 0x3a, 0xc8, 0xff, 0x5b, 0x3a, 0xc8, 0xff,
    0x5b, 0x3a, 0xc8, 0xff, 0x5b, 0x3a, 0xc8, 0xff, 0x5b, 0x3a, 0xc8, 0xff, 0x5b, 0x3a, 0xc8, 0xff,
    0x5b, 0x3a, 0xc8, 0xff, 0x5b, 0x3a, 0xc8, 0xff, 0x5b, 0x3a, 0xc8, 0xff, 0x5b, 0x3a, 0xc8, 0xff,
    0x5b, 0x3a, 0xc8, 0xff, 0x5b, 0x3a, 0xc8, 0xff, 0x90, 0x7a, 0xda, 0xff, 0xff, 0xff, 0xff, 0xff,
    0xff, 0xff, 0xff, 0xff, 0xff, 0xff, 0xff, 0xff, 0xff, 0xff, 0xff, 0xff, 0xff, 0xff, 0xff, 0xff,
    0xff, 0xff, 0xff, 0xff, 0xad, 0x9c, 0xe3, 0xff, 0x5b, 0x3a, 0xc8, 0xff, 0x5b, 0x3a, 0xc8, 0xff,
    0x5b, 0x3a, 0xc8, 0xff, 0x5b, 0x3a, 0xc8, 0xff, 0x5b, 0x3a, 0xc8, 0xff, 0x5b, 0x3a, 0xc8, 0xff,
    0x93, 0x7d, 0xda, 0xff, 0xff, 0xff, 0xff, 0xff, 0xff, 0xff, 0xff, 0xff, 0xff, 0xff, 0xff, 0xff,
    0xff, 0xff, 0xff, 0xff, 0xff, 0xff, 0xff, 0xff, 0xff, 0xff, 0xff, 0xff, 0x86, 0x6e, 0xd6, 0xff,
    0x5b, 0x3a, 0xc8, 0xff, 0x5b, 0x3a, 0xc8, 0xff, 0x5d, 0x3d, 0xc8, 0xff, 0xe8, 0xe3, 0xf7, 0xff,
    0xff, 0xff, 0xff, 0xff, 0xff, 0xff, 0xff, 0xff, 0xff, 0xff, 0xff, 0xff, 0xff, 0xff, 0xff, 0xff,
    0xff, 0xff, 0xff, 0xff, 0xff, 0xff, 0xff, 0xff, 0xe5, 0xe0, 0xf6, 0xff, 0x8e, 0x77, 0xd9, 0xff,
    0x5d, 0x3d, 0xc9, 0xff, 0x5b, 0x3a, 0xc8, 0xff, 0x5d, 0x3d, 0xc9, 0xff, 0x89, 0x71, 0xd7, 0xff,
    0xe5, 0xe0, 0xf6, 0xff, 0xff, 0xff, 0xff, 0xff, 0xff, 0xff, 0xff, 0xff, 0xff, 0xff, 0xff, 0xff,
    0xff, 0xff, 0xff, 0xff, 0xff, 0xff, 0xff, 0xff, 0xff, 0xff, 0xff, 0xff, 0xef, 0xec, 0xf9, 0xff,
    0x60, 0x40, 0xc9, 0xff, 0x5b, 0x3a, 0xc8, 0xff, 0x5b, 0x3a, 0xc8, 0xff, 0x79, 0x5e, 0xd2, 0xff,
    0xff, 0xff, 0xff, 0xff, 0xff, 0xff, 0xff, 0xff, 0xff, 0xff, 0xff, 0xff, 0xff, 0xff, 0xff, 0xff,
    0xff, 0xff, 0xff, 0xff, 0xff, 0xff, 0xff, 0xff, 0xb9, 0xac, 0xe7, 0xff, 0x60, 0x40, 0xc9, 0xff,
    0x5b, 0x3a, 0xc8, 0xff, 0x5b, 0x3a, 0xc8, 0xff, 0x5b, 0x3a, 0xc8, 0xff, 0x5b, 0x3a, 0xc8, 0xff,
    0x5b, 0x3a, 0xc8, 0xff, 0x87, 0x6e, 0xd6, 0xff, 0xfa, 0xf8, 0xfd, 0xff, 0xff, 0xff, 0xff, 0xff,
    0xff, 0xff, 0xff, 0xff, 0xff, 0xff, 0xff, 0xff, 0xff, 0xff, 0xff, 0xff, 0xff, 0xff, 0xff, 0xff,
    0x9b, 0x87, 0xdd, 0xff, 0x5b, 0x3a, 0xc8, 0xff, 0x5b, 0x3a, 0xc8, 0xff, 0x5b, 0x3a, 0xc8, 0xff,
    0x5b, 0x3a, 0xc8, 0xff, 0x5b, 0x3a, 0xc8, 0xff, 0x5b, 0x3a, 0xc8, 0xff, 0x5b, 0x3a, 0xc8, 0xff,
    0x5b, 0x3a, 0xc8, 0xff, 0x5b, 0x3a, 0xc8, 0xff, 0x5b, 0x3a, 0xc8, 0xff, 0x5b, 0x3a, 0xc8, 0xff,
    0x5b, 0x3a, 0xc8, 0xff, 0x5b, 0x3a, 0xc8, 0xff, 0x5b, 0x3a, 0xc8, 0xff, 0x5b, 0x3a, 0xc8, 0xff,
    0x5b, 0x3a, 0xc8, 0xff, 0x5b, 0x3a, 0xc8, 0xff, 0x5b, 0x3a, 0xc8, 0xff, 0x5b, 0x3a, 0xc8, 0xff,
    0x5b, 0x3a, 0xc8, 0xff, 0x5b, 0x3a, 0xc8, 0xff, 0x5b, 0x3a, 0xc8, 0xff, 0x5b, 0x3a, 0xc8, 0xff,
    0x5b, 0x3a, 0xc8, 0xff, 0x5b, 0x3a, 0xc8, 0xff, 0x5b, 0x3a, 0xc8, 0xff, 0x5b, 0x3a, 0xc8, 0xff,
    0x5b, 0x3a, 0xc8, 0xff, 0x5b, 0x3a, 0xc8, 0xff, 0x5b, 0x3a, 0xc8, 0xff, 0x5b, 0x3a, 0xc8, 0xff,
    0x5b, 0x3a, 0xc8, 0xff, 0x5b, 0x3a, 0xc8, 0xff, 0x5b, 0x3a, 0xc8, 0xff, 0x5b, 0x3a, 0xc8, 0xff,
    0x5b, 0x3a, 0xc8, 0xff, 0x5b, 0x3a, 0xc8, 0xff, 0x5b, 0x3a, 0xc8, 0xff, 0x5b, 0x3a, 0xc8, 0xff,
    0x5b, 0x3a, 0xc8, 0xff, 0x5b, 0x3a, 0xc8, 0xff, 0x5b, 0x3a, 0xc8, 0xff, 0x5b, 0x3a, 0xc8, 0xff,
    0x5b, 0x3a, 0xc8, 0xff, 0x5b, 0x3a, 0xc8, 0xff, 0x5b, 0x3a, 0xc8, 0xff, 0x5b, 0x3a, 0xc8, 0xff,
    0x5b, 0x3a, 0xc8, 0xff, 0x5b, 0x3a, 0xc8, 0xff, 0x5b, 0x3a, 0xc8, 0xff, 0x5b, 0x3a, 0xc8, 0xff,
    0x5b, 0x3a, 0xc8, 0xff, 0x5b, 0x3a, 0xc8, 0xff, 0x5b, 0x3a, 0xc8, 0xff, 0x5b, 0x3a, 0xc8, 0xff,
    0x5b, 0x3a, 0xc8, 0xff, 0x5b, 0x3a, 0xc8, 0xff, 0x5b, 0x3a, 0xc8, 0xff, 0x5b, 0x3a, 0xc8, 0xff,
    0x65, 0x46, 0xcb, 0xff, 0xf4, 0xf2, 0xfb, 0xff, 0xff, 0xff, 0xff, 0xff, 0xff, 0xff, 0xff, 0xff,
    0xff, 0xff, 0xff, 0xff, 0xff, 0xff, 0xff, 0xff, 0xff, 0xff, 0xff, 0xff, 0xff, 0xff, 0xff, 0xff,
    0xe0, 0xda, 0xf4, 0xff, 0xaa, 0x99, 0xe2, 0xff, 0x93, 0x7d, 0xda, 0xff, 0x90, 0x7a, 0xda, 0xff,
    0xa5, 0x93, 0xe1, 0xff, 0xd6, 0xcd, 0xf1, 0xff, 0xff, 0xff, 0xff, 0xff, 0xff, 0xff, 0xff, 0xff,
    0xff, 0xff, 0xff, 0xff, 0xff, 0xff, 0xff, 0xff, 0xff, 0xff, 0xff, 0xff, 0xff, 0xff, 0xff, 0xff,
    0xea, 0xe6, 0xf8, 0xff, 0x60, 0x40, 0xc9, 0xff, 0x5b, 0x3a, 0xc8, 0xff, 0x5b, 0x3a, 0xc8, 0xff,
    0x5b, 0x3a, 0xc8, 0xff, 0x96, 0x80, 0xdb, 0xff, 0xff, 0xff, 0xff, 0xff, 0xff, 0xff, 0xff, 0xff,
    0xff, 0xff, 0xff, 0xff, 0xff, 0xff, 0xff, 0xff, 0xff, 0xff, 0xff, 0xff, 0xff, 0xff, 0xff, 0xff,
    0xff, 0xff, 0xff, 0xff, 0xff, 0xff, 0xff, 0xff, 0xfa, 0xf8, 0xfd, 0xff, 0xed, 0xe9, 0xf9, 0xff,
    0xfa, 0xf8, 0xfd, 0xff, 0xff, 0xff, 0xff, 0xff, 0xff, 0xff, 0xff, 0xff, 0xff, 0xff, 0xff, 0xff,
    0xff, 0xff, 0xff, 0xff, 0xff, 0xff, 0xff, 0xff, 0xff, 0xff, 0xff, 0xff, 0xff, 0xff, 0xff, 0xff,
    0xff, 0xff, 0xff, 0xff, 0x93, 0x7e, 0xdb, 0xff, 0x5b, 0x3a, 0xc8, 0xff, 0x5b, 0x3a, 0xc8, 0xff,
    0x5b, 0x3a, 0xc8, 0xff, 0x5d, 0x3d, 0xc8, 0xff, 0xe8, 0xe3, 0xf7, 0xff, 0xff, 0xff, 0xff, 0xff,
    0xff, 0xff, 0xff, 0xff, 0xff, 0xff, 0xff, 0xff, 0xff, 0xff, 0xff, 0xff, 0xff, 0xff, 0xff, 0xff,
    0xff, 0xff, 0xff, 0xff, 0xe8, 0xe3, 0xf7, 0xff, 0xb2, 0xa2, 0xe5, 0xff, 0x96, 0x81, 0xdb, 0xff,
    0x8e, 0x77, 0xd9, 0xff, 0xa3, 0x90, 0xe0, 0xff, 0xcb, 0xc1, 0xed, 0xff, 0xfc, 0xfb, 0xfe, 0xff,
    0xff, 0xff, 0xff, 0xff, 0xff, 0xff, 0xff, 0xff, 0xff, 0xff, 0xff, 0xff, 0xff, 0xff, 0xff, 0xff,
    0xff, 0xff, 0xff, 0xff, 0xfa, 0xf9, 0xfd, 0xff, 0x65, 0x46, 0xcb, 0xff, 0x5b, 0x3a, 0xc8, 0xff,
    0x5b, 0x3a, 0xc8, 0xff, 0x5b, 0x3a, 0xc8, 0xff, 0x5b, 0x3a, 0xc8, 0xff, 0x5b, 0x3a, 0xc8, 0xff,
    0x5b, 0x3a, 0xc8, 0xff, 0x5b, 0x3a, 0xc8, 0xff, 0x5b, 0x3a, 0xc8, 0xff, 0x5b, 0x3a, 0xc8, 0xff,
    0x5b, 0x3a, 0xc8, 0xff, 0x5b, 0x3a, 0xc8, 0xff, 0x5b, 0x3a, 0xc8, 0xff, 0x5b, 0x3a, 0xc8, 0xff,
    0x5b, 0x3a, 0xc8, 0xff, 0x5b, 0x3a, 0xc8, 0xff, 0x5b, 0x3a, 0xc8, 0xff, 0x5b, 0x3a, 0xc8, 0xff,
    0x5b, 0x3a, 0xc8, 0xff, 0x5b, 0x3a, 0xc8, 0xff, 0x5b, 0x3a, 0xc8, 0xff, 0x5b, 0x3a, 0xc8, 0xff,
    0x5b, 0x3a, 0xc8, 0xff, 0x5b, 0x3a, 0xc8, 0xff, 0x5b, 0x3a, 0xc8, 0xff, 0x5b, 0x3a, 0xc8, 0xff,
    0x5b, 0x3a, 0xc8, 0xff, 0x5b, 0x3a, 0xc8, 0xff, 0x5b, 0x3a, 0xc8, 0xff, 0x5b, 0x3a, 0xc8, 0xff,
    0x5b, 0x3a, 0xc8, 0xff, 0x5b, 0x3a, 0xc8, 0xff, 0x5b, 0x3a, 0xc8, 0xff, 0x5b, 0x3a, 0xc8, 0xff,
    0x5b, 0x3a, 0xc8, 0xff, 0x5b, 0x3a, 0xc8, 0xff, 0x5b, 0x3a, 0xc8, 0xff, 0x5b, 0x3a, 0xc8, 0xff,
    0x5b, 0x3a, 0xc8, 0xff, 0x5b, 0x3a, 0xc8, 0xff, 0x5b, 0x3a, 0xc8, 0xff, 0x5b, 0x3a, 0xc8, 0xff,
    0x5b, 0x3a, 0xc8, 0xff, 0x5b, 0x3a, 0xc8, 0xff, 0x5b, 0x3a, 0xc8, 0xff, 0x5b, 0x3a, 0xc8, 0xff,
    0x5b, 0x3a, 0xc8, 0xff, 0x5b, 0x3a, 0xc8, 0xff, 0x5b, 0x3a, 0xc8, 0xff, 0x5b, 0x3a, 0xc8, 0xff,
    0x5b, 0x3a, 0xc8, 0xff, 0x5b, 0x3a, 0xc8, 0xff, 0x5b, 0x3a, 0xc8, 0xff, 0x5b, 0x3a, 0xc8, 0xff,
    0x5b, 0x3a, 0xc8, 0xff, 0x5b, 0x3a, 0xc8, 0xff, 0x5b, 0x3a, 0xc8, 0xff, 0x5b, 0x3a, 0xc8, 0xff,
    0x5b, 0x3a, 0xc8, 0xff, 0x5b, 0x3a, 0xc8, 0xff, 0x5b, 0x3a, 0xc8, 0xff, 0xa8, 0x96, 0xe1, 0xff,
    0xff, 0xff, 0xff, 0xff, 0xff, 0xff, 0xff, 0xff, 0xff, 0xff, 0xff, 0xff, 0xff, 0xff, 0xff, 0xff,
    0xff, 0xff, 0xff, 0xff, 0xff, 0xff, 0xff, 0xff, 0xff, 0xff, 0xff, 0xff, 0xff, 0xff, 0xff, 0xff,
    0xff, 0xff, 0xff, 0xff, 0xff, 0xff, 0xff, 0xff, 0xff, 0xff, 0xff, 0xff, 0xff, 0xff, 0xff, 0xff,
    0xff, 0xff, 0xff, 0xff, 0xff, 0xff, 0xff, 0xff, 0xff, 0xff, 0xff, 0xff, 0xff, 0xff, 0xff, 0xff,
    0xff, 0xff, 0xff, 0xff, 0xff, 0xff, 0xff, 0xff, 0x91, 0x7b, 0xda, 0xff, 0x5b, 0x3a, 0xc8, 0xff,
    0x5b, 0x3a, 0xc8, 0xff, 0x5b, 0x3a, 0xc8, 0xff, 0x5b, 0x3a, 0xc8, 0xff, 0x5b, 0x3a, 0xc8, 0xff,
    0xc6, 0xbb, 0xeb, 0xff, 0xff, 0xff, 0xff, 0xff, 0xff, 0xff, 0xff, 0xff, 0xff, 0xff, 0xff, 0xff,
    0xff, 0xff, 0xff, 0xff, 0xff, 0xff, 0xff, 0xff, 0xff, 0xff, 0xff, 0xff, 0xff, 0xff, 0xff, 0xff,
    0xff, 0xff, 0xff, 0xff, 0xff, 0xff, 0xff, 0xff, 0xff, 0xff, 0xff, 0xff, 0xff, 0xff, 0xff, 0xff,
    0xff, 0xff, 0xff, 0xff, 0xff, 0xff, 0xff, 0xff, 0xff, 0xff, 0xff, 0xff, 0xff, 0xff, 0xff, 0xff,
    0xff, 0xff, 0xff, 0xff, 0xff, 0xff, 0xff, 0xff, 0xc4, 0xb8, 0xeb, 0xff, 0x5b, 0x3a, 0xc8, 0xff,
    0x5b, 0x3a, 0xc8, 0xff, 0x5b, 0x3a, 0xc8, 0xff, 0x5b, 0x3a, 0xc8, 0xff, 0x5b, 0x3a, 0xc8, 0xff,
    0x96, 0x80, 0xdb, 0xff, 0xff, 0xff, 0xff, 0xff, 0xff, 0xff, 0xff, 0xff, 0xff, 0xff, 0xff, 0xff,
    0xff, 0xff, 0xff, 0xff, 0xff, 0xff, 0xff, 0xff, 0xff, 0xff, 0xff, 0xff, 0xff, 0xff, 0xff, 0xff,
    0xff, 0xff, 0xff, 0xff, 0xff, 0xff, 0xff, 0xff, 0xff, 0xff, 0xff, 0xff, 0xff, 0xff, 0xff, 0xff,
    0xff, 0xff, 0xff, 0xff, 0xff, 0xff, 0xff, 0xff, 0xff, 0xff, 0xff, 0xff, 0xff, 0xff, 0xff, 0xff,
    0xff, 0xff, 0xff, 0xff, 0xff, 0xff, 0xff, 0xff, 0xff, 0xff, 0xff, 0xff, 0xa0, 0x8d, 0xdf, 0xff,
    0x5b, 0x3a, 0xc8, 0xff, 0x5b, 0x3a, 0xc8, 0xff, 0x5b, 0x3a, 0xc8, 0xff, 0x5b, 0x3a, 0xc8, 0xff,
    0x5b, 0x3a, 0xc8, 0xff, 0x5b, 0x3a, 0xc8, 0xff, 0x5b, 0x3a, 0xc8, 0xff, 0x5b, 0x3a, 0xc8, 0xff,
    0x5b, 0x3a, 0xc8, 0xff, 0x5b, 0x3a, 0xc8, 0xff, 0x5b, 0x3a, 0xc8, 0xff, 0x5b, 0x3a, 0xc8, 0xff,
    0x5b, 0x3a, 0xc8, 0xff, 0x5b, 0x3a, 0xc8, 0xff, 0x5b, 0x3a, 0xc8, 0xff, 0x5b, 0x3a, 0xc8, 0xff,
    0x5b, 0x3a, 0xc8, 0xff, 0x5b, 0x3a, 0xc8, 0xff, 0x5b, 0x3a, 0xc8, 0xff, 0x5b, 0x3a, 0xc8, 0xff,
    0x5b, 0x3a, 0xc8, 0xff, 0x5b, 0x3a, 0xc8, 0xff, 0x5b, 0x3a, 0xc8, 0xff, 0x5b, 0x3a, 0xc8, 0xff,
    0x5b, 0x3a, 0xc8, 0xff, 0x5b, 0x3a, 0xc8, 0xff, 0x5b, 0x3a, 0xc8, 0xff, 0x5b, 0x3a, 0xc8, 0xff,
    0x5b, 0x3a, 0xc8, 0xff, 0x5b, 0x3a, 0xc8, 0xff, 0x5b, 0x3a, 0xc8, 0xff, 0x5b, 0x3a, 0xc8, 0xff,
    0x5b, 0x3a, 0xc8, 0xff, 0x5b, 0x3a, 0xc8, 0xff, 0x5b, 0x3a, 0xc8, 0xff, 0x5b, 0x3a, 0xc8, 0xff,
    0x5b, 0x3a, 0xc8, 0xff, 0x5b, 0x3a, 0xc8, 0xff, 0x5b, 0x3a, 0xc8, 0xff, 0x5b, 0x3a, 0xc8, 0xff,
    0x5b, 0x3a, 0xc8, 0xff, 0x5b, 0x3a, 0xc8, 0xff, 0x5b, 0x3a, 0xc8, 0xff, 0x5b, 0x3a, 0xc8, 0xff,
    0x5b, 0x3a, 0xc8, 0xff, 0x5b, 0x3a, 0xc8, 0xff, 0x5b, 0x3a, 0xc8, 0xff, 0x5b, 0x3a, 0xc8, 0xff,
    0x5b, 0x3a, 0xc8, 0xff, 0x5b, 0x3a, 0xc8, 0xff, 0x5b, 0x3a, 0xc8, 0xff, 0x5b, 0x3a, 0xc8, 0xff,
    0x5b, 0x3a, 0xc8, 0xff, 0x5b, 0x3a, 0xc8, 0xff, 0x5b, 0x3a, 0xc8, 0xff, 0x5b, 0x3a, 0xc8, 0xff,
    0x5b, 0x3a, 0xc8, 0xff, 0x5b, 0x3a, 0xc8, 0xff, 0x5b, 0x3a, 0xc8, 0xff, 0x5b, 0x3a, 0xc8, 0xff,
    0x5b, 0x3a, 0xc8, 0xff, 0x5d, 0x3d, 0xc8, 0xff, 0xd1, 0xc8, 0xef, 0xff, 0xff, 0xff, 0xff, 0xff,
    0xff, 0xff, 0xff, 0xff, 0xff, 0xff, 0xff, 0xff, 0xff, 0xff, 0xff, 0xff, 0xff, 0xff, 0xff, 0xff,
    0xff, 0xff, 0xff, 0xff, 0xff, 0xff, 0xff, 0xff, 0xff, 0xff, 0xff, 0xff, 0xff, 0xff, 0xff, 0xff,
    0xff, 0xff, 0xff, 0xff, 0xff, 0xff, 0xff, 0xff, 0xff, 0xff, 0xff, 0xff, 0xff, 0xff, 0xff, 0xff,
    0xff, 0xff, 0xff, 0xff, 0xff, 0xff, 0xff, 0xff, 0xff, 0xff, 0xff, 0xff, 0xad, 0x9c, 0xe3, 0xff,
    0x5b, 0x3a, 0xc8, 0xff, 0x5b, 0x3a, 0xc8, 0xff, 0x5b, 0x3a, 0xc8, 0xff, 0x5b, 0x3a, 0xc8, 0xff,
    0x5b, 0x3a, 0xc8, 0xff, 0x5b, 0x3a, 0xc8, 0xff, 0x60, 0x40, 0xc9, 0xff, 0xd1, 0xc8, 0xef, 0xff,
    0xff, 0xff, 0xff, 0xff, 0xff, 0xff, 0xff, 0xff, 0xff, 0xff, 0xff, 0xff, 0xff, 0xff, 0xff, 0xff,
    0xff, 0xff, 0xff, 0xff, 0xff, 0xff, 0xff, 0xff, 0xff, 0xff, 0xff, 0xff, 0xff, 0xff, 0xff, 0xff,
    0xff, 0xff, 0xff, 0xff, 0xff, 0xff, 0xff, 0xff, 0xff, 0xff, 0xff, 0xff, 0xff, 0xff, 0xff, 0xff,
    0xff, 0xff, 0xff, 0xff, 0xff, 0xff, 0xff, 0xff, 0xff, 0xff, 0xff, 0xff, 0xd1, 0xc8, 0xef, 0xff,
    0x60, 0x40, 0xc9, 0xff, 0x5b, 0x3a, 0xc8, 0xff, 0x5b, 0x3a, 0xc8, 0xff, 0x5b, 0x3a, 0xc8, 0xff,
    0x5b, 0x3a, 0xc8, 0xff, 0x5b, 0x3a, 0xc8, 0xff, 0x5b, 0x3a, 0xc8, 0xff, 0xb4, 0xa5, 0xe6, 0xff,
    0xff, 0xff, 0xff, 0xff, 0xff, 0xff, 0xff, 0xff, 0xff, 0xff, 0xff, 0xff, 0xff, 0xff, 0xff, 0xff,
    0xff, 0xff, 0xff, 0xff, 0xff, 0xff, 0xff, 0xff, 0xff, 0xff, 0xff, 0xff, 0xff, 0xff, 0xff, 0xff,
    0xff, 0xff, 0xff, 0xff, 0xff, 0xff, 0xff, 0xff, 0xff, 0xff, 0xff, 0xff, 0xff, 0xff, 0xff, 0xff,
    0xff, 0xff, 0xff, 0xff, 0xff, 0xff, 0xff, 0xff, 0xff, 0xff, 0xff, 0xff, 0xff, 0xff, 0xff, 0xff,
    0xbc, 0xaf, 0xe8, 0xff, 0x5b, 0x3a, 0xc8, 0xff, 0x5b, 0x3a, 0xc8, 0xff, 0x5b, 0x3a, 0xc8, 0xff,
    0x5b, 0x3a, 0xc8, 0xff, 0x5b, 0x3a, 0xc8, 0xff, 0x5b, 0x3a, 0xc8, 0xff, 0x5b, 0x3a, 0xc8, 0xff,
    0x5b, 0x3a, 0xc8, 0xff, 0x5b, 0x3a, 0xc8, 0xff, 0x5b, 0x3a, 0xc8, 0xff, 0x5b, 0x3a, 0xc8, 0xff,
    0x5b, 0x3a, 0xc8, 0xff, 0x5b, 0x3a, 0xc8, 0xff, 0x5b, 0x3a, 0xc8, 0xff, 0x5b, 0x3a, 0xc8, 0xff,
    0x5b, 0x3a, 0xc8, 0xff, 0x5b, 0x3a, 0xc8, 0xff, 0x5b, 0x3a, 0xc8, 0xff, 0x5b, 0x3a, 0xc8, 0xff,
    0x5b, 0x3a, 0xc8, 0xff, 0x5b, 0x3a, 0xc8, 0xff, 0x5b, 0x3a, 0xc8, 0xff, 0x5b, 0x3a, 0xc8, 0xff,
    0x5b, 0x3a, 0xc8, 0xff, 0x5b, 0x3a, 0xc8, 0xff, 0x5b, 0x3a, 0xc8, 0xff, 0x5b, 0x3a, 0xc8, 0xff,
    0x5b, 0x3a, 0xc8, 0xff, 0x5b, 0x3a, 0xc8, 0xff, 0x5b, 0x3a, 0xc8, 0xff, 0x5b, 0x3a, 0xc8, 0xff,
    0x5b, 0x3a, 0xc8, 0xff, 0x5b, 0x3a, 0xc8, 0xff, 0x5b, 0x3a, 0xc8, 0xff, 0x5b, 0x3a, 0xc8, 0xff,
    0x5b, 0x3a, 0xc8, 0xff, 0x5b, 0x3a, 0xc8, 0xff, 0x5b, 0x3a, 0xc8, 0xff, 0x5b, 0x3a, 0xc8, 0xff,
    0x5b, 0x3a, 0xc8, 0xff, 0x5b, 0x3a, 0xc8, 0xff, 0x5b, 0x3a, 0xc8, 0xff, 0x5b, 0x3a, 0xc8, 0xff,
    0x5b, 0x3a, 0xc8, 0xff, 0x5b, 0x3a, 0xc8, 0xff, 0x5b, 0x3a, 0xc8, 0xff, 0x5b, 0x3a, 0xc8, 0xff,
    0x5b, 0x3a, 0xc8, 0xff, 0x5b, 0x3a, 0xc8, 0xff, 0x5b, 0x3a, 0xc8, 0xff, 0x5b, 0x3a, 0xc8, 0xff,
    0x5b, 0x3a, 0xc8, 0xff, 0x5b, 0x3a, 0xc8, 0xff, 0x5b, 0x3a, 0xc8, 0xff, 0x5b, 0x3a, 0xc8, 0xff,
    0x5b, 0x3a, 0xc8, 0xff, 0x5b, 0x3a, 0xc8, 0xff, 0x5b, 0x3a, 0xc8, 0xff, 0x5b, 0x3a, 0xc8, 0xff,
    0x5b, 0x3a, 0xc8, 0xff, 0x5b, 0x3a, 0xc8, 0xff, 0x5b, 0x3a, 0xc8, 0xff, 0x5b, 0x3a, 0xc8, 0xff,
    0x60, 0x40, 0xc9, 0xff, 0xb7, 0xa8, 0xe7, 0xff, 0xfc, 0xfc, 0xfe, 0xff, 0xff, 0xff, 0xff, 0xff,
    0xff, 0xff, 0xff, 0xff, 0xff, 0xff, 0xff, 0xff, 0xff, 0xff, 0xff, 0xff, 0xff, 0xff, 0xff, 0xff,
    0xff, 0xff, 0xff, 0xff, 0xff, 0xff, 0xff, 0xff, 0xff, 0xff, 0xff, 0xff, 0xff, 0xff, 0xff, 0xff,
    0xff, 0xff, 0xff, 0xff, 0xff, 0xff, 0xff, 0xff, 0xff, 0xff, 0xff, 0xff, 0xf4, 0xf2, 0xfb, 0xff,
    0x96, 0x81, 0xdb, 0xff, 0x5b, 0x3a, 0xc8, 0xff, 0x5b, 0x3a, 0xc8, 0xff, 0x5b, 0x3a, 0xc8, 0xff,
    0x5b, 0x3a, 0xc8, 0xff, 0x5b, 0x3a, 0xc8, 0xff, 0x5b, 0x3a, 0xc8, 0xff, 0x5b, 0x3a, 0xc8, 0xff,
    0x5b, 0x3a, 0xc8, 0xff, 0x5d, 0x3d, 0xc8, 0xff, 0xad, 0x9c, 0xe3, 0xff, 0xfa, 0xf9, 0xfd, 0xff,
    0xff, 0xff, 0xff, 0xff, 0xff, 0xff, 0xff, 0xff, 0xff, 0xff, 0xff, 0xff, 0xff, 0xff, 0xff, 0xff,
    0xff, 0xff, 0xff, 0xff, 0xff, 0xff, 0xff, 0xff, 0xff, 0xff, 0xff, 0xff, 0xff, 0xff, 0xff, 0xff,
    0xff, 0xff, 0xff, 0xff, 0xff, 0xff, 0xff, 0xff, 0xff, 0xff, 0xff, 0xff, 0xfc, 0xfc, 0xfe, 0xff,
    0xad, 0x9c, 0xe3, 0xff, 0x5d, 0x3d, 0xc9, 0xff, 0x5b, 0x3a, 0xc8, 0xff, 0x5b, 0x3a, 0xc8, 0xff,
    0x5b, 0x3a, 0xc8, 0xff, 0x5b, 0x3a, 0xc8, 0xff, 0x5b, 0x3a, 0xc8, 0xff, 0x5b, 0x3a, 0xc8, 0xff,
    0x5b, 0x3a, 0xc8, 0xff, 0x5b, 0x3a, 0xc8, 0xff, 0xa5, 0x93, 0xe1, 0xff, 0xfa, 0xf9, 0xfd, 0xff,
    0xff, 0xff, 0xff, 0xff, 0xff, 0xff, 0xff, 0xff, 0xff, 0xff, 0xff, 0xff, 0xff, 0xff, 0xff, 0xff,
    0xff, 0xff, 0xff, 0xff, 0xff, 0xff, 0xff, 0xff, 0xff, 0xff, 0xff, 0xff, 0xff, 0xff, 0xff, 0xff,
    0xff, 0xff, 0xff, 0xff, 0xff, 0xff, 0xff, 0xff, 0xff, 0xff, 0xff, 0xff, 0xff, 0xff, 0xff, 0xff,
    0xfa, 0xf9, 0xfd, 0xff, 0xa5, 0x93, 0xe1, 0xff, 0x5b, 0x3a, 0xc8, 0xff, 0x5b, 0x3a, 0xc8, 0xff,
    0x5b, 0x3a, 0xc8, 0xff, 0x5b, 0x3a, 0xc8, 0xff, 0x5b, 0x3a, 0xc8, 0xff, 0x5b, 0x3a, 0xc8, 0xff,
    0x5b, 0x3a, 0xc8, 0xff, 0x5b, 0x3a, 0xc8, 0xff, 0x5b, 0x3a, 0xc8, 0xff, 0x5b, 0x3a, 0xc8, 0xff,
    0x5b, 0x3a, 0xc8, 0xff, 0x5b, 0x3a, 0xc8, 0xff, 0x5b, 0x3a, 0xc8, 0xff, 0x5b, 0x3a, 0xc8, 0xff,
    0x5b, 0x3a, 0xc8, 0xff, 0x5b, 0x3a, 0xc8, 0xff, 0x5b, 0x3a, 0xc8, 0xff, 0x5b, 0x3a, 0xc8, 0xff,
    0x5b, 0x3a, 0xc8, 0xff, 0x5b, 0x3a, 0xc8, 0xff, 0x5b, 0x3a, 0xc8, 0xff, 0x5b, 0x3a, 0xc8, 0xff,
    0x5b, 0x3a, 0xc8, 0xff, 0x5b, 0x3a, 0xc8, 0xff, 0x5b, 0x3a, 0xc8, 0xff, 0x5b, 0x3a, 0xc8, 0xff,
    0x5b, 0x3a, 0xc8, 0xff, 0x5b, 0x3a, 0xc8, 0xff, 0x5b, 0x3a, 0xc8, 0xff, 0x5b, 0x3a, 0xc8, 0xff,
    0x5b, 0x3a, 0xc8, 0xff, 0x5b, 0x3a, 0xc8, 0xff, 0x5b, 0x3a, 0xc8, 0xff, 0x5b, 0x3a, 0xc8, 0xff,
    0x5b, 0x3a, 0xc8, 0xff, 0x5b, 0x3a, 0xc8, 0xff, 0x5b, 0x3a, 0xc8, 0xff, 0x5b, 0x3a, 0xc8, 0xff,
    0x5b, 0x3a, 0xc8, 0xff, 0x5b, 0x3a, 0xc8, 0xff, 0x5b, 0x3a, 0xc8, 0xff, 0x5b, 0x3a, 0xc8, 0xff,
    0x5b, 0x3a, 0xc8, 0xff, 0x5b, 0x3a, 0xc8, 0xff, 0x5b, 0x3a, 0xc8, 0xff, 0x5b, 0x3a, 0xc8, 0xff,
    0x5b, 0x3a, 0xc8, 0xff, 0x5b, 0x3a, 0xc8, 0xff, 0x5b, 0x3a, 0xc8, 0xff, 0x5b, 0x3a, 0xc8, 0xff,
    0x5b, 0x3a, 0xc8, 0xff, 0x5b, 0x3a, 0xc8, 0xff, 0x5b, 0x3a, 0xc8, 0xff, 0x5b, 0x3a, 0xc8, 0xff,
    0x5b, 0x3a, 0xc8, 0xff, 0x5b, 0x3a, 0xc8, 0xff, 0x5b, 0x3a, 0xc8, 0xff, 0x5b, 0x3a, 0xc8, 0xff,
    0x5b, 0x3a, 0xc8, 0xff, 0x5b, 0x3a, 0xc8, 0xff, 0x5b, 0x3a, 0xc8, 0xff, 0x5b, 0x3a, 0xc8, 0xff,
    0x5b, 0x3a, 0xc8, 0xff, 0x5b, 0x3a, 0xc8, 0xff, 0x5b, 0x3a, 0xc8, 0xff, 0x5b, 0x3a, 0xc8, 0xff,
    0x79, 0x5f, 0xd2, 0xff, 0xbc, 0xaf, 0xe8, 0xff, 0xf2, 0xef, 0xfa, 0xff, 0xff, 0xff, 0xff, 0xff,
    0xff, 0xff, 0xff, 0xff, 0xff, 0xff, 0xff, 0xff, 0xff, 0xff, 0xff, 0xff, 0xff, 0xff, 0xff, 0xff,
    0xff, 0xff, 0xff, 0xff, 0xff, 0xff, 0xff, 0xff, 0xff, 0xff, 0xff, 0xff, 0xe2, 0xdc, 0xf5, 0xff,
    0xa7, 0x96, 0xe1, 0xff, 0x65, 0x46, 0xcb, 0xff, 0x5b, 0x3a, 0xc8, 0xff, 0x5b, 0x3a, 0xc8, 0xff,
    0x5b, 0x3a, 0xc8, 0xff, 0x5b, 0x3a, 0xc8, 0xff, 0x5b, 0x3a, 0xc8, 0xff, 0x5b, 0x3a, 0xc8, 0xff,
    0x5b, 0x3a, 0xc8, 0xff, 0x5b, 0x3a, 0xc8, 0xff, 0x5b, 0x3a, 0xc8, 0xff, 0x5b, 0x3a, 0xc8, 0xff,
    0x5b, 0x3a, 0xc8, 0xff, 0x74, 0x58, 0xd0, 0xff, 0xb7, 0xa9, 0xe7, 0xff, 0xf2, 0xef, 0xfa, 0xff,
    0xff, 0xff, 0xff, 0xff, 0xff, 0xff, 0xff, 0xff, 0xff, 0xff, 0xff, 0xff, 0xff, 0xff, 0xff, 0xff,
    0xff, 0xff, 0xff, 0xff, 0xff, 0xff, 0xff, 0xff, 0xff, 0xff, 0xff, 0xff, 0xf2, 0xef, 0xfa, 0xff,
    0xbc, 0xaf, 0xe8, 0xff, 0x72, 0x55, 0xd0, 0xff, 0x5b, 0x3a, 0xc8, 0xff, 0x5b, 0x3a, 0xc8, 0xff,
    0x5b, 0x3a, 0xc8, 0xff, 0x5b, 0x3a, 0xc8, 0xff, 0x5b, 0x3a, 0xc8, 0xff, 0x5b, 0x3a, 0xc8, 0xff,
    0x5b, 0x3a, 0xc8, 0xff, 0x5b, 0x3a, 0xc8, 0xff, 0x5b, 0x3a, 0xc8, 0xff, 0x5b, 0x3a, 0xc8, 0xff,
    0x5b, 0x3a, 0xc8, 0xff, 0x6a, 0x4c, 0xcd, 0xff, 0xb2, 0xa2, 0xe5, 0xff, 0xea, 0xe6, 0xf8, 0xff,
    0xff, 0xff, 0xff, 0xff, 0xff, 0xff, 0xff, 0xff, 0xff, 0xff, 0xff, 0xff, 0xff, 0xff, 0xff, 0xff,
    0xff, 0xff, 0xff, 0xff, 0xff, 0xff, 0xff, 0xff, 0xff, 0xff, 0xff, 0xff, 0xff, 0xff, 0xff, 0xff,
    0xea, 0xe6, 0xf8, 0xff, 0xaf, 0x9f, 0xe4, 0xff, 0x6a, 0x4c, 0xcd, 0xff, 0x5b, 0x3a, 0xc8, 0xff,
    0x5b, 0x3a, 0xc8, 0xff, 0x5b, 0x3a, 0xc8, 0xff, 0x5b, 0x3a, 0xc8, 0xff, 0x5b, 0x3a, 0xc8, 0xff,
    0x5b, 0x3a, 0xc8, 0xff, 0x5b, 0x3a, 0xc8, 0xff, 0x5b, 0x3a, 0xc8, 0xff, 0x5b, 0x3a, 0xc8, 0xff,
    0x5b, 0x3a, 0xc8, 0xff, 0x5b, 0x3a, 0xc8, 0xff, 0x5b, 0x3a, 0xc8, 0xff, 0x5b, 0x3a, 0xc8, 0xff,
    0x5b, 0x3a, 0xc8, 0xff, 0x5b, 0x3a, 0xc8, 0xff, 0x5b, 0x3a, 0xc8, 0xff, 0x5b, 0x3a, 0xc8, 0xff,
    0x5b, 0x3a, 0xc8, 0xff, 0x5b, 0x3a, 0xc8, 0xff, 0x5b, 0x3a, 0xc8, 0xff, 0x5b, 0x3a, 0xc8, 0xff,
    0x5b, 0x3a, 0xc8, 0xff, 0x5b, 0x3a, 0xc8, 0xff, 0x5b, 0x3a, 0xc8, 0xff, 0x5b, 0x3a, 0xc8, 0xff,
    0x5b, 0x3a, 0xc8, 0xff, 0x5b, 0x3a, 0xc8, 0xff, 0x5b, 0x3a, 0xc8, 0xff, 0x5b, 0x3a, 0xc8, 0xff,
    0x5b, 0x3a, 0xc8, 0xff, 0x5b, 0x3a, 0xc8, 0xff, 0x5b, 0x3a, 0xc8, 0xff, 0x5b, 0x3a, 0xc8, 0xff,
    0x5b, 0x3a, 0xc8, 0xff, 0x5b, 0x3a, 0xc8, 0xff, 0x5b, 0x3a, 0xc8, 0xff, 0x5b, 0x3a, 0xc8, 0xff,
    0x5b, 0x3a, 0xc8, 0xff, 0x5b, 0x3a, 0xc8, 0xff, 0x5b, 0x3a, 0xc8, 0xff, 0x5b, 0x3a, 0xc8, 0xff,
    0x5b, 0x3a, 0xc8, 0xff, 0x5b, 0x3a, 0xc8, 0xff, 0x5b, 0x3a, 0xc8, 0xff, 0x5b, 0x3a, 0xc8, 0xff,
    0x5b, 0x3a, 0xc8, 0xff, 0x5b, 0x3a, 0xc8, 0xff, 0x5b, 0x3a, 0xc8, 0xff, 0x5b, 0x3a, 0xc8, 0xff,
    0x5b, 0x3a, 0xc8, 0xff, 0x5b, 0x3a, 0xc8, 0xff, 0x5b, 0x3a, 0xc8, 0xff, 0x5b, 0x3a, 0xc8, 0xff,
    0x5b, 0x3a, 0xc8, 0xff, 0x5b, 0x3a, 0xc8, 0xff, 0x5b, 0x3a, 0xc8, 0xff, 0x5b, 0x3a, 0xc8, 0xff,
    0x5b, 0x3a, 0xc8, 0xff, 0x5b, 0x3a, 0xc8, 0xff, 0x5b, 0x3a, 0xc8, 0xff, 0x5b, 0x3a, 0xc8, 0xff,
    0x5b, 0x3a, 0xc8, 0xff, 0x5b, 0x3a, 0xc8, 0xff, 0x5b, 0x3a, 0xc8, 0xff, 0x5b, 0x3a, 0xc8, 0xff,
    0x5b, 0x3a, 0xc8, 0xff, 0x5b, 0x3a, 0xc8, 0xff, 0x5b, 0x3a, 0xc8, 0xff, 0x5b, 0x3a, 0xc8, 0xff,
    0x5b, 0x3a, 0xc8, 0xff, 0x77, 0x5b, 0xd1, 0xff, 0x90, 0x7a, 0xda, 0xff, 0xa0, 0x8c, 0xdf, 0xff,
    0xaa, 0x99, 0xe2, 0xff, 0xa8, 0x96, 0xe1, 0xff, 0xa0, 0x8c, 0xdf, 0xff, 0x89, 0x71, 0xd7, 0xff,
    0x6a, 0x4c, 0xcd, 0xff, 0x5b, 0x3a, 0xc8, 0xff, 0x5b, 0x3a, 0xc8, 0xff, 0x5b, 0x3a, 0xc8, 0xff,
    0x5b, 0x3a, 0xc8, 0xff, 0x5b, 0x3a, 0xc8, 0xff, 0x5b, 0x3a, 0xc8, 0xff, 0x5b, 0x3a, 0xc8, 0xff,
    0x5b, 0x3a, 0xc8, 0xff, 0x5b, 0x3a, 0xc8, 0xff, 0x5b, 0x3a, 0xc8, 0xff, 0x5b, 0x3a, 0xc8, 0xff,
    0x5b, 0x3a, 0xc8, 0xff, 0x5b, 0x3a, 0xc8, 0xff, 0x5b, 0x3a, 0xc8, 0xff, 0x5b, 0x3a, 0xc8, 0xff,
    0x5b, 0x3a, 0xc8, 0xff, 0x5b, 0x3a, 0xc8, 0xff, 0x77, 0x5b, 0xd1, 0xff, 0x95, 0x80, 0xdb, 0xff,
    0xa5, 0x93, 0xe0, 0xff, 0xad, 0x9c, 0xe3, 0xff, 0xa3, 0x90, 0xe0, 0xff, 0x95, 0x80, 0xdb, 0xff,
    0x77, 0x5b, 0xd1, 0xff, 0x5d, 0x3d, 0xc9, 0xff, 0x5b, 0x3a, 0xc8, 0xff, 0x5b, 0x3a, 0xc8, 0xff,
    0x5b, 0x3a, 0xc8, 0xff, 0x5b, 0x3a, 0xc8, 0xff, 0x5b, 0x3a, 0xc8, 0xff, 0x5b, 0x3a, 0xc8, 0xff,
    0x5b, 0x3a, 0xc8, 0xff, 0x5b, 0x3a, 0xc8, 0xff, 0x5b, 0x3a, 0xc8, 0xff, 0x5b, 0x3a, 0xc8, 0xff,
    0x5b, 0x3a, 0xc8, 0xff, 0x5b, 0x3a, 0xc8, 0xff, 0x5b, 0x3a, 0xc8, 0xff, 0x5b, 0x3a, 0xc8, 0xff,
    0x5b, 0x3a, 0xc8, 0xff, 0x5b, 0x3a, 0xc8, 0xff, 0x6f, 0x52, 0xce, 0xff, 0x8e, 0x77, 0xd9, 0xff,
    0x9d, 0x89, 0xde, 0xff, 0xa8, 0x96, 0xe1, 0xff, 0xaa, 0x99, 0xe2, 0xff, 0xa0, 0x8c, 0xdf, 0xff,
    0x8e, 0x77, 0xd9, 0xff, 0x6f, 0x52, 0xce, 0xff, 0x5b, 0x3a, 0xc8, 0xff, 0x5b, 0x3a, 0xc8, 0xff,
    0x5b, 0x3a, 0xc8, 0xff, 0x5b, 0x3a, 0xc8, 0xff, 0x5b, 0x3a, 0xc8, 0xff, 0x5b, 0x3a, 0xc8, 0xff,
    0x5b, 0x3a, 0xc8, 0xff, 0x5b, 0x3a, 0xc8, 0xff, 0x5b, 0x3a, 0xc8, 0xff, 0x5b, 0x3a, 0xc8, 0xff,
    0x5b, 0x3a, 0xc8, 0xff, 0x5b, 0x3a, 0xc8, 0xff, 0x5b, 0x3a, 0xc8, 0xff, 0x5b, 0x3a, 0xc8, 0xff,
    0x5b, 0x3a, 0xc8, 0xff, 0x5b, 0x3a, 0xc8, 0xff, 0x5b, 0x3a, 0xc8, 0xff, 0x5b, 0x3a, 0xc8, 0xff,
    0x5b, 0x3a, 0xc8, 0xff, 0x5b, 0x3a, 0xc8, 0xff, 0x5b, 0x3a, 0xc8, 0xff, 0x5b, 0x3a, 0xc8, 0xff,
    0x5b, 0x3a, 0xc8, 0xff, 0x5b, 0x3a, 0xc8, 0xff, 0x5b, 0x3a, 0xc8, 0xff, 0x5b, 0x3a, 0xc8, 0xff,
    0x5b, 0x3a, 0xc8, 0xff, 0x5b, 0x3a, 0xc8, 0xff, 0x5b, 0x3a, 0xc8, 0xff, 0x5b, 0x3a, 0xc8, 0xff,
    0x5b, 0x3a, 0xc8, 0xff, 0x5b, 0x3a, 0xc8, 0xff, 0x5b, 0x3a, 0xc8, 0xff, 0x5b, 0x3a, 0xc8, 0xff,
    0x5b, 0x3a, 0xc8, 0xff, 0x5b, 0x3a, 0xc8, 0xff, 0x5b, 0x3a, 0xc8, 0xff, 0x5b, 0x3a, 0xc8, 0xff,
    0x5b, 0x3a, 0xc8, 0xff, 0x5b, 0x3a, 0xc8, 0xff, 0x5b, 0x3a, 0xc8, 0xff, 0x5b, 0x3a, 0xc8, 0xff,
    0x5b, 0x3a, 0xc8, 0xff, 0x5b, 0x3a, 0xc8, 0xff, 0x5b, 0x3a, 0xc8, 0xff, 0x5b, 0x3a, 0xc8, 0xff,
    0x5b, 0x3a, 0xc8, 0xff, 0x5b, 0x3a, 0xc8, 0xff, 0x5b, 0x3a, 0xc8, 0xff, 0x5b, 0x3a, 0xc8, 0xff,
    0x5b, 0x3a, 0xc8, 0xff, 0x5b, 0x3a, 0xc8, 0xff, 0x5b, 0x3a, 0xc8, 0xff, 0x5b, 0x3a, 0xc8, 0xff,
    0x5b, 0x3a, 0xc8, 0xff, 0x5b, 0x3a, 0xc8, 0xff, 0x5b, 0x3a, 0xc8, 0xff, 0x5b, 0x3a, 0xc8, 0xff,
    0x5b, 0x3a, 0xc8, 0xff, 0x5b, 0x3a, 0xc8, 0xff, 0x5b, 0x3a, 0xc8, 0xff, 0x5b, 0x3a, 0xc8, 0xff,
    0x5b, 0x3a, 0xc8, 0xff, 0x5b, 0x3a, 0xc8, 0xff, 0x5b, 0x3a, 0xc8, 0xff, 0x5b, 0x3a, 0xc8, 0xff,
    0x5b, 0x3a, 0xc8, 0xff, 0x5b, 0x3a, 0xc8, 0xff, 0x5b, 0x3a, 0xc8, 0xff, 0x5b, 0x3a, 0xc8, 0xff,
    0x5b, 0x3a, 0xc8, 0xff, 0x5b, 0x3a, 0xc8, 0xff, 0x5b, 0x3a, 0xc8, 0xff, 0x5b, 0x3a, 0xc8, 0xff,
    0x5b, 0x3a, 0xc8, 0xff, 0x5b, 0x3a, 0xc8, 0xff, 0x5b, 0x3a, 0xc8, 0xff, 0x5b, 0x3a, 0xc8, 0xff,
    0x5b, 0x3a, 0xc8, 0xff, 0x5b, 0x3a, 0xc8, 0xff, 0x5b, 0x3a, 0xc8, 0xff, 0x5b, 0x3a, 0xc8, 0xff,
    0x5b, 0x3a, 0xc8, 0xff, 0x5b, 0x3a, 0xc8, 0xff, 0x5b, 0x3a, 0xc8, 0xff, 0x5b, 0x3a, 0xc8, 0xff,
    0x5b, 0x3a, 0xc8, 0xff, 0x5b, 0x3a, 0xc8, 0xff, 0x5b, 0x3a, 0xc8, 0xff, 0x5b, 0x3a, 0xc8, 0xff,
    0x5b, 0x3a, 0xc8, 0xff, 0x5b, 0x3a, 0xc8, 0xff, 0x5b, 0x3a, 0xc8, 0xff, 0x5b, 0x3a, 0xc8, 0xff,
    0x5b, 0x3a, 0xc8, 0xff, 0x5b, 0x3a, 0xc8, 0xff, 0x5b, 0x3a, 0xc8, 0xff, 0x5b, 0x3a, 0xc8, 0xff,
    0x5b, 0x3a, 0xc8, 0xff, 0x5b, 0x3a, 0xc8, 0xff, 0x5b, 0x3a, 0xc8, 0xff, 0x5b, 0x3a, 0xc8, 0xff,
    0x5b, 0x3a, 0xc8, 0xff, 0x5b, 0x3a, 0xc8, 0xff, 0x5b, 0x3a, 0xc8, 0xff, 0x5b, 0x3a, 0xc8, 0xff,
    0x5b, 0x3a, 0xc8, 0xff, 0x5b, 0x3a, 0xc8, 0xff, 0x5b, 0x3a, 0xc8, 0xff, 0x5b, 0x3a, 0xc8, 0xff,
    0x5b, 0x3a, 0xc8, 0xff, 0x5b, 0x3a, 0xc8, 0xff, 0x5b, 0x3a, 0xc8, 0xff, 0x5b, 0x3a, 0xc8, 0xff,
    0x5b, 0x3a, 0xc8, 0xff, 0x5b, 0x3a, 0xc8, 0xff, 0x5b, 0x3a, 0xc8, 0xff, 0x5b, 0x3a, 0xc8, 0xff,
    0x5b, 0x3a, 0xc8, 0xff, 0x5b, 0x3a, 0xc8, 0xff, 0x5b, 0x3a, 0xc8, 0xff, 0x5b, 0x3a, 0xc8, 0xff,
    0x5b, 0x3a, 0xc8, 0xff, 0x5b, 0x3a, 0xc8, 0xff, 0x5b, 0x3a, 0xc8, 0xff, 0x5b, 0x3a, 0xc8, 0xff,
    0x5b, 0x3a, 0xc8, 0xff, 0x5b, 0x3a, 0xc8, 0xff, 0x5b, 0x3a, 0xc8, 0xff, 0x5b, 0x3a, 0xc8, 0xff,
    0x5b, 0x3a, 0xc8, 0xff, 0x5b, 0x3a, 0xc8, 0xff, 0x5b, 0x3a, 0xc8, 0xff, 0x5b, 0x3a, 0xc8, 0xff,
    0x5b, 0x3a, 0xc8, 0xff, 0x5b, 0x3a, 0xc8, 0xff, 0x5b, 0x3a, 0xc8, 0xff, 0x5b, 0x3a, 0xc8, 0xff,
    0x5b, 0x3a, 0xc8, 0xff, 0x5b, 0x3a, 0xc8, 0xff, 0x5b, 0x3a, 0xc8, 0xff, 0x5b, 0x3a, 0xc8, 0xff,
    0x5b, 0x3a, 0xc8, 0xff, 0x5b, 0x3a, 0xc8, 0xff, 0x5b, 0x3a, 0xc8, 0xff, 0x5b, 0x3a, 0xc8, 0xff,
    0x5b, 0x3a, 0xc8, 0xff, 0x5b, 0x3a, 0xc8, 0xff, 0x5b, 0x3a, 0xc8, 0xff, 0x5b, 0x3a, 0xc8, 0xff,
    0x5b, 0x3a, 0xc8, 0xff, 0x5b, 0x3a, 0xc8, 0xff, 0x5b, 0x3a, 0xc8, 0xff, 0x5b, 0x3a, 0xc8, 0xff,
    0x5b, 0x3a, 0xc8, 0xff, 0x5b, 0x3a, 0xc8, 0xff, 0x5b, 0x3a, 0xc8, 0xff, 0x5b, 0x3a, 0xc8, 0xff,
    0x5b, 0x3a, 0xc8, 0xff, 0x5b, 0x3a, 0xc8, 0xff, 0x5b, 0x3a, 0xc8, 0xff, 0x5b, 0x3a, 0xc8, 0xff,
    0x5b, 0x3a, 0xc8, 0xff, 0x5b, 0x3a, 0xc8, 0xff, 0x5b, 0x3a, 0xc8, 0xff, 0x5b, 0x3a, 0xc8, 0xff,
    0x5b, 0x3a, 0xc8, 0xff, 0x5b, 0x3a, 0xc8, 0xff, 0x5b, 0x3a, 0xc8, 0xff, 0x5b, 0x3a, 0xc8, 0xff,
    0x5b, 0x3a, 0xc8, 0xff, 0x5b, 0x3a, 0xc8, 0xff, 0x5b, 0x3a, 0xc8, 0xff, 0x5b, 0x3a, 0xc8, 0xff,
    0x5b, 0x3a, 0xc8, 0xff, 0x5b, 0x3a, 0xc8, 0xff, 0x5b, 0x3a, 0xc8, 0xff, 0x5b, 0x3a, 0xc8, 0xff,
    0x5b, 0x3a, 0xc8, 0xff, 0x5b, 0x3a, 0xc8, 0xff, 0x5b, 0x3a, 0xc8, 0xff, 0x5b, 0x3a, 0xc8, 0xff,
    0x5b, 0x3a, 0xc8, 0xff, 0x5b, 0x3a, 0xc8, 0xff, 0x5b, 0x3a, 0xc8, 0xff, 0x5b, 0x3a, 0xc8, 0xff,
    0x5b, 0x3a, 0xc8, 0xff, 0x5b, 0x3a, 0xc8, 0xff, 0x5b, 0x3a, 0xc8, 0xff, 0x5b, 0x3a, 0xc8, 0xff,
    0x5b, 0x3a, 0xc8, 0xff, 0x5b, 0x3a, 0xc8, 0xff, 0x5b, 0x3a, 0xc8, 0xff, 0x5b, 0x3a, 0xc8, 0xff,
    0x5b, 0x3a, 0xc8, 0xff, 0x5b, 0x3a, 0xc8, 0xff, 0x5b, 0x3a, 0xc8, 0xff, 0x5b, 0x3a, 0xc8, 0xff,
    0x5b, 0x3a, 0xc8, 0xff, 0x5b, 0x3a, 0xc8, 0xff, 0x5b, 0x3a, 0xc8, 0xff, 0x5b, 0x3a, 0xc8, 0xff,
    0x5b, 0x3a, 0xc8, 0xff, 0x5b, 0x3a, 0xc8, 0xff, 0x5b, 0x3a, 0xc8, 0xff, 0x5b, 0x3a, 0xc8, 0xff,
    0x5b, 0x3a, 0xc8, 0xff, 0x5b, 0x3a, 0xc8, 0xff, 0x5b, 0x3a, 0xc8, 0xff, 0x5b, 0x3a, 0xc8, 0xff,
    0x5b, 0x3a, 0xc8, 0xff, 0x5b, 0x3a, 0xc8, 0xff, 0x5b, 0x3a, 0xc8, 0xff, 0x5b, 0x3a, 0xc8, 0xff,
    0x5b, 0x3a, 0xc8, 0xff, 0x5b, 0x3a, 0xc8, 0xff, 0x5b, 0x3a, 0xc8, 0xff, 0x5b, 0x3a, 0xc8, 0xff,
    0x5b, 0x3a, 0xc8, 0xff, 0x5b, 0x3a, 0xc8, 0xff, 0x5b, 0x3a, 0xc8, 0xff, 0x5b, 0x3a, 0xc8, 0xff,
    0x5b, 0x3a, 0xc8, 0xff, 0x5b, 0x3a, 0xc8, 0xff, 0x5b, 0x3a, 0xc8, 0xff, 0x5b, 0x3a, 0xc8, 0xff,
    0x5b, 0x3a, 0xc8, 0xff, 0x5b, 0x3a, 0xc8, 0xff, 0x5b, 0x3a, 0xc8, 0xff, 0x5b, 0x3a, 0xc8, 0xff,
    0x5b, 0x3a, 0xc8, 0xff, 0x5b, 0x3a, 0xc8, 0xff, 0x5b, 0x3a, 0xc8, 0xff, 0x5b, 0x3a, 0xc8, 0xff,
    0x5b, 0x3a, 0xc8, 0xff, 0x5b, 0x3a, 0xc8, 0xff, 0x5b, 0x3a, 0xc8, 0xff, 0x5b, 0x3a, 0xc8, 0xff,
    0x5b, 0x3a, 0xc8, 0xff, 0x5b, 0x3a, 0xc8, 0xff, 0x5b, 0x3a, 0xc8, 0xff, 0x5b, 0x3a, 0xc8, 0xff,
    0x5b, 0x3a, 0xc8, 0xff, 0x5b, 0x3a, 0xc8, 0xff, 0x5b, 0x3a, 0xc8, 0xff, 0x5b, 0x3a, 0xc8, 0xff,
    0x5b, 0x3a, 0xc8, 0xff, 0x5b, 0x3a, 0xc8, 0xff, 0x5b, 0x3a, 0xc8, 0xff, 0x5b, 0x3a, 0xc8, 0xff,
    0x5b, 0x3a, 0xc8, 0xff, 0x5b, 0x3a, 0xc8, 0xff, 0x5b, 0x3a, 0xc8, 0xff, 0x5b, 0x3a, 0xc8, 0xff,
    0x5b, 0x3a, 0xc8, 0xff, 0x5b, 0x3a, 0xc8, 0xff, 0x5b, 0x3a, 0xc8, 0xff, 0x5b, 0x3a, 0xc8, 0xff,
    0x5b, 0x3a, 0xc8, 0xff, 0x5b, 0x3a, 0xc8, 0xff, 0x5b, 0x3a, 0xc8, 0xff, 0x5b, 0x3a, 0xc8, 0xff,
    0x5b, 0x3a, 0xc8, 0xff, 0x5b, 0x3a, 0xc8, 0xff, 0x5b, 0x3a, 0xc8, 0xff, 0x5b, 0x3a, 0xc8, 0xff,
    0x5b, 0x3a, 0xc8, 0xff, 0x5b, 0x3a, 0xc8, 0xff, 0x5b, 0x3a, 0xc8, 0xff, 0x5b, 0x3a, 0xc8, 0xff,
    0x5b, 0x3a, 0xc8, 0xff, 0x5b, 0x3a, 0xc8, 0xff, 0x5b, 0x3a, 0xc8, 0xff, 0x5b, 0x3a, 0xc8, 0xff,
    0x5b, 0x3a, 0xc8, 0xff, 0x5b, 0x3a, 0xc8, 0xff, 0x5b, 0x3a, 0xc8, 0xff, 0x5b, 0x3a, 0xc8, 0xff,
    0x5b, 0x3a, 0xc8, 0xff, 0x5b, 0x3a, 0xc8, 0xff, 0x5b, 0x3a, 0xc8, 0xff, 0x5b, 0x3a, 0xc8, 0xff,
    0x5b, 0x3a, 0xc8, 0xff, 0x5b, 0x3a, 0xc8, 0xff, 0x5b, 0x3a, 0xc8, 0xff, 0x5b, 0x3a, 0xc8, 0xff,
    0x5b, 0x3a, 0xc8, 0xff, 0x5b, 0x3a, 0xc8, 0xff, 0x5b, 0x3a, 0xc8, 0xff, 0x5b, 0x3a, 0xc8, 0xff,
    0x5b, 0x3a, 0xc8, 0xff, 0x5b, 0x3a, 0xc8, 0xff, 0x5b, 0x3a, 0xc8, 0xff, 0x5b, 0x3a, 0xc8, 0xff,
    0x5b, 0x3a, 0xc8, 0xff, 0x5b, 0x3a, 0xc8, 0xff, 0x5b, 0x3a, 0xc8, 0xff, 0x5b, 0x3a, 0xc8, 0xff,
    0x5b, 0x3a, 0xc8, 0xff, 0x5b, 0x3a, 0xc8, 0xff, 0x5b, 0x3a, 0xc8, 0xff, 0x5b, 0x3a, 0xc8, 0xff,
    0x5b, 0x3a, 0xc8, 0xff, 0x5b, 0x3a, 0xc8, 0xff, 0x5b, 0x3a, 0xc8, 0xff, 0x5b, 0x3a, 0xc8, 0xff,
    0x5b, 0x3a, 0xc8, 0xff, 0x5b, 0x3a, 0xc8, 0xff, 0x5b, 0x3a, 0xc8, 0xff, 0x5b, 0x3a, 0xc8, 0xff,
    0x5b, 0x3a, 0xc8, 0xff, 0x5b, 0x3a, 0xc8, 0xff, 0x5b, 0x3a, 0xc8, 0xff, 0x5b, 0x3a, 0xc8, 0xff,
    0x5b, 0x3a, 0xc8, 0xff, 0x5b, 0x3a, 0xc8, 0xff, 0x5b, 0x3a, 0xc8, 0xff, 0x5b, 0x3a, 0xc8, 0xff,
    0x5b, 0x3a, 0xc8, 0xff, 0x5b, 0x3a, 0xc8, 0xff, 0x5b, 0x3a, 0xc8, 0xff, 0x5b, 0x3a, 0xc8, 0xff,
    0x5b, 0x3a, 0xc8, 0xff, 0x5b, 0x3a, 0xc8, 0xff, 0x5b, 0x3a, 0xc8, 0xff, 0x5b, 0x3a, 0xc8, 0xff,
    0x5b, 0x3a, 0xc8, 0xff, 0x5b, 0x3a, 0xc8, 0xff, 0x5b, 0x3a, 0xc8, 0xff, 0x5b, 0x3a, 0xc8, 0xff,
    0x5b, 0x3a, 0xc8, 0xff, 0x5b, 0x3a, 0xc8, 0xff, 0x5b, 0x3a, 0xc8, 0xff, 0x5b, 0x3a, 0xc8, 0xff,
    0x5b, 0x3a, 0xc8, 0xff, 0x5b, 0x3a, 0xc8, 0xff, 0x5b, 0x3a, 0xc8, 0xff, 0x5b, 0x3a, 0xc8, 0xff,
    0x5b, 0x3a, 0xc8, 0xff, 0x5b, 0x3a, 0xc8, 0xff, 0x5b, 0x3a, 0xc8, 0xff, 0x5b, 0x3a, 0xc8, 0xff,
    0x5b, 0x3a, 0xc8, 0xff, 0x5b, 0x3a, 0xc8, 0xff, 0x5b, 0x3a, 0xc8, 0xff, 0x5b, 0x3a, 0xc8, 0xff,
    0x5b, 0x3a, 0xc8, 0xff, 0x5b, 0x3a, 0xc8, 0xff, 0x5b, 0x3a, 0xc8, 0xff, 0x5b, 0x3a, 0xc8, 0xff,
    0x5b, 0x3a, 0xc8, 0xff, 0x5b, 0x3a, 0xc8, 0xff, 0x5b, 0x3a, 0xc8, 0xff, 0x5b, 0x3a, 0xc8, 0xff,
    0x5b, 0x3a, 0xc8, 0xff, 0x5b, 0x3a, 0xc8, 0xff, 0x5b, 0x3a, 0xc8, 0xff, 0x5b, 0x3a, 0xc8, 0xff,
    0x5b, 0x3a, 0xc8, 0xff, 0x5b, 0x3a, 0xc8, 0xff, 0x5b, 0x3a, 0xc8, 0xff, 0x5b, 0x3a, 0xc8, 0xff,
    0x5b, 0x3a, 0xc8, 0xff, 0x5b, 0x3a, 0xc8, 0xff, 0x5b, 0x3a, 0xc8, 0xff, 0x5b, 0x3a, 0xc8, 0xff,
    0x5b, 0x3a, 0xc8, 0xff, 0x5b, 0x3a, 0xc8, 0xff, 0x5b, 0x3a, 0xc8, 0xff, 0x5b, 0x3a, 0xc8, 0xff,
    0x5b, 0x3a, 0xc8, 0xff, 0x5b, 0x3a, 0xc8, 0xff, 0x5b, 0x3a, 0xc8, 0xff, 0x5b, 0x3a, 0xc8, 0xff,
    0x5b, 0x3a, 0xc8, 0xff, 0x5b, 0x3a, 0xc8, 0xff, 0x5b, 0x3a, 0xc8, 0xff, 0x5b, 0x3a, 0xc8, 0xff,
    0x5b, 0x3a, 0xc8, 0xff, 0x5b, 0x3a, 0xc8, 0xff, 0x5b, 0x3a, 0xc8, 0xff, 0x5b, 0x3a, 0xc8, 0xff,
    0x5b, 0x3a, 0xc8, 0xff, 0x5b, 0x3a, 0xc8, 0xff, 0x5b, 0x3a, 0xc8, 0xff, 0x5b, 0x3a, 0xc8, 0xff,
    0x5b, 0x3a, 0xc8, 0xff, 0x5b, 0x3a, 0xc8, 0xff, 0x5b, 0x3a, 0xc8, 0xff, 0x5b, 0x3a, 0xc8, 0xff,
    0x5b, 0x3a, 0xc8, 0xff, 0x5b, 0x3a, 0xc8, 0xff, 0x5b, 0x3a, 0xc8, 0xff, 0x5b, 0x3a, 0xc8, 0xff,
    0x5b, 0x3a, 0xc8, 0xff, 0x5b, 0x3a, 0xc8, 0xff, 0x5b, 0x3a, 0xc8, 0xff, 0x5b, 0x3a, 0xc8, 0xff,
    0x5b, 0x3a, 0xc8, 0xff, 0x5b, 0x3a, 0xc8, 0xff, 0x5b, 0x3a, 0xc8, 0xff, 0x5b, 0x3a, 0xc8, 0xff,
    0x5b, 0x3a, 0xc8, 0xff, 0x5b, 0x3a, 0xc8, 0xff, 0x5b, 0x3a, 0xc8, 0xff, 0x5b, 0x3a, 0xc8, 0xff,
    0x5b, 0x3a, 0xc8, 0xff, 0x5b, 0x3a, 0xc8, 0xff, 0x5b, 0x3a, 0xc8, 0xff, 0x5b, 0x3a, 0xc8, 0xff,
    0x5b, 0x3a, 0xc8, 0xff, 0x5b, 0x3a, 0xc8, 0xff, 0x5b, 0x3a, 0xc8, 0xff, 0x5b, 0x3a, 0xc8, 0xff,
    0x5b, 0x3a, 0xc8, 0xff, 0x5b, 0x3a, 0xc8, 0xff, 0x5b, 0x3a, 0xc8, 0xff, 0x5b, 0x3a, 0xc8, 0xff,
    0x5b, 0x3a, 0xc8, 0xff, 0x5b, 0x3a, 0xc8, 0xff, 0x5b, 0x3a, 0xc8, 0xff, 0x5b, 0x3a, 0xc8, 0xff,
    0x5b, 0x3a, 0xc8, 0xff, 0x5b, 0x3a, 0xc8, 0xff, 0x5b, 0x3a, 0xc8, 0xff, 0x5b, 0x3a, 0xc8, 0xff,
    0x5b, 0x3a, 0xc8, 0xff, 0x5b, 0x3a, 0xc8, 0xff, 0x5b, 0x3a, 0xc8, 0xff, 0x5b, 0x3a, 0xc8, 0xff,
    0x5b, 0x3a, 0xc8, 0xff, 0x5b, 0x3a, 0xc8, 0xff, 0x5b, 0x3a, 0xc8, 0xff, 0x5b, 0x3a, 0xc8, 0xff,
    0x5b, 0x3a, 0xc8, 0xff, 0x5b, 0x3a, 0xc8, 0xff, 0x5b, 0x3a, 0xc8, 0xff, 0x5b, 0x3a, 0xc8, 0xff,
    0x5b, 0x3a, 0xc8, 0xff, 0x5b, 0x3a, 0xc8, 0xff, 0x5b, 0x3a, 0xc8, 0xff, 0x5b, 0x3a, 0xc8, 0xff,
    0x5b, 0x3a, 0xc8, 0xff, 0x5b, 0x3a, 0xc8, 0xff, 0x5b, 0x3a, 0xc8, 0xff, 0x5b, 0x3a, 0xc8, 0xff,
    0x5b, 0x3a, 0xc8, 0xff, 0x5b, 0x3a, 0xc8, 0xff, 0x5b, 0x3a, 0xc8, 0xff, 0x5b, 0x3a, 0xc8, 0xff,
    0x5b, 0x3a, 0xc8, 0xff, 0x5b, 0x3a, 0xc8, 0xff, 0x5b, 0x3a, 0xc8, 0xff, 0x5b, 0x3a, 0xc8, 0xff,
    0x5b, 0x3a, 0xc8, 0xff, 0x5b, 0x3a, 0xc8, 0xff, 0x5b, 0x3a, 0xc8, 0xff, 0x5b, 0x3a, 0xc8, 0xff,
    0x5b, 0x3a, 0xc8, 0xff, 0x5b, 0x3a, 0xc8, 0xff, 0x5b, 0x3a, 0xc8, 0xff, 0x5b, 0x3a, 0xc8, 0xff,
    0x5b, 0x3a, 0xc8, 0xff, 0x5b, 0x3a, 0xc8, 0xff, 0x5b, 0x3a, 0xc8, 0xff, 0x5b, 0x3a, 0xc8, 0xff,
    0x5b, 0x3a, 0xc8, 0xff, 0x5b, 0x3a, 0xc8, 0xff, 0x5b, 0x3a, 0xc8, 0xff, 0x5b, 0x3a, 0xc8, 0xff,
    0x5b, 0x3a, 0xc8, 0xff, 0x5b, 0x3a, 0xc8, 0xff, 0x5b, 0x3a, 0xc8, 0xff, 0x5b, 0x3a, 0xc8, 0xff,
    0x5b, 0x3a, 0xc8, 0xff, 0x9d, 0x8a, 0xde, 0xff, 0xe8, 0xe3, 0xf7, 0xff, 0xff, 0xff, 0xff, 0xff,
    0xe8, 0xe3, 0xf7, 0xff, 0x9d, 0x8a, 0xde, 0xff, 0x5b, 0x3a, 0xc8, 0xff, 0x5b, 0x3a, 0xc8, 0xff,
    0x5b, 0x3a, 0xc8, 0xff, 0x5b, 0x3a, 0xc8, 0xff, 0x5b, 0x3a, 0xc8, 0xff, 0x5b, 0x3a, 0xc8, 0xff,
    0x5b, 0x3a, 0xc8, 0xff, 0x5b, 0x3a, 0xc8, 0xff, 0x5b, 0x3a, 0xc8, 0xff, 0x5b, 0x3a, 0xc8, 0xff,
    0x5b, 0x3a, 0xc8, 0xff, 0x5b, 0x3a, 0xc8, 0xff, 0x5b, 0x3a, 0xc8, 0xff, 0x5b, 0x3a, 0xc8, 0xff,
    0x5b, 0x3a, 0xc8, 0xff, 0x5b, 0x3a, 0xc8, 0xff, 0x5b, 0x3a, 0xc8, 0xff, 0x5b, 0x3a, 0xc8, 0xff,
    0x5b, 0x3a, 0xc8, 0xff, 0x5b, 0x3a, 0xc8, 0xff, 0x5b, 0x3a, 0xc8, 0xff, 0x5b, 0x3a, 0xc8, 0xff,
    0x5d, 0x3d, 0xc9, 0xff, 0x9d, 0x8a, 0xde, 0xff, 0xe8, 0xe3, 0xf7, 0xff, 0xff, 0xff, 0xff, 0xff,
    0xe8, 0xe3, 0xf7, 0xff, 0x9d, 0x8a, 0xde, 0xff, 0x5b, 0x3a, 0xc8, 0xff, 0x5b, 0x3a, 0xc8, 0xff,
    0x5b, 0x3a, 0xc8, 0xff, 0x5b, 0x3a, 0xc8, 0xff, 0x5b, 0x3a, 0xc8, 0xff, 0x5b, 0x3a, 0xc8, 0xff,
    0x5b, 0x3a, 0xc8, 0xff, 0x5b, 0x3a, 0xc8, 0xff, 0x5b, 0x3a, 0xc8, 0xff, 0x5b, 0x3a, 0xc8, 0xff,
    0x5b, 0x3a, 0xc8, 0xff, 0x5b, 0x3a, 0xc8, 0xff, 0x5b, 0x3a, 0xc8, 0xff, 0x5b, 0x3a, 0xc8, 0xff,
    0x5b, 0x3a, 0xc8, 0xff, 0x5b, 0x3a, 0xc8, 0xff, 0x5b, 0x3a, 0xc8, 0xff, 0x5b, 0x3a, 0xc8, 0xff,
    0x5b, 0x3a, 0xc8, 0xff, 0x5b, 0x3a, 0xc8, 0xff, 0x5b, 0x3a, 0xc8, 0xff, 0x5b, 0x3a, 0xc8, 0xff,
    0x5b, 0x3a, 0xc8, 0xff, 0x5b, 0x3a, 0xc8, 0xff, 0x5b, 0x3a, 0xc8, 0xff, 0x5b, 0x3a, 0xc8, 0xff,
    0x5b, 0x3a, 0xc8, 0xff, 0x5b, 0x3a, 0xc8, 0xff, 0x5b, 0x3a, 0xc8, 0xff, 0x5b, 0x3a, 0xc8, 0xff,
    0x5b, 0x3a, 0xc8, 0xff, 0x5b, 0x3a, 0xc8, 0xff, 0x5b, 0x3a, 0xc8, 0xff, 0x5b, 0x3a, 0xc8, 0xff,
    0x5b, 0x3a, 0xc8, 0xff, 0x5b, 0x3a, 0xc8, 0xff, 0x5b, 0x3a, 0xc8, 0xff, 0x5b, 0x3a, 0xc8, 0xff,
    0x5b, 0x3a, 0xc8, 0xff, 0x5b, 0x3a, 0xc8, 0xff, 0x5b, 0x3a, 0xc8, 0xff, 0x5b, 0x3a, 0xc8, 0xff,
    0x5b, 0x3a, 0xc8, 0xff, 0x5b, 0x3a, 0xc8, 0xff, 0x5b, 0x3a, 0xc8, 0xff, 0x5b, 0x3a, 0xc8, 0xff,
    0x5b, 0x3a, 0xc8, 0xff, 0x5b, 0x3a, 0xc8, 0xff, 0x5b, 0x3a, 0xc8, 0xff, 0x5b, 0x3a, 0xc8, 0xff,
    0x5b, 0x3a, 0xc8, 0xff, 0x5b, 0x3a, 0xc8, 0xff, 0x5b, 0x3a, 0xc8, 0xff, 0x5b, 0x3a, 0xc8, 0xff,
    0x5b, 0x3a, 0xc8, 0xff, 0x5b, 0x3a, 0xc8, 0xff, 0x5b, 0x3a, 0xc8, 0xff, 0x5b, 0x3a, 0xc8, 0xff,
    0x5b, 0x3a, 0xc8, 0xff, 0x5b, 0x3a, 0xc8, 0xff, 0x5b, 0x3a, 0xc8, 0xff, 0x5b, 0x3a, 0xc8, 0xff,
    0x5b, 0x3a, 0xc8, 0xff, 0x5b, 0x3a, 0xc8, 0xff, 0x5b, 0x3a, 0xc8, 0xff, 0x5b, 0x3a, 0xc8, 0xff,
    0x5b, 0x3a, 0xc8, 0xff, 0x5b, 0x3a, 0xc8, 0xff, 0x5b, 0x3a, 0xc8, 0xff, 0x5b, 0x3a, 0xc8, 0xff,
    0x5b, 0x3a, 0xc8, 0xff, 0x5b, 0x3a, 0xc8, 0xff, 0x5b, 0x3a, 0xc8, 0xff, 0x5b, 0x3a, 0xc8, 0xff,
    0x5b, 0x3a, 0xc8, 0xff, 0x5b, 0x3a, 0xc8, 0xff, 0x5b, 0x3a, 0xc8, 0xff, 0x5b, 0x3a, 0xc8, 0xff,
    0x5b, 0x3a, 0xc8, 0xff, 0x5b, 0x3a, 0xc8, 0xff, 0x5b, 0x3a, 0xc8, 0xff, 0x5b, 0x3a, 0xc8, 0xff,
    0x5b, 0x3a, 0xc8, 0xff, 0x5b, 0x3a, 0xc8, 0xff, 0x5b, 0x3a, 0xc8, 0xff, 0x5b, 0x3a, 0xc8, 0xff,
    0x5b, 0x3a, 0xc8, 0xff, 0x5b, 0x3a, 0xc8, 0xff, 0x5b, 0x3a, 0xc8, 0xff, 0x5b, 0x3a, 0xc8, 0xff,
    0x5b, 0x3a, 0xc8, 0xff, 0x5b, 0x3a, 0xc8, 0xff, 0x5b, 0x3a, 0xc8, 0xff, 0x5b, 0x3a, 0xc8, 0xff,
    0x5b, 0x3a, 0xc8, 0xff, 0x5b, 0x3a, 0xc8, 0xff, 0xa8, 0x96, 0xe1, 0xff, 0xff, 0xff, 0xff, 0xff,
    0xff, 0xff, 0xff, 0xff, 0xff, 0xff, 0xff, 0xff, 0xff, 0xff, 0xff, 0xff, 0xff, 0xff, 0xff, 0xff,
    0xd6, 0xcd, 0xf1, 0xff, 0x79, 0x5f, 0xd2, 0xff, 0x5b, 0x3a, 0xc8, 0xff, 0x5b, 0x3a, 0xc8, 0xff,
    0x5b, 0x3a, 0xc8, 0xff, 0x5b, 0x3a, 0xc8, 0xff, 0x5b, 0x3a, 0xc8, 0xff, 0x5b, 0x3a, 0xc8, 0xff,
    0x5b, 0x3a, 0xc8, 0xff, 0x5b, 0x3a, 0xc8, 0xff, 0x5b, 0x3a, 0xc8, 0xff, 0x5b, 0x3a, 0xc8, 0xff,
    0x5b, 0x3a, 0xc8, 0xff, 0x5b, 0x3a, 0xc8, 0xff, 0x5b, 0x3a, 0xc8, 0xff, 0x5b, 0x3a, 0xc8, 0xff,
    0x5b, 0x3a, 0xc8, 0xff, 0x5b, 0x3a, 0xc8, 0xff, 0x5b, 0x3a, 0xc8, 0xff, 0x5b, 0x3a, 0xc8, 0xff,
    0x5b, 0x3a, 0xc8, 0xff, 0x74, 0x59, 0xd0, 0xff, 0xdb, 0xd3, 0xf2, 0xff, 0xff, 0xff, 0xff, 0xff,
    0xff, 0xff, 0xff, 0xff, 0xff, 0xff, 0xff, 0xff, 0xff, 0xff, 0xff, 0xff, 0xff, 0xff, 0xff, 0xff,
    0xa2, 0x90, 0xdf, 0xff, 0x5b, 0x3a, 0xc8, 0xff, 0x5b, 0x3a, 0xc8, 0xff, 0x5b, 0x3a, 0xc8, 0xff,
    0x5b, 0x3a, 0xc8, 0xff, 0x5b, 0x3a, 0xc8, 0xff, 0x5b, 0x3a, 0xc8, 0xff, 0x5b, 0x3a, 0xc8, 0xff,
    0x5b, 0x3a, 0xc8, 0xff, 0x5b, 0x3a, 0xc8, 0xff, 0x5b, 0x3a, 0xc8, 0xff, 0x5b, 0x3a, 0xc8, 0xff,
    0x5b, 0x3a, 0xc8, 0xff, 0x5b, 0x3a, 0xc8, 0xff, 0x5b, 0x3a, 0xc8, 0xff, 0x5b, 0x3a, 0xc8, 0xff,
    0x5b, 0x3a, 0xc8, 0xff, 0x5b, 0x3a, 0xc8, 0xff, 0x5b, 0x3a, 0xc8, 0xff, 0x5b, 0x3a, 0xc8, 0xff,
    0x5b, 0x3a, 0xc8, 0xff, 0x5b, 0x3a, 0xc8, 0xff, 0x5b, 0x3a, 0xc8, 0xff, 0x5b, 0x3a, 0xc8, 0xff,
    0x5b, 0x3a, 0xc8, 0xff, 0x5b, 0x3a, 0xc8, 0xff, 0x5b, 0x3a, 0xc8, 0xff, 0x5b, 0x3a, 0xc8, 0xff,
    0x5b, 0x3a, 0xc8, 0xff, 0x5b, 0x3a, 0xc8, 0xff, 0x5b, 0x3a, 0xc8, 0xff, 0x5b, 0x3a, 0xc8, 0xff,
    0x5b, 0x3a, 0xc8, 0xff, 0x5b, 0x3a, 0xc8, 0xff, 0x5b, 0x3a, 0xc8, 0xff, 0x5b, 0x3a, 0xc8, 0xff,
    0x5b, 0x3a, 0xc8, 0xff, 0x5b, 0x3a, 0xc8, 0xff, 0x5b, 0x3a, 0xc8, 0xff, 0x5b, 0x3a, 0xc8, 0xff,
    0x5b, 0x3a, 0xc8, 0xff, 0x5b, 0x3a, 0xc8, 0xff, 0x5b, 0x3a, 0xc8, 0xff, 0x5b, 0x3a, 0xc8, 0xff,
    0x5b, 0x3a, 0xc8, 0xff, 0x5b, 0x3a, 0xc8, 0xff, 0x5b, 0x3a, 0xc8, 0xff, 0x5b, 0x3a, 0xc8, 0xff,
    0x5b, 0x3a, 0xc8, 0xff, 0x5b, 0x3a, 0xc8, 0xff, 0x5b, 0x3a, 0xc8, 0xff, 0x5b, 0x3a, 0xc8, 0xff,
    0x5b, 0x3a, 0xc8, 0xff, 0x5b, 0x3a, 0xc8, 0xff, 0x5b, 0x3a, 0xc8, 0xff, 0x5b, 0x3a, 0xc8, 0xff,
    0x5b, 0x3a, 0xc8, 0xff, 0x5b, 0x3a, 0xc8, 0xff, 0x5b, 0x3a, 0xc8, 0xff, 0x5b, 0x3a, 0xc8, 0xff,
    0x5b, 0x3a, 0xc8, 0xff, 0x5b, 0x3a, 0xc8, 0xff, 0x5b, 0x3a, 0xc8, 0xff, 0x5b, 0x3a, 0xc8, 0xff,
    0x5b, 0x3a, 0xc8, 0xff, 0x5b, 0x3a, 0xc8, 0xff, 0x5b, 0x3a, 0xc8, 0xff, 0x5b, 0x3a, 0xc8, 0xff,
    0x5b, 0x3a, 0xc8, 0xff, 0x5b, 0x3a, 0xc8, 0xff, 0x5b, 0x3a, 0xc8, 0xff, 0x5b, 0x3a, 0xc8, 0xff,
    0x5b, 0x3a, 0xc8, 0xff, 0x5b, 0x3a, 0xc8, 0xff, 0x5b, 0x3a, 0xc8, 0xff, 0x5b, 0x3a, 0xc8, 0xff,
    0x5b, 0x3a, 0xc8, 0xff, 0x5b, 0x3a, 0xc8, 0xff, 0x5b, 0x3a, 0xc8, 0xff, 0x5b, 0x3a, 0xc8, 0xff,
    0x5b, 0x3a, 0xc8, 0xff, 0x5b, 0x3a, 0xc8, 0xff, 0x5b, 0x3a, 0xc8, 0xff, 0x5b, 0x3a, 0xc8, 0xff,
    0x5b, 0x3a, 0xc8, 0xff, 0x5b, 0x3a, 0xc8, 0xff, 0x5b, 0x3a, 0xc8, 0xff, 0x5b, 0x3a, 0xc8, 0xff,
    0x5b, 0x3a, 0xc8, 0xff, 0x5b, 0x3a, 0xc8, 0xff, 0x5b, 0x3a, 0xc8, 0xff, 0x5b, 0x3a, 0xc8, 0xff,
    0x5b, 0x3a, 0xc8, 0xff, 0x5b, 0x3a, 0xc8, 0xff, 0x5b, 0x3a, 0xc8, 0xff, 0x60, 0x40, 0xc9, 0xff,
    0xf7, 0xf5, 0xfc, 0xff, 0xff, 0xff, 0xff, 0xff, 0xff, 0xff, 0xff, 0xff, 0xff, 0xff, 0xff, 0xff,
    0xff, 0xff, 0xff, 0xff, 0xff, 0xff, 0xff, 0xff, 0xff, 0xff, 0xff, 0xff, 0xff, 0xff, 0xff, 0xff,
    0xc6, 0xbb, 0xec, 0xff, 0x79, 0x5f, 0xd2, 0xff, 0x5b, 0x3a, 0xc8, 0xff, 0x5b, 0x3a, 0xc8, 0xff,
    0x5b, 0x3a, 0xc8, 0xff, 0x5b, 0x3a, 0xc8, 0xff, 0x5b, 0x3a, 0xc8, 0xff, 0x5b, 0x3a, 0xc8, 0xff,
    0x5b, 0x3a, 0xc8, 0xff, 0x5b, 0x3a, 0xc8, 0xff, 0x5b, 0x3a, 0xc8, 0xff, 0x5b, 0x3a, 0xc8, 0xff,
    0x5b, 0x3a, 0xc8, 0xff, 0x5b, 0x3a, 0xc8, 0xff, 0x5b, 0x3a, 0xc8, 0xff, 0x5b, 0x3a, 0xc8, 0xff,
    0x5b, 0x3a, 0xc8, 0xff, 0x77, 0x5c, 0xd1, 0xff, 0xc1, 0xb5, 0xea, 0xff, 0xfc, 0xfb, 0xfe, 0xff,
    0xff, 0xff, 0xff, 0xff, 0xff, 0xff, 0xff, 0xff, 0xff, 0xff, 0xff, 0xff, 0xff, 0xff, 0xff, 0xff,
    0xff, 0xff, 0xff, 0xff, 0xff, 0xff, 0xff, 0xff, 0xf4, 0xf2, 0xfb, 0xff, 0x60, 0x40, 0xc9, 0xff,
    0x5b, 0x3a, 0xc8, 0xff, 0x5b, 0x3a, 0xc8, 0xff, 0x5b, 0x3a, 0xc8, 0xff, 0x5b, 0x3a, 0xc8, 0xff,
    0x5b, 0x3a, 0xc8, 0xff, 0x5b, 0x3a, 0xc8, 0xff, 0x5b, 0x3a, 0xc8, 0xff, 0x5b, 0x3a, 0xc8, 0xff,
    0x5b, 0x3a, 0xc8, 0xff, 0x5b, 0x3a, 0xc8, 0xff, 0x5b, 0x3a, 0xc8, 0xff, 0x5b, 0x3a, 0xc8, 0xff,
    0x5b, 0x3a, 0xc8, 0xff, 0x5b, 0x3a, 0xc8, 0xff, 0x5b, 0x3a, 0xc8, 0xff, 0x5b, 0x3a, 0xc8, 0xff,
    0x5b, 0x3a, 0xc8, 0xff, 0x5b, 0x3a, 0xc8, 0xff, 0x5b, 0x3a, 0xc8, 0xff, 0x5b, 0x3a, 0xc8, 0xff,
    0x5b, 0x3a, 0xc8, 0xff, 0x5b, 0x3a, 0xc8, 0xff, 0x5b, 0x3a, 0xc8, 0xff, 0x5b, 0x3a, 0xc8, 0xff,
    0x5b, 0x3a, 0xc8, 0xff, 0x5b, 0x3a, 0xc8, 0xff, 0x5b, 0x3a, 0xc8, 0xff, 0x5b, 0x3a, 0xc8, 0xff,
    0x5b, 0x3a, 0xc8, 0xff, 0x5b, 0x3a, 0xc8, 0xff, 0x5b, 0x3a, 0xc8, 0xff, 0x5b, 0x3a, 0xc8, 0xff,
    0x5b, 0x3a, 0xc8, 0xff, 0x5b, 0x3a, 0xc8, 0xff, 0x5b, 0x3a, 0xc8, 0xff, 0x5b, 0x3a, 0xc8, 0xff,
    0x5b, 0x3a, 0xc8, 0xff, 0x5b, 0x3a, 0xc8, 0xff, 0x5b, 0x3a, 0xc8, 0xff, 0x5b, 0x3a, 0xc8, 0xff,
    0x5b, 0x3a, 0xc8, 0xff, 0x5b, 0x3a, 0xc8, 0xff, 0x5b, 0x3a, 0xc8, 0xff, 0x5b, 0x3a, 0xc8, 0xff,
    0x5b, 0x3a, 0xc8, 0xff, 0x5b, 0x3a, 0xc8, 0xff, 0x5b, 0x3a, 0xc8, 0xff, 0x5b, 0x3a, 0xc8, 0xff,
    0x5b, 0x3a, 0xc8, 0xff, 0x5b, 0x3a, 0xc8, 0xff, 0x5b, 0x3a, 0xc8, 0xff, 0x5b, 0x3a, 0xc8, 0xff,
    0x5b, 0x3a, 0xc8, 0xff, 0x5b, 0x3a, 0xc8, 0xff, 0x5b, 0x3a, 0xc8, 0xff, 0x5b, 0x3a, 0xc8, 0xff,
    0x5b, 0x3a, 0xc8, 0xff, 0x5b, 0x3a, 0xc8, 0xff, 0x5b, 0x3a, 0xc8, 0xff, 0x5b, 0x3a, 0xc8, 0xff,
    0x5b, 0x3a, 0xc8, 0xff, 0x5b, 0x3a, 0xc8, 0xff, 0x5b, 0x3a, 0xc8, 0xff, 0x5b, 0x3a, 0xc8, 0xff,
    0x5b, 0x3a, 0xc8, 0xff, 0x5b, 0x3a, 0xc8, 0xff, 0x5b, 0x3a, 0xc8, 0xff, 0x5b, 0x3a, 0xc8, 0xff,
    0x5b, 0x3a, 0xc8, 0xff, 0x5b, 0x3a, 0xc8, 0xff, 0x5b, 0x3a, 0xc8, 0xff, 0x5b, 0x3a, 0xc8, 0xff,
    0x5b, 0x3a, 0xc8, 0xff, 0x5b, 0x3a, 0xc8, 0xff, 0x5b, 0x3a, 0xc8, 0xff, 0x5b, 0x3a, 0xc8, 0xff,
    0x5b, 0x3a, 0xc8, 0xff, 0x5b, 0x3a, 0xc8, 0xff, 0x5b, 0x3a, 0xc8, 0xff, 0x5b, 0x3a, 0xc8, 0xff,
    0x5b, 0x3a, 0xc8, 0xff, 0x5b, 0x3a, 0xc8, 0xff, 0x5b, 0x3a, 0xc8, 0xff, 0x5b, 0x3a, 0xc8, 0xff,
    0x5b, 0x3a, 0xc8, 0xff, 0x5b, 0x3a, 0xc8, 0xff, 0x5b, 0x3a, 0xc8, 0xff, 0x5b, 0x3a, 0xc8, 0xff,
    0x5b, 0x3a, 0xc8, 0xff, 0x5b, 0x3a, 0xc8, 0xff, 0x5b, 0x3a, 0xc8, 0xff, 0x5b, 0x3a, 0xc8, 0xff,
    0x5b, 0x3a, 0xc8, 0xff, 0x77, 0x5b, 0xd1, 0xff, 0xff, 0xff, 0xff, 0xff, 0xff, 0xff, 0xff, 0xff,
    0xff, 0xff, 0xff, 0xff, 0xff, 0xff, 0xff, 0xff, 0xff, 0xff, 0xff, 0xff, 0xff, 0xff, 0xff, 0xff,
    0xff, 0xff, 0xff, 0xff, 0xff, 0xff, 0xff, 0xff, 0xff, 0xff, 0xff, 0xff, 0xff, 0xff, 0xff, 0xff,
    0xdb, 0xd4, 0xf2, 0xff, 0xa8, 0x96, 0xe1, 0xff, 0x77, 0x5c, 0xd1, 0xff, 0x5b, 0x3a, 0xc8, 0xff,
    0x5b, 0x3a, 0xc8, 0xff, 0x5b, 0x3a, 0xc8, 0xff, 0x5b, 0x3a, 0xc8, 0xff, 0x5b, 0x3a, 0xc8, 0xff,
    0x5b, 0x3a, 0xc8, 0xff, 0x5b, 0x3a, 0xc8, 0xff, 0x5b, 0x3a, 0xc8, 0xff, 0x5b, 0x3a, 0xc8, 0xff,
    0x77, 0x5b, 0xd1, 0xff, 0xa5, 0x93, 0xe1, 0xff, 0xdd, 0xd7, 0xf3, 0xff, 0xff, 0xff, 0xff, 0xff,
    0xff, 0xff, 0xff, 0xff, 0xff, 0xff, 0xff, 0xff, 0xff, 0xff, 0xff, 0xff, 0xff, 0xff, 0xff, 0xff,
    0xff, 0xff, 0xff, 0xff, 0xff, 0xff, 0xff, 0xff, 0xff, 0xff, 0xff, 0xff, 0xff, 0xff, 0xff, 0xff,
    0xff, 0xff, 0xff, 0xff, 0x79, 0x5e, 0xd2, 0xff, 0x5b, 0x3a, 0xc8, 0xff, 0x5b, 0x3a, 0xc8, 0xff,
    0x5b, 0x3a, 0xc8, 0xff, 0x5b, 0x3a, 0xc8, 0xff, 0x5b, 0x3a, 0xc8, 0xff, 0x5b, 0x3a, 0xc8, 0xff,
    0x5b, 0x3a, 0xc8, 0xff, 0x5b, 0x3a, 0xc8, 0xff, 0x5b, 0x3a, 0xc8, 0xff, 0x5b, 0x3a, 0xc8, 0xff,
    0x5b, 0x3a, 0xc8, 0xff, 0x5b, 0x3a, 0xc8, 0xff, 0x5b, 0x3a, 0xc8, 0xff, 0x5b, 0x3a, 0xc8, 0xff,
    0x5b, 0x3a, 0xc8, 0xff, 0x5b, 0x3a, 0xc8, 0xff, 0x5b, 0x3a, 0xc8, 0xff, 0x5b, 0x3a, 0xc8, 0xff,
    0x5b, 0x3a, 0xc8, 0xff, 0x5b, 0x3a, 0xc8, 0xff, 0x5b, 0x3a, 0xc8, 0xff, 0x5b, 0x3a, 0xc8, 0xff,
    0x5b, 0x3a, 0xc8, 0xff, 0x5b, 0x3a, 0xc8, 0xff, 0x5b, 0x3a, 0xc8, 0xff, 0x5b, 0x3a, 0xc8, 0xff,
    0x5b, 0x3a, 0xc8, 0xff, 0x5b, 0x3a, 0xc8, 0xff, 0x5b, 0x3a, 0xc8, 0xff, 0x5b, 0x3a, 0xc8, 0xff,
    0x5b, 0x3a, 0xc8, 0xff, 0x5b, 0x3a, 0xc8, 0xff, 0x5b, 0x3a, 0xc8, 0xff, 0x5b, 0x3a, 0xc8, 0xff,
    0x5b, 0x3a, 0xc8, 0xff, 0x5b, 0x3a, 0xc8, 0xff, 0x5b, 0x3a, 0xc8, 0xff, 0x5b, 0x3a, 0xc8, 0xff,
    0x5b, 0x3a, 0xc8, 0xff, 0x5b, 0x3a, 0xc8, 0xff, 0x5b, 0x3a, 0xc8, 0xff, 0x5b, 0x3a, 0xc8, 0xff,
    0x5b, 0x3a, 0xc8, 0xff, 0x5b, 0x3a, 0xc8, 0xff, 0x5b, 0x3a, 0xc8, 0xff, 0x5b, 0x3a, 0xc8, 0xff,
    0x5b, 0x3a, 0xc8, 0xff, 0x5b, 0x3a, 0xc8, 0xff, 0x5b, 0x3a, 0xc8, 0xff, 0x5b, 0x3a, 0xc8, 0xff,
    0x5b, 0x3a, 0xc8, 0xff, 0x5b, 0x3a, 0xc8, 0xff, 0x5b, 0x3a, 0xc8, 0xff, 0x5b, 0x3a, 0xc8, 0xff,
    0x5b, 0x3a, 0xc8, 0xff, 0x5b, 0x3a, 0xc8, 0xff, 0x5b, 0x3a, 0xc8, 0xff, 0x5b, 0x3a, 0xc8, 0xff,
    0x5b, 0x3a, 0xc8, 0xff, 0x5b, 0x3a, 0xc8, 0xff, 0x5b, 0x3a, 0xc8, 0xff, 0x5b, 0x3a, 0xc8, 0xff,
    0x5b, 0x3a, 0xc8, 0xff, 0x5b, 0x3a, 0xc8, 0xff, 0x5b, 0x3a, 0xc8, 0xff, 0x5b, 0x3a, 0xc8, 0xff,
    0x5b, 0x3a, 0xc8, 0xff, 0x5b, 0x3a, 0xc8, 0xff, 0x5b, 0x3a, 0xc8, 0xff, 0x5b, 0x3a, 0xc8, 0xff,
    0x5b, 0x3a, 0xc8, 0xff, 0x5b, 0x3a, 0xc8, 0xff, 0x5b, 0x3a, 0xc8, 0xff, 0x5b, 0x3a, 0xc8, 0xff,
    0x5b, 0x3a, 0xc8, 0xff, 0x5b, 0x3a, 0xc8, 0xff, 0x5b, 0x3a, 0xc8, 0xff, 0x5b, 0x3a, 0xc8, 0xff,
    0x5b, 0x3a, 0xc8, 0xff, 0x5b, 0x3a, 0xc8, 0xff, 0x5b, 0x3a, 0xc8, 0xff, 0x5b, 0x3a, 0xc8, 0xff,
    0x5b, 0x3a, 0xc8, 0xff, 0x5b, 0x3a, 0xc8, 0xff, 0x5b, 0x3a, 0xc8, 0xff, 0x5b, 0x3a, 0xc8, 0xff,
    0x5b, 0x3a, 0xc8, 0xff, 0x5b, 0x3a, 0xc8, 0xff, 0x5b, 0x3a, 0xc8, 0xff, 0x5b, 0x3a, 0xc8, 0xff,
    0x5b, 0x3a, 0xc8, 0xff, 0x5b, 0x3a, 0xc8, 0xff, 0x5b, 0x3a, 0xc8, 0xff, 0x67, 0x49, 0xcc, 0xff,
    0xfc, 0xfc, 0xfe, 0xff, 0xff, 0xff, 0xff, 0xff, 0xff, 0xff, 0xff, 0xff, 0xff, 0xff, 0xff, 0xff,
    0xff, 0xff, 0xff, 0xff, 0xff, 0xff, 0xff, 0xff, 0xff, 0xff, 0xff, 0xff, 0xff, 0xff, 0xff, 0xff,
    0xff, 0xff, 0xff, 0xff, 0xff, 0xff, 0xff, 0xff, 0xff, 0xff, 0xff, 0xff, 0xff, 0xff, 0xff, 0xff,
    0xff, 0xff, 0xff, 0xff, 0xf4, 0xf2, 0xfb, 0xff, 0xd8, 0xd0, 0xf2, 0xff, 0xc4, 0xb8, 0xeb, 0xff,
    0xb9, 0xac, 0xe7, 0xff, 0xb7, 0xa9, 0xe7, 0xff, 0xb7, 0xa9, 0xe7, 0xff, 0xc6, 0xbb, 0xeb, 0xff,
    0xd8, 0xd0, 0xf1, 0xff, 0xf5, 0xf2, 0xfb, 0xff, 0xff, 0xff, 0xff, 0xff, 0xff, 0xff, 0xff, 0xff,
    0xff, 0xff, 0xff, 0xff, 0xff, 0xff, 0xff, 0xff, 0xff, 0xff, 0xff, 0xff, 0xff, 0xff, 0xff, 0xff,
    0xff, 0xff, 0xff, 0xff, 0xff, 0xff, 0xff, 0xff, 0xff, 0xff, 0xff, 0xff, 0xff, 0xff, 0xff, 0xff,
    0xff, 0xff, 0xff, 0xff, 0xff, 0xff, 0xff, 0xff, 0xff, 0xff, 0xff, 0xff, 0x6d, 0x4f, 0xce, 0xff,
    0x5b, 0x3a, 0xc8, 0xff, 0x5b, 0x3a, 0xc8, 0xff, 0x5b, 0x3a, 0xc8, 0xff, 0x5b, 0x3a, 0xc8, 0xff,
    0x5b, 0x3a, 0xc8, 0xff, 0x5b, 0x3a, 0xc8, 0xff, 0x5b, 0x3a, 0xc8, 0xff, 0x5b, 0x3a, 0xc8, 0xff,
    0x5b, 0x3a, 0xc8, 0xff, 0x5b, 0x3a, 0xc8, 0xff, 0x5b, 0x3a, 0xc8, 0xff, 0x5b, 0x3a, 0xc8, 0xff,
    0x5b, 0x3a, 0xc8, 0xff, 0x5b, 0x3a, 0xc8, 0xff, 0x5b, 0x3a, 0xc8, 0xff, 0x5b, 0x3a, 0xc8, 0xff,
    0x5b, 0x3a, 0xc8, 0xff, 0x5b, 0x3a, 0xc8, 0xff, 0x5b, 0x3a, 0xc8, 0xff, 0x5b, 0x3a, 0xc8, 0xff,
    0x5b, 0x3a, 0xc8, 0xff, 0x5b, 0x3a, 0xc8, 0xff, 0x5b, 0x3a, 0xc8, 0xff, 0x5b, 0x3a, 0xc8, 0xff,
    0x5b, 0x3a, 0xc8, 0xff, 0x5b, 0x3a, 0xc8, 0xff, 0x5b, 0x3a, 0xc8, 0xff, 0x5b, 0x3a, 0xc8, 0xff,
    0x5b, 0x3a, 0xc8, 0xff, 0x5b, 0x3a, 0xc8, 0xff, 0x5b, 0x3a, 0xc8, 0xff, 0x5b, 0x3a, 0xc8, 0xff,
    0x5b, 0x3a, 0xc8, 0xff, 0x5b, 0x3a, 0xc8, 0xff, 0x5b, 0x3a, 0xc8, 0xff, 0x5b, 0x3a, 0xc8, 0xff,
    0x5b, 0x3a, 0xc8, 0xff, 0x5b, 0x3a, 0xc8, 0xff, 0x5b, 0x3a, 0xc8, 0xff, 0x5b, 0x3a, 0xc8, 0xff,
    0x5b, 0x3a, 0xc8, 0xff, 0x5b, 0x3a, 0xc8, 0xff, 0x5b, 0x3a, 0xc8, 0xff, 0x5b, 0x3a, 0xc8, 0xff,
    0x5b, 0x3a, 0xc8, 0xff, 0x5b, 0x3a, 0xc8, 0xff, 0x5b, 0x3a, 0xc8, 0xff, 0x5b, 0x3a, 0xc8, 0xff,
    0x5b, 0x3a, 0xc8, 0xff, 0x5b, 0x3a, 0xc8, 0xff, 0x5b, 0x3a, 0xc8, 0xff, 0x5b, 0x3a, 0xc8, 0xff,
    0x5b, 0x3a, 0xc8, 0xff, 0x5b, 0x3a, 0xc8, 0xff, 0x5b, 0x3a, 0xc8, 0xff, 0x5b, 0x3a, 0xc8, 0xff,
    0x5b, 0x3a, 0xc8, 0xff, 0x5b, 0x3a, 0xc8, 0xff, 0x5b, 0x3a, 0xc8, 0xff, 0x5b, 0x3a, 0xc8, 0xff,
    0x5b, 0x3a, 0xc8, 0xff, 0x5b, 0x3a, 0xc8, 0xff, 0x5b, 0x3a, 0xc8, 0xff, 0x5b, 0x3a, 0xc8, 0xff,
    0x5b, 0x3a, 0xc8, 0xff, 0x5b, 0x3a, 0xc8, 0xff, 0x5b, 0x3a, 0xc8, 0xff, 0x5b, 0x3a, 0xc8, 0xff,
    0x5b, 0x3a, 0xc8, 0xff, 0x5b, 0x3a, 0xc8, 0xff, 0x5b, 0x3a, 0xc8, 0xff, 0x5b, 0x3a, 0xc8, 0xff,
    0x5b, 0x3a, 0xc8, 0xff, 0x5b, 0x3a, 0xc8, 0xff, 0x5b, 0x3a, 0xc8, 0xff, 0x5b, 0x3a, 0xc8, 0xff,
    0x5b, 0x3a, 0xc8, 0xff, 0x5b, 0x3a, 0xc8, 0xff, 0x5b, 0x3a, 0xc8, 0xff, 0x5b, 0x3a, 0xc8, 0xff,
    0x5b, 0x3a, 0xc8, 0xff, 0x5b, 0x3a, 0xc8, 0xff, 0x5b, 0x3a, 0xc8, 0xff, 0x5b, 0x3a, 0xc8, 0xff,
    0x5b, 0x3a, 0xc8, 0xff, 0x5b, 0x3a, 0xc8, 0xff, 0x5b, 0x3a, 0xc8, 0xff, 0x5b, 0x3a, 0xc8, 0xff,
    0x5b, 0x3a, 0xc8, 0xff, 0x5b, 0x3a, 0xc8, 0xff, 0x5b, 0x3a, 0xc8, 0xff, 0x5b, 0x3a, 0xc8, 0xff,
    0x5b, 0x3a, 0xc8, 0xff, 0x5b, 0x3a, 0xc8, 0xff, 0xc9, 0xbe, 0xec, 0xff, 0xff, 0xff, 0xff, 0xff,
    0xff, 0xff, 0xff, 0xff, 0xff, 0xff, 0xff, 0xff, 0xff, 0xff, 0xff, 0xff, 0xff, 0xff, 0xff, 0xff,
    0xff, 0xff, 0xff, 0xff, 0xff, 0xff, 0xff, 0xff, 0xff, 0xff, 0xff, 0xff, 0xff, 0xff, 0xff, 0xff,
    0xff, 0xff, 0xff, 0xff, 0xff, 0xff, 0xff, 0xff, 0xff, 0xff, 0xff, 0xff, 0xff, 0xff, 0xff, 0xff,
    0xff, 0xff, 0xff, 0xff, 0xff, 0xff, 0xff, 0xff, 0xff, 0xff, 0xff, 0xff, 0xff, 0xff, 0xff, 0xff,
    0xff, 0xff, 0xff, 0xff, 0xff, 0xff, 0xff, 0xff, 0xff, 0xff, 0xff, 0xff, 0xff, 0xff, 0xff, 0xff,
    0xff, 0xff, 0xff, 0xff, 0xff, 0xff, 0xff, 0xff, 0xff, 0xff, 0xff, 0xff, 0xff, 0xff, 0xff, 0xff,
    0xff, 0xff, 0xff, 0xff, 0xff, 0xff, 0xff, 0xff, 0xff, 0xff, 0xff, 0xff, 0xff, 0xff, 0xff, 0xff,
    0xff, 0xff, 0xff, 0xff, 0xff, 0xff, 0xff, 0xff, 0xff, 0xff, 0xff, 0xff, 0xff, 0xff, 0xff, 0xff,
    0xcb, 0xc1, 0xed, 0xff, 0x5b, 0x3a, 0xc8, 0xff, 0x5b, 0x3a, 0xc8, 0xff, 0x5b, 0x3a, 0xc8, 0xff,
    0x5b, 0x3a, 0xc8, 0xff, 0x5b, 0x3a, 0xc8, 0xff, 0x5b, 0x3a, 0xc8, 0xff, 0x5b, 0x3a, 0xc8, 0xff,
    0x5b, 0x3a, 0xc8, 0xff, 0x5b, 0x3a, 0xc8, 0xff, 0x5b, 0x3a, 0xc8, 0xff, 0x5b, 0x3a, 0xc8, 0xff,
    0x5b, 0x3a, 0xc8, 0xff, 0x5b, 0x3a, 0xc8, 0xff, 0x5b, 0x3a, 0xc8, 0xff, 0x5b, 0x3a, 0xc8, 0xff,
    0x5b, 0x3a, 0xc8, 0xff, 0x5b, 0x3a, 0xc8, 0xff, 0x5b, 0x3a, 0xc8, 0xff, 0x5b, 0x3a, 0xc8, 0xff,
    0x5b, 0x3a, 0xc8, 0xff, 0x5b, 0x3a, 0xc8, 0xff, 0x5b, 0x3a, 0xc8, 0xff, 0x5b, 0x3a, 0xc8, 0xff,
    0x5b, 0x3a, 0xc8, 0xff, 0x5b, 0x3a, 0xc8, 0xff, 0x5b, 0x3a, 0xc8, 0xff, 0x5b, 0x3a, 0xc8, 0xff,
    0x5b, 0x3a, 0xc8, 0xff, 0x5b, 0x3a, 0xc8, 0xff, 0x5b, 0x3a, 0xc8, 0xff, 0x5b, 0x3a, 0xc8, 0xff,
    0x5b, 0x3a, 0xc8, 0xff, 0x5b, 0x3a, 0xc8, 0xff, 0x5b, 0x3a, 0xc8, 0xff, 0x5b, 0x3a, 0xc8, 0xff,
    0x5b, 0x3a, 0xc8, 0xff, 0x5b, 0x3a, 0xc8, 0xff, 0x5b, 0x3a, 0xc8, 0xff, 0x5b, 0x3a, 0xc8, 0xff,
    0x5b, 0x3a, 0xc8, 0xff, 0x5b, 0x3a, 0xc8, 0xff, 0x5b, 0x3a, 0xc8, 0xff, 0x5b, 0x3a, 0xc8, 0xff,
    0x5b, 0x3a, 0xc8, 0xff, 0x5b, 0x3a, 0xc8, 0xff, 0x5b, 0x3a, 0xc8, 0xff, 0x5b, 0x3a, 0xc8, 0xff,
    0x5b, 0x3a, 0xc8, 0xff, 0x5b, 0x3a, 0xc8, 0xff, 0x5b, 0x3a, 0xc8, 0xff, 0x5b, 0x3a, 0xc8, 0xff,
    0x5b, 0x3a, 0xc8, 0xff, 0x5b, 0x3a, 0xc8, 0xff, 0x5b, 0x3a, 0xc8, 0xff, 0x5b, 0x3a, 0xc8, 0xff,
    0x5b, 0x3a, 0xc8, 0xff, 0x5b, 0x3a, 0xc8, 0xff, 0x5b, 0x3a, 0xc8, 0xff, 0x5b, 0x3a, 0xc8, 0xff,
    0x5b, 0x3a, 0xc8, 0xff, 0x5b, 0x3a, 0xc8, 0xff, 0x5b, 0x3a, 0xc8, 0xff, 0x5b, 0x3a, 0xc8, 0xff,
    0x5b, 0x3a, 0xc8, 0xff, 0x5b, 0x3a, 0xc8, 0xff, 0x5b, 0x3a, 0xc8, 0xff, 0x5b, 0x3a, 0xc8, 0xff,
    0x5b, 0x3a, 0xc8, 0xff, 0x5b, 0x3a, 0xc8, 0xff, 0x5b, 0x3a, 0xc8, 0xff, 0x5b, 0x3a, 0xc8, 0xff,
    0x5b, 0x3a, 0xc8, 0xff, 0x5b, 0x3a, 0xc8, 0xff, 0x5b, 0x3a, 0xc8, 0xff, 0x5b, 0x3a, 0xc8, 0xff,
    0x5b, 0x3a, 0xc8, 0xff, 0x5b, 0x3a, 0xc8, 0xff, 0x5b, 0x3a, 0xc8, 0xff, 0x5b, 0x3a, 0xc8, 0xff,
    0x5b, 0x3a, 0xc8, 0xff, 0x5b, 0x3a, 0xc8, 0xff, 0x5b, 0x3a, 0xc8, 0xff, 0x5b, 0x3a, 0xc8, 0xff,
    0x5b, 0x3a, 0xc8, 0xff, 0x5b, 0x3a, 0xc8, 0xff, 0x5b, 0x3a, 0xc8, 0xff, 0x5b, 0x3a, 0xc8, 0xff,
    0x5b, 0x3a, 0xc8, 0xff, 0x5b, 0x3a, 0xc8, 0xff, 0x5b, 0x3a, 0xc8, 0xff, 0x5b, 0x3a, 0xc8, 0xff,
    0x5b, 0x3a, 0xc8, 0xff, 0x5b, 0x3a, 0xc8, 0xff, 0x5b, 0x3a, 0xc8, 0xff, 0x5b, 0x3a, 0xc8, 0xff,
    0x6a, 0x4c, 0xcd, 0xff, 0xdb, 0xd4, 0xf3, 0xff, 0xff, 0xff, 0xff, 0xff, 0xff, 0xff, 0xff, 0xff,
    0xff, 0xff, 0xff, 0xff, 0xff, 0xff, 0xff, 0xff, 0xff, 0xff, 0xff, 0xff, 0xff, 0xff, 0xff, 0xff,
    0xff, 0xff, 0xff, 0xff, 0xff, 0xff, 0xff, 0xff, 0xff, 0xff, 0xff, 0xff, 0xff, 0xff, 0xff, 0xff,
    0xff, 0xff, 0xff, 0xff, 0xff, 0xff, 0xff, 0xff, 0xff, 0xff, 0xff, 0xff, 0xff, 0xff, 0xff, 0xff,
    0xff, 0xff, 0xff, 0xff, 0xff, 0xff, 0xff, 0xff, 0xff, 0xff, 0xff, 0xff, 0xff, 0xff, 0xff, 0xff,
    0xff, 0xff, 0xff, 0xff, 0xff, 0xff, 0xff, 0xff, 0xff, 0xff, 0xff, 0xff, 0xff, 0xff, 0xff, 0xff,
    0xff, 0xff, 0xff, 0xff, 0xff, 0xff, 0xff, 0xff, 0xff, 0xff, 0xff, 0xff, 0xff, 0xff, 0xff, 0xff,
    0xff, 0xff, 0xff, 0xff, 0xff, 0xff, 0xff, 0xff, 0xff, 0xff, 0xff, 0xff, 0xff, 0xff, 0xff, 0xff,
    0xff, 0xff, 0xff, 0xff, 0xdb, 0xd4, 0xf3, 0xff, 0x6a, 0x4c, 0xcd, 0xff, 0x5b, 0x3a, 0xc8, 0xff,
    0x5b, 0x3a, 0xc8, 0xff, 0x5b, 0x3a, 0xc8, 0xff, 0x5b, 0x3a, 0xc8, 0xff, 0x5b, 0x3a, 0xc8, 0xff,
    0x5b, 0x3a, 0xc8, 0xff, 0x5b, 0x3a, 0xc8, 0xff, 0x5b, 0x3a, 0xc8, 0xff, 0x5b, 0x3a, 0xc8, 0xff,
    0x5b, 0x3a, 0xc8, 0xff, 0x5b, 0x3a, 0xc8, 0xff, 0x5b, 0x3a, 0xc8, 0xff, 0x5b, 0x3a, 0xc8, 0xff,
    0x5b, 0x3a, 0xc8, 0xff, 0x5b, 0x3a, 0xc8, 0xff, 0x5b, 0x3a, 0xc8, 0xff, 0x5b, 0x3a, 0xc8, 0xff,
    0x5b, 0x3a, 0xc8, 0xff, 0x5b, 0x3a, 0xc8, 0xff, 0x5b, 0x3a, 0xc8, 0xff, 0x5b, 0x3a, 0xc8, 0xff,
    0x5b, 0x3a, 0xc8, 0xff, 0x5b, 0x3a, 0xc8, 0xff, 0x5b, 0x3a, 0xc8, 0xff, 0x5b, 0x3a, 0xc8, 0xff,
    0x5b, 0x3a, 0xc8, 0xff, 0x5b, 0x3a, 0xc8, 0xff, 0x5b, 0x3a, 0xc8, 0xff, 0x5b, 0x3a, 0xc8, 0xff,
    0x5b, 0x3a, 0xc8, 0xff, 0x5b, 0x3a, 0xc8, 0xff, 0x5b, 0x3a, 0xc8, 0xff, 0x5b, 0x3a, 0xc8, 0xff,
    0x5b, 0x3a, 0xc8, 0xff, 0x5b, 0x3a, 0xc8, 0xff, 0x5b, 0x3a, 0xc8, 0xff, 0x5b, 0x3a, 0xc8, 0xff,
    0x5b, 0x3a, 0xc8, 0xff, 0x5b, 0x3a, 0xc8, 0xff, 0x5b, 0x3a, 0xc8, 0xff, 0x5b, 0x3a, 0xc8, 0xff,
    0x5b, 0x3a, 0xc8, 0xff, 0x5b, 0x3a, 0xc8, 0xff, 0x5b, 0x3a, 0xc8, 0xff, 0x5b, 0x3a, 0xc8, 0xff,
    0x5b, 0x3a, 0xc8, 0xff, 0x5b, 0x3a, 0xc8, 0xff, 0x5b, 0x3a, 0xc8, 0xff, 0x5b, 0x3a, 0xc8, 0xff,
    0x5b, 0x3a, 0xc8, 0xff, 0x5b, 0x3a, 0xc8, 0xff, 0x5b, 0x3a, 0xc8, 0xff, 0x5b, 0x3a, 0xc8, 0xff,
    0x5b, 0x3a, 0xc8, 0xff, 0x5b, 0x3a, 0xc8, 0xff, 0x5b, 0x3a, 0xc8, 0xff, 0x5b, 0x3a, 0xc8, 0xff,
    0x5b, 0x3a, 0xc8, 0xff, 0x5b, 0x3a, 0xc8, 0xff, 0x5b, 0x3a, 0xc8, 0xff, 0x5b, 0x3a, 0xc8, 0xff,
    0x5b, 0x3a, 0xc8, 0xff, 0x5b, 0x3a, 0xc8, 0xff, 0x5b, 0x3a, 0xc8, 0xff, 0x5b, 0x3a, 0xc8, 0xff,
    0x5b, 0x3a, 0xc8, 0xff, 0x5b, 0x3a, 0xc8, 0xff, 0x5b, 0x3a, 0xc8, 0xff, 0x5b, 0x3a, 0xc8, 0xff,
    0x5b, 0x3a, 0xc8, 0xff, 0x5b, 0x3a, 0xc8, 0xff, 0x5b, 0x3a, 0xc8, 0xff, 0x5b, 0x3a, 0xc8, 0xff,
    0x5b, 0x3a, 0xc8, 0xff, 0x5b, 0x3a, 0xc8, 0xff, 0x5b, 0x3a, 0xc8, 0xff, 0x5b, 0x3a, 0xc8, 0xff,
    0x5b, 0x3a, 0xc8, 0xff, 0x5b, 0x3a, 0xc8, 0xff, 0x5b, 0x3a, 0xc8, 0xff, 0x5b, 0x3a, 0xc8, 0xff,
    0x5b, 0x3a, 0xc8, 0xff, 0x5b, 0x3a, 0xc8, 0xff, 0x5b, 0x3a, 0xc8, 0xff, 0x5b, 0x3a, 0xc8, 0xff,
    0x5b, 0x3a, 0xc8, 0xff, 0x5b, 0x3a, 0xc8, 0xff, 0x5b, 0x3a, 0xc8, 0xff, 0x5b, 0x3a, 0xc8, 0xff,
    0x5b, 0x3a, 0xc8, 0xff, 0x5b, 0x3a, 0xc8, 0xff, 0x5b, 0x3a, 0xc8, 0xff, 0x5b, 0x3a, 0xc8, 0xff,
    0x5b, 0x3a, 0xc8, 0xff, 0x5b, 0x3a, 0xc8, 0xff, 0x5b, 0x3a, 0xc8, 0xff, 0x60, 0x40, 0xc9, 0xff,
    0xad, 0x9c, 0xe3, 0xff, 0xfa, 0xf9, 0xfd, 0xff, 0xff, 0xff, 0xff, 0xff, 0xff, 0xff, 0xff, 0xff,
    0xff, 0xff, 0xff, 0xff, 0xff, 0xff, 0xff, 0xff, 0xff, 0xff, 0xff, 0xff, 0xff, 0xff, 0xff, 0xff,
    0xff, 0xff, 0xff, 0xff, 0xff, 0xff, 0xff, 0xff, 0xff, 0xff, 0xff, 0xff, 0xff, 0xff, 0xff, 0xff,
    0xff, 0xff, 0xff, 0xff, 0xff, 0xff, 0xff, 0xff, 0xff, 0xff, 0xff, 0xff, 0xff, 0xff, 0xff, 0xff,
    0xff, 0xff, 0xff, 0xff, 0xff, 0xff, 0xff, 0xff, 0xff, 0xff, 0xff, 0xff, 0xff, 0xff, 0xff, 0xff,
    0xff, 0xff, 0xff, 0xff, 0xff, 0xff, 0xff, 0xff, 0xff, 0xff, 0xff, 0xff, 0xff, 0xff, 0xff, 0xff,
    0xff, 0xff, 0xff, 0xff, 0xff, 0xff, 0xff, 0xff, 0xff, 0xff, 0xff, 0xff, 0xff, 0xff, 0xff, 0xff,
    0xff, 0xff, 0xff, 0xff, 0xfa, 0xf9, 0xfd, 0xff, 0xa5, 0x93, 0xe1, 0xff, 0x5d, 0x3d, 0xc9, 0xff,
    0x5b, 0x3a, 0xc8, 0xff, 0x5b, 0x3a, 0xc8, 0xff, 0x5b, 0x3a, 0xc8, 0xff, 0x5b, 0x3a, 0xc8, 0xff,
    0x5b, 0x3a, 0xc8, 0xff, 0x5b, 0x3a, 0xc8, 0xff, 0x5b, 0x3a, 0xc8, 0xff, 0x5b, 0x3a, 0xc8, 0xff,
    0x5b, 0x3a, 0xc8, 0xff, 0x5b, 0x3a, 0xc8, 0xff, 0x5b, 0x3a, 0xc8, 0xff, 0x5b, 0x3a, 0xc8, 0xff,
    0x5b, 0x3a, 0xc8, 0xff, 0x5b, 0x3a, 0xc8, 0xff, 0x5b, 0x3a, 0xc8, 0xff, 0x5b, 0x3a, 0xc8, 0xff,
    0x5b, 0x3a, 0xc8, 0xff, 0x5b, 0x3a, 0xc8, 0xff, 0x5b, 0x3a, 0xc8, 0xff, 0x5b, 0x3a, 0xc8, 0xff,
    0x5b, 0x3a, 0xc8, 0xff, 0x5b, 0x3a, 0xc8, 0xff, 0x5b, 0x3a, 0xc8, 0xff, 0x5b, 0x3a, 0xc8, 0xff,
    0x5b, 0x3a, 0xc8, 0xff, 0x5b, 0x3a, 0xc8, 0xff, 0x5b, 0x3a, 0xc8, 0xff, 0x5b, 0x3a, 0xc8, 0xff,
    0x5b, 0x3a, 0xc8, 0xff, 0x5b, 0x3a, 0xc8, 0xff, 0x5b, 0x3a, 0xc8, 0xff, 0x5b, 0x3a, 0xc8, 0xff,
    0x5b, 0x3a, 0xc8, 0xff, 0x5b, 0x3a, 0xc8, 0xff, 0x5b, 0x3a, 0xc8, 0xff, 0x5b, 0x3a, 0xc8, 0xff,
    0x5b, 0x3a, 0xc8, 0xff, 0x5b, 0x3a, 0xc8, 0xff, 0x5b, 0x3a, 0xc8, 0xff, 0x5b, 0x3a, 0xc8, 0xff,
    0x5b, 0x3a, 0xc8, 0xff, 0x5b, 0x3a, 0xc8, 0xff, 0x5b, 0x3a, 0xc8, 0xff, 0x5b, 0x3a, 0xc8, 0xff,
    0x5b, 0x3a, 0xc8, 0xff, 0x5b, 0x3a, 0xc8, 0xff, 0x5b, 0x3a, 0xc8, 0xff, 0x5b, 0x3a, 0xc8, 0xff,
    0x5b, 0x3a, 0xc8, 0xff, 0x5b, 0x3a, 0xc8, 0xff, 0x5b, 0x3a, 0xc8, 0xff, 0x5b, 0x3a, 0xc8, 0xff,
    0x5b, 0x3a, 0xc8, 0xff, 0x5b, 0x3a, 0xc8, 0xff, 0x5b, 0x3a, 0xc8, 0xff, 0x5b, 0x3a, 0xc8, 0xff,
    0x5b, 0x3a, 0xc8, 0xff, 0x5b, 0x3a, 0xc8, 0xff, 0x5b, 0x3a, 0xc8, 0xff, 0x5b, 0x3a, 0xc8, 0xff,
    0x5b, 0x3a, 0xc8, 0xff, 0x5b, 0x3a, 0xc8, 0xff, 0x5b, 0x3a, 0xc8, 0xff, 0x5b, 0x3a, 0xc8, 0xff,
    0x5b, 0x3a, 0xc8, 0xff, 0x5b, 0x3a, 0xc8, 0xff, 0x5b, 0x3a, 0xc8, 0xff, 0x5b, 0x3a, 0xc8, 0xff,
    0x5b, 0x3a, 0xc8, 0xff, 0x5b, 0x3a, 0xc8, 0xff, 0x5b, 0x3a, 0xc8, 0xff, 0x5b, 0x3a, 0xc8, 0xff,
    0x5b, 0x3a, 0xc8, 0xff, 0x5b, 0x3a, 0xc8, 0xff, 0x5b, 0x3a, 0xc8, 0xff, 0x5b, 0x3a, 0xc8, 0xff,
    0x5b, 0x3a, 0xc8, 0xff, 0x5b, 0x3a, 0xc8, 0xff, 0x5b, 0x3a, 0xc8, 0xff, 0x5b, 0x3a, 0xc8, 0xff,
    0x5b, 0x3a, 0xc8, 0xff, 0x5b, 0x3a, 0xc8, 0xff, 0x5b, 0x3a, 0xc8, 0xff, 0x5b, 0x3a, 0xc8, 0xff,
    0x5b, 0x3a, 0xc8, 0xff, 0x5b, 0x3a, 0xc8, 0xff, 0x5b, 0x3a, 0xc8, 0xff, 0x5b, 0x3a, 0xc8, 0xff,
    0x5b, 0x3a, 0xc8, 0xff, 0x5b, 0x3a, 0xc8, 0xff, 0x5b, 0x3a, 0xc8, 0xff, 0x5b, 0x3a, 0xc8, 0xff,
    0x5b, 0x3a, 0xc8, 0xff, 0x5b, 0x3a, 0xc8, 0xff, 0x5b, 0x3a, 0xc8, 0xff, 0x5b, 0x3a, 0xc8, 0xff,
    0x5b, 0x3a, 0xc8, 0xff, 0x5b, 0x3a, 0xc8, 0xff, 0x5b, 0x3a, 0xc8, 0xff, 0x6f, 0x52, 0xcf, 0xff,
    0xc6, 0xbb, 0xec, 0xff, 0xff, 0xff, 0xff, 0xff, 0xff, 0xff, 0xff, 0xff, 0xff, 0xff, 0xff, 0xff,
    0xff, 0xff, 0xff, 0xff, 0xff, 0xff, 0xff, 0xff, 0xff, 0xff, 0xff, 0xff, 0xff, 0xff, 0xff, 0xff,
    0xff, 0xff, 0xff, 0xff, 0xff, 0xff, 0xff, 0xff, 0xff, 0xff, 0xff, 0xff, 0xff, 0xff, 0xff, 0xff,
    0xff, 0xff, 0xff, 0xff, 0xff, 0xff, 0xff, 0xff, 0xff, 0xff, 0xff, 0xff, 0xff, 0xff, 0xff, 0xff,
    0xff, 0xff, 0xff, 0xff, 0xff, 0xff, 0xff, 0xff, 0xff, 0xff, 0xff, 0xff, 0xff, 0xff, 0xff, 0xff,
    0xff, 0xff, 0xff, 0xff, 0xff, 0xff, 0xff, 0xff, 0xff, 0xff, 0xff, 0xff, 0xff, 0xff, 0xff, 0xff,
    0xff, 0xff, 0xff, 0xff, 0xfc, 0xfc, 0xfe, 0xff, 0xc1, 0xb5, 0xea, 0xff, 0x72, 0x55, 0xd0, 0xff,
    0x5b, 0x3a, 0xc8, 0xff, 0x5b, 0x3a, 0xc8, 0xff, 0x5b, 0x3a, 0xc8, 0xff, 0x5b, 0x3a, 0xc8, 0xff,
    0x5b, 0x3a, 0xc8, 0xff, 0x5b, 0x3a, 0xc8, 0xff, 0x5b, 0x3a, 0xc8, 0xff, 0x5b, 0x3a, 0xc8, 0xff,
    0x5b, 0x3a, 0xc8, 0xff, 0x5b, 0x3a, 0xc8, 0xff, 0x5b, 0x3a, 0xc8, 0xff, 0x5b, 0x3a, 0xc8, 0xff,
    0x5b, 0x3a, 0xc8, 0xff, 0x5b, 0x3a, 0xc8, 0xff, 0x5b, 0x3a, 0xc8, 0xff, 0x5b, 0x3a, 0xc8, 0xff,
    0x5b, 0x3a, 0xc8, 0xff, 0x5b, 0x3a, 0xc8, 0xff, 0x5b, 0x3a, 0xc8, 0xff, 0x5b, 0x3a, 0xc8, 0xff,
    0x5b, 0x3a, 0xc8, 0xff, 0x5b, 0x3a, 0xc8, 0xff, 0x5b, 0x3a, 0xc8, 0xff, 0x5b, 0x3a, 0xc8, 0xff,
    0x5b, 0x3a, 0xc8, 0xff, 0x5b, 0x3a, 0xc8, 0xff, 0x5b, 0x3a, 0xc8, 0xff, 0x5b, 0x3a, 0xc8, 0xff,
    0x5b, 0x3a, 0xc8, 0xff, 0x5b, 0x3a, 0xc8, 0xff, 0x5b, 0x3a, 0xc8, 0xff, 0x5b, 0x3a, 0xc8, 0xff,
    0x5b, 0x3a, 0xc8, 0xff, 0x5b, 0x3a, 0xc8, 0xff, 0x5b, 0x3a, 0xc8, 0xff, 0x5b, 0x3a, 0xc8, 0xff,
    0x5b, 0x3a, 0xc8, 0xff, 0x5b, 0x3a, 0xc8, 0xff, 0x5b, 0x3a, 0xc8, 0xff, 0x5b, 0x3a, 0xc8, 0xff,
    0x5b, 0x3a, 0xc8, 0xff, 0x5b, 0x3a, 0xc8, 0xff, 0x5b, 0x3a, 0xc8, 0xff, 0x5b, 0x3a, 0xc8, 0xff,
    0x5b, 0x3a, 0xc8, 0xff, 0x5b, 0x3a, 0xc8, 0xff, 0x5b, 0x3a, 0xc8, 0xff, 0x5b, 0x3a, 0xc8, 0xff,
    0x5b, 0x3a, 0xc8, 0xff, 0x5b, 0x3a, 0xc8, 0xff, 0x5b, 0x3a, 0xc8, 0xff, 0x5b, 0x3a, 0xc8, 0xff,
    0x5b, 0x3a, 0xc8, 0xff, 0x5b, 0x3a, 0xc8, 0xff, 0x5b, 0x3a, 0xc8, 0xff, 0x5b, 0x3a, 0xc8, 0xff,
    0x5b, 0x3a, 0xc8, 0xff, 0x5b, 0x3a, 0xc8, 0xff, 0x5b, 0x3a, 0xc8, 0xff, 0x5b, 0x3a, 0xc8, 0xff,
    0x5b, 0x3a, 0xc8, 0xff, 0x5b, 0x3a, 0xc8, 0xff, 0x5b, 0x3a, 0xc8, 0xff, 0x5b, 0x3a, 0xc8, 0xff,
    0x5b, 0x3a, 0xc8, 0xff, 0x5b, 0x3a, 0xc8, 0xff, 0x5b, 0x3a, 0xc8, 0xff, 0x5b, 0x3a, 0xc8, 0xff,
    0x5b, 0x3a, 0xc8, 0xff, 0x5b, 0x3a, 0xc8, 0xff, 0x5b, 0x3a, 0xc8, 0xff, 0x5b, 0x3a, 0xc8, 0xff,
    0x5b, 0x3a, 0xc8, 0xff, 0x5b, 0x3a, 0xc8, 0xff, 0x5b, 0x3a, 0xc8, 0xff, 0x5b, 0x3a, 0xc8, 0xff,
    0x5b, 0x3a, 0xc8, 0xff, 0x5b, 0x3a, 0xc8, 0xff, 0x5b, 0x3a, 0xc8, 0xff, 0x5b, 0x3a, 0xc8, 0xff,
    0x5b, 0x3a, 0xc8, 0xff, 0x5b, 0x3a, 0xc8, 0xff, 0x5b, 0x3a, 0xc8, 0xff, 0x5b, 0x3a, 0xc8, 0xff,
    0x5b, 0x3a, 0xc8, 0xff, 0x5b, 0x3a, 0xc8, 0xff, 0x5b, 0x3a, 0xc8, 0xff, 0x5b, 0x3a, 0xc8, 0xff,
    0x5b, 0x3a, 0xc8, 0xff, 0x5b, 0x3a, 0xc8, 0xff, 0x5b, 0x3a, 0xc8, 0xff, 0x5b, 0x3a, 0xc8, 0xff,
    0x5b, 0x3a, 0xc8, 0xff, 0x5b, 0x3a, 0xc8, 0xff, 0x5b, 0x3a, 0xc8, 0xff, 0x5b, 0x3a, 0xc8, 0xff,
    0x5b, 0x3a, 0xc8, 0xff, 0x5b, 0x3a, 0xc8, 0xff, 0x5b, 0x3a, 0xc8, 0xff, 0x5b, 0x3a, 0xc8, 0xff,
    0x5b, 0x3a, 0xc8, 0xff, 0x5b, 0x3a, 0xc8, 0xff, 0x5b, 0x3a, 0xc8, 0xff, 0x79, 0x5f, 0xd2, 0xff,
    0xbc, 0xaf, 0xe8, 0xff, 0xfa, 0xf9, 0xfd, 0xff, 0xff, 0xff, 0xff, 0xff, 0xff, 0xff, 0xff, 0xff,
    0xff, 0xff, 0xff, 0xff, 0xff, 0xff, 0xff, 0xff, 0xff, 0xff, 0xff, 0xff, 0xff, 0xff, 0xff, 0xff,
    0xff, 0xff, 0xff, 0xff, 0xff, 0xff, 0xff, 0xff, 0xff, 0xff, 0xff, 0xff, 0xff, 0xff, 0xff, 0xff,
    0xff, 0xff, 0xff, 0xff, 0xff, 0xff, 0xff, 0xff, 0xff, 0xff, 0xff, 0xff, 0xff, 0xff, 0xff, 0xff,
    0xff, 0xff, 0xff, 0xff, 0xff, 0xff, 0xff, 0xff, 0xff, 0xff, 0xff, 0xff, 0xff, 0xff, 0xff, 0xff,
    0xff, 0xff, 0xff, 0xff, 0xf4, 0xf2, 0xfb, 0xff, 0xbf, 0xb2, 0xe9, 0xff, 0x72, 0x55, 0xd0, 0xff,
    0x5b, 0x3a, 0xc8, 0xff, 0x5b, 0x3a, 0xc8, 0xff, 0x5b, 0x3a, 0xc8, 0xff, 0x5b, 0x3a, 0xc8, 0xff,
    0x5b, 0x3a, 0xc8, 0xff, 0x5b, 0x3a, 0xc8, 0xff, 0x5b, 0x3a, 0xc8, 0xff, 0x5b, 0x3a, 0xc8, 0xff,
    0x5c, 0x3c, 0xc8, 0xff, 0x75, 0x59, 0xd0, 0xff, 0x78, 0x5c, 0xd1, 0xff, 0x64, 0x45, 0xcb, 0xff,
    0x5b, 0x3a, 0xc8, 0xff, 0x5b, 0x3a, 0xc8, 0xff, 0x5b, 0x3a, 0xc8, 0xff, 0x5b, 0x3a, 0xc8, 0xff,
    0x5b, 0x3a, 0xc8, 0xff, 0x5b, 0x3a, 0xc8, 0xff, 0x5b, 0x3a, 0xc8, 0xff, 0x5b, 0x3a, 0xc8, 0xff,
    0x5b, 0x3a, 0xc8, 0xff, 0x5b, 0x3a, 0xc8, 0xff, 0x5b, 0x3a, 0xc8, 0xff, 0x5b, 0x3a, 0xc8, 0xff,
    0x5b, 0x3a, 0xc8, 0xff, 0x5b, 0x3a, 0xc8, 0xff, 0x5b, 0x3a, 0xc8, 0xff, 0x5b, 0x3a, 0xc8, 0xff,
    0x5b, 0x3a, 0xc8, 0xff, 0x5b, 0x3a, 0xc8, 0xff, 0x5b, 0x3a, 0xc8, 0xff, 0x5b, 0x3a, 0xc8, 0xff,
    0x5b, 0x3a, 0xc8, 0xff, 0x5b, 0x3a, 0xc8, 0xff, 0x5b, 0x3a, 0xc8, 0xff, 0x5b, 0x3a, 0xc8, 0xff,
    0x5b, 0x3a, 0xc8, 0xff, 0x5b, 0x3a, 0xc8, 0xff, 0x5b, 0x3a, 0xc8, 0xff, 0x5b, 0x3a, 0xc8, 0xff,
    0x5b, 0x3a, 0xc8, 0xff, 0x5b, 0x3a, 0xc8, 0xff, 0x5b, 0x3a, 0xc8, 0xff, 0x5b, 0x3a, 0xc8, 0xff,
    0x5b, 0x3a, 0xc8, 0xff, 0x5b, 0x3a, 0xc8, 0xff, 0x5b, 0x3a, 0xc8, 0xff, 0x5b, 0x3a, 0xc8, 0xff,
    0x5b, 0x3a, 0xc8, 0xff, 0x5b, 0x3a, 0xc8, 0xff, 0x5b, 0x3a, 0xc8, 0xff, 0x5b, 0x3a, 0xc8, 0xff,
    0x5b, 0x3a, 0xc8, 0xff, 0x5b, 0x3a, 0xc8, 0xff, 0x5b, 0x3a, 0xc8, 0xff, 0x5b, 0x3a, 0xc8, 0xff,
    0x5b, 0x3a, 0xc8, 0xff, 0x5b, 0x3a, 0xc8, 0xff, 0x5b, 0x3a, 0xc8, 0xff, 0x5b, 0x3a, 0xc8, 0xff,
    0x5b, 0x3a, 0xc8, 0xff, 0x5b, 0x3a, 0xc8, 0xff, 0x5b, 0x3a, 0xc8, 0xff, 0x5b, 0x3a, 0xc8, 0xff,
    0x5b, 0x3a, 0xc8, 0xff, 0x5b, 0x3a, 0xc8, 0xff, 0x5b, 0x3a, 0xc8, 0xff, 0x5b, 0x3a, 0xc8, 0xff,
    0x5b, 0x3a, 0xc8, 0xff, 0x5b, 0x3a, 0xc8, 0xff, 0x5b, 0x3a, 0xc8, 0xff, 0x5b, 0x3a, 0xc8, 0xff,
    0x5b, 0x3a, 0xc8, 0xff, 0x5b, 0x3a, 0xc8, 0xff, 0x5b, 0x3a, 0xc8, 0xff, 0x5b, 0x3a, 0xc8, 0xff,
    0x5b, 0x3a, 0xc8, 0xff, 0x5b, 0x3a, 0xc8, 0xff, 0x5b, 0x3a, 0xc8, 0xff, 0x5b, 0x3a, 0xc8, 0xff,
    0x5b, 0x3a, 0xc8, 0xff, 0x5b, 0x3a, 0xc8, 0xff, 0x5b, 0x3a, 0xc8, 0xff, 0x5b, 0x3a, 0xc8, 0xff,
    0x5b, 0x3a, 0xc8, 0xff, 0x5b, 0x3a, 0xc8, 0xff, 0x5b, 0x3a, 0xc8, 0xff, 0x5b, 0x3a, 0xc8, 0xff,
    0x5b, 0x3a, 0xc8, 0xff, 0x5b, 0x3a, 0xc8, 0xff, 0x5b, 0x3a, 0xc8, 0xff, 0x5b, 0x3a, 0xc8, 0xff,
    0x5e, 0x3d, 0xc9, 0xff, 0x8c, 0x75, 0xd8, 0xff, 0xb1, 0xa1, 0xe5, 0xff, 0xb5, 0xa6, 0xe6, 0xff,
    0xa1, 0x8e, 0xdf, 0xff, 0x6d, 0x50, 0xce, 0xff, 0x5b, 0x3a, 0xc8, 0xff, 0x5b, 0x3a, 0xc8, 0xff,
    0x5b, 0x3a, 0xc8, 0xff, 0x5b, 0x3a, 0xc8, 0xff, 0x5b, 0x3a, 0xc8, 0xff, 0x5b, 0x3a, 0xc8, 0xff,
    0x5b, 0x3a, 0xc8, 0xff, 0x5b, 0x3a, 0xc8, 0xff, 0x5b, 0x3a, 0xc8, 0xff, 0x65, 0x46, 0xcb, 0xff,
    0x98, 0x84, 0xdc, 0xff, 0xce, 0xc4, 0xee, 0xff, 0xf7, 0xf5, 0xfc, 0xff, 0xff, 0xff, 0xff, 0xff,
    0xff, 0xff, 0xff, 0xff, 0xff, 0xff, 0xff, 0xff, 0xff, 0xff, 0xff, 0xff, 0xff, 0xff, 0xff, 0xff,
    0xff, 0xff, 0xff, 0xff, 0xff, 0xff, 0xff, 0xff, 0xff, 0xff, 0xff, 0xff, 0xff, 0xff, 0xff, 0xff,
    0xff, 0xff, 0xff, 0xff, 0xff, 0xff, 0xff, 0xff, 0xff, 0xff, 0xff, 0xff, 0xff, 0xff, 0xff, 0xff,
    0xf7, 0xf5, 0xfc, 0xff, 0xce, 0xc4, 0xee, 0xff, 0x98, 0x84, 0xdc, 0xff, 0x65, 0x46, 0xcb, 0xff,
    0x5b, 0x3a, 0xc8, 0xff, 0x5b, 0x3a, 0xc8, 0xff, 0x5b, 0x3a, 0xc8, 0xff, 0x5b, 0x3a, 0xc8, 0xff,
    0x5b, 0x3a, 0xc8, 0xff, 0x5b, 0x3a, 0xc8, 0xff, 0x5b, 0x3a, 0xc8, 0xff, 0x5b, 0x3a, 0xc8, 0xff,
    0x5b, 0x3a, 0xc8, 0xff, 0x75, 0x59, 0xd0, 0xff, 0xb2, 0xa3, 0xe5, 0xff, 0xbd, 0xb0, 0xe9, 0xff,
    0xbd, 0xb0, 0xe9, 0xff, 0xba, 0xac, 0xe8, 0xff, 0x8c, 0x75, 0xd8, 0xff, 0x5b, 0x3a, 0xc8, 0xff,
    0x5b, 0x3a, 0xc8, 0xff, 0x5b, 0x3a, 0xc8, 0xff, 0x5b, 0x3a, 0xc8, 0xff, 0x5b, 0x3a, 0xc8, 0xff,
    0x5b, 0x3a, 0xc8, 0xff, 0x5b, 0x3a, 0xc8, 0xff, 0x5b, 0x3a, 0xc8, 0xff, 0x5b, 0x3a, 0xc8, 0xff,
    0x5b, 0x3a, 0xc8, 0xff, 0x5b, 0x3a, 0xc8, 0xff, 0x5b, 0x3a, 0xc8, 0xff, 0x5b, 0x3a, 0xc8, 0xff,
    0x5b, 0x3a, 0xc8, 0xff, 0x5b, 0x3a, 0xc8, 0xff, 0x5b, 0x3a, 0xc8, 0xff, 0x5b, 0x3a, 0xc8, 0xff,
    0x5b, 0x3a, 0xc8, 0xff, 0x5b, 0x3a, 0xc8, 0xff, 0x5b, 0x3a, 0xc8, 0xff, 0x5b, 0x3a, 0xc8, 0xff,
    0x5b, 0x3a, 0xc8, 0xff, 0x5b, 0x3a, 0xc8, 0xff, 0x5b, 0x3a, 0xc8, 0xff, 0x5b, 0x3a, 0xc8, 0xff,
    0x5b, 0x3a, 0xc8, 0xff, 0x5b, 0x3a, 0xc8, 0xff, 0x5b, 0x3a, 0xc8, 0xff, 0x5b, 0x3a, 0xc8, 0xff,
    0x5b, 0x3a, 0xc8, 0xff, 0x5b, 0x3a, 0xc8, 0xff, 0x5b, 0x3a, 0xc8, 0xff, 0x5b, 0x3a, 0xc8, 0xff,
    0x5b, 0x3a, 0xc8, 0xff, 0x5b, 0x3a, 0xc8, 0xff, 0x5b, 0x3a, 0xc8, 0xff, 0x5b, 0x3a, 0xc8, 0xff,
    0x5b, 0x3a, 0xc8, 0xff, 0x5b, 0x3a, 0xc8, 0xff, 0x5b, 0x3a, 0xc8, 0xff, 0x5b, 0x3a, 0xc8, 0xff,
    0x5b, 0x3a, 0xc8, 0xff, 0x5b, 0x3a, 0xc8, 0xff, 0x5b, 0x3a, 0xc8, 0xff, 0x5b, 0x3a, 0xc8, 0xff,
    0x5b, 0x3a, 0xc8, 0xff, 0x5b, 0x3a, 0xc8, 0xff, 0x5b, 0x3a, 0xc8, 0xff, 0x5b, 0x3a, 0xc8, 0xff,
    0x5b, 0x3a, 0xc8, 0xff, 0x5b, 0x3a, 0xc8, 0xff, 0x5b, 0x3a, 0xc8, 0xff, 0x5b, 0x3a, 0xc8, 0xff,
    0x5b, 0x3a, 0xc8, 0xff, 0x5b, 0x3a, 0xc8, 0xff, 0x5b, 0x3a, 0xc8, 0xff, 0x5b, 0x3a, 0xc8, 0xff,
    0x5b, 0x3a, 0xc8, 0xff, 0x5b, 0x3a, 0xc8, 0xff, 0x5b, 0x3a, 0xc8, 0xff, 0x5b, 0x3a, 0xc8, 0xff,
    0x5b, 0x3a, 0xc8, 0xff, 0x5b, 0x3a, 0xc8, 0xff, 0x5b, 0x3a, 0xc8, 0xff, 0x5b, 0x3a, 0xc8, 0xff,
    0x5b, 0x3a, 0xc8, 0xff, 0x5b, 0x3a, 0xc8, 0xff, 0x5b, 0x3a, 0xc8, 0xff, 0x5b, 0x3a, 0xc8, 0xff,
    0x5b, 0x3a, 0xc8, 0xff, 0x5b, 0x3a, 0xc8, 0xff, 0x5b, 0x3a, 0xc8, 0xff, 0x5b, 0x3a, 0xc8, 0xff,
    0x5b, 0x3a, 0xc8, 0xff, 0x5b, 0x3a, 0xc8, 0xff, 0x5b, 0x3a, 0xc8, 0xff, 0x5b, 0x3a, 0xc8, 0xff,
    0x5b, 0x3a, 0xc8, 0xff, 0x5b, 0x3a, 0xc8, 0xff, 0x9b, 0x87, 0xdd, 0xff, 0xbd, 0xb0, 0xe9, 0xff,
    0xbd, 0xb0, 0xe9, 0xff, 0xbd, 0xb0, 0xe9, 0xff, 0xbd, 0xb0, 0xe9, 0xff, 0xba, 0xac, 0xe8, 0xff,
    0x8c, 0x74, 0xd8, 0xff, 0x5e, 0x3d, 0xc9, 0xff, 0x5b, 0x3a, 0xc8, 0xff, 0x5b, 0x3a, 0xc8, 0xff,
    0x5b, 0x3a, 0xc8, 0xff, 0x5b, 0x3a, 0xc8, 0xff, 0x5b, 0x3a, 0xc8, 0xff, 0x5b, 0x3a, 0xc8, 0xff,
    0x5b, 0x3a, 0xc8, 0xff, 0x5b, 0x3a, 0xc8, 0xff, 0x5b, 0x3a, 0xc8, 0xff, 0x5b, 0x3a, 0xc8, 0xff,
    0x60, 0x40, 0xc9, 0xff, 0x7e, 0x65, 0xd4, 0xff, 0xa0, 0x8d, 0xdf, 0xff, 0xba, 0xac, 0xe8, 0xff,
    0xce, 0xc4, 0xee, 0xff, 0xdd, 0xd7, 0xf3, 0xff, 0xe7, 0xe3, 0xf7, 0xff, 0xea, 0xe6, 0xf8, 0xff,
    0xe7, 0xe3, 0xf7, 0xff, 0xdd, 0xd7, 0xf3, 0xff, 0xd1, 0xc7, 0xef, 0xff, 0xb9, 0xac, 0xe7, 0xff,
    0xa0, 0x8d, 0xdf, 0xff, 0x81, 0x68, 0xd4, 0xff, 0x5d, 0x3d, 0xc9, 0xff, 0x5b, 0x3a, 0xc8, 0xff,
    0x5b, 0x3a, 0xc8, 0xff, 0x5b, 0x3a, 0xc8, 0xff, 0x5b, 0x3a, 0xc8, 0xff, 0x5b, 0x3a, 0xc8, 0xff,
    0x5b, 0x3a, 0xc8, 0xff, 0x5b, 0x3a, 0xc8, 0xff, 0x5b, 0x3a, 0xc8, 0xff, 0x5b, 0x3a, 0xc8, 0xff,
    0x5b, 0x3a, 0xc8, 0xff, 0x5c, 0x3c, 0xc8, 0xff, 0x8f, 0x78, 0xd9, 0xff, 0xbb, 0xae, 0xe8, 0xff,
    0xbd, 0xb0, 0xe9, 0xff, 0xbd, 0xb0, 0xe9, 0xff, 0xbd, 0xb0, 0xe9, 0xff, 0xbd, 0xb0, 0xe9, 0xff,
    0xbd, 0xb0, 0xe9, 0xff, 0x7e, 0x64, 0xd3, 0xff, 0x5b, 0x3a, 0xc8, 0xff, 0x5b, 0x3a, 0xc8, 0xff,
    0x5b, 0x3a, 0xc8, 0xff, 0x5b, 0x3a, 0xc8, 0xff, 0x5b, 0x3a, 0xc8, 0xff, 0x5b, 0x3a, 0xc8, 0xff,
    0x5b, 0x3a, 0xc8, 0xff, 0x5b, 0x3a, 0xc8, 0xff, 0x5b, 0x3a, 0xc8, 0xff, 0x5b, 0x3a, 0xc8, 0xff,
    0x5b, 0x3a, 0xc8, 0xff, 0x5b, 0x3a, 0xc8, 0xff, 0x5b, 0x3a, 0xc8, 0xff, 0x5b, 0x3a, 0xc8, 0xff,
    0x5b, 0x3a, 0xc8, 0xff, 0x5b, 0x3a, 0xc8, 0xff, 0x5b, 0x3a, 0xc8, 0xff, 0x5b, 0x3a, 0xc8, 0xff,
    0x5b, 0x3a, 0xc8, 0xff, 0x5b, 0x3a, 0xc8, 0xff, 0x5b, 0x3a, 0xc8, 0xff, 0x5b, 0x3a, 0xc8, 0xff,
    0x5b, 0x3a, 0xc8, 0xff, 0x5b, 0x3a, 0xc8, 0xff, 0x5b, 0x3a, 0xc8, 0xff, 0x5b, 0x3a, 0xc8, 0xff,
    0x5b, 0x3a, 0xc8, 0xff, 0x5b, 0x3a, 0xc8, 0xff, 0x5b, 0x3a, 0xc8, 0xff, 0x5b, 0x3a, 0xc8, 0xff,
    0x5b, 0x3a, 0xc8, 0xff, 0x5b, 0x3a, 0xc8, 0xff, 0x5b, 0x3a, 0xc8, 0xff, 0x5b, 0x3a, 0xc8, 0xff,
    0x5b, 0x3a, 0xc8, 0xff, 0x5b, 0x3a, 0xc8, 0xff, 0x5b, 0x3a, 0xc8, 0xff, 0x5b, 0x3a, 0xc8, 0xff,
    0x5b, 0x3a, 0xc8, 0xff, 0x5b, 0x3a, 0xc8, 0xff, 0x5b, 0x3a, 0xc8, 0xff, 0x5b, 0x3a, 0xc8, 0xff,
    0x5b, 0x3a, 0xc8, 0xff, 0x5b, 0x3a, 0xc8, 0xff, 0x5b, 0x3a, 0xc8, 0xff, 0x5b, 0x3a, 0xc8, 0xff,
    0x5b, 0x3a, 0xc8, 0xff, 0x5b, 0x3a, 0xc8, 0xff, 0x5b, 0x3a, 0xc8, 0xff, 0x5b, 0x3a, 0xc8, 0xff,
    0x5b, 0x3a, 0xc8, 0xff, 0x5b, 0x3a, 0xc8, 0xff, 0x5b, 0x3a, 0xc8, 0xff, 0x5b, 0x3a, 0xc8, 0xff,
    0x5b, 0x3a, 0xc8, 0xff, 0x5b, 0x3a, 0xc8, 0xff, 0x5b, 0x3a, 0xc8, 0xff, 0x5b, 0x3a, 0xc8, 0xff,
    0x5b, 0x3a, 0xc8, 0xff, 0x5b, 0x3a, 0xc8, 0xff, 0x5b, 0x3a, 0xc8, 0xff, 0x5b, 0x3a, 0xc8, 0xff,
    0x5b, 0x3a, 0xc8, 0xff, 0x5b, 0x3a, 0xc8, 0xff, 0x5b, 0x3a, 0xc8, 0xff, 0x5b, 0x3a, 0xc8, 0xff,
    0x5b, 0x3a, 0xc8, 0xff, 0x5b, 0x3a, 0xc8, 0xff, 0x5b, 0x3a, 0xc8, 0xff, 0x5b, 0x3a, 0xc8, 0xff,
    0x5b, 0x3a, 0xc8, 0xff, 0x5b, 0x3a, 0xc8, 0xff, 0x5b, 0x3a, 0xc8, 0xff, 0x5b, 0x3a, 0xc8, 0xff,
    0x5b, 0x3a, 0xc8, 0xff, 0x5b, 0x3a, 0xc8, 0xff, 0x5b, 0x3a, 0xc8, 0xff, 0x6d, 0x50, 0xce, 0xff,
    0xbd, 0xb0, 0xe9, 0xff, 0xbd, 0xb0, 0xe9, 0xff, 0xbd, 0xb0, 0xe9, 0xff, 0xbd, 0xb0, 0xe9, 0xff,
    0xbd, 0xb0, 0xe9, 0xff, 0xbd, 0xb0, 0xe9, 0xff, 0xbd, 0xb0, 0xe9, 0xff, 0xaa, 0x99, 0xe2, 0xff,
    0x6f, 0x52, 0xce, 0xff, 0x5b, 0x3a, 0xc8, 0xff, 0x5b, 0x3a, 0xc8, 0xff, 0x5b, 0x3a, 0xc8, 0xff,
    0x5b, 0x3a, 0xc8, 0xff, 0x5b, 0x3a, 0xc8, 0xff, 0x5b, 0x3a, 0xc8, 0xff, 0x5b, 0x3a, 0xc8, 0xff,
    0x5b, 0x3a, 0xc8, 0xff, 0x5b, 0x3a, 0xc8, 0xff, 0x5b, 0x3a, 0xc8, 0xff, 0x5b, 0x3a, 0xc8, 0xff,
    0x5b, 0x3a, 0xc8, 0xff, 0x5b, 0x3a, 0xc8, 0xff, 0x5b, 0x3a, 0xc8, 0xff, 0x5b, 0x3a, 0xc8, 0xff,
    0x5b, 0x3a, 0xc8, 0xff, 0x5b, 0x3a, 0xc8, 0xff, 0x5b, 0x3a, 0xc8, 0xff, 0x5b, 0x3a, 0xc8, 0xff,
    0x5b, 0x3a, 0xc8, 0xff, 0x5b, 0x3a, 0xc8, 0xff, 0x5b, 0x3a, 0xc8, 0xff, 0x5b, 0x3a, 0xc8, 0xff,
    0x5b, 0x3a, 0xc8, 0xff, 0x5b, 0x3a, 0xc8, 0xff, 0x5b, 0x3a, 0xc8, 0xff, 0x5b, 0x3a, 0xc8, 0xff,
    0x5b, 0x3a, 0xc8, 0xff, 0x5b, 0x3a, 0xc8, 0xff, 0x5b, 0x3a, 0xc8, 0xff, 0x5b, 0x3a, 0xc8, 0xff,
    0x5b, 0x3a, 0xc8, 0xff, 0x5b, 0x3a, 0xc8, 0xff, 0x70, 0x53, 0xcf, 0xff, 0xac, 0x9b, 0xe3, 0xff,
    0xbd, 0xb0, 0xe9, 0xff, 0xbd, 0xb0, 0xe9, 0xff, 0xbd, 0xb0, 0xe9, 0xff, 0xbd, 0xb0, 0xe9, 0xff,
    0xbd, 0xb0, 0xe9, 0xff, 0xbd, 0xb0, 0xe9, 0xff, 0xbd, 0xb0, 0xe9, 0xff, 0xa9, 0x98, 0xe2, 0xff,
    0x5b, 0x3a, 0xc8, 0xff, 0x5b, 0x3a, 0xc8, 0xff, 0x5b, 0x3a, 0xc8, 0xff, 0x5b, 0x3a, 0xc8, 0xff,
    0x5b, 0x3a, 0xc8, 0xff, 0x5b, 0x3a, 0xc8, 0xff, 0x5b, 0x3a, 0xc8, 0xff, 0x5b, 0x3a, 0xc8, 0xff,
    0x5b, 0x3a, 0xc8, 0xff, 0x5b, 0x3a, 0xc8, 0xff, 0x5b, 0x3a, 0xc8, 0xff, 0x5b, 0x3a, 0xc8, 0xff,
    0x5b, 0x3a, 0xc8, 0xff, 0x5b, 0x3a, 0xc8, 0xff, 0x5b, 0x3a, 0xc8, 0xff, 0x5b, 0x3a, 0xc8, 0xff,
    0x5b, 0x3a, 0xc8, 0xff, 0x5b, 0x3a, 0xc8, 0xff, 0x5b, 0x3a, 0xc8, 0xff, 0x5b, 0x3a, 0xc8, 0xff,
    0x5b, 0x3a, 0xc8, 0xff, 0x5b, 0x3a, 0xc8, 0xff, 0x5b, 0x3a, 0xc8, 0xff, 0x5b, 0x3a, 0xc8, 0xff,
    0x5b, 0x3a, 0xc8, 0xff, 0x5b, 0x3a, 0xc8, 0xff, 0x5b, 0x3a, 0xc8, 0xff, 0x5b, 0x3a, 0xc8, 0xff,
    0x5b, 0x3a, 0xc8, 0xff, 0x5b, 0x3a, 0xc8, 0xff, 0x5b, 0x3a, 0xc8, 0xff, 0x5b, 0x3a, 0xc8, 0xff,
    0x5b, 0x3a, 0xc8, 0xff, 0x5b, 0x3a, 0xc8, 0xff, 0x5b, 0x3a, 0xc8, 0xff, 0x5b, 0x3a, 0xc8, 0xff,
    0x5b, 0x3a, 0xc8, 0xff, 0x5b, 0x3a, 0xc8, 0xff, 0x5b, 0x3a, 0xc8, 0xff, 0x5b, 0x3a, 0xc8, 0xff,
    0x5b, 0x3a, 0xc8, 0xff, 0x5b, 0x3a, 0xc8, 0xff, 0x5b, 0x3a, 0xc8, 0xff, 0x5b, 0x3a, 0xc8, 0xff,
    0x5b, 0x3a, 0xc8, 0xff, 0x5b, 0x3a, 0xc8, 0xff, 0x5b, 0x3a, 0xc8, 0xff, 0x5b, 0x3a, 0xc8, 0xff,
    0x5b, 0x3a, 0xc8, 0xff, 0x5b, 0x3a, 0xc8, 0xff, 0x5b, 0x3a, 0xc8, 0xff, 0x5b, 0x3a, 0xc8, 0xff,
    0x5b, 0x3a, 0xc8, 0xff, 0x5b, 0x3a, 0xc8, 0xff, 0x5b, 0x3a, 0xc8, 0xff, 0x5b, 0x3a, 0xc8, 0xff,
    0x5b, 0x3a, 0xc8, 0xff, 0x5b, 0x3a, 0xc8, 0xff, 0x5b, 0x3a, 0xc8, 0xff, 0x5b, 0x3a, 0xc8, 0xff,
    0x5b, 0x3a, 0xc8, 0xff, 0x5b, 0x3a, 0xc8, 0xff, 0x5b, 0x3a, 0xc8, 0xff, 0x5b, 0x3a, 0xc8, 0xff,
    0x5b, 0x3a, 0xc8, 0xff, 0x5b, 0x3a, 0xc8, 0xff, 0x5b, 0x3a, 0xc8, 0xff, 0x5b, 0x3a, 0xc8, 0xff,
    0x5b, 0x3a, 0xc8, 0xff, 0x5b, 0x3a, 0xc8, 0xff, 0x5b, 0x3a, 0xc8, 0xff, 0x5b, 0x3a, 0xc8, 0xff,
    0x5b, 0x3a, 0xc8, 0xff, 0x5b, 0x3a, 0xc8, 0xff, 0x5b, 0x3a, 0xc8, 0xff, 0x5b, 0x3a, 0xc8, 0xff,
    0x5b, 0x3a, 0xc8, 0xff, 0x80, 0x66, 0xd4, 0xff, 0xbd, 0xb0, 0xe9, 0xff, 0xbd, 0xb0, 0xe9, 0xff,
    0xbd, 0xb0, 0xe9, 0xff, 0xbd, 0xb0, 0xe9, 0xff, 0xbd, 0xb0, 0xe9, 0xff, 0xbd, 0xb0, 0xe9, 0xff,
    0xbd, 0xb0, 0xe9, 0xff, 0xbd, 0xb0, 0xe9, 0xff, 0xbd, 0xb0, 0xe9, 0xff, 0x9b, 0x87, 0xdd, 0xff,
    0x6a, 0x4c, 0xcd, 0xff, 0x5b, 0x3a, 0xc8, 0xff, 0x5b, 0x3a, 0xc8, 0xff, 0x5b, 0x3a, 0xc8, 0xff,
    0x5b, 0x3a, 0xc8, 0xff, 0x5b, 0x3a, 0xc8, 0xff, 0x5b, 0x3a, 0xc8, 0xff, 0x5b, 0x3a, 0xc8, 0xff,
    0x5b, 0x3a, 0xc8, 0xff, 0x5b, 0x3a, 0xc8, 0xff, 0x5b, 0x3a, 0xc8, 0xff, 0x5b, 0x3a, 0xc8, 0xff,
    0x5b, 0x3a, 0xc8, 0xff, 0x5b, 0x3a, 0xc8, 0xff, 0x5b, 0x3a, 0xc8, 0xff, 0x5b, 0x3a, 0xc8, 0xff,
    0x5b, 0x3a, 0xc8, 0xff, 0x5b, 0x3a, 0xc8, 0xff, 0x5b, 0x3a, 0xc8, 0xff, 0x5b, 0x3a, 0xc8, 0xff,
    0x5b, 0x3a, 0xc8, 0xff, 0x5b, 0x3a, 0xc8, 0xff, 0x5b, 0x3a, 0xc8, 0xff, 0x5b, 0x3a, 0xc8, 0xff,
    0x5b, 0x3a, 0xc8, 0xff, 0x5b, 0x3a, 0xc8, 0xff, 0x5b, 0x3a, 0xc8, 0xff, 0x5b, 0x3a, 0xc8, 0xff,
    0x5b, 0x3a, 0xc8, 0xff, 0x5b, 0x3a, 0xc8, 0xff, 0x69, 0x4a, 0xcc, 0xff, 0x9a, 0x85, 0xdd, 0xff,
    0xbd, 0xb0, 0xe9, 0xff, 0xbd, 0xb0, 0xe9, 0xff, 0xbd, 0xb0, 0xe9, 0xff, 0xbd, 0xb0, 0xe9, 0xff,
    0xbd, 0xb0, 0xe9, 0xff, 0xbd, 0xb0, 0xe9, 0xff, 0xbd, 0xb0, 0xe9, 0xff, 0xbd, 0xb0, 0xe9, 0xff,
    0xbd, 0xb0, 0xe9, 0xff, 0xb4, 0xa4, 0xe6, 0xff, 0x5b, 0x3a, 0xc8, 0xff, 0x5b, 0x3a, 0xc8, 0xff,
    0x5b, 0x3a, 0xc8, 0xff, 0x5b, 0x3a, 0xc8, 0xff, 0x5b, 0x3a, 0xc8, 0xff, 0x5b, 0x3a, 0xc8, 0xff,
    0x5b, 0x3a, 0xc8, 0xff, 0x5b, 0x3a, 0xc8, 0xff, 0x5b, 0x3a, 0xc8, 0xff, 0x5b, 0x3a, 0xc8, 0xff,
    0x5b, 0x3a, 0xc8, 0xff, 0x5b, 0x3a, 0xc8, 0xff, 0x5b, 0x3a, 0xc8, 0xff, 0x5b, 0x3a, 0xc8, 0xff,
    0x5b, 0x3a, 0xc8, 0xff, 0x5b, 0x3a, 0xc8, 0xff, 0x5b, 0x3a, 0xc8, 0xff, 0x5b, 0x3a, 0xc8, 0xff,
    0x5b, 0x3a, 0xc8, 0xff, 0x5b, 0x3a, 0xc8, 0xff, 0x5b, 0x3a, 0xc8, 0xff, 0x5b, 0x3a, 0xc8, 0xff,
    0x5b, 0x3a, 0xc8, 0xff, 0x5b, 0x3a, 0xc8, 0xff, 0x5b, 0x3a, 0xc8, 0xff, 0x5b, 0x3a, 0xc8, 0xff,
    0x5b, 0x3a, 0xc8, 0xff, 0x5b, 0x3a, 0xc8, 0xff, 0x5b, 0x3a, 0xc8, 0xff, 0x5b, 0x3a, 0xc8, 0xff,
    0x5b, 0x3a, 0xc8, 0xff, 0x5b, 0x3a, 0xc8, 0xff, 0x5b, 0x3a, 0xc8, 0xff, 0x5b, 0x3a, 0xc8, 0xff,
    0x5b, 0x3a, 0xc8, 0xff, 0x5b, 0x3a, 0xc8, 0xff, 0x5b, 0x3a, 0xc8, 0xff, 0x5b, 0x3a, 0xc8, 0xff,
    0x5b, 0x3a, 0xc8, 0xff, 0x5b, 0x3a, 0xc8, 0xff, 0x5b, 0x3a, 0xc8, 0xff, 0x5b, 0x3a, 0xc8, 0xff,
    0x5b, 0x3a, 0xc8, 0xff, 0x5b, 0x3a, 0xc8, 0xff, 0x5b, 0x3a, 0xc8, 0xff, 0x5b, 0x3a, 0xc8, 0xff,
    0x5b, 0x3a, 0xc8, 0xff, 0x5b, 0x3a, 0xc8, 0xff, 0x5b, 0x3a, 0xc8, 0xff, 0x5b, 0x3a, 0xc8, 0xff,
    0x5b, 0x3a, 0xc8, 0xff, 0x5b, 0x3a, 0xc8, 0xff, 0x5b, 0x3a, 0xc8, 0xff, 0x5b, 0x3a, 0xc8, 0xff,
    0x5b, 0x3a, 0xc8, 0xff, 0x5b, 0x3a, 0xc8, 0xff, 0x5b, 0x3a, 0xc8, 0xff, 0x5b, 0x3a, 0xc8, 0xff,
    0x5b, 0x3a, 0xc8, 0xff, 0x5b, 0x3a, 0xc8, 0xff, 0x5b, 0x3a, 0xc8, 0xff, 0x5b, 0x3a, 0xc8, 0xff,
    0x5b, 0x3a, 0xc8, 0xff, 0x5b, 0x3a, 0xc8, 0xff, 0x5b, 0x3a, 0xc8, 0xff, 0x5b, 0x3a, 0xc8, 0xff,
    0x5b, 0x3a, 0xc8, 0xff, 0x5b, 0x3a, 0xc8, 0xff, 0x5b, 0x3a, 0xc8, 0xff, 0x5b, 0x3a, 0xc8, 0xff,
    0x5b, 0x3a, 0xc8, 0xff, 0x5b, 0x3a, 0xc8, 0xff, 0x5b, 0x3a, 0xc8, 0xff, 0x5b, 0x3a, 0xc8, 0xff,
    0x5b, 0x3a, 0xc8, 0xff, 0x5b, 0x3a, 0xc8, 0xff, 0x5b, 0x3a, 0xc8, 0xff, 0x76, 0x5b, 0xd1, 0xff,
    0xbd, 0xb0, 0xe9, 0xff, 0xbd, 0xb0, 0xe9, 0xff, 0xbd, 0xb0, 0xe9, 0xff, 0xbd, 0xb0, 0xe9, 0xff,
    0xbd, 0xb0, 0xe9, 0xff, 0xbd, 0xb0, 0xe9, 0xff, 0xbd, 0xb0, 0xe9, 0xff, 0xbd, 0xb0, 0xe9, 0xff,
    0xbd, 0xb0, 0xe9, 0xff, 0xbd, 0xb0, 0xe9, 0xff, 0xba, 0xac, 0xe8, 0xff, 0x9b, 0x87, 0xdd, 0xff,
    0x6d, 0x50, 0xce, 0xff, 0x5b, 0x3a, 0xc8, 0xff, 0x5b, 0x3a, 0xc8, 0xff, 0x5b, 0x3a, 0xc8, 0xff,
    0x5b, 0x3a, 0xc8, 0xff, 0x5b, 0x3a, 0xc8, 0xff, 0x5b, 0x3a, 0xc8, 0xff, 0x5b, 0x3a, 0xc8, 0xff,
    0x5b, 0x3a, 0xc8, 0xff, 0x5b, 0x3a, 0xc8, 0xff, 0x5b, 0x3a, 0xc8, 0xff, 0x5b, 0x3a, 0xc8, 0xff,
    0x5b, 0x3a, 0xc8, 0xff, 0x5b, 0x3a, 0xc8, 0xff, 0x5b, 0x3a, 0xc8, 0xff, 0x5b, 0x3a, 0xc8, 0xff,
    0x5b, 0x3a, 0xc8, 0xff, 0x5b, 0x3a, 0xc8, 0xff, 0x5b, 0x3a, 0xc8, 0xff, 0x5b, 0x3a, 0xc8, 0xff,
    0x5b, 0x3a, 0xc8, 0xff, 0x5b, 0x3a, 0xc8, 0xff, 0x5b, 0x3a, 0xc8, 0xff, 0x5b, 0x3a, 0xc8, 0xff,
    0x5b, 0x3a, 0xc8, 0xff, 0x5b, 0x3a, 0xc8, 0xff, 0x6f, 0x52, 0xce, 0xff, 0x98, 0x84, 0xdc, 0xff,
    0xbb, 0xae, 0xe8, 0xff, 0xbd, 0xb0, 0xe9, 0xff, 0xbd, 0xb0, 0xe9, 0xff, 0xbd, 0xb0, 0xe9, 0xff,
    0xbd, 0xb0, 0xe9, 0xff, 0xbd, 0xb0, 0xe9, 0xff, 0xbd, 0xb0, 0xe9, 0xff, 0xbd, 0xb0, 0xe9, 0xff,
    0xbd, 0xb0, 0xe9, 0xff, 0xbd, 0xb0, 0xe9, 0xff, 0xbd, 0xb0, 0xe9, 0xff, 0xa3, 0x91, 0xe0, 0xff,
    0x5b, 0x3a, 0xc8, 0xff, 0x5b, 0x3a, 0xc8, 0xff, 0x5b, 0x3a, 0xc8, 0xff, 0x5b, 0x3a, 0xc8, 0xff,
    0x5b, 0x3a, 0xc8, 0xff, 0x5b, 0x3a, 0xc8, 0xff, 0x5b, 0x3a, 0xc8, 0xff, 0x5b, 0x3a, 0xc8, 0xff,
    0x5b, 0x3a, 0xc8, 0xff, 0x5b, 0x3a, 0xc8, 0xff, 0x5b, 0x3a, 0xc8, 0xff, 0x5b, 0x3a, 0xc8, 0xff,
    0x5b, 0x3a, 0xc8, 0xff, 0x5b, 0x3a, 0xc8, 0xff, 0x5b, 0x3a, 0xc8, 0xff, 0x5b, 0x3a, 0xc8, 0xff,
    0x5b, 0x3a, 0xc8, 0xff, 0x5b, 0x3a, 0xc8, 0xff, 0x5b, 0x3a, 0xc8, 0xff, 0x5b, 0x3a, 0xc8, 0xff,
    0x5b, 0x3a, 0xc8, 0xff, 0x5b, 0x3a, 0xc8, 0xff, 0x5b, 0x3a, 0xc8, 0xff, 0x5b, 0x3a, 0xc8, 0xff,
    0x5b, 0x3a, 0xc8, 0xff, 0x5b, 0x3a, 0xc8, 0xff, 0x5b, 0x3a, 0xc8, 0xff, 0x5b, 0x3a, 0xc8, 0xff,
    0x5b, 0x3a, 0xc8, 0xff, 0x5b, 0x3a, 0xc8, 0xff, 0x5b, 0x3a, 0xc8, 0xff, 0x5b, 0x3a, 0xc8, 0xff,
    0x5b, 0x3a, 0xc8, 0xff, 0x5b, 0x3a, 0xc8, 0xff, 0x5b, 0x3a, 0xc8, 0xff, 0x5b, 0x3a, 0xc8, 0xff,
    0x5b, 0x3a, 0xc8, 0xff, 0x5b, 0x3a, 0xc8, 0xff, 0x5b, 0x3a, 0xc8, 0xff, 0x5b, 0x3a, 0xc8, 0xff,
    0x5b, 0x3a, 0xc8, 0xff, 0x5b, 0x3a, 0xc8, 0xff, 0x5b, 0x3a, 0xc8, 0xff, 0x5b, 0x3a, 0xc8, 0xff,
    0x5b, 0x3a, 0xc8, 0xff, 0x5b, 0x3a, 0xc8, 0xff, 0x5b, 0x3a, 0xc8, 0xff, 0x5b, 0x3a, 0xc8, 0xff,
    0x5b, 0x3a, 0xc8, 0xff, 0x5b, 0x3a, 0xc8, 0xff, 0x5b, 0x3a, 0xc8, 0xff, 0x5b, 0x3a, 0xc8, 0xff,
    0x5b, 0x3a, 0xc8, 0xff, 0x5b, 0x3a, 0xc8, 0xff, 0x5b, 0x3a, 0xc8, 0xff, 0x5b, 0x3a, 0xc8, 0xff,
    0x5b, 0x3a, 0xc8, 0xff, 0x5b, 0x3a, 0xc8, 0xff, 0x5b, 0x3a, 0xc8, 0xff, 0x5b, 0x3a, 0xc8, 0xff,
    0x5b, 0x3a, 0xc8, 0xff, 0x5b, 0x3a, 0xc8, 0xff, 0x5b, 0x3a, 0xc8, 0xff, 0x5b, 0x3a, 0xc8, 0xff,
    0x5b, 0x3a, 0xc8, 0xff, 0x5b, 0x3a, 0xc8, 0xff, 0x5b, 0x3a, 0xc8, 0xff, 0x5b, 0x3a, 0xc8, 0xff,
    0x5b, 0x3a, 0xc8, 0xff, 0x5b, 0x3a, 0xc8, 0xff, 0x5b, 0x3a, 0xc8, 0xff, 0x5b, 0x3a, 0xc8, 0xff,
    0x5b, 0x3a, 0xc8, 0xff, 0x5b, 0x3a, 0xc8, 0xff, 0x5b, 0x3a, 0xc8, 0xff, 0x5b, 0x3a, 0xc8, 0xff,
    0x5b, 0x3a, 0xc8, 0xff, 0x5c, 0x3b, 0xc8, 0xff, 0xb0, 0xa1, 0xe4, 0xff, 0xbd, 0xb0, 0xe9, 0xff,
    0xbd, 0xb0, 0xe9, 0xff, 0xbd, 0xb0, 0xe9, 0xff, 0xbd, 0xb0, 0xe9, 0xff, 0xbd, 0xb0, 0xe9, 0xff,
    0xbd, 0xb0, 0xe9, 0xff, 0xbd, 0xb0, 0xe9, 0xff, 0xbd, 0xb0, 0xe9, 0xff, 0xbd, 0xb0, 0xe9, 0xff,
    0xbd, 0xb0, 0xe9, 0xff, 0xbd, 0xb0, 0xe9, 0xff, 0xbd, 0xb0, 0xe9, 0xff, 0xa7, 0x96, 0xe1, 0xff,
    0x86, 0x6d, 0xd6, 0xff, 0x66, 0x47, 0xcb, 0xff, 0x5b, 0x3a, 0xc8, 0xff, 0x5b, 0x3a, 0xc8, 0xff,
    0x5b, 0x3a, 0xc8, 0xff, 0x5b, 0x3a, 0xc8, 0xff, 0x5b, 0x3a, 0xc8, 0xff, 0x5b, 0x3a, 0xc8, 0xff,
    0x5b, 0x3a, 0xc8, 0xff, 0x5b, 0x3a, 0xc8, 0xff, 0x5b, 0x3a, 0xc8, 0xff, 0x5b, 0x3a, 0xc8, 0xff,
    0x5b, 0x3a, 0xc8, 0xff, 0x5b, 0x3a, 0xc8, 0xff, 0x5b, 0x3a, 0xc8, 0xff, 0x5b, 0x3a, 0xc8, 0xff,
    0x5b, 0x3a, 0xc8, 0xff, 0x5b, 0x3a, 0xc8, 0xff, 0x5b, 0x3a, 0xc8, 0xff, 0x5b, 0x3a, 0xc8, 0xff,
    0x5b, 0x3a, 0xc8, 0xff, 0x66, 0x47, 0xcb, 0xff, 0x86, 0x6d, 0xd6, 0xff, 0xa9, 0x98, 0xe2, 0xff,
    0xbd, 0xb0, 0xe9, 0xff, 0xbd, 0xb0, 0xe9, 0xff, 0xbd, 0xb0, 0xe9, 0xff, 0xbd, 0xb0, 0xe9, 0xff,
    0xbd, 0xb0, 0xe9, 0xff, 0xbd, 0xb0, 0xe9, 0xff, 0xbd, 0xb0, 0xe9, 0xff, 0xbd, 0xb0, 0xe9, 0xff,
    0xbd, 0xb0, 0xe9, 0xff, 0xbd, 0xb0, 0xe9, 0xff, 0xbd, 0xb0, 0xe9, 0xff, 0xbd, 0xb0, 0xe9, 0xff,
    0xba, 0xac, 0xe8, 0xff, 0x73, 0x57, 0xd0, 0xff, 0x5b, 0x3a, 0xc8, 0xff, 0x5b, 0x3a, 0xc8, 0xff,
    0x5b, 0x3a, 0xc8, 0xff, 0x5b, 0x3a, 0xc8, 0xff, 0x5b, 0x3a, 0xc8, 0xff, 0x5b, 0x3a, 0xc8, 0xff,
    0x5b, 0x3a, 0xc8, 0xff, 0x5b, 0x3a, 0xc8, 0xff, 0x5b, 0x3a, 0xc8, 0xff, 0x5b, 0x3a, 0xc8, 0xff,
    0x5b, 0x3a, 0xc8, 0xff, 0x5b, 0x3a, 0xc8, 0xff, 0x5b, 0x3a, 0xc8, 0xff, 0x5b, 0x3a, 0xc8, 0xff,
    0x5b, 0x3a, 0xc8, 0xff, 0x5b, 0x3a, 0xc8, 0xff, 0x5b, 0x3a, 0xc8, 0xff, 0x5b, 0x3a, 0xc8, 0xff,
    0x5b, 0x3a, 0xc8, 0xff, 0x5b, 0x3a, 0xc8, 0xff, 0x5b, 0x3a, 0xc8, 0xff, 0x5b, 0x3a, 0xc8, 0xff,
    0x5b, 0x3a, 0xc8, 0xff, 0x5b, 0x3a, 0xc8, 0xff, 0x5b, 0x3a, 0xc8, 0xff, 0x5b, 0x3a, 0xc8, 0xff,
    0x5b, 0x3a, 0xc8, 0xff, 0x5b, 0x3a, 0xc8, 0xff, 0x5b, 0x3a, 0xc8, 0xff, 0x5b, 0x3a, 0xc8, 0xff,
    0x5b, 0x3a, 0xc8, 0xff, 0x5b, 0x3a, 0xc8, 0xff, 0x5b, 0x3a, 0xc8, 0xff, 0x5b, 0x3a, 0xc8, 0xff,
    0x5b, 0x3a, 0xc8, 0xff, 0x5b, 0x3a, 0xc8, 0xff, 0x5b, 0x3a, 0xc8, 0xff, 0x5b, 0x3a, 0xc8, 0xff,
    0x5b, 0x3a, 0xc8, 0xff, 0x5b, 0x3a, 0xc8, 0xff, 0x5b, 0x3a, 0xc8, 0xff, 0x5b, 0x3a, 0xc8, 0xff,
    0x5b, 0x3a, 0xc8, 0xff, 0x5b, 0x3a, 0xc8, 0xff, 0x5b, 0x3a, 0xc8, 0xff, 0x5b, 0x3a, 0xc8, 0xff,
    0x5b, 0x3a, 0xc8, 0xff, 0x5b, 0x3a, 0xc8, 0xff, 0x5b, 0x3a, 0xc8, 0xff, 0x5b, 0x3a, 0xc8, 0xff,
    0x5b, 0x3a, 0xc8, 0xff, 0x5b, 0x3a, 0xc8, 0xff, 0x5b, 0x3a, 0xc8, 0xff, 0x5b, 0x3a, 0xc8, 0xff,
    0x5b, 0x3a, 0xc8, 0xff, 0x5b, 0x3a, 0xc8, 0xff, 0x5b, 0x3a, 0xc8, 0xff, 0x5b, 0x3a, 0xc8, 0xff,
    0x5b, 0x3a, 0xc8, 0xff, 0x5b, 0x3a, 0xc8, 0xff, 0x5b, 0x3a, 0xc8, 0xff, 0x5b, 0x3a, 0xc8, 0xff,
    0x5b, 0x3a, 0xc8, 0xff, 0x5b, 0x3a, 0xc8, 0xff, 0x5b, 0x3a, 0xc8, 0xff, 0x5b, 0x3a, 0xc8, 0xff,
    0x5b, 0x3a, 0xc8, 0xff, 0x5b, 0x3a, 0xc8, 0xff, 0x5b, 0x3a, 0xc8, 0xff, 0x5b, 0x3a, 0xc8, 0xff,
    0x5b, 0x3a, 0xc8, 0xff, 0x5b, 0x3a, 0xc8, 0xff, 0x5b, 0x3a, 0xc8, 0xff, 0x5b, 0x3a, 0xc8, 0xff,
    0x5b, 0x3a, 0xc8, 0xff, 0x5b, 0x3a, 0xc8, 0xff, 0x5b, 0x3a, 0xc8, 0xff, 0x5b, 0x3a, 0xc8, 0xff,
    0x71, 0x55, 0xcf, 0xff, 0xb5, 0xa6, 0xe6, 0xff, 0xbd, 0xb0, 0xe9, 0xff, 0xbd, 0xb0, 0xe9, 0xff,
    0xbd, 0xb0, 0xe9, 0xff, 0xbd, 0xb0, 0xe9, 0xff, 0xbd, 0xb0, 0xe9, 0xff, 0xbd, 0xb0, 0xe9, 0xff,
    0xbd, 0xb0, 0xe9, 0xff, 0xbd, 0xb0, 0xe9, 0xff, 0xbd, 0xb0, 0xe9, 0xff, 0xbd, 0xb0, 0xe9, 0xff,
    0xbd, 0xb0, 0xe9, 0xff, 0xbd, 0xb0, 0xe9, 0xff, 0xbd, 0xb0, 0xe9, 0xff, 0xbd, 0xb0, 0xe9, 0xff,
    0xa9, 0x98, 0xe2, 0xff, 0x8f, 0x79, 0xd9, 0xff, 0x79, 0x5e, 0xd2, 0xff, 0x67, 0x49, 0xcc, 0xff,
    0x5b, 0x3a, 0xc8, 0xff, 0x5b, 0x3a, 0xc8, 0xff, 0x5b, 0x3a, 0xc8, 0xff, 0x5b, 0x3a, 0xc8, 0xff,
    0x5b, 0x3a, 0xc8, 0xff, 0x5b, 0x3a, 0xc8, 0xff, 0x5b, 0x3a, 0xc8, 0xff, 0x5b, 0x3a, 0xc8, 0xff,
    0x5b, 0x3a, 0xc8, 0xff, 0x5b, 0x3a, 0xc8, 0xff, 0x5b, 0x3a, 0xc8, 0xff, 0x66, 0x47, 0xcb, 0xff,
    0x7b, 0x60, 0xd2, 0xff, 0x8f, 0x79, 0xd9, 0xff, 0xa9, 0x98, 0xe2, 0xff, 0xbb, 0xae, 0xe8, 0xff,
    0xbd, 0xb0, 0xe9, 0xff, 0xbd, 0xb0, 0xe9, 0xff, 0xbd, 0xb0, 0xe9, 0xff, 0xbd, 0xb0, 0xe9, 0xff,
    0xbd, 0xb0, 0xe9, 0xff, 0xbd, 0xb0, 0xe9, 0xff, 0xbd, 0xb0, 0xe9, 0xff, 0xbd, 0xb0, 0xe9, 0xff,
    0xbd, 0xb0, 0xe9, 0xff, 0xbd, 0xb0, 0xe9, 0xff, 0xbd, 0xb0, 0xe9, 0xff, 0xbd, 0xb0, 0xe9, 0xff,
    0xbd, 0xb0, 0xe9, 0xff, 0xb7, 0xa8, 0xe7, 0xff, 0x75, 0x59, 0xd0, 0xff, 0x5b, 0x3a, 0xc8, 0xff,
    0x5b, 0x3a, 0xc8, 0xff, 0x5b, 0x3a, 0xc8, 0xff, 0x5b, 0x3a, 0xc8, 0xff, 0x5b, 0x3a, 0xc8, 0xff,
    0x5b, 0x3a, 0xc8, 0xff, 0x5b, 0x3a, 0xc8, 0xff, 0x5b, 0x3a, 0xc8, 0xff, 0x5b, 0x3a, 0xc8, 0xff,
    0x5b, 0x3a, 0xc8, 0xff, 0x5b, 0x3a, 0xc8, 0xff, 0x5b, 0x3a, 0xc8, 0xff, 0x5b, 0x3a, 0xc8, 0xff,
    0x5b, 0x3a, 0xc8, 0xff, 0x5b, 0x3a, 0xc8, 0xff, 0x5b, 0x3a, 0xc8, 0xff, 0x5b, 0x3a, 0xc8, 0xff,
    0x5b, 0x3a, 0xc8, 0xff, 0x5b, 0x3a, 0xc8, 0xff, 0x5b, 0x3a, 0xc8, 0xff, 0x5b, 0x3a, 0xc8, 0xff,
    0x5b, 0x3a, 0xc8, 0xff, 0x5b, 0x3a, 0xc8, 0xff, 0x5b, 0x3a, 0xc8, 0xff, 0x5b, 0x3a, 0xc8, 0xff,
    0x5b, 0x3a, 0xc8, 0xff, 0x5b, 0x3a, 0xc8, 0xff, 0x5b, 0x3a, 0xc8, 0xff, 0x5b, 0x3a, 0xc8, 0xff,
    0x5b, 0x3a, 0xc8, 0xff, 0x5b, 0x3a, 0xc8, 0xff, 0x5b, 0x3a, 0xc8, 0xff, 0x5b, 0x3a, 0xc8, 0xff,
    0x5b, 0x3a, 0xc8, 0xff, 0x5b, 0x3a, 0xc8, 0xff, 0x5b, 0x3a, 0xc8, 0xff, 0x5b, 0x3a, 0xc8, 0xff,
    0x5b, 0x3a, 0xc8, 0xff, 0x5b, 0x3a, 0xc8, 0xff, 0x5b, 0x3a, 0xc7, 0xf7, 0x5b, 0x3a, 0xc8, 0xff,
    0x5b, 0x3a, 0xc8, 0xff, 0x5b, 0x3a, 0xc8, 0xff, 0x5b, 0x3a, 0xc8, 0xff, 0x5b, 0x3a, 0xc8, 0xff,
    0x5b, 0x3a, 0xc8, 0xff, 0x5b, 0x3a, 0xc8, 0xff, 0x5b, 0x3a, 0xc8, 0xff, 0x5b, 0x3a, 0xc8, 0xff,
    0x5b, 0x3a, 0xc8, 0xff, 0x5b, 0x3a, 0xc8, 0xff, 0x5b, 0x3a, 0xc8, 0xff, 0x5b, 0x3a, 0xc8, 0xff,
    0x5b, 0x3a, 0xc8, 0xff, 0x5b, 0x3a, 0xc8, 0xff, 0x5b, 0x3a, 0xc8, 0xff, 0x5b, 0x3a, 0xc8, 0xff,
    0x5b, 0x3a, 0xc8, 0xff, 0x5b, 0x3a, 0xc8, 0xff, 0x5b, 0x3a, 0xc8, 0xff, 0x5b, 0x3a, 0xc8, 0xff,
    0x5b, 0x3a, 0xc8, 0xff, 0x5b, 0x3a, 0xc8, 0xff, 0x5b, 0x3a, 0xc8, 0xff, 0x5b, 0x3a, 0xc8, 0xff,
    0x5b, 0x3a, 0xc8, 0xff, 0x5b, 0x3a, 0xc8, 0xff, 0x5b, 0x3a, 0xc8, 0xff, 0x5b, 0x3a, 0xc8, 0xff,
    0x5b, 0x3a, 0xc8, 0xff, 0x5b, 0x3a, 0xc8, 0xff, 0x5b, 0x3a, 0xc8, 0xff, 0x5b, 0x3a, 0xc8, 0xff,
    0x5b, 0x3a, 0xc8, 0xff, 0x5b, 0x3a, 0xc8, 0xff, 0x5b, 0x3a, 0xc8, 0xff, 0x5b, 0x3a, 0xc8, 0xff,
    0x5b, 0x3a, 0xc8, 0xff, 0x5b, 0x3a, 0xc8, 0xff, 0x5b, 0x3a, 0xc8, 0xff, 0x67, 0x48, 0xcc, 0xff,
    0xa4, 0x92, 0xe0, 0xff, 0xbd, 0xb0, 0xe9, 0xff, 0xbd, 0xb0, 0xe9, 0xff, 0xbd, 0xb0, 0xe9, 0xff,
    0xbd, 0xb0, 0xe9, 0xff, 0xbd, 0xb0, 0xe9, 0xff, 0xbd, 0xb0, 0xe9, 0xff, 0xbd, 0xb0, 0xe9, 0xff,
    0xbd, 0xb0, 0xe9, 0xff, 0xbd, 0xb0, 0xe9, 0xff, 0xbd, 0xb0, 0xe9, 0xff, 0xbd, 0xb0, 0xe9, 0xff,
    0xbd, 0xb0, 0xe9, 0xff, 0xbd, 0xb0, 0xe9, 0xff, 0xbd, 0xb0, 0xe9, 0xff, 0xbd, 0xb0, 0xe9, 0xff,
    0xbd, 0xb0, 0xe9, 0xff, 0xbd, 0xb0, 0xe9, 0xff, 0xb5, 0xa6, 0xe6, 0xff, 0xaa, 0x99, 0xe2, 0xff,
    0xa0, 0x8d, 0xdf, 0xff, 0x98, 0x84, 0xdc, 0xff, 0x94, 0x7e, 0xdb, 0xff, 0x92, 0x7c, 0xda, 0xff,
    0x92, 0x7c, 0xda, 0xff, 0x9a, 0x85, 0xdd, 0xff, 0xa0, 0x8d, 0xdf, 0xff, 0xa9, 0x97, 0xe2, 0xff,
    0xb7, 0xa8, 0xe7, 0xff, 0xbd, 0xb0, 0xe9, 0xff, 0xbd, 0xb0, 0xe9, 0xff, 0xbd, 0xb0, 0xe9, 0xff,
    0xbd, 0xb0, 0xe9, 0xff, 0xbd, 0xb0, 0xe9, 0xff, 0xbd, 0xb0, 0xe9, 0xff, 0xbd, 0xb0, 0xe9, 0xff,
    0xbd, 0xb0, 0xe9, 0xff, 0xbd, 0xb0, 0xe9, 0xff, 0xbd, 0xb0, 0xe9, 0xff, 0xbd, 0xb0, 0xe9, 0xff,
    0xbd, 0xb0, 0xe9, 0xff, 0xbd, 0xb0, 0xe9, 0xff, 0xbd, 0xb0, 0xe9, 0xff, 0xbd, 0xb0, 0xe9, 0xff,
    0xbd, 0xb0, 0xe9, 0xff, 0xbd, 0xb0, 0xe9, 0xff, 0xa4, 0x92, 0xe0, 0xff, 0x65, 0x47, 0xcb, 0xff,
    0x5b, 0x3a, 0xc8, 0xff, 0x5b, 0x3a, 0xc8, 0xff, 0x5b, 0x3a, 0xc8, 0xff, 0x5b, 0x3a, 0xc8, 0xff,
    0x5b, 0x3a, 0xc8, 0xff, 0x5b, 0x3a, 0xc8, 0xff, 0x5b, 0x3a, 0xc8, 0xff, 0x5b, 0x3a, 0xc8, 0xff,
    0x5b, 0x3a, 0xc8, 0xff, 0x5b, 0x3a, 0xc8, 0xff, 0x5b, 0x3a, 0xc8, 0xff, 0x5b, 0x3a, 0xc8, 0xff,
    0x5b, 0x3a, 0xc8, 0xff, 0x5b, 0x3a, 0xc8, 0xff, 0x5b, 0x3a, 0xc8, 0xff, 0x5b, 0x3a, 0xc8, 0xff,
    0x5b, 0x3a, 0xc8, 0xff, 0x5b, 0x3a, 0xc8, 0xff, 0x5b, 0x3a, 0xc8, 0xff, 0x5b, 0x3a, 0xc8, 0xff,
    0x5b, 0x3a, 0xc8, 0xff, 0x5b, 0x3a, 0xc8, 0xff, 0x5b, 0x3a, 0xc8, 0xff, 0x5b, 0x3a, 0xc8, 0xff,
    0x5b, 0x3a, 0xc8, 0xff, 0x5b, 0x3a, 0xc8, 0xff, 0x5b, 0x3a, 0xc8, 0xff, 0x5b, 0x3a, 0xc8, 0xff,
    0x5b, 0x3a, 0xc8, 0xff, 0x5b, 0x3a, 0xc8, 0xff, 0x5b, 0x3a, 0xc8, 0xff, 0x5b, 0x3a, 0xc8, 0xff,
    0x5b, 0x3a, 0xc8, 0xff, 0x5b, 0x3a, 0xc8, 0xff, 0x5b, 0x3a, 0xc8, 0xff, 0x5b, 0x3a, 0xc8, 0xff,
    0x5b, 0x3a, 0xc8, 0xff, 0x5b, 0x3a, 0xc8, 0xff, 0x5b, 0x3a, 0xc8, 0xff, 0x5b, 0x3a, 0xc7, 0xf7,
    0x5b, 0x39, 0xc8, 0xe7, 0x5b, 0x3a, 0xc8, 0xff, 0x5b, 0x3a, 0xc8, 0xff, 0x5b, 0x3a, 0xc8, 0xff,
    0x5b, 0x3a, 0xc8, 0xff, 0x5b, 0x3a, 0xc8, 0xff, 0x5b, 0x3a, 0xc8, 0xff, 0x5b, 0x3a, 0xc8, 0xff,
    0x5b, 0x3a, 0xc8, 0xff, 0x5b, 0x3a, 0xc8, 0xff, 0x5b, 0x3a, 0xc8, 0xff, 0x5b, 0x3a, 0xc8, 0xff,
    0x5b, 0x3a, 0xc8, 0xff, 0x5b, 0x3a, 0xc8, 0xff, 0x5b, 0x3a, 0xc8, 0xff, 0x5b, 0x3a, 0xc8, 0xff,
    0x5b, 0x3a, 0xc8, 0xff, 0x5b, 0x3a, 0xc8, 0xff, 0x5b, 0x3a, 0xc8, 0xff, 0x5b, 0x3a, 0xc8, 0xff,
    0x5b, 0x3a, 0xc8, 0xff, 0x5b, 0x3a, 0xc8, 0xff, 0x5b, 0x3a, 0xc8, 0xff, 0x5b, 0x3a, 0xc8, 0xff,
    0x5b, 0x3a, 0xc8, 0xff, 0x5b, 0x3a, 0xc8, 0xff, 0x5b, 0x3a, 0xc8, 0xff, 0x5b, 0x3a, 0xc8, 0xff,
    0x5b, 0x3a, 0xc8, 0xff, 0x5b, 0x3a, 0xc8, 0xff, 0x5b, 0x3a, 0xc8, 0xff, 0x5b, 0x3a, 0xc8, 0xff,
    0x5b, 0x3a, 0xc8, 0xff, 0x5b, 0x3a, 0xc8, 0xff, 0x5b, 0x3a, 0xc8, 0xff, 0x5b, 0x3a, 0xc8, 0xff,
    0x5b, 0x3a, 0xc8, 0xff, 0x5b, 0x3a, 0xc8, 0xff, 0x5b, 0x3a, 0xc8, 0xff, 0x5b, 0x3a, 0xc8, 0xff,
    0x5b, 0x3a, 0xc8, 0xff, 0x5b, 0x3a, 0xc8, 0xff, 0x5b, 0x3a, 0xc8, 0xff, 0x82, 0x6a, 0xd5, 0xff,
    0xb8, 0xaa, 0xe7, 0xff, 0xbd, 0xb0, 0xe9, 0xff, 0xbd, 0xb0, 0xe9, 0xff, 0xbd, 0xb0, 0xe9, 0xff,
    0xbd, 0xb0, 0xe9, 0xff, 0xbd, 0xb0, 0xe9, 0xff, 0xbd, 0xb0, 0xe9, 0xff, 0xbd, 0xb0, 0xe9, 0xff,
    0xbd, 0xb0, 0xe9, 0xff, 0xbd, 0xb0, 0xe9, 0xff, 0xbd, 0xb0, 0xe9, 0xff, 0xbd, 0xb0, 0xe9, 0xff,
    0xbd, 0xb0, 0xe9, 0xff, 0xbd, 0xb0, 0xe9, 0xff, 0xbd, 0xb0, 0xe9, 0xff, 0xbd, 0xb0, 0xe9, 0xff,
    0xbd, 0xb0, 0xe9, 0xff, 0xbd, 0xb0, 0xe9, 0xff, 0xbd, 0xb0, 0xe9, 0xff, 0xbd, 0xb0, 0xe9, 0xff,
    0xbd, 0xb0, 0xe9, 0xff, 0xbd, 0xb0, 0xe9, 0xff, 0xbd, 0xb0, 0xe9, 0xff, 0xbd, 0xb0, 0xe9, 0xff,
    0xbd, 0xb0, 0xe9, 0xff, 0xbd, 0xb0, 0xe9, 0xff, 0xbd, 0xb0, 0xe9, 0xff, 0xbd, 0xb0, 0xe9, 0xff,
    0xbd, 0xb0, 0xe9, 0xff, 0xbd, 0xb0, 0xe9, 0xff, 0xbd, 0xb0, 0xe9, 0xff, 0xbd, 0xb0, 0xe9, 0xff,
    0xbd, 0xb0, 0xe9, 0xff, 0xbd, 0xb0, 0xe9, 0xff, 0xbd, 0xb0, 0xe9, 0xff, 0xbd, 0xb0, 0xe9, 0xff,
    0xbd, 0xb0, 0xe9, 0xff, 0xbd, 0xb0, 0xe9, 0xff, 0xbd, 0xb0, 0xe9, 0xff, 0xbd, 0xb0, 0xe9, 0xff,
    0xbd, 0xb0, 0xe9, 0xff, 0xbd, 0xb0, 0xe9, 0xff, 0xb7, 0xa8, 0xe7, 0xff, 0x84, 0x6b, 0xd5, 0xff,
    0x5b, 0x3a, 0xc8, 0xff, 0x5b, 0x3a, 0xc8, 0xff, 0x5b, 0x3a, 0xc8, 0xff, 0x5b, 0x3a, 0xc8, 0xff,
    0x5b, 0x3a, 0xc8, 0xff, 0x5b, 0x3a, 0xc8, 0xff, 0x5b, 0x3a, 0xc8, 0xff, 0x5b, 0x3a, 0xc8, 0xff,
    0x5b, 0x3a, 0xc8, 0xff, 0x5b, 0x3a, 0xc8, 0xff, 0x5b, 0x3a, 0xc8, 0xff, 0x5b, 0x3a, 0xc8, 0xff,
    0x5b, 0x3a, 0xc8, 0xff, 0x5b, 0x3a, 0xc8, 0xff, 0x5b, 0x3a, 0xc8, 0xff, 0x5b, 0x3a, 0xc8, 0xff,
    0x5b, 0x3a, 0xc8, 0xff, 0x5b, 0x3a, 0xc8, 0xff, 0x5b, 0x3a, 0xc8, 0xff, 0x5b, 0x3a, 0xc8, 0xff,
    0x5b, 0x3a, 0xc8, 0xff, 0x5b, 0x3a, 0xc8, 0xff, 0x5b, 0x3a, 0xc8, 0xff, 0x5b, 0x3a, 0xc8, 0xff,
    0x5b, 0x3a, 0xc8, 0xff, 0x5b, 0x3a, 0xc8, 0xff, 0x5b, 0x3a, 0xc8, 0xff, 0x5b, 0x3a, 0xc8, 0xff,
    0x5b, 0x3a, 0xc8, 0xff, 0x5b, 0x3a, 0xc8, 0xff, 0x5b, 0x3a, 0xc8, 0xff, 0x5b, 0x3a, 0xc8, 0xff,
    0x5b, 0x3a, 0xc8, 0xff, 0x5b, 0x3a, 0xc8, 0xff, 0x5b, 0x3a, 0xc8, 0xff, 0x5b, 0x3a, 0xc8, 0xff,
    0x5b, 0x3a, 0xc8, 0xff, 0x5b, 0x3a, 0xc8, 0xff, 0x5b, 0x3a, 0xc8, 0xff, 0x5b, 0x3a, 0xc8, 0xff,
    0x5b, 0x3a, 0xc8, 0xff, 0x5b, 0x39, 0xc8, 0xe3, 0x5a, 0x3a, 0xc8, 0xcb, 0x5b, 0x3a, 0xc8, 0xff,
    0x5b, 0x3a, 0xc8, 0xff, 0x5b, 0x3a, 0xc8, 0xff, 0x5b, 0x3a, 0xc8, 0xff, 0x5b, 0x3a, 0xc8, 0xff,
    0x5b, 0x3a, 0xc8, 0xff, 0x5b, 0x3a, 0xc8, 0xff, 0x5b, 0x3a, 0xc8, 0xff, 0x5b, 0x3a, 0xc8, 0xff,
    0x5b, 0x3a, 0xc8, 0xff, 0x5b, 0x3a, 0xc8, 0xff, 0x5b, 0x3a, 0xc8, 0xff, 0x5b, 0x3a, 0xc8, 0xff,
    0x5b, 0x3a, 0xc8, 0xff, 0x5b, 0x3a, 0xc8, 0xff, 0x5b, 0x3a, 0xc8, 0xff, 0x5b, 0x3a, 0xc8, 0xff,
    0x5b, 0x3a, 0xc8, 0xff, 0x5b, 0x3a, 0xc8, 0xff, 0x5b, 0x3a, 0xc8, 0xff, 0x5b, 0x3a, 0xc8, 0xff,
    0x5b, 0x3a, 0xc8, 0xff, 0x5b, 0x3a, 0xc8, 0xff, 0x5b, 0x3a, 0xc8, 0xff, 0x5b, 0x3a, 0xc8, 0xff,
    0x5b, 0x3a, 0xc8, 0xff, 0x5b, 0x3a, 0xc8, 0xff, 0x5b, 0x3a, 0xc8, 0xff, 0x5b, 0x3a, 0xc8, 0xff,
    0x5b, 0x3a, 0xc8, 0xff, 0x5b, 0x3a, 0xc8, 0xff, 0x5b, 0x3a, 0xc8, 0xff, 0x5b, 0x3a, 0xc8, 0xff,
    0x5b, 0x3a, 0xc8, 0xff, 0x5b, 0x3a, 0xc8, 0xff, 0x5b, 0x3a, 0xc8, 0xff, 0x5b, 0x3a, 0xc8, 0xff,
    0x5b, 0x3a, 0xc8, 0xff, 0x5b, 0x3a, 0xc8, 0xff, 0x5b, 0x3a, 0xc8, 0xff, 0x5b, 0x3a, 0xc8, 0xff,
    0x5b, 0x3a, 0xc8, 0xff, 0x5b, 0x3a, 0xc8, 0xff, 0x64, 0x45, 0xcb, 0xff, 0x96, 0x81, 0xdc, 0xff,
    0xbd, 0xb0, 0xe9, 0xff, 0xbd, 0xb0, 0xe9, 0xff, 0xbd, 0xb0, 0xe9, 0xff, 0xbd, 0xb0, 0xe9, 0xff,
    0xbd, 0xb0, 0xe9, 0xff, 0xbd, 0xb0, 0xe9, 0xff, 0xbd, 0xb0, 0xe9, 0xff, 0xbd, 0xb0, 0xe9, 0xff,
    0xbd, 0xb0, 0xe9, 0xff, 0xbd, 0xb0, 0xe9, 0xff, 0xbd, 0xb0, 0xe9, 0xff, 0xbd, 0xb0, 0xe9, 0xff,
    0xbd, 0xb0, 0xe9, 0xff, 0xbd, 0xb0, 0xe9, 0xff, 0xbd, 0xb0, 0xe9, 0xff, 0xbd, 0xb0, 0xe9, 0xff,
    0xbd, 0xb0, 0xe9, 0xff, 0xbd, 0xb0, 0xe9, 0xff, 0xbd, 0xb0, 0xe9, 0xff, 0xbd, 0xb0, 0xe9, 0xff,
    0xbd, 0xb0, 0xe9, 0xff, 0xbd, 0xb0, 0xe9, 0xff, 0xbd, 0xb0, 0xe9, 0xff, 0xbd, 0xb0, 0xe9, 0xff,
    0xbd, 0xb0, 0xe9, 0xff, 0xbd, 0xb0, 0xe9, 0xff, 0xbd, 0xb0, 0xe9, 0xff, 0xbd, 0xb0, 0xe9, 0xff,
    0xbd, 0xb0, 0xe9, 0xff, 0xbd, 0xb0, 0xe9, 0xff, 0xbd, 0xb0, 0xe9, 0xff, 0xbd, 0xb0, 0xe9, 0xff,
    0xbd, 0xb0, 0xe9, 0xff, 0xbd, 0xb0, 0xe9, 0xff, 0xbd, 0xb0, 0xe9, 0xff, 0xbd, 0xb0, 0xe9, 0xff,
    0xbd, 0xb0, 0xe9, 0xff, 0xbd, 0xb0, 0xe9, 0xff, 0xbb, 0xae, 0xe8, 0xff, 0x98, 0x84, 0xdc, 0xff,
    0x64, 0x45, 0xcb, 0xff, 0x5b, 0x3a, 0xc8, 0xff, 0x5b, 0x3a, 0xc8, 0xff, 0x5b, 0x3a, 0xc8, 0xff,
    0x5b, 0x3a, 0xc8, 0xff, 0x5b, 0x3a, 0xc8, 0xff, 0x5b, 0x3a, 0xc8, 0xff, 0x5b, 0x3a, 0xc8, 0xff,
    0x5b, 0x3a, 0xc8, 0xff, 0x5b, 0x3a, 0xc8, 0xff, 0x5b, 0x3a, 0xc8, 0xff, 0x5b, 0x3a, 0xc8, 0xff,
    0x5b, 0x3a, 0xc8, 0xff, 0x5b, 0x3a, 0xc8, 0xff, 0x5b, 0x3a, 0xc8, 0xff, 0x5b, 0x3a, 0xc8, 0xff,
    0x5b, 0x3a, 0xc8, 0xff, 0x5b, 0x3a, 0xc8, 0xff, 0x5b, 0x3a, 0xc8, 0xff, 0x5b, 0x3a, 0xc8, 0xff,
    0x5b, 0x3a, 0xc8, 0xff, 0x5b, 0x3a, 0xc8, 0xff, 0x5b, 0x3a, 0xc8, 0xff, 0x5b, 0x3a, 0xc8, 0xff,
    0x5b, 0x3a, 0xc8, 0xff, 0x5b, 0x3a, 0xc8, 0xff, 0x5b, 0x3a, 0xc8, 0xff, 0x5b, 0x3a, 0xc8, 0xff,
    0x5b, 0x3a, 0xc8, 0xff, 0x5b, 0x3a, 0xc8, 0xff, 0x5b, 0x3a, 0xc8, 0xff, 0x5b, 0x3a, 0xc8, 0xff,
    0x5b, 0x3a, 0xc8, 0xff, 0x5b, 0x3a, 0xc8, 0xff, 0x5b, 0x3a, 0xc8, 0xff, 0x5b, 0x3a, 0xc8, 0xff,
    0x5b, 0x3a, 0xc8, 0xff, 0x5b, 0x3a, 0xc8, 0xff, 0x5b, 0x3a, 0xc8, 0xff, 0x5b, 0x3a, 0xc8, 0xff,
    0x5b, 0x3a, 0xc8, 0xff, 0x5b, 0x3a, 0xc8, 0xff, 0x5b, 0x3a, 0xc8, 0xff, 0x5a, 0x3a, 0xc8, 0xcf,
    0x5a, 0x3a, 0xc8, 0xaf, 0x5b, 0x3a, 0xc8, 0xff, 0x5b, 0x3a, 0xc8, 0xff, 0x5b, 0x3a, 0xc8, 0xff,
    0x5b, 0x3a, 0xc8, 0xff, 0x5b, 0x3a, 0xc8, 0xff, 0x5b, 0x3a, 0xc8, 0xff, 0x5b, 0x3a, 0xc8, 0xff,
    0x5b, 0x3a, 0xc8, 0xff, 0x5b, 0x3a, 0xc8, 0xff, 0x5b, 0x3a, 0xc8, 0xff, 0x5b, 0x3a, 0xc8, 0xff,
    0x5b, 0x3a, 0xc8, 0xff, 0x5b, 0x3a, 0xc8, 0xff, 0x5b, 0x3a, 0xc8, 0xff, 0x5b, 0x3a, 0xc8, 0xff,
    0x5b, 0x3a, 0xc8, 0xff, 0x5b, 0x3a, 0xc8, 0xff, 0x5b, 0x3a, 0xc8, 0xff, 0x5b, 0x3a, 0xc8, 0xff,
    0x5b, 0x3a, 0xc8, 0xff, 0x5b, 0x3a, 0xc8, 0xff, 0x5b, 0x3a, 0xc8, 0xff, 0x5b, 0x3a, 0xc8, 0xff,
    0x5b, 0x3a, 0xc8, 0xff, 0x5b, 0x3a, 0xc8, 0xff, 0x5b, 0x3a, 0xc8, 0xff, 0x5b, 0x3a, 0xc8, 0xff,
    0x5b, 0x3a, 0xc8, 0xff, 0x5b, 0x3a, 0xc8, 0xff, 0x5b, 0x3a, 0xc8, 0xff, 0x5b, 0x3a, 0xc8, 0xff,
    0x5b, 0x3a, 0xc8, 0xff, 0x5b, 0x3a, 0xc8, 0xff, 0x5b, 0x3a, 0xc8, 0xff, 0x5b, 0x3a, 0xc8, 0xff,
    0x5b, 0x3a, 0xc8, 0xff, 0x5b, 0x3a, 0xc8, 0xff, 0x5b, 0x3a, 0xc8, 0xff, 0x5b, 0x3a, 0xc8, 0xff,
    0x5b, 0x3a, 0xc8, 0xff, 0x5b, 0x3a, 0xc8, 0xff, 0x5b, 0x3a, 0xc8, 0xff, 0x5b, 0x3a, 0xc8, 0xff,
    0x5b, 0x3a, 0xc8, 0xff, 0x5b, 0x3a, 0xc8, 0xff, 0x6d, 0x50, 0xce, 0xff, 0x9e, 0x8b, 0xde, 0xff,
    0xbd, 0xb0, 0xe9, 0xff, 0xbd, 0xb0, 0xe9, 0xff, 0xbd, 0xb0, 0xe9, 0xff, 0xbd, 0xb0, 0xe9, 0xff,
    0xbd, 0xb0, 0xe9, 0xff, 0xbd, 0xb0, 0xe9, 0xff, 0xbd, 0xb0, 0xe9, 0xff, 0xbd, 0xb0, 0xe9, 0xff,
    0xbd, 0xb0, 0xe9, 0xff, 0xbd, 0xb0, 0xe9, 0xff, 0xbd, 0xb0, 0xe9, 0xff, 0xbd, 0xb0, 0xe9, 0xff,
    0xbd, 0xb0, 0xe9, 0xff, 0xbd, 0xb0, 0xe9, 0xff, 0xbd, 0xb0, 0xe9, 0xff, 0xbd, 0xb0, 0xe9, 0xff,
    0xbd, 0xb0, 0xe9, 0xff, 0xbd, 0xb0, 0xe9, 0xff, 0xbd, 0xb0, 0xe9, 0xff, 0xbd, 0xb0, 0xe9, 0xff,
    0xbd, 0xb0, 0xe9, 0xff, 0xbd, 0xb0, 0xe9, 0xff, 0xbd, 0xb0, 0xe9, 0xff, 0xbd, 0xb0, 0xe9, 0xff,
    0xbd, 0xb0, 0xe9, 0xff, 0xbd, 0xb0, 0xe9, 0xff, 0xbd, 0xb0, 0xe9, 0xff, 0xbd, 0xb0, 0xe9, 0xff,
    0xbd, 0xb0, 0xe9, 0xff, 0xbd, 0xb0, 0xe9, 0xff, 0xbd, 0xb0, 0xe9, 0xff, 0xbd, 0xb0, 0xe9, 0xff,
    0xbd, 0xb0, 0xe9, 0xff, 0xbd, 0xb0, 0xe9, 0xff, 0xbb, 0xae, 0xe8, 0xff, 0x9c, 0x89, 0xde, 0xff,
    0x6a, 0x4c, 0xcd, 0xff, 0x5b, 0x3a, 0xc8, 0xff, 0x5b, 0x3a, 0xc8, 0xff, 0x5b, 0x3a, 0xc8, 0xff,
    0x5b, 0x3a, 0xc8, 0xff, 0x5b, 0x3a, 0xc8, 0xff, 0x5b, 0x3a, 0xc8, 0xff, 0x5b, 0x3a, 0xc8, 0xff,
    0x5b, 0x3a, 0xc8, 0xff, 0x5b, 0x3a, 0xc8, 0xff, 0x5b, 0x3a, 0xc8, 0xff, 0x5b, 0x3a, 0xc8, 0xff,
    0x5b, 0x3a, 0xc8, 0xff, 0x5b, 0x3a, 0xc8, 0xff, 0x5b, 0x3a, 0xc8, 0xff, 0x5b, 0x3a, 0xc8, 0xff,
    0x5b, 0x3a, 0xc8, 0xff, 0x5b, 0x3a, 0xc8, 0xff, 0x5b, 0x3a, 0xc8, 0xff, 0x5b, 0x3a, 0xc8, 0xff,
    0x5b, 0x3a, 0xc8, 0xff, 0x5b, 0x3a, 0xc8, 0xff, 0x5b, 0x3a, 0xc8, 0xff, 0x5b, 0x3a, 0xc8, 0xff,
    0x5b, 0x3a, 0xc8, 0xff, 0x5b, 0x3a, 0xc8, 0xff, 0x5b, 0x3a, 0xc8, 0xff, 0x5b, 0x3a, 0xc8, 0xff,
    0x5b, 0x3a, 0xc8, 0xff, 0x5b, 0x3a, 0xc8, 0xff, 0x5b, 0x3a, 0xc8, 0xff, 0x5b, 0x3a, 0xc8, 0xff,
    0x5b, 0x3a, 0xc8, 0xff, 0x5b, 0x3a, 0xc8, 0xff, 0x5b, 0x3a, 0xc8, 0xff, 0x5b, 0x3a, 0xc8, 0xff,
    0x5b, 0x3a, 0xc8, 0xff, 0x5b, 0x3a, 0xc8, 0xff, 0x5b, 0x3a, 0xc8, 0xff, 0x5b, 0x3a, 0xc8, 0xff,
    0x5b, 0x3a, 0xc8, 0xff, 0x5b, 0x3a, 0xc8, 0xff, 0x5b, 0x3a, 0xc8, 0xff, 0x5b, 0x3a, 0xc8, 0xff,
    0x5b, 0x3a, 0xc8, 0xff, 0x5b, 0x3a, 0xc8, 0xab, 0x5a, 0x38, 0xc8, 0x83, 0x5b, 0x3a, 0xc8, 0xff,
    0x5b, 0x3a, 0xc8, 0xff, 0x5b, 0x3a, 0xc8, 0xff, 0x5b, 0x3a, 0xc8, 0xff, 0x5b, 0x3a, 0xc8, 0xff,
    0x5b, 0x3a, 0xc8, 0xff, 0x5b, 0x3a, 0xc8, 0xff, 0x5b, 0x3a, 0xc8, 0xff, 0x5b, 0x3a, 0xc8, 0xff,
    0x5b, 0x3a, 0xc8, 0xff, 0x5b, 0x3a, 0xc8, 0xff, 0x5b, 0x3a, 0xc8, 0xff, 0x5b, 0x3a, 0xc8, 0xff,
    0x5b, 0x3a, 0xc8, 0xff, 0x5b, 0x3a, 0xc8, 0xff, 0x5b, 0x3a, 0xc8, 0xff, 0x5b, 0x3a, 0xc8, 0xff,
    0x5b, 0x3a, 0xc8, 0xff, 0x5b, 0x3a, 0xc8, 0xff, 0x5b, 0x3a, 0xc8, 0xff, 0x5b, 0x3a, 0xc8, 0xff,
    0x5b, 0x3a, 0xc8, 0xff, 0x5b, 0x3a, 0xc8, 0xff, 0x5b, 0x3a, 0xc8, 0xff, 0x5b, 0x3a, 0xc8, 0xff,
    0x5b, 0x3a, 0xc8, 0xff, 0x5b, 0x3a, 0xc8, 0xff, 0x5b, 0x3a, 0xc8, 0xff, 0x5b, 0x3a, 0xc8, 0xff,
    0x5b, 0x3a, 0xc8, 0xff, 0x5b, 0x3a, 0xc8, 0xff, 0x5b, 0x3a, 0xc8, 0xff, 0x5b, 0x3a, 0xc8, 0xff,
    0x5b, 0x3a, 0xc8, 0xff, 0x5b, 0x3a, 0xc8, 0xff, 0x5b, 0x3a, 0xc8, 0xff, 0x5b, 0x3a, 0xc8, 0xff,
    0x5b, 0x3a, 0xc8, 0xff, 0x5b, 0x3a, 0xc8, 0xff, 0x5b, 0x3a, 0xc8, 0xff, 0x5b, 0x3a, 0xc8, 0xff,
    0x5b, 0x3a, 0xc8, 0xff, 0x5b, 0x3a, 0xc8, 0xff, 0x5b, 0x3a, 0xc8, 0xff, 0x5b, 0x3a, 0xc8, 0xff,
    0x5b, 0x3a, 0xc8, 0xff, 0x5b, 0x3a, 0xc8, 0xff, 0x6d, 0x50, 0xce, 0xff, 0x92, 0x7c, 0xda, 0xff,
    0xb8, 0xaa, 0xe7, 0xff, 0xbd, 0xb0, 0xe9, 0xff, 0xbd, 0xb0, 0xe9, 0xff, 0xbd, 0xb0, 0xe9, 0xff,
    0xbd, 0xb0, 0xe9, 0xff, 0xbd, 0xb0, 0xe9, 0xff, 0xbd, 0xb0, 0xe9, 0xff, 0xbd, 0xb0, 0xe9, 0xff,
    0xbd, 0xb0, 0xe9, 0xff, 0xbd, 0xb0, 0xe9, 0xff, 0xbd, 0xb0, 0xe9, 0xff, 0xbd, 0xb0, 0xe9, 0xff,
    0xbd, 0xb0, 0xe9, 0xff, 0xbd, 0xb0, 0xe9, 0xff, 0xbd, 0xb0, 0xe9, 0xff, 0xbd, 0xb0, 0xe9, 0xff,
    0xbd, 0xb0, 0xe9, 0xff, 0xbd, 0xb0, 0xe9, 0xff, 0xbd, 0xb0, 0xe9, 0xff, 0xbd, 0xb0, 0xe9, 0xff,
    0xbd, 0xb0, 0xe9, 0xff, 0xbd, 0xb0, 0xe9, 0xff, 0xbd, 0xb0, 0xe9, 0xff, 0xbd, 0xb0, 0xe9, 0xff,
    0xbd, 0xb0, 0xe9, 0xff, 0xbd, 0xb0, 0xe9, 0xff, 0xbd, 0xb0, 0xe9, 0xff, 0xbd, 0xb0, 0xe9, 0xff,
    0xbd, 0xb0, 0xe9, 0xff, 0xbd, 0xb0, 0xe9, 0xff, 0xb7, 0xa8, 0xe7, 0xff, 0x96, 0x82, 0xdc, 0xff,
    0x68, 0x4a, 0xcc, 0xff, 0x5b, 0x3a, 0xc8, 0xff, 0x5b, 0x3a, 0xc8, 0xff, 0x5b, 0x3a, 0xc8, 0xff,
    0x5b, 0x3a, 0xc8, 0xff, 0x5b, 0x3a, 0xc8, 0xff, 0x5b, 0x3a, 0xc8, 0xff, 0x5b, 0x3a, 0xc8, 0xff,
    0x5b, 0x3a, 0xc8, 0xff, 0x5b, 0x3a, 0xc8, 0xff, 0x5b, 0x3a, 0xc8, 0xff, 0x5b, 0x3a, 0xc8, 0xff,
    0x5b, 0x3a, 0xc8, 0xff, 0x5b, 0x3a, 0xc8, 0xff, 0x5b, 0x3a, 0xc8, 0xff, 0x5b, 0x3a, 0xc8, 0xff,
    0x5b, 0x3a, 0xc8, 0xff, 0x5b, 0x3a, 0xc8, 0xff, 0x5b, 0x3a, 0xc8, 0xff, 0x5b, 0x3a, 0xc8, 0xff,
    0x5b, 0x3a, 0xc8, 0xff, 0x5b, 0x3a, 0xc8, 0xff, 0x5b, 0x3a, 0xc8, 0xff, 0x5b, 0x3a, 0xc8, 0xff,
    0x5b, 0x3a, 0xc8, 0xff, 0x5b, 0x3a, 0xc8, 0xff, 0x5b, 0x3a, 0xc8, 0xff, 0x5b, 0x3a, 0xc8, 0xff,
    0x5b, 0x3a, 0xc8, 0xff, 0x5b, 0x3a, 0xc8, 0xff, 0x5b, 0x3a, 0xc8, 0xff, 0x5b, 0x3a, 0xc8, 0xff,
    0x5b, 0x3a, 0xc8, 0xff, 0x5b, 0x3a, 0xc8, 0xff, 0x5b, 0x3a, 0xc8, 0xff, 0x5b, 0x3a, 0xc8, 0xff,
    0x5b, 0x3a, 0xc8, 0xff, 0x5b, 0x3a, 0xc8, 0xff, 0x5b, 0x3a, 0xc8, 0xff, 0x5b, 0x3a, 0xc8, 0xff,
    0x5b, 0x3a, 0xc8, 0xff, 0x5b, 0x3a, 0xc8, 0xff, 0x5b, 0x3a, 0xc8, 0xff, 0x5b, 0x3a, 0xc8, 0xff,
    0x5b, 0x3a, 0xc8, 0xff, 0x5b, 0x3a, 0xc8, 0xff, 0x5b, 0x3a, 0xc8, 0xff, 0x5b, 0x39, 0xc8, 0x87,
    0x5c, 0x3a, 0xc8, 0x53, 0x5b, 0x3a, 0xc8, 0xff, 0x5b, 0x3a, 0xc8, 0xff, 0x5b, 0x3a, 0xc8, 0xff,
    0x5b, 0x3a, 0xc8, 0xff, 0x5b, 0x3a, 0xc8, 0xff, 0x5b, 0x3a, 0xc8, 0xff, 0x5b, 0x3a, 0xc8, 0xff,
    0x5b, 0x3a, 0xc8, 0xff, 0x5b, 0x3a, 0xc8, 0xff, 0x5b, 0x3a, 0xc8, 0xff, 0x5b, 0x3a, 0xc8, 0xff,
    0x5b, 0x3a, 0xc8, 0xff, 0x5b, 0x3a, 0xc8, 0xff, 0x5b, 0x3a, 0xc8, 0xff, 0x5b, 0x3a, 0xc8, 0xff,
    0x5b, 0x3a, 0xc8, 0xff, 0x5b, 0x3a, 0xc8, 0xff, 0x5b, 0x3a, 0xc8, 0xff, 0x5b, 0x3a, 0xc8, 0xff,
    0x5b, 0x3a, 0xc8, 0xff, 0x5b, 0x3a, 0xc8, 0xff, 0x5b, 0x3a, 0xc8, 0xff, 0x5b, 0x3a, 0xc8, 0xff,
    0x5b, 0x3a, 0xc8, 0xff, 0x5b, 0x3a, 0xc8, 0xff, 0x5b, 0x3a, 0xc8, 0xff, 0x5b, 0x3a, 0xc8, 0xff,
    0x5b, 0x3a, 0xc8, 0xff, 0x5b, 0x3a, 0xc8, 0xff, 0x5b, 0x3a, 0xc8, 0xff, 0x5b, 0x3a, 0xc8, 0xff,
    0x5b, 0x3a, 0xc8, 0xff, 0x5b, 0x3a, 0xc8, 0xff, 0x5b, 0x3a, 0xc8, 0xff, 0x5b, 0x3a, 0xc8, 0xff,
    0x5b, 0x3a, 0xc8, 0xff, 0x5b, 0x3a, 0xc8, 0xff, 0x5b, 0x3a, 0xc8, 0xff, 0x5b, 0x3a, 0xc8, 0xff,
    0x5b, 0x3a, 0xc8, 0xff, 0x5b, 0x3a, 0xc8, 0xff, 0x5b, 0x3a, 0xc8, 0xff, 0x5b, 0x3a, 0xc8, 0xff,
    0x5b, 0x3a, 0xc8, 0xff, 0x5b, 0x3a, 0xc8, 0xff, 0x5b, 0x3a, 0xc8, 0xff, 0x5b, 0x3a, 0xc8, 0xff,
    0x5b, 0x3a, 0xc8, 0xff, 0x5b, 0x3a, 0xc8, 0xff, 0x5f, 0x3f, 0xc9, 0xff, 0x7f, 0x66, 0xd4, 0xff,
    0xa3, 0x90, 0xe0, 0xff, 0xbb, 0xae, 0xe8, 0xff, 0xbd, 0xb0, 0xe9, 0xff, 0xbd, 0xb0, 0xe9, 0xff,
    0xbd, 0xb0, 0xe9, 0xff, 0xbd, 0xb0, 0xe9, 0xff, 0xbd, 0xb0, 0xe9, 0xff, 0xbd, 0xb0, 0xe9, 0xff,
    0xbd, 0xb0, 0xe9, 0xff, 0xbd, 0xb0, 0xe9, 0xff, 0xbd, 0xb0, 0xe9, 0xff, 0xbd, 0xb0, 0xe9, 0xff,
    0xbd, 0xb0, 0xe9, 0xff, 0xbd, 0xb0, 0xe9, 0xff, 0xbd, 0xb0, 0xe9, 0xff, 0xbd, 0xb0, 0xe9, 0xff,
    0xbd, 0xb0, 0xe9, 0xff, 0xbd, 0xb0, 0xe9, 0xff, 0xbd, 0xb0, 0xe9, 0xff, 0xbd, 0xb0, 0xe9, 0xff,
    0xbd, 0xb0, 0xe9, 0xff, 0xbd, 0xb0, 0xe9, 0xff, 0xbd, 0xb0, 0xe9, 0xff, 0xbd, 0xb0, 0xe9, 0xff,
    0xbd, 0xb0, 0xe9, 0xff, 0xbb, 0xae, 0xe8, 0xff, 0xa1, 0x8e, 0xdf, 0xff, 0x7f, 0x66, 0xd4, 0xff,
    0x61, 0x41, 0xca, 0xff, 0x5b, 0x3a, 0xc8, 0xff, 0x5b, 0x3a, 0xc8, 0xff, 0x5b, 0x3a, 0xc8, 0xff,
    0x5b, 0x3a, 0xc8, 0xff, 0x5b, 0x3a, 0xc8, 0xff, 0x5b, 0x3a, 0xc8, 0xff, 0x5b, 0x3a, 0xc8, 0xff,
    0x5b, 0x3a, 0xc8, 0xff, 0x5b, 0x3a, 0xc8, 0xff, 0x5b, 0x3a, 0xc8, 0xff, 0x5b, 0x3a, 0xc8, 0xff,
    0x5b, 0x3a, 0xc8, 0xff, 0x5b, 0x3a, 0xc8, 0xff, 0x5b, 0x3a, 0xc8, 0xff, 0x5b, 0x3a, 0xc8, 0xff,
    0x5b, 0x3a, 0xc8, 0xff, 0x5b, 0x3a, 0xc8, 0xff, 0x5b, 0x3a, 0xc8, 0xff, 0x5b, 0x3a, 0xc8, 0xff,
    0x5b, 0x3a, 0xc8, 0xff, 0x5b, 0x3a, 0xc8, 0xff, 0x5b, 0x3a, 0xc8, 0xff, 0x5b, 0x3a, 0xc8, 0xff,
    0x5b, 0x3a, 0xc8, 0xff, 0x5b, 0x3a, 0xc8, 0xff, 0x5b, 0x3a, 0xc8, 0xff, 0x5b, 0x3a, 0xc8, 0xff,
    0x5b, 0x3a, 0xc8, 0xff, 0x5b, 0x3a, 0xc8, 0xff, 0x5b, 0x3a, 0xc8, 0xff, 0x5b, 0x3a, 0xc8, 0xff,
    0x5b, 0x3a, 0xc8, 0xff, 0x5b, 0x3a, 0xc8, 0xff, 0x5b, 0x3a, 0xc8, 0xff, 0x5b, 0x3a, 0xc8, 0xff,
    0x5b, 0x3a, 0xc8, 0xff, 0x5b, 0x3a, 0xc8, 0xff, 0x5b, 0x3a, 0xc8, 0xff, 0x5b, 0x3a, 0xc8, 0xff,
    0x5b, 0x3a, 0xc8, 0xff, 0x5b, 0x3a, 0xc8, 0xff, 0x5b, 0x3a, 0xc8, 0xff, 0x5b, 0x3a, 0xc8, 0xff,
    0x5b, 0x3a, 0xc8, 0xff, 0x5b, 0x3a, 0xc8, 0xff, 0x5b, 0x3a, 0xc8, 0xff, 0x5b, 0x3a, 0xc8, 0xff,
    0x5b, 0x3a, 0xc8, 0xff, 0x59, 0x3a, 0xc8, 0x53, 0x5b, 0x37, 0xc8, 0x1c, 0x5b, 0x3a, 0xc8, 0xff,
    0x5b, 0x3a, 0xc8, 0xff, 0x5b, 0x3a, 0xc8, 0xff, 0x5b, 0x3a, 0xc8, 0xff, 0x5b, 0x3a, 0xc8, 0xff,
    0x5b, 0x3a, 0xc8, 0xff, 0x5b, 0x3a, 0xc8, 0xff, 0x5b, 0x3a, 0xc8, 0xff, 0x5b, 0x3a, 0xc8, 0xff,
    0x5b, 0x3a, 0xc8, 0xff, 0x5b, 0x3a, 0xc8, 0xff, 0x5b, 0x3a, 0xc8, 0xff, 0x5b, 0x3a, 0xc8, 0xff,
    0x5b, 0x3a, 0xc8, 0xff, 0x5b, 0x3a, 0xc8, 0xff, 0x5b, 0x3a, 0xc8, 0xff, 0x5b, 0x3a, 0xc8, 0xff,
    0x5b, 0x3a, 0xc8, 0xff, 0x5b, 0x3a, 0xc8, 0xff, 0x5b, 0x3a, 0xc8, 0xff, 0x5b, 0x3a, 0xc8, 0xff,
    0x5b, 0x3a, 0xc8, 0xff, 0x5b, 0x3a, 0xc8, 0xff, 0x5b, 0x3a, 0xc8, 0xff, 0x5b, 0x3a, 0xc8, 0xff,
    0x5b, 0x3a, 0xc8, 0xff, 0x5b, 0x3a, 0xc8, 0xff, 0x5b, 0x3a, 0xc8, 0xff, 0x5b, 0x3a, 0xc8, 0xff,
    0x5b, 0x3a, 0xc8, 0xff, 0x5b, 0x3a, 0xc8, 0xff, 0x5b, 0x3a, 0xc8, 0xff, 0x5b, 0x3a, 0xc8, 0xff,
    0x5b, 0x3a, 0xc8, 0xff, 0x5b, 0x3a, 0xc8, 0xff, 0x5b, 0x3a, 0xc8, 0xff, 0x5b, 0x3a, 0xc8, 0xff,
    0x5b, 0x3a, 0xc8, 0xff, 0x5b, 0x3a, 0xc8, 0xff, 0x5b, 0x3a, 0xc8, 0xff, 0x5b, 0x3a, 0xc8, 0xff,
    0x5b, 0x3a, 0xc8, 0xff, 0x5b, 0x3a, 0xc8, 0xff, 0x5b, 0x3a, 0xc8, 0xff, 0x5b, 0x3a, 0xc8, 0xff,
    0x5b, 0x3a, 0xc8, 0xff, 0x5b, 0x3a, 0xc8, 0xff, 0x5b, 0x3a, 0xc8, 0xff, 0x5b, 0x3a, 0xc8, 0xff,
    0x5b, 0x3a, 0xc8, 0xff, 0x5b, 0x3a, 0xc8, 0xff, 0x5b, 0x3a, 0xc8, 0xff, 0x61, 0x41, 0xca, 0xff,
    0x7c, 0x62, 0xd3, 0xff, 0x96, 0x82, 0xdc, 0xff, 0xaf, 0x9f, 0xe4, 0xff, 0xbd, 0xb0, 0xe9, 0xff,
    0xbd, 0xb0, 0xe9, 0xff, 0xbd, 0xb0, 0xe9, 0xff, 0xbd, 0xb0, 0xe9, 0xff, 0xbd, 0xb0, 0xe9, 0xff,
    0xbd, 0xb0, 0xe9, 0xff, 0xbd, 0xb0, 0xe9, 0xff, 0xbd, 0xb0, 0xe9, 0xff, 0xbd, 0xb0, 0xe9, 0xff,
    0xbd, 0xb0, 0xe9, 0xff, 0xbd, 0xb0, 0xe9, 0xff, 0xbd, 0xb0, 0xe9, 0xff, 0xbd, 0xb0, 0xe9, 0xff,
    0xbd, 0xb0, 0xe9, 0xff, 0xbd, 0xb0, 0xe9, 0xff, 0xbd, 0xb0, 0xe9, 0xff, 0xbd, 0xb0, 0xe9, 0xff,
    0xad, 0x9d, 0xe3, 0xff, 0x96, 0x82, 0xdc, 0xff, 0x7e, 0x64, 0xd3, 0xff, 0x61, 0x41, 0xca, 0xff,
    0x5b, 0x3a, 0xc8, 0xff, 0x5b, 0x3a, 0xc8, 0xff, 0x5b, 0x3a, 0xc8, 0xff, 0x5b, 0x3a, 0xc8, 0xff,
    0x5b, 0x3a, 0xc8, 0xff, 0x5b, 0x3a, 0xc8, 0xff, 0x5b, 0x3a, 0xc8, 0xff, 0x5b, 0x3a, 0xc8, 0xff,
    0x5b, 0x3a, 0xc8, 0xff, 0x5b, 0x3a, 0xc8, 0xff, 0x5b, 0x3a, 0xc8, 0xff, 0x5b, 0x3a, 0xc8, 0xff,
    0x5b, 0x3a, 0xc8, 0xff, 0x5b, 0x3a, 0xc8, 0xff, 0x5b, 0x3a, 0xc8, 0xff, 0x5b, 0x3a, 0xc8, 0xff,
    0x5b, 0x3a, 0xc8, 0xff, 0x5b, 0x3a, 0xc8, 0xff, 0x5b, 0x3a, 0xc8, 0xff, 0x5b, 0x3a, 0xc8, 0xff,
    0x5b, 0x3a, 0xc8, 0xff, 0x5b, 0x3a, 0xc8, 0xff, 0x5b, 0x3a, 0xc8, 0xff, 0x5b, 0x3a, 0xc8, 0xff,
    0x5b, 0x3a, 0xc8, 0xff, 0x5b, 0x3a, 0xc8, 0xff, 0x5b, 0x3a, 0xc8, 0xff, 0x5b, 0x3a, 0xc8, 0xff,
    0x5b, 0x3a, 0xc8, 0xff, 0x5b, 0x3a, 0xc8, 0xff, 0x5b, 0x3a, 0xc8, 0xff, 0x5b, 0x3a, 0xc8, 0xff,
    0x5b, 0x3a, 0xc8, 0xff, 0x5b, 0x3a, 0xc8, 0xff, 0x5b, 0x3a, 0xc8, 0xff, 0x5b, 0x3a, 0xc8, 0xff,
    0x5b, 0x3a, 0xc8, 0xff, 0x5b, 0x3a, 0xc8, 0xff, 0x5b, 0x3a, 0xc8, 0xff, 0x5b, 0x3a, 0xc8, 0xff,
    0x5b, 0x3a, 0xc8, 0xff, 0x5b, 0x3a, 0xc8, 0xff, 0x5b, 0x3a, 0xc8, 0xff, 0x5b, 0x3a, 0xc8, 0xff,
    0x5b, 0x3a, 0xc8, 0xff, 0x5b, 0x3a, 0xc8, 0xff, 0x5b, 0x3a, 0xc8, 0xff, 0x5b, 0x3a, 0xc8, 0xff,
    0x5b, 0x3a, 0xc8, 0xff, 0x5b, 0x3a, 0xc8, 0xff, 0x5b, 0x3a, 0xc8, 0xff, 0x5b, 0x37, 0xbf, 0x1c,
    0x00, 0x00, 0x00, 0x00, 0x5b, 0x3a, 0xc8, 0xdb, 0x5b, 0x3a, 0xc8, 0xff, 0x5b, 0x3a, 0xc8, 0xff,
    0x5b, 0x3a, 0xc8, 0xff, 0x5b, 0x3a, 0xc8, 0xff, 0x5b, 0x3a, 0xc8, 0xff, 0x5b, 0x3a, 0xc8, 0xff,
    0x5b, 0x3a, 0xc8, 0xff, 0x5b, 0x3a, 0xc8, 0xff, 0x5b, 0x3a, 0xc8, 0xff, 0x5b, 0x3a, 0xc8, 0xff,
    0x5b, 0x3a, 0xc8, 0xff, 0x5b, 0x3a, 0xc8, 0xff, 0x5b, 0x3a, 0xc8, 0xff, 0x5b, 0x3a, 0xc8, 0xff,
    0x5b, 0x3a, 0xc8, 0xff, 0x5b, 0x3a, 0xc8, 0xff, 0x5b, 0x3a, 0xc8, 0xff, 0x5b, 0x3a, 0xc8, 0xff,
    0x5b, 0x3a, 0xc8, 0xff, 0x5b, 0x3a, 0xc8, 0xff, 0x5b, 0x3a, 0xc8, 0xff, 0x5b, 0x3a, 0xc8, 0xff,
    0x5b, 0x3a, 0xc8, 0xff, 0x5b, 0x3a, 0xc8, 0xff, 0x5b, 0x3a, 0xc8, 0xff, 0x5b, 0x3a, 0xc8, 0xff,
    0x5b, 0x3a, 0xc8, 0xff, 0x5b, 0x3a, 0xc8, 0xff, 0x5b, 0x3a, 0xc8, 0xff, 0x5b, 0x3a, 0xc8, 0xff,
    0x5b, 0x3a, 0xc8, 0xff, 0x5b, 0x3a, 0xc8, 0xff, 0x5b, 0x3a, 0xc8, 0xff, 0x5b, 0x3a, 0xc8, 0xff,
    0x5b, 0x3a, 0xc8, 0xff, 0x5b, 0x3a, 0xc8, 0xff, 0x5b, 0x3a, 0xc8, 0xff, 0x5b, 0x3a, 0xc8, 0xff,
    0x5b, 0x3a, 0xc8, 0xff, 0x5b, 0x3a, 0xc8, 0xff, 0x5b, 0x3a, 0xc8, 0xff, 0x5b, 0x3a, 0xc8, 0xff,
    0x5b, 0x3a, 0xc8, 0xff, 0x5b, 0x3a, 0xc8, 0xff, 0x5b, 0x3a, 0xc8, 0xff, 0x5b, 0x3a, 0xc8, 0xff,
    0x5b, 0x3a, 0xc8, 0xff, 0x5b, 0x3a, 0xc8, 0xff, 0x5b, 0x3a, 0xc8, 0xff, 0x5b, 0x3a, 0xc8, 0xff,
    0x5b, 0x3a, 0xc8, 0xff, 0x5b, 0x3a, 0xc8, 0xff, 0x5b, 0x3a, 0xc8, 0xff, 0x5b, 0x3a, 0xc8, 0xff,
    0x5b, 0x3a, 0xc8, 0xff, 0x62, 0x43, 0xca, 0xff, 0x73, 0x57, 0xd0, 0xff, 0x84, 0x6b, 0xd6, 0xff,
    0x90, 0x7a, 0xda, 0xff, 0x9b, 0x87, 0xdd, 0xff, 0xa3, 0x90, 0xe0, 0xff, 0xa9, 0x98, 0xe2, 0xff,
    0xac, 0x9b, 0xe3, 0xff, 0xb1, 0xa1, 0xe5, 0xff, 0xab, 0x99, 0xe3, 0xff, 0xab, 0x99, 0xe3, 0xff,
    0xa3, 0x90, 0xe0, 0xff, 0x9b, 0x87, 0xdd, 0xff, 0x90, 0x7a, 0xda, 0xff, 0x83, 0x69, 0xd5, 0xff,
    0x73, 0x57, 0xd0, 0xff, 0x62, 0x43, 0xca, 0xff, 0x5b, 0x3a, 0xc8, 0xff, 0x5b, 0x3a, 0xc8, 0xff,
    0x5b, 0x3a, 0xc8, 0xff, 0x5b, 0x3a, 0xc8, 0xff, 0x5b, 0x3a, 0xc8, 0xff, 0x5b, 0x3a, 0xc8, 0xff,
    0x5b, 0x3a, 0xc8, 0xff, 0x5b, 0x3a, 0xc8, 0xff, 0x5b, 0x3a, 0xc8, 0xff, 0x5b, 0x3a, 0xc8, 0xff,
    0x5b, 0x3a, 0xc8, 0xff, 0x5b, 0x3a, 0xc8, 0xff, 0x5b, 0x3a, 0xc8, 0xff, 0x5b, 0x3a, 0xc8, 0xff,
    0x5b, 0x3a, 0xc8, 0xff, 0x5b, 0x3a, 0xc8, 0xff, 0x5b, 0x3a, 0xc8, 0xff, 0x5b, 0x3a, 0xc8, 0xff,
    0x5b, 0x3a, 0xc8, 0xff, 0x5b, 0x3a, 0xc8, 0xff, 0x5b, 0x3a, 0xc8, 0xff, 0x5b, 0x3a, 0xc8, 0xff,
    0x5b, 0x3a, 0xc8, 0xff, 0x5b, 0x3a, 0xc8, 0xff, 0x5b, 0x3a, 0xc8, 0xff, 0x5b, 0x3a, 0xc8, 0xff,
    0x5b, 0x3a, 0xc8, 0xff, 0x5b, 0x3a, 0xc8, 0xff, 0x5b, 0x3a, 0xc8, 0xff, 0x5b, 0x3a, 0xc8, 0xff,
    0x5b, 0x3a, 0xc8, 0xff, 0x5b, 0x3a, 0xc8, 0xff, 0x5b, 0x3a, 0xc8, 0xff, 0x5b, 0x3a, 0xc8, 0xff,
    0x5b, 0x3a, 0xc8, 0xff, 0x5b, 0x3a, 0xc8, 0xff, 0x5b, 0x3a, 0xc8, 0xff, 0x5b, 0x3a, 0xc8, 0xff,
    0x5b, 0x3a, 0xc8, 0xff, 0x5b, 0x3a, 0xc8, 0xff, 0x5b, 0x3a, 0xc8, 0xff, 0x5b, 0x3a, 0xc8, 0xff,
    0x5b, 0x3a, 0xc8, 0xff, 0x5b, 0x3a, 0xc8, 0xff, 0x5b, 0x3a, 0xc8, 0xff, 0x5b, 0x3a, 0xc8, 0xff,
    0x5b, 0x3a, 0xc8, 0xff, 0x5b, 0x3a, 0xc8, 0xff, 0x5b, 0x3a, 0xc8, 0xff, 0x5b, 0x3a, 0xc8, 0xff,
    0x5b, 0x3a, 0xc8, 0xff, 0x5b, 0x3a, 0xc8, 0xff, 0x5b, 0x3a, 0xc8, 0xff, 0x5b, 0x3a, 0xc8, 0xff,
    0x5a, 0x3a, 0xc7, 0xd7, 0x00, 0x00, 0x00, 0x00, 0x00, 0x00, 0x00, 0x00, 0x5a, 0x39, 0xc8, 0x8b,
    0x5b, 0x3a, 0xc8, 0xff, 0x5b, 0x3a, 0xc8, 0xff, 0x5b, 0x3a, 0xc8, 0xff, 0x5b, 0x3a, 0xc8, 0xff,
    0x5b, 0x3a, 0xc8, 0xff, 0x5b, 0x3a, 0xc8, 0xff, 0x5b, 0x3a, 0xc8, 0xff, 0x5b, 0x3a, 0xc8, 0xff,
    0x5b, 0x3a, 0xc8, 0xff, 0x5b, 0x3a, 0xc8, 0xff, 0x5b, 0x3a, 0xc8, 0xff, 0x5b, 0x3a, 0xc8, 0xff,
    0x5b, 0x3a, 0xc8, 0xff, 0x5b, 0x3a, 0xc8, 0xff, 0x5b, 0x3a, 0xc8, 0xff, 0x5b, 0x3a, 0xc8, 0xff,
    0x5b, 0x3a, 0xc8, 0xff, 0x5b, 0x3a, 0xc8, 0xff, 0x5b, 0x3a, 0xc8, 0xff, 0x5b, 0x3a, 0xc8, 0xff,
    0x5b, 0x3a, 0xc8, 0xff, 0x5b, 0x3a, 0xc8, 0xff, 0x5b, 0x3a, 0xc8, 0xff, 0x5b, 0x3a, 0xc8, 0xff,
    0x5b, 0x3a, 0xc8, 0xff, 0x5b, 0x3a, 0xc8, 0xff, 0x5b, 0x3a, 0xc8, 0xff, 0x5b, 0x3a, 0xc8, 0xff,
    0x5b, 0x3a, 0xc8, 0xff, 0x5b, 0x3a, 0xc8, 0xff, 0x5b, 0x3a, 0xc8, 0xff, 0x5b, 0x3a, 0xc8, 0xff,
    0x5b, 0x3a, 0xc8, 0xff, 0x5b, 0x3a, 0xc8, 0xff, 0x5b, 0x3a, 0xc8, 0xff, 0x5b, 0x3a, 0xc8, 0xff,
    0x5b, 0x3a, 0xc8, 0xff, 0x5b, 0x3a, 0xc8, 0xff, 0x5b, 0x3a, 0xc8, 0xff, 0x5b, 0x3a, 0xc8, 0xff,
    0x5b, 0x3a, 0xc8, 0xff, 0x5b, 0x3a, 0xc8, 0xff, 0x5b, 0x3a, 0xc8, 0xff, 0x5b, 0x3a, 0xc8, 0xff,
    0x5b, 0x3a, 0xc8, 0xff, 0x5b, 0x3a, 0xc8, 0xff, 0x5b, 0x3a, 0xc8, 0xff, 0x5b, 0x3a, 0xc8, 0xff,
    0x5b, 0x3a, 0xc8, 0xff, 0x5b, 0x3a, 0xc8, 0xff, 0x5b, 0x3a, 0xc8, 0xff, 0x5b, 0x3a, 0xc8, 0xff,
    0x5b, 0x3a, 0xc8, 0xff, 0x5b, 0x3a, 0xc8, 0xff, 0x5b, 0x3a, 0xc8, 0xff, 0x5b, 0x3a, 0xc8, 0xff,
    0x5b, 0x3a, 0xc8, 0xff, 0x5b, 0x3a, 0xc8, 0xff, 0x5b, 0x3a, 0xc8, 0xff, 0x5b, 0x3a, 0xc8, 0xff,
    0x5b, 0x3a, 0xc8, 0xff, 0x5b, 0x3a, 0xc8, 0xff, 0x5b, 0x3a, 0xc8, 0xff, 0x5b, 0x3a, 0xc8, 0xff,
    0x5b, 0x3a, 0xc8, 0xff, 0x5b, 0x3a, 0xc8, 0xff, 0x5b, 0x3a, 0xc8, 0xff, 0x5b, 0x3a, 0xc8, 0xff,
    0x5b, 0x3a, 0xc8, 0xff, 0x5b, 0x3a, 0xc8, 0xff, 0x5b, 0x3a, 0xc8, 0xff, 0x5b, 0x3a, 0xc8, 0xff,
    0x5b, 0x3a, 0xc8, 0xff, 0x5b, 0x3a, 0xc8, 0xff, 0x5b, 0x3a, 0xc8, 0xff, 0x5b, 0x3a, 0xc8, 0xff,
    0x5b, 0x3a, 0xc8, 0xff, 0x5b, 0x3a, 0xc8, 0xff, 0x5b, 0x3a, 0xc8, 0xff, 0x5b, 0x3a, 0xc8, 0xff,
    0x5b, 0x3a, 0xc8, 0xff, 0x5b, 0x3a, 0xc8, 0xff, 0x5b, 0x3a, 0xc8, 0xff, 0x5b, 0x3a, 0xc8, 0xff,
    0x5b, 0x3a, 0xc8, 0xff, 0x5b, 0x3a, 0xc8, 0xff, 0x5b, 0x3a, 0xc8, 0xff, 0x5b, 0x3a, 0xc8, 0xff,
    0x5b, 0x3a, 0xc8, 0xff, 0x5b, 0x3a, 0xc8, 0xff, 0x5b, 0x3a, 0xc8, 0xff, 0x5b, 0x3a, 0xc8, 0xff,
    0x5b, 0x3a, 0xc8, 0xff, 0x5b, 0x3a, 0xc8, 0xff, 0x5b, 0x3a, 0xc8, 0xff, 0x5b, 0x3a, 0xc8, 0xff,
    0x5b, 0x3a, 0xc8, 0xff, 0x5b, 0x3a, 0xc8, 0xff, 0x5b, 0x3a, 0xc8, 0xff, 0x5b, 0x3a, 0xc8, 0xff,
    0x5b, 0x3a, 0xc8, 0xff, 0x5b, 0x3a, 0xc8, 0xff, 0x5b, 0x3a, 0xc8, 0xff, 0x5b, 0x3a, 0xc8, 0xff,
    0x5b, 0x3a, 0xc8, 0xff, 0x5b, 0x3a, 0xc8, 0xff, 0x5b, 0x3a, 0xc8, 0xff, 0x5b, 0x3a, 0xc8, 0xff,
    0x5b, 0x3a, 0xc8, 0xff, 0x5b, 0x3a, 0xc8, 0xff, 0x5b, 0x3a, 0xc8, 0xff, 0x5b, 0x3a, 0xc8, 0xff,
    0x5b, 0x3a, 0xc8, 0xff, 0x5b, 0x3a, 0xc8, 0xff, 0x5b, 0x3a, 0xc8, 0xff, 0x5b, 0x3a, 0xc8, 0xff,
    0x5b, 0x3a, 0xc8, 0xff, 0x5b, 0x3a, 0xc8, 0xff, 0x5b, 0x3a, 0xc8, 0xff, 0x5b, 0x3a, 0xc8, 0xff,
    0x5b, 0x3a, 0xc8, 0xff, 0x5b, 0x3a, 0xc8, 0xff, 0x5b, 0x3a, 0xc8, 0xff, 0x5b, 0x3a, 0xc8, 0xff,
    0x5b, 0x3a, 0xc8, 0xff, 0x5b, 0x3a, 0xc8, 0xff, 0x5a, 0x39, 0xc8, 0x8b, 0x00, 0x00, 0x00, 0x00,
    0x00, 0x00, 0x00, 0x00, 0x5b, 0x37, 0xc4, 0x38, 0x5b, 0x3a, 0xc8, 0xff, 0x5b, 0x3a, 0xc8, 0xff,
    0x5b, 0x3a, 0xc8, 0xff, 0x5b, 0x3a, 0xc8, 0xff, 0x5b, 0x3a, 0xc8, 0xff, 0x5b, 0x3a, 0xc8, 0xff,
    0x5b, 0x3a, 0xc8, 0xff, 0x5b, 0x3a, 0xc8, 0xff, 0x5b, 0x3a, 0xc8, 0xff, 0x5b, 0x3a, 0xc8, 0xff,
    0x5b, 0x3a, 0xc8, 0xff, 0x5b, 0x3a, 0xc8, 0xff, 0x5b, 0x3a, 0xc8, 0xff, 0x5b, 0x3a, 0xc8, 0xff,
    0x5b, 0x3a, 0xc8, 0xff, 0x5b, 0x3a, 0xc8, 0xff, 0x5b, 0x3a, 0xc8, 0xff, 0x5b, 0x3a, 0xc8, 0xff,
    0x5b, 0x3a, 0xc8, 0xff, 0x5b, 0x3a, 0xc8, 0xff, 0x5b, 0x3a, 0xc8, 0xff, 0x5b, 0x3a, 0xc8, 0xff,
    0x5b, 0x3a, 0xc8, 0xff, 0x5b, 0x3a, 0xc8, 0xff, 0x5b, 0x3a, 0xc8, 0xff, 0x5b, 0x3a, 0xc8, 0xff,
    0x5b, 0x3a, 0xc8, 0xff, 0x5b, 0x3a, 0xc8, 0xff, 0x5b, 0x3a, 0xc8, 0xff, 0x5b, 0x3a, 0xc8, 0xff,
    0x5b, 0x3a, 0xc8, 0xff, 0x5b, 0x3a, 0xc8, 0xff, 0x5b, 0x3a, 0xc8, 0xff, 0x5b, 0x3a, 0xc8, 0xff,
    0x5b, 0x3a, 0xc8, 0xff, 0x5b, 0x3a, 0xc8, 0xff, 0x5b, 0x3a, 0xc8, 0xff, 0x5b, 0x3a, 0xc8, 0xff,
    0x5b, 0x3a, 0xc8, 0xff, 0x5b, 0x3a, 0xc8, 0xff, 0x5b, 0x3a, 0xc8, 0xff, 0x5b, 0x3a, 0xc8, 0xff,
    0x5b, 0x3a, 0xc8, 0xff, 0x5b, 0x3a, 0xc8, 0xff, 0x5b, 0x3a, 0xc8, 0xff, 0x5b, 0x3a, 0xc8, 0xff,
    0x5b, 0x3a, 0xc8, 0xff, 0x5b, 0x3a, 0xc8, 0xff, 0x5b, 0x3a, 0xc8, 0xff, 0x5b, 0x3a, 0xc8, 0xff,
    0x5b, 0x3a, 0xc8, 0xff, 0x5b, 0x3a, 0xc8, 0xff, 0x5b, 0x3a, 0xc8, 0xff, 0x5b, 0x3a, 0xc8, 0xff,
    0x5b, 0x3a, 0xc8, 0xff, 0x5b, 0x3a, 0xc8, 0xff, 0x5b, 0x3a, 0xc8, 0xff, 0x5b, 0x3a, 0xc8, 0xff,
    0x5b, 0x3a, 0xc8, 0xff, 0x5b, 0x3a, 0xc8, 0xff, 0x5b, 0x3a, 0xc8, 0xff, 0x5b, 0x3a, 0xc8, 0xff,
    0x5b, 0x3a, 0xc8, 0xff, 0x5b, 0x3a, 0xc8, 0xff, 0x5b, 0x3a, 0xc8, 0xff, 0x5b, 0x3a, 0xc8, 0xff,
    0x5b, 0x3a, 0xc8, 0xff, 0x5b, 0x3a, 0xc8, 0xff, 0x5b, 0x3a, 0xc8, 0xff, 0x5b, 0x3a, 0xc8, 0xff,
    0x5b, 0x3a, 0xc8, 0xff, 0x5b, 0x3a, 0xc8, 0xff, 0x5b, 0x3a, 0xc8, 0xff, 0x5b, 0x3a, 0xc8, 0xff,
    0x5b, 0x3a, 0xc8, 0xff, 0x5b, 0x3a, 0xc8, 0xff, 0x5b, 0x3a, 0xc8, 0xff, 0x5b, 0x3a, 0xc8, 0xff,
    0x5b, 0x3a, 0xc8, 0xff, 0x5b, 0x3a, 0xc8, 0xff, 0x5b, 0x3a, 0xc8, 0xff, 0x5b, 0x3a, 0xc8, 0xff,
    0x5b, 0x3a, 0xc8, 0xff, 0x5b, 0x3a, 0xc8, 0xff, 0x5b, 0x3a, 0xc8, 0xff, 0x5b, 0x3a, 0xc8, 0xff,
    0x5b, 0x3a, 0xc8, 0xff, 0x5b, 0x3a, 0xc8, 0xff, 0x5b, 0x3a, 0xc8, 0xff, 0x5b, 0x3a, 0xc8, 0xff,
    0x5b, 0x3a, 0xc8, 0xff, 0x5b, 0x3a, 0xc8, 0xff, 0x5b, 0x3a, 0xc8, 0xff, 0x5b, 0x3a, 0xc8, 0xff,
    0x5b, 0x3a, 0xc8, 0xff, 0x5b, 0x3a, 0xc8, 0xff, 0x5b, 0x3a, 0xc8, 0xff, 0x5b, 0x3a, 0xc8, 0xff,
    0x5b, 0x3a, 0xc8, 0xff, 0x5b, 0x3a, 0xc8, 0xff, 0x5b, 0x3a, 0xc8, 0xff, 0x5b, 0x3a, 0xc8, 0xff,
    0x5b, 0x3a, 0xc8, 0xff, 0x5b, 0x3a, 0xc8, 0xff, 0x5b, 0x3a, 0xc8, 0xff, 0x5b, 0x3a, 0xc8, 0xff,
    0x5b, 0x3a, 0xc8, 0xff, 0x5b, 0x3a, 0xc8, 0xff, 0x5b, 0x3a, 0xc8, 0xff, 0x5b, 0x3a, 0xc8, 0xff,
    0x5b, 0x3a, 0xc8, 0xff, 0x5b, 0x3a, 0xc8, 0xff, 0x5b, 0x3a, 0xc8, 0xff, 0x5b, 0x3a, 0xc8, 0xff,
    0x5b, 0x3a, 0xc8, 0xff, 0x5b, 0x3a, 0xc8, 0xff, 0x5b, 0x3a, 0xc8, 0xff, 0x5b, 0x3a, 0xc8, 0xff,
    0x5b, 0x3a, 0xc8, 0xff, 0x5b, 0x3a, 0xc8, 0xff, 0x5b, 0x3a, 0xc8, 0xff, 0x5b, 0x3a, 0xc8, 0xff,
    0x5b, 0x3a, 0xc8, 0xff, 0x5b, 0x3a, 0xc8, 0xff, 0x5b, 0x3a, 0xc8, 0xff, 0x5b, 0x3a, 0xc8, 0xff,
    0x5d, 0x3c, 0xc7, 0x37, 0x00, 0x00, 0x00, 0x00, 0x00, 0x00, 0x00, 0x00, 0x00, 0x00, 0x00, 0x00,
    0x5b, 0x39, 0xc7, 0xdb, 0x5b, 0x3a, 0xc8, 0xff, 0x5b, 0x3a, 0xc8, 0xff, 0x5b, 0x3a, 0xc8, 0xff,
    0x5b, 0x3a, 0xc8, 0xff, 0x5b, 0x3a, 0xc8, 0xff, 0x5b, 0x3a, 0xc8, 0xff, 0x5b, 0x3a, 0xc8, 0xff,
    0x5b, 0x3a, 0xc8, 0xff, 0x5b, 0x3a, 0xc8, 0xff, 0x5b, 0x3a, 0xc8, 0xff, 0x5b, 0x3a, 0xc8, 0xff,
    0x5b, 0x3a, 0xc8, 0xff, 0x5b, 0x3a, 0xc8, 0xff, 0x5b, 0x3a, 0xc8, 0xff, 0x5b, 0x3a, 0xc8, 0xff,
    0x5b, 0x3a, 0xc8, 0xff, 0x5b, 0x3a, 0xc8, 0xff, 0x5b, 0x3a, 0xc8, 0xff, 0x5b, 0x3a, 0xc8, 0xff,
    0x5b, 0x3a, 0xc8, 0xff, 0x5b, 0x3a, 0xc8, 0xff, 0x5b, 0x3a, 0xc8, 0xff, 0x5b, 0x3a, 0xc8, 0xff,
    0x5b, 0x3a, 0xc8, 0xff, 0x5b, 0x3a, 0xc8, 0xff, 0x5b, 0x3a, 0xc8, 0xff, 0x5b, 0x3a, 0xc8, 0xff,
    0x5b, 0x3a, 0xc8, 0xff, 0x5b, 0x3a, 0xc8, 0xff, 0x5b, 0x3a, 0xc8, 0xff, 0x5b, 0x3a, 0xc8, 0xff,
    0x5b, 0x3a, 0xc8, 0xff, 0x5b, 0x3a, 0xc8, 0xff, 0x5b, 0x3a, 0xc8, 0xff, 0x5b, 0x3a, 0xc8, 0xff,
    0x5b, 0x3a, 0xc8, 0xff, 0x5b, 0x3a, 0xc8, 0xff, 0x5b, 0x3a, 0xc8, 0xff, 0x5b, 0x3a, 0xc8, 0xff,
    0x5b, 0x3a, 0xc8, 0xff, 0x5b, 0x3a, 0xc8, 0xff, 0x5b, 0x3a, 0xc8, 0xff, 0x5b, 0x3a, 0xc8, 0xff,
    0x5b, 0x3a, 0xc8, 0xff, 0x5b, 0x3a, 0xc8, 0xff, 0x5b, 0x3a, 0xc8, 0xff, 0x5b, 0x3a, 0xc8, 0xff,
    0x5b, 0x3a, 0xc8, 0xff, 0x5b, 0x3a, 0xc8, 0xff, 0x5b, 0x3a, 0xc8, 0xff, 0x5b, 0x3a, 0xc8, 0xff,
    0x5b, 0x3a, 0xc8, 0xff, 0x5b, 0x3a, 0xc8, 0xff, 0x5b, 0x3a, 0xc8, 0xff, 0x5b, 0x3a, 0xc8, 0xff,
    0x5b, 0x3a, 0xc8, 0xff, 0x5b, 0x3a, 0xc8, 0xff, 0x5b, 0x3a, 0xc8, 0xff, 0x5b, 0x3a, 0xc8, 0xff,
    0x5b, 0x3a, 0xc8, 0xff, 0x5b, 0x3a, 0xc8, 0xff, 0x5b, 0x3a, 0xc8, 0xff, 0x5b, 0x3a, 0xc8, 0xff,
    0x5b, 0x3a, 0xc8, 0xff, 0x5b, 0x3a, 0xc8, 0xff, 0x5b, 0x3a, 0xc8, 0xff, 0x5b, 0x3a, 0xc8, 0xff,
    0x5b, 0x3a, 0xc8, 0xff, 0x5b, 0x3a, 0xc8, 0xff, 0x5b, 0x3a, 0xc8, 0xff, 0x5b, 0x3a, 0xc8, 0xff,
    0x5b, 0x3a, 0xc8, 0xff, 0x5b, 0x3a, 0xc8, 0xff, 0x5b, 0x3a, 0xc8, 0xff, 0x5b, 0x3a, 0xc8, 0xff,
    0x5b, 0x3a, 0xc8, 0xff, 0x5b, 0x3a, 0xc8, 0xff, 0x5b, 0x3a, 0xc8, 0xff, 0x5b, 0x3a, 0xc8, 0xff,
    0x5b, 0x3a, 0xc8, 0xff, 0x5b, 0x3a, 0xc8, 0xff, 0x5b, 0x3a, 0xc8, 0xff, 0x5b, 0x3a, 0xc8, 0xff,
    0x5b, 0x3a, 0xc8, 0xff, 0x5b, 0x3a, 0xc8, 0xff, 0x5b, 0x3a, 0xc8, 0xff, 0x5b, 0x3a, 0xc8, 0xff,
    0x5b, 0x3a, 0xc8, 0xff, 0x5b, 0x3a, 0xc8, 0xff, 0x5b, 0x3a, 0xc8, 0xff, 0x5b, 0x3a, 0xc8, 0xff,
    0x5b, 0x3a, 0xc8, 0xff, 0x5b, 0x3a, 0xc8, 0xff, 0x5b, 0x3a, 0xc8, 0xff, 0x5b, 0x3a, 0xc8, 0xff,
    0x5b, 0x3a, 0xc8, 0xff, 0x5b, 0x3a, 0xc8, 0xff, 0x5b, 0x3a, 0xc8, 0xff, 0x5b, 0x3a, 0xc8, 0xff,
    0x5b, 0x3a, 0xc8, 0xff, 0x5b, 0x3a, 0xc8, 0xff, 0x5b, 0x3a, 0xc8, 0xff, 0x5b, 0x3a, 0xc8, 0xff,
    0x5b, 0x3a, 0xc8, 0xff, 0x5b, 0x3a, 0xc8, 0xff, 0x5b, 0x3a, 0xc8, 0xff, 0x5b, 0x3a, 0xc8, 0xff,
    0x5b, 0x3a, 0xc8, 0xff, 0x5b, 0x3a, 0xc8, 0xff, 0x5b, 0x3a, 0xc8, 0xff, 0x5b, 0x3a, 0xc8, 0xff,
    0x5b, 0x3a, 0xc8, 0xff, 0x5b, 0x3a, 0xc8, 0xff, 0x5b, 0x3a, 0xc8, 0xff, 0x5b, 0x3a, 0xc8, 0xff,
    0x5b, 0x3a, 0xc8, 0xff, 0x5b, 0x3a, 0xc8, 0xff, 0x5b, 0x3a, 0xc8, 0xff, 0x5b, 0x3a, 0xc8, 0xff,
    0x5b, 0x3a, 0xc8, 0xff, 0x5b, 0x3a, 0xc8, 0xff, 0x5b, 0x3a, 0xc8, 0xff, 0x5b, 0x3a, 0xc8, 0xff,
    0x5b, 0x3a, 0xc8, 0xff, 0x5a, 0x3a, 0xc8, 0xdf, 0x00, 0x00, 0x00, 0x00, 0x00, 0x00, 0x00, 0x00,
    0x00, 0x00, 0x00, 0x00, 0x00, 0x00, 0x00, 0x00, 0x5b, 0x3a, 0xc8, 0x73, 0x5b, 0x3a, 0xc8, 0xff,
    0x5b, 0x3a, 0xc8, 0xff, 0x5b, 0x3a, 0xc8, 0xff, 0x5b, 0x3a, 0xc8, 0xff, 0x5b, 0x3a, 0xc8, 0xff,
    0x5b, 0x3a, 0xc8, 0xff, 0x5b, 0x3a, 0xc8, 0xff, 0x5b, 0x3a, 0xc8, 0xff, 0x5b, 0x3a, 0xc8, 0xff,
    0x5b, 0x3a, 0xc8, 0xff, 0x5b, 0x3a, 0xc8, 0xff, 0x5b, 0x3a, 0xc8, 0xff, 0x5b, 0x3a, 0xc8, 0xff,
    0x5b, 0x3a, 0xc8, 0xff, 0x5b, 0x3a, 0xc8, 0xff, 0x5b, 0x3a, 0xc8, 0xff, 0x5b, 0x3a, 0xc8, 0xff,
    0x5b, 0x3a, 0xc8, 0xff, 0x5b, 0x3a, 0xc8, 0xff, 0x5b, 0x3a, 0xc8, 0xff, 0x5b, 0x3a, 0xc8, 0xff,
    0x5b, 0x3a, 0xc8, 0xff, 0x5b, 0x3a, 0xc8, 0xff, 0x5b, 0x3a, 0xc8, 0xff, 0x5b, 0x3a, 0xc8, 0xff,
    0x5b, 0x3a, 0xc8, 0xff, 0x5b, 0x3a, 0xc8, 0xff, 0x5b, 0x3a, 0xc8, 0xff, 0x5b, 0x3a, 0xc8, 0xff,
    0x5b, 0x3a, 0xc8, 0xff, 0x5b, 0x3a, 0xc8, 0xff, 0x5b, 0x3a, 0xc8, 0xff, 0x5b, 0x3a, 0xc8, 0xff,
    0x5b, 0x3a, 0xc8, 0xff, 0x5b, 0x3a, 0xc8, 0xff, 0x5b, 0x3a, 0xc8, 0xff, 0x5b, 0x3a, 0xc8, 0xff,
    0x5b, 0x3a, 0xc8, 0xff, 0x5b, 0x3a, 0xc8, 0xff, 0x5b, 0x3a, 0xc8, 0xff, 0x5b, 0x3a, 0xc8, 0xff,
    0x5b, 0x3a, 0xc8, 0xff, 0x5b, 0x3a, 0xc8, 0xff, 0x5b, 0x3a, 0xc8, 0xff, 0x5b, 0x3a, 0xc8, 0xff,
    0x5b, 0x3a, 0xc8, 0xff, 0x5b, 0x3a, 0xc8, 0xff, 0x5b, 0x3a, 0xc8, 0xff, 0x5b, 0x3a, 0xc8, 0xff,
    0x5b, 0x3a, 0xc8, 0xff, 0x5b, 0x3a, 0xc8, 0xff, 0x5b, 0x3a, 0xc8, 0xff, 0x5b, 0x3a, 0xc8, 0xff,
    0x5b, 0x3a, 0xc8, 0xff, 0x5b, 0x3a, 0xc8, 0xff, 0x5b, 0x3a, 0xc8, 0xff, 0x5b, 0x3a, 0xc8, 0xff,
    0x5b, 0x3a, 0xc8, 0xff, 0x5b, 0x3a, 0xc8, 0xff, 0x5b, 0x3a, 0xc8, 0xff, 0x5b, 0x3a, 0xc8, 0xff,
    0x5b, 0x3a, 0xc8, 0xff, 0x5b, 0x3a, 0xc8, 0xff, 0x5b, 0x3a, 0xc8, 0xff, 0x5b, 0x3a, 0xc8, 0xff,
    0x5b, 0x3a, 0xc8, 0xff, 0x5b, 0x3a, 0xc8, 0xff, 0x5b, 0x3a, 0xc8, 0xff, 0x5b, 0x3a, 0xc8, 0xff,
    0x5b, 0x3a, 0xc8, 0xff, 0x5b, 0x3a, 0xc8, 0xff, 0x5b, 0x3a, 0xc8, 0xff, 0x5b, 0x3a, 0xc8, 0xff,
    0x5b, 0x3a, 0xc8, 0xff, 0x5b, 0x3a, 0xc8, 0xff, 0x5b, 0x3a, 0xc8, 0xff, 0x5b, 0x3a, 0xc8, 0xff,
    0x5b, 0x3a, 0xc8, 0xff, 0x5b, 0x3a, 0xc8, 0xff, 0x5b, 0x3a, 0xc8, 0xff, 0x5b, 0x3a, 0xc8, 0xff,
    0x5b, 0x3a, 0xc8, 0xff, 0x5b, 0x3a, 0xc8, 0xff, 0x5b, 0x3a, 0xc8, 0xff, 0x5b, 0x3a, 0xc8, 0xff,
    0x5b, 0x3a, 0xc8, 0xff, 0x5b, 0x3a, 0xc8, 0xff, 0x5b, 0x3a, 0xc8, 0xff, 0x5b, 0x3a, 0xc8, 0xff,
    0x5b, 0x3a, 0xc8, 0xff, 0x5b, 0x3a, 0xc8, 0xff, 0x5b, 0x3a, 0xc8, 0xff, 0x5b, 0x3a, 0xc8, 0xff,
    0x5b, 0x3a, 0xc8, 0xff, 0x5b, 0x3a, 0xc8, 0xff, 0x5b, 0x3a, 0xc8, 0xff, 0x5b, 0x3a, 0xc8, 0xff,
    0x5b, 0x3a, 0xc8, 0xff, 0x5b, 0x3a, 0xc8, 0xff, 0x5b, 0x3a, 0xc8, 0xff, 0x5b, 0x3a, 0xc8, 0xff,
    0x5b, 0x3a, 0xc8, 0xff, 0x5b, 0x3a, 0xc8, 0xff, 0x5b, 0x3a, 0xc8, 0xff, 0x5b, 0x3a, 0xc8, 0xff,
    0x5b, 0x3a, 0xc8, 0xff, 0x5b, 0x3a, 0xc8, 0xff, 0x5b, 0x3a, 0xc8, 0xff, 0x5b, 0x3a, 0xc8, 0xff,
    0x5b, 0x3a, 0xc8, 0xff, 0x5b, 0x3a, 0xc8, 0xff, 0x5b, 0x3a, 0xc8, 0xff, 0x5b, 0x3a, 0xc8, 0xff,
    0x5b, 0x3a, 0xc8, 0xff, 0x5b, 0x3a, 0xc8, 0xff, 0x5b, 0x3a, 0xc8, 0xff, 0x5b, 0x3a, 0xc8, 0xff,
    0x5b, 0x3a, 0xc8, 0xff, 0x5b, 0x3a, 0xc8, 0xff, 0x5b, 0x3a, 0xc8, 0xff, 0x5b, 0x3a, 0xc8, 0xff,
    0x5b, 0x3a, 0xc8, 0xff, 0x5b, 0x3a, 0xc8, 0xff, 0x5b, 0x3a, 0xc8, 0xff, 0x5b, 0x3a, 0xc8, 0x73,
    0x00, 0x00, 0x00, 0x00, 0x00, 0x00, 0x00, 0x00, 0x00, 0x00, 0x00, 0x00, 0x00, 0x00, 0x00, 0x00,
    0x50, 0x30, 0xbf, 0x10, 0x5b, 0x3a, 0xc8, 0xef, 0x5b, 0x3a, 0xc8, 0xff, 0x5b, 0x3a, 0xc8, 0xff,
    0x5b, 0x3a, 0xc8, 0xff, 0x5b, 0x3a, 0xc8, 0xff, 0x5b, 0x3a, 0xc8, 0xff, 0x5b, 0x3a, 0xc8, 0xff,
    0x5b, 0x3a, 0xc8, 0xff, 0x5b, 0x3a, 0xc8, 0xff, 0x5b, 0x3a, 0xc8, 0xff, 0x5b, 0x3a, 0xc8, 0xff,
    0x5b, 0x3a, 0xc8, 0xff, 0x5b, 0x3a, 0xc8, 0xff, 0x5b, 0x3a, 0xc8, 0xff, 0x5b, 0x3a, 0xc8, 0xff,
    0x5b, 0x3a, 0xc8, 0xff, 0x5b, 0x3a, 0xc8, 0xff, 0x5b, 0x3a, 0xc8, 0xff, 0x5b, 0x3a, 0xc8, 0xff,
    0x5b, 0x3a, 0xc8, 0xff, 0x5b, 0x3a, 0xc8, 0xff, 0x5b, 0x3a, 0xc8, 0xff, 0x5b, 0x3a, 0xc8, 0xff,
    0x5b, 0x3a, 0xc8, 0xff, 0x5b, 0x3a, 0xc8, 0xff, 0x5b, 0x3a, 0xc8, 0xff, 0x5b, 0x3a, 0xc8, 0xff,
    0x5b, 0x3a, 0xc8, 0xff, 0x5b, 0x3a, 0xc8, 0xff, 0x5b, 0x3a, 0xc8, 0xff, 0x5b, 0x3a, 0xc8, 0xff,
    0x5b, 0x3a, 0xc8, 0xff, 0x5b, 0x3a, 0xc8, 0xff, 0x5b, 0x3a, 0xc8, 0xff, 0x5b, 0x3a, 0xc8, 0xff,
    0x5b, 0x3a, 0xc8, 0xff, 0x5b, 0x3a, 0xc8, 0xff, 0x5b, 0x3a, 0xc8, 0xff, 0x5b, 0x3a, 0xc8, 0xff,
    0x5b, 0x3a, 0xc8, 0xff, 0x5b, 0x3a, 0xc8, 0xff, 0x5b, 0x3a, 0xc8, 0xff, 0x5b, 0x3a, 0xc8, 0xff,
    0x5b, 0x3a, 0xc8, 0xff, 0x5b, 0x3a, 0xc8, 0xff, 0x5b, 0x3a, 0xc8, 0xff, 0x5b, 0x3a, 0xc8, 0xff,
    0x5b, 0x3a, 0xc8, 0xff, 0x5b, 0x3a, 0xc8, 0xff, 0x5b, 0x3a, 0xc8, 0xff, 0x5b, 0x3a, 0xc8, 0xff,
    0x5b, 0x3a, 0xc8, 0xff, 0x5b, 0x3a, 0xc8, 0xff, 0x5b, 0x3a, 0xc8, 0xff, 0x5b, 0x3a, 0xc8, 0xff,
    0x5b, 0x3a, 0xc8, 0xff, 0x5b, 0x3a, 0xc8, 0xff, 0x5b, 0x3a, 0xc8, 0xff, 0x5b, 0x3a, 0xc8, 0xff,
    0x5b, 0x3a, 0xc8, 0xff, 0x5b, 0x3a, 0xc8, 0xff, 0x5b, 0x3a, 0xc8, 0xff, 0x5b, 0x3a, 0xc8, 0xff,
    0x5b, 0x3a, 0xc8, 0xff, 0x5b, 0x3a, 0xc8, 0xff, 0x5b, 0x3a, 0xc8, 0xff, 0x5b, 0x3a, 0xc8, 0xff,
    0x5b, 0x3a, 0xc8, 0xff, 0x5b, 0x3a, 0xc8, 0xff, 0x5b, 0x3a, 0xc8, 0xff, 0x5b, 0x3a, 0xc8, 0xff,
    0x5b, 0x3a, 0xc8, 0xff, 0x5b, 0x3a, 0xc8, 0xff, 0x5b, 0x3a, 0xc8, 0xff, 0x5b, 0x3a, 0xc8, 0xff,
    0x5b, 0x3a, 0xc8, 0xff, 0x5b, 0x3a, 0xc8, 0xff, 0x5b, 0x3a, 0xc8, 0xff, 0x5b, 0x3a, 0xc8, 0xff,
    0x5b, 0x3a, 0xc8, 0xff, 0x5b, 0x3a, 0xc8, 0xff, 0x5b, 0x3a, 0xc8, 0xff, 0x5b, 0x3a, 0xc8, 0xff,
    0x5b, 0x3a, 0xc8, 0xff, 0x5b, 0x3a, 0xc8, 0xff, 0x5b, 0x3a, 0xc8, 0xff, 0x5b, 0x3a, 0xc8, 0xff,
    0x5b, 0x3a, 0xc8, 0xff, 0x5b, 0x3a, 0xc8, 0xff, 0x5b, 0x3a, 0xc8, 0xff, 0x5b, 0x3a, 0xc8, 0xff,
    0x5b, 0x3a, 0xc8, 0xff, 0x5b, 0x3a, 0xc8, 0xff, 0x5b, 0x3a, 0xc8, 0xff, 0x5b, 0x3a, 0xc8, 0xff,
    0x5b, 0x3a, 0xc8, 0xff, 0x5b, 0x3a, 0xc8, 0xff, 0x5b, 0x3a, 0xc8, 0xff, 0x5b, 0x3a, 0xc8, 0xff,
    0x5b, 0x3a, 0xc8, 0xff, 0x5b, 0x3a, 0xc8, 0xff, 0x5b, 0x3a, 0xc8, 0xff, 0x5b, 0x3a, 0xc8, 0xff,
    0x5b, 0x3a, 0xc8, 0xff, 0x5b, 0x3a, 0xc8, 0xff, 0x5b, 0x3a, 0xc8, 0xff, 0x5b, 0x3a, 0xc8, 0xff,
    0x5b, 0x3a, 0xc8, 0xff, 0x5b, 0x3a, 0xc8, 0xff, 0x5b, 0x3a, 0xc8, 0xff, 0x5b, 0x3a, 0xc8, 0xff,
    0x5b, 0x3a, 0xc8, 0xff, 0x5b, 0x3a, 0xc8, 0xff, 0x5b, 0x3a, 0xc8, 0xff, 0x5b, 0x3a, 0xc8, 0xff,
    0x5b, 0x3a, 0xc8, 0xff, 0x5b, 0x3a, 0xc8, 0xff, 0x5b, 0x3a, 0xc8, 0xff, 0x5b, 0x3a, 0xc8, 0xff,
    0x5b, 0x3a, 0xc8, 0xff, 0x5b, 0x3a, 0xc8, 0xff, 0x5b, 0x3a, 0xc8, 0xff, 0x5b, 0x3a, 0xc8, 0xff,
    0x5b, 0x3a, 0xc7, 0xf7, 0x50, 0x30, 0xbf, 0x10, 0x00, 0x00, 0x00, 0x00, 0x00, 0x00, 0x00, 0x00,
    0x00, 0x00, 0x00, 0x00, 0x00, 0x00, 0x00, 0x00, 0x00, 0x00, 0x00, 0x00, 0x5a, 0x3a, 0xc9, 0x7f,
    0x5b, 0x3a, 0xc8, 0xff, 0x5b, 0x3a, 0xc8, 0xff, 0x5b, 0x3a, 0xc8, 0xff, 0x5b, 0x3a, 0xc8, 0xff,
    0x5b, 0x3a, 0xc8, 0xff, 0x5b, 0x3a, 0xc8, 0xff, 0x5b, 0x3a, 0xc8, 0xff, 0x5b, 0x3a, 0xc8, 0xff,
    0x5b, 0x3a, 0xc8, 0xff, 0x5b, 0x3a, 0xc8, 0xff, 0x5b, 0x3a, 0xc8, 0xff, 0x5b, 0x3a, 0xc8, 0xff,
    0x5b, 0x3a, 0xc8, 0xff, 0x5b, 0x3a, 0xc8, 0xff, 0x5b, 0x3a, 0xc8, 0xff, 0x5b, 0x3a, 0xc8, 0xff,
    0x5b, 0x3a, 0xc8, 0xff, 0x5b, 0x3a, 0xc8, 0xff, 0x5b, 0x3a, 0xc8, 0xff, 0x5b, 0x3a, 0xc8, 0xff,
    0x5b, 0x3a, 0xc8, 0xff, 0x5b, 0x3a, 0xc8, 0xff, 0x5b, 0x3a, 0xc8, 0xff, 0x5b, 0x3a, 0xc8, 0xff,
    0x5b, 0x3a, 0xc8, 0xff, 0x5b, 0x3a, 0xc8, 0xff, 0x5b, 0x3a, 0xc8, 0xff, 0x5b, 0x3a, 0xc8, 0xff,
    0x5b, 0x3a, 0xc8, 0xff, 0x5b, 0x3a, 0xc8, 0xff, 0x5b, 0x3a, 0xc8, 0xff, 0x5b, 0x3a, 0xc8, 0xff,
    0x5b, 0x3a, 0xc8, 0xff, 0x5b, 0x3a, 0xc8, 0xff, 0x5b, 0x3a, 0xc8, 0xff, 0x5b, 0x3a, 0xc8, 0xff,
    0x5b, 0x3a, 0xc8, 0xff, 0x5b, 0x3a, 0xc8, 0xff, 0x5b, 0x3a, 0xc8, 0xff, 0x5b, 0x3a, 0xc8, 0xff,
    0x5b, 0x3a, 0xc8, 0xff, 0x5b, 0x3a, 0xc8, 0xff, 0x5b, 0x3a, 0xc8, 0xff, 0x5b, 0x3a, 0xc8, 0xff,
    0x5b, 0x3a, 0xc8, 0xff, 0x5b, 0x3a, 0xc8, 0xff, 0x5b, 0x3a, 0xc8, 0xff, 0x5b, 0x3a, 0xc8, 0xff,
    0x5b, 0x3a, 0xc8, 0xff, 0x5b, 0x3a, 0xc8, 0xff, 0x5b, 0x3a, 0xc8, 0xff, 0x5b, 0x3a, 0xc8, 0xff,
    0x5b, 0x3a, 0xc8, 0xff, 0x5b, 0x3a, 0xc8, 0xff, 0x5b, 0x3a, 0xc8, 0xff, 0x5b, 0x3a, 0xc8, 0xff,
    0x5b, 0x3a, 0xc8, 0xff, 0x5b, 0x3a, 0xc8, 0xff, 0x5b, 0x3a, 0xc8, 0xff, 0x5b, 0x3a, 0xc8, 0xff,
    0x5b, 0x3a, 0xc8, 0xff, 0x5b, 0x3a, 0xc8, 0xff, 0x5b, 0x3a, 0xc8, 0xff, 0x5b, 0x3a, 0xc8, 0xff,
    0x5b, 0x3a, 0xc8, 0xff, 0x5b, 0x3a, 0xc8, 0xff, 0x5b, 0x3a, 0xc8, 0xff, 0x5b, 0x3a, 0xc8, 0xff,
    0x5b, 0x3a, 0xc8, 0xff, 0x5b, 0x3a, 0xc8, 0xff, 0x5b, 0x3a, 0xc8, 0xff, 0x5b, 0x3a, 0xc8, 0xff,
    0x5b, 0x3a, 0xc8, 0xff, 0x5b, 0x3a, 0xc8, 0xff, 0x5b, 0x3a, 0xc8, 0xff, 0x5b, 0x3a, 0xc8, 0xff,
    0x5b, 0x3a, 0xc8, 0xff, 0x5b, 0x3a, 0xc8, 0xff, 0x5b, 0x3a, 0xc8, 0xff, 0x5b, 0x3a, 0xc8, 0xff,
    0x5b, 0x3a, 0xc8, 0xff, 0x5b, 0x3a, 0xc8, 0xff, 0x5b, 0x3a, 0xc8, 0xff, 0x5b, 0x3a, 0xc8, 0xff,
    0x5b, 0x3a, 0xc8, 0xff, 0x5b, 0x3a, 0xc8, 0xff, 0x5b, 0x3a, 0xc8, 0xff, 0x5b, 0x3a, 0xc8, 0xff,
    0x5b, 0x3a, 0xc8, 0xff, 0x5b, 0x3a, 0xc8, 0xff, 0x5b, 0x3a, 0xc8, 0xff, 0x5b, 0x3a, 0xc8, 0xff,
    0x5b, 0x3a, 0xc8, 0xff, 0x5b, 0x3a, 0xc8, 0xff, 0x5b, 0x3a, 0xc8, 0xff, 0x5b, 0x3a, 0xc8, 0xff,
    0x5b, 0x3a, 0xc8, 0xff, 0x5b, 0x3a, 0xc8, 0xff, 0x5b, 0x3a, 0xc8, 0xff, 0x5b, 0x3a, 0xc8, 0xff,
    0x5b, 0x3a, 0xc8, 0xff, 0x5b, 0x3a, 0xc8, 0xff, 0x5b, 0x3a, 0xc8, 0xff, 0x5b, 0x3a, 0xc8, 0xff,
    0x5b, 0x3a, 0xc8, 0xff, 0x5b, 0x3a, 0xc8, 0xff, 0x5b, 0x3a, 0xc8, 0xff, 0x5b, 0x3a, 0xc8, 0xff,
    0x5b, 0x3a, 0xc8, 0xff, 0x5b, 0x3a, 0xc8, 0xff, 0x5b, 0x3a, 0xc8, 0xff, 0x5b, 0x3a, 0xc8, 0xff,
    0x5b, 0x3a, 0xc8, 0xff, 0x5b, 0x3a, 0xc8, 0xff, 0x5b, 0x3a, 0xc8, 0xff, 0x5b, 0x3a, 0xc8, 0xff,
    0x5b, 0x3a, 0xc8, 0xff, 0x5b, 0x3a, 0xc8, 0xff, 0x5b, 0x3a, 0xc8, 0xff, 0x5b, 0x3a, 0xc8, 0xff,
    0x5b, 0x3a, 0xc8, 0xff, 0x5b, 0x3a, 0xc8, 0xff, 0x5b, 0x39, 0xc8, 0x8f, 0x00, 0x00, 0x00, 0x00,
    0x00, 0x00, 0x00, 0x00, 0x00, 0x00, 0x00, 0x00, 0x00, 0x00, 0x00, 0x00, 0x00, 0x00, 0x00, 0x00,
    0x00, 0x00, 0x00, 0x00, 0x50, 0x30, 0xbf, 0x10, 0x5b, 0x3a, 0xc8, 0xef, 0x5b, 0x3a, 0xc8, 0xff,
    0x5b, 0x3a, 0xc8, 0xff, 0x5b, 0x3a, 0xc8, 0xff, 0x5b, 0x3a, 0xc8, 0xff, 0x5b, 0x3a, 0xc8, 0xff,
    0x5b, 0x3a, 0xc8, 0xff, 0x5b, 0x3a, 0xc8, 0xff, 0x5b, 0x3a, 0xc8, 0xff, 0x5b, 0x3a, 0xc8, 0xff,
    0x5b, 0x3a, 0xc8, 0xff, 0x5b, 0x3a, 0xc8, 0xff, 0x5b, 0x3a, 0xc8, 0xff, 0x5b, 0x3a, 0xc8, 0xff,
    0x5b, 0x3a, 0xc8, 0xff, 0x5b, 0x3a, 0xc8, 0xff, 0x5b, 0x3a, 0xc8, 0xff, 0x5b, 0x3a, 0xc8, 0xff,
    0x5b, 0x3a, 0xc8, 0xff, 0x5b, 0x3a, 0xc8, 0xff, 0x5b, 0x3a, 0xc8, 0xff, 0x5b, 0x3a, 0xc8, 0xff,
    0x5b, 0x3a, 0xc8, 0xff, 0x5b, 0x3a, 0xc8, 0xff, 0x5b, 0x3a, 0xc8, 0xff, 0x5b, 0x3a, 0xc8, 0xff,
    0x5b, 0x3a, 0xc8, 0xff, 0x5b, 0x3a, 0xc8, 0xff, 0x5b, 0x3a, 0xc8, 0xff, 0x5b, 0x3a, 0xc8, 0xff,
    0x5b, 0x3a, 0xc8, 0xff, 0x5b, 0x3a, 0xc8, 0xff, 0x5b, 0x3a, 0xc8, 0xff, 0x5b, 0x3a, 0xc8, 0xff,
    0x5b, 0x3a, 0xc8, 0xff, 0x5b, 0x3a, 0xc8, 0xff, 0x5b, 0x3a, 0xc8, 0xff, 0x5b, 0x3a, 0xc8, 0xff,
    0x5b, 0x3a, 0xc8, 0xff, 0x5b, 0x3a, 0xc8, 0xff, 0x5b, 0x3a, 0xc8, 0xff, 0x5b, 0x3a, 0xc8, 0xff,
    0x5b, 0x3a, 0xc8, 0xff, 0x5b, 0x3a, 0xc8, 0xff, 0x5b, 0x3a, 0xc8, 0xff, 0x5b, 0x3a, 0xc8, 0xff,
    0x5b, 0x3a, 0xc8, 0xff, 0x5b, 0x3a, 0xc8, 0xff, 0x5b, 0x3a, 0xc8, 0xff, 0x5b, 0x3a, 0xc8, 0xff,
    0x5b, 0x3a, 0xc8, 0xff, 0x5b, 0x3a, 0xc8, 0xff, 0x5b, 0x3a, 0xc8, 0xff, 0x5b, 0x3a, 0xc8, 0xff,
    0x5b, 0x3a, 0xc8, 0xff, 0x5b, 0x3a, 0xc8, 0xff, 0x5b, 0x3a, 0xc8, 0xff, 0x5b, 0x3a, 0xc8, 0xff,
    0x5b, 0x3a, 0xc8, 0xff, 0x5b, 0x3a, 0xc8, 0xff, 0x5b, 0x3a, 0xc8, 0xff, 0x5b, 0x3a, 0xc8, 0xff,
    0x5b, 0x3a, 0xc8, 0xff, 0x5b, 0x3a, 0xc8, 0xff, 0x5b, 0x3a, 0xc8, 0xff, 0x5b, 0x3a, 0xc8, 0xff,
    0x5b, 0x3a, 0xc8, 0xff, 0x5b, 0x3a, 0xc8, 0xff, 0x5b, 0x3a, 0xc8, 0xff, 0x5b, 0x3a, 0xc8, 0xff,
    0x5b, 0x3a, 0xc8, 0xff, 0x5b, 0x3a, 0xc8, 0xff, 0x5b, 0x3a, 0xc8, 0xff, 0x5b, 0x3a, 0xc8, 0xff,
    0x5b, 0x3a, 0xc8, 0xff, 0x5b, 0x3a, 0xc8, 0xff, 0x5b, 0x3a, 0xc8, 0xff, 0x5b, 0x3a, 0xc8, 0xff,
    0x5b, 0x3a, 0xc8, 0xff, 0x5b, 0x3a, 0xc8, 0xff, 0x5b, 0x3a, 0xc8, 0xff, 0x5b, 0x3a, 0xc8, 0xff,
    0x5b, 0x3a, 0xc8, 0xff, 0x5b, 0x3a, 0xc8, 0xff, 0x5b, 0x3a, 0xc8, 0xff, 0x5b, 0x3a, 0xc8, 0xff,
    0x5b, 0x3a, 0xc8, 0xff, 0x5b, 0x3a, 0xc8, 0xff, 0x5b, 0x3a, 0xc8, 0xff, 0x5b, 0x3a, 0xc8, 0xff,
    0x5b, 0x3a, 0xc8, 0xff, 0x5b, 0x3a, 0xc8, 0xff, 0x5b, 0x3a, 0xc8, 0xff, 0x5b, 0x3a, 0xc8, 0xff,
    0x5b, 0x3a, 0xc8, 0xff, 0x5b, 0x3a, 0xc8, 0xff, 0x5b, 0x3a, 0xc8, 0xff, 0x5b, 0x3a, 0xc8, 0xff,
    0x5b, 0x3a, 0xc8, 0xff, 0x5b, 0x3a, 0xc8, 0xff, 0x5b, 0x3a, 0xc8, 0xff, 0x5b, 0x3a, 0xc8, 0xff,
    0x5b, 0x3a, 0xc8, 0xff, 0x5b, 0x3a, 0xc8, 0xff, 0x5b, 0x3a, 0xc8, 0xff, 0x5b, 0x3a, 0xc8, 0xff,
    0x5b, 0x3a, 0xc8, 0xff, 0x5b, 0x3a, 0xc8, 0xff, 0x5b, 0x3a, 0xc8, 0xff, 0x5b, 0x3a, 0xc8, 0xff,
    0x5b, 0x3a, 0xc8, 0xff, 0x5b, 0x3a, 0xc8, 0xff, 0x5b, 0x3a, 0xc8, 0xff, 0x5b, 0x3a, 0xc8, 0xff,
    0x5b, 0x3a, 0xc8, 0xff, 0x5b, 0x3a, 0xc8, 0xff, 0x5b, 0x3a, 0xc8, 0xff, 0x5b, 0x3a, 0xc8, 0xff,
    0x5b, 0x3a, 0xc8, 0xff, 0x5b, 0x3a, 0xc8, 0xff, 0x5b, 0x3a, 0xc8, 0xff, 0x5b, 0x39, 0xc8, 0xe7,
    0x50, 0x30, 0xbf, 0x10, 0x00, 0x00, 0x00, 0x00, 0x00, 0x00, 0x00, 0x00, 0x00, 0x00, 0x00, 0x00,
    0x00, 0x00, 0x00, 0x00, 0x00, 0x00, 0x00, 0x00, 0x00, 0x00, 0x00, 0x00, 0x00, 0x00, 0x00, 0x00,
    0x5c, 0x39, 0xc9, 0x67, 0x5b, 0x3a, 0xc8, 0xff, 0x5b, 0x3a, 0xc8, 0xff, 0x5b, 0x3a, 0xc8, 0xff,
    0x5b, 0x3a, 0xc8, 0xff, 0x5b, 0x3a, 0xc8, 0xff, 0x5b, 0x3a, 0xc8, 0xff, 0x5b, 0x3a, 0xc8, 0xff,
    0x5b, 0x3a, 0xc8, 0xff, 0x5b, 0x3a, 0xc8, 0xff, 0x5b, 0x3a, 0xc8, 0xff, 0x5b, 0x3a, 0xc8, 0xff,
    0x5b, 0x3a, 0xc8, 0xff, 0x5b, 0x3a, 0xc8, 0xff, 0x5b, 0x3a, 0xc8, 0xff, 0x5b, 0x3a, 0xc8, 0xff,
    0x5b, 0x3a, 0xc8, 0xff, 0x5b, 0x3a, 0xc8, 0xff, 0x5b, 0x3a, 0xc8, 0xff, 0x5b, 0x3a, 0xc8, 0xff,
    0x5b, 0x3a, 0xc8, 0xff, 0x5b, 0x3a, 0xc8, 0xff, 0x5b, 0x3a, 0xc8, 0xff, 0x5b, 0x3a, 0xc8, 0xff,
    0x5b, 0x3a, 0xc8, 0xff, 0x5b, 0x3a, 0xc8, 0xff, 0x5b, 0x3a, 0xc8, 0xff, 0x5b, 0x3a, 0xc8, 0xff,
    0x5b, 0x3a, 0xc8, 0xff, 0x5b, 0x3a, 0xc8, 0xff, 0x5b, 0x3a, 0xc8, 0xff, 0x5b, 0x3a, 0xc8, 0xff,
    0x5b, 0x3a, 0xc8, 0xff, 0x5b, 0x3a, 0xc8, 0xff, 0x5b, 0x3a, 0xc8, 0xff, 0x5b, 0x3a, 0xc8, 0xff,
    0x5b, 0x3a, 0xc8, 0xff, 0x5b, 0x3a, 0xc8, 0xff, 0x5b, 0x3a, 0xc8, 0xff, 0x5b, 0x3a, 0xc8, 0xff,
    0x5b, 0x3a, 0xc8, 0xff, 0x5b, 0x3a, 0xc8, 0xff, 0x5b, 0x3a, 0xc8, 0xff, 0x5b, 0x3a, 0xc8, 0xff,
    0x5b, 0x3a, 0xc8, 0xff, 0x5b, 0x3a, 0xc8, 0xff, 0x5b, 0x3a, 0xc8, 0xff, 0x5b, 0x3a, 0xc8, 0xff,
    0x5b, 0x3a, 0xc8, 0xff, 0x5b, 0x3a, 0xc8, 0xff, 0x5b, 0x3a, 0xc8, 0xff, 0x5b, 0x3a, 0xc8, 0xff,
    0x5b, 0x3a, 0xc8, 0xff, 0x5b, 0x3a, 0xc8, 0xff, 0x5b, 0x3a, 0xc8, 0xff, 0x5b, 0x3a, 0xc8, 0xff,
    0x5b, 0x3a, 0xc8, 0xff, 0x5b, 0x3a, 0xc8, 0xff, 0x5b, 0x3a, 0xc8, 0xff, 0x5b, 0x3a, 0xc8, 0xff,
    0x5b, 0x3a, 0xc8, 0xff, 0x5b, 0x3a, 0xc8, 0xff, 0x5b, 0x3a, 0xc8, 0xff, 0x5b, 0x3a, 0xc8, 0xff,
    0x5b, 0x3a, 0xc8, 0xff, 0x5b, 0x3a, 0xc8, 0xff, 0x5b, 0x3a, 0xc8, 0xff, 0x5b, 0x3a, 0xc8, 0xff,
    0x5b, 0x3a, 0xc8, 0xff, 0x5b, 0x3a, 0xc8, 0xff, 0x5b, 0x3a, 0xc8, 0xff, 0x5b, 0x3a, 0xc8, 0xff,
    0x5b, 0x3a, 0xc8, 0xff, 0x5b, 0x3a, 0xc8, 0xff, 0x5b, 0x3a, 0xc8, 0xff, 0x5b, 0x3a, 0xc8, 0xff,
    0x5b, 0x3a, 0xc8, 0xff, 0x5b, 0x3a, 0xc8, 0xff, 0x5b, 0x3a, 0xc8, 0xff, 0x5b, 0x3a, 0xc8, 0xff,
    0x5b, 0x3a, 0xc8, 0xff, 0x5b, 0x3a, 0xc8, 0xff, 0x5b, 0x3a, 0xc8, 0xff, 0x5b, 0x3a, 0xc8, 0xff,
    0x5b, 0x3a, 0xc8, 0xff, 0x5b, 0x3a, 0xc8, 0xff, 0x5b, 0x3a, 0xc8, 0xff, 0x5b, 0x3a, 0xc8, 0xff,
    0x5b, 0x3a, 0xc8, 0xff, 0x5b, 0x3a, 0xc8, 0xff, 0x5b, 0x3a, 0xc8, 0xff, 0x5b, 0x3a, 0xc8, 0xff,
    0x5b, 0x3a, 0xc8, 0xff, 0x5b, 0x3a, 0xc8, 0xff, 0x5b, 0x3a, 0xc8, 0xff, 0x5b, 0x3a, 0xc8, 0xff,
    0x5b, 0x3a, 0xc8, 0xff, 0x5b, 0x3a, 0xc8, 0xff, 0x5b, 0x3a, 0xc8, 0xff, 0x5b, 0x3a, 0xc8, 0xff,
    0x5b, 0x3a, 0xc8, 0xff, 0x5b, 0x3a, 0xc8, 0xff, 0x5b, 0x3a, 0xc8, 0xff, 0x5b, 0x3a, 0xc8, 0xff,
    0x5b, 0x3a, 0xc8, 0xff, 0x5b, 0x3a, 0xc8, 0xff, 0x5b, 0x3a, 0xc8, 0xff, 0x5b, 0x3a, 0xc8, 0xff,
    0x5b, 0x3a, 0xc8, 0xff, 0x5b, 0x3a, 0xc8, 0xff, 0x5b, 0x3a, 0xc8, 0xff, 0x5b, 0x3a, 0xc8, 0xff,
    0x5b, 0x3a, 0xc8, 0xff, 0x5b, 0x3a, 0xc8, 0xff, 0x5b, 0x3a, 0xc8, 0xff, 0x5b, 0x3a, 0xc8, 0xff,
    0x5b, 0x3a, 0xc8, 0xff, 0x5b, 0x3a, 0xc8, 0xff, 0x5b, 0x3a, 0xc8, 0xff, 0x5b, 0x3a, 0xc8, 0xff,
    0x5b, 0x3a, 0xc8, 0xff, 0x59, 0x39, 0xc9, 0x67, 0x00, 0x00, 0x00, 0x00, 0x00, 0x00, 0x00, 0x00,
    0x00, 0x00, 0x00, 0x00, 0x00, 0x00, 0x00, 0x00, 0x00, 0x00, 0x00, 0x00, 0x00, 0x00, 0x00, 0x00,
    0x00, 0x00, 0x00, 0x00, 0x00, 0x00, 0x00, 0x00, 0x40, 0x40, 0xbf, 0x04, 0x5b, 0x3a, 0xc8, 0xc7,
    0x5b, 0x3a, 0xc8, 0xff, 0x5b, 0x3a, 0xc8, 0xff, 0x5b, 0x3a, 0xc8, 0xff, 0x5b, 0x3a, 0xc8, 0xff,
    0x5b, 0x3a, 0xc8, 0xff, 0x5b, 0x3a, 0xc8, 0xff, 0x5b, 0x3a, 0xc8, 0xff, 0x5b, 0x3a, 0xc8, 0xff,
    0x5b, 0x3a, 0xc8, 0xff, 0x5b, 0x3a, 0xc8, 0xff, 0x5b, 0x3a, 0xc8, 0xff, 0x5b, 0x3a, 0xc8, 0xff,
    0x5b, 0x3a, 0xc8, 0xff, 0x5b, 0x3a, 0xc8, 0xff, 0x5b, 0x3a, 0xc8, 0xff, 0x5b, 0x3a, 0xc8, 0xff,
    0x5b, 0x3a, 0xc8, 0xff, 0x5b, 0x3a, 0xc8, 0xff, 0x5b, 0x3a, 0xc8, 0xff, 0x5b, 0x3a, 0xc8, 0xff,
    0x5b, 0x3a, 0xc8, 0xff, 0x5b, 0x3a, 0xc8, 0xff, 0x5b, 0x3a, 0xc8, 0xff, 0x5b, 0x3a, 0xc8, 0xff,
    0x5b, 0x3a, 0xc8, 0xff, 0x5b, 0x3a, 0xc8, 0xff, 0x5b, 0x3a, 0xc8, 0xff, 0x5b, 0x3a, 0xc8, 0xff,
    0x5b, 0x3a, 0xc8, 0xff, 0x5b, 0x3a, 0xc8, 0xff, 0x5b, 0x3a, 0xc8, 0xff, 0x5b, 0x3a, 0xc8, 0xff,
    0x5b, 0x3a, 0xc8, 0xff, 0x5b, 0x3a, 0xc8, 0xff, 0x5b, 0x3a, 0xc8, 0xff, 0x5b, 0x3a, 0xc8, 0xff,
    0x5b, 0x3a, 0xc8, 0xff, 0x5b, 0x3a, 0xc8, 0xff, 0x5b, 0x3a, 0xc8, 0xff, 0x5b, 0x3a, 0xc8, 0xff,
    0x5b, 0x3a, 0xc8, 0xff, 0x5b, 0x3a, 0xc8, 0xff, 0x5b, 0x3a, 0xc8, 0xff, 0x5b, 0x3a, 0xc8, 0xff,
    0x5b, 0x3a, 0xc8, 0xff, 0x5b, 0x3a, 0xc8, 0xff, 0x5b, 0x3a, 0xc8, 0xff, 0x5b, 0x3a, 0xc8, 0xff,
    0x5b, 0x3a, 0xc8, 0xff, 0x5b, 0x3a, 0xc8, 0xff, 0x5b, 0x3a, 0xc8, 0xff, 0x5b, 0x3a, 0xc8, 0xff,
    0x5b, 0x3a, 0xc8, 0xff, 0x5b, 0x3a, 0xc8, 0xff, 0x5b, 0x3a, 0xc8, 0xff, 0x5b, 0x3a, 0xc8, 0xff,
    0x5b, 0x3a, 0xc8, 0xff, 0x5b, 0x3a, 0xc8, 0xff, 0x5b, 0x3a, 0xc8, 0xff, 0x5b, 0x3a, 0xc8, 0xff,
    0x5b, 0x3a, 0xc8, 0xff, 0x5b, 0x3a, 0xc8, 0xff, 0x5b, 0x3a, 0xc8, 0xff, 0x5b, 0x3a, 0xc8, 0xff,
    0x5b, 0x3a, 0xc8, 0xff, 0x5b, 0x3a, 0xc8, 0xff, 0x5b, 0x3a, 0xc8, 0xff, 0x5b, 0x3a, 0xc8, 0xff,
    0x5b, 0x3a, 0xc8, 0xff, 0x5b, 0x3a, 0xc8, 0xff, 0x5b, 0x3a, 0xc8, 0xff, 0x5b, 0x3a, 0xc8, 0xff,
    0x5b, 0x3a, 0xc8, 0xff, 0x5b, 0x3a, 0xc8, 0xff, 0x5b, 0x3a, 0xc8, 0xff, 0x5b, 0x3a, 0xc8, 0xff,
    0x5b, 0x3a, 0xc8, 0xff, 0x5b, 0x3a, 0xc8, 0xff, 0x5b, 0x3a, 0xc8, 0xff, 0x5b, 0x3a, 0xc8, 0xff,
    0x5b, 0x3a, 0xc8, 0xff, 0x5b, 0x3a, 0xc8, 0xff, 0x5b, 0x3a, 0xc8, 0xff, 0x5b, 0x3a, 0xc8, 0xff,
    0x5b, 0x3a, 0xc8, 0xff, 0x5b, 0x3a, 0xc8, 0xff, 0x5b, 0x3a, 0xc8, 0xff, 0x5b, 0x3a, 0xc8, 0xff,
    0x5b, 0x3a, 0xc8, 0xff, 0x5b, 0x3a, 0xc8, 0xff, 0x5b, 0x3a, 0xc8, 0xff, 0x5b, 0x3a, 0xc8, 0xff,
    0x5b, 0x3a, 0xc8, 0xff, 0x5b, 0x3a, 0xc8, 0xff, 0x5b, 0x3a, 0xc8, 0xff, 0x5b, 0x3a, 0xc8, 0xff,
    0x5b, 0x3a, 0xc8, 0xff, 0x5b, 0x3a, 0xc8, 0xff, 0x5b, 0x3a, 0xc8, 0xff, 0x5b, 0x3a, 0xc8, 0xff,
    0x5b, 0x3a, 0xc8, 0xff, 0x5b, 0x3a, 0xc8, 0xff, 0x5b, 0x3a, 0xc8, 0xff, 0x5b, 0x3a, 0xc8, 0xff,
    0x5b, 0x3a, 0xc8, 0xff, 0x5b, 0x3a, 0xc8, 0xff, 0x5b, 0x3a, 0xc8, 0xff, 0x5b, 0x3a, 0xc8, 0xff,
    0x5b, 0x3a, 0xc8, 0xff, 0x5b, 0x3a, 0xc8, 0xff, 0x5b, 0x3a, 0xc8, 0xff, 0x5b, 0x3a, 0xc8, 0xff,
    0x5b, 0x3a, 0xc8, 0xff, 0x5b, 0x3a, 0xc8, 0xff, 0x5b, 0x3a, 0xc8, 0xff, 0x5b, 0x3a, 0xc8, 0xff,
    0x5b, 0x3a, 0xc8, 0xff, 0x5b, 0x3a, 0xc8, 0xff, 0x5b, 0x3a, 0xc8, 0xc7, 0x00, 0x00, 0x00, 0x00,
    0x00, 0x00, 0x00, 0x00, 0x00, 0x00, 0x00, 0x00, 0x00, 0x00, 0x00, 0x00, 0x00, 0x00, 0x00, 0x00,
    0x00, 0x00, 0x00, 0x00, 0x00, 0x00, 0x00, 0x00, 0x00, 0x00, 0x00, 0x00, 0x00, 0x00, 0x00, 0x00,
    0x00, 0x00, 0x00, 0x00, 0x59, 0x39, 0xc6, 0x28, 0x5b, 0x3a, 0xc7, 0xf7, 0x5b, 0x3a, 0xc8, 0xff,
    0x5b, 0x3a, 0xc8, 0xff, 0x5b, 0x3a, 0xc8, 0xff, 0x5b, 0x3a, 0xc8, 0xff, 0x5b, 0x3a, 0xc8, 0xff,
    0x5b, 0x3a, 0xc8, 0xff, 0x5b, 0x3a, 0xc8, 0xff, 0x5b, 0x3a, 0xc8, 0xff, 0x5b, 0x3a, 0xc8, 0xff,
    0x5b, 0x3a, 0xc8, 0xff, 0x5b, 0x3a, 0xc8, 0xff, 0x5b, 0x3a, 0xc8, 0xff, 0x5b, 0x3a, 0xc8, 0xff,
    0x5b, 0x3a, 0xc8, 0xff, 0x5b, 0x3a, 0xc8, 0xff, 0x5b, 0x3a, 0xc8, 0xff, 0x5b, 0x3a, 0xc8, 0xff,
    0x5b, 0x3a, 0xc8, 0xff, 0x5b, 0x3a, 0xc8, 0xff, 0x5b, 0x3a, 0xc8, 0xff, 0x5b, 0x3a, 0xc8, 0xff,
    0x5b, 0x3a, 0xc8, 0xff, 0x5b, 0x3a, 0xc8, 0xff, 0x5b, 0x3a, 0xc8, 0xff, 0x5b, 0x3a, 0xc8, 0xff,
    0x5b, 0x3a, 0xc8, 0xff, 0x5b, 0x3a, 0xc8, 0xff, 0x5b, 0x3a, 0xc8, 0xff, 0x5b, 0x3a, 0xc8, 0xff,
    0x5b, 0x3a, 0xc8, 0xff, 0x5b, 0x3a, 0xc8, 0xff, 0x5b, 0x3a, 0xc8, 0xff, 0x5b, 0x3a, 0xc8, 0xff,
    0x5b, 0x3a, 0xc8, 0xff, 0x5b, 0x3a, 0xc8, 0xff, 0x5b, 0x3a, 0xc8, 0xff, 0x5b, 0x3a, 0xc8, 0xff,
    0x5b, 0x3a, 0xc8, 0xff, 0x5b, 0x3a, 0xc8, 0xff, 0x5b, 0x3a, 0xc8, 0xff, 0x5b, 0x3a, 0xc8, 0xff,
    0x5b, 0x3a, 0xc8, 0xff, 0x5b, 0x3a, 0xc8, 0xff, 0x5b, 0x3a, 0xc8, 0xff, 0x5b, 0x3a, 0xc8, 0xff,
    0x5b, 0x3a, 0xc8, 0xff, 0x5b, 0x3a, 0xc8, 0xff, 0x5b, 0x3a, 0xc8, 0xff, 0x5b, 0x3a, 0xc8, 0xff,
    0x5b, 0x3a, 0xc8, 0xff, 0x5b, 0x3a, 0xc8, 0xff, 0x5b, 0x3a, 0xc8, 0xff, 0x5b, 0x3a, 0xc8, 0xff,
    0x5b, 0x3a, 0xc8, 0xff, 0x5b, 0x3a, 0xc8, 0xff, 0x5b, 0x3a, 0xc8, 0xff, 0x5b, 0x3a, 0xc8, 0xff,
    0x5b, 0x3a, 0xc8, 0xff, 0x5b, 0x3a, 0xc8, 0xff, 0x5b, 0x3a, 0xc8, 0xff, 0x5b, 0x3a, 0xc8, 0xff,
    0x5b, 0x3a, 0xc8, 0xff, 0x5b, 0x3a, 0xc8, 0xff, 0x5b, 0x3a, 0xc8, 0xff, 0x5b, 0x3a, 0xc8, 0xff,
    0x5b, 0x3a, 0xc8, 0xff, 0x5b, 0x3a, 0xc8, 0xff, 0x5b, 0x3a, 0xc8, 0xff, 0x5b, 0x3a, 0xc8, 0xff,
    0x5b, 0x3a, 0xc8, 0xff, 0x5b, 0x3a, 0xc8, 0xff, 0x5b, 0x3a, 0xc8, 0xff, 0x5b, 0x3a, 0xc8, 0xff,
    0x5b, 0x3a, 0xc8, 0xff, 0x5b, 0x3a, 0xc8, 0xff, 0x5b, 0x3a, 0xc8, 0xff, 0x5b, 0x3a, 0xc8, 0xff,
    0x5b, 0x3a, 0xc8, 0xff, 0x5b, 0x3a, 0xc8, 0xff, 0x5b, 0x3a, 0xc8, 0xff, 0x5b, 0x3a, 0xc8, 0xff,
    0x5b, 0x3a, 0xc8, 0xff, 0x5b, 0x3a, 0xc8, 0xff, 0x5b, 0x3a, 0xc8, 0xff, 0x5b, 0x3a, 0xc8, 0xff,
    0x5b, 0x3a, 0xc8, 0xff, 0x5b, 0x3a, 0xc8, 0xff, 0x5b, 0x3a, 0xc8, 0xff, 0x5b, 0x3a, 0xc8, 0xff,
    0x5b, 0x3a, 0xc8, 0xff, 0x5b, 0x3a, 0xc8, 0xff, 0x5b, 0x3a, 0xc8, 0xff, 0x5b, 0x3a, 0xc8, 0xff,
    0x5b, 0x3a, 0xc8, 0xff, 0x5b, 0x3a, 0xc8, 0xff, 0x5b, 0x3a, 0xc8, 0xff, 0x5b, 0x3a, 0xc8, 0xff,
    0x5b, 0x3a, 0xc8, 0xff, 0x5b, 0x3a, 0xc8, 0xff, 0x5b, 0x3a, 0xc8, 0xff, 0x5b, 0x3a, 0xc8, 0xff,
    0x5b, 0x3a, 0xc8, 0xff, 0x5b, 0x3a, 0xc8, 0xff, 0x5b, 0x3a, 0xc8, 0xff, 0x5b, 0x3a, 0xc8, 0xff,
    0x5b, 0x3a, 0xc8, 0xff, 0x5b, 0x3a, 0xc8, 0xff, 0x5b, 0x3a, 0xc8, 0xff, 0x5b, 0x3a, 0xc8, 0xff,
    0x5b, 0x3a, 0xc8, 0xff, 0x5b, 0x3a, 0xc8, 0xff, 0x5b, 0x3a, 0xc8, 0xff, 0x5b, 0x3a, 0xc8, 0xff,
    0x5b, 0x3a, 0xc8, 0xff, 0x5b, 0x3a, 0xc8, 0xff, 0x5b, 0x3a, 0xc8, 0xff, 0x5b, 0x3a, 0xc7, 0xf7,
    0x55, 0x39, 0xc6, 0x24, 0x00, 0x00, 0x00, 0x00, 0x00, 0x00, 0x00, 0x00, 0x00, 0x00, 0x00, 0x00,
    0x00, 0x00, 0x00, 0x00, 0x00, 0x00, 0x00, 0x00, 0x00, 0x00, 0x00, 0x00, 0x00, 0x00, 0x00, 0x00,
    0x00, 0x00, 0x00, 0x00, 0x00, 0x00, 0x00, 0x00, 0x00, 0x00, 0x00, 0x00, 0x00, 0x00, 0x00, 0x00,
    0x5a, 0x38, 0xc7, 0x5b, 0x5b, 0x3a, 0xc8, 0xff, 0x5b, 0x3a, 0xc8, 0xff, 0x5b, 0x3a, 0xc8, 0xff,
    0x5b, 0x3a, 0xc8, 0xff, 0x5b, 0x3a, 0xc8, 0xff, 0x5b, 0x3a, 0xc8, 0xff, 0x5b, 0x3a, 0xc8, 0xff,
    0x5b, 0x3a, 0xc8, 0xff, 0x5b, 0x3a, 0xc8, 0xff, 0x5b, 0x3a, 0xc8, 0xff, 0x5b, 0x3a, 0xc8, 0xff,
    0x5b, 0x3a, 0xc8, 0xff, 0x5b, 0x3a, 0xc8, 0xff, 0x5b, 0x3a, 0xc8, 0xff, 0x5b, 0x3a, 0xc8, 0xff,
    0x5b, 0x3a, 0xc8, 0xff, 0x5b, 0x3a, 0xc8, 0xff, 0x5b, 0x3a, 0xc8, 0xff, 0x5b, 0x3a, 0xc8, 0xff,
    0x5b, 0x3a, 0xc8, 0xff, 0x5b, 0x3a, 0xc8, 0xff, 0x5b, 0x3a, 0xc8, 0xff, 0x5b, 0x3a, 0xc8, 0xff,
    0x5b, 0x3a, 0xc8, 0xff, 0x5b, 0x3a, 0xc8, 0xff, 0x5b, 0x3a, 0xc8, 0xff, 0x5b, 0x3a, 0xc8, 0xff,
    0x5b, 0x3a, 0xc8, 0xff, 0x5b, 0x3a, 0xc8, 0xff, 0x5b, 0x3a, 0xc8, 0xff, 0x5b, 0x3a, 0xc8, 0xff,
    0x5b, 0x3a, 0xc8, 0xff, 0x5b, 0x3a, 0xc8, 0xff, 0x5b, 0x3a, 0xc8, 0xff, 0x5b, 0x3a, 0xc8, 0xff,
    0x5b, 0x3a, 0xc8, 0xff, 0x5b, 0x3a, 0xc8, 0xff, 0x5b, 0x3a, 0xc8, 0xff, 0x5b, 0x3a, 0xc8, 0xff,
    0x5b, 0x3a, 0xc8, 0xff, 0x5b, 0x3a, 0xc8, 0xff, 0x5b, 0x3a, 0xc8, 0xff, 0x5b, 0x3a, 0xc8, 0xff,
    0x5b, 0x3a, 0xc8, 0xff, 0x5b, 0x3a, 0xc8, 0xff, 0x5b, 0x3a, 0xc8, 0xff, 0x5b, 0x3a, 0xc8, 0xff,
    0x5b, 0x3a, 0xc8, 0xff, 0x5b, 0x3a, 0xc8, 0xff, 0x5b, 0x3a, 0xc8, 0xff, 0x5b, 0x3a, 0xc8, 0xff,
    0x5b, 0x3a, 0xc8, 0xff, 0x5b, 0x3a, 0xc8, 0xff, 0x5b, 0x3a, 0xc8, 0xff, 0x5b, 0x3a, 0xc8, 0xff,
    0x5b, 0x3a, 0xc8, 0xff, 0x5b, 0x3a, 0xc8, 0xff, 0x5b, 0x3a, 0xc8, 0xff, 0x5b, 0x3a, 0xc8, 0xff,
    0x5b, 0x3a, 0xc8, 0xff, 0x5b, 0x3a, 0xc8, 0xff, 0x5b, 0x3a, 0xc8, 0xff, 0x5b, 0x3a, 0xc8, 0xff,
    0x5b, 0x3a, 0xc8, 0xff, 0x5b, 0x3a, 0xc8, 0xff, 0x5b, 0x3a, 0xc8, 0xff, 0x5b, 0x3a, 0xc8, 0xff,
    0x5b, 0x3a, 0xc8, 0xff, 0x5b, 0x3a, 0xc8, 0xff, 0x5b, 0x3a, 0xc8, 0xff, 0x5b, 0x3a, 0xc8, 0xff,
    0x5b, 0x3a, 0xc8, 0xff, 0x5b, 0x3a, 0xc8, 0xff, 0x5b, 0x3a, 0xc8, 0xff, 0x5b, 0x3a, 0xc8, 0xff,
    0x5b, 0x3a, 0xc8, 0xff, 0x5b, 0x3a, 0xc8, 0xff, 0x5b, 0x3a, 0xc8, 0xff, 0x5b, 0x3a, 0xc8, 0xff,
    0x5b, 0x3a, 0xc8, 0xff, 0x5b, 0x3a, 0xc8, 0xff, 0x5b, 0x3a, 0xc8, 0xff, 0x5b, 0x3a, 0xc8, 0xff,
    0x5b, 0x3a, 0xc8, 0xff, 0x5b, 0x3a, 0xc8, 0xff, 0x5b, 0x3a, 0xc8, 0xff, 0x5b, 0x3a, 0xc8, 0xff,
    0x5b, 0x3a, 0xc8, 0xff, 0x5b, 0x3a, 0xc8, 0xff, 0x5b, 0x3a, 0xc8, 0xff, 0x5b, 0x3a, 0xc8, 0xff,
    0x5b, 0x3a, 0xc8, 0xff, 0x5b, 0x3a, 0xc8, 0xff, 0x5b, 0x3a, 0xc8, 0xff, 0x5b, 0x3a, 0xc8, 0xff,
    0x5b, 0x3a, 0xc8, 0xff, 0x5b, 0x3a, 0xc8, 0xff, 0x5b, 0x3a, 0xc8, 0xff, 0x5b, 0x3a, 0xc8, 0xff,
    0x5b, 0x3a, 0xc8, 0xff, 0x5b, 0x3a, 0xc8, 0xff, 0x5b, 0x3a, 0xc8, 0xff, 0x5b, 0x3a, 0xc8, 0xff,
    0x5b, 0x3a, 0xc8, 0xff, 0x5b, 0x3a, 0xc8, 0xff, 0x5b, 0x3a, 0xc8, 0xff, 0x5b, 0x3a, 0xc8, 0xff,
    0x5b, 0x3a, 0xc8, 0xff, 0x5b, 0x3a, 0xc8, 0xff, 0x5b, 0x3a, 0xc8, 0xff, 0x5b, 0x3a, 0xc8, 0xff,
    0x5b, 0x3a, 0xc8, 0xff, 0x5b, 0x3a, 0xc8, 0xff, 0x5b, 0x3a, 0xc8, 0xff, 0x5b, 0x3a, 0xc8, 0xff,
    0x5b, 0x3a, 0xc8, 0xff, 0x5b, 0x38, 0xc9, 0x5f, 0x00, 0x00, 0x00, 0x00, 0x00, 0x00, 0x00, 0x00,
    0x00, 0x00, 0x00, 0x00, 0x00, 0x00, 0x00, 0x00, 0x00, 0x00, 0x00, 0x00, 0x00, 0x00, 0x00, 0x00,
    0x00, 0x00, 0x00, 0x00, 0x00, 0x00, 0x00, 0x00, 0x00, 0x00, 0x00, 0x00, 0x00, 0x00, 0x00, 0x00,
    0x00, 0x00, 0x00, 0x00, 0x00, 0x00, 0x00, 0x00, 0x00, 0x00, 0x00, 0x00, 0x5b, 0x39, 0xc8, 0x8f,
    0x5b, 0x3a, 0xc8, 0xff, 0x5b, 0x3a, 0xc8, 0xff, 0x5b, 0x3a, 0xc8, 0xff, 0x5b, 0x3a, 0xc8, 0xff,
    0x5b, 0x3a, 0xc8, 0xff, 0x5b, 0x3a, 0xc8, 0xff, 0x5b, 0x3a, 0xc8, 0xff, 0x5b, 0x3a, 0xc8, 0xff,
    0x5b, 0x3a, 0xc8, 0xff, 0x5b, 0x3a, 0xc8, 0xff, 0x5b, 0x3a, 0xc8, 0xff, 0x5b, 0x3a, 0xc8, 0xff,
    0x5b, 0x3a, 0xc8, 0xff, 0x5b, 0x3a, 0xc8, 0xff, 0x5b, 0x3a, 0xc8, 0xff, 0x5b, 0x3a, 0xc8, 0xff,
    0x5b, 0x3a, 0xc8, 0xff, 0x5b, 0x3a, 0xc8, 0xff, 0x5b, 0x3a, 0xc8, 0xff, 0x5b, 0x3a, 0xc8, 0xff,
    0x5b, 0x3a, 0xc8, 0xff, 0x5b, 0x3a, 0xc8, 0xff, 0x5b, 0x3a, 0xc8, 0xff, 0x5b, 0x3a, 0xc8, 0xff,
    0x5b, 0x3a, 0xc8, 0xff, 0x5b, 0x3a, 0xc8, 0xff, 0x5b, 0x3a, 0xc8, 0xff, 0x5b, 0x3a, 0xc8, 0xff,
    0x5b, 0x3a, 0xc8, 0xff, 0x5b, 0x3a, 0xc8, 0xff, 0x5b, 0x3a, 0xc8, 0xff, 0x5b, 0x3a, 0xc8, 0xff,
    0x5b, 0x3a, 0xc8, 0xff, 0x5b, 0x3a, 0xc8, 0xff, 0x5b, 0x3a, 0xc8, 0xff, 0x5b, 0x3a, 0xc8, 0xff,
    0x5b, 0x3a, 0xc8, 0xff, 0x5b, 0x3a, 0xc8, 0xff, 0x5b, 0x3a, 0xc8, 0xff, 0x5b, 0x3a, 0xc8, 0xff,
    0x5b, 0x3a, 0xc8, 0xff, 0x5b, 0x3a, 0xc8, 0xff, 0x5b, 0x3a, 0xc8, 0xff, 0x5b, 0x3a, 0xc8, 0xff,
    0x5b, 0x3a, 0xc8, 0xff, 0x5b, 0x3a, 0xc8, 0xff, 0x5b, 0x3a, 0xc8, 0xff, 0x5b, 0x3a, 0xc8, 0xff,
    0x5b, 0x3a, 0xc8, 0xff, 0x5b, 0x3a, 0xc8, 0xff, 0x5b, 0x3a, 0xc8, 0xff, 0x5b, 0x3a, 0xc8, 0xff,
    0x5b, 0x3a, 0xc8, 0xff, 0x5b, 0x3a, 0xc8, 0xff, 0x5b, 0x3a, 0xc8, 0xff, 0x5b, 0x3a, 0xc8, 0xff,
    0x5b, 0x3a, 0xc8, 0xff, 0x5b, 0x3a, 0xc8, 0xff, 0x5b, 0x3a, 0xc8, 0xff, 0x5b, 0x3a, 0xc8, 0xff,
    0x5b, 0x3a, 0xc8, 0xff, 0x5b, 0x3a, 0xc8, 0xff, 0x5b, 0x3a, 0xc8, 0xff, 0x5b, 0x3a, 0xc8, 0xff,
    0x5b, 0x3a, 0xc8, 0xff, 0x5b, 0x3a, 0xc8, 0xff, 0x5b, 0x3a, 0xc8, 0xff, 0x5b, 0x3a, 0xc8, 0xff,
    0x5b, 0x3a, 0xc8, 0xff, 0x5b, 0x3a, 0xc8, 0xff, 0x5b, 0x3a, 0xc8, 0xff, 0x5b, 0x3a, 0xc8, 0xff,
    0x5b, 0x3a, 0xc8, 0xff, 0x5b, 0x3a, 0xc8, 0xff, 0x5b, 0x3a, 0xc8, 0xff, 0x5b, 0x3a, 0xc8, 0xff,
    0x5b, 0x3a, 0xc8, 0xff, 0x5b, 0x3a, 0xc8, 0xff, 0x5b, 0x3a, 0xc8, 0xff, 0x5b, 0x3a, 0xc8, 0xff,
    0x5b, 0x3a, 0xc8, 0xff, 0x5b, 0x3a, 0xc8, 0xff, 0x5b, 0x3a, 0xc8, 0xff, 0x5b, 0x3a, 0xc8, 0xff,
    0x5b, 0x3a, 0xc8, 0xff, 0x5b, 0x3a, 0xc8, 0xff, 0x5b, 0x3a, 0xc8, 0xff, 0x5b, 0x3a, 0xc8, 0xff,
    0x5b, 0x3a, 0xc8, 0xff, 0x5b, 0x3a, 0xc8, 0xff, 0x5b, 0x3a, 0xc8, 0xff, 0x5b, 0x3a, 0xc8, 0xff,
    0x5b, 0x3a, 0xc8, 0xff, 0x5b, 0x3a, 0xc8, 0xff, 0x5b, 0x3a, 0xc8, 0xff, 0x5b, 0x3a, 0xc8, 0xff,
    0x5b, 0x3a, 0xc8, 0xff, 0x5b, 0x3a, 0xc8, 0xff, 0x5b, 0x3a, 0xc8, 0xff, 0x5b, 0x3a, 0xc8, 0xff,
    0x5b, 0x3a, 0xc8, 0xff, 0x5b, 0x3a, 0xc8, 0xff, 0x5b, 0x3a, 0xc8, 0xff, 0x5b, 0x3a, 0xc8, 0xff,
    0x5b, 0x3a, 0xc8, 0xff, 0x5b, 0x3a, 0xc8, 0xff, 0x5b, 0x3a, 0xc8, 0xff, 0x5b, 0x3a, 0xc8, 0xff,
    0x5b, 0x3a, 0xc8, 0xff, 0x5b, 0x3a, 0xc8, 0xff, 0x5b, 0x3a, 0xc8, 0xff, 0x5b, 0x3a, 0xc8, 0xff,
    0x5b, 0x3a, 0xc8, 0xff, 0x5b, 0x3a, 0xc8, 0xff, 0x5a, 0x39, 0xc8, 0x8b, 0x00, 0x00, 0x00, 0x00,
    0x00, 0x00, 0x00, 0x00, 0x00, 0x00, 0x00, 0x00, 0x00, 0x00, 0x00, 0x00, 0x00, 0x00, 0x00, 0x00,
    0x00, 0x00, 0x00, 0x00, 0x00, 0x00, 0x00, 0x00, 0x00, 0x00, 0x00, 0x00, 0x00, 0x00, 0x00, 0x00,
    0x00, 0x00, 0x00, 0x00, 0x00, 0x00, 0x00, 0x00, 0x00, 0x00, 0x00, 0x00, 0x00, 0x00, 0x00, 0x00,
    0x00, 0x00, 0x00, 0x00, 0x40, 0x40, 0xbf, 0x04, 0x5b, 0x3a, 0xc7, 0xb3, 0x5b, 0x3a, 0xc8, 0xff,
    0x5b, 0x3a, 0xc8, 0xff, 0x5b, 0x3a, 0xc8, 0xff, 0x5b, 0x3a, 0xc8, 0xff, 0x5b, 0x3a, 0xc8, 0xff,
    0x5b, 0x3a, 0xc8, 0xff, 0x5b, 0x3a, 0xc8, 0xff, 0x5b, 0x3a, 0xc8, 0xff, 0x5b, 0x3a, 0xc8, 0xff,
    0x5b, 0x3a, 0xc8, 0xff, 0x5b, 0x3a, 0xc8, 0xff, 0x5b, 0x3a, 0xc8, 0xff, 0x5b, 0x3a, 0xc8, 0xff,
    0x5b, 0x3a, 0xc8, 0xff, 0x5b, 0x3a, 0xc8, 0xff, 0x5b, 0x3a, 0xc8, 0xff, 0x5b, 0x3a, 0xc8, 0xff,
    0x5b, 0x3a, 0xc8, 0xff, 0x5b, 0x3a, 0xc8, 0xff, 0x5b, 0x3a, 0xc8, 0xff, 0x5b, 0x3a, 0xc8, 0xff,
    0x5b, 0x3a, 0xc8, 0xff, 0x5b, 0x3a, 0xc8, 0xff, 0x5b, 0x3a, 0xc8, 0xff, 0x5b, 0x3a, 0xc8, 0xff,
    0x5b, 0x3a, 0xc8, 0xff, 0x5b, 0x3a, 0xc8, 0xff, 0x5b, 0x3a, 0xc8, 0xff, 0x5b, 0x3a, 0xc8, 0xff,
    0x5b, 0x3a, 0xc8, 0xff, 0x5b, 0x3a, 0xc8, 0xff, 0x5b, 0x3a, 0xc8, 0xff, 0x5b, 0x3a, 0xc8, 0xff,
    0x5b, 0x3a, 0xc8, 0xff, 0x5b, 0x3a, 0xc8, 0xff, 0x5b, 0x3a, 0xc8, 0xff, 0x5b, 0x3a, 0xc8, 0xff,
    0x5b, 0x3a, 0xc8, 0xff, 0x5b, 0x3a, 0xc8, 0xff, 0x5b, 0x3a, 0xc8, 0xff, 0x5b, 0x3a, 0xc8, 0xff,
    0x5b, 0x3a, 0xc8, 0xff, 0x5b, 0x3a, 0xc8, 0xff, 0x5b, 0x3a, 0xc8, 0xff, 0x5b, 0x3a, 0xc8, 0xff,
    0x5b, 0x3a, 0xc8, 0xff, 0x5b, 0x3a, 0xc8, 0xff, 0x5b, 0x3a, 0xc8, 0xff, 0x5b, 0x3a, 0xc8, 0xff,
    0x5b, 0x3a, 0xc8, 0xff, 0x5b, 0x3a, 0xc8, 0xff, 0x5b, 0x3a, 0xc8, 0xff, 0x5b, 0x3a, 0xc8, 0xff,
    0x5b, 0x3a, 0xc8, 0xff, 0x5b, 0x3a, 0xc8, 0xff, 0x5b, 0x3a, 0xc8, 0xff, 0x5b, 0x3a, 0xc8, 0xff,
    0x5b, 0x3a, 0xc8, 0xff, 0x5b, 0x3a, 0xc8, 0xff, 0x5b, 0x3a, 0xc8, 0xff, 0x5b, 0x3a, 0xc8, 0xff,
    0x5b, 0x3a, 0xc8, 0xff, 0x5b, 0x3a, 0xc8, 0xff, 0x5b, 0x3a, 0xc8, 0xff, 0x5b, 0x3a, 0xc8, 0xff,
    0x5b, 0x3a, 0xc8, 0xff, 0x5b, 0x3a, 0xc8, 0xff, 0x5b, 0x3a, 0xc8, 0xff, 0x5b, 0x3a, 0xc8, 0xff,
    0x5b, 0x3a, 0xc8, 0xff, 0x5b, 0x3a, 0xc8, 0xff, 0x5b, 0x3a, 0xc8, 0xff, 0x5b, 0x3a, 0xc8, 0xff,
    0x5b, 0x3a, 0xc8, 0xff, 0x5b, 0x3a, 0xc8, 0xff, 0x5b, 0x3a, 0xc8, 0xff, 0x5b, 0x3a, 0xc8, 0xff,
    0x5b, 0x3a, 0xc8, 0xff, 0x5b, 0x3a, 0xc8, 0xff, 0x5b, 0x3a, 0xc8, 0xff, 0x5b, 0x3a, 0xc8, 0xff,
    0x5b, 0x3a, 0xc8, 0xff, 0x5b, 0x3a, 0xc8, 0xff, 0x5b, 0x3a, 0xc8, 0xff, 0x5b, 0x3a, 0xc8, 0xff,
    0x5b, 0x3a, 0xc8, 0xff, 0x5b, 0x3a, 0xc8, 0xff, 0x5b, 0x3a, 0xc8, 0xff, 0x5b, 0x3a, 0xc8, 0xff,
    0x5b, 0x3a, 0xc8, 0xff, 0x5b, 0x3a, 0xc8, 0xff, 0x5b, 0x3a, 0xc8, 0xff, 0x5b, 0x3a, 0xc8, 0xff,
    0x5b, 0x3a, 0xc8, 0xff, 0x5b, 0x3a, 0xc8, 0xff, 0x5b, 0x3a, 0xc8, 0xff, 0x5b, 0x3a, 0xc8, 0xff,
    0x5b, 0x3a, 0xc8, 0xff, 0x5b, 0x3a, 0xc8, 0xff, 0x5b, 0x3a, 0xc8, 0xff, 0x5b, 0x3a, 0xc8, 0xff,
    0x5b, 0x3a, 0xc8, 0xff, 0x5b, 0x3a, 0xc8, 0xff, 0x5b, 0x3a, 0xc8, 0xff, 0x5b, 0x3a, 0xc8, 0xff,
    0x5b, 0x3a, 0xc8, 0xff, 0x5b, 0x3a, 0xc8, 0xff, 0x5b, 0x3a, 0xc8, 0xff, 0x5b, 0x3a, 0xc8, 0xff,
    0x5b, 0x3a, 0xc8, 0xff, 0x5b, 0x3a, 0xc8, 0xff, 0x5b, 0x3a, 0xc8, 0xff, 0x5b, 0x3b, 0xc7, 0xb7,
    0x40, 0x40, 0xbf, 0x04, 0x00, 0x00, 0x00, 0x00, 0x00, 0x00, 0x00, 0x00, 0x00, 0x00, 0x00, 0x00,
    0x00, 0x00, 0x00, 0x00, 0x00, 0x00, 0x00, 0x00, 0x00, 0x00, 0x00, 0x00, 0x00, 0x00, 0x00, 0x00,
    0x00, 0x00, 0x00, 0x00, 0x00, 0x00, 0x00, 0x00, 0x00, 0x00, 0x00, 0x00, 0x00, 0x00, 0x00, 0x00,
    0x00, 0x00, 0x00, 0x00, 0x00, 0x00, 0x00, 0x00, 0x00, 0x00, 0x00, 0x00, 0x00, 0x00, 0x00, 0x00,
    0x40, 0x20, 0xbf, 0x08, 0x5b, 0x39, 0xc7, 0xb7, 0x5b, 0x3a, 0xc8, 0xff, 0x5b, 0x3a, 0xc8, 0xff,
    0x5b, 0x3a, 0xc8, 0xff, 0x5b, 0x3a, 0xc8, 0xff, 0x5b, 0x3a, 0xc8, 0xff, 0x5b, 0x3a, 0xc8, 0xff,
    0x5b, 0x3a, 0xc8, 0xff, 0x5b, 0x3a, 0xc8, 0xff, 0x5b, 0x3a, 0xc8, 0xff, 0x5b, 0x3a, 0xc8, 0xff,
    0x5b, 0x3a, 0xc8, 0xff, 0x5b, 0x3a, 0xc8, 0xff, 0x5b, 0x3a, 0xc8, 0xff, 0x5b, 0x3a, 0xc8, 0xff,
    0x5b, 0x3a, 0xc8, 0xff, 0x5b, 0x3a, 0xc8, 0xff, 0x5b, 0x3a, 0xc8, 0xff, 0x5b, 0x3a, 0xc8, 0xff,
    0x5b, 0x3a, 0xc8, 0xff, 0x5b, 0x3a, 0xc8, 0xff, 0x5b, 0x3a, 0xc8, 0xff, 0x5b, 0x3a, 0xc8, 0xff,
    0x5b, 0x3a, 0xc8, 0xff, 0x5b, 0x3a, 0xc8, 0xff, 0x5b, 0x3a, 0xc8, 0xff, 0x5b, 0x3a, 0xc8, 0xff,
    0x5b, 0x3a, 0xc8, 0xff, 0x5b, 0x3a, 0xc8, 0xff, 0x5b, 0x3a, 0xc8, 0xff, 0x5b, 0x3a, 0xc8, 0xff,
    0x5b, 0x3a, 0xc8, 0xff, 0x5b, 0x3a, 0xc8, 0xff, 0x5b, 0x3a, 0xc8, 0xff, 0x5b, 0x3a, 0xc8, 0xff,
    0x5b, 0x3a, 0xc8, 0xff, 0x5b, 0x3a, 0xc8, 0xff, 0x5b, 0x3a, 0xc8, 0xff, 0x5b, 0x3a, 0xc8, 0xff,
    0x5b, 0x3a, 0xc8, 0xff, 0x5b, 0x3a, 0xc8, 0xff, 0x5b, 0x3a, 0xc8, 0xff, 0x5b, 0x3a, 0xc8, 0xff,
    0x5b, 0x3a, 0xc8, 0xff, 0x5b, 0x3a, 0xc8, 0xff, 0x5b, 0x3a, 0xc8, 0xff, 0x5b, 0x3a, 0xc8, 0xff,
    0x5b, 0x3a, 0xc8, 0xff, 0x5b, 0x3a, 0xc8, 0xff, 0x5b, 0x3a, 0xc8, 0xff, 0x5b, 0x3a, 0xc8, 0xff,
    0x5b, 0x3a, 0xc8, 0xff, 0x5b, 0x3a, 0xc8, 0xff, 0x5b, 0x3a, 0xc8, 0xff, 0x5b, 0x3a, 0xc8, 0xff,
    0x5b, 0x3a, 0xc8, 0xff, 0x5b, 0x3a, 0xc8, 0xff, 0x5b, 0x3a, 0xc8, 0xff, 0x5b, 0x3a, 0xc8, 0xff,
    0x5b, 0x3a, 0xc8, 0xff, 0x5b, 0x3a, 0xc8, 0xff, 0x5b, 0x3a, 0xc8, 0xff, 0x5b, 0x3a, 0xc8, 0xff,
    0x5b, 0x3a, 0xc8, 0xff, 0x5b, 0x3a, 0xc8, 0xff, 0x5b, 0x3a, 0xc8, 0xff, 0x5b, 0x3a, 0xc8, 0xff,
    0x5b, 0x3a, 0xc8, 0xff, 0x5b, 0x3a, 0xc8, 0xff, 0x5b, 0x3a, 0xc8, 0xff, 0x5b, 0x3a, 0xc8, 0xff,
    0x5b, 0x3a, 0xc8, 0xff, 0x5b, 0x3a, 0xc8, 0xff, 0x5b, 0x3a, 0xc8, 0xff, 0x5b, 0x3a, 0xc8, 0xff,
    0x5b, 0x3a, 0xc8, 0xff, 0x5b, 0x3a, 0xc8, 0xff, 0x5b, 0x3a, 0xc8, 0xff, 0x5b, 0x3a, 0xc8, 0xff,
    0x5b, 0x3a, 0xc8, 0xff, 0x5b, 0x3a, 0xc8, 0xff, 0x5b, 0x3a, 0xc8, 0xff, 0x5b, 0x3a, 0xc8, 0xff,
    0x5b, 0x3a, 0xc8, 0xff, 0x5b, 0x3a, 0xc8, 0xff, 0x5b, 0x3a, 0xc8, 0xff, 0x5b, 0x3a, 0xc8, 0xff,
    0x5b, 0x3a, 0xc8, 0xff, 0x5b, 0x3a, 0xc8, 0xff, 0x5b, 0x3a, 0xc8, 0xff, 0x5b, 0x3a, 0xc8, 0xff,
    0x5b, 0x3a, 0xc8, 0xff, 0x5b, 0x3a, 0xc8, 0xff, 0x5b, 0x3a, 0xc8, 0xff, 0x5b, 0x3a, 0xc8, 0xff,
    0x5b, 0x3a, 0xc8, 0xff, 0x5b, 0x3a, 0xc8, 0xff, 0x5b, 0x3a, 0xc8, 0xff, 0x5b, 0x3a, 0xc8, 0xff,
    0x5b, 0x3a, 0xc8, 0xff, 0x5b, 0x3a, 0xc8, 0xff, 0x5b, 0x3a, 0xc8, 0xff, 0x5b, 0x3a, 0xc8, 0xff,
    0x5b, 0x3a, 0xc8, 0xff, 0x5b, 0x3a, 0xc8, 0xff, 0x5b, 0x3a, 0xc8, 0xff, 0x5b, 0x3a, 0xc8, 0xff,
    0x5b, 0x3a, 0xc8, 0xff, 0x5b, 0x3a, 0xc8, 0xff, 0x5b, 0x3a, 0xc8, 0xff, 0x5b, 0x3a, 0xc8, 0xff,
    0x5b, 0x3b, 0xc7, 0xb7, 0x40, 0x40, 0xbf, 0x08, 0x00, 0x00, 0x00, 0x00, 0x00, 0x00, 0x00, 0x00,
    0x00, 0x00, 0x00, 0x00, 0x00, 0x00, 0x00, 0x00, 0x00, 0x00, 0x00, 0x00, 0x00, 0x00, 0x00, 0x00,
    0x00, 0x00, 0x00, 0x00, 0x00, 0x00, 0x00, 0x00, 0x00, 0x00, 0x00, 0x00, 0x00, 0x00, 0x00, 0x00,
    0x00, 0x00, 0x00, 0x00, 0x00, 0x00, 0x00, 0x00, 0x00, 0x00, 0x00, 0x00, 0x00, 0x00, 0x00, 0x00,
    0x00, 0x00, 0x00, 0x00, 0x00, 0x00, 0x00, 0x00, 0x00, 0x00, 0x00, 0x00, 0x40, 0x20, 0xbf, 0x08,
    0x5b, 0x39, 0xc7, 0xb7, 0x5b, 0x3a, 0xc8, 0xff, 0x5b, 0x3a, 0xc8, 0xff, 0x5b, 0x3a, 0xc8, 0xff,
    0x5b, 0x3a, 0xc8, 0xff, 0x5b, 0x3a, 0xc8, 0xff, 0x5b, 0x3a, 0xc8, 0xff, 0x5b, 0x3a, 0xc8, 0xff,
    0x5b, 0x3a, 0xc8, 0xff, 0x5b, 0x3a, 0xc8, 0xff, 0x5b, 0x3a, 0xc8, 0xff, 0x5b, 0x3a, 0xc8, 0xff,
    0x5b, 0x3a, 0xc8, 0xff, 0x5b, 0x3a, 0xc8, 0xff, 0x5b, 0x3a, 0xc8, 0xff, 0x5b, 0x3a, 0xc8, 0xff,
    0x5b, 0x3a, 0xc8, 0xff, 0x5b, 0x3a, 0xc8, 0xff, 0x5b, 0x3a, 0xc8, 0xff, 0x5b, 0x3a, 0xc8, 0xff,
    0x5b, 0x3a, 0xc8, 0xff, 0x5b, 0x3a, 0xc8, 0xff, 0x5b, 0x3a, 0xc8, 0xff, 0x5b, 0x3a, 0xc8, 0xff,
    0x5b, 0x3a, 0xc8, 0xff, 0x5b, 0x3a, 0xc8, 0xff, 0x5b, 0x3a, 0xc8, 0xff, 0x5b, 0x3a, 0xc8, 0xff,
    0x5b, 0x3a, 0xc8, 0xff, 0x5b, 0x3a, 0xc8, 0xff, 0x5b, 0x3a, 0xc8, 0xff, 0x5b, 0x3a, 0xc8, 0xff,
    0x5b, 0x3a, 0xc8, 0xff, 0x5b, 0x3a, 0xc8, 0xff, 0x5b, 0x3a, 0xc8, 0xff, 0x5b, 0x3a, 0xc8, 0xff,
    0x5b, 0x3a, 0xc8, 0xff, 0x5b, 0x3a, 0xc8, 0xff, 0x5b, 0x3a, 0xc8, 0xff, 0x5b, 0x3a, 0xc8, 0xff,
    0x5b, 0x3a, 0xc8, 0xff, 0x5b, 0x3a, 0xc8, 0xff, 0x5b, 0x3a, 0xc8, 0xff, 0x5b, 0x3a, 0xc8, 0xff,
    0x5b, 0x3a, 0xc8, 0xff, 0x5b, 0x3a, 0xc8, 0xff, 0x5b, 0x3a, 0xc8, 0xff, 0x5b, 0x3a, 0xc8, 0xff,
    0x5b, 0x3a, 0xc8, 0xff, 0x5b, 0x3a, 0xc8, 0xff, 0x5b, 0x3a, 0xc8, 0xff, 0x5b, 0x3a, 0xc8, 0xff,
    0x5b, 0x3a, 0xc8, 0xff, 0x5b, 0x3a, 0xc8, 0xff, 0x5b, 0x3a, 0xc8, 0xff, 0x5b, 0x3a, 0xc8, 0xff,
    0x5b, 0x3a, 0xc8, 0xff, 0x5b, 0x3a, 0xc8, 0xff, 0x5b, 0x3a, 0xc8, 0xff, 0x5b, 0x3a, 0xc8, 0xff,
    0x5b, 0x3a, 0xc8, 0xff, 0x5b, 0x3a, 0xc8, 0xff, 0x5b, 0x3a, 0xc8, 0xff, 0x5b, 0x3a, 0xc8, 0xff,
    0x5b, 0x3a, 0xc8, 0xff, 0x5b, 0x3a, 0xc8, 0xff, 0x5b, 0x3a, 0xc8, 0xff, 0x5b, 0x3a, 0xc8, 0xff,
    0x5b, 0x3a, 0xc8, 0xff, 0x5b, 0x3a, 0xc8, 0xff, 0x5b, 0x3a, 0xc8, 0xff, 0x5b, 0x3a, 0xc8, 0xff,
    0x5b, 0x3a, 0xc8, 0xff, 0x5b, 0x3a, 0xc8, 0xff, 0x5b, 0x3a, 0xc8, 0xff, 0x5b, 0x3a, 0xc8, 0xff,
    0x5b, 0x3a, 0xc8, 0xff, 0x5b, 0x3a, 0xc8, 0xff, 0x5b, 0x3a, 0xc8, 0xff, 0x5b, 0x3a, 0xc8, 0xff,
    0x5b, 0x3a, 0xc8, 0xff, 0x5b, 0x3a, 0xc8, 0xff, 0x5b, 0x3a, 0xc8, 0xff, 0x5b, 0x3a, 0xc8, 0xff,
    0x5b, 0x3a, 0xc8, 0xff, 0x5b, 0x3a, 0xc8, 0xff, 0x5b, 0x3a, 0xc8, 0xff, 0x5b, 0x3a, 0xc8, 0xff,
    0x5b, 0x3a, 0xc8, 0xff, 0x5b, 0x3a, 0xc8, 0xff, 0x5b, 0x3a, 0xc8, 0xff, 0x5b, 0x3a, 0xc8, 0xff,
    0x5b, 0x3a, 0xc8, 0xff, 0x5b, 0x3a, 0xc8, 0xff, 0x5b, 0x3a, 0xc8, 0xff, 0x5b, 0x3a, 0xc8, 0xff,
    0x5b, 0x3a, 0xc8, 0xff, 0x5b, 0x3a, 0xc8, 0xff, 0x5b, 0x3a, 0xc8, 0xff, 0x5b, 0x3a, 0xc8, 0xff,
    0x5b, 0x3a, 0xc8, 0xff, 0x5b, 0x3a, 0xc8, 0xff, 0x5b, 0x3a, 0xc8, 0xff, 0x5b, 0x3a, 0xc8, 0xff,
    0x5b, 0x3a, 0xc8, 0xff, 0x5b, 0x3a, 0xc8, 0xff, 0x5b, 0x3a, 0xc8, 0xff, 0x5b, 0x3a, 0xc8, 0xff,
    0x5b, 0x3a, 0xc8, 0xff, 0x5b, 0x3a, 0xc7, 0xb3, 0x40, 0x40, 0xbf, 0x08, 0x00, 0x00, 0x00, 0x00,
    0x00, 0x00, 0x00, 0x00, 0x00, 0x00, 0x00, 0x00, 0x00, 0x00, 0x00, 0x00, 0x00, 0x00, 0x00, 0x00,
    0x00, 0x00, 0x00, 0x00, 0x00, 0x00, 0x00, 0x00, 0x00, 0x00, 0x00, 0x00, 0x00, 0x00, 0x00, 0x00,
    0x00, 0x00, 0x00, 0x00, 0x00, 0x00, 0x00, 0x00, 0x00, 0x00, 0x00, 0x00, 0x00, 0x00, 0x00, 0x00,
    0x00, 0x00, 0x00, 0x00, 0x00, 0x00, 0x00, 0x00, 0x00, 0x00, 0x00, 0x00, 0x00, 0x00, 0x00, 0x00,
    0x00, 0x00, 0x00, 0x00, 0x00, 0x00, 0x00, 0x00, 0x40, 0x40, 0xbf, 0x04, 0x5c, 0x39, 0xc8, 0x8b,
    0x5b, 0x3a, 0xc8, 0xff, 0x5b, 0x3a, 0xc8, 0xff, 0x5b, 0x3a, 0xc8, 0xff, 0x5b, 0x3a, 0xc8, 0xff,
    0x5b, 0x3a, 0xc8, 0xff, 0x5b, 0x3a, 0xc8, 0xff, 0x5b, 0x3a, 0xc8, 0xff, 0x5b, 0x3a, 0xc8, 0xff,
    0x5b, 0x3a, 0xc8, 0xff, 0x5b, 0x3a, 0xc8, 0xff, 0x5b, 0x3a, 0xc8, 0xff, 0x5b, 0x3a, 0xc8, 0xff,
    0x5b, 0x3a, 0xc8, 0xff, 0x5b, 0x3a, 0xc8, 0xff, 0x5b, 0x3a, 0xc8, 0xff, 0x5b, 0x3a, 0xc8, 0xff,
    0x5b, 0x3a, 0xc8, 0xff, 0x5b, 0x3a, 0xc8, 0xff, 0x5b, 0x3a, 0xc8, 0xff, 0x5b, 0x3a, 0xc8, 0xff,
    0x5b, 0x3a, 0xc8, 0xff, 0x5b, 0x3a, 0xc8, 0xff, 0x5b, 0x3a, 0xc8, 0xff, 0x5b, 0x3a, 0xc8, 0xff,
    0x5b, 0x3a, 0xc8, 0xff, 0x5b, 0x3a, 0xc8, 0xff, 0x5b, 0x3a, 0xc8, 0xff, 0x5b, 0x3a, 0xc8, 0xff,
    0x5b, 0x3a, 0xc8, 0xff, 0x5b, 0x3a, 0xc8, 0xff, 0x5b, 0x3a, 0xc8, 0xff, 0x5b, 0x3a, 0xc8, 0xff,
    0x5b, 0x3a, 0xc8, 0xff, 0x5b, 0x3a, 0xc8, 0xff, 0x5b, 0x3a, 0xc8, 0xff, 0x5b, 0x3a, 0xc8, 0xff,
    0x5b, 0x3a, 0xc8, 0xff, 0x5b, 0x3a, 0xc8, 0xff, 0x5b, 0x3a, 0xc8, 0xff, 0x5b, 0x3a, 0xc8, 0xff,
    0x5b, 0x3a, 0xc8, 0xff, 0x5b, 0x3a, 0xc8, 0xff, 0x5b, 0x3a, 0xc8, 0xff, 0x5b, 0x3a, 0xc8, 0xff,
    0x5b, 0x3a, 0xc8, 0xff, 0x5b, 0x3a, 0xc8, 0xff, 0x5b, 0x3a, 0xc8, 0xff, 0x5b, 0x3a, 0xc8, 0xff,
    0x5b, 0x3a, 0xc8, 0xff, 0x5b, 0x3a, 0xc8, 0xff, 0x5b, 0x3a, 0xc8, 0xff, 0x5b, 0x3a, 0xc8, 0xff,
    0x5b, 0x3a, 0xc8, 0xff, 0x5b, 0x3a, 0xc8, 0xff, 0x5b, 0x3a, 0xc8, 0xff, 0x5b, 0x3a, 0xc8, 0xff,
    0x5b, 0x3a, 0xc8, 0xff, 0x5b, 0x3a, 0xc8, 0xff, 0x5b, 0x3a, 0xc8, 0xff, 0x5b, 0x3a, 0xc8, 0xff,
    0x5b, 0x3a, 0xc8, 0xff, 0x5b, 0x3a, 0xc8, 0xff, 0x5b, 0x3a, 0xc8, 0xff, 0x5b, 0x3a, 0xc8, 0xff,
    0x5b, 0x3a, 0xc8, 0xff, 0x5b, 0x3a, 0xc8, 0xff, 0x5b, 0x3a, 0xc8, 0xff, 0x5b, 0x3a, 0xc8, 0xff,
    0x5b, 0x3a, 0xc8, 0xff, 0x5b, 0x3a, 0xc8, 0xff, 0x5b, 0x3a, 0xc8, 0xff, 0x5b, 0x3a, 0xc8, 0xff,
    0x5b, 0x3a, 0xc8, 0xff, 0x5b, 0x3a, 0xc8, 0xff, 0x5b, 0x3a, 0xc8, 0xff, 0x5b, 0x3a, 0xc8, 0xff,
    0x5b, 0x3a, 0xc8, 0xff, 0x5b, 0x3a, 0xc8, 0xff, 0x5b, 0x3a, 0xc8, 0xff, 0x5b, 0x3a, 0xc8, 0xff,
    0x5b, 0x3a, 0xc8, 0xff, 0x5b, 0x3a, 0xc8, 0xff, 0x5b, 0x3a, 0xc8, 0xff, 0x5b, 0x3a, 0xc8, 0xff,
    0x5b, 0x3a, 0xc8, 0xff, 0x5b, 0x3a, 0xc8, 0xff, 0x5b, 0x3a, 0xc8, 0xff, 0x5b, 0x3a, 0xc8, 0xff,
    0x5b, 0x3a, 0xc8, 0xff, 0x5b, 0x3a, 0xc8, 0xff, 0x5b, 0x3a, 0xc8, 0xff, 0x5b, 0x3a, 0xc8, 0xff,
    0x5b, 0x3a, 0xc8, 0xff, 0x5b, 0x3a, 0xc8, 0xff, 0x5b, 0x3a, 0xc8, 0xff, 0x5b, 0x3a, 0xc8, 0xff,
    0x5b, 0x3a, 0xc8, 0xff, 0x5b, 0x3a, 0xc8, 0xff, 0x5b, 0x3a, 0xc8, 0xff, 0x5b, 0x3a, 0xc8, 0xff,
    0x5b, 0x3a, 0xc8, 0xff, 0x5b, 0x3a, 0xc8, 0xff, 0x5b, 0x3a, 0xc8, 0xff, 0x5b, 0x3a, 0xc8, 0xff,
    0x5b, 0x3a, 0xc8, 0xff, 0x5b, 0x3a, 0xc8, 0xff, 0x5b, 0x39, 0xc8, 0x8f, 0x40, 0x40, 0xbf, 0x04,
    0x00, 0x00, 0x00, 0x00, 0x00, 0x00, 0x00, 0x00, 0x00, 0x00, 0x00, 0x00, 0x00, 0x00, 0x00, 0x00,
    0x00, 0x00, 0x00, 0x00, 0x00, 0x00, 0x00, 0x00, 0x00, 0x00, 0x00, 0x00, 0x00, 0x00, 0x00, 0x00,
    0x00, 0x00, 0x00, 0x00, 0x00, 0x00, 0x00, 0x00, 0x00, 0x00, 0x00, 0x00, 0x00, 0x00, 0x00, 0x00,
    0x00, 0x00, 0x00, 0x00, 0x00, 0x00, 0x00, 0x00, 0x00, 0x00, 0x00, 0x00, 0x00, 0x00, 0x00, 0x00,
    0x00, 0x00, 0x00, 0x00, 0x00, 0x00, 0x00, 0x00, 0x00, 0x00, 0x00, 0x00, 0x00, 0x00, 0x00, 0x00,
    0x00, 0x00, 0x00, 0x00, 0x00, 0x00, 0x00, 0x00, 0x5b, 0x38, 0xc9, 0x5f, 0x5b, 0x3a, 0xc7, 0xf7,
    0x5b, 0x3a, 0xc8, 0xff, 0x5b, 0x3a, 0xc8, 0xff, 0x5b, 0x3a, 0xc8, 0xff, 0x5b, 0x3a, 0xc8, 0xff,
    0x5b, 0x3a, 0xc8, 0xff, 0x5b, 0x3a, 0xc8, 0xff, 0x5b, 0x3a, 0xc8, 0xff, 0x5b, 0x3a, 0xc8, 0xff,
    0x5b, 0x3a, 0xc8, 0xff, 0x5b, 0x3a, 0xc8, 0xff, 0x5b, 0x3a, 0xc8, 0xff, 0x5b, 0x3a, 0xc8, 0xff,
    0x5b, 0x3a, 0xc8, 0xff, 0x5b, 0x3a, 0xc8, 0xff, 0x5b, 0x3a, 0xc8, 0xff, 0x5b, 0x3a, 0xc8, 0xff,
    0x5b, 0x3a, 0xc8, 0xff, 0x5b, 0x3a, 0xc8, 0xff, 0x5b, 0x3a, 0xc8, 0xff, 0x5b, 0x3a, 0xc8, 0xff,
    0x5b, 0x3a, 0xc8, 0xff, 0x5b, 0x3a, 0xc8, 0xff, 0x5b, 0x3a, 0xc8, 0xff, 0x5b, 0x3a, 0xc8, 0xff,
    0x5b, 0x3a, 0xc8, 0xff, 0x5b, 0x3a, 0xc8, 0xff, 0x5b, 0x3a, 0xc8, 0xff, 0x5b, 0x3a, 0xc8, 0xff,
    0x5b, 0x3a, 0xc8, 0xff, 0x5b, 0x3a, 0xc8, 0xff, 0x5b, 0x3a, 0xc8, 0xff, 0x5b, 0x3a, 0xc8, 0xff,
    0x5b, 0x3a, 0xc8, 0xff, 0x5b, 0x3a, 0xc8, 0xff, 0x5b, 0x3a, 0xc8, 0xff, 0x5b, 0x3a, 0xc8, 0xff,
    0x5b, 0x3a, 0xc8, 0xff, 0x5b, 0x3a, 0xc8, 0xff, 0x5b, 0x3a, 0xc8, 0xff, 0x5b, 0x3a, 0xc8, 0xff,
    0x5b, 0x3a, 0xc8, 0xff, 0x5b, 0x3a, 0xc8, 0xff, 0x5b, 0x3a, 0xc8, 0xff, 0x5b, 0x3a, 0xc8, 0xff,
    0x5b, 0x3a, 0xc8, 0xff, 0x5b, 0x3a, 0xc8, 0xff, 0x5b, 0x3a, 0xc8, 0xff, 0x5b, 0x3a, 0xc8, 0xff,
    0x5b, 0x3a, 0xc8, 0xff, 0x5b, 0x3a, 0xc8, 0xff, 0x5b, 0x3a, 0xc8, 0xff, 0x5b, 0x3a, 0xc8, 0xff,
    0x5b, 0x3a, 0xc8, 0xff, 0x5b, 0x3a, 0xc8, 0xff, 0x5b, 0x3a, 0xc8, 0xff, 0x5b, 0x3a, 0xc8, 0xff,
    0x5b, 0x3a, 0xc8, 0xff, 0x5b, 0x3a, 0xc8, 0xff, 0x5b, 0x3a, 0xc8, 0xff, 0x5b, 0x3a, 0xc8, 0xff,
    0x5b, 0x3a, 0xc8, 0xff, 0x5b, 0x3a, 0xc8, 0xff, 0x5b, 0x3a, 0xc8, 0xff, 0x5b, 0x3a, 0xc8, 0xff,
    0x5b, 0x3a, 0xc8, 0xff, 0x5b, 0x3a, 0xc8, 0xff, 0x5b, 0x3a, 0xc8, 0xff, 0x5b, 0x3a, 0xc8, 0xff,
    0x5b, 0x3a, 0xc8, 0xff, 0x5b, 0x3a, 0xc8, 0xff, 0x5b, 0x3a, 0xc8, 0xff, 0x5b, 0x3a, 0xc8, 0xff,
    0x5b, 0x3a, 0xc8, 0xff, 0x5b, 0x3a, 0xc8, 0xff, 0x5b, 0x3a, 0xc8, 0xff, 0x5b, 0x3a, 0xc8, 0xff,
    0x5b, 0x3a, 0xc8, 0xff, 0x5b, 0x3a, 0xc8, 0xff, 0x5b, 0x3a, 0xc8, 0xff, 0x5b, 0x3a, 0xc8, 0xff,
    0x5b, 0x3a, 0xc8, 0xff, 0x5b, 0x3a, 0xc8, 0xff, 0x5b, 0x3a, 0xc8, 0xff, 0x5b, 0x3a, 0xc8, 0xff,
    0x5b, 0x3a, 0xc8, 0xff, 0x5b, 0x3a, 0xc8, 0xff, 0x5b, 0x3a, 0xc8, 0xff, 0x5b, 0x3a, 0xc8, 0xff,
    0x5b, 0x3a, 0xc8, 0xff, 0x5b, 0x3a, 0xc8, 0xff, 0x5b, 0x3a, 0xc8, 0xff, 0x5b, 0x3a, 0xc8, 0xff,
    0x5b, 0x3a, 0xc8, 0xff, 0x5b, 0x3a, 0xc8, 0xff, 0x5b, 0x3a, 0xc8, 0xff, 0x5b, 0x3a, 0xc8, 0xff,
    0x5b, 0x3a, 0xc8, 0xff, 0x5b, 0x3a, 0xc8, 0xff, 0x5b, 0x3a, 0xc8, 0xff, 0x5b, 0x3a, 0xc8, 0xff,
    0x5b, 0x3a, 0xc8, 0xff, 0x5b, 0x3a, 0xc8, 0xff, 0x5b, 0x3a, 0xc7, 0xf7, 0x5a, 0x3b, 0xc7, 0x5b,
    0x00, 0x00, 0x00, 0x00, 0x00, 0x00, 0x00, 0x00, 0x00, 0x00, 0x00, 0x00, 0x00, 0x00, 0x00, 0x00,
    0x00, 0x00, 0x00, 0x00, 0x00, 0x00, 0x00, 0x00, 0x00, 0x00, 0x00, 0x00, 0x00, 0x00, 0x00, 0x00,
    0x00, 0x00, 0x00, 0x00, 0x00, 0x00, 0x00, 0x00, 0x00, 0x00, 0x00, 0x00, 0x00, 0x00, 0x00, 0x00,
    0x00, 0x00, 0x00, 0x00, 0x00, 0x00, 0x00, 0x00, 0x00, 0x00, 0x00, 0x00, 0x00, 0x00, 0x00, 0x00,
    0x00, 0x00, 0x00, 0x00, 0x00, 0x00, 0x00, 0x00, 0x00, 0x00, 0x00, 0x00, 0x00, 0x00, 0x00, 0x00,
    0x00, 0x00, 0x00, 0x00, 0x00, 0x00, 0x00, 0x00, 0x00, 0x00, 0x00, 0x00, 0x00, 0x00, 0x00, 0x00,
    0x00, 0x00, 0x00, 0x00, 0x5c, 0x39, 0xc6, 0x24, 0x5b, 0x3a, 0xc8, 0xc7, 0x5b, 0x3a, 0xc8, 0xff,
    0x5b, 0x3a, 0xc8, 0xff, 0x5b, 0x3a, 0xc8, 0xff, 0x5b, 0x3a, 0xc8, 0xff, 0x5b, 0x3a, 0xc8, 0xff,
    0x5b, 0x3a, 0xc8, 0xff, 0x5b, 0x3a, 0xc8, 0xff, 0x5b, 0x3a, 0xc8, 0xff, 0x5b, 0x3a, 0xc8, 0xff,
    0x5b, 0x3a, 0xc8, 0xff, 0x5b, 0x3a, 0xc8, 0xff, 0x5b, 0x3a, 0xc8, 0xff, 0x5b, 0x3a, 0xc8, 0xff,
    0x5b, 0x3a, 0xc8, 0xff, 0x5b, 0x3a, 0xc8, 0xff, 0x5b, 0x3a, 0xc8, 0xff, 0x5b, 0x3a, 0xc8, 0xff,
    0x5b, 0x3a, 0xc8, 0xff, 0x5b, 0x3a, 0xc8, 0xff, 0x5b, 0x3a, 0xc8, 0xff, 0x5b, 0x3a, 0xc8, 0xff,
    0x5b, 0x3a, 0xc8, 0xff, 0x5b, 0x3a, 0xc8, 0xff, 0x5b, 0x3a, 0xc8, 0xff, 0x5b, 0x3a, 0xc8, 0xff,
    0x5b, 0x3a, 0xc8, 0xff, 0x5b, 0x3a, 0xc8, 0xff, 0x5b, 0x3a, 0xc8, 0xff, 0x5b, 0x3a, 0xc8, 0xff,
    0x5b, 0x3a, 0xc8, 0xff, 0x5b, 0x3a, 0xc8, 0xff, 0x5b, 0x3a, 0xc8, 0xff, 0x5b, 0x3a, 0xc8, 0xff,
    0x5b, 0x3a, 0xc8, 0xff, 0x5b, 0x3a, 0xc8, 0xff, 0x5b, 0x3a, 0xc8, 0xff, 0x5b, 0x3a, 0xc8, 0xff,
    0x5b, 0x3a, 0xc8, 0xff, 0x5b, 0x3a, 0xc8, 0xff, 0x5b, 0x3a, 0xc8, 0xff, 0x5b, 0x3a, 0xc8, 0xff,
    0x5b, 0x3a, 0xc8, 0xff, 0x5b, 0x3a, 0xc8, 0xff, 0x5b, 0x3a, 0xc8, 0xff, 0x5b, 0x3a, 0xc8, 0xff,
    0x5b, 0x3a, 0xc8, 0xff, 0x5b, 0x3a, 0xc8, 0xff, 0x5b, 0x3a, 0xc8, 0xff, 0x5b, 0x3a, 0xc8, 0xff,
    0x5b, 0x3a, 0xc8, 0xff, 0x5b, 0x3a, 0xc8, 0xff, 0x5b, 0x3a, 0xc8, 0xff, 0x5b, 0x3a, 0xc8, 0xff,
    0x5b, 0x3a, 0xc8, 0xff, 0x5b, 0x3a, 0xc8, 0xff, 0x5b, 0x3a, 0xc8, 0xff, 0x5b, 0x3a, 0xc8, 0xff,
    0x5b, 0x3a, 0xc8, 0xff, 0x5b, 0x3a, 0xc8, 0xff, 0x5b, 0x3a, 0xc8, 0xff, 0x5b, 0x3a, 0xc8, 0xff,
    0x5b, 0x3a, 0xc8, 0xff, 0x5b, 0x3a, 0xc8, 0xff, 0x5b, 0x3a, 0xc8, 0xff, 0x5b, 0x3a, 0xc8, 0xff,
    0x5b, 0x3a, 0xc8, 0xff, 0x5b, 0x3a, 0xc8, 0xff, 0x5b, 0x3a, 0xc8, 0xff, 0x5b, 0x3a, 0xc8, 0xff,
    0x5b, 0x3a, 0xc8, 0xff, 0x5b, 0x3a, 0xc8, 0xff, 0x5b, 0x3a, 0xc8, 0xff, 0x5b, 0x3a, 0xc8, 0xff,
    0x5b, 0x3a, 0xc8, 0xff, 0x5b, 0x3a, 0xc8, 0xff, 0x5b, 0x3a, 0xc8, 0xff, 0x5b, 0x3a, 0xc8, 0xff,
    0x5b, 0x3a, 0xc8, 0xff, 0x5b, 0x3a, 0xc8, 0xff, 0x5b, 0x3a, 0xc8, 0xff, 0x5b, 0x3a, 0xc8, 0xff,
    0x5b, 0x3a, 0xc8, 0xff, 0x5b, 0x3a, 0xc8, 0xff, 0x5b, 0x3a, 0xc8, 0xff, 0x5b, 0x3a, 0xc8, 0xff,
    0x5b, 0x3a, 0xc8, 0xff, 0x5b, 0x3a, 0xc8, 0xff, 0x5b, 0x3a, 0xc8, 0xff, 0x5b, 0x3a, 0xc8, 0xff,
    0x5b, 0x3a, 0xc8, 0xff, 0x5b, 0x3a, 0xc8, 0xff, 0x5b, 0x3a, 0xc8, 0xff, 0x5b, 0x3a, 0xc8, 0xff,
    0x5b, 0x3a, 0xc8, 0xff, 0x5b, 0x3a, 0xc8, 0xff, 0x5b, 0x3a, 0xc8, 0xff, 0x5b, 0x3a, 0xc8, 0xff,
    0x5b, 0x3a, 0xc8, 0xff, 0x5b, 0x3a, 0xc8, 0xff, 0x5b, 0x3a, 0xc8, 0xff, 0x5b, 0x3a, 0xc8, 0xc7,
    0x59, 0x39, 0xc6, 0x28, 0x00, 0x00, 0x00, 0x00, 0x00, 0x00, 0x00, 0x00, 0x00, 0x00, 0x00, 0x00,
    0x00, 0x00, 0x00, 0x00, 0x00, 0x00, 0x00, 0x00, 0x00, 0x00, 0x00, 0x00, 0x00, 0x00, 0x00, 0x00,
    0x00, 0x00, 0x00, 0x00, 0x00, 0x00, 0x00, 0x00, 0x00, 0x00, 0x00, 0x00, 0x00, 0x00, 0x00, 0x00,
    0x00, 0x00, 0x00, 0x00, 0x00, 0x00, 0x00, 0x00, 0x00, 0x00, 0x00, 0x00, 0x00, 0x00, 0x00, 0x00,
    0x00, 0x00, 0x00, 0x00, 0x00, 0x00, 0x00, 0x00, 0x00, 0x00, 0x00, 0x00, 0x00, 0x00, 0x00, 0x00,
    0x00, 0x00, 0x00, 0x00, 0x00, 0x00, 0x00, 0x00, 0x00, 0x00, 0x00, 0x00, 0x00, 0x00, 0x00, 0x00,
    0x00, 0x00, 0x00, 0x00, 0x00, 0x00, 0x00, 0x00, 0x00, 0x00, 0x00, 0x00, 0x00, 0x00, 0x00, 0x00,
    0x00, 0x00, 0x00, 0x00, 0x5c, 0x39, 0xc9, 0x67, 0x5b, 0x39, 0xc8, 0xe7, 0x5b, 0x3a, 0xc8, 0xff,
    0x5b, 0x3a, 0xc8, 0xff, 0x5b, 0x3a, 0xc8, 0xff, 0x5b, 0x3a, 0xc8, 0xff, 0x5b, 0x3a, 0xc8, 0xff,
    0x5b, 0x3a, 0xc8, 0xff, 0x5b, 0x3a, 0xc8, 0xff, 0x5b, 0x3a, 0xc8, 0xff, 0x5b, 0x3a, 0xc8, 0xff,
    0x5b, 0x3a, 0xc8, 0xff, 0x5b, 0x3a, 0xc8, 0xff, 0x5b, 0x3a, 0xc8, 0xff, 0x5b, 0x3a, 0xc8, 0xff,
    0x5b, 0x3a, 0xc8, 0xff, 0x5b, 0x3a, 0xc8, 0xff, 0x5b, 0x3a, 0xc8, 0xff, 0x5b, 0x3a, 0xc8, 0xff,
    0x5b, 0x3a, 0xc8, 0xff, 0x5b, 0x3a, 0xc8, 0xff, 0x5b, 0x3a, 0xc8, 0xff, 0x5b, 0x3a, 0xc8, 0xff,
    0x5b, 0x3a, 0xc8, 0xff, 0x5b, 0x3a, 0xc8, 0xff, 0x5b, 0x3a, 0xc8, 0xff, 0x5b, 0x3a, 0xc8, 0xff,
    0x5b, 0x3a, 0xc8, 0xff, 0x5b, 0x3a, 0xc8, 0xff, 0x5b, 0x3a, 0xc8, 0xff, 0x5b, 0x3a, 0xc8, 0xff,
    0x5b, 0x3a, 0xc8, 0xff, 0x5b, 0x3a, 0xc8, 0xff, 0x5b, 0x3a, 0xc8, 0xff, 0x5b, 0x3a, 0xc8, 0xff,
    0x5b, 0x3a, 0xc8, 0xff, 0x5b, 0x3a, 0xc8, 0xff, 0x5b, 0x3a, 0xc8, 0xff, 0x5b, 0x3a, 0xc8, 0xff,
    0x5b, 0x3a, 0xc8, 0xff, 0x5b, 0x3a, 0xc8, 0xff, 0x5b, 0x3a, 0xc8, 0xff, 0x5b, 0x3a, 0xc8, 0xff,
    0x5b, 0x3a, 0xc8, 0xff, 0x5b, 0x3a, 0xc8, 0xff, 0x5b, 0x3a, 0xc8, 0xff, 0x5b, 0x3a, 0xc8, 0xff,
    0x5b, 0x3a, 0xc8, 0xff, 0x5b, 0x3a, 0xc8, 0xff, 0x5b, 0x3a, 0xc8, 0xff, 0x5b, 0x3a, 0xc8, 0xff,
    0x5b, 0x3a, 0xc8, 0xff, 0x5b, 0x3a, 0xc8, 0xff, 0x5b, 0x3a, 0xc8, 0xff, 0x5b, 0x3a, 0xc8, 0xff,
    0x5b, 0x3a, 0xc8, 0xff, 0x5b, 0x3a, 0xc8, 0xff, 0x5b, 0x3a, 0xc8, 0xff, 0x5b, 0x3a, 0xc8, 0xff,
    0x5b, 0x3a, 0xc8, 0xff, 0x5b, 0x3a, 0xc8, 0xff, 0x5b, 0x3a, 0xc8, 0xff, 0x5b, 0x3a, 0xc8, 0xff,
    0x5b, 0x3a, 0xc8, 0xff, 0x5b, 0x3a, 0xc8, 0xff, 0x5b, 0x3a, 0xc8, 0xff, 0x5b, 0x3a, 0xc8, 0xff,
    0x5b, 0x3a, 0xc8, 0xff, 0x5b, 0x3a, 0xc8, 0xff, 0x5b, 0x3a, 0xc8, 0xff, 0x5b, 0x3a, 0xc8, 0xff,
    0x5b, 0x3a, 0xc8, 0xff, 0x5b, 0x3a, 0xc8, 0xff, 0x5b, 0x3a, 0xc8, 0xff, 0x5b, 0x3a, 0xc8, 0xff,
    0x5b, 0x3a, 0xc8, 0xff, 0x5b, 0x3a, 0xc8, 0xff, 0x5b, 0x3a, 0xc8, 0xff, 0x5b, 0x3a, 0xc8, 0xff,
    0x5b, 0x3a, 0xc8, 0xff, 0x5b, 0x3a, 0xc8, 0xff, 0x5b, 0x3a, 0xc8, 0xff, 0x5b, 0x3a, 0xc8, 0xff,
    0x5b, 0x3a, 0xc8, 0xff, 0x5b, 0x3a, 0xc8, 0xff, 0x5b, 0x3a, 0xc8, 0xff, 0x5b, 0x3a, 0xc8, 0xff,
    0x5b, 0x3a, 0xc8, 0xff, 0x5b, 0x3a, 0xc8, 0xff, 0x5b, 0x3a, 0xc8, 0xff, 0x5b, 0x3a, 0xc8, 0xff,
    0x5b, 0x3a, 0xc8, 0xff, 0x5b, 0x3a, 0xc8, 0xff, 0x5b, 0x3a, 0xc8, 0xff, 0x5b, 0x3a, 0xc8, 0xff,
    0x5b, 0x3a, 0xc8, 0xff, 0x5b, 0x3a, 0xc8, 0xff, 0x5b, 0x3a, 0xc8, 0xff, 0x5b, 0x3a, 0xc8, 0xef,
    0x5c, 0x39, 0xc9, 0x67, 0x40, 0x40, 0xbf, 0x04, 0x00, 0x00, 0x00, 0x00, 0x00, 0x00, 0x00, 0x00,
    0x00, 0x00, 0x00, 0x00, 0x00, 0x00, 0x00, 0x00, 0x00, 0x00, 0x00, 0x00, 0x00, 0x00, 0x00, 0x00,
    0x00, 0x00, 0x00, 0x00, 0x00, 0x00, 0x00, 0x00, 0x00, 0x00, 0x00, 0x00, 0x00, 0x00, 0x00, 0x00,
    0x00, 0x00, 0x00, 0x00, 0x00, 0x00, 0x00, 0x00, 0x00, 0x00, 0x00, 0x00, 0x00, 0x00, 0x00, 0x00,
    0x00, 0x00, 0x00, 0x00, 0x00, 0x00, 0x00, 0x00, 0x00, 0x00, 0x00, 0x00, 0x00, 0x00, 0x00, 0x00,
    0x00, 0x00, 0x00, 0x00, 0x00, 0x00, 0x00, 0x00, 0x00, 0x00, 0x00, 0x00, 0x00, 0x00, 0x00, 0x00,
    0x00, 0x00, 0x00, 0x00, 0x00, 0x00, 0x00, 0x00, 0x00, 0x00, 0x00, 0x00, 0x00, 0x00, 0x00, 0x00,
    0x00, 0x00, 0x00, 0x00, 0x00, 0x00, 0x00, 0x00, 0x00, 0x00, 0x00, 0x00, 0x00, 0x00, 0x00, 0x00,
    0x50, 0x30, 0xbf, 0x10, 0x5b, 0x39, 0xc8, 0x8f, 0x5b, 0x3a, 0xc7, 0xf7, 0x5b, 0x3a, 0xc8, 0xff,
    0x5b, 0x3a, 0xc8, 0xff, 0x5b, 0x3a, 0xc8, 0xff, 0x5b, 0x3a, 0xc8, 0xff, 0x5b, 0x3a, 0xc8, 0xff,
    0x5b, 0x3a, 0xc8, 0xff, 0x5b, 0x3a, 0xc8, 0xff, 0x5b, 0x3a, 0xc8, 0xff, 0x5b, 0x3a, 0xc8, 0xff,
    0x5b, 0x3a, 0xc8, 0xff, 0x5b, 0x3a, 0xc8, 0xff, 0x5b, 0x3a, 0xc8, 0xff, 0x5b, 0x3a, 0xc8, 0xff,
    0x5b, 0x3a, 0xc8, 0xff, 0x5b, 0x3a, 0xc8, 0xff, 0x5b, 0x3a, 0xc8, 0xff, 0x5b, 0x3a, 0xc8, 0xff,
    0x5b, 0x3a, 0xc8, 0xff, 0x5b, 0x3a, 0xc8, 0xff, 0x5b, 0x3a, 0xc8, 0xff, 0x5b, 0x3a, 0xc8, 0xff,
    0x5b, 0x3a, 0xc8, 0xff, 0x5b, 0x3a, 0xc8, 0xff, 0x5b, 0x3a, 0xc8, 0xff, 0x5b, 0x3a, 0xc8, 0xff,
    0x5b, 0x3a, 0xc8, 0xff, 0x5b, 0x3a, 0xc8, 0xff, 0x5b, 0x3a, 0xc8, 0xff, 0x5b, 0x3a, 0xc8, 0xff,
    0x5b, 0x3a, 0xc8, 0xff, 0x5b, 0x3a, 0xc8, 0xff, 0x5b, 0x3a, 0xc8, 0xff, 0x5b, 0x3a, 0xc8, 0xff,
    0x5b, 0x3a, 0xc8, 0xff, 0x5b, 0x3a, 0xc8, 0xff, 0x5b, 0x3a, 0xc8, 0xff, 0x5b, 0x3a, 0xc8, 0xff,
    0x5b, 0x3a, 0xc8, 0xff, 0x5b, 0x3a, 0xc8, 0xff, 0x5b, 0x3a, 0xc8, 0xff, 0x5b, 0x3a, 0xc8, 0xff,
    0x5b, 0x3a, 0xc8, 0xff, 0x5b, 0x3a, 0xc8, 0xff, 0x5b, 0x3a, 0xc8, 0xff, 0x5b, 0x3a, 0xc8, 0xff,
    0x5b, 0x3a, 0xc8, 0xff, 0x5b, 0x3a, 0xc8, 0xff, 0x5b, 0x3a, 0xc8, 0xff, 0x5b, 0x3a, 0xc8, 0xff,
    0x5b, 0x3a, 0xc8, 0xff, 0x5b, 0x3a, 0xc8, 0xff, 0x5b, 0x3a, 0xc8, 0xff, 0x5b, 0x3a, 0xc8, 0xff,
    0x5b, 0x3a, 0xc8, 0xff, 0x5b, 0x3a, 0xc8, 0xff, 0x5b, 0x3a, 0xc8, 0xff, 0x5b, 0x3a, 0xc8, 0xff,
    0x5b, 0x3a, 0xc8, 0xff, 0x5b, 0x3a, 0xc8, 0xff, 0x5b, 0x3a, 0xc8, 0xff, 0x5b, 0x3a, 0xc8, 0xff,
    0x5b, 0x3a, 0xc8, 0xff, 0x5b, 0x3a, 0xc8, 0xff, 0x5b, 0x3a, 0xc8, 0xff, 0x5b, 0x3a, 0xc8, 0xff,
    0x5b, 0x3a, 0xc8, 0xff, 0x5b, 0x3a, 0xc8, 0xff, 0x5b, 0x3a, 0xc8, 0xff, 0x5b, 0x3a, 0xc8, 0xff,
    0x5b, 0x3a, 0xc8, 0xff, 0x5b, 0x3a, 0xc8, 0xff, 0x5b, 0x3a, 0xc8, 0xff, 0x5b, 0x3a, 0xc8, 0xff,
    0x5b, 0x3a, 0xc8, 0xff, 0x5b, 0x3a, 0xc8, 0xff, 0x5b, 0x3a, 0xc8, 0xff, 0x5b, 0x3a, 0xc8, 0xff,
    0x5b, 0x3a, 0xc8, 0xff, 0x5b, 0x3a, 0xc8, 0xff, 0x5b, 0x3a, 0xc8, 0xff, 0x5b, 0x3a, 0xc8, 0xff,
    0x5b, 0x3a, 0xc8, 0xff, 0x5b, 0x3a, 0xc8, 0xff, 0x5b, 0x3a, 0xc8, 0xff, 0x5b, 0x3a, 0xc8, 0xff,
    0x5b, 0x3a, 0xc8, 0xff, 0x5b, 0x3a, 0xc8, 0xff, 0x5b, 0x3a, 0xc8, 0xff, 0x5b, 0x3a, 0xc8, 0xff,
    0x5b, 0x3a, 0xc8, 0xff, 0x5b, 0x3a, 0xc8, 0xff, 0x5b, 0x3a, 0xc8, 0xff, 0x5b, 0x3a, 0xc8, 0xef,
    0x5a, 0x3a, 0xc9, 0x7f, 0x50, 0x30, 0xbf, 0x10, 0x00, 0x00, 0x00, 0x00, 0x00, 0x00, 0x00, 0x00,
    0x00, 0x00, 0x00, 0x00, 0x00, 0x00, 0x00, 0x00, 0x00, 0x00, 0x00, 0x00, 0x00, 0x00, 0x00, 0x00,
    0x00, 0x00, 0x00, 0x00, 0x00, 0x00, 0x00, 0x00, 0x00, 0x00, 0x00, 0x00, 0x00, 0x00, 0x00, 0x00,
    0x00, 0x00, 0x00, 0x00, 0x00, 0x00, 0x00, 0x00, 0x00, 0x00, 0x00, 0x00, 0x00, 0x00, 0x00, 0x00,
    0x00, 0x00, 0x00, 0x00, 0x00, 0x00, 0x00, 0x00, 0x00, 0x00, 0x00, 0x00, 0x00, 0x00, 0x00, 0x00,
    0x00, 0x00, 0x00, 0x00, 0x00, 0x00, 0x00, 0x00, 0x00, 0x00, 0x00, 0x00, 0x00, 0x00, 0x00, 0x00,
    0x00, 0x00, 0x00, 0x00, 0x00, 0x00, 0x00, 0x00, 0x00, 0x00, 0x00, 0x00, 0x00, 0x00, 0x00, 0x00,
    0x00, 0x00, 0x00, 0x00, 0x00, 0x00, 0x00, 0x00, 0x00, 0x00, 0x00, 0x00, 0x00, 0x00, 0x00, 0x00,
    0x00, 0x00, 0x00, 0x00, 0x00, 0x00, 0x00, 0x00, 0x00, 0x00, 0x00, 0x00, 0x00, 0x00, 0x00, 0x00,
    0x50, 0x30, 0xbf, 0x10, 0x5b, 0x3a, 0xc8, 0x73, 0x5a, 0x39, 0xc8, 0xdf, 0x5b, 0x3a, 0xc8, 0xff,
    0x5b, 0x3a, 0xc8, 0xff, 0x5b, 0x3a, 0xc8, 0xff, 0x5b, 0x3a, 0xc8, 0xff, 0x5b, 0x3a, 0xc8, 0xff,
    0x5b, 0x3a, 0xc8, 0xff, 0x5b, 0x3a, 0xc8, 0xff, 0x5b, 0x3a, 0xc8, 0xff, 0x5b, 0x3a, 0xc8, 0xff,
    0x5b, 0x3a, 0xc8, 0xff, 0x5b, 0x3a, 0xc8, 0xff, 0x5b, 0x3a, 0xc8, 0xff, 0x5b, 0x3a, 0xc8, 0xff,
    0x5b, 0x3a, 0xc8, 0xff, 0x5b, 0x3a, 0xc8, 0xff, 0x5b, 0x3a, 0xc8, 0xff, 0x5b, 0x3a, 0xc8, 0xff,
    0x5b, 0x3a, 0xc8, 0xff, 0x5b, 0x3a, 0xc8, 0xff, 0x5b, 0x3a, 0xc8, 0xff, 0x5b, 0x3a, 0xc8, 0xff,
    0x5b, 0x3a, 0xc8, 0xff, 0x5b, 0x3a, 0xc8, 0xff, 0x5b, 0x3a, 0xc8, 0xff, 0x5b, 0x3a, 0xc8, 0xff,
    0x5b, 0x3a, 0xc8, 0xff, 0x5b, 0x3a, 0xc8, 0xff, 0x5b, 0x3a, 0xc8, 0xff, 0x5b, 0x3a, 0xc8, 0xff,
    0x5b, 0x3a, 0xc8, 0xff, 0x5b, 0x3a, 0xc8, 0xff, 0x5b, 0x3a, 0xc8, 0xff, 0x5b, 0x3a, 0xc8, 0xff,
    0x5b, 0x3a, 0xc8, 0xff, 0x5b, 0x3a, 0xc8, 0xff, 0x5b, 0x3a, 0xc8, 0xff, 0x5b, 0x3a, 0xc8, 0xff,
    0x5b, 0x3a, 0xc8, 0xff, 0x5b, 0x3a, 0xc8, 0xff, 0x5b, 0x3a, 0xc8, 0xff, 0x5b, 0x3a, 0xc8, 0xff,
    0x5b, 0x3a, 0xc8, 0xff, 0x5b, 0x3a, 0xc8, 0xff, 0x5b, 0x3a, 0xc8, 0xff, 0x5b, 0x3a, 0xc8, 0xff,
    0x5b, 0x3a, 0xc8, 0xff, 0x5b, 0x3a, 0xc8, 0xff, 0x5b, 0x3a, 0xc8, 0xff, 0x5b, 0x3a, 0xc8, 0xff,
    0x5b, 0x3a, 0xc8, 0xff, 0x5b, 0x3a, 0xc8, 0xff, 0x5b, 0x3a, 0xc8, 0xff, 0x5b, 0x3a, 0xc8, 0xff,
    0x5b, 0x3a, 0xc8, 0xff, 0x5b, 0x3a, 0xc8, 0xff, 0x5b, 0x3a, 0xc8, 0xff, 0x5b, 0x3a, 0xc8, 0xff,
    0x5b, 0x3a, 0xc8, 0xff, 0x5b, 0x3a, 0xc8, 0xff, 0x5b, 0x3a, 0xc8, 0xff, 0x5b, 0x3a, 0xc8, 0xff,
    0x5b, 0x3a, 0xc8, 0xff, 0x5b, 0x3a, 0xc8, 0xff, 0x5b, 0x3a, 0xc8, 0xff, 0x5b, 0x3a, 0xc8, 0xff,
    0x5b, 0x3a, 0xc8, 0xff, 0x5b, 0x3a, 0xc8, 0xff, 0x5b, 0x3a, 0xc8, 0xff, 0x5b, 0x3a, 0xc8, 0xff,
    0x5b, 0x3a, 0xc8, 0xff, 0x5b, 0x3a, 0xc8, 0xff, 0x5b, 0x3a, 0xc8, 0xff, 0x5b, 0x3a, 0xc8, 0xff,
    0x5b, 0x3a, 0xc8, 0xff, 0x5b, 0x3a, 0xc8, 0xff, 0x5b, 0x3a, 0xc8, 0xff, 0x5b, 0x3a, 0xc8, 0xff,
    0x5b, 0x3a, 0xc8, 0xff, 0x5b, 0x3a, 0xc8, 0xff, 0x5b, 0x3a, 0xc8, 0xff, 0x5b, 0x3a, 0xc8, 0xff,
    0x5b, 0x3a, 0xc8, 0xff, 0x5b, 0x3a, 0xc8, 0xff, 0x5b, 0x3a, 0xc8, 0xff, 0x5b, 0x3a, 0xc8, 0xff,
    0x5b, 0x3a, 0xc8, 0xff, 0x5b, 0x3a, 0xc8, 0xff, 0x5b, 0x3a, 0xc8, 0xff, 0x5b, 0x39, 0xc7, 0xdb,
    0x5b, 0x3a, 0xc8, 0x73, 0x50, 0x30, 0xbf, 0x10, 0x00, 0x00, 0x00, 0x00, 0x00, 0x00, 0x00, 0x00,
    0x00, 0x00, 0x00, 0x00, 0x00, 0x00, 0x00, 0x00, 0x00, 0x00, 0x00, 0x00, 0x00, 0x00, 0x00, 0x00,
    0x00, 0x00, 0x00, 0x00, 0x00, 0x00, 0x00, 0x00, 0x00, 0x00, 0x00, 0x00, 0x00, 0x00, 0x00, 0x00,
    0x00, 0x00, 0x00, 0x00, 0x00, 0x00, 0x00, 0x00, 0x00, 0x00, 0x00, 0x00, 0x00, 0x00, 0x00, 0x00,
    0x00, 0x00, 0x00, 0x00, 0x00, 0x00, 0x00, 0x00, 0x00, 0x00, 0x00, 0x00, 0x00, 0x00, 0x00, 0x00,
    0x00, 0x00, 0x00, 0x00, 0x00, 0x00, 0x00, 0x00, 0x00, 0x00, 0x00, 0x00, 0x00, 0x00, 0x00, 0x00,
    0x00, 0x00, 0x00, 0x00, 0x00, 0x00, 0x00, 0x00, 0x00, 0x00, 0x00, 0x00, 0x00, 0x00, 0x00, 0x00,
    0x00, 0x00, 0x00, 0x00, 0x00, 0x00, 0x00, 0x00, 0x00, 0x00, 0x00, 0x00, 0x00, 0x00, 0x00, 0x00,
    0x00, 0x00, 0x00, 0x00, 0x00, 0x00, 0x00, 0x00, 0x00, 0x00, 0x00, 0x00, 0x00, 0x00, 0x00, 0x00,
    0x00, 0x00, 0x00, 0x00, 0x00, 0x00, 0x00, 0x00, 0x00, 0x00, 0x00, 0x00, 0x00, 0x00, 0x00, 0x00,
    0x00, 0x00, 0x00, 0x00, 0x5b, 0x37, 0xc4, 0x38, 0x5c, 0x39, 0xc8, 0x8b, 0x5b, 0x3a, 0xc8, 0xd7,
    0x5b, 0x3a, 0xc8, 0xff, 0x5b, 0x3a, 0xc8, 0xff, 0x5b, 0x3a, 0xc8, 0xff, 0x5b, 0x3a, 0xc8, 0xff,
    0x5b, 0x3a, 0xc8, 0xff, 0x5b, 0x3a, 0xc8, 0xff, 0x5b, 0x3a, 0xc8, 0xff, 0x5b, 0x3a, 0xc8, 0xff,
    0x5b, 0x3a, 0xc8, 0xff, 0x5b, 0x3a, 0xc8, 0xff, 0x5b, 0x3a, 0xc8, 0xff, 0x5b, 0x3a, 0xc8, 0xff,
    0x5b, 0x3a, 0xc8, 0xff, 0x5b, 0x3a, 0xc8, 0xff, 0x5b, 0x3a, 0xc8, 0xff, 0x5b, 0x3a, 0xc8, 0xff,
    0x5b, 0x3a, 0xc8, 0xff, 0x5b, 0x3a, 0xc8, 0xff, 0x5b, 0x3a, 0xc8, 0xff, 0x5b, 0x3a, 0xc8, 0xff,
    0x5b, 0x3a, 0xc8, 0xff, 0x5b, 0x3a, 0xc8, 0xff, 0x5b, 0x3a, 0xc8, 0xff, 0x5b, 0x3a, 0xc8, 0xff,
    0x5b, 0x3a, 0xc8, 0xff, 0x5b, 0x3a, 0xc8, 0xff, 0x5b, 0x3a, 0xc8, 0xff, 0x5b, 0x3a, 0xc8, 0xff,
    0x5b, 0x3a, 0xc8, 0xff, 0x5b, 0x3a, 0xc8, 0xff, 0x5b, 0x3a, 0xc8, 0xff, 0x5b, 0x3a, 0xc8, 0xff,
    0x5b, 0x3a, 0xc8, 0xff, 0x5b, 0x3a, 0xc8, 0xff, 0x5b, 0x3a, 0xc8, 0xff, 0x5b, 0x3a, 0xc8, 0xff,
    0x5b, 0x3a, 0xc8, 0xff, 0x5b, 0x3a, 0xc8, 0xff, 0x5b, 0x3a, 0xc8, 0xff, 0x5b, 0x3a, 0xc8, 0xff,
    0x5b, 0x3a, 0xc8, 0xff, 0x5b, 0x3a, 0xc8, 0xff, 0x5b, 0x3a, 0xc8, 0xff, 0x5b, 0x3a, 0xc8, 0xff,
    0x5b, 0x3a, 0xc8, 0xff, 0x5b, 0x3a, 0xc8, 0xff, 0x5b, 0x3a, 0xc8, 0xff, 0x5b, 0x3a, 0xc8, 0xff,
    0x5b, 0x3a, 0xc8, 0xff, 0x5b, 0x3a, 0xc8, 0xff, 0x5b, 0x3a, 0xc8, 0xff, 0x5b, 0x3a, 0xc8, 0xff,
    0x5b, 0x3a, 0xc8, 0xff, 0x5b, 0x3a, 0xc8, 0xff, 0x5b, 0x3a, 0xc8, 0xff, 0x5b, 0x3a, 0xc8, 0xff,
    0x5b, 0x3a, 0xc8, 0xff, 0x5b, 0x3a, 0xc8, 0xff, 0x5b, 0x3a, 0xc8, 0xff, 0x5b, 0x3a, 0xc8, 0xff,
    0x5b, 0x3a, 0xc8, 0xff, 0x5b, 0x3a, 0xc8, 0xff, 0x5b, 0x3a, 0xc8, 0xff, 0x5b, 0x3a, 0xc8, 0xff,
    0x5b, 0x3a, 0xc8, 0xff, 0x5b, 0x3a, 0xc8, 0xff, 0x5b, 0x3a, 0xc8, 0xff, 0x5b, 0x3a, 0xc8, 0xff,
    0x5b, 0x3a, 0xc8, 0xff, 0x5b, 0x3a, 0xc8, 0xff, 0x5b, 0x3a, 0xc8, 0xff, 0x5b, 0x3a, 0xc8, 0xff,
    0x5b, 0x3a, 0xc8, 0xff, 0x5b, 0x3a, 0xc8, 0xff, 0x5b, 0x3a, 0xc8, 0xff, 0x5b, 0x3a, 0xc8, 0xff,
    0x5b, 0x3a, 0xc8, 0xff, 0x5b, 0x3a, 0xc8, 0xff, 0x5b, 0x3a, 0xc8, 0xff, 0x5b, 0x3a, 0xc8, 0xff,
    0x5b, 0x3a, 0xc8, 0xff, 0x5b, 0x3a, 0xc8, 0xff, 0x5b, 0x3a, 0xc8, 0xdb, 0x5c, 0x39, 0xc8, 0x8b,
    0x5d, 0x3c, 0xc7, 0x37, 0x00, 0x00, 0x00, 0x00, 0x00, 0x00, 0x00, 0x00, 0x00, 0x00, 0x00, 0x00,
    0x00, 0x00, 0x00, 0x00, 0x00, 0x00, 0x00, 0x00, 0x00, 0x00, 0x00, 0x00, 0x00, 0x00, 0x00, 0x00,
    0x00, 0x00, 0x00, 0x00, 0x00, 0x00, 0x00, 0x00, 0x00, 0x00, 0x00, 0x00, 0x00, 0x00, 0x00, 0x00,
    0x00, 0x00, 0x00, 0x00, 0x00, 0x00, 0x00, 0x00, 0x00, 0x00, 0x00, 0x00, 0x00, 0x00, 0x00, 0x00,
    0x00, 0x00, 0x00, 0x00, 0x00, 0x00, 0x00, 0x00, 0x00, 0x00, 0x00, 0x00, 0x00, 0x00, 0x00, 0x00,
    0x00, 0x00, 0x00, 0x00, 0x00, 0x00, 0x00, 0x00, 0x00, 0x00, 0x00, 0x00, 0x00, 0x00, 0x00, 0x00,
    0x00, 0x00, 0x00, 0x00, 0x00, 0x00, 0x00, 0x00, 0x00, 0x00, 0x00, 0x00, 0x00, 0x00, 0x00, 0x00,
    0x00, 0x00, 0x00, 0x00, 0x00, 0x00, 0x00, 0x00, 0x00, 0x00, 0x00, 0x00, 0x00, 0x00, 0x00, 0x00,
    0x00, 0x00, 0x00, 0x00, 0x00, 0x00, 0x00, 0x00, 0x00, 0x00, 0x00, 0x00, 0x00, 0x00, 0x00, 0x00,
    0x00, 0x00, 0x00, 0x00, 0x00, 0x00, 0x00, 0x00, 0x00, 0x00, 0x00, 0x00, 0x00, 0x00, 0x00, 0x00,
    0x00, 0x00, 0x00, 0x00, 0x00, 0x00, 0x00, 0x00, 0x00, 0x00, 0x00, 0x00, 0x00, 0x00, 0x00, 0x00,
    0x00, 0x00, 0x00, 0x00, 0x00, 0x00, 0x00, 0x00, 0x5b, 0x37, 0xc8, 0x1c, 0x5c, 0x3a, 0xc8, 0x53,
    0x5b, 0x39, 0xc8, 0x87, 0x5b, 0x3a, 0xc8, 0xab, 0x5b, 0x3a, 0xc8, 0xcf, 0x5b, 0x3a, 0xc8, 0xe3,
    0x5b, 0x3a, 0xc7, 0xf7, 0x5b, 0x3a, 0xc8, 0xff, 0x5b, 0x3a, 0xc8, 0xff, 0x5b, 0x3a, 0xc8, 0xff,
    0x5b, 0x3a, 0xc8, 0xff, 0x5b, 0x3a, 0xc8, 0xff, 0x5b, 0x3a, 0xc8, 0xff, 0x5b, 0x3a, 0xc8, 0xff,
    0x5b, 0x3a, 0xc8, 0xff, 0x5b, 0x3a, 0xc8, 0xff, 0x5b, 0x3a, 0xc8, 0xff, 0x5b, 0x3a, 0xc8, 0xff,
    0x5b, 0x3a, 0xc8, 0xff, 0x5b, 0x3a, 0xc8, 0xff, 0x5b, 0x3a, 0xc8, 0xff, 0x5b, 0x3a, 0xc8, 0xff,
    0x5b, 0x3a, 0xc8, 0xff, 0x5b, 0x3a, 0xc8, 0xff, 0x5b, 0x3a, 0xc8, 0xff, 0x5b, 0x3a, 0xc8, 0xff,
    0x5b, 0x3a, 0xc8, 0xff, 0x5b, 0x3a, 0xc8, 0xff, 0x5b, 0x3a, 0xc8, 0xff, 0x5b, 0x3a, 0xc8, 0xff,
    0x5b, 0x3a, 0xc8, 0xff, 0x5b, 0x3a, 0xc8, 0xff, 0x5b, 0x3a, 0xc8, 0xff, 0x5b, 0x3a, 0xc8, 0xff,
    0x5b, 0x3a, 0xc8, 0xff, 0x5b, 0x3a, 0xc8, 0xff, 0x5b, 0x3a, 0xc8, 0xff, 0x5b, 0x3a, 0xc8, 0xff,
    0x5b, 0x3a, 0xc8, 0xff, 0x5b, 0x3a, 0xc8, 0xff, 0x5b, 0x3a, 0xc8, 0xff, 0x5b, 0x3a, 0xc8, 0xff,
    0x5b, 0x3a, 0xc8, 0xff, 0x5b, 0x3a, 0xc8, 0xff, 0x5b, 0x3a, 0xc8, 0xff, 0x5b, 0x3a, 0xc8, 0xff,
    0x5b, 0x3a, 0xc8, 0xff, 0x5b, 0x3a, 0xc8, 0xff, 0x5b, 0x3a, 0xc8, 0xff, 0x5b, 0x3a, 0xc8, 0xff,
    0x5b, 0x3a, 0xc8, 0xff, 0x5b, 0x3a, 0xc8, 0xff, 0x5b, 0x3a, 0xc8, 0xff, 0x5b, 0x3a, 0xc8, 0xff,
    0x5b, 0x3a, 0xc8, 0xff, 0x5b, 0x3a, 0xc8, 0xff, 0x5b, 0x3a, 0xc8, 0xff, 0x5b, 0x3a, 0xc8, 0xff,
    0x5b, 0x3a, 0xc8, 0xff, 0x5b, 0x3a, 0xc8, 0xff, 0x5b, 0x3a, 0xc8, 0xff, 0x5b, 0x3a, 0xc8, 0xff,
    0x5b, 0x3a, 0xc8, 0xff, 0x5b, 0x3a, 0xc8, 0xff, 0x5b, 0x3a, 0xc8, 0xff, 0x5b, 0x3a, 0xc8, 0xff,
    0x5b, 0x3a, 0xc8, 0xff, 0x5b, 0x3a, 0xc8, 0xff, 0x5b, 0x3a, 0xc8, 0xff, 0x5b, 0x3a, 0xc8, 0xff,
    0x5b, 0x3a, 0xc8, 0xff, 0x5b, 0x3a, 0xc8, 0xff, 0x5b, 0x3a, 0xc8, 0xff, 0x5b, 0x3a, 0xc8, 0xff,
    0x5b, 0x3a, 0xc8, 0xff, 0x5b, 0x3a, 0xc7, 0xf7, 0x5b, 0x39, 0xc8, 0xe7, 0x5a, 0x3a, 0xc8, 0xcb,
    0x5a, 0x3a, 0xc8, 0xaf, 0x5b, 0x3a, 0xc8, 0x83, 0x5c, 0x3a, 0xc8, 0x53, 0x5b, 0x37, 0xc8, 0x1c,
    0x00, 0x00, 0x00, 0x00, 0x00, 0x00, 0x00, 0x00, 0x00, 0x00, 0x00, 0x00, 0x00, 0x00, 0x00, 0x00,
    0x00, 0x00, 0x00, 0x00, 0x00, 0x00, 0x00, 0x00, 0x00, 0x00, 0x00, 0x00, 0x00, 0x00, 0x00, 0x00,
    0x00, 0x00, 0x00, 0x00, 0x00, 0x00, 0x00, 0x00, 0x00, 0x00, 0x00, 0x00, 0x00, 0x00, 0x00, 0x00,
    0x00, 0x00, 0x00, 0x00, 0x00, 0x00, 0x00, 0x00, 0x00, 0x00, 0x00, 0x00, 0x00, 0x00, 0x00, 0x00,
    0x00, 0x00, 0x00, 0x00, 0x00, 0x00, 0x00, 0x00, 0x00, 0x00, 0x00, 0x00, 0x00, 0x00, 0x00, 0x00,
    0x00, 0x00, 0x00, 0x00, 0x00, 0x00, 0x00, 0x00, 0x00, 0x00, 0x00, 0x00, 0x00, 0x00, 0x00, 0x00
};

const lv_image_dsc_t icon_app_sos = {
    .header.cf = LV_COLOR_FORMAT_ARGB8888,
    .header.magic = LV_IMAGE_HEADER_MAGIC,
    .header.w = 130,
    .header.h = 130,
    .data_size = 67600,
    .data = icon_app_sos_map,
};
