#ifdef __has_include
    #if __has_include("lvgl.h")
        #ifndef LV_LVGL_H_INCLUDE_SIMPLE
            #define LV_LVGL_H_INCLUDE_SIMPLE
        #endif
    #endif
#endif

#if defined(LV_LVGL_H_INCLUDE_SIMPLE)
    #include "lvgl.h"
#else
    #include "lvgl/lvgl.h"
#endif

#ifndef LV_ATTRIBUTE_MEM_ALIGN
#define LV_ATTRIBUTE_MEM_ALIGN
#endif

#ifndef LV_ATTRIBUTE_IMAGE_ICON_APP_HOME
#define LV_ATTRIBUTE_IMAGE_ICON_APP_HOME
#endif

const LV_ATTRIBUTE_MEM_ALIGN LV_ATTRIBUTE_LARGE_CONST LV_ATTRIBUTE_IMAGE_ICON_APP_HOME uint8_t icon_app_home_map[] = {
    0x00, 0x00, 0x00, 0x00, 0x00, 0x00, 0x00, 0x00, 0x00, 0x00, 0x00, 0x00, 0x00, 0x00, 0x00, 0x00,
    0x00, 0x00, 0x00, 0x00, 0x00, 0x00, 0x00, 0x00, 0x00, 0x00, 0x00, 0x00, 0x00, 0x00, 0x00, 0x00,
    0x00, 0x00, 0x00, 0x00, 0x00, 0x00, 0x00, 0x00, 0x00, 0x00, 0x00, 0x00, 0x00, 0x00, 0x00, 0x00,
    0x00, 0x00, 0x00, 0x00, 0x00, 0x00, 0x00, 0x00, 0x00, 0x00, 0x00, 0x00, 0x00, 0x00, 0x00, 0x00,
    0x00, 0x00, 0x00, 0x00, 0x00, 0x00, 0x00, 0x00, 0x00, 0x00, 0x00, 0x00, 0x00, 0x00, 0x00, 0x00,
    0x00, 0x00, 0x00, 0x00, 0x00, 0x00, 0x00, 0x00, 0x00, 0x00, 0x00, 0x00, 0x00, 0x00, 0x00, 0x00,
    0x9b, 0xa4, 0x00, 0x1c, 0xa0, 0xa9, 0x00, 0x53, 0xa0, 0xa7, 0x00, 0x83, 0x9f, 0xa8, 0x00, 0xaf,
    0x9e, 0xa8, 0x00, 0xcb, 0x9f, 0xa8, 0x00, 0xe7, 0x9f, 0xa7, 0x00, 0xf7, 0x9f, 0xa8, 0x00, 0xff,
    0x9f, 0xa8, 0x00, 0xff, 0x9f, 0xa8, 0x00, 0xff, 0x9f, 0xa8, 0x00, 0xff, 0x9f, 0xa8, 0x00, 0xff,
    0x9f, 0xa8, 0x00, 0xff, 0x9f, 0xa8, 0x00, 0xff, 0x9f, 0xa8, 0x00, 0xff, 0x9f, 0xa8, 0x00, 0xff,
    0x9f, 0xa8, 0x00, 0xff, 0x9f, 0xa8, 0x00, 0xff, 0x9f, 0xa8, 0x00, 0xff, 0x9f, 0xa8, 0x00, 0xff,
    0x9f, 0xa8, 0x00, 0xff, 0x9f, 0xa8, 0x00, 0xff, 0x9f, 0xa8, 0x00, 0xff, 0x9f, 0xa8, 0x00, 0xff,
    0x9f, 0xa8, 0x00, 0xff, 0x9f, 0xa8, 0x00, 0xff, 0x9f, 0xa8, 0x00, 0xff, 0x9f, 0xa8, 0x00, 0xff,
    0x9f, 0xa8, 0x00, 0xff, 0x9f, 0xa8, 0x00, 0xff, 0x9f, 0xa8, 0x00, 0xff, 0x9f, 0xa8, 0x00, 0xff,
    0x9f, 0xa8, 0x00, 0xff, 0x9f, 0xa8, 0x00, 0xff, 0x9f, 0xa8, 0x00, 0xff, 0x9f, 0xa8, 0x00, 0xff,
    0x9f, 0xa8, 0x00, 0xff, 0x9f, 0xa8, 0x00, 0xff, 0x9f, 0xa8, 0x00, 0xff, 0x9f, 0xa8, 0x00, 0xff,
    0x9f, 0xa8, 0x00, 0xff, 0x9f, 0xa8, 0x00, 0xff, 0x9f, 0xa8, 0x00, 0xff, 0x9f, 0xa8, 0x00, 0xff,
    0x9f, 0xa8, 0x00, 0xff, 0x9f, 0xa8, 0x00, 0xff, 0x9f, 0xa8, 0x00, 0xff, 0x9f, 0xa8, 0x00, 0xff,
    0x9f, 0xa8, 0x00, 0xff, 0x9f, 0xa8, 0x00, 0xff, 0x9f, 0xa8, 0x00, 0xff, 0x9f, 0xa8, 0x00, 0xff,
    0x9f, 0xa8, 0x00, 0xff, 0x9f, 0xa8, 0x00, 0xff, 0x9f, 0xa8, 0x00, 0xff, 0x9f, 0xa8, 0x00, 0xff,
    0x9f, 0xa8, 0x00, 0xff, 0x9f, 0xa8, 0x00, 0xff, 0x9f, 0xa8, 0x00, 0xff, 0x9f, 0xa8, 0x00, 0xff,
    0x9f, 0xa8, 0x00, 0xff, 0x9f, 0xa8, 0x00, 0xff, 0x9f, 0xa8, 0x00, 0xff, 0x9f, 0xa8, 0x00, 0xff,
    0x9f, 0xa8, 0x00, 0xff, 0x9f, 0xa8, 0x00, 0xff, 0x9f, 0xa8, 0x00, 0xff, 0x9f, 0xa8, 0x00, 0xff,
    0x9f, 0xa8, 0x00, 0xff, 0x9f, 0xa8, 0x00, 0xff, 0x9f, 0xa8, 0x00, 0xff, 0x9f, 0xa8, 0x00, 0xff,
    0x9f, 0xa8, 0x00, 0xff, 0x9f, 0xa8, 0x00, 0xff, 0x9f, 0xa8, 0x00, 0xff, 0x9f, 0xa7, 0x00, 0xf7,
    0x9e, 0xa7, 0x00, 0xe3, 0x9f, 0xa8, 0x00, 0xcf, 0xa0, 0xa9, 0x00, 0xab, 0x9f, 0xa8, 0x00, 0x87,
    0xa0, 0xa9, 0x00, 0x53, 0x9b, 0xa4, 0x00, 0x1c, 0x00, 0x00, 0x00, 0x00, 0x00, 0x00, 0x00, 0x00,
    0x00, 0x00, 0x00, 0x00, 0x00, 0x00, 0x00, 0x00, 0x00, 0x00, 0x00, 0x00, 0x00, 0x00, 0x00, 0x00,
    0x00, 0x00, 0x00, 0x00, 0x00, 0x00, 0x00, 0x00, 0x00, 0x00, 0x00, 0x00, 0x00, 0x00, 0x00, 0x00,
    0x00, 0x00, 0x00, 0x00, 0x00, 0x00, 0x00, 0x00, 0x00, 0x00, 0x00, 0x00, 0x00, 0x00, 0x00, 0x00,
    0x00, 0x00, 0x00, 0x00, 0x00, 0x00, 0x00, 0x00, 0x00, 0x00, 0x00, 0x00, 0x00, 0x00, 0x00, 0x00,
    0x00, 0x00, 0x00, 0x00, 0x00, 0x00, 0x00, 0x00, 0x00, 0x00, 0x00, 0x00, 0x00, 0x00, 0x00, 0x00,
    0x00, 0x00, 0x00, 0x00, 0x00, 0x00, 0x00, 0x00, 0x00, 0x00, 0x00, 0x00, 0x00, 0x00, 0x00, 0x00,
    0x00, 0x00, 0x00, 0x00, 0x00, 0x00, 0x00, 0x00, 0x00, 0x00, 0x00, 0x00, 0x00, 0x00, 0x00, 0x00,
    0x00, 0x00, 0x00, 0x00, 0x00, 0x00, 0x00, 0x00, 0x00, 0x00, 0x00, 0x00, 0x00, 0x00, 0x00, 0x00,
    0x00, 0x00, 0x00, 0x00, 0x00, 0x00, 0x00, 0x00, 0x00, 0x00, 0x00, 0x00, 0x00, 0x00, 0x00, 0x00,
    0x00, 0x00, 0x00, 0x00, 0x00, 0x00, 0x00, 0x00, 0x00, 0x00, 0x00, 0x00, 0x00, 0x00, 0x00, 0x00,
    0x00, 0x00, 0x00, 0x00, 0x00, 0x00, 0x00, 0x00, 0x00, 0x00, 0x00, 0x00, 0x9e, 0xa7, 0x00, 0x37,
    0xa0, 0xa7, 0x00, 0x8b, 0x9e, 0xa8, 0x00, 0xdb, 0x9f, 0xa8, 0x00, 0xff, 0x9f, 0xa8, 0x00, 0xff,
    0x9f, 0xa8, 0x00, 0xff, 0x9f, 0xa8, 0x00, 0xff, 0x9f, 0xa8, 0x00, 0xff, 0x9f, 0xa8, 0x00, 0xff,
    0x9f, 0xa8, 0x00, 0xff, 0x9f, 0xa8, 0x00, 0xff, 0x9f, 0xa8, 0x00, 0xff, 0x9f, 0xa8, 0x00, 0xff,
    0x9f, 0xa8, 0x00, 0xff, 0x9f, 0xa8, 0x00, 0xff, 0x9f, 0xa8, 0x00, 0xff, 0x9f, 0xa8, 0x00, 0xff,
    0x9f, 0xa8, 0x00, 0xff, 0x9f, 0xa8, 0x00, 0xff, 0x9f, 0xa8, 0x00, 0xff, 0x9f, 0xa8, 0x00, 0xff,
    0x9f, 0xa8, 0x00, 0xff, 0x9f, 0xa8, 0x00, 0xff, 0x9f, 0xa8, 0x00, 0xff, 0x9f, 0xa8, 0x00, 0xff,
    0x9f, 0xa8, 0x00, 0xff, 0x9f, 0xa8, 0x00, 0xff, 0x9f, 0xa8, 0x00, 0xff, 0x9f, 0xa8, 0x00, 0xff,
    0x9f, 0xa8, 0x00, 0xff, 0x9f, 0xa8, 0x00, 0xff, 0x9f, 0xa8, 0x00, 0xff, 0x9f, 0xa8, 0x00, 0xff,
    0x9f, 0xa8, 0x00, 0xff, 0x9f, 0xa8, 0x00, 0xff, 0x9f, 0xa8, 0x00, 0xff, 0x9f, 0xa8, 0x00, 0xff,
    0x9f, 0xa8, 0x00, 0xff, 0x9f, 0xa8, 0x00, 0xff, 0x9f, 0xa8, 0x00, 0xff, 0x9f, 0xa8, 0x00, 0xff,
    0x9f, 0xa8, 0x00, 0xff, 0x9f, 0xa8, 0x00, 0xff, 0x9f, 0xa8, 0x00, 0xff, 0x9f, 0xa8, 0x00, 0xff,
    0x9f, 0xa8, 0x00, 0xff, 0x9f, 0xa8, 0x00, 0xff, 0x9f, 0xa8, 0x00, 0xff, 0x9f, 0xa8, 0x00, 0xff,
    0x9f, 0xa8, 0x00, 0xff, 0x9f, 0xa8, 0x00, 0xff, 0x9f, 0xa8, 0x00, 0xff, 0x9f, 0xa8, 0x00, 0xff,
    0x9f, 0xa8, 0x00, 0xff, 0x9f, 0xa8, 0x00, 0xff, 0x9f, 0xa8, 0x00, 0xff, 0x9f, 0xa8, 0x00, 0xff,
    0x9f, 0xa8, 0x00, 0xff, 0x9f, 0xa8, 0x00, 0xff, 0x9f, 0xa8, 0x00, 0xff, 0x9f, 0xa8, 0x00, 0xff,
    0x9f, 0xa8, 0x00, 0xff, 0x9f, 0xa8, 0x00, 0xff, 0x9f, 0xa8, 0x00, 0xff, 0x9f, 0xa8, 0x00, 0xff,
    0x9f, 0xa8, 0x00, 0xff, 0x9f, 0xa8, 0x00, 0xff, 0x9f, 0xa8, 0x00, 0xff, 0x9f, 0xa8, 0x00, 0xff,
    0x9f, 0xa8, 0x00, 0xff, 0x9f, 0xa8, 0x00, 0xff, 0x9f, 0xa8, 0x00, 0xff, 0x9f, 0xa8, 0x00, 0xff,
    0x9f, 0xa8, 0x00, 0xff, 0x9f, 0xa8, 0x00, 0xff, 0x9f, 0xa8, 0x00, 0xff, 0x9f, 0xa8, 0x00, 0xff,
    0x9f, 0xa8, 0x00, 0xff, 0x9f, 0xa8, 0x00, 0xff, 0x9f, 0xa8, 0x00, 0xff, 0x9f, 0xa8, 0x00, 0xff,
    0x9f, 0xa8, 0x00, 0xff, 0x9f, 0xa8, 0x00, 0xff, 0x9f, 0xa8, 0x00, 0xff, 0x9f, 0xa8, 0x00, 0xff,
    0x9f, 0xa7, 0x00, 0xd7, 0xa0, 0xa7, 0x00, 0x8b, 0x9e, 0xa7, 0x00, 0x37, 0x00, 0x00, 0x00, 0x00,
    0x00, 0x00, 0x00, 0x00, 0x00, 0x00, 0x00, 0x00, 0x00, 0x00, 0x00, 0x00, 0x00, 0x00, 0x00, 0x00,
    0x00, 0x00, 0x00, 0x00, 0x00, 0x00, 0x00, 0x00, 0x00, 0x00, 0x00, 0x00, 0x00, 0x00, 0x00, 0x00,
    0x00, 0x00, 0x00, 0x00, 0x00, 0x00, 0x00, 0x00, 0x00, 0x00, 0x00, 0x00, 0x00, 0x00, 0x00, 0x00,
    0x00, 0x00, 0x00, 0x00, 0x00, 0x00, 0x00, 0x00, 0x00, 0x00, 0x00, 0x00, 0x00, 0x00, 0x00, 0x00,
    0x00, 0x00, 0x00, 0x00, 0x00, 0x00, 0x00, 0x00, 0x00, 0x00, 0x00, 0x00, 0x00, 0x00, 0x00, 0x00,
    0x00, 0x00, 0x00, 0x00, 0x00, 0x00, 0x00, 0x00, 0x00, 0x00, 0x00, 0x00, 0x00, 0x00, 0x00, 0x00,
    0x00, 0x00, 0x00, 0x00, 0x00, 0x00, 0x00, 0x00, 0x00, 0x00, 0x00, 0x00, 0x00, 0x00, 0x00, 0x00,
    0x00, 0x00, 0x00, 0x00, 0x00, 0x00, 0x00, 0x00, 0x00, 0x00, 0x00, 0x00, 0x00, 0x00, 0x00, 0x00,
    0x00, 0x00, 0x00, 0x00, 0x00, 0x00, 0x00, 0x00, 0x00, 0x00, 0x00, 0x00, 0x00, 0x00, 0x00, 0x00,
    0x00, 0x00, 0x00, 0x00, 0x00, 0x00, 0x00, 0x00, 0x9f, 0x9f, 0x00, 0x10, 0xa0, 0xa9, 0x00, 0x73,
    0x9e, 0xa8, 0x00, 0xdb, 0x9f, 0xa8, 0x00, 0xff, 0x9f, 0xa8, 0x00, 0xff, 0x9f, 0xa8, 0x00, 0xff,
    0x9f, 0xa8, 0x00, 0xff, 0x9f, 0xa8, 0x00, 0xff, 0x9f, 0xa8, 0x00, 0xff, 0x9f, 0xa8, 0x00, 0xff,
    0x9f, 0xa8, 0x00, 0xff, 0x9f, 0xa8, 0x00, 0xff, 0x9f, 0xa8, 0x00, 0xff, 0x9f, 0xa8, 0x00, 0xff,
    0x9f, 0xa8, 0x00, 0xff, 0x9f, 0xa8, 0x00, 0xff, 0x9f, 0xa8, 0x00, 0xff, 0x9f, 0xa8, 0x00, 0xff,
    0x9f, 0xa8, 0x00, 0xff, 0x9f, 0xa8, 0x00, 0xff, 0x9f, 0xa8, 0x00, 0xff, 0x9f, 0xa8, 0x00, 0xff,
    0x9f, 0xa8, 0x00, 0xff, 0x9f, 0xa8, 0x00, 0xff, 0x9f, 0xa8, 0x00, 0xff, 0x9f, 0xa8, 0x00, 0xff,
    0x9f, 0xa8, 0x00, 0xff, 0x9f, 0xa8, 0x00, 0xff, 0x9f, 0xa8, 0x00, 0xff, 0x9f, 0xa8, 0x00, 0xff,
    0x9f, 0xa8, 0x00, 0xff, 0x9f, 0xa8, 0x00, 0xff, 0x9f, 0xa8, 0x00, 0xff, 0x9f, 0xa8, 0x00, 0xff,
    0x9f, 0xa8, 0x00, 0xff, 0x9f, 0xa8, 0x00, 0xff, 0x9f, 0xa8, 0x00, 0xff, 0x9f, 0xa8, 0x00, 0xff,
    0x9f, 0xa8, 0x00, 0xff, 0x9f, 0xa8, 0x00, 0xff, 0x9f, 0xa8, 0x00, 0xff, 0x9f, 0xa8, 0x00, 0xff,
    0x9f, 0xa8, 0x00, 0xff, 0x9f, 0xa8, 0x00, 0xff, 0x9f, 0xa8, 0x00, 0xff, 0x9f, 0xa8, 0x00, 0xff,
    0x9f, 0xa8, 0x00, 0xff, 0x9f, 0xa8, 0x00, 0xff, 0x9f, 0xa8, 0x00, 0xff, 0x9f, 0xa8, 0x00, 0xff,
    0x9f, 0xa8, 0x00, 0xff, 0x9f, 0xa8, 0x00, 0xff, 0x9f, 0xa8, 0x00, 0xff, 0x9f, 0xa8, 0x00, 0xff,
    0x9f, 0xa8, 0x00, 0xff, 0x9f, 0xa8, 0x00, 0xff, 0x9f, 0xa8, 0x00, 0xff, 0x9f, 0xa8, 0x00, 0xff,
    0x9f, 0xa8, 0x00, 0xff, 0x9f, 0xa8, 0x00, 0xff, 0x9f, 0xa8, 0x00, 0xff, 0x9f, 0xa8, 0x00, 0xff,
    0x9f, 0xa8, 0x00, 0xff, 0x9f, 0xa8, 0x00, 0xff, 0x9f, 0xa8, 0x00, 0xff, 0x9f, 0xa8, 0x00, 0xff,
    0x9f, 0xa8, 0x00, 0xff, 0x9f, 0xa8, 0x00, 0xff, 0x9f, 0xa8, 0x00, 0xff, 0x9f, 0xa8, 0x00, 0xff,
    0x9f, 0xa8, 0x00, 0xff, 0x9f, 0xa8, 0x00, 0xff, 0x9f, 0xa8, 0x00, 0xff, 0x9f, 0xa8, 0x00, 0xff,
    0x9f, 0xa8, 0x00, 0xff, 0x9f, 0xa8, 0x00, 0xff, 0x9f, 0xa8, 0x00, 0xff, 0x9f, 0xa8, 0x00, 0xff,
    0x9f, 0xa8, 0x00, 0xff, 0x9f, 0xa8, 0x00, 0xff, 0x9f, 0xa8, 0x00, 0xff, 0x9f, 0xa8, 0x00, 0xff,
    0x9f, 0xa8, 0x00, 0xff, 0x9f, 0xa8, 0x00, 0xff, 0x9f, 0xa8, 0x00, 0xff, 0x9f, 0xa8, 0x00, 0xff,
    0x9f, 0xa8, 0x00, 0xff, 0x9f, 0xa8, 0x00, 0xff, 0x9f, 0xa8, 0x00, 0xff, 0x9f, 0xa8, 0x00, 0xff,
    0x9f, 0xa8, 0x00, 0xff, 0x9f, 0xa8, 0x00, 0xdf, 0xa0, 0xa9, 0x00, 0x73, 0x9f, 0x9f, 0x00, 0x10,
    0x00, 0x00, 0x00, 0x00, 0x00, 0x00, 0x00, 0x00, 0x00, 0x00, 0x00, 0x00, 0x00, 0x00, 0x00, 0x00,
    0x00, 0x00, 0x00, 0x00, 0x00, 0x00, 0x00, 0x00, 0x00, 0x00, 0x00, 0x00, 0x00, 0x00, 0x00, 0x00,
    0x00, 0x00, 0x00, 0x00, 0x00, 0x00, 0x00, 0x00, 0x00, 0x00, 0x00, 0x00, 0x00, 0x00, 0x00, 0x00,
    0x00, 0x00, 0x00, 0x00, 0x00, 0x00, 0x00, 0x00, 0x00, 0x00, 0x00, 0x00, 0x00, 0x00, 0x00, 0x00,
    0x00, 0x00, 0x00, 0x00, 0x00, 0x00, 0x00, 0x00, 0x00, 0x00, 0x00, 0x00, 0x00, 0x00, 0x00, 0x00,
    0x00, 0x00, 0x00, 0x00, 0x00, 0x00, 0x00, 0x00, 0x00, 0x00, 0x00, 0x00, 0x00, 0x00, 0x00, 0x00,
    0x00, 0x00, 0x00, 0x00, 0x00, 0x00, 0x00, 0x00, 0x00, 0x00, 0x00, 0x00, 0x00, 0x00, 0x00, 0x00,
    0x00, 0x00, 0x00, 0x00, 0x00, 0x00, 0x00, 0x00, 0x00, 0x00, 0x00, 0x00, 0x00, 0x00, 0x00, 0x00,
    0x00, 0x00, 0x00, 0x00, 0x00, 0x00, 0x00, 0x00, 0x9f, 0x9f, 0x00, 0x10, 0x9f, 0xa9, 0x00, 0x7f,
    0x9f, 0xa8, 0x00, 0xef, 0x9f, 0xa8, 0x00, 0xff, 0x9f, 0xa8, 0x00, 0xff, 0x9f, 0xa8, 0x00, 0xff,
    0x9f, 0xa8, 0x00, 0xff, 0x9f, 0xa8, 0x00, 0xff, 0x9f, 0xa8, 0x00, 0xff, 0x9f, 0xa8, 0x00, 0xff,
    0x9f, 0xa8, 0x00, 0xff, 0x9f, 0xa8, 0x00, 0xff, 0x9f, 0xa8, 0x00, 0xff, 0x9f, 0xa8, 0x00, 0xff,
    0x9f, 0xa8, 0x00, 0xff, 0x9f, 0xa8, 0x00, 0xff, 0x9f, 0xa8, 0x00, 0xff, 0x9f, 0xa8, 0x00, 0xff,
    0x9f, 0xa8, 0x00, 0xff, 0x9f, 0xa8, 0x00, 0xff, 0x9f, 0xa8, 0x00, 0xff, 0x9f, 0xa8, 0x00, 0xff,
    0x9f, 0xa8, 0x00, 0xff, 0x9f, 0xa8, 0x00, 0xff, 0x9f, 0xa8, 0x00, 0xff, 0x9f, 0xa8, 0x00, 0xff,
    0x9f, 0xa8, 0x00, 0xff, 0x9f, 0xa8, 0x00, 0xff, 0x9f, 0xa8, 0x00, 0xff, 0x9f, 0xa8, 0x00, 0xff,
    0x9f, 0xa8, 0x00, 0xff, 0x9f, 0xa8, 0x00, 0xff, 0x9f, 0xa8, 0x00, 0xff, 0x9f, 0xa8, 0x00, 0xff,
    0x9f, 0xa8, 0x00, 0xff, 0x9f, 0xa8, 0x00, 0xff, 0x9f, 0xa8, 0x00, 0xff, 0x9f, 0xa8, 0x00, 0xff,
    0x9f, 0xa8, 0x00, 0xff, 0x9f, 0xa8, 0x00, 0xff, 0x9f, 0xa8, 0x00, 0xff, 0x9f, 0xa8, 0x00, 0xff,
    0x9f, 0xa8, 0x00, 0xff, 0x9f, 0xa8, 0x00, 0xff, 0x9f, 0xa8, 0x00, 0xff, 0x9f, 0xa8, 0x00, 0xff,
    0x9f, 0xa8, 0x00, 0xff, 0x9f, 0xa8, 0x00, 0xff, 0x9f, 0xa8, 0x00, 0xff, 0x9f, 0xa8, 0x00, 0xff,
    0x9f, 0xa8, 0x00, 0xff, 0x9f, 0xa8, 0x00, 0xff, 0x9f, 0xa8, 0x00, 0xff, 0x9f, 0xa8, 0x00, 0xff,
    0x9f, 0xa8, 0x00, 0xff, 0x9f, 0xa8, 0x00, 0xff, 0x9f, 0xa8, 0x00, 0xff, 0x9f, 0xa8, 0x00, 0xff,
    0x9f, 0xa8, 0x00, 0xff, 0x9f, 0xa8, 0x00, 0xff, 0x9f, 0xa8, 0x00, 0xff, 0x9f, 0xa8, 0x00, 0xff,
    0x9f, 0xa8, 0x00, 0xff, 0x9f, 0xa8, 0x00, 0xff, 0x9f, 0xa8, 0x00, 0xff, 0x9f, 0xa8, 0x00, 0xff,
    0x9f, 0xa8, 0x00, 0xff, 0x9f, 0xa8, 0x00, 0xff, 0x9f, 0xa8, 0x00, 0xff, 0x9f, 0xa8, 0x00, 0xff,
    0x9f, 0xa8, 0x00, 0xff, 0x9f, 0xa8, 0x00, 0xff, 0x9f, 0xa8, 0x00, 0xff, 0x9f, 0xa8, 0x00, 0xff,
    0x9f, 0xa8, 0x00, 0xff, 0x9f, 0xa8, 0x00, 0xff, 0x9f, 0xa8, 0x00, 0xff, 0x9f, 0xa8, 0x00, 0xff,
    0x9f, 0xa8, 0x00, 0xff, 0x9f, 0xa8, 0x00, 0xff, 0x9f, 0xa8, 0x00, 0xff, 0x9f, 0xa8, 0x00, 0xff,
    0x9f, 0xa8, 0x00, 0xff, 0x9f, 0xa8, 0x00, 0xff, 0x9f, 0xa8, 0x00, 0xff, 0x9f, 0xa8, 0x00, 0xff,
    0x9f, 0xa8, 0x00, 0xff, 0x9f, 0xa8, 0x00, 0xff, 0x9f, 0xa8, 0x00, 0xff, 0x9f, 0xa8, 0x00, 0xff,
    0x9f, 0xa8, 0x00, 0xff, 0x9f, 0xa8, 0x00, 0xff, 0x9f, 0xa8, 0x00, 0xff, 0x9f, 0xa8, 0x00, 0xff,
    0x9f, 0xa8, 0x00, 0xff, 0x9f, 0xa7, 0x00, 0xf7, 0x9f, 0xa8, 0x00, 0x8f, 0x9f, 0x9f, 0x00, 0x10,
    0x00, 0x00, 0x00, 0x00, 0x00, 0x00, 0x00, 0x00, 0x00, 0x00, 0x00, 0x00, 0x00, 0x00, 0x00, 0x00,
    0x00, 0x00, 0x00, 0x00, 0x00, 0x00, 0x00, 0x00, 0x00, 0x00, 0x00, 0x00, 0x00, 0x00, 0x00, 0x00,
    0x00, 0x00, 0x00, 0x00, 0x00, 0x00, 0x00, 0x00, 0x00, 0x00, 0x00, 0x00, 0x00, 0x00, 0x00, 0x00,
    0x00, 0x00, 0x00, 0x00, 0x00, 0x00, 0x00, 0x00, 0x00, 0x00, 0x00, 0x00, 0x00, 0x00, 0x00, 0x00,
    0x00, 0x00, 0x00, 0x00, 0x00, 0x00, 0x00, 0x00, 0x00, 0x00, 0x00, 0x00, 0x00, 0x00, 0x00, 0x00,
    0x00, 0x00, 0x00, 0x00, 0x00, 0x00, 0x00, 0x00, 0x00, 0x00, 0x00, 0x00, 0x00, 0x00, 0x00, 0x00,
    0x00, 0x00, 0x00, 0x00, 0x00, 0x00, 0x00, 0x00, 0x00, 0x00, 0x00, 0x00, 0x00, 0x00, 0x00, 0x00,
    0x00, 0x00, 0x00, 0x00, 0x00, 0x00, 0x00, 0x00, 0x80, 0x80, 0x00, 0x04, 0x9e, 0xa8, 0x00, 0x67,
    0x9f, 0xa8, 0x00, 0xef, 0x9f, 0xa8, 0x00, 0xff, 0x9f, 0xa8, 0x00, 0xff, 0x9f, 0xa8, 0x00, 0xff,
    0x9f, 0xa8, 0x00, 0xff, 0x9f, 0xa8, 0x00, 0xff, 0x9f, 0xa8, 0x00, 0xff, 0x9f, 0xa8, 0x00, 0xff,
    0x9f, 0xa8, 0x00, 0xff, 0x9f, 0xa8, 0x00, 0xff, 0x9f, 0xa8, 0x00, 0xff, 0x9f, 0xa8, 0x00, 0xff,
    0x9f, 0xa8, 0x00, 0xff, 0x9f, 0xa8, 0x00, 0xff, 0x9f, 0xa8, 0x00, 0xff, 0x9f, 0xa8, 0x00, 0xff,
    0x9f, 0xa8, 0x00, 0xff, 0x9f, 0xa8, 0x00, 0xff, 0x9f, 0xa8, 0x00, 0xff, 0x9f, 0xa8, 0x00, 0xff,
    0x9f, 0xa8, 0x00, 0xff, 0x9f, 0xa8, 0x00, 0xff, 0x9f, 0xa8, 0x00, 0xff, 0x9f, 0xa8, 0x00, 0xff,
    0x9f, 0xa8, 0x00, 0xff, 0x9f, 0xa8, 0x00, 0xff, 0x9f, 0xa8, 0x00, 0xff, 0x9f, 0xa8, 0x00, 0xff,
    0x9f, 0xa8, 0x00, 0xff, 0x9f, 0xa8, 0x00, 0xff, 0x9f, 0xa8, 0x00, 0xff, 0x9f, 0xa8, 0x00, 0xff,
    0x9f, 0xa8, 0x00, 0xff, 0x9f, 0xa8, 0x00, 0xff, 0x9f, 0xa8, 0x00, 0xff, 0x9f, 0xa8, 0x00, 0xff,
    0x9f, 0xa8, 0x00, 0xff, 0x9f, 0xa8, 0x00, 0xff, 0x9f, 0xa8, 0x00, 0xff, 0x9f, 0xa8, 0x00, 0xff,
    0x9f, 0xa8, 0x00, 0xff, 0x9f, 0xa8, 0x00, 0xff, 0x9f, 0xa8, 0x00, 0xff, 0x9f, 0xa8, 0x00, 0xff,
    0x9f, 0xa8, 0x00, 0xff, 0x9f, 0xa8, 0x00, 0xff, 0x9f, 0xa8, 0x00, 0xff, 0x9f, 0xa8, 0x00, 0xff,
    0x9f, 0xa8, 0x00, 0xff, 0x9f, 0xa8, 0x00, 0xff, 0x9f, 0xa8, 0x00, 0xff, 0x9f, 0xa8, 0x00, 0xff,
    0x9f, 0xa8, 0x00, 0xff, 0x9f, 0xa8, 0x00, 0xff, 0x9f, 0xa8, 0x00, 0xff, 0x9f, 0xa8, 0x00, 0xff,
    0x9f, 0xa8, 0x00, 0xff, 0x9f, 0xa8, 0x00, 0xff, 0x9f, 0xa8, 0x00, 0xff, 0x9f, 0xa8, 0x00, 0xff,
    0x9f, 0xa8, 0x00, 0xff, 0x9f, 0xa8, 0x00, 0xff, 0x9f, 0xa8, 0x00, 0xff, 0x9f, 0xa8, 0x00, 0xff,
    0x9f, 0xa8, 0x00, 0xff, 0x9f, 0xa8, 0x00, 0xff, 0x9f, 0xa8, 0x00, 0xff, 0x9f, 0xa8, 0x00, 0xff,
    0x9f, 0xa8, 0x00, 0xff, 0x9f, 0xa8, 0x00, 0xff, 0x9f, 0xa8, 0x00, 0xff, 0x9f, 0xa8, 0x00, 0xff,
    0x9f, 0xa8, 0x00, 0xff, 0x9f, 0xa8, 0x00, 0xff, 0x9f, 0xa8, 0x00, 0xff, 0x9f, 0xa8, 0x00, 0xff,
    0x9f, 0xa8, 0x00, 0xff, 0x9f, 0xa8, 0x00, 0xff, 0x9f, 0xa8, 0x00, 0xff, 0x9f, 0xa8, 0x00, 0xff,
    0x9f, 0xa8, 0x00, 0xff, 0x9f, 0xa8, 0x00, 0xff, 0x9f, 0xa8, 0x00, 0xff, 0x9f, 0xa8, 0x00, 0xff,
    0x9f, 0xa8, 0x00, 0xff, 0x9f, 0xa8, 0x00, 0xff, 0x9f, 0xa8, 0x00, 0xff, 0x9f, 0xa8, 0x00, 0xff,
    0x9f, 0xa8, 0x00, 0xff, 0x9f, 0xa8, 0x00, 0xff, 0x9f, 0xa8, 0x00, 0xff, 0x9f, 0xa8, 0x00, 0xff,
    0x9f, 0xa8, 0x00, 0xff, 0x9f, 0xa8, 0x00, 0xff, 0x9f, 0xa8, 0x00, 0xff, 0x9f, 0xa8, 0x00, 0xff,
    0x9f, 0xa8, 0x00, 0xff, 0x9f, 0xa8, 0x00, 0xe7, 0x9e, 0xa8, 0x00, 0x67, 0x00, 0x00, 0x00, 0x00,
    0x00, 0x00, 0x00, 0x00, 0x00, 0x00, 0x00, 0x00, 0x00, 0x00, 0x00, 0x00, 0x00, 0x00, 0x00, 0x00,
    0x00, 0x00, 0x00, 0x00, 0x00, 0x00, 0x00, 0x00, 0x00, 0x00, 0x00, 0x00, 0x00, 0x00, 0x00, 0x00,
    0x00, 0x00, 0x00, 0x00, 0x00, 0x00, 0x00, 0x00, 0x00, 0x00, 0x00, 0x00, 0x00, 0x00, 0x00, 0x00,
    0x00, 0x00, 0x00, 0x00, 0x00, 0x00, 0x00, 0x00, 0x00, 0x00, 0x00, 0x00, 0x00, 0x00, 0x00, 0x00,
    0x00, 0x00, 0x00, 0x00, 0x00, 0x00, 0x00, 0x00, 0x00, 0x00, 0x00, 0x00, 0x00, 0x00, 0x00, 0x00,
    0x00, 0x00, 0x00, 0x00, 0x00, 0x00, 0x00, 0x00, 0x00, 0x00, 0x00, 0x00, 0x00, 0x00, 0x00, 0x00,
    0x00, 0x00, 0x00, 0x00, 0x00, 0x00, 0x00, 0x00, 0x00, 0x00, 0x00, 0x00, 0x9d, 0xaa, 0x00, 0x27,
    0x9f, 0xa8, 0x00, 0xc7, 0x9f, 0xa8, 0x00, 0xff, 0x9f, 0xa8, 0x00, 0xff, 0x9f, 0xa8, 0x00, 0xff,
    0x9f, 0xa8, 0x00, 0xff, 0x9f, 0xa8, 0x00, 0xff, 0x9f, 0xa8, 0x00, 0xff, 0x9f, 0xa8, 0x00, 0xff,
    0x9f, 0xa8, 0x00, 0xff, 0x9f, 0xa8, 0x00, 0xff, 0x9f, 0xa8, 0x00, 0xff, 0x9f, 0xa8, 0x00, 0xff,
    0x9f, 0xa8, 0x00, 0xff, 0x9f, 0xa8, 0x00, 0xff, 0x9f, 0xa8, 0x00, 0xff, 0x9f, 0xa8, 0x00, 0xff,
    0x9f, 0xa8, 0x00, 0xff, 0x9f, 0xa8, 0x00, 0xff, 0x9f, 0xa8, 0x00, 0xff, 0x9f, 0xa8, 0x00, 0xff,
    0x9f, 0xa8, 0x00, 0xff, 0x9f, 0xa8, 0x00, 0xff, 0x9f, 0xa8, 0x00, 0xff, 0x9f, 0xa8, 0x00, 0xff,
    0x9f, 0xa8, 0x00, 0xff, 0x9f, 0xa8, 0x00, 0xff, 0x9f, 0xa8, 0x00, 0xff, 0x9f, 0xa8, 0x00, 0xff,
    0x9f, 0xa8, 0x00, 0xff, 0x9f, 0xa8, 0x00, 0xff, 0x9f, 0xa8, 0x00, 0xff, 0x9f, 0xa8, 0x00, 0xff,
    0x9f, 0xa8, 0x00, 0xff, 0x9f, 0xa8, 0x00, 0xff, 0x9f, 0xa8, 0x00, 0xff, 0x9f, 0xa8, 0x00, 0xff,
    0x9f, 0xa8, 0x00, 0xff, 0x9f, 0xa8, 0x00, 0xff, 0x9f, 0xa8, 0x00, 0xff, 0x9f, 0xa8, 0x00, 0xff,
    0x9f, 0xa8, 0x00, 0xff, 0x9f, 0xa8, 0x00, 0xff, 0x9f, 0xa8, 0x00, 0xff, 0x9f, 0xa8, 0x00, 0xff,
    0x9f, 0xa8, 0x00, 0xff, 0x9f, 0xa8, 0x00, 0xff, 0x9f, 0xa8, 0x00, 0xff, 0x9f, 0xa8, 0x00, 0xff,
    0x9f, 0xa8, 0x00, 0xff, 0x9f, 0xa8, 0x00, 0xff, 0x9f, 0xa8, 0x00, 0xff, 0x9f, 0xa8, 0x00, 0xff,
    0x9f, 0xa8, 0x00, 0xff, 0x9f, 0xa8, 0x00, 0xff, 0x9f, 0xa8, 0x00, 0xff, 0x9f, 0xa8, 0x00, 0xff,
    0x9f, 0xa8, 0x00, 0xff, 0x9f, 0xa8, 0x00, 0xff, 0x9f, 0xa8, 0x00, 0xff, 0x9f, 0xa8, 0x00, 0xff,
    0x9f, 0xa8, 0x00, 0xff, 0x9f, 0xa8, 0x00, 0xff, 0x9f, 0xa8, 0x00, 0xff, 0x9f, 0xa8, 0x00, 0xff,
    0x9f, 0xa8, 0x00, 0xff, 0x9f, 0xa8, 0x00, 0xff, 0x9f, 0xa8, 0x00, 0xff, 0x9f, 0xa8, 0x00, 0xff,
    0x9f, 0xa8, 0x00, 0xff, 0x9f, 0xa8, 0x00, 0xff, 0x9f, 0xa8, 0x00, 0xff, 0x9f, 0xa8, 0x00, 0xff,
    0x9f, 0xa8, 0x00, 0xff, 0x9f, 0xa8, 0x00, 0xff, 0x9f, 0xa8, 0x00, 0xff, 0x9f, 0xa8, 0x00, 0xff,
    0x9f, 0xa8, 0x00, 0xff, 0x9f, 0xa8, 0x00, 0xff, 0x9f, 0xa8, 0x00, 0xff, 0x9f, 0xa8, 0x00, 0xff,
    0x9f, 0xa8, 0x00, 0xff, 0x9f, 0xa8, 0x00, 0xff, 0x9f, 0xa8, 0x00, 0xff, 0x9f, 0xa8, 0x00, 0xff,
    0x9f, 0xa8, 0x00, 0xff, 0x9f, 0xa8, 0x00, 0xff, 0x9f, 0xa8, 0x00, 0xff, 0x9f, 0xa8, 0x00, 0xff,
    0x9f, 0xa8, 0x00, 0xff, 0x9f, 0xa8, 0x00, 0xff, 0x9f, 0xa8, 0x00, 0xff, 0x9f, 0xa8, 0x00, 0xff,
    0x9f, 0xa8, 0x00, 0xff, 0x9f, 0xa8, 0x00, 0xff, 0x9f, 0xa8, 0x00, 0xff, 0x9f, 0xa8, 0x00, 0xff,
    0x9f, 0xa8, 0x00, 0xff, 0x9f, 0xa8, 0x00, 0xff, 0x9f, 0xa8, 0x00, 0xff, 0x9f, 0xa8, 0x00, 0xff,
    0x9f, 0xa8, 0x00, 0xff, 0x9f, 0xa8, 0x00, 0xc7, 0xa0, 0xa8, 0x00, 0x23, 0x00, 0x00, 0x00, 0x00,
    0x00, 0x00, 0x00, 0x00, 0x00, 0x00, 0x00, 0x00, 0x00, 0x00, 0x00, 0x00, 0x00, 0x00, 0x00, 0x00,
    0x00, 0x00, 0x00, 0x00, 0x00, 0x00, 0x00, 0x00, 0x00, 0x00, 0x00, 0x00, 0x00, 0x00, 0x00, 0x00,
    0x00, 0x00, 0x00, 0x00, 0x00, 0x00, 0x00, 0x00, 0x00, 0x00, 0x00, 0x00, 0x00, 0x00, 0x00, 0x00,
    0x00, 0x00, 0x00, 0x00, 0x00, 0x00, 0x00, 0x00, 0x00, 0x00, 0x00, 0x00, 0x00, 0x00, 0x00, 0x00,
    0x00, 0x00, 0x00, 0x00, 0x00, 0x00, 0x00, 0x00, 0x00, 0x00, 0x00, 0x00, 0x00, 0x00, 0x00, 0x00,
    0x00, 0x00, 0x00, 0x00, 0x00, 0x00, 0x00, 0x00, 0x00, 0x00, 0x00, 0x00, 0x00, 0x00, 0x00, 0x00,
    0xa0, 0xa8, 0x00, 0x5b, 0x9f, 0xa7, 0x00, 0xf7, 0x9f, 0xa8, 0x00, 0xff, 0x9f, 0xa8, 0x00, 0xff,
    0x9f, 0xa8, 0x00, 0xff, 0x9f, 0xa8, 0x00, 0xff, 0x9f, 0xa8, 0x00, 0xff, 0x9f, 0xa8, 0x00, 0xff,
    0x9f, 0xa8, 0x00, 0xff, 0x9f, 0xa8, 0x00, 0xff, 0x9f, 0xa8, 0x00, 0xff, 0x9f, 0xa8, 0x00, 0xff,
    0x9f, 0xa8, 0x00, 0xff, 0x9f, 0xa8, 0x00, 0xff, 0x9f, 0xa8, 0x00, 0xff, 0x9f, 0xa8, 0x00, 0xff,
    0x9f, 0xa8, 0x00, 0xff, 0x9f, 0xa8, 0x00, 0xff, 0x9f, 0xa8, 0x00, 0xff, 0x9f, 0xa8, 0x00, 0xff,
    0x9f, 0xa8, 0x00, 0xff, 0x9f, 0xa8, 0x00, 0xff, 0x9f, 0xa8, 0x00, 0xff, 0x9f, 0xa8, 0x00, 0xff,
    0x9f, 0xa8, 0x00, 0xff, 0x9f, 0xa8, 0x00, 0xff, 0x9f, 0xa8, 0x00, 0xff, 0x9f, 0xa8, 0x00, 0xff,
    0x9f, 0xa8, 0x00, 0xff, 0x9f, 0xa8, 0x00, 0xff, 0x9f, 0xa8, 0x00, 0xff, 0x9f, 0xa8, 0x00, 0xff,
    0x9f, 0xa8, 0x00, 0xff, 0x9f, 0xa8, 0x00, 0xff, 0x9f, 0xa8, 0x00, 0xff, 0x9f, 0xa8, 0x00, 0xff,
    0x9f, 0xa8, 0x00, 0xff, 0x9f, 0xa8, 0x00, 0xff, 0x9f, 0xa8, 0x00, 0xff, 0x9f, 0xa8, 0x00, 0xff,
    0x9f, 0xa8, 0x00, 0xff, 0x9f, 0xa8, 0x00, 0xff, 0x9f, 0xa8, 0x00, 0xff, 0x9f, 0xa8, 0x00, 0xff,
    0x9f, 0xa8, 0x00, 0xff, 0x9f, 0xa8, 0x00, 0xff, 0x9f, 0xa8, 0x00, 0xff, 0x9f, 0xa8, 0x00, 0xff,
    0x9f, 0xa8, 0x00, 0xff, 0x9f, 0xa8, 0x00, 0xff, 0x9f, 0xa8, 0x00, 0xff, 0x9f, 0xa8, 0x00, 0xff,
    0x9f, 0xa8, 0x00, 0xff, 0x9f, 0xa8, 0x00, 0xff, 0x9f, 0xa8, 0x00, 0xff, 0x9f, 0xa8, 0x00, 0xff,
    0x9f, 0xa8, 0x00, 0xff, 0x9f, 0xa8, 0x00, 0xff, 0x9f, 0xa8, 0x00, 0xff, 0x9f, 0xa8, 0x00, 0xff,
    0x9f, 0xa8, 0x00, 0xff, 0x9f, 0xa8, 0x00, 0xff, 0x9f, 0xa8, 0x00, 0xff, 0x9f, 0xa8, 0x00, 0xff,
    0x9f, 0xa8, 0x00, 0xff, 0x9f, 0xa8, 0x00, 0xff, 0x9f, 0xa8, 0x00, 0xff, 0x9f, 0xa8, 0x00, 0xff,
    0x9f, 0xa8, 0x00, 0xff, 0x9f, 0xa8, 0x00, 0xff, 0x9f, 0xa8, 0x00, 0xff, 0x9f, 0xa8, 0x00, 0xff,
    0x9f, 0xa8, 0x00, 0xff, 0x9f, 0xa8, 0x00, 0xff, 0x9f, 0xa8, 0x00, 0xff, 0x9f, 0xa8, 0x00, 0xff,
    0x9f, 0xa8, 0x00, 0xff, 0x9f, 0xa8, 0x00, 0xff, 0x9f, 0xa8, 0x00, 0xff, 0x9f, 0xa8, 0x00, 0xff,
    0x9f, 0xa8, 0x00, 0xff, 0x9f, 0xa8, 0x00, 0xff, 0x9f, 0xa8, 0x00, 0xff, 0x9f, 0xa8, 0x00, 0xff,
    0x9f, 0xa8, 0x00, 0xff, 0x9f, 0xa8, 0x00, 0xff, 0x9f, 0xa8, 0x00, 0xff, 0x9f, 0xa8, 0x00, 0xff,
    0x9f, 0xa8, 0x00, 0xff, 0x9f, 0xa8, 0x00, 0xff, 0x9f, 0xa8, 0x00, 0xff, 0x9f, 0xa8, 0x00, 0xff,
    0x9f, 0xa8, 0x00, 0xff, 0x9f, 0xa8, 0x00, 0xff, 0x9f, 0xa8, 0x00, 0xff, 0x9f, 0xa8, 0x00, 0xff,
    0x9f, 0xa8, 0x00, 0xff, 0x9f, 0xa8, 0x00, 0xff, 0x9f, 0xa8, 0x00, 0xff, 0x9f, 0xa8, 0x00, 0xff,
    0x9f, 0xa8, 0x00, 0xff, 0x9f, 0xa8, 0x00, 0xff, 0x9f, 0xa8, 0x00, 0xff, 0x9f, 0xa8, 0x00, 0xff,
    0x9f, 0xa7, 0x00, 0xf7, 0x9e, 0xa9, 0x00, 0x5f, 0x00, 0x00, 0x00, 0x00, 0x00, 0x00, 0x00, 0x00,
    0x00, 0x00, 0x00, 0x00, 0x00, 0x00, 0x00, 0x00, 0x00, 0x00, 0x00, 0x00, 0x00, 0x00, 0x00, 0x00,
    0x00, 0x00, 0x00, 0x00, 0x00, 0x00, 0x00, 0x00, 0x00, 0x00, 0x00, 0x00, 0x00, 0x00, 0x00, 0x00,
    0x00, 0x00, 0x00, 0x00, 0x00, 0x00, 0x00, 0x00, 0x00, 0x00, 0x00, 0x00, 0x00, 0x00, 0x00, 0x00,
    0x00, 0x00, 0x00, 0x00, 0x00, 0x00, 0x00, 0x00, 0x00, 0x00, 0x00, 0x00, 0x00, 0x00, 0x00, 0x00,
    0x00, 0x00, 0x00, 0x00, 0x00, 0x00, 0x00, 0x00, 0x00, 0x00, 0x00, 0x00, 0x00, 0x00, 0x00, 0x00,
    0x80, 0x80, 0x00, 0x04, 0x9f, 0xa8, 0x00, 0x8f, 0x9f, 0xa8, 0x00, 0xff, 0x9f, 0xa8, 0x00, 0xff,
    0x9f, 0xa8, 0x00, 0xff, 0x9f, 0xa8, 0x00, 0xff, 0x9f, 0xa8, 0x00, 0xff, 0x9f, 0xa8, 0x00, 0xff,
    0x9f, 0xa8, 0x00, 0xff, 0x9f, 0xa8, 0x00, 0xff, 0x9f, 0xa8, 0x00, 0xff, 0x9f, 0xa8, 0x00, 0xff,
    0x9f, 0xa8, 0x00, 0xff, 0x9f, 0xa8, 0x00, 0xff, 0x9f, 0xa8, 0x00, 0xff, 0x9f, 0xa8, 0x00, 0xff,
    0x9f, 0xa8, 0x00, 0xff, 0x9f, 0xa8, 0x00, 0xff, 0x9f, 0xa8, 0x00, 0xff, 0x9f, 0xa8, 0x00, 0xff,
    0x9f, 0xa8, 0x00, 0xff, 0x9f, 0xa8, 0x00, 0xff, 0x9f, 0xa8, 0x00, 0xff, 0x9f, 0xa8, 0x00, 0xff,
    0x9f, 0xa8, 0x00, 0xff, 0x9f, 0xa8, 0x00, 0xff, 0x9f, 0xa8, 0x00, 0xff, 0x9f, 0xa8, 0x00, 0xff,
    0x9f, 0xa8, 0x00, 0xff, 0x9f, 0xa8, 0x00, 0xff, 0x9f, 0xa8, 0x00, 0xff, 0x9f, 0xa8, 0x00, 0xff,
    0x9f, 0xa8, 0x00, 0xff, 0x9f, 0xa8, 0x00, 0xff, 0x9f, 0xa8, 0x00, 0xff, 0x9f, 0xa8, 0x00, 0xff,
    0x9f, 0xa8, 0x00, 0xff, 0x9f, 0xa8, 0x00, 0xff, 0x9f, 0xa8, 0x00, 0xff, 0x9f, 0xa8, 0x00, 0xff,
    0x9f, 0xa8, 0x00, 0xff, 0x9f, 0xa8, 0x00, 0xff, 0x9f, 0xa8, 0x00, 0xff, 0x9f, 0xa8, 0x00, 0xff,
    0x9f, 0xa8, 0x00, 0xff, 0x9f, 0xa8, 0x00, 0xff, 0x9f, 0xa8, 0x00, 0xff, 0x9f, 0xa8, 0x00, 0xff,
    0x9f, 0xa8, 0x00, 0xff, 0x9f, 0xa8, 0x00, 0xff, 0x9f, 0xa8, 0x00, 0xff, 0x9f, 0xa8, 0x00, 0xff,
    0x9f, 0xa8, 0x00, 0xff, 0x9f, 0xa8, 0x00, 0xff, 0x9f, 0xa8, 0x00, 0xff, 0x9f, 0xa8, 0x00, 0xff,
    0x9f, 0xa8, 0x00, 0xff, 0x9f, 0xa8, 0x00, 0xff, 0x9f, 0xa8, 0x00, 0xff, 0x9f, 0xa8, 0x00, 0xff,
    0x9f, 0xa8, 0x00, 0xff, 0x9f, 0xa8, 0x00, 0xff, 0x9f, 0xa8, 0x00, 0xff, 0x9f, 0xa8, 0x00, 0xff,
    0x9f, 0xa8, 0x00, 0xff, 0x9f, 0xa8, 0x00, 0xff, 0x9f, 0xa8, 0x00, 0xff, 0x9f, 0xa8, 0x00, 0xff,
    0x9f, 0xa8, 0x00, 0xff, 0x9f, 0xa8, 0x00, 0xff, 0x9f, 0xa8, 0x00, 0xff, 0x9f, 0xa8, 0x00, 0xff,
    0x9f, 0xa8, 0x00, 0xff, 0x9f, 0xa8, 0x00, 0xff, 0x9f, 0xa8, 0x00, 0xff, 0x9f, 0xa8, 0x00, 0xff,
    0x9f, 0xa8, 0x00, 0xff, 0x9f, 0xa8, 0x00, 0xff, 0x9f, 0xa8, 0x00, 0xff, 0x9f, 0xa8, 0x00, 0xff,
    0x9f, 0xa8, 0x00, 0xff, 0x9f, 0xa8, 0x00, 0xff, 0x9f, 0xa8, 0x00, 0xff, 0x9f, 0xa8, 0x00, 0xff,
    0x9f, 0xa8, 0x00, 0xff, 0x9f, 0xa8, 0x00, 0xff, 0x9f, 0xa8, 0x00, 0xff, 0x9f, 0xa8, 0x00, 0xff,
    0x9f, 0xa8, 0x00, 0xff, 0x9f, 0xa8, 0x00, 0xff, 0x9f, 0xa8, 0x00, 0xff, 0x9f, 0xa8, 0x00, 0xff,
    0x9f, 0xa8, 0x00, 0xff, 0x9f, 0xa8, 0x00, 0xff, 0x9f, 0xa8, 0x00, 0xff, 0x9f, 0xa8, 0x00, 0xff,
    0x9f, 0xa8, 0x00, 0xff, 0x9f, 0xa8, 0x00, 0xff, 0x9f, 0xa8, 0x00, 0xff, 0x9f, 0xa8, 0x00, 0xff,
    0x9f, 0xa8, 0x00, 0xff, 0x9f, 0xa8, 0x00, 0xff, 0x9f, 0xa8, 0x00, 0xff, 0x9f, 0xa8, 0x00, 0xff,
    0x9f, 0xa8, 0x00, 0xff, 0x9f, 0xa8, 0x00, 0xff, 0x9f, 0xa8, 0x00, 0xff, 0x9f, 0xa8, 0x00, 0xff,
    0x9e, 0xa9, 0x00, 0x8b, 0x80, 0x80, 0x00, 0x04, 0x00, 0x00, 0x00, 0x00, 0x00, 0x00, 0x00, 0x00,
    0x00, 0x00, 0x00, 0x00, 0x00, 0x00, 0x00, 0x00, 0x00, 0x00, 0x00, 0x00, 0x00, 0x00, 0x00, 0x00,
    0x00, 0x00, 0x00, 0x00, 0x00, 0x00, 0x00, 0x00, 0x00, 0x00, 0x00, 0x00, 0x00, 0x00, 0x00, 0x00,
    0x00, 0x00, 0x00, 0x00, 0x00, 0x00, 0x00, 0x00, 0x00, 0x00, 0x00, 0x00, 0x00, 0x00, 0x00, 0x00,
    0x00, 0x00, 0x00, 0x00, 0x00, 0x00, 0x00, 0x00, 0x00, 0x00, 0x00, 0x00, 0x00, 0x00, 0x00, 0x00,
    0x00, 0x00, 0x00, 0x00, 0x9f, 0x9f, 0x00, 0x08, 0x9e, 0xa8, 0x00, 0xb3, 0x9f, 0xa8, 0x00, 0xff,
    0x9f, 0xa8, 0x00, 0xff, 0x9f, 0xa8, 0x00, 0xff, 0x9f, 0xa8, 0x00, 0xff, 0x9f, 0xa8, 0x00, 0xff,
    0x9f, 0xa8, 0x00, 0xff, 0x9f, 0xa8, 0x00, 0xff, 0x9f, 0xa8, 0x00, 0xff, 0x9f, 0xa8, 0x00, 0xff,
    0x9f, 0xa8, 0x00, 0xff, 0x9f, 0xa8, 0x00, 0xff, 0x9f, 0xa8, 0x00, 0xff, 0x9f, 0xa8, 0x00, 0xff,
    0x9f, 0xa8, 0x00, 0xff, 0x9f, 0xa8, 0x00, 0xff, 0x9f, 0xa8, 0x00, 0xff, 0x9f, 0xa8, 0x00, 0xff,
    0x9f, 0xa8, 0x00, 0xff, 0x9f, 0xa8, 0x00, 0xff, 0x9f, 0xa8, 0x00, 0xff, 0x9f, 0xa8, 0x00, 0xff,
    0x9f, 0xa8, 0x00, 0xff, 0x9f, 0xa8, 0x00, 0xff, 0x9f, 0xa8, 0x00, 0xff, 0x9f, 0xa8, 0x00, 0xff,
    0x9f, 0xa8, 0x00, 0xff, 0x9f, 0xa8, 0x00, 0xff, 0x9f, 0xa8, 0x00, 0xff, 0x9f, 0xa8, 0x00, 0xff,
    0x9f, 0xa8, 0x00, 0xff, 0x9f, 0xa8, 0x00, 0xff, 0x9f, 0xa8, 0x00, 0xff, 0x9f, 0xa8, 0x00, 0xff,
    0x9f, 0xa8, 0x00, 0xff, 0x9f, 0xa8, 0x00, 0xff, 0x9f, 0xa8, 0x00, 0xff, 0x9f, 0xa8, 0x00, 0xff,
    0x9f, 0xa8, 0x00, 0xff, 0x9f, 0xa8, 0x00, 0xff, 0x9f, 0xa8, 0x00, 0xff, 0x9f, 0xa8, 0x00, 0xff,
    0x9f, 0xa8, 0x00, 0xff, 0x9f, 0xa8, 0x00, 0xff, 0x9f, 0xa8, 0x00, 0xff, 0x9f, 0xa8, 0x00, 0xff,
    0x9f, 0xa8, 0x00, 0xff, 0x9f, 0xa8, 0x00, 0xff, 0x9f, 0xa8, 0x00, 0xff, 0x9f, 0xa8, 0x00, 0xff,
    0x9f, 0xa8, 0x00, 0xff, 0x9f, 0xa8, 0x00, 0xff, 0x9f, 0xa8, 0x00, 0xff, 0x9f, 0xa8, 0x00, 0xff,
    0x9f, 0xa8, 0x00, 0xff, 0x9f, 0xa8, 0x00, 0xff, 0x9f, 0xa8, 0x00, 0xff, 0x9f, 0xa8, 0x00, 0xff,
    0x9f, 0xa8, 0x00, 0xff, 0x9f, 0xa8, 0x00, 0xff, 0x9f, 0xa8, 0x00, 0xff, 0x9f, 0xa8, 0x00, 0xff,
    0x9f, 0xa8, 0x00, 0xff, 0x9f, 0xa8, 0x00, 0xff, 0x9f, 0xa8, 0x00, 0xff, 0x9f, 0xa8, 0x00, 0xff,
    0x9f, 0xa8, 0x00, 0xff, 0x9f, 0xa8, 0x00, 0xff, 0x9f, 0xa8, 0x00, 0xff, 0x9f, 0xa8, 0x00, 0xff,
    0x9f, 0xa8, 0x00, 0xff, 0x9f, 0xa8, 0x00, 0xff, 0x9f, 0xa8, 0x00, 0xff, 0x9f, 0xa8, 0x00, 0xff,
    0x9f, 0xa8, 0x00, 0xff, 0x9f, 0xa8, 0x00, 0xff, 0x9f, 0xa8, 0x00, 0xff, 0x9f, 0xa8, 0x00, 0xff,
    0x9f, 0xa8, 0x00, 0xff, 0x9f, 0xa8, 0x00, 0xff, 0x9f, 0xa8, 0x00, 0xff, 0x9f, 0xa8, 0x00, 0xff,
    0x9f, 0xa8, 0x00, 0xff, 0x9f, 0xa8, 0x00, 0xff, 0x9f, 0xa8, 0x00, 0xff, 0x9f, 0xa8, 0x00, 0xff,
    0x9f, 0xa8, 0x00, 0xff, 0x9f, 0xa8, 0x00, 0xff, 0x9f, 0xa8, 0x00, 0xff, 0x9f, 0xa8, 0x00, 0xff,
    0x9f, 0xa8, 0x00, 0xff, 0x9f, 0xa8, 0x00, 0xff, 0x9f, 0xa8, 0x00, 0xff, 0x9f, 0xa8, 0x00, 0xff,
    0x9f, 0xa8, 0x00, 0xff, 0x9f, 0xa8, 0x00, 0xff, 0x9f, 0xa8, 0x00, 0xff, 0x9f, 0xa8, 0x00, 0xff,
    0x9f, 0xa8, 0x00, 0xff, 0x9f, 0xa8, 0x00, 0xff, 0x9f, 0xa8, 0x00, 0xff, 0x9f, 0xa8, 0x00, 0xff,
    0x9f, 0xa8, 0x00, 0xff, 0x9f, 0xa8, 0x00, 0xff, 0x9f, 0xa8, 0x00, 0xff, 0x9f, 0xa8, 0x00, 0xff,
    0x9f, 0xa8, 0x00, 0xff, 0x9f, 0xa8, 0x00, 0xff, 0x9f, 0xa8, 0x00, 0xff, 0x9f, 0xa7, 0x00, 0xb7,
    0x9f, 0x9f, 0x00, 0x08, 0x00, 0x00, 0x00, 0x00, 0x00, 0x00, 0x00, 0x00, 0x00, 0x00, 0x00, 0x00,
    0x00, 0x00, 0x00, 0x00, 0x00, 0x00, 0x00, 0x00, 0x00, 0x00, 0x00, 0x00, 0x00, 0x00, 0x00, 0x00,
    0x00, 0x00, 0x00, 0x00, 0x00, 0x00, 0x00, 0x00, 0x00, 0x00, 0x00, 0x00, 0x00, 0x00, 0x00, 0x00,
    0x00, 0x00, 0x00, 0x00, 0x00, 0x00, 0x00, 0x00, 0x00, 0x00, 0x00, 0x00, 0x00, 0x00, 0x00, 0x00,
    0x00, 0x00, 0x00, 0x00, 0x00, 0x00, 0x00, 0x00, 0x9f, 0x9f, 0x00, 0x08, 0x9f, 0xa7, 0x00, 0xb7,
    0x9f, 0xa8, 0x00, 0xff, 0x9f, 0xa8, 0x00, 0xff, 0x9f, 0xa8, 0x00, 0xff, 0x9f, 0xa8, 0x00, 0xff,
    0x9f, 0xa8, 0x00, 0xff, 0x9f, 0xa8, 0x00, 0xff, 0x9f, 0xa8, 0x00, 0xff, 0x9f, 0xa8, 0x00, 0xff,
    0x9f, 0xa8, 0x00, 0xff, 0x9f, 0xa8, 0x00, 0xff, 0x9f, 0xa8, 0x00, 0xff, 0x9f, 0xa8, 0x00, 0xff,
    0x9f, 0xa8, 0x00, 0xff, 0x9f, 0xa8, 0x00, 0xff, 0x9f, 0xa8, 0x00, 0xff, 0x9f, 0xa8, 0x00, 0xff,
    0x9f, 0xa8, 0x00, 0xff, 0x9f, 0xa8, 0x00, 0xff, 0x9f, 0xa8, 0x00, 0xff, 0x9f, 0xa8, 0x00, 0xff,
    0x9f, 0xa8, 0x00, 0xff, 0x9f, 0xa8, 0x00, 0xff, 0x9f, 0xa8, 0x00, 0xff, 0x9f, 0xa8, 0x00, 0xff,
    0x9f, 0xa8, 0x00, 0xff, 0x9f, 0xa8, 0x00, 0xff, 0x9f, 0xa8, 0x00, 0xff, 0x9f, 0xa8, 0x00, 0xff,
    0x9f, 0xa8, 0x00, 0xff, 0x9f, 0xa8, 0x00, 0xff, 0x9f, 0xa8, 0x00, 0xff, 0x9f, 0xa8, 0x00, 0xff,
    0x9f, 0xa8, 0x00, 0xff, 0x9f, 0xa8, 0x00, 0xff, 0x9f, 0xa8, 0x00, 0xff, 0x9f, 0xa8, 0x00, 0xff,
    0x9f, 0xa8, 0x00, 0xff, 0x9f, 0xa8, 0x00, 0xff, 0x9f, 0xa8, 0x00, 0xff, 0x9f, 0xa8, 0x00, 0xff,
    0x9f, 0xa8, 0x00, 0xff, 0x9f, 0xa8, 0x00, 0xff, 0x9f, 0xa8, 0x00, 0xff, 0x9f, 0xa8, 0x00, 0xff,
    0x9f, 0xa8, 0x00, 0xff, 0x9f, 0xa8, 0x00, 0xff, 0x9f, 0xa8, 0x00, 0xff, 0x9f, 0xa8, 0x00, 0xff,
    0x9f, 0xa8, 0x00, 0xff, 0x9f, 0xa8, 0x00, 0xff, 0x9f, 0xa8, 0x00, 0xff, 0x9f, 0xa8, 0x00, 0xff,
    0x9f, 0xa8, 0x00, 0xff, 0x9f, 0xa8, 0x00, 0xff, 0x9f, 0xa8, 0x00, 0xff, 0x9f, 0xa8, 0x00, 0xff,
    0x9f, 0xa8, 0x00, 0xff, 0x9f, 0xa8, 0x00, 0xff, 0x9f, 0xa8, 0x00, 0xff, 0x9f, 0xa8, 0x00, 0xff,
    0x9f, 0xa8, 0x00, 0xff, 0x9f, 0xa8, 0x00, 0xff, 0x9f, 0xa8, 0x00, 0xff, 0x9f, 0xa8, 0x00, 0xff,
    0x9f, 0xa8, 0x00, 0xff, 0x9f, 0xa8, 0x00, 0xff, 0x9f, 0xa8, 0x00, 0xff, 0x9f, 0xa8, 0x00, 0xff,
    0x9f, 0xa8, 0x00, 0xff, 0x9f, 0xa8, 0x00, 0xff, 0x9f, 0xa8, 0x00, 0xff, 0x9f, 0xa8, 0x00, 0xff,
    0x9f, 0xa8, 0x00, 0xff, 0x9f, 0xa8, 0x00, 0xff, 0x9f, 0xa8, 0x00, 0xff, 0x9f, 0xa8, 0x00, 0xff,
    0x9f, 0xa8, 0x00, 0xff, 0x9f, 0xa8, 0x00, 0xff, 0x9f, 0xa8, 0x00, 0xff, 0x9f, 0xa8, 0x00, 0xff,
    0x9f, 0xa8, 0x00, 0xff, 0x9f, 0xa8, 0x00, 0xff, 0x9f, 0xa8, 0x00, 0xff, 0x9f, 0xa8, 0x00, 0xff,
    0x9f, 0xa8, 0x00, 0xff, 0x9f, 0xa8, 0x00, 0xff, 0x9f, 0xa8, 0x00, 0xff, 0x9f, 0xa8, 0x00, 0xff,
    0x9f, 0xa8, 0x00, 0xff, 0x9f, 0xa8, 0x00, 0xff, 0x9f, 0xa8, 0x00, 0xff, 0x9f, 0xa8, 0x00, 0xff,
    0x9f, 0xa8, 0x00, 0xff, 0x9f, 0xa8, 0x00, 0xff, 0x9f, 0xa8, 0x00, 0xff, 0x9f, 0xa8, 0x00, 0xff,
    0x9f, 0xa8, 0x00, 0xff, 0x9f, 0xa8, 0x00, 0xff, 0x9f, 0xa8, 0x00, 0xff, 0x9f, 0xa8, 0x00, 0xff,
    0x9f, 0xa8, 0x00, 0xff, 0x9f, 0xa8, 0x00, 0xff, 0x9f, 0xa8, 0x00, 0xff, 0x9f, 0xa8, 0x00, 0xff,
    0x9f, 0xa8, 0x00, 0xff, 0x9f, 0xa8, 0x00, 0xff, 0x9f, 0xa8, 0x00, 0xff, 0x9f, 0xa8, 0x00, 0xff,
    0x9f, 0xa8, 0x00, 0xff, 0x9f, 0xa8, 0x00, 0xff, 0x9f, 0xa7, 0x00, 0xb7, 0x9f, 0x9f, 0x00, 0x08,
    0x00, 0x00, 0x00, 0x00, 0x00, 0x00, 0x00, 0x00, 0x00, 0x00, 0x00, 0x00, 0x00, 0x00, 0x00, 0x00,
    0x00, 0x00, 0x00, 0x00, 0x00, 0x00, 0x00, 0x00, 0x00, 0x00, 0x00, 0x00, 0x00, 0x00, 0x00, 0x00,
    0x00, 0x00, 0x00, 0x00, 0x00, 0x00, 0x00, 0x00, 0x00, 0x00, 0x00, 0x00, 0x00, 0x00, 0x00, 0x00,
    0x00, 0x00, 0x00, 0x00, 0x00, 0x00, 0x00, 0x00, 0x00, 0x00, 0x00, 0x00, 0x80, 0x80, 0x00, 0x04,
    0x9f, 0xa7, 0x00, 0xb7, 0x9f, 0xa8, 0x00, 0xff, 0x9f, 0xa8, 0x00, 0xff, 0x9f, 0xa8, 0x00, 0xff,
    0x9f, 0xa8, 0x00, 0xff, 0x9f, 0xa8, 0x00, 0xff, 0x9f, 0xa8, 0x00, 0xff, 0x9f, 0xa8, 0x00, 0xff,
    0x9f, 0xa8, 0x00, 0xff, 0x9f, 0xa8, 0x00, 0xff, 0x9f, 0xa8, 0x00, 0xff, 0x9f, 0xa8, 0x00, 0xff,
    0x9f, 0xa8, 0x00, 0xff, 0x9f, 0xa8, 0x00, 0xff, 0x9f, 0xa8, 0x00, 0xff, 0x9f, 0xa8, 0x00, 0xff,
    0x9f, 0xa8, 0x00, 0xff, 0x9f, 0xa8, 0x00, 0xff, 0x9f, 0xa8, 0x00, 0xff, 0x9f, 0xa8, 0x00, 0xff,
    0x9f, 0xa8, 0x00, 0xff, 0x9f, 0xa8, 0x00, 0xff, 0x9f, 0xa8, 0x00, 0xff, 0x9f, 0xa8, 0x00, 0xff,
    0x9f, 0xa8, 0x00, 0xff, 0x9f, 0xa8, 0x00, 0xff, 0x9f, 0xa8, 0x00, 0xff, 0x9f, 0xa8, 0x00, 0xff,
    0x9f, 0xa8, 0x00, 0xff, 0x9f, 0xa8, 0x00, 0xff, 0x9f, 0xa8, 0x00, 0xff, 0x9f, 0xa8, 0x00, 0xff,
    0x9f, 0xa8, 0x00, 0xff, 0x9f, 0xa8, 0x00, 0xff, 0x9f, 0xa8, 0x00, 0xff, 0x9f, 0xa8, 0x00, 0xff,
    0x9f, 0xa8, 0x00, 0xff, 0x9f, 0xa8, 0x00, 0xff, 0x9f, 0xa8, 0x00, 0xff, 0x9f, 0xa8, 0x00, 0xff,
    0x9f, 0xa8, 0x00, 0xff, 0x9f, 0xa8, 0x00, 0xff, 0x9f, 0xa8, 0x00, 0xff, 0x9f, 0xa8, 0x00, 0xff,
    0x9f, 0xa8, 0x00, 0xff, 0x9f, 0xa8, 0x00, 0xff, 0x9f, 0xa8, 0x00, 0xff, 0x9f, 0xa8, 0x00, 0xff,
    0x9f, 0xa8, 0x00, 0xff, 0x9f, 0xa8, 0x00, 0xff, 0x9f, 0xa8, 0x00, 0xff, 0x9f, 0xa8, 0x00, 0xff,
    0x9f, 0xa8, 0x00, 0xff, 0x9f, 0xa8, 0x00, 0xff, 0x9f, 0xa8, 0x00, 0xff, 0x9f, 0xa8, 0x00, 0xff,
    0x9f, 0xa8, 0x00, 0xff, 0x9f, 0xa8, 0x00, 0xff, 0x9f, 0xa8, 0x00, 0xff, 0x9f, 0xa8, 0x00, 0xff,
    0x9f, 0xa8, 0x00, 0xff, 0x9f, 0xa8, 0x00, 0xff, 0x9f, 0xa8, 0x00, 0xff, 0x9f, 0xa8, 0x00, 0xff,
    0x9f, 0xa8, 0x00, 0xff, 0x9f, 0xa8, 0x00, 0xff, 0x9f, 0xa8, 0x00, 0xff, 0x9f, 0xa8, 0x00, 0xff,
    0x9f, 0xa8, 0x00, 0xff, 0x9f, 0xa8, 0x00, 0xff, 0x9f, 0xa8, 0x00, 0xff, 0x9f, 0xa8, 0x00, 0xff,
    0x9f, 0xa8, 0x00, 0xff, 0x9f, 0xa8, 0x00, 0xff, 0x9f, 0xa8, 0x00, 0xff, 0x9f, 0xa8, 0x00, 0xff,
    0x9f, 0xa8, 0x00, 0xff, 0x9f, 0xa8, 0x00, 0xff, 0x9f, 0xa8, 0x00, 0xff, 0x9f, 0xa8, 0x00, 0xff,
    0x9f, 0xa8, 0x00, 0xff, 0x9f, 0xa8, 0x00, 0xff, 0x9f, 0xa8, 0x00, 0xff, 0x9f, 0xa8, 0x00, 0xff,
    0x9f, 0xa8, 0x00, 0xff, 0x9f, 0xa8, 0x00, 0xff, 0x9f, 0xa8, 0x00, 0xff, 0x9f, 0xa8, 0x00, 0xff,
    0x9f, 0xa8, 0x00, 0xff, 0x9f, 0xa8, 0x00, 0xff, 0x9f, 0xa8, 0x00, 0xff, 0x9f, 0xa8, 0x00, 0xff,
    0x9f, 0xa8, 0x00, 0xff, 0x9f, 0xa8, 0x00, 0xff, 0x9f, 0xa8, 0x00, 0xff, 0x9f, 0xa8, 0x00, 0xff,
    0x9f, 0xa8, 0x00, 0xff, 0x9f, 0xa8, 0x00, 0xff, 0x9f, 0xa8, 0x00, 0xff, 0x9f, 0xa8, 0x00, 0xff,
    0x9f, 0xa8, 0x00, 0xff, 0x9f, 0xa8, 0x00, 0xff, 0x9f, 0xa8, 0x00, 0xff, 0x9f, 0xa8, 0x00, 0xff,
    0x9f, 0xa8, 0x00, 0xff, 0x9f, 0xa8, 0x00, 0xff, 0x9f, 0xa8, 0x00, 0xff, 0x9f, 0xa8, 0x00, 0xff,
    0x9f, 0xa8, 0x00, 0xff, 0x9f, 0xa8, 0x00, 0xff, 0x9f, 0xa8, 0x00, 0xff, 0x9f, 0xa8, 0x00, 0xff,
    0x9f, 0xa8, 0x00, 0xff, 0x9e, 0xa8, 0x00, 0xb3, 0x80, 0x80, 0x00, 0x04, 0x00, 0x00, 0x00, 0x00,
    0x00, 0x00, 0x00, 0x00, 0x00, 0x00, 0x00, 0x00, 0x00, 0x00, 0x00, 0x00, 0x00, 0x00, 0x00, 0x00,
    0x00, 0x00, 0x00, 0x00, 0x00, 0x00, 0x00, 0x00, 0x00, 0x00, 0x00, 0x00, 0x00, 0x00, 0x00, 0x00,
    0x00, 0x00, 0x00, 0x00, 0x00, 0x00, 0x00, 0x00, 0x00, 0x00, 0x00, 0x00, 0x00, 0x00, 0x00, 0x00,
    0x00, 0x00, 0x00, 0x00, 0x9e, 0xa9, 0x00, 0x8b, 0x9f, 0xa8, 0x00, 0xff, 0x9f, 0xa8, 0x00, 0xff,
    0x9f, 0xa8, 0x00, 0xff, 0x9f, 0xa8, 0x00, 0xff, 0x9f, 0xa8, 0x00, 0xff, 0x9f, 0xa8, 0x00, 0xff,
    0x9f, 0xa8, 0x00, 0xff, 0x9f, 0xa8, 0x00, 0xff, 0x9f, 0xa8, 0x00, 0xff, 0x9f, 0xa8, 0x00, 0xff,
    0x9f, 0xa8, 0x00, 0xff, 0x9f, 0xa8, 0x00, 0xff, 0x9f, 0xa8, 0x00, 0xff, 0x9f, 0xa8, 0x00, 0xff,
    0x9f, 0xa8, 0x00, 0xff, 0x9f, 0xa8, 0x00, 0xff, 0x9f, 0xa8, 0x00, 0xff, 0x9f, 0xa8, 0x00, 0xff,
    0x9f, 0xa8, 0x00, 0xff, 0x9f, 0xa8, 0x00, 0xff, 0x9f, 0xa8, 0x00, 0xff, 0x9f, 0xa8, 0x00, 0xff,
    0x9f, 0xa8, 0x00, 0xff, 0x9f, 0xa8, 0x00, 0xff, 0x9f, 0xa8, 0x00, 0xff, 0x9f, 0xa8, 0x00, 0xff,
    0x9f, 0xa8, 0x00, 0xff, 0x9f, 0xa8, 0x00, 0xff, 0x9f, 0xa8, 0x00, 0xff, 0x9f, 0xa8, 0x00, 0xff,
    0x9f, 0xa8, 0x00, 0xff, 0x9f, 0xa8, 0x00, 0xff, 0x9f, 0xa8, 0x00, 0xff, 0x9f, 0xa8, 0x00, 0xff,
    0x9f, 0xa8, 0x00, 0xff, 0x9f, 0xa8, 0x00, 0xff, 0x9f, 0xa8, 0x00, 0xff, 0x9f, 0xa8, 0x00, 0xff,
    0x9f, 0xa8, 0x00, 0xff, 0x9f, 0xa8, 0x00, 0xff, 0x9f, 0xa8, 0x00, 0xff, 0x9f, 0xa8, 0x00, 0xff,
    0x9f, 0xa8, 0x00, 0xff, 0x9f, 0xa8, 0x00, 0xff, 0x9f, 0xa8, 0x00, 0xff, 0x9f, 0xa8, 0x00, 0xff,
    0x9f, 0xa8, 0x00, 0xff, 0x9f, 0xa8, 0x00, 0xff, 0x9f, 0xa8, 0x00, 0xff, 0x9f, 0xa8, 0x00, 0xff,
    0x9f, 0xa8, 0x00, 0xff, 0x9f, 0xa8, 0x00, 0xff, 0x9f, 0xa8, 0x00, 0xff, 0x9f, 0xa8, 0x00, 0xff,
    0x9f, 0xa8, 0x00, 0xff, 0x9f, 0xa8, 0x00, 0xff, 0x9f, 0xa8, 0x00, 0xff, 0x9f, 0xa8, 0x00, 0xff,
    0x9f, 0xa8, 0x00, 0xff, 0x9f, 0xa8, 0x00, 0xff, 0x9f, 0xa8, 0x00, 0xff, 0x9f, 0xa8, 0x00, 0xff,
    0x9f, 0xa8, 0x00, 0xff, 0x9f, 0xa8, 0x00, 0xff, 0x9f, 0xa8, 0x00, 0xff, 0x9f, 0xa8, 0x00, 0xff,
    0x9f, 0xa8, 0x00, 0xff, 0x9f, 0xa8, 0x00, 0xff, 0x9f, 0xa8, 0x00, 0xff, 0x9f, 0xa8, 0x00, 0xff,
    0x9f, 0xa8, 0x00, 0xff, 0x9f, 0xa8, 0x00, 0xff, 0x9f, 0xa8, 0x00, 0xff, 0x9f, 0xa8, 0x00, 0xff,
    0x9f, 0xa8, 0x00, 0xff, 0x9f, 0xa8, 0x00, 0xff, 0x9f, 0xa8, 0x00, 0xff, 0x9f, 0xa8, 0x00, 0xff,
    0x9f, 0xa8, 0x00, 0xff, 0x9f, 0xa8, 0x00, 0xff, 0x9f, 0xa8, 0x00, 0xff, 0x9f, 0xa8, 0x00, 0xff,
    0x9f, 0xa8, 0x00, 0xff, 0x9f, 0xa8, 0x00, 0xff, 0x9f, 0xa8, 0x00, 0xff, 0x9f, 0xa8, 0x00, 0xff,
    0x9f, 0xa8, 0x00, 0xff, 0x9f, 0xa8, 0x00, 0xff, 0x9f, 0xa8, 0x00, 0xff, 0x9f, 0xa8, 0x00, 0xff,
    0x9f, 0xa8, 0x00, 0xff, 0x9f, 0xa8, 0x00, 0xff, 0x9f, 0xa8, 0x00, 0xff, 0x9f, 0xa8, 0x00, 0xff,
    0x9f, 0xa8, 0x00, 0xff, 0x9f, 0xa8, 0x00, 0xff, 0x9f, 0xa8, 0x00, 0xff, 0x9f, 0xa8, 0x00, 0xff,
    0x9f, 0xa8, 0x00, 0xff, 0x9f, 0xa8, 0x00, 0xff, 0x9f, 0xa8, 0x00, 0xff, 0x9f, 0xa8, 0x00, 0xff,
    0x9f, 0xa8, 0x00, 0xff, 0x9f, 0xa8, 0x00, 0xff, 0x9f, 0xa8, 0x00, 0xff, 0x9f, 0xa8, 0x00, 0xff,
    0x9f, 0xa8, 0x00, 0xff, 0x9f, 0xa8, 0x00, 0xff, 0x9f, 0xa8, 0x00, 0xff, 0x9f, 0xa8, 0x00, 0xff,
    0x9f, 0xa8, 0x00, 0xff, 0x9f, 0xa8, 0x00, 0xff, 0x9f, 0xa8, 0x00, 0xff, 0x9f, 0xa8, 0x00, 0xff,
    0x9f, 0xa8, 0x00, 0x8f, 0x00, 0x00, 0x00, 0x00, 0x00, 0x00, 0x00, 0x00, 0x00, 0x00, 0x00, 0x00,
    0x00, 0x00, 0x00, 0x00, 0x00, 0x00, 0x00, 0x00, 0x00, 0x00, 0x00, 0x00, 0x00, 0x00, 0x00, 0x00,
    0x00, 0x00, 0x00, 0x00, 0x00, 0x00, 0x00, 0x00, 0x00, 0x00, 0x00, 0x00, 0x00, 0x00, 0x00, 0x00,
    0x00, 0x00, 0x00, 0x00, 0x00, 0x00, 0x00, 0x00, 0x9e, 0xa9, 0x00, 0x5f, 0x9f, 0xa8, 0x00, 0xff,
    0x9f, 0xa8, 0x00, 0xff, 0x9f, 0xa8, 0x00, 0xff, 0x9f, 0xa8, 0x00, 0xff, 0x9f, 0xa8, 0x00, 0xff,
    0x9f, 0xa8, 0x00, 0xff, 0x9f, 0xa8, 0x00, 0xff, 0x9f, 0xa8, 0x00, 0xff, 0x9f, 0xa8, 0x00, 0xff,
    0x9f, 0xa8, 0x00, 0xff, 0x9f, 0xa8, 0x00, 0xff, 0x9f, 0xa8, 0x00, 0xff, 0x9f, 0xa8, 0x00, 0xff,
    0x9f, 0xa8, 0x00, 0xff, 0x9f, 0xa8, 0x00, 0xff, 0x9f, 0xa8, 0x00, 0xff, 0x9f, 0xa8, 0x00, 0xff,
    0x9f, 0xa8, 0x00, 0xff, 0x9f, 0xa8, 0x00, 0xff, 0x9f, 0xa8, 0x00, 0xff, 0x9f, 0xa8, 0x00, 0xff,
    0x9f, 0xa8, 0x00, 0xff, 0x9f, 0xa8, 0x00, 0xff, 0x9f, 0xa8, 0x00, 0xff, 0x9f, 0xa8, 0x00, 0xff,
    0x9f, 0xa8, 0x00, 0xff, 0x9f, 0xa8, 0x00, 0xff, 0x9f, 0xa8, 0x00, 0xff, 0x9f, 0xa8, 0x00, 0xff,
    0x9f, 0xa8, 0x00, 0xff, 0x9f, 0xa8, 0x00, 0xff, 0x9f, 0xa8, 0x00, 0xff, 0x9f, 0xa8, 0x00, 0xff,
    0x9f, 0xa8, 0x00, 0xff, 0x9f, 0xa8, 0x00, 0xff, 0x9f, 0xa8, 0x00, 0xff, 0x9f, 0xa8, 0x00, 0xff,
    0x9f, 0xa8, 0x00, 0xff, 0x9f, 0xa8, 0x00, 0xff, 0x9f, 0xa8, 0x00, 0xff, 0x9f, 0xa8, 0x00, 0xff,
    0x9f, 0xa8, 0x00, 0xff, 0x9f, 0xa8, 0x00, 0xff, 0x9f, 0xa8, 0x00, 0xff, 0x9f, 0xa8, 0x00, 0xff,
    0x9f, 0xa8, 0x00, 0xff, 0x9f, 0xa8, 0x00, 0xff, 0x9f, 0xa8, 0x00, 0xff, 0x9f, 0xa8, 0x00, 0xff,
    0x9f, 0xa8, 0x00, 0xff, 0x9f, 0xa8, 0x00, 0xff, 0x9f, 0xa8, 0x00, 0xff, 0x9f, 0xa8, 0x00, 0xff,
    0x9f, 0xa8, 0x00, 0xff, 0x9f, 0xa8, 0x00, 0xff, 0x9f, 0xa8, 0x00, 0xff, 0x9f, 0xa8, 0x00, 0xff,
    0x9f, 0xa8, 0x00, 0xff, 0x9f, 0xa8, 0x00, 0xff, 0x9f, 0xa8, 0x00, 0xff, 0x9f, 0xa8, 0x00, 0xff,
    0x9f, 0xa8, 0x00, 0xff, 0x9f, 0xa8, 0x00, 0xff, 0x9f, 0xa8, 0x00, 0xff, 0x9f, 0xa8, 0x00, 0xff,
    0x9f, 0xa8, 0x00, 0xff, 0x9f, 0xa8, 0x00, 0xff, 0x9f, 0xa8, 0x00, 0xff, 0x9f, 0xa8, 0x00, 0xff,
    0x9f, 0xa8, 0x00, 0xff, 0x9f, 0xa8, 0x00, 0xff, 0x9f, 0xa8, 0x00, 0xff, 0x9f, 0xa8, 0x00, 0xff,
    0x9f, 0xa8, 0x00, 0xff, 0x9f, 0xa8, 0x00, 0xff, 0x9f, 0xa8, 0x00, 0xff, 0x9f, 0xa8, 0x00, 0xff,
    0x9f, 0xa8, 0x00, 0xff, 0x9f, 0xa8, 0x00, 0xff, 0x9f, 0xa8, 0x00, 0xff, 0x9f, 0xa8, 0x00, 0xff,
    0x9f, 0xa8, 0x00, 0xff, 0x9f, 0xa8, 0x00, 0xff, 0x9f, 0xa8, 0x00, 0xff, 0x9f, 0xa8, 0x00, 0xff,
    0x9f, 0xa8, 0x00, 0xff, 0x9f, 0xa8, 0x00, 0xff, 0x9f, 0xa8, 0x00, 0xff, 0x9f, 0xa8, 0x00, 0xff,
    0x9f, 0xa8, 0x00, 0xff, 0x9f, 0xa8, 0x00, 0xff, 0x9f, 0xa8, 0x00, 0xff, 0x9f, 0xa8, 0x00, 0xff,
    0x9f, 0xa8, 0x00, 0xff, 0x9f, 0xa8, 0x00, 0xff, 0x9f, 0xa8, 0x00, 0xff, 0x9f, 0xa8, 0x00, 0xff,
    0x9f, 0xa8, 0x00, 0xff, 0x9f, 0xa8, 0x00, 0xff, 0x9f, 0xa8, 0x00, 0xff, 0x9f, 0xa8, 0x00, 0xff,
    0x9f, 0xa8, 0x00, 0xff, 0x9f, 0xa8, 0x00, 0xff, 0x9f, 0xa8, 0x00, 0xff, 0x9f, 0xa8, 0x00, 0xff,
    0x9f, 0xa8, 0x00, 0xff, 0x9f, 0xa8, 0x00, 0xff, 0x9f, 0xa8, 0x00, 0xff, 0x9f, 0xa8, 0x00, 0xff,
    0x9f, 0xa8, 0x00, 0xff, 0x9f, 0xa8, 0x00, 0xff, 0x9f, 0xa8, 0x00, 0xff, 0x9f, 0xa8, 0x00, 0xff,
    0x9f, 0xa8, 0x00, 0xff, 0x9f, 0xa8, 0x00, 0xff, 0x9f, 0xa8, 0x00, 0xff, 0xa0, 0xa8, 0x00, 0x5b,
    0x00, 0x00, 0x00, 0x00, 0x00, 0x00, 0x00, 0x00, 0x00, 0x00, 0x00, 0x00, 0x00, 0x00, 0x00, 0x00,
    0x00, 0x00, 0x00, 0x00, 0x00, 0x00, 0x00, 0x00, 0x00, 0x00, 0x00, 0x00, 0x00, 0x00, 0x00, 0x00,
    0x00, 0x00, 0x00, 0x00, 0x00, 0x00, 0x00, 0x00, 0x00, 0x00, 0x00, 0x00, 0xa0, 0xa8, 0x00, 0x23,
    0x9f, 0xa7, 0x00, 0xf7, 0x9f, 0xa8, 0x00, 0xff, 0x9f, 0xa8, 0x00, 0xff, 0x9f, 0xa8, 0x00, 0xff,
    0x9f, 0xa8, 0x00, 0xff, 0x9f, 0xa8, 0x00, 0xff, 0x9f, 0xa8, 0x00, 0xff, 0x9f, 0xa8, 0x00, 0xff,
    0x9f, 0xa8, 0x00, 0xff, 0x9f, 0xa8, 0x00, 0xff, 0x9f, 0xa8, 0x00, 0xff, 0x9f, 0xa8, 0x00, 0xff,
    0x9f, 0xa8, 0x00, 0xff, 0x9f, 0xa8, 0x00, 0xff, 0x9f, 0xa8, 0x00, 0xff, 0x9f, 0xa8, 0x00, 0xff,
    0x9f, 0xa8, 0x00, 0xff, 0x9f, 0xa8, 0x00, 0xff, 0x9f, 0xa8, 0x00, 0xff, 0x9f, 0xa8, 0x00, 0xff,
    0x9f, 0xa8, 0x00, 0xff, 0x9f, 0xa8, 0x00, 0xff, 0x9f, 0xa8, 0x00, 0xff, 0x9f, 0xa8, 0x00, 0xff,
    0x9f, 0xa8, 0x00, 0xff, 0x9f, 0xa8, 0x00, 0xff, 0x9f, 0xa8, 0x00, 0xff, 0x9f, 0xa8, 0x00, 0xff,
    0x9f, 0xa8, 0x00, 0xff, 0x9f, 0xa8, 0x00, 0xff, 0x9f, 0xa8, 0x00, 0xff, 0x9f, 0xa8, 0x00, 0xff,
    0x9f, 0xa8, 0x00, 0xff, 0x9f, 0xa8, 0x00, 0xff, 0x9f, 0xa8, 0x00, 0xff, 0x9f, 0xa8, 0x00, 0xff,
    0x9f, 0xa8, 0x00, 0xff, 0x9f, 0xa8, 0x00, 0xff, 0x9f, 0xa8, 0x00, 0xff, 0x9f, 0xa8, 0x00, 0xff,
    0x9f, 0xa8, 0x00, 0xff, 0x9f, 0xa8, 0x00, 0xff, 0x9f, 0xa8, 0x00, 0xff, 0x9f, 0xa8, 0x00, 0xff,
    0x9f, 0xa8, 0x00, 0xff, 0x9f, 0xa8, 0x00, 0xff, 0x9f, 0xa8, 0x00, 0xff, 0x9f, 0xa8, 0x00, 0xff,
    0x9f, 0xa8, 0x00, 0xff, 0x9f, 0xa8, 0x00, 0xff, 0x9f, 0xa8, 0x00, 0xff, 0x9f, 0xa8, 0x00, 0xff,
    0x9f, 0xa8, 0x00, 0xff, 0x9f, 0xa8, 0x00, 0xff, 0x9f, 0xa8, 0x00, 0xff, 0x9f, 0xa8, 0x00, 0xff,
    0x9f, 0xa8, 0x00, 0xff, 0x9f, 0xa8, 0x00, 0xff, 0x9f, 0xa8, 0x00, 0xff, 0x9f, 0xa8, 0x00, 0xff,
    0x9f, 0xa8, 0x00, 0xff, 0x9f, 0xa8, 0x00, 0xff, 0x9f, 0xa8, 0x00, 0xff, 0x9f, 0xa8, 0x00, 0xff,
    0x9f, 0xa8, 0x00, 0xff, 0x9f, 0xa8, 0x00, 0xff, 0x9f, 0xa8, 0x00, 0xff, 0x9f, 0xa8, 0x00, 0xff,
    0x9f, 0xa8, 0x00, 0xff, 0x9f, 0xa8, 0x00, 0xff, 0x9f, 0xa8, 0x00, 0xff, 0x9f, 0xa8, 0x00, 0xff,
    0x9f, 0xa8, 0x00, 0xff, 0x9f, 0xa8, 0x00, 0xff, 0x9f, 0xa8, 0x00, 0xff, 0x9f, 0xa8, 0x00, 0xff,
    0x9f, 0xa8, 0x00, 0xff, 0x9f, 0xa8, 0x00, 0xff, 0x9f, 0xa8, 0x00, 0xff, 0x9f, 0xa8, 0x00, 0xff,
    0x9f, 0xa8, 0x00, 0xff, 0x9f, 0xa8, 0x00, 0xff, 0x9f, 0xa8, 0x00, 0xff, 0x9f, 0xa8, 0x00, 0xff,
    0x9f, 0xa8, 0x00, 0xff, 0x9f, 0xa8, 0x00, 0xff, 0x9f, 0xa8, 0x00, 0xff, 0x9f, 0xa8, 0x00, 0xff,
    0x9f, 0xa8, 0x00, 0xff, 0x9f, 0xa8, 0x00, 0xff, 0x9f, 0xa8, 0x00, 0xff, 0x9f, 0xa8, 0x00, 0xff,
    0x9f, 0xa8, 0x00, 0xff, 0x9f, 0xa8, 0x00, 0xff, 0x9f, 0xa8, 0x00, 0xff, 0x9f, 0xa8, 0x00, 0xff,
    0x9f, 0xa8, 0x00, 0xff, 0x9f, 0xa8, 0x00, 0xff, 0x9f, 0xa8, 0x00, 0xff, 0x9f, 0xa8, 0x00, 0xff,
    0x9f, 0xa8, 0x00, 0xff, 0x9f, 0xa8, 0x00, 0xff, 0x9f, 0xa8, 0x00, 0xff, 0x9f, 0xa8, 0x00, 0xff,
    0x9f, 0xa8, 0x00, 0xff, 0x9f, 0xa8, 0x00, 0xff, 0x9f, 0xa8, 0x00, 0xff, 0x9f, 0xa8, 0x00, 0xff,
    0x9f, 0xa8, 0x00, 0xff, 0x9f, 0xa8, 0x00, 0xff, 0x9f, 0xa8, 0x00, 0xff, 0x9f, 0xa8, 0x00, 0xff,
    0x9f, 0xa8, 0x00, 0xff, 0x9f, 0xa8, 0x00, 0xff, 0x9f, 0xa8, 0x00, 0xff, 0x9f, 0xa8, 0x00, 0xff,
    0x9f, 0xa8, 0x00, 0xff, 0x9f, 0xa7, 0x00, 0xf7, 0x9d, 0xaa, 0x00, 0x27, 0x00, 0x00, 0x00, 0x00,
    0x00, 0x00, 0x00, 0x00, 0x00, 0x00, 0x00, 0x00, 0x00, 0x00, 0x00, 0x00, 0x00, 0x00, 0x00, 0x00,
    0x00, 0x00, 0x00, 0x00, 0x00, 0x00, 0x00, 0x00, 0x00, 0x00, 0x00, 0x00, 0x00, 0x00, 0x00, 0x00,
    0x00, 0x00, 0x00, 0x00, 0x9f, 0xa8, 0x00, 0xc7, 0x9f, 0xa8, 0x00, 0xff, 0x9f, 0xa8, 0x00, 0xff,
    0x9f, 0xa8, 0x00, 0xff, 0x9f, 0xa8, 0x00, 0xff, 0x9f, 0xa8, 0x00, 0xff, 0x9f, 0xa8, 0x00, 0xff,
    0x9f, 0xa8, 0x00, 0xff, 0x9f, 0xa8, 0x00, 0xff, 0x9f, 0xa8, 0x00, 0xff, 0x9f, 0xa8, 0x00, 0xff,
    0x9f, 0xa8, 0x00, 0xff, 0x9f, 0xa8, 0x00, 0xff, 0x9f, 0xa8, 0x00, 0xff, 0x9f, 0xa8, 0x00, 0xff,
    0x9f, 0xa8, 0x00, 0xff, 0x9f, 0xa8, 0x00, 0xff, 0x9f, 0xa8, 0x00, 0xff, 0x9f, 0xa8, 0x00, 0xff,
    0x9f, 0xa8, 0x00, 0xff, 0x9f, 0xa8, 0x00, 0xff, 0x9f, 0xa8, 0x00, 0xff, 0x9f, 0xa8, 0x00, 0xff,
    0x9f, 0xa8, 0x00, 0xff, 0x9f, 0xa8, 0x00, 0xff, 0x9f, 0xa8, 0x00, 0xff, 0x9f, 0xa8, 0x00, 0xff,
    0x9f, 0xa8, 0x00, 0xff, 0x9f, 0xa8, 0x00, 0xff, 0x9f, 0xa8, 0x00, 0xff, 0x9f, 0xa8, 0x00, 0xff,
    0x9f, 0xa8, 0x00, 0xff, 0x9f, 0xa8, 0x00, 0xff, 0x9f, 0xa8, 0x00, 0xff, 0x9f, 0xa8, 0x00, 0xff,
    0x9f, 0xa8, 0x00, 0xff, 0x9f, 0xa8, 0x00, 0xff, 0x9f, 0xa8, 0x00, 0xff, 0x9f, 0xa8, 0x00, 0xff,
    0x9f, 0xa8, 0x00, 0xff, 0x9f, 0xa8, 0x00, 0xff, 0x9f, 0xa8, 0x00, 0xff, 0x9f, 0xa8, 0x00, 0xff,
    0x9f, 0xa8, 0x00, 0xff, 0x9f, 0xa8, 0x00, 0xff, 0x9f, 0xa8, 0x00, 0xff, 0x9f, 0xa8, 0x00, 0xff,
    0x9f, 0xa8, 0x00, 0xff, 0x9f, 0xa8, 0x00, 0xff, 0x9f, 0xa8, 0x00, 0xff, 0x9f, 0xa8, 0x00, 0xff,
    0x9f, 0xa8, 0x00, 0xff, 0x9f, 0xa8, 0x00, 0xff, 0x9f, 0xa8, 0x00, 0xff, 0x9f, 0xa8, 0x00, 0xff,
    0x9f, 0xa8, 0x00, 0xff, 0x9f, 0xa8, 0x00, 0xff, 0x9f, 0xa8, 0x00, 0xff, 0x9f, 0xa8, 0x00, 0xff,
    0x9f, 0xa8, 0x00, 0xff, 0x9f, 0xa8, 0x00, 0xff, 0x9f, 0xa8, 0x00, 0xff, 0x9f, 0xa8, 0x00, 0xff,
    0x9f, 0xa8, 0x00, 0xff, 0x9f, 0xa8, 0x00, 0xff, 0x9f, 0xa8, 0x00, 0xff, 0x9f, 0xa8, 0x00, 0xff,
    0x9f, 0xa8, 0x00, 0xff, 0x9f, 0xa8, 0x00, 0xff, 0x9f, 0xa8, 0x00, 0xff, 0x9f, 0xa8, 0x00, 0xff,
    0x9f, 0xa8, 0x00, 0xff, 0x9f, 0xa8, 0x00, 0xff, 0x9f, 0xa8, 0x00, 0xff, 0x9f, 0xa8, 0x00, 0xff,
    0x9f, 0xa8, 0x00, 0xff, 0x9f, 0xa8, 0x00, 0xff, 0x9f, 0xa8, 0x00, 0xff, 0x9f, 0xa8, 0x00, 0xff,
    0x9f, 0xa8, 0x00, 0xff, 0x9f, 0xa8, 0x00, 0xff, 0x9f, 0xa8, 0x00, 0xff, 0x9f, 0xa8, 0x00, 0xff,
    0x9f, 0xa8, 0x00, 0xff, 0x9f, 0xa8, 0x00, 0xff, 0x9f, 0xa8, 0x00, 0xff, 0x9f, 0xa8, 0x00, 0xff,
    0x9f, 0xa8, 0x00, 0xff, 0x9f, 0xa8, 0x00, 0xff, 0x9f, 0xa8, 0x00, 0xff, 0x9f, 0xa8, 0x00, 0xff,
    0x9f, 0xa8, 0x00, 0xff, 0x9f, 0xa8, 0x00, 0xff, 0x9f, 0xa8, 0x00, 0xff, 0x9f, 0xa8, 0x00, 0xff,
    0x9f, 0xa8, 0x00, 0xff, 0x9f, 0xa8, 0x00, 0xff, 0x9f, 0xa8, 0x00, 0xff, 0x9f, 0xa8, 0x00, 0xff,
    0x9f, 0xa8, 0x00, 0xff, 0x9f, 0xa8, 0x00, 0xff, 0x9f, 0xa8, 0x00, 0xff, 0x9f, 0xa8, 0x00, 0xff,
    0x9f, 0xa8, 0x00, 0xff, 0x9f, 0xa8, 0x00, 0xff, 0x9f, 0xa8, 0x00, 0xff, 0x9f, 0xa8, 0x00, 0xff,
    0x9f, 0xa8, 0x00, 0xff, 0x9f, 0xa8, 0x00, 0xff, 0x9f, 0xa8, 0x00, 0xff, 0x9f, 0xa8, 0x00, 0xff,
    0x9f, 0xa8, 0x00, 0xff, 0x9f, 0xa8, 0x00, 0xff, 0x9f, 0xa8, 0x00, 0xff, 0x9f, 0xa8, 0x00, 0xff,
    0x9f, 0xa8, 0x00, 0xff, 0x9f, 0xa8, 0x00, 0xff, 0x9f, 0xa8, 0x00, 0xff, 0x9f, 0xa8, 0x00, 0xff,
    0x9f, 0xa8, 0x00, 0xc7, 0x80, 0x80, 0x00, 0x04, 0x00, 0x00, 0x00, 0x00, 0x00, 0x00, 0x00, 0x00,
    0x00, 0x00, 0x00, 0x00, 0x00, 0x00, 0x00, 0x00, 0x00, 0x00, 0x00, 0x00, 0x00, 0x00, 0x00, 0x00,
    0x00, 0x00, 0x00, 0x00, 0x00, 0x00, 0x00, 0x00, 0x9e, 0xa8, 0x00, 0x67, 0x9f, 0xa8, 0x00, 0xff,
    0x9f, 0xa8, 0x00, 0xff, 0x9f, 0xa8, 0x00, 0xff, 0x9f, 0xa8, 0x00, 0xff, 0x9f, 0xa8, 0x00, 0xff,
    0x9f, 0xa8, 0x00, 0xff, 0x9f, 0xa8, 0x00, 0xff, 0x9f, 0xa8, 0x00, 0xff, 0x9f, 0xa8, 0x00, 0xff,
    0x9f, 0xa8, 0x00, 0xff, 0x9f, 0xa8, 0x00, 0xff, 0x9f, 0xa8, 0x00, 0xff, 0x9f, 0xa8, 0x00, 0xff,
    0x9f, 0xa8, 0x00, 0xff, 0x9f, 0xa8, 0x00, 0xff, 0x9f, 0xa8, 0x00, 0xff, 0x9f, 0xa8, 0x00, 0xff,
    0x9f, 0xa8, 0x00, 0xff, 0x9f, 0xa8, 0x00, 0xff, 0x9f, 0xa8, 0x00, 0xff, 0x9f, 0xa8, 0x00, 0xff,
    0x9f, 0xa8, 0x00, 0xff, 0x9f, 0xa8, 0x00, 0xff, 0x9f, 0xa8, 0x00, 0xff, 0x9f, 0xa8, 0x00, 0xff,
    0x9f, 0xa8, 0x00, 0xff, 0x9f, 0xa8, 0x00, 0xff, 0x9f, 0xa8, 0x00, 0xff, 0x9f, 0xa8, 0x00, 0xff,
    0x9f, 0xa8, 0x00, 0xff, 0x9f, 0xa8, 0x00, 0xff, 0x9f, 0xa8, 0x00, 0xff, 0x9f, 0xa8, 0x00, 0xff,
    0x9f, 0xa8, 0x00, 0xff, 0x9f, 0xa8, 0x00, 0xff, 0x9f, 0xa8, 0x00, 0xff, 0x9f, 0xa8, 0x00, 0xff,
    0x9f, 0xa8, 0x00, 0xff, 0x9f, 0xa8, 0x00, 0xff, 0x9f, 0xa8, 0x00, 0xff, 0x9f, 0xa8, 0x00, 0xff,
    0x9f, 0xa8, 0x00, 0xff, 0x9f, 0xa8, 0x00, 0xff, 0x9f, 0xa8, 0x00, 0xff, 0x9f, 0xa8, 0x00, 0xff,
    0x9f, 0xa8, 0x00, 0xff, 0x9f, 0xa8, 0x00, 0xff, 0x9f, 0xa8, 0x00, 0xff, 0x9f, 0xa8, 0x00, 0xff,
    0x9f, 0xa8, 0x00, 0xff, 0x9f, 0xa8, 0x00, 0xff, 0x9f, 0xa8, 0x00, 0xff, 0x9f, 0xa8, 0x00, 0xff,
    0x9f, 0xa8, 0x00, 0xff, 0x9f, 0xa8, 0x00, 0xff, 0x9f, 0xa8, 0x00, 0xff, 0x9f, 0xa8, 0x00, 0xff,
    0x9f, 0xa8, 0x00, 0xff, 0x9f, 0xa8, 0x00, 0xff, 0x9f, 0xa8, 0x00, 0xff, 0x9f, 0xa8, 0x00, 0xff,
    0x9f, 0xa8, 0x00, 0xff, 0x9f, 0xa8, 0x00, 0xff, 0x9f, 0xa8, 0x00, 0xff, 0x9f, 0xa8, 0x00, 0xff,
    0x9f, 0xa8, 0x00, 0xff, 0x9f, 0xa8, 0x00, 0xff, 0x9f, 0xa8, 0x00, 0xff, 0x9f, 0xa8, 0x00, 0xff,
    0x9f, 0xa8, 0x00, 0xff, 0x9f, 0xa8, 0x00, 0xff, 0x9f, 0xa8, 0x00, 0xff, 0x9f, 0xa8, 0x00, 0xff,
    0x9f, 0xa8, 0x00, 0xff, 0x9f, 0xa8, 0x00, 0xff, 0x9f, 0xa8, 0x00, 0xff, 0x9f, 0xa8, 0x00, 0xff,
    0x9f, 0xa8, 0x00, 0xff, 0x9f, 0xa8, 0x00, 0xff, 0x9f, 0xa8, 0x00, 0xff, 0x9f, 0xa8, 0x00, 0xff,
    0x9f, 0xa8, 0x00, 0xff, 0x9f, 0xa8, 0x00, 0xff, 0x9f, 0xa8, 0x00, 0xff, 0x9f, 0xa8, 0x00, 0xff,
    0x9f, 0xa8, 0x00, 0xff, 0x9f, 0xa8, 0x00, 0xff, 0x9f, 0xa8, 0x00, 0xff, 0x9f, 0xa8, 0x00, 0xff,
    0x9f, 0xa8, 0x00, 0xff, 0x9f, 0xa8, 0x00, 0xff, 0x9f, 0xa8, 0x00, 0xff, 0x9f, 0xa8, 0x00, 0xff,
    0x9f, 0xa8, 0x00, 0xff, 0x9f, 0xa8, 0x00, 0xff, 0x9f, 0xa8, 0x00, 0xff, 0x9f, 0xa8, 0x00, 0xff,
    0x9f, 0xa8, 0x00, 0xff, 0x9f, 0xa8, 0x00, 0xff, 0x9f, 0xa8, 0x00, 0xff, 0x9f, 0xa8, 0x00, 0xff,
    0x9f, 0xa8, 0x00, 0xff, 0x9f, 0xa8, 0x00, 0xff, 0x9f, 0xa8, 0x00, 0xff, 0x9f, 0xa8, 0x00, 0xff,
    0x9f, 0xa8, 0x00, 0xff, 0x9f, 0xa8, 0x00, 0xff, 0x9f, 0xa8, 0x00, 0xff, 0x9f, 0xa8, 0x00, 0xff,
    0x9f, 0xa8, 0x00, 0xff, 0x9f, 0xa8, 0x00, 0xff, 0x9f, 0xa8, 0x00, 0xff, 0x9f, 0xa8, 0x00, 0xff,
    0x9f, 0xa8, 0x00, 0xff, 0x9f, 0xa8, 0x00, 0xff, 0x9f, 0xa8, 0x00, 0xff, 0x9f, 0xa8, 0x00, 0xff,
    0x9f, 0xa8, 0x00, 0xff, 0x9f, 0xa8, 0x00, 0xff, 0x9f, 0xa8, 0x00, 0xff, 0x9e, 0xa8, 0x00, 0x67,
    0x00, 0x00, 0x00, 0x00, 0x00, 0x00, 0x00, 0x00, 0x00, 0x00, 0x00, 0x00, 0x00, 0x00, 0x00, 0x00,
    0x00, 0x00, 0x00, 0x00, 0x00, 0x00, 0x00, 0x00, 0x00, 0x00, 0x00, 0x00, 0x9f, 0x9f, 0x00, 0x10,
    0x9f, 0xa8, 0x00, 0xe7, 0x9f, 0xa8, 0x00, 0xff, 0x9f, 0xa8, 0x00, 0xff, 0x9f, 0xa8, 0x00, 0xff,
    0x9f, 0xa8, 0x00, 0xff, 0x9f, 0xa8, 0x00, 0xff, 0x9f, 0xa8, 0x00, 0xff, 0x9f, 0xa8, 0x00, 0xff,
    0x9f, 0xa8, 0x00, 0xff, 0x9f, 0xa8, 0x00, 0xff, 0x9f, 0xa8, 0x00, 0xff, 0x9f, 0xa8, 0x00, 0xff,
    0x9f, 0xa8, 0x00, 0xff, 0x9f, 0xa8, 0x00, 0xff, 0x9f, 0xa8, 0x00, 0xff, 0x9f, 0xa8, 0x00, 0xff,
    0x9f, 0xa8, 0x00, 0xff, 0x9f, 0xa8, 0x00, 0xff, 0x9f, 0xa8, 0x00, 0xff, 0x9f, 0xa8, 0x00, 0xff,
    0x9f, 0xa8, 0x00, 0xff, 0x9f, 0xa8, 0x00, 0xff, 0x9f, 0xa8, 0x00, 0xff, 0x9f, 0xa8, 0x00, 0xff,
    0x9f, 0xa8, 0x00, 0xff, 0x9f, 0xa8, 0x00, 0xff, 0x9f, 0xa8, 0x00, 0xff, 0x9f, 0xa8, 0x00, 0xff,
    0x9f, 0xa8, 0x00, 0xff, 0x9f, 0xa8, 0x00, 0xff, 0x9f, 0xa8, 0x00, 0xff, 0x9f, 0xa8, 0x00, 0xff,
    0x9f, 0xa8, 0x00, 0xff, 0x9f, 0xa8, 0x00, 0xff, 0x9f, 0xa8, 0x00, 0xff, 0x9f, 0xa8, 0x00, 0xff,
    0x9f, 0xa8, 0x00, 0xff, 0x9f, 0xa8, 0x00, 0xff, 0x9f, 0xa8, 0x00, 0xff, 0x9f, 0xa8, 0x00, 0xff,
    0x9f, 0xa8, 0x00, 0xff, 0x9f, 0xa8, 0x00, 0xff, 0x9f, 0xa8, 0x00, 0xff, 0x9f, 0xa8, 0x00, 0xff,
    0x9f, 0xa8, 0x00, 0xff, 0x9f, 0xa8, 0x00, 0xff, 0x9f, 0xa8, 0x00, 0xff, 0x9f, 0xa8, 0x00, 0xff,
    0x9f, 0xa8, 0x00, 0xff, 0x9f, 0xa8, 0x00, 0xff, 0x9f, 0xa8, 0x00, 0xff, 0x9f, 0xa8, 0x00, 0xff,
    0x9f, 0xa8, 0x00, 0xff, 0x9f, 0xa8, 0x00, 0xff, 0x9f, 0xa8, 0x00, 0xff, 0x9f, 0xa8, 0x00, 0xff,
    0x9f, 0xa8, 0x00, 0xff, 0x9f, 0xa8, 0x00, 0xff, 0x9f, 0xa8, 0x00, 0xff, 0x9f, 0xa8, 0x00, 0xff,
    0x9f, 0xa8, 0x00, 0xff, 0x9f, 0xa8, 0x00, 0xff, 0x9f, 0xa8, 0x00, 0xff, 0x9f, 0xa8, 0x00, 0xff,
    0x9f, 0xa8, 0x00, 0xff, 0x9f, 0xa8, 0x00, 0xff, 0x9f, 0xa8, 0x00, 0xff, 0x9f, 0xa8, 0x00, 0xff,
    0x9f, 0xa8, 0x00, 0xff, 0x9f, 0xa8, 0x00, 0xff, 0x9f, 0xa8, 0x00, 0xff, 0x9f, 0xa8, 0x00, 0xff,
    0x9f, 0xa8, 0x00, 0xff, 0x9f, 0xa8, 0x00, 0xff, 0x9f, 0xa8, 0x00, 0xff, 0x9f, 0xa8, 0x00, 0xff,
    0x9f, 0xa8, 0x00, 0xff, 0x9f, 0xa8, 0x00, 0xff, 0x9f, 0xa8, 0x00, 0xff, 0x9f, 0xa8, 0x00, 0xff,
    0x9f, 0xa8, 0x00, 0xff, 0x9f, 0xa8, 0x00, 0xff, 0x9f, 0xa8, 0x00, 0xff, 0x9f, 0xa8, 0x00, 0xff,
    0x9f, 0xa8, 0x00, 0xff, 0x9f, 0xa8, 0x00, 0xff, 0x9f, 0xa8, 0x00, 0xff, 0x9f, 0xa8, 0x00, 0xff,
    0x9f, 0xa8, 0x00, 0xff, 0x9f, 0xa8, 0x00, 0xff, 0x9f, 0xa8, 0x00, 0xff, 0x9f, 0xa8, 0x00, 0xff,
    0x9f, 0xa8, 0x00, 0xff, 0x9f, 0xa8, 0x00, 0xff, 0x9f, 0xa8, 0x00, 0xff, 0x9f, 0xa8, 0x00, 0xff,
    0x9f, 0xa8, 0x00, 0xff, 0x9f, 0xa8, 0x00, 0xff, 0x9f, 0xa8, 0x00, 0xff, 0x9f, 0xa8, 0x00, 0xff,
    0x9f, 0xa8, 0x00, 0xff, 0x9f, 0xa8, 0x00, 0xff, 0x9f, 0xa8, 0x00, 0xff, 0x9f, 0xa8, 0x00, 0xff,
    0x9f, 0xa8, 0x00, 0xff, 0x9f, 0xa8, 0x00, 0xff, 0x9f, 0xa8, 0x00, 0xff, 0x9f, 0xa8, 0x00, 0xff,
    0x9f, 0xa8, 0x00, 0xff, 0x9f, 0xa8, 0x00, 0xff, 0x9f, 0xa8, 0x00, 0xff, 0x9f, 0xa8, 0x00, 0xff,
    0x9f, 0xa8, 0x00, 0xff, 0x9f, 0xa8, 0x00, 0xff, 0x9f, 0xa8, 0x00, 0xff, 0x9f, 0xa8, 0x00, 0xff,
    0x9f, 0xa8, 0x00, 0xff, 0x9f, 0xa8, 0x00, 0xff, 0x9f, 0xa8, 0x00, 0xff, 0x9f, 0xa8, 0x00, 0xff,
    0x9f, 0xa8, 0x00, 0xff, 0x9f, 0xa8, 0x00, 0xef, 0x9f, 0x9f, 0x00, 0x10, 0x00, 0x00, 0x00, 0x00,
    0x00, 0x00, 0x00, 0x00, 0x00, 0x00, 0x00, 0x00, 0x00, 0x00, 0x00, 0x00, 0x00, 0x00, 0x00, 0x00,
    0x00, 0x00, 0x00, 0x00, 0x9f, 0xa8, 0x00, 0x8f, 0x9f, 0xa8, 0x00, 0xff, 0x9f, 0xa8, 0x00, 0xff,
    0x9f, 0xa8, 0x00, 0xff, 0x9f, 0xa8, 0x00, 0xff, 0x9f, 0xa8, 0x00, 0xff, 0x9f, 0xa8, 0x00, 0xff,
    0x9f, 0xa8, 0x00, 0xff, 0x9f, 0xa8, 0x00, 0xff, 0x9f, 0xa8, 0x00, 0xff, 0x9f, 0xa8, 0x00, 0xff,
    0x9f, 0xa8, 0x00, 0xff, 0x9f, 0xa8, 0x00, 0xff, 0x9f, 0xa8, 0x00, 0xff, 0x9f, 0xa8, 0x00, 0xff,
    0x9f, 0xa8, 0x00, 0xff, 0x9f, 0xa8, 0x00, 0xff, 0x9f, 0xa8, 0x00, 0xff, 0x9f, 0xa8, 0x00, 0xff,
    0x9f, 0xa8, 0x00, 0xff, 0x9f, 0xa8, 0x00, 0xff, 0x9f, 0xa8, 0x00, 0xff, 0x9f, 0xa8, 0x00, 0xff,
    0x9f, 0xa8, 0x00, 0xff, 0x9f, 0xa8, 0x00, 0xff, 0x9f, 0xa8, 0x00, 0xff, 0x9f, 0xa8, 0x00, 0xff,
    0x9f, 0xa8, 0x00, 0xff, 0x9f, 0xa8, 0x00, 0xff, 0x9f, 0xa8, 0x00, 0xff, 0x9f, 0xa8, 0x00, 0xff,
    0x9f, 0xa8, 0x00, 0xff, 0x9f, 0xa8, 0x00, 0xff, 0x9f, 0xa8, 0x00, 0xff, 0x9f, 0xa8, 0x00, 0xff,
    0x9f, 0xa8, 0x00, 0xff, 0x9f, 0xa8, 0x00, 0xff, 0x9f, 0xa8, 0x00, 0xff, 0x9f, 0xa8, 0x00, 0xff,
    0x9f, 0xa8, 0x00, 0xff, 0x9f, 0xa8, 0x00, 0xff, 0x9f, 0xa8, 0x00, 0xff, 0x9f, 0xa8, 0x00, 0xff,
    0x9f, 0xa8, 0x00, 0xff, 0x9f, 0xa8, 0x00, 0xff, 0x9f, 0xa8, 0x00, 0xff, 0x9f, 0xa8, 0x00, 0xff,
    0x9f, 0xa8, 0x00, 0xff, 0x9f, 0xa8, 0x00, 0xff, 0x9f, 0xa8, 0x00, 0xff, 0x9f, 0xa8, 0x00, 0xff,
    0x9f, 0xa8, 0x00, 0xff, 0x9f, 0xa8, 0x00, 0xff, 0x9f, 0xa8, 0x00, 0xff, 0x9f, 0xa8, 0x00, 0xff,
    0x9f, 0xa8, 0x00, 0xff, 0x9f, 0xa8, 0x00, 0xff, 0x9f, 0xa8, 0x00, 0xff, 0x9f, 0xa8, 0x00, 0xff,
    0x9f, 0xa8, 0x00, 0xff, 0x9f, 0xa8, 0x00, 0xff, 0x9f, 0xa8, 0x00, 0xff, 0x9f, 0xa8, 0x00, 0xff,
    0x9f, 0xa8, 0x00, 0xff, 0x9f, 0xa8, 0x00, 0xff, 0x9f, 0xa8, 0x00, 0xff, 0x9f, 0xa8, 0x00, 0xff,
    0x9f, 0xa8, 0x00, 0xff, 0x9f, 0xa8, 0x00, 0xff, 0x9f, 0xa8, 0x00, 0xff, 0x9f, 0xa8, 0x00, 0xff,
    0x9f, 0xa8, 0x00, 0xff, 0x9f, 0xa8, 0x00, 0xff, 0x9f, 0xa8, 0x00, 0xff, 0x9f, 0xa8, 0x00, 0xff,
    0x9f, 0xa8, 0x00, 0xff, 0x9f, 0xa8, 0x00, 0xff, 0x9f, 0xa8, 0x00, 0xff, 0x9f, 0xa8, 0x00, 0xff,
    0x9f, 0xa8, 0x00, 0xff, 0x9f, 0xa8, 0x00, 0xff, 0x9f, 0xa8, 0x00, 0xff, 0x9f, 0xa8, 0x00, 0xff,
    0x9f, 0xa8, 0x00, 0xff, 0x9f, 0xa8, 0x00, 0xff, 0x9f, 0xa8, 0x00, 0xff, 0x9f, 0xa8, 0x00, 0xff,
    0x9f, 0xa8, 0x00, 0xff, 0x9f, 0xa8, 0x00, 0xff, 0x9f, 0xa8, 0x00, 0xff, 0x9f, 0xa8, 0x00, 0xff,
    0x9f, 0xa8, 0x00, 0xff, 0x9f, 0xa8, 0x00, 0xff, 0x9f, 0xa8, 0x00, 0xff, 0x9f, 0xa8, 0x00, 0xff,
    0x9f, 0xa8, 0x00, 0xff, 0x9f, 0xa8, 0x00, 0xff, 0x9f, 0xa8, 0x00, 0xff, 0x9f, 0xa8, 0x00, 0xff,
    0x9f, 0xa8, 0x00, 0xff, 0x9f, 0xa8, 0x00, 0xff, 0x9f, 0xa8, 0x00, 0xff, 0x9f, 0xa8, 0x00, 0xff,
    0x9f, 0xa8, 0x00, 0xff, 0x9f, 0xa8, 0x00, 0xff, 0x9f, 0xa8, 0x00, 0xff, 0x9f, 0xa8, 0x00, 0xff,
    0x9f, 0xa8, 0x00, 0xff, 0x9f, 0xa8, 0x00, 0xff, 0x9f, 0xa8, 0x00, 0xff, 0x9f, 0xa8, 0x00, 0xff,
    0x9f, 0xa8, 0x00, 0xff, 0x9f, 0xa8, 0x00, 0xff, 0x9f, 0xa8, 0x00, 0xff, 0x9f, 0xa8, 0x00, 0xff,
    0x9f, 0xa8, 0x00, 0xff, 0x9f, 0xa8, 0x00, 0xff, 0x9f, 0xa8, 0x00, 0xff, 0x9f, 0xa8, 0x00, 0xff,
    0x9f, 0xa8, 0x00, 0xff, 0x9f, 0xa8, 0x00, 0xff, 0x9f, 0xa8, 0x00, 0xff, 0x9f, 0xa8, 0x00, 0xff,
    0x9f, 0xa9, 0x00, 0x7f, 0x00, 0x00, 0x00, 0x00, 0x00, 0x00, 0x00, 0x00, 0x00, 0x00, 0x00, 0x00,
    0x00, 0x00, 0x00, 0x00, 0x00, 0x00, 0x00, 0x00, 0x9f, 0x9f, 0x00, 0x10, 0x9f, 0xa7, 0x00, 0xf7,
    0x9f, 0xa8, 0x00, 0xff, 0x9f, 0xa8, 0x00, 0xff, 0x9f, 0xa8, 0x00, 0xff, 0x9f, 0xa8, 0x00, 0xff,
    0x9f, 0xa8, 0x00, 0xff, 0x9f, 0xa8, 0x00, 0xff, 0x9f, 0xa8, 0x00, 0xff, 0x9f, 0xa8, 0x00, 0xff,
    0x9f, 0xa8, 0x00, 0xff, 0x9f, 0xa8, 0x00, 0xff, 0x9f, 0xa8, 0x00, 0xff, 0x9f, 0xa8, 0x00, 0xff,
    0x9f, 0xa8, 0x00, 0xff, 0x9f, 0xa8, 0x00, 0xff, 0x9f, 0xa8, 0x00, 0xff, 0x9f, 0xa8, 0x00, 0xff,
    0x9f, 0xa8, 0x00, 0xff, 0x9f, 0xa8, 0x00, 0xff, 0x9f, 0xa8, 0x00, 0xff, 0x9f, 0xa8, 0x00, 0xff,
    0x9f, 0xa8, 0x00, 0xff, 0x9f, 0xa8, 0x00, 0xff, 0x9f, 0xa8, 0x00, 0xff, 0x9f, 0xa8, 0x00, 0xff,
    0x9f, 0xa8, 0x00, 0xff, 0x9f, 0xa8, 0x00, 0xff, 0x9f, 0xa8, 0x00, 0xff, 0x9f, 0xa8, 0x00, 0xff,
    0x9f, 0xa8, 0x00, 0xff, 0x9f, 0xa8, 0x00, 0xff, 0x9f, 0xa8, 0x00, 0xff, 0x9f, 0xa8, 0x00, 0xff,
    0x9f, 0xa8, 0x00, 0xff, 0x9f, 0xa8, 0x00, 0xff, 0x9f, 0xa8, 0x00, 0xff, 0x9f, 0xa8, 0x00, 0xff,
    0x9f, 0xa8, 0x00, 0xff, 0x9f, 0xa8, 0x00, 0xff, 0x9f, 0xa8, 0x00, 0xff, 0x9f, 0xa8, 0x00, 0xff,
    0x9f, 0xa8, 0x00, 0xff, 0x9f, 0xa8, 0x00, 0xff, 0x9f, 0xa8, 0x00, 0xff, 0x9f, 0xa8, 0x00, 0xff,
    0x9f, 0xa8, 0x00, 0xff, 0x9f, 0xa8, 0x00, 0xff, 0x9f, 0xa8, 0x00, 0xff, 0x9f, 0xa8, 0x00, 0xff,
    0x9f, 0xa8, 0x00, 0xff, 0x9f, 0xa8, 0x00, 0xff, 0x9f, 0xa8, 0x00, 0xff, 0x9f, 0xa8, 0x00, 0xff,
    0x9f, 0xa8, 0x00, 0xff, 0x9f, 0xa8, 0x00, 0xff, 0x9f, 0xa8, 0x00, 0xff, 0x9f, 0xa8, 0x00, 0xff,
    0x9f, 0xa8, 0x00, 0xff, 0x9f, 0xa8, 0x00, 0xff, 0x9f, 0xa8, 0x00, 0xff, 0x9f, 0xa8, 0x00, 0xff,
    0x9f, 0xa8, 0x00, 0xff, 0x9f, 0xa8, 0x00, 0xff, 0x9f, 0xa8, 0x00, 0xff, 0x9f, 0xa8, 0x00, 0xff,
    0x9f, 0xa8, 0x00, 0xff, 0x9f, 0xa8, 0x00, 0xff, 0x9f, 0xa8, 0x00, 0xff, 0x9f, 0xa8, 0x00, 0xff,
    0x9f, 0xa8, 0x00, 0xff, 0x9f, 0xa8, 0x00, 0xff, 0x9f, 0xa8, 0x00, 0xff, 0x9f, 0xa8, 0x00, 0xff,
    0x9f, 0xa8, 0x00, 0xff, 0x9f, 0xa8, 0x00, 0xff, 0x9f, 0xa8, 0x00, 0xff, 0x9f, 0xa8, 0x00, 0xff,
    0x9f, 0xa8, 0x00, 0xff, 0x9f, 0xa8, 0x00, 0xff, 0x9f, 0xa8, 0x00, 0xff, 0x9f, 0xa8, 0x00, 0xff,
    0x9f, 0xa8, 0x00, 0xff, 0x9f, 0xa8, 0x00, 0xff, 0x9f, 0xa8, 0x00, 0xff, 0x9f, 0xa8, 0x00, 0xff,
    0x9f, 0xa8, 0x00, 0xff, 0x9f, 0xa8, 0x00, 0xff, 0x9f, 0xa8, 0x00, 0xff, 0x9f, 0xa8, 0x00, 0xff,
    0x9f, 0xa8, 0x00, 0xff, 0x9f, 0xa8, 0x00, 0xff, 0x9f, 0xa8, 0x00, 0xff, 0x9f, 0xa8, 0x00, 0xff,
    0x9f, 0xa8, 0x00, 0xff, 0x9f, 0xa8, 0x00, 0xff, 0x9f, 0xa8, 0x00, 0xff, 0x9f, 0xa8, 0x00, 0xff,
    0x9f, 0xa8, 0x00, 0xff, 0x9f, 0xa8, 0x00, 0xff, 0x9f, 0xa8, 0x00, 0xff, 0x9f, 0xa8, 0x00, 0xff,
    0x9f, 0xa8, 0x00, 0xff, 0x9f, 0xa8, 0x00, 0xff, 0x9f, 0xa8, 0x00, 0xff, 0x9f, 0xa8, 0x00, 0xff,
    0x9f, 0xa8, 0x00, 0xff, 0x9f, 0xa8, 0x00, 0xff, 0x9f, 0xa8, 0x00, 0xff, 0x9f, 0xa8, 0x00, 0xff,
    0x9f, 0xa8, 0x00, 0xff, 0x9f, 0xa8, 0x00, 0xff, 0x9f, 0xa8, 0x00, 0xff, 0x9f, 0xa8, 0x00, 0xff,
    0x9f, 0xa8, 0x00, 0xff, 0x9f, 0xa8, 0x00, 0xff, 0x9f, 0xa8, 0x00, 0xff, 0x9f, 0xa8, 0x00, 0xff,
    0x9f, 0xa8, 0x00, 0xff, 0x9f, 0xa8, 0x00, 0xff, 0x9f, 0xa8, 0x00, 0xff, 0x9f, 0xa8, 0x00, 0xff,
    0x9f, 0xa8, 0x00, 0xff, 0x9f, 0xa8, 0x00, 0xff, 0x9f, 0xa8, 0x00, 0xef, 0x9f, 0x9f, 0x00, 0x10,
    0x00, 0x00, 0x00, 0x00, 0x00, 0x00, 0x00, 0x00, 0x00, 0x00, 0x00, 0x00, 0x00, 0x00, 0x00, 0x00,
    0xa0, 0xa9, 0x00, 0x73, 0x9f, 0xa8, 0x00, 0xff, 0x9f, 0xa8, 0x00, 0xff, 0x9f, 0xa8, 0x00, 0xff,
    0x9f, 0xa8, 0x00, 0xff, 0x9f, 0xa8, 0x00, 0xff, 0x9f, 0xa8, 0x00, 0xff, 0x9f, 0xa8, 0x00, 0xff,
    0x9f, 0xa8, 0x00, 0xff, 0x9f, 0xa8, 0x00, 0xff, 0x9f, 0xa8, 0x00, 0xff, 0x9f, 0xa8, 0x00, 0xff,
    0x9f, 0xa8, 0x00, 0xff, 0x9f, 0xa8, 0x00, 0xff, 0x9f, 0xa8, 0x00, 0xff, 0x9f, 0xa8, 0x00, 0xff,
    0x9f, 0xa8, 0x00, 0xff, 0x9f, 0xa8, 0x00, 0xff, 0x9f, 0xa8, 0x00, 0xff, 0x9f, 0xa8, 0x00, 0xff,
    0x9f, 0xa8, 0x00, 0xff, 0x9f, 0xa8, 0x00, 0xff, 0x9f, 0xa8, 0x00, 0xff, 0x9f, 0xa8, 0x00, 0xff,
    0x9f, 0xa8, 0x00, 0xff, 0x9f, 0xa8, 0x00, 0xff, 0x9f, 0xa8, 0x00, 0xff, 0x9f, 0xa8, 0x00, 0xff,
    0x9f, 0xa8, 0x00, 0xff, 0x9f, 0xa8, 0x00, 0xff, 0x9f, 0xa8, 0x00, 0xff, 0x9f, 0xa8, 0x00, 0xff,
    0x9f, 0xa8, 0x00, 0xff, 0x9f, 0xa8, 0x00, 0xff, 0x9f, 0xa8, 0x00, 0xff, 0x9f, 0xa8, 0x00, 0xff,
    0x9f, 0xa8, 0x00, 0xff, 0x9f, 0xa8, 0x00, 0xff, 0x9f, 0xa8, 0x00, 0xff, 0x9f, 0xa8, 0x00, 0xff,
    0x9f, 0xa8, 0x00, 0xff, 0x9f, 0xa8, 0x00, 0xff, 0x9f, 0xa8, 0x00, 0xff, 0x9f, 0xa8, 0x00, 0xff,
    0x9f, 0xa8, 0x00, 0xff, 0x9f, 0xa8, 0x00, 0xff, 0x9f, 0xa8, 0x00, 0xff, 0x9f, 0xa8, 0x00, 0xff,
    0x9f, 0xa8, 0x00, 0xff, 0x9f, 0xa8, 0x00, 0xff, 0x9f, 0xa8, 0x00, 0xff, 0x9f, 0xa8, 0x00, 0xff,
    0x9f, 0xa8, 0x00, 0xff, 0x9f, 0xa8, 0x00, 0xff, 0x9f, 0xa8, 0x00, 0xff, 0x9f, 0xa8, 0x00, 0xff,
    0x9f, 0xa8, 0x00, 0xff, 0x9f, 0xa8, 0x00, 0xff, 0x9f, 0xa8, 0x00, 0xff, 0x9f, 0xa8, 0x00, 0xff,
    0x9f, 0xa8, 0x00, 0xff, 0x9f, 0xa8, 0x00, 0xff, 0x9f, 0xa8, 0x00, 0xff, 0x9f, 0xa8, 0x00, 0xff,
    0x9f, 0xa8, 0x00, 0xff, 0x9f, 0xa8, 0x00, 0xff, 0x9f, 0xa8, 0x00, 0xff, 0x9f, 0xa8, 0x00, 0xff,
    0x9f, 0xa8, 0x00, 0xff, 0x9f, 0xa8, 0x00, 0xff, 0x9f, 0xa8, 0x00, 0xff, 0x9f, 0xa8, 0x00, 0xff,
    0x9f, 0xa8, 0x00, 0xff, 0x9f, 0xa8, 0x00, 0xff, 0x9f, 0xa8, 0x00, 0xff, 0x9f, 0xa8, 0x00, 0xff,
    0x9f, 0xa8, 0x00, 0xff, 0x9f, 0xa8, 0x00, 0xff, 0x9f, 0xa8, 0x00, 0xff, 0x9f, 0xa8, 0x00, 0xff,
    0x9f, 0xa8, 0x00, 0xff, 0x9f, 0xa8, 0x00, 0xff, 0x9f, 0xa8, 0x00, 0xff, 0x9f, 0xa8, 0x00, 0xff,
    0x9f, 0xa8, 0x00, 0xff, 0x9f, 0xa8, 0x00, 0xff, 0x9f, 0xa8, 0x00, 0xff, 0x9f, 0xa8, 0x00, 0xff,
    0x9f, 0xa8, 0x00, 0xff, 0x9f, 0xa8, 0x00, 0xff, 0x9f, 0xa8, 0x00, 0xff, 0x9f, 0xa8, 0x00, 0xff,
    0x9f, 0xa8, 0x00, 0xff, 0x9f, 0xa8, 0x00, 0xff, 0x9f, 0xa8, 0x00, 0xff, 0x9f, 0xa8, 0x00, 0xff,
    0x9f, 0xa8, 0x00, 0xff, 0x9f, 0xa8, 0x00, 0xff, 0x9f, 0xa8, 0x00, 0xff, 0x9f, 0xa8, 0x00, 0xff,
    0x9f, 0xa8, 0x00, 0xff, 0x9f, 0xa8, 0x00, 0xff, 0x9f, 0xa8, 0x00, 0xff, 0x9f, 0xa8, 0x00, 0xff,
    0x9f, 0xa8, 0x00, 0xff, 0x9f, 0xa8, 0x00, 0xff, 0x9f, 0xa8, 0x00, 0xff, 0x9f, 0xa8, 0x00, 0xff,
    0x9f, 0xa8, 0x00, 0xff, 0x9f, 0xa8, 0x00, 0xff, 0x9f, 0xa8, 0x00, 0xff, 0x9f, 0xa8, 0x00, 0xff,
    0x9f, 0xa8, 0x00, 0xff, 0x9f, 0xa8, 0x00, 0xff, 0x9f, 0xa8, 0x00, 0xff, 0x9f, 0xa8, 0x00, 0xff,
    0x9f, 0xa8, 0x00, 0xff, 0x9f, 0xa8, 0x00, 0xff, 0x9f, 0xa8, 0x00, 0xff, 0x9f, 0xa8, 0x00, 0xff,
    0x9f, 0xa8, 0x00, 0xff, 0x9f, 0xa8, 0x00, 0xff, 0x9f, 0xa8, 0x00, 0xff, 0x9f, 0xa8, 0x00, 0xff,
    0x9f, 0xa8, 0x00, 0xff, 0xa0, 0xa9, 0x00, 0x73, 0x00, 0x00, 0x00, 0x00, 0x00, 0x00, 0x00, 0x00,
    0x00, 0x00, 0x00, 0x00, 0x00, 0x00, 0x00, 0x00, 0x9f, 0xa8, 0x00, 0xdf, 0x9f, 0xa8, 0x00, 0xff,
    0x9f, 0xa8, 0x00, 0xff, 0x9f, 0xa8, 0x00, 0xff, 0x9f, 0xa8, 0x00, 0xff, 0x9f, 0xa8, 0x00, 0xff,
    0x9f, 0xa8, 0x00, 0xff, 0x9f, 0xa8, 0x00, 0xff, 0x9f, 0xa8, 0x00, 0xff, 0x9f, 0xa8, 0x00, 0xff,
    0x9f, 0xa8, 0x00, 0xff, 0x9f, 0xa8, 0x00, 0xff, 0x9f, 0xa8, 0x00, 0xff, 0x9f, 0xa8, 0x00, 0xff,
    0x9f, 0xa8, 0x00, 0xff, 0x9f, 0xa8, 0x00, 0xff, 0x9f, 0xa8, 0x00, 0xff, 0x9f, 0xa8, 0x00, 0xff,
    0x9f, 0xa8, 0x00, 0xff, 0x9f, 0xa8, 0x00, 0xff, 0x9f, 0xa8, 0x00, 0xff, 0x9f, 0xa8, 0x00, 0xff,
    0x9f, 0xa8, 0x00, 0xff, 0x9f, 0xa8, 0x00, 0xff, 0x9f, 0xa8, 0x00, 0xff, 0x9f, 0xa8, 0x00, 0xff,
    0x9f, 0xa8, 0x00, 0xff, 0x9f, 0xa8, 0x00, 0xff, 0x9f, 0xa8, 0x00, 0xff, 0x9f, 0xa8, 0x00, 0xff,
    0x9f, 0xa8, 0x00, 0xff, 0x9f, 0xa8, 0x00, 0xff, 0x9f, 0xa8, 0x00, 0xff, 0x9f, 0xa8, 0x00, 0xff,
    0x9f, 0xa8, 0x00, 0xff, 0x9f, 0xa8, 0x00, 0xff, 0x9f, 0xa8, 0x00, 0xff, 0x9f, 0xa8, 0x00, 0xff,
    0x9f, 0xa8, 0x00, 0xff, 0x9f, 0xa8, 0x00, 0xff, 0x9f, 0xa8, 0x00, 0xff, 0x9f, 0xa8, 0x00, 0xff,
    0x9f, 0xa8, 0x00, 0xff, 0x9f, 0xa8, 0x00, 0xff, 0x9f, 0xa8, 0x00, 0xff, 0x9f, 0xa8, 0x00, 0xff,
    0x9f, 0xa8, 0x00, 0xff, 0x9f, 0xa8, 0x00, 0xff, 0x9f, 0xa8, 0x00, 0xff, 0x9f, 0xa8, 0x00, 0xff,
    0x9f, 0xa8, 0x00, 0xff, 0x9f, 0xa8, 0x00, 0xff, 0x9f, 0xa8, 0x00, 0xff, 0x9f, 0xa8, 0x00, 0xff,
    0x9f, 0xa8, 0x00, 0xff, 0x9f, 0xa8, 0x00, 0xff, 0x9f, 0xa8, 0x00, 0xff, 0x9f, 0xa8, 0x00, 0xff,
    0x9f, 0xa8, 0x00, 0xff, 0x9f, 0xa8, 0x00, 0xff, 0x9f, 0xa8, 0x00, 0xff, 0x9f, 0xa8, 0x00, 0xff,
    0x9f, 0xa8, 0x00, 0xff, 0x9f, 0xa8, 0x00, 0xff, 0x9f, 0xa8, 0x00, 0xff, 0x9f, 0xa8, 0x00, 0xff,
    0x9f, 0xa8, 0x00, 0xff, 0x9f, 0xa8, 0x00, 0xff, 0x9f, 0xa8, 0x00, 0xff, 0x9f, 0xa8, 0x00, 0xff,
    0x9f, 0xa8, 0x00, 0xff, 0x9f, 0xa8, 0x00, 0xff, 0x9f, 0xa8, 0x00, 0xff, 0x9f, 0xa8, 0x00, 0xff,
    0x9f, 0xa8, 0x00, 0xff, 0x9f, 0xa8, 0x00, 0xff, 0x9f, 0xa8, 0x00, 0xff, 0x9f, 0xa8, 0x00, 0xff,
    0x9f, 0xa8, 0x00, 0xff, 0x9f, 0xa8, 0x00, 0xff, 0x9f, 0xa8, 0x00, 0xff, 0x9f, 0xa8, 0x00, 0xff,
    0x9f, 0xa8, 0x00, 0xff, 0x9f, 0xa8, 0x00, 0xff, 0x9f, 0xa8, 0x00, 0xff, 0x9f, 0xa8, 0x00, 0xff,
    0x9f, 0xa8, 0x00, 0xff, 0x9f, 0xa8, 0x00, 0xff, 0x9f, 0xa8, 0x00, 0xff, 0x9f, 0xa8, 0x00, 0xff,
    0x9f, 0xa8, 0x00, 0xff, 0x9f, 0xa8, 0x00, 0xff, 0x9f, 0xa8, 0x00, 0xff, 0x9f, 0xa8, 0x00, 0xff,
    0x9f, 0xa8, 0x00, 0xff, 0x9f, 0xa8, 0x00, 0xff, 0x9f, 0xa8, 0x00, 0xff, 0x9f, 0xa8, 0x00, 0xff,
    0x9f, 0xa8, 0x00, 0xff, 0x9f, 0xa8, 0x00, 0xff, 0x9f, 0xa8, 0x00, 0xff, 0x9f, 0xa8, 0x00, 0xff,
    0x9f, 0xa8, 0x00, 0xff, 0x9f, 0xa8, 0x00, 0xff, 0x9f, 0xa8, 0x00, 0xff, 0x9f, 0xa8, 0x00, 0xff,
    0x9f, 0xa8, 0x00, 0xff, 0x9f, 0xa8, 0x00, 0xff, 0x9f, 0xa8, 0x00, 0xff, 0x9f, 0xa8, 0x00, 0xff,
    0x9f, 0xa8, 0x00, 0xff, 0x9f, 0xa8, 0x00, 0xff, 0x9f, 0xa8, 0x00, 0xff, 0x9f, 0xa8, 0x00, 0xff,
    0x9f, 0xa8, 0x00, 0xff, 0x9f, 0xa8, 0x00, 0xff, 0x9f, 0xa8, 0x00, 0xff, 0x9f, 0xa8, 0x00, 0xff,
    0x9f, 0xa8, 0x00, 0xff, 0x9f, 0xa8, 0x00, 0xff, 0x9f, 0xa8, 0x00, 0xff, 0x9f, 0xa8, 0x00, 0xff,
    0x9f, 0xa8, 0x00, 0xff, 0x9f, 0xa8, 0x00, 0xff, 0x9f, 0xa8, 0x00, 0xff, 0x9e, 0xa8, 0x00, 0xdb,
    0x00, 0x00, 0x00, 0x00, 0x00, 0x00, 0x00, 0x00, 0x00, 0x00, 0x00, 0x00, 0xa2, 0xa7, 0x00, 0x37,
    0x9f, 0xa8, 0x00, 0xff, 0x9f, 0xa8, 0x00, 0xff, 0x9f, 0xa8, 0x00, 0xff, 0x9f, 0xa8, 0x00, 0xff,
    0x9f, 0xa8, 0x00, 0xff, 0x9f, 0xa8, 0x00, 0xff, 0x9f, 0xa8, 0x00, 0xff, 0x9f, 0xa8, 0x00, 0xff,
    0x9f, 0xa8, 0x00, 0xff, 0x9f, 0xa8, 0x00, 0xff, 0x9f, 0xa8, 0x00, 0xff, 0x9f, 0xa8, 0x00, 0xff,
    0x9f, 0xa8, 0x00, 0xff, 0x9f, 0xa8, 0x00, 0xff, 0x9f, 0xa8, 0x00, 0xff, 0x9f, 0xa8, 0x00, 0xff,
    0x9f, 0xa8, 0x00, 0xff, 0x9f, 0xa8, 0x00, 0xff, 0x9f, 0xa8, 0x00, 0xff, 0x9f, 0xa8, 0x00, 0xff,
    0x9f, 0xa8, 0x00, 0xff, 0x9f, 0xa8, 0x00, 0xff, 0x9f, 0xa8, 0x00, 0xff, 0x9f, 0xa8, 0x00, 0xff,
    0x9f, 0xa8, 0x00, 0xff, 0x9f, 0xa8, 0x00, 0xff, 0x9f, 0xa8, 0x00, 0xff, 0x9f, 0xa8, 0x00, 0xff,
    0x9f, 0xa8, 0x00, 0xff, 0x9f, 0xa8, 0x00, 0xff, 0x9f, 0xa8, 0x00, 0xff, 0x9f, 0xa8, 0x00, 0xff,
    0x9f, 0xa8, 0x00, 0xff, 0x9f, 0xa8, 0x00, 0xff, 0x9f, 0xa8, 0x00, 0xff, 0x9f, 0xa8, 0x00, 0xff,
    0x9f, 0xa8, 0x00, 0xff, 0x9f, 0xa8, 0x00, 0xff, 0x9f, 0xa8, 0x00, 0xff, 0x9f, 0xa8, 0x00, 0xff,
    0x9f, 0xa8, 0x00, 0xff, 0x9f, 0xa8, 0x00, 0xff, 0x9f, 0xa8, 0x00, 0xff, 0x9f, 0xa8, 0x00, 0xff,
    0x9f, 0xa8, 0x00, 0xff, 0x9f, 0xa8, 0x00, 0xff, 0x9f, 0xa8, 0x00, 0xff, 0x9f, 0xa8, 0x00, 0xff,
    0x9f, 0xa8, 0x00, 0xff, 0x9f, 0xa8, 0x00, 0xff, 0x9f, 0xa8, 0x00, 0xff, 0x9f, 0xa8, 0x00, 0xff,
    0x9f, 0xa8, 0x00, 0xff, 0x9f, 0xa8, 0x00, 0xff, 0x9f, 0xa8, 0x00, 0xff, 0x9f, 0xa8, 0x00, 0xff,
    0x9f, 0xa8, 0x00, 0xff, 0x9f, 0xa8, 0x00, 0xff, 0x9f, 0xa8, 0x00, 0xff, 0x9f, 0xa8, 0x00, 0xff,
    0x9f, 0xa8, 0x00, 0xff, 0x9f, 0xa8, 0x00, 0xff, 0x9f, 0xa8, 0x00, 0xff, 0x9f, 0xa8, 0x00, 0xff,
    0x9f, 0xa8, 0x00, 0xff, 0x9f, 0xa8, 0x00, 0xff, 0x9f, 0xa8, 0x00, 0xff, 0x9f, 0xa8, 0x00, 0xff,
    0x9f, 0xa8, 0x00, 0xff, 0x9f, 0xa8, 0x00, 0xff, 0x9f, 0xa8, 0x00, 0xff, 0x9f, 0xa8, 0x00, 0xff,
    0x9f, 0xa8, 0x00, 0xff, 0x9f, 0xa8, 0x00, 0xff, 0x9f, 0xa8, 0x00, 0xff, 0x9f, 0xa8, 0x00, 0xff,
    0x9f, 0xa8, 0x00, 0xff, 0x9f, 0xa8, 0x00, 0xff, 0x9f, 0xa8, 0x00, 0xff, 0x9f, 0xa8, 0x00, 0xff,
    0x9f, 0xa8, 0x00, 0xff, 0x9f, 0xa8, 0x00, 0xff, 0x9f, 0xa8, 0x00, 0xff, 0x9f, 0xa8, 0x00, 0xff,
    0x9f, 0xa8, 0x00, 0xff, 0x9f, 0xa8, 0x00, 0xff, 0x9f, 0xa8, 0x00, 0xff, 0x9f, 0xa8, 0x00, 0xff,
    0x9f, 0xa8, 0x00, 0xff, 0x9f, 0xa8, 0x00, 0xff, 0x9f, 0xa8, 0x00, 0xff, 0x9f, 0xa8, 0x00, 0xff,
    0x9f, 0xa8, 0x00, 0xff, 0x9f, 0xa8, 0x00, 0xff, 0x9f, 0xa8, 0x00, 0xff, 0x9f, 0xa8, 0x00, 0xff,
    0x9f, 0xa8, 0x00, 0xff, 0x9f, 0xa8, 0x00, 0xff, 0x9f, 0xa8, 0x00, 0xff, 0x9f, 0xa8, 0x00, 0xff,
    0x9f, 0xa8, 0x00, 0xff, 0x9f, 0xa8, 0x00, 0xff, 0x9f, 0xa8, 0x00, 0xff, 0x9f, 0xa8, 0x00, 0xff,
    0x9f, 0xa8, 0x00, 0xff, 0x9f, 0xa8, 0x00, 0xff, 0x9f, 0xa8, 0x00, 0xff, 0x9f, 0xa8, 0x00, 0xff,
    0x9f, 0xa8, 0x00, 0xff, 0x9f, 0xa8, 0x00, 0xff, 0x9f, 0xa8, 0x00, 0xff, 0x9f, 0xa8, 0x00, 0xff,
    0x9f, 0xa8, 0x00, 0xff, 0x9f, 0xa8, 0x00, 0xff, 0x9f, 0xa8, 0x00, 0xff, 0x9f, 0xa8, 0x00, 0xff,
    0x9f, 0xa8, 0x00, 0xff, 0x9f, 0xa8, 0x00, 0xff, 0x9f, 0xa8, 0x00, 0xff, 0x9f, 0xa8, 0x00, 0xff,
    0x9f, 0xa8, 0x00, 0xff, 0x9f, 0xa8, 0x00, 0xff, 0x9f, 0xa8, 0x00, 0xff, 0x9f, 0xa8, 0x00, 0xff,
    0x9f, 0xa8, 0x00, 0xff, 0x9f, 0xa8, 0x00, 0xff, 0x9e, 0xa7, 0x00, 0x37, 0x00, 0x00, 0x00, 0x00,
    0x00, 0x00, 0x00, 0x00, 0xa0, 0xa7, 0x00, 0x8b, 0x9f, 0xa8, 0x00, 0xff, 0x9f, 0xa8, 0x00, 0xff,
    0x9f, 0xa8, 0x00, 0xff, 0x9f, 0xa8, 0x00, 0xff, 0x9f, 0xa8, 0x00, 0xff, 0x9f, 0xa8, 0x00, 0xff,
    0x9f, 0xa8, 0x00, 0xff, 0x9f, 0xa8, 0x00, 0xff, 0x9f, 0xa8, 0x00, 0xff, 0x9f, 0xa8, 0x00, 0xff,
    0x9f, 0xa8, 0x00, 0xff, 0x9f, 0xa8, 0x00, 0xff, 0x9f, 0xa8, 0x00, 0xff, 0x9f, 0xa8, 0x00, 0xff,
    0x9f, 0xa8, 0x00, 0xff, 0x9f, 0xa8, 0x00, 0xff, 0x9f, 0xa8, 0x00, 0xff, 0x9f, 0xa8, 0x00, 0xff,
    0x9f, 0xa8, 0x00, 0xff, 0x9f, 0xa8, 0x00, 0xff, 0x9f, 0xa8, 0x00, 0xff, 0x9f, 0xa8, 0x00, 0xff,
    0x9f, 0xa8, 0x00, 0xff, 0x9f, 0xa8, 0x00, 0xff, 0x9f, 0xa8, 0x00, 0xff, 0x9f, 0xa8, 0x00, 0xff,
    0x9f, 0xa8, 0x00, 0xff, 0x9f, 0xa8, 0x00, 0xff, 0x9f, 0xa8, 0x00, 0xff, 0x9f, 0xa8, 0x00, 0xff,
    0x9f, 0xa8, 0x00, 0xff, 0x9f, 0xa8, 0x00, 0xff, 0x9f, 0xa8, 0x00, 0xff, 0x9f, 0xa8, 0x00, 0xff,
    0x9f, 0xa8, 0x00, 0xff, 0x9f, 0xa8, 0x00, 0xff, 0x9f, 0xa8, 0x00, 0xff, 0x9f, 0xa8, 0x00, 0xff,
    0x9f, 0xa8, 0x00, 0xff, 0x9f, 0xa8, 0x00, 0xff, 0x9f, 0xa8, 0x00, 0xff, 0x9f, 0xa8, 0x00, 0xff,
    0x9f, 0xa8, 0x00, 0xff, 0x9f, 0xa8, 0x00, 0xff, 0x9f, 0xa8, 0x00, 0xff, 0x9f, 0xa8, 0x00, 0xff,
    0x9f, 0xa8, 0x00, 0xff, 0x9f, 0xa8, 0x00, 0xff, 0x9f, 0xa8, 0x00, 0xff, 0x9f, 0xa8, 0x00, 0xff,
    0x9f, 0xa8, 0x00, 0xff, 0x9f, 0xa8, 0x00, 0xff, 0x9f, 0xa8, 0x00, 0xff, 0x9f, 0xa8, 0x00, 0xff,
    0x9f, 0xa8, 0x00, 0xff, 0x9f, 0xa8, 0x00, 0xff, 0x9f, 0xa8, 0x00, 0xff, 0x9f, 0xa8, 0x00, 0xff,
    0x9f, 0xa8, 0x00, 0xff, 0x9f, 0xa8, 0x00, 0xff, 0x9f, 0xa8, 0x00, 0xff, 0x9f, 0xa8, 0x00, 0xff,
    0x9f, 0xa8, 0x00, 0xff, 0x9f, 0xa8, 0x00, 0xff, 0x9f, 0xa8, 0x00, 0xff, 0x9f, 0xa8, 0x00, 0xff,
    0x9f, 0xa8, 0x00, 0xff, 0x9f, 0xa8, 0x00, 0xff, 0x9f, 0xa8, 0x00, 0xff, 0x9f, 0xa8, 0x00, 0xff,
    0x9f, 0xa8, 0x00, 0xff, 0x9f, 0xa8, 0x00, 0xff, 0x9f, 0xa8, 0x00, 0xff, 0x9f, 0xa8, 0x00, 0xff,
    0x9f, 0xa8, 0x00, 0xff, 0x9f, 0xa8, 0x00, 0xff, 0x9f, 0xa8, 0x00, 0xff, 0x9f, 0xa8, 0x00, 0xff,
    0x9f, 0xa8, 0x00, 0xff, 0x9f, 0xa8, 0x00, 0xff, 0x9f, 0xa8, 0x00, 0xff, 0x9f, 0xa8, 0x00, 0xff,
    0x9f, 0xa8, 0x00, 0xff, 0x9f, 0xa8, 0x00, 0xff, 0x9f, 0xa8, 0x00, 0xff, 0x9f, 0xa8, 0x00, 0xff,
    0x9f, 0xa8, 0x00, 0xff, 0x9f, 0xa8, 0x00, 0xff, 0x9f, 0xa8, 0x00, 0xff, 0x9f, 0xa8, 0x00, 0xff,
    0x9f, 0xa8, 0x00, 0xff, 0x9f, 0xa8, 0x00, 0xff, 0x9f, 0xa8, 0x00, 0xff, 0x9f, 0xa8, 0x00, 0xff,
    0x9f, 0xa8, 0x00, 0xff, 0x9f, 0xa8, 0x00, 0xff, 0x9f, 0xa8, 0x00, 0xff, 0x9f, 0xa8, 0x00, 0xff,
    0x9f, 0xa8, 0x00, 0xff, 0x9f, 0xa8, 0x00, 0xff, 0x9f, 0xa8, 0x00, 0xff, 0x9f, 0xa8, 0x00, 0xff,
    0x9f, 0xa8, 0x00, 0xff, 0x9f, 0xa8, 0x00, 0xff, 0x9f, 0xa8, 0x00, 0xff, 0x9f, 0xa8, 0x00, 0xff,
    0x9f, 0xa8, 0x00, 0xff, 0x9f, 0xa8, 0x00, 0xff, 0x9f, 0xa8, 0x00, 0xff, 0x9f, 0xa8, 0x00, 0xff,
    0x9f, 0xa8, 0x00, 0xff, 0x9f, 0xa8, 0x00, 0xff, 0x9f, 0xa8, 0x00, 0xff, 0x9f, 0xa8, 0x00, 0xff,
    0x9f, 0xa8, 0x00, 0xff, 0x9f, 0xa8, 0x00, 0xff, 0x9f, 0xa8, 0x00, 0xff, 0x9f, 0xa8, 0x00, 0xff,
    0x9f, 0xa8, 0x00, 0xff, 0x9f, 0xa8, 0x00, 0xff, 0x9f, 0xa8, 0x00, 0xff, 0x9f, 0xa8, 0x00, 0xff,
    0x9f, 0xa8, 0x00, 0xff, 0x9f, 0xa8, 0x00, 0xff, 0x9f, 0xa8, 0x00, 0xff, 0x9f, 0xa8, 0x00, 0xff,
    0xa0, 0xa7, 0x00, 0x8b, 0x00, 0x00, 0x00, 0x00, 0x00, 0x00, 0x00, 0x00, 0x9f, 0xa7, 0x00, 0xd7,
    0x9f, 0xa8, 0x00, 0xff, 0x9f, 0xa8, 0x00, 0xff, 0x9f, 0xa8, 0x00, 0xff, 0x9f, 0xa8, 0x00, 0xff,
    0x9f, 0xa8, 0x00, 0xff, 0x9f, 0xa8, 0x00, 0xff, 0x9f, 0xa8, 0x00, 0xff, 0x9f, 0xa8, 0x00, 0xff,
    0x9f, 0xa8, 0x00, 0xff, 0x9f, 0xa8, 0x00, 0xff, 0x9f, 0xa8, 0x00, 0xff, 0x9f, 0xa8, 0x00, 0xff,
    0x9f, 0xa8, 0x00, 0xff, 0x9f, 0xa8, 0x00, 0xff, 0x9f, 0xa8, 0x00, 0xff, 0x9f, 0xa8, 0x00, 0xff,
    0x9f, 0xa8, 0x00, 0xff, 0x9f, 0xa8, 0x00, 0xff, 0x9f, 0xa8, 0x00, 0xff, 0x9f, 0xa8, 0x00, 0xff,
    0x9f, 0xa8, 0x00, 0xff, 0x9f, 0xa8, 0x00, 0xff, 0x9f, 0xa8, 0x00, 0xff, 0x9f, 0xa8, 0x00, 0xff,
    0x9f, 0xa8, 0x00, 0xff, 0x9f, 0xa8, 0x00, 0xff, 0x9f, 0xa8, 0x00, 0xff, 0x9f, 0xa8, 0x00, 0xff,
    0x9f, 0xa8, 0x00, 0xff, 0x9f, 0xa8, 0x00, 0xff, 0x9f, 0xa8, 0x00, 0xff, 0x9f, 0xa8, 0x00, 0xff,
    0x9f, 0xa8, 0x00, 0xff, 0x9f, 0xa8, 0x00, 0xff, 0x9f, 0xa8, 0x00, 0xff, 0x9f, 0xa8, 0x00, 0xff,
    0x9f, 0xa8, 0x00, 0xff, 0x9f, 0xa8, 0x00, 0xff, 0x9f, 0xa8, 0x00, 0xff, 0x9f, 0xa8, 0x00, 0xff,
    0x9f, 0xa8, 0x00, 0xff, 0x9f, 0xa8, 0x00, 0xff, 0x9f, 0xa8, 0x00, 0xff, 0x9f, 0xa8, 0x00, 0xff,
    0x9f, 0xa8, 0x00, 0xff, 0x9f, 0xa8, 0x00, 0xff, 0x9f, 0xa8, 0x00, 0xff, 0x9f, 0xa8, 0x00, 0xff,
    0x9f, 0xa8, 0x00, 0xff, 0x9f, 0xa8, 0x00, 0xff, 0x9f, 0xa8, 0x00, 0xff, 0x9f, 0xa8, 0x00, 0xff,
    0x9f, 0xa8, 0x00, 0xff, 0x9f, 0xa8, 0x00, 0xff, 0x9f, 0xa8, 0x00, 0xff, 0x9f, 0xa8, 0x00, 0xff,
    0x9f, 0xa8, 0x00, 0xff, 0x9f, 0xa8, 0x00, 0xff, 0x9f, 0xa8, 0x00, 0xff, 0x9f, 0xa8, 0x00, 0xff,
    0x9f, 0xa8, 0x00, 0xff, 0x9f, 0xa8, 0x00, 0xff, 0x9f, 0xa8, 0x00, 0xff, 0x9f, 0xa8, 0x00, 0xff,
    0x9f, 0xa8, 0x00, 0xff, 0x9f, 0xa8, 0x00, 0xff, 0x9f, 0xa8, 0x00, 0xff, 0x9f, 0xa8, 0x00, 0xff,
    0x9f, 0xa8, 0x00, 0xff, 0x9f, 0xa8, 0x00, 0xff, 0x9f, 0xa8, 0x00, 0xff, 0x9f, 0xa8, 0x00, 0xff,
    0x9f, 0xa8, 0x00, 0xff, 0x9f, 0xa8, 0x00, 0xff, 0x9f, 0xa8, 0x00, 0xff, 0x9f, 0xa8, 0x00, 0xff,
    0x9f, 0xa8, 0x00, 0xff, 0x9f, 0xa8, 0x00, 0xff, 0x9f, 0xa8, 0x00, 0xff, 0x9f, 0xa8, 0x00, 0xff,
    0x9f, 0xa8, 0x00, 0xff, 0x9f, 0xa8, 0x00, 0xff, 0x9f, 0xa8, 0x00, 0xff, 0x9f, 0xa8, 0x00, 0xff,
    0x9f, 0xa8, 0x00, 0xff, 0x9f, 0xa8, 0x00, 0xff, 0x9f, 0xa8, 0x00, 0xff, 0x9f, 0xa8, 0x00, 0xff,
    0x9f, 0xa8, 0x00, 0xff, 0x9f, 0xa8, 0x00, 0xff, 0x9f, 0xa8, 0x00, 0xff, 0x9f, 0xa8, 0x00, 0xff,
    0x9f, 0xa8, 0x00, 0xff, 0x9f, 0xa8, 0x00, 0xff, 0x9f, 0xa8, 0x00, 0xff, 0x9f, 0xa8, 0x00, 0xff,
    0x9f, 0xa8, 0x00, 0xff, 0x9f, 0xa8, 0x00, 0xff, 0x9f, 0xa8, 0x00, 0xff, 0x9f, 0xa8, 0x00, 0xff,
    0x9f, 0xa8, 0x00, 0xff, 0x9f, 0xa8, 0x00, 0xff, 0x9f, 0xa8, 0x00, 0xff, 0x9f, 0xa8, 0x00, 0xff,
    0x9f, 0xa8, 0x00, 0xff, 0x9f, 0xa8, 0x00, 0xff, 0x9f, 0xa8, 0x00, 0xff, 0x9f, 0xa8, 0x00, 0xff,
    0x9f, 0xa8, 0x00, 0xff, 0x9f, 0xa8, 0x00, 0xff, 0x9f, 0xa8, 0x00, 0xff, 0x9f, 0xa8, 0x00, 0xff,
    0x9f, 0xa8, 0x00, 0xff, 0x9f, 0xa8, 0x00, 0xff, 0x9f, 0xa8, 0x00, 0xff, 0x9f, 0xa8, 0x00, 0xff,
    0x9f, 0xa8, 0x00, 0xff, 0x9f, 0xa8, 0x00, 0xff, 0x9f, 0xa8, 0x00, 0xff, 0x9f, 0xa8, 0x00, 0xff,
    0x9f, 0xa8, 0x00, 0xff, 0x9f, 0xa8, 0x00, 0xff, 0x9f, 0xa8, 0x00, 0xff, 0x9f, 0xa8, 0x00, 0xff,
    0x9f, 0xa8, 0x00, 0xff, 0x9f, 0xa8, 0x00, 0xff, 0x9e, 0xa8, 0x00, 0xdb, 0x00, 0x00, 0x00, 0x00,
    0x9b, 0xa4, 0x00, 0x1c, 0x9f, 0xa8, 0x00, 0xff, 0x9f, 0xa8, 0x00, 0xff, 0x9f, 0xa8, 0x00, 0xff,
    0x9f, 0xa8, 0x00, 0xff, 0x9f, 0xa8, 0x00, 0xff, 0x9f, 0xa8, 0x00, 0xff, 0x9f, 0xa8, 0x00, 0xff,
    0x9f, 0xa8, 0x00, 0xff, 0x9f, 0xa8, 0x00, 0xff, 0x9f, 0xa8, 0x00, 0xff, 0x9f, 0xa8, 0x00, 0xff,
    0x9f, 0xa8, 0x00, 0xff, 0x9f, 0xa8, 0x00, 0xff, 0x9f, 0xa8, 0x00, 0xff, 0x9f, 0xa8, 0x00, 0xff,
    0x9f, 0xa8, 0x00, 0xff, 0x9f, 0xa8, 0x00, 0xff, 0x9f, 0xa8, 0x00, 0xff, 0x9f, 0xa8, 0x00, 0xff,
    0x9f, 0xa8, 0x00, 0xff, 0x9f, 0xa8, 0x00, 0xff, 0x9f, 0xa8, 0x00, 0xff, 0x9f, 0xa8, 0x00, 0xff,
    0x9f, 0xa8, 0x00, 0xff, 0x9f, 0xa8, 0x00, 0xff, 0x9f, 0xa8, 0x00, 0xff, 0x9f, 0xa8, 0x00, 0xff,
    0x9f, 0xa8, 0x00, 0xff, 0x9f, 0xa8, 0x00, 0xff, 0x9f, 0xa8, 0x00, 0xff, 0x9f, 0xa8, 0x00, 0xff,
    0x9f, 0xa8, 0x00, 0xff, 0x9f, 0xa8, 0x00, 0xff, 0x9f, 0xa8, 0x00, 0xff, 0x9f, 0xa8, 0x00, 0xff,
    0x9f, 0xa8, 0x00, 0xff, 0x9f, 0xa8, 0x00, 0xff, 0x9f, 0xa8, 0x00, 0xff, 0x9f, 0xa8, 0x00, 0xff,
    0x9f, 0xa8, 0x00, 0xff, 0x9f, 0xa8, 0x00, 0xff, 0x9f, 0xa8, 0x00, 0xff, 0x9f, 0xa8, 0x00, 0xff,
    0x9f, 0xa8, 0x00, 0xff, 0x9f, 0xa8, 0x00, 0xff, 0x9f, 0xa8, 0x00, 0xff, 0x9f, 0xa8, 0x00, 0xff,
    0x9f, 0xa8, 0x00, 0xff, 0x9f, 0xa8, 0x00, 0xff, 0x9f, 0xa8, 0x00, 0xff, 0x9f, 0xa8, 0x00, 0xff,
    0x9f, 0xa8, 0x00, 0xff, 0x9f, 0xa8, 0x00, 0xff, 0x9f, 0xa8, 0x00, 0xff, 0x9f, 0xa8, 0x00, 0xff,
    0x9f, 0xa8, 0x00, 0xff, 0x9f, 0xa8, 0x00, 0xff, 0x9f, 0xa8, 0x00, 0xff, 0x9f, 0xa8, 0x00, 0xff,
    0x9f, 0xa8, 0x00, 0xff, 0x9f, 0xa8, 0x00, 0xff, 0x9f, 0xa8, 0x00, 0xff, 0x9f, 0xa8, 0x00, 0xff,
    0x9f, 0xa8, 0x00, 0xff, 0x9f, 0xa8, 0x00, 0xff, 0x9f, 0xa8, 0x00, 0xff, 0x9f, 0xa8, 0x00, 0xff,
    0x9f, 0xa8, 0x00, 0xff, 0x9f, 0xa8, 0x00, 0xff, 0x9f, 0xa8, 0x00, 0xff, 0x9f, 0xa8, 0x00, 0xff,
    0x9f, 0xa8, 0x00, 0xff, 0x9f, 0xa8, 0x00, 0xff, 0x9f, 0xa8, 0x00, 0xff, 0x9f, 0xa8, 0x00, 0xff,
    0x9f, 0xa8, 0x00, 0xff, 0x9f, 0xa8, 0x00, 0xff, 0x9f, 0xa8, 0x00, 0xff, 0x9f, 0xa8, 0x00, 0xff,
    0x9f, 0xa8, 0x00, 0xff, 0x9f, 0xa8, 0x00, 0xff, 0x9f, 0xa8, 0x00, 0xff, 0x9f, 0xa8, 0x00, 0xff,
    0x9f, 0xa8, 0x00, 0xff, 0x9f, 0xa8, 0x00, 0xff, 0x9f, 0xa8, 0x00, 0xff, 0x9f, 0xa8, 0x00, 0xff,
    0x9f, 0xa8, 0x00, 0xff, 0x9f, 0xa8, 0x00, 0xff, 0x9f, 0xa8, 0x00, 0xff, 0x9f, 0xa8, 0x00, 0xff,
    0x9f, 0xa8, 0x00, 0xff, 0x9f, 0xa8, 0x00, 0xff, 0x9f, 0xa8, 0x00, 0xff, 0x9f, 0xa8, 0x00, 0xff,
    0x9f, 0xa8, 0x00, 0xff, 0x9f, 0xa8, 0x00, 0xff, 0x9f, 0xa8, 0x00, 0xff, 0x9f, 0xa8, 0x00, 0xff,
    0x9f, 0xa8, 0x00, 0xff, 0x9f, 0xa8, 0x00, 0xff, 0x9f, 0xa8, 0x00, 0xff, 0x9f, 0xa8, 0x00, 0xff,
    0x9f, 0xa8, 0x00, 0xff, 0x9f, 0xa8, 0x00, 0xff, 0x9f, 0xa8, 0x00, 0xff, 0x9f, 0xa8, 0x00, 0xff,
    0x9f, 0xa8, 0x00, 0xff, 0x9f, 0xa8, 0x00, 0xff, 0x9f, 0xa8, 0x00, 0xff, 0x9f, 0xa8, 0x00, 0xff,
    0x9f, 0xa8, 0x00, 0xff, 0x9f, 0xa8, 0x00, 0xff, 0x9f, 0xa8, 0x00, 0xff, 0x9f, 0xa8, 0x00, 0xff,
    0x9f, 0xa8, 0x00, 0xff, 0x9f, 0xa8, 0x00, 0xff, 0x9f, 0xa8, 0x00, 0xff, 0x9f, 0xa8, 0x00, 0xff,
    0x9f, 0xa8, 0x00, 0xff, 0x9f, 0xa8, 0x00, 0xff, 0x9f, 0xa8, 0x00, 0xff, 0x9f, 0xa8, 0x00, 0xff,
    0x9f, 0xa8, 0x00, 0xff, 0x9f, 0xa8, 0x00, 0xff, 0x9f, 0xa8, 0x00, 0xff, 0x9f, 0xa8, 0x00, 0xff,
    0x9f, 0xa8, 0x00, 0xff, 0x9b, 0xa4, 0x00, 0x1c, 0xa0, 0xa9, 0x00, 0x53, 0x9f, 0xa8, 0x00, 0xff,
    0x9f, 0xa8, 0x00, 0xff, 0x9f, 0xa8, 0x00, 0xff, 0x9f, 0xa8, 0x00, 0xff, 0x9f, 0xa8, 0x00, 0xff,
    0x9f, 0xa8, 0x00, 0xff, 0x9f, 0xa8, 0x00, 0xff, 0x9f, 0xa8, 0x00, 0xff, 0x9f, 0xa8, 0x00, 0xff,
    0x9f, 0xa8, 0x00, 0xff, 0x9f, 0xa8, 0x00, 0xff, 0x9f, 0xa8, 0x00, 0xff, 0x9f, 0xa8, 0x00, 0xff,
    0x9f, 0xa8, 0x00, 0xff, 0x9f, 0xa8, 0x00, 0xff, 0x9f, 0xa8, 0x00, 0xff, 0x9f, 0xa8, 0x00, 0xff,
    0x9f, 0xa8, 0x00, 0xff, 0x9f, 0xa8, 0x00, 0xff, 0x9f, 0xa8, 0x00, 0xff, 0x9f, 0xa8, 0x00, 0xff,
    0x9f, 0xa8, 0x00, 0xff, 0x9f, 0xa8, 0x00, 0xff, 0x9f, 0xa8, 0x00, 0xff, 0x9f, 0xa8, 0x00, 0xff,
    0x9f, 0xa8, 0x00, 0xff, 0x9f, 0xa8, 0x00, 0xff, 0x9f, 0xa8, 0x00, 0xff, 0x9f, 0xa8, 0x00, 0xff,
    0x9f, 0xa8, 0x00, 0xff, 0x9f, 0xa8, 0x00, 0xff, 0x9f, 0xa8, 0x00, 0xff, 0x9f, 0xa8, 0x00, 0xff,
    0x9f, 0xa8, 0x00, 0xff, 0x9f, 0xa8, 0x00, 0xff, 0x9f, 0xa8, 0x00, 0xff, 0x9f, 0xa8, 0x00, 0xff,
    0x9f, 0xa8, 0x00, 0xff, 0x9f, 0xa8, 0x00, 0xff, 0x9f, 0xa8, 0x00, 0xff, 0x9f, 0xa8, 0x00, 0xff,
    0x9f, 0xa8, 0x00, 0xff, 0x9f, 0xa8, 0x00, 0xff, 0x9f, 0xa8, 0x00, 0xff, 0x9f, 0xa8, 0x00, 0xff,
    0x9f, 0xa8, 0x00, 0xff, 0x9f, 0xa8, 0x00, 0xff, 0x9f, 0xa8, 0x00, 0xff, 0x9f, 0xa8, 0x00, 0xff,
    0x9f, 0xa8, 0x00, 0xff, 0x9f, 0xa8, 0x00, 0xff, 0x9f, 0xa8, 0x00, 0xff, 0x9f, 0xa8, 0x00, 0xff,
    0x9f, 0xa8, 0x00, 0xff, 0x9f, 0xa8, 0x00, 0xff, 0x9f, 0xa8, 0x00, 0xff, 0x9f, 0xa8, 0x00, 0xff,
    0x9f, 0xa8, 0x00, 0xff, 0x9f, 0xa8, 0x00, 0xff, 0x9f, 0xa8, 0x00, 0xff, 0x9f, 0xa8, 0x00, 0xff,
    0x9f, 0xa8, 0x00, 0xff, 0x9f, 0xa8, 0x00, 0xff, 0x9f, 0xa8, 0x00, 0xff, 0x9f, 0xa8, 0x00, 0xff,
    0x9f, 0xa8, 0x00, 0xff, 0x9f, 0xa8, 0x00, 0xff, 0x9f, 0xa8, 0x00, 0xff, 0x9f, 0xa8, 0x00, 0xff,
    0x9f, 0xa8, 0x00, 0xff, 0x9f, 0xa8, 0x00, 0xff, 0x9f, 0xa8, 0x00, 0xff, 0x9f, 0xa8, 0x00, 0xff,
    0x9f, 0xa8, 0x00, 0xff, 0x9f, 0xa8, 0x00, 0xff, 0x9f, 0xa8, 0x00, 0xff, 0x9f, 0xa8, 0x00, 0xff,
    0x9f, 0xa8, 0x00, 0xff, 0x9f, 0xa8, 0x00, 0xff, 0x9f, 0xa8, 0x00, 0xff, 0x9f, 0xa8, 0x00, 0xff,
    0x9f, 0xa8, 0x00, 0xff, 0x9f, 0xa8, 0x00, 0xff, 0x9f, 0xa8, 0x00, 0xff, 0x9f, 0xa8, 0x00, 0xff,
    0x9f, 0xa8, 0x00, 0xff, 0x9f, 0xa8, 0x00, 0xff, 0x9f, 0xa8, 0x00, 0xff, 0x9f, 0xa8, 0x00, 0xff,
    0x9f, 0xa8, 0x00, 0xff, 0x9f, 0xa8, 0x00, 0xff, 0x9f, 0xa8, 0x00, 0xff, 0x9f, 0xa8, 0x00, 0xff,
    0x9f, 0xa8, 0x00, 0xff, 0x9f, 0xa8, 0x00, 0xff, 0x9f, 0xa8, 0x00, 0xff, 0x9f, 0xa8, 0x00, 0xff,
    0x9f, 0xa8, 0x00, 0xff, 0x9f, 0xa8, 0x00, 0xff, 0x9f, 0xa8, 0x00, 0xff, 0x9f, 0xa8, 0x00, 0xff,
    0x9f, 0xa8, 0x00, 0xff, 0x9f, 0xa8, 0x00, 0xff, 0x9f, 0xa8, 0x00, 0xff, 0x9f, 0xa8, 0x00, 0xff,
    0x9f, 0xa8, 0x00, 0xff, 0x9f, 0xa8, 0x00, 0xff, 0x9f, 0xa8, 0x00, 0xff, 0x9f, 0xa8, 0x00, 0xff,
    0x9f, 0xa8, 0x00, 0xff, 0x9f, 0xa8, 0x00, 0xff, 0x9f, 0xa8, 0x00, 0xff, 0x9f, 0xa8, 0x00, 0xff,
    0x9f, 0xa8, 0x00, 0xff, 0x9f, 0xa8, 0x00, 0xff, 0x9f, 0xa8, 0x00, 0xff, 0x9f, 0xa8, 0x00, 0xff,
    0x9f, 0xa8, 0x00, 0xff, 0x9f, 0xa8, 0x00, 0xff, 0x9f, 0xa8, 0x00, 0xff, 0x9f, 0xa8, 0x00, 0xff,
    0x9f, 0xa8, 0x00, 0xff, 0x9f, 0xa8, 0x00, 0xff, 0x9f, 0xa8, 0x00, 0xff, 0x9f, 0xa8, 0x00, 0xff,
    0x9f, 0xa8, 0x00, 0xff, 0x9f, 0xa8, 0x00, 0xff, 0x9f, 0xa8, 0x00, 0xff, 0xa0, 0xa9, 0x00, 0x53,
    0x9f, 0xa8, 0x00, 0x87, 0x9f, 0xa8, 0x00, 0xff, 0x9f, 0xa8, 0x00, 0xff, 0x9f, 0xa8, 0x00, 0xff,
    0x9f, 0xa8, 0x00, 0xff, 0x9f, 0xa8, 0x00, 0xff, 0x9f, 0xa8, 0x00, 0xff, 0x9f, 0xa8, 0x00, 0xff,
    0x9f, 0xa8, 0x00, 0xff, 0x9f, 0xa8, 0x00, 0xff, 0x9f, 0xa8, 0x00, 0xff, 0x9f, 0xa8, 0x00, 0xff,
    0x9f, 0xa8, 0x00, 0xff, 0x9f, 0xa8, 0x00, 0xff, 0x9f, 0xa8, 0x00, 0xff, 0x9f, 0xa8, 0x00, 0xff,
    0x9f, 0xa8, 0x00, 0xff, 0x9f, 0xa8, 0x00, 0xff, 0x9f, 0xa8, 0x00, 0xff, 0x9f, 0xa8, 0x00, 0xff,
    0x9f, 0xa8, 0x00, 0xff, 0x9f, 0xa8, 0x00, 0xff, 0x9f, 0xa8, 0x00, 0xff, 0x9f, 0xa8, 0x00, 0xff,
    0x9f, 0xa8, 0x00, 0xff, 0x9f, 0xa8, 0x00, 0xff, 0x9f, 0xa8, 0x00, 0xff, 0x9f, 0xa8, 0x00, 0xff,
    0x9f, 0xa8, 0x00, 0xff, 0x9f, 0xa8, 0x00, 0xff, 0x9f, 0xa8, 0x00, 0xff, 0x9f, 0xa8, 0x00, 0xff,
    0x9f, 0xa8, 0x00, 0xff, 0x9f, 0xa8, 0x00, 0xff, 0x9f, 0xa8, 0x00, 0xff, 0x9f, 0xa8, 0x00, 0xff,
    0x9f, 0xa8, 0x00, 0xff, 0x9f, 0xa8, 0x00, 0xff, 0x9f, 0xa8, 0x00, 0xff, 0x9f, 0xa8, 0x00, 0xff,
    0x9f, 0xa8, 0x00, 0xff, 0x9f, 0xa8, 0x00, 0xff, 0x9f, 0xa8, 0x00, 0xff, 0x9f, 0xa8, 0x00, 0xff,
    0x9f, 0xa8, 0x00, 0xff, 0x9f, 0xa8, 0x00, 0xff, 0x9f, 0xa8, 0x00, 0xff, 0x9f, 0xa8, 0x00, 0xff,
    0x9f, 0xa8, 0x00, 0xff, 0x9f, 0xa8, 0x00, 0xff, 0x9f, 0xa8, 0x00, 0xff, 0x9f, 0xa8, 0x00, 0xff,
    0x9f, 0xa8, 0x00, 0xff, 0x9f, 0xa8, 0x00, 0xff, 0x9f, 0xa8, 0x00, 0xff, 0x9f, 0xa8, 0x00, 0xff,
    0x9f, 0xa8, 0x00, 0xff, 0xa0, 0xa9, 0x04, 0xff, 0xb2, 0xb9, 0x33, 0xff, 0xc7, 0xcc, 0x6b, 0xff,
    0xdb, 0xde, 0x9f, 0xff, 0xe8, 0xea, 0xc3, 0xff, 0xf3, 0xf4, 0xdf, 0xff, 0xfa, 0xfb, 0xf3, 0xff,
    0xff, 0xff, 0xff, 0xff, 0xff, 0xff, 0xff, 0xff, 0xfa, 0xfb, 0xf3, 0xff, 0xf4, 0xf5, 0xe3, 0xff,
    0xea, 0xeb, 0xc7, 0xff, 0xdb, 0xde, 0x9f, 0xff, 0xc9, 0xce, 0x6f, 0xff, 0xb2, 0xb9, 0x33, 0xff,
    0xa0, 0xa9, 0x04, 0xff, 0x9f, 0xa8, 0x00, 0xff, 0x9f, 0xa8, 0x00, 0xff, 0x9f, 0xa8, 0x00, 0xff,
    0x9f, 0xa8, 0x00, 0xff, 0x9f, 0xa8, 0x00, 0xff, 0x9f, 0xa8, 0x00, 0xff, 0x9f, 0xa8, 0x00, 0xff,
    0x9f, 0xa8, 0x00, 0xff, 0x9f, 0xa8, 0x00, 0xff, 0x9f, 0xa8, 0x00, 0xff, 0x9f, 0xa8, 0x00, 0xff,
    0x9f, 0xa8, 0x00, 0xff, 0x9f, 0xa8, 0x00, 0xff, 0x9f, 0xa8, 0x00, 0xff, 0x9f, 0xa8, 0x00, 0xff,
    0x9f, 0xa8, 0x00, 0xff, 0x9f, 0xa8, 0x00, 0xff, 0x9f, 0xa8, 0x00, 0xff, 0x9f, 0xa8, 0x00, 0xff,
    0x9f, 0xa8, 0x00, 0xff, 0x9f, 0xa8, 0x00, 0xff, 0x9f, 0xa8, 0x00, 0xff, 0x9f, 0xa8, 0x00, 0xff,
    0x9f, 0xa8, 0x00, 0xff, 0x9f, 0xa8, 0x00, 0xff, 0x9f, 0xa8, 0x00, 0xff, 0x9f, 0xa8, 0x00, 0xff,
    0x9f, 0xa8, 0x00, 0xff, 0x9f, 0xa8, 0x00, 0xff, 0x9f, 0xa8, 0x00, 0xff, 0x9f, 0xa8, 0x00, 0xff,
    0x9f, 0xa8, 0x00, 0xff, 0x9f, 0xa8, 0x00, 0xff, 0x9f, 0xa8, 0x00, 0xff, 0x9f, 0xa8, 0x00, 0xff,
    0x9f, 0xa8, 0x00, 0xff, 0x9f, 0xa8, 0x00, 0xff, 0x9f, 0xa8, 0x00, 0xff, 0x9f, 0xa8, 0x00, 0xff,
    0x9f, 0xa8, 0x00, 0xff, 0x9f, 0xa8, 0x00, 0xff, 0x9f, 0xa8, 0x00, 0xff, 0x9f, 0xa8, 0x00, 0xff,
    0x9f, 0xa8, 0x00, 0xff, 0x9f, 0xa8, 0x00, 0xff, 0x9f, 0xa8, 0x00, 0xff, 0x9f, 0xa8, 0x00, 0xff,
    0x9f, 0xa8, 0x00, 0xff, 0x9f, 0xa8, 0x00, 0xff, 0x9f, 0xa8, 0x00, 0xff, 0x9f, 0xa8, 0x00, 0xff,
    0x9f, 0xa8, 0x00, 0xff, 0x9f, 0xa8, 0x00, 0xff, 0x9f, 0xa8, 0x00, 0xff, 0x9f, 0xa8, 0x00, 0xff,
    0x9f, 0xa8, 0x00, 0xff, 0xa0, 0xa7, 0x00, 0x83, 0xa0, 0xa9, 0x00, 0xab, 0x9f, 0xa8, 0x00, 0xff,
    0x9f, 0xa8, 0x00, 0xff, 0x9f, 0xa8, 0x00, 0xff, 0x9f, 0xa8, 0x00, 0xff, 0x9f, 0xa8, 0x00, 0xff,
    0x9f, 0xa8, 0x00, 0xff, 0x9f, 0xa8, 0x00, 0xff, 0x9f, 0xa8, 0x00, 0xff, 0x9f, 0xa8, 0x00, 0xff,
    0x9f, 0xa8, 0x00, 0xff, 0x9f, 0xa8, 0x00, 0xff, 0x9f, 0xa8, 0x00, 0xff, 0x9f, 0xa8, 0x00, 0xff,
    0x9f, 0xa8, 0x00, 0xff, 0x9f, 0xa8, 0x00, 0xff, 0x9f, 0xa8, 0x00, 0xff, 0x9f, 0xa8, 0x00, 0xff,
    0x9f, 0xa8, 0x00, 0xff, 0x9f, 0xa8, 0x00, 0xff, 0x9f, 0xa8, 0x00, 0xff, 0x9f, 0xa8, 0x00, 0xff,
    0x9f, 0xa8, 0x00, 0xff, 0x9f, 0xa8, 0x00, 0xff, 0x9f, 0xa8, 0x00, 0xff, 0x9f, 0xa8, 0x00, 0xff,
    0x9f, 0xa8, 0x00, 0xff, 0x9f, 0xa8, 0x00, 0xff, 0x9f, 0xa8, 0x00, 0xff, 0x9f, 0xa8, 0x00, 0xff,
    0x9f, 0xa8, 0x00, 0xff, 0x9f, 0xa8, 0x00, 0xff, 0x9f, 0xa8, 0x00, 0xff, 0x9f, 0xa8, 0x00, 0xff,
    0x9f, 0xa8, 0x00, 0xff, 0x9f, 0xa8, 0x00, 0xff, 0x9f, 0xa8, 0x00, 0xff, 0x9f, 0xa8, 0x00, 0xff,
    0x9f, 0xa8, 0x00, 0xff, 0x9f, 0xa8, 0x00, 0xff, 0x9f, 0xa8, 0x00, 0xff, 0x9f, 0xa8, 0x00, 0xff,
    0x9f, 0xa8, 0x00, 0xff, 0x9f, 0xa8, 0x00, 0xff, 0x9f, 0xa8, 0x00, 0xff, 0x9f, 0xa8, 0x00, 0xff,
    0x9f, 0xa8, 0x00, 0xff, 0x9f, 0xa8, 0x00, 0xff, 0x9f, 0xa8, 0x00, 0xff, 0x9f, 0xa8, 0x00, 0xff,
    0x9f, 0xa8, 0x00, 0xff, 0x9f, 0xa8, 0x00, 0xff, 0x9f, 0xa8, 0x00, 0xff, 0x9f, 0xa8, 0x00, 0xff,
    0xa0, 0xa9, 0x04, 0xff, 0xba, 0xc0, 0x47, 0xff, 0xdb, 0xde, 0x9f, 0xff, 0xf9, 0xf9, 0xef, 0xff,
    0xff, 0xff, 0xff, 0xff, 0xff, 0xff, 0xff, 0xff, 0xff, 0xff, 0xff, 0xff, 0xff, 0xff, 0xff, 0xff,
    0xff, 0xff, 0xff, 0xff, 0xff, 0xff, 0xff, 0xff, 0xff, 0xff, 0xff, 0xff, 0xff, 0xff, 0xff, 0xff,
    0xff, 0xff, 0xff, 0xff, 0xff, 0xff, 0xff, 0xff, 0xff, 0xff, 0xff, 0xff, 0xff, 0xff, 0xff, 0xff,
    0xff, 0xff, 0xff, 0xff, 0xff, 0xff, 0xff, 0xff, 0xf9, 0xf9, 0xef, 0xff, 0xdb, 0xde, 0x9f, 0xff,
    0xba, 0xc0, 0x47, 0xff, 0x9f, 0xa8, 0x00, 0xff, 0x9f, 0xa8, 0x00, 0xff, 0x9f, 0xa8, 0x00, 0xff,
    0x9f, 0xa8, 0x00, 0xff, 0x9f, 0xa8, 0x00, 0xff, 0x9f, 0xa8, 0x00, 0xff, 0x9f, 0xa8, 0x00, 0xff,
    0x9f, 0xa8, 0x00, 0xff, 0x9f, 0xa8, 0x00, 0xff, 0x9f, 0xa8, 0x00, 0xff, 0x9f, 0xa8, 0x00, 0xff,
    0x9f, 0xa8, 0x00, 0xff, 0x9f, 0xa8, 0x00, 0xff, 0x9f, 0xa8, 0x00, 0xff, 0x9f, 0xa8, 0x00, 0xff,
    0x9f, 0xa8, 0x00, 0xff, 0x9f, 0xa8, 0x00, 0xff, 0x9f, 0xa8, 0x00, 0xff, 0x9f, 0xa8, 0x00, 0xff,
    0x9f, 0xa8, 0x00, 0xff, 0x9f, 0xa8, 0x00, 0xff, 0x9f, 0xa8, 0x00, 0xff, 0x9f, 0xa8, 0x00, 0xff,
    0x9f, 0xa8, 0x00, 0xff, 0x9f, 0xa8, 0x00, 0xff, 0x9f, 0xa8, 0x00, 0xff, 0x9f, 0xa8, 0x00, 0xff,
    0x9f, 0xa8, 0x00, 0xff, 0x9f, 0xa8, 0x00, 0xff, 0x9f, 0xa8, 0x00, 0xff, 0x9f, 0xa8, 0x00, 0xff,
    0x9f, 0xa8, 0x00, 0xff, 0x9f, 0xa8, 0x00, 0xff, 0x9f, 0xa8, 0x00, 0xff, 0x9f, 0xa8, 0x00, 0xff,
    0x9f, 0xa8, 0x00, 0xff, 0x9f, 0xa8, 0x00, 0xff, 0x9f, 0xa8, 0x00, 0xff, 0x9f, 0xa8, 0x00, 0xff,
    0x9f, 0xa8, 0x00, 0xff, 0x9f, 0xa8, 0x00, 0xff, 0x9f, 0xa8, 0x00, 0xff, 0x9f, 0xa8, 0x00, 0xff,
    0x9f, 0xa8, 0x00, 0xff, 0x9f, 0xa8, 0x00, 0xff, 0x9f, 0xa8, 0x00, 0xff, 0x9f, 0xa8, 0x00, 0xff,
    0x9f, 0xa8, 0x00, 0xff, 0x9f, 0xa8, 0x00, 0xff, 0x9f, 0xa8, 0x00, 0xff, 0x9f, 0xa8, 0x00, 0xff,
    0x9f, 0xa8, 0x00, 0xff, 0x9f, 0xa8, 0x00, 0xff, 0x9f, 0xa8, 0x00, 0xff, 0x9f, 0xa8, 0x00, 0xaf,
    0x9f, 0xa8, 0x00, 0xcf, 0x9f, 0xa8, 0x00, 0xff, 0x9f, 0xa8, 0x00, 0xff, 0x9f, 0xa8, 0x00, 0xff,
    0x9f, 0xa8, 0x00, 0xff, 0x9f, 0xa8, 0x00, 0xff, 0x9f, 0xa8, 0x00, 0xff, 0x9f, 0xa8, 0x00, 0xff,
    0x9f, 0xa8, 0x00, 0xff, 0x9f, 0xa8, 0x00, 0xff, 0x9f, 0xa8, 0x00, 0xff, 0x9f, 0xa8, 0x00, 0xff,
    0x9f, 0xa8, 0x00, 0xff, 0x9f, 0xa8, 0x00, 0xff, 0x9f, 0xa8, 0x00, 0xff, 0x9f, 0xa8, 0x00, 0xff,
    0x9f, 0xa8, 0x00, 0xff, 0x9f, 0xa8, 0x00, 0xff, 0x9f, 0xa8, 0x00, 0xff, 0x9f, 0xa8, 0x00, 0xff,
    0x9f, 0xa8, 0x00, 0xff, 0x9f, 0xa8, 0x00, 0xff, 0x9f, 0xa8, 0x00, 0xff, 0x9f, 0xa8, 0x00, 0xff,
    0x9f, 0xa8, 0x00, 0xff, 0x9f, 0xa8, 0x00, 0xff, 0x9f, 0xa8, 0x00, 0xff, 0x9f, 0xa8, 0x00, 0xff,
    0x9f, 0xa8, 0x00, 0xff, 0x9f, 0xa8, 0x00, 0xff, 0x9f, 0xa8, 0x00, 0xff, 0x9f, 0xa8, 0x00, 0xff,
    0x9f, 0xa8, 0x00, 0xff, 0x9f, 0xa8, 0x00, 0xff, 0x9f, 0xa8, 0x00, 0xff, 0x9f, 0xa8, 0x00, 0xff,
    0x9f, 0xa8, 0x00, 0xff, 0x9f, 0xa8, 0x00, 0xff, 0x9f, 0xa8, 0x00, 0xff, 0x9f, 0xa8, 0x00, 0xff,
    0x9f, 0xa8, 0x00, 0xff, 0x9f, 0xa8, 0x00, 0xff, 0x9f, 0xa8, 0x00, 0xff, 0x9f, 0xa8, 0x00, 0xff,
    0x9f, 0xa8, 0x00, 0xff, 0x9f, 0xa8, 0x00, 0xff, 0x9f, 0xa8, 0x00, 0xff, 0x9f, 0xa8, 0x00, 0xff,
    0x9f, 0xa8, 0x00, 0xff, 0x9f, 0xa8, 0x00, 0xff, 0x9f, 0xa8, 0x00, 0xff, 0x9f, 0xa8, 0x00, 0xff,
    0xa2, 0xaa, 0x08, 0xff, 0xc7, 0xcc, 0x6b, 0xff, 0xf1, 0xf2, 0xdb, 0xff, 0xff, 0xff, 0xff, 0xff,
    0xff, 0xff, 0xff, 0xff, 0xff, 0xff, 0xff, 0xff, 0xff, 0xff, 0xff, 0xff, 0xff, 0xff, 0xff, 0xff,
    0xff, 0xff, 0xff, 0xff, 0xff, 0xff, 0xff, 0xff, 0xff, 0xff, 0xff, 0xff, 0xff, 0xff, 0xff, 0xff,
    0xff, 0xff, 0xff, 0xff, 0xff, 0xff, 0xff, 0xff, 0xff, 0xff, 0xff, 0xff, 0xff, 0xff, 0xff, 0xff,
    0xff, 0xff, 0xff, 0xff, 0xff, 0xff, 0xff, 0xff, 0xff, 0xff, 0xff, 0xff, 0xff, 0xff, 0xff, 0xff,
    0xff, 0xff, 0xff, 0xff, 0xff, 0xff, 0xff, 0xff, 0xff, 0xff, 0xff, 0xff, 0xf3, 0xf4, 0xdf, 0xff,
    0xc9, 0xce, 0x6f, 0xff, 0xa2, 0xaa, 0x08, 0xff, 0x9f, 0xa8, 0x00, 0xff, 0x9f, 0xa8, 0x00, 0xff,
    0x9f, 0xa8, 0x00, 0xff, 0x9f, 0xa8, 0x00, 0xff, 0x9f, 0xa8, 0x00, 0xff, 0x9f, 0xa8, 0x00, 0xff,
    0x9f, 0xa8, 0x00, 0xff, 0x9f, 0xa8, 0x00, 0xff, 0x9f, 0xa8, 0x00, 0xff, 0x9f, 0xa8, 0x00, 0xff,
    0x9f, 0xa8, 0x00, 0xff, 0x9f, 0xa8, 0x00, 0xff, 0x9f, 0xa8, 0x00, 0xff, 0x9f, 0xa8, 0x00, 0xff,
    0x9f, 0xa8, 0x00, 0xff, 0x9f, 0xa8, 0x00, 0xff, 0x9f, 0xa8, 0x00, 0xff, 0x9f, 0xa8, 0x00, 0xff,
    0x9f, 0xa8, 0x00, 0xff, 0x9f, 0xa8, 0x00, 0xff, 0x9f, 0xa8, 0x00, 0xff, 0x9f, 0xa8, 0x00, 0xff,
    0x9f, 0xa8, 0x00, 0xff, 0x9f, 0xa8, 0x00, 0xff, 0x9f, 0xa8, 0x00, 0xff, 0x9f, 0xa8, 0x00, 0xff,
    0x9f, 0xa8, 0x00, 0xff, 0x9f, 0xa8, 0x00, 0xff, 0x9f, 0xa8, 0x00, 0xff, 0x9f, 0xa8, 0x00, 0xff,
    0x9f, 0xa8, 0x00, 0xff, 0x9f, 0xa8, 0x00, 0xff, 0x9f, 0xa8, 0x00, 0xff, 0x9f, 0xa8, 0x00, 0xff,
    0x9f, 0xa8, 0x00, 0xff, 0x9f, 0xa8, 0x00, 0xff, 0x9f, 0xa8, 0x00, 0xff, 0x9f, 0xa8, 0x00, 0xff,
    0x9f, 0xa8, 0x00, 0xff, 0x9f, 0xa8, 0x00, 0xff, 0x9f, 0xa8, 0x00, 0xff, 0x9f, 0xa8, 0x00, 0xff,
    0x9f, 0xa8, 0x00, 0xff, 0x9f, 0xa8, 0x00, 0xff, 0x9f, 0xa8, 0x00, 0xff, 0x9f, 0xa8, 0x00, 0xff,
    0x9f, 0xa8, 0x00, 0xff, 0x9f, 0xa8, 0x00, 0xff, 0x9f, 0xa8, 0x00, 0xff, 0x9f, 0xa8, 0x00, 0xff,
    0x9f, 0xa8, 0x00, 0xff, 0x9e, 0xa8, 0x00, 0xcb, 0x9e, 0xa7, 0x00, 0xe3, 0x9f, 0xa8, 0x00, 0xff,
    0x9f, 0xa8, 0x00, 0xff, 0x9f, 0xa8, 0x00, 0xff, 0x9f, 0xa8, 0x00, 0xff, 0x9f, 0xa8, 0x00, 0xff,
    0x9f, 0xa8, 0x00, 0xff, 0x9f, 0xa8, 0x00, 0xff, 0x9f, 0xa8, 0x00, 0xff, 0x9f, 0xa8, 0x00, 0xff,
    0x9f, 0xa8, 0x00, 0xff, 0x9f, 0xa8, 0x00, 0xff, 0x9f, 0xa8, 0x00, 0xff, 0x9f, 0xa8, 0x00, 0xff,
    0x9f, 0xa8, 0x00, 0xff, 0x9f, 0xa8, 0x00, 0xff, 0x9f, 0xa8, 0x00, 0xff, 0x9f, 0xa8, 0x00, 0xff,
    0x9f, 0xa8, 0x00, 0xff, 0x9f, 0xa8, 0x00, 0xff, 0x9f, 0xa8, 0x00, 0xff, 0x9f, 0xa8, 0x00, 0xff,
    0x9f, 0xa8, 0x00, 0xff, 0x9f, 0xa8, 0x00, 0xff, 0x9f, 0xa8, 0x00, 0xff, 0x9f, 0xa8, 0x00, 0xff,
    0x9f, 0xa8, 0x00, 0xff, 0x9f, 0xa8, 0x00, 0xff, 0x9f, 0xa8, 0x00, 0xff, 0x9f, 0xa8, 0x00, 0xff,
    0x9f, 0xa8, 0x00, 0xff, 0x9f, 0xa8, 0x00, 0xff, 0x9f, 0xa8, 0x00, 0xff, 0x9f, 0xa8, 0x00, 0xff,
    0x9f, 0xa8, 0x00, 0xff, 0x9f, 0xa8, 0x00, 0xff, 0x9f, 0xa8, 0x00, 0xff, 0x9f, 0xa8, 0x00, 0xff,
    0x9f, 0xa8, 0x00, 0xff, 0x9f, 0xa8, 0x00, 0xff, 0x9f, 0xa8, 0x00, 0xff, 0x9f, 0xa8, 0x00, 0xff,
    0x9f, 0xa8, 0x00, 0xff, 0x9f, 0xa8, 0x00, 0xff, 0x9f, 0xa8, 0x00, 0xff, 0x9f, 0xa8, 0x00, 0xff,
    0x9f, 0xa8, 0x00, 0xff, 0x9f, 0xa8, 0x00, 0xff, 0x9f, 0xa8, 0x00, 0xff, 0x9f, 0xa8, 0x00, 0xff,
    0x9f, 0xa8, 0x00, 0xff, 0xc3, 0xc8, 0x5f, 0xff, 0xf4, 0xf5, 0xe3, 0xff, 0xff, 0xff, 0xff, 0xff,
    0xff, 0xff, 0xff, 0xff, 0xff, 0xff, 0xff, 0xff, 0xff, 0xff, 0xff, 0xff, 0xff, 0xff, 0xff, 0xff,
    0xff, 0xff, 0xff, 0xff, 0xff, 0xff, 0xff, 0xff, 0xff, 0xff, 0xff, 0xff, 0xff, 0xff, 0xff, 0xff,
    0xff, 0xff, 0xff, 0xff, 0xff, 0xff, 0xff, 0xff, 0xff, 0xff, 0xff, 0xff, 0xff, 0xff, 0xff, 0xff,
    0xff, 0xff, 0xff, 0xff, 0xff, 0xff, 0xff, 0xff, 0xff, 0xff, 0xff, 0xff, 0xff, 0xff, 0xff, 0xff,
    0xff, 0xff, 0xff, 0xff, 0xff, 0xff, 0xff, 0xff, 0xff, 0xff, 0xff, 0xff, 0xff, 0xff, 0xff, 0xff,
    0xff, 0xff, 0xff, 0xff, 0xff, 0xff, 0xff, 0xff, 0xff, 0xff, 0xff, 0xff, 0xf6, 0xf6, 0xe7, 0xff,
    0xc4, 0xca, 0x63, 0xff, 0x9f, 0xa8, 0x00, 0xff, 0x9f, 0xa8, 0x00, 0xff, 0x9f, 0xa8, 0x00, 0xff,
    0x9f, 0xa8, 0x00, 0xff, 0x9f, 0xa8, 0x00, 0xff, 0x9f, 0xa8, 0x00, 0xff, 0x9f, 0xa8, 0x00, 0xff,
    0x9f, 0xa8, 0x00, 0xff, 0x9f, 0xa8, 0x00, 0xff, 0x9f, 0xa8, 0x00, 0xff, 0x9f, 0xa8, 0x00, 0xff,
    0x9f, 0xa8, 0x00, 0xff, 0x9f, 0xa8, 0x00, 0xff, 0x9f, 0xa8, 0x00, 0xff, 0x9f, 0xa8, 0x00, 0xff,
    0x9f, 0xa8, 0x00, 0xff, 0x9f, 0xa8, 0x00, 0xff, 0x9f, 0xa8, 0x00, 0xff, 0x9f, 0xa8, 0x00, 0xff,
    0x9f, 0xa8, 0x00, 0xff, 0x9f, 0xa8, 0x00, 0xff, 0x9f, 0xa8, 0x00, 0xff, 0x9f, 0xa8, 0x00, 0xff,
    0x9f, 0xa8, 0x00, 0xff, 0x9f, 0xa8, 0x00, 0xff, 0x9f, 0xa8, 0x00, 0xff, 0x9f, 0xa8, 0x00, 0xff,
    0x9f, 0xa8, 0x00, 0xff, 0x9f, 0xa8, 0x00, 0xff, 0x9f, 0xa8, 0x00, 0xff, 0x9f, 0xa8, 0x00, 0xff,
    0x9f, 0xa8, 0x00, 0xff, 0x9f, 0xa8, 0x00, 0xff, 0x9f, 0xa8, 0x00, 0xff, 0x9f, 0xa8, 0x00, 0xff,
    0x9f, 0xa8, 0x00, 0xff, 0x9f, 0xa8, 0x00, 0xff, 0x9f, 0xa8, 0x00, 0xff, 0x9f, 0xa8, 0x00, 0xff,
    0x9f, 0xa8, 0x00, 0xff, 0x9f, 0xa8, 0x00, 0xff, 0x9f, 0xa8, 0x00, 0xff, 0x9f, 0xa8, 0x00, 0xff,
    0x9f, 0xa8, 0x00, 0xff, 0x9f, 0xa8, 0x00, 0xff, 0x9f, 0xa8, 0x00, 0xff, 0x9f, 0xa8, 0x00, 0xff,
    0x9f, 0xa8, 0x00, 0xff, 0x9f, 0xa8, 0x00, 0xff, 0x9f, 0xa8, 0x00, 0xff, 0x9f, 0xa8, 0x00, 0xe7,
    0x9f, 0xa7, 0x00, 0xf7, 0x9f, 0xa8, 0x00, 0xff, 0x9f, 0xa8, 0x00, 0xff, 0x9f, 0xa8, 0x00, 0xff,
    0x9f, 0xa8, 0x00, 0xff, 0x9f, 0xa8, 0x00, 0xff, 0x9f, 0xa8, 0x00, 0xff, 0x9f, 0xa8, 0x00, 0xff,
    0x9f, 0xa8, 0x00, 0xff, 0x9f, 0xa8, 0x00, 0xff, 0x9f, 0xa8, 0x00, 0xff, 0x9f, 0xa8, 0x00, 0xff,
    0x9f, 0xa8, 0x00, 0xff, 0x9f, 0xa8, 0x00, 0xff, 0x9f, 0xa8, 0x00, 0xff, 0x9f, 0xa8, 0x00, 0xff,
    0x9f, 0xa8, 0x00, 0xff, 0x9f, 0xa8, 0x00, 0xff, 0x9f, 0xa8, 0x00, 0xff, 0x9f, 0xa8, 0x00, 0xff,
    0x9f, 0xa8, 0x00, 0xff, 0x9f, 0xa8, 0x00, 0xff, 0x9f, 0xa8, 0x00, 0xff, 0x9f, 0xa8, 0x00, 0xff,
    0x9f, 0xa8, 0x00, 0xff, 0x9f, 0xa8, 0x00, 0xff, 0x9f, 0xa8, 0x00, 0xff, 0x9f, 0xa8, 0x00, 0xff,
    0x9f, 0xa8, 0x00, 0xff, 0x9f, 0xa8, 0x00, 0xff, 0x9f, 0xa8, 0x00, 0xff, 0x9f, 0xa8, 0x00, 0xff,
    0x9f, 0xa8, 0x00, 0xff, 0x9f, 0xa8, 0x00, 0xff, 0x9f, 0xa8, 0x00, 0xff, 0x9f, 0xa8, 0x00, 0xff,
    0x9f, 0xa8, 0x00, 0xff, 0x9f, 0xa8, 0x00, 0xff, 0x9f, 0xa8, 0x00, 0xff, 0x9f, 0xa8, 0x00, 0xff,
    0x9f, 0xa8, 0x00, 0xff, 0x9f, 0xa8, 0x00, 0xff, 0x9f, 0xa8, 0x00, 0xff, 0x9f, 0xa8, 0x00, 0xff,
    0x9f, 0xa8, 0x00, 0xff, 0x9f, 0xa8, 0x00, 0xff, 0x9f, 0xa8, 0x00, 0xff, 0x9f, 0xa8, 0x00, 0xff,
    0x9f, 0xa8, 0x00, 0xff, 0xae, 0xb5, 0x27, 0xff, 0xea, 0xeb, 0xc7, 0xff, 0xff, 0xff, 0xff, 0xff,
    0xff, 0xff, 0xff, 0xff, 0xff, 0xff, 0xff, 0xff, 0xff, 0xff, 0xff, 0xff, 0xff, 0xff, 0xff, 0xff,
    0xff, 0xff, 0xff, 0xff, 0xff, 0xff, 0xff, 0xff, 0xff, 0xff, 0xff, 0xff, 0xff, 0xff, 0xff, 0xff,
    0xff, 0xff, 0xff, 0xff, 0xff, 0xff, 0xff, 0xff, 0xff, 0xff, 0xff, 0xff, 0xff, 0xff, 0xff, 0xff,
    0xff, 0xff, 0xff, 0xff, 0xff, 0xff, 0xff, 0xff, 0xff, 0xff, 0xff, 0xff, 0xff, 0xff, 0xff, 0xff,
    0xff, 0xff, 0xff, 0xff, 0xff, 0xff, 0xff, 0xff, 0xff, 0xff, 0xff, 0xff, 0xff, 0xff, 0xff, 0xff,
    0xff, 0xff, 0xff, 0xff, 0xff, 0xff, 0xff, 0xff, 0xff, 0xff, 0xff, 0xff, 0xff, 0xff, 0xff, 0xff,
    0xff, 0xff, 0xff, 0xff, 0xff, 0xff, 0xff, 0xff, 0xff, 0xff, 0xff, 0xff, 0xe7, 0xe9, 0xbf, 0xff,
    0xab, 0xb2, 0x1f, 0xff, 0x9f, 0xa8, 0x00, 0xff, 0x9f, 0xa8, 0x00, 0xff, 0x9f, 0xa8, 0x00, 0xff,
    0x9f, 0xa8, 0x00, 0xff, 0x9f, 0xa8, 0x00, 0xff, 0x9f, 0xa8, 0x00, 0xff, 0x9f, 0xa8, 0x00, 0xff,
    0x9f, 0xa8, 0x00, 0xff, 0x9f, 0xa8, 0x00, 0xff, 0x9f, 0xa8, 0x00, 0xff, 0x9f, 0xa8, 0x00, 0xff,
    0x9f, 0xa8, 0x00, 0xff, 0x9f, 0xa8, 0x00, 0xff, 0x9f, 0xa8, 0x00, 0xff, 0x9f, 0xa8, 0x00, 0xff,
    0x9f, 0xa8, 0x00, 0xff, 0x9f, 0xa8, 0x00, 0xff, 0x9f, 0xa8, 0x00, 0xff, 0x9f, 0xa8, 0x00, 0xff,
    0x9f, 0xa8, 0x00, 0xff, 0x9f, 0xa8, 0x00, 0xff, 0x9f, 0xa8, 0x00, 0xff, 0x9f, 0xa8, 0x00, 0xff,
    0x9f, 0xa8, 0x00, 0xff, 0x9f, 0xa8, 0x00, 0xff, 0x9f, 0xa8, 0x00, 0xff, 0x9f, 0xa8, 0x00, 0xff,
    0x9f, 0xa8, 0x00, 0xff, 0x9f, 0xa8, 0x00, 0xff, 0x9f, 0xa8, 0x00, 0xff, 0x9f, 0xa8, 0x00, 0xff,
    0x9f, 0xa8, 0x00, 0xff, 0x9f, 0xa8, 0x00, 0xff, 0x9f, 0xa8, 0x00, 0xff, 0x9f, 0xa8, 0x00, 0xff,
    0x9f, 0xa8, 0x00, 0xff, 0x9f, 0xa8, 0x00, 0xff, 0x9f, 0xa8, 0x00, 0xff, 0x9f, 0xa8, 0x00, 0xff,
    0x9f, 0xa8, 0x00, 0xff, 0x9f, 0xa8, 0x00, 0xff, 0x9f, 0xa8, 0x00, 0xff, 0x9f, 0xa8, 0x00, 0xff,
    0x9f, 0xa8, 0x00, 0xff, 0x9f, 0xa8, 0x00, 0xff, 0x9f, 0xa8, 0x00, 0xff, 0x9f, 0xa8, 0x00, 0xff,
    0x9f, 0xa8, 0x00, 0xff, 0x9f, 0xa7, 0x00, 0xf7, 0x9f, 0xa8, 0x00, 0xff, 0x9f, 0xa8, 0x00, 0xff,
    0x9f, 0xa8, 0x00, 0xff, 0x9f, 0xa8, 0x00, 0xff, 0x9f, 0xa8, 0x00, 0xff, 0x9f, 0xa8, 0x00, 0xff,
    0x9f, 0xa8, 0x00, 0xff, 0x9f, 0xa8, 0x00, 0xff, 0x9f, 0xa8, 0x00, 0xff, 0x9f, 0xa8, 0x00, 0xff,
    0x9f, 0xa8, 0x00, 0xff, 0x9f, 0xa8, 0x00, 0xff, 0x9f, 0xa8, 0x00, 0xff, 0x9f, 0xa8, 0x00, 0xff,
    0x9f, 0xa8, 0x00, 0xff, 0x9f, 0xa8, 0x00, 0xff, 0x9f, 0xa8, 0x00, 0xff, 0x9f, 0xa8, 0x00, 0xff,
    0x9f, 0xa8, 0x00, 0xff, 0x9f, 0xa8, 0x00, 0xff, 0x9f, 0xa8, 0x00, 0xff, 0x9f, 0xa8, 0x00, 0xff,
    0x9f, 0xa8, 0x00, 0xff, 0x9f, 0xa8, 0x00, 0xff, 0x9f, 0xa8, 0x00, 0xff, 0x9f, 0xa8, 0x00, 0xff,
    0x9f, 0xa8, 0x00, 0xff, 0x9f, 0xa8, 0x00, 0xff, 0x9f, 0xa8, 0x00, 0xff, 0x9f, 0xa8, 0x00, 0xff,
    0x9f, 0xa8, 0x00, 0xff, 0x9f, 0xa8, 0x00, 0xff, 0x9f, 0xa8, 0x00, 0xff, 0x9f, 0xa8, 0x00, 0xff,
    0x9f, 0xa8, 0x00, 0xff, 0x9f, 0xa8, 0x00, 0xff, 0x9f, 0xa8, 0x00, 0xff, 0x9f, 0xa8, 0x00, 0xff,
    0x9f, 0xa8, 0x00, 0xff, 0x9f, 0xa8, 0x00, 0xff, 0x9f, 0xa8, 0x00, 0xff, 0x9f, 0xa8, 0x00, 0xff,
    0x9f, 0xa8, 0x00, 0xff, 0x9f, 0xa8, 0x00, 0xff, 0x9f, 0xa8, 0x00, 0xff, 0x9f, 0xa8, 0x00, 0xff,
    0x9f, 0xa8, 0x00, 0xff, 0x9f, 0xa8, 0x00, 0xff, 0xc1, 0xc7, 0x5b, 0xff, 0xfa, 0xfa, 0xf3, 0xff,
    0xff, 0xff, 0xff, 0xff, 0xff, 0xff, 0xff, 0xff, 0xff, 0xff, 0xff, 0xff, 0xff, 0xff, 0xff, 0xff,
    0xff, 0xff, 0xff, 0xff, 0xff, 0xff, 0xff, 0xff, 0xff, 0xff, 0xff, 0xff, 0xff, 0xff, 0xff, 0xff,
    0xff, 0xff, 0xff, 0xff, 0xff, 0xff, 0xff, 0xff, 0xff, 0xff, 0xff, 0xff, 0xff, 0xff, 0xff, 0xff,
    0xff, 0xff, 0xff, 0xff, 0xff, 0xff, 0xff, 0xff, 0xff, 0xff, 0xff, 0xff, 0xff, 0xff, 0xff, 0xff,
    0xff, 0xff, 0xff, 0xff, 0xff, 0xff, 0xff, 0xff, 0xff, 0xff, 0xff, 0xff, 0xff, 0xff, 0xff, 0xff,
    0xff, 0xff, 0xff, 0xff, 0xff, 0xff, 0xff, 0xff, 0xff, 0xff, 0xff, 0xff, 0xff, 0xff, 0xff, 0xff,
    0xff, 0xff, 0xff, 0xff, 0xff, 0xff, 0xff, 0xff, 0xff, 0xff, 0xff, 0xff, 0xff, 0xff, 0xff, 0xff,
    0xff, 0xff, 0xff, 0xff, 0xff, 0xff, 0xff, 0xff, 0xfc, 0xfc, 0xf7, 0xff, 0xc1, 0xc7, 0x5b, 0xff,
    0x9f, 0xa8, 0x00, 0xff, 0x9f, 0xa8, 0x00, 0xff, 0x9f, 0xa8, 0x00, 0xff, 0x9f, 0xa8, 0x00, 0xff,
    0x9f, 0xa8, 0x00, 0xff, 0x9f, 0xa8, 0x00, 0xff, 0x9f, 0xa8, 0x00, 0xff, 0x9f, 0xa8, 0x00, 0xff,
    0x9f, 0xa8, 0x00, 0xff, 0x9f, 0xa8, 0x00, 0xff, 0x9f, 0xa8, 0x00, 0xff, 0x9f, 0xa8, 0x00, 0xff,
    0x9f, 0xa8, 0x00, 0xff, 0x9f, 0xa8, 0x00, 0xff, 0x9f, 0xa8, 0x00, 0xff, 0x9f, 0xa8, 0x00, 0xff,
    0x9f, 0xa8, 0x00, 0xff, 0x9f, 0xa8, 0x00, 0xff, 0x9f, 0xa8, 0x00, 0xff, 0x9f, 0xa8, 0x00, 0xff,
    0x9f, 0xa8, 0x00, 0xff, 0x9f, 0xa8, 0x00, 0xff, 0x9f, 0xa8, 0x00, 0xff, 0x9f, 0xa8, 0x00, 0xff,
    0x9f, 0xa8, 0x00, 0xff, 0x9f, 0xa8, 0x00, 0xff, 0x9f, 0xa8, 0x00, 0xff, 0x9f, 0xa8, 0x00, 0xff,
    0x9f, 0xa8, 0x00, 0xff, 0x9f, 0xa8, 0x00, 0xff, 0x9f, 0xa8, 0x00, 0xff, 0x9f, 0xa8, 0x00, 0xff,
    0x9f, 0xa8, 0x00, 0xff, 0x9f, 0xa8, 0x00, 0xff, 0x9f, 0xa8, 0x00, 0xff, 0x9f, 0xa8, 0x00, 0xff,
    0x9f, 0xa8, 0x00, 0xff, 0x9f, 0xa8, 0x00, 0xff, 0x9f, 0xa8, 0x00, 0xff, 0x9f, 0xa8, 0x00, 0xff,
    0x9f, 0xa8, 0x00, 0xff, 0x9f, 0xa8, 0x00, 0xff, 0x9f, 0xa8, 0x00, 0xff, 0x9f, 0xa8, 0x00, 0xff,
    0x9f, 0xa8, 0x00, 0xff, 0x9f, 0xa8, 0x00, 0xff, 0x9f, 0xa8, 0x00, 0xff, 0x9f, 0xa8, 0x00, 0xff,
    0x9f, 0xa8, 0x00, 0xff, 0x9f, 0xa8, 0x00, 0xff, 0x9f, 0xa8, 0x00, 0xff, 0x9f, 0xa8, 0x00, 0xff,
    0x9f, 0xa8, 0x00, 0xff, 0x9f, 0xa8, 0x00, 0xff, 0x9f, 0xa8, 0x00, 0xff, 0x9f, 0xa8, 0x00, 0xff,
    0x9f, 0xa8, 0x00, 0xff, 0x9f, 0xa8, 0x00, 0xff, 0x9f, 0xa8, 0x00, 0xff, 0x9f, 0xa8, 0x00, 0xff,
    0x9f, 0xa8, 0x00, 0xff, 0x9f, 0xa8, 0x00, 0xff, 0x9f, 0xa8, 0x00, 0xff, 0x9f, 0xa8, 0x00, 0xff,
    0x9f, 0xa8, 0x00, 0xff, 0x9f, 0xa8, 0x00, 0xff, 0x9f, 0xa8, 0x00, 0xff, 0x9f, 0xa8, 0x00, 0xff,
    0x9f, 0xa8, 0x00, 0xff, 0x9f, 0xa8, 0x00, 0xff, 0x9f, 0xa8, 0x00, 0xff, 0x9f, 0xa8, 0x00, 0xff,
    0x9f, 0xa8, 0x00, 0xff, 0x9f, 0xa8, 0x00, 0xff, 0x9f, 0xa8, 0x00, 0xff, 0x9f, 0xa8, 0x00, 0xff,
    0x9f, 0xa8, 0x00, 0xff, 0x9f, 0xa8, 0x00, 0xff, 0x9f, 0xa8, 0x00, 0xff, 0x9f, 0xa8, 0x00, 0xff,
    0x9f, 0xa8, 0x00, 0xff, 0x9f, 0xa8, 0x00, 0xff, 0x9f, 0xa8, 0x00, 0xff, 0x9f, 0xa8, 0x00, 0xff,
    0x9f, 0xa8, 0x00, 0xff, 0x9f, 0xa8, 0x00, 0xff, 0x9f, 0xa8, 0x00, 0xff, 0x9f, 0xa8, 0x00, 0xff,
    0x9f, 0xa8, 0x00, 0xff, 0x9f, 0xa8, 0x00, 0xff, 0x9f, 0xa8, 0x00, 0xff, 0x9f, 0xa8, 0x00, 0xff,
    0x9f, 0xa8, 0x00, 0xff, 0x9f, 0xa8, 0x00, 0xff, 0xa0, 0xa9, 0x04, 0xff, 0xd2, 0xd6, 0x87, 0xff,
    0xff, 0xff, 0xff, 0xff, 0xff, 0xff, 0xff, 0xff, 0xff, 0xff, 0xff, 0xff, 0xff, 0xff, 0xff, 0xff,
    0xff, 0xff, 0xff, 0xff, 0xff, 0xff, 0xff, 0xff, 0xff, 0xff, 0xff, 0xff, 0xff, 0xff, 0xff, 0xff,
    0xff, 0xff, 0xff, 0xff, 0xff, 0xff, 0xff, 0xff, 0xff, 0xff, 0xff, 0xff, 0xff, 0xff, 0xff, 0xff,
    0xff, 0xff, 0xff, 0xff, 0xff, 0xff, 0xff, 0xff, 0xff, 0xff, 0xff, 0xff, 0xff, 0xff, 0xff, 0xff,
    0xff, 0xff, 0xff, 0xff, 0xff, 0xff, 0xff, 0xff, 0xff, 0xff, 0xff, 0xff, 0xff, 0xff, 0xff, 0xff,
    0xff, 0xff, 0xff, 0xff, 0xff, 0xff, 0xff, 0xff, 0xff, 0xff, 0xff, 0xff, 0xff, 0xff, 0xff, 0xff,
    0xff, 0xff, 0xff, 0xff, 0xff, 0xff, 0xff, 0xff, 0xff, 0xff, 0xff, 0xff, 0xff, 0xff, 0xff, 0xff,
    0xff, 0xff, 0xff, 0xff, 0xff, 0xff, 0xff, 0xff, 0xff, 0xff, 0xff, 0xff, 0xff, 0xff, 0xff, 0xff,
    0xff, 0xff, 0xff, 0xff, 0xff, 0xff, 0xff, 0xff, 0xd2, 0xd6, 0x87, 0xff, 0x9f, 0xa8, 0x00, 0xff,
    0x9f, 0xa8, 0x00, 0xff, 0x9f, 0xa8, 0x00, 0xff, 0x9f, 0xa8, 0x00, 0xff, 0x9f, 0xa8, 0x00, 0xff,
    0x9f, 0xa8, 0x00, 0xff, 0x9f, 0xa8, 0x00, 0xff, 0x9f, 0xa8, 0x00, 0xff, 0x9f, 0xa8, 0x00, 0xff,
    0x9f, 0xa8, 0x00, 0xff, 0x9f, 0xa8, 0x00, 0xff, 0x9f, 0xa8, 0x00, 0xff, 0x9f, 0xa8, 0x00, 0xff,
    0x9f, 0xa8, 0x00, 0xff, 0x9f, 0xa8, 0x00, 0xff, 0x9f, 0xa8, 0x00, 0xff, 0x9f, 0xa8, 0x00, 0xff,
    0x9f, 0xa8, 0x00, 0xff, 0x9f, 0xa8, 0x00, 0xff, 0x9f, 0xa8, 0x00, 0xff, 0x9f, 0xa8, 0x00, 0xff,
    0x9f, 0xa8, 0x00, 0xff, 0x9f, 0xa8, 0x00, 0xff, 0x9f, 0xa8, 0x00, 0xff, 0x9f, 0xa8, 0x00, 0xff,
    0x9f, 0xa8, 0x00, 0xff, 0x9f, 0xa8, 0x00, 0xff, 0x9f, 0xa8, 0x00, 0xff, 0x9f, 0xa8, 0x00, 0xff,
    0x9f, 0xa8, 0x00, 0xff, 0x9f, 0xa8, 0x00, 0xff, 0x9f, 0xa8, 0x00, 0xff, 0x9f, 0xa8, 0x00, 0xff,
    0x9f, 0xa8, 0x00, 0xff, 0x9f, 0xa8, 0x00, 0xff, 0x9f, 0xa8, 0x00, 0xff, 0x9f, 0xa8, 0x00, 0xff,
    0x9f, 0xa8, 0x00, 0xff, 0x9f, 0xa8, 0x00, 0xff, 0x9f, 0xa8, 0x00, 0xff, 0x9f, 0xa8, 0x00, 0xff,
    0x9f, 0xa8, 0x00, 0xff, 0x9f, 0xa8, 0x00, 0xff, 0x9f, 0xa8, 0x00, 0xff, 0x9f, 0xa8, 0x00, 0xff,
    0x9f, 0xa8, 0x00, 0xff, 0x9f, 0xa8, 0x00, 0xff, 0x9f, 0xa8, 0x00, 0xff, 0x9f, 0xa8, 0x00, 0xff,
    0x9f, 0xa8, 0x00, 0xff, 0x9f, 0xa8, 0x00, 0xff, 0x9f, 0xa8, 0x00, 0xff, 0x9f, 0xa8, 0x00, 0xff,
    0x9f, 0xa8, 0x00, 0xff, 0x9f, 0xa8, 0x00, 0xff, 0x9f, 0xa8, 0x00, 0xff, 0x9f, 0xa8, 0x00, 0xff,
    0x9f, 0xa8, 0x00, 0xff, 0x9f, 0xa8, 0x00, 0xff, 0x9f, 0xa8, 0x00, 0xff, 0x9f, 0xa8, 0x00, 0xff,
    0x9f, 0xa8, 0x00, 0xff, 0x9f, 0xa8, 0x00, 0xff, 0x9f, 0xa8, 0x00, 0xff, 0x9f, 0xa8, 0x00, 0xff,
    0x9f, 0xa8, 0x00, 0xff, 0x9f, 0xa8, 0x00, 0xff, 0x9f, 0xa8, 0x00, 0xff, 0x9f, 0xa8, 0x00, 0xff,
    0x9f, 0xa8, 0x00, 0xff, 0x9f, 0xa8, 0x00, 0xff, 0x9f, 0xa8, 0x00, 0xff, 0x9f, 0xa8, 0x00, 0xff,
    0x9f, 0xa8, 0x00, 0xff, 0x9f, 0xa8, 0x00, 0xff, 0x9f, 0xa8, 0x00, 0xff, 0x9f, 0xa8, 0x00, 0xff,
    0x9f, 0xa8, 0x00, 0xff, 0x9f, 0xa8, 0x00, 0xff, 0x9f, 0xa8, 0x00, 0xff, 0x9f, 0xa8, 0x00, 0xff,
    0x9f, 0xa8, 0x00, 0xff, 0x9f, 0xa8, 0x00, 0xff, 0x9f, 0xa8, 0x00, 0xff, 0x9f, 0xa8, 0x00, 0xff,
    0x9f, 0xa8, 0x00, 0xff, 0x9f, 0xa8, 0x00, 0xff, 0x9f, 0xa8, 0x00, 0xff, 0x9f, 0xa8, 0x00, 0xff,
    0x9f, 0xa8, 0x00, 0xff, 0x9f, 0xa8, 0x00, 0xff, 0x9f, 0xa8, 0x00, 0xff, 0xa0, 0xa9, 0x04, 0xff,
    0xdf, 0xe2, 0xab, 0xff, 0xff, 0xff, 0xff, 0xff, 0xff, 0xff, 0xff, 0xff, 0xff, 0xff, 0xff, 0xff,
    0xff, 0xff, 0xff, 0xff, 0xff, 0xff, 0xff, 0xff, 0xff, 0xff, 0xff, 0xff, 0xff, 0xff, 0xff, 0xff,
    0xff, 0xff, 0xff, 0xff, 0xff, 0xff, 0xff, 0xff, 0xff, 0xff, 0xff, 0xff, 0xff, 0xff, 0xff, 0xff,
    0xff, 0xff, 0xff, 0xff, 0xff, 0xff, 0xff, 0xff, 0xff, 0xff, 0xff, 0xff, 0xff, 0xff, 0xff, 0xff,
    0xfc, 0xfc, 0xf7, 0xff, 0xf3, 0xf4, 0xdf, 0xff, 0xed, 0xee, 0xcf, 0xff, 0xed, 0xee, 0xcf, 0xff,
    0xf3, 0xf4, 0xdf, 0xff, 0xfc, 0xfc, 0xf7, 0xff, 0xff, 0xff, 0xff, 0xff, 0xff, 0xff, 0xff, 0xff,
    0xff, 0xff, 0xff, 0xff, 0xff, 0xff, 0xff, 0xff, 0xff, 0xff, 0xff, 0xff, 0xff, 0xff, 0xff, 0xff,
    0xff, 0xff, 0xff, 0xff, 0xff, 0xff, 0xff, 0xff, 0xff, 0xff, 0xff, 0xff, 0xff, 0xff, 0xff, 0xff,
    0xff, 0xff, 0xff, 0xff, 0xff, 0xff, 0xff, 0xff, 0xff, 0xff, 0xff, 0xff, 0xff, 0xff, 0xff, 0xff,
    0xff, 0xff, 0xff, 0xff, 0xdf, 0xe2, 0xab, 0xff, 0xa0, 0xa9, 0x04, 0xff, 0x9f, 0xa8, 0x00, 0xff,
    0x9f, 0xa8, 0x00, 0xff, 0x9f, 0xa8, 0x00, 0xff, 0x9f, 0xa8, 0x00, 0xff, 0x9f, 0xa8, 0x00, 0xff,
    0x9f, 0xa8, 0x00, 0xff, 0x9f, 0xa8, 0x00, 0xff, 0x9f, 0xa8, 0x00, 0xff, 0x9f, 0xa8, 0x00, 0xff,
    0x9f, 0xa8, 0x00, 0xff, 0x9f, 0xa8, 0x00, 0xff, 0x9f, 0xa8, 0x00, 0xff, 0x9f, 0xa8, 0x00, 0xff,
    0x9f, 0xa8, 0x00, 0xff, 0x9f, 0xa8, 0x00, 0xff, 0x9f, 0xa8, 0x00, 0xff, 0x9f, 0xa8, 0x00, 0xff,
    0x9f, 0xa8, 0x00, 0xff, 0x9f, 0xa8, 0x00, 0xff, 0x9f, 0xa8, 0x00, 0xff, 0x9f, 0xa8, 0x00, 0xff,
    0x9f, 0xa8, 0x00, 0xff, 0x9f, 0xa8, 0x00, 0xff, 0x9f, 0xa8, 0x00, 0xff, 0x9f, 0xa8, 0x00, 0xff,
    0x9f, 0xa8, 0x00, 0xff, 0x9f, 0xa8, 0x00, 0xff, 0x9f, 0xa8, 0x00, 0xff, 0x9f, 0xa8, 0x00, 0xff,
    0x9f, 0xa8, 0x00, 0xff, 0x9f, 0xa8, 0x00, 0xff, 0x9f, 0xa8, 0x00, 0xff, 0x9f, 0xa8, 0x00, 0xff,
    0x9f, 0xa8, 0x00, 0xff, 0x9f, 0xa8, 0x00, 0xff, 0x9f, 0xa8, 0x00, 0xff, 0x9f, 0xa8, 0x00, 0xff,
    0x9f, 0xa8, 0x00, 0xff, 0x9f, 0xa8, 0x00, 0xff, 0x9f, 0xa8, 0x00, 0xff, 0x9f, 0xa8, 0x00, 0xff,
    0x9f, 0xa8, 0x00, 0xff, 0x9f, 0xa8, 0x00, 0xff, 0x9f, 0xa8, 0x00, 0xff, 0x9f, 0xa8, 0x00, 0xff,
    0x9f, 0xa8, 0x00, 0xff, 0x9f, 0xa8, 0x00, 0xff, 0x9f, 0xa8, 0x00, 0xff, 0x9f, 0xa8, 0x00, 0xff,
    0x9f, 0xa8, 0x00, 0xff, 0x9f, 0xa8, 0x00, 0xff, 0x9f, 0xa8, 0x00, 0xff, 0x9f, 0xa8, 0x00, 0xff,
    0x9f, 0xa8, 0x00, 0xff, 0x9f, 0xa8, 0x00, 0xff, 0x9f, 0xa8, 0x00, 0xff, 0x9f, 0xa8, 0x00, 0xff,
    0x9f, 0xa8, 0x00, 0xff, 0x9f, 0xa8, 0x00, 0xff, 0x9f, 0xa8, 0x00, 0xff, 0x9f, 0xa8, 0x00, 0xff,
    0x9f, 0xa8, 0x00, 0xff, 0x9f, 0xa8, 0x00, 0xff, 0x9f, 0xa8, 0x00, 0xff, 0x9f, 0xa8, 0x00, 0xff,
    0x9f, 0xa8, 0x00, 0xff, 0x9f, 0xa8, 0x00, 0xff, 0x9f, 0xa8, 0x00, 0xff, 0x9f, 0xa8, 0x00, 0xff,
    0x9f, 0xa8, 0x00, 0xff, 0x9f, 0xa8, 0x00, 0xff, 0x9f, 0xa8, 0x00, 0xff, 0x9f, 0xa8, 0x00, 0xff,
    0x9f, 0xa8, 0x00, 0xff, 0x9f, 0xa8, 0x00, 0xff, 0x9f, 0xa8, 0x00, 0xff, 0x9f, 0xa8, 0x00, 0xff,
    0x9f, 0xa8, 0x00, 0xff, 0x9f, 0xa8, 0x00, 0xff, 0x9f, 0xa8, 0x00, 0xff, 0x9f, 0xa8, 0x00, 0xff,
    0x9f, 0xa8, 0x00, 0xff, 0x9f, 0xa8, 0x00, 0xff, 0x9f, 0xa8, 0x00, 0xff, 0x9f, 0xa8, 0x00, 0xff,
    0x9f, 0xa8, 0x00, 0xff, 0x9f, 0xa8, 0x00, 0xff, 0x9f, 0xa8, 0x00, 0xff, 0x9f, 0xa8, 0x00, 0xff,
    0x9f, 0xa8, 0x00, 0xff, 0xdf, 0xe2, 0xab, 0xff, 0xff, 0xff, 0xff, 0xff, 0xff, 0xff, 0xff, 0xff,
    0xff, 0xff, 0xff, 0xff, 0xff, 0xff, 0xff, 0xff, 0xff, 0xff, 0xff, 0xff, 0xff, 0xff, 0xff, 0xff,
    0xff, 0xff, 0xff, 0xff, 0xff, 0xff, 0xff, 0xff, 0xff, 0xff, 0xff, 0xff, 0xff, 0xff, 0xff, 0xff,
    0xff, 0xff, 0xff, 0xff, 0xff, 0xff, 0xff, 0xff, 0xf9, 0xf9, 0xef, 0xff, 0xdb, 0xde, 0x9f, 0xff,
    0xc0, 0xc5, 0x57, 0xff, 0xac, 0xb4, 0x24, 0xff, 0xa0, 0xa9, 0x04, 0xff, 0x9f, 0xa8, 0x00, 0xff,
    0x9f, 0xa8, 0x00, 0xff, 0x9f, 0xa8, 0x00, 0xff, 0x9f, 0xa8, 0x00, 0xff, 0x9f, 0xa8, 0x00, 0xff,
    0xab, 0xb3, 0x20, 0xff, 0xc0, 0xc5, 0x57, 0xff, 0xdb, 0xde, 0x9f, 0xff, 0xf9, 0xf9, 0xef, 0xff,
    0xff, 0xff, 0xff, 0xff, 0xff, 0xff, 0xff, 0xff, 0xff, 0xff, 0xff, 0xff, 0xff, 0xff, 0xff, 0xff,
    0xff, 0xff, 0xff, 0xff, 0xff, 0xff, 0xff, 0xff, 0xff, 0xff, 0xff, 0xff, 0xff, 0xff, 0xff, 0xff,
    0xff, 0xff, 0xff, 0xff, 0xff, 0xff, 0xff, 0xff, 0xff, 0xff, 0xff, 0xff, 0xff, 0xff, 0xff, 0xff,
    0xdf, 0xe2, 0xab, 0xff, 0xa0, 0xa9, 0x04, 0xff, 0x9f, 0xa8, 0x00, 0xff, 0x9f, 0xa8, 0x00, 0xff,
    0x9f, 0xa8, 0x00, 0xff, 0x9f, 0xa8, 0x00, 0xff, 0x9f, 0xa8, 0x00, 0xff, 0x9f, 0xa8, 0x00, 0xff,
    0x9f, 0xa8, 0x00, 0xff, 0x9f, 0xa8, 0x00, 0xff, 0x9f, 0xa8, 0x00, 0xff, 0x9f, 0xa8, 0x00, 0xff,
    0x9f, 0xa8, 0x00, 0xff, 0x9f, 0xa8, 0x00, 0xff, 0x9f, 0xa8, 0x00, 0xff, 0x9f, 0xa8, 0x00, 0xff,
    0x9f, 0xa8, 0x00, 0xff, 0x9f, 0xa8, 0x00, 0xff, 0x9f, 0xa8, 0x00, 0xff, 0x9f, 0xa8, 0x00, 0xff,
    0x9f, 0xa8, 0x00, 0xff, 0x9f, 0xa8, 0x00, 0xff, 0x9f, 0xa8, 0x00, 0xff, 0x9f, 0xa8, 0x00, 0xff,
    0x9f, 0xa8, 0x00, 0xff, 0x9f, 0xa8, 0x00, 0xff, 0x9f, 0xa8, 0x00, 0xff, 0x9f, 0xa8, 0x00, 0xff,
    0x9f, 0xa8, 0x00, 0xff, 0x9f, 0xa8, 0x00, 0xff, 0x9f, 0xa8, 0x00, 0xff, 0x9f, 0xa8, 0x00, 0xff,
    0x9f, 0xa8, 0x00, 0xff, 0x9f, 0xa8, 0x00, 0xff, 0x9f, 0xa8, 0x00, 0xff, 0x9f, 0xa8, 0x00, 0xff,
    0x9f, 0xa8, 0x00, 0xff, 0x9f, 0xa8, 0x00, 0xff, 0x9f, 0xa8, 0x00, 0xff, 0x9f, 0xa8, 0x00, 0xff,
    0x9f, 0xa8, 0x00, 0xff, 0x9f, 0xa8, 0x00, 0xff, 0x9f, 0xa8, 0x00, 0xff, 0x9f, 0xa8, 0x00, 0xff,
    0x9f, 0xa8, 0x00, 0xff, 0x9f, 0xa8, 0x00, 0xff, 0x9f, 0xa8, 0x00, 0xff, 0x9f, 0xa8, 0x00, 0xff,
    0x9f, 0xa8, 0x00, 0xff, 0x9f, 0xa8, 0x00, 0xff, 0x9f, 0xa8, 0x00, 0xff, 0x9f, 0xa8, 0x00, 0xff,
    0x9f, 0xa8, 0x00, 0xff, 0x9f, 0xa8, 0x00, 0xff, 0x9f, 0xa8, 0x00, 0xff, 0x9f, 0xa8, 0x00, 0xff,
    0x9f, 0xa8, 0x00, 0xff, 0x9f, 0xa8, 0x00, 0xff, 0x9f, 0xa8, 0x00, 0xff, 0x9f, 0xa8, 0x00, 0xff,
    0x9f, 0xa8, 0x00, 0xff, 0x9f, 0xa8, 0x00, 0xff, 0x9f, 0xa8, 0x00, 0xff, 0x9f, 0xa8, 0x00, 0xff,
    0x9f, 0xa8, 0x00, 0xff, 0x9f, 0xa8, 0x00, 0xff, 0x9f, 0xa8, 0x00, 0xff, 0x9f, 0xa8, 0x00, 0xff,
    0x9f, 0xa8, 0x00, 0xff, 0x9f, 0xa8, 0x00, 0xff, 0x9f, 0xa8, 0x00, 0xff, 0x9f, 0xa8, 0x00, 0xff,
    0x9f, 0xa8, 0x00, 0xff, 0x9f, 0xa8, 0x00, 0xff, 0x9f, 0xa8, 0x00, 0xff, 0x9f, 0xa8, 0x00, 0xff,
    0x9f, 0xa8, 0x00, 0xff, 0x9f, 0xa8, 0x00, 0xff, 0x9f, 0xa8, 0x00, 0xff, 0x9f, 0xa8, 0x00, 0xff,
    0x9f, 0xa8, 0x00, 0xff, 0x9f, 0xa8, 0x00, 0xff, 0x9f, 0xa8, 0x00, 0xff, 0x9f, 0xa8, 0x00, 0xff,
    0x9f, 0xa8, 0x00, 0xff, 0x9f, 0xa8, 0x00, 0xff, 0x9f, 0xa8, 0x00, 0xff, 0x9f, 0xa8, 0x00, 0xff,
    0x9f, 0xa8, 0x00, 0xff, 0x9f, 0xa8, 0x00, 0xff, 0xd2, 0xd6, 0x87, 0xff, 0xff, 0xff, 0xff, 0xff,
    0xff, 0xff, 0xff, 0xff, 0xff, 0xff, 0xff, 0xff, 0xff, 0xff, 0xff, 0xff, 0xff, 0xff, 0xff, 0xff,
    0xff, 0xff, 0xff, 0xff, 0xff, 0xff, 0xff, 0xff, 0xff, 0xff, 0xff, 0xff, 0xff, 0xff, 0xff, 0xff,
    0xff, 0xff, 0xff, 0xff, 0xff, 0xff, 0xff, 0xff, 0xeb, 0xed, 0xcb, 0xff, 0xc1, 0xc7, 0x5b, 0xff,
    0xa0, 0xa9, 0x04, 0xff, 0x9f, 0xa8, 0x00, 0xff, 0x9f, 0xa8, 0x00, 0xff, 0x9f, 0xa8, 0x00, 0xff,
    0x9f, 0xa8, 0x00, 0xff, 0x9f, 0xa8, 0x00, 0xff, 0x9f, 0xa8, 0x00, 0xff, 0x9f, 0xa8, 0x00, 0xff,
    0x9f, 0xa8, 0x00, 0xff, 0x9f, 0xa8, 0x00, 0xff, 0x9f, 0xa8, 0x00, 0xff, 0x9f, 0xa8, 0x00, 0xff,
    0x9f, 0xa8, 0x00, 0xff, 0xa2, 0xaa, 0x08, 0xff, 0xbd, 0xc3, 0x4f, 0xff, 0xed, 0xee, 0xcf, 0xff,
    0xff, 0xff, 0xff, 0xff, 0xff, 0xff, 0xff, 0xff, 0xff, 0xff, 0xff, 0xff, 0xff, 0xff, 0xff, 0xff,
    0xff, 0xff, 0xff, 0xff, 0xff, 0xff, 0xff, 0xff, 0xff, 0xff, 0xff, 0xff, 0xff, 0xff, 0xff, 0xff,
    0xff, 0xff, 0xff, 0xff, 0xff, 0xff, 0xff, 0xff, 0xff, 0xff, 0xff, 0xff, 0xd2, 0xd6, 0x87, 0xff,
    0x9f, 0xa8, 0x00, 0xff, 0x9f, 0xa8, 0x00, 0xff, 0x9f, 0xa8, 0x00, 0xff, 0x9f, 0xa8, 0x00, 0xff,
    0x9f, 0xa8, 0x00, 0xff, 0x9f, 0xa8, 0x00, 0xff, 0x9f, 0xa8, 0x00, 0xff, 0x9f, 0xa8, 0x00, 0xff,
    0x9f, 0xa8, 0x00, 0xff, 0x9f, 0xa8, 0x00, 0xff, 0x9f, 0xa8, 0x00, 0xff, 0x9f, 0xa8, 0x00, 0xff,
    0x9f, 0xa8, 0x00, 0xff, 0x9f, 0xa8, 0x00, 0xff, 0x9f, 0xa8, 0x00, 0xff, 0x9f, 0xa8, 0x00, 0xff,
    0x9f, 0xa8, 0x00, 0xff, 0x9f, 0xa8, 0x00, 0xff, 0x9f, 0xa8, 0x00, 0xff, 0x9f, 0xa8, 0x00, 0xff,
    0x9f, 0xa8, 0x00, 0xff, 0x9f, 0xa8, 0x00, 0xff, 0x9f, 0xa8, 0x00, 0xff, 0x9f, 0xa8, 0x00, 0xff,
    0x9f, 0xa8, 0x00, 0xff, 0x9f, 0xa8, 0x00, 0xff, 0x9f, 0xa8, 0x00, 0xff, 0x9f, 0xa8, 0x00, 0xff,
    0x9f, 0xa8, 0x00, 0xff, 0x9f, 0xa8, 0x00, 0xff, 0x9f, 0xa8, 0x00, 0xff, 0x9f, 0xa8, 0x00, 0xff,
    0x9f, 0xa8, 0x00, 0xff, 0x9f, 0xa8, 0x00, 0xff, 0x9f, 0xa8, 0x00, 0xff, 0x9f, 0xa8, 0x00, 0xff,
    0x9f, 0xa8, 0x00, 0xff, 0x9f, 0xa8, 0x00, 0xff, 0x9f, 0xa8, 0x00, 0xff, 0x9f, 0xa8, 0x00, 0xff,
    0x9f, 0xa8, 0x00, 0xff, 0x9f, 0xa8, 0x00, 0xff, 0x9f, 0xa8, 0x00, 0xff, 0x9f, 0xa8, 0x00, 0xff,
    0x9f, 0xa8, 0x00, 0xff, 0x9f, 0xa8, 0x00, 0xff, 0x9f, 0xa8, 0x00, 0xff, 0x9f, 0xa8, 0x00, 0xff,
    0x9f, 0xa8, 0x00, 0xff, 0x9f, 0xa8, 0x00, 0xff, 0x9f, 0xa8, 0x00, 0xff, 0x9f, 0xa8, 0x00, 0xff,
    0x9f, 0xa8, 0x00, 0xff, 0x9f, 0xa8, 0x00, 0xff, 0x9f, 0xa8, 0x00, 0xff, 0x9f, 0xa8, 0x00, 0xff,
    0x9f, 0xa8, 0x00, 0xff, 0x9f, 0xa8, 0x00, 0xff, 0x9f, 0xa8, 0x00, 0xff, 0x9f, 0xa8, 0x00, 0xff,
    0x9f, 0xa8, 0x00, 0xff, 0x9f, 0xa8, 0x00, 0xff, 0x9f, 0xa8, 0x00, 0xff, 0x9f, 0xa8, 0x00, 0xff,
    0x9f, 0xa8, 0x00, 0xff, 0x9f, 0xa8, 0x00, 0xff, 0x9f, 0xa8, 0x00, 0xff, 0x9f, 0xa8, 0x00, 0xff,
    0x9f, 0xa8, 0x00, 0xff, 0x9f, 0xa8, 0x00, 0xff, 0x9f, 0xa8, 0x00, 0xff, 0x9f, 0xa8, 0x00, 0xff,
    0x9f, 0xa8, 0x00, 0xff, 0x9f, 0xa8, 0x00, 0xff, 0x9f, 0xa8, 0x00, 0xff, 0x9f, 0xa8, 0x00, 0xff,
    0x9f, 0xa8, 0x00, 0xff, 0x9f, 0xa8, 0x00, 0xff, 0x9f, 0xa8, 0x00, 0xff, 0x9f, 0xa8, 0x00, 0xff,
    0x9f, 0xa8, 0x00, 0xff, 0x9f, 0xa8, 0x00, 0xff, 0x9f, 0xa8, 0x00, 0xff, 0x9f, 0xa8, 0x00, 0xff,
    0x9f, 0xa8, 0x00, 0xff, 0x9f, 0xa8, 0x00, 0xff, 0x9f, 0xa8, 0x00, 0xff, 0xc3, 0xc8, 0x5f, 0xff,
    0xff, 0xff, 0xff, 0xff, 0xff, 0xff, 0xff, 0xff, 0xff, 0xff, 0xff, 0xff, 0xff, 0xff, 0xff, 0xff,
    0xff, 0xff, 0xff, 0xff, 0xff, 0xff, 0xff, 0xff, 0xff, 0xff, 0xff, 0xff, 0xff, 0xff, 0xff, 0xff,
    0xff, 0xff, 0xff, 0xff, 0xff, 0xff, 0xff, 0xff, 0xf4, 0xf5, 0xe3, 0xff, 0xc0, 0xc5, 0x57, 0xff,
    0x9f, 0xa8, 0x00, 0xff, 0x9f, 0xa8, 0x00, 0xff, 0x9f, 0xa8, 0x00, 0xff, 0x9f, 0xa8, 0x00, 0xff,
    0x9f, 0xa8, 0x00, 0xff, 0x9f, 0xa8, 0x00, 0xff, 0x9f, 0xa8, 0x00, 0xff, 0x9f, 0xa8, 0x00, 0xff,
    0x9f, 0xa8, 0x00, 0xff, 0x9f, 0xa8, 0x00, 0xff, 0x9f, 0xa8, 0x00, 0xff, 0x9f, 0xa8, 0x00, 0xff,
    0x9f, 0xa8, 0x00, 0xff, 0x9f, 0xa8, 0x00, 0xff, 0x9f, 0xa8, 0x00, 0xff, 0x9f, 0xa8, 0x00, 0xff,
    0x9f, 0xa8, 0x00, 0xff, 0x9f, 0xa8, 0x00, 0xff, 0xbe, 0xc4, 0x53, 0xff, 0xf3, 0xf4, 0xdf, 0xff,
    0xff, 0xff, 0xff, 0xff, 0xff, 0xff, 0xff, 0xff, 0xff, 0xff, 0xff, 0xff, 0xff, 0xff, 0xff, 0xff,
    0xff, 0xff, 0xff, 0xff, 0xff, 0xff, 0xff, 0xff, 0xff, 0xff, 0xff, 0xff, 0xff, 0xff, 0xff, 0xff,
    0xff, 0xff, 0xff, 0xff, 0xff, 0xff, 0xff, 0xff, 0xc1, 0xc7, 0x5b, 0xff, 0x9f, 0xa8, 0x00, 0xff,
    0x9f, 0xa8, 0x00, 0xff, 0x9f, 0xa8, 0x00, 0xff, 0x9f, 0xa8, 0x00, 0xff, 0x9f, 0xa8, 0x00, 0xff,
    0x9f, 0xa8, 0x00, 0xff, 0x9f, 0xa8, 0x00, 0xff, 0x9f, 0xa8, 0x00, 0xff, 0x9f, 0xa8, 0x00, 0xff,
    0x9f, 0xa8, 0x00, 0xff, 0x9f, 0xa8, 0x00, 0xff, 0x9f, 0xa8, 0x00, 0xff, 0x9f, 0xa8, 0x00, 0xff,
    0x9f, 0xa8, 0x00, 0xff, 0x9f, 0xa8, 0x00, 0xff, 0x9f, 0xa8, 0x00, 0xff, 0x9f, 0xa8, 0x00, 0xff,
    0x9f, 0xa8, 0x00, 0xff, 0x9f, 0xa8, 0x00, 0xff, 0x9f, 0xa8, 0x00, 0xff, 0x9f, 0xa8, 0x00, 0xff,
    0x9f, 0xa8, 0x00, 0xff, 0x9f, 0xa8, 0x00, 0xff, 0x9f, 0xa8, 0x00, 0xff, 0x9f, 0xa8, 0x00, 0xff,
    0x9f, 0xa8, 0x00, 0xff, 0x9f, 0xa8, 0x00, 0xff, 0x9f, 0xa8, 0x00, 0xff, 0x9f, 0xa8, 0x00, 0xff,
    0x9f, 0xa8, 0x00, 0xff, 0x9f, 0xa8, 0x00, 0xff, 0x9f, 0xa8, 0x00, 0xff, 0x9f, 0xa8, 0x00, 0xff,
    0x9f, 0xa8, 0x00, 0xff, 0x9f, 0xa8, 0x00, 0xff, 0x9f, 0xa8, 0x00, 0xff, 0x9f, 0xa8, 0x00, 0xff,
    0x9f, 0xa8, 0x00, 0xff, 0x9f, 0xa8, 0x00, 0xff, 0x9f, 0xa8, 0x00, 0xff, 0x9f, 0xa8, 0x00, 0xff,
    0x9f, 0xa8, 0x00, 0xff, 0x9f, 0xa8, 0x00, 0xff, 0x9f, 0xa8, 0x00, 0xff, 0x9f, 0xa8, 0x00, 0xff,
    0x9f, 0xa8, 0x00, 0xff, 0x9f, 0xa8, 0x00, 0xff, 0x9f, 0xa8, 0x00, 0xff, 0x9f, 0xa8, 0x00, 0xff,
    0x9f, 0xa8, 0x00, 0xff, 0x9f, 0xa8, 0x00, 0xff, 0x9f, 0xa8, 0x00, 0xff, 0x9f, 0xa8, 0x00, 0xff,
    0x9f, 0xa8, 0x00, 0xff, 0x9f, 0xa8, 0x00, 0xff, 0x9f, 0xa8, 0x00, 0xff, 0x9f, 0xa8, 0x00, 0xff,
    0x9f, 0xa8, 0x00, 0xff, 0x9f, 0xa8, 0x00, 0xff, 0x9f, 0xa8, 0x00, 0xff, 0x9f, 0xa8, 0x00, 0xff,
    0x9f, 0xa8, 0x00, 0xff, 0x9f, 0xa8, 0x00, 0xff, 0x9f, 0xa8, 0x00, 0xff, 0x9f, 0xa8, 0x00, 0xff,
    0x9f, 0xa8, 0x00, 0xff, 0x9f, 0xa8, 0x00, 0xff, 0x9f, 0xa8, 0x00, 0xff, 0x9f, 0xa8, 0x00, 0xff,
    0x9f, 0xa8, 0x00, 0xff, 0x9f, 0xa8, 0x00, 0xff, 0x9f, 0xa8, 0x00, 0xff, 0x9f, 0xa8, 0x00, 0xff,
    0x9f, 0xa8, 0x00, 0xff, 0x9f, 0xa8, 0x00, 0xff, 0x9f, 0xa8, 0x00, 0xff, 0x9f, 0xa8, 0x00, 0xff,
    0x9f, 0xa8, 0x00, 0xff, 0x9f, 0xa8, 0x00, 0xff, 0x9f, 0xa8, 0x00, 0xff, 0x9f, 0xa8, 0x00, 0xff,
    0x9f, 0xa8, 0x00, 0xff, 0x9f, 0xa8, 0x00, 0xff, 0x9f, 0xa8, 0x00, 0xff, 0x9f, 0xa8, 0x00, 0xff,
    0xac, 0xb4, 0x23, 0xff, 0xfc, 0xfc, 0xf7, 0xff, 0xff, 0xff, 0xff, 0xff, 0xff, 0xff, 0xff, 0xff,
    0xff, 0xff, 0xff, 0xff, 0xff, 0xff, 0xff, 0xff, 0xff, 0xff, 0xff, 0xff, 0xff, 0xff, 0xff, 0xff,
    0xff, 0xff, 0xff, 0xff, 0xff, 0xff, 0xff, 0xff, 0xff, 0xff, 0xff, 0xff, 0xdc, 0xdf, 0xa3, 0xff,
    0xa5, 0xad, 0x10, 0xff, 0x9f, 0xa8, 0x00, 0xff, 0x9f, 0xa8, 0x00, 0xff, 0x9f, 0xa8, 0x00, 0xff,
    0x9f, 0xa8, 0x00, 0xff, 0x9f, 0xa8, 0x00, 0xff, 0x9f, 0xa8, 0x00, 0xff, 0x9f, 0xa8, 0x00, 0xff,
    0x9f, 0xa8, 0x00, 0xff, 0x9f, 0xa8, 0x00, 0xff, 0x9f, 0xa8, 0x00, 0xff, 0x9f, 0xa8, 0x00, 0xff,
    0x9f, 0xa8, 0x00, 0xff, 0x9f, 0xa8, 0x00, 0xff, 0x9f, 0xa8, 0x00, 0xff, 0x9f, 0xa8, 0x00, 0xff,
    0x9f, 0xa8, 0x00, 0xff, 0x9f, 0xa8, 0x00, 0xff, 0x9f, 0xa8, 0x00, 0xff, 0x9f, 0xa8, 0x00, 0xff,
    0x9f, 0xa8, 0x00, 0xff, 0xa2, 0xaa, 0x08, 0xff, 0xdc, 0xdf, 0xa3, 0xff, 0xff, 0xff, 0xff, 0xff,
    0xff, 0xff, 0xff, 0xff, 0xff, 0xff, 0xff, 0xff, 0xff, 0xff, 0xff, 0xff, 0xff, 0xff, 0xff, 0xff,
    0xff, 0xff, 0xff, 0xff, 0xff, 0xff, 0xff, 0xff, 0xff, 0xff, 0xff, 0xff, 0xff, 0xff, 0xff, 0xff,
    0xfc, 0xfc, 0xf7, 0xff, 0xae, 0xb5, 0x27, 0xff, 0x9f, 0xa8, 0x00, 0xff, 0x9f, 0xa8, 0x00, 0xff,
    0x9f, 0xa8, 0x00, 0xff, 0x9f, 0xa8, 0x00, 0xff, 0x9f, 0xa8, 0x00, 0xff, 0x9f, 0xa8, 0x00, 0xff,
    0x9f, 0xa8, 0x00, 0xff, 0x9f, 0xa8, 0x00, 0xff, 0x9f, 0xa8, 0x00, 0xff, 0x9f, 0xa8, 0x00, 0xff,
    0x9f, 0xa8, 0x00, 0xff, 0x9f, 0xa8, 0x00, 0xff, 0x9f, 0xa8, 0x00, 0xff, 0x9f, 0xa8, 0x00, 0xff,
    0x9f, 0xa8, 0x00, 0xff, 0x9f, 0xa8, 0x00, 0xff, 0x9f, 0xa8, 0x00, 0xff, 0x9f, 0xa8, 0x00, 0xff,
    0x9f, 0xa8, 0x00, 0xff, 0x9f, 0xa8, 0x00, 0xff, 0x9f, 0xa8, 0x00, 0xff, 0x9f, 0xa8, 0x00, 0xff,
    0x9f, 0xa8, 0x00, 0xff, 0x9f, 0xa8, 0x00, 0xff, 0x9f, 0xa8, 0x00, 0xff, 0x9f, 0xa8, 0x00, 0xff,
    0x9f, 0xa8, 0x00, 0xff, 0x9f, 0xa8, 0x00, 0xff, 0x9f, 0xa8, 0x00, 0xff, 0x9f, 0xa8, 0x00, 0xff,
    0x9f, 0xa8, 0x00, 0xff, 0x9f, 0xa8, 0x00, 0xff, 0x9f, 0xa8, 0x00, 0xff, 0x9f, 0xa8, 0x00, 0xff,
    0x9f, 0xa8, 0x00, 0xff, 0x9f, 0xa8, 0x00, 0xff, 0x9f, 0xa8, 0x00, 0xff, 0x9f, 0xa8, 0x00, 0xff,
    0x9f, 0xa8, 0x00, 0xff, 0x9f, 0xa8, 0x00, 0xff, 0x9f, 0xa8, 0x00, 0xff, 0x9f, 0xa8, 0x00, 0xff,
    0x9f, 0xa8, 0x00, 0xff, 0x9f, 0xa8, 0x00, 0xff, 0x9f, 0xa8, 0x00, 0xff, 0x9f, 0xa8, 0x00, 0xff,
    0x9f, 0xa8, 0x00, 0xff, 0x9f, 0xa8, 0x00, 0xff, 0x9f, 0xa8, 0x00, 0xff, 0x9f, 0xa8, 0x00, 0xff,
    0x9f, 0xa8, 0x00, 0xff, 0x9f, 0xa8, 0x00, 0xff, 0x9f, 0xa8, 0x00, 0xff, 0x9f, 0xa8, 0x00, 0xff,
    0x9f, 0xa8, 0x00, 0xff, 0x9f, 0xa8, 0x00, 0xff, 0x9f, 0xa8, 0x00, 0xff, 0x9f, 0xa8, 0x00, 0xff,
    0x9f, 0xa8, 0x00, 0xff, 0x9f, 0xa8, 0x00, 0xff, 0x9f, 0xa8, 0x00, 0xff, 0x9f, 0xa8, 0x00, 0xff,
    0x9f, 0xa8, 0x00, 0xff, 0x9f, 0xa8, 0x00, 0xff, 0x9f, 0xa8, 0x00, 0xff, 0x9f, 0xa8, 0x00, 0xff,
    0x9f, 0xa8, 0x00, 0xff, 0x9f, 0xa8, 0x00, 0xff, 0x9f, 0xa8, 0x00, 0xff, 0x9f, 0xa8, 0x00, 0xff,
    0x9f, 0xa8, 0x00, 0xff, 0x9f, 0xa8, 0x00, 0xff, 0x9f, 0xa8, 0x00, 0xff, 0x9f, 0xa8, 0x00, 0xff,
    0x9f, 0xa8, 0x00, 0xff, 0x9f, 0xa8, 0x00, 0xff, 0x9f, 0xa8, 0x00, 0xff, 0x9f, 0xa8, 0x00, 0xff,
    0x9f, 0xa8, 0x00, 0xff, 0x9f, 0xa8, 0x00, 0xff, 0x9f, 0xa8, 0x00, 0xff, 0x9f, 0xa8, 0x00, 0xff,
    0x9f, 0xa8, 0x00, 0xff, 0x9f, 0xa8, 0x00, 0xff, 0xea, 0xeb, 0xc7, 0xff, 0xff, 0xff, 0xff, 0xff,
    0xff, 0xff, 0xff, 0xff, 0xff, 0xff, 0xff, 0xff, 0xff, 0xff, 0xff, 0xff, 0xff, 0xff, 0xff, 0xff,
    0xff, 0xff, 0xff, 0xff, 0xff, 0xff, 0xff, 0xff, 0xff, 0xff, 0xff, 0xff, 0xfd, 0xfd, 0xfb, 0xff,
    0xcc, 0xd1, 0x77, 0xff, 0x9f, 0xa8, 0x00, 0xff, 0x9f, 0xa8, 0x00, 0xff, 0x9f, 0xa8, 0x00, 0xff,
    0x9f, 0xa8, 0x00, 0xff, 0x9f, 0xa8, 0x00, 0xff, 0x9f, 0xa8, 0x00, 0xff, 0x9f, 0xa8, 0x00, 0xff,
    0x9f, 0xa8, 0x00, 0xff, 0x9f, 0xa8, 0x00, 0xff, 0x9f, 0xa8, 0x00, 0xff, 0x9f, 0xa8, 0x00, 0xff,
    0x9f, 0xa8, 0x00, 0xff, 0x9f, 0xa8, 0x00, 0xff, 0x9f, 0xa8, 0x00, 0xff, 0x9f, 0xa8, 0x00, 0xff,
    0x9f, 0xa8, 0x00, 0xff, 0x9f, 0xa8, 0x00, 0xff, 0x9f, 0xa8, 0x00, 0xff, 0x9f, 0xa8, 0x00, 0xff,
    0x9f, 0xa8, 0x00, 0xff, 0x9f, 0xa8, 0x00, 0xff, 0x9f, 0xa8, 0x00, 0xff, 0x9f, 0xa8, 0x00, 0xff,
    0x9f, 0xa8, 0x00, 0xff, 0xcc, 0xd1, 0x77, 0xff, 0xfd, 0xfd, 0xfb, 0xff, 0xff, 0xff, 0xff, 0xff,
    0xff, 0xff, 0xff, 0xff, 0xff, 0xff, 0xff, 0xff, 0xff, 0xff, 0xff, 0xff, 0xff, 0xff, 0xff, 0xff,
    0xff, 0xff, 0xff, 0xff, 0xff, 0xff, 0xff, 0xff, 0xff, 0xff, 0xff, 0xff, 0xea, 0xec, 0xc7, 0xff,
    0xa0, 0xa9, 0x04, 0xff, 0x9f, 0xa8, 0x00, 0xff, 0x9f, 0xa8, 0x00, 0xff, 0x9f, 0xa8, 0x00, 0xff,
    0x9f, 0xa8, 0x00, 0xff, 0x9f, 0xa8, 0x00, 0xff, 0x9f, 0xa8, 0x00, 0xff, 0x9f, 0xa8, 0x00, 0xff,
    0x9f, 0xa8, 0x00, 0xff, 0x9f, 0xa8, 0x00, 0xff, 0x9f, 0xa8, 0x00, 0xff, 0x9f, 0xa8, 0x00, 0xff,
    0x9f, 0xa8, 0x00, 0xff, 0x9f, 0xa8, 0x00, 0xff, 0x9f, 0xa8, 0x00, 0xff, 0x9f, 0xa8, 0x00, 0xff,
    0x9f, 0xa8, 0x00, 0xff, 0x9f, 0xa8, 0x00, 0xff, 0x9f, 0xa8, 0x00, 0xff, 0x9f, 0xa8, 0x00, 0xff,
    0x9f, 0xa8, 0x00, 0xff, 0x9f, 0xa8, 0x00, 0xff, 0x9f, 0xa8, 0x00, 0xff, 0x9f, 0xa8, 0x00, 0xff,
    0x9f, 0xa8, 0x00, 0xff, 0x9f, 0xa8, 0x00, 0xff, 0x9f, 0xa8, 0x00, 0xff, 0x9f, 0xa8, 0x00, 0xff,
    0x9f, 0xa8, 0x00, 0xff, 0x9f, 0xa8, 0x00, 0xff, 0x9f, 0xa8, 0x00, 0xff, 0x9f, 0xa8, 0x00, 0xff,
    0x9f, 0xa8, 0x00, 0xff, 0x9f, 0xa8, 0x00, 0xff, 0x9f, 0xa8, 0x00, 0xff, 0x9f, 0xa8, 0x00, 0xff,
    0x9f, 0xa8, 0x00, 0xff, 0x9f, 0xa8, 0x00, 0xff, 0x9f, 0xa8, 0x00, 0xff, 0x9f, 0xa8, 0x00, 0xff,
    0x9f, 0xa8, 0x00, 0xff, 0x9f, 0xa8, 0x00, 0xff, 0x9f, 0xa8, 0x00, 0xff, 0x9f, 0xa8, 0x00, 0xff,
    0x9f, 0xa8, 0x00, 0xff, 0x9f, 0xa8, 0x00, 0xff, 0x9f, 0xa8, 0x00, 0xff, 0x9f, 0xa8, 0x00, 0xff,
    0x9f, 0xa8, 0x00, 0xff, 0x9f, 0xa8, 0x00, 0xff, 0x9f, 0xa8, 0x00, 0xff, 0x9f, 0xa8, 0x00, 0xff,
    0x9f, 0xa8, 0x00, 0xff, 0x9f, 0xa8, 0x00, 0xff, 0x9f, 0xa8, 0x00, 0xff, 0x9f, 0xa8, 0x00, 0xff,
    0x9f, 0xa8, 0x00, 0xff, 0x9f, 0xa8, 0x00, 0xff, 0x9f, 0xa8, 0x00, 0xff, 0x9f, 0xa8, 0x00, 0xff,
    0x9f, 0xa8, 0x00, 0xff, 0x9f, 0xa8, 0x00, 0xff, 0x9f, 0xa8, 0x00, 0xff, 0x9f, 0xa8, 0x00, 0xff,
    0x9f, 0xa8, 0x00, 0xff, 0x9f, 0xa8, 0x00, 0xff, 0x9f, 0xa8, 0x00, 0xff, 0x9f, 0xa8, 0x00, 0xff,
    0x9f, 0xa8, 0x00, 0xff, 0x9f, 0xa8, 0x00, 0xff, 0x9f, 0xa8, 0x00, 0xff, 0x9f, 0xa8, 0x00, 0xff,
    0x9f, 0xa8, 0x00, 0xff, 0x9f, 0xa8, 0x00, 0xff, 0x9f, 0xa8, 0x00, 0xff, 0x9f, 0xa8, 0x00, 0xff,
    0x9f, 0xa8, 0x00, 0xff, 0x9f, 0xa8, 0x00, 0xff, 0x9f, 0xa8, 0x00, 0xff, 0x9f, 0xa8, 0x00, 0xff,
    0x9f, 0xa8, 0x00, 0xff, 0x9f, 0xa8, 0x00, 0xff, 0x9f, 0xa8, 0x00, 0xff, 0xc6, 0xcb, 0x67, 0xff,
    0xff, 0xff, 0xff, 0xff, 0xff, 0xff, 0xff, 0xff, 0xff, 0xff, 0xff, 0xff, 0xff, 0xff, 0xff, 0xff,
    0xff, 0xff, 0xff, 0xff, 0xff, 0xff, 0xff, 0xff, 0xff, 0xff, 0xff, 0xff, 0xff, 0xff, 0xff, 0xff,
    0xfd, 0xfd, 0xfb, 0xff, 0xbe, 0xc5, 0x53, 0xff, 0x9f, 0xa8, 0x00, 0xff, 0x9f, 0xa8, 0x00, 0xff,
    0x9f, 0xa8, 0x00, 0xff, 0x9f, 0xa8, 0x00, 0xff, 0x9f, 0xa8, 0x00, 0xff, 0x9f, 0xa8, 0x00, 0xff,
    0x9f, 0xa8, 0x00, 0xff, 0xa8, 0xb1, 0x1a, 0xff, 0xbc, 0xc2, 0x4c, 0xff, 0xc6, 0xcb, 0x69, 0xff,
    0xc9, 0xce, 0x70, 0xff, 0xb8, 0xbf, 0x43, 0xff, 0xa0, 0xa9, 0x04, 0xff, 0x9f, 0xa8, 0x00, 0xff,
    0x9f, 0xa8, 0x00, 0xff, 0x9f, 0xa8, 0x00, 0xff, 0x9f, 0xa8, 0x00, 0xff, 0x9f, 0xa8, 0x00, 0xff,
    0x9f, 0xa8, 0x00, 0xff, 0x9f, 0xa8, 0x00, 0xff, 0x9f, 0xa8, 0x00, 0xff, 0x9f, 0xa8, 0x00, 0xff,
    0x9f, 0xa8, 0x00, 0xff, 0x9f, 0xa8, 0x00, 0xff, 0x9f, 0xa8, 0x00, 0xff, 0x9f, 0xa8, 0x00, 0xff,
    0xbe, 0xc5, 0x53, 0xff, 0xfd, 0xfd, 0xfb, 0xff, 0xff, 0xff, 0xff, 0xff, 0xff, 0xff, 0xff, 0xff,
    0xff, 0xff, 0xff, 0xff, 0xff, 0xff, 0xff, 0xff, 0xff, 0xff, 0xff, 0xff, 0xff, 0xff, 0xff, 0xff,
    0xff, 0xff, 0xff, 0xff, 0xff, 0xff, 0xff, 0xff, 0xc4, 0xca, 0x63, 0xff, 0x9f, 0xa8, 0x00, 0xff,
    0x9f, 0xa8, 0x00, 0xff, 0x9f, 0xa8, 0x00, 0xff, 0x9f, 0xa8, 0x00, 0xff, 0x9f, 0xa8, 0x00, 0xff,
    0x9f, 0xa8, 0x00, 0xff, 0x9f, 0xa8, 0x00, 0xff, 0x9f, 0xa8, 0x00, 0xff, 0x9f, 0xa8, 0x00, 0xff,
    0x9f, 0xa8, 0x00, 0xff, 0x9f, 0xa8, 0x00, 0xff, 0x9f, 0xa8, 0x00, 0xff, 0x9f, 0xa8, 0x00, 0xff,
    0x9f, 0xa8, 0x00, 0xff, 0x9f, 0xa8, 0x00, 0xff, 0x9f, 0xa8, 0x00, 0xff, 0x9f, 0xa8, 0x00, 0xff,
    0x9f, 0xa8, 0x00, 0xff, 0x9f, 0xa8, 0x00, 0xff, 0x9f, 0xa8, 0x00, 0xff, 0x9f, 0xa8, 0x00, 0xff,
    0x9f, 0xa8, 0x00, 0xff, 0x9f, 0xa8, 0x00, 0xff, 0x9f, 0xa8, 0x00, 0xff, 0x9f, 0xa8, 0x00, 0xff,
    0x9f, 0xa8, 0x00, 0xff, 0x9f, 0xa8, 0x00, 0xff, 0x9f, 0xa8, 0x00, 0xff, 0x9f, 0xa8, 0x00, 0xff,
    0x9f, 0xa8, 0x00, 0xff, 0x9f, 0xa8, 0x00, 0xff, 0x9f, 0xa8, 0x00, 0xff, 0x9f, 0xa8, 0x00, 0xff,
    0x9f, 0xa8, 0x00, 0xff, 0x9f, 0xa8, 0x00, 0xff, 0x9f, 0xa8, 0x00, 0xff, 0x9f, 0xa8, 0x00, 0xff,
    0x9f, 0xa8, 0x00, 0xff, 0x9f, 0xa8, 0x00, 0xff, 0x9f, 0xa8, 0x00, 0xff, 0x9f, 0xa8, 0x00, 0xff,
    0x9f, 0xa8, 0x00, 0xff, 0x9f, 0xa8, 0x00, 0xff, 0x9f, 0xa8, 0x00, 0xff, 0x9f, 0xa8, 0x00, 0xff,
    0x9f, 0xa8, 0x00, 0xff, 0x9f, 0xa8, 0x00, 0xff, 0x9f, 0xa8, 0x00, 0xff, 0x9f, 0xa8, 0x00, 0xff,
    0x9f, 0xa8, 0x00, 0xff, 0x9f, 0xa8, 0x00, 0xff, 0x9f, 0xa8, 0x00, 0xff, 0x9f, 0xa8, 0x00, 0xff,
    0x9f, 0xa8, 0x00, 0xff, 0x9f, 0xa8, 0x00, 0xff, 0x9f, 0xa8, 0x00, 0xff, 0x9f, 0xa8, 0x00, 0xff,
    0x9f, 0xa8, 0x00, 0xff, 0x9f, 0xa8, 0x00, 0xff, 0x9f, 0xa8, 0x00, 0xff, 0x9f, 0xa8, 0x00, 0xff,
    0x9f, 0xa8, 0x00, 0xff, 0x9f, 0xa8, 0x00, 0xff, 0x9f, 0xa8, 0x00, 0xff, 0x9f, 0xa8, 0x00, 0xff,
    0x9f, 0xa8, 0x00, 0xff, 0x9f, 0xa8, 0x00, 0xff, 0x9f, 0xa8, 0x00, 0xff, 0x9f, 0xa8, 0x00, 0xff,
    0x9f, 0xa8, 0x00, 0xff, 0x9f, 0xa8, 0x00, 0xff, 0x9f, 0xa8, 0x00, 0xff, 0x9f, 0xa8, 0x00, 0xff,
    0x9f, 0xa8, 0x00, 0xff, 0x9f, 0xa8, 0x00, 0xff, 0x9f, 0xa8, 0x00, 0xff, 0x9f, 0xa8, 0x00, 0xff,
    0x9f, 0xa8, 0x00, 0xff, 0x9f, 0xa8, 0x00, 0xff, 0x9f, 0xa8, 0x00, 0xff, 0x9f, 0xa8, 0x00, 0xff,
    0xa2, 0xaa, 0x08, 0xff, 0xf6, 0xf6, 0xe7, 0xff, 0xff, 0xff, 0xff, 0xff, 0xff, 0xff, 0xff, 0xff,
    0xff, 0xff, 0xff, 0xff, 0xff, 0xff, 0xff, 0xff, 0xff, 0xff, 0xff, 0xff, 0xff, 0xff, 0xff, 0xff,
    0xff, 0xff, 0xff, 0xff, 0xff, 0xff, 0xff, 0xff, 0xca, 0xcf, 0x73, 0xff, 0x9f, 0xa8, 0x00, 0xff,
    0x9f, 0xa8, 0x00, 0xff, 0x9f, 0xa8, 0x00, 0xff, 0x9f, 0xa8, 0x00, 0xff, 0x9f, 0xa8, 0x00, 0xff,
    0x9f, 0xa8, 0x00, 0xff, 0xa8, 0xb0, 0x18, 0xff, 0xc9, 0xce, 0x70, 0xff, 0xd9, 0xdc, 0x99, 0xff,
    0xd9, 0xdc, 0x99, 0xff, 0xd9, 0xdc, 0x99, 0xff, 0xd9, 0xdc, 0x99, 0xff, 0xd9, 0xdc, 0x99, 0xff,
    0xc6, 0xcb, 0x69, 0xff, 0x9f, 0xa8, 0x00, 0xff, 0x9f, 0xa8, 0x00, 0xff, 0x9f, 0xa8, 0x00, 0xff,
    0x9f, 0xa8, 0x00, 0xff, 0x9f, 0xa8, 0x00, 0xff, 0x9f, 0xa8, 0x00, 0xff, 0x9f, 0xa8, 0x00, 0xff,
    0x9f, 0xa8, 0x00, 0xff, 0x9f, 0xa8, 0x00, 0xff, 0x9f, 0xa8, 0x00, 0xff, 0x9f, 0xa8, 0x00, 0xff,
    0x9f, 0xa8, 0x00, 0xff, 0x9f, 0xa8, 0x00, 0xff, 0x9f, 0xa8, 0x00, 0xff, 0xc9, 0xce, 0x6f, 0xff,
    0xff, 0xff, 0xff, 0xff, 0xff, 0xff, 0xff, 0xff, 0xff, 0xff, 0xff, 0xff, 0xff, 0xff, 0xff, 0xff,
    0xff, 0xff, 0xff, 0xff, 0xff, 0xff, 0xff, 0xff, 0xff, 0xff, 0xff, 0xff, 0xff, 0xff, 0xff, 0xff,
    0xf6, 0xf6, 0xe7, 0xff, 0xa5, 0xad, 0x10, 0xff, 0x9f, 0xa8, 0x00, 0xff, 0x9f, 0xa8, 0x00, 0xff,
    0x9f, 0xa8, 0x00, 0xff, 0x9f, 0xa8, 0x00, 0xff, 0x9f, 0xa8, 0x00, 0xff, 0x9f, 0xa8, 0x00, 0xff,
    0x9f, 0xa8, 0x00, 0xff, 0x9f, 0xa8, 0x00, 0xff, 0x9f, 0xa8, 0x00, 0xff, 0x9f, 0xa8, 0x00, 0xff,
    0x9f, 0xa8, 0x00, 0xff, 0x9f, 0xa8, 0x00, 0xff, 0x9f, 0xa8, 0x00, 0xff, 0x9f, 0xa8, 0x00, 0xff,
    0x9f, 0xa8, 0x00, 0xff, 0x9f, 0xa8, 0x00, 0xff, 0x9f, 0xa8, 0x00, 0xff, 0x9f, 0xa8, 0x00, 0xff,
    0x9f, 0xa8, 0x00, 0xff, 0x9f, 0xa8, 0x00, 0xff, 0x9f, 0xa8, 0x00, 0xff, 0x9f, 0xa8, 0x00, 0xff,
    0x9f, 0xa8, 0x00, 0xff, 0x9f, 0xa8, 0x00, 0xff, 0x9f, 0xa8, 0x00, 0xff, 0x9f, 0xa8, 0x00, 0xff,
    0x9f, 0xa8, 0x00, 0xff, 0x9f, 0xa8, 0x00, 0xff, 0x9f, 0xa8, 0x00, 0xff, 0x9f, 0xa8, 0x00, 0xff,
    0x9f, 0xa8, 0x00, 0xff, 0x9f, 0xa8, 0x00, 0xff, 0x9f, 0xa8, 0x00, 0xff, 0x9f, 0xa8, 0x00, 0xff,
    0x9f, 0xa8, 0x00, 0xff, 0x9f, 0xa8, 0x00, 0xff, 0x9f, 0xa8, 0x00, 0xff, 0x9f, 0xa8, 0x00, 0xff,
    0x9f, 0xa8, 0x00, 0xff, 0x9f, 0xa8, 0x00, 0xff, 0x9f, 0xa8, 0x00, 0xff, 0x9f, 0xa8, 0x00, 0xff,
    0x9f, 0xa8, 0x00, 0xff, 0x9f, 0xa8, 0x00, 0xff, 0x9f, 0xa8, 0x00, 0xff, 0x9f, 0xa8, 0x00, 0xff,
    0x9f, 0xa8, 0x00, 0xff, 0x9f, 0xa8, 0x00, 0xff, 0x9f, 0xa8, 0x00, 0xff, 0x9f, 0xa8, 0x00, 0xff,
    0x9f, 0xa8, 0x00, 0xff, 0x9f, 0xa8, 0x00, 0xff, 0x9f, 0xa8, 0x00, 0xff, 0x9f, 0xa8, 0x00, 0xff,
    0x9f, 0xa8, 0x00, 0xff, 0x9f, 0xa8, 0x00, 0xff, 0x9f, 0xa8, 0x00, 0xff, 0x9f, 0xa8, 0x00, 0xff,
    0x9f, 0xa8, 0x00, 0xff, 0x9f, 0xa8, 0x00, 0xff, 0x9f, 0xa8, 0x00, 0xff, 0x9f, 0xa8, 0x00, 0xff,
    0x9f, 0xa8, 0x00, 0xff, 0x9f, 0xa8, 0x00, 0xff, 0x9f, 0xa8, 0x00, 0xff, 0x9f, 0xa8, 0x00, 0xff,
    0x9f, 0xa8, 0x00, 0xff, 0x9f, 0xa8, 0x00, 0xff, 0x9f, 0xa8, 0x00, 0xff, 0x9f, 0xa8, 0x00, 0xff,
    0x9f, 0xa8, 0x00, 0xff, 0x9f, 0xa8, 0x00, 0xff, 0x9f, 0xa8, 0x00, 0xff, 0x9f, 0xa8, 0x00, 0xff,
    0x9f, 0xa8, 0x00, 0xff, 0x9f, 0xa8, 0x00, 0xff, 0x9f, 0xa8, 0x00, 0xff, 0x9f, 0xa8, 0x00, 0xff,
    0x9f, 0xa8, 0x00, 0xff, 0x9f, 0xa8, 0x00, 0xff, 0xc9, 0xce, 0x6f, 0xff, 0xff, 0xff, 0xff, 0xff,
    0xff, 0xff, 0xff, 0xff, 0xff, 0xff, 0xff, 0xff, 0xff, 0xff, 0xff, 0xff, 0xff, 0xff, 0xff, 0xff,
    0xff, 0xff, 0xff, 0xff, 0xff, 0xff, 0xff, 0xff, 0xff, 0xff, 0xff, 0xff, 0xd9, 0xdd, 0x9b, 0xff,
    0x9f, 0xa8, 0x00, 0xff, 0x9f, 0xa8, 0x00, 0xff, 0x9f, 0xa8, 0x00, 0xff, 0x9f, 0xa8, 0x00, 0xff,
    0x9f, 0xa8, 0x00, 0xff, 0x9f, 0xa8, 0x00, 0xff, 0xb4, 0xbb, 0x39, 0xff, 0xd7, 0xda, 0x94, 0xff,
    0xd9, 0xdc, 0x99, 0xff, 0xd9, 0xdc, 0x99, 0xff, 0xd9, 0xdc, 0x99, 0xff, 0xd9, 0xdc, 0x99, 0xff,
    0xd9, 0xdc, 0x99, 0xff, 0xd9, 0xdc, 0x99, 0xff, 0xd9, 0xdc, 0x99, 0xff, 0xa8, 0xb1, 0x1a, 0xff,
    0x9f, 0xa8, 0x00, 0xff, 0x9f, 0xa8, 0x00, 0xff, 0x9f, 0xa8, 0x00, 0xff, 0x9f, 0xa8, 0x00, 0xff,
    0x9f, 0xa8, 0x00, 0xff, 0x9f, 0xa8, 0x00, 0xff, 0x9f, 0xa8, 0x00, 0xff, 0x9f, 0xa8, 0x00, 0xff,
    0x9f, 0xa8, 0x00, 0xff, 0x9f, 0xa8, 0x00, 0xff, 0x9f, 0xa8, 0x00, 0xff, 0x9f, 0xa8, 0x00, 0xff,
    0x9f, 0xa8, 0x00, 0xff, 0x9f, 0xa8, 0x00, 0xff, 0xd9, 0xdd, 0x9b, 0xff, 0xff, 0xff, 0xff, 0xff,
    0xff, 0xff, 0xff, 0xff, 0xff, 0xff, 0xff, 0xff, 0xff, 0xff, 0xff, 0xff, 0xff, 0xff, 0xff, 0xff,
    0xff, 0xff, 0xff, 0xff, 0xff, 0xff, 0xff, 0xff, 0xff, 0xff, 0xff, 0xff, 0xcc, 0xd0, 0x77, 0xff,
    0x9f, 0xa8, 0x00, 0xff, 0x9f, 0xa8, 0x00, 0xff, 0x9f, 0xa8, 0x00, 0xff, 0x9f, 0xa8, 0x00, 0xff,
    0x9f, 0xa8, 0x00, 0xff, 0x9f, 0xa8, 0x00, 0xff, 0x9f, 0xa8, 0x00, 0xff, 0x9f, 0xa8, 0x00, 0xff,
    0x9f, 0xa8, 0x00, 0xff, 0x9f, 0xa8, 0x00, 0xff, 0x9f, 0xa8, 0x00, 0xff, 0x9f, 0xa8, 0x00, 0xff,
    0x9f, 0xa8, 0x00, 0xff, 0x9f, 0xa8, 0x00, 0xff, 0x9f, 0xa8, 0x00, 0xff, 0x9f, 0xa8, 0x00, 0xff,
    0x9f, 0xa8, 0x00, 0xff, 0x9f, 0xa8, 0x00, 0xff, 0x9f, 0xa8, 0x00, 0xff, 0x9f, 0xa8, 0x00, 0xff,
    0x9f, 0xa8, 0x00, 0xff, 0x9f, 0xa8, 0x00, 0xff, 0x9f, 0xa8, 0x00, 0xff, 0x9f, 0xa8, 0x00, 0xff,
    0x9f, 0xa8, 0x00, 0xff, 0x9f, 0xa8, 0x00, 0xff, 0x9f, 0xa8, 0x00, 0xff, 0x9f, 0xa8, 0x00, 0xff,
    0x9f, 0xa8, 0x00, 0xff, 0x9f, 0xa8, 0x00, 0xff, 0x9f, 0xa8, 0x00, 0xff, 0x9f, 0xa8, 0x00, 0xff,
    0x9f, 0xa8, 0x00, 0xff, 0x9f, 0xa8, 0x00, 0xff, 0x9f, 0xa8, 0x00, 0xff, 0x9f, 0xa8, 0x00, 0xff,
    0x9f, 0xa8, 0x00, 0xff, 0x9f, 0xa8, 0x00, 0xff, 0x9f, 0xa8, 0x00, 0xff, 0x9f, 0xa8, 0x00, 0xff,
    0x9f, 0xa8, 0x00, 0xff, 0x9f, 0xa8, 0x00, 0xff, 0x9f, 0xa8, 0x00, 0xff, 0x9f, 0xa8, 0x00, 0xff,
    0x9f, 0xa8, 0x00, 0xff, 0x9f, 0xa8, 0x00, 0xff, 0x9f, 0xa8, 0x00, 0xff, 0x9f, 0xa8, 0x00, 0xff,
    0x9f, 0xa8, 0x00, 0xff, 0x9f, 0xa8, 0x00, 0xff, 0x9f, 0xa8, 0x00, 0xff, 0x9f, 0xa8, 0x00, 0xff,
    0x9f, 0xa8, 0x00, 0xff, 0x9f, 0xa8, 0x00, 0xff, 0x9f, 0xa8, 0x00, 0xff, 0x9f, 0xa8, 0x00, 0xff,
    0x9f, 0xa8, 0x00, 0xff, 0x9f, 0xa8, 0x00, 0xff, 0x9f, 0xa8, 0x00, 0xff, 0x9f, 0xa8, 0x00, 0xff,
    0x9f, 0xa8, 0x00, 0xff, 0x9f, 0xa8, 0x00, 0xff, 0x9f, 0xa8, 0x00, 0xff, 0x9f, 0xa8, 0x00, 0xff,
    0x9f, 0xa8, 0x00, 0xff, 0x9f, 0xa8, 0x00, 0xff, 0x9f, 0xa8, 0x00, 0xff, 0x9f, 0xa8, 0x00, 0xff,
    0x9f, 0xa8, 0x00, 0xff, 0x9f, 0xa8, 0x00, 0xff, 0x9f, 0xa8, 0x00, 0xff, 0x9f, 0xa8, 0x00, 0xff,
    0x9f, 0xa8, 0x00, 0xff, 0x9f, 0xa8, 0x00, 0xff, 0x9f, 0xa8, 0x00, 0xff, 0x9f, 0xa8, 0x00, 0xff,
    0x9f, 0xa8, 0x00, 0xff, 0x9f, 0xa8, 0x00, 0xff, 0x9f, 0xa8, 0x00, 0xff, 0xa2, 0xaa, 0x08, 0xff,
    0xf6, 0xf6, 0xe7, 0xff, 0xff, 0xff, 0xff, 0xff, 0xff, 0xff, 0xff, 0xff, 0xff, 0xff, 0xff, 0xff,
    0xff, 0xff, 0xff, 0xff, 0xff, 0xff, 0xff, 0xff, 0xff, 0xff, 0xff, 0xff, 0xff, 0xff, 0xff, 0xff,
    0xf3, 0xf4, 0xdf, 0xff, 0xa2, 0xaa, 0x08, 0xff, 0x9f, 0xa8, 0x00, 0xff, 0x9f, 0xa8, 0x00, 0xff,
    0x9f, 0xa8, 0x00, 0xff, 0x9f, 0xa8, 0x00, 0xff, 0x9f, 0xa8, 0x00, 0xff, 0xbc, 0xc2, 0x4c, 0xff,
    0xd9, 0xdc, 0x99, 0xff, 0xd9, 0xdc, 0x99, 0xff, 0xd9, 0xdc, 0x99, 0xff, 0xd9, 0xdc, 0x99, 0xff,
    0xd9, 0xdc, 0x99, 0xff, 0xd9, 0xdc, 0x99, 0xff, 0xd9, 0xdc, 0x99, 0xff, 0xd9, 0xdc, 0x99, 0xff,
    0xd9, 0xdc, 0x99, 0xff, 0xaf, 0xb6, 0x2b, 0xff, 0x9f, 0xa8, 0x00, 0xff, 0x9f, 0xa8, 0x00, 0xff,
    0x9f, 0xa8, 0x00, 0xff, 0x9f, 0xa8, 0x00, 0xff, 0x9f, 0xa8, 0x00, 0xff, 0x9f, 0xa8, 0x00, 0xff,
    0x9f, 0xa8, 0x00, 0xff, 0x9f, 0xa8, 0x00, 0xff, 0x9f, 0xa8, 0x00, 0xff, 0x9f, 0xa8, 0x00, 0xff,
    0x9f, 0xa8, 0x00, 0xff, 0x9f, 0xa8, 0x00, 0xff, 0x9f, 0xa8, 0x00, 0xff, 0x9f, 0xa8, 0x00, 0xff,
    0xa2, 0xaa, 0x08, 0xff, 0xf0, 0xf1, 0xd7, 0xff, 0xff, 0xff, 0xff, 0xff, 0xff, 0xff, 0xff, 0xff,
    0xff, 0xff, 0xff, 0xff, 0xff, 0xff, 0xff, 0xff, 0xff, 0xff, 0xff, 0xff, 0xff, 0xff, 0xff, 0xff,
    0xff, 0xff, 0xff, 0xff, 0xf3, 0xf4, 0xdf, 0xff, 0xa0, 0xa9, 0x04, 0xff, 0x9f, 0xa8, 0x00, 0xff,
    0x9f, 0xa8, 0x00, 0xff, 0x9f, 0xa8, 0x00, 0xff, 0x9f, 0xa8, 0x00, 0xff, 0x9f, 0xa8, 0x00, 0xff,
    0x9f, 0xa8, 0x00, 0xff, 0x9f, 0xa8, 0x00, 0xff, 0x9f, 0xa8, 0x00, 0xff, 0x9f, 0xa8, 0x00, 0xff,
    0x9f, 0xa8, 0x00, 0xff, 0x9f, 0xa8, 0x00, 0xff, 0x9f, 0xa8, 0x00, 0xff, 0x9f, 0xa8, 0x00, 0xff,
    0x9f, 0xa8, 0x00, 0xff, 0x9f, 0xa8, 0x00, 0xff, 0x9f, 0xa8, 0x00, 0xff, 0x9f, 0xa8, 0x00, 0xff,
    0x9f, 0xa8, 0x00, 0xff, 0x9f, 0xa8, 0x00, 0xff, 0x9f, 0xa8, 0x00, 0xff, 0x9f, 0xa8, 0x00, 0xff,
    0x9f, 0xa8, 0x00, 0xff, 0x9f, 0xa8, 0x00, 0xff, 0x9f, 0xa8, 0x00, 0xff, 0x9f, 0xa8, 0x00, 0xff,
    0x9f, 0xa8, 0x00, 0xff, 0x9f, 0xa8, 0x00, 0xff, 0x9f, 0xa8, 0x00, 0xff, 0x9f, 0xa8, 0x00, 0xff,
    0x9f, 0xa8, 0x00, 0xff, 0x9f, 0xa8, 0x00, 0xff, 0x9f, 0xa8, 0x00, 0xff, 0x9f, 0xa8, 0x00, 0xff,
    0x9f, 0xa8, 0x00, 0xff, 0x9f, 0xa8, 0x00, 0xff, 0x9f, 0xa8, 0x00, 0xff, 0x9f, 0xa8, 0x00, 0xff,
    0x9f, 0xa8, 0x00, 0xff, 0x9f, 0xa8, 0x00, 0xff, 0x9f, 0xa8, 0x00, 0xff, 0x9f, 0xa8, 0x00, 0xff,
    0x9f, 0xa8, 0x00, 0xff, 0x9f, 0xa8, 0x00, 0xff, 0x9f, 0xa8, 0x00, 0xff, 0x9f, 0xa8, 0x00, 0xff,
    0x9f, 0xa8, 0x00, 0xff, 0x9f, 0xa8, 0x00, 0xff, 0x9f, 0xa8, 0x00, 0xff, 0x9f, 0xa8, 0x00, 0xff,
    0x9f, 0xa8, 0x00, 0xff, 0x9f, 0xa8, 0x00, 0xff, 0x9f, 0xa8, 0x00, 0xff, 0x9f, 0xa8, 0x00, 0xff,
    0x9f, 0xa8, 0x00, 0xff, 0x9f, 0xa8, 0x00, 0xff, 0x9f, 0xa8, 0x00, 0xff, 0x9f, 0xa8, 0x00, 0xff,
    0x9f, 0xa8, 0x00, 0xff, 0x9f, 0xa8, 0x00, 0xff, 0x9f, 0xa8, 0x00, 0xff, 0x9f, 0xa8, 0x00, 0xff,
    0x9f, 0xa8, 0x00, 0xff, 0x9f, 0xa8, 0x00, 0xff, 0x9f, 0xa8, 0x00, 0xff, 0x9f, 0xa8, 0x00, 0xff,
    0x9f, 0xa8, 0x00, 0xff, 0x9f, 0xa8, 0x00, 0xff, 0x9f, 0xa8, 0x00, 0xff, 0x9f, 0xa8, 0x00, 0xff,
    0x9f, 0xa8, 0x00, 0xff, 0x9f, 0xa8, 0x00, 0xff, 0x9f, 0xa8, 0x00, 0xff, 0x9f, 0xa8, 0x00, 0xff,
    0x9f, 0xa8, 0x00, 0xff, 0x9f, 0xa8, 0x00, 0xff, 0x9f, 0xa8, 0x00, 0xff, 0x9f, 0xa8, 0x00, 0xff,
    0x9f, 0xa8, 0x00, 0xff, 0xbb, 0xc2, 0x4b, 0xff, 0xff, 0xff, 0xff, 0xff, 0xff, 0xff, 0xff, 0xff,
    0xff, 0xff, 0xff, 0xff, 0xff, 0xff, 0xff, 0xff, 0xff, 0xff, 0xff, 0xff, 0xff, 0xff, 0xff, 0xff,
    0xff, 0xff, 0xff, 0xff, 0xff, 0xff, 0xff, 0xff, 0xba, 0xc0, 0x47, 0xff, 0x9f, 0xa8, 0x00, 0xff,
    0x9f, 0xa8, 0x00, 0xff, 0x9f, 0xa8, 0x00, 0xff, 0x9f, 0xa8, 0x00, 0xff, 0x9f, 0xa8, 0x00, 0xff,
    0xb9, 0xbf, 0x45, 0xff, 0xd9, 0xdc, 0x99, 0xff, 0xd9, 0xdc, 0x99, 0xff, 0xd9, 0xdc, 0x99, 0xff,
    0xd9, 0xdc, 0x99, 0xff, 0xd9, 0xdc, 0x99, 0xff, 0xd9, 0xdc, 0x99, 0xff, 0xd9, 0xdc, 0x99, 0xff,
    0xd9, 0xdc, 0x99, 0xff, 0xd9, 0xdc, 0x99, 0xff, 0xd7, 0xda, 0x94, 0xff, 0xa2, 0xab, 0x09, 0xff,
    0x9f, 0xa8, 0x00, 0xff, 0x9f, 0xa8, 0x00, 0xff, 0x9f, 0xa8, 0x00, 0xff, 0x9f, 0xa8, 0x00, 0xff,
    0x9f, 0xa8, 0x00, 0xff, 0x9f, 0xa8, 0x00, 0xff, 0x9f, 0xa8, 0x00, 0xff, 0x9f, 0xa8, 0x00, 0xff,
    0x9f, 0xa8, 0x00, 0xff, 0x9f, 0xa8, 0x00, 0xff, 0x9f, 0xa8, 0x00, 0xff, 0x9f, 0xa8, 0x00, 0xff,
    0x9f, 0xa8, 0x00, 0xff, 0x9f, 0xa8, 0x00, 0xff, 0x9f, 0xa8, 0x00, 0xff, 0xb8, 0xbf, 0x43, 0xff,
    0xff, 0xff, 0xff, 0xff, 0xff, 0xff, 0xff, 0xff, 0xff, 0xff, 0xff, 0xff, 0xff, 0xff, 0xff, 0xff,
    0xff, 0xff, 0xff, 0xff, 0xff, 0xff, 0xff, 0xff, 0xff, 0xff, 0xff, 0xff, 0xff, 0xff, 0xff, 0xff,
    0xbb, 0xc1, 0x4b, 0xff, 0x9f, 0xa8, 0x00, 0xff, 0x9f, 0xa8, 0x00, 0xff, 0x9f, 0xa8, 0x00, 0xff,
    0x9f, 0xa8, 0x00, 0xff, 0x9f, 0xa8, 0x00, 0xff, 0x9f, 0xa8, 0x00, 0xff, 0x9f, 0xa8, 0x00, 0xff,
    0x9f, 0xa8, 0x00, 0xff, 0x9f, 0xa8, 0x00, 0xff, 0x9f, 0xa8, 0x00, 0xff, 0x9f, 0xa8, 0x00, 0xff,
    0x9f, 0xa8, 0x00, 0xff, 0x9f, 0xa8, 0x00, 0xff, 0x9f, 0xa8, 0x00, 0xff, 0x9f, 0xa8, 0x00, 0xff,
    0x9f, 0xa8, 0x00, 0xff, 0x9f, 0xa8, 0x00, 0xff, 0x9f, 0xa8, 0x00, 0xff, 0x9f, 0xa8, 0x00, 0xff,
    0x9f, 0xa8, 0x00, 0xff, 0x9f, 0xa8, 0x00, 0xff, 0x9f, 0xa8, 0x00, 0xff, 0x9f, 0xa8, 0x00, 0xff,
    0x9f, 0xa8, 0x00, 0xff, 0x9f, 0xa8, 0x00, 0xff, 0x9f, 0xa8, 0x00, 0xff, 0x9f, 0xa8, 0x00, 0xff,
    0x9f, 0xa8, 0x00, 0xff, 0x9f, 0xa8, 0x00, 0xff, 0x9f, 0xa8, 0x00, 0xff, 0x9f, 0xa8, 0x00, 0xff,
    0x9f, 0xa8, 0x00, 0xff, 0x9f, 0xa8, 0x00, 0xff, 0x9f, 0xa8, 0x00, 0xff, 0x9f, 0xa8, 0x00, 0xff,
    0x9f, 0xa8, 0x00, 0xff, 0x9f, 0xa8, 0x00, 0xff, 0x9f, 0xa8, 0x00, 0xff, 0x9f, 0xa8, 0x00, 0xff,
    0x9f, 0xa8, 0x00, 0xff, 0x9f, 0xa8, 0x00, 0xff, 0x9f, 0xa8, 0x00, 0xff, 0x9f, 0xa8, 0x00, 0xff,
    0x9f, 0xa8, 0x00, 0xff, 0x9f, 0xa8, 0x00, 0xff, 0x9f, 0xa8, 0x00, 0xff, 0x9f, 0xa8, 0x00, 0xff,
    0x9f, 0xa8, 0x00, 0xff, 0x9f, 0xa8, 0x00, 0xff, 0x9f, 0xa8, 0x00, 0xff, 0x9f, 0xa8, 0x00, 0xff,
    0x9f, 0xa8, 0x00, 0xff, 0x9f, 0xa8, 0x00, 0xff, 0x9f, 0xa8, 0x00, 0xff, 0x9f, 0xa8, 0x00, 0xff,
    0x9f, 0xa8, 0x00, 0xff, 0x9f, 0xa8, 0x00, 0xff, 0x9f, 0xa8, 0x00, 0xff, 0x9f, 0xa8, 0x00, 0xff,
    0x9f, 0xa8, 0x00, 0xff, 0x9f, 0xa8, 0x00, 0xff, 0x9f, 0xa8, 0x00, 0xff, 0x9f, 0xa8, 0x00, 0xff,
    0x9f, 0xa8, 0x00, 0xff, 0x9f, 0xa8, 0x00, 0xff, 0x9f, 0xa8, 0x00, 0xff, 0x9f, 0xa8, 0x00, 0xff,
    0x9f, 0xa8, 0x00, 0xff, 0x9f, 0xa8, 0x00, 0xff, 0x9f, 0xa8, 0x00, 0xff, 0x9f, 0xa8, 0x00, 0xff,
    0x9f, 0xa8, 0x00, 0xff, 0x9f, 0xa8, 0x00, 0xff, 0x9f, 0xa8, 0x00, 0xff, 0x9f, 0xa8, 0x00, 0xff,
    0x9f, 0xa8, 0x00, 0xff, 0x9f, 0xa8, 0x00, 0xff, 0x9f, 0xa8, 0x00, 0xff, 0xe1, 0xe3, 0xaf, 0xff,
    0xff, 0xff, 0xff, 0xff, 0xff, 0xff, 0xff, 0xff, 0xff, 0xff, 0xff, 0xff, 0xff, 0xff, 0xff, 0xff,
    0xff, 0xff, 0xff, 0xff, 0xff, 0xff, 0xff, 0xff, 0xff, 0xff, 0xff, 0xff, 0xe1, 0xe3, 0xaf, 0xff,
    0x9f, 0xa8, 0x00, 0xff, 0x9f, 0xa8, 0x00, 0xff, 0x9f, 0xa8, 0x00, 0xff, 0x9f, 0xa8, 0x00, 0xff,
    0x9f, 0xa8, 0x00, 0xff, 0xad, 0xb5, 0x26, 0xff, 0xd8, 0xdb, 0x96, 0xff, 0xd9, 0xdc, 0x99, 0xff,
    0xd9, 0xdc, 0x99, 0xff, 0xd9, 0xdc, 0x99, 0xff, 0xd9, 0xdc, 0x99, 0xff, 0xd9, 0xdc, 0x99, 0xff,
    0xd9, 0xdc, 0x99, 0xff, 0xd9, 0xdc, 0x99, 0xff, 0xd9, 0xdc, 0x99, 0xff, 0xd5, 0xd8, 0x8f, 0xff,
    0xaf, 0xb6, 0x2b, 0xff, 0x9f, 0xa8, 0x00, 0xff, 0x9f, 0xa8, 0x00, 0xff, 0x9f, 0xa8, 0x00, 0xff,
    0x9f, 0xa8, 0x00, 0xff, 0x9f, 0xa8, 0x00, 0xff, 0x9f, 0xa8, 0x00, 0xff, 0x9f, 0xa8, 0x00, 0xff,
    0x9f, 0xa8, 0x00, 0xff, 0x9f, 0xa8, 0x00, 0xff, 0x9f, 0xa8, 0x00, 0xff, 0x9f, 0xa8, 0x00, 0xff,
    0x9f, 0xa8, 0x00, 0xff, 0x9f, 0xa8, 0x00, 0xff, 0x9f, 0xa8, 0x00, 0xff, 0x9f, 0xa8, 0x00, 0xff,
    0x9f, 0xa8, 0x00, 0xff, 0x9f, 0xa8, 0x00, 0xff, 0xe7, 0xe9, 0xbf, 0xff, 0xff, 0xff, 0xff, 0xff,
    0xff, 0xff, 0xff, 0xff, 0xff, 0xff, 0xff, 0xff, 0xff, 0xff, 0xff, 0xff, 0xff, 0xff, 0xff, 0xff,
    0xff, 0xff, 0xff, 0xff, 0xff, 0xff, 0xff, 0xff, 0xe1, 0xe3, 0xaf, 0xff, 0x9f, 0xa8, 0x00, 0xff,
    0x9f, 0xa8, 0x00, 0xff, 0x9f, 0xa8, 0x00, 0xff, 0x9f, 0xa8, 0x00, 0xff, 0x9f, 0xa8, 0x00, 0xff,
    0x9f, 0xa8, 0x00, 0xff, 0x9f, 0xa8, 0x00, 0xff, 0x9f, 0xa8, 0x00, 0xff, 0x9f, 0xa8, 0x00, 0xff,
    0x9f, 0xa8, 0x00, 0xff, 0x9f, 0xa8, 0x00, 0xff, 0x9f, 0xa8, 0x00, 0xff, 0x9f, 0xa8, 0x00, 0xff,
    0x9f, 0xa8, 0x00, 0xff, 0x9f, 0xa8, 0x00, 0xff, 0x9f, 0xa8, 0x00, 0xff, 0x9f, 0xa8, 0x00, 0xff,
    0x9f, 0xa8, 0x00, 0xff, 0x9f, 0xa8, 0x00, 0xff, 0x9f, 0xa8, 0x00, 0xff, 0x9f, 0xa8, 0x00, 0xff,
    0x9f, 0xa8, 0x00, 0xff, 0x9f, 0xa8, 0x00, 0xff, 0x9f, 0xa8, 0x00, 0xff, 0x9f, 0xa8, 0x00, 0xff,
    0x9f, 0xa8, 0x00, 0xff, 0x9f, 0xa8, 0x00, 0xff, 0x9f, 0xa8, 0x00, 0xff, 0x9f, 0xa8, 0x00, 0xff,
    0x9f, 0xa8, 0x00, 0xff, 0x9f, 0xa8, 0x00, 0xff, 0x9f, 0xa8, 0x00, 0xff, 0x9f, 0xa8, 0x00, 0xff,
    0x9f, 0xa8, 0x00, 0xff, 0x9f, 0xa8, 0x00, 0xff, 0x9f, 0xa8, 0x00, 0xff, 0x9f, 0xa8, 0x00, 0xff,
    0x9f, 0xa8, 0x00, 0xff, 0x9f, 0xa8, 0x00, 0xff, 0x9f, 0xa8, 0x00, 0xff, 0x9f, 0xa8, 0x00, 0xff,
    0x9f, 0xa8, 0x00, 0xff, 0x9f, 0xa8, 0x00, 0xff, 0x9f, 0xa8, 0x00, 0xff, 0x9f, 0xa8, 0x00, 0xff,
    0x9f, 0xa8, 0x00, 0xff, 0x9f, 0xa8, 0x00, 0xff, 0x9f, 0xa8, 0x00, 0xff, 0x9f, 0xa8, 0x00, 0xff,
    0x9f, 0xa8, 0x00, 0xff, 0x9f, 0xa8, 0x00, 0xff, 0x9f, 0xa8, 0x00, 0xff, 0x9f, 0xa8, 0x00, 0xff,
    0x9f, 0xa8, 0x00, 0xff, 0x9f, 0xa8, 0x00, 0xff, 0x9f, 0xa8, 0x00, 0xff, 0x9f, 0xa8, 0x00, 0xff,
    0x9f, 0xa8, 0x00, 0xff, 0x9f, 0xa8, 0x00, 0xff, 0x9f, 0xa8, 0x00, 0xff, 0x9f, 0xa8, 0x00, 0xff,
    0x9f, 0xa8, 0x00, 0xff, 0x9f, 0xa8, 0x00, 0xff, 0x9f, 0xa8, 0x00, 0xff, 0x9f, 0xa8, 0x00, 0xff,
    0x9f, 0xa8, 0x00, 0xff, 0x9f, 0xa8, 0x00, 0xff, 0x9f, 0xa8, 0x00, 0xff, 0x9f, 0xa8, 0x00, 0xff,
    0x9f, 0xa8, 0x00, 0xff, 0x9f, 0xa8, 0x00, 0xff, 0x9f, 0xa8, 0x00, 0xff, 0x9f, 0xa8, 0x00, 0xff,
    0x9f, 0xa8, 0x00, 0xff, 0x9f, 0xa8, 0x00, 0xff, 0x9f, 0xa8, 0x00, 0xff, 0x9f, 0xa8, 0x00, 0xff,
    0xa2, 0xaa, 0x08, 0xff, 0xfa, 0xfb, 0xf3, 0xff, 0xff, 0xff, 0xff, 0xff, 0xff, 0xff, 0xff, 0xff,
    0xff, 0xff, 0xff, 0xff, 0xff, 0xff, 0xff, 0xff, 0xff, 0xff, 0xff, 0xff, 0xff, 0xff, 0xff, 0xff,
    0xff, 0xff, 0xff, 0xff, 0xb8, 0xbf, 0x43, 0xff, 0x9f, 0xa8, 0x00, 0xff, 0x9f, 0xa8, 0x00, 0xff,
    0x9f, 0xa8, 0x00, 0xff, 0x9f, 0xa8, 0x00, 0xff, 0xa0, 0xa9, 0x04, 0xff, 0xd1, 0xd5, 0x86, 0xff,
    0xd9, 0xdc, 0x99, 0xff, 0xd9, 0xdc, 0x99, 0xff, 0xd9, 0xdc, 0x99, 0xff, 0xd9, 0xdc, 0x99, 0xff,
    0xd9, 0xdc, 0x99, 0xff, 0xd9, 0xdc, 0x99, 0xff, 0xd7, 0xda, 0x94, 0xff, 0xbc, 0xc2, 0x4c, 0xff,
    0xad, 0xb5, 0x26, 0xff, 0xa2, 0xab, 0x09, 0xff, 0x9f, 0xa8, 0x00, 0xff, 0x9f, 0xa8, 0x00, 0xff,
    0x9f, 0xa8, 0x00, 0xff, 0x9f, 0xa8, 0x00, 0xff, 0x9f, 0xa8, 0x00, 0xff, 0x9f, 0xa8, 0x00, 0xff,
    0x9f, 0xa8, 0x00, 0xff, 0x9f, 0xa8, 0x00, 0xff, 0x9f, 0xa8, 0x00, 0xff, 0x9f, 0xa8, 0x00, 0xff,
    0x9f, 0xa8, 0x00, 0xff, 0x9f, 0xa8, 0x00, 0xff, 0x9f, 0xa8, 0x00, 0xff, 0x9f, 0xa8, 0x00, 0xff,
    0x9f, 0xa8, 0x00, 0xff, 0x9f, 0xa8, 0x00, 0xff, 0x9f, 0xa8, 0x00, 0xff, 0x9f, 0xa8, 0x00, 0xff,
    0xb7, 0xbd, 0x3f, 0xff, 0xff, 0xff, 0xff, 0xff, 0xff, 0xff, 0xff, 0xff, 0xff, 0xff, 0xff, 0xff,
    0xff, 0xff, 0xff, 0xff, 0xff, 0xff, 0xff, 0xff, 0xff, 0xff, 0xff, 0xff, 0xff, 0xff, 0xff, 0xff,
    0xfa, 0xfb, 0xf3, 0xff, 0xa2, 0xaa, 0x08, 0xff, 0x9f, 0xa8, 0x00, 0xff, 0x9f, 0xa8, 0x00, 0xff,
    0x9f, 0xa8, 0x00, 0xff, 0x9f, 0xa8, 0x00, 0xff, 0x9f, 0xa8, 0x00, 0xff, 0x9f, 0xa8, 0x00, 0xff,
    0x9f, 0xa8, 0x00, 0xff, 0x9f, 0xa8, 0x00, 0xff, 0x9f, 0xa8, 0x00, 0xff, 0x9f, 0xa8, 0x00, 0xff,
    0x9f, 0xa8, 0x00, 0xff, 0x9f, 0xa8, 0x00, 0xff, 0x9f, 0xa8, 0x00, 0xff, 0x9f, 0xa8, 0x00, 0xff,
    0x9f, 0xa8, 0x00, 0xff, 0x9f, 0xa8, 0x00, 0xff, 0x9f, 0xa8, 0x00, 0xff, 0x9f, 0xa8, 0x00, 0xff,
    0x9f, 0xa8, 0x00, 0xff, 0x9f, 0xa8, 0x00, 0xff, 0x9f, 0xa8, 0x00, 0xff, 0x9f, 0xa8, 0x00, 0xff,
    0x9f, 0xa8, 0x00, 0xff, 0x9f, 0xa8, 0x00, 0xff, 0x9f, 0xa8, 0x00, 0xff, 0x9f, 0xa8, 0x00, 0xff,
    0x9f, 0xa8, 0x00, 0xff, 0x9f, 0xa8, 0x00, 0xff, 0x9f, 0xa8, 0x00, 0xff, 0x9f, 0xa8, 0x00, 0xff,
    0x9f, 0xa8, 0x00, 0xff, 0x9f, 0xa8, 0x00, 0xff, 0x9f, 0xa8, 0x00, 0xff, 0x9f, 0xa8, 0x00, 0xff,
    0x9f, 0xa8, 0x00, 0xff, 0x9f, 0xa8, 0x00, 0xff, 0x9f, 0xa8, 0x00, 0xff, 0x9f, 0xa8, 0x00, 0xff,
    0x9f, 0xa8, 0x00, 0xff, 0x9f, 0xa8, 0x00, 0xff, 0x9f, 0xa8, 0x00, 0xff, 0x9f, 0xa8, 0x00, 0xff,
    0x9f, 0xa8, 0x00, 0xff, 0x9f, 0xa8, 0x00, 0xff, 0x9f, 0xa8, 0x00, 0xff, 0x9f, 0xa8, 0x00, 0xff,
    0x9f, 0xa8, 0x00, 0xff, 0x9f, 0xa8, 0x00, 0xff, 0x9f, 0xa8, 0x00, 0xff, 0x9f, 0xa8, 0x00, 0xff,
    0x9f, 0xa8, 0x00, 0xff, 0x9f, 0xa8, 0x00, 0xff, 0x9f, 0xa8, 0x00, 0xff, 0x9f, 0xa8, 0x00, 0xff,
    0x9f, 0xa8, 0x00, 0xff, 0x9f, 0xa8, 0x00, 0xff, 0x9f, 0xa8, 0x00, 0xff, 0x9f, 0xa8, 0x00, 0xff,
    0x9f, 0xa8, 0x00, 0xff, 0x9f, 0xa8, 0x00, 0xff, 0x9f, 0xa8, 0x00, 0xff, 0x9f, 0xa8, 0x00, 0xff,
    0x9f, 0xa8, 0x00, 0xff, 0x9f, 0xa8, 0x00, 0xff, 0x9f, 0xa8, 0x00, 0xff, 0x9f, 0xa8, 0x00, 0xff,
    0x9f, 0xa8, 0x00, 0xff, 0x9f, 0xa8, 0x00, 0xff, 0x9f, 0xa8, 0x00, 0xff, 0x9f, 0xa8, 0x00, 0xff,
    0x9f, 0xa8, 0x00, 0xff, 0x9f, 0xa8, 0x00, 0xff, 0x9f, 0xa8, 0x00, 0xff, 0x9f, 0xa8, 0x00, 0xff,
    0x9f, 0xa8, 0x00, 0xff, 0x9f, 0xa8, 0x00, 0xff, 0xb8, 0xbf, 0x43, 0xff, 0xff, 0xff, 0xff, 0xff,
    0xff, 0xff, 0xff, 0xff, 0xff, 0xff, 0xff, 0xff, 0xff, 0xff, 0xff, 0xff, 0xff, 0xff, 0xff, 0xff,
    0xff, 0xff, 0xff, 0xff, 0xff, 0xff, 0xff, 0xff, 0xf1, 0xf2, 0xdb, 0xff, 0x9f, 0xa8, 0x00, 0xff,
    0x9f, 0xa8, 0x00, 0xff, 0x9f, 0xa8, 0x00, 0xff, 0x9f, 0xa8, 0x00, 0xff, 0x9f, 0xa8, 0x00, 0xff,
    0xbb, 0xc1, 0x4a, 0xff, 0xd9, 0xdc, 0x99, 0xff, 0xd9, 0xdc, 0x99, 0xff, 0xd9, 0xdc, 0x99, 0xff,
    0xd9, 0xdc, 0x99, 0xff, 0xd9, 0xdc, 0x99, 0xff, 0xd9, 0xdc, 0x99, 0xff, 0xd1, 0xd5, 0x85, 0xff,
    0xa8, 0xb0, 0x18, 0xff, 0x9f, 0xa8, 0x00, 0xff, 0x9f, 0xa8, 0x00, 0xff, 0x9f, 0xa8, 0x00, 0xff,
    0x9f, 0xa8, 0x00, 0xff, 0x9f, 0xa8, 0x00, 0xff, 0x9f, 0xa8, 0x00, 0xff, 0x9f, 0xa8, 0x00, 0xff,
    0x9f, 0xa8, 0x00, 0xff, 0x9f, 0xa8, 0x00, 0xff, 0x9f, 0xa8, 0x00, 0xff, 0x9f, 0xa8, 0x00, 0xff,
    0x9f, 0xa8, 0x00, 0xff, 0x9f, 0xa8, 0x00, 0xff, 0x9f, 0xa8, 0x00, 0xff, 0x9f, 0xa8, 0x00, 0xff,
    0x9f, 0xa8, 0x00, 0xff, 0x9f, 0xa8, 0x00, 0xff, 0x9f, 0xa8, 0x00, 0xff, 0x9f, 0xa8, 0x00, 0xff,
    0x9f, 0xa8, 0x00, 0xff, 0x9f, 0xa8, 0x00, 0xff, 0x9f, 0xa8, 0x00, 0xff, 0xf1, 0xf2, 0xdb, 0xff,
    0xff, 0xff, 0xff, 0xff, 0xff, 0xff, 0xff, 0xff, 0xff, 0xff, 0xff, 0xff, 0xff, 0xff, 0xff, 0xff,
    0xff, 0xff, 0xff, 0xff, 0xff, 0xff, 0xff, 0xff, 0xff, 0xff, 0xff, 0xff, 0xb8, 0xbf, 0x43, 0xff,
    0x9f, 0xa8, 0x00, 0xff, 0x9f, 0xa8, 0x00, 0xff, 0x9f, 0xa8, 0x00, 0xff, 0x9f, 0xa8, 0x00, 0xff,
    0x9f, 0xa8, 0x00, 0xff, 0x9f, 0xa8, 0x00, 0xff, 0x9f, 0xa8, 0x00, 0xff, 0x9f, 0xa8, 0x00, 0xff,
    0x9f, 0xa8, 0x00, 0xff, 0x9f, 0xa8, 0x00, 0xff, 0x9f, 0xa8, 0x00, 0xff, 0x9f, 0xa8, 0x00, 0xff,
    0x9f, 0xa8, 0x00, 0xff, 0x9f, 0xa8, 0x00, 0xff, 0x9f, 0xa8, 0x00, 0xff, 0x9f, 0xa8, 0x00, 0xff,
    0x9f, 0xa8, 0x00, 0xff, 0x9f, 0xa8, 0x00, 0xff, 0x9f, 0xa8, 0x00, 0xff, 0x9f, 0xa8, 0x00, 0xff,
    0x9f, 0xa8, 0x00, 0xff, 0x9f, 0xa8, 0x00, 0xff, 0x9f, 0xa8, 0x00, 0xff, 0x9f, 0xa8, 0x00, 0xff,
    0x9f, 0xa8, 0x00, 0xff, 0x9f, 0xa8, 0x00, 0xff, 0x9f, 0xa8, 0x00, 0xff, 0x9f, 0xa8, 0x00, 0xff,
    0x9f, 0xa8, 0x00, 0xff, 0x9f, 0xa8, 0x00, 0xff, 0x9f, 0xa8, 0x00, 0xff, 0x9f, 0xa8, 0x00, 0xff,
    0x9f, 0xa8, 0x00, 0xff, 0x9f, 0xa8, 0x00, 0xff, 0x9f, 0xa8, 0x00, 0xff, 0x9f, 0xa8, 0x00, 0xff,
    0x9f, 0xa8, 0x00, 0xff, 0x9f, 0xa8, 0x00, 0xff, 0x9f, 0xa8, 0x00, 0xff, 0x9f, 0xa8, 0x00, 0xff,
    0x9f, 0xa8, 0x00, 0xff, 0x9f, 0xa8, 0x00, 0xff, 0x9f, 0xa8, 0x00, 0xff, 0x9f, 0xa8, 0x00, 0xff,
    0x9f, 0xa8, 0x00, 0xff, 0x9f, 0xa8, 0x00, 0xff, 0x9f, 0xa8, 0x00, 0xff, 0x9f, 0xa8, 0x00, 0xff,
    0x9f, 0xa8, 0x00, 0xff, 0x9f, 0xa8, 0x00, 0xff, 0x9f, 0xa8, 0x00, 0xff, 0x9f, 0xa8, 0x00, 0xff,
    0x9f, 0xa8, 0x00, 0xff, 0x9f, 0xa8, 0x00, 0xff, 0x9f, 0xa8, 0x00, 0xff, 0x9f, 0xa8, 0x00, 0xff,
    0x9f, 0xa8, 0x00, 0xff, 0x9f, 0xa8, 0x00, 0xff, 0x9f, 0xa8, 0x00, 0xff, 0x9f, 0xa8, 0x00, 0xff,
    0x9f, 0xa8, 0x00, 0xff, 0x9f, 0xa8, 0x00, 0xff, 0x9f, 0xa8, 0x00, 0xff, 0x9f, 0xa8, 0x00, 0xff,
    0x9f, 0xa8, 0x00, 0xff, 0x9f, 0xa8, 0x00, 0xff, 0x9f, 0xa8, 0x00, 0xff, 0x9f, 0xa8, 0x00, 0xff,
    0x9f, 0xa8, 0x00, 0xff, 0x9f, 0xa8, 0x00, 0xff, 0x9f, 0xa8, 0x00, 0xff, 0x9f, 0xa8, 0x00, 0xff,
    0x9f, 0xa8, 0x00, 0xff, 0x9f, 0xa8, 0x00, 0xff, 0x9f, 0xa8, 0x00, 0xff, 0x9f, 0xa8, 0x00, 0xff,
    0xcf, 0xd3, 0x7f, 0xff, 0xff, 0xff, 0xff, 0xff, 0xff, 0xff, 0xff, 0xff, 0xff, 0xff, 0xff, 0xff,
    0xff, 0xff, 0xff, 0xff, 0xff, 0xff, 0xff, 0xff, 0xff, 0xff, 0xff, 0xff, 0xff, 0xff, 0xff, 0xff,
    0xd0, 0xd5, 0x83, 0xff, 0x9f, 0xa8, 0x00, 0xff, 0x9f, 0xa8, 0x00, 0xff, 0x9f, 0xa8, 0x00, 0xff,
    0x9f, 0xa8, 0x00, 0xff, 0xa0, 0xa9, 0x04, 0xff, 0xd5, 0xd8, 0x8f, 0xff, 0xd9, 0xdc, 0x99, 0xff,
    0xd9, 0xdc, 0x99, 0xff, 0xd9, 0xdc, 0x99, 0xff, 0xd9, 0xdc, 0x99, 0xff, 0xd9, 0xdc, 0x99, 0xff,
    0xd3, 0xd7, 0x8a, 0xff, 0xa6, 0xae, 0x13, 0xff, 0x9f, 0xa8, 0x00, 0xff, 0x9f, 0xa8, 0x00, 0xff,
    0x9f, 0xa8, 0x00, 0xff, 0x9f, 0xa8, 0x00, 0xff, 0x9f, 0xa8, 0x00, 0xff, 0x9f, 0xa8, 0x00, 0xff,
    0x9f, 0xa8, 0x00, 0xff, 0x9f, 0xa8, 0x00, 0xff, 0x9f, 0xa8, 0x00, 0xff, 0x9f, 0xa8, 0x00, 0xff,
    0x9f, 0xa8, 0x00, 0xff, 0x9f, 0xa8, 0x00, 0xff, 0x9f, 0xa8, 0x00, 0xff, 0x9f, 0xa8, 0x00, 0xff,
    0x9f, 0xa8, 0x00, 0xff, 0x9f, 0xa8, 0x00, 0xff, 0x9f, 0xa8, 0x00, 0xff, 0x9f, 0xa8, 0x00, 0xff,
    0x9f, 0xa8, 0x00, 0xff, 0x9f, 0xa8, 0x00, 0xff, 0x9f, 0xa8, 0x00, 0xff, 0x9f, 0xa8, 0x00, 0xff,
    0x9f, 0xa8, 0x00, 0xff, 0xd2, 0xd6, 0x87, 0xff, 0xff, 0xff, 0xff, 0xff, 0xff, 0xff, 0xff, 0xff,
    0xff, 0xff, 0xff, 0xff, 0xff, 0xff, 0xff, 0xff, 0xff, 0xff, 0xff, 0xff, 0xff, 0xff, 0xff, 0xff,
    0xff, 0xff, 0xff, 0xff, 0xcf, 0xd3, 0x7f, 0xff, 0x9f, 0xa8, 0x00, 0xff, 0x9f, 0xa8, 0x00, 0xff,
    0x9f, 0xa8, 0x00, 0xff, 0x9f, 0xa8, 0x00, 0xff, 0x9f, 0xa8, 0x00, 0xff, 0x9f, 0xa8, 0x00, 0xff,
    0x9f, 0xa8, 0x00, 0xff, 0x9f, 0xa8, 0x00, 0xff, 0x9f, 0xa8, 0x00, 0xff, 0x9f, 0xa8, 0x00, 0xff,
    0x9f, 0xa8, 0x00, 0xff, 0x9f, 0xa8, 0x00, 0xff, 0x9f, 0xa8, 0x00, 0xff, 0x9f, 0xa8, 0x00, 0xff,
    0x9f, 0xa8, 0x00, 0xff, 0x9f, 0xa8, 0x00, 0xff, 0x9f, 0xa8, 0x00, 0xff, 0x9f, 0xa8, 0x00, 0xff,
    0x9f, 0xa8, 0x00, 0xff, 0x9f, 0xa8, 0x00, 0xff, 0x9f, 0xa8, 0x00, 0xff, 0x9f, 0xa8, 0x00, 0xff,
    0x9f, 0xa8, 0x00, 0xff, 0x9f, 0xa8, 0x00, 0xff, 0x9f, 0xa8, 0x00, 0xff, 0x9f, 0xa8, 0x00, 0xff,
    0x9f, 0xa8, 0x00, 0xff, 0x9f, 0xa8, 0x00, 0xff, 0x9f, 0xa8, 0x00, 0xff, 0x9f, 0xa8, 0x00, 0xff,
    0x9f, 0xa8, 0x00, 0xff, 0x9f, 0xa8, 0x00, 0xff, 0x9f, 0xa8, 0x00, 0xff, 0x9f, 0xa8, 0x00, 0xff,
    0x9f, 0xa8, 0x00, 0xff, 0x9f, 0xa8, 0x00, 0xff, 0x9f, 0xa8, 0x00, 0xff, 0x9f, 0xa8, 0x00, 0xff,
    0x9f, 0xa8, 0x00, 0xff, 0x9f, 0xa8, 0x00, 0xff, 0x9f, 0xa8, 0x00, 0xff, 0x9f, 0xa8, 0x00, 0xff,
    0x9f, 0xa8, 0x00, 0xff, 0x9f, 0xa8, 0x00, 0xff, 0x9f, 0xa8, 0x00, 0xff, 0x9f, 0xa8, 0x00, 0xff,
    0x9f, 0xa8, 0x00, 0xff, 0x9f, 0xa8, 0x00, 0xff, 0x9f, 0xa8, 0x00, 0xff, 0x9f, 0xa8, 0x00, 0xff,
    0x9f, 0xa8, 0x00, 0xff, 0x9f, 0xa8, 0x00, 0xff, 0x9f, 0xa8, 0x00, 0xff, 0x9f, 0xa8, 0x00, 0xff,
    0x9f, 0xa8, 0x00, 0xff, 0x9f, 0xa8, 0x00, 0xff, 0x9f, 0xa8, 0x00, 0xff, 0x9f, 0xa8, 0x00, 0xff,
    0x9f, 0xa8, 0x00, 0xff, 0x9f, 0xa8, 0x00, 0xff, 0x9f, 0xa8, 0x00, 0xff, 0x9f, 0xa8, 0x00, 0xff,
    0x9f, 0xa8, 0x00, 0xff, 0x9f, 0xa8, 0x00, 0xff, 0x9f, 0xa8, 0x00, 0xff, 0x9f, 0xa8, 0x00, 0xff,
    0x9f, 0xa8, 0x00, 0xff, 0x9f, 0xa8, 0x00, 0xff, 0x9f, 0xa8, 0x00, 0xff, 0x9f, 0xa8, 0x00, 0xff,
    0x9f, 0xa8, 0x00, 0xff, 0x9f, 0xa8, 0x00, 0xff, 0x9f, 0xa8, 0x00, 0xff, 0x9f, 0xa8, 0x00, 0xff,
    0x9f, 0xa8, 0x00, 0xff, 0x9f, 0xa8, 0x00, 0xff, 0xe1, 0xe3, 0xaf, 0xff, 0xff, 0xff, 0xff, 0xff,
    0xff, 0xff, 0xff, 0xff, 0xff, 0xff, 0xff, 0xff, 0xff, 0xff, 0xff, 0xff, 0xff, 0xff, 0xff, 0xff,
    0xff, 0xff, 0xff, 0xff, 0xff, 0xff, 0xff, 0xff, 0xb5, 0xbc, 0x3b, 0xff, 0x9f, 0xa8, 0x00, 0xff,
    0x9f, 0xa8, 0x00, 0xff, 0x9f, 0xa8, 0x00, 0xff, 0x9f, 0xa8, 0x00, 0xff, 0xb4, 0xbb, 0x39, 0xff,
    0xd9, 0xdc, 0x99, 0xff, 0xd9, 0xdc, 0x99, 0xff, 0xd9, 0xdc, 0x99, 0xff, 0xd9, 0xdc, 0x99, 0xff,
    0xd9, 0xdc, 0x99, 0xff, 0xd9, 0xdc, 0x99, 0xff, 0xb0, 0xb7, 0x2d, 0xff, 0x9f, 0xa8, 0x00, 0xff,
    0x9f, 0xa8, 0x00, 0xff, 0x9f, 0xa8, 0x00, 0xff, 0x9f, 0xa8, 0x00, 0xff, 0x9f, 0xa8, 0x00, 0xff,
    0x9f, 0xa8, 0x00, 0xff, 0x9f, 0xa8, 0x00, 0xff, 0x9f, 0xa8, 0x00, 0xff, 0x9f, 0xa8, 0x00, 0xff,
    0x9f, 0xa8, 0x00, 0xff, 0x9f, 0xa8, 0x00, 0xff, 0x9f, 0xa8, 0x00, 0xff, 0x9f, 0xa8, 0x00, 0xff,
    0x9f, 0xa8, 0x00, 0xff, 0x9f, 0xa8, 0x00, 0xff, 0x9f, 0xa8, 0x00, 0xff, 0x9f, 0xa8, 0x00, 0xff,
    0x9f, 0xa8, 0x00, 0xff, 0x9f, 0xa8, 0x00, 0xff, 0x9f, 0xa8, 0x00, 0xff, 0x9f, 0xa8, 0x00, 0xff,
    0x9f, 0xa8, 0x00, 0xff, 0x9f, 0xa8, 0x00, 0xff, 0x9f, 0xa8, 0x00, 0xff, 0xb5, 0xbc, 0x3c, 0xff,
    0xff, 0xff, 0xff, 0xff, 0xff, 0xff, 0xff, 0xff, 0xff, 0xff, 0xff, 0xff, 0xff, 0xff, 0xff, 0xff,
    0xff, 0xff, 0xff, 0xff, 0xff, 0xff, 0xff, 0xff, 0xff, 0xff, 0xff, 0xff, 0xe1, 0xe3, 0xaf, 0xff,
    0x9f, 0xa8, 0x00, 0xff, 0x9f, 0xa8, 0x00, 0xff, 0x9f, 0xa8, 0x00, 0xff, 0x9f, 0xa8, 0x00, 0xff,
    0x9f, 0xa8, 0x00, 0xff, 0x9f, 0xa8, 0x00, 0xff, 0x9f, 0xa8, 0x00, 0xff, 0x9f, 0xa8, 0x00, 0xff,
    0x9f, 0xa8, 0x00, 0xff, 0x9f, 0xa8, 0x00, 0xff, 0x9f, 0xa8, 0x00, 0xff, 0x9f, 0xa8, 0x00, 0xff,
    0x9f, 0xa8, 0x00, 0xff, 0x9f, 0xa8, 0x00, 0xff, 0x9f, 0xa8, 0x00, 0xff, 0x9f, 0xa8, 0x00, 0xff,
    0x9f, 0xa8, 0x00, 0xff, 0x9f, 0xa8, 0x00, 0xff, 0x9f, 0xa8, 0x00, 0xff, 0x9f, 0xa8, 0x00, 0xff,
    0x9f, 0xa8, 0x00, 0xff, 0x9f, 0xa8, 0x00, 0xff, 0x9f, 0xa8, 0x00, 0xff, 0x9f, 0xa8, 0x00, 0xff,
    0x9f, 0xa8, 0x00, 0xff, 0x9f, 0xa8, 0x00, 0xff, 0x9f, 0xa8, 0x00, 0xff, 0x9f, 0xa8, 0x00, 0xff,
    0x9f, 0xa8, 0x00, 0xff, 0x9f, 0xa8, 0x00, 0xff, 0x9f, 0xa8, 0x00, 0xff, 0x9f, 0xa8, 0x00, 0xff,
    0x9f, 0xa8, 0x00, 0xff, 0x9f, 0xa8, 0x00, 0xff, 0x9f, 0xa8, 0x00, 0xff, 0x9f, 0xa8, 0x00, 0xff,
    0x9f, 0xa8, 0x00, 0xff, 0x9f, 0xa8, 0x00, 0xff, 0x9f, 0xa8, 0x00, 0xff, 0x9f, 0xa8, 0x00, 0xff,
    0x9f, 0xa8, 0x00, 0xff, 0x9f, 0xa8, 0x00, 0xff, 0x9f, 0xa8, 0x00, 0xff, 0x9f, 0xa8, 0x00, 0xff,
    0x9f, 0xa8, 0x00, 0xff, 0x9f, 0xa8, 0x00, 0xff, 0x9f, 0xa8, 0x00, 0xff, 0x9f, 0xa8, 0x00, 0xff,
    0x9f, 0xa8, 0x00, 0xff, 0x9f, 0xa8, 0x00, 0xff, 0x9f, 0xa8, 0x00, 0xff, 0x9f, 0xa8, 0x00, 0xff,
    0x9f, 0xa8, 0x00, 0xff, 0x9f, 0xa8, 0x00, 0xff, 0x9f, 0xa8, 0x00, 0xff, 0x9f, 0xa8, 0x00, 0xff,
    0x9f, 0xa8, 0x00, 0xff, 0x9f, 0xa8, 0x00, 0xff, 0x9f, 0xa8, 0x00, 0xff, 0x9f, 0xa8, 0x00, 0xff,
    0x9f, 0xa8, 0x00, 0xff, 0x9f, 0xa8, 0x00, 0xff, 0x9f, 0xa8, 0x00, 0xff, 0x9f, 0xa8, 0x00, 0xff,
    0x9f, 0xa8, 0x00, 0xff, 0x9f, 0xa8, 0x00, 0xff, 0x9f, 0xa8, 0x00, 0xff, 0x9f, 0xa8, 0x00, 0xff,
    0x9f, 0xa8, 0x00, 0xff, 0x9f, 0xa8, 0x00, 0xff, 0x9f, 0xa8, 0x00, 0xff, 0x9f, 0xa8, 0x00, 0xff,
    0x9f, 0xa8, 0x00, 0xff, 0x9f, 0xa8, 0x00, 0xff, 0x9f, 0xa8, 0x00, 0xff, 0x9f, 0xa8, 0x00, 0xff,
    0xf1, 0xf2, 0xdb, 0xff, 0xff, 0xff, 0xff, 0xff, 0xff, 0xff, 0xff, 0xff, 0xff, 0xff, 0xff, 0xff,
    0xff, 0xff, 0xff, 0xff, 0xff, 0xff, 0xff, 0xff, 0xff, 0xff, 0xff, 0xff, 0xfd, 0xfd, 0xfb, 0xff,
    0xa2, 0xaa, 0x08, 0xff, 0x9f, 0xa8, 0x00, 0xff, 0x9f, 0xa8, 0x00, 0xff, 0x9f, 0xa8, 0x00, 0xff,
    0x9f, 0xa8, 0x00, 0xff, 0xc3, 0xc8, 0x5f, 0xff, 0xd9, 0xdc, 0x99, 0xff, 0xd9, 0xdc, 0x99, 0xff,
    0xd9, 0xdc, 0x99, 0xff, 0xd9, 0xdc, 0x99, 0xff, 0xd9, 0xdc, 0x99, 0xff, 0xc6, 0xcc, 0x69, 0xff,
    0x9f, 0xa8, 0x00, 0xff, 0x9f, 0xa8, 0x00, 0xff, 0x9f, 0xa8, 0x00, 0xff, 0x9f, 0xa8, 0x00, 0xff,
    0x9f, 0xa8, 0x00, 0xff, 0x9f, 0xa8, 0x00, 0xff, 0x9f, 0xa8, 0x00, 0xff, 0x9f, 0xa8, 0x00, 0xff,
    0x9f, 0xa8, 0x00, 0xff, 0x9f, 0xa8, 0x00, 0xff, 0x9f, 0xa8, 0x00, 0xff, 0x9f, 0xa8, 0x00, 0xff,
    0x9f, 0xa8, 0x00, 0xff, 0x9f, 0xa8, 0x00, 0xff, 0x9f, 0xa8, 0x00, 0xff, 0x9f, 0xa8, 0x00, 0xff,
    0x9f, 0xa8, 0x00, 0xff, 0x9f, 0xa8, 0x00, 0xff, 0x9f, 0xa8, 0x00, 0xff, 0x9f, 0xa8, 0x00, 0xff,
    0x9f, 0xa8, 0x00, 0xff, 0x9f, 0xa8, 0x00, 0xff, 0x9f, 0xa8, 0x00, 0xff, 0x9f, 0xa8, 0x00, 0xff,
    0x9f, 0xa8, 0x00, 0xff, 0xa2, 0xaa, 0x08, 0xff, 0xfd, 0xfd, 0xfb, 0xff, 0xff, 0xff, 0xff, 0xff,
    0xff, 0xff, 0xff, 0xff, 0xff, 0xff, 0xff, 0xff, 0xff, 0xff, 0xff, 0xff, 0xff, 0xff, 0xff, 0xff,
    0xff, 0xff, 0xff, 0xff, 0xf1, 0xf2, 0xdb, 0xff, 0x9f, 0xa8, 0x00, 0xff, 0x9f, 0xa8, 0x00, 0xff,
    0x9f, 0xa8, 0x00, 0xff, 0x9f, 0xa8, 0x00, 0xff, 0x9f, 0xa8, 0x00, 0xff, 0x9f, 0xa8, 0x00, 0xff,
    0x9f, 0xa8, 0x00, 0xff, 0x9f, 0xa8, 0x00, 0xff, 0x9f, 0xa8, 0x00, 0xff, 0x9f, 0xa8, 0x00, 0xff,
    0x9f, 0xa8, 0x00, 0xff, 0x9f, 0xa8, 0x00, 0xff, 0x9f, 0xa8, 0x00, 0xff, 0x9f, 0xa8, 0x00, 0xff,
    0x9f, 0xa8, 0x00, 0xff, 0x9f, 0xa8, 0x00, 0xff, 0x9f, 0xa8, 0x00, 0xff, 0x9f, 0xa8, 0x00, 0xff,
    0x9f, 0xa8, 0x00, 0xff, 0x9f, 0xa8, 0x00, 0xff, 0x9f, 0xa8, 0x00, 0xff, 0x9f, 0xa8, 0x00, 0xff,
    0x9f, 0xa8, 0x00, 0xff, 0x9f, 0xa8, 0x00, 0xff, 0x9f, 0xa8, 0x00, 0xff, 0x9f, 0xa8, 0x00, 0xff,
    0x9f, 0xa8, 0x00, 0xff, 0x9f, 0xa8, 0x00, 0xff, 0x9f, 0xa8, 0x00, 0xff, 0x9f, 0xa8, 0x00, 0xff,
    0x9f, 0xa8, 0x00, 0xff, 0x9f, 0xa8, 0x00, 0xff, 0x9f, 0xa8, 0x00, 0xff, 0x9f, 0xa8, 0x00, 0xff,
    0x9f, 0xa8, 0x00, 0xff, 0x9f, 0xa8, 0x00, 0xff, 0x9f, 0xa8, 0x00, 0xff, 0x9f, 0xa8, 0x00, 0xff,
    0x9f, 0xa8, 0x00, 0xff, 0x9f, 0xa8, 0x00, 0xff, 0x9f, 0xa8, 0x00, 0xff, 0x9f, 0xa8, 0x00, 0xff,
    0x9f, 0xa8, 0x00, 0xff, 0x9f, 0xa8, 0x00, 0xff, 0x9f, 0xa8, 0x00, 0xff, 0x9f, 0xa8, 0x00, 0xff,
    0x9f, 0xa8, 0x00, 0xff, 0x9f, 0xa8, 0x00, 0xff, 0x9f, 0xa8, 0x00, 0xff, 0x9f, 0xa8, 0x00, 0xff,
    0x9f, 0xa8, 0x00, 0xff, 0x9f, 0xa8, 0x00, 0xff, 0x9f, 0xa8, 0x00, 0xff, 0x9f, 0xa8, 0x00, 0xff,
    0x9f, 0xa8, 0x00, 0xff, 0x9f, 0xa8, 0x00, 0xff, 0x9f, 0xa8, 0x00, 0xff, 0x9f, 0xa8, 0x00, 0xff,
    0x9f, 0xa8, 0x00, 0xff, 0x9f, 0xa8, 0x00, 0xff, 0x9f, 0xa8, 0x00, 0xff, 0x9f, 0xa8, 0x00, 0xff,
    0x9f, 0xa8, 0x00, 0xff, 0x9f, 0xa8, 0x00, 0xff, 0x9f, 0xa8, 0x00, 0xff, 0x9f, 0xa8, 0x00, 0xff,
    0x9f, 0xa8, 0x00, 0xff, 0x9f, 0xa8, 0x00, 0xff, 0x9f, 0xa8, 0x00, 0xff, 0x9f, 0xa8, 0x00, 0xff,
    0x9f, 0xa8, 0x00, 0xff, 0x9f, 0xa8, 0x00, 0xff, 0x9f, 0xa8, 0x00, 0xff, 0x9f, 0xa8, 0x00, 0xff,
    0x9f, 0xa8, 0x00, 0xff, 0x9f, 0xa8, 0x00, 0xff, 0xfc, 0xfc, 0xf7, 0xff, 0xff, 0xff, 0xff, 0xff,
    0xff, 0xff, 0xff, 0xff, 0xff, 0xff, 0xff, 0xff, 0xff, 0xff, 0xff, 0xff, 0xff, 0xff, 0xff, 0xff,
    0xff, 0xff, 0xff, 0xff, 0xf0, 0xf1, 0xd7, 0xff, 0x9f, 0xa8, 0x00, 0xff, 0x9f, 0xa8, 0x00, 0xff,
    0x9f, 0xa8, 0x00, 0xff, 0x9f, 0xa8, 0x00, 0xff, 0x9f, 0xa8, 0x00, 0xff, 0xcd, 0xd1, 0x7a, 0xff,
    0xd9, 0xdc, 0x99, 0xff, 0xd9, 0xdc, 0x99, 0xff, 0xd9, 0xdc, 0x99, 0xff, 0xd9, 0xdc, 0x99, 0xff,
    0xd9, 0xdc, 0x99, 0xff, 0xb0, 0xb7, 0x2d, 0xff, 0x9f, 0xa8, 0x00, 0xff, 0x9f, 0xa8, 0x00, 0xff,
    0x9f, 0xa8, 0x00, 0xff, 0x9f, 0xa8, 0x00, 0xff, 0x9f, 0xa8, 0x00, 0xff, 0x9f, 0xa8, 0x00, 0xff,
    0x9f, 0xa8, 0x00, 0xff, 0x9f, 0xa8, 0x00, 0xff, 0x9f, 0xa8, 0x00, 0xff, 0x9f, 0xa8, 0x00, 0xff,
    0x9f, 0xa8, 0x00, 0xff, 0x9f, 0xa8, 0x00, 0xff, 0x9f, 0xa8, 0x00, 0xff, 0x9f, 0xa8, 0x00, 0xff,
    0x9f, 0xa8, 0x00, 0xff, 0x9f, 0xa8, 0x00, 0xff, 0x9f, 0xa8, 0x00, 0xff, 0x9f, 0xa8, 0x00, 0xff,
    0x9f, 0xa8, 0x00, 0xff, 0x9f, 0xa8, 0x00, 0xff, 0x9f, 0xa8, 0x00, 0xff, 0x9f, 0xa8, 0x00, 0xff,
    0x9f, 0xa8, 0x00, 0xff, 0x9f, 0xa8, 0x00, 0xff, 0x9f, 0xa8, 0x00, 0xff, 0x9f, 0xa8, 0x00, 0xff,
    0xf0, 0xf1, 0xd7, 0xff, 0xff, 0xff, 0xff, 0xff, 0xff, 0xff, 0xff, 0xff, 0xff, 0xff, 0xff, 0xff,
    0xff, 0xff, 0xff, 0xff, 0xff, 0xff, 0xff, 0xff, 0xff, 0xff, 0xff, 0xff, 0xfc, 0xfc, 0xf7, 0xff,
    0x9f, 0xa8, 0x00, 0xff, 0x9f, 0xa8, 0x00, 0xff, 0x9f, 0xa8, 0x00, 0xff, 0x9f, 0xa8, 0x00, 0xff,
    0x9f, 0xa8, 0x00, 0xff, 0x9f, 0xa8, 0x00, 0xff, 0x9f, 0xa8, 0x00, 0xff, 0x9f, 0xa8, 0x00, 0xff,
    0x9f, 0xa8, 0x00, 0xff, 0x9f, 0xa8, 0x00, 0xff, 0x9f, 0xa8, 0x00, 0xff, 0x9f, 0xa8, 0x00, 0xff,
    0x9f, 0xa8, 0x00, 0xff, 0x9f, 0xa8, 0x00, 0xff, 0x9f, 0xa8, 0x00, 0xff, 0x9f, 0xa8, 0x00, 0xff,
    0x9f, 0xa8, 0x00, 0xff, 0x9f, 0xa8, 0x00, 0xff, 0x9f, 0xa8, 0x00, 0xff, 0x9f, 0xa8, 0x00, 0xff,
    0x9f, 0xa8, 0x00, 0xff, 0x9f, 0xa8, 0x00, 0xff, 0x9f, 0xa8, 0x00, 0xff, 0x9f, 0xa8, 0x00, 0xff,
    0x9f, 0xa8, 0x00, 0xff, 0x9f, 0xa8, 0x00, 0xff, 0x9f, 0xa8, 0x00, 0xff, 0x9f, 0xa8, 0x00, 0xff,
    0x9f, 0xa8, 0x00, 0xff, 0x9f, 0xa8, 0x00, 0xff, 0x9f, 0xa8, 0x00, 0xff, 0x9f, 0xa8, 0x00, 0xff,
    0x9f, 0xa8, 0x00, 0xff, 0x9f, 0xa8, 0x00, 0xff, 0x9f, 0xa8, 0x00, 0xff, 0x9f, 0xa8, 0x00, 0xff,
    0x9f, 0xa8, 0x00, 0xff, 0x9f, 0xa8, 0x00, 0xff, 0x9f, 0xa8, 0x00, 0xff, 0x9f, 0xa8, 0x00, 0xff,
    0x9f, 0xa8, 0x00, 0xff, 0x9f, 0xa8, 0x00, 0xff, 0x9f, 0xa8, 0x00, 0xff, 0x9f, 0xa8, 0x00, 0xff,
    0x9f, 0xa8, 0x00, 0xff, 0x9f, 0xa8, 0x00, 0xff, 0x9f, 0xa8, 0x00, 0xff, 0x9f, 0xa8, 0x00, 0xff,
    0x9f, 0xa8, 0x00, 0xff, 0x9f, 0xa8, 0x00, 0xff, 0x9f, 0xa8, 0x00, 0xff, 0x9f, 0xa8, 0x00, 0xff,
    0x9f, 0xa8, 0x00, 0xff, 0x9f, 0xa8, 0x00, 0xff, 0x9f, 0xa8, 0x00, 0xff, 0x9f, 0xa8, 0x00, 0xff,
    0x9f, 0xa8, 0x00, 0xff, 0x9f, 0xa8, 0x00, 0xff, 0x9f, 0xa8, 0x00, 0xff, 0x9f, 0xa8, 0x00, 0xff,
    0x9f, 0xa8, 0x00, 0xff, 0x9f, 0xa8, 0x00, 0xff, 0x9f, 0xa8, 0x00, 0xff, 0x9f, 0xa8, 0x00, 0xff,
    0x9f, 0xa8, 0x00, 0xff, 0x9f, 0xa8, 0x00, 0xff, 0x9f, 0xa8, 0x00, 0xff, 0x9f, 0xa8, 0x00, 0xff,
    0x9f, 0xa8, 0x00, 0xff, 0x9f, 0xa8, 0x00, 0xff, 0x9f, 0xa8, 0x00, 0xff, 0x9f, 0xa8, 0x00, 0xff,
    0x9f, 0xa8, 0x00, 0xff, 0x9f, 0xa8, 0x00, 0xff, 0x9f, 0xa8, 0x00, 0xff, 0xa3, 0xac, 0x0c, 0xff,
    0xff, 0xff, 0xff, 0xff, 0xff, 0xff, 0xff, 0xff, 0xff, 0xff, 0xff, 0xff, 0xff, 0xff, 0xff, 0xff,
    0xff, 0xff, 0xff, 0xff, 0xff, 0xff, 0xff, 0xff, 0xff, 0xff, 0xff, 0xff, 0xe4, 0xe6, 0xb7, 0xff,
    0x9f, 0xa8, 0x00, 0xff, 0x9f, 0xa8, 0x00, 0xff, 0x9f, 0xa8, 0x00, 0xff, 0x9f, 0xa8, 0x00, 0xff,
    0x9f, 0xa8, 0x00, 0xff, 0xce, 0xd2, 0x7c, 0xff, 0xd9, 0xdc, 0x99, 0xff, 0xd9, 0xdc, 0x99, 0xff,
    0xd9, 0xdc, 0x99, 0xff, 0xd9, 0xdc, 0x99, 0xff, 0xd9, 0xdc, 0x99, 0xff, 0xa7, 0xaf, 0x15, 0xff,
    0x9f, 0xa8, 0x00, 0xff, 0x9f, 0xa8, 0x00, 0xff, 0x9f, 0xa8, 0x00, 0xff, 0x9f, 0xa8, 0x00, 0xff,
    0x9f, 0xa8, 0x00, 0xff, 0x9f, 0xa8, 0x00, 0xff, 0x9f, 0xa8, 0x00, 0xff, 0x9f, 0xa8, 0x00, 0xff,
    0x9f, 0xa8, 0x00, 0xff, 0x9f, 0xa8, 0x00, 0xff, 0x9f, 0xa8, 0x00, 0xff, 0x9f, 0xa8, 0x00, 0xff,
    0x9f, 0xa8, 0x00, 0xff, 0x9f, 0xa8, 0x00, 0xff, 0x9f, 0xa8, 0x00, 0xff, 0x9f, 0xa8, 0x00, 0xff,
    0x9f, 0xa8, 0x00, 0xff, 0x9f, 0xa8, 0x00, 0xff, 0x9f, 0xa8, 0x00, 0xff, 0x9f, 0xa8, 0x00, 0xff,
    0x9f, 0xa8, 0x00, 0xff, 0x9f, 0xa8, 0x00, 0xff, 0x9f, 0xa8, 0x00, 0xff, 0x9f, 0xa8, 0x00, 0xff,
    0x9f, 0xa8, 0x00, 0xff, 0x9f, 0xa8, 0x00, 0xff, 0xe4, 0xe6, 0xb7, 0xff, 0xff, 0xff, 0xff, 0xff,
    0xff, 0xff, 0xff, 0xff, 0xff, 0xff, 0xff, 0xff, 0xff, 0xff, 0xff, 0xff, 0xff, 0xff, 0xff, 0xff,
    0xff, 0xff, 0xff, 0xff, 0xff, 0xff, 0xff, 0xff, 0xa3, 0xac, 0x0c, 0xff, 0x9f, 0xa8, 0x00, 0xff,
    0x9f, 0xa8, 0x00, 0xff, 0x9f, 0xa8, 0x00, 0xff, 0x9f, 0xa8, 0x00, 0xff, 0x9f, 0xa8, 0x00, 0xff,
    0x9f, 0xa8, 0x00, 0xff, 0x9f, 0xa8, 0x00, 0xff, 0x9f, 0xa8, 0x00, 0xff, 0x9f, 0xa8, 0x00, 0xff,
    0x9f, 0xa8, 0x00, 0xff, 0x9f, 0xa8, 0x00, 0xff, 0x9f, 0xa8, 0x00, 0xff, 0x9f, 0xa8, 0x00, 0xff,
    0x9f, 0xa8, 0x00, 0xff, 0x9f, 0xa8, 0x00, 0xff, 0x9f, 0xa8, 0x00, 0xff, 0x9f, 0xa8, 0x00, 0xff,
    0x9f, 0xa8, 0x00, 0xff, 0x9f, 0xa8, 0x00, 0xff, 0x9f, 0xa8, 0x00, 0xff, 0x9f, 0xa8, 0x00, 0xff,
    0x9f, 0xa8, 0x00, 0xff, 0x9f, 0xa8, 0x00, 0xff, 0x9f, 0xa8, 0x00, 0xff, 0x9f, 0xa8, 0x00, 0xff,
    0x9f, 0xa8, 0x00, 0xff, 0x9f, 0xa8, 0x00, 0xff, 0x9f, 0xa8, 0x00, 0xff, 0x9f, 0xa8, 0x00, 0xff,
    0x9f, 0xa8, 0x00, 0xff, 0x9f, 0xa8, 0x00, 0xff, 0x9f, 0xa8, 0x00, 0xff, 0x9f, 0xa8, 0x00, 0xff,
    0x9f, 0xa8, 0x00, 0xff, 0x9f, 0xa8, 0x00, 0xff, 0x9f, 0xa8, 0x00, 0xff, 0x9f, 0xa8, 0x00, 0xff,
    0x9f, 0xa8, 0x00, 0xff, 0x9f, 0xa8, 0x00, 0xff, 0x9f, 0xa8, 0x00, 0xff, 0x9f, 0xa8, 0x00, 0xff,
    0x9f, 0xa8, 0x00, 0xff, 0x9f, 0xa8, 0x00, 0xff, 0x9f, 0xa8, 0x00, 0xff, 0x9f, 0xa8, 0x00, 0xff,
    0x9f, 0xa8, 0x00, 0xff, 0x9f, 0xa8, 0x00, 0xff, 0x9f, 0xa8, 0x00, 0xff, 0x9f, 0xa8, 0x00, 0xff,
    0x9f, 0xa8, 0x00, 0xff, 0x9f, 0xa8, 0x00, 0xff, 0x9f, 0xa8, 0x00, 0xff, 0x9f, 0xa8, 0x00, 0xff,
    0x9f, 0xa8, 0x00, 0xff, 0x9f, 0xa8, 0x00, 0xff, 0x9f, 0xa8, 0x00, 0xff, 0x9f, 0xa8, 0x00, 0xff,
    0x9f, 0xa8, 0x00, 0xff, 0x9f, 0xa8, 0x00, 0xff, 0x9f, 0xa8, 0x00, 0xff, 0x9f, 0xa8, 0x00, 0xff,
    0x9f, 0xa8, 0x00, 0xff, 0x9f, 0xa8, 0x00, 0xff, 0x9f, 0xa8, 0x00, 0xff, 0x9f, 0xa8, 0x00, 0xff,
    0x9f, 0xa8, 0x00, 0xff, 0x9f, 0xa8, 0x00, 0xff, 0x9f, 0xa8, 0x00, 0xff, 0x9f, 0xa8, 0x00, 0xff,
    0x9f, 0xa8, 0x00, 0xff, 0x9f, 0xa8, 0x00, 0xff, 0x9f, 0xa8, 0x00, 0xff, 0x9f, 0xa8, 0x00, 0xff,
    0x9f, 0xa8, 0x00, 0xff, 0xa9, 0xb1, 0x1c, 0xff, 0xff, 0xff, 0xff, 0xff, 0xff, 0xff, 0xff, 0xff,
    0xff, 0xff, 0xff, 0xff, 0xff, 0xff, 0xff, 0xff, 0xff, 0xff, 0xff, 0xff, 0xff, 0xff, 0xff, 0xff,
    0xff, 0xff, 0xff, 0xff, 0xdc, 0xdf, 0xa3, 0xff, 0x9f, 0xa8, 0x00, 0xff, 0x9f, 0xa8, 0x00, 0xff,
    0x9f, 0xa8, 0x00, 0xff, 0x9f, 0xa8, 0x00, 0xff, 0x9f, 0xa8, 0x00, 0xff, 0xc1, 0xc6, 0x5b, 0xff,
    0xd9, 0xdc, 0x99, 0xff, 0xd9, 0xdc, 0x99, 0xff, 0xd9, 0xdc, 0x99, 0xff, 0xd9, 0xdc, 0x99, 0xff,
    0xd2, 0xd6, 0x88, 0xff, 0xa0, 0xa8, 0x02, 0xff, 0x9f, 0xa8, 0x00, 0xff, 0x9f, 0xa8, 0x00, 0xff,
    0x9f, 0xa8, 0x00, 0xff, 0x9f, 0xa8, 0x00, 0xff, 0x9f, 0xa8, 0x00, 0xff, 0x9f, 0xa8, 0x00, 0xff,
    0x9f, 0xa8, 0x00, 0xff, 0x9f, 0xa8, 0x00, 0xff, 0x9f, 0xa8, 0x00, 0xff, 0x9f, 0xa8, 0x00, 0xff,
    0x9f, 0xa8, 0x00, 0xff, 0x9f, 0xa8, 0x00, 0xff, 0x9f, 0xa8, 0x00, 0xff, 0x9f, 0xa8, 0x00, 0xff,
    0x9f, 0xa8, 0x00, 0xff, 0x9f, 0xa8, 0x00, 0xff, 0x9f, 0xa8, 0x00, 0xff, 0x9f, 0xa8, 0x00, 0xff,
    0x9f, 0xa8, 0x00, 0xff, 0x9f, 0xa8, 0x00, 0xff, 0x9f, 0xa8, 0x00, 0xff, 0x9f, 0xa8, 0x00, 0xff,
    0x9f, 0xa8, 0x00, 0xff, 0x9f, 0xa8, 0x00, 0xff, 0x9f, 0xa8, 0x00, 0xff, 0x9f, 0xa8, 0x00, 0xff,
    0xde, 0xe1, 0xa7, 0xff, 0xff, 0xff, 0xff, 0xff, 0xff, 0xff, 0xff, 0xff, 0xff, 0xff, 0xff, 0xff,
    0xff, 0xff, 0xff, 0xff, 0xff, 0xff, 0xff, 0xff, 0xff, 0xff, 0xff, 0xff, 0xff, 0xff, 0xff, 0xff,
    0xa8, 0xb0, 0x18, 0xff, 0x9f, 0xa8, 0x00, 0xff, 0x9f, 0xa8, 0x00, 0xff, 0x9f, 0xa8, 0x00, 0xff,
    0x9f, 0xa8, 0x00, 0xff, 0x9f, 0xa8, 0x00, 0xff, 0x9f, 0xa8, 0x00, 0xff, 0x9f, 0xa8, 0x00, 0xff,
    0x9f, 0xa8, 0x00, 0xff, 0x9f, 0xa8, 0x00, 0xff, 0x9f, 0xa8, 0x00, 0xff, 0x9f, 0xa8, 0x00, 0xff,
    0x9f, 0xa8, 0x00, 0xff, 0x9f, 0xa8, 0x00, 0xff, 0x9f, 0xa8, 0x00, 0xff, 0x9f, 0xa8, 0x00, 0xff,
    0x9f, 0xa8, 0x00, 0xff, 0x9f, 0xa8, 0x00, 0xff, 0x9f, 0xa8, 0x00, 0xff, 0x9f, 0xa8, 0x00, 0xff,
    0x9f, 0xa8, 0x00, 0xff, 0x9f, 0xa8, 0x00, 0xff, 0x9f, 0xa8, 0x00, 0xff, 0x9f, 0xa8, 0x00, 0xff,
    0x9f, 0xa8, 0x00, 0xff, 0x9f, 0xa8, 0x00, 0xff, 0x9f, 0xa8, 0x00, 0xff, 0x9f, 0xa8, 0x00, 0xff,
    0x9f, 0xa8, 0x00, 0xff, 0x9f, 0xa8, 0x00, 0xff, 0x9f, 0xa8, 0x00, 0xff, 0x9f, 0xa8, 0x00, 0xff,
    0x9f, 0xa8, 0x00, 0xff, 0x9f, 0xa8, 0x00, 0xff, 0x9f, 0xa8, 0x00, 0xff, 0x9f, 0xa8, 0x00, 0xff,
    0x9f, 0xa8, 0x00, 0xff, 0x9f, 0xa8, 0x00, 0xff, 0x9f, 0xa8, 0x00, 0xff, 0x9f, 0xa8, 0x00, 0xff,
    0x9f, 0xa8, 0x00, 0xff, 0x9f, 0xa8, 0x00, 0xff, 0x9f, 0xa8, 0x00, 0xff, 0x9f, 0xa8, 0x00, 0xff,
    0x9f, 0xa8, 0x00, 0xff, 0x9f, 0xa8, 0x00, 0xff, 0x9f, 0xa8, 0x00, 0xff, 0x9f, 0xa8, 0x00, 0xff,
    0x9f, 0xa8, 0x00, 0xff, 0x9f, 0xa8, 0x00, 0xff, 0x9f, 0xa8, 0x00, 0xff, 0x9f, 0xa8, 0x00, 0xff,
    0x9f, 0xa8, 0x00, 0xff, 0x9f, 0xa8, 0x00, 0xff, 0x9f, 0xa8, 0x00, 0xff, 0x9f, 0xa8, 0x00, 0xff,
    0x9f, 0xa8, 0x00, 0xff, 0x9f, 0xa8, 0x00, 0xff, 0x9f, 0xa8, 0x00, 0xff, 0x9f, 0xa8, 0x00, 0xff,
    0x9f, 0xa8, 0x00, 0xff, 0x9f, 0xa8, 0x00, 0xff, 0x9f, 0xa8, 0x00, 0xff, 0x9f, 0xa8, 0x00, 0xff,
    0x9f, 0xa8, 0x00, 0xff, 0x9f, 0xa8, 0x00, 0xff, 0x9f, 0xa8, 0x00, 0xff, 0x9f, 0xa8, 0x00, 0xff,
    0x9f, 0xa8, 0x00, 0xff, 0x9f, 0xa8, 0x00, 0xff, 0x9f, 0xa8, 0x00, 0xff, 0x9f, 0xa8, 0x00, 0xff,
    0x9f, 0xa8, 0x00, 0xff, 0x9f, 0xa8, 0x00, 0xff, 0x9f, 0xa8, 0x00, 0xff, 0xab, 0xb2, 0x20, 0xff,
    0xff, 0xff, 0xff, 0xff, 0xff, 0xff, 0xff, 0xff, 0xff, 0xff, 0xff, 0xff, 0xff, 0xff, 0xff, 0xff,
    0xff, 0xff, 0xff, 0xff, 0xff, 0xff, 0xff, 0xff, 0xff, 0xff, 0xff, 0xff, 0xdb, 0xde, 0x9f, 0xff,
    0x9f, 0xa8, 0x00, 0xff, 0x9f, 0xa8, 0x00, 0xff, 0x9f, 0xa8, 0x00, 0xff, 0x9f, 0xa8, 0x00, 0xff,
    0x9f, 0xa8, 0x00, 0xff, 0xa2, 0xab, 0x09, 0xff, 0xcb, 0xcf, 0x75, 0xff, 0xd9, 0xdc, 0x99, 0xff,
    0xd9, 0xdc, 0x99, 0xff, 0xd5, 0xd8, 0x8f, 0xff, 0xad, 0xb5, 0x26, 0xff, 0x9f, 0xa8, 0x00, 0xff,
    0x9f, 0xa8, 0x00, 0xff, 0x9f, 0xa8, 0x00, 0xff, 0x9f, 0xa8, 0x00, 0xff, 0x9f, 0xa8, 0x00, 0xff,
    0x9f, 0xa8, 0x00, 0xff, 0x9f, 0xa8, 0x00, 0xff, 0x9f, 0xa8, 0x00, 0xff, 0x9f, 0xa8, 0x00, 0xff,
    0x9f, 0xa8, 0x00, 0xff, 0x9f, 0xa8, 0x00, 0xff, 0x9f, 0xa8, 0x00, 0xff, 0x9f, 0xa8, 0x00, 0xff,
    0x9f, 0xa8, 0x00, 0xff, 0x9f, 0xa8, 0x00, 0xff, 0x9f, 0xa8, 0x00, 0xff, 0x9f, 0xa8, 0x00, 0xff,
    0x9f, 0xa8, 0x00, 0xff, 0x9f, 0xa8, 0x00, 0xff, 0x9f, 0xa8, 0x00, 0xff, 0x9f, 0xa8, 0x00, 0xff,
    0x9f, 0xa8, 0x00, 0xff, 0x9f, 0xa8, 0x00, 0xff, 0x9f, 0xa8, 0x00, 0xff, 0x9f, 0xa8, 0x00, 0xff,
    0x9f, 0xa8, 0x00, 0xff, 0x9f, 0xa8, 0x00, 0xff, 0xdb, 0xde, 0x9f, 0xff, 0xff, 0xff, 0xff, 0xff,
    0xff, 0xff, 0xff, 0xff, 0xff, 0xff, 0xff, 0xff, 0xff, 0xff, 0xff, 0xff, 0xff, 0xff, 0xff, 0xff,
    0xff, 0xff, 0xff, 0xff, 0xff, 0xff, 0xff, 0xff, 0xab, 0xb3, 0x20, 0xff, 0x9f, 0xa8, 0x00, 0xff,
    0x9f, 0xa8, 0x00, 0xff, 0x9f, 0xa8, 0x00, 0xff, 0x9f, 0xa8, 0x00, 0xff, 0x9f, 0xa8, 0x00, 0xff,
    0x9f, 0xa8, 0x00, 0xff, 0x9f, 0xa8, 0x00, 0xff, 0x9f, 0xa8, 0x00, 0xff, 0x9f, 0xa8, 0x00, 0xff,
    0x9f, 0xa8, 0x00, 0xff, 0x9f, 0xa8, 0x00, 0xff, 0x9f, 0xa8, 0x00, 0xff, 0x9f, 0xa8, 0x00, 0xff,
    0x9f, 0xa8, 0x00, 0xff, 0x9f, 0xa8, 0x00, 0xff, 0x9f, 0xa8, 0x00, 0xff, 0x9f, 0xa8, 0x00, 0xff,
    0x9f, 0xa8, 0x00, 0xff, 0x9f, 0xa8, 0x00, 0xff, 0x9f, 0xa8, 0x00, 0xff, 0x9f, 0xa8, 0x00, 0xff,
    0x9f, 0xa8, 0x00, 0xff, 0x9f, 0xa8, 0x00, 0xff, 0x9f, 0xa8, 0x00, 0xff, 0x9f, 0xa8, 0x00, 0xff,
    0x9f, 0xa8, 0x00, 0xff, 0x9f, 0xa8, 0x00, 0xff, 0x9f, 0xa8, 0x00, 0xff, 0x9f, 0xa8, 0x00, 0xff,
    0x9f, 0xa8, 0x00, 0xff, 0x9f, 0xa8, 0x00, 0xff, 0x9f, 0xa8, 0x00, 0xff, 0x9f, 0xa8, 0x00, 0xff,
    0x9f, 0xa8, 0x00, 0xff, 0x9f, 0xa8, 0x00, 0xff, 0x9f, 0xa8, 0x00, 0xff, 0x9f, 0xa8, 0x00, 0xff,
    0x9f, 0xa8, 0x00, 0xff, 0x9f, 0xa8, 0x00, 0xff, 0x9f, 0xa8, 0x00, 0xff, 0x9f, 0xa8, 0x00, 0xff,
    0x9f, 0xa8, 0x00, 0xff, 0x9f, 0xa8, 0x00, 0xff, 0x9f, 0xa8, 0x00, 0xff, 0x9f, 0xa8, 0x00, 0xff,
    0x9f, 0xa8, 0x00, 0xff, 0x9f, 0xa8, 0x00, 0xff, 0x9f, 0xa8, 0x00, 0xff, 0x9f, 0xa8, 0x00, 0xff,
    0x9f, 0xa8, 0x00, 0xff, 0x9f, 0xa8, 0x00, 0xff, 0x9f, 0xa8, 0x00, 0xff, 0x9f, 0xa8, 0x00, 0xff,
    0x9f, 0xa8, 0x00, 0xff, 0x9f, 0xa8, 0x00, 0xff, 0x9f, 0xa8, 0x00, 0xff, 0x9f, 0xa8, 0x00, 0xff,
    0x9f, 0xa8, 0x00, 0xff, 0x9f, 0xa8, 0x00, 0xff, 0x9f, 0xa8, 0x00, 0xff, 0x9f, 0xa8, 0x00, 0xff,
    0x9f, 0xa8, 0x00, 0xff, 0x9f, 0xa8, 0x00, 0xff, 0x9f, 0xa8, 0x00, 0xff, 0x9f, 0xa8, 0x00, 0xff,
    0x9f, 0xa8, 0x00, 0xff, 0x9f, 0xa8, 0x00, 0xff, 0x9f, 0xa8, 0x00, 0xff, 0x9f, 0xa8, 0x00, 0xff,
    0x9f, 0xa8, 0x00, 0xff, 0x9f, 0xa8, 0x00, 0xff, 0x9f, 0xa8, 0x00, 0xff, 0x9f, 0xa8, 0x00, 0xff,
    0x9f, 0xa8, 0x00, 0xff, 0xa5, 0xad, 0x10, 0xff, 0xff, 0xff, 0xff, 0xff, 0xff, 0xff, 0xff, 0xff,
    0xff, 0xff, 0xff, 0xff, 0xff, 0xff, 0xff, 0xff, 0xff, 0xff, 0xff, 0xff, 0xff, 0xff, 0xff, 0xff,
    0xff, 0xff, 0xff, 0xff, 0xe1, 0xe3, 0xaf, 0xff, 0x9f, 0xa8, 0x00, 0xff, 0x9f, 0xa8, 0x00, 0xff,
    0x9f, 0xa8, 0x00, 0xff, 0x9f, 0xa8, 0x00, 0xff, 0x9f, 0xa8, 0x00, 0xff, 0x9f, 0xa8, 0x00, 0xff,
    0x9f, 0xa8, 0x00, 0xff, 0xab, 0xb3, 0x21, 0xff, 0xae, 0xb5, 0x28, 0xff, 0xa2, 0xab, 0x09, 0xff,
    0x9f, 0xa8, 0x00, 0xff, 0x9f, 0xa8, 0x00, 0xff, 0x9f, 0xa8, 0x00, 0xff, 0x9f, 0xa8, 0x00, 0xff,
    0x9f, 0xa8, 0x00, 0xff, 0x9f, 0xa8, 0x00, 0xff, 0x9f, 0xa8, 0x00, 0xff, 0x9f, 0xa8, 0x00, 0xff,
    0x9f, 0xa8, 0x00, 0xff, 0x9f, 0xa8, 0x00, 0xff, 0x9f, 0xa8, 0x00, 0xff, 0x9f, 0xa8, 0x00, 0xff,
    0x9f, 0xa8, 0x00, 0xff, 0x9f, 0xa8, 0x00, 0xff, 0x9f, 0xa8, 0x00, 0xff, 0x9f, 0xa8, 0x00, 0xff,
    0x9f, 0xa8, 0x00, 0xff, 0x9f, 0xa8, 0x00, 0xff, 0x9f, 0xa8, 0x00, 0xff, 0x9f, 0xa8, 0x00, 0xff,
    0x9f, 0xa8, 0x00, 0xff, 0x9f, 0xa8, 0x00, 0xff, 0x9f, 0xa8, 0x00, 0xff, 0x9f, 0xa8, 0x00, 0xff,
    0x9f, 0xa8, 0x00, 0xff, 0x9f, 0xa8, 0x00, 0xff, 0x9f, 0xa8, 0x00, 0xff, 0x9f, 0xa8, 0x00, 0xff,
    0xdf, 0xe2, 0xab, 0xff, 0xff, 0xff, 0xff, 0xff, 0xff, 0xff, 0xff, 0xff, 0xff, 0xff, 0xff, 0xff,
    0xff, 0xff, 0xff, 0xff, 0xff, 0xff, 0xff, 0xff, 0xff, 0xff, 0xff, 0xff, 0xff, 0xff, 0xff, 0xff,
    0xa6, 0xaf, 0x14, 0xff, 0x9f, 0xa8, 0x00, 0xff, 0x9f, 0xa8, 0x00, 0xff, 0x9f, 0xa8, 0x00, 0xff,
    0x9f, 0xa8, 0x00, 0xff, 0x9f, 0xa8, 0x00, 0xff, 0x9f, 0xa8, 0x00, 0xff, 0x9f, 0xa8, 0x00, 0xff,
    0x9f, 0xa8, 0x00, 0xff, 0x9f, 0xa8, 0x00, 0xff, 0x9f, 0xa8, 0x00, 0xff, 0x9f, 0xa8, 0x00, 0xff,
    0x9f, 0xa8, 0x00, 0xff, 0x9f, 0xa8, 0x00, 0xff, 0x9f, 0xa8, 0x00, 0xff, 0x9f, 0xa8, 0x00, 0xff,
    0x9f, 0xa8, 0x00, 0xff, 0x9f, 0xa8, 0x00, 0xff, 0x9f, 0xa8, 0x00, 0xff, 0x9f, 0xa8, 0x00, 0xff,
    0x9f, 0xa8, 0x00, 0xff, 0x9f, 0xa8, 0x00, 0xff, 0x9f, 0xa8, 0x00, 0xff, 0x9f, 0xa8, 0x00, 0xff,
    0x9f, 0xa8, 0x00, 0xff, 0x9f, 0xa8, 0x00, 0xff, 0x9f, 0xa8, 0x00, 0xff, 0x9f, 0xa8, 0x00, 0xff,
    0x9f, 0xa8, 0x00, 0xff, 0x9f, 0xa8, 0x00, 0xff, 0x9f, 0xa8, 0x00, 0xff, 0x9f, 0xa8, 0x00, 0xff,
    0x9f, 0xa8, 0x00, 0xff, 0x9f, 0xa8, 0x00, 0xff, 0x9f, 0xa8, 0x00, 0xff, 0x9f, 0xa8, 0x00, 0xff,
    0x9f, 0xa8, 0x00, 0xff, 0x9f, 0xa8, 0x00, 0xff, 0x9f, 0xa8, 0x00, 0xff, 0x9f, 0xa8, 0x00, 0xff,
    0x9f, 0xa8, 0x00, 0xff, 0x9f, 0xa8, 0x00, 0xff, 0x9f, 0xa8, 0x00, 0xff, 0x9f, 0xa8, 0x00, 0xff,
    0x9f, 0xa8, 0x00, 0xff, 0x9f, 0xa8, 0x00, 0xff, 0x9f, 0xa8, 0x00, 0xff, 0x9f, 0xa8, 0x00, 0xff,
    0x9f, 0xa8, 0x00, 0xff, 0x9f, 0xa8, 0x00, 0xff, 0x9f, 0xa8, 0x00, 0xff, 0x9f, 0xa8, 0x00, 0xff,
    0x9f, 0xa8, 0x00, 0xff, 0x9f, 0xa8, 0x00, 0xff, 0x9f, 0xa8, 0x00, 0xff, 0x9f, 0xa8, 0x00, 0xff,
    0x9f, 0xa8, 0x00, 0xff, 0x9f, 0xa8, 0x00, 0xff, 0x9f, 0xa8, 0x00, 0xff, 0x9f, 0xa8, 0x00, 0xff,
    0x9f, 0xa8, 0x00, 0xff, 0x9f, 0xa8, 0x00, 0xff, 0x9f, 0xa8, 0x00, 0xff, 0x9f, 0xa8, 0x00, 0xff,
    0x9f, 0xa8, 0x00, 0xff, 0x9f, 0xa8, 0x00, 0xff, 0x9f, 0xa8, 0x00, 0xff, 0x9f, 0xa8, 0x00, 0xff,
    0x9f, 0xa8, 0x00, 0xff, 0x9f, 0xa8, 0x00, 0xff, 0x9f, 0xa8, 0x00, 0xff, 0x9f, 0xa8, 0x00, 0xff,
    0x9f, 0xa8, 0x00, 0xff, 0x9f, 0xa8, 0x00, 0xff, 0x9f, 0xa8, 0x00, 0xff, 0xa2, 0xaa, 0x08, 0xff,
    0xff, 0xff, 0xff, 0xff, 0xff, 0xff, 0xff, 0xff, 0xff, 0xff, 0xff, 0xff, 0xff, 0xff, 0xff, 0xff,
    0xff, 0xff, 0xff, 0xff, 0xff, 0xff, 0xff, 0xff, 0xff, 0xff, 0xff, 0xff, 0xe8, 0xea, 0xc3, 0xff,
    0x9f, 0xa8, 0x00, 0xff, 0x9f, 0xa8, 0x00, 0xff, 0x9f, 0xa8, 0x00, 0xff, 0x9f, 0xa8, 0x00, 0xff,
    0x9f, 0xa8, 0x00, 0xff, 0x9f, 0xa8, 0x00, 0xff, 0x9f, 0xa8, 0x00, 0xff, 0x9f, 0xa8, 0x00, 0xff,
    0x9f, 0xa8, 0x00, 0xff, 0x9f, 0xa8, 0x00, 0xff, 0x9f, 0xa8, 0x00, 0xff, 0x9f, 0xa8, 0x00, 0xff,
    0x9f, 0xa8, 0x00, 0xff, 0x9f, 0xa8, 0x00, 0xff, 0x9f, 0xa8, 0x00, 0xff, 0x9f, 0xa8, 0x00, 0xff,
    0x9f, 0xa8, 0x00, 0xff, 0x9f, 0xa8, 0x00, 0xff, 0x9f, 0xa8, 0x00, 0xff, 0x9f, 0xa8, 0x00, 0xff,
    0x9f, 0xa8, 0x00, 0xff, 0x9f, 0xa8, 0x00, 0xff, 0x9f, 0xa8, 0x00, 0xff, 0x9f, 0xa8, 0x00, 0xff,
    0x9f, 0xa8, 0x00, 0xff, 0x9f, 0xa8, 0x00, 0xff, 0x9f, 0xa8, 0x00, 0xff, 0x9f, 0xa8, 0x00, 0xff,
    0x9f, 0xa8, 0x00, 0xff, 0x9f, 0xa8, 0x00, 0xff, 0x9f, 0xa8, 0x00, 0xff, 0x9f, 0xa8, 0x00, 0xff,
    0x9f, 0xa8, 0x00, 0xff, 0x9f, 0xa8, 0x00, 0xff, 0x9f, 0xa8, 0x00, 0xff, 0x9f, 0xa8, 0x00, 0xff,
    0x9f, 0xa8, 0x00, 0xff, 0x9f, 0xa8, 0x00, 0xff, 0xe8, 0xea, 0xc3, 0xff, 0xff, 0xff, 0xff, 0xff,
    0xff, 0xff, 0xff, 0xff, 0xff, 0xff, 0xff, 0xff, 0xff, 0xff, 0xff, 0xff, 0xff, 0xff, 0xff, 0xff,
    0xff, 0xff, 0xff, 0xff, 0xff, 0xff, 0xff, 0xff, 0xa0, 0xa9, 0x04, 0xff, 0x9f, 0xa8, 0x00, 0xff,
    0x9f, 0xa8, 0x00, 0xff, 0x9f, 0xa8, 0x00, 0xff, 0x9f, 0xa8, 0x00, 0xff, 0x9f, 0xa8, 0x00, 0xff,
    0x9f, 0xa8, 0x00, 0xff, 0x9f, 0xa8, 0x00, 0xff, 0x9f, 0xa8, 0x00, 0xff, 0x9f, 0xa8, 0x00, 0xff,
    0x9f, 0xa8, 0x00, 0xff, 0x9f, 0xa8, 0x00, 0xff, 0x9f, 0xa8, 0x00, 0xff, 0x9f, 0xa8, 0x00, 0xff,
    0x9f, 0xa8, 0x00, 0xff, 0x9f, 0xa8, 0x00, 0xff, 0x9f, 0xa8, 0x00, 0xff, 0x9f, 0xa8, 0x00, 0xff,
    0x9f, 0xa8, 0x00, 0xff, 0x9f, 0xa8, 0x00, 0xff, 0x9f, 0xa8, 0x00, 0xff, 0x9f, 0xa8, 0x00, 0xff,
    0x9f, 0xa8, 0x00, 0xff, 0x9f, 0xa8, 0x00, 0xff, 0x9f, 0xa8, 0x00, 0xff, 0x9f, 0xa8, 0x00, 0xff,
    0x9f, 0xa8, 0x00, 0xff, 0x9f, 0xa8, 0x00, 0xff, 0x9f, 0xa8, 0x00, 0xff, 0x9f, 0xa8, 0x00, 0xff,
    0x9f, 0xa8, 0x00, 0xff, 0x9f, 0xa8, 0x00, 0xff, 0x9f, 0xa8, 0x00, 0xff, 0x9f, 0xa8, 0x00, 0xff,
    0x9f, 0xa8, 0x00, 0xff, 0x9f, 0xa8, 0x00, 0xff, 0x9f, 0xa8, 0x00, 0xff, 0x9f, 0xa8, 0x00, 0xff,
    0x9f, 0xa8, 0x00, 0xff, 0x9f, 0xa8, 0x00, 0xff, 0x9f, 0xa8, 0x00, 0xff, 0x9f, 0xa8, 0x00, 0xff,
    0x9f, 0xa8, 0x00, 0xff, 0x9f, 0xa8, 0x00, 0xff, 0x9f, 0xa8, 0x00, 0xff, 0x9f, 0xa8, 0x00, 0xff,
    0x9f, 0xa8, 0x00, 0xff, 0x9f, 0xa8, 0x00, 0xff, 0x9f, 0xa8, 0x00, 0xff, 0x9f, 0xa8, 0x00, 0xff,
    0x9f, 0xa8, 0x00, 0xff, 0x9f, 0xa8, 0x00, 0xff, 0x9f, 0xa8, 0x00, 0xff, 0x9f, 0xa8, 0x00, 0xff,
    0x9f, 0xa8, 0x00, 0xff, 0x9f, 0xa8, 0x00, 0xff, 0x9f, 0xa8, 0x00, 0xff, 0x9f, 0xa8, 0x00, 0xff,
    0x9f, 0xa8, 0x00, 0xff, 0x9f, 0xa8, 0x00, 0xff, 0x9f, 0xa8, 0x00, 0xff, 0x9f, 0xa8, 0x00, 0xff,
    0x9f, 0xa8, 0x00, 0xff, 0x9f, 0xa8, 0x00, 0xff, 0x9f, 0xa8, 0x00, 0xff, 0x9f, 0xa8, 0x00, 0xff,
    0x9f, 0xa8, 0x00, 0xff, 0x9f, 0xa8, 0x00, 0xff, 0x9f, 0xa8, 0x00, 0xff, 0x9f, 0xa8, 0x00, 0xff,
    0x9f, 0xa8, 0x00, 0xff, 0x9f, 0xa8, 0x00, 0xff, 0x9f, 0xa8, 0x00, 0xff, 0x9f, 0xa8, 0x00, 0xff,
    0x9f, 0xa8, 0x00, 0xff, 0x9f, 0xa8, 0x00, 0xff, 0xf7, 0xf8, 0xeb, 0xff, 0xff, 0xff, 0xff, 0xff,
    0xff, 0xff, 0xff, 0xff, 0xff, 0xff, 0xff, 0xff, 0xff, 0xff, 0xff, 0xff, 0xff, 0xff, 0xff, 0xff,
    0xff, 0xff, 0xff, 0xff, 0xf4, 0xf5, 0xe3, 0xff, 0x9f, 0xa8, 0x00, 0xff, 0x9f, 0xa8, 0x00, 0xff,
    0x9f, 0xa8, 0x00, 0xff, 0x9f, 0xa8, 0x00, 0xff, 0x9f, 0xa8, 0x00, 0xff, 0x9f, 0xa8, 0x00, 0xff,
    0x9f, 0xa8, 0x00, 0xff, 0x9f, 0xa8, 0x00, 0xff, 0x9f, 0xa8, 0x00, 0xff, 0x9f, 0xa8, 0x00, 0xff,
    0x9f, 0xa8, 0x00, 0xff, 0x9f, 0xa8, 0x00, 0xff, 0x9f, 0xa8, 0x00, 0xff, 0x9f, 0xa8, 0x00, 0xff,
    0x9f, 0xa8, 0x00, 0xff, 0x9f, 0xa8, 0x00, 0xff, 0x9f, 0xa8, 0x00, 0xff, 0x9f, 0xa8, 0x00, 0xff,
    0x9f, 0xa8, 0x00, 0xff, 0x9f, 0xa8, 0x00, 0xff, 0x9f, 0xa8, 0x00, 0xff, 0x9f, 0xa8, 0x00, 0xff,
    0x9f, 0xa8, 0x00, 0xff, 0x9f, 0xa8, 0x00, 0xff, 0x9f, 0xa8, 0x00, 0xff, 0x9f, 0xa8, 0x00, 0xff,
    0x9f, 0xa8, 0x00, 0xff, 0x9f, 0xa8, 0x00, 0xff, 0x9f, 0xa8, 0x00, 0xff, 0x9f, 0xa8, 0x00, 0xff,
    0x9f, 0xa8, 0x00, 0xff, 0x9f, 0xa8, 0x00, 0xff, 0x9f, 0xa8, 0x00, 0xff, 0x9f, 0xa8, 0x00, 0xff,
    0x9f, 0xa8, 0x00, 0xff, 0x9f, 0xa8, 0x00, 0xff, 0x9f, 0xa8, 0x00, 0xff, 0x9f, 0xa8, 0x00, 0xff,
    0xf7, 0xf8, 0xeb, 0xff, 0xff, 0xff, 0xff, 0xff, 0xff, 0xff, 0xff, 0xff, 0xff, 0xff, 0xff, 0xff,
    0xff, 0xff, 0xff, 0xff, 0xff, 0xff, 0xff, 0xff, 0xff, 0xff, 0xff, 0xff, 0xf6, 0xf6, 0xe7, 0xff,
    0x9f, 0xa8, 0x00, 0xff, 0x9f, 0xa8, 0x00, 0xff, 0x9f, 0xa8, 0x00, 0xff, 0x9f, 0xa8, 0x00, 0xff,
    0x9f, 0xa8, 0x00, 0xff, 0x9f, 0xa8, 0x00, 0xff, 0x9f, 0xa8, 0x00, 0xff, 0x9f, 0xa8, 0x00, 0xff,
    0x9f, 0xa8, 0x00, 0xff, 0x9f, 0xa8, 0x00, 0xff, 0x9f, 0xa8, 0x00, 0xff, 0x9f, 0xa8, 0x00, 0xff,
    0x9f, 0xa8, 0x00, 0xff, 0x9f, 0xa8, 0x00, 0xff, 0x9f, 0xa8, 0x00, 0xff, 0x9f, 0xa8, 0x00, 0xff,
    0x9f, 0xa8, 0x00, 0xff, 0x9f, 0xa8, 0x00, 0xff, 0x9f, 0xa8, 0x00, 0xff, 0x9f, 0xa8, 0x00, 0xff,
    0x9f, 0xa8, 0x00, 0xff, 0x9f, 0xa8, 0x00, 0xff, 0x9f, 0xa8, 0x00, 0xff, 0x9f, 0xa8, 0x00, 0xff,
    0x9f, 0xa8, 0x00, 0xff, 0x9f, 0xa8, 0x00, 0xff, 0x9f, 0xa8, 0x00, 0xff, 0x9f, 0xa8, 0x00, 0xff,
    0x9f, 0xa8, 0x00, 0xff, 0x9f, 0xa8, 0x00, 0xff, 0x9f, 0xa8, 0x00, 0xff, 0x9f, 0xa8, 0x00, 0xff,
    0x9f, 0xa8, 0x00, 0xff, 0x9f, 0xa8, 0x00, 0xff, 0x9f, 0xa8, 0x00, 0xff, 0x9f, 0xa8, 0x00, 0xff,
    0x9f, 0xa8, 0x00, 0xff, 0x9f, 0xa8, 0x00, 0xff, 0x9f, 0xa8, 0x00, 0xff, 0x9f, 0xa8, 0x00, 0xff,
    0x9f, 0xa8, 0x00, 0xff, 0x9f, 0xa8, 0x00, 0xff, 0x9f, 0xa8, 0x00, 0xff, 0x9f, 0xa8, 0x00, 0xff,
    0x9f, 0xa8, 0x00, 0xff, 0x9f, 0xa8, 0x00, 0xff, 0x9f, 0xa8, 0x00, 0xff, 0x9f, 0xa8, 0x00, 0xff,
    0x9f, 0xa8, 0x00, 0xff, 0x9f, 0xa8, 0x00, 0xff, 0x9f, 0xa8, 0x00, 0xff, 0x9f, 0xa8, 0x00, 0xff,
    0x9f, 0xa8, 0x00, 0xff, 0x9f, 0xa8, 0x00, 0xff, 0x9f, 0xa8, 0x00, 0xff, 0x9f, 0xa8, 0x00, 0xff,
    0x9f, 0xa8, 0x00, 0xff, 0x9f, 0xa8, 0x00, 0xff, 0x9f, 0xa8, 0x00, 0xff, 0x9f, 0xa8, 0x00, 0xff,
    0x9f, 0xa8, 0x00, 0xff, 0x9f, 0xa8, 0x00, 0xff, 0x9f, 0xa8, 0x00, 0xff, 0x9f, 0xa8, 0x00, 0xff,
    0x9f, 0xa8, 0x00, 0xff, 0x9f, 0xa8, 0x00, 0xff, 0x9f, 0xa8, 0x00, 0xff, 0x9f, 0xa8, 0x00, 0xff,
    0x9f, 0xa8, 0x00, 0xff, 0x9f, 0xa8, 0x00, 0xff, 0x9f, 0xa8, 0x00, 0xff, 0x9f, 0xa8, 0x00, 0xff,
    0x9f, 0xa8, 0x00, 0xff, 0x9f, 0xa8, 0x00, 0xff, 0x9f, 0xa8, 0x00, 0xff, 0x9f, 0xa8, 0x00, 0xff,
    0xea, 0xeb, 0xc7, 0xff, 0xff, 0xff, 0xff, 0xff, 0xff, 0xff, 0xff, 0xff, 0xff, 0xff, 0xff, 0xff,
    0xff, 0xff, 0xff, 0xff, 0xff, 0xff, 0xff, 0xff, 0xff, 0xff, 0xff, 0xff, 0xff, 0xff, 0xff, 0xff,
    0xa8, 0xb0, 0x18, 0xff, 0x9f, 0xa8, 0x00, 0xff, 0x9f, 0xa8, 0x00, 0xff, 0x9f, 0xa8, 0x00, 0xff,
    0x9f, 0xa8, 0x00, 0xff, 0x9f, 0xa8, 0x00, 0xff, 0x9f, 0xa8, 0x00, 0xff, 0x9f, 0xa8, 0x00, 0xff,
    0x9f, 0xa8, 0x00, 0xff, 0x9f, 0xa8, 0x00, 0xff, 0x9f, 0xa8, 0x00, 0xff, 0x9f, 0xa8, 0x00, 0xff,
    0x9f, 0xa8, 0x00, 0xff, 0x9f, 0xa8, 0x00, 0xff, 0x9f, 0xa8, 0x00, 0xff, 0x9f, 0xa8, 0x00, 0xff,
    0x9f, 0xa8, 0x00, 0xff, 0x9f, 0xa8, 0x00, 0xff, 0x9f, 0xa8, 0x00, 0xff, 0x9f, 0xa8, 0x00, 0xff,
    0x9f, 0xa8, 0x00, 0xff, 0x9f, 0xa8, 0x00, 0xff, 0x9f, 0xa8, 0x00, 0xff, 0x9f, 0xa8, 0x00, 0xff,
    0x9f, 0xa8, 0x00, 0xff, 0x9f, 0xa8, 0x00, 0xff, 0x9f, 0xa8, 0x00, 0xff, 0x9f, 0xa8, 0x00, 0xff,
    0x9f, 0xa8, 0x00, 0xff, 0x9f, 0xa8, 0x00, 0xff, 0x9f, 0xa8, 0x00, 0xff, 0x9f, 0xa8, 0x00, 0xff,
    0x9f, 0xa8, 0x00, 0xff, 0x9f, 0xa8, 0x00, 0xff, 0x9f, 0xa8, 0x00, 0xff, 0x9f, 0xa8, 0x00, 0xff,
    0x9f, 0xa8, 0x00, 0xff, 0xa8, 0xb0, 0x18, 0xff, 0xff, 0xff, 0xff, 0xff, 0xff, 0xff, 0xff, 0xff,
    0xff, 0xff, 0xff, 0xff, 0xff, 0xff, 0xff, 0xff, 0xff, 0xff, 0xff, 0xff, 0xff, 0xff, 0xff, 0xff,
    0xff, 0xff, 0xff, 0xff, 0xeb, 0xed, 0xcb, 0xff, 0x9f, 0xa8, 0x00, 0xff, 0x9f, 0xa8, 0x00, 0xff,
    0x9f, 0xa8, 0x00, 0xff, 0x9f, 0xa8, 0x00, 0xff, 0x9f, 0xa8, 0x00, 0xff, 0x9f, 0xa8, 0x00, 0xff,
    0x9f, 0xa8, 0x00, 0xff, 0x9f, 0xa8, 0x00, 0xff, 0x9f, 0xa8, 0x00, 0xff, 0x9f, 0xa8, 0x00, 0xff,
    0x9f, 0xa8, 0x00, 0xff, 0x9f, 0xa8, 0x00, 0xff, 0x9f, 0xa8, 0x00, 0xff, 0x9f, 0xa8, 0x00, 0xff,
    0x9f, 0xa8, 0x00, 0xff, 0x9f, 0xa8, 0x00, 0xff, 0x9f, 0xa8, 0x00, 0xff, 0x9f, 0xa8, 0x00, 0xff,
    0x9f, 0xa8, 0x00, 0xff, 0x9f, 0xa8, 0x00, 0xff, 0x9f, 0xa8, 0x00, 0xff, 0x9f, 0xa8, 0x00, 0xff,
    0x9f, 0xa8, 0x00, 0xff, 0x9f, 0xa8, 0x00, 0xff, 0x9f, 0xa8, 0x00, 0xff, 0x9f, 0xa8, 0x00, 0xff,
    0x9f, 0xa8, 0x00, 0xff, 0x9f, 0xa8, 0x00, 0xff, 0x9f, 0xa8, 0x00, 0xff, 0x9f, 0xa8, 0x00, 0xff,
    0x9f, 0xa8, 0x00, 0xff, 0x9f, 0xa8, 0x00, 0xff, 0x9f, 0xa8, 0x00, 0xff, 0x9f, 0xa8, 0x00, 0xff,
    0x9f, 0xa8, 0x00, 0xff, 0x9f, 0xa8, 0x00, 0xff, 0x9f, 0xa8, 0x00, 0xff, 0x9f, 0xa8, 0x00, 0xff,
    0x9f, 0xa8, 0x00, 0xff, 0x9f, 0xa8, 0x00, 0xff, 0x9f, 0xa8, 0x00, 0xff, 0x9f, 0xa8, 0x00, 0xff,
    0x9f, 0xa8, 0x00, 0xff, 0x9f, 0xa8, 0x00, 0xff, 0x9f, 0xa8, 0x00, 0xff, 0x9f, 0xa8, 0x00, 0xff,
    0x9f, 0xa8, 0x00, 0xff, 0x9f, 0xa8, 0x00, 0xff, 0x9f, 0xa8, 0x00, 0xff, 0x9f, 0xa8, 0x00, 0xff,
    0x9f, 0xa8, 0x00, 0xff, 0x9f, 0xa8, 0x00, 0xff, 0x9f, 0xa8, 0x00, 0xff, 0x9f, 0xa8, 0x00, 0xff,
    0x9f, 0xa8, 0x00, 0xff, 0x9f, 0xa8, 0x00, 0xff, 0x9f, 0xa8, 0x00, 0xff, 0x9f, 0xa8, 0x00, 0xff,
    0x9f, 0xa8, 0x00, 0xff, 0x9f, 0xa8, 0x00, 0xff, 0x9f, 0xa8, 0x00, 0xff, 0x9f, 0xa8, 0x00, 0xff,
    0x9f, 0xa8, 0x00, 0xff, 0x9f, 0xa8, 0x00, 0xff, 0x9f, 0xa8, 0x00, 0xff, 0x9f, 0xa8, 0x00, 0xff,
    0x9f, 0xa8, 0x00, 0xff, 0x9f, 0xa8, 0x00, 0xff, 0x9f, 0xa8, 0x00, 0xff, 0x9f, 0xa8, 0x00, 0xff,
    0x9f, 0xa8, 0x00, 0xff, 0x9f, 0xa8, 0x00, 0xff, 0x9f, 0xa8, 0x00, 0xff, 0x9f, 0xa8, 0x00, 0xff,
    0x9f, 0xa8, 0x00, 0xff, 0x9f, 0xa8, 0x00, 0xff, 0xd9, 0xdd, 0x9b, 0xff, 0xff, 0xff, 0xff, 0xff,
    0xff, 0xff, 0xff, 0xff, 0xff, 0xff, 0xff, 0xff, 0xff, 0xff, 0xff, 0xff, 0xff, 0xff, 0xff, 0xff,
    0xff, 0xff, 0xff, 0xff, 0xff, 0xff, 0xff, 0xff, 0xc0, 0xc5, 0x57, 0xff, 0x9f, 0xa8, 0x00, 0xff,
    0x9f, 0xa8, 0x00, 0xff, 0x9f, 0xa8, 0x00, 0xff, 0x9f, 0xa8, 0x00, 0xff, 0x9f, 0xa8, 0x00, 0xff,
    0x9f, 0xa8, 0x00, 0xff, 0x9f, 0xa8, 0x00, 0xff, 0x9f, 0xa8, 0x00, 0xff, 0x9f, 0xa8, 0x00, 0xff,
    0x9f, 0xa8, 0x00, 0xff, 0x9f, 0xa8, 0x00, 0xff, 0x9f, 0xa8, 0x00, 0xff, 0x9f, 0xa8, 0x00, 0xff,
    0x9f, 0xa8, 0x00, 0xff, 0x9f, 0xa8, 0x00, 0xff, 0x9f, 0xa8, 0x00, 0xff, 0x9f, 0xa8, 0x00, 0xff,
    0x9f, 0xa8, 0x00, 0xff, 0x9f, 0xa8, 0x00, 0xff, 0x9f, 0xa8, 0x00, 0xff, 0x9f, 0xa8, 0x00, 0xff,
    0x9f, 0xa8, 0x00, 0xff, 0x9f, 0xa8, 0x00, 0xff, 0x9f, 0xa8, 0x00, 0xff, 0x9f, 0xa8, 0x00, 0xff,
    0x9f, 0xa8, 0x00, 0xff, 0x9f, 0xa8, 0x00, 0xff, 0x9f, 0xa8, 0x00, 0xff, 0x9f, 0xa8, 0x00, 0xff,
    0x9f, 0xa8, 0x00, 0xff, 0x9f, 0xa8, 0x00, 0xff, 0x9f, 0xa8, 0x00, 0xff, 0x9f, 0xa8, 0x00, 0xff,
    0x9f, 0xa8, 0x00, 0xff, 0x9f, 0xa8, 0x00, 0xff, 0x9f, 0xa8, 0x00, 0xff, 0xc0, 0xc6, 0x57, 0xff,
    0xff, 0xff, 0xff, 0xff, 0xff, 0xff, 0xff, 0xff, 0xff, 0xff, 0xff, 0xff, 0xff, 0xff, 0xff, 0xff,
    0xff, 0xff, 0xff, 0xff, 0xff, 0xff, 0xff, 0xff, 0xff, 0xff, 0xff, 0xff, 0xd9, 0xdd, 0x9b, 0xff,
    0x9f, 0xa8, 0x00, 0xff, 0x9f, 0xa8, 0x00, 0xff, 0x9f, 0xa8, 0x00, 0xff, 0x9f, 0xa8, 0x00, 0xff,
    0x9f, 0xa8, 0x00, 0xff, 0x9f, 0xa8, 0x00, 0xff, 0x9f, 0xa8, 0x00, 0xff, 0x9f, 0xa8, 0x00, 0xff,
    0x9f, 0xa8, 0x00, 0xff, 0x9f, 0xa8, 0x00, 0xff, 0x9f, 0xa8, 0x00, 0xff, 0x9f, 0xa8, 0x00, 0xff,
    0x9f, 0xa8, 0x00, 0xff, 0x9f, 0xa8, 0x00, 0xff, 0x9f, 0xa8, 0x00, 0xff, 0x9f, 0xa8, 0x00, 0xff,
    0x9f, 0xa8, 0x00, 0xff, 0x9f, 0xa8, 0x00, 0xff, 0x9f, 0xa8, 0x00, 0xff, 0x9f, 0xa8, 0x00, 0xff,
    0x9f, 0xa8, 0x00, 0xff, 0x9f, 0xa8, 0x00, 0xff, 0x9f, 0xa8, 0x00, 0xff, 0x9f, 0xa8, 0x00, 0xff,
    0x9f, 0xa8, 0x00, 0xff, 0x9f, 0xa8, 0x00, 0xff, 0x9f, 0xa8, 0x00, 0xff, 0x9f, 0xa8, 0x00, 0xff,
    0x9f, 0xa8, 0x00, 0xff, 0x9f, 0xa8, 0x00, 0xff, 0x9f, 0xa8, 0x00, 0xff, 0x9f, 0xa8, 0x00, 0xff,
    0x9f, 0xa8, 0x00, 0xff, 0x9f, 0xa8, 0x00, 0xff, 0x9f, 0xa8, 0x00, 0xff, 0x9f, 0xa8, 0x00, 0xff,
    0x9f, 0xa8, 0x00, 0xff, 0x9f, 0xa8, 0x00, 0xff, 0x9f, 0xa8, 0x00, 0xff, 0x9f, 0xa8, 0x00, 0xff,
    0x9f, 0xa8, 0x00, 0xff, 0x9f, 0xa8, 0x00, 0xff, 0x9f, 0xa8, 0x00, 0xff, 0x9f, 0xa8, 0x00, 0xff,
    0x9f, 0xa8, 0x00, 0xff, 0x9f, 0xa8, 0x00, 0xff, 0x9f, 0xa8, 0x00, 0xff, 0x9f, 0xa8, 0x00, 0xff,
    0x9f, 0xa8, 0x00, 0xff, 0x9f, 0xa8, 0x00, 0xff, 0x9f, 0xa8, 0x00, 0xff, 0x9f, 0xa8, 0x00, 0xff,
    0x9f, 0xa8, 0x00, 0xff, 0x9f, 0xa8, 0x00, 0xff, 0x9f, 0xa8, 0x00, 0xff, 0x9f, 0xa8, 0x00, 0xff,
    0x9f, 0xa8, 0x00, 0xff, 0x9f, 0xa8, 0x00, 0xff, 0x9f, 0xa8, 0x00, 0xff, 0x9f, 0xa8, 0x00, 0xff,
    0x9f, 0xa8, 0x00, 0xff, 0x9f, 0xa8, 0x00, 0xff, 0x9f, 0xa8, 0x00, 0xff, 0x9f, 0xa8, 0x00, 0xff,
    0x9f, 0xa8, 0x00, 0xff, 0x9f, 0xa8, 0x00, 0xff, 0x9f, 0xa8, 0x00, 0xff, 0x9f, 0xa8, 0x00, 0xff,
    0x9f, 0xa8, 0x00, 0xff, 0x9f, 0xa8, 0x00, 0xff, 0x9f, 0xa8, 0x00, 0xff, 0x9f, 0xa8, 0x00, 0xff,
    0x9f, 0xa8, 0x00, 0xff, 0x9f, 0xa8, 0x00, 0xff, 0x9f, 0xa8, 0x00, 0xff, 0x9f, 0xa8, 0x00, 0xff,
    0xc6, 0xcb, 0x67, 0xff, 0xff, 0xff, 0xff, 0xff, 0xff, 0xff, 0xff, 0xff, 0xff, 0xff, 0xff, 0xff,
    0xff, 0xff, 0xff, 0xff, 0xff, 0xff, 0xff, 0xff, 0xff, 0xff, 0xff, 0xff, 0xff, 0xff, 0xff, 0xff,
    0xde, 0xe1, 0xa7, 0xff, 0x9f, 0xa8, 0x00, 0xff, 0x9f, 0xa8, 0x00, 0xff, 0x9f, 0xa8, 0x00, 0xff,
    0x9f, 0xa8, 0x00, 0xff, 0x9f, 0xa8, 0x00, 0xff, 0x9f, 0xa8, 0x00, 0xff, 0x9f, 0xa8, 0x00, 0xff,
    0x9f, 0xa8, 0x00, 0xff, 0x9f, 0xa8, 0x00, 0xff, 0x9f, 0xa8, 0x00, 0xff, 0x9f, 0xa8, 0x00, 0xff,
    0x9f, 0xa8, 0x00, 0xff, 0x9f, 0xa8, 0x00, 0xff, 0x9f, 0xa8, 0x00, 0xff, 0x9f, 0xa8, 0x00, 0xff,
    0x9f, 0xa8, 0x00, 0xff, 0x9f, 0xa8, 0x00, 0xff, 0x9f, 0xa8, 0x00, 0xff, 0x9f, 0xa8, 0x00, 0xff,
    0x9f, 0xa8, 0x00, 0xff, 0x9f, 0xa8, 0x00, 0xff, 0x9f, 0xa8, 0x00, 0xff, 0x9f, 0xa8, 0x00, 0xff,
    0x9f, 0xa8, 0x00, 0xff, 0x9f, 0xa8, 0x00, 0xff, 0x9f, 0xa8, 0x00, 0xff, 0x9f, 0xa8, 0x00, 0xff,
    0x9f, 0xa8, 0x00, 0xff, 0x9f, 0xa8, 0x00, 0xff, 0x9f, 0xa8, 0x00, 0xff, 0x9f, 0xa8, 0x00, 0xff,
    0x9f, 0xa8, 0x00, 0xff, 0x9f, 0xa8, 0x00, 0xff, 0x9f, 0xa8, 0x00, 0xff, 0x9f, 0xa8, 0x00, 0xff,
    0x9f, 0xa8, 0x00, 0xff, 0xdc, 0xdf, 0xa3, 0xff, 0xff, 0xff, 0xff, 0xff, 0xff, 0xff, 0xff, 0xff,
    0xff, 0xff, 0xff, 0xff, 0xff, 0xff, 0xff, 0xff, 0xff, 0xff, 0xff, 0xff, 0xff, 0xff, 0xff, 0xff,
    0xff, 0xff, 0xff, 0xff, 0xc4, 0xca, 0x63, 0xff, 0x9f, 0xa8, 0x00, 0xff, 0x9f, 0xa8, 0x00, 0xff,
    0x9f, 0xa8, 0x00, 0xff, 0x9f, 0xa8, 0x00, 0xff, 0x9f, 0xa8, 0x00, 0xff, 0x9f, 0xa8, 0x00, 0xff,
    0x9f, 0xa8, 0x00, 0xff, 0x9f, 0xa8, 0x00, 0xff, 0x9f, 0xa8, 0x00, 0xff, 0x9f, 0xa8, 0x00, 0xff,
    0x9f, 0xa8, 0x00, 0xff, 0x9f, 0xa8, 0x00, 0xff, 0x9f, 0xa8, 0x00, 0xff, 0x9f, 0xa8, 0x00, 0xff,
    0x9f, 0xa8, 0x00, 0xff, 0x9f, 0xa8, 0x00, 0xff, 0x9f, 0xa8, 0x00, 0xff, 0x9f, 0xa8, 0x00, 0xff,
    0x9f, 0xa8, 0x00, 0xff, 0x9f, 0xa8, 0x00, 0xff, 0x9f, 0xa8, 0x00, 0xff, 0x9f, 0xa8, 0x00, 0xff,
    0x9f, 0xa8, 0x00, 0xff, 0x9f, 0xa8, 0x00, 0xff, 0x9f, 0xa8, 0x00, 0xff, 0x9f, 0xa8, 0x00, 0xff,
    0x9f, 0xa8, 0x00, 0xff, 0x9f, 0xa8, 0x00, 0xff, 0x9f, 0xa8, 0x00, 0xff, 0x9f, 0xa8, 0x00, 0xff,
    0x9f, 0xa8, 0x00, 0xff, 0x9f, 0xa8, 0x00, 0xff, 0x9f, 0xa8, 0x00, 0xff, 0x9f, 0xa8, 0x00, 0xff,
    0x9f, 0xa8, 0x00, 0xff, 0x9f, 0xa8, 0x00, 0xff, 0x9f, 0xa8, 0x00, 0xff, 0x9f, 0xa8, 0x00, 0xff,
    0x9f, 0xa8, 0x00, 0xff, 0x9f, 0xa8, 0x00, 0xff, 0x9f, 0xa8, 0x00, 0xff, 0x9f, 0xa8, 0x00, 0xff,
    0x9f, 0xa8, 0x00, 0xff, 0x9f, 0xa8, 0x00, 0xff, 0x9f, 0xa8, 0x00, 0xff, 0x9f, 0xa8, 0x00, 0xff,
    0x9f, 0xa8, 0x00, 0xff, 0x9f, 0xa8, 0x00, 0xff, 0x9f, 0xa8, 0x00, 0xff, 0x9f, 0xa8, 0x00, 0xff,
    0x9f, 0xa8, 0x00, 0xff, 0x9f, 0xa8, 0x00, 0xff, 0x9f, 0xa8, 0x00, 0xff, 0x9f, 0xa8, 0x00, 0xff,
    0x9f, 0xa8, 0x00, 0xff, 0x9f, 0xa8, 0x00, 0xff, 0x9f, 0xa8, 0x00, 0xff, 0x9f, 0xa8, 0x00, 0xff,
    0x9f, 0xa8, 0x00, 0xff, 0x9f, 0xa8, 0x00, 0xff, 0x9f, 0xa8, 0x00, 0xff, 0x9f, 0xa8, 0x00, 0xff,
    0x9f, 0xa8, 0x00, 0xff, 0x9f, 0xa8, 0x00, 0xff, 0x9f, 0xa8, 0x00, 0xff, 0x9f, 0xa8, 0x00, 0xff,
    0x9f, 0xa8, 0x00, 0xff, 0x9f, 0xa8, 0x00, 0xff, 0x9f, 0xa8, 0x00, 0xff, 0x9f, 0xa8, 0x00, 0xff,
    0x9f, 0xa8, 0x00, 0xff, 0x9f, 0xa8, 0x00, 0xff, 0x9f, 0xa8, 0x00, 0xff, 0x9f, 0xa8, 0x00, 0xff,
    0x9f, 0xa8, 0x00, 0xff, 0x9f, 0xa8, 0x00, 0xff, 0xac, 0xb4, 0x24, 0xff, 0xff, 0xff, 0xff, 0xff,
    0xff, 0xff, 0xff, 0xff, 0xff, 0xff, 0xff, 0xff, 0xff, 0xff, 0xff, 0xff, 0xff, 0xff, 0xff, 0xff,
    0xff, 0xff, 0xff, 0xff, 0xff, 0xff, 0xff, 0xff, 0xfa, 0xfb, 0xf3, 0xff, 0xa5, 0xad, 0x10, 0xff,
    0x9f, 0xa8, 0x00, 0xff, 0x9f, 0xa8, 0x00, 0xff, 0x9f, 0xa8, 0x00, 0xff, 0x9f, 0xa8, 0x00, 0xff,
    0x9f, 0xa8, 0x00, 0xff, 0x9f, 0xa8, 0x00, 0xff, 0x9f, 0xa8, 0x00, 0xff, 0x9f, 0xa8, 0x00, 0xff,
    0x9f, 0xa8, 0x00, 0xff, 0x9f, 0xa8, 0x00, 0xff, 0x9f, 0xa8, 0x00, 0xff, 0x9f, 0xa8, 0x00, 0xff,
    0x9f, 0xa8, 0x00, 0xff, 0x9f, 0xa8, 0x00, 0xff, 0x9f, 0xa8, 0x00, 0xff, 0x9f, 0xa8, 0x00, 0xff,
    0x9f, 0xa8, 0x00, 0xff, 0x9f, 0xa8, 0x00, 0xff, 0x9f, 0xa8, 0x00, 0xff, 0x9f, 0xa8, 0x00, 0xff,
    0x9f, 0xa8, 0x00, 0xff, 0x9f, 0xa8, 0x00, 0xff, 0x9f, 0xa8, 0x00, 0xff, 0x9f, 0xa8, 0x00, 0xff,
    0x9f, 0xa8, 0x00, 0xff, 0x9f, 0xa8, 0x00, 0xff, 0x9f, 0xa8, 0x00, 0xff, 0x9f, 0xa8, 0x00, 0xff,
    0x9f, 0xa8, 0x00, 0xff, 0x9f, 0xa8, 0x00, 0xff, 0x9f, 0xa8, 0x00, 0xff, 0x9f, 0xa8, 0x00, 0xff,
    0x9f, 0xa8, 0x00, 0xff, 0x9f, 0xa8, 0x00, 0xff, 0xa5, 0xad, 0x10, 0xff, 0xfc, 0xfc, 0xf7, 0xff,
    0xff, 0xff, 0xff, 0xff, 0xff, 0xff, 0xff, 0xff, 0xff, 0xff, 0xff, 0xff, 0xff, 0xff, 0xff, 0xff,
    0xff, 0xff, 0xff, 0xff, 0xff, 0xff, 0xff, 0xff, 0xff, 0xff, 0xff, 0xff, 0xac, 0xb4, 0x24, 0xff,
    0x9f, 0xa8, 0x00, 0xff, 0x9f, 0xa8, 0x00, 0xff, 0x9f, 0xa8, 0x00, 0xff, 0x9f, 0xa8, 0x00, 0xff,
    0x9f, 0xa8, 0x00, 0xff, 0x9f, 0xa8, 0x00, 0xff, 0x9f, 0xa8, 0x00, 0xff, 0x9f, 0xa8, 0x00, 0xff,
    0x9f, 0xa8, 0x00, 0xff, 0x9f, 0xa8, 0x00, 0xff, 0x9f, 0xa8, 0x00, 0xff, 0x9f, 0xa8, 0x00, 0xff,
    0x9f, 0xa8, 0x00, 0xff, 0x9f, 0xa8, 0x00, 0xff, 0x9f, 0xa8, 0x00, 0xff, 0x9f, 0xa8, 0x00, 0xff,
    0x9f, 0xa8, 0x00, 0xff, 0x9f, 0xa8, 0x00, 0xff, 0x9f, 0xa8, 0x00, 0xff, 0x9f, 0xa8, 0x00, 0xff,
    0x9f, 0xa8, 0x00, 0xff, 0x9f, 0xa8, 0x00, 0xff, 0x9f, 0xa8, 0x00, 0xff, 0x9f, 0xa8, 0x00, 0xff,
    0x9f, 0xa8, 0x00, 0xff, 0x9f, 0xa8, 0x00, 0xff, 0x9f, 0xa8, 0x00, 0xff, 0x9f, 0xa8, 0x00, 0xff,
    0x9f, 0xa8, 0x00, 0xff, 0x9f, 0xa8, 0x00, 0xff, 0x9f, 0xa8, 0x00, 0xff, 0x9f, 0xa8, 0x00, 0xff,
    0x9f, 0xa8, 0x00, 0xff, 0x9f, 0xa8, 0x00, 0xff, 0x9f, 0xa8, 0x00, 0xff, 0x9f, 0xa8, 0x00, 0xff,
    0x9f, 0xa8, 0x00, 0xff, 0x9f, 0xa8, 0x00, 0xff, 0x9f, 0xa8, 0x00, 0xff, 0x9f, 0xa8, 0x00, 0xff,
    0x9f, 0xa8, 0x00, 0xff, 0x9f, 0xa8, 0x00, 0xff, 0x9f, 0xa8, 0x00, 0xff, 0x9f, 0xa8, 0x00, 0xff,
    0x9f, 0xa8, 0x00, 0xff, 0x9f, 0xa8, 0x00, 0xff, 0x9f, 0xa8, 0x00, 0xff, 0x9f, 0xa8, 0x00, 0xff,
    0x9f, 0xa8, 0x00, 0xff, 0x9f, 0xa8, 0x00, 0xff, 0x9f, 0xa8, 0x00, 0xff, 0x9f, 0xa8, 0x00, 0xff,
    0x9f, 0xa8, 0x00, 0xff, 0x9f, 0xa8, 0x00, 0xff, 0x9f, 0xa8, 0x00, 0xff, 0x9f, 0xa8, 0x00, 0xff,
    0x9f, 0xa8, 0x00, 0xff, 0x9f, 0xa8, 0x00, 0xff, 0x9f, 0xa8, 0x00, 0xff, 0x9f, 0xa8, 0x00, 0xff,
    0x9f, 0xa8, 0x00, 0xff, 0x9f, 0xa8, 0x00, 0xff, 0x9f, 0xa8, 0x00, 0xff, 0x9f, 0xa8, 0x00, 0xff,
    0x9f, 0xa8, 0x00, 0xff, 0x9f, 0xa8, 0x00, 0xff, 0x9f, 0xa8, 0x00, 0xff, 0x9f, 0xa8, 0x00, 0xff,
    0x9f, 0xa8, 0x00, 0xff, 0x9f, 0xa8, 0x00, 0xff, 0x9f, 0xa8, 0x00, 0xff, 0x9f, 0xa8, 0x00, 0xff,
    0x9f, 0xa8, 0x00, 0xff, 0x9f, 0xa8, 0x00, 0xff, 0x9f, 0xa8, 0x00, 0xff, 0x9f, 0xa8, 0x00, 0xff,
    0x9f, 0xa8, 0x00, 0xff, 0xf1, 0xf2, 0xdb, 0xff, 0xff, 0xff, 0xff, 0xff, 0xff, 0xff, 0xff, 0xff,
    0xff, 0xff, 0xff, 0xff, 0xff, 0xff, 0xff, 0xff, 0xff, 0xff, 0xff, 0xff, 0xff, 0xff, 0xff, 0xff,
    0xff, 0xff, 0xff, 0xff, 0xcc, 0xd0, 0x77, 0xff, 0x9f, 0xa8, 0x00, 0xff, 0x9f, 0xa8, 0x00, 0xff,
    0x9f, 0xa8, 0x00, 0xff, 0x9f, 0xa8, 0x00, 0xff, 0x9f, 0xa8, 0x00, 0xff, 0x9f, 0xa8, 0x00, 0xff,
    0x9f, 0xa8, 0x00, 0xff, 0x9f, 0xa8, 0x00, 0xff, 0x9f, 0xa8, 0x00, 0xff, 0x9f, 0xa8, 0x00, 0xff,
    0x9f, 0xa8, 0x00, 0xff, 0x9f, 0xa8, 0x00, 0xff, 0x9f, 0xa8, 0x00, 0xff, 0x9f, 0xa8, 0x00, 0xff,
    0x9f, 0xa8, 0x00, 0xff, 0x9f, 0xa8, 0x00, 0xff, 0x9f, 0xa8, 0x00, 0xff, 0x9f, 0xa8, 0x00, 0xff,
    0x9f, 0xa8, 0x00, 0xff, 0x9f, 0xa8, 0x00, 0xff, 0x9f, 0xa8, 0x00, 0xff, 0x9f, 0xa8, 0x00, 0xff,
    0x9f, 0xa8, 0x00, 0xff, 0x9f, 0xa8, 0x00, 0xff, 0x9f, 0xa8, 0x00, 0xff, 0x9f, 0xa8, 0x00, 0xff,
    0x9f, 0xa8, 0x00, 0xff, 0x9f, 0xa8, 0x00, 0xff, 0x9f, 0xa8, 0x00, 0xff, 0x9f, 0xa8, 0x00, 0xff,
    0x9f, 0xa8, 0x00, 0xff, 0x9f, 0xa8, 0x00, 0xff, 0x9f, 0xa8, 0x00, 0xff, 0x9f, 0xa8, 0x00, 0xff,
    0xc9, 0xce, 0x6f, 0xff, 0xff, 0xff, 0xff, 0xff, 0xff, 0xff, 0xff, 0xff, 0xff, 0xff, 0xff, 0xff,
    0xff, 0xff, 0xff, 0xff, 0xff, 0xff, 0xff, 0xff, 0xff, 0xff, 0xff, 0xff, 0xff, 0xff, 0xff, 0xff,
    0xf1, 0xf2, 0xdb, 0xff, 0x9f, 0xa8, 0x00, 0xff, 0x9f, 0xa8, 0x00, 0xff, 0x9f, 0xa8, 0x00, 0xff,
    0x9f, 0xa8, 0x00, 0xff, 0x9f, 0xa8, 0x00, 0xff, 0x9f, 0xa8, 0x00, 0xff, 0x9f, 0xa8, 0x00, 0xff,
    0x9f, 0xa8, 0x00, 0xff, 0x9f, 0xa8, 0x00, 0xff, 0x9f, 0xa8, 0x00, 0xff, 0x9f, 0xa8, 0x00, 0xff,
    0x9f, 0xa8, 0x00, 0xff, 0x9f, 0xa8, 0x00, 0xff, 0x9f, 0xa8, 0x00, 0xff, 0x9f, 0xa8, 0x00, 0xff,
    0x9f, 0xa8, 0x00, 0xff, 0x9f, 0xa8, 0x00, 0xff, 0x9f, 0xa8, 0x00, 0xff, 0x9f, 0xa8, 0x00, 0xff,
    0x9f, 0xa8, 0x00, 0xff, 0x9f, 0xa8, 0x00, 0xff, 0x9f, 0xa8, 0x00, 0xff, 0x9f, 0xa8, 0x00, 0xff,
    0x9f, 0xa8, 0x00, 0xff, 0x9f, 0xa8, 0x00, 0xff, 0x9f, 0xa8, 0x00, 0xff, 0x9f, 0xa8, 0x00, 0xff,
    0x9f, 0xa8, 0x00, 0xff, 0x9f, 0xa8, 0x00, 0xff, 0x9f, 0xa8, 0x00, 0xff, 0x9f, 0xa8, 0x00, 0xff,
    0x9f, 0xa8, 0x00, 0xff, 0x9f, 0xa8, 0x00, 0xff, 0x9f, 0xa8, 0x00, 0xff, 0x9f, 0xa8, 0x00, 0xff,
    0x9f, 0xa8, 0x00, 0xff, 0x9f, 0xa8, 0x00, 0xff, 0x9f, 0xa8, 0x00, 0xff, 0x9f, 0xa8, 0x00, 0xff,
    0x9f, 0xa8, 0x00, 0xff, 0x9f, 0xa8, 0x00, 0xff, 0x9f, 0xa8, 0x00, 0xff, 0x9f, 0xa8, 0x00, 0xff,
    0x9f, 0xa8, 0x00, 0xff, 0x9f, 0xa8, 0x00, 0xff, 0x9f, 0xa8, 0x00, 0xff, 0x9f, 0xa8, 0x00, 0xff,
    0x9f, 0xa8, 0x00, 0xff, 0x9f, 0xa8, 0x00, 0xff, 0x9f, 0xa8, 0x00, 0xff, 0x9f, 0xa8, 0x00, 0xff,
    0x9f, 0xa8, 0x00, 0xff, 0x9f, 0xa8, 0x00, 0xff, 0x9f, 0xa8, 0x00, 0xff, 0x9f, 0xa8, 0x00, 0xff,
    0x9f, 0xa8, 0x00, 0xff, 0x9f, 0xa8, 0x00, 0xff, 0x9f, 0xa8, 0x00, 0xff, 0x9f, 0xa8, 0x00, 0xff,
    0x9f, 0xa8, 0x00, 0xff, 0x9f, 0xa8, 0x00, 0xff, 0x9f, 0xa8, 0x00, 0xff, 0x9f, 0xa8, 0x00, 0xff,
    0x9f, 0xa8, 0x00, 0xff, 0x9f, 0xa8, 0x00, 0xff, 0x9f, 0xa8, 0x00, 0xff, 0x9f, 0xa8, 0x00, 0xff,
    0x9f, 0xa8, 0x00, 0xff, 0x9f, 0xa8, 0x00, 0xff, 0x9f, 0xa8, 0x00, 0xff, 0x9f, 0xa8, 0x00, 0xff,
    0x9f, 0xa8, 0x00, 0xff, 0x9f, 0xa8, 0x00, 0xff, 0x9f, 0xa8, 0x00, 0xff, 0x9f, 0xa8, 0x00, 0xff,
    0x9f, 0xa8, 0x00, 0xff, 0x9f, 0xa8, 0x00, 0xff, 0x9f, 0xa8, 0x00, 0xff, 0xd0, 0xd5, 0x83, 0xff,
    0xff, 0xff, 0xff, 0xff, 0xff, 0xff, 0xff, 0xff, 0xff, 0xff, 0xff, 0xff, 0xff, 0xff, 0xff, 0xff,
    0xff, 0xff, 0xff, 0xff, 0xff, 0xff, 0xff, 0xff, 0xff, 0xff, 0xff, 0xff, 0xf6, 0xf6, 0xe7, 0xff,
    0xa3, 0xac, 0x0c, 0xff, 0x9f, 0xa8, 0x00, 0xff, 0x9f, 0xa8, 0x00, 0xff, 0x9f, 0xa8, 0x00, 0xff,
    0x9f, 0xa8, 0x00, 0xff, 0x9f, 0xa8, 0x00, 0xff, 0x9f, 0xa8, 0x00, 0xff, 0x9f, 0xa8, 0x00, 0xff,
    0x9f, 0xa8, 0x00, 0xff, 0x9f, 0xa8, 0x00, 0xff, 0x9f, 0xa8, 0x00, 0xff, 0x9f, 0xa8, 0x00, 0xff,
    0x9f, 0xa8, 0x00, 0xff, 0x9f, 0xa8, 0x00, 0xff, 0x9f, 0xa8, 0x00, 0xff, 0x9f, 0xa8, 0x00, 0xff,
    0x9f, 0xa8, 0x00, 0xff, 0x9f, 0xa8, 0x00, 0xff, 0x9f, 0xa8, 0x00, 0xff, 0x9f, 0xa8, 0x00, 0xff,
    0x9f, 0xa8, 0x00, 0xff, 0x9f, 0xa8, 0x00, 0xff, 0x9f, 0xa8, 0x00, 0xff, 0x9f, 0xa8, 0x00, 0xff,
    0x9f, 0xa8, 0x00, 0xff, 0x9f, 0xa8, 0x00, 0xff, 0x9f, 0xa8, 0x00, 0xff, 0x9f, 0xa8, 0x00, 0xff,
    0x9f, 0xa8, 0x00, 0xff, 0x9f, 0xa8, 0x00, 0xff, 0x9f, 0xa8, 0x00, 0xff, 0x9f, 0xa8, 0x00, 0xff,
    0x9f, 0xa8, 0x00, 0xff, 0xa2, 0xaa, 0x08, 0xff, 0xf6, 0xf6, 0xe7, 0xff, 0xff, 0xff, 0xff, 0xff,
    0xff, 0xff, 0xff, 0xff, 0xff, 0xff, 0xff, 0xff, 0xff, 0xff, 0xff, 0xff, 0xff, 0xff, 0xff, 0xff,
    0xff, 0xff, 0xff, 0xff, 0xff, 0xff, 0xff, 0xff, 0xd0, 0xd5, 0x83, 0xff, 0x9f, 0xa8, 0x00, 0xff,
    0x9f, 0xa8, 0x00, 0xff, 0x9f, 0xa8, 0x00, 0xff, 0x9f, 0xa8, 0x00, 0xff, 0x9f, 0xa8, 0x00, 0xff,
    0x9f, 0xa8, 0x00, 0xff, 0x9f, 0xa8, 0x00, 0xff, 0x9f, 0xa8, 0x00, 0xff, 0x9f, 0xa8, 0x00, 0xff,
    0x9f, 0xa8, 0x00, 0xff, 0x9f, 0xa8, 0x00, 0xff, 0x9f, 0xa8, 0x00, 0xff, 0x9f, 0xa8, 0x00, 0xff,
    0x9f, 0xa8, 0x00, 0xff, 0x9f, 0xa8, 0x00, 0xff, 0x9f, 0xa8, 0x00, 0xff, 0x9f, 0xa8, 0x00, 0xff,
    0x9f, 0xa8, 0x00, 0xff, 0x9f, 0xa8, 0x00, 0xff, 0x9f, 0xa8, 0x00, 0xff, 0x9f, 0xa8, 0x00, 0xff,
    0x9f, 0xa8, 0x00, 0xff, 0x9f, 0xa8, 0x00, 0xff, 0x9f, 0xa8, 0x00, 0xff, 0x9f, 0xa8, 0x00, 0xff,
    0x9f, 0xa8, 0x00, 0xff, 0x9f, 0xa8, 0x00, 0xff, 0x9f, 0xa8, 0x00, 0xff, 0x9f, 0xa8, 0x00, 0xff,
    0x9f, 0xa8, 0x00, 0xff, 0x9f, 0xa8, 0x00, 0xff, 0x9f, 0xa8, 0x00, 0xff, 0x9f, 0xa8, 0x00, 0xff,
    0x9f, 0xa8, 0x00, 0xff, 0x9f, 0xa8, 0x00, 0xff, 0x9f, 0xa8, 0x00, 0xff, 0x9f, 0xa8, 0x00, 0xff,
    0x9f, 0xa8, 0x00, 0xff, 0x9f, 0xa8, 0x00, 0xff, 0x9f, 0xa8, 0x00, 0xff, 0x9f, 0xa8, 0x00, 0xff,
    0x9f, 0xa8, 0x00, 0xff, 0x9f, 0xa8, 0x00, 0xff, 0x9f, 0xa8, 0x00, 0xff, 0x9f, 0xa8, 0x00, 0xff,
    0x9f, 0xa8, 0x00, 0xff, 0x9f, 0xa8, 0x00, 0xff, 0x9f, 0xa8, 0x00, 0xff, 0x9f, 0xa8, 0x00, 0xff,
    0x9f, 0xa8, 0x00, 0xff, 0x9f, 0xa8, 0x00, 0xff, 0x9f, 0xa8, 0x00, 0xff, 0x9f, 0xa8, 0x00, 0xff,
    0x9f, 0xa8, 0x00, 0xff, 0x9f, 0xa8, 0x00, 0xff, 0x9f, 0xa8, 0x00, 0xff, 0x9f, 0xa8, 0x00, 0xff,
    0x9f, 0xa8, 0x00, 0xff, 0x9f, 0xa8, 0x00, 0xff, 0x9f, 0xa8, 0x00, 0xff, 0x9f, 0xa8, 0x00, 0xff,
    0x9f, 0xa8, 0x00, 0xff, 0x9f, 0xa8, 0x00, 0xff, 0x9f, 0xa8, 0x00, 0xff, 0x9f, 0xa8, 0x00, 0xff,
    0x9f, 0xa8, 0x00, 0xff, 0x9f, 0xa8, 0x00, 0xff, 0x9f, 0xa8, 0x00, 0xff, 0x9f, 0xa8, 0x00, 0xff,
    0x9f, 0xa8, 0x00, 0xff, 0x9f, 0xa8, 0x00, 0xff, 0x9f, 0xa8, 0x00, 0xff, 0x9f, 0xa8, 0x00, 0xff,
    0x9f, 0xa8, 0x00, 0xff, 0x9f, 0xa8, 0x00, 0xff, 0x9f, 0xa8, 0x00, 0xff, 0x9f, 0xa8, 0x00, 0xff,
    0x9f, 0xa8, 0x00, 0xff, 0xac, 0xb4, 0x24, 0xff, 0xfd, 0xfd, 0xfb, 0xff, 0xff, 0xff, 0xff, 0xff,
    0xff, 0xff, 0xff, 0xff, 0xff, 0xff, 0xff, 0xff, 0xff, 0xff, 0xff, 0xff, 0xff, 0xff, 0xff, 0xff,
    0xff, 0xff, 0xff, 0xff, 0xff, 0xff, 0xff, 0xff, 0xd0, 0xd4, 0x83, 0xff, 0x9f, 0xa8, 0x00, 0xff,
    0x9f, 0xa8, 0x00, 0xff, 0x9f, 0xa8, 0x00, 0xff, 0x9f, 0xa8, 0x00, 0xff, 0x9f, 0xa8, 0x00, 0xff,
    0x9f, 0xa8, 0x00, 0xff, 0x9f, 0xa8, 0x00, 0xff, 0x9f, 0xa8, 0x00, 0xff, 0x9f, 0xa8, 0x00, 0xff,
    0x9f, 0xa8, 0x00, 0xff, 0x9f, 0xa8, 0x00, 0xff, 0x9f, 0xa8, 0x00, 0xff, 0x9f, 0xa8, 0x00, 0xff,
    0x9f, 0xa8, 0x00, 0xff, 0x9f, 0xa8, 0x00, 0xff, 0x9f, 0xa8, 0x00, 0xff, 0x9f, 0xa8, 0x00, 0xff,
    0x9f, 0xa8, 0x00, 0xff, 0x9f, 0xa8, 0x00, 0xff, 0x9f, 0xa8, 0x00, 0xff, 0x9f, 0xa8, 0x00, 0xff,
    0x9f, 0xa8, 0x00, 0xff, 0x9f, 0xa8, 0x00, 0xff, 0x9f, 0xa8, 0x00, 0xff, 0x9f, 0xa8, 0x00, 0xff,
    0x9f, 0xa8, 0x00, 0xff, 0x9f, 0xa8, 0x00, 0xff, 0x9f, 0xa8, 0x00, 0xff, 0x9f, 0xa8, 0x00, 0xff,
    0x9f, 0xa8, 0x00, 0xff, 0x9f, 0xa8, 0x00, 0xff, 0x9f, 0xa8, 0x00, 0xff, 0xd3, 0xd7, 0x8b, 0xff,
    0xff, 0xff, 0xff, 0xff, 0xff, 0xff, 0xff, 0xff, 0xff, 0xff, 0xff, 0xff, 0xff, 0xff, 0xff, 0xff,
    0xff, 0xff, 0xff, 0xff, 0xff, 0xff, 0xff, 0xff, 0xff, 0xff, 0xff, 0xff, 0xff, 0xff, 0xff, 0xff,
    0xab, 0xb2, 0x20, 0xff, 0x9f, 0xa8, 0x00, 0xff, 0x9f, 0xa8, 0x00, 0xff, 0x9f, 0xa8, 0x00, 0xff,
    0x9f, 0xa8, 0x00, 0xff, 0x9f, 0xa8, 0x00, 0xff, 0x9f, 0xa8, 0x00, 0xff, 0x9f, 0xa8, 0x00, 0xff,
    0x9f, 0xa8, 0x00, 0xff, 0x9f, 0xa8, 0x00, 0xff, 0x9f, 0xa8, 0x00, 0xff, 0x9f, 0xa8, 0x00, 0xff,
    0x9f, 0xa8, 0x00, 0xff, 0x9f, 0xa8, 0x00, 0xff, 0x9f, 0xa8, 0x00, 0xff, 0x9f, 0xa8, 0x00, 0xff,
    0x9f, 0xa8, 0x00, 0xff, 0x9f, 0xa8, 0x00, 0xff, 0x9f, 0xa8, 0x00, 0xff, 0x9f, 0xa8, 0x00, 0xff,
    0x9f, 0xa8, 0x00, 0xff, 0x9f, 0xa8, 0x00, 0xff, 0x9f, 0xa8, 0x00, 0xff, 0x9f, 0xa8, 0x00, 0xff,
    0x9f, 0xa8, 0x00, 0xff, 0x9f, 0xa8, 0x00, 0xff, 0x9f, 0xa8, 0x00, 0xff, 0x9f, 0xa8, 0x00, 0xff,
    0x9f, 0xa8, 0x00, 0xff, 0x9f, 0xa8, 0x00, 0xff, 0x9f, 0xa8, 0x00, 0xff, 0x9f, 0xa8, 0x00, 0xff,
    0x9f, 0xa8, 0x00, 0xff, 0x9f, 0xa8, 0x00, 0xff, 0x9f, 0xa8, 0x00, 0xff, 0x9f, 0xa8, 0x00, 0xff,
    0x9f, 0xa8, 0x00, 0xff, 0x9f, 0xa8, 0x00, 0xff, 0x9f, 0xa8, 0x00, 0xff, 0x9f, 0xa8, 0x00, 0xff,
    0x9f, 0xa8, 0x00, 0xff, 0x9f, 0xa8, 0x00, 0xff, 0x9f, 0xa8, 0x00, 0xff, 0x9f, 0xa8, 0x00, 0xff,
    0x9f, 0xa8, 0x00, 0xff, 0x9f, 0xa8, 0x00, 0xff, 0x9f, 0xa8, 0x00, 0xff, 0x9f, 0xa8, 0x00, 0xff,
    0x9f, 0xa8, 0x00, 0xff, 0x9f, 0xa8, 0x00, 0xff, 0x9f, 0xa8, 0x00, 0xff, 0x9f, 0xa8, 0x00, 0xff,
    0x9f, 0xa8, 0x00, 0xff, 0x9f, 0xa8, 0x00, 0xff, 0x9f, 0xa8, 0x00, 0xff, 0x9f, 0xa8, 0x00, 0xff,
    0x9f, 0xa8, 0x00, 0xff, 0x9f, 0xa8, 0x00, 0xff, 0x9f, 0xa8, 0x00, 0xff, 0x9f, 0xa8, 0x00, 0xff,
    0x9f, 0xa8, 0x00, 0xff, 0x9f, 0xa8, 0x00, 0xff, 0x9f, 0xa8, 0x00, 0xff, 0x9f, 0xa8, 0x00, 0xff,
    0x9f, 0xa8, 0x00, 0xff, 0x9f, 0xa8, 0x00, 0xff, 0x9f, 0xa8, 0x00, 0xff, 0x9f, 0xa8, 0x00, 0xff,
    0x9f, 0xa8, 0x00, 0xff, 0x9f, 0xa8, 0x00, 0xff, 0x9f, 0xa8, 0x00, 0xff, 0x9f, 0xa8, 0x00, 0xff,
    0x9f, 0xa8, 0x00, 0xff, 0x9f, 0xa8, 0x00, 0xff, 0x9f, 0xa8, 0x00, 0xff, 0x9f, 0xa8, 0x00, 0xff,
    0x9f, 0xa8, 0x00, 0xff, 0x9f, 0xa8, 0x00, 0xff, 0x9f, 0xa8, 0x00, 0xff, 0x9f, 0xa8, 0x00, 0xff,
    0xe4, 0xe6, 0xb7, 0xff, 0xff, 0xff, 0xff, 0xff, 0xff, 0xff, 0xff, 0xff, 0xff, 0xff, 0xff, 0xff,
    0xff, 0xff, 0xff, 0xff, 0xff, 0xff, 0xff, 0xff, 0xff, 0xff, 0xff, 0xff, 0xff, 0xff, 0xff, 0xff,
    0xfd, 0xfd, 0xfb, 0xff, 0xb2, 0xb9, 0x33, 0xff, 0x9f, 0xa8, 0x00, 0xff, 0x9f, 0xa8, 0x00, 0xff,
    0x9f, 0xa8, 0x00, 0xff, 0x9f, 0xa8, 0x00, 0xff, 0x9f, 0xa8, 0x00, 0xff, 0x9f, 0xa8, 0x00, 0xff,
    0x9f, 0xa8, 0x00, 0xff, 0x9f, 0xa8, 0x00, 0xff, 0x9f, 0xa8, 0x00, 0xff, 0x9f, 0xa8, 0x00, 0xff,
    0x9f, 0xa8, 0x00, 0xff, 0x9f, 0xa8, 0x00, 0xff, 0x9f, 0xa8, 0x00, 0xff, 0x9f, 0xa8, 0x00, 0xff,
    0x9f, 0xa8, 0x00, 0xff, 0x9f, 0xa8, 0x00, 0xff, 0x9f, 0xa8, 0x00, 0xff, 0x9f, 0xa8, 0x00, 0xff,
    0x9f, 0xa8, 0x00, 0xff, 0x9f, 0xa8, 0x00, 0xff, 0x9f, 0xa8, 0x00, 0xff, 0x9f, 0xa8, 0x00, 0xff,
    0x9f, 0xa8, 0x00, 0xff, 0x9f, 0xa8, 0x00, 0xff, 0x9f, 0xa8, 0x00, 0xff, 0x9f, 0xa8, 0x00, 0xff,
    0x9f, 0xa8, 0x00, 0xff, 0x9f, 0xa8, 0x00, 0xff, 0x9f, 0xa8, 0x00, 0xff, 0x9f, 0xa8, 0x00, 0xff,
    0xb4, 0xbb, 0x37, 0xff, 0xfc, 0xfc, 0xf7, 0xff, 0xff, 0xff, 0xff, 0xff, 0xff, 0xff, 0xff, 0xff,
    0xff, 0xff, 0xff, 0xff, 0xff, 0xff, 0xff, 0xff, 0xff, 0xff, 0xff, 0xff, 0xff, 0xff, 0xff, 0xff,
    0xff, 0xff, 0xff, 0xff, 0xe1, 0xe3, 0xaf, 0xff, 0x9f, 0xa8, 0x00, 0xff, 0x9f, 0xa8, 0x00, 0xff,
    0x9f, 0xa8, 0x00, 0xff, 0x9f, 0xa8, 0x00, 0xff, 0x9f, 0xa8, 0x00, 0xff, 0x9f, 0xa8, 0x00, 0xff,
    0x9f, 0xa8, 0x00, 0xff, 0x9f, 0xa8, 0x00, 0xff, 0x9f, 0xa8, 0x00, 0xff, 0x9f, 0xa8, 0x00, 0xff,
    0x9f, 0xa8, 0x00, 0xff, 0x9f, 0xa8, 0x00, 0xff, 0x9f, 0xa8, 0x00, 0xff, 0x9f, 0xa8, 0x00, 0xff,
    0x9f, 0xa8, 0x00, 0xff, 0x9f, 0xa8, 0x00, 0xff, 0x9f, 0xa8, 0x00, 0xff, 0x9f, 0xa8, 0x00, 0xff,
    0x9f, 0xa8, 0x00, 0xff, 0x9f, 0xa8, 0x00, 0xff, 0x9f, 0xa8, 0x00, 0xff, 0x9f, 0xa8, 0x00, 0xff,
    0x9f, 0xa8, 0x00, 0xff, 0x9f, 0xa8, 0x00, 0xff, 0x9f, 0xa8, 0x00, 0xff, 0x9f, 0xa8, 0x00, 0xff,
    0x9f, 0xa8, 0x00, 0xff, 0x9f, 0xa8, 0x00, 0xff, 0x9f, 0xa8, 0x00, 0xff, 0x9f, 0xa8, 0x00, 0xff,
    0x9f, 0xa8, 0x00, 0xff, 0x9f, 0xa8, 0x00, 0xff, 0x9f, 0xa8, 0x00, 0xff, 0x9f, 0xa8, 0x00, 0xff,
    0x9f, 0xa8, 0x00, 0xff, 0x9f, 0xa8, 0x00, 0xff, 0x9f, 0xa8, 0x00, 0xff, 0x9f, 0xa8, 0x00, 0xff,
    0x9f, 0xa8, 0x00, 0xff, 0x9f, 0xa8, 0x00, 0xff, 0x9f, 0xa8, 0x00, 0xff, 0x9f, 0xa8, 0x00, 0xff,
    0x9f, 0xa8, 0x00, 0xff, 0x9f, 0xa8, 0x00, 0xff, 0x9f, 0xa8, 0x00, 0xff, 0x9f, 0xa8, 0x00, 0xff,
    0x9f, 0xa8, 0x00, 0xff, 0x9f, 0xa8, 0x00, 0xff, 0x9f, 0xa8, 0x00, 0xff, 0x9f, 0xa8, 0x00, 0xff,
    0x9f, 0xa8, 0x00, 0xff, 0x9f, 0xa8, 0x00, 0xff, 0x9f, 0xa8, 0x00, 0xff, 0x9f, 0xa8, 0x00, 0xff,
    0x9f, 0xa8, 0x00, 0xff, 0x9f, 0xa8, 0x00, 0xff, 0x9f, 0xa8, 0x00, 0xff, 0x9f, 0xa8, 0x00, 0xff,
    0x9f, 0xa8, 0x00, 0xff, 0x9f, 0xa8, 0x00, 0xff, 0x9f, 0xa8, 0x00, 0xff, 0x9f, 0xa8, 0x00, 0xff,
    0x9f, 0xa8, 0x00, 0xff, 0x9f, 0xa8, 0x00, 0xff, 0x9f, 0xa8, 0x00, 0xff, 0x9f, 0xa8, 0x00, 0xff,
    0x9f, 0xa8, 0x00, 0xff, 0x9f, 0xa8, 0x00, 0xff, 0x9f, 0xa8, 0x00, 0xff, 0x9f, 0xa8, 0x00, 0xff,
    0x9f, 0xa8, 0x00, 0xff, 0x9f, 0xa8, 0x00, 0xff, 0x9f, 0xa8, 0x00, 0xff, 0x9f, 0xa8, 0x00, 0xff,
    0x9f, 0xa8, 0x00, 0xff, 0x9f, 0xa8, 0x00, 0xff, 0x9f, 0xa8, 0x00, 0xff, 0x9f, 0xa8, 0x00, 0xff,
    0x9f, 0xa8, 0x00, 0xff, 0x9f, 0xa8, 0x00, 0xff, 0xb7, 0xbd, 0x3f, 0xff, 0xff, 0xff, 0xff, 0xff,
    0xff, 0xff, 0xff, 0xff, 0xff, 0xff, 0xff, 0xff, 0xff, 0xff, 0xff, 0xff, 0xff, 0xff, 0xff, 0xff,
    0xff, 0xff, 0xff, 0xff, 0xff, 0xff, 0xff, 0xff, 0xff, 0xff, 0xff, 0xff, 0xf1, 0xf2, 0xdb, 0xff,
    0xa5, 0xad, 0x10, 0xff, 0x9f, 0xa8, 0x00, 0xff, 0x9f, 0xa8, 0x00, 0xff, 0x9f, 0xa8, 0x00, 0xff,
    0x9f, 0xa8, 0x00, 0xff, 0x9f, 0xa8, 0x00, 0xff, 0x9f, 0xa8, 0x00, 0xff, 0x9f, 0xa8, 0x00, 0xff,
    0x9f, 0xa8, 0x00, 0xff, 0x9f, 0xa8, 0x00, 0xff, 0x9f, 0xa8, 0x00, 0xff, 0x9f, 0xa8, 0x00, 0xff,
    0x9f, 0xa8, 0x00, 0xff, 0x9f, 0xa8, 0x00, 0xff, 0x9f, 0xa8, 0x00, 0xff, 0x9f, 0xa8, 0x00, 0xff,
    0x9f, 0xa8, 0x00, 0xff, 0x9f, 0xa8, 0x00, 0xff, 0x9f, 0xa8, 0x00, 0xff, 0x9f, 0xa8, 0x00, 0xff,
    0x9f, 0xa8, 0x00, 0xff, 0x9f, 0xa8, 0x00, 0xff, 0x9f, 0xa8, 0x00, 0xff, 0x9f, 0xa8, 0x00, 0xff,
    0x9f, 0xa8, 0x00, 0xff, 0x9f, 0xa8, 0x00, 0xff, 0x9f, 0xa8, 0x00, 0xff, 0x9f, 0xa8, 0x00, 0xff,
    0x9f, 0xa8, 0x00, 0xff, 0xa6, 0xae, 0x14, 0xff, 0xf3, 0xf4, 0xdf, 0xff, 0xff, 0xff, 0xff, 0xff,
    0xff, 0xff, 0xff, 0xff, 0xff, 0xff, 0xff, 0xff, 0xff, 0xff, 0xff, 0xff, 0xff, 0xff, 0xff, 0xff,
    0xff, 0xff, 0xff, 0xff, 0xff, 0xff, 0xff, 0xff, 0xff, 0xff, 0xff, 0xff, 0xb1, 0xb8, 0x2f, 0xff,
    0x9f, 0xa8, 0x00, 0xff, 0x9f, 0xa8, 0x00, 0xff, 0x9f, 0xa8, 0x00, 0xff, 0x9f, 0xa8, 0x00, 0xff,
    0x9f, 0xa8, 0x00, 0xff, 0x9f, 0xa8, 0x00, 0xff, 0x9f, 0xa8, 0x00, 0xff, 0x9f, 0xa8, 0x00, 0xff,
    0x9f, 0xa8, 0x00, 0xff, 0x9f, 0xa8, 0x00, 0xff, 0x9f, 0xa8, 0x00, 0xff, 0x9f, 0xa8, 0x00, 0xff,
    0x9f, 0xa8, 0x00, 0xff, 0x9f, 0xa8, 0x00, 0xff, 0x9f, 0xa8, 0x00, 0xff, 0x9f, 0xa8, 0x00, 0xff,
    0x9f, 0xa8, 0x00, 0xff, 0x9f, 0xa8, 0x00, 0xff, 0x9f, 0xa8, 0x00, 0xff, 0x9f, 0xa8, 0x00, 0xff,
    0x9f, 0xa8, 0x00, 0xff, 0x9f, 0xa8, 0x00, 0xff, 0x9f, 0xa8, 0x00, 0xff, 0x9f, 0xa8, 0x00, 0xff,
    0x9f, 0xa8, 0x00, 0xff, 0x9f, 0xa8, 0x00, 0xff, 0x9f, 0xa8, 0x00, 0xff, 0x9f, 0xa8, 0x00, 0xff,
    0x9f, 0xa8, 0x00, 0xff, 0x9f, 0xa8, 0x00, 0xff, 0x9f, 0xa8, 0x00, 0xff, 0x9f, 0xa8, 0x00, 0xff,
    0x9f, 0xa8, 0x00, 0xff, 0x9f, 0xa8, 0x00, 0xff, 0x9f, 0xa8, 0x00, 0xff, 0x9f, 0xa8, 0x00, 0xff,
    0x9f, 0xa8, 0x00, 0xff, 0x9f, 0xa8, 0x00, 0xff, 0x9f, 0xa8, 0x00, 0xff, 0x9f, 0xa8, 0x00, 0xff,
    0x9f, 0xa8, 0x00, 0xff, 0x9f, 0xa8, 0x00, 0xff, 0x9f, 0xa8, 0x00, 0xff, 0x9f, 0xa8, 0x00, 0xff,
    0x9f, 0xa8, 0x00, 0xff, 0x9f, 0xa8, 0x00, 0xff, 0x9f, 0xa8, 0x00, 0xff, 0x9f, 0xa8, 0x00, 0xff,
    0x9f, 0xa8, 0x00, 0xff, 0x9f, 0xa8, 0x00, 0xff, 0x9f, 0xa8, 0x00, 0xff, 0x9f, 0xa8, 0x00, 0xff,
    0x9f, 0xa8, 0x00, 0xff, 0x9f, 0xa8, 0x00, 0xff, 0x9f, 0xa8, 0x00, 0xff, 0x9f, 0xa8, 0x00, 0xff,
    0x9f, 0xa8, 0x00, 0xff, 0x9f, 0xa8, 0x00, 0xff, 0x9f, 0xa8, 0x00, 0xff, 0x9f, 0xa8, 0x00, 0xff,
    0x9f, 0xa8, 0x00, 0xff, 0x9f, 0xa8, 0x00, 0xff, 0x9f, 0xa8, 0x00, 0xff, 0x9f, 0xa8, 0x00, 0xff,
    0x9f, 0xa8, 0x00, 0xff, 0x9f, 0xa8, 0x00, 0xff, 0x9f, 0xa8, 0x00, 0xff, 0x9f, 0xa8, 0x00, 0xff,
    0x9f, 0xa8, 0x00, 0xff, 0x9f, 0xa8, 0x00, 0xff, 0x9f, 0xa8, 0x00, 0xff, 0x9f, 0xa8, 0x00, 0xff,
    0x9f, 0xa8, 0x00, 0xff, 0x9f, 0xa8, 0x00, 0xff, 0x9f, 0xa8, 0x00, 0xff, 0x9f, 0xa8, 0x00, 0xff,
    0x9f, 0xa8, 0x00, 0xff, 0x9f, 0xa8, 0x00, 0xff, 0x9f, 0xa8, 0x00, 0xff, 0x9f, 0xa8, 0x00, 0xff,
    0x9f, 0xa8, 0x00, 0xff, 0xe4, 0xe6, 0xb7, 0xff, 0xff, 0xff, 0xff, 0xff, 0xff, 0xff, 0xff, 0xff,
    0xff, 0xff, 0xff, 0xff, 0xff, 0xff, 0xff, 0xff, 0xff, 0xff, 0xff, 0xff, 0xff, 0xff, 0xff, 0xff,
    0xff, 0xff, 0xff, 0xff, 0xff, 0xff, 0xff, 0xff, 0xe5, 0xe8, 0xbb, 0xff, 0xa2, 0xaa, 0x08, 0xff,
    0x9f, 0xa8, 0x00, 0xff, 0x9f, 0xa8, 0x00, 0xff, 0x9f, 0xa8, 0x00, 0xff, 0x9f, 0xa8, 0x00, 0xff,
    0x9f, 0xa8, 0x00, 0xff, 0x9f, 0xa8, 0x00, 0xff, 0x9f, 0xa8, 0x00, 0xff, 0x9f, 0xa8, 0x00, 0xff,
    0x9f, 0xa8, 0x00, 0xff, 0x9f, 0xa8, 0x00, 0xff, 0x9f, 0xa8, 0x00, 0xff, 0x9f, 0xa8, 0x00, 0xff,
    0x9f, 0xa8, 0x00, 0xff, 0x9f, 0xa8, 0x00, 0xff, 0x9f, 0xa8, 0x00, 0xff, 0x9f, 0xa8, 0x00, 0xff,
    0x9f, 0xa8, 0x00, 0xff, 0x9f, 0xa8, 0x00, 0xff, 0x9f, 0xa8, 0x00, 0xff, 0x9f, 0xa8, 0x00, 0xff,
    0x9f, 0xa8, 0x00, 0xff, 0x9f, 0xa8, 0x00, 0xff, 0x9f, 0xa8, 0x00, 0xff, 0x9f, 0xa8, 0x00, 0xff,
    0x9f, 0xa8, 0x00, 0xff, 0x9f, 0xa8, 0x00, 0xff, 0xa2, 0xaa, 0x08, 0xff, 0xe5, 0xe8, 0xbb, 0xff,
    0xff, 0xff, 0xff, 0xff, 0xff, 0xff, 0xff, 0xff, 0xff, 0xff, 0xff, 0xff, 0xff, 0xff, 0xff, 0xff,
    0xff, 0xff, 0xff, 0xff, 0xff, 0xff, 0xff, 0xff, 0xff, 0xff, 0xff, 0xff, 0xff, 0xff, 0xff, 0xff,
    0xe1, 0xe3, 0xaf, 0xff, 0x9f, 0xa8, 0x00, 0xff, 0x9f, 0xa8, 0x00, 0xff, 0x9f, 0xa8, 0x00, 0xff,
    0x9f, 0xa8, 0x00, 0xff, 0x9f, 0xa8, 0x00, 0xff, 0x9f, 0xa8, 0x00, 0xff, 0x9f, 0xa8, 0x00, 0xff,
    0x9f, 0xa8, 0x00, 0xff, 0x9f, 0xa8, 0x00, 0xff, 0x9f, 0xa8, 0x00, 0xff, 0x9f, 0xa8, 0x00, 0xff,
    0x9f, 0xa8, 0x00, 0xff, 0x9f, 0xa8, 0x00, 0xff, 0x9f, 0xa8, 0x00, 0xff, 0x9f, 0xa8, 0x00, 0xff,
    0x9f, 0xa8, 0x00, 0xff, 0x9f, 0xa8, 0x00, 0xff, 0x9f, 0xa8, 0x00, 0xff, 0x9f, 0xa8, 0x00, 0xff,
    0x9f, 0xa8, 0x00, 0xff, 0x9f, 0xa8, 0x00, 0xff, 0x9f, 0xa8, 0x00, 0xff, 0x9f, 0xa8, 0x00, 0xff,
    0x9f, 0xa8, 0x00, 0xff, 0x9f, 0xa8, 0x00, 0xff, 0x9f, 0xa8, 0x00, 0xff, 0x9f, 0xa8, 0x00, 0xff,
    0x9f, 0xa8, 0x00, 0xff, 0x9f, 0xa8, 0x00, 0xff, 0x9f, 0xa8, 0x00, 0xff, 0x9f, 0xa8, 0x00, 0xff,
    0x9f, 0xa8, 0x00, 0xff, 0x9f, 0xa8, 0x00, 0xff, 0x9f, 0xa8, 0x00, 0xff, 0x9f, 0xa8, 0x00, 0xff,
    0x9f, 0xa8, 0x00, 0xff, 0x9f, 0xa8, 0x00, 0xff, 0x9f, 0xa8, 0x00, 0xff, 0x9f, 0xa8, 0x00, 0xff,
    0x9f, 0xa8, 0x00, 0xff, 0x9f, 0xa8, 0x00, 0xff, 0x9f, 0xa8, 0x00, 0xff, 0x9f, 0xa8, 0x00, 0xff,
    0x9f, 0xa8, 0x00, 0xff, 0x9f, 0xa8, 0x00, 0xff, 0x9f, 0xa8, 0x00, 0xff, 0x9f, 0xa8, 0x00, 0xff,
    0x9f, 0xa8, 0x00, 0xff, 0x9f, 0xa8, 0x00, 0xff, 0x9f, 0xa8, 0x00, 0xff, 0x9f, 0xa8, 0x00, 0xff,
    0x9f, 0xa8, 0x00, 0xff, 0x9f, 0xa8, 0x00, 0xff, 0x9f, 0xa8, 0x00, 0xff, 0x9f, 0xa8, 0x00, 0xff,
    0x9f, 0xa8, 0x00, 0xff, 0x9f, 0xa8, 0x00, 0xff, 0x9f, 0xa8, 0x00, 0xff, 0x9f, 0xa8, 0x00, 0xff,
    0x9f, 0xa8, 0x00, 0xff, 0x9f, 0xa8, 0x00, 0xff, 0x9f, 0xa8, 0x00, 0xff, 0x9f, 0xa8, 0x00, 0xff,
    0x9f, 0xa8, 0x00, 0xff, 0x9f, 0xa8, 0x00, 0xff, 0x9f, 0xa8, 0x00, 0xff, 0x9f, 0xa8, 0x00, 0xff,
    0x9f, 0xa8, 0x00, 0xff, 0x9f, 0xa8, 0x00, 0xff, 0x9f, 0xa8, 0x00, 0xff, 0x9f, 0xa8, 0x00, 0xff,
    0x9f, 0xa8, 0x00, 0xff, 0x9f, 0xa8, 0x00, 0xff, 0x9f, 0xa8, 0x00, 0xff, 0x9f, 0xa8, 0x00, 0xff,
    0x9f, 0xa8, 0x00, 0xff, 0x9f, 0xa8, 0x00, 0xff, 0x9f, 0xa8, 0x00, 0xff, 0x9f, 0xa8, 0x00, 0xff,
    0x9f, 0xa8, 0x00, 0xff, 0x9f, 0xa8, 0x00, 0xff, 0x9f, 0xa8, 0x00, 0xff, 0xac, 0xb4, 0x24, 0xff,
    0xfc, 0xfc, 0xf7, 0xff, 0xff, 0xff, 0xff, 0xff, 0xff, 0xff, 0xff, 0xff, 0xff, 0xff, 0xff, 0xff,
    0xff, 0xff, 0xff, 0xff, 0xff, 0xff, 0xff, 0xff, 0xff, 0xff, 0xff, 0xff, 0xff, 0xff, 0xff, 0xff,
    0xff, 0xff, 0xff, 0xff, 0xe4, 0xe6, 0xb7, 0xff, 0xa2, 0xaa, 0x08, 0xff, 0x9f, 0xa8, 0x00, 0xff,
    0x9f, 0xa8, 0x00, 0xff, 0x9f, 0xa8, 0x00, 0xff, 0x9f, 0xa8, 0x00, 0xff, 0x9f, 0xa8, 0x00, 0xff,
    0x9f, 0xa8, 0x00, 0xff, 0x9f, 0xa8, 0x00, 0xff, 0x9f, 0xa8, 0x00, 0xff, 0x9f, 0xa8, 0x00, 0xff,
    0x9f, 0xa8, 0x00, 0xff, 0x9f, 0xa8, 0x00, 0xff, 0x9f, 0xa8, 0x00, 0xff, 0x9f, 0xa8, 0x00, 0xff,
    0x9f, 0xa8, 0x00, 0xff, 0x9f, 0xa8, 0x00, 0xff, 0x9f, 0xa8, 0x00, 0xff, 0x9f, 0xa8, 0x00, 0xff,
    0x9f, 0xa8, 0x00, 0xff, 0x9f, 0xa8, 0x00, 0xff, 0x9f, 0xa8, 0x00, 0xff, 0x9f, 0xa8, 0x00, 0xff,
    0x9f, 0xa8, 0x00, 0xff, 0x9f, 0xa8, 0x00, 0xff, 0x9f, 0xa8, 0x00, 0xff, 0xa3, 0xac, 0x0c, 0xff,
    0xe4, 0xe6, 0xb7, 0xff, 0xff, 0xff, 0xff, 0xff, 0xff, 0xff, 0xff, 0xff, 0xff, 0xff, 0xff, 0xff,
    0xff, 0xff, 0xff, 0xff, 0xff, 0xff, 0xff, 0xff, 0xff, 0xff, 0xff, 0xff, 0xff, 0xff, 0xff, 0xff,
    0xff, 0xff, 0xff, 0xff, 0xfc, 0xfc, 0xf7, 0xff, 0xae, 0xb5, 0x28, 0xff, 0x9f, 0xa8, 0x00, 0xff,
    0x9f, 0xa8, 0x00, 0xff, 0x9f, 0xa8, 0x00, 0xff, 0x9f, 0xa8, 0x00, 0xff, 0x9f, 0xa8, 0x00, 0xff,
    0x9f, 0xa8, 0x00, 0xff, 0x9f, 0xa8, 0x00, 0xff, 0x9f, 0xa8, 0x00, 0xff, 0x9f, 0xa8, 0x00, 0xff,
    0x9f, 0xa8, 0x00, 0xff, 0x9f, 0xa8, 0x00, 0xff, 0x9f, 0xa8, 0x00, 0xff, 0x9f, 0xa8, 0x00, 0xff,
    0x9f, 0xa8, 0x00, 0xff, 0x9f, 0xa8, 0x00, 0xff, 0x9f, 0xa8, 0x00, 0xff, 0x9f, 0xa8, 0x00, 0xff,
    0x9f, 0xa8, 0x00, 0xff, 0x9f, 0xa8, 0x00, 0xff, 0x9f, 0xa8, 0x00, 0xff, 0x9f, 0xa8, 0x00, 0xff,
    0x9f, 0xa8, 0x00, 0xff, 0x9f, 0xa8, 0x00, 0xff, 0x9f, 0xa8, 0x00, 0xff, 0x9f, 0xa8, 0x00, 0xff,
    0x9f, 0xa8, 0x00, 0xff, 0x9f, 0xa8, 0x00, 0xff, 0x9f, 0xa8, 0x00, 0xff, 0x9f, 0xa8, 0x00, 0xff,
    0x9f, 0xa8, 0x00, 0xff, 0x9f, 0xa8, 0x00, 0xff, 0x9f, 0xa8, 0x00, 0xff, 0x9f, 0xa8, 0x00, 0xff,
    0x9f, 0xa8, 0x00, 0xff, 0x9f, 0xa8, 0x00, 0xff, 0x9f, 0xa8, 0x00, 0xff, 0x9f, 0xa8, 0x00, 0xff,
    0x9f, 0xa8, 0x00, 0xff, 0x9f, 0xa8, 0x00, 0xff, 0x9f, 0xa8, 0x00, 0xff, 0x9f, 0xa8, 0x00, 0xff,
    0x9f, 0xa8, 0x00, 0xff, 0x9f, 0xa8, 0x00, 0xff, 0x9f, 0xa8, 0x00, 0xff, 0x9f, 0xa8, 0x00, 0xff,
    0x9f, 0xa8, 0x00, 0xff, 0x9f, 0xa8, 0x00, 0xff, 0x9f, 0xa8, 0x00, 0xff, 0x9f, 0xa8, 0x00, 0xff,
    0x9f, 0xa8, 0x00, 0xff, 0x9f, 0xa8, 0x00, 0xff, 0x9f, 0xa8, 0x00, 0xff, 0x9f, 0xa8, 0x00, 0xff,
    0x9f, 0xa8, 0x00, 0xff, 0x9f, 0xa8, 0x00, 0xff, 0x9f, 0xa8, 0x00, 0xff, 0x9f, 0xa8, 0x00, 0xff,
    0x9f, 0xa8, 0x00, 0xff, 0x9f, 0xa8, 0x00, 0xff, 0x9f, 0xa8, 0x00, 0xff, 0x9f, 0xa8, 0x00, 0xff,
    0x9f, 0xa8, 0x00, 0xff, 0x9f, 0xa8, 0x00, 0xff, 0x9f, 0xa8, 0x00, 0xff, 0x9f, 0xa8, 0x00, 0xff,
    0x9f, 0xa8, 0x00, 0xff, 0x9f, 0xa8, 0x00, 0xff, 0x9f, 0xa8, 0x00, 0xff, 0x9f, 0xa8, 0x00, 0xff,
    0x9f, 0xa8, 0x00, 0xff, 0x9f, 0xa8, 0x00, 0xff, 0x9f, 0xa8, 0x00, 0xff, 0x9f, 0xa8, 0x00, 0xff,
    0x9f, 0xa8, 0x00, 0xff, 0x9f, 0xa8, 0x00, 0xff, 0x9f, 0xa8, 0x00, 0xff, 0x9f, 0xa8, 0x00, 0xff,
    0x9f, 0xa8, 0x00, 0xff, 0x9f, 0xa8, 0x00, 0xff, 0x9f, 0xa8, 0x00, 0xff, 0x9f, 0xa8, 0x00, 0xff,
    0x9f, 0xa8, 0x00, 0xff, 0x9f, 0xa8, 0x00, 0xff, 0xca, 0xcf, 0x73, 0xff, 0xff, 0xff, 0xff, 0xff,
    0xff, 0xff, 0xff, 0xff, 0xff, 0xff, 0xff, 0xff, 0xff, 0xff, 0xff, 0xff, 0xff, 0xff, 0xff, 0xff,
    0xff, 0xff, 0xff, 0xff, 0xff, 0xff, 0xff, 0xff, 0xff, 0xff, 0xff, 0xff, 0xff, 0xff, 0xff, 0xff,
    0xed, 0xee, 0xcf, 0xff, 0xab, 0xb2, 0x1f, 0xff, 0x9f, 0xa8, 0x00, 0xff, 0x9f, 0xa8, 0x00, 0xff,
    0x9f, 0xa8, 0x00, 0xff, 0x9f, 0xa8, 0x00, 0xff, 0x9f, 0xa8, 0x00, 0xff, 0x9f, 0xa8, 0x00, 0xff,
    0x9f, 0xa8, 0x00, 0xff, 0x9f, 0xa8, 0x00, 0xff, 0x9f, 0xa8, 0x00, 0xff, 0x9f, 0xa8, 0x00, 0xff,
    0x9f, 0xa8, 0x00, 0xff, 0x9f, 0xa8, 0x00, 0xff, 0x9f, 0xa8, 0x00, 0xff, 0x9f, 0xa8, 0x00, 0xff,
    0x9f, 0xa8, 0x00, 0xff, 0x9f, 0xa8, 0x00, 0xff, 0x9f, 0xa8, 0x00, 0xff, 0x9f, 0xa8, 0x00, 0xff,
    0x9f, 0xa8, 0x00, 0xff, 0x9f, 0xa8, 0x00, 0xff, 0x9f, 0xa8, 0x00, 0xff, 0x9f, 0xa8, 0x00, 0xff,
    0xab, 0xb2, 0x1f, 0xff, 0xee, 0xf0, 0xd3, 0xff, 0xff, 0xff, 0xff, 0xff, 0xff, 0xff, 0xff, 0xff,
    0xff, 0xff, 0xff, 0xff, 0xff, 0xff, 0xff, 0xff, 0xff, 0xff, 0xff, 0xff, 0xff, 0xff, 0xff, 0xff,
    0xff, 0xff, 0xff, 0xff, 0xff, 0xff, 0xff, 0xff, 0xff, 0xff, 0xff, 0xff, 0xcf, 0xd3, 0x7f, 0xff,
    0x9f, 0xa8, 0x00, 0xff, 0x9f, 0xa8, 0x00, 0xff, 0x9f, 0xa8, 0x00, 0xff, 0x9f, 0xa8, 0x00, 0xff,
    0x9f, 0xa8, 0x00, 0xff, 0x9f, 0xa8, 0x00, 0xff, 0x9f, 0xa8, 0x00, 0xff, 0x9f, 0xa8, 0x00, 0xff,
    0x9f, 0xa8, 0x00, 0xff, 0x9f, 0xa8, 0x00, 0xff, 0x9f, 0xa8, 0x00, 0xff, 0x9f, 0xa8, 0x00, 0xff,
    0x9f, 0xa8, 0x00, 0xff, 0x9f, 0xa8, 0x00, 0xff, 0x9f, 0xa8, 0x00, 0xff, 0x9f, 0xa8, 0x00, 0xff,
    0x9f, 0xa8, 0x00, 0xff, 0x9f, 0xa8, 0x00, 0xff, 0x9f, 0xa8, 0x00, 0xff, 0x9f, 0xa8, 0x00, 0xff,
    0x9f, 0xa8, 0x00, 0xff, 0x9f, 0xa8, 0x00, 0xff, 0x9f, 0xa8, 0x00, 0xff, 0x9f, 0xa8, 0x00, 0xff,
    0x9f, 0xa8, 0x00, 0xff, 0x9f, 0xa8, 0x00, 0xff, 0x9f, 0xa8, 0x00, 0xff, 0x9f, 0xa8, 0x00, 0xff,
    0x9f, 0xa8, 0x00, 0xff, 0x9f, 0xa8, 0x00, 0xff, 0x9f, 0xa8, 0x00, 0xff, 0x9f, 0xa8, 0x00, 0xff,
    0x9f, 0xa8, 0x00, 0xff, 0x9f, 0xa8, 0x00, 0xff, 0x9f, 0xa8, 0x00, 0xff, 0x9f, 0xa8, 0x00, 0xff,
    0x9f, 0xa8, 0x00, 0xff, 0x9f, 0xa8, 0x00, 0xff, 0x9f, 0xa8, 0x00, 0xff, 0x9f, 0xa8, 0x00, 0xff,
    0x9f, 0xa8, 0x00, 0xff, 0x9f, 0xa8, 0x00, 0xff, 0x9f, 0xa8, 0x00, 0xff, 0x9f, 0xa8, 0x00, 0xff,
    0x9f, 0xa8, 0x00, 0xff, 0x9f, 0xa8, 0x00, 0xff, 0x9f, 0xa8, 0x00, 0xff, 0x9f, 0xa8, 0x00, 0xff,
    0x9f, 0xa8, 0x00, 0xff, 0x9f, 0xa8, 0x00, 0xff, 0x9f, 0xa8, 0x00, 0xff, 0x9f, 0xa8, 0x00, 0xff,
    0x9f, 0xa8, 0x00, 0xff, 0x9f, 0xa8, 0x00, 0xff, 0x9f, 0xa8, 0x00, 0xff, 0x9f, 0xa8, 0x00, 0xff,
    0x9f, 0xa8, 0x00, 0xff, 0x9f, 0xa8, 0x00, 0xff, 0x9f, 0xa8, 0x00, 0xff, 0x9f, 0xa8, 0x00, 0xff,
    0x9f, 0xa8, 0x00, 0xff, 0x9f, 0xa8, 0x00, 0xff, 0x9f, 0xa8, 0x00, 0xff, 0x9f, 0xa8, 0x00, 0xff,
    0x9f, 0xa8, 0x00, 0xff, 0x9f, 0xa8, 0x00, 0xff, 0x9f, 0xa8, 0x00, 0xff, 0x9f, 0xa8, 0x00, 0xff,
    0x9f, 0xa8, 0x00, 0xff, 0x9f, 0xa8, 0x00, 0xff, 0x9f, 0xa8, 0x00, 0xff, 0x9f, 0xa8, 0x00, 0xff,
    0x9f, 0xa8, 0x00, 0xff, 0x9f, 0xa8, 0x00, 0xff, 0x9f, 0xa8, 0x00, 0xff, 0x9f, 0xa8, 0x00, 0xff,
    0x9f, 0xa8, 0x00, 0xff, 0x9f, 0xa8, 0x00, 0xff, 0x9f, 0xa8, 0x00, 0xff, 0x9f, 0xa8, 0x00, 0xff,
    0x9f, 0xa8, 0x00, 0xff, 0x9f, 0xa8, 0x00, 0xff, 0x9f, 0xa8, 0x00, 0xff, 0x9f, 0xa8, 0x00, 0xff,
    0xa0, 0xa9, 0x04, 0xff, 0xe8, 0xea, 0xc3, 0xff, 0xff, 0xff, 0xff, 0xff, 0xff, 0xff, 0xff, 0xff,
    0xff, 0xff, 0xff, 0xff, 0xff, 0xff, 0xff, 0xff, 0xff, 0xff, 0xff, 0xff, 0xff, 0xff, 0xff, 0xff,
    0xff, 0xff, 0xff, 0xff, 0xff, 0xff, 0xff, 0xff, 0xff, 0xff, 0xff, 0xff, 0xf7, 0xf8, 0xeb, 0xff,
    0xc0, 0xc5, 0x57, 0xff, 0x9f, 0xa8, 0x00, 0xff, 0x9f, 0xa8, 0x00, 0xff, 0x9f, 0xa8, 0x00, 0xff,
    0x9f, 0xa8, 0x00, 0xff, 0x9f, 0xa8, 0x00, 0xff, 0x9f, 0xa8, 0x00, 0xff, 0x9f, 0xa8, 0x00, 0xff,
    0x9f, 0xa8, 0x00, 0xff, 0x9f, 0xa8, 0x00, 0xff, 0x9f, 0xa8, 0x00, 0xff, 0x9f, 0xa8, 0x00, 0xff,
    0x9f, 0xa8, 0x00, 0xff, 0x9f, 0xa8, 0x00, 0xff, 0x9f, 0xa8, 0x00, 0xff, 0x9f, 0xa8, 0x00, 0xff,
    0x9f, 0xa8, 0x00, 0xff, 0x9f, 0xa8, 0x00, 0xff, 0x9f, 0xa8, 0x00, 0xff, 0x9f, 0xa8, 0x00, 0xff,
    0x9f, 0xa8, 0x00, 0xff, 0xc3, 0xc8, 0x5f, 0xff, 0xf9, 0xf9, 0xef, 0xff, 0xff, 0xff, 0xff, 0xff,
    0xff, 0xff, 0xff, 0xff, 0xff, 0xff, 0xff, 0xff, 0xff, 0xff, 0xff, 0xff, 0xff, 0xff, 0xff, 0xff,
    0xff, 0xff, 0xff, 0xff, 0xff, 0xff, 0xff, 0xff, 0xff, 0xff, 0xff, 0xff, 0xff, 0xff, 0xff, 0xff,
    0xe7, 0xe9, 0xbf, 0xff, 0xa0, 0xa9, 0x04, 0xff, 0x9f, 0xa8, 0x00, 0xff, 0x9f, 0xa8, 0x00, 0xff,
    0x9f, 0xa8, 0x00, 0xff, 0x9f, 0xa8, 0x00, 0xff, 0x9f, 0xa8, 0x00, 0xff, 0x9f, 0xa8, 0x00, 0xff,
    0x9f, 0xa8, 0x00, 0xff, 0x9f, 0xa8, 0x00, 0xff, 0x9f, 0xa8, 0x00, 0xff, 0x9f, 0xa8, 0x00, 0xff,
    0x9f, 0xa8, 0x00, 0xff, 0x9f, 0xa8, 0x00, 0xff, 0x9f, 0xa8, 0x00, 0xff, 0x9f, 0xa8, 0x00, 0xff,
    0x9f, 0xa8, 0x00, 0xff, 0x9f, 0xa8, 0x00, 0xff, 0x9f, 0xa8, 0x00, 0xff, 0x9f, 0xa8, 0x00, 0xff,
    0x9f, 0xa8, 0x00, 0xff, 0x9f, 0xa8, 0x00, 0xff, 0x9f, 0xa8, 0x00, 0xff, 0x9f, 0xa8, 0x00, 0xff,
    0x9f, 0xa8, 0x00, 0xff, 0x9f, 0xa8, 0x00, 0xff, 0x9f, 0xa8, 0x00, 0xff, 0x9f, 0xa8, 0x00, 0xff,
    0x9f, 0xa8, 0x00, 0xff, 0x9f, 0xa8, 0x00, 0xff, 0x9f, 0xa8, 0x00, 0xff, 0x9f, 0xa8, 0x00, 0xff,
    0x9f, 0xa8, 0x00, 0xff, 0x9f, 0xa8, 0x00, 0xff, 0x9f, 0xa8, 0x00, 0xff, 0x9f, 0xa8, 0x00, 0xff,
    0x9f, 0xa8, 0x00, 0xff, 0x9f, 0xa8, 0x00, 0xff, 0x9f, 0xa8, 0x00, 0xff, 0x9f, 0xa8, 0x00, 0xff,
    0x9f, 0xa8, 0x00, 0xff, 0x9f, 0xa8, 0x00, 0xff, 0x9f, 0xa8, 0x00, 0xff, 0x9f, 0xa8, 0x00, 0xff,
    0x9f, 0xa8, 0x00, 0xff, 0x9f, 0xa8, 0x00, 0xff, 0x9f, 0xa8, 0x00, 0xff, 0x9f, 0xa8, 0x00, 0xff,
    0x9f, 0xa8, 0x00, 0xff, 0x9f, 0xa8, 0x00, 0xff, 0x9f, 0xa8, 0x00, 0xff, 0x9f, 0xa8, 0x00, 0xff,
    0x9f, 0xa8, 0x00, 0xff, 0x9f, 0xa8, 0x00, 0xff, 0x9f, 0xa8, 0x00, 0xff, 0x9f, 0xa8, 0x00, 0xff,
    0x9f, 0xa8, 0x00, 0xff, 0x9f, 0xa8, 0x00, 0xff, 0x9f, 0xa8, 0x00, 0xff, 0x9f, 0xa8, 0x00, 0xff,
    0x9f, 0xa8, 0x00, 0xff, 0x9f, 0xa8, 0x00, 0xff, 0x9f, 0xa8, 0x00, 0xff, 0x9f, 0xa8, 0x00, 0xff,
    0x9f, 0xa8, 0x00, 0xff, 0x9f, 0xa8, 0x00, 0xff, 0x9f, 0xa8, 0x00, 0xff, 0x9f, 0xa8, 0x00, 0xff,
    0x9f, 0xa8, 0x00, 0xff, 0x9f, 0xa8, 0x00, 0xff, 0x9f, 0xa8, 0x00, 0xff, 0x9f, 0xa8, 0x00, 0xff,
    0x9f, 0xa8, 0x00, 0xff, 0x9f, 0xa8, 0x00, 0xff, 0x9f, 0xa8, 0x00, 0xff, 0x9f, 0xa8, 0x00, 0xff,
    0x9f, 0xa8, 0x00, 0xff, 0x9f, 0xa8, 0x00, 0xff, 0x9f, 0xa8, 0x00, 0xff, 0x9f, 0xa8, 0x00, 0xff,
    0x9f, 0xa8, 0x00, 0xff, 0x9f, 0xa8, 0x00, 0xff, 0x9f, 0xa8, 0x00, 0xff, 0x9f, 0xa8, 0x00, 0xff,
    0x9f, 0xa8, 0x00, 0xff, 0x9f, 0xa8, 0x00, 0xff, 0x9f, 0xa8, 0x00, 0xff, 0xa9, 0xb1, 0x1c, 0xff,
    0xf4, 0xf5, 0xe3, 0xff, 0xff, 0xff, 0xff, 0xff, 0xff, 0xff, 0xff, 0xff, 0xff, 0xff, 0xff, 0xff,
    0xff, 0xff, 0xff, 0xff, 0xff, 0xff, 0xff, 0xff, 0xff, 0xff, 0xff, 0xff, 0xff, 0xff, 0xff, 0xff,
    0xff, 0xff, 0xff, 0xff, 0xff, 0xff, 0xff, 0xff, 0xff, 0xff, 0xff, 0xff, 0xdc, 0xdf, 0xa3, 0xff,
    0xa3, 0xac, 0x0c, 0xff, 0x9f, 0xa8, 0x00, 0xff, 0x9f, 0xa8, 0x00, 0xff, 0x9f, 0xa8, 0x00, 0xff,
    0x9f, 0xa8, 0x00, 0xff, 0x9f, 0xa8, 0x00, 0xff, 0x9f, 0xa8, 0x00, 0xff, 0x9f, 0xa8, 0x00, 0xff,
    0x9f, 0xa8, 0x00, 0xff, 0x9f, 0xa8, 0x00, 0xff, 0x9f, 0xa8, 0x00, 0xff, 0x9f, 0xa8, 0x00, 0xff,
    0x9f, 0xa8, 0x00, 0xff, 0x9f, 0xa8, 0x00, 0xff, 0x9f, 0xa8, 0x00, 0xff, 0x9f, 0xa8, 0x00, 0xff,
    0x9f, 0xa8, 0x00, 0xff, 0xa5, 0xad, 0x10, 0xff, 0xde, 0xe1, 0xa7, 0xff, 0xff, 0xff, 0xff, 0xff,
    0xff, 0xff, 0xff, 0xff, 0xff, 0xff, 0xff, 0xff, 0xff, 0xff, 0xff, 0xff, 0xff, 0xff, 0xff, 0xff,
    0xff, 0xff, 0xff, 0xff, 0xff, 0xff, 0xff, 0xff, 0xff, 0xff, 0xff, 0xff, 0xff, 0xff, 0xff, 0xff,
    0xff, 0xff, 0xff, 0xff, 0xf4, 0xf5, 0xe3, 0xff, 0xa9, 0xb1, 0x1c, 0xff, 0x9f, 0xa8, 0x00, 0xff,
    0x9f, 0xa8, 0x00, 0xff, 0x9f, 0xa8, 0x00, 0xff, 0x9f, 0xa8, 0x00, 0xff, 0x9f, 0xa8, 0x00, 0xff,
    0x9f, 0xa8, 0x00, 0xff, 0x9f, 0xa8, 0x00, 0xff, 0x9f, 0xa8, 0x00, 0xff, 0x9f, 0xa8, 0x00, 0xff,
    0x9f, 0xa8, 0x00, 0xff, 0x9f, 0xa8, 0x00, 0xff, 0x9f, 0xa8, 0x00, 0xff, 0x9f, 0xa8, 0x00, 0xff,
    0x9f, 0xa8, 0x00, 0xff, 0x9f, 0xa8, 0x00, 0xff, 0x9f, 0xa8, 0x00, 0xff, 0x9f, 0xa8, 0x00, 0xff,
    0x9f, 0xa8, 0x00, 0xff, 0x9f, 0xa8, 0x00, 0xff, 0x9f, 0xa8, 0x00, 0xff, 0x9f, 0xa8, 0x00, 0xff,
    0x9f, 0xa8, 0x00, 0xff, 0x9f, 0xa8, 0x00, 0xff, 0x9f, 0xa8, 0x00, 0xff, 0x9f, 0xa8, 0x00, 0xff,
    0x9f, 0xa8, 0x00, 0xff, 0x9f, 0xa8, 0x00, 0xff, 0x9f, 0xa8, 0x00, 0xff, 0x9f, 0xa8, 0x00, 0xff,
    0x9f, 0xa8, 0x00, 0xff, 0x9f, 0xa8, 0x00, 0xff, 0x9f, 0xa8, 0x00, 0xff, 0x9f, 0xa8, 0x00, 0xff,
    0x9f, 0xa8, 0x00, 0xff, 0x9f, 0xa8, 0x00, 0xff, 0x9f, 0xa8, 0x00, 0xff, 0x9f, 0xa8, 0x00, 0xff,
    0x9f, 0xa8, 0x00, 0xff, 0x9f, 0xa8, 0x00, 0xff, 0x9f, 0xa8, 0x00, 0xff, 0x9f, 0xa8, 0x00, 0xff,
    0x9f, 0xa8, 0x00, 0xff, 0x9f, 0xa8, 0x00, 0xff, 0x9f, 0xa8, 0x00, 0xff, 0x9f, 0xa8, 0x00, 0xff,
    0x9f, 0xa8, 0x00, 0xff, 0x9f, 0xa8, 0x00, 0xff, 0x9f, 0xa8, 0x00, 0xff, 0x9f, 0xa8, 0x00, 0xff,
    0x9f, 0xa8, 0x00, 0xff, 0x9f, 0xa8, 0x00, 0xff, 0x9f, 0xa8, 0x00, 0xff, 0x9f, 0xa8, 0x00, 0xff,
    0x9f, 0xa8, 0x00, 0xff, 0x9f, 0xa8, 0x00, 0xff, 0x9f, 0xa8, 0x00, 0xff, 0x9f, 0xa8, 0x00, 0xff,
    0x9f, 0xa8, 0x00, 0xff, 0x9f, 0xa8, 0x00, 0xff, 0x9f, 0xa8, 0x00, 0xff, 0x9f, 0xa8, 0x00, 0xff,
    0x9f, 0xa8, 0x00, 0xff, 0x9f, 0xa8, 0x00, 0xff, 0x9f, 0xa8, 0x00, 0xff, 0x9f, 0xa8, 0x00, 0xff,
    0x9f, 0xa8, 0x00, 0xff, 0x9f, 0xa8, 0x00, 0xff, 0x9f, 0xa8, 0x00, 0xff, 0x9f, 0xa8, 0x00, 0xff,
    0x9f, 0xa8, 0x00, 0xff, 0x9f, 0xa8, 0x00, 0xff, 0x9f, 0xa8, 0x00, 0xff, 0x9f, 0xa8, 0x00, 0xff,
    0x9f, 0xa8, 0x00, 0xff, 0x9f, 0xa8, 0x00, 0xff, 0x9f, 0xa8, 0x00, 0xff, 0x9f, 0xa8, 0x00, 0xff,
    0x9f, 0xa8, 0x00, 0xff, 0x9f, 0xa8, 0x00, 0xff, 0x9f, 0xa8, 0x00, 0xff, 0x9f, 0xa8, 0x00, 0xff,
    0x9f, 0xa8, 0x00, 0xff, 0x9f, 0xa8, 0x00, 0xff, 0x9f, 0xa8, 0x00, 0xff, 0x9f, 0xa8, 0x00, 0xff,
    0x9f, 0xa8, 0x00, 0xff, 0x9f, 0xa8, 0x00, 0xff, 0xb2, 0xb9, 0x33, 0xff, 0xfa, 0xfb, 0xf3, 0xff,
    0xff, 0xff, 0xff, 0xff, 0xff, 0xff, 0xff, 0xff, 0xff, 0xff, 0xff, 0xff, 0xff, 0xff, 0xff, 0xff,
    0xff, 0xff, 0xff, 0xff, 0xff, 0xff, 0xff, 0xff, 0xff, 0xff, 0xff, 0xff, 0xff, 0xff, 0xff, 0xff,
    0xff, 0xff, 0xff, 0xff, 0xff, 0xff, 0xff, 0xff, 0xf3, 0xf4, 0xdf, 0xff, 0xab, 0xb2, 0x20, 0xff,
    0x9f, 0xa8, 0x00, 0xff, 0x9f, 0xa8, 0x00, 0xff, 0x9f, 0xa8, 0x00, 0xff, 0x9f, 0xa8, 0x00, 0xff,
    0x9f, 0xa8, 0x00, 0xff, 0x9f, 0xa8, 0x00, 0xff, 0x9f, 0xa8, 0x00, 0xff, 0x9f, 0xa8, 0x00, 0xff,
    0x9f, 0xa8, 0x00, 0xff, 0x9f, 0xa8, 0x00, 0xff, 0x9f, 0xa8, 0x00, 0xff, 0x9f, 0xa8, 0x00, 0xff,
    0x9f, 0xa8, 0x00, 0xff, 0x9f, 0xa8, 0x00, 0xff, 0xac, 0xb4, 0x24, 0xff, 0xf4, 0xf5, 0xe3, 0xff,
    0xff, 0xff, 0xff, 0xff, 0xff, 0xff, 0xff, 0xff, 0xff, 0xff, 0xff, 0xff, 0xff, 0xff, 0xff, 0xff,
    0xff, 0xff, 0xff, 0xff, 0xff, 0xff, 0xff, 0xff, 0xff, 0xff, 0xff, 0xff, 0xff, 0xff, 0xff, 0xff,
    0xff, 0xff, 0xff, 0xff, 0xff, 0xff, 0xff, 0xff, 0xfa, 0xfa, 0xf3, 0xff, 0xb2, 0xb9, 0x33, 0xff,
    0x9f, 0xa8, 0x00, 0xff, 0x9f, 0xa8, 0x00, 0xff, 0x9f, 0xa8, 0x00, 0xff, 0x9f, 0xa8, 0x00, 0xff,
    0x9f, 0xa8, 0x00, 0xff, 0x9f, 0xa8, 0x00, 0xff, 0x9f, 0xa8, 0x00, 0xff, 0x9f, 0xa8, 0x00, 0xff,
    0x9f, 0xa8, 0x00, 0xff, 0x9f, 0xa8, 0x00, 0xff, 0x9f, 0xa8, 0x00, 0xff, 0x9f, 0xa8, 0x00, 0xff,
    0x9f, 0xa8, 0x00, 0xff, 0x9f, 0xa8, 0x00, 0xff, 0x9f, 0xa8, 0x00, 0xff, 0x9f, 0xa8, 0x00, 0xff,
    0x9f, 0xa8, 0x00, 0xff, 0x9f, 0xa8, 0x00, 0xff, 0x9f, 0xa8, 0x00, 0xff, 0x9f, 0xa8, 0x00, 0xff,
    0x9f, 0xa8, 0x00, 0xff, 0x9f, 0xa8, 0x00, 0xff, 0x9f, 0xa8, 0x00, 0xff, 0x9f, 0xa8, 0x00, 0xff,
    0x9f, 0xa8, 0x00, 0xff, 0x9f, 0xa8, 0x00, 0xff, 0x9f, 0xa8, 0x00, 0xff, 0x9f, 0xa8, 0x00, 0xff,
    0x9f, 0xa8, 0x00, 0xff, 0x9f, 0xa8, 0x00, 0xff, 0x9f, 0xa8, 0x00, 0xff, 0x9f, 0xa8, 0x00, 0xff,
    0x9f, 0xa8, 0x00, 0xff, 0x9f, 0xa8, 0x00, 0xff, 0x9f, 0xa8, 0x00, 0xff, 0x9f, 0xa8, 0x00, 0xff,
    0x9f, 0xa8, 0x00, 0xff, 0x9f, 0xa8, 0x00, 0xff, 0x9f, 0xa8, 0x00, 0xff, 0x9f, 0xa8, 0x00, 0xff,
    0x9f, 0xa8, 0x00, 0xff, 0x9f, 0xa8, 0x00, 0xff, 0x9f, 0xa8, 0x00, 0xff, 0x9f, 0xa8, 0x00, 0xff,
    0x9f, 0xa8, 0x00, 0xff, 0x9f, 0xa8, 0x00, 0xff, 0x9f, 0xa8, 0x00, 0xff, 0x9f, 0xa8, 0x00, 0xff,
    0x9f, 0xa8, 0x00, 0xff, 0x9f, 0xa8, 0x00, 0xff, 0x9f, 0xa8, 0x00, 0xff, 0x9f, 0xa8, 0x00, 0xff,
    0x9f, 0xa8, 0x00, 0xff, 0x9f, 0xa8, 0x00, 0xff, 0x9f, 0xa8, 0x00, 0xff, 0x9f, 0xa8, 0x00, 0xff,
    0x9f, 0xa8, 0x00, 0xff, 0x9f, 0xa8, 0x00, 0xff, 0x9f, 0xa8, 0x00, 0xff, 0x9f, 0xa8, 0x00, 0xff,
    0x9f, 0xa8, 0x00, 0xff, 0x9f, 0xa8, 0x00, 0xff, 0x9f, 0xa8, 0x00, 0xff, 0x9f, 0xa8, 0x00, 0xff,
    0x9f, 0xa8, 0x00, 0xff, 0x9f, 0xa8, 0x00, 0xff, 0x9f, 0xa8, 0x00, 0xff, 0x9f, 0xa8, 0x00, 0xff,
    0x9f, 0xa8, 0x00, 0xff, 0x9f, 0xa8, 0x00, 0xff, 0x9f, 0xa8, 0x00, 0xff, 0x9f, 0xa8, 0x00, 0xff,
    0x9f, 0xa8, 0x00, 0xff, 0x9f, 0xa8, 0x00, 0xff, 0x9f, 0xa8, 0x00, 0xff, 0x9f, 0xa8, 0x00, 0xff,
    0x9f, 0xa8, 0x00, 0xff, 0x9f, 0xa8, 0x00, 0xff, 0x9f, 0xa8, 0x00, 0xff, 0x9f, 0xa8, 0x00, 0xff,
    0x9f, 0xa8, 0x00, 0xff, 0x9f, 0xa8, 0x00, 0xff, 0x9f, 0xa8, 0x00, 0xff, 0x9f, 0xa8, 0x00, 0xff,
    0x9f, 0xa8, 0x00, 0xff, 0x9f, 0xa8, 0x00, 0xff, 0x9f, 0xa8, 0x00, 0xff, 0x9f, 0xa8, 0x00, 0xff,
    0x9f, 0xa8, 0x00, 0xff, 0xba, 0xc0, 0x47, 0xff, 0xfc, 0xfc, 0xf7, 0xff, 0xff, 0xff, 0xff, 0xff,
    0xff, 0xff, 0xff, 0xff, 0xff, 0xff, 0xff, 0xff, 0xff, 0xff, 0xff, 0xff, 0xff, 0xff, 0xff, 0xff,
    0xff, 0xff, 0xff, 0xff, 0xff, 0xff, 0xff, 0xff, 0xff, 0xff, 0xff, 0xff, 0xff, 0xff, 0xff, 0xff,
    0xff, 0xff, 0xff, 0xff, 0xb7, 0xbd, 0x40, 0xff, 0x9f, 0xa8, 0x00, 0xff, 0x9f, 0xa8, 0x00, 0xff,
    0x9f, 0xa8, 0x00, 0xff, 0x9f, 0xa8, 0x00, 0xff, 0x9f, 0xa8, 0x00, 0xff, 0x9f, 0xa8, 0x00, 0xff,
    0x9f, 0xa8, 0x00, 0xff, 0x9f, 0xa8, 0x00, 0xff, 0x9f, 0xa8, 0x00, 0xff, 0x9f, 0xa8, 0x00, 0xff,
    0x9f, 0xa8, 0x00, 0xff, 0x9f, 0xa8, 0x00, 0xff, 0x9f, 0xa8, 0x00, 0xff, 0x9f, 0xa8, 0x00, 0xff,
    0xb7, 0xbd, 0x40, 0xff, 0xff, 0xff, 0xff, 0xff, 0xff, 0xff, 0xff, 0xff, 0xff, 0xff, 0xff, 0xff,
    0xff, 0xff, 0xff, 0xff, 0xff, 0xff, 0xff, 0xff, 0xff, 0xff, 0xff, 0xff, 0xff, 0xff, 0xff, 0xff,
    0xff, 0xff, 0xff, 0xff, 0xff, 0xff, 0xff, 0xff, 0xff, 0xff, 0xff, 0xff, 0xfc, 0xfc, 0xf7, 0xff,
    0xba, 0xc0, 0x47, 0xff, 0x9f, 0xa8, 0x00, 0xff, 0x9f, 0xa8, 0x00, 0xff, 0x9f, 0xa8, 0x00, 0xff,
    0x9f, 0xa8, 0x00, 0xff, 0x9f, 0xa8, 0x00, 0xff, 0x9f, 0xa8, 0x00, 0xff, 0x9f, 0xa8, 0x00, 0xff,
    0x9f, 0xa8, 0x00, 0xff, 0x9f, 0xa8, 0x00, 0xff, 0x9f, 0xa8, 0x00, 0xff, 0x9f, 0xa8, 0x00, 0xff,
    0x9f, 0xa8, 0x00, 0xff, 0x9f, 0xa8, 0x00, 0xff, 0x9f, 0xa8, 0x00, 0xff, 0x9f, 0xa8, 0x00, 0xff,
    0x9f, 0xa8, 0x00, 0xff, 0x9f, 0xa8, 0x00, 0xff, 0x9f, 0xa8, 0x00, 0xff, 0x9f, 0xa8, 0x00, 0xff,
    0x9f, 0xa8, 0x00, 0xff, 0x9f, 0xa8, 0x00, 0xff, 0x9f, 0xa8, 0x00, 0xff, 0x9f, 0xa8, 0x00, 0xff,
    0x9f, 0xa8, 0x00, 0xff, 0x9f, 0xa8, 0x00, 0xff, 0x9f, 0xa8, 0x00, 0xff, 0x9f, 0xa8, 0x00, 0xff,
    0x9f, 0xa8, 0x00, 0xff, 0x9f, 0xa8, 0x00, 0xff, 0x9f, 0xa8, 0x00, 0xff, 0x9f, 0xa8, 0x00, 0xff,
    0x9f, 0xa8, 0x00, 0xff, 0x9f, 0xa8, 0x00, 0xff, 0x9f, 0xa8, 0x00, 0xff, 0x9f, 0xa8, 0x00, 0xff,
    0x9f, 0xa8, 0x00, 0xff, 0x9f, 0xa8, 0x00, 0xff, 0x9f, 0xa8, 0x00, 0xff, 0x9f, 0xa8, 0x00, 0xff,
    0x9f, 0xa8, 0x00, 0xff, 0x9f, 0xa8, 0x00, 0xff, 0x9f, 0xa8, 0x00, 0xff, 0x9f, 0xa8, 0x00, 0xff,
    0x9f, 0xa8, 0x00, 0xff, 0x9f, 0xa8, 0x00, 0xff, 0x9f, 0xa8, 0x00, 0xff, 0x9f, 0xa8, 0x00, 0xff,
    0x9f, 0xa8, 0x00, 0xff, 0x9f, 0xa8, 0x00, 0xff, 0x9f, 0xa8, 0x00, 0xff, 0x9f, 0xa8, 0x00, 0xff,
    0x9f, 0xa8, 0x00, 0xff, 0x9f, 0xa8, 0x00, 0xff, 0x9f, 0xa8, 0x00, 0xff, 0x9f, 0xa8, 0x00, 0xff,
    0x9f, 0xa8, 0x00, 0xff, 0x9f, 0xa8, 0x00, 0xff, 0x9f, 0xa8, 0x00, 0xff, 0x9f, 0xa8, 0x00, 0xff,
    0x9f, 0xa8, 0x00, 0xff, 0x9f, 0xa8, 0x00, 0xff, 0x9f, 0xa8, 0x00, 0xff, 0x9f, 0xa8, 0x00, 0xff,
    0x9f, 0xa8, 0x00, 0xff, 0x9f, 0xa8, 0x00, 0xff, 0x9f, 0xa8, 0x00, 0xff, 0x9f, 0xa8, 0x00, 0xff,
    0x9f, 0xa8, 0x00, 0xff, 0x9f, 0xa8, 0x00, 0xff, 0x9f, 0xa8, 0x00, 0xff, 0x9f, 0xa8, 0x00, 0xff,
    0x9f, 0xa8, 0x00, 0xff, 0x9f, 0xa8, 0x00, 0xff, 0x9f, 0xa8, 0x00, 0xff, 0x9f, 0xa8, 0x00, 0xff,
    0x9f, 0xa8, 0x00, 0xff, 0x9f, 0xa8, 0x00, 0xff, 0x9f, 0xa8, 0x00, 0xff, 0x9f, 0xa8, 0x00, 0xff,
    0x9f, 0xa8, 0x00, 0xff, 0x9f, 0xa8, 0x00, 0xff, 0x9f, 0xa8, 0x00, 0xff, 0x9f, 0xa8, 0x00, 0xff,
    0x9f, 0xa8, 0x00, 0xff, 0x9f, 0xa8, 0x00, 0xff, 0x9f, 0xa8, 0x00, 0xff, 0x9f, 0xa8, 0x00, 0xff,
    0x9f, 0xa8, 0x00, 0xff, 0x9f, 0xa8, 0x00, 0xff, 0x9f, 0xa8, 0x00, 0xff, 0x9f, 0xa8, 0x00, 0xff,
    0xb7, 0xbd, 0x3f, 0xff, 0xf9, 0xf9, 0xef, 0xff, 0xff, 0xff, 0xff, 0xff, 0xff, 0xff, 0xff, 0xff,
    0xff, 0xff, 0xff, 0xff, 0xff, 0xff, 0xff, 0xff, 0xff, 0xff, 0xff, 0xff, 0xff, 0xff, 0xff, 0xff,
    0xff, 0xff, 0xff, 0xff, 0xff, 0xff, 0xff, 0xff, 0xff, 0xff, 0xff, 0xff, 0xb7, 0xbd, 0x40, 0xff,
    0x9f, 0xa8, 0x00, 0xff, 0x9f, 0xa8, 0x00, 0xff, 0x9f, 0xa8, 0x00, 0xff, 0x9f, 0xa8, 0x00, 0xff,
    0x9f, 0xa8, 0x00, 0xff, 0x9f, 0xa8, 0x00, 0xff, 0x9f, 0xa8, 0x00, 0xff, 0x9f, 0xa8, 0x00, 0xff,
    0x9f, 0xa8, 0x00, 0xff, 0x9f, 0xa8, 0x00, 0xff, 0x9f, 0xa8, 0x00, 0xff, 0x9f, 0xa8, 0x00, 0xff,
    0x9f, 0xa8, 0x00, 0xff, 0x9f, 0xa8, 0x00, 0xff, 0xb7, 0xbd, 0x40, 0xff, 0xff, 0xff, 0xff, 0xff,
    0xff, 0xff, 0xff, 0xff, 0xff, 0xff, 0xff, 0xff, 0xff, 0xff, 0xff, 0xff, 0xff, 0xff, 0xff, 0xff,
    0xff, 0xff, 0xff, 0xff, 0xff, 0xff, 0xff, 0xff, 0xff, 0xff, 0xff, 0xff, 0xff, 0xff, 0xff, 0xff,
    0xf9, 0xf9, 0xef, 0xff, 0xb7, 0xbd, 0x3f, 0xff, 0x9f, 0xa8, 0x00, 0xff, 0x9f, 0xa8, 0x00, 0xff,
    0x9f, 0xa8, 0x00, 0xff, 0x9f, 0xa8, 0x00, 0xff, 0x9f, 0xa8, 0x00, 0xff, 0x9f, 0xa8, 0x00, 0xff,
    0x9f, 0xa8, 0x00, 0xff, 0x9f, 0xa8, 0x00, 0xff, 0x9f, 0xa8, 0x00, 0xff, 0x9f, 0xa8, 0x00, 0xff,
    0x9f, 0xa8, 0x00, 0xff, 0x9f, 0xa8, 0x00, 0xff, 0x9f, 0xa8, 0x00, 0xff, 0x9f, 0xa8, 0x00, 0xff,
    0x9f, 0xa8, 0x00, 0xff, 0x9f, 0xa8, 0x00, 0xff, 0x9f, 0xa8, 0x00, 0xff, 0x9f, 0xa8, 0x00, 0xff,
    0x9f, 0xa8, 0x00, 0xff, 0x9f, 0xa8, 0x00, 0xff, 0x9f, 0xa8, 0x00, 0xff, 0x9f, 0xa8, 0x00, 0xff,
    0x9f, 0xa8, 0x00, 0xff, 0x9f, 0xa8, 0x00, 0xff, 0x9f, 0xa8, 0x00, 0xff, 0x9f, 0xa8, 0x00, 0xff,
    0x9f, 0xa8, 0x00, 0xff, 0x9f, 0xa8, 0x00, 0xff, 0x9f, 0xa8, 0x00, 0xff, 0x9f, 0xa8, 0x00, 0xff,
    0x9f, 0xa8, 0x00, 0xff, 0x9f, 0xa8, 0x00, 0xff, 0x9f, 0xa8, 0x00, 0xff, 0x9f, 0xa8, 0x00, 0xff,
    0x9f, 0xa8, 0x00, 0xff, 0x9f, 0xa8, 0x00, 0xff, 0x9f, 0xa8, 0x00, 0xff, 0x9f, 0xa8, 0x00, 0xff,
    0x9f, 0xa8, 0x00, 0xff, 0x9f, 0xa8, 0x00, 0xff, 0x9f, 0xa8, 0x00, 0xff, 0x9f, 0xa8, 0x00, 0xff,
    0x9f, 0xa8, 0x00, 0xff, 0x9f, 0xa8, 0x00, 0xff, 0x9f, 0xa8, 0x00, 0xff, 0x9f, 0xa8, 0x00, 0xff,
    0x9f, 0xa8, 0x00, 0xff, 0x9f, 0xa8, 0x00, 0xff, 0x9f, 0xa8, 0x00, 0xff, 0x9f, 0xa8, 0x00, 0xff,
    0x9f, 0xa8, 0x00, 0xff, 0x9f, 0xa8, 0x00, 0xff, 0x9f, 0xa8, 0x00, 0xff, 0x9f, 0xa8, 0x00, 0xff,
    0x9f, 0xa8, 0x00, 0xff, 0x9f, 0xa8, 0x00, 0xff, 0x9f, 0xa8, 0x00, 0xff, 0x9f, 0xa8, 0x00, 0xff,
    0x9f, 0xa8, 0x00, 0xff, 0x9f, 0xa8, 0x00, 0xff, 0x9f, 0xa8, 0x00, 0xff, 0x9f, 0xa8, 0x00, 0xff,
    0x9f, 0xa8, 0x00, 0xff, 0x9f, 0xa8, 0x00, 0xff, 0x9f, 0xa8, 0x00, 0xff, 0x9f, 0xa8, 0x00, 0xff,
    0x9f, 0xa8, 0x00, 0xff, 0x9f, 0xa8, 0x00, 0xff, 0x9f, 0xa8, 0x00, 0xff, 0x9f, 0xa8, 0x00, 0xff,
    0x9f, 0xa8, 0x00, 0xff, 0x9f, 0xa8, 0x00, 0xff, 0x9f, 0xa8, 0x00, 0xff, 0x9f, 0xa8, 0x00, 0xff,
    0x9f, 0xa8, 0x00, 0xff, 0x9f, 0xa8, 0x00, 0xff, 0x9f, 0xa8, 0x00, 0xff, 0x9f, 0xa8, 0x00, 0xff,
    0x9f, 0xa8, 0x00, 0xff, 0x9f, 0xa8, 0x00, 0xff, 0x9f, 0xa8, 0x00, 0xff, 0x9f, 0xa8, 0x00, 0xff,
    0x9f, 0xa8, 0x00, 0xff, 0x9f, 0xa8, 0x00, 0xff, 0x9f, 0xa8, 0x00, 0xff, 0x9f, 0xa8, 0x00, 0xff,
    0x9f, 0xa8, 0x00, 0xff, 0x9f, 0xa8, 0x00, 0xff, 0x9f, 0xa8, 0x00, 0xff, 0x9f, 0xa8, 0x00, 0xff,
    0x9f, 0xa8, 0x00, 0xff, 0x9f, 0xa8, 0x00, 0xff, 0x9f, 0xa8, 0x00, 0xff, 0xac, 0xb4, 0x24, 0xff,
    0xf1, 0xf2, 0xdb, 0xff, 0xff, 0xff, 0xff, 0xff, 0xff, 0xff, 0xff, 0xff, 0xff, 0xff, 0xff, 0xff,
    0xff, 0xff, 0xff, 0xff, 0xff, 0xff, 0xff, 0xff, 0xff, 0xff, 0xff, 0xff, 0xff, 0xff, 0xff, 0xff,
    0xff, 0xff, 0xff, 0xff, 0xb7, 0xbd, 0x40, 0xff, 0x9f, 0xa8, 0x00, 0xff, 0x9f, 0xa8, 0x00, 0xff,
    0x9f, 0xa8, 0x00, 0xff, 0x9f, 0xa8, 0x00, 0xff, 0x9f, 0xa8, 0x00, 0xff, 0x9f, 0xa8, 0x00, 0xff,
    0x9f, 0xa8, 0x00, 0xff, 0x9f, 0xa8, 0x00, 0xff, 0x9f, 0xa8, 0x00, 0xff, 0x9f, 0xa8, 0x00, 0xff,
    0x9f, 0xa8, 0x00, 0xff, 0x9f, 0xa8, 0x00, 0xff, 0x9f, 0xa8, 0x00, 0xff, 0x9f, 0xa8, 0x00, 0xff,
    0xb7, 0xbd, 0x40, 0xff, 0xff, 0xff, 0xff, 0xff, 0xff, 0xff, 0xff, 0xff, 0xff, 0xff, 0xff, 0xff,
    0xff, 0xff, 0xff, 0xff, 0xff, 0xff, 0xff, 0xff, 0xff, 0xff, 0xff, 0xff, 0xff, 0xff, 0xff, 0xff,
    0xff, 0xff, 0xff, 0xff, 0xf1, 0xf2, 0xdb, 0xff, 0xac, 0xb4, 0x24, 0xff, 0x9f, 0xa8, 0x00, 0xff,
    0x9f, 0xa8, 0x00, 0xff, 0x9f, 0xa8, 0x00, 0xff, 0x9f, 0xa8, 0x00, 0xff, 0x9f, 0xa8, 0x00, 0xff,
    0x9f, 0xa8, 0x00, 0xff, 0x9f, 0xa8, 0x00, 0xff, 0x9f, 0xa8, 0x00, 0xff, 0x9f, 0xa8, 0x00, 0xff,
    0x9f, 0xa8, 0x00, 0xff, 0x9f, 0xa8, 0x00, 0xff, 0x9f, 0xa8, 0x00, 0xff, 0x9f, 0xa8, 0x00, 0xff,
    0x9f, 0xa8, 0x00, 0xff, 0x9f, 0xa8, 0x00, 0xff, 0x9f, 0xa8, 0x00, 0xff, 0x9f, 0xa8, 0x00, 0xff,
    0x9f, 0xa8, 0x00, 0xff, 0x9f, 0xa8, 0x00, 0xff, 0x9f, 0xa8, 0x00, 0xff, 0x9f, 0xa8, 0x00, 0xff,
    0x9f, 0xa8, 0x00, 0xff, 0x9f, 0xa8, 0x00, 0xff, 0x9f, 0xa8, 0x00, 0xff, 0x9f, 0xa8, 0x00, 0xff,
    0x9f, 0xa8, 0x00, 0xff, 0x9f, 0xa8, 0x00, 0xff, 0x9f, 0xa8, 0x00, 0xff, 0x9f, 0xa8, 0x00, 0xff,
    0x9f, 0xa8, 0x00, 0xff, 0x9f, 0xa8, 0x00, 0xff, 0x9f, 0xa8, 0x00, 0xff, 0x9f, 0xa8, 0x00, 0xff,
    0x9f, 0xa8, 0x00, 0xff, 0x9f, 0xa8, 0x00, 0xff, 0x9f, 0xa8, 0x00, 0xff, 0x9f, 0xa8, 0x00, 0xff,
    0x9f, 0xa8, 0x00, 0xff, 0x9f, 0xa8, 0x00, 0xff, 0x9f, 0xa8, 0x00, 0xff, 0x9f, 0xa8, 0x00, 0xff,
    0x9f, 0xa8, 0x00, 0xff, 0x9f, 0xa8, 0x00, 0xff, 0x9f, 0xa8, 0x00, 0xff, 0x9f, 0xa8, 0x00, 0xff,
    0x9f, 0xa8, 0x00, 0xff, 0x9f, 0xa8, 0x00, 0xff, 0x9f, 0xa8, 0x00, 0xff, 0x9f, 0xa8, 0x00, 0xff,
    0x9f, 0xa8, 0x00, 0xff, 0x9f, 0xa8, 0x00, 0xff, 0x9f, 0xa8, 0x00, 0xff, 0x9f, 0xa8, 0x00, 0xff,
    0x9f, 0xa8, 0x00, 0xff, 0x9f, 0xa8, 0x00, 0xff, 0x9f, 0xa8, 0x00, 0xff, 0x9f, 0xa8, 0x00, 0xff,
    0x9f, 0xa8, 0x00, 0xff, 0x9f, 0xa8, 0x00, 0xff, 0x9f, 0xa8, 0x00, 0xff, 0x9f, 0xa8, 0x00, 0xff,
    0x9f, 0xa8, 0x00, 0xff, 0x9f, 0xa8, 0x00, 0xff, 0x9f, 0xa8, 0x00, 0xff, 0x9f, 0xa8, 0x00, 0xff,
    0x9f, 0xa8, 0x00, 0xff, 0x9f, 0xa8, 0x00, 0xff, 0x9f, 0xa8, 0x00, 0xff, 0x9f, 0xa8, 0x00, 0xff,
    0x9f, 0xa8, 0x00, 0xff, 0x9f, 0xa8, 0x00, 0xff, 0x9f, 0xa8, 0x00, 0xff, 0x9f, 0xa8, 0x00, 0xff,
    0x9f, 0xa8, 0x00, 0xff, 0x9f, 0xa8, 0x00, 0xff, 0x9f, 0xa8, 0x00, 0xff, 0x9f, 0xa8, 0x00, 0xff,
    0x9f, 0xa8, 0x00, 0xff, 0x9f, 0xa8, 0x00, 0xff, 0x9f, 0xa8, 0x00, 0xff, 0x9f, 0xa8, 0x00, 0xff,
    0x9f, 0xa8, 0x00, 0xff, 0x9f, 0xa8, 0x00, 0xff, 0x9f, 0xa8, 0x00, 0xff, 0x9f, 0xa8, 0x00, 0xff,
    0x9f, 0xa8, 0x00, 0xff, 0x9f, 0xa8, 0x00, 0xff, 0x9f, 0xa8, 0x00, 0xff, 0x9f, 0xa8, 0x00, 0xff,
    0x9f, 0xa8, 0x00, 0xff, 0x9f, 0xa8, 0x00, 0xff, 0x9f, 0xa8, 0x00, 0xff, 0x9f, 0xa8, 0x00, 0xff,
    0x9f, 0xa8, 0x00, 0xff, 0x9f, 0xa8, 0x00, 0xff, 0xa2, 0xaa, 0x08, 0xff, 0xe5, 0xe7, 0xbb, 0xff,
    0xff, 0xff, 0xff, 0xff, 0xff, 0xff, 0xff, 0xff, 0xff, 0xff, 0xff, 0xff, 0xff, 0xff, 0xff, 0xff,
    0xff, 0xff, 0xff, 0xff, 0xff, 0xff, 0xff, 0xff, 0xff, 0xff, 0xff, 0xff, 0xb7, 0xbd, 0x40, 0xff,
    0x9f, 0xa8, 0x00, 0xff, 0x9f, 0xa8, 0x00, 0xff, 0x9f, 0xa8, 0x00, 0xff, 0x9f, 0xa8, 0x00, 0xff,
    0x9f, 0xa8, 0x00, 0xff, 0x9f, 0xa8, 0x00, 0xff, 0x9f, 0xa8, 0x00, 0xff, 0x9f, 0xa8, 0x00, 0xff,
    0x9f, 0xa8, 0x00, 0xff, 0x9f, 0xa8, 0x00, 0xff, 0x9f, 0xa8, 0x00, 0xff, 0x9f, 0xa8, 0x00, 0xff,
    0x9f, 0xa8, 0x00, 0xff, 0x9f, 0xa8, 0x00, 0xff, 0xb7, 0xbd, 0x40, 0xff, 0xff, 0xff, 0xff, 0xff,
    0xff, 0xff, 0xff, 0xff, 0xff, 0xff, 0xff, 0xff, 0xff, 0xff, 0xff, 0xff, 0xff, 0xff, 0xff, 0xff,
    0xff, 0xff, 0xff, 0xff, 0xff, 0xff, 0xff, 0xff, 0xe5, 0xe7, 0xbb, 0xff, 0xa3, 0xac, 0x0c, 0xff,
    0x9f, 0xa8, 0x00, 0xff, 0x9f, 0xa8, 0x00, 0xff, 0x9f, 0xa8, 0x00, 0xff, 0x9f, 0xa8, 0x00, 0xff,
    0x9f, 0xa8, 0x00, 0xff, 0x9f, 0xa8, 0x00, 0xff, 0x9f, 0xa8, 0x00, 0xff, 0x9f, 0xa8, 0x00, 0xff,
    0x9f, 0xa8, 0x00, 0xff, 0x9f, 0xa8, 0x00, 0xff, 0x9f, 0xa8, 0x00, 0xff, 0x9f, 0xa8, 0x00, 0xff,
    0x9f, 0xa8, 0x00, 0xff, 0x9f, 0xa8, 0x00, 0xff, 0x9f, 0xa8, 0x00, 0xff, 0x9f, 0xa8, 0x00, 0xff,
    0x9f, 0xa8, 0x00, 0xff, 0x9f, 0xa8, 0x00, 0xff, 0x9f, 0xa8, 0x00, 0xff, 0x9f, 0xa8, 0x00, 0xff,
    0x9f, 0xa8, 0x00, 0xff, 0x9f, 0xa8, 0x00, 0xff, 0x9f, 0xa8, 0x00, 0xff, 0x9f, 0xa8, 0x00, 0xff,
    0x9f, 0xa8, 0x00, 0xff, 0x9f, 0xa8, 0x00, 0xff, 0x9f, 0xa8, 0x00, 0xff, 0x9f, 0xa8, 0x00, 0xff,
    0x9f, 0xa8, 0x00, 0xff, 0x9f, 0xa8, 0x00, 0xff, 0x9f, 0xa8, 0x00, 0xff, 0x9f, 0xa8, 0x00, 0xff,
    0x9f, 0xa8, 0x00, 0xff, 0x9f, 0xa8, 0x00, 0xff, 0x9f, 0xa8, 0x00, 0xff, 0x9f, 0xa8, 0x00, 0xff,
    0x9f, 0xa8, 0x00, 0xff, 0x9f, 0xa8, 0x00, 0xff, 0x9f, 0xa8, 0x00, 0xff, 0x9f, 0xa8, 0x00, 0xff,
    0x9f, 0xa8, 0x00, 0xff, 0x9f, 0xa8, 0x00, 0xff, 0x9f, 0xa8, 0x00, 0xff, 0x9f, 0xa8, 0x00, 0xff,
    0x9f, 0xa8, 0x00, 0xff, 0x9f, 0xa8, 0x00, 0xff, 0x9f, 0xa8, 0x00, 0xff, 0x9f, 0xa8, 0x00, 0xff,
    0x9f, 0xa8, 0x00, 0xff, 0x9f, 0xa8, 0x00, 0xff, 0x9f, 0xa8, 0x00, 0xff, 0x9f, 0xa8, 0x00, 0xff,
    0x9f, 0xa8, 0x00, 0xff, 0x9f, 0xa8, 0x00, 0xff, 0x9f, 0xa8, 0x00, 0xff, 0x9f, 0xa8, 0x00, 0xff,
    0x9f, 0xa8, 0x00, 0xff, 0x9f, 0xa8, 0x00, 0xff, 0x9f, 0xa8, 0x00, 0xff, 0x9f, 0xa8, 0x00, 0xff,
    0x9f, 0xa8, 0x00, 0xff, 0x9f, 0xa8, 0x00, 0xff, 0x9f, 0xa8, 0x00, 0xff, 0x9f, 0xa8, 0x00, 0xff,
    0x9f, 0xa8, 0x00, 0xff, 0x9f, 0xa8, 0x00, 0xff, 0x9f, 0xa8, 0x00, 0xff, 0x9f, 0xa8, 0x00, 0xff,
    0x9f, 0xa8, 0x00, 0xff, 0x9f, 0xa8, 0x00, 0xff, 0x9f, 0xa8, 0x00, 0xff, 0x9f, 0xa8, 0x00, 0xff,
    0x9f, 0xa8, 0x00, 0xff, 0x9f, 0xa8, 0x00, 0xff, 0x9f, 0xa8, 0x00, 0xff, 0x9f, 0xa8, 0x00, 0xff,
    0x9f, 0xa8, 0x00, 0xff, 0x9f, 0xa8, 0x00, 0xff, 0x9f, 0xa8, 0x00, 0xff, 0x9f, 0xa8, 0x00, 0xff,
    0x9f, 0xa8, 0x00, 0xff, 0x9f, 0xa8, 0x00, 0xff, 0x9f, 0xa8, 0x00, 0xff, 0x9f, 0xa8, 0x00, 0xff,
    0x9f, 0xa8, 0x00, 0xff, 0x9f, 0xa8, 0x00, 0xff, 0x9f, 0xa8, 0x00, 0xff, 0x9f, 0xa8, 0x00, 0xff,
    0x9f, 0xa8, 0x00, 0xff, 0x9f, 0xa8, 0x00, 0xff, 0x9f, 0xa8, 0x00, 0xff, 0x9f, 0xa8, 0x00, 0xff,
    0x9f, 0xa8, 0x00, 0xff, 0x9f, 0xa8, 0x00, 0xff, 0x9f, 0xa8, 0x00, 0xff, 0x9f, 0xa8, 0x00, 0xff,
    0x9f, 0xa8, 0x00, 0xff, 0xcf, 0xd3, 0x7f, 0xff, 0xff, 0xff, 0xff, 0xff, 0xff, 0xff, 0xff, 0xff,
    0xff, 0xff, 0xff, 0xff, 0xff, 0xff, 0xff, 0xff, 0xff, 0xff, 0xff, 0xff, 0xff, 0xff, 0xff, 0xff,
    0xff, 0xff, 0xff, 0xff, 0xb7, 0xbd, 0x40, 0xff, 0x9f, 0xa8, 0x00, 0xff, 0x9f, 0xa8, 0x00, 0xff,
    0x9f, 0xa8, 0x00, 0xff, 0x9f, 0xa8, 0x00, 0xff, 0x9f, 0xa8, 0x00, 0xff, 0x9f, 0xa8, 0x00, 0xff,
    0x9f, 0xa8, 0x00, 0xff, 0x9f, 0xa8, 0x00, 0xff, 0x9f, 0xa8, 0x00, 0xff, 0x9f, 0xa8, 0x00, 0xff,
    0x9f, 0xa8, 0x00, 0xff, 0x9f, 0xa8, 0x00, 0xff, 0x9f, 0xa8, 0x00, 0xff, 0x9f, 0xa8, 0x00, 0xff,
    0xb7, 0xbd, 0x40, 0xff, 0xff, 0xff, 0xff, 0xff, 0xff, 0xff, 0xff, 0xff, 0xff, 0xff, 0xff, 0xff,
    0xff, 0xff, 0xff, 0xff, 0xff, 0xff, 0xff, 0xff, 0xff, 0xff, 0xff, 0xff, 0xff, 0xff, 0xff, 0xff,
    0xcf, 0xd3, 0x7f, 0xff, 0x9f, 0xa8, 0x00, 0xff, 0x9f, 0xa8, 0x00, 0xff, 0x9f, 0xa8, 0x00, 0xff,
    0x9f, 0xa8, 0x00, 0xff, 0x9f, 0xa8, 0x00, 0xff, 0x9f, 0xa8, 0x00, 0xff, 0x9f, 0xa8, 0x00, 0xff,
    0x9f, 0xa8, 0x00, 0xff, 0x9f, 0xa8, 0x00, 0xff, 0x9f, 0xa8, 0x00, 0xff, 0x9f, 0xa8, 0x00, 0xff,
    0x9f, 0xa8, 0x00, 0xff, 0x9f, 0xa8, 0x00, 0xff, 0x9f, 0xa8, 0x00, 0xff, 0x9f, 0xa8, 0x00, 0xff,
    0x9f, 0xa8, 0x00, 0xff, 0x9f, 0xa8, 0x00, 0xff, 0x9f, 0xa8, 0x00, 0xff, 0x9f, 0xa8, 0x00, 0xff,
    0x9f, 0xa8, 0x00, 0xff, 0x9f, 0xa8, 0x00, 0xff, 0x9f, 0xa8, 0x00, 0xff, 0x9f, 0xa8, 0x00, 0xff,
    0x9f, 0xa8, 0x00, 0xff, 0x9f, 0xa8, 0x00, 0xff, 0x9f, 0xa8, 0x00, 0xff, 0x9f, 0xa8, 0x00, 0xff,
    0x9f, 0xa8, 0x00, 0xff, 0x9f, 0xa8, 0x00, 0xff, 0x9f, 0xa8, 0x00, 0xff, 0x9f, 0xa8, 0x00, 0xff,
    0x9f, 0xa8, 0x00, 0xff, 0x9f, 0xa8, 0x00, 0xff, 0x9f, 0xa8, 0x00, 0xff, 0x9f, 0xa8, 0x00, 0xff,
    0x9f, 0xa8, 0x00, 0xff, 0x9f, 0xa8, 0x00, 0xff, 0x9f, 0xa8, 0x00, 0xff, 0x9f, 0xa8, 0x00, 0xff,
    0x9f, 0xa8, 0x00, 0xff, 0x9f, 0xa8, 0x00, 0xff, 0x9f, 0xa8, 0x00, 0xff, 0x9f, 0xa8, 0x00, 0xff,
    0x9f, 0xa8, 0x00, 0xff, 0x9f, 0xa8, 0x00, 0xff, 0x9f, 0xa8, 0x00, 0xff, 0x9f, 0xa8, 0x00, 0xff,
    0x9f, 0xa8, 0x00, 0xff, 0x9f, 0xa8, 0x00, 0xff, 0x9f, 0xa8, 0x00, 0xff, 0x9f, 0xa8, 0x00, 0xff,
    0x9f, 0xa8, 0x00, 0xff, 0x9f, 0xa8, 0x00, 0xff, 0x9f, 0xa8, 0x00, 0xff, 0x9f, 0xa8, 0x00, 0xff,
    0x9f, 0xa8, 0x00, 0xff, 0x9f, 0xa8, 0x00, 0xff, 0x9f, 0xa8, 0x00, 0xff, 0x9f, 0xa8, 0x00, 0xff,
    0x9f, 0xa8, 0x00, 0xff, 0x9f, 0xa8, 0x00, 0xff, 0x9f, 0xa8, 0x00, 0xff, 0x9f, 0xa8, 0x00, 0xff,
    0x9f, 0xa8, 0x00, 0xff, 0x9f, 0xa8, 0x00, 0xff, 0x9f, 0xa8, 0x00, 0xff, 0x9f, 0xa8, 0x00, 0xff,
    0x9f, 0xa8, 0x00, 0xff, 0x9f, 0xa8, 0x00, 0xff, 0x9f, 0xa8, 0x00, 0xff, 0x9f, 0xa8, 0x00, 0xff,
    0x9f, 0xa8, 0x00, 0xff, 0x9f, 0xa8, 0x00, 0xff, 0x9f, 0xa8, 0x00, 0xff, 0x9f, 0xa8, 0x00, 0xff,
    0x9f, 0xa8, 0x00, 0xff, 0x9f, 0xa8, 0x00, 0xff, 0x9f, 0xa8, 0x00, 0xff, 0x9f, 0xa8, 0x00, 0xff,
    0x9f, 0xa8, 0x00, 0xff, 0x9f, 0xa8, 0x00, 0xff, 0x9f, 0xa8, 0x00, 0xff, 0x9f, 0xa8, 0x00, 0xff,
    0x9f, 0xa8, 0x00, 0xff, 0x9f, 0xa8, 0x00, 0xff, 0x9f, 0xa8, 0x00, 0xff, 0x9f, 0xa8, 0x00, 0xff,
    0x9f, 0xa8, 0x00, 0xff, 0x9f, 0xa8, 0x00, 0xff, 0x9f, 0xa8, 0x00, 0xff, 0x9f, 0xa8, 0x00, 0xff,
    0x9f, 0xa8, 0x00, 0xff, 0x9f, 0xa8, 0x00, 0xff, 0x9f, 0xa8, 0x00, 0xff, 0x9f, 0xa8, 0x00, 0xff,
    0x9f, 0xa8, 0x00, 0xff, 0x9f, 0xa8, 0x00, 0xff, 0x9f, 0xa8, 0x00, 0xff, 0xcf, 0xd3, 0x7f, 0xff,
    0xff, 0xff, 0xff, 0xff, 0xff, 0xff, 0xff, 0xff, 0xff, 0xff, 0xff, 0xff, 0xff, 0xff, 0xff, 0xff,
    0xff, 0xff, 0xff, 0xff, 0xff, 0xff, 0xff, 0xff, 0xff, 0xff, 0xff, 0xff, 0xb7, 0xbd, 0x40, 0xff,
    0x9f, 0xa8, 0x00, 0xff, 0x9f, 0xa8, 0x00, 0xff, 0x9f, 0xa8, 0x00, 0xff, 0x9f, 0xa8, 0x00, 0xff,
    0x9f, 0xa8, 0x00, 0xff, 0x9f, 0xa8, 0x00, 0xff, 0x9f, 0xa8, 0x00, 0xff, 0x9f, 0xa8, 0x00, 0xff,
    0x9f, 0xa8, 0x00, 0xff, 0x9f, 0xa8, 0x00, 0xff, 0x9f, 0xa8, 0x00, 0xff, 0x9f, 0xa8, 0x00, 0xff,
    0x9f, 0xa8, 0x00, 0xff, 0x9f, 0xa8, 0x00, 0xff, 0xb7, 0xbd, 0x40, 0xff, 0xff, 0xff, 0xff, 0xff,
    0xff, 0xff, 0xff, 0xff, 0xff, 0xff, 0xff, 0xff, 0xff, 0xff, 0xff, 0xff, 0xff, 0xff, 0xff, 0xff,
    0xff, 0xff, 0xff, 0xff, 0xff, 0xff, 0xff, 0xff, 0xcf, 0xd3, 0x7f, 0xff, 0x9f, 0xa8, 0x00, 0xff,
    0x9f, 0xa8, 0x00, 0xff, 0x9f, 0xa8, 0x00, 0xff, 0x9f, 0xa8, 0x00, 0xff, 0x9f, 0xa8, 0x00, 0xff,
    0x9f, 0xa8, 0x00, 0xff, 0x9f, 0xa8, 0x00, 0xff, 0x9f, 0xa8, 0x00, 0xff, 0x9f, 0xa8, 0x00, 0xff,
    0x9f, 0xa8, 0x00, 0xff, 0x9f, 0xa8, 0x00, 0xff, 0x9f, 0xa8, 0x00, 0xff, 0x9f, 0xa8, 0x00, 0xff,
    0x9f, 0xa8, 0x00, 0xff, 0x9f, 0xa8, 0x00, 0xff, 0x9f, 0xa8, 0x00, 0xff, 0x9f, 0xa8, 0x00, 0xff,
    0x9f, 0xa8, 0x00, 0xff, 0x9f, 0xa8, 0x00, 0xff, 0x9f, 0xa8, 0x00, 0xff, 0x9f, 0xa8, 0x00, 0xff,
    0x9f, 0xa8, 0x00, 0xff, 0x9f, 0xa8, 0x00, 0xff, 0x9f, 0xa8, 0x00, 0xff, 0x9f, 0xa8, 0x00, 0xff,
    0x9f, 0xa8, 0x00, 0xff, 0x9f, 0xa8, 0x00, 0xff, 0x9f, 0xa8, 0x00, 0xff, 0x9f, 0xa8, 0x00, 0xff,
    0x9f, 0xa8, 0x00, 0xff, 0x9f, 0xa8, 0x00, 0xff, 0x9f, 0xa8, 0x00, 0xff, 0x9f, 0xa8, 0x00, 0xff,
    0x9f, 0xa8, 0x00, 0xff, 0x9f, 0xa8, 0x00, 0xff, 0x9f, 0xa8, 0x00, 0xff, 0x9f, 0xa8, 0x00, 0xff,
    0x9f, 0xa8, 0x00, 0xff, 0x9f, 0xa8, 0x00, 0xff, 0x9f, 0xa8, 0x00, 0xff, 0x9f, 0xa8, 0x00, 0xff,
    0x9f, 0xa8, 0x00, 0xff, 0x9f, 0xa8, 0x00, 0xff, 0x9f, 0xa8, 0x00, 0xff, 0x9f, 0xa8, 0x00, 0xff,
    0x9f, 0xa8, 0x00, 0xff, 0x9f, 0xa8, 0x00, 0xff, 0x9f, 0xa8, 0x00, 0xff, 0x9f, 0xa8, 0x00, 0xff,
    0x9f, 0xa8, 0x00, 0xff, 0x9f, 0xa8, 0x00, 0xff, 0x9f, 0xa8, 0x00, 0xff, 0x9f, 0xa8, 0x00, 0xff,
    0x9f, 0xa8, 0x00, 0xff, 0x9f, 0xa8, 0x00, 0xff, 0x9f, 0xa8, 0x00, 0xff, 0x9f, 0xa8, 0x00, 0xff,
    0x9f, 0xa8, 0x00, 0xff, 0x9f, 0xa8, 0x00, 0xff, 0x9f, 0xa8, 0x00, 0xff, 0x9f, 0xa8, 0x00, 0xff,
    0x9f, 0xa8, 0x00, 0xff, 0x9f, 0xa8, 0x00, 0xff, 0x9f, 0xa8, 0x00, 0xff, 0x9f, 0xa8, 0x00, 0xff,
    0x9f, 0xa8, 0x00, 0xff, 0x9f, 0xa8, 0x00, 0xff, 0x9f, 0xa8, 0x00, 0xff, 0x9f, 0xa8, 0x00, 0xff,
    0x9f, 0xa8, 0x00, 0xff, 0x9f, 0xa8, 0x00, 0xff, 0x9f, 0xa8, 0x00, 0xff, 0x9f, 0xa8, 0x00, 0xff,
    0x9f, 0xa8, 0x00, 0xff, 0x9f, 0xa8, 0x00, 0xff, 0x9f, 0xa8, 0x00, 0xff, 0x9f, 0xa8, 0x00, 0xff,
    0x9f, 0xa8, 0x00, 0xff, 0x9f, 0xa8, 0x00, 0xff, 0x9f, 0xa8, 0x00, 0xff, 0x9f, 0xa8, 0x00, 0xff,
    0x9f, 0xa8, 0x00, 0xff, 0x9f, 0xa8, 0x00, 0xff, 0x9f, 0xa8, 0x00, 0xff, 0x9f, 0xa8, 0x00, 0xff,
    0x9f, 0xa8, 0x00, 0xff, 0x9f, 0xa8, 0x00, 0xff, 0x9f, 0xa8, 0x00, 0xff, 0x9f, 0xa8, 0x00, 0xff,
    0x9f, 0xa8, 0x00, 0xff, 0x9f, 0xa8, 0x00, 0xff, 0x9f, 0xa8, 0x00, 0xff, 0x9f, 0xa8, 0x00, 0xff,
    0x9f, 0xa8, 0x00, 0xff, 0x9f, 0xa8, 0x00, 0xff, 0x9f, 0xa8, 0x00, 0xff, 0x9f, 0xa8, 0x00, 0xff,
    0x9f, 0xa8, 0x00, 0xff, 0xcf, 0xd3, 0x7f, 0xff, 0xff, 0xff, 0xff, 0xff, 0xff, 0xff, 0xff, 0xff,
    0xff, 0xff, 0xff, 0xff, 0xff, 0xff, 0xff, 0xff, 0xff, 0xff, 0xff, 0xff, 0xff, 0xff, 0xff, 0xff,
    0xff, 0xff, 0xff, 0xff, 0xb7, 0xbd, 0x40, 0xff, 0x9f, 0xa8, 0x00, 0xff, 0x9f, 0xa8, 0x00, 0xff,
    0x9f, 0xa8, 0x00, 0xff, 0x9f, 0xa8, 0x00, 0xff, 0x9f, 0xa8, 0x00, 0xff, 0x9f, 0xa8, 0x00, 0xff,
    0x9f, 0xa8, 0x00, 0xff, 0x9f, 0xa8, 0x00, 0xff, 0x9f, 0xa8, 0x00, 0xff, 0x9f, 0xa8, 0x00, 0xff,
    0x9f, 0xa8, 0x00, 0xff, 0x9f, 0xa8, 0x00, 0xff, 0x9f, 0xa8, 0x00, 0xff, 0x9f, 0xa8, 0x00, 0xff,
    0xb7, 0xbd, 0x40, 0xff, 0xff, 0xff, 0xff, 0xff, 0xff, 0xff, 0xff, 0xff, 0xff, 0xff, 0xff, 0xff,
    0xff, 0xff, 0xff, 0xff, 0xff, 0xff, 0xff, 0xff, 0xff, 0xff, 0xff, 0xff, 0xff, 0xff, 0xff, 0xff,
    0xcf, 0xd3, 0x7f, 0xff, 0x9f, 0xa8, 0x00, 0xff, 0x9f, 0xa8, 0x00, 0xff, 0x9f, 0xa8, 0x00, 0xff,
    0x9f, 0xa8, 0x00, 0xff, 0x9f, 0xa8, 0x00, 0xff, 0x9f, 0xa8, 0x00, 0xff, 0x9f, 0xa8, 0x00, 0xff,
    0x9f, 0xa8, 0x00, 0xff, 0x9f, 0xa8, 0x00, 0xff, 0x9f, 0xa8, 0x00, 0xff, 0x9f, 0xa8, 0x00, 0xff,
    0x9f, 0xa8, 0x00, 0xff, 0x9f, 0xa8, 0x00, 0xff, 0x9f, 0xa8, 0x00, 0xff, 0x9f, 0xa8, 0x00, 0xff,
    0x9f, 0xa8, 0x00, 0xff, 0x9f, 0xa8, 0x00, 0xff, 0x9f, 0xa8, 0x00, 0xff, 0x9f, 0xa8, 0x00, 0xff,
    0x9f, 0xa8, 0x00, 0xff, 0x9f, 0xa8, 0x00, 0xff, 0x9f, 0xa8, 0x00, 0xff, 0x9f, 0xa8, 0x00, 0xff,
    0x9f, 0xa8, 0x00, 0xff, 0x9f, 0xa8, 0x00, 0xff, 0x9f, 0xa8, 0x00, 0xff, 0x9f, 0xa8, 0x00, 0xff,
    0x9f, 0xa8, 0x00, 0xff, 0x9f, 0xa8, 0x00, 0xff, 0x9f, 0xa8, 0x00, 0xff, 0x9f, 0xa8, 0x00, 0xff,
    0x9f, 0xa8, 0x00, 0xff, 0x9f, 0xa8, 0x00, 0xff, 0x9f, 0xa8, 0x00, 0xff, 0x9f, 0xa8, 0x00, 0xff,
    0x9f, 0xa8, 0x00, 0xff, 0x9f, 0xa8, 0x00, 0xff, 0x9f, 0xa8, 0x00, 0xff, 0x9f, 0xa8, 0x00, 0xff,
    0x9f, 0xa8, 0x00, 0xff, 0x9f, 0xa8, 0x00, 0xff, 0x9f, 0xa8, 0x00, 0xff, 0x9f, 0xa8, 0x00, 0xff,
    0x9f, 0xa8, 0x00, 0xff, 0x9f, 0xa8, 0x00, 0xff, 0x9f, 0xa8, 0x00, 0xff, 0x9f, 0xa8, 0x00, 0xff,
    0x9f, 0xa8, 0x00, 0xff, 0x9f, 0xa8, 0x00, 0xff, 0x9f, 0xa8, 0x00, 0xff, 0x9f, 0xa8, 0x00, 0xff,
    0x9f, 0xa8, 0x00, 0xff, 0x9f, 0xa8, 0x00, 0xff, 0x9f, 0xa8, 0x00, 0xff, 0x9f, 0xa8, 0x00, 0xff,
    0x9f, 0xa8, 0x00, 0xff, 0x9f, 0xa8, 0x00, 0xff, 0x9f, 0xa8, 0x00, 0xff, 0x9f, 0xa8, 0x00, 0xff,
    0x9f, 0xa8, 0x00, 0xff, 0x9f, 0xa8, 0x00, 0xff, 0x9f, 0xa8, 0x00, 0xff, 0x9f, 0xa8, 0x00, 0xff,
    0x9f, 0xa8, 0x00, 0xff, 0x9f, 0xa8, 0x00, 0xff, 0x9f, 0xa8, 0x00, 0xff, 0x9f, 0xa8, 0x00, 0xff,
    0x9f, 0xa8, 0x00, 0xff, 0x9f, 0xa8, 0x00, 0xff, 0x9f, 0xa8, 0x00, 0xff, 0x9f, 0xa8, 0x00, 0xff,
    0x9f, 0xa8, 0x00, 0xff, 0x9f, 0xa8, 0x00, 0xff, 0x9f, 0xa8, 0x00, 0xff, 0x9f, 0xa8, 0x00, 0xff,
    0x9f, 0xa8, 0x00, 0xff, 0x9f, 0xa8, 0x00, 0xff, 0x9f, 0xa8, 0x00, 0xff, 0x9f, 0xa8, 0x00, 0xff,
    0x9f, 0xa8, 0x00, 0xff, 0x9f, 0xa8, 0x00, 0xff, 0x9f, 0xa8, 0x00, 0xff, 0x9f, 0xa8, 0x00, 0xff,
    0x9f, 0xa8, 0x00, 0xff, 0x9f, 0xa8, 0x00, 0xff, 0x9f, 0xa8, 0x00, 0xff, 0x9f, 0xa8, 0x00, 0xff,
    0x9f, 0xa8, 0x00, 0xff, 0x9f, 0xa8, 0x00, 0xff, 0x9f, 0xa8, 0x00, 0xff, 0x9f, 0xa8, 0x00, 0xff,
    0x9f, 0xa8, 0x00, 0xff, 0x9f, 0xa8, 0x00, 0xff, 0x9f, 0xa8, 0x00, 0xff, 0x9f, 0xa8, 0x00, 0xff,
    0x9f, 0xa8, 0x00, 0xff, 0x9f, 0xa8, 0x00, 0xff, 0x9f, 0xa8, 0x00, 0xff, 0xcf, 0xd3, 0x7f, 0xff,
    0xff, 0xff, 0xff, 0xff, 0xff, 0xff, 0xff, 0xff, 0xff, 0xff, 0xff, 0xff, 0xff, 0xff, 0xff, 0xff,
    0xff, 0xff, 0xff, 0xff, 0xff, 0xff, 0xff, 0xff, 0xff, 0xff, 0xff, 0xff, 0xb7, 0xbd, 0x40, 0xff,
    0x9f, 0xa8, 0x00, 0xff, 0x9f, 0xa8, 0x00, 0xff, 0x9f, 0xa8, 0x00, 0xff, 0x9f, 0xa8, 0x00, 0xff,
    0x9f, 0xa8, 0x00, 0xff, 0x9f, 0xa8, 0x00, 0xff, 0x9f, 0xa8, 0x00, 0xff, 0x9f, 0xa8, 0x00, 0xff,
    0x9f, 0xa8, 0x00, 0xff, 0x9f, 0xa8, 0x00, 0xff, 0x9f, 0xa8, 0x00, 0xff, 0x9f, 0xa8, 0x00, 0xff,
    0x9f, 0xa8, 0x00, 0xff, 0x9f, 0xa8, 0x00, 0xff, 0xb7, 0xbd, 0x40, 0xff, 0xff, 0xff, 0xff, 0xff,
    0xff, 0xff, 0xff, 0xff, 0xff, 0xff, 0xff, 0xff, 0xff, 0xff, 0xff, 0xff, 0xff, 0xff, 0xff, 0xff,
    0xff, 0xff, 0xff, 0xff, 0xff, 0xff, 0xff, 0xff, 0xcf, 0xd3, 0x7f, 0xff, 0x9f, 0xa8, 0x00, 0xff,
    0x9f, 0xa8, 0x00, 0xff, 0x9f, 0xa8, 0x00, 0xff, 0x9f, 0xa8, 0x00, 0xff, 0x9f, 0xa8, 0x00, 0xff,
    0x9f, 0xa8, 0x00, 0xff, 0x9f, 0xa8, 0x00, 0xff, 0x9f, 0xa8, 0x00, 0xff, 0x9f, 0xa8, 0x00, 0xff,
    0x9f, 0xa8, 0x00, 0xff, 0x9f, 0xa8, 0x00, 0xff, 0x9f, 0xa8, 0x00, 0xff, 0x9f, 0xa8, 0x00, 0xff,
    0x9f, 0xa8, 0x00, 0xff, 0x9f, 0xa8, 0x00, 0xff, 0x9f, 0xa8, 0x00, 0xff, 0x9f, 0xa8, 0x00, 0xff,
    0x9f, 0xa8, 0x00, 0xff, 0x9f, 0xa8, 0x00, 0xff, 0x9f, 0xa8, 0x00, 0xff, 0x9f, 0xa8, 0x00, 0xff,
    0x9f, 0xa8, 0x00, 0xff, 0x9f, 0xa8, 0x00, 0xff, 0x9f, 0xa8, 0x00, 0xff, 0x9f, 0xa8, 0x00, 0xff,
    0x9f, 0xa8, 0x00, 0xff, 0x9f, 0xa8, 0x00, 0xff, 0x9f, 0xa8, 0x00, 0xff, 0x9f, 0xa8, 0x00, 0xff,
    0x9f, 0xa8, 0x00, 0xff, 0x9f, 0xa8, 0x00, 0xff, 0x9f, 0xa8, 0x00, 0xff, 0x9f, 0xa8, 0x00, 0xff,
    0x9f, 0xa8, 0x00, 0xff, 0x9f, 0xa8, 0x00, 0xff, 0x9f, 0xa8, 0x00, 0xff, 0x9f, 0xa8, 0x00, 0xff,
    0x9f, 0xa8, 0x00, 0xff, 0x9f, 0xa8, 0x00, 0xff, 0x9f, 0xa8, 0x00, 0xff, 0x9f, 0xa8, 0x00, 0xff,
    0x9f, 0xa8, 0x00, 0xff, 0x9f, 0xa8, 0x00, 0xff, 0x9f, 0xa8, 0x00, 0xff, 0x9f, 0xa8, 0x00, 0xff,
    0x9f, 0xa8, 0x00, 0xff, 0x9f, 0xa8, 0x00, 0xff, 0x9f, 0xa8, 0x00, 0xff, 0x9f, 0xa8, 0x00, 0xff,
    0x9f, 0xa8, 0x00, 0xff, 0x9f, 0xa8, 0x00, 0xff, 0x9f, 0xa8, 0x00, 0xff, 0x9f, 0xa8, 0x00, 0xff,
    0x9f, 0xa8, 0x00, 0xff, 0x9f, 0xa8, 0x00, 0xff, 0x9f, 0xa8, 0x00, 0xff, 0x9f, 0xa8, 0x00, 0xff,
    0x9f, 0xa8, 0x00, 0xff, 0x9f, 0xa8, 0x00, 0xff, 0x9f, 0xa8, 0x00, 0xff, 0x9f, 0xa8, 0x00, 0xff,
    0x9f, 0xa8, 0x00, 0xff, 0x9f, 0xa8, 0x00, 0xff, 0x9f, 0xa8, 0x00, 0xff, 0x9f, 0xa8, 0x00, 0xff,
    0x9f, 0xa8, 0x00, 0xff, 0x9f, 0xa8, 0x00, 0xff, 0x9f, 0xa8, 0x00, 0xff, 0x9f, 0xa8, 0x00, 0xff,
    0x9f, 0xa8, 0x00, 0xff, 0x9f, 0xa8, 0x00, 0xff, 0x9f, 0xa8, 0x00, 0xff, 0x9f, 0xa8, 0x00, 0xff,
    0x9f, 0xa8, 0x00, 0xff, 0x9f, 0xa8, 0x00, 0xff, 0x9f, 0xa8, 0x00, 0xff, 0x9f, 0xa8, 0x00, 0xff,
    0x9f, 0xa8, 0x00, 0xff, 0x9f, 0xa8, 0x00, 0xff, 0x9f, 0xa8, 0x00, 0xff, 0x9f, 0xa8, 0x00, 0xff,
    0x9f, 0xa8, 0x00, 0xff, 0x9f, 0xa8, 0x00, 0xff, 0x9f, 0xa8, 0x00, 0xff, 0x9f, 0xa8, 0x00, 0xff,
    0x9f, 0xa8, 0x00, 0xff, 0x9f, 0xa8, 0x00, 0xff, 0x9f, 0xa8, 0x00, 0xff, 0x9f, 0xa8, 0x00, 0xff,
    0x9f, 0xa8, 0x00, 0xff, 0x9f, 0xa8, 0x00, 0xff, 0x9f, 0xa8, 0x00, 0xff, 0x9f, 0xa8, 0x00, 0xff,
    0x9f, 0xa8, 0x00, 0xff, 0x9f, 0xa8, 0x00, 0xff, 0x9f, 0xa8, 0x00, 0xff, 0x9f, 0xa8, 0x00, 0xff,
    0x9f, 0xa8, 0x00, 0xff, 0xcf, 0xd3, 0x7f, 0xff, 0xff, 0xff, 0xff, 0xff, 0xff, 0xff, 0xff, 0xff,
    0xff, 0xff, 0xff, 0xff, 0xff, 0xff, 0xff, 0xff, 0xff, 0xff, 0xff, 0xff, 0xff, 0xff, 0xff, 0xff,
    0xff, 0xff, 0xff, 0xff, 0xd6, 0xda, 0x93, 0xff, 0xc9, 0xce, 0x6f, 0xff, 0xc9, 0xce, 0x6f, 0xff,
    0xc9, 0xce, 0x6f, 0xff, 0xc9, 0xce, 0x6f, 0xff, 0xc9, 0xce, 0x6f, 0xff, 0xc9, 0xce, 0x6f, 0xff,
    0xc9, 0xce, 0x6f, 0xff, 0xc9, 0xce, 0x6f, 0xff, 0xc9, 0xce, 0x6f, 0xff, 0xc9, 0xce, 0x6f, 0xff,
    0xc9, 0xce, 0x6f, 0xff, 0xc9, 0xce, 0x6f, 0xff, 0xc9, 0xce, 0x6f, 0xff, 0xc9, 0xce, 0x6f, 0xff,
    0xd6, 0xda, 0x93, 0xff, 0xff, 0xff, 0xff, 0xff, 0xff, 0xff, 0xff, 0xff, 0xff, 0xff, 0xff, 0xff,
    0xff, 0xff, 0xff, 0xff, 0xff, 0xff, 0xff, 0xff, 0xff, 0xff, 0xff, 0xff, 0xff, 0xff, 0xff, 0xff,
    0xcf, 0xd3, 0x7f, 0xff, 0x9f, 0xa8, 0x00, 0xff, 0x9f, 0xa8, 0x00, 0xff, 0x9f, 0xa8, 0x00, 0xff,
    0x9f, 0xa8, 0x00, 0xff, 0x9f, 0xa8, 0x00, 0xff, 0x9f, 0xa8, 0x00, 0xff, 0x9f, 0xa8, 0x00, 0xff,
    0x9f, 0xa8, 0x00, 0xff, 0x9f, 0xa8, 0x00, 0xff, 0x9f, 0xa8, 0x00, 0xff, 0x9f, 0xa8, 0x00, 0xff,
    0x9f, 0xa8, 0x00, 0xff, 0x9f, 0xa8, 0x00, 0xff, 0x9f, 0xa8, 0x00, 0xff, 0x9f, 0xa8, 0x00, 0xff,
    0x9f, 0xa8, 0x00, 0xff, 0x9f, 0xa8, 0x00, 0xff, 0x9f, 0xa8, 0x00, 0xff, 0x9f, 0xa8, 0x00, 0xff,
    0x9f, 0xa8, 0x00, 0xff, 0x9f, 0xa8, 0x00, 0xff, 0x9f, 0xa8, 0x00, 0xff, 0x9f, 0xa8, 0x00, 0xff,
    0x9f, 0xa8, 0x00, 0xff, 0x9f, 0xa8, 0x00, 0xff, 0x9f, 0xa8, 0x00, 0xff, 0x9f, 0xa8, 0x00, 0xff,
    0x9f, 0xa8, 0x00, 0xff, 0x9f, 0xa8, 0x00, 0xff, 0x9f, 0xa8, 0x00, 0xff, 0x9f, 0xa8, 0x00, 0xff,
    0x9f, 0xa8, 0x00, 0xff, 0x9f, 0xa8, 0x00, 0xff, 0x9f, 0xa8, 0x00, 0xff, 0x9f, 0xa8, 0x00, 0xff,
    0x9f, 0xa8, 0x00, 0xff, 0x9f, 0xa8, 0x00, 0xff, 0x9f, 0xa8, 0x00, 0xff, 0x9f, 0xa8, 0x00, 0xff,
    0x9f, 0xa8, 0x00, 0xff, 0x9f, 0xa8, 0x00, 0xff, 0x9f, 0xa8, 0x00, 0xff, 0x9f, 0xa8, 0x00, 0xff,
    0x9f, 0xa8, 0x00, 0xff, 0x9f, 0xa8, 0x00, 0xff, 0x9f, 0xa8, 0x00, 0xff, 0x9f, 0xa8, 0x00, 0xff,
    0x9f, 0xa8, 0x00, 0xff, 0x9f, 0xa8, 0x00, 0xff, 0x9f, 0xa8, 0x00, 0xff, 0x9f, 0xa8, 0x00, 0xff,
    0x9f, 0xa8, 0x00, 0xff, 0x9f, 0xa8, 0x00, 0xff, 0x9f, 0xa8, 0x00, 0xff, 0x9f, 0xa8, 0x00, 0xff,
    0x9f, 0xa8, 0x00, 0xff, 0x9f, 0xa8, 0x00, 0xff, 0x9f, 0xa8, 0x00, 0xff, 0x9f, 0xa8, 0x00, 0xff,
    0x9f, 0xa8, 0x00, 0xff, 0x9f, 0xa8, 0x00, 0xff, 0x9f, 0xa8, 0x00, 0xff, 0x9f, 0xa8, 0x00, 0xff,
    0x9f, 0xa8, 0x00, 0xff, 0x9f, 0xa8, 0x00, 0xff, 0x9f, 0xa8, 0x00, 0xff, 0x9f, 0xa8, 0x00, 0xff,
    0x9f, 0xa8, 0x00, 0xff, 0x9f, 0xa8, 0x00, 0xff, 0x9f, 0xa8, 0x00, 0xff, 0x9f, 0xa8, 0x00, 0xff,
    0x9f, 0xa8, 0x00, 0xff, 0x9f, 0xa8, 0x00, 0xff, 0x9f, 0xa8, 0x00, 0xff, 0x9f, 0xa8, 0x00, 0xff,
    0x9f, 0xa8, 0x00, 0xff, 0x9f, 0xa8, 0x00, 0xff, 0x9f, 0xa8, 0x00, 0xff, 0x9f, 0xa8, 0x00, 0xff,
    0x9f, 0xa8, 0x00, 0xff, 0x9f, 0xa8, 0x00, 0xff, 0x9f, 0xa8, 0x00, 0xff, 0x9f, 0xa8, 0x00, 0xff,
    0x9f, 0xa8, 0x00, 0xff, 0x9f, 0xa8, 0x00, 0xff, 0x9f, 0xa8, 0x00, 0xff, 0x9f, 0xa8, 0x00, 0xff,
    0x9f, 0xa8, 0x00, 0xff, 0x9f, 0xa8, 0x00, 0xff, 0x9f, 0xa8, 0x00, 0xff, 0x9f, 0xa8, 0x00, 0xff,
    0x9f, 0xa8, 0x00, 0xff, 0x9f, 0xa8, 0x00, 0xff, 0x9f, 0xa8, 0x00, 0xff, 0x9f, 0xa8, 0x00, 0xff,
    0x9f, 0xa8, 0x00, 0xff, 0x9f, 0xa8, 0x00, 0xff, 0x9f, 0xa8, 0x00, 0xff, 0xcf, 0xd3, 0x7f, 0xff,
    0xff, 0xff, 0xff, 0xff, 0xff, 0xff, 0xff, 0xff, 0xff, 0xff, 0xff, 0xff, 0xff, 0xff, 0xff, 0xff,
    0xff, 0xff, 0xff, 0xff, 0xff, 0xff, 0xff, 0xff, 0xff, 0xff, 0xff, 0xff, 0xff, 0xff, 0xff, 0xff,
    0xff, 0xff, 0xff, 0xff, 0xff, 0xff, 0xff, 0xff, 0xff, 0xff, 0xff, 0xff, 0xff, 0xff, 0xff, 0xff,
    0xff, 0xff, 0xff, 0xff, 0xff, 0xff, 0xff, 0xff, 0xff, 0xff, 0xff, 0xff, 0xff, 0xff, 0xff, 0xff,
    0xff, 0xff, 0xff, 0xff, 0xff, 0xff, 0xff, 0xff, 0xff, 0xff, 0xff, 0xff, 0xff, 0xff, 0xff, 0xff,
    0xff, 0xff, 0xff, 0xff, 0xff, 0xff, 0xff, 0xff, 0xff, 0xff, 0xff, 0xff, 0xff, 0xff, 0xff, 0xff,
    0xff, 0xff, 0xff, 0xff, 0xff, 0xff, 0xff, 0xff, 0xff, 0xff, 0xff, 0xff, 0xff, 0xff, 0xff, 0xff,
    0xff, 0xff, 0xff, 0xff, 0xff, 0xff, 0xff, 0xff, 0xcf, 0xd3, 0x7f, 0xff, 0x9f, 0xa8, 0x00, 0xff,
    0x9f, 0xa8, 0x00, 0xff, 0x9f, 0xa8, 0x00, 0xff, 0x9f, 0xa8, 0x00, 0xff, 0x9f, 0xa8, 0x00, 0xff,
    0x9f, 0xa8, 0x00, 0xff, 0x9f, 0xa8, 0x00, 0xff, 0x9f, 0xa8, 0x00, 0xff, 0x9f, 0xa8, 0x00, 0xff,
    0x9f, 0xa8, 0x00, 0xff, 0x9f, 0xa8, 0x00, 0xff, 0x9f, 0xa8, 0x00, 0xff, 0x9f, 0xa8, 0x00, 0xff,
    0x9f, 0xa8, 0x00, 0xff, 0x9f, 0xa8, 0x00, 0xff, 0x9f, 0xa8, 0x00, 0xff, 0x9f, 0xa8, 0x00, 0xff,
    0x9f, 0xa8, 0x00, 0xff, 0x9f, 0xa8, 0x00, 0xff, 0x9f, 0xa8, 0x00, 0xff, 0x9f, 0xa8, 0x00, 0xff,
    0x9f, 0xa8, 0x00, 0xff, 0x9f, 0xa8, 0x00, 0xff, 0x9f, 0xa8, 0x00, 0xff, 0x9f, 0xa8, 0x00, 0xff,
    0x9f, 0xa8, 0x00, 0xff, 0x9f, 0xa8, 0x00, 0xff, 0x9f, 0xa8, 0x00, 0xff, 0x9f, 0xa8, 0x00, 0xff,
    0x9f, 0xa8, 0x00, 0xff, 0x9f, 0xa8, 0x00, 0xff, 0x9f, 0xa8, 0x00, 0xff, 0x9f, 0xa8, 0x00, 0xff,
    0x9f, 0xa8, 0x00, 0xff, 0x9f, 0xa8, 0x00, 0xff, 0x9f, 0xa8, 0x00, 0xff, 0x9f, 0xa8, 0x00, 0xff,
    0x9f, 0xa8, 0x00, 0xff, 0x9f, 0xa8, 0x00, 0xff, 0x9f, 0xa8, 0x00, 0xff, 0x9f, 0xa8, 0x00, 0xff,
    0x9f, 0xa8, 0x00, 0xff, 0x9f, 0xa8, 0x00, 0xff, 0x9f, 0xa8, 0x00, 0xff, 0x9f, 0xa8, 0x00, 0xff,
    0x9f, 0xa8, 0x00, 0xff, 0x9f, 0xa8, 0x00, 0xff, 0x9f, 0xa8, 0x00, 0xff, 0x9f, 0xa8, 0x00, 0xff,
    0x9f, 0xa8, 0x00, 0xff, 0x9f, 0xa8, 0x00, 0xff, 0x9f, 0xa8, 0x00, 0xff, 0x9f, 0xa8, 0x00, 0xff,
    0x9f, 0xa8, 0x00, 0xff, 0x9f, 0xa8, 0x00, 0xff, 0x9f, 0xa8, 0x00, 0xff, 0x9f, 0xa8, 0x00, 0xff,
    0x9f, 0xa8, 0x00, 0xff, 0x9f, 0xa8, 0x00, 0xff, 0x9f, 0xa8, 0x00, 0xff, 0x9f, 0xa8, 0x00, 0xff,
    0x9f, 0xa8, 0x00, 0xff, 0x9f, 0xa8, 0x00, 0xff, 0x9f, 0xa8, 0x00, 0xff, 0x9f, 0xa8, 0x00, 0xff,
    0x9f, 0xa8, 0x00, 0xff, 0x9f, 0xa8, 0x00, 0xff, 0x9f, 0xa8, 0x00, 0xff, 0x9f, 0xa8, 0x00, 0xff,
    0x9f, 0xa8, 0x00, 0xff, 0x9f, 0xa8, 0x00, 0xff, 0x9f, 0xa8, 0x00, 0xff, 0x9f, 0xa8, 0x00, 0xff,
    0x9f, 0xa8, 0x00, 0xff, 0x9f, 0xa8, 0x00, 0xff, 0x9f, 0xa8, 0x00, 0xff, 0x9f, 0xa8, 0x00, 0xff,
    0x9f, 0xa8, 0x00, 0xff, 0x9f, 0xa8, 0x00, 0xff, 0x9f, 0xa8, 0x00, 0xff, 0x9f, 0xa8, 0x00, 0xff,
    0x9f, 0xa8, 0x00, 0xff, 0x9f, 0xa8, 0x00, 0xff, 0x9f, 0xa8, 0x00, 0xff, 0x9f, 0xa8, 0x00, 0xff,
    0x9f, 0xa8, 0x00, 0xff, 0x9f, 0xa8, 0x00, 0xff, 0x9f, 0xa8, 0x00, 0xff, 0x9f, 0xa8, 0x00, 0xff,
    0x9f, 0xa8, 0x00, 0xff, 0x9f, 0xa8, 0x00, 0xff, 0x9f, 0xa8, 0x00, 0xff, 0x9f, 0xa8, 0x00, 0xff,
    0x9f, 0xa8, 0x00, 0xff, 0x9f, 0xa8, 0x00, 0xff, 0x9f, 0xa8, 0x00, 0xff, 0x9f, 0xa8, 0x00, 0xff,
    0x9f, 0xa8, 0x00, 0xff, 0xcf, 0xd3, 0x7f, 0xff, 0xff, 0xff, 0xff, 0xff, 0xff, 0xff, 0xff, 0xff,
    0xff, 0xff, 0xff, 0xff, 0xff, 0xff, 0xff, 0xff, 0xff, 0xff, 0xff, 0xff, 0xff, 0xff, 0xff, 0xff,
    0xff, 0xff, 0xff, 0xff, 0xff, 0xff, 0xff, 0xff, 0xff, 0xff, 0xff, 0xff, 0xff, 0xff, 0xff, 0xff,
    0xff, 0xff, 0xff, 0xff, 0xff, 0xff, 0xff, 0xff, 0xff, 0xff, 0xff, 0xff, 0xff, 0xff, 0xff, 0xff,
    0xff, 0xff, 0xff, 0xff, 0xff, 0xff, 0xff, 0xff, 0xff, 0xff, 0xff, 0xff, 0xff, 0xff, 0xff, 0xff,
    0xff, 0xff, 0xff, 0xff, 0xff, 0xff, 0xff, 0xff, 0xff, 0xff, 0xff, 0xff, 0xff, 0xff, 0xff, 0xff,
    0xff, 0xff, 0xff, 0xff, 0xff, 0xff, 0xff, 0xff, 0xff, 0xff, 0xff, 0xff, 0xff, 0xff, 0xff, 0xff,
    0xff, 0xff, 0xff, 0xff, 0xff, 0xff, 0xff, 0xff, 0xff, 0xff, 0xff, 0xff, 0xff, 0xff, 0xff, 0xff,
    0xcf, 0xd3, 0x7f, 0xff, 0x9f, 0xa8, 0x00, 0xff, 0x9f, 0xa8, 0x00, 0xff, 0x9f, 0xa8, 0x00, 0xff,
    0x9f, 0xa8, 0x00, 0xff, 0x9f, 0xa8, 0x00, 0xff, 0x9f, 0xa8, 0x00, 0xff, 0x9f, 0xa8, 0x00, 0xff,
    0x9f, 0xa8, 0x00, 0xff, 0x9f, 0xa8, 0x00, 0xff, 0x9f, 0xa8, 0x00, 0xff, 0x9f, 0xa8, 0x00, 0xff,
    0x9f, 0xa8, 0x00, 0xff, 0x9f, 0xa8, 0x00, 0xff, 0x9f, 0xa8, 0x00, 0xff, 0x9f, 0xa8, 0x00, 0xff,
    0x9f, 0xa8, 0x00, 0xff, 0x9f, 0xa8, 0x00, 0xff, 0x9f, 0xa8, 0x00, 0xff, 0x9f, 0xa8, 0x00, 0xff,
    0x9f, 0xa8, 0x00, 0xff, 0x9f, 0xa8, 0x00, 0xff, 0x9f, 0xa8, 0x00, 0xff, 0x9f, 0xa8, 0x00, 0xff,
    0x9f, 0xa8, 0x00, 0xff, 0x9f, 0xa8, 0x00, 0xff, 0x9f, 0xa8, 0x00, 0xff, 0x9f, 0xa8, 0x00, 0xff,
    0x9f, 0xa8, 0x00, 0xff, 0x9f, 0xa8, 0x00, 0xff, 0x9f, 0xa8, 0x00, 0xff, 0x9f, 0xa8, 0x00, 0xff,
    0x9f, 0xa8, 0x00, 0xff, 0x9f, 0xa8, 0x00, 0xff, 0x9f, 0xa8, 0x00, 0xff, 0x9f, 0xa8, 0x00, 0xff,
    0x9f, 0xa8, 0x00, 0xff, 0x9f, 0xa8, 0x00, 0xff, 0x9f, 0xa8, 0x00, 0xff, 0x9f, 0xa8, 0x00, 0xff,
    0x9f, 0xa8, 0x00, 0xff, 0x9f, 0xa8, 0x00, 0xff, 0x9f, 0xa8, 0x00, 0xff, 0x9f, 0xa8, 0x00, 0xff,
    0x9f, 0xa8, 0x00, 0xff, 0x9f, 0xa8, 0x00, 0xff, 0x9f, 0xa8, 0x00, 0xff, 0x9f, 0xa8, 0x00, 0xff,
    0x9f, 0xa8, 0x00, 0xff, 0x9f, 0xa8, 0x00, 0xff, 0x9f, 0xa8, 0x00, 0xff, 0x9f, 0xa8, 0x00, 0xff,
    0x9f, 0xa8, 0x00, 0xff, 0x9f, 0xa8, 0x00, 0xff, 0x9f, 0xa8, 0x00, 0xff, 0x9f, 0xa8, 0x00, 0xff,
    0x9f, 0xa8, 0x00, 0xff, 0x9f, 0xa8, 0x00, 0xff, 0x9f, 0xa8, 0x00, 0xff, 0x9f, 0xa8, 0x00, 0xff,
    0x9f, 0xa8, 0x00, 0xff, 0x9f, 0xa8, 0x00, 0xff, 0x9f, 0xa8, 0x00, 0xff, 0x9f, 0xa8, 0x00, 0xff,
    0x9f, 0xa8, 0x00, 0xff, 0x9f, 0xa8, 0x00, 0xff, 0x9f, 0xa8, 0x00, 0xff, 0x9f, 0xa8, 0x00, 0xff,
    0x9f, 0xa8, 0x00, 0xff, 0x9f, 0xa8, 0x00, 0xff, 0x9f, 0xa8, 0x00, 0xff, 0x9f, 0xa8, 0x00, 0xff,
    0x9f, 0xa8, 0x00, 0xff, 0x9f, 0xa8, 0x00, 0xff, 0x9f, 0xa8, 0x00, 0xff, 0x9f, 0xa8, 0x00, 0xff,
    0x9f, 0xa8, 0x00, 0xff, 0x9f, 0xa8, 0x00, 0xff, 0x9f, 0xa8, 0x00, 0xff, 0x9f, 0xa8, 0x00, 0xff,
    0x9f, 0xa8, 0x00, 0xff, 0x9f, 0xa8, 0x00, 0xff, 0x9f, 0xa8, 0x00, 0xff, 0x9f, 0xa8, 0x00, 0xff,
    0x9f, 0xa8, 0x00, 0xff, 0x9f, 0xa8, 0x00, 0xff, 0x9f, 0xa8, 0x00, 0xff, 0x9f, 0xa8, 0x00, 0xff,
    0x9f, 0xa8, 0x00, 0xff, 0x9f, 0xa8, 0x00, 0xff, 0x9f, 0xa8, 0x00, 0xff, 0x9f, 0xa8, 0x00, 0xff,
    0x9f, 0xa8, 0x00, 0xff, 0x9f, 0xa8, 0x00, 0xff, 0x9f, 0xa8, 0x00, 0xff, 0x9f, 0xa8, 0x00, 0xff,
    0x9f, 0xa8, 0x00, 0xff, 0x9f, 0xa8, 0x00, 0xff, 0x9f, 0xa8, 0x00, 0xff, 0xcf, 0xd3, 0x7f, 0xff,
    0xff, 0xff, 0xff, 0xff, 0xff, 0xff, 0xff, 0xff, 0xff, 0xff, 0xff, 0xff, 0xff, 0xff, 0xff, 0xff,
    0xff, 0xff, 0xff, 0xff, 0xff, 0xff, 0xff, 0xff, 0xff, 0xff, 0xff, 0xff, 0xff, 0xff, 0xff, 0xff,
    0xff, 0xff, 0xff, 0xff, 0xff, 0xff, 0xff, 0xff, 0xff, 0xff, 0xff, 0xff, 0xff, 0xff, 0xff, 0xff,
    0xff, 0xff, 0xff, 0xff, 0xff, 0xff, 0xff, 0xff, 0xff, 0xff, 0xff, 0xff, 0xff, 0xff, 0xff, 0xff,
    0xff, 0xff, 0xff, 0xff, 0xff, 0xff, 0xff, 0xff, 0xff, 0xff, 0xff, 0xff, 0xff, 0xff, 0xff, 0xff,
    0xff, 0xff, 0xff, 0xff, 0xff, 0xff, 0xff, 0xff, 0xff, 0xff, 0xff, 0xff, 0xff, 0xff, 0xff, 0xff,
    0xff, 0xff, 0xff, 0xff, 0xff, 0xff, 0xff, 0xff, 0xff, 0xff, 0xff, 0xff, 0xff, 0xff, 0xff, 0xff,
    0xff, 0xff, 0xff, 0xff, 0xff, 0xff, 0xff, 0xff, 0xcf, 0xd3, 0x7f, 0xff, 0x9f, 0xa8, 0x00, 0xff,
    0x9f, 0xa8, 0x00, 0xff, 0x9f, 0xa8, 0x00, 0xff, 0x9f, 0xa8, 0x00, 0xff, 0x9f, 0xa8, 0x00, 0xff,
    0x9f, 0xa8, 0x00, 0xff, 0x9f, 0xa8, 0x00, 0xff, 0x9f, 0xa8, 0x00, 0xff, 0x9f, 0xa8, 0x00, 0xff,
    0x9f, 0xa8, 0x00, 0xff, 0x9f, 0xa8, 0x00, 0xff, 0x9f, 0xa8, 0x00, 0xff, 0x9f, 0xa8, 0x00, 0xff,
    0x9f, 0xa8, 0x00, 0xff, 0x9f, 0xa8, 0x00, 0xff, 0x9f, 0xa8, 0x00, 0xff, 0x9f, 0xa8, 0x00, 0xff,
    0x9f, 0xa8, 0x00, 0xff, 0x9f, 0xa8, 0x00, 0xff, 0x9f, 0xa8, 0x00, 0xff, 0x9f, 0xa8, 0x00, 0xff,
    0x9f, 0xa8, 0x00, 0xff, 0x9f, 0xa8, 0x00, 0xff, 0x9f, 0xa8, 0x00, 0xff, 0x9f, 0xa8, 0x00, 0xff,
    0x9f, 0xa8, 0x00, 0xff, 0x9f, 0xa8, 0x00, 0xff, 0x9f, 0xa8, 0x00, 0xff, 0x9f, 0xa8, 0x00, 0xff,
    0x9f, 0xa8, 0x00, 0xff, 0x9f, 0xa8, 0x00, 0xff, 0x9f, 0xa8, 0x00, 0xff, 0x9f, 0xa8, 0x00, 0xff,
    0x9f, 0xa8, 0x00, 0xff, 0x9f, 0xa8, 0x00, 0xff, 0x9f, 0xa8, 0x00, 0xff, 0x9f, 0xa8, 0x00, 0xff,
    0x9f, 0xa8, 0x00, 0xff, 0x9f, 0xa8, 0x00, 0xff, 0x9f, 0xa8, 0x00, 0xff, 0x9f, 0xa8, 0x00, 0xff,
    0x9f, 0xa8, 0x00, 0xff, 0x9f, 0xa8, 0x00, 0xff, 0x9f, 0xa8, 0x00, 0xff, 0x9f, 0xa8, 0x00, 0xff,
    0x9f, 0xa8, 0x00, 0xff, 0x9f, 0xa8, 0x00, 0xff, 0x9f, 0xa8, 0x00, 0xff, 0x9f, 0xa8, 0x00, 0xff,
    0x9f, 0xa8, 0x00, 0xff, 0x9f, 0xa8, 0x00, 0xff, 0x9f, 0xa8, 0x00, 0xff, 0x9f, 0xa8, 0x00, 0xff,
    0x9f, 0xa8, 0x00, 0xff, 0x9f, 0xa8, 0x00, 0xff, 0x9f, 0xa8, 0x00, 0xff, 0x9f, 0xa8, 0x00, 0xff,
    0x9f, 0xa8, 0x00, 0xff, 0x9f, 0xa8, 0x00, 0xff, 0x9f, 0xa8, 0x00, 0xff, 0x9f, 0xa8, 0x00, 0xff,
    0x9f, 0xa8, 0x00, 0xff, 0x9f, 0xa8, 0x00, 0xff, 0x9f, 0xa8, 0x00, 0xff, 0x9f, 0xa8, 0x00, 0xff,
    0x9f, 0xa8, 0x00, 0xff, 0x9f, 0xa8, 0x00, 0xff, 0x9f, 0xa8, 0x00, 0xff, 0x9f, 0xa8, 0x00, 0xff,
    0x9f, 0xa8, 0x00, 0xff, 0x9f, 0xa8, 0x00, 0xff, 0x9f, 0xa8, 0x00, 0xff, 0x9f, 0xa8, 0x00, 0xff,
    0x9f, 0xa8, 0x00, 0xff, 0x9f, 0xa8, 0x00, 0xff, 0x9f, 0xa8, 0x00, 0xff, 0x9f, 0xa8, 0x00, 0xff,
    0x9f, 0xa8, 0x00, 0xff, 0x9f, 0xa8, 0x00, 0xff, 0x9f, 0xa8, 0x00, 0xff, 0x9f, 0xa8, 0x00, 0xff,
    0x9f, 0xa8, 0x00, 0xff, 0x9f, 0xa8, 0x00, 0xff, 0x9f, 0xa8, 0x00, 0xff, 0x9f, 0xa8, 0x00, 0xff,
    0x9f, 0xa8, 0x00, 0xff, 0x9f, 0xa8, 0x00, 0xff, 0x9f, 0xa8, 0x00, 0xff, 0x9f, 0xa8, 0x00, 0xff,
    0x9f, 0xa8, 0x00, 0xff, 0x9f, 0xa8, 0x00, 0xff, 0x9f, 0xa8, 0x00, 0xff, 0x9f, 0xa8, 0x00, 0xff,
    0x9f, 0xa8, 0x00, 0xff, 0x9f, 0xa8, 0x00, 0xff, 0x9f, 0xa8, 0x00, 0xff, 0x9f, 0xa8, 0x00, 0xff,
    0x9f, 0xa8, 0x00, 0xff, 0xcd, 0xd2, 0x7b, 0xff, 0xff, 0xff, 0xff, 0xff, 0xff, 0xff, 0xff, 0xff,
    0xff, 0xff, 0xff, 0xff, 0xff, 0xff, 0xff, 0xff, 0xff, 0xff, 0xff, 0xff, 0xff, 0xff, 0xff, 0xff,
    0xff, 0xff, 0xff, 0xff, 0xff, 0xff, 0xff, 0xff, 0xff, 0xff, 0xff, 0xff, 0xff, 0xff, 0xff, 0xff,
    0xff, 0xff, 0xff, 0xff, 0xff, 0xff, 0xff, 0xff, 0xff, 0xff, 0xff, 0xff, 0xff, 0xff, 0xff, 0xff,
    0xff, 0xff, 0xff, 0xff, 0xff, 0xff, 0xff, 0xff, 0xff, 0xff, 0xff, 0xff, 0xff, 0xff, 0xff, 0xff,
    0xff, 0xff, 0xff, 0xff, 0xff, 0xff, 0xff, 0xff, 0xff, 0xff, 0xff, 0xff, 0xff, 0xff, 0xff, 0xff,
    0xff, 0xff, 0xff, 0xff, 0xff, 0xff, 0xff, 0xff, 0xff, 0xff, 0xff, 0xff, 0xff, 0xff, 0xff, 0xff,
    0xff, 0xff, 0xff, 0xff, 0xff, 0xff, 0xff, 0xff, 0xff, 0xff, 0xff, 0xff, 0xff, 0xff, 0xff, 0xff,
    0xcf, 0xd3, 0x7f, 0xff, 0x9f, 0xa8, 0x00, 0xff, 0x9f, 0xa8, 0x00, 0xff, 0x9f, 0xa8, 0x00, 0xff,
    0x9f, 0xa8, 0x00, 0xff, 0x9f, 0xa8, 0x00, 0xff, 0x9f, 0xa8, 0x00, 0xff, 0x9f, 0xa8, 0x00, 0xff,
    0x9f, 0xa8, 0x00, 0xff, 0x9f, 0xa8, 0x00, 0xff, 0x9f, 0xa8, 0x00, 0xff, 0x9f, 0xa8, 0x00, 0xff,
    0x9f, 0xa8, 0x00, 0xff, 0x9f, 0xa8, 0x00, 0xff, 0x9f, 0xa8, 0x00, 0xff, 0x9f, 0xa8, 0x00, 0xff,
    0x9f, 0xa8, 0x00, 0xff, 0x9f, 0xa8, 0x00, 0xff, 0x9f, 0xa8, 0x00, 0xff, 0x9f, 0xa8, 0x00, 0xff,
    0x9f, 0xa8, 0x00, 0xff, 0x9f, 0xa8, 0x00, 0xff, 0x9f, 0xa8, 0x00, 0xff, 0x9f, 0xa8, 0x00, 0xff,
    0x9f, 0xa8, 0x00, 0xff, 0x9f, 0xa8, 0x00, 0xff, 0x9f, 0xa8, 0x00, 0xff, 0x9f, 0xa8, 0x00, 0xff,
    0x9f, 0xa8, 0x00, 0xff, 0x9f, 0xa8, 0x00, 0xff, 0x9f, 0xa8, 0x00, 0xff, 0x9f, 0xa8, 0x00, 0xff,
    0x9f, 0xa8, 0x00, 0xff, 0x9f, 0xa8, 0x00, 0xff, 0x9f, 0xa8, 0x00, 0xff, 0x9f, 0xa8, 0x00, 0xff,
    0x9f, 0xa8, 0x00, 0xff, 0x9f, 0xa8, 0x00, 0xff, 0x9f, 0xa8, 0x00, 0xff, 0x9f, 0xa8, 0x00, 0xff,
    0x9f, 0xa8, 0x00, 0xff, 0x9f, 0xa8, 0x00, 0xff, 0x9f, 0xa8, 0x00, 0xff, 0x9f, 0xa8, 0x00, 0xff,
    0x9f, 0xa8, 0x00, 0xff, 0x9f, 0xa8, 0x00, 0xff, 0x9f, 0xa8, 0x00, 0xff, 0x9f, 0xa8, 0x00, 0xff,
    0x9f, 0xa8, 0x00, 0xff, 0x9f, 0xa8, 0x00, 0xff, 0x9f, 0xa8, 0x00, 0xff, 0x9f, 0xa8, 0x00, 0xff,
    0x9f, 0xa8, 0x00, 0xff, 0x9f, 0xa8, 0x00, 0xff, 0x9f, 0xa8, 0x00, 0xff, 0x9f, 0xa8, 0x00, 0xff,
    0x9f, 0xa8, 0x00, 0xff, 0x9f, 0xa8, 0x00, 0xff, 0x9f, 0xa8, 0x00, 0xff, 0x9f, 0xa8, 0x00, 0xff,
    0x9f, 0xa8, 0x00, 0xff, 0x9f, 0xa8, 0x00, 0xff, 0x9f, 0xa8, 0x00, 0xff, 0x9f, 0xa8, 0x00, 0xff,
    0x9f, 0xa8, 0x00, 0xff, 0x9f, 0xa8, 0x00, 0xff, 0x9f, 0xa8, 0x00, 0xff, 0x9f, 0xa8, 0x00, 0xff,
    0x9f, 0xa8, 0x00, 0xff, 0x9f, 0xa8, 0x00, 0xff, 0x9f, 0xa8, 0x00, 0xff, 0x9f, 0xa8, 0x00, 0xff,
    0x9f, 0xa8, 0x00, 0xff, 0x9f, 0xa8, 0x00, 0xff, 0x9f, 0xa8, 0x00, 0xff, 0x9f, 0xa8, 0x00, 0xff,
    0x9f, 0xa8, 0x00, 0xff, 0x9f, 0xa8, 0x00, 0xff, 0x9f, 0xa8, 0x00, 0xff, 0x9f, 0xa8, 0x00, 0xff,
    0x9f, 0xa8, 0x00, 0xff, 0x9f, 0xa8, 0x00, 0xff, 0x9f, 0xa8, 0x00, 0xff, 0x9f, 0xa8, 0x00, 0xff,
    0x9f, 0xa8, 0x00, 0xff, 0x9f, 0xa8, 0x00, 0xff, 0x9f, 0xa8, 0x00, 0xff, 0x9f, 0xa8, 0x00, 0xff,
    0x9f, 0xa8, 0x00, 0xff, 0x9f, 0xa8, 0x00, 0xff, 0x9f, 0xa8, 0x00, 0xff, 0x9f, 0xa8, 0x00, 0xff,
    0x9f, 0xa8, 0x00, 0xff, 0x9f, 0xa8, 0x00, 0xff, 0x9f, 0xa8, 0x00, 0xff, 0x9f, 0xa8, 0x00, 0xff,
    0x9f, 0xa8, 0x00, 0xff, 0x9f, 0xa8, 0x00, 0xff, 0x9f, 0xa8, 0x00, 0xff, 0xbe, 0xc4, 0x53, 0xff,
    0xff, 0xff, 0xff, 0xff, 0xff, 0xff, 0xff, 0xff, 0xff, 0xff, 0xff, 0xff, 0xff, 0xff, 0xff, 0xff,
    0xff, 0xff, 0xff, 0xff, 0xff, 0xff, 0xff, 0xff, 0xff, 0xff, 0xff, 0xff, 0xff, 0xff, 0xff, 0xff,
    0xff, 0xff, 0xff, 0xff, 0xff, 0xff, 0xff, 0xff, 0xff, 0xff, 0xff, 0xff, 0xff, 0xff, 0xff, 0xff,
    0xff, 0xff, 0xff, 0xff, 0xff, 0xff, 0xff, 0xff, 0xff, 0xff, 0xff, 0xff, 0xff, 0xff, 0xff, 0xff,
    0xff, 0xff, 0xff, 0xff, 0xff, 0xff, 0xff, 0xff, 0xff, 0xff, 0xff, 0xff, 0xff, 0xff, 0xff, 0xff,
    0xff, 0xff, 0xff, 0xff, 0xff, 0xff, 0xff, 0xff, 0xff, 0xff, 0xff, 0xff, 0xff, 0xff, 0xff, 0xff,
    0xff, 0xff, 0xff, 0xff, 0xff, 0xff, 0xff, 0xff, 0xff, 0xff, 0xff, 0xff, 0xff, 0xff, 0xff, 0xff,
    0xff, 0xff, 0xff, 0xff, 0xff, 0xff, 0xff, 0xff, 0xc0, 0xc5, 0x57, 0xff, 0x9f, 0xa8, 0x00, 0xff,
    0x9f, 0xa8, 0x00, 0xff, 0x9f, 0xa8, 0x00, 0xff, 0x9f, 0xa8, 0x00, 0xff, 0x9f, 0xa8, 0x00, 0xff,
    0x9f, 0xa8, 0x00, 0xff, 0x9f, 0xa8, 0x00, 0xff, 0x9f, 0xa8, 0x00, 0xff, 0x9f, 0xa8, 0x00, 0xff,
    0x9f, 0xa8, 0x00, 0xff, 0x9f, 0xa8, 0x00, 0xff, 0x9f, 0xa8, 0x00, 0xff, 0x9f, 0xa8, 0x00, 0xff,
    0x9f, 0xa8, 0x00, 0xff, 0x9f, 0xa8, 0x00, 0xff, 0x9f, 0xa8, 0x00, 0xff, 0x9f, 0xa8, 0x00, 0xff,
    0x9f, 0xa8, 0x00, 0xff, 0x9f, 0xa8, 0x00, 0xff, 0x9f, 0xa8, 0x00, 0xff, 0x9f, 0xa8, 0x00, 0xff,
    0x9f, 0xa8, 0x00, 0xff, 0x9f, 0xa8, 0x00, 0xff, 0x9f, 0xa8, 0x00, 0xff, 0x9f, 0xa8, 0x00, 0xff,
    0x9f, 0xa8, 0x00, 0xff, 0x9f, 0xa8, 0x00, 0xff, 0x9f, 0xa8, 0x00, 0xff, 0x9f, 0xa8, 0x00, 0xff,
    0x9f, 0xa8, 0x00, 0xff, 0x9f, 0xa8, 0x00, 0xff, 0x9f, 0xa8, 0x00, 0xff, 0x9f, 0xa8, 0x00, 0xff,
    0x9f, 0xa8, 0x00, 0xff, 0x9f, 0xa8, 0x00, 0xff, 0x9f, 0xa8, 0x00, 0xff, 0x9f, 0xa8, 0x00, 0xff,
    0x9f, 0xa8, 0x00, 0xff, 0x9f, 0xa8, 0x00, 0xff, 0x9f, 0xa8, 0x00, 0xff, 0x9f, 0xa8, 0x00, 0xff,
    0x9f, 0xa8, 0x00, 0xff, 0x9f, 0xa8, 0x00, 0xff, 0x9f, 0xa8, 0x00, 0xff, 0x9f, 0xa8, 0x00, 0xff,
    0x9f, 0xa8, 0x00, 0xff, 0x9f, 0xa8, 0x00, 0xff, 0x9f, 0xa8, 0x00, 0xff, 0x9f, 0xa8, 0x00, 0xff,
    0x9f, 0xa8, 0x00, 0xff, 0x9f, 0xa8, 0x00, 0xff, 0x9f, 0xa8, 0x00, 0xff, 0x9f, 0xa8, 0x00, 0xff,
    0x9f, 0xa8, 0x00, 0xff, 0x9f, 0xa8, 0x00, 0xff, 0x9f, 0xa8, 0x00, 0xff, 0x9f, 0xa8, 0x00, 0xff,
    0x9f, 0xa8, 0x00, 0xff, 0x9f, 0xa8, 0x00, 0xff, 0x9f, 0xa8, 0x00, 0xff, 0x9f, 0xa8, 0x00, 0xff,
    0x9f, 0xa8, 0x00, 0xff, 0x9f, 0xa8, 0x00, 0xff, 0x9f, 0xa8, 0x00, 0xff, 0x9f, 0xa8, 0x00, 0xff,
    0x9f, 0xa8, 0x00, 0xff, 0x9f, 0xa8, 0x00, 0xff, 0x9f, 0xa8, 0x00, 0xff, 0x9f, 0xa8, 0x00, 0xff,
    0x9f, 0xa8, 0x00, 0xff, 0x9f, 0xa8, 0x00, 0xff, 0x9f, 0xa8, 0x00, 0xff, 0x9f, 0xa8, 0x00, 0xff,
    0x9f, 0xa8, 0x00, 0xff, 0x9f, 0xa8, 0x00, 0xff, 0x9f, 0xa8, 0x00, 0xff, 0x9f, 0xa8, 0x00, 0xff,
    0x9f, 0xa8, 0x00, 0xff, 0x9f, 0xa8, 0x00, 0xff, 0x9f, 0xa8, 0x00, 0xff, 0x9f, 0xa8, 0x00, 0xff,
    0x9f, 0xa8, 0x00, 0xff, 0x9f, 0xa8, 0x00, 0xff, 0x9f, 0xa8, 0x00, 0xff, 0x9f, 0xa8, 0x00, 0xff,
    0x9f, 0xa8, 0x00, 0xff, 0x9f, 0xa8, 0x00, 0xff, 0x9f, 0xa8, 0x00, 0xff, 0x9f, 0xa8, 0x00, 0xff,
    0x9f, 0xa8, 0x00, 0xff, 0x9f, 0xa8, 0x00, 0xff, 0x9f, 0xa8, 0x00, 0xff, 0x9f, 0xa8, 0x00, 0xff,
    0x9f, 0xa8, 0x00, 0xff, 0x9f, 0xa8, 0x00, 0xff, 0x9f, 0xa8, 0x00, 0xff, 0x9f, 0xa8, 0x00, 0xff,
    0x9f, 0xa8, 0x00, 0xff, 0xa0, 0xa9, 0x04, 0xff, 0xf0, 0xf1, 0xd7, 0xff, 0xff, 0xff, 0xff, 0xff,
    0xff, 0xff, 0xff, 0xff, 0xff, 0xff, 0xff, 0xff, 0xff, 0xff, 0xff, 0xff, 0xff, 0xff, 0xff, 0xff,
    0xff, 0xff, 0xff, 0xff, 0xff, 0xff, 0xff, 0xff, 0xff, 0xff, 0xff, 0xff, 0xff, 0xff, 0xff, 0xff,
    0xff, 0xff, 0xff, 0xff, 0xff, 0xff, 0xff, 0xff, 0xff, 0xff, 0xff, 0xff, 0xff, 0xff, 0xff, 0xff,
    0xff, 0xff, 0xff, 0xff, 0xff, 0xff, 0xff, 0xff, 0xff, 0xff, 0xff, 0xff, 0xff, 0xff, 0xff, 0xff,
    0xff, 0xff, 0xff, 0xff, 0xff, 0xff, 0xff, 0xff, 0xff, 0xff, 0xff, 0xff, 0xff, 0xff, 0xff, 0xff,
    0xff, 0xff, 0xff, 0xff, 0xff, 0xff, 0xff, 0xff, 0xff, 0xff, 0xff, 0xff, 0xff, 0xff, 0xff, 0xff,
    0xff, 0xff, 0xff, 0xff, 0xff, 0xff, 0xff, 0xff, 0xff, 0xff, 0xff, 0xff, 0xf3, 0xf4, 0xdf, 0xff,
    0xa2, 0xaa, 0x08, 0xff, 0x9f, 0xa8, 0x00, 0xff, 0x9f, 0xa8, 0x00, 0xff, 0x9f, 0xa8, 0x00, 0xff,
    0x9f, 0xa8, 0x00, 0xff, 0x9f, 0xa8, 0x00, 0xff, 0x9f, 0xa8, 0x00, 0xff, 0x9f, 0xa8, 0x00, 0xff,
    0x9f, 0xa8, 0x00, 0xff, 0x9f, 0xa8, 0x00, 0xff, 0x9f, 0xa8, 0x00, 0xff, 0x9f, 0xa8, 0x00, 0xff,
    0x9f, 0xa8, 0x00, 0xff, 0x9f, 0xa8, 0x00, 0xff, 0x9f, 0xa8, 0x00, 0xff, 0x9f, 0xa8, 0x00, 0xff,
    0x9f, 0xa8, 0x00, 0xff, 0x9f, 0xa8, 0x00, 0xff, 0x9f, 0xa8, 0x00, 0xff, 0x9f, 0xa8, 0x00, 0xff,
    0x9f, 0xa8, 0x00, 0xff, 0x9f, 0xa8, 0x00, 0xff, 0x9f, 0xa8, 0x00, 0xff, 0x9f, 0xa8, 0x00, 0xff,
    0x9f, 0xa8, 0x00, 0xff, 0x9f, 0xa8, 0x00, 0xff, 0x9f, 0xa8, 0x00, 0xff, 0x9f, 0xa8, 0x00, 0xff,
    0x9f, 0xa8, 0x00, 0xff, 0x9f, 0xa8, 0x00, 0xff, 0x9f, 0xa8, 0x00, 0xff, 0x9f, 0xa8, 0x00, 0xff,
    0x9f, 0xa8, 0x00, 0xff, 0x9f, 0xa8, 0x00, 0xff, 0x9f, 0xa8, 0x00, 0xff, 0x9f, 0xa8, 0x00, 0xff,
    0x9f, 0xa8, 0x00, 0xff, 0x9f, 0xa8, 0x00, 0xff, 0x9f, 0xa8, 0x00, 0xff, 0x9f, 0xa8, 0x00, 0xff,
    0x9f, 0xa8, 0x00, 0xff, 0x9f, 0xa8, 0x00, 0xff, 0x9f, 0xa8, 0x00, 0xff, 0x9f, 0xa8, 0x00, 0xff,
    0x9f, 0xa8, 0x00, 0xff, 0x9f, 0xa8, 0x00, 0xff, 0x9f, 0xa8, 0x00, 0xff, 0x9f, 0xa8, 0x00, 0xff,
    0x9f, 0xa8, 0x00, 0xff, 0x9f, 0xa8, 0x00, 0xff, 0x9f, 0xa8, 0x00, 0xff, 0x9f, 0xa8, 0x00, 0xff,
    0x9f, 0xa8, 0x00, 0xff, 0x9f, 0xa8, 0x00, 0xff, 0x9f, 0xa8, 0x00, 0xff, 0x9f, 0xa8, 0x00, 0xff,
    0x9f, 0xa8, 0x00, 0xff, 0x9f, 0xa8, 0x00, 0xff, 0x9f, 0xa8, 0x00, 0xff, 0x9f, 0xa8, 0x00, 0xff,
    0x9f, 0xa8, 0x00, 0xff, 0x9f, 0xa8, 0x00, 0xff, 0x9f, 0xa8, 0x00, 0xff, 0x9f, 0xa8, 0x00, 0xff,
    0x9f, 0xa8, 0x00, 0xff, 0x9f, 0xa8, 0x00, 0xff, 0x9f, 0xa8, 0x00, 0xff, 0x9f, 0xa8, 0x00, 0xff,
    0x9f, 0xa8, 0x00, 0xff, 0x9f, 0xa8, 0x00, 0xff, 0x9f, 0xa8, 0x00, 0xff, 0x9f, 0xa8, 0x00, 0xff,
    0x9f, 0xa8, 0x00, 0xff, 0x9f, 0xa8, 0x00, 0xff, 0x9f, 0xa8, 0x00, 0xff, 0x9f, 0xa8, 0x00, 0xff,
    0x9f, 0xa8, 0x00, 0xff, 0x9f, 0xa8, 0x00, 0xff, 0x9f, 0xa8, 0x00, 0xff, 0x9f, 0xa8, 0x00, 0xff,
    0x9f, 0xa8, 0x00, 0xff, 0x9f, 0xa8, 0x00, 0xff, 0x9f, 0xa8, 0x00, 0xff, 0x9f, 0xa8, 0x00, 0xff,
    0x9f, 0xa8, 0x00, 0xff, 0x9f, 0xa8, 0x00, 0xff, 0x9f, 0xa8, 0x00, 0xff, 0x9f, 0xa8, 0x00, 0xff,
    0x9f, 0xa8, 0x00, 0xff, 0x9f, 0xa8, 0x00, 0xff, 0x9f, 0xa8, 0x00, 0xff, 0x9f, 0xa8, 0x00, 0xff,
    0x9f, 0xa8, 0x00, 0xff, 0x9f, 0xa8, 0x00, 0xff, 0x9f, 0xa8, 0x00, 0xff, 0x9f, 0xa8, 0x00, 0xff,
    0x9f, 0xa8, 0x00, 0xff, 0x9f, 0xa8, 0x00, 0xff, 0x9f, 0xa8, 0x00, 0xff, 0x9f, 0xa8, 0x00, 0xff,
    0xab, 0xb3, 0x20, 0xff, 0xed, 0xee, 0xcf, 0xff, 0xff, 0xff, 0xff, 0xff, 0xff, 0xff, 0xff, 0xff,
    0xff, 0xff, 0xff, 0xff, 0xff, 0xff, 0xff, 0xff, 0xff, 0xff, 0xff, 0xff, 0xff, 0xff, 0xff, 0xff,
    0xff, 0xff, 0xff, 0xff, 0xff, 0xff, 0xff, 0xff, 0xff, 0xff, 0xff, 0xff, 0xff, 0xff, 0xff, 0xff,
    0xff, 0xff, 0xff, 0xff, 0xff, 0xff, 0xff, 0xff, 0xff, 0xff, 0xff, 0xff, 0xff, 0xff, 0xff, 0xff,
    0xff, 0xff, 0xff, 0xff, 0xff, 0xff, 0xff, 0xff, 0xff, 0xff, 0xff, 0xff, 0xff, 0xff, 0xff, 0xff,
    0xff, 0xff, 0xff, 0xff, 0xff, 0xff, 0xff, 0xff, 0xff, 0xff, 0xff, 0xff, 0xff, 0xff, 0xff, 0xff,
    0xff, 0xff, 0xff, 0xff, 0xff, 0xff, 0xff, 0xff, 0xff, 0xff, 0xff, 0xff, 0xff, 0xff, 0xff, 0xff,
    0xf0, 0xf1, 0xd7, 0xff, 0xab, 0xb3, 0x20, 0xff, 0x9f, 0xa8, 0x00, 0xff, 0x9f, 0xa8, 0x00, 0xff,
    0x9f, 0xa8, 0x00, 0xff, 0x9f, 0xa8, 0x00, 0xff, 0x9f, 0xa8, 0x00, 0xff, 0x9f, 0xa8, 0x00, 0xff,
    0x9f, 0xa8, 0x00, 0xff, 0x9f, 0xa8, 0x00, 0xff, 0x9f, 0xa8, 0x00, 0xff, 0x9f, 0xa8, 0x00, 0xff,
    0x9f, 0xa8, 0x00, 0xff, 0x9f, 0xa8, 0x00, 0xff, 0x9f, 0xa8, 0x00, 0xff, 0x9f, 0xa8, 0x00, 0xff,
    0x9f, 0xa8, 0x00, 0xff, 0x9f, 0xa8, 0x00, 0xff, 0x9f, 0xa8, 0x00, 0xff, 0x9f, 0xa8, 0x00, 0xff,
    0x9f, 0xa8, 0x00, 0xff, 0x9f, 0xa8, 0x00, 0xff, 0x9f, 0xa8, 0x00, 0xff, 0x9f, 0xa8, 0x00, 0xff,
    0x9f, 0xa8, 0x00, 0xff, 0x9f, 0xa8, 0x00, 0xff, 0x9f, 0xa8, 0x00, 0xff, 0x9f, 0xa8, 0x00, 0xff,
    0x9f, 0xa8, 0x00, 0xff, 0x9f, 0xa8, 0x00, 0xff, 0x9f, 0xa8, 0x00, 0xff, 0x9f, 0xa8, 0x00, 0xff,
    0x9f, 0xa8, 0x00, 0xff, 0x9f, 0xa8, 0x00, 0xff, 0x9f, 0xa8, 0x00, 0xff, 0x9f, 0xa8, 0x00, 0xff,
    0x9f, 0xa8, 0x00, 0xff, 0x9f, 0xa8, 0x00, 0xff, 0x9f, 0xa8, 0x00, 0xff, 0x9f, 0xa8, 0x00, 0xff,
    0x9f, 0xa8, 0x00, 0xff, 0x9f, 0xa8, 0x00, 0xff, 0x9f, 0xa8, 0x00, 0xff, 0x9f, 0xa8, 0x00, 0xff,
    0x9f, 0xa8, 0x00, 0xff, 0x9f, 0xa8, 0x00, 0xff, 0x9f, 0xa8, 0x00, 0xff, 0x9f, 0xa8, 0x00, 0xff,
    0x9f, 0xa8, 0x00, 0xff, 0x9f, 0xa8, 0x00, 0xff, 0x9f, 0xa8, 0x00, 0xff, 0x9f, 0xa8, 0x00, 0xff,
    0x9f, 0xa8, 0x00, 0xff, 0x9f, 0xa8, 0x00, 0xff, 0x9f, 0xa8, 0x00, 0xff, 0x9f, 0xa8, 0x00, 0xff,
    0x9f, 0xa8, 0x00, 0xff, 0x9f, 0xa8, 0x00, 0xff, 0x9f, 0xa8, 0x00, 0xff, 0x9f, 0xa8, 0x00, 0xff,
    0x9f, 0xa8, 0x00, 0xff, 0x9f, 0xa8, 0x00, 0xff, 0x9f, 0xa8, 0x00, 0xff, 0x9f, 0xa8, 0x00, 0xff,
    0x9f, 0xa8, 0x00, 0xff, 0x9f, 0xa8, 0x00, 0xff, 0x9f, 0xa8, 0x00, 0xff, 0x9f, 0xa8, 0x00, 0xff,
    0x9f, 0xa8, 0x00, 0xff, 0x9f, 0xa8, 0x00, 0xff, 0x9f, 0xa8, 0x00, 0xff, 0x9f, 0xa8, 0x00, 0xff,
    0x9f, 0xa8, 0x00, 0xff, 0x9f, 0xa8, 0x00, 0xff, 0x9f, 0xa8, 0x00, 0xff, 0x9f, 0xa8, 0x00, 0xff,
    0x9f, 0xa8, 0x00, 0xff, 0x9f, 0xa8, 0x00, 0xff, 0x9f, 0xa8, 0x00, 0xff, 0x9f, 0xa8, 0x00, 0xff,
    0x9f, 0xa8, 0x00, 0xff, 0x9f, 0xa8, 0x00, 0xff, 0x9f, 0xa8, 0x00, 0xff, 0x9f, 0xa8, 0x00, 0xff,
    0x9f, 0xa8, 0x00, 0xff, 0x9f, 0xa8, 0x00, 0xff, 0x9f, 0xa8, 0x00, 0xff, 0x9f, 0xa8, 0x00, 0xff,
    0x9f, 0xa8, 0x00, 0xff, 0x9f, 0xa8, 0x00, 0xff, 0x9f, 0xa8, 0x00, 0xff, 0x9f, 0xa8, 0x00, 0xff,
    0x9f, 0xa8, 0x00, 0xff, 0x9f, 0xa8, 0x00, 0xff, 0x9f, 0xa8, 0x00, 0xff, 0x9f, 0xa8, 0x00, 0xff,
    0x9f, 0xa8, 0x00, 0xff, 0x9f, 0xa8, 0x00, 0xff, 0x9f, 0xa8, 0x00, 0xff, 0x9f, 0xa8, 0x00, 0xff,
    0x9f, 0xa8, 0x00, 0xff, 0x9f, 0xa8, 0x00, 0xff, 0x9f, 0xa8, 0x00, 0xff, 0x9f, 0xa8, 0x00, 0xff,
    0xb5, 0xbc, 0x3c, 0xff, 0xc3, 0xc8, 0x5f, 0xff, 0xc3, 0xc8, 0x5f, 0xff, 0xc3, 0xc8, 0x5f, 0xff,
    0xc3, 0xc8, 0x5f, 0xff, 0xc3, 0xc8, 0x5f, 0xff, 0xc3, 0xc8, 0x5f, 0xff, 0xc3, 0xc8, 0x5f, 0xff,
    0xc3, 0xc8, 0x5f, 0xff, 0xc3, 0xc8, 0x5f, 0xff, 0xc3, 0xc8, 0x5f, 0xff, 0xc3, 0xc8, 0x5f, 0xff,
    0xc3, 0xc8, 0x5f, 0xff, 0xc3, 0xc8, 0x5f, 0xff, 0xc3, 0xc8, 0x5f, 0xff, 0xc3, 0xc8, 0x5f, 0xff,
    0xc3, 0xc8, 0x5f, 0xff, 0xc3, 0xc8, 0x5f, 0xff, 0xc3, 0xc8, 0x5f, 0xff, 0xc3, 0xc8, 0x5f, 0xff,
    0xc3, 0xc8, 0x5f, 0xff, 0xc3, 0xc8, 0x5f, 0xff, 0xc3, 0xc8, 0x5f, 0xff, 0xc3, 0xc8, 0x5f, 0xff,
    0xc1, 0xc7, 0x5b, 0xff, 0xb5, 0xbc, 0x3c, 0xff, 0xa0, 0xa9, 0x04, 0xff, 0x9f, 0xa8, 0x00, 0xff,
    0x9f, 0xa8, 0x00, 0xff, 0x9f, 0xa8, 0x00, 0xff, 0x9f, 0xa8, 0x00, 0xff, 0x9f, 0xa8, 0x00, 0xff,
    0x9f, 0xa8, 0x00, 0xff, 0x9f, 0xa8, 0x00, 0xff, 0x9f, 0xa8, 0x00, 0xff, 0x9f, 0xa8, 0x00, 0xff,
    0x9f, 0xa8, 0x00, 0xff, 0x9f, 0xa8, 0x00, 0xff, 0x9f, 0xa8, 0x00, 0xff, 0x9f, 0xa8, 0x00, 0xff,
    0x9f, 0xa8, 0x00, 0xff, 0x9f, 0xa8, 0x00, 0xff, 0x9f, 0xa8, 0x00, 0xff, 0x9f, 0xa8, 0x00, 0xff,
    0x9f, 0xa8, 0x00, 0xff, 0x9f, 0xa8, 0x00, 0xff, 0x9f, 0xa8, 0x00, 0xff, 0x9f, 0xa8, 0x00, 0xff,
    0x9f, 0xa8, 0x00, 0xff, 0x9f, 0xa8, 0x00, 0xff, 0x9f, 0xa8, 0x00, 0xff, 0x9f, 0xa8, 0x00, 0xff,
    0x9f, 0xa8, 0x00, 0xff, 0x9f, 0xa8, 0x00, 0xff, 0x9f, 0xa8, 0x00, 0xff, 0x9f, 0xa8, 0x00, 0xff,
    0x9f, 0xa8, 0x00, 0xff, 0x9f, 0xa8, 0x00, 0xff, 0x9f, 0xa8, 0x00, 0xff, 0x9f, 0xa8, 0x00, 0xff,
    0x9f, 0xa8, 0x00, 0xff, 0x9f, 0xa8, 0x00, 0xff, 0x9f, 0xa8, 0x00, 0xff, 0x9f, 0xa8, 0x00, 0xff,
    0x9f, 0xa8, 0x00, 0xff, 0x9f, 0xa8, 0x00, 0xff, 0x9f, 0xa8, 0x00, 0xff, 0x9f, 0xa8, 0x00, 0xff,
    0x9f, 0xa8, 0x00, 0xff, 0x9f, 0xa8, 0x00, 0xff, 0x9f, 0xa8, 0x00, 0xff, 0x9f, 0xa8, 0x00, 0xff,
    0x9f, 0xa8, 0x00, 0xff, 0x9f, 0xa8, 0x00, 0xff, 0x9f, 0xa8, 0x00, 0xff, 0x9f, 0xa8, 0x00, 0xff,
    0x9f, 0xa8, 0x00, 0xff, 0x9f, 0xa8, 0x00, 0xff, 0x9f, 0xa8, 0x00, 0xff, 0x9f, 0xa8, 0x00, 0xff,
    0x9f, 0xa8, 0x00, 0xff, 0x9f, 0xa8, 0x00, 0xff, 0x9f, 0xa8, 0x00, 0xff, 0x9f, 0xa8, 0x00, 0xff,
    0x9f, 0xa8, 0x00, 0xff, 0x9f, 0xa8, 0x00, 0xff, 0x9f, 0xa8, 0x00, 0xff, 0x9f, 0xa8, 0x00, 0xff,
    0x9f, 0xa8, 0x00, 0xff, 0x9f, 0xa8, 0x00, 0xff, 0x9f, 0xa8, 0x00, 0xff, 0x9f, 0xa8, 0x00, 0xff,
    0x9f, 0xa8, 0x00, 0xff, 0x9f, 0xa8, 0x00, 0xff, 0x9f, 0xa8, 0x00, 0xff, 0x9f, 0xa8, 0x00, 0xff,
    0x9f, 0xa8, 0x00, 0xff, 0x9f, 0xa8, 0x00, 0xff, 0x9f, 0xa8, 0x00, 0xff, 0x9f, 0xa8, 0x00, 0xff,
    0x9f, 0xa8, 0x00, 0xff, 0x9f, 0xa8, 0x00, 0xff, 0x9f, 0xa8, 0x00, 0xff, 0x9f, 0xa8, 0x00, 0xff,
    0x9f, 0xa8, 0x00, 0xff, 0x9f, 0xa8, 0x00, 0xff, 0x9f, 0xa8, 0x00, 0xff, 0x9f, 0xa8, 0x00, 0xff,
    0x9f, 0xa8, 0x00, 0xff, 0x9f, 0xa8, 0x00, 0xff, 0x9f, 0xa8, 0x00, 0xff, 0x9f, 0xa8, 0x00, 0xff,
    0x9f, 0xa8, 0x00, 0xff, 0x9f, 0xa8, 0x00, 0xff, 0x9f, 0xa8, 0x00, 0xff, 0x9f, 0xa8, 0x00, 0xff,
    0x9f, 0xa8, 0x00, 0xff, 0x9f, 0xa8, 0x00, 0xff, 0x9f, 0xa8, 0x00, 0xff, 0x9f, 0xa8, 0x00, 0xff,
    0x9f, 0xa8, 0x00, 0xff, 0x9f, 0xa8, 0x00, 0xff, 0x9f, 0xa8, 0x00, 0xff, 0x9f, 0xa8, 0x00, 0xff,
    0x9f, 0xa8, 0x00, 0xff, 0x9f, 0xa8, 0x00, 0xff, 0x9f, 0xa8, 0x00, 0xff, 0x9f, 0xa8, 0x00, 0xff,
    0x9f, 0xa8, 0x00, 0xff, 0x9f, 0xa8, 0x00, 0xff, 0x9f, 0xa8, 0x00, 0xff, 0x9f, 0xa8, 0x00, 0xff,
    0x9f, 0xa8, 0x00, 0xff, 0x9f, 0xa8, 0x00, 0xff, 0x9f, 0xa8, 0x00, 0xff, 0x9f, 0xa8, 0x00, 0xff,
    0x9f, 0xa8, 0x00, 0xff, 0x9f, 0xa8, 0x00, 0xff, 0x9f, 0xa8, 0x00, 0xff, 0x9f, 0xa8, 0x00, 0xff,
    0x9f, 0xa8, 0x00, 0xff, 0x9f, 0xa8, 0x00, 0xff, 0x9f, 0xa8, 0x00, 0xff, 0x9f, 0xa8, 0x00, 0xff,
    0x9f, 0xa8, 0x00, 0xff, 0x9f, 0xa8, 0x00, 0xff, 0x9f, 0xa8, 0x00, 0xff, 0x9f, 0xa8, 0x00, 0xff,
    0x9f, 0xa8, 0x00, 0xff, 0x9f, 0xa8, 0x00, 0xff, 0x9f, 0xa8, 0x00, 0xff, 0x9f, 0xa8, 0x00, 0xff,
    0x9f, 0xa8, 0x00, 0xff, 0x9f, 0xa8, 0x00, 0xff, 0x9f, 0xa8, 0x00, 0xff, 0x9f, 0xa8, 0x00, 0xff,
    0x9f, 0xa8, 0x00, 0xff, 0x9f, 0xa8, 0x00, 0xff, 0x9f, 0xa8, 0x00, 0xff, 0x9f, 0xa8, 0x00, 0xff,
    0x9f, 0xa8, 0x00, 0xff, 0x9f, 0xa8, 0x00, 0xff, 0x9f, 0xa8, 0x00, 0xff, 0x9f, 0xa8, 0x00, 0xff,
    0x9f, 0xa8, 0x00, 0xff, 0x9f, 0xa8, 0x00, 0xff, 0x9f, 0xa8, 0x00, 0xff, 0x9f, 0xa8, 0x00, 0xff,
    0x9f, 0xa8, 0x00, 0xff, 0x9f, 0xa8, 0x00, 0xff, 0x9f, 0xa8, 0x00, 0xff, 0x9f, 0xa8, 0x00, 0xff,
    0x9f, 0xa8, 0x00, 0xff, 0x9f, 0xa8, 0x00, 0xff, 0x9f, 0xa8, 0x00, 0xff, 0x9f, 0xa8, 0x00, 0xff,
    0x9f, 0xa8, 0x00, 0xff, 0x9f, 0xa8, 0x00, 0xff, 0x9f, 0xa8, 0x00, 0xff, 0x9f, 0xa8, 0x00, 0xff,
    0x9f, 0xa8, 0x00, 0xff, 0x9f, 0xa8, 0x00, 0xff, 0x9f, 0xa8, 0x00, 0xff, 0x9f, 0xa8, 0x00, 0xff,
    0x9f, 0xa8, 0x00, 0xff, 0x9f, 0xa8, 0x00, 0xff, 0x9f, 0xa8, 0x00, 0xff, 0x9f, 0xa8, 0x00, 0xff,
    0x9f, 0xa8, 0x00, 0xff, 0x9f, 0xa8, 0x00, 0xff, 0x9f, 0xa8, 0x00, 0xff, 0x9f, 0xa8, 0x00, 0xff,
    0x9f, 0xa8, 0x00, 0xff, 0x9f, 0xa8, 0x00, 0xff, 0x9f, 0xa8, 0x00, 0xff, 0x9f, 0xa8, 0x00, 0xff,
    0x9f, 0xa8, 0x00, 0xff, 0x9f, 0xa8, 0x00, 0xff, 0x9f, 0xa8, 0x00, 0xff, 0x9f, 0xa8, 0x00, 0xff,
    0x9f, 0xa8, 0x00, 0xff, 0x9f, 0xa8, 0x00, 0xff, 0x9f, 0xa8, 0x00, 0xff, 0x9f, 0xa8, 0x00, 0xff,
    0x9f, 0xa8, 0x00, 0xff, 0x9f, 0xa8, 0x00, 0xff, 0x9f, 0xa8, 0x00, 0xff, 0x9f, 0xa8, 0x00, 0xff,
    0x9f, 0xa8, 0x00, 0xff, 0x9f, 0xa8, 0x00, 0xff, 0x9f, 0xa8, 0x00, 0xff, 0x9f, 0xa8, 0x00, 0xff,
    0x9f, 0xa8, 0x00, 0xff, 0x9f, 0xa8, 0x00, 0xff, 0x9f, 0xa8, 0x00, 0xff, 0x9f, 0xa8, 0x00, 0xff,
    0x9f, 0xa8, 0x00, 0xff, 0x9f, 0xa8, 0x00, 0xff, 0x9f, 0xa8, 0x00, 0xff, 0x9f, 0xa8, 0x00, 0xff,
    0x9f, 0xa8, 0x00, 0xff, 0x9f, 0xa8, 0x00, 0xff, 0x9f, 0xa8, 0x00, 0xff, 0x9f, 0xa8, 0x00, 0xff,
    0x9f, 0xa8, 0x00, 0xff, 0x9f, 0xa8, 0x00, 0xff, 0x9f, 0xa8, 0x00, 0xff, 0x9f, 0xa8, 0x00, 0xff,
    0x9f, 0xa8, 0x00, 0xff, 0x9f, 0xa8, 0x00, 0xff, 0x9f, 0xa8, 0x00, 0xff, 0x9f, 0xa8, 0x00, 0xff,
    0x9f, 0xa8, 0x00, 0xff, 0x9f, 0xa8, 0x00, 0xff, 0x9f, 0xa8, 0x00, 0xff, 0x9f, 0xa8, 0x00, 0xff,
    0x9f, 0xa8, 0x00, 0xff, 0x9f, 0xa8, 0x00, 0xff, 0x9f, 0xa8, 0x00, 0xff, 0x9f, 0xa8, 0x00, 0xff,
    0x9f, 0xa8, 0x00, 0xff, 0x9f, 0xa8, 0x00, 0xff, 0x9f, 0xa8, 0x00, 0xff, 0x9f, 0xa8, 0x00, 0xff,
    0x9f, 0xa8, 0x00, 0xff, 0x9f, 0xa8, 0x00, 0xff, 0x9f, 0xa8, 0x00, 0xff, 0x9f, 0xa8, 0x00, 0xff,
    0x9f, 0xa8, 0x00, 0xff, 0x9f, 0xa8, 0x00, 0xff, 0x9f, 0xa8, 0x00, 0xff, 0x9f, 0xa8, 0x00, 0xff,
    0x9f, 0xa8, 0x00, 0xff, 0x9f, 0xa8, 0x00, 0xff, 0x9f, 0xa8, 0x00, 0xff, 0x9f, 0xa8, 0x00, 0xff,
    0x9f, 0xa8, 0x00, 0xff, 0x9f, 0xa8, 0x00, 0xff, 0x9f, 0xa8, 0x00, 0xff, 0x9f, 0xa8, 0x00, 0xff,
    0x9f, 0xa8, 0x00, 0xff, 0x9f, 0xa8, 0x00, 0xff, 0x9f, 0xa8, 0x00, 0xff, 0x9f, 0xa8, 0x00, 0xff,
    0x9f, 0xa8, 0x00, 0xff, 0x9f, 0xa8, 0x00, 0xff, 0x9f, 0xa8, 0x00, 0xff, 0x9f, 0xa8, 0x00, 0xff,
    0x9f, 0xa8, 0x00, 0xff, 0x9f, 0xa8, 0x00, 0xff, 0x9f, 0xa8, 0x00, 0xff, 0x9f, 0xa8, 0x00, 0xff,
    0x9f, 0xa8, 0x00, 0xff, 0x9f, 0xa8, 0x00, 0xff, 0x9f, 0xa8, 0x00, 0xff, 0x9f, 0xa8, 0x00, 0xff,
    0x9f, 0xa8, 0x00, 0xff, 0x9f, 0xa8, 0x00, 0xff, 0x9f, 0xa8, 0x00, 0xff, 0x9f, 0xa8, 0x00, 0xff,
    0x9f, 0xa8, 0x00, 0xff, 0x9f, 0xa8, 0x00, 0xff, 0x9f, 0xa8, 0x00, 0xff, 0x9f, 0xa8, 0x00, 0xff,
    0x9f, 0xa8, 0x00, 0xff, 0x9f, 0xa8, 0x00, 0xff, 0x9f, 0xa8, 0x00, 0xff, 0x9f, 0xa8, 0x00, 0xff,
    0x9f, 0xa8, 0x00, 0xff, 0x9f, 0xa8, 0x00, 0xff, 0x9f, 0xa8, 0x00, 0xff, 0x9f, 0xa8, 0x00, 0xff,
    0x9f, 0xa8, 0x00, 0xff, 0x9f, 0xa8, 0x00, 0xff, 0x9f, 0xa8, 0x00, 0xff, 0x9f, 0xa8, 0x00, 0xff,
    0x9f, 0xa8, 0x00, 0xff, 0x9f, 0xa8, 0x00, 0xff, 0x9f, 0xa8, 0x00, 0xff, 0x9f, 0xa8, 0x00, 0xff,
    0x9f, 0xa8, 0x00, 0xff, 0x9f, 0xa8, 0x00, 0xff, 0x9f, 0xa8, 0x00, 0xff, 0x9f, 0xa8, 0x00, 0xff,
    0x9f, 0xa8, 0x00, 0xff, 0x9f, 0xa8, 0x00, 0xff, 0x9f, 0xa8, 0x00, 0xff, 0x9f, 0xa8, 0x00, 0xff,
    0x9f, 0xa8, 0x00, 0xff, 0x9f, 0xa8, 0x00, 0xff, 0x9f, 0xa8, 0x00, 0xff, 0x9f, 0xa8, 0x00, 0xff,
    0x9f, 0xa8, 0x00, 0xff, 0x9f, 0xa8, 0x00, 0xff, 0x9f, 0xa8, 0x00, 0xff, 0x9f, 0xa8, 0x00, 0xff,
    0x9f, 0xa8, 0x00, 0xff, 0x9f, 0xa8, 0x00, 0xff, 0x9f, 0xa8, 0x00, 0xff, 0x9f, 0xa8, 0x00, 0xff,
    0x9f, 0xa8, 0x00, 0xff, 0x9f, 0xa8, 0x00, 0xff, 0x9f, 0xa8, 0x00, 0xff, 0x9f, 0xa8, 0x00, 0xff,
    0x9f, 0xa8, 0x00, 0xff, 0x9f, 0xa8, 0x00, 0xff, 0x9f, 0xa8, 0x00, 0xff, 0x9f, 0xa8, 0x00, 0xff,
    0x9f, 0xa8, 0x00, 0xff, 0x9f, 0xa8, 0x00, 0xff, 0x9f, 0xa8, 0x00, 0xff, 0x9f, 0xa8, 0x00, 0xff,
    0x9f, 0xa8, 0x00, 0xff, 0x9f, 0xa8, 0x00, 0xff, 0x9f, 0xa8, 0x00, 0xff, 0x9f, 0xa8, 0x00, 0xff,
    0x9f, 0xa8, 0x00, 0xff, 0x9f, 0xa8, 0x00, 0xff, 0x9f, 0xa8, 0x00, 0xff, 0x9f, 0xa8, 0x00, 0xff,
    0x9f, 0xa8, 0x00, 0xff, 0x9f, 0xa8, 0x00, 0xff, 0x9f, 0xa8, 0x00, 0xff, 0x9f, 0xa8, 0x00, 0xff,
    0x9f, 0xa8, 0x00, 0xff, 0x9f, 0xa8, 0x00, 0xff, 0x9f, 0xa8, 0x00, 0xff, 0x9f, 0xa8, 0x00, 0xff,
    0x9f, 0xa8, 0x00, 0xff, 0x9f, 0xa8, 0x00, 0xff, 0x9f, 0xa8, 0x00, 0xff, 0x9f, 0xa8, 0x00, 0xff,
    0x9f, 0xa8, 0x00, 0xff, 0x9f, 0xa8, 0x00, 0xff, 0x9f, 0xa8, 0x00, 0xff, 0x9f, 0xa8, 0x00, 0xff,
    0x9f, 0xa8, 0x00, 0xff, 0x9f, 0xa8, 0x00, 0xff, 0x9f, 0xa8, 0x00, 0xff, 0x9f, 0xa8, 0x00, 0xff,
    0x9f, 0xa8, 0x00, 0xff, 0x9f, 0xa8, 0x00, 0xff, 0x9f, 0xa8, 0x00, 0xff, 0x9f, 0xa8, 0x00, 0xff,
    0x9f, 0xa8, 0x00, 0xff, 0x9f, 0xa8, 0x00, 0xff, 0x9f, 0xa8, 0x00, 0xff, 0x9f, 0xa8, 0x00, 0xff,
    0x9f, 0xa8, 0x00, 0xff, 0x9f, 0xa8, 0x00, 0xff, 0x9f, 0xa8, 0x00, 0xff, 0x9f, 0xa8, 0x00, 0xff,
    0x9f, 0xa8, 0x00, 0xff, 0x9f, 0xa8, 0x00, 0xff, 0x9f, 0xa8, 0x00, 0xff, 0x9f, 0xa8, 0x00, 0xff,
    0x9f, 0xa8, 0x00, 0xff, 0x9f, 0xa8, 0x00, 0xff, 0x9f, 0xa8, 0x00, 0xff, 0x9f, 0xa8, 0x00, 0xff,
    0x9f, 0xa8, 0x00, 0xff, 0x9f, 0xa8, 0x00, 0xff, 0x9f, 0xa8, 0x00, 0xff, 0x9f, 0xa8, 0x00, 0xff,
    0x9f, 0xa8, 0x00, 0xff, 0x9f, 0xa8, 0x00, 0xff, 0x9f, 0xa8, 0x00, 0xff, 0x9f, 0xa8, 0x00, 0xff,
    0x9f, 0xa8, 0x00, 0xff, 0x9f, 0xa8, 0x00, 0xff, 0x9f, 0xa8, 0x00, 0xff, 0x9f, 0xa8, 0x00, 0xff,
    0x9f, 0xa8, 0x00, 0xff, 0x9f, 0xa8, 0x00, 0xff, 0x9f, 0xa8, 0x00, 0xff, 0x9f, 0xa8, 0x00, 0xff,
    0x9f, 0xa8, 0x00, 0xff, 0x9f, 0xa8, 0x00, 0xff, 0x9f, 0xa8, 0x00, 0xff, 0x9f, 0xa8, 0x00, 0xff,
    0x9f, 0xa8, 0x00, 0xff, 0x9f, 0xa8, 0x00, 0xff, 0x9f, 0xa8, 0x00, 0xff, 0x9f, 0xa8, 0x00, 0xff,
    0x9f, 0xa8, 0x00, 0xff, 0x9f, 0xa8, 0x00, 0xff, 0x9f, 0xa8, 0x00, 0xff, 0x9f, 0xa8, 0x00, 0xff,
    0x9f, 0xa8, 0x00, 0xff, 0x9f, 0xa8, 0x00, 0xff, 0x9f, 0xa8, 0x00, 0xff, 0x9f, 0xa8, 0x00, 0xff,
    0x9f, 0xa8, 0x00, 0xff, 0x9f, 0xa8, 0x00, 0xff, 0x9f, 0xa8, 0x00, 0xff, 0x9f, 0xa8, 0x00, 0xff,
    0x9f, 0xa8, 0x00, 0xff, 0x9f, 0xa8, 0x00, 0xff, 0x9f, 0xa8, 0x00, 0xff, 0x9f, 0xa8, 0x00, 0xff,
    0x9f, 0xa8, 0x00, 0xff, 0x9f, 0xa8, 0x00, 0xff, 0x9f, 0xa8, 0x00, 0xff, 0x9f, 0xa8, 0x00, 0xff,
    0x9f, 0xa8, 0x00, 0xff, 0x9f, 0xa8, 0x00, 0xff, 0x9f, 0xa8, 0x00, 0xff, 0x9f, 0xa8, 0x00, 0xff,
    0x9f, 0xa8, 0x00, 0xff, 0x9f, 0xa8, 0x00, 0xff, 0x9f, 0xa8, 0x00, 0xff, 0x9f, 0xa8, 0x00, 0xff,
    0x9f, 0xa8, 0x00, 0xff, 0x9f, 0xa8, 0x00, 0xff, 0x9f, 0xa8, 0x00, 0xff, 0x9f, 0xa8, 0x00, 0xff,
    0x9f, 0xa8, 0x00, 0xff, 0x9f, 0xa8, 0x00, 0xff, 0x9f, 0xa8, 0x00, 0xff, 0x9f, 0xa8, 0x00, 0xff,
    0x9f, 0xa8, 0x00, 0xff, 0x9f, 0xa8, 0x00, 0xff, 0x9f, 0xa8, 0x00, 0xff, 0x9f, 0xa8, 0x00, 0xff,
    0x9f, 0xa8, 0x00, 0xff, 0x9f, 0xa8, 0x00, 0xff, 0x9f, 0xa8, 0x00, 0xff, 0x9f, 0xa8, 0x00, 0xff,
    0x9f, 0xa8, 0x00, 0xff, 0x9f, 0xa8, 0x00, 0xff, 0x9f, 0xa8, 0x00, 0xff, 0x9f, 0xa8, 0x00, 0xff,
    0x9f, 0xa8, 0x00, 0xff, 0x9f, 0xa8, 0x00, 0xff, 0x9f, 0xa8, 0x00, 0xff, 0x9f, 0xa8, 0x00, 0xff,
    0x9f, 0xa8, 0x00, 0xff, 0x9f, 0xa8, 0x00, 0xff, 0x9f, 0xa8, 0x00, 0xff, 0x9f, 0xa8, 0x00, 0xff,
    0x9f, 0xa8, 0x00, 0xff, 0x9f, 0xa8, 0x00, 0xff, 0x9f, 0xa8, 0x00, 0xff, 0x9f, 0xa8, 0x00, 0xff,
    0x9f, 0xa8, 0x00, 0xff, 0x9f, 0xa8, 0x00, 0xff, 0x9f, 0xa8, 0x00, 0xff, 0x9f, 0xa8, 0x00, 0xff,
    0x9f, 0xa8, 0x00, 0xff, 0x9f, 0xa8, 0x00, 0xff, 0x9f, 0xa8, 0x00, 0xff, 0x9f, 0xa8, 0x00, 0xff,
    0x9f, 0xa8, 0x00, 0xff, 0x9f, 0xa8, 0x00, 0xff, 0x9f, 0xa8, 0x00, 0xff, 0x9f, 0xa8, 0x00, 0xff,
    0x9f, 0xa8, 0x00, 0xff, 0x9f, 0xa8, 0x00, 0xff, 0x9f, 0xa8, 0x00, 0xff, 0x9f, 0xa8, 0x00, 0xff,
    0x9f, 0xa8, 0x00, 0xff, 0x9f, 0xa8, 0x00, 0xff, 0x9f, 0xa8, 0x00, 0xff, 0x9f, 0xa8, 0x00, 0xff,
    0x9f, 0xa8, 0x00, 0xff, 0x9f, 0xa8, 0x00, 0xff, 0x9f, 0xa8, 0x00, 0xff, 0x9f, 0xa8, 0x00, 0xff,
    0x9f, 0xa8, 0x00, 0xff, 0x9f, 0xa8, 0x00, 0xff, 0x9f, 0xa8, 0x00, 0xff, 0x9f, 0xa8, 0x00, 0xff,
    0x9f, 0xa8, 0x00, 0xff, 0x9f, 0xa8, 0x00, 0xff, 0x9f, 0xa8, 0x00, 0xff, 0x9f, 0xa8, 0x00, 0xff,
    0x9f, 0xa8, 0x00, 0xff, 0x9f, 0xa8, 0x00, 0xff, 0x9f, 0xa8, 0x00, 0xff, 0x9f, 0xa8, 0x00, 0xff,
    0x9f, 0xa8, 0x00, 0xff, 0x9f, 0xa8, 0x00, 0xff, 0x9f, 0xa8, 0x00, 0xff, 0x9f, 0xa8, 0x00, 0xff,
    0x9f, 0xa8, 0x00, 0xff, 0x9f, 0xa8, 0x00, 0xff, 0x9f, 0xa8, 0x00, 0xff, 0x9f, 0xa8, 0x00, 0xff,
    0x9f, 0xa8, 0x00, 0xff, 0x9f, 0xa8, 0x00, 0xff, 0x9f, 0xa8, 0x00, 0xff, 0x9f, 0xa8, 0x00, 0xff,
    0x9f, 0xa8, 0x00, 0xff, 0x9f, 0xa8, 0x00, 0xff, 0x9f, 0xa8, 0x00, 0xff, 0x9f, 0xa8, 0x00, 0xff,
    0x9f, 0xa8, 0x00, 0xff, 0x9f, 0xa8, 0x00, 0xff, 0x9f, 0xa8, 0x00, 0xff, 0x9f, 0xa8, 0x00, 0xff,
    0x9f, 0xa8, 0x00, 0xff, 0x9f, 0xa8, 0x00, 0xff, 0x9f, 0xa8, 0x00, 0xff, 0x9f, 0xa8, 0x00, 0xff,
    0x9f, 0xa8, 0x00, 0xff, 0xa5, 0xad, 0x10, 0xff, 0xab, 0xb2, 0x20, 0xff, 0xab, 0xb2, 0x20, 0xff,
    0xab, 0xb2, 0x20, 0xff, 0xab, 0xb2, 0x20, 0xff, 0xab, 0xb2, 0x20, 0xff, 0xab, 0xb2, 0x20, 0xff,
    0xab, 0xb2, 0x20, 0xff, 0xab, 0xb2, 0x20, 0xff, 0xab, 0xb2, 0x20, 0xff, 0xab, 0xb2, 0x20, 0xff,
    0xab, 0xb2, 0x20, 0xff, 0xab, 0xb2, 0x20, 0xff, 0xab, 0xb2, 0x20, 0xff, 0xab, 0xb2, 0x20, 0xff,
    0xa6, 0xae, 0x14, 0xff, 0x9f, 0xa8, 0x00, 0xff, 0x9f, 0xa8, 0x00, 0xff, 0x9f, 0xa8, 0x00, 0xff,
    0x9f, 0xa8, 0x00, 0xff, 0x9f, 0xa8, 0x00, 0xff, 0x9f, 0xa8, 0x00, 0xff, 0x9f, 0xa8, 0x00, 0xff,
    0x9f, 0xa8, 0x00, 0xff, 0x9f, 0xa8, 0x00, 0xff, 0x9f, 0xa8, 0x00, 0xff, 0x9f, 0xa8, 0x00, 0xff,
    0x9f, 0xa8, 0x00, 0xff, 0x9f, 0xa8, 0x00, 0xff, 0x9f, 0xa8, 0x00, 0xff, 0x9f, 0xa8, 0x00, 0xff,
    0x9f, 0xa8, 0x00, 0xff, 0x9f, 0xa8, 0x00, 0xff, 0x9f, 0xa8, 0x00, 0xff, 0x9f, 0xa8, 0x00, 0xff,
    0x9f, 0xa8, 0x00, 0xff, 0x9f, 0xa8, 0x00, 0xff, 0x9f, 0xa8, 0x00, 0xff, 0x9f, 0xa8, 0x00, 0xff,
    0x9f, 0xa8, 0x00, 0xff, 0x9f, 0xa8, 0x00, 0xff, 0x9f, 0xa8, 0x00, 0xff, 0x9f, 0xa8, 0x00, 0xff,
    0x9f, 0xa8, 0x00, 0xff, 0x9f, 0xa8, 0x00, 0xff, 0x9f, 0xa8, 0x00, 0xff, 0x9f, 0xa8, 0x00, 0xff,
    0x9f, 0xa8, 0x00, 0xff, 0x9f, 0xa8, 0x00, 0xff, 0x9f, 0xa8, 0x00, 0xff, 0x9f, 0xa8, 0x00, 0xff,
    0x9f, 0xa8, 0x00, 0xff, 0x9f, 0xa8, 0x00, 0xff, 0x9f, 0xa8, 0x00, 0xff, 0x9f, 0xa8, 0x00, 0xff,
    0x9f, 0xa8, 0x00, 0xff, 0x9f, 0xa8, 0x00, 0xff, 0x9f, 0xa8, 0x00, 0xff, 0x9f, 0xa8, 0x00, 0xff,
    0x9f, 0xa8, 0x00, 0xff, 0x9f, 0xa8, 0x00, 0xff, 0x9f, 0xa8, 0x00, 0xff, 0x9f, 0xa8, 0x00, 0xff,
    0x9f, 0xa8, 0x00, 0xff, 0x9f, 0xa8, 0x00, 0xff, 0x9f, 0xa8, 0x00, 0xff, 0x9f, 0xa8, 0x00, 0xff,
    0x9f, 0xa8, 0x00, 0xff, 0x9f, 0xa8, 0x00, 0xff, 0x9f, 0xa8, 0x00, 0xff, 0x9f, 0xa8, 0x00, 0xff,
    0x9f, 0xa8, 0x00, 0xff, 0x9f, 0xa8, 0x00, 0xff, 0x9f, 0xa8, 0x00, 0xff, 0x9f, 0xa8, 0x00, 0xff,
    0x9f, 0xa8, 0x00, 0xff, 0x9f, 0xa8, 0x00, 0xff, 0x9f, 0xa8, 0x00, 0xff, 0x9f, 0xa8, 0x00, 0xff,
    0x9f, 0xa8, 0x00, 0xff, 0x9f, 0xa8, 0x00, 0xff, 0x9f, 0xa8, 0x00, 0xff, 0x9f, 0xa8, 0x00, 0xff,
    0x9f, 0xa8, 0x00, 0xff, 0x9f, 0xa8, 0x00, 0xff, 0x9f, 0xa8, 0x00, 0xff, 0x9f, 0xa8, 0x00, 0xff,
    0x9f, 0xa8, 0x00, 0xff, 0x9f, 0xa8, 0x00, 0xff, 0x9f, 0xa8, 0x00, 0xff, 0x9f, 0xa8, 0x00, 0xff,
    0x9f, 0xa8, 0x00, 0xff, 0x9f, 0xa8, 0x00, 0xff, 0x9f, 0xa8, 0x00, 0xff, 0x9f, 0xa8, 0x00, 0xff,
    0x9f, 0xa8, 0x00, 0xff, 0x9f, 0xa8, 0x00, 0xff, 0x9f, 0xa8, 0x00, 0xff, 0x9f, 0xa8, 0x00, 0xff,
    0x9f, 0xa8, 0x00, 0xff, 0x9f, 0xa8, 0x00, 0xff, 0x9f, 0xa8, 0x00, 0xff, 0x9f, 0xa8, 0x00, 0xff,
    0x9f, 0xa8, 0x00, 0xff, 0x9f, 0xa8, 0x00, 0xff, 0x9f, 0xa8, 0x00, 0xff, 0x9f, 0xa8, 0x00, 0xff,
    0x9f, 0xa8, 0x00, 0xff, 0x9f, 0xa8, 0x00, 0xff, 0x9f, 0xa8, 0x00, 0xff, 0x9f, 0xa8, 0x00, 0xff,
    0x9f, 0xa8, 0x00, 0xff, 0x9f, 0xa8, 0x00, 0xff, 0x9f, 0xa8, 0x00, 0xff, 0x9f, 0xa8, 0x00, 0xff,
    0x9f, 0xa8, 0x00, 0xff, 0x9f, 0xa8, 0x00, 0xff, 0x9f, 0xa8, 0x00, 0xff, 0x9f, 0xa8, 0x00, 0xff,
    0x9f, 0xa8, 0x00, 0xff, 0x9f, 0xa8, 0x00, 0xff, 0x9f, 0xa8, 0x00, 0xff, 0x9f, 0xa8, 0x00, 0xff,
    0x9f, 0xa8, 0x00, 0xff, 0x9f, 0xa8, 0x00, 0xff, 0x9f, 0xa8, 0x00, 0xff, 0x9f, 0xa8, 0x00, 0xff,
    0x9f, 0xa8, 0x00, 0xff, 0x9f, 0xa8, 0x00, 0xff, 0xca, 0xcf, 0x73, 0xff, 0xfd, 0xfd, 0xfb, 0xff,
    0xff, 0xff, 0xff, 0xff, 0xff, 0xff, 0xff, 0xff, 0xff, 0xff, 0xff, 0xff, 0xff, 0xff, 0xff, 0xff,
    0xff, 0xff, 0xff, 0xff, 0xff, 0xff, 0xff, 0xff, 0xff, 0xff, 0xff, 0xff, 0xff, 0xff, 0xff, 0xff,
    0xff, 0xff, 0xff, 0xff, 0xff, 0xff, 0xff, 0xff, 0xff, 0xff, 0xff, 0xff, 0xff, 0xff, 0xff, 0xff,
    0xff, 0xff, 0xff, 0xff, 0xff, 0xff, 0xff, 0xff, 0xfc, 0xfc, 0xf7, 0xff, 0xcd, 0xd2, 0x7b, 0xff,
    0x9f, 0xa8, 0x00, 0xff, 0x9f, 0xa8, 0x00, 0xff, 0x9f, 0xa8, 0x00, 0xff, 0x9f, 0xa8, 0x00, 0xff,
    0x9f, 0xa8, 0x00, 0xff, 0x9f, 0xa8, 0x00, 0xff, 0x9f, 0xa8, 0x00, 0xff, 0x9f, 0xa8, 0x00, 0xff,
    0x9f, 0xa8, 0x00, 0xff, 0x9f, 0xa8, 0x00, 0xff, 0x9f, 0xa8, 0x00, 0xff, 0x9f, 0xa8, 0x00, 0xff,
    0x9f, 0xa8, 0x00, 0xff, 0x9f, 0xa8, 0x00, 0xff, 0x9f, 0xa8, 0x00, 0xff, 0x9f, 0xa8, 0x00, 0xff,
    0x9f, 0xa8, 0x00, 0xff, 0x9f, 0xa8, 0x00, 0xff, 0x9f, 0xa8, 0x00, 0xff, 0x9f, 0xa8, 0x00, 0xff,
    0x9f, 0xa8, 0x00, 0xff, 0x9f, 0xa8, 0x00, 0xff, 0x9f, 0xa8, 0x00, 0xff, 0x9f, 0xa8, 0x00, 0xff,
    0x9f, 0xa8, 0x00, 0xff, 0x9f, 0xa8, 0x00, 0xff, 0x9f, 0xa8, 0x00, 0xff, 0x9f, 0xa8, 0x00, 0xff,
    0x9f, 0xa8, 0x00, 0xff, 0x9f, 0xa8, 0x00, 0xff, 0x9f, 0xa8, 0x00, 0xff, 0x9f, 0xa8, 0x00, 0xff,
    0x9f, 0xa8, 0x00, 0xff, 0x9f, 0xa8, 0x00, 0xff, 0x9f, 0xa8, 0x00, 0xff, 0x9f, 0xa8, 0x00, 0xff,
    0x9f, 0xa8, 0x00, 0xff, 0x9f, 0xa8, 0x00, 0xff, 0x9f, 0xa8, 0x00, 0xff, 0x9f, 0xa8, 0x00, 0xff,
    0x9f, 0xa8, 0x00, 0xff, 0x9f, 0xa8, 0x00, 0xff, 0x9f, 0xa8, 0x00, 0xff, 0x9f, 0xa8, 0x00, 0xff,
    0x9f, 0xa8, 0x00, 0xff, 0x9f, 0xa8, 0x00, 0xff, 0x9f, 0xa8, 0x00, 0xff, 0x9f, 0xa8, 0x00, 0xff,
    0x9f, 0xa8, 0x00, 0xff, 0x9f, 0xa8, 0x00, 0xff, 0x9f, 0xa8, 0x00, 0xff, 0x9f, 0xa8, 0x00, 0xff,
    0x9f, 0xa8, 0x00, 0xff, 0x9f, 0xa8, 0x00, 0xff, 0x9f, 0xa8, 0x00, 0xff, 0x9f, 0xa8, 0x00, 0xff,
    0x9f, 0xa8, 0x00, 0xff, 0x9f, 0xa8, 0x00, 0xff, 0x9f, 0xa8, 0x00, 0xff, 0x9f, 0xa8, 0x00, 0xff,
    0x9f, 0xa8, 0x00, 0xff, 0x9f, 0xa8, 0x00, 0xff, 0x9f, 0xa8, 0x00, 0xff, 0x9f, 0xa8, 0x00, 0xff,
    0x9f, 0xa8, 0x00, 0xff, 0x9f, 0xa8, 0x00, 0xff, 0x9f, 0xa8, 0x00, 0xff, 0x9f, 0xa8, 0x00, 0xff,
    0x9f, 0xa8, 0x00, 0xff, 0x9f, 0xa8, 0x00, 0xff, 0x9f, 0xa8, 0x00, 0xff, 0x9f, 0xa8, 0x00, 0xff,
    0x9f, 0xa8, 0x00, 0xff, 0x9f, 0xa8, 0x00, 0xff, 0x9f, 0xa8, 0x00, 0xff, 0x9f, 0xa8, 0x00, 0xff,
    0x9f, 0xa8, 0x00, 0xff, 0x9f, 0xa8, 0x00, 0xff, 0x9f, 0xa8, 0x00, 0xff, 0x9f, 0xa8, 0x00, 0xff,
    0x9f, 0xa8, 0x00, 0xff, 0x9f, 0xa8, 0x00, 0xff, 0x9f, 0xa8, 0x00, 0xff, 0x9f, 0xa8, 0x00, 0xff,
    0x9f, 0xa8, 0x00, 0xff, 0x9f, 0xa8, 0x00, 0xff, 0x9f, 0xa8, 0x00, 0xff, 0x9f, 0xa8, 0x00, 0xff,
    0x9f, 0xa8, 0x00, 0xff, 0x9f, 0xa8, 0x00, 0xff, 0x9f, 0xa8, 0x00, 0xff, 0x9f, 0xa8, 0x00, 0xff,
    0x9f, 0xa8, 0x00, 0xff, 0x9f, 0xa8, 0x00, 0xff, 0x9f, 0xa8, 0x00, 0xff, 0x9f, 0xa8, 0x00, 0xff,
    0x9f, 0xa8, 0x00, 0xff, 0x9f, 0xa8, 0x00, 0xff, 0x9f, 0xa8, 0x00, 0xff, 0x9f, 0xa8, 0x00, 0xff,
    0x9f, 0xa8, 0x00, 0xff, 0x9f, 0xa8, 0x00, 0xff, 0x9f, 0xa8, 0x00, 0xff, 0x9f, 0xa8, 0x00, 0xff,
    0x9f, 0xa8, 0x00, 0xff, 0x9f, 0xa8, 0x00, 0xff, 0x9f, 0xa8, 0x00, 0xff, 0x9f, 0xa8, 0x00, 0xff,
    0x9f, 0xa8, 0x00, 0xff, 0x9f, 0xa8, 0x00, 0xff, 0x9f, 0xa8, 0x00, 0xff, 0xa0, 0xa9, 0x04, 0xff,
    0xfc, 0xfc, 0xf7, 0xff, 0xff, 0xff, 0xff, 0xff, 0xff, 0xff, 0xff, 0xff, 0xff, 0xff, 0xff, 0xff,
    0xff, 0xff, 0xff, 0xff, 0xff, 0xff, 0xff, 0xff, 0xff, 0xff, 0xff, 0xff, 0xff, 0xff, 0xff, 0xff,
    0xff, 0xff, 0xff, 0xff, 0xff, 0xff, 0xff, 0xff, 0xff, 0xff, 0xff, 0xff, 0xff, 0xff, 0xff, 0xff,
    0xff, 0xff, 0xff, 0xff, 0xff, 0xff, 0xff, 0xff, 0xff, 0xff, 0xff, 0xff, 0xff, 0xff, 0xff, 0xff,
    0xff, 0xff, 0xff, 0xff, 0xfc, 0xfc, 0xf7, 0xff, 0xa0, 0xa9, 0x04, 0xff, 0x9f, 0xa8, 0x00, 0xff,
    0x9f, 0xa8, 0x00, 0xff, 0x9f, 0xa8, 0x00, 0xff, 0x9f, 0xa8, 0x00, 0xff, 0x9f, 0xa8, 0x00, 0xff,
    0x9f, 0xa8, 0x00, 0xff, 0x9f, 0xa8, 0x00, 0xff, 0x9f, 0xa8, 0x00, 0xff, 0x9f, 0xa8, 0x00, 0xff,
    0x9f, 0xa8, 0x00, 0xff, 0x9f, 0xa8, 0x00, 0xff, 0x9f, 0xa8, 0x00, 0xff, 0x9f, 0xa8, 0x00, 0xff,
    0x9f, 0xa8, 0x00, 0xff, 0x9f, 0xa8, 0x00, 0xff, 0x9f, 0xa8, 0x00, 0xff, 0x9f, 0xa8, 0x00, 0xff,
    0x9f, 0xa8, 0x00, 0xff, 0x9f, 0xa8, 0x00, 0xff, 0x9f, 0xa8, 0x00, 0xff, 0x9f, 0xa8, 0x00, 0xff,
    0x9f, 0xa8, 0x00, 0xff, 0x9f, 0xa8, 0x00, 0xff, 0x9f, 0xa8, 0x00, 0xff, 0x9f, 0xa8, 0x00, 0xff,
    0x9f, 0xa8, 0x00, 0xff, 0x9f, 0xa8, 0x00, 0xff, 0x9f, 0xa8, 0x00, 0xff, 0x9f, 0xa8, 0x00, 0xff,
    0x9f, 0xa8, 0x00, 0xff, 0x9f, 0xa8, 0x00, 0xff, 0x9f, 0xa8, 0x00, 0xff, 0x9f, 0xa8, 0x00, 0xff,
    0x9f, 0xa8, 0x00, 0xff, 0x9f, 0xa8, 0x00, 0xff, 0x9f, 0xa8, 0x00, 0xff, 0x9f, 0xa8, 0x00, 0xff,
    0x9f, 0xa8, 0x00, 0xff, 0x9f, 0xa8, 0x00, 0xff, 0x9f, 0xa8, 0x00, 0xff, 0x9f, 0xa8, 0x00, 0xff,
    0x9f, 0xa8, 0x00, 0xff, 0x9f, 0xa8, 0x00, 0xff, 0x9f, 0xa8, 0x00, 0xff, 0x9f, 0xa8, 0x00, 0xff,
    0x9f, 0xa8, 0x00, 0xff, 0x9f, 0xa8, 0x00, 0xff, 0x9f, 0xa8, 0x00, 0xff, 0x9f, 0xa8, 0x00, 0xff,
    0x9f, 0xa8, 0x00, 0xff, 0x9f, 0xa8, 0x00, 0xff, 0x9f, 0xa8, 0x00, 0xff, 0x9f, 0xa8, 0x00, 0xff,
    0x9f, 0xa8, 0x00, 0xff, 0x9f, 0xa8, 0x00, 0xff, 0x9f, 0xa8, 0x00, 0xff, 0x9f, 0xa8, 0x00, 0xff,
    0x9f, 0xa8, 0x00, 0xff, 0x9f, 0xa8, 0x00, 0xff, 0x9f, 0xa8, 0x00, 0xff, 0x9f, 0xa8, 0x00, 0xff,
    0x9f, 0xa8, 0x00, 0xff, 0x9f, 0xa8, 0x00, 0xff, 0x9f, 0xa8, 0x00, 0xff, 0x9f, 0xa8, 0x00, 0xff,
    0x9f, 0xa8, 0x00, 0xff, 0x9f, 0xa8, 0x00, 0xff, 0x9f, 0xa8, 0x00, 0xff, 0x9f, 0xa8, 0x00, 0xff,
    0x9f, 0xa8, 0x00, 0xff, 0x9f, 0xa8, 0x00, 0xff, 0x9f, 0xa8, 0x00, 0xff, 0x9f, 0xa8, 0x00, 0xff,
    0x9f, 0xa8, 0x00, 0xff, 0x9f, 0xa8, 0x00, 0xff, 0x9f, 0xa8, 0x00, 0xff, 0x9f, 0xa8, 0x00, 0xff,
    0x9f, 0xa8, 0x00, 0xff, 0x9f, 0xa8, 0x00, 0xff, 0x9f, 0xa8, 0x00, 0xff, 0x9f, 0xa8, 0x00, 0xff,
    0x9f, 0xa8, 0x00, 0xff, 0x9f, 0xa8, 0x00, 0xff, 0x9f, 0xa8, 0x00, 0xff, 0x9f, 0xa8, 0x00, 0xff,
    0x9f, 0xa8, 0x00, 0xff, 0x9f, 0xa8, 0x00, 0xff, 0x9f, 0xa8, 0x00, 0xff, 0x9f, 0xa8, 0x00, 0xff,
    0x9f, 0xa8, 0x00, 0xff, 0x9f, 0xa8, 0x00, 0xff, 0x9f, 0xa8, 0x00, 0xff, 0x9f, 0xa8, 0x00, 0xff,
    0x9f, 0xa8, 0x00, 0xff, 0x9f, 0xa8, 0x00, 0xff, 0x9f, 0xa8, 0x00, 0xff, 0x9f, 0xa8, 0x00, 0xff,
    0x9f, 0xa8, 0x00, 0xff, 0x9f, 0xa8, 0x00, 0xff, 0x9f, 0xa8, 0x00, 0xff, 0x9f, 0xa8, 0x00, 0xff,
    0x9f, 0xa8, 0x00, 0xff, 0x9f, 0xa8, 0x00, 0xff, 0x9f, 0xa8, 0x00, 0xff, 0x9f, 0xa8, 0x00, 0xff,
    0x9f, 0xa8, 0x00, 0xff, 0x9f, 0xa8, 0x00, 0xff, 0x9f, 0xa8, 0x00, 0xff, 0x9f, 0xa8, 0x00, 0xff,
    0x9f, 0xa8, 0x00, 0xff, 0xa0, 0xa9, 0x04, 0xff, 0xfd, 0xfd, 0xfb, 0xff, 0xff, 0xff, 0xff, 0xff,
    0xff, 0xff, 0xff, 0xff, 0xff, 0xff, 0xff, 0xff, 0xff, 0xff, 0xff, 0xff, 0xff, 0xff, 0xff, 0xff,
    0xff, 0xff, 0xff, 0xff, 0xff, 0xff, 0xff, 0xff, 0xff, 0xff, 0xff, 0xff, 0xff, 0xff, 0xff, 0xff,
    0xff, 0xff, 0xff, 0xff, 0xff, 0xff, 0xff, 0xff, 0xff, 0xff, 0xff, 0xff, 0xff, 0xff, 0xff, 0xff,
    0xff, 0xff, 0xff, 0xff, 0xff, 0xff, 0xff, 0xff, 0xff, 0xff, 0xff, 0xff, 0xff, 0xff, 0xff, 0xff,
    0xa0, 0xa9, 0x04, 0xff, 0x9f, 0xa8, 0x00, 0xff, 0x9f, 0xa8, 0x00, 0xff, 0x9f, 0xa8, 0x00, 0xff,
    0x9f, 0xa8, 0x00, 0xff, 0x9f, 0xa8, 0x00, 0xff, 0x9f, 0xa8, 0x00, 0xff, 0x9f, 0xa8, 0x00, 0xff,
    0x9f, 0xa8, 0x00, 0xff, 0x9f, 0xa8, 0x00, 0xff, 0x9f, 0xa8, 0x00, 0xff, 0x9f, 0xa8, 0x00, 0xff,
    0x9f, 0xa8, 0x00, 0xff, 0x9f, 0xa8, 0x00, 0xff, 0x9f, 0xa8, 0x00, 0xff, 0x9f, 0xa8, 0x00, 0xff,
    0x9f, 0xa8, 0x00, 0xff, 0x9f, 0xa8, 0x00, 0xff, 0x9f, 0xa8, 0x00, 0xff, 0x9f, 0xa8, 0x00, 0xff,
    0x9f, 0xa8, 0x00, 0xff, 0x9f, 0xa8, 0x00, 0xff, 0x9f, 0xa8, 0x00, 0xff, 0x9f, 0xa8, 0x00, 0xff,
    0x9f, 0xa8, 0x00, 0xff, 0x9f, 0xa8, 0x00, 0xff, 0x9f, 0xa8, 0x00, 0xff, 0x9f, 0xa8, 0x00, 0xff,
    0x9f, 0xa8, 0x00, 0xff, 0x9f, 0xa8, 0x00, 0xff, 0x9f, 0xa8, 0x00, 0xff, 0x9f, 0xa8, 0x00, 0xff,
    0x9f, 0xa8, 0x00, 0xff, 0x9f, 0xa8, 0x00, 0xff, 0x9f, 0xa8, 0x00, 0xff, 0x9f, 0xa8, 0x00, 0xff,
    0x9f, 0xa8, 0x00, 0xff, 0x9f, 0xa8, 0x00, 0xff, 0x9f, 0xa8, 0x00, 0xff, 0x9f, 0xa8, 0x00, 0xff,
    0x9f, 0xa8, 0x00, 0xff, 0x9f, 0xa8, 0x00, 0xff, 0x9f, 0xa8, 0x00, 0xff, 0x9f, 0xa8, 0x00, 0xff,
    0x9f, 0xa8, 0x00, 0xff, 0x9f, 0xa8, 0x00, 0xff, 0x9f, 0xa8, 0x00, 0xff, 0x9f, 0xa8, 0x00, 0xff,
    0x9f, 0xa8, 0x00, 0xff, 0x9f, 0xa8, 0x00, 0xff, 0x9f, 0xa8, 0x00, 0xff, 0x9f, 0xa8, 0x00, 0xff,
    0x9f, 0xa8, 0x00, 0xff, 0x9f, 0xa8, 0x00, 0xff, 0x9f, 0xa8, 0x00, 0xff, 0x9f, 0xa8, 0x00, 0xff,
    0x9f, 0xa8, 0x00, 0xff, 0x9f, 0xa8, 0x00, 0xff, 0x9f, 0xa8, 0x00, 0xff, 0x9f, 0xa8, 0x00, 0xff,
    0x9f, 0xa8, 0x00, 0xff, 0x9f, 0xa8, 0x00, 0xff, 0x9f, 0xa8, 0x00, 0xff, 0x9f, 0xa8, 0x00, 0xff,
    0x9f, 0xa8, 0x00, 0xff, 0x9f, 0xa8, 0x00, 0xff, 0x9f, 0xa8, 0x00, 0xff, 0x9f, 0xa8, 0x00, 0xff,
    0x9f, 0xa8, 0x00, 0xff, 0x9f, 0xa8, 0x00, 0xff, 0x9f, 0xa8, 0x00, 0xff, 0x9f, 0xa8, 0x00, 0xff,
    0x9f, 0xa8, 0x00, 0xff, 0x9f, 0xa8, 0x00, 0xff, 0x9f, 0xa8, 0x00, 0xff, 0x9f, 0xa8, 0x00, 0xff,
    0x9f, 0xa8, 0x00, 0xff, 0x9f, 0xa8, 0x00, 0xff, 0x9f, 0xa8, 0x00, 0xff, 0x9f, 0xa8, 0x00, 0xff,
    0x9f, 0xa8, 0x00, 0xff, 0x9f, 0xa8, 0x00, 0xff, 0x9f, 0xa8, 0x00, 0xff, 0x9f, 0xa8, 0x00, 0xff,
    0x9f, 0xa8, 0x00, 0xff, 0x9f, 0xa8, 0x00, 0xff, 0x9f, 0xa8, 0x00, 0xff, 0x9f, 0xa8, 0x00, 0xff,
    0x9f, 0xa8, 0x00, 0xff, 0x9f, 0xa8, 0x00, 0xff, 0x9f, 0xa8, 0x00, 0xff, 0x9f, 0xa8, 0x00, 0xff,
    0x9f, 0xa8, 0x00, 0xff, 0x9f, 0xa8, 0x00, 0xff, 0x9f, 0xa8, 0x00, 0xff, 0x9f, 0xa8, 0x00, 0xff,
    0x9f, 0xa8, 0x00, 0xff, 0x9f, 0xa8, 0x00, 0xff, 0x9f, 0xa8, 0x00, 0xff, 0x9f, 0xa8, 0x00, 0xff,
    0x9f, 0xa8, 0x00, 0xff, 0x9f, 0xa8, 0x00, 0xff, 0x9f, 0xa8, 0x00, 0xff, 0x9f, 0xa8, 0x00, 0xff,
    0x9f, 0xa8, 0x00, 0xff, 0x9f, 0xa8, 0x00, 0xff, 0x9f, 0xa8, 0x00, 0xff, 0x9f, 0xa8, 0x00, 0xff,
    0x9f, 0xa8, 0x00, 0xff, 0x9f, 0xa8, 0x00, 0xff, 0x9f, 0xa8, 0x00, 0xff, 0x9f, 0xa8, 0x00, 0xff,
    0xf0, 0xf1, 0xd7, 0xff, 0xff, 0xff, 0xff, 0xff, 0xff, 0xff, 0xff, 0xff, 0xff, 0xff, 0xff, 0xff,
    0xff, 0xff, 0xff, 0xff, 0xff, 0xff, 0xff, 0xff, 0xff, 0xff, 0xff, 0xff, 0xff, 0xff, 0xff, 0xff,
    0xff, 0xff, 0xff, 0xff, 0xff, 0xff, 0xff, 0xff, 0xff, 0xff, 0xff, 0xff, 0xff, 0xff, 0xff, 0xff,
    0xff, 0xff, 0xff, 0xff, 0xff, 0xff, 0xff, 0xff, 0xff, 0xff, 0xff, 0xff, 0xff, 0xff, 0xff, 0xff,
    0xff, 0xff, 0xff, 0xff, 0xf0, 0xf1, 0xd7, 0xff, 0x9f, 0xa8, 0x00, 0xff, 0x9f, 0xa8, 0x00, 0xff,
    0x9f, 0xa8, 0x00, 0xff, 0x9f, 0xa8, 0x00, 0xff, 0x9f, 0xa8, 0x00, 0xff, 0x9f, 0xa8, 0x00, 0xff,
    0x9f, 0xa8, 0x00, 0xff, 0x9f, 0xa8, 0x00, 0xff, 0x9f, 0xa8, 0x00, 0xff, 0x9f, 0xa8, 0x00, 0xff,
    0x9f, 0xa8, 0x00, 0xff, 0x9f, 0xa8, 0x00, 0xff, 0x9f, 0xa8, 0x00, 0xff, 0x9f, 0xa8, 0x00, 0xff,
    0x9f, 0xa8, 0x00, 0xff, 0x9f, 0xa8, 0x00, 0xff, 0x9f, 0xa8, 0x00, 0xff, 0x9f, 0xa8, 0x00, 0xff,
    0x9f, 0xa8, 0x00, 0xff, 0x9f, 0xa8, 0x00, 0xff, 0x9f, 0xa8, 0x00, 0xff, 0x9f, 0xa8, 0x00, 0xff,
    0x9f, 0xa8, 0x00, 0xff, 0x9f, 0xa8, 0x00, 0xff, 0x9f, 0xa8, 0x00, 0xff, 0x9f, 0xa8, 0x00, 0xff,
    0x9f, 0xa8, 0x00, 0xff, 0x9f, 0xa8, 0x00, 0xff, 0x9f, 0xa8, 0x00, 0xff, 0x9f, 0xa8, 0x00, 0xff,
    0x9f, 0xa8, 0x00, 0xff, 0x9f, 0xa8, 0x00, 0xff, 0x9f, 0xa8, 0x00, 0xff, 0x9f, 0xa8, 0x00, 0xff,
    0x9f, 0xa8, 0x00, 0xff, 0x9f, 0xa8, 0x00, 0xff, 0x9f, 0xa8, 0x00, 0xff, 0x9f, 0xa8, 0x00, 0xff,
    0x9f, 0xa8, 0x00, 0xff, 0x9f, 0xa8, 0x00, 0xff, 0x9f, 0xa8, 0x00, 0xff, 0x9f, 0xa8, 0x00, 0xff,
    0x9f, 0xa8, 0x00, 0xff, 0x9f, 0xa8, 0x00, 0xff, 0x9f, 0xa8, 0x00, 0xff, 0x9f, 0xa8, 0x00, 0xff,
    0x9f, 0xa8, 0x00, 0xff, 0x9f, 0xa8, 0x00, 0xff, 0x9f, 0xa8, 0x00, 0xff, 0x9f, 0xa8, 0x00, 0xff,
    0x9f, 0xa8, 0x00, 0xff, 0x9f, 0xa8, 0x00, 0xff, 0x9f, 0xa8, 0x00, 0xff, 0x9f, 0xa8, 0x00, 0xff,
    0x9f, 0xa8, 0x00, 0xff, 0x9f, 0xa8, 0x00, 0xff, 0x9f, 0xa8, 0x00, 0xff, 0x9f, 0xa8, 0x00, 0xff,
    0x9f, 0xa8, 0x00, 0xff, 0x9f, 0xa8, 0x00, 0xff, 0x9f, 0xa8, 0x00, 0xff, 0x9f, 0xa8, 0x00, 0xff,
    0x9f, 0xa8, 0x00, 0xff, 0x9f, 0xa8, 0x00, 0xff, 0x9f, 0xa8, 0x00, 0xff, 0x9f, 0xa8, 0x00, 0xff,
    0x9f, 0xa8, 0x00, 0xff, 0x9f, 0xa8, 0x00, 0xff, 0x9f, 0xa8, 0x00, 0xff, 0x9f, 0xa8, 0x00, 0xff,
    0x9f, 0xa8, 0x00, 0xff, 0x9f, 0xa8, 0x00, 0xff, 0x9f, 0xa8, 0x00, 0xff, 0x9f, 0xa8, 0x00, 0xff,
    0x9f, 0xa8, 0x00, 0xff, 0x9f, 0xa8, 0x00, 0xff, 0x9f, 0xa8, 0x00, 0xff, 0x9f, 0xa8, 0x00, 0xff,
    0x9f, 0xa8, 0x00, 0xff, 0x9f, 0xa8, 0x00, 0xff, 0x9f, 0xa8, 0x00, 0xff, 0x9f, 0xa8, 0x00, 0xff,
    0x9f, 0xa8, 0x00, 0xff, 0x9f, 0xa8, 0x00, 0xff, 0x9f, 0xa8, 0x00, 0xff, 0x9f, 0xa8, 0x00, 0xff,
    0x9f, 0xa8, 0x00, 0xff, 0x9f, 0xa8, 0x00, 0xff, 0x9f, 0xa8, 0x00, 0xff, 0x9f, 0xa8, 0x00, 0xff,
    0x9f, 0xa8, 0x00, 0xff, 0x9f, 0xa8, 0x00, 0xff, 0x9f, 0xa8, 0x00, 0xff, 0x9f, 0xa8, 0x00, 0xff,
    0x9f, 0xa8, 0x00, 0xff, 0x9f, 0xa8, 0x00, 0xff, 0x9f, 0xa8, 0x00, 0xff, 0x9f, 0xa8, 0x00, 0xff,
    0x9f, 0xa8, 0x00, 0xff, 0x9f, 0xa8, 0x00, 0xff, 0x9f, 0xa8, 0x00, 0xff, 0x9f, 0xa8, 0x00, 0xff,
    0x9f, 0xa8, 0x00, 0xff, 0x9f, 0xa8, 0x00, 0xff, 0x9f, 0xa8, 0x00, 0xff, 0x9f, 0xa8, 0x00, 0xff,
    0x9f, 0xa8, 0x00, 0xff, 0x9f, 0xa8, 0x00, 0xff, 0x9f, 0xa8, 0x00, 0xff, 0x9f, 0xa8, 0x00, 0xff,
    0x9f, 0xa8, 0x00, 0xff, 0x9f, 0xa8, 0x00, 0xff, 0xcf, 0xd3, 0x7f, 0xff, 0xff, 0xff, 0xff, 0xff,
    0xff, 0xff, 0xff, 0xff, 0xff, 0xff, 0xff, 0xff, 0xff, 0xff, 0xff, 0xff, 0xff, 0xff, 0xff, 0xff,
    0xff, 0xff, 0xff, 0xff, 0xff, 0xff, 0xff, 0xff, 0xff, 0xff, 0xff, 0xff, 0xff, 0xff, 0xff, 0xff,
    0xff, 0xff, 0xff, 0xff, 0xff, 0xff, 0xff, 0xff, 0xff, 0xff, 0xff, 0xff, 0xff, 0xff, 0xff, 0xff,
    0xff, 0xff, 0xff, 0xff, 0xff, 0xff, 0xff, 0xff, 0xff, 0xff, 0xff, 0xff, 0xcd, 0xd2, 0x7b, 0xff,
    0x9f, 0xa8, 0x00, 0xff, 0x9f, 0xa8, 0x00, 0xff, 0x9f, 0xa8, 0x00, 0xff, 0x9f, 0xa8, 0x00, 0xff,
    0x9f, 0xa8, 0x00, 0xff, 0x9f, 0xa8, 0x00, 0xff, 0x9f, 0xa8, 0x00, 0xff, 0x9f, 0xa8, 0x00, 0xff,
    0x9f, 0xa8, 0x00, 0xff, 0x9f, 0xa8, 0x00, 0xff, 0x9f, 0xa8, 0x00, 0xff, 0x9f, 0xa8, 0x00, 0xff,
    0x9f, 0xa8, 0x00, 0xff, 0x9f, 0xa8, 0x00, 0xff, 0x9f, 0xa8, 0x00, 0xff, 0x9f, 0xa8, 0x00, 0xff,
    0x9f, 0xa8, 0x00, 0xff, 0x9f, 0xa8, 0x00, 0xff, 0x9f, 0xa8, 0x00, 0xff, 0x9f, 0xa8, 0x00, 0xff,
    0x9f, 0xa8, 0x00, 0xff, 0x9f, 0xa8, 0x00, 0xff, 0x9f, 0xa8, 0x00, 0xff, 0x9f, 0xa8, 0x00, 0xff,
    0x9f, 0xa8, 0x00, 0xff, 0x9f, 0xa8, 0x00, 0xff, 0x9f, 0xa8, 0x00, 0xff, 0x9f, 0xa8, 0x00, 0xff,
    0x9f, 0xa8, 0x00, 0xff, 0x9f, 0xa8, 0x00, 0xff, 0x9f, 0xa8, 0x00, 0xff, 0x9f, 0xa8, 0x00, 0xff,
    0x9f, 0xa8, 0x00, 0xff, 0x9f, 0xa8, 0x00, 0xff, 0x9f, 0xa8, 0x00, 0xff, 0x9f, 0xa8, 0x00, 0xff,
    0x9f, 0xa8, 0x00, 0xff, 0x9f, 0xa8, 0x00, 0xff, 0x9f, 0xa8, 0x00, 0xff, 0x9f, 0xa8, 0x00, 0xff,
    0x9f, 0xa8, 0x00, 0xff, 0x9f, 0xa8, 0x00, 0xff, 0x9f, 0xa8, 0x00, 0xff, 0x9f, 0xa8, 0x00, 0xff,
    0x9f, 0xa8, 0x00, 0xff, 0x9f, 0xa8, 0x00, 0xff, 0x9f, 0xa8, 0x00, 0xff, 0x9f, 0xa8, 0x00, 0xff,
    0x9f, 0xa8, 0x00, 0xff, 0x9f, 0xa8, 0x00, 0xff, 0x9f, 0xa8, 0x00, 0xff, 0x9f, 0xa8, 0x00, 0xff,
    0x9f, 0xa8, 0x00, 0xff, 0x9f, 0xa8, 0x00, 0xff, 0x9f, 0xa8, 0x00, 0xff, 0x9f, 0xa8, 0x00, 0xff,
    0x9f, 0xa8, 0x00, 0xff, 0x9f, 0xa8, 0x00, 0xff, 0x9f, 0xa8, 0x00, 0xff, 0x9f, 0xa8, 0x00, 0xff,
    0x9f, 0xa8, 0x00, 0xff, 0x9f, 0xa8, 0x00, 0xff, 0x9f, 0xa8, 0x00, 0xff, 0x9f, 0xa8, 0x00, 0xff,
    0x9f, 0xa8, 0x00, 0xff, 0x9f, 0xa8, 0x00, 0xff, 0x9f, 0xa8, 0x00, 0xff, 0x9f, 0xa8, 0x00, 0xff,
    0x9f, 0xa8, 0x00, 0xff, 0x9f, 0xa8, 0x00, 0xff, 0x9f, 0xa8, 0x00, 0xff, 0x9f, 0xa8, 0x00, 0xff,
    0x9f, 0xa8, 0x00, 0xff, 0x9f, 0xa8, 0x00, 0xff, 0x9f, 0xa8, 0x00, 0xff, 0x9f, 0xa8, 0x00, 0xff,
    0x9f, 0xa8, 0x00, 0xff, 0x9f, 0xa8, 0x00, 0xff, 0x9f, 0xa8, 0x00, 0xff, 0x9f, 0xa8, 0x00, 0xff,
    0x9f, 0xa8, 0x00, 0xff, 0x9f, 0xa8, 0x00, 0xff, 0x9f, 0xa8, 0x00, 0xff, 0x9f, 0xa8, 0x00, 0xff,
    0x9f, 0xa8, 0x00, 0xff, 0x9f, 0xa8, 0x00, 0xff, 0x9f, 0xa8, 0x00, 0xff, 0x9f, 0xa8, 0x00, 0xff,
    0x9f, 0xa8, 0x00, 0xff, 0x9f, 0xa8, 0x00, 0xff, 0x9f, 0xa8, 0x00, 0xff, 0x9f, 0xa8, 0x00, 0xff,
    0x9f, 0xa8, 0x00, 0xff, 0x9f, 0xa8, 0x00, 0xff, 0x9f, 0xa8, 0x00, 0xff, 0x9f, 0xa8, 0x00, 0xff,
    0x9f, 0xa8, 0x00, 0xff, 0x9f, 0xa8, 0x00, 0xff, 0x9f, 0xa8, 0x00, 0xff, 0x9f, 0xa8, 0x00, 0xff,
    0x9f, 0xa8, 0x00, 0xff, 0x9f, 0xa8, 0x00, 0xff, 0x9f, 0xa8, 0x00, 0xff, 0x9f, 0xa8, 0x00, 0xff,
    0x9f, 0xa8, 0x00, 0xff, 0x9f, 0xa8, 0x00, 0xff, 0x9f, 0xa8, 0x00, 0xff, 0x9f, 0xa8, 0x00, 0xff,
    0x9f, 0xa8, 0x00, 0xff, 0x9f, 0xa8, 0x00, 0xff, 0x9f, 0xa8, 0x00, 0xff, 0x9f, 0xa8, 0x00, 0xff,
    0xa3, 0xac, 0x0c, 0xff, 0xf1, 0xf2, 0xdb, 0xff, 0xff, 0xff, 0xff, 0xff, 0xff, 0xff, 0xff, 0xff,
    0xff, 0xff, 0xff, 0xff, 0xff, 0xff, 0xff, 0xff, 0xff, 0xff, 0xff, 0xff, 0xff, 0xff, 0xff, 0xff,
    0xff, 0xff, 0xff, 0xff, 0xff, 0xff, 0xff, 0xff, 0xff, 0xff, 0xff, 0xff, 0xff, 0xff, 0xff, 0xff,
    0xff, 0xff, 0xff, 0xff, 0xff, 0xff, 0xff, 0xff, 0xff, 0xff, 0xff, 0xff, 0xff, 0xff, 0xff, 0xff,
    0xf3, 0xf4, 0xdf, 0xff, 0xa2, 0xaa, 0x08, 0xff, 0x9f, 0xa8, 0x00, 0xff, 0x9f, 0xa8, 0x00, 0xff,
    0x9f, 0xa8, 0x00, 0xff, 0x9f, 0xa8, 0x00, 0xff, 0x9f, 0xa8, 0x00, 0xff, 0x9f, 0xa8, 0x00, 0xff,
    0x9f, 0xa8, 0x00, 0xff, 0x9f, 0xa8, 0x00, 0xff, 0x9f, 0xa8, 0x00, 0xff, 0x9f, 0xa8, 0x00, 0xff,
    0x9f, 0xa8, 0x00, 0xff, 0x9f, 0xa8, 0x00, 0xff, 0x9f, 0xa8, 0x00, 0xff, 0x9f, 0xa8, 0x00, 0xff,
    0x9f, 0xa8, 0x00, 0xff, 0x9f, 0xa8, 0x00, 0xff, 0x9f, 0xa8, 0x00, 0xff, 0x9f, 0xa8, 0x00, 0xff,
    0x9f, 0xa8, 0x00, 0xff, 0x9f, 0xa8, 0x00, 0xff, 0x9f, 0xa8, 0x00, 0xff, 0x9f, 0xa8, 0x00, 0xff,
    0x9f, 0xa8, 0x00, 0xff, 0x9f, 0xa8, 0x00, 0xff, 0x9f, 0xa8, 0x00, 0xff, 0x9f, 0xa8, 0x00, 0xff,
    0x9f, 0xa8, 0x00, 0xff, 0x9f, 0xa8, 0x00, 0xff, 0x9f, 0xa8, 0x00, 0xff, 0x9f, 0xa8, 0x00, 0xff,
    0x9f, 0xa8, 0x00, 0xff, 0x9f, 0xa8, 0x00, 0xff, 0x9f, 0xa8, 0x00, 0xff, 0x9f, 0xa8, 0x00, 0xff,
    0x9f, 0xa8, 0x00, 0xff, 0x9f, 0xa8, 0x00, 0xff, 0x9f, 0xa8, 0x00, 0xff, 0x9f, 0xa8, 0x00, 0xff,
    0x9f, 0xa8, 0x00, 0xff, 0x9f, 0xa8, 0x00, 0xff, 0x9f, 0xa8, 0x00, 0xff, 0x9f, 0xa8, 0x00, 0xff,
    0x9f, 0xa8, 0x00, 0xff, 0x9f, 0xa8, 0x00, 0xff, 0x9f, 0xa8, 0x00, 0xff, 0x9f, 0xa8, 0x00, 0xff,
    0x9f, 0xa8, 0x00, 0xff, 0x9f, 0xa8, 0x00, 0xff, 0x9f, 0xa8, 0x00, 0xff, 0x9f, 0xa8, 0x00, 0xff,
    0x9f, 0xa8, 0x00, 0xff, 0x9f, 0xa8, 0x00, 0xff, 0x9f, 0xa8, 0x00, 0xff, 0x9f, 0xa8, 0x00, 0xff,
    0x9f, 0xa8, 0x00, 0xff, 0x9f, 0xa8, 0x00, 0xff, 0x9f, 0xa7, 0x00, 0xf7, 0x9f, 0xa8, 0x00, 0xff,
    0x9f, 0xa8, 0x00, 0xff, 0x9f, 0xa8, 0x00, 0xff, 0x9f, 0xa8, 0x00, 0xff, 0x9f, 0xa8, 0x00, 0xff,
    0x9f, 0xa8, 0x00, 0xff, 0x9f, 0xa8, 0x00, 0xff, 0x9f, 0xa8, 0x00, 0xff, 0x9f, 0xa8, 0x00, 0xff,
    0x9f, 0xa8, 0x00, 0xff, 0x9f, 0xa8, 0x00, 0xff, 0x9f, 0xa8, 0x00, 0xff, 0x9f, 0xa8, 0x00, 0xff,
    0x9f, 0xa8, 0x00, 0xff, 0x9f, 0xa8, 0x00, 0xff, 0x9f, 0xa8, 0x00, 0xff, 0x9f, 0xa8, 0x00, 0xff,
    0x9f, 0xa8, 0x00, 0xff, 0x9f, 0xa8, 0x00, 0xff, 0x9f, 0xa8, 0x00, 0xff, 0x9f, 0xa8, 0x00, 0xff,
    0x9f, 0xa8, 0x00, 0xff, 0x9f, 0xa8, 0x00, 0xff, 0x9f, 0xa8, 0x00, 0xff, 0x9f, 0xa8, 0x00, 0xff,
    0x9f, 0xa8, 0x00, 0xff, 0x9f, 0xa8, 0x00, 0xff, 0x9f, 0xa8, 0x00, 0xff, 0x9f, 0xa8, 0x00, 0xff,
    0x9f, 0xa8, 0x00, 0xff, 0x9f, 0xa8, 0x00, 0xff, 0x9f, 0xa8, 0x00, 0xff, 0x9f, 0xa8, 0x00, 0xff,
    0x9f, 0xa8, 0x00, 0xff, 0x9f, 0xa8, 0x00, 0xff, 0x9f, 0xa8, 0x00, 0xff, 0x9f, 0xa8, 0x00, 0xff,
    0x9f, 0xa8, 0x00, 0xff, 0x9f, 0xa8, 0x00, 0xff, 0x9f, 0xa8, 0x00, 0xff, 0x9f, 0xa8, 0x00, 0xff,
    0x9f, 0xa8, 0x00, 0xff, 0x9f, 0xa8, 0x00, 0xff, 0x9f, 0xa8, 0x00, 0xff, 0x9f, 0xa8, 0x00, 0xff,
    0x9f, 0xa8, 0x00, 0xff, 0x9f, 0xa8, 0x00, 0xff, 0x9f, 0xa8, 0x00, 0xff, 0x9f, 0xa8, 0x00, 0xff,
    0x9f, 0xa8, 0x00, 0xff, 0x9f, 0xa8, 0x00, 0xff, 0x9f, 0xa8, 0x00, 0xff, 0x9f, 0xa8, 0x00, 0xff,
    0x9f, 0xa8, 0x00, 0xff, 0x9f, 0xa8, 0x00, 0xff, 0x9f, 0xa8, 0x00, 0xff, 0xab, 0xb3, 0x20, 0xff,
    0xf3, 0xf4, 0xdf, 0xff, 0xff, 0xff, 0xff, 0xff, 0xff, 0xff, 0xff, 0xff, 0xff, 0xff, 0xff, 0xff,
    0xff, 0xff, 0xff, 0xff, 0xff, 0xff, 0xff, 0xff, 0xff, 0xff, 0xff, 0xff, 0xff, 0xff, 0xff, 0xff,
    0xff, 0xff, 0xff, 0xff, 0xff, 0xff, 0xff, 0xff, 0xff, 0xff, 0xff, 0xff, 0xff, 0xff, 0xff, 0xff,
    0xff, 0xff, 0xff, 0xff, 0xf0, 0xf1, 0xd7, 0xff, 0xab, 0xb3, 0x20, 0xff, 0x9f, 0xa8, 0x00, 0xff,
    0x9f, 0xa8, 0x00, 0xff, 0x9f, 0xa8, 0x00, 0xff, 0x9f, 0xa8, 0x00, 0xff, 0x9f, 0xa8, 0x00, 0xff,
    0x9f, 0xa8, 0x00, 0xff, 0x9f, 0xa8, 0x00, 0xff, 0x9f, 0xa8, 0x00, 0xff, 0x9f, 0xa8, 0x00, 0xff,
    0x9f, 0xa8, 0x00, 0xff, 0x9f, 0xa8, 0x00, 0xff, 0x9f, 0xa8, 0x00, 0xff, 0x9f, 0xa8, 0x00, 0xff,
    0x9f, 0xa8, 0x00, 0xff, 0x9f, 0xa8, 0x00, 0xff, 0x9f, 0xa8, 0x00, 0xff, 0x9f, 0xa8, 0x00, 0xff,
    0x9f, 0xa8, 0x00, 0xff, 0x9f, 0xa8, 0x00, 0xff, 0x9f, 0xa8, 0x00, 0xff, 0x9f, 0xa8, 0x00, 0xff,
    0x9f, 0xa8, 0x00, 0xff, 0x9f, 0xa8, 0x00, 0xff, 0x9f, 0xa8, 0x00, 0xff, 0x9f, 0xa8, 0x00, 0xff,
    0x9f, 0xa8, 0x00, 0xff, 0x9f, 0xa8, 0x00, 0xff, 0x9f, 0xa8, 0x00, 0xff, 0x9f, 0xa8, 0x00, 0xff,
    0x9f, 0xa8, 0x00, 0xff, 0x9f, 0xa8, 0x00, 0xff, 0x9f, 0xa8, 0x00, 0xff, 0x9f, 0xa8, 0x00, 0xff,
    0x9f, 0xa8, 0x00, 0xff, 0x9f, 0xa8, 0x00, 0xff, 0x9f, 0xa8, 0x00, 0xff, 0x9f, 0xa8, 0x00, 0xff,
    0x9f, 0xa8, 0x00, 0xff, 0x9f, 0xa8, 0x00, 0xff, 0x9f, 0xa8, 0x00, 0xff, 0x9f, 0xa8, 0x00, 0xff,
    0x9f, 0xa8, 0x00, 0xff, 0x9f, 0xa8, 0x00, 0xff, 0x9f, 0xa8, 0x00, 0xff, 0x9f, 0xa8, 0x00, 0xff,
    0x9f, 0xa8, 0x00, 0xff, 0x9f, 0xa8, 0x00, 0xff, 0x9f, 0xa8, 0x00, 0xff, 0x9f, 0xa8, 0x00, 0xff,
    0x9f, 0xa8, 0x00, 0xff, 0x9f, 0xa8, 0x00, 0xff, 0x9f, 0xa8, 0x00, 0xff, 0x9f, 0xa8, 0x00, 0xff,
    0x9f, 0xa8, 0x00, 0xff, 0x9f, 0xa8, 0x00, 0xff, 0x9f, 0xa8, 0x00, 0xff, 0x9f, 0xa7, 0x00, 0xf7,
    0x9f, 0xa8, 0x00, 0xe7, 0x9f, 0xa8, 0x00, 0xff, 0x9f, 0xa8, 0x00, 0xff, 0x9f, 0xa8, 0x00, 0xff,
    0x9f, 0xa8, 0x00, 0xff, 0x9f, 0xa8, 0x00, 0xff, 0x9f, 0xa8, 0x00, 0xff, 0x9f, 0xa8, 0x00, 0xff,
    0x9f, 0xa8, 0x00, 0xff, 0x9f, 0xa8, 0x00, 0xff, 0x9f, 0xa8, 0x00, 0xff, 0x9f, 0xa8, 0x00, 0xff,
    0x9f, 0xa8, 0x00, 0xff, 0x9f, 0xa8, 0x00, 0xff, 0x9f, 0xa8, 0x00, 0xff, 0x9f, 0xa8, 0x00, 0xff,
    0x9f, 0xa8, 0x00, 0xff, 0x9f, 0xa8, 0x00, 0xff, 0x9f, 0xa8, 0x00, 0xff, 0x9f, 0xa8, 0x00, 0xff,
    0x9f, 0xa8, 0x00, 0xff, 0x9f, 0xa8, 0x00, 0xff, 0x9f, 0xa8, 0x00, 0xff, 0x9f, 0xa8, 0x00, 0xff,
    0x9f, 0xa8, 0x00, 0xff, 0x9f, 0xa8, 0x00, 0xff, 0x9f, 0xa8, 0x00, 0xff, 0x9f, 0xa8, 0x00, 0xff,
    0x9f, 0xa8, 0x00, 0xff, 0x9f, 0xa8, 0x00, 0xff, 0x9f, 0xa8, 0x00, 0xff, 0x9f, 0xa8, 0x00, 0xff,
    0x9f, 0xa8, 0x00, 0xff, 0x9f, 0xa8, 0x00, 0xff, 0x9f, 0xa8, 0x00, 0xff, 0x9f, 0xa8, 0x00, 0xff,
    0x9f, 0xa8, 0x00, 0xff, 0x9f, 0xa8, 0x00, 0xff, 0x9f, 0xa8, 0x00, 0xff, 0x9f, 0xa8, 0x00, 0xff,
    0x9f, 0xa8, 0x00, 0xff, 0x9f, 0xa8, 0x00, 0xff, 0x9f, 0xa8, 0x00, 0xff, 0x9f, 0xa8, 0x00, 0xff,
    0x9f, 0xa8, 0x00, 0xff, 0x9f, 0xa8, 0x00, 0xff, 0x9f, 0xa8, 0x00, 0xff, 0x9f, 0xa8, 0x00, 0xff,
    0x9f, 0xa8, 0x00, 0xff, 0x9f, 0xa8, 0x00, 0xff, 0x9f, 0xa8, 0x00, 0xff, 0x9f, 0xa8, 0x00, 0xff,
    0x9f, 0xa8, 0x00, 0xff, 0x9f, 0xa8, 0x00, 0xff, 0x9f, 0xa8, 0x00, 0xff, 0x9f, 0xa8, 0x00, 0xff,
    0x9f, 0xa8, 0x00, 0xff, 0x9f, 0xa8, 0x00, 0xff, 0xa2, 0xaa, 0x08, 0xff, 0xc9, 0xce, 0x6f, 0xff,
    0xed, 0xee, 0xcf, 0xff, 0xfd, 0xfd, 0xfb, 0xff, 0xff, 0xff, 0xff, 0xff, 0xff, 0xff, 0xff, 0xff,
    0xff, 0xff, 0xff, 0xff, 0xff, 0xff, 0xff, 0xff, 0xff, 0xff, 0xff, 0xff, 0xff, 0xff, 0xff, 0xff,
    0xfc, 0xfc, 0xf7, 0xff, 0xed, 0xee, 0xcf, 0xff, 0xcd, 0xd2, 0x7b, 0xff, 0xa2, 0xaa, 0x08, 0xff,
    0x9f, 0xa8, 0x00, 0xff, 0x9f, 0xa8, 0x00, 0xff, 0x9f, 0xa8, 0x00, 0xff, 0x9f, 0xa8, 0x00, 0xff,
    0x9f, 0xa8, 0x00, 0xff, 0x9f, 0xa8, 0x00, 0xff, 0x9f, 0xa8, 0x00, 0xff, 0x9f, 0xa8, 0x00, 0xff,
    0x9f, 0xa8, 0x00, 0xff, 0x9f, 0xa8, 0x00, 0xff, 0x9f, 0xa8, 0x00, 0xff, 0x9f, 0xa8, 0x00, 0xff,
    0x9f, 0xa8, 0x00, 0xff, 0x9f, 0xa8, 0x00, 0xff, 0x9f, 0xa8, 0x00, 0xff, 0x9f, 0xa8, 0x00, 0xff,
    0x9f, 0xa8, 0x00, 0xff, 0x9f, 0xa8, 0x00, 0xff, 0x9f, 0xa8, 0x00, 0xff, 0x9f, 0xa8, 0x00, 0xff,
    0x9f, 0xa8, 0x00, 0xff, 0x9f, 0xa8, 0x00, 0xff, 0x9f, 0xa8, 0x00, 0xff, 0x9f, 0xa8, 0x00, 0xff,
    0x9f, 0xa8, 0x00, 0xff, 0x9f, 0xa8, 0x00, 0xff, 0x9f, 0xa8, 0x00, 0xff, 0x9f, 0xa8, 0x00, 0xff,
    0x9f, 0xa8, 0x00, 0xff, 0x9f, 0xa8, 0x00, 0xff, 0x9f, 0xa8, 0x00, 0xff, 0x9f, 0xa8, 0x00, 0xff,
    0x9f, 0xa8, 0x00, 0xff, 0x9f, 0xa8, 0x00, 0xff, 0x9f, 0xa8, 0x00, 0xff, 0x9f, 0xa8, 0x00, 0xff,
    0x9f, 0xa8, 0x00, 0xff, 0x9f, 0xa8, 0x00, 0xff, 0x9f, 0xa8, 0x00, 0xff, 0x9f, 0xa8, 0x00, 0xff,
    0x9f, 0xa8, 0x00, 0xff, 0x9f, 0xa8, 0x00, 0xff, 0x9f, 0xa8, 0x00, 0xff, 0x9f, 0xa8, 0x00, 0xff,
    0x9f, 0xa8, 0x00, 0xff, 0x9f, 0xa8, 0x00, 0xff, 0x9f, 0xa8, 0x00, 0xff, 0x9f, 0xa8, 0x00, 0xff,
    0x9f, 0xa8, 0x00, 0xff, 0x9f, 0xa8, 0x00, 0xff, 0x9f, 0xa8, 0x00, 0xff, 0x9f, 0xa8, 0x00, 0xff,
    0x9f, 0xa8, 0x00, 0xff, 0x9f, 0xa8, 0x00, 0xff, 0x9f, 0xa8, 0x00, 0xff, 0x9f, 0xa8, 0x00, 0xff,
    0x9f, 0xa8, 0x00, 0xff, 0x9e, 0xa7, 0x00, 0xe3, 0xa0, 0xa8, 0x00, 0xcb, 0x9f, 0xa8, 0x00, 0xff,
    0x9f, 0xa8, 0x00, 0xff, 0x9f, 0xa8, 0x00, 0xff, 0x9f, 0xa8, 0x00, 0xff, 0x9f, 0xa8, 0x00, 0xff,
    0x9f, 0xa8, 0x00, 0xff, 0x9f, 0xa8, 0x00, 0xff, 0x9f, 0xa8, 0x00, 0xff, 0x9f, 0xa8, 0x00, 0xff,
    0x9f, 0xa8, 0x00, 0xff, 0x9f, 0xa8, 0x00, 0xff, 0x9f, 0xa8, 0x00, 0xff, 0x9f, 0xa8, 0x00, 0xff,
    0x9f, 0xa8, 0x00, 0xff, 0x9f, 0xa8, 0x00, 0xff, 0x9f, 0xa8, 0x00, 0xff, 0x9f, 0xa8, 0x00, 0xff,
    0x9f, 0xa8, 0x00, 0xff, 0x9f, 0xa8, 0x00, 0xff, 0x9f, 0xa8, 0x00, 0xff, 0x9f, 0xa8, 0x00, 0xff,
    0x9f, 0xa8, 0x00, 0xff, 0x9f, 0xa8, 0x00, 0xff, 0x9f, 0xa8, 0x00, 0xff, 0x9f, 0xa8, 0x00, 0xff,
    0x9f, 0xa8, 0x00, 0xff, 0x9f, 0xa8, 0x00, 0xff, 0x9f, 0xa8, 0x00, 0xff, 0x9f, 0xa8, 0x00, 0xff,
    0x9f, 0xa8, 0x00, 0xff, 0x9f, 0xa8, 0x00, 0xff, 0x9f, 0xa8, 0x00, 0xff, 0x9f, 0xa8, 0x00, 0xff,
    0x9f, 0xa8, 0x00, 0xff, 0x9f, 0xa8, 0x00, 0xff, 0x9f, 0xa8, 0x00, 0xff, 0x9f, 0xa8, 0x00, 0xff,
    0x9f, 0xa8, 0x00, 0xff, 0x9f, 0xa8, 0x00, 0xff, 0x9f, 0xa8, 0x00, 0xff, 0x9f, 0xa8, 0x00, 0xff,
    0x9f, 0xa8, 0x00, 0xff, 0x9f, 0xa8, 0x00, 0xff, 0x9f, 0xa8, 0x00, 0xff, 0x9f, 0xa8, 0x00, 0xff,
    0x9f, 0xa8, 0x00, 0xff, 0x9f, 0xa8, 0x00, 0xff, 0x9f, 0xa8, 0x00, 0xff, 0x9f, 0xa8, 0x00, 0xff,
    0x9f, 0xa8, 0x00, 0xff, 0x9f, 0xa8, 0x00, 0xff, 0x9f, 0xa8, 0x00, 0xff, 0x9f, 0xa8, 0x00, 0xff,
    0x9f, 0xa8, 0x00, 0xff, 0x9f, 0xa8, 0x00, 0xff, 0x9f, 0xa8, 0x00, 0xff, 0x9f, 0xa8, 0x00, 0xff,
    0x9f, 0xa8, 0x00, 0xff, 0x9f, 0xa8, 0x00, 0xff, 0x9f, 0xa8, 0x00, 0xff, 0x9f, 0xa8, 0x00, 0xff,
    0x9f, 0xa8, 0x00, 0xff, 0x9f, 0xa8, 0x00, 0xff, 0x9f, 0xa8, 0x00, 0xff, 0x9f, 0xa8, 0x00, 0xff,
    0x9f, 0xa8, 0x00, 0xff, 0x9f, 0xa8, 0x00, 0xff, 0x9f, 0xa8, 0x00, 0xff, 0x9f, 0xa8, 0x00, 0xff,
    0x9f, 0xa8, 0x00, 0xff, 0x9f, 0xa8, 0x00, 0xff, 0x9f, 0xa8, 0x00, 0xff, 0x9f, 0xa8, 0x00, 0xff,
    0x9f, 0xa8, 0x00, 0xff, 0x9f, 0xa8, 0x00, 0xff, 0x9f, 0xa8, 0x00, 0xff, 0x9f, 0xa8, 0x00, 0xff,
    0x9f, 0xa8, 0x00, 0xff, 0x9f, 0xa8, 0x00, 0xff, 0x9f, 0xa8, 0x00, 0xff, 0x9f, 0xa8, 0x00, 0xff,
    0x9f, 0xa8, 0x00, 0xff, 0x9f, 0xa8, 0x00, 0xff, 0x9f, 0xa8, 0x00, 0xff, 0x9f, 0xa8, 0x00, 0xff,
    0x9f, 0xa8, 0x00, 0xff, 0x9f, 0xa8, 0x00, 0xff, 0x9f, 0xa8, 0x00, 0xff, 0x9f, 0xa8, 0x00, 0xff,
    0x9f, 0xa8, 0x00, 0xff, 0x9f, 0xa8, 0x00, 0xff, 0x9f, 0xa8, 0x00, 0xff, 0x9f, 0xa8, 0x00, 0xff,
    0x9f, 0xa8, 0x00, 0xff, 0x9f, 0xa8, 0x00, 0xff, 0x9f, 0xa8, 0x00, 0xff, 0x9f, 0xa8, 0x00, 0xff,
    0x9f, 0xa8, 0x00, 0xff, 0x9f, 0xa8, 0x00, 0xff, 0x9f, 0xa8, 0x00, 0xff, 0x9f, 0xa8, 0x00, 0xff,
    0x9f, 0xa8, 0x00, 0xff, 0x9f, 0xa8, 0x00, 0xff, 0x9f, 0xa8, 0x00, 0xff, 0x9f, 0xa8, 0x00, 0xff,
    0x9f, 0xa8, 0x00, 0xff, 0x9f, 0xa8, 0x00, 0xff, 0x9f, 0xa8, 0x00, 0xff, 0x9f, 0xa8, 0x00, 0xff,
    0x9f, 0xa8, 0x00, 0xff, 0x9f, 0xa8, 0x00, 0xff, 0x9f, 0xa8, 0x00, 0xff, 0x9f, 0xa8, 0x00, 0xff,
    0x9f, 0xa8, 0x00, 0xff, 0x9f, 0xa8, 0x00, 0xff, 0x9f, 0xa8, 0x00, 0xff, 0x9f, 0xa8, 0x00, 0xff,
    0x9f, 0xa8, 0x00, 0xff, 0x9f, 0xa8, 0x00, 0xff, 0x9f, 0xa8, 0x00, 0xff, 0x9f, 0xa8, 0x00, 0xff,
    0x9f, 0xa8, 0x00, 0xff, 0x9f, 0xa8, 0x00, 0xff, 0x9f, 0xa8, 0x00, 0xff, 0x9f, 0xa8, 0x00, 0xff,
    0x9f, 0xa8, 0x00, 0xff, 0x9f, 0xa8, 0x00, 0xff, 0x9f, 0xa8, 0x00, 0xff, 0x9f, 0xa8, 0x00, 0xcf,
    0x9f, 0xa8, 0x00, 0xaf, 0x9f, 0xa8, 0x00, 0xff, 0x9f, 0xa8, 0x00, 0xff, 0x9f, 0xa8, 0x00, 0xff,
    0x9f, 0xa8, 0x00, 0xff, 0x9f, 0xa8, 0x00, 0xff, 0x9f, 0xa8, 0x00, 0xff, 0x9f, 0xa8, 0x00, 0xff,
    0x9f, 0xa8, 0x00, 0xff, 0x9f, 0xa8, 0x00, 0xff, 0x9f, 0xa8, 0x00, 0xff, 0x9f, 0xa8, 0x00, 0xff,
    0x9f, 0xa8, 0x00, 0xff, 0x9f, 0xa8, 0x00, 0xff, 0x9f, 0xa8, 0x00, 0xff, 0x9f, 0xa8, 0x00, 0xff,
    0x9f, 0xa8, 0x00, 0xff, 0x9f, 0xa8, 0x00, 0xff, 0x9f, 0xa8, 0x00, 0xff, 0x9f, 0xa8, 0x00, 0xff,
    0x9f, 0xa8, 0x00, 0xff, 0x9f, 0xa8, 0x00, 0xff, 0x9f, 0xa8, 0x00, 0xff, 0x9f, 0xa8, 0x00, 0xff,
    0x9f, 0xa8, 0x00, 0xff, 0x9f, 0xa8, 0x00, 0xff, 0x9f, 0xa8, 0x00, 0xff, 0x9f, 0xa8, 0x00, 0xff,
    0x9f, 0xa8, 0x00, 0xff, 0x9f, 0xa8, 0x00, 0xff, 0x9f, 0xa8, 0x00, 0xff, 0x9f, 0xa8, 0x00, 0xff,
    0x9f, 0xa8, 0x00, 0xff, 0x9f, 0xa8, 0x00, 0xff, 0x9f, 0xa8, 0x00, 0xff, 0x9f, 0xa8, 0x00, 0xff,
    0x9f, 0xa8, 0x00, 0xff, 0x9f, 0xa8, 0x00, 0xff, 0x9f, 0xa8, 0x00, 0xff, 0x9f, 0xa8, 0x00, 0xff,
    0x9f, 0xa8, 0x00, 0xff, 0x9f, 0xa8, 0x00, 0xff, 0x9f, 0xa8, 0x00, 0xff, 0x9f, 0xa8, 0x00, 0xff,
    0x9f, 0xa8, 0x00, 0xff, 0x9f, 0xa8, 0x00, 0xff, 0x9f, 0xa8, 0x00, 0xff, 0x9f, 0xa8, 0x00, 0xff,
    0x9f, 0xa8, 0x00, 0xff, 0x9f, 0xa8, 0x00, 0xff, 0x9f, 0xa8, 0x00, 0xff, 0x9f, 0xa8, 0x00, 0xff,
    0x9f, 0xa8, 0x00, 0xff, 0x9f, 0xa8, 0x00, 0xff, 0x9f, 0xa8, 0x00, 0xff, 0x9f, 0xa8, 0x00, 0xff,
    0x9f, 0xa8, 0x00, 0xff, 0x9f, 0xa8, 0x00, 0xff, 0x9f, 0xa8, 0x00, 0xff, 0x9f, 0xa8, 0x00, 0xff,
    0x9f, 0xa8, 0x00, 0xff, 0x9f, 0xa8, 0x00, 0xff, 0x9f, 0xa8, 0x00, 0xff, 0x9f, 0xa8, 0x00, 0xff,
    0x9f, 0xa8, 0x00, 0xff, 0x9f, 0xa8, 0x00, 0xff, 0x9f, 0xa8, 0x00, 0xff, 0x9f, 0xa8, 0x00, 0xff,
    0x9f, 0xa8, 0x00, 0xff, 0x9f, 0xa8, 0x00, 0xff, 0x9f, 0xa8, 0x00, 0xff, 0x9f, 0xa8, 0x00, 0xff,
    0x9f, 0xa8, 0x00, 0xff, 0x9f, 0xa8, 0x00, 0xff, 0x9f, 0xa8, 0x00, 0xff, 0x9f, 0xa8, 0x00, 0xff,
    0x9f, 0xa8, 0x00, 0xff, 0x9f, 0xa8, 0x00, 0xff, 0x9f, 0xa8, 0x00, 0xff, 0x9f, 0xa8, 0x00, 0xff,
    0x9f, 0xa8, 0x00, 0xff, 0x9f, 0xa8, 0x00, 0xff, 0x9f, 0xa8, 0x00, 0xff, 0x9f, 0xa8, 0x00, 0xff,
    0x9f, 0xa8, 0x00, 0xff, 0x9f, 0xa8, 0x00, 0xff, 0x9f, 0xa8, 0x00, 0xff, 0x9f, 0xa8, 0x00, 0xff,
    0x9f, 0xa8, 0x00, 0xff, 0x9f, 0xa8, 0x00, 0xff, 0x9f, 0xa8, 0x00, 0xff, 0x9f, 0xa8, 0x00, 0xff,
    0x9f, 0xa8, 0x00, 0xff, 0x9f, 0xa8, 0x00, 0xff, 0x9f, 0xa8, 0x00, 0xff, 0x9f, 0xa8, 0x00, 0xff,
    0x9f, 0xa8, 0x00, 0xff, 0x9f, 0xa8, 0x00, 0xff, 0x9f, 0xa8, 0x00, 0xff, 0x9f, 0xa8, 0x00, 0xff,
    0x9f, 0xa8, 0x00, 0xff, 0x9f, 0xa8, 0x00, 0xff, 0x9f, 0xa8, 0x00, 0xff, 0x9f, 0xa8, 0x00, 0xff,
    0x9f, 0xa8, 0x00, 0xff, 0x9f, 0xa8, 0x00, 0xff, 0x9f, 0xa8, 0x00, 0xff, 0x9f, 0xa8, 0x00, 0xff,
    0x9f, 0xa8, 0x00, 0xff, 0x9f, 0xa8, 0x00, 0xff, 0x9f, 0xa8, 0x00, 0xff, 0x9f, 0xa8, 0x00, 0xff,
    0x9f, 0xa8, 0x00, 0xff, 0x9f, 0xa8, 0x00, 0xff, 0x9f, 0xa8, 0x00, 0xff, 0x9f, 0xa8, 0x00, 0xff,
    0x9f, 0xa8, 0x00, 0xff, 0x9f, 0xa8, 0x00, 0xff, 0x9f, 0xa8, 0x00, 0xff, 0x9f, 0xa8, 0x00, 0xff,
    0x9f, 0xa8, 0x00, 0xff, 0x9f, 0xa8, 0x00, 0xff, 0x9f, 0xa8, 0x00, 0xff, 0x9f, 0xa8, 0x00, 0xff,
    0x9f, 0xa8, 0x00, 0xff, 0x9f, 0xa8, 0x00, 0xff, 0x9f, 0xa8, 0x00, 0xff, 0x9f, 0xa8, 0x00, 0xff,
    0x9f, 0xa8, 0x00, 0xff, 0xa0, 0xa9, 0x00, 0xab, 0xa0, 0xa7, 0x00, 0x83, 0x9f, 0xa8, 0x00, 0xff,
    0x9f, 0xa8, 0x00, 0xff, 0x9f, 0xa8, 0x00, 0xff, 0x9f, 0xa8, 0x00, 0xff, 0x9f, 0xa8, 0x00, 0xff,
    0x9f, 0xa8, 0x00, 0xff, 0x9f, 0xa8, 0x00, 0xff, 0x9f, 0xa8, 0x00, 0xff, 0x9f, 0xa8, 0x00, 0xff,
    0x9f, 0xa8, 0x00, 0xff, 0x9f, 0xa8, 0x00, 0xff, 0x9f, 0xa8, 0x00, 0xff, 0x9f, 0xa8, 0x00, 0xff,
    0x9f, 0xa8, 0x00, 0xff, 0x9f, 0xa8, 0x00, 0xff, 0x9f, 0xa8, 0x00, 0xff, 0x9f, 0xa8, 0x00, 0xff,
    0x9f, 0xa8, 0x00, 0xff, 0x9f, 0xa8, 0x00, 0xff, 0x9f, 0xa8, 0x00, 0xff, 0x9f, 0xa8, 0x00, 0xff,
    0x9f, 0xa8, 0x00, 0xff, 0x9f, 0xa8, 0x00, 0xff, 0x9f, 0xa8, 0x00, 0xff, 0x9f, 0xa8, 0x00, 0xff,
    0x9f, 0xa8, 0x00, 0xff, 0x9f, 0xa8, 0x00, 0xff, 0x9f, 0xa8, 0x00, 0xff, 0x9f, 0xa8, 0x00, 0xff,
    0x9f, 0xa8, 0x00, 0xff, 0x9f, 0xa8, 0x00, 0xff, 0x9f, 0xa8, 0x00, 0xff, 0x9f, 0xa8, 0x00, 0xff,
    0x9f, 0xa8, 0x00, 0xff, 0x9f, 0xa8, 0x00, 0xff, 0x9f, 0xa8, 0x00, 0xff, 0x9f, 0xa8, 0x00, 0xff,
    0x9f, 0xa8, 0x00, 0xff, 0x9f, 0xa8, 0x00, 0xff, 0x9f, 0xa8, 0x00, 0xff, 0x9f, 0xa8, 0x00, 0xff,
    0x9f, 0xa8, 0x00, 0xff, 0x9f, 0xa8, 0x00, 0xff, 0x9f, 0xa8, 0x00, 0xff, 0x9f, 0xa8, 0x00, 0xff,
    0x9f, 0xa8, 0x00, 0xff, 0x9f, 0xa8, 0x00, 0xff, 0x9f, 0xa8, 0x00, 0xff, 0x9f, 0xa8, 0x00, 0xff,
    0x9f, 0xa8, 0x00, 0xff, 0x9f, 0xa8, 0x00, 0xff, 0x9f, 0xa8, 0x00, 0xff, 0x9f, 0xa8, 0x00, 0xff,
    0x9f, 0xa8, 0x00, 0xff, 0x9f, 0xa8, 0x00, 0xff, 0x9f, 0xa8, 0x00, 0xff, 0x9f, 0xa8, 0x00, 0xff,
    0x9f, 0xa8, 0x00, 0xff, 0x9f, 0xa8, 0x00, 0xff, 0x9f, 0xa8, 0x00, 0xff, 0x9f, 0xa8, 0x00, 0xff,
    0x9f, 0xa8, 0x00, 0xff, 0x9f, 0xa8, 0x00, 0xff, 0x9f, 0xa8, 0x00, 0xff, 0x9f, 0xa8, 0x00, 0xff,
    0x9f, 0xa8, 0x00, 0xff, 0x9f, 0xa8, 0x00, 0xff, 0x9f, 0xa8, 0x00, 0xff, 0x9f, 0xa8, 0x00, 0xff,
    0x9f, 0xa8, 0x00, 0xff, 0x9f, 0xa8, 0x00, 0xff, 0x9f, 0xa8, 0x00, 0xff, 0x9f, 0xa8, 0x00, 0xff,
    0x9f, 0xa8, 0x00, 0xff, 0x9f, 0xa8, 0x00, 0xff, 0x9f, 0xa8, 0x00, 0xff, 0x9f, 0xa8, 0x00, 0xff,
    0x9f, 0xa8, 0x00, 0xff, 0x9f, 0xa8, 0x00, 0xff, 0x9f, 0xa8, 0x00, 0xff, 0x9f, 0xa8, 0x00, 0xff,
    0x9f, 0xa8, 0x00, 0xff, 0x9f, 0xa8, 0x00, 0xff, 0x9f, 0xa8, 0x00, 0xff, 0x9f, 0xa8, 0x00, 0xff,
    0x9f, 0xa8, 0x00, 0xff, 0x9f, 0xa8, 0x00, 0xff, 0x9f, 0xa8, 0x00, 0xff, 0x9f, 0xa8, 0x00, 0xff,
    0x9f, 0xa8, 0x00, 0xff, 0x9f, 0xa8, 0x00, 0xff, 0x9f, 0xa8, 0x00, 0xff, 0x9f, 0xa8, 0x00, 0xff,
    0x9f, 0xa8, 0x00, 0xff, 0x9f, 0xa8, 0x00, 0xff, 0x9f, 0xa8, 0x00, 0xff, 0x9f, 0xa8, 0x00, 0xff,
    0x9f, 0xa8, 0x00, 0xff, 0x9f, 0xa8, 0x00, 0xff, 0x9f, 0xa8, 0x00, 0xff, 0x9f, 0xa8, 0x00, 0xff,
    0x9f, 0xa8, 0x00, 0xff, 0x9f, 0xa8, 0x00, 0xff, 0x9f, 0xa8, 0x00, 0xff, 0x9f, 0xa8, 0x00, 0xff,
    0x9f, 0xa8, 0x00, 0xff, 0x9f, 0xa8, 0x00, 0xff, 0x9f, 0xa8, 0x00, 0xff, 0x9f, 0xa8, 0x00, 0xff,
    0x9f, 0xa8, 0x00, 0xff, 0x9f, 0xa8, 0x00, 0xff, 0x9f, 0xa8, 0x00, 0xff, 0x9f, 0xa8, 0x00, 0xff,
    0x9f, 0xa8, 0x00, 0xff, 0x9f, 0xa8, 0x00, 0xff, 0x9f, 0xa8, 0x00, 0xff, 0x9f, 0xa8, 0x00, 0xff,
    0x9f, 0xa8, 0x00, 0xff, 0x9f, 0xa8, 0x00, 0xff, 0x9f, 0xa8, 0x00, 0xff, 0x9f, 0xa8, 0x00, 0xff,
    0x9f, 0xa8, 0x00, 0xff, 0x9f, 0xa8, 0x00, 0xff, 0x9f, 0xa8, 0x00, 0xff, 0x9f, 0xa8, 0x00, 0xff,
    0x9f, 0xa8, 0x00, 0xff, 0x9f, 0xa8, 0x00, 0xff, 0x9f, 0xa8, 0x00, 0xff, 0x9f, 0xa8, 0x00, 0x87,
    0xa0, 0xa9, 0x00, 0x53, 0x9f, 0xa8, 0x00, 0xff, 0x9f, 0xa8, 0x00, 0xff, 0x9f, 0xa8, 0x00, 0xff,
    0x9f, 0xa8, 0x00, 0xff, 0x9f, 0xa8, 0x00, 0xff, 0x9f, 0xa8, 0x00, 0xff, 0x9f, 0xa8, 0x00, 0xff,
    0x9f, 0xa8, 0x00, 0xff, 0x9f, 0xa8, 0x00, 0xff, 0x9f, 0xa8, 0x00, 0xff, 0x9f, 0xa8, 0x00, 0xff,
    0x9f, 0xa8, 0x00, 0xff, 0x9f, 0xa8, 0x00, 0xff, 0x9f, 0xa8, 0x00, 0xff, 0x9f, 0xa8, 0x00, 0xff,
    0x9f, 0xa8, 0x00, 0xff, 0x9f, 0xa8, 0x00, 0xff, 0x9f, 0xa8, 0x00, 0xff, 0x9f, 0xa8, 0x00, 0xff,
    0x9f, 0xa8, 0x00, 0xff, 0x9f, 0xa8, 0x00, 0xff, 0x9f, 0xa8, 0x00, 0xff, 0x9f, 0xa8, 0x00, 0xff,
    0x9f, 0xa8, 0x00, 0xff, 0x9f, 0xa8, 0x00, 0xff, 0x9f, 0xa8, 0x00, 0xff, 0x9f, 0xa8, 0x00, 0xff,
    0x9f, 0xa8, 0x00, 0xff, 0x9f, 0xa8, 0x00, 0xff, 0x9f, 0xa8, 0x00, 0xff, 0x9f, 0xa8, 0x00, 0xff,
    0x9f, 0xa8, 0x00, 0xff, 0x9f, 0xa8, 0x00, 0xff, 0x9f, 0xa8, 0x00, 0xff, 0x9f, 0xa8, 0x00, 0xff,
    0x9f, 0xa8, 0x00, 0xff, 0x9f, 0xa8, 0x00, 0xff, 0x9f, 0xa8, 0x00, 0xff, 0x9f, 0xa8, 0x00, 0xff,
    0x9f, 0xa8, 0x00, 0xff, 0x9f, 0xa8, 0x00, 0xff, 0x9f, 0xa8, 0x00, 0xff, 0x9f, 0xa8, 0x00, 0xff,
    0x9f, 0xa8, 0x00, 0xff, 0x9f, 0xa8, 0x00, 0xff, 0x9f, 0xa8, 0x00, 0xff, 0x9f, 0xa8, 0x00, 0xff,
    0x9f, 0xa8, 0x00, 0xff, 0x9f, 0xa8, 0x00, 0xff, 0x9f, 0xa8, 0x00, 0xff, 0x9f, 0xa8, 0x00, 0xff,
    0x9f, 0xa8, 0x00, 0xff, 0x9f, 0xa8, 0x00, 0xff, 0x9f, 0xa8, 0x00, 0xff, 0x9f, 0xa8, 0x00, 0xff,
    0x9f, 0xa8, 0x00, 0xff, 0x9f, 0xa8, 0x00, 0xff, 0x9f, 0xa8, 0x00, 0xff, 0x9f, 0xa8, 0x00, 0xff,
    0x9f, 0xa8, 0x00, 0xff, 0x9f, 0xa8, 0x00, 0xff, 0x9f, 0xa8, 0x00, 0xff, 0x9f, 0xa8, 0x00, 0xff,
    0x9f, 0xa8, 0x00, 0xff, 0x9f, 0xa8, 0x00, 0xff, 0x9f, 0xa8, 0x00, 0xff, 0x9f, 0xa8, 0x00, 0xff,
    0x9f, 0xa8, 0x00, 0xff, 0x9f, 0xa8, 0x00, 0xff, 0x9f, 0xa8, 0x00, 0xff, 0x9f, 0xa8, 0x00, 0xff,
    0x9f, 0xa8, 0x00, 0xff, 0x9f, 0xa8, 0x00, 0xff, 0x9f, 0xa8, 0x00, 0xff, 0x9f, 0xa8, 0x00, 0xff,
    0x9f, 0xa8, 0x00, 0xff, 0x9f, 0xa8, 0x00, 0xff, 0x9f, 0xa8, 0x00, 0xff, 0x9f, 0xa8, 0x00, 0xff,
    0x9f, 0xa8, 0x00, 0xff, 0x9f, 0xa8, 0x00, 0xff, 0x9f, 0xa8, 0x00, 0xff, 0x9f, 0xa8, 0x00, 0xff,
    0x9f, 0xa8, 0x00, 0xff, 0x9f, 0xa8, 0x00, 0xff, 0x9f, 0xa8, 0x00, 0xff, 0x9f, 0xa8, 0x00, 0xff,
    0x9f, 0xa8, 0x00, 0xff, 0x9f, 0xa8, 0x00, 0xff, 0x9f, 0xa8, 0x00, 0xff, 0x9f, 0xa8, 0x00, 0xff,
    0x9f, 0xa8, 0x00, 0xff, 0x9f, 0xa8, 0x00, 0xff, 0x9f, 0xa8, 0x00, 0xff, 0x9f, 0xa8, 0x00, 0xff,
    0x9f, 0xa8, 0x00, 0xff, 0x9f, 0xa8, 0x00, 0xff, 0x9f, 0xa8, 0x00, 0xff, 0x9f, 0xa8, 0x00, 0xff,
    0x9f, 0xa8, 0x00, 0xff, 0x9f, 0xa8, 0x00, 0xff, 0x9f, 0xa8, 0x00, 0xff, 0x9f, 0xa8, 0x00, 0xff,
    0x9f, 0xa8, 0x00, 0xff, 0x9f, 0xa8, 0x00, 0xff, 0x9f, 0xa8, 0x00, 0xff, 0x9f, 0xa8, 0x00, 0xff,
    0x9f, 0xa8, 0x00, 0xff, 0x9f, 0xa8, 0x00, 0xff, 0x9f, 0xa8, 0x00, 0xff, 0x9f, 0xa8, 0x00, 0xff,
    0x9f, 0xa8, 0x00, 0xff, 0x9f, 0xa8, 0x00, 0xff, 0x9f, 0xa8, 0x00, 0xff, 0x9f, 0xa8, 0x00, 0xff,
    0x9f, 0xa8, 0x00, 0xff, 0x9f, 0xa8, 0x00, 0xff, 0x9f, 0xa8, 0x00, 0xff, 0x9f, 0xa8, 0x00, 0xff,
    0x9f, 0xa8, 0x00, 0xff, 0x9f, 0xa8, 0x00, 0xff, 0x9f, 0xa8, 0x00, 0xff, 0x9f, 0xa8, 0x00, 0xff,
    0x9f, 0xa8, 0x00, 0xff, 0x9f, 0xa8, 0x00, 0xff, 0x9f, 0xa8, 0x00, 0xff, 0x9f, 0xa8, 0x00, 0xff,
    0x9f, 0xa8, 0x00, 0xff, 0xa0, 0xa9, 0x00, 0x53, 0x9b, 0xa4, 0x00, 0x1c, 0x9f, 0xa8, 0x00, 0xff,
    0x9f, 0xa8, 0x00, 0xff, 0x9f, 0xa8, 0x00, 0xff, 0x9f, 0xa8, 0x00, 0xff, 0x9f, 0xa8, 0x00, 0xff,
    0x9f, 0xa8, 0x00, 0xff, 0x9f, 0xa8, 0x00, 0xff, 0x9f, 0xa8, 0x00, 0xff, 0x9f, 0xa8, 0x00, 0xff,
    0x9f, 0xa8, 0x00, 0xff, 0x9f, 0xa8, 0x00, 0xff, 0x9f, 0xa8, 0x00, 0xff, 0x9f, 0xa8, 0x00, 0xff,
    0x9f, 0xa8, 0x00, 0xff, 0x9f, 0xa8, 0x00, 0xff, 0x9f, 0xa8, 0x00, 0xff, 0x9f, 0xa8, 0x00, 0xff,
    0x9f, 0xa8, 0x00, 0xff, 0x9f, 0xa8, 0x00, 0xff, 0x9f, 0xa8, 0x00, 0xff, 0x9f, 0xa8, 0x00, 0xff,
    0x9f, 0xa8, 0x00, 0xff, 0x9f, 0xa8, 0x00, 0xff, 0x9f, 0xa8, 0x00, 0xff, 0x9f, 0xa8, 0x00, 0xff,
    0x9f, 0xa8, 0x00, 0xff, 0x9f, 0xa8, 0x00, 0xff, 0x9f, 0xa8, 0x00, 0xff, 0x9f, 0xa8, 0x00, 0xff,
    0x9f, 0xa8, 0x00, 0xff, 0x9f, 0xa8, 0x00, 0xff, 0x9f, 0xa8, 0x00, 0xff, 0x9f, 0xa8, 0x00, 0xff,
    0x9f, 0xa8, 0x00, 0xff, 0x9f, 0xa8, 0x00, 0xff, 0x9f, 0xa8, 0x00, 0xff, 0x9f, 0xa8, 0x00, 0xff,
    0x9f, 0xa8, 0x00, 0xff, 0x9f, 0xa8, 0x00, 0xff, 0x9f, 0xa8, 0x00, 0xff, 0x9f, 0xa8, 0x00, 0xff,
    0x9f, 0xa8, 0x00, 0xff, 0x9f, 0xa8, 0x00, 0xff, 0x9f, 0xa8, 0x00, 0xff, 0x9f, 0xa8, 0x00, 0xff,
    0x9f, 0xa8, 0x00, 0xff, 0x9f, 0xa8, 0x00, 0xff, 0x9f, 0xa8, 0x00, 0xff, 0x9f, 0xa8, 0x00, 0xff,
    0x9f, 0xa8, 0x00, 0xff, 0x9f, 0xa8, 0x00, 0xff, 0x9f, 0xa8, 0x00, 0xff, 0x9f, 0xa8, 0x00, 0xff,
    0x9f, 0xa8, 0x00, 0xff, 0x9f, 0xa8, 0x00, 0xff, 0x9f, 0xa8, 0x00, 0xff, 0x9f, 0xa8, 0x00, 0xff,
    0x9f, 0xa8, 0x00, 0xff, 0x9f, 0xa8, 0x00, 0xff, 0x9f, 0xa8, 0x00, 0xff, 0x9f, 0xa8, 0x00, 0xff,
    0x9f, 0xa8, 0x00, 0xff, 0x9f, 0xa8, 0x00, 0xff, 0x9f, 0xa8, 0x00, 0xff, 0x9f, 0xa8, 0x00, 0xff,
    0x9f, 0xa8, 0x00, 0xff, 0x9f, 0xa8, 0x00, 0xff, 0x9f, 0xa8, 0x00, 0xff, 0x9f, 0xa8, 0x00, 0xff,
    0x9f, 0xa8, 0x00, 0xff, 0x9f, 0xa8, 0x00, 0xff, 0x9f, 0xa8, 0x00, 0xff, 0x9f, 0xa8, 0x00, 0xff,
    0x9f, 0xa8, 0x00, 0xff, 0x9f, 0xa8, 0x00, 0xff, 0x9f, 0xa8, 0x00, 0xff, 0x9f, 0xa8, 0x00, 0xff,
    0x9f, 0xa8, 0x00, 0xff, 0x9f, 0xa8, 0x00, 0xff, 0x9f, 0xa8, 0x00, 0xff, 0x9f, 0xa8, 0x00, 0xff,
    0x9f, 0xa8, 0x00, 0xff, 0x9f, 0xa8, 0x00, 0xff, 0x9f, 0xa8, 0x00, 0xff, 0x9f, 0xa8, 0x00, 0xff,
    0x9f, 0xa8, 0x00, 0xff, 0x9f, 0xa8, 0x00, 0xff, 0x9f, 0xa8, 0x00, 0xff, 0x9f, 0xa8, 0x00, 0xff,
    0x9f, 0xa8, 0x00, 0xff, 0x9f, 0xa8, 0x00, 0xff, 0x9f, 0xa8, 0x00, 0xff, 0x9f, 0xa8, 0x00, 0xff,
    0x9f, 0xa8, 0x00, 0xff, 0x9f, 0xa8, 0x00, 0xff, 0x9f, 0xa8, 0x00, 0xff, 0x9f, 0xa8, 0x00, 0xff,
    0x9f, 0xa8, 0x00, 0xff, 0x9f, 0xa8, 0x00, 0xff, 0x9f, 0xa8, 0x00, 0xff, 0x9f, 0xa8, 0x00, 0xff,
    0x9f, 0xa8, 0x00, 0xff, 0x9f, 0xa8, 0x00, 0xff, 0x9f, 0xa8, 0x00, 0xff, 0x9f, 0xa8, 0x00, 0xff,
    0x9f, 0xa8, 0x00, 0xff, 0x9f, 0xa8, 0x00, 0xff, 0x9f, 0xa8, 0x00, 0xff, 0x9f, 0xa8, 0x00, 0xff,
    0x9f, 0xa8, 0x00, 0xff, 0x9f, 0xa8, 0x00, 0xff, 0x9f, 0xa8, 0x00, 0xff, 0x9f, 0xa8, 0x00, 0xff,
    0x9f, 0xa8, 0x00, 0xff, 0x9f, 0xa8, 0x00, 0xff, 0x9f, 0xa8, 0x00, 0xff, 0x9f, 0xa8, 0x00, 0xff,
    0x9f, 0xa8, 0x00, 0xff, 0x9f, 0xa8, 0x00, 0xff, 0x9f, 0xa8, 0x00, 0xff, 0x9f, 0xa8, 0x00, 0xff,
    0x9f, 0xa8, 0x00, 0xff, 0x9f, 0xa8, 0x00, 0xff, 0x9f, 0xa8, 0x00, 0xff, 0x9f, 0xa8, 0x00, 0xff,
    0x9f, 0xa8, 0x00, 0xff, 0x9f, 0xa8, 0x00, 0xff, 0x9f, 0xa8, 0x00, 0xff, 0x9b, 0xa4, 0x00, 0x1c,
    0x00, 0x00, 0x00, 0x00, 0x9e, 0xa8, 0x00, 0xdb, 0x9f, 0xa8, 0x00, 0xff, 0x9f, 0xa8, 0x00, 0xff,
    0x9f, 0xa8, 0x00, 0xff, 0x9f, 0xa8, 0x00, 0xff, 0x9f, 0xa8, 0x00, 0xff, 0x9f, 0xa8, 0x00, 0xff,
    0x9f, 0xa8, 0x00, 0xff, 0x9f, 0xa8, 0x00, 0xff, 0x9f, 0xa8, 0x00, 0xff, 0x9f, 0xa8, 0x00, 0xff,
    0x9f, 0xa8, 0x00, 0xff, 0x9f, 0xa8, 0x00, 0xff, 0x9f, 0xa8, 0x00, 0xff, 0x9f, 0xa8, 0x00, 0xff,
    0x9f, 0xa8, 0x00, 0xff, 0x9f, 0xa8, 0x00, 0xff, 0x9f, 0xa8, 0x00, 0xff, 0x9f, 0xa8, 0x00, 0xff,
    0x9f, 0xa8, 0x00, 0xff, 0x9f, 0xa8, 0x00, 0xff, 0x9f, 0xa8, 0x00, 0xff, 0x9f, 0xa8, 0x00, 0xff,
    0x9f, 0xa8, 0x00, 0xff, 0x9f, 0xa8, 0x00, 0xff, 0x9f, 0xa8, 0x00, 0xff, 0x9f, 0xa8, 0x00, 0xff,
    0x9f, 0xa8, 0x00, 0xff, 0x9f, 0xa8, 0x00, 0xff, 0x9f, 0xa8, 0x00, 0xff, 0x9f, 0xa8, 0x00, 0xff,
    0x9f, 0xa8, 0x00, 0xff, 0x9f, 0xa8, 0x00, 0xff, 0x9f, 0xa8, 0x00, 0xff, 0x9f, 0xa8, 0x00, 0xff,
    0x9f, 0xa8, 0x00, 0xff, 0x9f, 0xa8, 0x00, 0xff, 0x9f, 0xa8, 0x00, 0xff, 0x9f, 0xa8, 0x00, 0xff,
    0x9f, 0xa8, 0x00, 0xff, 0x9f, 0xa8, 0x00, 0xff, 0x9f, 0xa8, 0x00, 0xff, 0x9f, 0xa8, 0x00, 0xff,
    0x9f, 0xa8, 0x00, 0xff, 0x9f, 0xa8, 0x00, 0xff, 0x9f, 0xa8, 0x00, 0xff, 0x9f, 0xa8, 0x00, 0xff,
    0x9f, 0xa8, 0x00, 0xff, 0x9f, 0xa8, 0x00, 0xff, 0x9f, 0xa8, 0x00, 0xff, 0x9f, 0xa8, 0x00, 0xff,
    0x9f, 0xa8, 0x00, 0xff, 0x9f, 0xa8, 0x00, 0xff, 0x9f, 0xa8, 0x00, 0xff, 0x9f, 0xa8, 0x00, 0xff,
    0x9f, 0xa8, 0x00, 0xff, 0x9f, 0xa8, 0x00, 0xff, 0x9f, 0xa8, 0x00, 0xff, 0x9f, 0xa8, 0x00, 0xff,
    0x9f, 0xa8, 0x00, 0xff, 0x9f, 0xa8, 0x00, 0xff, 0x9f, 0xa8, 0x00, 0xff, 0x9f, 0xa8, 0x00, 0xff,
    0x9f, 0xa8, 0x00, 0xff, 0x9f, 0xa8, 0x00, 0xff, 0x9f, 0xa8, 0x00, 0xff, 0x9f, 0xa8, 0x00, 0xff,
    0x9f, 0xa8, 0x00, 0xff, 0x9f, 0xa8, 0x00, 0xff, 0x9f, 0xa8, 0x00, 0xff, 0x9f, 0xa8, 0x00, 0xff,
    0x9f, 0xa8, 0x00, 0xff, 0x9f, 0xa8, 0x00, 0xff, 0x9f, 0xa8, 0x00, 0xff, 0x9f, 0xa8, 0x00, 0xff,
    0x9f, 0xa8, 0x00, 0xff, 0x9f, 0xa8, 0x00, 0xff, 0x9f, 0xa8, 0x00, 0xff, 0x9f, 0xa8, 0x00, 0xff,
    0x9f, 0xa8, 0x00, 0xff, 0x9f, 0xa8, 0x00, 0xff, 0x9f, 0xa8, 0x00, 0xff, 0x9f, 0xa8, 0x00, 0xff,
    0x9f, 0xa8, 0x00, 0xff, 0x9f, 0xa8, 0x00, 0xff, 0x9f, 0xa8, 0x00, 0xff, 0x9f, 0xa8, 0x00, 0xff,
    0x9f, 0xa8, 0x00, 0xff, 0x9f, 0xa8, 0x00, 0xff, 0x9f, 0xa8, 0x00, 0xff, 0x9f, 0xa8, 0x00, 0xff,
    0x9f, 0xa8, 0x00, 0xff, 0x9f, 0xa8, 0x00, 0xff, 0x9f, 0xa8, 0x00, 0xff, 0x9f, 0xa8, 0x00, 0xff,
    0x9f, 0xa8, 0x00, 0xff, 0x9f, 0xa8, 0x00, 0xff, 0x9f, 0xa8, 0x00, 0xff, 0x9f, 0xa8, 0x00, 0xff,
    0x9f, 0xa8, 0x00, 0xff, 0x9f, 0xa8, 0x00, 0xff, 0x9f, 0xa8, 0x00, 0xff, 0x9f, 0xa8, 0x00, 0xff,
    0x9f, 0xa8, 0x00, 0xff, 0x9f, 0xa8, 0x00, 0xff, 0x9f, 0xa8, 0x00, 0xff, 0x9f, 0xa8, 0x00, 0xff,
    0x9f, 0xa8, 0x00, 0xff, 0x9f, 0xa8, 0x00, 0xff, 0x9f, 0xa8, 0x00, 0xff, 0x9f, 0xa8, 0x00, 0xff,
    0x9f, 0xa8, 0x00, 0xff, 0x9f, 0xa8, 0x00, 0xff, 0x9f, 0xa8, 0x00, 0xff, 0x9f, 0xa8, 0x00, 0xff,
    0x9f, 0xa8, 0x00, 0xff, 0x9f, 0xa8, 0x00, 0xff, 0x9f, 0xa8, 0x00, 0xff, 0x9f, 0xa8, 0x00, 0xff,
    0x9f, 0xa8, 0x00, 0xff, 0x9f, 0xa8, 0x00, 0xff, 0x9f, 0xa8, 0x00, 0xff, 0x9f, 0xa8, 0x00, 0xff,
    0x9f, 0xa8, 0x00, 0xff, 0x9f, 0xa8, 0x00, 0xff, 0x9f, 0xa8, 0x00, 0xff, 0x9f, 0xa8, 0x00, 0xff,
    0x9f, 0xa7, 0x00, 0xd7, 0x00, 0x00, 0x00, 0x00, 0x00, 0x00, 0x00, 0x00, 0xa0, 0xa7, 0x00, 0x8b,
    0x9f, 0xa8, 0x00, 0xff, 0x9f, 0xa8, 0x00, 0xff, 0x9f, 0xa8, 0x00, 0xff, 0x9f, 0xa8, 0x00, 0xff,
    0x9f, 0xa8, 0x00, 0xff, 0x9f, 0xa8, 0x00, 0xff, 0x9f, 0xa8, 0x00, 0xff, 0x9f, 0xa8, 0x00, 0xff,
    0x9f, 0xa8, 0x00, 0xff, 0x9f, 0xa8, 0x00, 0xff, 0x9f, 0xa8, 0x00, 0xff, 0x9f, 0xa8, 0x00, 0xff,
    0x9f, 0xa8, 0x00, 0xff, 0x9f, 0xa8, 0x00, 0xff, 0x9f, 0xa8, 0x00, 0xff, 0x9f, 0xa8, 0x00, 0xff,
    0x9f, 0xa8, 0x00, 0xff, 0x9f, 0xa8, 0x00, 0xff, 0x9f, 0xa8, 0x00, 0xff, 0x9f, 0xa8, 0x00, 0xff,
    0x9f, 0xa8, 0x00, 0xff, 0x9f, 0xa8, 0x00, 0xff, 0x9f, 0xa8, 0x00, 0xff, 0x9f, 0xa8, 0x00, 0xff,
    0x9f, 0xa8, 0x00, 0xff, 0x9f, 0xa8, 0x00, 0xff, 0x9f, 0xa8, 0x00, 0xff, 0x9f, 0xa8, 0x00, 0xff,
    0x9f, 0xa8, 0x00, 0xff, 0x9f, 0xa8, 0x00, 0xff, 0x9f, 0xa8, 0x00, 0xff, 0x9f, 0xa8, 0x00, 0xff,
    0x9f, 0xa8, 0x00, 0xff, 0x9f, 0xa8, 0x00, 0xff, 0x9f, 0xa8, 0x00, 0xff, 0x9f, 0xa8, 0x00, 0xff,
    0x9f, 0xa8, 0x00, 0xff, 0x9f, 0xa8, 0x00, 0xff, 0x9f, 0xa8, 0x00, 0xff, 0x9f, 0xa8, 0x00, 0xff,
    0x9f, 0xa8, 0x00, 0xff, 0x9f, 0xa8, 0x00, 0xff, 0x9f, 0xa8, 0x00, 0xff, 0x9f, 0xa8, 0x00, 0xff,
    0x9f, 0xa8, 0x00, 0xff, 0x9f, 0xa8, 0x00, 0xff, 0x9f, 0xa8, 0x00, 0xff, 0x9f, 0xa8, 0x00, 0xff,
    0x9f, 0xa8, 0x00, 0xff, 0x9f, 0xa8, 0x00, 0xff, 0x9f, 0xa8, 0x00, 0xff, 0x9f, 0xa8, 0x00, 0xff,
    0x9f, 0xa8, 0x00, 0xff, 0x9f, 0xa8, 0x00, 0xff, 0x9f, 0xa8, 0x00, 0xff, 0x9f, 0xa8, 0x00, 0xff,
    0x9f, 0xa8, 0x00, 0xff, 0x9f, 0xa8, 0x00, 0xff, 0x9f, 0xa8, 0x00, 0xff, 0x9f, 0xa8, 0x00, 0xff,
    0x9f, 0xa8, 0x00, 0xff, 0x9f, 0xa8, 0x00, 0xff, 0x9f, 0xa8, 0x00, 0xff, 0x9f, 0xa8, 0x00, 0xff,
    0x9f, 0xa8, 0x00, 0xff, 0x9f, 0xa8, 0x00, 0xff, 0x9f, 0xa8, 0x00, 0xff, 0x9f, 0xa8, 0x00, 0xff,
    0x9f, 0xa8, 0x00, 0xff, 0x9f, 0xa8, 0x00, 0xff, 0x9f, 0xa8, 0x00, 0xff, 0x9f, 0xa8, 0x00, 0xff,
    0x9f, 0xa8, 0x00, 0xff, 0x9f, 0xa8, 0x00, 0xff, 0x9f, 0xa8, 0x00, 0xff, 0x9f, 0xa8, 0x00, 0xff,
    0x9f, 0xa8, 0x00, 0xff, 0x9f, 0xa8, 0x00, 0xff, 0x9f, 0xa8, 0x00, 0xff, 0x9f, 0xa8, 0x00, 0xff,
    0x9f, 0xa8, 0x00, 0xff, 0x9f, 0xa8, 0x00, 0xff, 0x9f, 0xa8, 0x00, 0xff, 0x9f, 0xa8, 0x00, 0xff,
    0x9f, 0xa8, 0x00, 0xff, 0x9f, 0xa8, 0x00, 0xff, 0x9f, 0xa8, 0x00, 0xff, 0x9f, 0xa8, 0x00, 0xff,
    0x9f, 0xa8, 0x00, 0xff, 0x9f, 0xa8, 0x00, 0xff, 0x9f, 0xa8, 0x00, 0xff, 0x9f, 0xa8, 0x00, 0xff,
    0x9f, 0xa8, 0x00, 0xff, 0x9f, 0xa8, 0x00, 0xff, 0x9f, 0xa8, 0x00, 0xff, 0x9f, 0xa8, 0x00, 0xff,
    0x9f, 0xa8, 0x00, 0xff, 0x9f, 0xa8, 0x00, 0xff, 0x9f, 0xa8, 0x00, 0xff, 0x9f, 0xa8, 0x00, 0xff,
    0x9f, 0xa8, 0x00, 0xff, 0x9f, 0xa8, 0x00, 0xff, 0x9f, 0xa8, 0x00, 0xff, 0x9f, 0xa8, 0x00, 0xff,
    0x9f, 0xa8, 0x00, 0xff, 0x9f, 0xa8, 0x00, 0xff, 0x9f, 0xa8, 0x00, 0xff, 0x9f, 0xa8, 0x00, 0xff,
    0x9f, 0xa8, 0x00, 0xff, 0x9f, 0xa8, 0x00, 0xff, 0x9f, 0xa8, 0x00, 0xff, 0x9f, 0xa8, 0x00, 0xff,
    0x9f, 0xa8, 0x00, 0xff, 0x9f, 0xa8, 0x00, 0xff, 0x9f, 0xa8, 0x00, 0xff, 0x9f, 0xa8, 0x00, 0xff,
    0x9f, 0xa8, 0x00, 0xff, 0x9f, 0xa8, 0x00, 0xff, 0x9f, 0xa8, 0x00, 0xff, 0x9f, 0xa8, 0x00, 0xff,
    0x9f, 0xa8, 0x00, 0xff, 0x9f, 0xa8, 0x00, 0xff, 0x9f, 0xa8, 0x00, 0xff, 0x9f, 0xa8, 0x00, 0xff,
    0x9f, 0xa8, 0x00, 0xff, 0x9f, 0xa8, 0x00, 0xff, 0xa0, 0xa7, 0x00, 0x8b, 0x00, 0x00, 0x00, 0x00,
    0x00, 0x00, 0x00, 0x00, 0x9f, 0xa4, 0x00, 0x38, 0x9f, 0xa8, 0x00, 0xff, 0x9f, 0xa8, 0x00, 0xff,
    0x9f, 0xa8, 0x00, 0xff, 0x9f, 0xa8, 0x00, 0xff, 0x9f, 0xa8, 0x00, 0xff, 0x9f, 0xa8, 0x00, 0xff,
    0x9f, 0xa8, 0x00, 0xff, 0x9f, 0xa8, 0x00, 0xff, 0x9f, 0xa8, 0x00, 0xff, 0x9f, 0xa8, 0x00, 0xff,
    0x9f, 0xa8, 0x00, 0xff, 0x9f, 0xa8, 0x00, 0xff, 0x9f, 0xa8, 0x00, 0xff, 0x9f, 0xa8, 0x00, 0xff,
    0x9f, 0xa8, 0x00, 0xff, 0x9f, 0xa8, 0x00, 0xff, 0x9f, 0xa8, 0x00, 0xff, 0x9f, 0xa8, 0x00, 0xff,
    0x9f, 0xa8, 0x00, 0xff, 0x9f, 0xa8, 0x00, 0xff, 0x9f, 0xa8, 0x00, 0xff, 0x9f, 0xa8, 0x00, 0xff,
    0x9f, 0xa8, 0x00, 0xff, 0x9f, 0xa8, 0x00, 0xff, 0x9f, 0xa8, 0x00, 0xff, 0x9f, 0xa8, 0x00, 0xff,
    0x9f, 0xa8, 0x00, 0xff, 0x9f, 0xa8, 0x00, 0xff, 0x9f, 0xa8, 0x00, 0xff, 0x9f, 0xa8, 0x00, 0xff,
    0x9f, 0xa8, 0x00, 0xff, 0x9f, 0xa8, 0x00, 0xff, 0x9f, 0xa8, 0x00, 0xff, 0x9f, 0xa8, 0x00, 0xff,
    0x9f, 0xa8, 0x00, 0xff, 0x9f, 0xa8, 0x00, 0xff, 0x9f, 0xa8, 0x00, 0xff, 0x9f, 0xa8, 0x00, 0xff,
    0x9f, 0xa8, 0x00, 0xff, 0x9f, 0xa8, 0x00, 0xff, 0x9f, 0xa8, 0x00, 0xff, 0x9f, 0xa8, 0x00, 0xff,
    0x9f, 0xa8, 0x00, 0xff, 0x9f, 0xa8, 0x00, 0xff, 0x9f, 0xa8, 0x00, 0xff, 0x9f, 0xa8, 0x00, 0xff,
    0x9f, 0xa8, 0x00, 0xff, 0x9f, 0xa8, 0x00, 0xff, 0x9f, 0xa8, 0x00, 0xff, 0x9f, 0xa8, 0x00, 0xff,
    0x9f, 0xa8, 0x00, 0xff, 0x9f, 0xa8, 0x00, 0xff, 0x9f, 0xa8, 0x00, 0xff, 0x9f, 0xa8, 0x00, 0xff,
    0x9f, 0xa8, 0x00, 0xff, 0x9f, 0xa8, 0x00, 0xff, 0x9f, 0xa8, 0x00, 0xff, 0x9f, 0xa8, 0x00, 0xff,
    0x9f, 0xa8, 0x00, 0xff, 0x9f, 0xa8, 0x00, 0xff, 0x9f, 0xa8, 0x00, 0xff, 0x9f, 0xa8, 0x00, 0xff,
    0x9f, 0xa8, 0x00, 0xff, 0x9f, 0xa8, 0x00, 0xff, 0x9f, 0xa8, 0x00, 0xff, 0x9f, 0xa8, 0x00, 0xff,
    0x9f, 0xa8, 0x00, 0xff, 0x9f, 0xa8, 0x00, 0xff, 0x9f, 0xa8, 0x00, 0xff, 0x9f, 0xa8, 0x00, 0xff,
    0x9f, 0xa8, 0x00, 0xff, 0x9f, 0xa8, 0x00, 0xff, 0x9f, 0xa8, 0x00, 0xff, 0x9f, 0xa8, 0x00, 0xff,
    0x9f, 0xa8, 0x00, 0xff, 0x9f, 0xa8, 0x00, 0xff, 0x9f, 0xa8, 0x00, 0xff, 0x9f, 0xa8, 0x00, 0xff,
    0x9f, 0xa8, 0x00, 0xff, 0x9f, 0xa8, 0x00, 0xff, 0x9f, 0xa8, 0x00, 0xff, 0x9f, 0xa8, 0x00, 0xff,
    0x9f, 0xa8, 0x00, 0xff, 0x9f, 0xa8, 0x00, 0xff, 0x9f, 0xa8, 0x00, 0xff, 0x9f, 0xa8, 0x00, 0xff,
    0x9f, 0xa8, 0x00, 0xff, 0x9f, 0xa8, 0x00, 0xff, 0x9f, 0xa8, 0x00, 0xff, 0x9f, 0xa8, 0x00, 0xff,
    0x9f, 0xa8, 0x00, 0xff, 0x9f, 0xa8, 0x00, 0xff, 0x9f, 0xa8, 0x00, 0xff, 0x9f, 0xa8, 0x00, 0xff,
    0x9f, 0xa8, 0x00, 0xff, 0x9f, 0xa8, 0x00, 0xff, 0x9f, 0xa8, 0x00, 0xff, 0x9f, 0xa8, 0x00, 0xff,
    0x9f, 0xa8, 0x00, 0xff, 0x9f, 0xa8, 0x00, 0xff, 0x9f, 0xa8, 0x00, 0xff, 0x9f, 0xa8, 0x00, 0xff,
    0x9f, 0xa8, 0x00, 0xff, 0x9f, 0xa8, 0x00, 0xff, 0x9f, 0xa8, 0x00, 0xff, 0x9f, 0xa8, 0x00, 0xff,
    0x9f, 0xa8, 0x00, 0xff, 0x9f, 0xa8, 0x00, 0xff, 0x9f, 0xa8, 0x00, 0xff, 0x9f, 0xa8, 0x00, 0xff,
    0x9f, 0xa8, 0x00, 0xff, 0x9f, 0xa8, 0x00, 0xff, 0x9f, 0xa8, 0x00, 0xff, 0x9f, 0xa8, 0x00, 0xff,
    0x9f, 0xa8, 0x00, 0xff, 0x9f, 0xa8, 0x00, 0xff, 0x9f, 0xa8, 0x00, 0xff, 0x9f, 0xa8, 0x00, 0xff,
    0x9f, 0xa8, 0x00, 0xff, 0x9f, 0xa8, 0x00, 0xff, 0x9f, 0xa8, 0x00, 0xff, 0x9f, 0xa8, 0x00, 0xff,
    0x9f, 0xa8, 0x00, 0xff, 0x9f, 0xa8, 0x00, 0xff, 0x9f, 0xa8, 0x00, 0xff, 0x9f, 0xa8, 0x00, 0xff,
    0x9e, 0xa7, 0x00, 0x37, 0x00, 0x00, 0x00, 0x00, 0x00, 0x00, 0x00, 0x00, 0x00, 0x00, 0x00, 0x00,
    0x9e, 0xa8, 0x00, 0xdb, 0x9f, 0xa8, 0x00, 0xff, 0x9f, 0xa8, 0x00, 0xff, 0x9f, 0xa8, 0x00, 0xff,
    0x9f, 0xa8, 0x00, 0xff, 0x9f, 0xa8, 0x00, 0xff, 0x9f, 0xa8, 0x00, 0xff, 0x9f, 0xa8, 0x00, 0xff,
    0x9f, 0xa8, 0x00, 0xff, 0x9f, 0xa8, 0x00, 0xff, 0x9f, 0xa8, 0x00, 0xff, 0x9f, 0xa8, 0x00, 0xff,
    0x9f, 0xa8, 0x00, 0xff, 0x9f, 0xa8, 0x00, 0xff, 0x9f, 0xa8, 0x00, 0xff, 0x9f, 0xa8, 0x00, 0xff,
    0x9f, 0xa8, 0x00, 0xff, 0x9f, 0xa8, 0x00, 0xff, 0x9f, 0xa8, 0x00, 0xff, 0x9f, 0xa8, 0x00, 0xff,
    0x9f, 0xa8, 0x00, 0xff, 0x9f, 0xa8, 0x00, 0xff, 0x9f, 0xa8, 0x00, 0xff, 0x9f, 0xa8, 0x00, 0xff,
    0x9f, 0xa8, 0x00, 0xff, 0x9f, 0xa8, 0x00, 0xff, 0x9f, 0xa8, 0x00, 0xff, 0x9f, 0xa8, 0x00, 0xff,
    0x9f, 0xa8, 0x00, 0xff, 0x9f, 0xa8, 0x00, 0xff, 0x9f, 0xa8, 0x00, 0xff, 0x9f, 0xa8, 0x00, 0xff,
    0x9f, 0xa8, 0x00, 0xff, 0x9f, 0xa8, 0x00, 0xff, 0x9f, 0xa8, 0x00, 0xff, 0x9f, 0xa8, 0x00, 0xff,
    0x9f, 0xa8, 0x00, 0xff, 0x9f, 0xa8, 0x00, 0xff, 0x9f, 0xa8, 0x00, 0xff, 0x9f, 0xa8, 0x00, 0xff,
    0x9f, 0xa8, 0x00, 0xff, 0x9f, 0xa8, 0x00, 0xff, 0x9f, 0xa8, 0x00, 0xff, 0x9f, 0xa8, 0x00, 0xff,
    0x9f, 0xa8, 0x00, 0xff, 0x9f, 0xa8, 0x00, 0xff, 0x9f, 0xa8, 0x00, 0xff, 0x9f, 0xa8, 0x00, 0xff,
    0x9f, 0xa8, 0x00, 0xff, 0x9f, 0xa8, 0x00, 0xff, 0x9f, 0xa8, 0x00, 0xff, 0x9f, 0xa8, 0x00, 0xff,
    0x9f, 0xa8, 0x00, 0xff, 0x9f, 0xa8, 0x00, 0xff, 0x9f, 0xa8, 0x00, 0xff, 0x9f, 0xa8, 0x00, 0xff,
    0x9f, 0xa8, 0x00, 0xff, 0x9f, 0xa8, 0x00, 0xff, 0x9f, 0xa8, 0x00, 0xff, 0x9f, 0xa8, 0x00, 0xff,
    0x9f, 0xa8, 0x00, 0xff, 0x9f, 0xa8, 0x00, 0xff, 0x9f, 0xa8, 0x00, 0xff, 0x9f, 0xa8, 0x00, 0xff,
    0x9f, 0xa8, 0x00, 0xff, 0x9f, 0xa8, 0x00, 0xff, 0x9f, 0xa8, 0x00, 0xff, 0x9f, 0xa8, 0x00, 0xff,
    0x9f, 0xa8, 0x00, 0xff, 0x9f, 0xa8, 0x00, 0xff, 0x9f, 0xa8, 0x00, 0xff, 0x9f, 0xa8, 0x00, 0xff,
    0x9f, 0xa8, 0x00, 0xff, 0x9f, 0xa8, 0x00, 0xff, 0x9f, 0xa8, 0x00, 0xff, 0x9f, 0xa8, 0x00, 0xff,
    0x9f, 0xa8, 0x00, 0xff, 0x9f, 0xa8, 0x00, 0xff, 0x9f, 0xa8, 0x00, 0xff, 0x9f, 0xa8, 0x00, 0xff,
    0x9f, 0xa8, 0x00, 0xff, 0x9f, 0xa8, 0x00, 0xff, 0x9f, 0xa8, 0x00, 0xff, 0x9f, 0xa8, 0x00, 0xff,
    0x9f, 0xa8, 0x00, 0xff, 0x9f, 0xa8, 0x00, 0xff, 0x9f, 0xa8, 0x00, 0xff, 0x9f, 0xa8, 0x00, 0xff,
    0x9f, 0xa8, 0x00, 0xff, 0x9f, 0xa8, 0x00, 0xff, 0x9f, 0xa8, 0x00, 0xff, 0x9f, 0xa8, 0x00, 0xff,
    0x9f, 0xa8, 0x00, 0xff, 0x9f, 0xa8, 0x00, 0xff, 0x9f, 0xa8, 0x00, 0xff, 0x9f, 0xa8, 0x00, 0xff,
    0x9f, 0xa8, 0x00, 0xff, 0x9f, 0xa8, 0x00, 0xff, 0x9f, 0xa8, 0x00, 0xff, 0x9f, 0xa8, 0x00, 0xff,
    0x9f, 0xa8, 0x00, 0xff, 0x9f, 0xa8, 0x00, 0xff, 0x9f, 0xa8, 0x00, 0xff, 0x9f, 0xa8, 0x00, 0xff,
    0x9f, 0xa8, 0x00, 0xff, 0x9f, 0xa8, 0x00, 0xff, 0x9f, 0xa8, 0x00, 0xff, 0x9f, 0xa8, 0x00, 0xff,
    0x9f, 0xa8, 0x00, 0xff, 0x9f, 0xa8, 0x00, 0xff, 0x9f, 0xa8, 0x00, 0xff, 0x9f, 0xa8, 0x00, 0xff,
    0x9f, 0xa8, 0x00, 0xff, 0x9f, 0xa8, 0x00, 0xff, 0x9f, 0xa8, 0x00, 0xff, 0x9f, 0xa8, 0x00, 0xff,
    0x9f, 0xa8, 0x00, 0xff, 0x9f, 0xa8, 0x00, 0xff, 0x9f, 0xa8, 0x00, 0xff, 0x9f, 0xa8, 0x00, 0xff,
    0x9f, 0xa8, 0x00, 0xff, 0x9f, 0xa8, 0x00, 0xff, 0x9f, 0xa8, 0x00, 0xff, 0x9f, 0xa8, 0x00, 0xff,
    0x9f, 0xa8, 0x00, 0xff, 0x9f, 0xa8, 0x00, 0xdf, 0x00, 0x00, 0x00, 0x00, 0x00, 0x00, 0x00, 0x00,
    0x00, 0x00, 0x00, 0x00, 0x00, 0x00, 0x00, 0x00, 0xa0, 0xa9, 0x00, 0x73, 0x9f, 0xa8, 0x00, 0xff,
    0x9f, 0xa8, 0x00, 0xff, 0x9f, 0xa8, 0x00, 0xff, 0x9f, 0xa8, 0x00, 0xff, 0x9f, 0xa8, 0x00, 0xff,
    0x9f, 0xa8, 0x00, 0xff, 0x9f, 0xa8, 0x00, 0xff, 0x9f, 0xa8, 0x00, 0xff, 0x9f, 0xa8, 0x00, 0xff,
    0x9f, 0xa8, 0x00, 0xff, 0x9f, 0xa8, 0x00, 0xff, 0x9f, 0xa8, 0x00, 0xff, 0x9f, 0xa8, 0x00, 0xff,
    0x9f, 0xa8, 0x00, 0xff, 0x9f, 0xa8, 0x00, 0xff, 0x9f, 0xa8, 0x00, 0xff, 0x9f, 0xa8, 0x00, 0xff,
    0x9f, 0xa8, 0x00, 0xff, 0x9f, 0xa8, 0x00, 0xff, 0x9f, 0xa8, 0x00, 0xff, 0x9f, 0xa8, 0x00, 0xff,
    0x9f, 0xa8, 0x00, 0xff, 0x9f, 0xa8, 0x00, 0xff, 0x9f, 0xa8, 0x00, 0xff, 0x9f, 0xa8, 0x00, 0xff,
    0x9f, 0xa8, 0x00, 0xff, 0x9f, 0xa8, 0x00, 0xff, 0x9f, 0xa8, 0x00, 0xff, 0x9f, 0xa8, 0x00, 0xff,
    0x9f, 0xa8, 0x00, 0xff, 0x9f, 0xa8, 0x00, 0xff, 0x9f, 0xa8, 0x00, 0xff, 0x9f, 0xa8, 0x00, 0xff,
    0x9f, 0xa8, 0x00, 0xff, 0x9f, 0xa8, 0x00, 0xff, 0x9f, 0xa8, 0x00, 0xff, 0x9f, 0xa8, 0x00, 0xff,
    0x9f, 0xa8, 0x00, 0xff, 0x9f, 0xa8, 0x00, 0xff, 0x9f, 0xa8, 0x00, 0xff, 0x9f, 0xa8, 0x00, 0xff,
    0x9f, 0xa8, 0x00, 0xff, 0x9f, 0xa8, 0x00, 0xff, 0x9f, 0xa8, 0x00, 0xff, 0x9f, 0xa8, 0x00, 0xff,
    0x9f, 0xa8, 0x00, 0xff, 0x9f, 0xa8, 0x00, 0xff, 0x9f, 0xa8, 0x00, 0xff, 0x9f, 0xa8, 0x00, 0xff,
    0x9f, 0xa8, 0x00, 0xff, 0x9f, 0xa8, 0x00, 0xff, 0x9f, 0xa8, 0x00, 0xff, 0x9f, 0xa8, 0x00, 0xff,
    0x9f, 0xa8, 0x00, 0xff, 0x9f, 0xa8, 0x00, 0xff, 0x9f, 0xa8, 0x00, 0xff, 0x9f, 0xa8, 0x00, 0xff,
    0x9f, 0xa8, 0x00, 0xff, 0x9f, 0xa8, 0x00, 0xff, 0x9f, 0xa8, 0x00, 0xff, 0x9f, 0xa8, 0x00, 0xff,
    0x9f, 0xa8, 0x00, 0xff, 0x9f, 0xa8, 0x00, 0xff, 0x9f, 0xa8, 0x00, 0xff, 0x9f, 0xa8, 0x00, 0xff,
    0x9f, 0xa8, 0x00, 0xff, 0x9f, 0xa8, 0x00, 0xff, 0x9f, 0xa8, 0x00, 0xff, 0x9f, 0xa8, 0x00, 0xff,
    0x9f, 0xa8, 0x00, 0xff, 0x9f, 0xa8, 0x00, 0xff, 0x9f, 0xa8, 0x00, 0xff, 0x9f, 0xa8, 0x00, 0xff,
    0x9f, 0xa8, 0x00, 0xff, 0x9f, 0xa8, 0x00, 0xff, 0x9f, 0xa8, 0x00, 0xff, 0x9f, 0xa8, 0x00, 0xff,
    0x9f, 0xa8, 0x00, 0xff, 0x9f, 0xa8, 0x00, 0xff, 0x9f, 0xa8, 0x00, 0xff, 0x9f, 0xa8, 0x00, 0xff,
    0x9f, 0xa8, 0x00, 0xff, 0x9f, 0xa8, 0x00, 0xff, 0x9f, 0xa8, 0x00, 0xff, 0x9f, 0xa8, 0x00, 0xff,
    0x9f, 0xa8, 0x00, 0xff, 0x9f, 0xa8, 0x00, 0xff, 0x9f, 0xa8, 0x00, 0xff, 0x9f, 0xa8, 0x00, 0xff,
    0x9f, 0xa8, 0x00, 0xff, 0x9f, 0xa8, 0x00, 0xff, 0x9f, 0xa8, 0x00, 0xff, 0x9f, 0xa8, 0x00, 0xff,
    0x9f, 0xa8, 0x00, 0xff, 0x9f, 0xa8, 0x00, 0xff, 0x9f, 0xa8, 0x00, 0xff, 0x9f, 0xa8, 0x00, 0xff,
    0x9f, 0xa8, 0x00, 0xff, 0x9f, 0xa8, 0x00, 0xff, 0x9f, 0xa8, 0x00, 0xff, 0x9f, 0xa8, 0x00, 0xff,
    0x9f, 0xa8, 0x00, 0xff, 0x9f, 0xa8, 0x00, 0xff, 0x9f, 0xa8, 0x00, 0xff, 0x9f, 0xa8, 0x00, 0xff,
    0x9f, 0xa8, 0x00, 0xff, 0x9f, 0xa8, 0x00, 0xff, 0x9f, 0xa8, 0x00, 0xff, 0x9f, 0xa8, 0x00, 0xff,
    0x9f, 0xa8, 0x00, 0xff, 0x9f, 0xa8, 0x00, 0xff, 0x9f, 0xa8, 0x00, 0xff, 0x9f, 0xa8, 0x00, 0xff,
    0x9f, 0xa8, 0x00, 0xff, 0x9f, 0xa8, 0x00, 0xff, 0x9f, 0xa8, 0x00, 0xff, 0x9f, 0xa8, 0x00, 0xff,
    0x9f, 0xa8, 0x00, 0xff, 0x9f, 0xa8, 0x00, 0xff, 0x9f, 0xa8, 0x00, 0xff, 0x9f, 0xa8, 0x00, 0xff,
    0x9f, 0xa8, 0x00, 0xff, 0x9f, 0xa8, 0x00, 0xff, 0x9f, 0xa8, 0x00, 0xff, 0xa0, 0xa9, 0x00, 0x73,
    0x00, 0x00, 0x00, 0x00, 0x00, 0x00, 0x00, 0x00, 0x00, 0x00, 0x00, 0x00, 0x00, 0x00, 0x00, 0x00,
    0x9f, 0x9f, 0x00, 0x10, 0x9f, 0xa8, 0x00, 0xef, 0x9f, 0xa8, 0x00, 0xff, 0x9f, 0xa8, 0x00, 0xff,
    0x9f, 0xa8, 0x00, 0xff, 0x9f, 0xa8, 0x00, 0xff, 0x9f, 0xa8, 0x00, 0xff, 0x9f, 0xa8, 0x00, 0xff,
    0x9f, 0xa8, 0x00, 0xff, 0x9f, 0xa8, 0x00, 0xff, 0x9f, 0xa8, 0x00, 0xff, 0x9f, 0xa8, 0x00, 0xff,
    0x9f, 0xa8, 0x00, 0xff, 0x9f, 0xa8, 0x00, 0xff, 0x9f, 0xa8, 0x00, 0xff, 0x9f, 0xa8, 0x00, 0xff,
    0x9f, 0xa8, 0x00, 0xff, 0x9f, 0xa8, 0x00, 0xff, 0x9f, 0xa8, 0x00, 0xff, 0x9f, 0xa8, 0x00, 0xff,
    0x9f, 0xa8, 0x00, 0xff, 0x9f, 0xa8, 0x00, 0xff, 0x9f, 0xa8, 0x00, 0xff, 0x9f, 0xa8, 0x00, 0xff,
    0x9f, 0xa8, 0x00, 0xff, 0x9f, 0xa8, 0x00, 0xff, 0x9f, 0xa8, 0x00, 0xff, 0x9f, 0xa8, 0x00, 0xff,
    0x9f, 0xa8, 0x00, 0xff, 0x9f, 0xa8, 0x00, 0xff, 0x9f, 0xa8, 0x00, 0xff, 0x9f, 0xa8, 0x00, 0xff,
    0x9f, 0xa8, 0x00, 0xff, 0x9f, 0xa8, 0x00, 0xff, 0x9f, 0xa8, 0x00, 0xff, 0x9f, 0xa8, 0x00, 0xff,
    0x9f, 0xa8, 0x00, 0xff, 0x9f, 0xa8, 0x00, 0xff, 0x9f, 0xa8, 0x00, 0xff, 0x9f, 0xa8, 0x00, 0xff,
    0x9f, 0xa8, 0x00, 0xff, 0x9f, 0xa8, 0x00, 0xff, 0x9f, 0xa8, 0x00, 0xff, 0x9f, 0xa8, 0x00, 0xff,
    0x9f, 0xa8, 0x00, 0xff, 0x9f, 0xa8, 0x00, 0xff, 0x9f, 0xa8, 0x00, 0xff, 0x9f, 0xa8, 0x00, 0xff,
    0x9f, 0xa8, 0x00, 0xff, 0x9f, 0xa8, 0x00, 0xff, 0x9f, 0xa8, 0x00, 0xff, 0x9f, 0xa8, 0x00, 0xff,
    0x9f, 0xa8, 0x00, 0xff, 0x9f, 0xa8, 0x00, 0xff, 0x9f, 0xa8, 0x00, 0xff, 0x9f, 0xa8, 0x00, 0xff,
    0x9f, 0xa8, 0x00, 0xff, 0x9f, 0xa8, 0x00, 0xff, 0x9f, 0xa8, 0x00, 0xff, 0x9f, 0xa8, 0x00, 0xff,
    0x9f, 0xa8, 0x00, 0xff, 0x9f, 0xa8, 0x00, 0xff, 0x9f, 0xa8, 0x00, 0xff, 0x9f, 0xa8, 0x00, 0xff,
    0x9f, 0xa8, 0x00, 0xff, 0x9f, 0xa8, 0x00, 0xff, 0x9f, 0xa8, 0x00, 0xff, 0x9f, 0xa8, 0x00, 0xff,
    0x9f, 0xa8, 0x00, 0xff, 0x9f, 0xa8, 0x00, 0xff, 0x9f, 0xa8, 0x00, 0xff, 0x9f, 0xa8, 0x00, 0xff,
    0x9f, 0xa8, 0x00, 0xff, 0x9f, 0xa8, 0x00, 0xff, 0x9f, 0xa8, 0x00, 0xff, 0x9f, 0xa8, 0x00, 0xff,
    0x9f, 0xa8, 0x00, 0xff, 0x9f, 0xa8, 0x00, 0xff, 0x9f, 0xa8, 0x00, 0xff, 0x9f, 0xa8, 0x00, 0xff,
    0x9f, 0xa8, 0x00, 0xff, 0x9f, 0xa8, 0x00, 0xff, 0x9f, 0xa8, 0x00, 0xff, 0x9f, 0xa8, 0x00, 0xff,
    0x9f, 0xa8, 0x00, 0xff, 0x9f, 0xa8, 0x00, 0xff, 0x9f, 0xa8, 0x00, 0xff, 0x9f, 0xa8, 0x00, 0xff,
    0x9f, 0xa8, 0x00, 0xff, 0x9f, 0xa8, 0x00, 0xff, 0x9f, 0xa8, 0x00, 0xff, 0x9f, 0xa8, 0x00, 0xff,
    0x9f, 0xa8, 0x00, 0xff, 0x9f, 0xa8, 0x00, 0xff, 0x9f, 0xa8, 0x00, 0xff, 0x9f, 0xa8, 0x00, 0xff,
    0x9f, 0xa8, 0x00, 0xff, 0x9f, 0xa8, 0x00, 0xff, 0x9f, 0xa8, 0x00, 0xff, 0x9f, 0xa8, 0x00, 0xff,
    0x9f, 0xa8, 0x00, 0xff, 0x9f, 0xa8, 0x00, 0xff, 0x9f, 0xa8, 0x00, 0xff, 0x9f, 0xa8, 0x00, 0xff,
    0x9f, 0xa8, 0x00, 0xff, 0x9f, 0xa8, 0x00, 0xff, 0x9f, 0xa8, 0x00, 0xff, 0x9f, 0xa8, 0x00, 0xff,
    0x9f, 0xa8, 0x00, 0xff, 0x9f, 0xa8, 0x00, 0xff, 0x9f, 0xa8, 0x00, 0xff, 0x9f, 0xa8, 0x00, 0xff,
    0x9f, 0xa8, 0x00, 0xff, 0x9f, 0xa8, 0x00, 0xff, 0x9f, 0xa8, 0x00, 0xff, 0x9f, 0xa8, 0x00, 0xff,
    0x9f, 0xa8, 0x00, 0xff, 0x9f, 0xa8, 0x00, 0xff, 0x9f, 0xa8, 0x00, 0xff, 0x9f, 0xa8, 0x00, 0xff,
    0x9f, 0xa8, 0x00, 0xff, 0x9f, 0xa8, 0x00, 0xff, 0x9f, 0xa8, 0x00, 0xff, 0x9f, 0xa8, 0x00, 0xff,
    0x9f, 0xa7, 0x00, 0xf7, 0x9f, 0x9f, 0x00, 0x10, 0x00, 0x00, 0x00, 0x00, 0x00, 0x00, 0x00, 0x00,
    0x00, 0x00, 0x00, 0x00, 0x00, 0x00, 0x00, 0x00, 0x00, 0x00, 0x00, 0x00, 0x9f, 0xa9, 0x00, 0x7f,
    0x9f, 0xa8, 0x00, 0xff, 0x9f, 0xa8, 0x00, 0xff, 0x9f, 0xa8, 0x00, 0xff, 0x9f, 0xa8, 0x00, 0xff,
    0x9f, 0xa8, 0x00, 0xff, 0x9f, 0xa8, 0x00, 0xff, 0x9f, 0xa8, 0x00, 0xff, 0x9f, 0xa8, 0x00, 0xff,
    0x9f, 0xa8, 0x00, 0xff, 0x9f, 0xa8, 0x00, 0xff, 0x9f, 0xa8, 0x00, 0xff, 0x9f, 0xa8, 0x00, 0xff,
    0x9f, 0xa8, 0x00, 0xff, 0x9f, 0xa8, 0x00, 0xff, 0x9f, 0xa8, 0x00, 0xff, 0x9f, 0xa8, 0x00, 0xff,
    0x9f, 0xa8, 0x00, 0xff, 0x9f, 0xa8, 0x00, 0xff, 0x9f, 0xa8, 0x00, 0xff, 0x9f, 0xa8, 0x00, 0xff,
    0x9f, 0xa8, 0x00, 0xff, 0x9f, 0xa8, 0x00, 0xff, 0x9f, 0xa8, 0x00, 0xff, 0x9f, 0xa8, 0x00, 0xff,
    0x9f, 0xa8, 0x00, 0xff, 0x9f, 0xa8, 0x00, 0xff, 0x9f, 0xa8, 0x00, 0xff, 0x9f, 0xa8, 0x00, 0xff,
    0x9f, 0xa8, 0x00, 0xff, 0x9f, 0xa8, 0x00, 0xff, 0x9f, 0xa8, 0x00, 0xff, 0x9f, 0xa8, 0x00, 0xff,
    0x9f, 0xa8, 0x00, 0xff, 0x9f, 0xa8, 0x00, 0xff, 0x9f, 0xa8, 0x00, 0xff, 0x9f, 0xa8, 0x00, 0xff,
    0x9f, 0xa8, 0x00, 0xff, 0x9f, 0xa8, 0x00, 0xff, 0x9f, 0xa8, 0x00, 0xff, 0x9f, 0xa8, 0x00, 0xff,
    0x9f, 0xa8, 0x00, 0xff, 0x9f, 0xa8, 0x00, 0xff, 0x9f, 0xa8, 0x00, 0xff, 0x9f, 0xa8, 0x00, 0xff,
    0x9f, 0xa8, 0x00, 0xff, 0x9f, 0xa8, 0x00, 0xff, 0x9f, 0xa8, 0x00, 0xff, 0x9f, 0xa8, 0x00, 0xff,
    0x9f, 0xa8, 0x00, 0xff, 0x9f, 0xa8, 0x00, 0xff, 0x9f, 0xa8, 0x00, 0xff, 0x9f, 0xa8, 0x00, 0xff,
    0x9f, 0xa8, 0x00, 0xff, 0x9f, 0xa8, 0x00, 0xff, 0x9f, 0xa8, 0x00, 0xff, 0x9f, 0xa8, 0x00, 0xff,
    0x9f, 0xa8, 0x00, 0xff, 0x9f, 0xa8, 0x00, 0xff, 0x9f, 0xa8, 0x00, 0xff, 0x9f, 0xa8, 0x00, 0xff,
    0x9f, 0xa8, 0x00, 0xff, 0x9f, 0xa8, 0x00, 0xff, 0x9f, 0xa8, 0x00, 0xff, 0x9f, 0xa8, 0x00, 0xff,
    0x9f, 0xa8, 0x00, 0xff, 0x9f, 0xa8, 0x00, 0xff, 0x9f, 0xa8, 0x00, 0xff, 0x9f, 0xa8, 0x00, 0xff,
    0x9f, 0xa8, 0x00, 0xff, 0x9f, 0xa8, 0x00, 0xff, 0x9f, 0xa8, 0x00, 0xff, 0x9f, 0xa8, 0x00, 0xff,
    0x9f, 0xa8, 0x00, 0xff, 0x9f, 0xa8, 0x00, 0xff, 0x9f, 0xa8, 0x00, 0xff, 0x9f, 0xa8, 0x00, 0xff,
    0x9f, 0xa8, 0x00, 0xff, 0x9f, 0xa8, 0x00, 0xff, 0x9f, 0xa8, 0x00, 0xff, 0x9f, 0xa8, 0x00, 0xff,
    0x9f, 0xa8, 0x00, 0xff, 0x9f, 0xa8, 0x00, 0xff, 0x9f, 0xa8, 0x00, 0xff, 0x9f, 0xa8, 0x00, 0xff,
    0x9f, 0xa8, 0x00, 0xff, 0x9f, 0xa8, 0x00, 0xff, 0x9f, 0xa8, 0x00, 0xff, 0x9f, 0xa8, 0x00, 0xff,
    0x9f, 0xa8, 0x00, 0xff, 0x9f, 0xa8, 0x00, 0xff, 0x9f, 0xa8, 0x00, 0xff, 0x9f, 0xa8, 0x00, 0xff,
    0x9f, 0xa8, 0x00, 0xff, 0x9f, 0xa8, 0x00, 0xff, 0x9f, 0xa8, 0x00, 0xff, 0x9f, 0xa8, 0x00, 0xff,
    0x9f, 0xa8, 0x00, 0xff, 0x9f, 0xa8, 0x00, 0xff, 0x9f, 0xa8, 0x00, 0xff, 0x9f, 0xa8, 0x00, 0xff,
    0x9f, 0xa8, 0x00, 0xff, 0x9f, 0xa8, 0x00, 0xff, 0x9f, 0xa8, 0x00, 0xff, 0x9f, 0xa8, 0x00, 0xff,
    0x9f, 0xa8, 0x00, 0xff, 0x9f, 0xa8, 0x00, 0xff, 0x9f, 0xa8, 0x00, 0xff, 0x9f, 0xa8, 0x00, 0xff,
    0x9f, 0xa8, 0x00, 0xff, 0x9f, 0xa8, 0x00, 0xff, 0x9f, 0xa8, 0x00, 0xff, 0x9f, 0xa8, 0x00, 0xff,
    0x9f, 0xa8, 0x00, 0xff, 0x9f, 0xa8, 0x00, 0xff, 0x9f, 0xa8, 0x00, 0xff, 0x9f, 0xa8, 0x00, 0xff,
    0x9f, 0xa8, 0x00, 0xff, 0x9f, 0xa8, 0x00, 0xff, 0x9f, 0xa8, 0x00, 0xff, 0x9f, 0xa8, 0x00, 0xff,
    0x9f, 0xa8, 0x00, 0xff, 0x9f, 0xa8, 0x00, 0xff, 0x9f, 0xa8, 0x00, 0x8f, 0x00, 0x00, 0x00, 0x00,
    0x00, 0x00, 0x00, 0x00, 0x00, 0x00, 0x00, 0x00, 0x00, 0x00, 0x00, 0x00, 0x00, 0x00, 0x00, 0x00,
    0x00, 0x00, 0x00, 0x00, 0x9f, 0x9f, 0x00, 0x10, 0x9f, 0xa8, 0x00, 0xef, 0x9f, 0xa8, 0x00, 0xff,
    0x9f, 0xa8, 0x00, 0xff, 0x9f, 0xa8, 0x00, 0xff, 0x9f, 0xa8, 0x00, 0xff, 0x9f, 0xa8, 0x00, 0xff,
    0x9f, 0xa8, 0x00, 0xff, 0x9f, 0xa8, 0x00, 0xff, 0x9f, 0xa8, 0x00, 0xff, 0x9f, 0xa8, 0x00, 0xff,
    0x9f, 0xa8, 0x00, 0xff, 0x9f, 0xa8, 0x00, 0xff, 0x9f, 0xa8, 0x00, 0xff, 0x9f, 0xa8, 0x00, 0xff,
    0x9f, 0xa8, 0x00, 0xff, 0x9f, 0xa8, 0x00, 0xff, 0x9f, 0xa8, 0x00, 0xff, 0x9f, 0xa8, 0x00, 0xff,
    0x9f, 0xa8, 0x00, 0xff, 0x9f, 0xa8, 0x00, 0xff, 0x9f, 0xa8, 0x00, 0xff, 0x9f, 0xa8, 0x00, 0xff,
    0x9f, 0xa8, 0x00, 0xff, 0x9f, 0xa8, 0x00, 0xff, 0x9f, 0xa8, 0x00, 0xff, 0x9f, 0xa8, 0x00, 0xff,
    0x9f, 0xa8, 0x00, 0xff, 0x9f, 0xa8, 0x00, 0xff, 0x9f, 0xa8, 0x00, 0xff, 0x9f, 0xa8, 0x00, 0xff,
    0x9f, 0xa8, 0x00, 0xff, 0x9f, 0xa8, 0x00, 0xff, 0x9f, 0xa8, 0x00, 0xff, 0x9f, 0xa8, 0x00, 0xff,
    0x9f, 0xa8, 0x00, 0xff, 0x9f, 0xa8, 0x00, 0xff, 0x9f, 0xa8, 0x00, 0xff, 0x9f, 0xa8, 0x00, 0xff,
    0x9f, 0xa8, 0x00, 0xff, 0x9f, 0xa8, 0x00, 0xff, 0x9f, 0xa8, 0x00, 0xff, 0x9f, 0xa8, 0x00, 0xff,
    0x9f, 0xa8, 0x00, 0xff, 0x9f, 0xa8, 0x00, 0xff, 0x9f, 0xa8, 0x00, 0xff, 0x9f, 0xa8, 0x00, 0xff,
    0x9f, 0xa8, 0x00, 0xff, 0x9f, 0xa8, 0x00, 0xff, 0x9f, 0xa8, 0x00, 0xff, 0x9f, 0xa8, 0x00, 0xff,
    0x9f, 0xa8, 0x00, 0xff, 0x9f, 0xa8, 0x00, 0xff, 0x9f, 0xa8, 0x00, 0xff, 0x9f, 0xa8, 0x00, 0xff,
    0x9f, 0xa8, 0x00, 0xff, 0x9f, 0xa8, 0x00, 0xff, 0x9f, 0xa8, 0x00, 0xff, 0x9f, 0xa8, 0x00, 0xff,
    0x9f, 0xa8, 0x00, 0xff, 0x9f, 0xa8, 0x00, 0xff, 0x9f, 0xa8, 0x00, 0xff, 0x9f, 0xa8, 0x00, 0xff,
    0x9f, 0xa8, 0x00, 0xff, 0x9f, 0xa8, 0x00, 0xff, 0x9f, 0xa8, 0x00, 0xff, 0x9f, 0xa8, 0x00, 0xff,
    0x9f, 0xa8, 0x00, 0xff, 0x9f, 0xa8, 0x00, 0xff, 0x9f, 0xa8, 0x00, 0xff, 0x9f, 0xa8, 0x00, 0xff,
    0x9f, 0xa8, 0x00, 0xff, 0x9f, 0xa8, 0x00, 0xff, 0x9f, 0xa8, 0x00, 0xff, 0x9f, 0xa8, 0x00, 0xff,
    0x9f, 0xa8, 0x00, 0xff, 0x9f, 0xa8, 0x00, 0xff, 0x9f, 0xa8, 0x00, 0xff, 0x9f, 0xa8, 0x00, 0xff,
    0x9f, 0xa8, 0x00, 0xff, 0x9f, 0xa8, 0x00, 0xff, 0x9f, 0xa8, 0x00, 0xff, 0x9f, 0xa8, 0x00, 0xff,
    0x9f, 0xa8, 0x00, 0xff, 0x9f, 0xa8, 0x00, 0xff, 0x9f, 0xa8, 0x00, 0xff, 0x9f, 0xa8, 0x00, 0xff,
    0x9f, 0xa8, 0x00, 0xff, 0x9f, 0xa8, 0x00, 0xff, 0x9f, 0xa8, 0x00, 0xff, 0x9f, 0xa8, 0x00, 0xff,
    0x9f, 0xa8, 0x00, 0xff, 0x9f, 0xa8, 0x00, 0xff, 0x9f, 0xa8, 0x00, 0xff, 0x9f, 0xa8, 0x00, 0xff,
    0x9f, 0xa8, 0x00, 0xff, 0x9f, 0xa8, 0x00, 0xff, 0x9f, 0xa8, 0x00, 0xff, 0x9f, 0xa8, 0x00, 0xff,
    0x9f, 0xa8, 0x00, 0xff, 0x9f, 0xa8, 0x00, 0xff, 0x9f, 0xa8, 0x00, 0xff, 0x9f, 0xa8, 0x00, 0xff,
    0x9f, 0xa8, 0x00, 0xff, 0x9f, 0xa8, 0x00, 0xff, 0x9f, 0xa8, 0x00, 0xff, 0x9f, 0xa8, 0x00, 0xff,
    0x9f, 0xa8, 0x00, 0xff, 0x9f, 0xa8, 0x00, 0xff, 0x9f, 0xa8, 0x00, 0xff, 0x9f, 0xa8, 0x00, 0xff,
    0x9f, 0xa8, 0x00, 0xff, 0x9f, 0xa8, 0x00, 0xff, 0x9f, 0xa8, 0x00, 0xff, 0x9f, 0xa8, 0x00, 0xff,
    0x9f, 0xa8, 0x00, 0xff, 0x9f, 0xa8, 0x00, 0xff, 0x9f, 0xa8, 0x00, 0xff, 0x9f, 0xa8, 0x00, 0xff,
    0x9f, 0xa8, 0x00, 0xff, 0x9f, 0xa8, 0x00, 0xff, 0x9f, 0xa8, 0x00, 0xff, 0x9f, 0xa8, 0x00, 0xe7,
    0x9f, 0x9f, 0x00, 0x10, 0x00, 0x00, 0x00, 0x00, 0x00, 0x00, 0x00, 0x00, 0x00, 0x00, 0x00, 0x00,
    0x00, 0x00, 0x00, 0x00, 0x00, 0x00, 0x00, 0x00, 0x00, 0x00, 0x00, 0x00, 0x00, 0x00, 0x00, 0x00,
    0x9e, 0xa8, 0x00, 0x67, 0x9f, 0xa8, 0x00, 0xff, 0x9f, 0xa8, 0x00, 0xff, 0x9f, 0xa8, 0x00, 0xff,
    0x9f, 0xa8, 0x00, 0xff, 0x9f, 0xa8, 0x00, 0xff, 0x9f, 0xa8, 0x00, 0xff, 0x9f, 0xa8, 0x00, 0xff,
    0x9f, 0xa8, 0x00, 0xff, 0x9f, 0xa8, 0x00, 0xff, 0x9f, 0xa8, 0x00, 0xff, 0x9f, 0xa8, 0x00, 0xff,
    0x9f, 0xa8, 0x00, 0xff, 0x9f, 0xa8, 0x00, 0xff, 0x9f, 0xa8, 0x00, 0xff, 0x9f, 0xa8, 0x00, 0xff,
    0x9f, 0xa8, 0x00, 0xff, 0x9f, 0xa8, 0x00, 0xff, 0x9f, 0xa8, 0x00, 0xff, 0x9f, 0xa8, 0x00, 0xff,
    0x9f, 0xa8, 0x00, 0xff, 0x9f, 0xa8, 0x00, 0xff, 0x9f, 0xa8, 0x00, 0xff, 0x9f, 0xa8, 0x00, 0xff,
    0x9f, 0xa8, 0x00, 0xff, 0x9f, 0xa8, 0x00, 0xff, 0x9f, 0xa8, 0x00, 0xff, 0x9f, 0xa8, 0x00, 0xff,
    0x9f, 0xa8, 0x00, 0xff, 0x9f, 0xa8, 0x00, 0xff, 0x9f, 0xa8, 0x00, 0xff, 0x9f, 0xa8, 0x00, 0xff,
    0x9f, 0xa8, 0x00, 0xff, 0x9f, 0xa8, 0x00, 0xff, 0x9f, 0xa8, 0x00, 0xff, 0x9f, 0xa8, 0x00, 0xff,
    0x9f, 0xa8, 0x00, 0xff, 0x9f, 0xa8, 0x00, 0xff, 0x9f, 0xa8, 0x00, 0xff, 0x9f, 0xa8, 0x00, 0xff,
    0x9f, 0xa8, 0x00, 0xff, 0x9f, 0xa8, 0x00, 0xff, 0x9f, 0xa8, 0x00, 0xff, 0x9f, 0xa8, 0x00, 0xff,
    0x9f, 0xa8, 0x00, 0xff, 0x9f, 0xa8, 0x00, 0xff, 0x9f, 0xa8, 0x00, 0xff, 0x9f, 0xa8, 0x00, 0xff,
    0x9f, 0xa8, 0x00, 0xff, 0x9f, 0xa8, 0x00, 0xff, 0x9f, 0xa8, 0x00, 0xff, 0x9f, 0xa8, 0x00, 0xff,
    0x9f, 0xa8, 0x00, 0xff, 0x9f, 0xa8, 0x00, 0xff, 0x9f, 0xa8, 0x00, 0xff, 0x9f, 0xa8, 0x00, 0xff,
    0x9f, 0xa8, 0x00, 0xff, 0x9f, 0xa8, 0x00, 0xff, 0x9f, 0xa8, 0x00, 0xff, 0x9f, 0xa8, 0x00, 0xff,
    0x9f, 0xa8, 0x00, 0xff, 0x9f, 0xa8, 0x00, 0xff, 0x9f, 0xa8, 0x00, 0xff, 0x9f, 0xa8, 0x00, 0xff,
    0x9f, 0xa8, 0x00, 0xff, 0x9f, 0xa8, 0x00, 0xff, 0x9f, 0xa8, 0x00, 0xff, 0x9f, 0xa8, 0x00, 0xff,
    0x9f, 0xa8, 0x00, 0xff, 0x9f, 0xa8, 0x00, 0xff, 0x9f, 0xa8, 0x00, 0xff, 0x9f, 0xa8, 0x00, 0xff,
    0x9f, 0xa8, 0x00, 0xff, 0x9f, 0xa8, 0x00, 0xff, 0x9f, 0xa8, 0x00, 0xff, 0x9f, 0xa8, 0x00, 0xff,
    0x9f, 0xa8, 0x00, 0xff, 0x9f, 0xa8, 0x00, 0xff, 0x9f, 0xa8, 0x00, 0xff, 0x9f, 0xa8, 0x00, 0xff,
    0x9f, 0xa8, 0x00, 0xff, 0x9f, 0xa8, 0x00, 0xff, 0x9f, 0xa8, 0x00, 0xff, 0x9f, 0xa8, 0x00, 0xff,
    0x9f, 0xa8, 0x00, 0xff, 0x9f, 0xa8, 0x00, 0xff, 0x9f, 0xa8, 0x00, 0xff, 0x9f, 0xa8, 0x00, 0xff,
    0x9f, 0xa8, 0x00, 0xff, 0x9f, 0xa8, 0x00, 0xff, 0x9f, 0xa8, 0x00, 0xff, 0x9f, 0xa8, 0x00, 0xff,
    0x9f, 0xa8, 0x00, 0xff, 0x9f, 0xa8, 0x00, 0xff, 0x9f, 0xa8, 0x00, 0xff, 0x9f, 0xa8, 0x00, 0xff,
    0x9f, 0xa8, 0x00, 0xff, 0x9f, 0xa8, 0x00, 0xff, 0x9f, 0xa8, 0x00, 0xff, 0x9f, 0xa8, 0x00, 0xff,
    0x9f, 0xa8, 0x00, 0xff, 0x9f, 0xa8, 0x00, 0xff, 0x9f, 0xa8, 0x00, 0xff, 0x9f, 0xa8, 0x00, 0xff,
    0x9f, 0xa8, 0x00, 0xff, 0x9f, 0xa8, 0x00, 0xff, 0x9f, 0xa8, 0x00, 0xff, 0x9f, 0xa8, 0x00, 0xff,
    0x9f, 0xa8, 0x00, 0xff, 0x9f, 0xa8, 0x00, 0xff, 0x9f, 0xa8, 0x00, 0xff, 0x9f, 0xa8, 0x00, 0xff,
    0x9f, 0xa8, 0x00, 0xff, 0x9f, 0xa8, 0x00, 0xff, 0x9f, 0xa8, 0x00, 0xff, 0x9f, 0xa8, 0x00, 0xff,
    0x9f, 0xa8, 0x00, 0xff, 0x9f, 0xa8, 0x00, 0xff, 0x9f, 0xa8, 0x00, 0xff, 0x9f, 0xa8, 0x00, 0xff,
    0x9f, 0xa8, 0x00, 0xff, 0x9e, 0xa8, 0x00, 0x67, 0x00, 0x00, 0x00, 0x00, 0x00, 0x00, 0x00, 0x00,
    0x00, 0x00, 0x00, 0x00, 0x00, 0x00, 0x00, 0x00, 0x00, 0x00, 0x00, 0x00, 0x00, 0x00, 0x00, 0x00,
    0x00, 0x00, 0x00, 0x00, 0x00, 0x00, 0x00, 0x00, 0x80, 0x80, 0x00, 0x04, 0x9f, 0xa8, 0x00, 0xc7,
    0x9f, 0xa8, 0x00, 0xff, 0x9f, 0xa8, 0x00, 0xff, 0x9f, 0xa8, 0x00, 0xff, 0x9f, 0xa8, 0x00, 0xff,
    0x9f, 0xa8, 0x00, 0xff, 0x9f, 0xa8, 0x00, 0xff, 0x9f, 0xa8, 0x00, 0xff, 0x9f, 0xa8, 0x00, 0xff,
    0x9f, 0xa8, 0x00, 0xff, 0x9f, 0xa8, 0x00, 0xff, 0x9f, 0xa8, 0x00, 0xff, 0x9f, 0xa8, 0x00, 0xff,
    0x9f, 0xa8, 0x00, 0xff, 0x9f, 0xa8, 0x00, 0xff, 0x9f, 0xa8, 0x00, 0xff, 0x9f, 0xa8, 0x00, 0xff,
    0x9f, 0xa8, 0x00, 0xff, 0x9f, 0xa8, 0x00, 0xff, 0x9f, 0xa8, 0x00, 0xff, 0x9f, 0xa8, 0x00, 0xff,
    0x9f, 0xa8, 0x00, 0xff, 0x9f, 0xa8, 0x00, 0xff, 0x9f, 0xa8, 0x00, 0xff, 0x9f, 0xa8, 0x00, 0xff,
    0x9f, 0xa8, 0x00, 0xff, 0x9f, 0xa8, 0x00, 0xff, 0x9f, 0xa8, 0x00, 0xff, 0x9f, 0xa8, 0x00, 0xff,
    0x9f, 0xa8, 0x00, 0xff, 0x9f, 0xa8, 0x00, 0xff, 0x9f, 0xa8, 0x00, 0xff, 0x9f, 0xa8, 0x00, 0xff,
    0x9f, 0xa8, 0x00, 0xff, 0x9f, 0xa8, 0x00, 0xff, 0x9f, 0xa8, 0x00, 0xff, 0x9f, 0xa8, 0x00, 0xff,
    0x9f, 0xa8, 0x00, 0xff, 0x9f, 0xa8, 0x00, 0xff, 0x9f, 0xa8, 0x00, 0xff, 0x9f, 0xa8, 0x00, 0xff,
    0x9f, 0xa8, 0x00, 0xff, 0x9f, 0xa8, 0x00, 0xff, 0x9f, 0xa8, 0x00, 0xff, 0x9f, 0xa8, 0x00, 0xff,
    0x9f, 0xa8, 0x00, 0xff, 0x9f, 0xa8, 0x00, 0xff, 0x9f, 0xa8, 0x00, 0xff, 0x9f, 0xa8, 0x00, 0xff,
    0x9f, 0xa8, 0x00, 0xff, 0x9f, 0xa8, 0x00, 0xff, 0x9f, 0xa8, 0x00, 0xff, 0x9f, 0xa8, 0x00, 0xff,
    0x9f, 0xa8, 0x00, 0xff, 0x9f, 0xa8, 0x00, 0xff, 0x9f, 0xa8, 0x00, 0xff, 0x9f, 0xa8, 0x00, 0xff,
    0x9f, 0xa8, 0x00, 0xff, 0x9f, 0xa8, 0x00, 0xff, 0x9f, 0xa8, 0x00, 0xff, 0x9f, 0xa8, 0x00, 0xff,
    0x9f, 0xa8, 0x00, 0xff, 0x9f, 0xa8, 0x00, 0xff, 0x9f, 0xa8, 0x00, 0xff, 0x9f, 0xa8, 0x00, 0xff,
    0x9f, 0xa8, 0x00, 0xff, 0x9f, 0xa8, 0x00, 0xff, 0x9f, 0xa8, 0x00, 0xff, 0x9f, 0xa8, 0x00, 0xff,
    0x9f, 0xa8, 0x00, 0xff, 0x9f, 0xa8, 0x00, 0xff, 0x9f, 0xa8, 0x00, 0xff, 0x9f, 0xa8, 0x00, 0xff,
    0x9f, 0xa8, 0x00, 0xff, 0x9f, 0xa8, 0x00, 0xff, 0x9f, 0xa8, 0x00, 0xff, 0x9f, 0xa8, 0x00, 0xff,
    0x9f, 0xa8, 0x00, 0xff, 0x9f, 0xa8, 0x00, 0xff, 0x9f, 0xa8, 0x00, 0xff, 0x9f, 0xa8, 0x00, 0xff,
    0x9f, 0xa8, 0x00, 0xff, 0x9f, 0xa8, 0x00, 0xff, 0x9f, 0xa8, 0x00, 0xff, 0x9f, 0xa8, 0x00, 0xff,
    0x9f, 0xa8, 0x00, 0xff, 0x9f, 0xa8, 0x00, 0xff, 0x9f, 0xa8, 0x00, 0xff, 0x9f, 0xa8, 0x00, 0xff,
    0x9f, 0xa8, 0x00, 0xff, 0x9f, 0xa8, 0x00, 0xff, 0x9f, 0xa8, 0x00, 0xff, 0x9f, 0xa8, 0x00, 0xff,
    0x9f, 0xa8, 0x00, 0xff, 0x9f, 0xa8, 0x00, 0xff, 0x9f, 0xa8, 0x00, 0xff, 0x9f, 0xa8, 0x00, 0xff,
    0x9f, 0xa8, 0x00, 0xff, 0x9f, 0xa8, 0x00, 0xff, 0x9f, 0xa8, 0x00, 0xff, 0x9f, 0xa8, 0x00, 0xff,
    0x9f, 0xa8, 0x00, 0xff, 0x9f, 0xa8, 0x00, 0xff, 0x9f, 0xa8, 0x00, 0xff, 0x9f, 0xa8, 0x00, 0xff,
    0x9f, 0xa8, 0x00, 0xff, 0x9f, 0xa8, 0x00, 0xff, 0x9f, 0xa8, 0x00, 0xff, 0x9f, 0xa8, 0x00, 0xff,
    0x9f, 0xa8, 0x00, 0xff, 0x9f, 0xa8, 0x00, 0xff, 0x9f, 0xa8, 0x00, 0xff, 0x9f, 0xa8, 0x00, 0xff,
    0x9f, 0xa8, 0x00, 0xff, 0x9f, 0xa8, 0x00, 0xff, 0x9f, 0xa8, 0x00, 0xff, 0x9f, 0xa8, 0x00, 0xff,
    0x9f, 0xa8, 0x00, 0xff, 0x9f, 0xa8, 0x00, 0xff, 0x9f, 0xa8, 0x00, 0xc7, 0x00, 0x00, 0x00, 0x00,
    0x00, 0x00, 0x00, 0x00, 0x00, 0x00, 0x00, 0x00, 0x00, 0x00, 0x00, 0x00, 0x00, 0x00, 0x00, 0x00,
    0x00, 0x00, 0x00, 0x00, 0x00, 0x00, 0x00, 0x00, 0x00, 0x00, 0x00, 0x00, 0x00, 0x00, 0x00, 0x00,
    0x00, 0x00, 0x00, 0x00, 0x9f, 0xa6, 0x00, 0x28, 0x9f, 0xa7, 0x00, 0xf7, 0x9f, 0xa8, 0x00, 0xff,
    0x9f, 0xa8, 0x00, 0xff, 0x9f, 0xa8, 0x00, 0xff, 0x9f, 0xa8, 0x00, 0xff, 0x9f, 0xa8, 0x00, 0xff,
    0x9f, 0xa8, 0x00, 0xff, 0x9f, 0xa8, 0x00, 0xff, 0x9f, 0xa8, 0x00, 0xff, 0x9f, 0xa8, 0x00, 0xff,
    0x9f, 0xa8, 0x00, 0xff, 0x9f, 0xa8, 0x00, 0xff, 0x9f, 0xa8, 0x00, 0xff, 0x9f, 0xa8, 0x00, 0xff,
    0x9f, 0xa8, 0x00, 0xff, 0x9f, 0xa8, 0x00, 0xff, 0x9f, 0xa8, 0x00, 0xff, 0x9f, 0xa8, 0x00, 0xff,
    0x9f, 0xa8, 0x00, 0xff, 0x9f, 0xa8, 0x00, 0xff, 0x9f, 0xa8, 0x00, 0xff, 0x9f, 0xa8, 0x00, 0xff,
    0x9f, 0xa8, 0x00, 0xff, 0x9f, 0xa8, 0x00, 0xff, 0x9f, 0xa8, 0x00, 0xff, 0x9f, 0xa8, 0x00, 0xff,
    0x9f, 0xa8, 0x00, 0xff, 0x9f, 0xa8, 0x00, 0xff, 0x9f, 0xa8, 0x00, 0xff, 0x9f, 0xa8, 0x00, 0xff,
    0x9f, 0xa8, 0x00, 0xff, 0x9f, 0xa8, 0x00, 0xff, 0x9f, 0xa8, 0x00, 0xff, 0x9f, 0xa8, 0x00, 0xff,
    0x9f, 0xa8, 0x00, 0xff, 0x9f, 0xa8, 0x00, 0xff, 0x9f, 0xa8, 0x00, 0xff, 0x9f, 0xa8, 0x00, 0xff,
    0x9f, 0xa8, 0x00, 0xff, 0x9f, 0xa8, 0x00, 0xff, 0x9f, 0xa8, 0x00, 0xff, 0x9f, 0xa8, 0x00, 0xff,
    0x9f, 0xa8, 0x00, 0xff, 0x9f, 0xa8, 0x00, 0xff, 0x9f, 0xa8, 0x00, 0xff, 0x9f, 0xa8, 0x00, 0xff,
    0x9f, 0xa8, 0x00, 0xff, 0x9f, 0xa8, 0x00, 0xff, 0x9f, 0xa8, 0x00, 0xff, 0x9f, 0xa8, 0x00, 0xff,
    0x9f, 0xa8, 0x00, 0xff, 0x9f, 0xa8, 0x00, 0xff, 0x9f, 0xa8, 0x00, 0xff, 0x9f, 0xa8, 0x00, 0xff,
    0x9f, 0xa8, 0x00, 0xff, 0x9f, 0xa8, 0x00, 0xff, 0x9f, 0xa8, 0x00, 0xff, 0x9f, 0xa8, 0x00, 0xff,
    0x9f, 0xa8, 0x00, 0xff, 0x9f, 0xa8, 0x00, 0xff, 0x9f, 0xa8, 0x00, 0xff, 0x9f, 0xa8, 0x00, 0xff,
    0x9f, 0xa8, 0x00, 0xff, 0x9f, 0xa8, 0x00, 0xff, 0x9f, 0xa8, 0x00, 0xff, 0x9f, 0xa8, 0x00, 0xff,
    0x9f, 0xa8, 0x00, 0xff, 0x9f, 0xa8, 0x00, 0xff, 0x9f, 0xa8, 0x00, 0xff, 0x9f, 0xa8, 0x00, 0xff,
    0x9f, 0xa8, 0x00, 0xff, 0x9f, 0xa8, 0x00, 0xff, 0x9f, 0xa8, 0x00, 0xff, 0x9f, 0xa8, 0x00, 0xff,
    0x9f, 0xa8, 0x00, 0xff, 0x9f, 0xa8, 0x00, 0xff, 0x9f, 0xa8, 0x00, 0xff, 0x9f, 0xa8, 0x00, 0xff,
    0x9f, 0xa8, 0x00, 0xff, 0x9f, 0xa8, 0x00, 0xff, 0x9f, 0xa8, 0x00, 0xff, 0x9f, 0xa8, 0x00, 0xff,
    0x9f, 0xa8, 0x00, 0xff, 0x9f, 0xa8, 0x00, 0xff, 0x9f, 0xa8, 0x00, 0xff, 0x9f, 0xa8, 0x00, 0xff,
    0x9f, 0xa8, 0x00, 0xff, 0x9f, 0xa8, 0x00, 0xff, 0x9f, 0xa8, 0x00, 0xff, 0x9f, 0xa8, 0x00, 0xff,
    0x9f, 0xa8, 0x00, 0xff, 0x9f, 0xa8, 0x00, 0xff, 0x9f, 0xa8, 0x00, 0xff, 0x9f, 0xa8, 0x00, 0xff,
    0x9f, 0xa8, 0x00, 0xff, 0x9f, 0xa8, 0x00, 0xff, 0x9f, 0xa8, 0x00, 0xff, 0x9f, 0xa8, 0x00, 0xff,
    0x9f, 0xa8, 0x00, 0xff, 0x9f, 0xa8, 0x00, 0xff, 0x9f, 0xa8, 0x00, 0xff, 0x9f, 0xa8, 0x00, 0xff,
    0x9f, 0xa8, 0x00, 0xff, 0x9f, 0xa8, 0x00, 0xff, 0x9f, 0xa8, 0x00, 0xff, 0x9f, 0xa8, 0x00, 0xff,
    0x9f, 0xa8, 0x00, 0xff, 0x9f, 0xa8, 0x00, 0xff, 0x9f, 0xa8, 0x00, 0xff, 0x9f, 0xa8, 0x00, 0xff,
    0x9f, 0xa8, 0x00, 0xff, 0x9f, 0xa8, 0x00, 0xff, 0x9f, 0xa8, 0x00, 0xff, 0x9f, 0xa8, 0x00, 0xff,
    0x9f, 0xa8, 0x00, 0xff, 0x9f, 0xa8, 0x00, 0xff, 0x9f, 0xa8, 0x00, 0xff, 0x9f, 0xa7, 0x00, 0xf7,
    0x9c, 0xa3, 0x00, 0x24, 0x00, 0x00, 0x00, 0x00, 0x00, 0x00, 0x00, 0x00, 0x00, 0x00, 0x00, 0x00,
    0x00, 0x00, 0x00, 0x00, 0x00, 0x00, 0x00, 0x00, 0x00, 0x00, 0x00, 0x00, 0x00, 0x00, 0x00, 0x00,
    0x00, 0x00, 0x00, 0x00, 0x00, 0x00, 0x00, 0x00, 0x00, 0x00, 0x00, 0x00, 0x00, 0x00, 0x00, 0x00,
    0xa0, 0xa8, 0x00, 0x5b, 0x9f, 0xa8, 0x00, 0xff, 0x9f, 0xa8, 0x00, 0xff, 0x9f, 0xa8, 0x00, 0xff,
    0x9f, 0xa8, 0x00, 0xff, 0x9f, 0xa8, 0x00, 0xff, 0x9f, 0xa8, 0x00, 0xff, 0x9f, 0xa8, 0x00, 0xff,
    0x9f, 0xa8, 0x00, 0xff, 0x9f, 0xa8, 0x00, 0xff, 0x9f, 0xa8, 0x00, 0xff, 0x9f, 0xa8, 0x00, 0xff,
    0x9f, 0xa8, 0x00, 0xff, 0x9f, 0xa8, 0x00, 0xff, 0x9f, 0xa8, 0x00, 0xff, 0x9f, 0xa8, 0x00, 0xff,
    0x9f, 0xa8, 0x00, 0xff, 0x9f, 0xa8, 0x00, 0xff, 0x9f, 0xa8, 0x00, 0xff, 0x9f, 0xa8, 0x00, 0xff,
    0x9f, 0xa8, 0x00, 0xff, 0x9f, 0xa8, 0x00, 0xff, 0x9f, 0xa8, 0x00, 0xff, 0x9f, 0xa8, 0x00, 0xff,
    0x9f, 0xa8, 0x00, 0xff, 0x9f, 0xa8, 0x00, 0xff, 0x9f, 0xa8, 0x00, 0xff, 0x9f, 0xa8, 0x00, 0xff,
    0x9f, 0xa8, 0x00, 0xff, 0x9f, 0xa8, 0x00, 0xff, 0x9f, 0xa8, 0x00, 0xff, 0x9f, 0xa8, 0x00, 0xff,
    0x9f, 0xa8, 0x00, 0xff, 0x9f, 0xa8, 0x00, 0xff, 0x9f, 0xa8, 0x00, 0xff, 0x9f, 0xa8, 0x00, 0xff,
    0x9f, 0xa8, 0x00, 0xff, 0x9f, 0xa8, 0x00, 0xff, 0x9f, 0xa8, 0x00, 0xff, 0x9f, 0xa8, 0x00, 0xff,
    0x9f, 0xa8, 0x00, 0xff, 0x9f, 0xa8, 0x00, 0xff, 0x9f, 0xa8, 0x00, 0xff, 0x9f, 0xa8, 0x00, 0xff,
    0x9f, 0xa8, 0x00, 0xff, 0x9f, 0xa8, 0x00, 0xff, 0x9f, 0xa8, 0x00, 0xff, 0x9f, 0xa8, 0x00, 0xff,
    0x9f, 0xa8, 0x00, 0xff, 0x9f, 0xa8, 0x00, 0xff, 0x9f, 0xa8, 0x00, 0xff, 0x9f, 0xa8, 0x00, 0xff,
    0x9f, 0xa8, 0x00, 0xff, 0x9f, 0xa8, 0x00, 0xff, 0x9f, 0xa8, 0x00, 0xff, 0x9f, 0xa8, 0x00, 0xff,
    0x9f, 0xa8, 0x00, 0xff, 0x9f, 0xa8, 0x00, 0xff, 0x9f, 0xa8, 0x00, 0xff, 0x9f, 0xa8, 0x00, 0xff,
    0x9f, 0xa8, 0x00, 0xff, 0x9f, 0xa8, 0x00, 0xff, 0x9f, 0xa8, 0x00, 0xff, 0x9f, 0xa8, 0x00, 0xff,
    0x9f, 0xa8, 0x00, 0xff, 0x9f, 0xa8, 0x00, 0xff, 0x9f, 0xa8, 0x00, 0xff, 0x9f, 0xa8, 0x00, 0xff,
    0x9f, 0xa8, 0x00, 0xff, 0x9f, 0xa8, 0x00, 0xff, 0x9f, 0xa8, 0x00, 0xff, 0x9f, 0xa8, 0x00, 0xff,
    0x9f, 0xa8, 0x00, 0xff, 0x9f, 0xa8, 0x00, 0xff, 0x9f, 0xa8, 0x00, 0xff, 0x9f, 0xa8, 0x00, 0xff,
    0x9f, 0xa8, 0x00, 0xff, 0x9f, 0xa8, 0x00, 0xff, 0x9f, 0xa8, 0x00, 0xff, 0x9f, 0xa8, 0x00, 0xff,
    0x9f, 0xa8, 0x00, 0xff, 0x9f, 0xa8, 0x00, 0xff, 0x9f, 0xa8, 0x00, 0xff, 0x9f, 0xa8, 0x00, 0xff,
    0x9f, 0xa8, 0x00, 0xff, 0x9f, 0xa8, 0x00, 0xff, 0x9f, 0xa8, 0x00, 0xff, 0x9f, 0xa8, 0x00, 0xff,
    0x9f, 0xa8, 0x00, 0xff, 0x9f, 0xa8, 0x00, 0xff, 0x9f, 0xa8, 0x00, 0xff, 0x9f, 0xa8, 0x00, 0xff,
    0x9f, 0xa8, 0x00, 0xff, 0x9f, 0xa8, 0x00, 0xff, 0x9f, 0xa8, 0x00, 0xff, 0x9f, 0xa8, 0x00, 0xff,
    0x9f, 0xa8, 0x00, 0xff, 0x9f, 0xa8, 0x00, 0xff, 0x9f, 0xa8, 0x00, 0xff, 0x9f, 0xa8, 0x00, 0xff,
    0x9f, 0xa8, 0x00, 0xff, 0x9f, 0xa8, 0x00, 0xff, 0x9f, 0xa8, 0x00, 0xff, 0x9f, 0xa8, 0x00, 0xff,
    0x9f, 0xa8, 0x00, 0xff, 0x9f, 0xa8, 0x00, 0xff, 0x9f, 0xa8, 0x00, 0xff, 0x9f, 0xa8, 0x00, 0xff,
    0x9f, 0xa8, 0x00, 0xff, 0x9f, 0xa8, 0x00, 0xff, 0x9f, 0xa8, 0x00, 0xff, 0x9f, 0xa8, 0x00, 0xff,
    0x9f, 0xa8, 0x00, 0xff, 0x9f, 0xa8, 0x00, 0xff, 0x9f, 0xa8, 0x00, 0xff, 0x9f, 0xa8, 0x00, 0xff,
    0x9f, 0xa8, 0x00, 0xff, 0x9e, 0xa9, 0x00, 0x5f, 0x00, 0x00, 0x00, 0x00, 0x00, 0x00, 0x00, 0x00,
    0x00, 0x00, 0x00, 0x00, 0x00, 0x00, 0x00, 0x00, 0x00, 0x00, 0x00, 0x00, 0x00, 0x00, 0x00, 0x00,
    0x00, 0x00, 0x00, 0x00, 0x00, 0x00, 0x00, 0x00, 0x00, 0x00, 0x00, 0x00, 0x00, 0x00, 0x00, 0x00,
    0x00, 0x00, 0x00, 0x00, 0x00, 0x00, 0x00, 0x00, 0x00, 0x00, 0x00, 0x00, 0x9f, 0xa8, 0x00, 0x8f,
    0x9f, 0xa8, 0x00, 0xff, 0x9f, 0xa8, 0x00, 0xff, 0x9f, 0xa8, 0x00, 0xff, 0x9f, 0xa8, 0x00, 0xff,
    0x9f, 0xa8, 0x00, 0xff, 0x9f, 0xa8, 0x00, 0xff, 0x9f, 0xa8, 0x00, 0xff, 0x9f, 0xa8, 0x00, 0xff,
    0x9f, 0xa8, 0x00, 0xff, 0x9f, 0xa8, 0x00, 0xff, 0x9f, 0xa8, 0x00, 0xff, 0x9f, 0xa8, 0x00, 0xff,
    0x9f, 0xa8, 0x00, 0xff, 0x9f, 0xa8, 0x00, 0xff, 0x9f, 0xa8, 0x00, 0xff, 0x9f, 0xa8, 0x00, 0xff,
    0x9f, 0xa8, 0x00, 0xff, 0x9f, 0xa8, 0x00, 0xff, 0x9f, 0xa8, 0x00, 0xff, 0x9f, 0xa8, 0x00, 0xff,
    0x9f, 0xa8, 0x00, 0xff, 0x9f, 0xa8, 0x00, 0xff, 0x9f, 0xa8, 0x00, 0xff, 0x9f, 0xa8, 0x00, 0xff,
    0x9f, 0xa8, 0x00, 0xff, 0x9f, 0xa8, 0x00, 0xff, 0x9f, 0xa8, 0x00, 0xff, 0x9f, 0xa8, 0x00, 0xff,
    0x9f, 0xa8, 0x00, 0xff, 0x9f, 0xa8, 0x00, 0xff, 0x9f, 0xa8, 0x00, 0xff, 0x9f, 0xa8, 0x00, 0xff,
    0x9f, 0xa8, 0x00, 0xff, 0x9f, 0xa8, 0x00, 0xff, 0x9f, 0xa8, 0x00, 0xff, 0x9f, 0xa8, 0x00, 0xff,
    0x9f, 0xa8, 0x00, 0xff, 0x9f, 0xa8, 0x00, 0xff, 0x9f, 0xa8, 0x00, 0xff, 0x9f, 0xa8, 0x00, 0xff,
    0x9f, 0xa8, 0x00, 0xff, 0x9f, 0xa8, 0x00, 0xff, 0x9f, 0xa8, 0x00, 0xff, 0x9f, 0xa8, 0x00, 0xff,
    0x9f, 0xa8, 0x00, 0xff, 0x9f, 0xa8, 0x00, 0xff, 0x9f, 0xa8, 0x00, 0xff, 0x9f, 0xa8, 0x00, 0xff,
    0x9f, 0xa8, 0x00, 0xff, 0x9f, 0xa8, 0x00, 0xff, 0x9f, 0xa8, 0x00, 0xff, 0x9f, 0xa8, 0x00, 0xff,
    0x9f, 0xa8, 0x00, 0xff, 0x9f, 0xa8, 0x00, 0xff, 0x9f, 0xa8, 0x00, 0xff, 0x9f, 0xa8, 0x00, 0xff,
    0x9f, 0xa8, 0x00, 0xff, 0x9f, 0xa8, 0x00, 0xff, 0x9f, 0xa8, 0x00, 0xff, 0x9f, 0xa8, 0x00, 0xff,
    0x9f, 0xa8, 0x00, 0xff, 0x9f, 0xa8, 0x00, 0xff, 0x9f, 0xa8, 0x00, 0xff, 0x9f, 0xa8, 0x00, 0xff,
    0x9f, 0xa8, 0x00, 0xff, 0x9f, 0xa8, 0x00, 0xff, 0x9f, 0xa8, 0x00, 0xff, 0x9f, 0xa8, 0x00, 0xff,
    0x9f, 0xa8, 0x00, 0xff, 0x9f, 0xa8, 0x00, 0xff, 0x9f, 0xa8, 0x00, 0xff, 0x9f, 0xa8, 0x00, 0xff,
    0x9f, 0xa8, 0x00, 0xff, 0x9f, 0xa8, 0x00, 0xff, 0x9f, 0xa8, 0x00, 0xff, 0x9f, 0xa8, 0x00, 0xff,
    0x9f, 0xa8, 0x00, 0xff, 0x9f, 0xa8, 0x00, 0xff, 0x9f, 0xa8, 0x00, 0xff, 0x9f, 0xa8, 0x00, 0xff,
    0x9f, 0xa8, 0x00, 0xff, 0x9f, 0xa8, 0x00, 0xff, 0x9f, 0xa8, 0x00, 0xff, 0x9f, 0xa8, 0x00, 0xff,
    0x9f, 0xa8, 0x00, 0xff, 0x9f, 0xa8, 0x00, 0xff, 0x9f, 0xa8, 0x00, 0xff, 0x9f, 0xa8, 0x00, 0xff,
    0x9f, 0xa8, 0x00, 0xff, 0x9f, 0xa8, 0x00, 0xff, 0x9f, 0xa8, 0x00, 0xff, 0x9f, 0xa8, 0x00, 0xff,
    0x9f, 0xa8, 0x00, 0xff, 0x9f, 0xa8, 0x00, 0xff, 0x9f, 0xa8, 0x00, 0xff, 0x9f, 0xa8, 0x00, 0xff,
    0x9f, 0xa8, 0x00, 0xff, 0x9f, 0xa8, 0x00, 0xff, 0x9f, 0xa8, 0x00, 0xff, 0x9f, 0xa8, 0x00, 0xff,
    0x9f, 0xa8, 0x00, 0xff, 0x9f, 0xa8, 0x00, 0xff, 0x9f, 0xa8, 0x00, 0xff, 0x9f, 0xa8, 0x00, 0xff,
    0x9f, 0xa8, 0x00, 0xff, 0x9f, 0xa8, 0x00, 0xff, 0x9f, 0xa8, 0x00, 0xff, 0x9f, 0xa8, 0x00, 0xff,
    0x9f, 0xa8, 0x00, 0xff, 0x9f, 0xa8, 0x00, 0xff, 0x9f, 0xa8, 0x00, 0xff, 0x9f, 0xa8, 0x00, 0xff,
    0x9f, 0xa8, 0x00, 0xff, 0x9f, 0xa8, 0x00, 0xff, 0xa0, 0xa9, 0x00, 0x8b, 0x00, 0x00, 0x00, 0x00,
    0x00, 0x00, 0x00, 0x00, 0x00, 0x00, 0x00, 0x00, 0x00, 0x00, 0x00, 0x00, 0x00, 0x00, 0x00, 0x00,
    0x00, 0x00, 0x00, 0x00, 0x00, 0x00, 0x00, 0x00, 0x00, 0x00, 0x00, 0x00, 0x00, 0x00, 0x00, 0x00,
    0x00, 0x00, 0x00, 0x00, 0x00, 0x00, 0x00, 0x00, 0x00, 0x00, 0x00, 0x00, 0x00, 0x00, 0x00, 0x00,
    0x00, 0x00, 0x00, 0x00, 0x80, 0x80, 0x00, 0x04, 0x9e, 0xa8, 0x00, 0xb3, 0x9f, 0xa8, 0x00, 0xff,
    0x9f, 0xa8, 0x00, 0xff, 0x9f, 0xa8, 0x00, 0xff, 0x9f, 0xa8, 0x00, 0xff, 0x9f, 0xa8, 0x00, 0xff,
    0x9f, 0xa8, 0x00, 0xff, 0x9f, 0xa8, 0x00, 0xff, 0x9f, 0xa8, 0x00, 0xff, 0x9f, 0xa8, 0x00, 0xff,
    0x9f, 0xa8, 0x00, 0xff, 0x9f, 0xa8, 0x00, 0xff, 0x9f, 0xa8, 0x00, 0xff, 0x9f, 0xa8, 0x00, 0xff,
    0x9f, 0xa8, 0x00, 0xff, 0x9f, 0xa8, 0x00, 0xff, 0x9f, 0xa8, 0x00, 0xff, 0x9f, 0xa8, 0x00, 0xff,
    0x9f, 0xa8, 0x00, 0xff, 0x9f, 0xa8, 0x00, 0xff, 0x9f, 0xa8, 0x00, 0xff, 0x9f, 0xa8, 0x00, 0xff,
    0x9f, 0xa8, 0x00, 0xff, 0x9f, 0xa8, 0x00, 0xff, 0x9f, 0xa8, 0x00, 0xff, 0x9f, 0xa8, 0x00, 0xff,
    0x9f, 0xa8, 0x00, 0xff, 0x9f, 0xa8, 0x00, 0xff, 0x9f, 0xa8, 0x00, 0xff, 0x9f, 0xa8, 0x00, 0xff,
    0x9f, 0xa8, 0x00, 0xff, 0x9f, 0xa8, 0x00, 0xff, 0x9f, 0xa8, 0x00, 0xff, 0x9f, 0xa8, 0x00, 0xff,
    0x9f, 0xa8, 0x00, 0xff, 0x9f, 0xa8, 0x00, 0xff, 0x9f, 0xa8, 0x00, 0xff, 0x9f, 0xa8, 0x00, 0xff,
    0x9f, 0xa8, 0x00, 0xff, 0x9f, 0xa8, 0x00, 0xff, 0x9f, 0xa8, 0x00, 0xff, 0x9f, 0xa8, 0x00, 0xff,
    0x9f, 0xa8, 0x00, 0xff, 0x9f, 0xa8, 0x00, 0xff, 0x9f, 0xa8, 0x00, 0xff, 0x9f, 0xa8, 0x00, 0xff,
    0x9f, 0xa8, 0x00, 0xff, 0x9f, 0xa8, 0x00, 0xff, 0x9f, 0xa8, 0x00, 0xff, 0x9f, 0xa8, 0x00, 0xff,
    0x9f, 0xa8, 0x00, 0xff, 0x9f, 0xa8, 0x00, 0xff, 0x9f, 0xa8, 0x00, 0xff, 0x9f, 0xa8, 0x00, 0xff,
    0x9f, 0xa8, 0x00, 0xff, 0x9f, 0xa8, 0x00, 0xff, 0x9f, 0xa8, 0x00, 0xff, 0x9f, 0xa8, 0x00, 0xff,
    0x9f, 0xa8, 0x00, 0xff, 0x9f, 0xa8, 0x00, 0xff, 0x9f, 0xa8, 0x00, 0xff, 0x9f, 0xa8, 0x00, 0xff,
    0x9f, 0xa8, 0x00, 0xff, 0x9f, 0xa8, 0x00, 0xff, 0x9f, 0xa8, 0x00, 0xff, 0x9f, 0xa8, 0x00, 0xff,
    0x9f, 0xa8, 0x00, 0xff, 0x9f, 0xa8, 0x00, 0xff, 0x9f, 0xa8, 0x00, 0xff, 0x9f, 0xa8, 0x00, 0xff,
    0x9f, 0xa8, 0x00, 0xff, 0x9f, 0xa8, 0x00, 0xff, 0x9f, 0xa8, 0x00, 0xff, 0x9f, 0xa8, 0x00, 0xff,
    0x9f, 0xa8, 0x00, 0xff, 0x9f, 0xa8, 0x00, 0xff, 0x9f, 0xa8, 0x00, 0xff, 0x9f, 0xa8, 0x00, 0xff,
    0x9f, 0xa8, 0x00, 0xff, 0x9f, 0xa8, 0x00, 0xff, 0x9f, 0xa8, 0x00, 0xff, 0x9f, 0xa8, 0x00, 0xff,
    0x9f, 0xa8, 0x00, 0xff, 0x9f, 0xa8, 0x00, 0xff, 0x9f, 0xa8, 0x00, 0xff, 0x9f, 0xa8, 0x00, 0xff,
    0x9f, 0xa8, 0x00, 0xff, 0x9f, 0xa8, 0x00, 0xff, 0x9f, 0xa8, 0x00, 0xff, 0x9f, 0xa8, 0x00, 0xff,
    0x9f, 0xa8, 0x00, 0xff, 0x9f, 0xa8, 0x00, 0xff, 0x9f, 0xa8, 0x00, 0xff, 0x9f, 0xa8, 0x00, 0xff,
    0x9f, 0xa8, 0x00, 0xff, 0x9f, 0xa8, 0x00, 0xff, 0x9f, 0xa8, 0x00, 0xff, 0x9f, 0xa8, 0x00, 0xff,
    0x9f, 0xa8, 0x00, 0xff, 0x9f, 0xa8, 0x00, 0xff, 0x9f, 0xa8, 0x00, 0xff, 0x9f, 0xa8, 0x00, 0xff,
    0x9f, 0xa8, 0x00, 0xff, 0x9f, 0xa8, 0x00, 0xff, 0x9f, 0xa8, 0x00, 0xff, 0x9f, 0xa8, 0x00, 0xff,
    0x9f, 0xa8, 0x00, 0xff, 0x9f, 0xa8, 0x00, 0xff, 0x9f, 0xa8, 0x00, 0xff, 0x9f, 0xa8, 0x00, 0xff,
    0x9f, 0xa8, 0x00, 0xff, 0x9f, 0xa8, 0x00, 0xff, 0x9f, 0xa8, 0x00, 0xff, 0x9f, 0xa7, 0x00, 0xb7,
    0x80, 0x80, 0x00, 0x04, 0x00, 0x00, 0x00, 0x00, 0x00, 0x00, 0x00, 0x00, 0x00, 0x00, 0x00, 0x00,
    0x00, 0x00, 0x00, 0x00, 0x00, 0x00, 0x00, 0x00, 0x00, 0x00, 0x00, 0x00, 0x00, 0x00, 0x00, 0x00,
    0x00, 0x00, 0x00, 0x00, 0x00, 0x00, 0x00, 0x00, 0x00, 0x00, 0x00, 0x00, 0x00, 0x00, 0x00, 0x00,
    0x00, 0x00, 0x00, 0x00, 0x00, 0x00, 0x00, 0x00, 0x00, 0x00, 0x00, 0x00, 0x00, 0x00, 0x00, 0x00,
    0x9f, 0x9f, 0x00, 0x08, 0x9f, 0xa7, 0x00, 0xb7, 0x9f, 0xa8, 0x00, 0xff, 0x9f, 0xa8, 0x00, 0xff,
    0x9f, 0xa8, 0x00, 0xff, 0x9f, 0xa8, 0x00, 0xff, 0x9f, 0xa8, 0x00, 0xff, 0x9f, 0xa8, 0x00, 0xff,
    0x9f, 0xa8, 0x00, 0xff, 0x9f, 0xa8, 0x00, 0xff, 0x9f, 0xa8, 0x00, 0xff, 0x9f, 0xa8, 0x00, 0xff,
    0x9f, 0xa8, 0x00, 0xff, 0x9f, 0xa8, 0x00, 0xff, 0x9f, 0xa8, 0x00, 0xff, 0x9f, 0xa8, 0x00, 0xff,
    0x9f, 0xa8, 0x00, 0xff, 0x9f, 0xa8, 0x00, 0xff, 0x9f, 0xa8, 0x00, 0xff, 0x9f, 0xa8, 0x00, 0xff,
    0x9f, 0xa8, 0x00, 0xff, 0x9f, 0xa8, 0x00, 0xff, 0x9f, 0xa8, 0x00, 0xff, 0x9f, 0xa8, 0x00, 0xff,
    0x9f, 0xa8, 0x00, 0xff, 0x9f, 0xa8, 0x00, 0xff, 0x9f, 0xa8, 0x00, 0xff, 0x9f, 0xa8, 0x00, 0xff,
    0x9f, 0xa8, 0x00, 0xff, 0x9f, 0xa8, 0x00, 0xff, 0x9f, 0xa8, 0x00, 0xff, 0x9f, 0xa8, 0x00, 0xff,
    0x9f, 0xa8, 0x00, 0xff, 0x9f, 0xa8, 0x00, 0xff, 0x9f, 0xa8, 0x00, 0xff, 0x9f, 0xa8, 0x00, 0xff,
    0x9f, 0xa8, 0x00, 0xff, 0x9f, 0xa8, 0x00, 0xff, 0x9f, 0xa8, 0x00, 0xff, 0x9f, 0xa8, 0x00, 0xff,
    0x9f, 0xa8, 0x00, 0xff, 0x9f, 0xa8, 0x00, 0xff, 0x9f, 0xa8, 0x00, 0xff, 0x9f, 0xa8, 0x00, 0xff,
    0x9f, 0xa8, 0x00, 0xff, 0x9f, 0xa8, 0x00, 0xff, 0x9f, 0xa8, 0x00, 0xff, 0x9f, 0xa8, 0x00, 0xff,
    0x9f, 0xa8, 0x00, 0xff, 0x9f, 0xa8, 0x00, 0xff, 0x9f, 0xa8, 0x00, 0xff, 0x9f, 0xa8, 0x00, 0xff,
    0x9f, 0xa8, 0x00, 0xff, 0x9f, 0xa8, 0x00, 0xff, 0x9f, 0xa8, 0x00, 0xff, 0x9f, 0xa8, 0x00, 0xff,
    0x9f, 0xa8, 0x00, 0xff, 0x9f, 0xa8, 0x00, 0xff, 0x9f, 0xa8, 0x00, 0xff, 0x9f, 0xa8, 0x00, 0xff,
    0x9f, 0xa8, 0x00, 0xff, 0x9f, 0xa8, 0x00, 0xff, 0x9f, 0xa8, 0x00, 0xff, 0x9f, 0xa8, 0x00, 0xff,
    0x9f, 0xa8, 0x00, 0xff, 0x9f, 0xa8, 0x00, 0xff, 0x9f, 0xa8, 0x00, 0xff, 0x9f, 0xa8, 0x00, 0xff,
    0x9f, 0xa8, 0x00, 0xff, 0x9f, 0xa8, 0x00, 0xff, 0x9f, 0xa8, 0x00, 0xff, 0x9f, 0xa8, 0x00, 0xff,
    0x9f, 0xa8, 0x00, 0xff, 0x9f, 0xa8, 0x00, 0xff, 0x9f, 0xa8, 0x00, 0xff, 0x9f, 0xa8, 0x00, 0xff,
    0x9f, 0xa8, 0x00, 0xff, 0x9f, 0xa8, 0x00, 0xff, 0x9f, 0xa8, 0x00, 0xff, 0x9f, 0xa8, 0x00, 0xff,
    0x9f, 0xa8, 0x00, 0xff, 0x9f, 0xa8, 0x00, 0xff, 0x9f, 0xa8, 0x00, 0xff, 0x9f, 0xa8, 0x00, 0xff,
    0x9f, 0xa8, 0x00, 0xff, 0x9f, 0xa8, 0x00, 0xff, 0x9f, 0xa8, 0x00, 0xff, 0x9f, 0xa8, 0x00, 0xff,
    0x9f, 0xa8, 0x00, 0xff, 0x9f, 0xa8, 0x00, 0xff, 0x9f, 0xa8, 0x00, 0xff, 0x9f, 0xa8, 0x00, 0xff,
    0x9f, 0xa8, 0x00, 0xff, 0x9f, 0xa8, 0x00, 0xff, 0x9f, 0xa8, 0x00, 0xff, 0x9f, 0xa8, 0x00, 0xff,
    0x9f, 0xa8, 0x00, 0xff, 0x9f, 0xa8, 0x00, 0xff, 0x9f, 0xa8, 0x00, 0xff, 0x9f, 0xa8, 0x00, 0xff,
    0x9f, 0xa8, 0x00, 0xff, 0x9f, 0xa8, 0x00, 0xff, 0x9f, 0xa8, 0x00, 0xff, 0x9f, 0xa8, 0x00, 0xff,
    0x9f, 0xa8, 0x00, 0xff, 0x9f, 0xa8, 0x00, 0xff, 0x9f, 0xa8, 0x00, 0xff, 0x9f, 0xa8, 0x00, 0xff,
    0x9f, 0xa8, 0x00, 0xff, 0x9f, 0xa8, 0x00, 0xff, 0x9f, 0xa8, 0x00, 0xff, 0x9f, 0xa8, 0x00, 0xff,
    0x9f, 0xa7, 0x00, 0xb7, 0x9f, 0x9f, 0x00, 0x08, 0x00, 0x00, 0x00, 0x00, 0x00, 0x00, 0x00, 0x00,
    0x00, 0x00, 0x00, 0x00, 0x00, 0x00, 0x00, 0x00, 0x00, 0x00, 0x00, 0x00, 0x00, 0x00, 0x00, 0x00,
    0x00, 0x00, 0x00, 0x00, 0x00, 0x00, 0x00, 0x00, 0x00, 0x00, 0x00, 0x00, 0x00, 0x00, 0x00, 0x00,
    0x00, 0x00, 0x00, 0x00, 0x00, 0x00, 0x00, 0x00, 0x00, 0x00, 0x00, 0x00, 0x00, 0x00, 0x00, 0x00,
    0x00, 0x00, 0x00, 0x00, 0x00, 0x00, 0x00, 0x00, 0x00, 0x00, 0x00, 0x00, 0x9f, 0x9f, 0x00, 0x08,
    0x9f, 0xa7, 0x00, 0xb7, 0x9f, 0xa8, 0x00, 0xff, 0x9f, 0xa8, 0x00, 0xff, 0x9f, 0xa8, 0x00, 0xff,
    0x9f, 0xa8, 0x00, 0xff, 0x9f, 0xa8, 0x00, 0xff, 0x9f, 0xa8, 0x00, 0xff, 0x9f, 0xa8, 0x00, 0xff,
    0x9f, 0xa8, 0x00, 0xff, 0x9f, 0xa8, 0x00, 0xff, 0x9f, 0xa8, 0x00, 0xff, 0x9f, 0xa8, 0x00, 0xff,
    0x9f, 0xa8, 0x00, 0xff, 0x9f, 0xa8, 0x00, 0xff, 0x9f, 0xa8, 0x00, 0xff, 0x9f, 0xa8, 0x00, 0xff,
    0x9f, 0xa8, 0x00, 0xff, 0x9f, 0xa8, 0x00, 0xff, 0x9f, 0xa8, 0x00, 0xff, 0x9f, 0xa8, 0x00, 0xff,
    0x9f, 0xa8, 0x00, 0xff, 0x9f, 0xa8, 0x00, 0xff, 0x9f, 0xa8, 0x00, 0xff, 0x9f, 0xa8, 0x00, 0xff,
    0x9f, 0xa8, 0x00, 0xff, 0x9f, 0xa8, 0x00, 0xff, 0x9f, 0xa8, 0x00, 0xff, 0x9f, 0xa8, 0x00, 0xff,
    0x9f, 0xa8, 0x00, 0xff, 0x9f, 0xa8, 0x00, 0xff, 0x9f, 0xa8, 0x00, 0xff, 0x9f, 0xa8, 0x00, 0xff,
    0x9f, 0xa8, 0x00, 0xff, 0x9f, 0xa8, 0x00, 0xff, 0x9f, 0xa8, 0x00, 0xff, 0x9f, 0xa8, 0x00, 0xff,
    0x9f, 0xa8, 0x00, 0xff, 0x9f, 0xa8, 0x00, 0xff, 0x9f, 0xa8, 0x00, 0xff, 0x9f, 0xa8, 0x00, 0xff,
    0x9f, 0xa8, 0x00, 0xff, 0x9f, 0xa8, 0x00, 0xff, 0x9f, 0xa8, 0x00, 0xff, 0x9f, 0xa8, 0x00, 0xff,
    0x9f, 0xa8, 0x00, 0xff, 0x9f, 0xa8, 0x00, 0xff, 0x9f, 0xa8, 0x00, 0xff, 0x9f, 0xa8, 0x00, 0xff,
    0x9f, 0xa8, 0x00, 0xff, 0x9f, 0xa8, 0x00, 0xff, 0x9f, 0xa8, 0x00, 0xff, 0x9f, 0xa8, 0x00, 0xff,
    0x9f, 0xa8, 0x00, 0xff, 0x9f, 0xa8, 0x00, 0xff, 0x9f, 0xa8, 0x00, 0xff, 0x9f, 0xa8, 0x00, 0xff,
    0x9f, 0xa8, 0x00, 0xff, 0x9f, 0xa8, 0x00, 0xff, 0x9f, 0xa8, 0x00, 0xff, 0x9f, 0xa8, 0x00, 0xff,
    0x9f, 0xa8, 0x00, 0xff, 0x9f, 0xa8, 0x00, 0xff, 0x9f, 0xa8, 0x00, 0xff, 0x9f, 0xa8, 0x00, 0xff,
    0x9f, 0xa8, 0x00, 0xff, 0x9f, 0xa8, 0x00, 0xff, 0x9f, 0xa8, 0x00, 0xff, 0x9f, 0xa8, 0x00, 0xff,
    0x9f, 0xa8, 0x00, 0xff, 0x9f, 0xa8, 0x00, 0xff, 0x9f, 0xa8, 0x00, 0xff, 0x9f, 0xa8, 0x00, 0xff,
    0x9f, 0xa8, 0x00, 0xff, 0x9f, 0xa8, 0x00, 0xff, 0x9f, 0xa8, 0x00, 0xff, 0x9f, 0xa8, 0x00, 0xff,
    0x9f, 0xa8, 0x00, 0xff, 0x9f, 0xa8, 0x00, 0xff, 0x9f, 0xa8, 0x00, 0xff, 0x9f, 0xa8, 0x00, 0xff,
    0x9f, 0xa8, 0x00, 0xff, 0x9f, 0xa8, 0x00, 0xff, 0x9f, 0xa8, 0x00, 0xff, 0x9f, 0xa8, 0x00, 0xff,
    0x9f, 0xa8, 0x00, 0xff, 0x9f, 0xa8, 0x00, 0xff, 0x9f, 0xa8, 0x00, 0xff, 0x9f, 0xa8, 0x00, 0xff,
    0x9f, 0xa8, 0x00, 0xff, 0x9f, 0xa8, 0x00, 0xff, 0x9f, 0xa8, 0x00, 0xff, 0x9f, 0xa8, 0x00, 0xff,
    0x9f, 0xa8, 0x00, 0xff, 0x9f, 0xa8, 0x00, 0xff, 0x9f, 0xa8, 0x00, 0xff, 0x9f, 0xa8, 0x00, 0xff,
    0x9f, 0xa8, 0x00, 0xff, 0x9f, 0xa8, 0x00, 0xff, 0x9f, 0xa8, 0x00, 0xff, 0x9f, 0xa8, 0x00, 0xff,
    0x9f, 0xa8, 0x00, 0xff, 0x9f, 0xa8, 0x00, 0xff, 0x9f, 0xa8, 0x00, 0xff, 0x9f, 0xa8, 0x00, 0xff,
    0x9f, 0xa8, 0x00, 0xff, 0x9f, 0xa8, 0x00, 0xff, 0x9f, 0xa8, 0x00, 0xff, 0x9f, 0xa8, 0x00, 0xff,
    0x9f, 0xa8, 0x00, 0xff, 0x9e, 0xa8, 0x00, 0xb3, 0x9f, 0x9f, 0x00, 0x08, 0x00, 0x00, 0x00, 0x00,
    0x00, 0x00, 0x00, 0x00, 0x00, 0x00, 0x00, 0x00, 0x00, 0x00, 0x00, 0x00, 0x00, 0x00, 0x00, 0x00,
    0x00, 0x00, 0x00, 0x00, 0x00, 0x00, 0x00, 0x00, 0x00, 0x00, 0x00, 0x00, 0x00, 0x00, 0x00, 0x00,
    0x00, 0x00, 0x00, 0x00, 0x00, 0x00, 0x00, 0x00, 0x00, 0x00, 0x00, 0x00, 0x00, 0x00, 0x00, 0x00,
    0x00, 0x00, 0x00, 0x00, 0x00, 0x00, 0x00, 0x00, 0x00, 0x00, 0x00, 0x00, 0x00, 0x00, 0x00, 0x00,
    0x00, 0x00, 0x00, 0x00, 0x00, 0x00, 0x00, 0x00, 0x80, 0x80, 0x00, 0x04, 0xa0, 0xa9, 0x00, 0x8b,
    0x9f, 0xa8, 0x00, 0xff, 0x9f, 0xa8, 0x00, 0xff, 0x9f, 0xa8, 0x00, 0xff, 0x9f, 0xa8, 0x00, 0xff,
    0x9f, 0xa8, 0x00, 0xff, 0x9f, 0xa8, 0x00, 0xff, 0x9f, 0xa8, 0x00, 0xff, 0x9f, 0xa8, 0x00, 0xff,
    0x9f, 0xa8, 0x00, 0xff, 0x9f, 0xa8, 0x00, 0xff, 0x9f, 0xa8, 0x00, 0xff, 0x9f, 0xa8, 0x00, 0xff,
    0x9f, 0xa8, 0x00, 0xff, 0x9f, 0xa8, 0x00, 0xff, 0x9f, 0xa8, 0x00, 0xff, 0x9f, 0xa8, 0x00, 0xff,
    0x9f, 0xa8, 0x00, 0xff, 0x9f, 0xa8, 0x00, 0xff, 0x9f, 0xa8, 0x00, 0xff, 0x9f, 0xa8, 0x00, 0xff,
    0x9f, 0xa8, 0x00, 0xff, 0x9f, 0xa8, 0x00, 0xff, 0x9f, 0xa8, 0x00, 0xff, 0x9f, 0xa8, 0x00, 0xff,
    0x9f, 0xa8, 0x00, 0xff, 0x9f, 0xa8, 0x00, 0xff, 0x9f, 0xa8, 0x00, 0xff, 0x9f, 0xa8, 0x00, 0xff,
    0x9f, 0xa8, 0x00, 0xff, 0x9f, 0xa8, 0x00, 0xff, 0x9f, 0xa8, 0x00, 0xff, 0x9f, 0xa8, 0x00, 0xff,
    0x9f, 0xa8, 0x00, 0xff, 0x9f, 0xa8, 0x00, 0xff, 0x9f, 0xa8, 0x00, 0xff, 0x9f, 0xa8, 0x00, 0xff,
    0x9f, 0xa8, 0x00, 0xff, 0x9f, 0xa8, 0x00, 0xff, 0x9f, 0xa8, 0x00, 0xff, 0x9f, 0xa8, 0x00, 0xff,
    0x9f, 0xa8, 0x00, 0xff, 0x9f, 0xa8, 0x00, 0xff, 0x9f, 0xa8, 0x00, 0xff, 0x9f, 0xa8, 0x00, 0xff,
    0x9f, 0xa8, 0x00, 0xff, 0x9f, 0xa8, 0x00, 0xff, 0x9f, 0xa8, 0x00, 0xff, 0x9f, 0xa8, 0x00, 0xff,
    0x9f, 0xa8, 0x00, 0xff, 0x9f, 0xa8, 0x00, 0xff, 0x9f, 0xa8, 0x00, 0xff, 0x9f, 0xa8, 0x00, 0xff,
    0x9f, 0xa8, 0x00, 0xff, 0x9f, 0xa8, 0x00, 0xff, 0x9f, 0xa8, 0x00, 0xff, 0x9f, 0xa8, 0x00, 0xff,
    0x9f, 0xa8, 0x00, 0xff, 0x9f, 0xa8, 0x00, 0xff, 0x9f, 0xa8, 0x00, 0xff, 0x9f, 0xa8, 0x00, 0xff,
    0x9f, 0xa8, 0x00, 0xff, 0x9f, 0xa8, 0x00, 0xff, 0x9f, 0xa8, 0x00, 0xff, 0x9f, 0xa8, 0x00, 0xff,
    0x9f, 0xa8, 0x00, 0xff, 0x9f, 0xa8, 0x00, 0xff, 0x9f, 0xa8, 0x00, 0xff, 0x9f, 0xa8, 0x00, 0xff,
    0x9f, 0xa8, 0x00, 0xff, 0x9f, 0xa8, 0x00, 0xff, 0x9f, 0xa8, 0x00, 0xff, 0x9f, 0xa8, 0x00, 0xff,
    0x9f, 0xa8, 0x00, 0xff, 0x9f, 0xa8, 0x00, 0xff, 0x9f, 0xa8, 0x00, 0xff, 0x9f, 0xa8, 0x00, 0xff,
    0x9f, 0xa8, 0x00, 0xff, 0x9f, 0xa8, 0x00, 0xff, 0x9f, 0xa8, 0x00, 0xff, 0x9f, 0xa8, 0x00, 0xff,
    0x9f, 0xa8, 0x00, 0xff, 0x9f, 0xa8, 0x00, 0xff, 0x9f, 0xa8, 0x00, 0xff, 0x9f, 0xa8, 0x00, 0xff,
    0x9f, 0xa8, 0x00, 0xff, 0x9f, 0xa8, 0x00, 0xff, 0x9f, 0xa8, 0x00, 0xff, 0x9f, 0xa8, 0x00, 0xff,
    0x9f, 0xa8, 0x00, 0xff, 0x9f, 0xa8, 0x00, 0xff, 0x9f, 0xa8, 0x00, 0xff, 0x9f, 0xa8, 0x00, 0xff,
    0x9f, 0xa8, 0x00, 0xff, 0x9f, 0xa8, 0x00, 0xff, 0x9f, 0xa8, 0x00, 0xff, 0x9f, 0xa8, 0x00, 0xff,
    0x9f, 0xa8, 0x00, 0xff, 0x9f, 0xa8, 0x00, 0xff, 0x9f, 0xa8, 0x00, 0xff, 0x9f, 0xa8, 0x00, 0xff,
    0x9f, 0xa8, 0x00, 0xff, 0x9f, 0xa8, 0x00, 0xff, 0x9f, 0xa8, 0x00, 0xff, 0x9f, 0xa8, 0x00, 0xff,
    0x9f, 0xa8, 0x00, 0xff, 0x9f, 0xa8, 0x00, 0xff, 0x9f, 0xa8, 0x00, 0x8f, 0x80, 0x80, 0x00, 0x04,
    0x00, 0x00, 0x00, 0x00, 0x00, 0x00, 0x00, 0x00, 0x00, 0x00, 0x00, 0x00, 0x00, 0x00, 0x00, 0x00,
    0x00, 0x00, 0x00, 0x00, 0x00, 0x00, 0x00, 0x00, 0x00, 0x00, 0x00, 0x00, 0x00, 0x00, 0x00, 0x00,
    0x00, 0x00, 0x00, 0x00, 0x00, 0x00, 0x00, 0x00, 0x00, 0x00, 0x00, 0x00, 0x00, 0x00, 0x00, 0x00,
    0x00, 0x00, 0x00, 0x00, 0x00, 0x00, 0x00, 0x00, 0x00, 0x00, 0x00, 0x00, 0x00, 0x00, 0x00, 0x00,
    0x00, 0x00, 0x00, 0x00, 0x00, 0x00, 0x00, 0x00, 0x00, 0x00, 0x00, 0x00, 0x00, 0x00, 0x00, 0x00,
    0x00, 0x00, 0x00, 0x00, 0x00, 0x00, 0x00, 0x00, 0x9e, 0xa9, 0x00, 0x5f, 0x9f, 0xa7, 0x00, 0xf7,
    0x9f, 0xa8, 0x00, 0xff, 0x9f, 0xa8, 0x00, 0xff, 0x9f, 0xa8, 0x00, 0xff, 0x9f, 0xa8, 0x00, 0xff,
    0x9f, 0xa8, 0x00, 0xff, 0x9f, 0xa8, 0x00, 0xff, 0x9f, 0xa8, 0x00, 0xff, 0x9f, 0xa8, 0x00, 0xff,
    0x9f, 0xa8, 0x00, 0xff, 0x9f, 0xa8, 0x00, 0xff, 0x9f, 0xa8, 0x00, 0xff, 0x9f, 0xa8, 0x00, 0xff,
    0x9f, 0xa8, 0x00, 0xff, 0x9f, 0xa8, 0x00, 0xff, 0x9f, 0xa8, 0x00, 0xff, 0x9f, 0xa8, 0x00, 0xff,
    0x9f, 0xa8, 0x00, 0xff, 0x9f, 0xa8, 0x00, 0xff, 0x9f, 0xa8, 0x00, 0xff, 0x9f, 0xa8, 0x00, 0xff,
    0x9f, 0xa8, 0x00, 0xff, 0x9f, 0xa8, 0x00, 0xff, 0x9f, 0xa8, 0x00, 0xff, 0x9f, 0xa8, 0x00, 0xff,
    0x9f, 0xa8, 0x00, 0xff, 0x9f, 0xa8, 0x00, 0xff, 0x9f, 0xa8, 0x00, 0xff, 0x9f, 0xa8, 0x00, 0xff,
    0x9f, 0xa8, 0x00, 0xff, 0x9f, 0xa8, 0x00, 0xff, 0x9f, 0xa8, 0x00, 0xff, 0x9f, 0xa8, 0x00, 0xff,
    0x9f, 0xa8, 0x00, 0xff, 0x9f, 0xa8, 0x00, 0xff, 0x9f, 0xa8, 0x00, 0xff, 0x9f, 0xa8, 0x00, 0xff,
    0x9f, 0xa8, 0x00, 0xff, 0x9f, 0xa8, 0x00, 0xff, 0x9f, 0xa8, 0x00, 0xff, 0x9f, 0xa8, 0x00, 0xff,
    0x9f, 0xa8, 0x00, 0xff, 0x9f, 0xa8, 0x00, 0xff, 0x9f, 0xa8, 0x00, 0xff, 0x9f, 0xa8, 0x00, 0xff,
    0x9f, 0xa8, 0x00, 0xff, 0x9f, 0xa8, 0x00, 0xff, 0x9f, 0xa8, 0x00, 0xff, 0x9f, 0xa8, 0x00, 0xff,
    0x9f, 0xa8, 0x00, 0xff, 0x9f, 0xa8, 0x00, 0xff, 0x9f, 0xa8, 0x00, 0xff, 0x9f, 0xa8, 0x00, 0xff,
    0x9f, 0xa8, 0x00, 0xff, 0x9f, 0xa8, 0x00, 0xff, 0x9f, 0xa8, 0x00, 0xff, 0x9f, 0xa8, 0x00, 0xff,
    0x9f, 0xa8, 0x00, 0xff, 0x9f, 0xa8, 0x00, 0xff, 0x9f, 0xa8, 0x00, 0xff, 0x9f, 0xa8, 0x00, 0xff,
    0x9f, 0xa8, 0x00, 0xff, 0x9f, 0xa8, 0x00, 0xff, 0x9f, 0xa8, 0x00, 0xff, 0x9f, 0xa8, 0x00, 0xff,
    0x9f, 0xa8, 0x00, 0xff, 0x9f, 0xa8, 0x00, 0xff, 0x9f, 0xa8, 0x00, 0xff, 0x9f, 0xa8, 0x00, 0xff,
    0x9f, 0xa8, 0x00, 0xff, 0x9f, 0xa8, 0x00, 0xff, 0x9f, 0xa8, 0x00, 0xff, 0x9f, 0xa8, 0x00, 0xff,
    0x9f, 0xa8, 0x00, 0xff, 0x9f, 0xa8, 0x00, 0xff, 0x9f, 0xa8, 0x00, 0xff, 0x9f, 0xa8, 0x00, 0xff,
    0x9f, 0xa8, 0x00, 0xff, 0x9f, 0xa8, 0x00, 0xff, 0x9f, 0xa8, 0x00, 0xff, 0x9f, 0xa8, 0x00, 0xff,
    0x9f, 0xa8, 0x00, 0xff, 0x9f, 0xa8, 0x00, 0xff, 0x9f, 0xa8, 0x00, 0xff, 0x9f, 0xa8, 0x00, 0xff,
    0x9f, 0xa8, 0x00, 0xff, 0x9f, 0xa8, 0x00, 0xff, 0x9f, 0xa8, 0x00, 0xff, 0x9f, 0xa8, 0x00, 0xff,
    0x9f, 0xa8, 0x00, 0xff, 0x9f, 0xa8, 0x00, 0xff, 0x9f, 0xa8, 0x00, 0xff, 0x9f, 0xa8, 0x00, 0xff,
    0x9f, 0xa8, 0x00, 0xff, 0x9f, 0xa8, 0x00, 0xff, 0x9f, 0xa8, 0x00, 0xff, 0x9f, 0xa8, 0x00, 0xff,
    0x9f, 0xa8, 0x00, 0xff, 0x9f, 0xa8, 0x00, 0xff, 0x9f, 0xa8, 0x00, 0xff, 0x9f, 0xa8, 0x00, 0xff,
    0x9f, 0xa8, 0x00, 0xff, 0x9f, 0xa8, 0x00, 0xff, 0x9f, 0xa7, 0x00, 0xf7, 0xa0, 0xa8, 0x00, 0x5b,
    0x00, 0x00, 0x00, 0x00, 0x00, 0x00, 0x00, 0x00, 0x00, 0x00, 0x00, 0x00, 0x00, 0x00, 0x00, 0x00,
    0x00, 0x00, 0x00, 0x00, 0x00, 0x00, 0x00, 0x00, 0x00, 0x00, 0x00, 0x00, 0x00, 0x00, 0x00, 0x00,
    0x00, 0x00, 0x00, 0x00, 0x00, 0x00, 0x00, 0x00, 0x00, 0x00, 0x00, 0x00, 0x00, 0x00, 0x00, 0x00,
    0x00, 0x00, 0x00, 0x00, 0x00, 0x00, 0x00, 0x00, 0x00, 0x00, 0x00, 0x00, 0x00, 0x00, 0x00, 0x00,
    0x00, 0x00, 0x00, 0x00, 0x00, 0x00, 0x00, 0x00, 0x00, 0x00, 0x00, 0x00, 0x00, 0x00, 0x00, 0x00,
    0x00, 0x00, 0x00, 0x00, 0x00, 0x00, 0x00, 0x00, 0x00, 0x00, 0x00, 0x00, 0x00, 0x00, 0x00, 0x00,
    0x00, 0x00, 0x00, 0x00, 0x9c, 0xa3, 0x00, 0x24, 0x9f, 0xa8, 0x00, 0xc7, 0x9f, 0xa8, 0x00, 0xff,
    0x9f, 0xa8, 0x00, 0xff, 0x9f, 0xa8, 0x00, 0xff, 0x9f, 0xa8, 0x00, 0xff, 0x9f, 0xa8, 0x00, 0xff,
    0x9f, 0xa8, 0x00, 0xff, 0x9f, 0xa8, 0x00, 0xff, 0x9f, 0xa8, 0x00, 0xff, 0x9f, 0xa8, 0x00, 0xff,
    0x9f, 0xa8, 0x00, 0xff, 0x9f, 0xa8, 0x00, 0xff, 0x9f, 0xa8, 0x00, 0xff, 0x9f, 0xa8, 0x00, 0xff,
    0x9f, 0xa8, 0x00, 0xff, 0x9f, 0xa8, 0x00, 0xff, 0x9f, 0xa8, 0x00, 0xff, 0x9f, 0xa8, 0x00, 0xff,
    0x9f, 0xa8, 0x00, 0xff, 0x9f, 0xa8, 0x00, 0xff, 0x9f, 0xa8, 0x00, 0xff, 0x9f, 0xa8, 0x00, 0xff,
    0x9f, 0xa8, 0x00, 0xff, 0x9f, 0xa8, 0x00, 0xff, 0x9f, 0xa8, 0x00, 0xff, 0x9f, 0xa8, 0x00, 0xff,
    0x9f, 0xa8, 0x00, 0xff, 0x9f, 0xa8, 0x00, 0xff, 0x9f, 0xa8, 0x00, 0xff, 0x9f, 0xa8, 0x00, 0xff,
    0x9f, 0xa8, 0x00, 0xff, 0x9f, 0xa8, 0x00, 0xff, 0x9f, 0xa8, 0x00, 0xff, 0x9f, 0xa8, 0x00, 0xff,
    0x9f, 0xa8, 0x00, 0xff, 0x9f, 0xa8, 0x00, 0xff, 0x9f, 0xa8, 0x00, 0xff, 0x9f, 0xa8, 0x00, 0xff,
    0x9f, 0xa8, 0x00, 0xff, 0x9f, 0xa8, 0x00, 0xff, 0x9f, 0xa8, 0x00, 0xff, 0x9f, 0xa8, 0x00, 0xff,
    0x9f, 0xa8, 0x00, 0xff, 0x9f, 0xa8, 0x00, 0xff, 0x9f, 0xa8, 0x00, 0xff, 0x9f, 0xa8, 0x00, 0xff,
    0x9f, 0xa8, 0x00, 0xff, 0x9f, 0xa8, 0x00, 0xff, 0x9f, 0xa8, 0x00, 0xff, 0x9f, 0xa8, 0x00, 0xff,
    0x9f, 0xa8, 0x00, 0xff, 0x9f, 0xa8, 0x00, 0xff, 0x9f, 0xa8, 0x00, 0xff, 0x9f, 0xa8, 0x00, 0xff,
    0x9f, 0xa8, 0x00, 0xff, 0x9f, 0xa8, 0x00, 0xff, 0x9f, 0xa8, 0x00, 0xff, 0x9f, 0xa8, 0x00, 0xff,
    0x9f, 0xa8, 0x00, 0xff, 0x9f, 0xa8, 0x00, 0xff, 0x9f, 0xa8, 0x00, 0xff, 0x9f, 0xa8, 0x00, 0xff,
    0x9f, 0xa8, 0x00, 0xff, 0x9f, 0xa8, 0x00, 0xff, 0x9f, 0xa8, 0x00, 0xff, 0x9f, 0xa8, 0x00, 0xff,
    0x9f, 0xa8, 0x00, 0xff, 0x9f, 0xa8, 0x00, 0xff, 0x9f, 0xa8, 0x00, 0xff, 0x9f, 0xa8, 0x00, 0xff,
    0x9f, 0xa8, 0x00, 0xff, 0x9f, 0xa8, 0x00, 0xff, 0x9f, 0xa8, 0x00, 0xff, 0x9f, 0xa8, 0x00, 0xff,
    0x9f, 0xa8, 0x00, 0xff, 0x9f, 0xa8, 0x00, 0xff, 0x9f, 0xa8, 0x00, 0xff, 0x9f, 0xa8, 0x00, 0xff,
    0x9f, 0xa8, 0x00, 0xff, 0x9f, 0xa8, 0x00, 0xff, 0x9f, 0xa8, 0x00, 0xff, 0x9f, 0xa8, 0x00, 0xff,
    0x9f, 0xa8, 0x00, 0xff, 0x9f, 0xa8, 0x00, 0xff, 0x9f, 0xa8, 0x00, 0xff, 0x9f, 0xa8, 0x00, 0xff,
    0x9f, 0xa8, 0x00, 0xff, 0x9f, 0xa8, 0x00, 0xff, 0x9f, 0xa8, 0x00, 0xff, 0x9f, 0xa8, 0x00, 0xff,
    0x9f, 0xa8, 0x00, 0xff, 0x9f, 0xa8, 0x00, 0xff, 0x9f, 0xa8, 0x00, 0xff, 0x9f, 0xa8, 0x00, 0xff,
    0x9f, 0xa8, 0x00, 0xff, 0x9f, 0xa8, 0x00, 0xff, 0x9f, 0xa8, 0x00, 0xff, 0x9f, 0xa8, 0x00, 0xff,
    0x9f, 0xa8, 0x00, 0xff, 0x9f, 0xa8, 0x00, 0xff, 0x9f, 0xa8, 0x00, 0xff, 0x9f, 0xa8, 0x00, 0xc7,
    0x9f, 0xa6, 0x00, 0x28, 0x00, 0x00, 0x00, 0x00, 0x00, 0x00, 0x00, 0x00, 0x00, 0x00, 0x00, 0x00,
    0x00, 0x00, 0x00, 0x00, 0x00, 0x00, 0x00, 0x00, 0x00, 0x00, 0x00, 0x00, 0x00, 0x00, 0x00, 0x00,
    0x00, 0x00, 0x00, 0x00, 0x00, 0x00, 0x00, 0x00, 0x00, 0x00, 0x00, 0x00, 0x00, 0x00, 0x00, 0x00,
    0x00, 0x00, 0x00, 0x00, 0x00, 0x00, 0x00, 0x00, 0x00, 0x00, 0x00, 0x00, 0x00, 0x00, 0x00, 0x00,
    0x00, 0x00, 0x00, 0x00, 0x00, 0x00, 0x00, 0x00, 0x00, 0x00, 0x00, 0x00, 0x00, 0x00, 0x00, 0x00,
    0x00, 0x00, 0x00, 0x00, 0x00, 0x00, 0x00, 0x00, 0x00, 0x00, 0x00, 0x00, 0x00, 0x00, 0x00, 0x00,
    0x00, 0x00, 0x00, 0x00, 0x00, 0x00, 0x00, 0x00, 0x00, 0x00, 0x00, 0x00, 0x00, 0x00, 0x00, 0x00,
    0x00, 0x00, 0x00, 0x00, 0x9e, 0xa8, 0x00, 0x67, 0x9f, 0xa8, 0x00, 0xe7, 0x9f, 0xa8, 0x00, 0xff,
    0x9f, 0xa8, 0x00, 0xff, 0x9f, 0xa8, 0x00, 0xff, 0x9f, 0xa8, 0x00, 0xff, 0x9f, 0xa8, 0x00, 0xff,
    0x9f, 0xa8, 0x00, 0xff, 0x9f, 0xa8, 0x00, 0xff, 0x9f, 0xa8, 0x00, 0xff, 0x9f, 0xa8, 0x00, 0xff,
    0x9f, 0xa8, 0x00, 0xff, 0x9f, 0xa8, 0x00, 0xff, 0x9f, 0xa8, 0x00, 0xff, 0x9f, 0xa8, 0x00, 0xff,
    0x9f, 0xa8, 0x00, 0xff, 0x9f, 0xa8, 0x00, 0xff, 0x9f, 0xa8, 0x00, 0xff, 0x9f, 0xa8, 0x00, 0xff,
    0x9f, 0xa8, 0x00, 0xff, 0x9f, 0xa8, 0x00, 0xff, 0x9f, 0xa8, 0x00, 0xff, 0x9f, 0xa8, 0x00, 0xff,
    0x9f, 0xa8, 0x00, 0xff, 0x9f, 0xa8, 0x00, 0xff, 0x9f, 0xa8, 0x00, 0xff, 0x9f, 0xa8, 0x00, 0xff,
    0x9f, 0xa8, 0x00, 0xff, 0x9f, 0xa8, 0x00, 0xff, 0x9f, 0xa8, 0x00, 0xff, 0x9f, 0xa8, 0x00, 0xff,
    0x9f, 0xa8, 0x00, 0xff, 0x9f, 0xa8, 0x00, 0xff, 0x9f, 0xa8, 0x00, 0xff, 0x9f, 0xa8, 0x00, 0xff,
    0x9f, 0xa8, 0x00, 0xff, 0x9f, 0xa8, 0x00, 0xff, 0x9f, 0xa8, 0x00, 0xff, 0x9f, 0xa8, 0x00, 0xff,
    0x9f, 0xa8, 0x00, 0xff, 0x9f, 0xa8, 0x00, 0xff, 0x9f, 0xa8, 0x00, 0xff, 0x9f, 0xa8, 0x00, 0xff,
    0x9f, 0xa8, 0x00, 0xff, 0x9f, 0xa8, 0x00, 0xff, 0x9f, 0xa8, 0x00, 0xff, 0x9f, 0xa8, 0x00, 0xff,
    0x9f, 0xa8, 0x00, 0xff, 0x9f, 0xa8, 0x00, 0xff, 0x9f, 0xa8, 0x00, 0xff, 0x9f, 0xa8, 0x00, 0xff,
    0x9f, 0xa8, 0x00, 0xff, 0x9f, 0xa8, 0x00, 0xff, 0x9f, 0xa8, 0x00, 0xff, 0x9f, 0xa8, 0x00, 0xff,
    0x9f, 0xa8, 0x00, 0xff, 0x9f, 0xa8, 0x00, 0xff, 0x9f, 0xa8, 0x00, 0xff, 0x9f, 0xa8, 0x00, 0xff,
    0x9f, 0xa8, 0x00, 0xff, 0x9f, 0xa8, 0x00, 0xff, 0x9f, 0xa8, 0x00, 0xff, 0x9f, 0xa8, 0x00, 0xff,
    0x9f, 0xa8, 0x00, 0xff, 0x9f, 0xa8, 0x00, 0xff, 0x9f, 0xa8, 0x00, 0xff, 0x9f, 0xa8, 0x00, 0xff,
    0x9f, 0xa8, 0x00, 0xff, 0x9f, 0xa8, 0x00, 0xff, 0x9f, 0xa8, 0x00, 0xff, 0x9f, 0xa8, 0x00, 0xff,
    0x9f, 0xa8, 0x00, 0xff, 0x9f, 0xa8, 0x00, 0xff, 0x9f, 0xa8, 0x00, 0xff, 0x9f, 0xa8, 0x00, 0xff,
    0x9f, 0xa8, 0x00, 0xff, 0x9f, 0xa8, 0x00, 0xff, 0x9f, 0xa8, 0x00, 0xff, 0x9f, 0xa8, 0x00, 0xff,
    0x9f, 0xa8, 0x00, 0xff, 0x9f, 0xa8, 0x00, 0xff, 0x9f, 0xa8, 0x00, 0xff, 0x9f, 0xa8, 0x00, 0xff,
    0x9f, 0xa8, 0x00, 0xff, 0x9f, 0xa8, 0x00, 0xff, 0x9f, 0xa8, 0x00, 0xff, 0x9f, 0xa8, 0x00, 0xff,
    0x9f, 0xa8, 0x00, 0xff, 0x9f, 0xa8, 0x00, 0xff, 0x9f, 0xa8, 0x00, 0xff, 0x9f, 0xa8, 0x00, 0xff,
    0x9f, 0xa8, 0x00, 0xff, 0x9f, 0xa8, 0x00, 0xff, 0x9f, 0xa8, 0x00, 0xff, 0x9f, 0xa8, 0x00, 0xff,
    0x9f, 0xa8, 0x00, 0xff, 0x9f, 0xa8, 0x00, 0xff, 0x9f, 0xa8, 0x00, 0xff, 0x9f, 0xa8, 0x00, 0xef,
    0x9e, 0xa8, 0x00, 0x67, 0x80, 0x80, 0x00, 0x04, 0x00, 0x00, 0x00, 0x00, 0x00, 0x00, 0x00, 0x00,
    0x00, 0x00, 0x00, 0x00, 0x00, 0x00, 0x00, 0x00, 0x00, 0x00, 0x00, 0x00, 0x00, 0x00, 0x00, 0x00,
    0x00, 0x00, 0x00, 0x00, 0x00, 0x00, 0x00, 0x00, 0x00, 0x00, 0x00, 0x00, 0x00, 0x00, 0x00, 0x00,
    0x00, 0x00, 0x00, 0x00, 0x00, 0x00, 0x00, 0x00, 0x00, 0x00, 0x00, 0x00, 0x00, 0x00, 0x00, 0x00,
    0x00, 0x00, 0x00, 0x00, 0x00, 0x00, 0x00, 0x00, 0x00, 0x00, 0x00, 0x00, 0x00, 0x00, 0x00, 0x00,
    0x00, 0x00, 0x00, 0x00, 0x00, 0x00, 0x00, 0x00, 0x00, 0x00, 0x00, 0x00, 0x00, 0x00, 0x00, 0x00,
    0x00, 0x00, 0x00, 0x00, 0x00, 0x00, 0x00, 0x00, 0x00, 0x00, 0x00, 0x00, 0x00, 0x00, 0x00, 0x00,
    0x00, 0x00, 0x00, 0x00, 0x00, 0x00, 0x00, 0x00, 0x00, 0x00, 0x00, 0x00, 0x00, 0x00, 0x00, 0x00,
    0x9f, 0x9f, 0x00, 0x10, 0x9f, 0xa8, 0x00, 0x8f, 0x9f, 0xa7, 0x00, 0xf7, 0x9f, 0xa8, 0x00, 0xff,
    0x9f, 0xa8, 0x00, 0xff, 0x9f, 0xa8, 0x00, 0xff, 0x9f, 0xa8, 0x00, 0xff, 0x9f, 0xa8, 0x00, 0xff,
    0x9f, 0xa8, 0x00, 0xff, 0x9f, 0xa8, 0x00, 0xff, 0x9f, 0xa8, 0x00, 0xff, 0x9f, 0xa8, 0x00, 0xff,
    0x9f, 0xa8, 0x00, 0xff, 0x9f, 0xa8, 0x00, 0xff, 0x9f, 0xa8, 0x00, 0xff, 0x9f, 0xa8, 0x00, 0xff,
    0x9f, 0xa8, 0x00, 0xff, 0x9f, 0xa8, 0x00, 0xff, 0x9f, 0xa8, 0x00, 0xff, 0x9f, 0xa8, 0x00, 0xff,
    0x9f, 0xa8, 0x00, 0xff, 0x9f, 0xa8, 0x00, 0xff, 0x9f, 0xa8, 0x00, 0xff, 0x9f, 0xa8, 0x00, 0xff,
    0x9f, 0xa8, 0x00, 0xff, 0x9f, 0xa8, 0x00, 0xff, 0x9f, 0xa8, 0x00, 0xff, 0x9f, 0xa8, 0x00, 0xff,
    0x9f, 0xa8, 0x00, 0xff, 0x9f, 0xa8, 0x00, 0xff, 0x9f, 0xa8, 0x00, 0xff, 0x9f, 0xa8, 0x00, 0xff,
    0x9f, 0xa8, 0x00, 0xff, 0x9f, 0xa8, 0x00, 0xff, 0x9f, 0xa8, 0x00, 0xff, 0x9f, 0xa8, 0x00, 0xff,
    0x9f, 0xa8, 0x00, 0xff, 0x9f, 0xa8, 0x00, 0xff, 0x9f, 0xa8, 0x00, 0xff, 0x9f, 0xa8, 0x00, 0xff,
    0x9f, 0xa8, 0x00, 0xff, 0x9f, 0xa8, 0x00, 0xff, 0x9f, 0xa8, 0x00, 0xff, 0x9f, 0xa8, 0x00, 0xff,
    0x9f, 0xa8, 0x00, 0xff, 0x9f, 0xa8, 0x00, 0xff, 0x9f, 0xa8, 0x00, 0xff, 0x9f, 0xa8, 0x00, 0xff,
    0x9f, 0xa8, 0x00, 0xff, 0x9f, 0xa8, 0x00, 0xff, 0x9f, 0xa8, 0x00, 0xff, 0x9f, 0xa8, 0x00, 0xff,
    0x9f, 0xa8, 0x00, 0xff, 0x9f, 0xa8, 0x00, 0xff, 0x9f, 0xa8, 0x00, 0xff, 0x9f, 0xa8, 0x00, 0xff,
    0x9f, 0xa8, 0x00, 0xff, 0x9f, 0xa8, 0x00, 0xff, 0x9f, 0xa8, 0x00, 0xff, 0x9f, 0xa8, 0x00, 0xff,
    0x9f, 0xa8, 0x00, 0xff, 0x9f, 0xa8, 0x00, 0xff, 0x9f, 0xa8, 0x00, 0xff, 0x9f, 0xa8, 0x00, 0xff,
    0x9f, 0xa8, 0x00, 0xff, 0x9f, 0xa8, 0x00, 0xff, 0x9f, 0xa8, 0x00, 0xff, 0x9f, 0xa8, 0x00, 0xff,
    0x9f, 0xa8, 0x00, 0xff, 0x9f, 0xa8, 0x00, 0xff, 0x9f, 0xa8, 0x00, 0xff, 0x9f, 0xa8, 0x00, 0xff,
    0x9f, 0xa8, 0x00, 0xff, 0x9f, 0xa8, 0x00, 0xff, 0x9f, 0xa8, 0x00, 0xff, 0x9f, 0xa8, 0x00, 0xff,
    0x9f, 0xa8, 0x00, 0xff, 0x9f, 0xa8, 0x00, 0xff, 0x9f, 0xa8, 0x00, 0xff, 0x9f, 0xa8, 0x00, 0xff,
    0x9f, 0xa8, 0x00, 0xff, 0x9f, 0xa8, 0x00, 0xff, 0x9f, 0xa8, 0x00, 0xff, 0x9f, 0xa8, 0x00, 0xff,
    0x9f, 0xa8, 0x00, 0xff, 0x9f, 0xa8, 0x00, 0xff, 0x9f, 0xa8, 0x00, 0xff, 0x9f, 0xa8, 0x00, 0xff,
    0x9f, 0xa8, 0x00, 0xff, 0x9f, 0xa8, 0x00, 0xff, 0x9f, 0xa8, 0x00, 0xff, 0x9f, 0xa8, 0x00, 0xff,
    0x9f, 0xa8, 0x00, 0xff, 0x9f, 0xa8, 0x00, 0xff, 0x9f, 0xa8, 0x00, 0xff, 0x9f, 0xa8, 0x00, 0xef,
    0x9f, 0xa9, 0x00, 0x7f, 0x9f, 0x9f, 0x00, 0x10, 0x00, 0x00, 0x00, 0x00, 0x00, 0x00, 0x00, 0x00,
    0x00, 0x00, 0x00, 0x00, 0x00, 0x00, 0x00, 0x00, 0x00, 0x00, 0x00, 0x00, 0x00, 0x00, 0x00, 0x00,
    0x00, 0x00, 0x00, 0x00, 0x00, 0x00, 0x00, 0x00, 0x00, 0x00, 0x00, 0x00, 0x00, 0x00, 0x00, 0x00,
    0x00, 0x00, 0x00, 0x00, 0x00, 0x00, 0x00, 0x00, 0x00, 0x00, 0x00, 0x00, 0x00, 0x00, 0x00, 0x00,
    0x00, 0x00, 0x00, 0x00, 0x00, 0x00, 0x00, 0x00, 0x00, 0x00, 0x00, 0x00, 0x00, 0x00, 0x00, 0x00,
    0x00, 0x00, 0x00, 0x00, 0x00, 0x00, 0x00, 0x00, 0x00, 0x00, 0x00, 0x00, 0x00, 0x00, 0x00, 0x00,
    0x00, 0x00, 0x00, 0x00, 0x00, 0x00, 0x00, 0x00, 0x00, 0x00, 0x00, 0x00, 0x00, 0x00, 0x00, 0x00,
    0x00, 0x00, 0x00, 0x00, 0x00, 0x00, 0x00, 0x00, 0x00, 0x00, 0x00, 0x00, 0x00, 0x00, 0x00, 0x00,
    0x00, 0x00, 0x00, 0x00, 0x00, 0x00, 0x00, 0x00, 0x00, 0x00, 0x00, 0x00, 0x00, 0x00, 0x00, 0x00,
    0x9f, 0x9f, 0x00, 0x10, 0xa0, 0xa9, 0x00, 0x73, 0x9f, 0xa8, 0x00, 0xdf, 0x9f, 0xa8, 0x00, 0xff,
    0x9f, 0xa8, 0x00, 0xff, 0x9f, 0xa8, 0x00, 0xff, 0x9f, 0xa8, 0x00, 0xff, 0x9f, 0xa8, 0x00, 0xff,
    0x9f, 0xa8, 0x00, 0xff, 0x9f, 0xa8, 0x00, 0xff, 0x9f, 0xa8, 0x00, 0xff, 0x9f, 0xa8, 0x00, 0xff,
    0x9f, 0xa8, 0x00, 0xff, 0x9f, 0xa8, 0x00, 0xff, 0x9f, 0xa8, 0x00, 0xff, 0x9f, 0xa8, 0x00, 0xff,
    0x9f, 0xa8, 0x00, 0xff, 0x9f, 0xa8, 0x00, 0xff, 0x9f, 0xa8, 0x00, 0xff, 0x9f, 0xa8, 0x00, 0xff,
    0x9f, 0xa8, 0x00, 0xff, 0x9f, 0xa8, 0x00, 0xff, 0x9f, 0xa8, 0x00, 0xff, 0x9f, 0xa8, 0x00, 0xff,
    0x9f, 0xa8, 0x00, 0xff, 0x9f, 0xa8, 0x00, 0xff, 0x9f, 0xa8, 0x00, 0xff, 0x9f, 0xa8, 0x00, 0xff,
    0x9f, 0xa8, 0x00, 0xff, 0x9f, 0xa8, 0x00, 0xff, 0x9f, 0xa8, 0x00, 0xff, 0x9f, 0xa8, 0x00, 0xff,
    0x9f, 0xa8, 0x00, 0xff, 0x9f, 0xa8, 0x00, 0xff, 0x9f, 0xa8, 0x00, 0xff, 0x9f, 0xa8, 0x00, 0xff,
    0x9f, 0xa8, 0x00, 0xff, 0x9f, 0xa8, 0x00, 0xff, 0x9f, 0xa8, 0x00, 0xff, 0x9f, 0xa8, 0x00, 0xff,
    0x9f, 0xa8, 0x00, 0xff, 0x9f, 0xa8, 0x00, 0xff, 0x9f, 0xa8, 0x00, 0xff, 0x9f, 0xa8, 0x00, 0xff,
    0x9f, 0xa8, 0x00, 0xff, 0x9f, 0xa8, 0x00, 0xff, 0x9f, 0xa8, 0x00, 0xff, 0x9f, 0xa8, 0x00, 0xff,
    0x9f, 0xa8, 0x00, 0xff, 0x9f, 0xa8, 0x00, 0xff, 0x9f, 0xa8, 0x00, 0xff, 0x9f, 0xa8, 0x00, 0xff,
    0x9f, 0xa8, 0x00, 0xff, 0x9f, 0xa8, 0x00, 0xff, 0x9f, 0xa8, 0x00, 0xff, 0x9f, 0xa8, 0x00, 0xff,
    0x9f, 0xa8, 0x00, 0xff, 0x9f, 0xa8, 0x00, 0xff, 0x9f, 0xa8, 0x00, 0xff, 0x9f, 0xa8, 0x00, 0xff,
    0x9f, 0xa8, 0x00, 0xff, 0x9f, 0xa8, 0x00, 0xff, 0x9f, 0xa8, 0x00, 0xff, 0x9f, 0xa8, 0x00, 0xff,
    0x9f, 0xa8, 0x00, 0xff, 0x9f, 0xa8, 0x00, 0xff, 0x9f, 0xa8, 0x00, 0xff, 0x9f, 0xa8, 0x00, 0xff,
    0x9f, 0xa8, 0x00, 0xff, 0x9f, 0xa8, 0x00, 0xff, 0x9f, 0xa8, 0x00, 0xff, 0x9f, 0xa8, 0x00, 0xff,
    0x9f, 0xa8, 0x00, 0xff, 0x9f, 0xa8, 0x00, 0xff, 0x9f, 0xa8, 0x00, 0xff, 0x9f, 0xa8, 0x00, 0xff,
    0x9f, 0xa8, 0x00, 0xff, 0x9f, 0xa8, 0x00, 0xff, 0x9f, 0xa8, 0x00, 0xff, 0x9f, 0xa8, 0x00, 0xff,
    0x9f, 0xa8, 0x00, 0xff, 0x9f, 0xa8, 0x00, 0xff, 0x9f, 0xa8, 0x00, 0xff, 0x9f, 0xa8, 0x00, 0xff,
    0x9f, 0xa8, 0x00, 0xff, 0x9f, 0xa8, 0x00, 0xff, 0x9f, 0xa8, 0x00, 0xff, 0x9f, 0xa8, 0x00, 0xff,
    0x9f, 0xa8, 0x00, 0xff, 0x9f, 0xa8, 0x00, 0xff, 0x9f, 0xa8, 0x00, 0xff, 0x9e, 0xa8, 0x00, 0xdb,
    0xa0, 0xa9, 0x00, 0x73, 0x9f, 0x9f, 0x00, 0x10, 0x00, 0x00, 0x00, 0x00, 0x00, 0x00, 0x00, 0x00,
    0x00, 0x00, 0x00, 0x00, 0x00, 0x00, 0x00, 0x00, 0x00, 0x00, 0x00, 0x00, 0x00, 0x00, 0x00, 0x00,
    0x00, 0x00, 0x00, 0x00, 0x00, 0x00, 0x00, 0x00, 0x00, 0x00, 0x00, 0x00, 0x00, 0x00, 0x00, 0x00,
    0x00, 0x00, 0x00, 0x00, 0x00, 0x00, 0x00, 0x00, 0x00, 0x00, 0x00, 0x00, 0x00, 0x00, 0x00, 0x00,
    0x00, 0x00, 0x00, 0x00, 0x00, 0x00, 0x00, 0x00, 0x00, 0x00, 0x00, 0x00, 0x00, 0x00, 0x00, 0x00,
    0x00, 0x00, 0x00, 0x00, 0x00, 0x00, 0x00, 0x00, 0x00, 0x00, 0x00, 0x00, 0x00, 0x00, 0x00, 0x00,
    0x00, 0x00, 0x00, 0x00, 0x00, 0x00, 0x00, 0x00, 0x00, 0x00, 0x00, 0x00, 0x00, 0x00, 0x00, 0x00,
    0x00, 0x00, 0x00, 0x00, 0x00, 0x00, 0x00, 0x00, 0x00, 0x00, 0x00, 0x00, 0x00, 0x00, 0x00, 0x00,
    0x00, 0x00, 0x00, 0x00, 0x00, 0x00, 0x00, 0x00, 0x00, 0x00, 0x00, 0x00, 0x00, 0x00, 0x00, 0x00,
    0x00, 0x00, 0x00, 0x00, 0x00, 0x00, 0x00, 0x00, 0x00, 0x00, 0x00, 0x00, 0x00, 0x00, 0x00, 0x00,
    0x00, 0x00, 0x00, 0x00, 0x9f, 0xa4, 0x00, 0x38, 0xa0, 0xa7, 0x00, 0x8b, 0x9f, 0xa7, 0x00, 0xd7,
    0x9f, 0xa8, 0x00, 0xff, 0x9f, 0xa8, 0x00, 0xff, 0x9f, 0xa8, 0x00, 0xff, 0x9f, 0xa8, 0x00, 0xff,
    0x9f, 0xa8, 0x00, 0xff, 0x9f, 0xa8, 0x00, 0xff, 0x9f, 0xa8, 0x00, 0xff, 0x9f, 0xa8, 0x00, 0xff,
    0x9f, 0xa8, 0x00, 0xff, 0x9f, 0xa8, 0x00, 0xff, 0x9f, 0xa8, 0x00, 0xff, 0x9f, 0xa8, 0x00, 0xff,
    0x9f, 0xa8, 0x00, 0xff, 0x9f, 0xa8, 0x00, 0xff, 0x9f, 0xa8, 0x00, 0xff, 0x9f, 0xa8, 0x00, 0xff,
    0x9f, 0xa8, 0x00, 0xff, 0x9f, 0xa8, 0x00, 0xff, 0x9f, 0xa8, 0x00, 0xff, 0x9f, 0xa8, 0x00, 0xff,
    0x9f, 0xa8, 0x00, 0xff, 0x9f, 0xa8, 0x00, 0xff, 0x9f, 0xa8, 0x00, 0xff, 0x9f, 0xa8, 0x00, 0xff,
    0x9f, 0xa8, 0x00, 0xff, 0x9f, 0xa8, 0x00, 0xff, 0x9f, 0xa8, 0x00, 0xff, 0x9f, 0xa8, 0x00, 0xff,
    0x9f, 0xa8, 0x00, 0xff, 0x9f, 0xa8, 0x00, 0xff, 0x9f, 0xa8, 0x00, 0xff, 0x9f, 0xa8, 0x00, 0xff,
    0x9f, 0xa8, 0x00, 0xff, 0x9f, 0xa8, 0x00, 0xff, 0x9f, 0xa8, 0x00, 0xff, 0x9f, 0xa8, 0x00, 0xff,
    0x9f, 0xa8, 0x00, 0xff, 0x9f, 0xa8, 0x00, 0xff, 0x9f, 0xa8, 0x00, 0xff, 0x9f, 0xa8, 0x00, 0xff,
    0x9f, 0xa8, 0x00, 0xff, 0x9f, 0xa8, 0x00, 0xff, 0x9f, 0xa8, 0x00, 0xff, 0x9f, 0xa8, 0x00, 0xff,
    0x9f, 0xa8, 0x00, 0xff, 0x9f, 0xa8, 0x00, 0xff, 0x9f, 0xa8, 0x00, 0xff, 0x9f, 0xa8, 0x00, 0xff,
    0x9f, 0xa8, 0x00, 0xff, 0x9f, 0xa8, 0x00, 0xff, 0x9f, 0xa8, 0x00, 0xff, 0x9f, 0xa8, 0x00, 0xff,
    0x9f, 0xa8, 0x00, 0xff, 0x9f, 0xa8, 0x00, 0xff, 0x9f, 0xa8, 0x00, 0xff, 0x9f, 0xa8, 0x00, 0xff,
    0x9f, 0xa8, 0x00, 0xff, 0x9f, 0xa8, 0x00, 0xff, 0x9f, 0xa8, 0x00, 0xff, 0x9f, 0xa8, 0x00, 0xff,
    0x9f, 0xa8, 0x00, 0xff, 0x9f, 0xa8, 0x00, 0xff, 0x9f, 0xa8, 0x00, 0xff, 0x9f, 0xa8, 0x00, 0xff,
    0x9f, 0xa8, 0x00, 0xff, 0x9f, 0xa8, 0x00, 0xff, 0x9f, 0xa8, 0x00, 0xff, 0x9f, 0xa8, 0x00, 0xff,
    0x9f, 0xa8, 0x00, 0xff, 0x9f, 0xa8, 0x00, 0xff, 0x9f, 0xa8, 0x00, 0xff, 0x9f, 0xa8, 0x00, 0xff,
    0x9f, 0xa8, 0x00, 0xff, 0x9f, 0xa8, 0x00, 0xff, 0x9f, 0xa8, 0x00, 0xff, 0x9f, 0xa8, 0x00, 0xff,
    0x9f, 0xa8, 0x00, 0xff, 0x9f, 0xa8, 0x00, 0xff, 0x9f, 0xa8, 0x00, 0xff, 0x9f, 0xa8, 0x00, 0xff,
    0x9f, 0xa8, 0x00, 0xff, 0x9f, 0xa8, 0x00, 0xff, 0x9e, 0xa8, 0x00, 0xdb, 0xa0, 0xa7, 0x00, 0x8b,
    0xa2, 0xa7, 0x00, 0x37, 0x00, 0x00, 0x00, 0x00, 0x00, 0x00, 0x00, 0x00, 0x00, 0x00, 0x00, 0x00,
    0x00, 0x00, 0x00, 0x00, 0x00, 0x00, 0x00, 0x00, 0x00, 0x00, 0x00, 0x00, 0x00, 0x00, 0x00, 0x00,
    0x00, 0x00, 0x00, 0x00, 0x00, 0x00, 0x00, 0x00, 0x00, 0x00, 0x00, 0x00, 0x00, 0x00, 0x00, 0x00,
    0x00, 0x00, 0x00, 0x00, 0x00, 0x00, 0x00, 0x00, 0x00, 0x00, 0x00, 0x00, 0x00, 0x00, 0x00, 0x00,
    0x00, 0x00, 0x00, 0x00, 0x00, 0x00, 0x00, 0x00, 0x00, 0x00, 0x00, 0x00, 0x00, 0x00, 0x00, 0x00,
    0x00, 0x00, 0x00, 0x00, 0x00, 0x00, 0x00, 0x00, 0x00, 0x00, 0x00, 0x00, 0x00, 0x00, 0x00, 0x00,
    0x00, 0x00, 0x00, 0x00, 0x00, 0x00, 0x00, 0x00, 0x00, 0x00, 0x00, 0x00, 0x00, 0x00, 0x00, 0x00,
    0x00, 0x00, 0x00, 0x00, 0x00, 0x00, 0x00, 0x00, 0x00, 0x00, 0x00, 0x00, 0x00, 0x00, 0x00, 0x00,
    0x00, 0x00, 0x00, 0x00, 0x00, 0x00, 0x00, 0x00, 0x00, 0x00, 0x00, 0x00, 0x00, 0x00, 0x00, 0x00,
    0x00, 0x00, 0x00, 0x00, 0x00, 0x00, 0x00, 0x00, 0x00, 0x00, 0x00, 0x00, 0x00, 0x00, 0x00, 0x00,
    0x00, 0x00, 0x00, 0x00, 0x00, 0x00, 0x00, 0x00, 0x00, 0x00, 0x00, 0x00, 0x00, 0x00, 0x00, 0x00,
    0x00, 0x00, 0x00, 0x00, 0x00, 0x00, 0x00, 0x00, 0x9b, 0xa4, 0x00, 0x1c, 0xa0, 0xa9, 0x00, 0x53,
    0x9f, 0xa8, 0x00, 0x87, 0xa0, 0xa9, 0x00, 0xab, 0x9f, 0xa8, 0x00, 0xcf, 0xa0, 0xa7, 0x00, 0xe3,
    0x9f, 0xa7, 0x00, 0xf7, 0x9f, 0xa8, 0x00, 0xff, 0x9f, 0xa8, 0x00, 0xff, 0x9f, 0xa8, 0x00, 0xff,
    0x9f, 0xa8, 0x00, 0xff, 0x9f, 0xa8, 0x00, 0xff, 0x9f, 0xa8, 0x00, 0xff, 0x9f, 0xa8, 0x00, 0xff,
    0x9f, 0xa8, 0x00, 0xff, 0x9f, 0xa8, 0x00, 0xff, 0x9f, 0xa8, 0x00, 0xff, 0x9f, 0xa8, 0x00, 0xff,
    0x9f, 0xa8, 0x00, 0xff, 0x9f, 0xa8, 0x00, 0xff, 0x9f, 0xa8, 0x00, 0xff, 0x9f, 0xa8, 0x00, 0xff,
    0x9f, 0xa8, 0x00, 0xff, 0x9f, 0xa8, 0x00, 0xff, 0x9f, 0xa8, 0x00, 0xff, 0x9f, 0xa8, 0x00, 0xff,
    0x9f, 0xa8, 0x00, 0xff, 0x9f, 0xa8, 0x00, 0xff, 0x9f, 0xa8, 0x00, 0xff, 0x9f, 0xa8, 0x00, 0xff,
    0x9f, 0xa8, 0x00, 0xff, 0x9f, 0xa8, 0x00, 0xff, 0x9f, 0xa8, 0x00, 0xff, 0x9f, 0xa8, 0x00, 0xff,
    0x9f, 0xa8, 0x00, 0xff, 0x9f, 0xa8, 0x00, 0xff, 0x9f, 0xa8, 0x00, 0xff, 0x9f, 0xa8, 0x00, 0xff,
    0x9f, 0xa8, 0x00, 0xff, 0x9f, 0xa8, 0x00, 0xff, 0x9f, 0xa8, 0x00, 0xff, 0x9f, 0xa8, 0x00, 0xff,
    0x9f, 0xa8, 0x00, 0xff, 0x9f, 0xa8, 0x00, 0xff, 0x9f, 0xa8, 0x00, 0xff, 0x9f, 0xa8, 0x00, 0xff,
    0x9f, 0xa8, 0x00, 0xff, 0x9f, 0xa8, 0x00, 0xff, 0x9f, 0xa8, 0x00, 0xff, 0x9f, 0xa8, 0x00, 0xff,
    0x9f, 0xa8, 0x00, 0xff, 0x9f, 0xa8, 0x00, 0xff, 0x9f, 0xa8, 0x00, 0xff, 0x9f, 0xa8, 0x00, 0xff,
    0x9f, 0xa8, 0x00, 0xff, 0x9f, 0xa8, 0x00, 0xff, 0x9f, 0xa8, 0x00, 0xff, 0x9f, 0xa8, 0x00, 0xff,
    0x9f, 0xa8, 0x00, 0xff, 0x9f, 0xa8, 0x00, 0xff, 0x9f, 0xa8, 0x00, 0xff, 0x9f, 0xa8, 0x00, 0xff,
    0x9f, 0xa8, 0x00, 0xff, 0x9f, 0xa8, 0x00, 0xff, 0x9f, 0xa8, 0x00, 0xff, 0x9f, 0xa8, 0x00, 0xff,
    0x9f, 0xa8, 0x00, 0xff, 0x9f, 0xa8, 0x00, 0xff, 0x9f, 0xa8, 0x00, 0xff, 0x9f, 0xa8, 0x00, 0xff,
    0x9f, 0xa8, 0x00, 0xff, 0x9f, 0xa8, 0x00, 0xff, 0x9f, 0xa8, 0x00, 0xff, 0x9f, 0xa8, 0x00, 0xff,
    0x9f, 0xa8, 0x00, 0xff, 0x9f, 0xa7, 0x00, 0xf7, 0x9f, 0xa8, 0x00, 0xe7, 0xa0, 0xa8, 0x00, 0xcb,
    0x9f, 0xa8, 0x00, 0xaf, 0xa0, 0xa7, 0x00, 0x83, 0xa0, 0xa9, 0x00, 0x53, 0x9b, 0xa4, 0x00, 0x1c,
    0x00, 0x00, 0x00, 0x00, 0x00, 0x00, 0x00, 0x00, 0x00, 0x00, 0x00, 0x00, 0x00, 0x00, 0x00, 0x00,
    0x00, 0x00, 0x00, 0x00, 0x00, 0x00, 0x00, 0x00, 0x00, 0x00, 0x00, 0x00, 0x00, 0x00, 0x00, 0x00,
    0x00, 0x00, 0x00, 0x00, 0x00, 0x00, 0x00, 0x00, 0x00, 0x00, 0x00, 0x00, 0x00, 0x00, 0x00, 0x00,
    0x00, 0x00, 0x00, 0x00, 0x00, 0x00, 0x00, 0x00, 0x00, 0x00, 0x00, 0x00, 0x00, 0x00, 0x00, 0x00,
    0x00, 0x00, 0x00, 0x00, 0x00, 0x00, 0x00, 0x00, 0x00, 0x00, 0x00, 0x00, 0x00, 0x00, 0x00, 0x00,
    0x00, 0x00, 0x00, 0x00, 0x00, 0x00, 0x00, 0x00, 0x00, 0x00, 0x00, 0x00, 0x00, 0x00, 0x00, 0x00
};

const lv_image_dsc_t icon_app_home = {
    .header.cf = LV_COLOR_FORMAT_ARGB8888,
    .header.magic = LV_IMAGE_HEADER_MAGIC,
    .header.w = 130,
    .header.h = 130,
    .data_size = 67600,
    .data = icon_app_home_map,
};
