#ifdef __has_include
    #if __has_include("lvgl.h")
        #ifndef LV_LVGL_H_INCLUDE_SIMPLE
            #define LV_LVGL_H_INCLUDE_SIMPLE
        #endif
    #endif
#endif

#if defined(LV_LVGL_H_INCLUDE_SIMPLE)
    #include "lvgl.h"
#else
    #include "lvgl/lvgl.h"
#endif

#ifndef LV_ATTRIBUTE_MEM_ALIGN
#define LV_ATTRIBUTE_MEM_ALIGN
#endif

#ifndef LV_ATTRIBUTE_IMAGE_ICON_DIAL_MOON_HOUR_1
#define LV_ATTRIBUTE_IMAGE_ICON_DIAL_MOON_HOUR_1
#endif

const LV_ATTRIBUTE_MEM_ALIGN LV_ATTRIBUTE_LARGE_CONST LV_ATTRIBUTE_IMAGE_ICON_DIAL_MOON_HOUR_1 uint8_t icon_dial_moon_hour_1_map[] = {
    0xff, 0xff, 0xff, 0x00, 0xff, 0xff, 0xff, 0x00, 0xff, 0xff, 0xff, 0x00, 0xff, 0xff, 0xff, 0x00,
    0xff, 0xff, 0xff, 0x00, 0xff, 0xff, 0xff, 0x00, 0xff, 0xff, 0xff, 0x00, 0xff, 0xff, 0xff, 0x00,
    0xff, 0xff, 0xff, 0x00, 0xff, 0xff, 0xff, 0x00, 0xff, 0xff, 0xff, 0x00, 0xff, 0xff, 0xff, 0x00,
    0xff, 0xff, 0xff, 0x00, 0xff, 0xff, 0xff, 0x00, 0xff, 0xff, 0xff, 0x00, 0xff, 0xff, 0xff, 0x00,
    0xff, 0xff, 0xff, 0x00, 0xff, 0xff, 0xff, 0x00, 0xff, 0xff, 0xff, 0x00, 0xff, 0xff, 0xff, 0x00,
    0xff, 0xff, 0xff, 0x00, 0xff, 0xff, 0xff, 0x00, 0xff, 0xff, 0xff, 0x00, 0xff, 0xff, 0xff, 0x00,
    0xff, 0xff, 0xff, 0x00, 0xff, 0xff, 0xff, 0x00, 0xff, 0xff, 0xff, 0x00, 0xff, 0xff, 0xff, 0x00,
    0xff, 0xff, 0xff, 0x00, 0xff, 0xff, 0xff, 0x00, 0xff, 0xff, 0xff, 0x00, 0xff, 0xff, 0xff, 0x00,
    0xff, 0xff, 0xff, 0x00, 0xff, 0xff, 0xff, 0x00, 0xff, 0xff, 0xff, 0x00, 0xff, 0xff, 0xff, 0x00,
    0xff, 0xff, 0xff, 0x00, 0xff, 0xff, 0xff, 0x00, 0xff, 0xff, 0xff, 0x00, 0xff, 0xff, 0xff, 0x00,
    0xff, 0xff, 0xff, 0x00, 0xff, 0xff, 0xff, 0x00, 0xff, 0xff, 0xff, 0x00, 0xff, 0xff, 0xff, 0x00,
    0xff, 0xff, 0xff, 0x00, 0xff, 0xff, 0xff, 0x00, 0xff, 0xff, 0xff, 0x00, 0xff, 0xff, 0xff, 0x00,
    0xff, 0xff, 0xff, 0x00, 0xff, 0xff, 0xff, 0x00, 0xff, 0xff, 0xff, 0x00, 0xff, 0xff, 0xff, 0x00,
    0xff, 0xff, 0xff, 0x00, 0xff, 0xff, 0xff, 0x00, 0xff, 0xff, 0xff, 0x3f, 0xff, 0xff, 0xff, 0xff,
    0xff, 0xff, 0xff, 0xfe, 0xff, 0xff, 0xff, 0xfe, 0xff, 0xff, 0xff, 0xfe, 0xff, 0xff, 0xff, 0xfe,
    0xff, 0xff, 0xff, 0xfe, 0xff, 0xff, 0xff, 0xfe, 0xff, 0xff, 0xff, 0xfe, 0xff, 0xff, 0xff, 0xff,
    0xff, 0xff, 0xff, 0xfe, 0xff, 0xff, 0xff, 0xff, 0xff, 0xff, 0xff, 0xff, 0xff, 0xff, 0xff, 0xfe,
    0xff, 0xff, 0xff, 0xff, 0xff, 0xff, 0xff, 0xfe, 0xff, 0xff, 0xff, 0xff, 0xff, 0xff, 0xff, 0xfe,
    0xff, 0xff, 0xff, 0xff, 0xff, 0xff, 0xff, 0xfe, 0xff, 0xff, 0xff, 0xfe, 0xff, 0xff, 0xff, 0xff,
    0xff, 0xff, 0xff, 0xff, 0xff, 0xff, 0xff, 0xff, 0xff, 0xff, 0xff, 0xff, 0xff, 0xff, 0xff, 0xfe,
    0xff, 0xff, 0xff, 0xfe, 0xff, 0xff, 0xff, 0xfe, 0xff, 0xff, 0xff, 0xff, 0xff, 0xff, 0xff, 0xff,
    0xff, 0xff, 0xff, 0xfe, 0xff, 0xff, 0xff, 0xfe, 0xff, 0xff, 0xff, 0xfe, 0xff, 0xff, 0xff, 0xfe,
    0xff, 0xff, 0xff, 0xfe, 0xff, 0xff, 0xff, 0xff, 0xff, 0xff, 0xff, 0xfe, 0xff, 0xff, 0xff, 0xfe,
    0xff, 0xff, 0xff, 0xfe, 0xff, 0xff, 0xff, 0x5f, 0xff, 0xff, 0xff, 0x00, 0xff, 0xff, 0xff, 0x00,
    0xff, 0xff, 0xff, 0x00, 0xff, 0xff, 0xff, 0x00, 0xff, 0xff, 0xff, 0x00, 0xff, 0xff, 0xff, 0x00,
    0xff, 0xff, 0xff, 0x00, 0xff, 0xff, 0xff, 0x00, 0xff, 0xff, 0xff, 0x00, 0xff, 0xff, 0xff, 0x00,
    0xff, 0xff, 0xff, 0x00, 0xff, 0xff, 0xff, 0x00, 0xff, 0xff, 0xff, 0x00, 0xff, 0xff, 0xff, 0x00,
    0xff, 0xff, 0xff, 0x00, 0xff, 0xff, 0xff, 0x00, 0xff, 0xff, 0xff, 0x00, 0xff, 0xff, 0xff, 0x00,
    0xff, 0xff, 0xff, 0x00, 0xff, 0xff, 0xff, 0x00, 0xff, 0xff, 0xff, 0x00, 0xff, 0xff, 0xff, 0x00,
    0xff, 0xff, 0xff, 0x00, 0xff, 0xff, 0xff, 0x00, 0x7f, 0x7f, 0x7f, 0x00, 0xbf, 0xbf, 0xbf, 0x00,
    0xdf, 0xdf, 0xdf, 0x00, 0xef, 0xef, 0xef, 0x00, 0xf7, 0xf7, 0xf7, 0x00, 0xfb, 0xfb, 0xfb, 0x00,
    0xfd, 0xfd, 0xfd, 0x00, 0xfe, 0xfe, 0xfe, 0x00, 0xfe, 0xfe, 0xfe, 0x00, 0xfe, 0xfe, 0xfe, 0x00,
    0xfe, 0xfe, 0xfe, 0x00, 0xfe, 0xfe, 0xfe, 0x00, 0xfe, 0xfe, 0xfe, 0x00, 0xfe, 0xfe, 0xfe, 0x00,
    0xfe, 0xfe, 0xfe, 0x00, 0xfe, 0xfe, 0xfe, 0x00, 0xfe, 0xfe, 0xfe, 0x00, 0xfe, 0xfe, 0xfe, 0x00,
    0xfe, 0xfe, 0xfe, 0x00, 0xfe, 0xfe, 0xfe, 0x00, 0xfe, 0xfe, 0xfe, 0x00, 0xfe, 0xfe, 0xfe, 0x00,
    0xfe, 0xfe, 0xfe, 0x00, 0xfe, 0xfe, 0xfe, 0x00, 0xfe, 0xfe, 0xfe, 0x00, 0xfe, 0xfe, 0xfe, 0x00,
    0xfe, 0xfe, 0xfe, 0x00, 0xfe, 0xfe, 0xfe, 0x00, 0xfe, 0xfe, 0xfe, 0x00, 0xfe, 0xfe, 0xfe, 0x00,
    0xfe, 0xfe, 0xfe, 0x00, 0xfe, 0xfe, 0xfe, 0x00, 0xfe, 0xfe, 0xfe, 0x00, 0xfe, 0xfe, 0xfe, 0x00,
    0xfe, 0xfe, 0xfe, 0x00, 0xfe, 0xfe, 0xfe, 0x00, 0xfe, 0xfe, 0xfe, 0x00, 0xfe, 0xfe, 0xfe, 0x00,
    0xfe, 0xfe, 0xfe, 0x00, 0xfe, 0xfe, 0xfe, 0x00, 0xfe, 0xfe, 0xfe, 0x00, 0xfe, 0xfe, 0xfe, 0x00,
    0xfe, 0xfe, 0xfe, 0x00, 0xfe, 0xfe, 0xfe, 0x00, 0xfe, 0xfe, 0xfe, 0x00, 0xfe, 0xfe, 0xfe, 0x00,
    0xfe, 0xfe, 0xfe, 0x00, 0xfe, 0xfe, 0xfe, 0x00, 0xfe, 0xfe, 0xfe, 0x00, 0xfe, 0xfe, 0xfe, 0x00,
    0xfe, 0xfe, 0xfe, 0x00, 0xfe, 0xfe, 0xfe, 0x00, 0xfe, 0xfe, 0xfe, 0x00, 0xfe, 0xfe, 0xfe, 0x00,
    0xff, 0xff, 0xff, 0xbf, 0xff, 0xff, 0xff, 0xfe, 0xff, 0xff, 0xff, 0xff, 0xff, 0xff, 0xff, 0xfe,
    0xff, 0xff, 0xff, 0xfe, 0xff, 0xff, 0xff, 0xfe, 0xff, 0xff, 0xff, 0xff, 0xff, 0xff, 0xff, 0xfe,
    0xff, 0xff, 0xff, 0xfe, 0xff, 0xff, 0xff, 0xff, 0xff, 0xff, 0xff, 0xfe, 0xff, 0xff, 0xff, 0xfe,
    0xff, 0xff, 0xff, 0xfe, 0xff, 0xff, 0xff, 0xfe, 0xff, 0xff, 0xff, 0xfe, 0xff, 0xff, 0xff, 0xff,
    0xff, 0xff, 0xff, 0xfe, 0xff, 0xff, 0xff, 0xfe, 0xff, 0xff, 0xff, 0xfe, 0xff, 0xff, 0xff, 0xff,
    0xff, 0xff, 0xff, 0xfe, 0xff, 0xff, 0xff, 0xfe, 0xff, 0xff, 0xff, 0xfe, 0xff, 0xff, 0xff, 0xff,
    0xff, 0xff, 0xff, 0xfe, 0xff, 0xff, 0xff, 0xfe, 0xff, 0xff, 0xff, 0xfe, 0xff, 0xff, 0xff, 0xfe,
    0xff, 0xff, 0xff, 0xfe, 0xff, 0xff, 0xff, 0xfe, 0xff, 0xff, 0xff, 0xfe, 0xff, 0xff, 0xff, 0xff,
    0xff, 0xff, 0xff, 0xff, 0xff, 0xff, 0xff, 0xff, 0xff, 0xff, 0xff, 0xfe, 0xff, 0xff, 0xff, 0xfe,
    0xff, 0xff, 0xff, 0xfe, 0xff, 0xff, 0xff, 0xff, 0xff, 0xff, 0xff, 0xff, 0xff, 0xff, 0xff, 0x5f,
    0xff, 0xff, 0xff, 0x00, 0xff, 0xff, 0xff, 0x00, 0xff, 0xff, 0xff, 0x00, 0xff, 0xff, 0xff, 0x00,
    0xff, 0xff, 0xff, 0x00, 0xff, 0xff, 0xff, 0x00, 0xff, 0xff, 0xff, 0x00, 0xff, 0xff, 0xff, 0x00,
    0xff, 0xff, 0xff, 0x00, 0xff, 0xff, 0xff, 0x00, 0xff, 0xff, 0xff, 0x00, 0xff, 0xff, 0xff, 0x00,
    0xff, 0xff, 0xff, 0x00, 0xff, 0xff, 0xff, 0x00, 0xff, 0xff, 0xff, 0x00, 0xff, 0xff, 0xff, 0x00,
    0xff, 0xff, 0xff, 0x00, 0xff, 0xff, 0xff, 0x00, 0xff, 0xff, 0xff, 0x00, 0xff, 0xff, 0xff, 0x00,
    0xff, 0xff, 0xff, 0x00, 0xff, 0xff, 0xff, 0x00, 0xff, 0xff, 0xff, 0x00, 0xff, 0xff, 0xff, 0x00,
    0x3f, 0x3f, 0x3f, 0x00, 0x7f, 0x7f, 0x7f, 0x00, 0xaf, 0xaf, 0xaf, 0x00, 0xcf, 0xcf, 0xcf, 0x00,
    0xe3, 0xe3, 0xe3, 0x00, 0xef, 0xef, 0xef, 0x00, 0xf6, 0xf6, 0xf6, 0x00, 0xfa, 0xfa, 0xfa, 0x00,
    0xfc, 0xfc, 0xfc, 0x00, 0xfd, 0xfd, 0xfd, 0x00, 0xfd, 0xfd, 0xfd, 0x00, 0xfd, 0xfd, 0xfd, 0x00,
    0xfd, 0xfd, 0xfd, 0x00, 0xfd, 0xfd, 0xfd, 0x00, 0xfd, 0xfd, 0xfd, 0x00, 0xfd, 0xfd, 0xfd, 0x00,
    0xfd, 0xfd, 0xfd, 0x00, 0xfd, 0xfd, 0xfd, 0x00, 0xfd, 0xfd, 0xfd, 0x00, 0xfd, 0xfd, 0xfd, 0x00,
    0xfd, 0xfd, 0xfd, 0x00, 0xfd, 0xfd, 0xfd, 0x00, 0xfd, 0xfd, 0xfd, 0x00, 0xfd, 0xfd, 0xfd, 0x00,
    0xfd, 0xfd, 0xfd, 0x00, 0xfd, 0xfd, 0xfd, 0x00, 0xfd, 0xfd, 0xfd, 0x00, 0xfd, 0xfd, 0xfd, 0x00,
    0xfd, 0xfd, 0xfd, 0x00, 0xfd, 0xfd, 0xfd, 0x00, 0xfd, 0xfd, 0xfd, 0x00, 0xfd, 0xfd, 0xfd, 0x00,
    0xfd, 0xfd, 0xfd, 0x00, 0xfd, 0xfd, 0xfd, 0x00, 0xfd, 0xfd, 0xfd, 0x00, 0xfd, 0xfd, 0xfd, 0x00,
    0xfd, 0xfd, 0xfd, 0x00, 0xfd, 0xfd, 0xfd, 0x00, 0xfd, 0xfd, 0xfd, 0x00, 0xfd, 0xfd, 0xfd, 0x00,
    0xfd, 0xfd, 0xfd, 0x00, 0xfd, 0xfd, 0xfd, 0x00, 0xfd, 0xfd, 0xfd, 0x00, 0xfd, 0xfd, 0xfd, 0x00,
    0xfd, 0xfd, 0xfd, 0x00, 0xfd, 0xfd, 0xfd, 0x00, 0xfd, 0xfd, 0xfd, 0x00, 0xfd, 0xfd, 0xfd, 0x00,
    0xfd, 0xfd, 0xfd, 0x00, 0xfd, 0xfd, 0xfd, 0x00, 0xfd, 0xfd, 0xfd, 0x00, 0xfd, 0xfd, 0xfd, 0x00,
    0xfd, 0xfd, 0xfd, 0x00, 0xff, 0xff, 0xff, 0x3f, 0xff, 0xff, 0xff, 0xfe, 0xff, 0xff, 0xff, 0xff,
    0xff, 0xff, 0xff, 0xfe, 0xff, 0xff, 0xff, 0xfe, 0xff, 0xff, 0xff, 0xfe, 0xff, 0xff, 0xff, 0xfe,
    0xff, 0xff, 0xff, 0xfe, 0xff, 0xff, 0xff, 0xfe, 0xff, 0xff, 0xff, 0xfe, 0xff, 0xff, 0xff, 0xfe,
    0xff, 0xff, 0xff, 0xfe, 0xff, 0xff, 0xff, 0xfe, 0xff, 0xff, 0xff, 0xfe, 0xff, 0xff, 0xff, 0xff,
    0xff, 0xff, 0xff, 0xfe, 0xff, 0xff, 0xff, 0xfe, 0xff, 0xff, 0xff, 0xfe, 0xff, 0xff, 0xff, 0xff,
    0xff, 0xff, 0xff, 0xfe, 0xff, 0xff, 0xff, 0xfe, 0xff, 0xff, 0xff, 0xfe, 0xff, 0xff, 0xff, 0xfe,
    0xff, 0xff, 0xff, 0xff, 0xff, 0xff, 0xff, 0xfe, 0xff, 0xff, 0xff, 0xfe, 0xff, 0xff, 0xff, 0xfe,
    0xff, 0xff, 0xff, 0xff, 0xff, 0xff, 0xff, 0xff, 0xff, 0xff, 0xff, 0xfe, 0xff, 0xff, 0xff, 0xfe,
    0xff, 0xff, 0xff, 0xfe, 0xff, 0xff, 0xff, 0xfe, 0xff, 0xff, 0xff, 0xff, 0xff, 0xff, 0xff, 0xfe,
    0xff, 0xff, 0xff, 0xfe, 0xff, 0xff, 0xff, 0xfe, 0xff, 0xff, 0xff, 0xfe, 0xff, 0xff, 0xff, 0xfe,
    0xff, 0xff, 0xff, 0xfe, 0xff, 0xff, 0xff, 0x5f, 0xff, 0xff, 0xff, 0x00, 0xff, 0xff, 0xff, 0x00,
    0xff, 0xff, 0xff, 0x00, 0xff, 0xff, 0xff, 0x00, 0xff, 0xff, 0xff, 0x00, 0xff, 0xff, 0xff, 0x00,
    0xff, 0xff, 0xff, 0x00, 0xff, 0xff, 0xff, 0x00, 0xff, 0xff, 0xff, 0x00, 0xff, 0xff, 0xff, 0x00,
    0xff, 0xff, 0xff, 0x00, 0xff, 0xff, 0xff, 0x00, 0xff, 0xff, 0xff, 0x00, 0xff, 0xff, 0xff, 0x00,
    0xff, 0xff, 0xff, 0x00, 0xff, 0xff, 0xff, 0x00, 0xff, 0xff, 0xff, 0x00, 0xff, 0xff, 0xff, 0x00,
    0xff, 0xff, 0xff, 0x00, 0xff, 0xff, 0xff, 0x00, 0xff, 0xff, 0xff, 0x00, 0xff, 0xff, 0xff, 0x00,
    0xff, 0xff, 0xff, 0x00, 0xff, 0xff, 0xff, 0x00, 0x3f, 0x3f, 0x3f, 0x00, 0x7f, 0x7f, 0x7f, 0x00,
    0xaf, 0xaf, 0xaf, 0x00, 0xcf, 0xcf, 0xcf, 0x00, 0xe3, 0xe3, 0xe3, 0x00, 0xef, 0xef, 0xef, 0x00,
    0xf6, 0xf6, 0xf6, 0x00, 0xfa, 0xfa, 0xfa, 0x00, 0xfc, 0xfc, 0xfc, 0x00, 0xfd, 0xfd, 0xfd, 0x00,
    0xfd, 0xfd, 0xfd, 0x00, 0xfd, 0xfd, 0xfd, 0x00, 0xfd, 0xfd, 0xfd, 0x00, 0xfd, 0xfd, 0xfd, 0x00,
    0xfd, 0xfd, 0xfd, 0x00, 0xfd, 0xfd, 0xfd, 0x00, 0xfd, 0xfd, 0xfd, 0x00, 0xfd, 0xfd, 0xfd, 0x00,
    0xfd, 0xfd, 0xfd, 0x00, 0xfd, 0xfd, 0xfd, 0x00, 0xfd, 0xfd, 0xfd, 0x00, 0xfd, 0xfd, 0xfd, 0x00,
    0xfd, 0xfd, 0xfd, 0x00, 0xfd, 0xfd, 0xfd, 0x00, 0xfd, 0xfd, 0xfd, 0x00, 0xfd, 0xfd, 0xfd, 0x00,
    0xfd, 0xfd, 0xfd, 0x00, 0xfd, 0xfd, 0xfd, 0x00, 0xfd, 0xfd, 0xfd, 0x00, 0xfd, 0xfd, 0xfd, 0x00,
    0xfd, 0xfd, 0xfd, 0x00, 0xfd, 0xfd, 0xfd, 0x00, 0xfd, 0xfd, 0xfd, 0x00, 0xfd, 0xfd, 0xfd, 0x00,
    0xfd, 0xfd, 0xfd, 0x00, 0xfd, 0xfd, 0xfd, 0x00, 0xfd, 0xfd, 0xfd, 0x00, 0xfd, 0xfd, 0xfd, 0x00,
    0xfd, 0xfd, 0xfd, 0x00, 0xfd, 0xfd, 0xfd, 0x00, 0xfd, 0xfd, 0xfd, 0x00, 0xfd, 0xfd, 0xfd, 0x00,
    0xfd, 0xfd, 0xfd, 0x00, 0xfd, 0xfd, 0xfd, 0x00, 0xfd, 0xfd, 0xfd, 0x00, 0xfd, 0xfd, 0xfd, 0x00,
    0xfd, 0xfd, 0xfd, 0x00, 0xfd, 0xfd, 0xfd, 0x00, 0xfd, 0xfd, 0xfd, 0x00, 0xfd, 0xfd, 0xfd, 0x00,
    0xfd, 0xfd, 0xfd, 0x00, 0xfd, 0xfd, 0xfd, 0x00, 0xfd, 0xfd, 0xfd, 0x00, 0xff, 0xff, 0xff, 0xbf,
    0xff, 0xff, 0xff, 0xfe, 0xff, 0xff, 0xff, 0xfe, 0xff, 0xff, 0xff, 0xff, 0xff, 0xff, 0xff, 0xff,
    0xff, 0xff, 0xff, 0xfe, 0xff, 0xff, 0xff, 0xfe, 0xff, 0xff, 0xff, 0xff, 0xff, 0xff, 0xff, 0xff,
    0xff, 0xff, 0xff, 0xff, 0xff, 0xff, 0xff, 0xfe, 0xff, 0xff, 0xff, 0xff, 0xff, 0xff, 0xff, 0xfe,
    0xff, 0xff, 0xff, 0xff, 0xff, 0xff, 0xff, 0xff, 0xff, 0xff, 0xff, 0xfe, 0xff, 0xff, 0xff, 0xff,
    0xff, 0xff, 0xff, 0xfe, 0xff, 0xff, 0xff, 0xfe, 0xff, 0xff, 0xff, 0xff, 0xff, 0xff, 0xff, 0xff,
    0xff, 0xff, 0xff, 0xfe, 0xff, 0xff, 0xff, 0xff, 0xff, 0xff, 0xff, 0xff, 0xff, 0xff, 0xff, 0xfe,
    0xff, 0xff, 0xff, 0xff, 0xff, 0xff, 0xff, 0xfe, 0xff, 0xff, 0xff, 0xfe, 0xff, 0xff, 0xff, 0xff,
    0xff, 0xff, 0xff, 0xff, 0xff, 0xff, 0xff, 0xfe, 0xff, 0xff, 0xff, 0xff, 0xff, 0xff, 0xff, 0xfe,
    0xff, 0xff, 0xff, 0xfe, 0xff, 0xff, 0xff, 0xfe, 0xff, 0xff, 0xff, 0xfe, 0xff, 0xff, 0xff, 0xfe,
    0xff, 0xff, 0xff, 0xfe, 0xff, 0xff, 0xff, 0xfe, 0xff, 0xff, 0xff, 0xfe, 0xff, 0xff, 0xff, 0x5f,
    0xff, 0xff, 0xff, 0x00, 0xff, 0xff, 0xff, 0x00, 0xff, 0xff, 0xff, 0x00, 0xff, 0xff, 0xff, 0x00,
    0xff, 0xff, 0xff, 0x00, 0xff, 0xff, 0xff, 0x00, 0xff, 0xff, 0xff, 0x00, 0xff, 0xff, 0xff, 0x00,
    0xff, 0xff, 0xff, 0x00, 0xff, 0xff, 0xff, 0x00, 0xff, 0xff, 0xff, 0x00, 0xff, 0xff, 0xff, 0x00,
    0xff, 0xff, 0xff, 0x00, 0xff, 0xff, 0xff, 0x00, 0xff, 0xff, 0xff, 0x00, 0xff, 0xff, 0xff, 0x00,
    0xff, 0xff, 0xff, 0x00, 0xff, 0xff, 0xff, 0x00, 0xff, 0xff, 0xff, 0x00, 0xff, 0xff, 0xff, 0x00,
    0xff, 0xff, 0xff, 0x00, 0xff, 0xff, 0xff, 0x00, 0xff, 0xff, 0xff, 0x00, 0xff, 0xff, 0xff, 0x00,
    0x3f, 0x3f, 0x3f, 0x00, 0x7f, 0x7f, 0x7f, 0x00, 0xaf, 0xaf, 0xaf, 0x00, 0xcf, 0xcf, 0xcf, 0x00,
    0xe3, 0xe3, 0xe3, 0x00, 0xef, 0xef, 0xef, 0x00, 0xf6, 0xf6, 0xf6, 0x00, 0xfa, 0xfa, 0xfa, 0x00,
    0xfc, 0xfc, 0xfc, 0x00, 0xfd, 0xfd, 0xfd, 0x00, 0xfd, 0xfd, 0xfd, 0x00, 0xfd, 0xfd, 0xfd, 0x00,
    0xfd, 0xfd, 0xfd, 0x00, 0xfd, 0xfd, 0xfd, 0x00, 0xfd, 0xfd, 0xfd, 0x00, 0xfd, 0xfd, 0xfd, 0x00,
    0xfd, 0xfd, 0xfd, 0x00, 0xfd, 0xfd, 0xfd, 0x00, 0xfd, 0xfd, 0xfd, 0x00, 0xfd, 0xfd, 0xfd, 0x00,
    0xfd, 0xfd, 0xfd, 0x00, 0xfd, 0xfd, 0xfd, 0x00, 0xfd, 0xfd, 0xfd, 0x00, 0xfd, 0xfd, 0xfd, 0x00,
    0xfd, 0xfd, 0xfd, 0x00, 0xfd, 0xfd, 0xfd, 0x00, 0xfd, 0xfd, 0xfd, 0x00, 0xfd, 0xfd, 0xfd, 0x00,
    0xfd, 0xfd, 0xfd, 0x00, 0xfd, 0xfd, 0xfd, 0x00, 0xfd, 0xfd, 0xfd, 0x00, 0xfd, 0xfd, 0xfd, 0x00,
    0xfd, 0xfd, 0xfd, 0x00, 0xfd, 0xfd, 0xfd, 0x00, 0xfd, 0xfd, 0xfd, 0x00, 0xfd, 0xfd, 0xfd, 0x00,
    0xfd, 0xfd, 0xfd, 0x00, 0xfd, 0xfd, 0xfd, 0x00, 0xfd, 0xfd, 0xfd, 0x00, 0xfd, 0xfd, 0xfd, 0x00,
    0xfd, 0xfd, 0xfd, 0x00, 0xfd, 0xfd, 0xfd, 0x00, 0xfd, 0xfd, 0xfd, 0x00, 0xfd, 0xfd, 0xfd, 0x00,
    0xfd, 0xfd, 0xfd, 0x00, 0xfd, 0xfd, 0xfd, 0x00, 0xfd, 0xfd, 0xfd, 0x00, 0xfd, 0xfd, 0xfd, 0x00,
    0xfd, 0xfd, 0xfd, 0x00, 0xfd, 0xfd, 0xfd, 0x00, 0xfd, 0xfd, 0xfd, 0x00, 0xfd, 0xfd, 0xfd, 0x00,
    0xff, 0xff, 0xff, 0x3f, 0xff, 0xff, 0xff, 0xfe, 0xff, 0xff, 0xff, 0xfe, 0xff, 0xff, 0xff, 0xfe,
    0xff, 0xff, 0xff, 0xfe, 0xff, 0xff, 0xff, 0xff, 0xff, 0xff, 0xff, 0xfe, 0xff, 0xff, 0xff, 0xfe,
    0xff, 0xff, 0xff, 0xff, 0xff, 0xff, 0xff, 0xff, 0xff, 0xff, 0xff, 0xfe, 0xff, 0xff, 0xff, 0xff,
    0xff, 0xff, 0xff, 0xfe, 0xff, 0xff, 0xff, 0xff, 0xff, 0xff, 0xff, 0xfe, 0xff, 0xff, 0xff, 0xfe,
    0xff, 0xff, 0xff, 0xff, 0xff, 0xff, 0xff, 0xff, 0xff, 0xff, 0xff, 0xfe, 0xff, 0xff, 0xff, 0xfe,
    0xff, 0xff, 0xff, 0xfe, 0xff, 0xff, 0xff, 0xfe, 0xff, 0xff, 0xff, 0xfe, 0xff, 0xff, 0xff, 0xff,
    0xff, 0xff, 0xff, 0xfe, 0xff, 0xff, 0xff, 0xff, 0xff, 0xff, 0xff, 0xff, 0xff, 0xff, 0xff, 0xfe,
    0xff, 0xff, 0xff, 0xff, 0xff, 0xff, 0xff, 0xfe, 0xff, 0xff, 0xff, 0xff, 0xff, 0xff, 0xff, 0xfe,
    0xff, 0xff, 0xff, 0xff, 0xff, 0xff, 0xff, 0xfe, 0xff, 0xff, 0xff, 0xfe, 0xff, 0xff, 0xff, 0xfe,
    0xff, 0xff, 0xff, 0xff, 0xff, 0xff, 0xff, 0xff, 0xff, 0xff, 0xff, 0xff, 0xff, 0xff, 0xff, 0xfe,
    0xff, 0xff, 0xff, 0xfe, 0xff, 0xff, 0xff, 0x5f, 0xff, 0xff, 0xff, 0x00, 0xff, 0xff, 0xff, 0x00,
    0xff, 0xff, 0xff, 0x00, 0xff, 0xff, 0xff, 0x00, 0xff, 0xff, 0xff, 0x00, 0xff, 0xff, 0xff, 0x00,
    0xff, 0xff, 0xff, 0x00, 0xff, 0xff, 0xff, 0x00, 0xff, 0xff, 0xff, 0x00, 0xff, 0xff, 0xff, 0x00,
    0xff, 0xff, 0xff, 0x00, 0xff, 0xff, 0xff, 0x00, 0xff, 0xff, 0xff, 0x00, 0xff, 0xff, 0xff, 0x00,
    0xff, 0xff, 0xff, 0x00, 0xff, 0xff, 0xff, 0x00, 0xff, 0xff, 0xff, 0x00, 0xff, 0xff, 0xff, 0x00,
    0xff, 0xff, 0xff, 0x00, 0xff, 0xff, 0xff, 0x00, 0xff, 0xff, 0xff, 0x00, 0xff, 0xff, 0xff, 0x00,
    0xff, 0xff, 0xff, 0x00, 0xff, 0xff, 0xff, 0x00, 0x1f, 0x1f, 0x1f, 0x00, 0x4f, 0x4f, 0x4f, 0x00,
    0x7f, 0x7f, 0x7f, 0x00, 0xa7, 0xa7, 0xa7, 0x00, 0xc5, 0xc5, 0xc5, 0x00, 0xda, 0xda, 0xda, 0x00,
    0xe8, 0xe8, 0xe8, 0x00, 0xf1, 0xf1, 0xf1, 0x00, 0xf6, 0xf6, 0xf6, 0x00, 0xf9, 0xf9, 0xf9, 0x00,
    0xfb, 0xfb, 0xfb, 0x00, 0xfc, 0xfc, 0xfc, 0x00, 0xfc, 0xfc, 0xfc, 0x00, 0xfc, 0xfc, 0xfc, 0x00,
    0xfc, 0xfc, 0xfc, 0x00, 0xfc, 0xfc, 0xfc, 0x00, 0xfc, 0xfc, 0xfc, 0x00, 0xfc, 0xfc, 0xfc, 0x00,
    0xfc, 0xfc, 0xfc, 0x00, 0xfc, 0xfc, 0xfc, 0x00, 0xfc, 0xfc, 0xfc, 0x00, 0xfc, 0xfc, 0xfc, 0x00,
    0xfc, 0xfc, 0xfc, 0x00, 0xfc, 0xfc, 0xfc, 0x00, 0xfc, 0xfc, 0xfc, 0x00, 0xfc, 0xfc, 0xfc, 0x00,
    0xfc, 0xfc, 0xfc, 0x00, 0xfc, 0xfc, 0xfc, 0x00, 0xfc, 0xfc, 0xfc, 0x00, 0xfc, 0xfc, 0xfc, 0x00,
    0xfc, 0xfc, 0xfc, 0x00, 0xfc, 0xfc, 0xfc, 0x00, 0xfc, 0xfc, 0xfc, 0x00, 0xfc, 0xfc, 0xfc, 0x00,
    0xfc, 0xfc, 0xfc, 0x00, 0xfc, 0xfc, 0xfc, 0x00, 0xfc, 0xfc, 0xfc, 0x00, 0xfc, 0xfc, 0xfc, 0x00,
    0xfc, 0xfc, 0xfc, 0x00, 0xfc, 0xfc, 0xfc, 0x00, 0xfc, 0xfc, 0xfc, 0x00, 0xfc, 0xfc, 0xfc, 0x00,
    0xfc, 0xfc, 0xfc, 0x00, 0xfc, 0xfc, 0xfc, 0x00, 0xfc, 0xfc, 0xfc, 0x00, 0xfc, 0xfc, 0xfc, 0x00,
    0xfc, 0xfc, 0xfc, 0x00, 0xfc, 0xfc, 0xfc, 0x00, 0xfc, 0xfc, 0xfc, 0x00, 0xfc, 0xfc, 0xfc, 0x00,
    0xfc, 0xfc, 0xfc, 0x00, 0xfc, 0xfc, 0xfc, 0x00, 0xff, 0xff, 0xff, 0xbf, 0xff, 0xff, 0xff, 0xff,
    0xff, 0xff, 0xff, 0xfe, 0xff, 0xff, 0xff, 0xff, 0xff, 0xff, 0xff, 0xff, 0xff, 0xff, 0xff, 0xff,
    0xff, 0xff, 0xff, 0xfe, 0xff, 0xff, 0xff, 0xfe, 0xff, 0xff, 0xff, 0xfe, 0xff, 0xff, 0xff, 0xfe,
    0xff, 0xff, 0xff, 0xff, 0xff, 0xff, 0xff, 0xff, 0xff, 0xff, 0xff, 0xfe, 0xff, 0xff, 0xff, 0xfe,
    0xff, 0xff, 0xff, 0xfe, 0xff, 0xff, 0xff, 0xfe, 0xff, 0xff, 0xff, 0xfe, 0xff, 0xff, 0xff, 0xfe,
    0xff, 0xff, 0xff, 0xfe, 0xff, 0xff, 0xff, 0xff, 0xff, 0xff, 0xff, 0xfe, 0xff, 0xff, 0xff, 0xfe,
    0xff, 0xff, 0xff, 0xfe, 0xff, 0xff, 0xff, 0xfe, 0xff, 0xff, 0xff, 0xfe, 0xff, 0xff, 0xff, 0xfe,
    0xff, 0xff, 0xff, 0xfe, 0xff, 0xff, 0xff, 0xfe, 0xff, 0xff, 0xff, 0xff, 0xff, 0xff, 0xff, 0xfe,
    0xff, 0xff, 0xff, 0xff, 0xff, 0xff, 0xff, 0xfe, 0xff, 0xff, 0xff, 0xfe, 0xff, 0xff, 0xff, 0xff,
    0xff, 0xff, 0xff, 0xfe, 0xff, 0xff, 0xff, 0xff, 0xff, 0xff, 0xff, 0xff, 0xff, 0xff, 0xff, 0xfe,
    0xff, 0xff, 0xff, 0xfe, 0xff, 0xff, 0xff, 0xfe, 0xff, 0xff, 0xff, 0xfe, 0xff, 0xff, 0xff, 0x5f,
    0xff, 0xff, 0xff, 0x00, 0xff, 0xff, 0xff, 0x00, 0xff, 0xff, 0xff, 0x00, 0xff, 0xff, 0xff, 0x00,
    0xff, 0xff, 0xff, 0x00, 0xff, 0xff, 0xff, 0x00, 0xff, 0xff, 0xff, 0x00, 0xff, 0xff, 0xff, 0x00,
    0xff, 0xff, 0xff, 0x00, 0xff, 0xff, 0xff, 0x00, 0xff, 0xff, 0xff, 0x00, 0xff, 0xff, 0xff, 0x00,
    0xff, 0xff, 0xff, 0x00, 0xff, 0xff, 0xff, 0x00, 0xff, 0xff, 0xff, 0x00, 0xff, 0xff, 0xff, 0x00,
    0xff, 0xff, 0xff, 0x00, 0xff, 0xff, 0xff, 0x00, 0xff, 0xff, 0xff, 0x00, 0xff, 0xff, 0xff, 0x00,
    0xff, 0xff, 0xff, 0x00, 0xff, 0xff, 0xff, 0x00, 0xff, 0xff, 0xff, 0x00, 0xff, 0xff, 0xff, 0x00,
    0x0f, 0x0f, 0x0f, 0x00, 0x2f, 0x2f, 0x2f, 0x00, 0x57, 0x57, 0x57, 0x00, 0x7f, 0x7f, 0x7f, 0x00,
    0xa2, 0xa2, 0xa2, 0x00, 0xbe, 0xbe, 0xbe, 0x00, 0xd3, 0xd3, 0xd3, 0x00, 0xe2, 0xe2, 0xe2, 0x00,
    0xec, 0xec, 0xec, 0x00, 0xf2, 0xf2, 0xf2, 0x00, 0xf6, 0xf6, 0xf6, 0x00, 0xf9, 0xf9, 0xf9, 0x00,
    0xfa, 0xfa, 0xfa, 0x00, 0xfb, 0xfb, 0xfb, 0x00, 0xfb, 0xfb, 0xfb, 0x00, 0xfb, 0xfb, 0xfb, 0x00,
    0xfb, 0xfb, 0xfb, 0x00, 0xfb, 0xfb, 0xfb, 0x00, 0xfb, 0xfb, 0xfb, 0x00, 0xfb, 0xfb, 0xfb, 0x00,
    0xfb, 0xfb, 0xfb, 0x00, 0xfb, 0xfb, 0xfb, 0x00, 0xfb, 0xfb, 0xfb, 0x00, 0xfb, 0xfb, 0xfb, 0x00,
    0xfb, 0xfb, 0xfb, 0x00, 0xfb, 0xfb, 0xfb, 0x00, 0xfb, 0xfb, 0xfb, 0x00, 0xfb, 0xfb, 0xfb, 0x00,
    0xfb, 0xfb, 0xfb, 0x00, 0xfb, 0xfb, 0xfb, 0x00, 0xfb, 0xfb, 0xfb, 0x00, 0xfb, 0xfb, 0xfb, 0x00,
    0xfb, 0xfb, 0xfb, 0x00, 0xfb, 0xfb, 0xfb, 0x00, 0xfb, 0xfb, 0xfb, 0x00, 0xfb, 0xfb, 0xfb, 0x00,
    0xfb, 0xfb, 0xfb, 0x00, 0xfb, 0xfb, 0xfb, 0x00, 0xfb, 0xfb, 0xfb, 0x00, 0xfb, 0xfb, 0xfb, 0x00,
    0xfb, 0xfb, 0xfb, 0x00, 0xfb, 0xfb, 0xfb, 0x00, 0xfb, 0xfb, 0xfb, 0x00, 0xfb, 0xfb, 0xfb, 0x00,
    0xfb, 0xfb, 0xfb, 0x00, 0xfb, 0xfb, 0xfb, 0x00, 0xfb, 0xfb, 0xfb, 0x00, 0xfb, 0xfb, 0xfb, 0x00,
    0xfb, 0xfb, 0xfb, 0x00, 0xfb, 0xfb, 0xfb, 0x00, 0xfb, 0xfb, 0xfb, 0x00, 0xff, 0xff, 0xff, 0x3f,
    0xff, 0xff, 0xff, 0xfe, 0xff, 0xff, 0xff, 0xff, 0xff, 0xff, 0xff, 0xfe, 0xff, 0xff, 0xff, 0xfe,
    0xff, 0xff, 0xff, 0xff, 0xff, 0xff, 0xff, 0xfe, 0xff, 0xff, 0xff, 0xff, 0xff, 0xff, 0xff, 0xfe,
    0xff, 0xff, 0xff, 0xff, 0xff, 0xff, 0xff, 0xfe, 0xff, 0xff, 0xff, 0xfe, 0xff, 0xff, 0xff, 0xff,
    0xff, 0xff, 0xff, 0xfe, 0xff, 0xff, 0xff, 0xff, 0xff, 0xff, 0xff, 0xfe, 0xff, 0xff, 0xff, 0xfe,
    0xff, 0xff, 0xff, 0xfe, 0xff, 0xff, 0xff, 0xfe, 0xff, 0xff, 0xff, 0xfe, 0xff, 0xff, 0xff, 0xfe,
    0xff, 0xff, 0xff, 0xff, 0xff, 0xff, 0xff, 0xfe, 0xff, 0xff, 0xff, 0xfe, 0xff, 0xff, 0xff, 0xfe,
    0xff, 0xff, 0xff, 0xfe, 0xff, 0xff, 0xff, 0xfe, 0xff, 0xff, 0xff, 0xff, 0xff, 0xff, 0xff, 0xfe,
    0xff, 0xff, 0xff, 0xfe, 0xff, 0xff, 0xff, 0xff, 0xff, 0xff, 0xff, 0xff, 0xff, 0xff, 0xff, 0xfe,
    0xff, 0xff, 0xff, 0xfe, 0xff, 0xff, 0xff, 0xfe, 0xff, 0xff, 0xff, 0xfe, 0xff, 0xff, 0xff, 0xfe,
    0xff, 0xff, 0xff, 0xfe, 0xff, 0xff, 0xff, 0xfe, 0xff, 0xff, 0xff, 0xfe, 0xff, 0xff, 0xff, 0xff,
    0xff, 0xff, 0xff, 0xfe, 0xff, 0xff, 0xff, 0x5f, 0xff, 0xff, 0xff, 0x00, 0xff, 0xff, 0xff, 0x00,
    0xff, 0xff, 0xff, 0x00, 0xff, 0xff, 0xff, 0x00, 0xff, 0xff, 0xff, 0x00, 0xff, 0xff, 0xff, 0x00,
    0xff, 0xff, 0xff, 0x00, 0xff, 0xff, 0xff, 0x00, 0xff, 0xff, 0xff, 0x00, 0xff, 0xff, 0xff, 0x00,
    0xff, 0xff, 0xff, 0x00, 0xff, 0xff, 0xff, 0x00, 0xff, 0xff, 0xff, 0x00, 0xff, 0xff, 0xff, 0x00,
    0xff, 0xff, 0xff, 0x00, 0xff, 0xff, 0xff, 0x00, 0xff, 0xff, 0xff, 0x00, 0xff, 0xff, 0xff, 0x00,
    0xff, 0xff, 0xff, 0x00, 0xff, 0xff, 0xff, 0x00, 0xff, 0xff, 0xff, 0x00, 0xff, 0xff, 0xff, 0x00,
    0xff, 0xff, 0xff, 0x00, 0xff, 0xff, 0xff, 0x00, 0x07, 0x07, 0x07, 0x00, 0x1b, 0x1b, 0x1b, 0x00,
    0x39, 0x39, 0x39, 0x00, 0x5c, 0x5c, 0x5c, 0x00, 0x7f, 0x7f, 0x7f, 0x00, 0x9e, 0x9e, 0x9e, 0x00,
    0xb8, 0xb8, 0xb8, 0x00, 0xcd, 0xcd, 0xcd, 0x00, 0xdc, 0xdc, 0xdc, 0x00, 0xe7, 0xe7, 0xe7, 0x00,
    0xee, 0xee, 0xee, 0x00, 0xf3, 0xf3, 0xf3, 0x00, 0xf6, 0xf6, 0xf6, 0x00, 0xf8, 0xf8, 0xf8, 0x00,
    0xf9, 0xf9, 0xf9, 0x00, 0xfa, 0xfa, 0xfa, 0x00, 0xfa, 0xfa, 0xfa, 0x00, 0xfa, 0xfa, 0xfa, 0x00,
    0xfa, 0xfa, 0xfa, 0x00, 0xfa, 0xfa, 0xfa, 0x00, 0xfa, 0xfa, 0xfa, 0x00, 0xfa, 0xfa, 0xfa, 0x00,
    0xfa, 0xfa, 0xfa, 0x00, 0xfa, 0xfa, 0xfa, 0x00, 0xfa, 0xfa, 0xfa, 0x00, 0xfa, 0xfa, 0xfa, 0x00,
    0xfa, 0xfa, 0xfa, 0x00, 0xfa, 0xfa, 0xfa, 0x00, 0xfa, 0xfa, 0xfa, 0x00, 0xfa, 0xfa, 0xfa, 0x00,
    0xfa, 0xfa, 0xfa, 0x00, 0xfa, 0xfa, 0xfa, 0x00, 0xfa, 0xfa, 0xfa, 0x00, 0xfa, 0xfa, 0xfa, 0x00,
    0xfa, 0xfa, 0xfa, 0x00, 0xfa, 0xfa, 0xfa, 0x00, 0xfa, 0xfa, 0xfa, 0x00, 0xfa, 0xfa, 0xfa, 0x00,
    0xfa, 0xfa, 0xfa, 0x00, 0xfa, 0xfa, 0xfa, 0x00, 0xfa, 0xfa, 0xfa, 0x00, 0xfa, 0xfa, 0xfa, 0x00,
    0xfa, 0xfa, 0xfa, 0x00, 0xfa, 0xfa, 0xfa, 0x00, 0xfa, 0xfa, 0xfa, 0x00, 0xfa, 0xfa, 0xfa, 0x00,
    0xfa, 0xfa, 0xfa, 0x00, 0xfa, 0xfa, 0xfa, 0x00, 0xfa, 0xfa, 0xfa, 0x00, 0xfa, 0xfa, 0xfa, 0x00,
    0xfa, 0xfa, 0xfa, 0x00, 0xff, 0xff, 0xff, 0xbf, 0xff, 0xff, 0xff, 0xfe, 0xff, 0xff, 0xff, 0xfe,
    0xff, 0xff, 0xff, 0xff, 0xff, 0xff, 0xff, 0xfe, 0xff, 0xff, 0xff, 0xfe, 0xff, 0xff, 0xff, 0xff,
    0xff, 0xff, 0xff, 0xfe, 0xff, 0xff, 0xff, 0xfe, 0xff, 0xff, 0xff, 0xfe, 0xff, 0xff, 0xff, 0xff,
    0xff, 0xff, 0xff, 0xfe, 0xff, 0xff, 0xff, 0xff, 0xff, 0xff, 0xff, 0xfe, 0xff, 0xff, 0xff, 0xfe,
    0xff, 0xff, 0xff, 0xfe, 0xff, 0xff, 0xff, 0xfe, 0xff, 0xff, 0xff, 0xff, 0xff, 0xff, 0xff, 0xff,
    0xff, 0xff, 0xff, 0xff, 0xff, 0xff, 0xff, 0xfe, 0xff, 0xff, 0xff, 0xfe, 0xff, 0xff, 0xff, 0xfe,
    0xff, 0xff, 0xff, 0xfe, 0xff, 0xff, 0xff, 0xfe, 0xff, 0xff, 0xff, 0xfe, 0xff, 0xff, 0xff, 0xff,
    0xff, 0xff, 0xff, 0xfe, 0xff, 0xff, 0xff, 0xfe, 0xff, 0xff, 0xff, 0xfe, 0xff, 0xff, 0xff, 0xfe,
    0xff, 0xff, 0xff, 0xfe, 0xff, 0xff, 0xff, 0xfe, 0xff, 0xff, 0xff, 0xff, 0xff, 0xff, 0xff, 0xfe,
    0xff, 0xff, 0xff, 0xfe, 0xff, 0xff, 0xff, 0xfe, 0xff, 0xff, 0xff, 0xfe, 0xff, 0xff, 0xff, 0xfe,
    0xff, 0xff, 0xff, 0xfe, 0xff, 0xff, 0xff, 0xfe, 0xff, 0xff, 0xff, 0xfe, 0xff, 0xff, 0xff, 0x5f,
    0xff, 0xff, 0xff, 0x00, 0xff, 0xff, 0xff, 0x00, 0xff, 0xff, 0xff, 0x00, 0xff, 0xff, 0xff, 0x00,
    0xff, 0xff, 0xff, 0x00, 0xff, 0xff, 0xff, 0x00, 0xff, 0xff, 0xff, 0x00, 0xff, 0xff, 0xff, 0x00,
    0xff, 0xff, 0xff, 0x00, 0xff, 0xff, 0xff, 0x00, 0xff, 0xff, 0xff, 0x00, 0xff, 0xff, 0xff, 0x00,
    0xff, 0xff, 0xff, 0x00, 0xff, 0xff, 0xff, 0x00, 0xff, 0xff, 0xff, 0x00, 0xff, 0xff, 0xff, 0x00,
    0xff, 0xff, 0xff, 0x00, 0xff, 0xff, 0xff, 0x00, 0xff, 0xff, 0xff, 0x00, 0xff, 0xff, 0xff, 0x00,
    0xff, 0xff, 0xff, 0x00, 0xff, 0xff, 0xff, 0x00, 0xff, 0xff, 0xff, 0x00, 0xff, 0xff, 0xff, 0x00,
    0x07, 0x07, 0x07, 0x00, 0x1b, 0x1b, 0x1b, 0x00, 0x39, 0x39, 0x39, 0x00, 0x5c, 0x5c, 0x5c, 0x00,
    0x7f, 0x7f, 0x7f, 0x00, 0x9e, 0x9e, 0x9e, 0x00, 0xb8, 0xb8, 0xb8, 0x00, 0xcd, 0xcd, 0xcd, 0x00,
    0xdc, 0xdc, 0xdc, 0x00, 0xe7, 0xe7, 0xe7, 0x00, 0xee, 0xee, 0xee, 0x00, 0xf3, 0xf3, 0xf3, 0x00,
    0xf6, 0xf6, 0xf6, 0x00, 0xf8, 0xf8, 0xf8, 0x00, 0xf9, 0xf9, 0xf9, 0x00, 0xfa, 0xfa, 0xfa, 0x00,
    0xfa, 0xfa, 0xfa, 0x00, 0xfa, 0xfa, 0xfa, 0x00, 0xfa, 0xfa, 0xfa, 0x00, 0xfa, 0xfa, 0xfa, 0x00,
    0xfa, 0xfa, 0xfa, 0x00, 0xfa, 0xfa, 0xfa, 0x00, 0xfa, 0xfa, 0xfa, 0x00, 0xfa, 0xfa, 0xfa, 0x00,
    0xfa, 0xfa, 0xfa, 0x00, 0xfa, 0xfa, 0xfa, 0x00, 0xfa, 0xfa, 0xfa, 0x00, 0xfa, 0xfa, 0xfa, 0x00,
    0xfa, 0xfa, 0xfa, 0x00, 0xfa, 0xfa, 0xfa, 0x00, 0xfa, 0xfa, 0xfa, 0x00, 0xfa, 0xfa, 0xfa, 0x00,
    0xfa, 0xfa, 0xfa, 0x00, 0xfa, 0xfa, 0xfa, 0x00, 0xfa, 0xfa, 0xfa, 0x00, 0xfa, 0xfa, 0xfa, 0x00,
    0xfa, 0xfa, 0xfa, 0x00, 0xfa, 0xfa, 0xfa, 0x00, 0xfa, 0xfa, 0xfa, 0x00, 0xfa, 0xfa, 0xfa, 0x00,
    0xfa, 0xfa, 0xfa, 0x00, 0xfa, 0xfa, 0xfa, 0x00, 0xfa, 0xfa, 0xfa, 0x00, 0xfa, 0xfa, 0xfa, 0x00,
    0xfa, 0xfa, 0xfa, 0x00, 0xfa, 0xfa, 0xfa, 0x00, 0xfa, 0xfa, 0xfa, 0x00, 0xfa, 0xfa, 0xfa, 0x00,
    0xfa, 0xfa, 0xfa, 0x00, 0xfa, 0xfa, 0xfa, 0x00, 0xff, 0xff, 0xff, 0x3f, 0xff, 0xff, 0xff, 0xfe,
    0xff, 0xff, 0xff, 0xfe, 0xff, 0xff, 0xff, 0xfe, 0xff, 0xff, 0xff, 0xfe, 0xff, 0xff, 0xff, 0xff,
    0xff, 0xff, 0xff, 0xfe, 0xff, 0xff, 0xff, 0xfe, 0xff, 0xff, 0xff, 0xfe, 0xff, 0xff, 0xff, 0xfe,
    0xff, 0xff, 0xff, 0xfe, 0xff, 0xff, 0xff, 0xfe, 0xff, 0xff, 0xff, 0xfe, 0xff, 0xff, 0xff, 0xff,
    0xff, 0xff, 0xff, 0xfe, 0xff, 0xff, 0xff, 0xfe, 0xff, 0xff, 0xff, 0xff, 0xff, 0xff, 0xff, 0xfe,
    0xff, 0xff, 0xff, 0xfe, 0xff, 0xff, 0xff, 0xff, 0xff, 0xff, 0xff, 0xfe, 0xff, 0xff, 0xff, 0xfe,
    0xff, 0xff, 0xff, 0xfe, 0xff, 0xff, 0xff, 0xff, 0xff, 0xff, 0xff, 0xfe, 0xff, 0xff, 0xff, 0xff,
    0xff, 0xff, 0xff, 0xfe, 0xff, 0xff, 0xff, 0xff, 0xff, 0xff, 0xff, 0xfe, 0xff, 0xff, 0xff, 0xff,
    0xff, 0xff, 0xff, 0xff, 0xff, 0xff, 0xff, 0xfe, 0xff, 0xff, 0xff, 0xfe, 0xff, 0xff, 0xff, 0xfe,
    0xff, 0xff, 0xff, 0xfe, 0xff, 0xff, 0xff, 0xfe, 0xff, 0xff, 0xff, 0xfe, 0xff, 0xff, 0xff, 0xff,
    0xff, 0xff, 0xff, 0xff, 0xff, 0xff, 0xff, 0xff, 0xff, 0xff, 0xff, 0xfe, 0xff, 0xff, 0xff, 0xfe,
    0xff, 0xff, 0xff, 0xfe, 0xff, 0xff, 0xff, 0x5f, 0xff, 0xff, 0xff, 0x00, 0xff, 0xff, 0xff, 0x00,
    0xff, 0xff, 0xff, 0x00, 0xff, 0xff, 0xff, 0x00, 0xff, 0xff, 0xff, 0x00, 0xff, 0xff, 0xff, 0x00,
    0xff, 0xff, 0xff, 0x00, 0xff, 0xff, 0xff, 0x00, 0xff, 0xff, 0xff, 0x00, 0xff, 0xff, 0xff, 0x00,
    0xff, 0xff, 0xff, 0x00, 0xff, 0xff, 0xff, 0x00, 0xff, 0xff, 0xff, 0x00, 0xff, 0xff, 0xff, 0x00,
    0xff, 0xff, 0xff, 0x00, 0xff, 0xff, 0xff, 0x00, 0xff, 0xff, 0xff, 0x00, 0xff, 0xff, 0xff, 0x00,
    0xff, 0xff, 0xff, 0x00, 0xff, 0xff, 0xff, 0x00, 0xff, 0xff, 0xff, 0x00, 0xff, 0xff, 0xff, 0x00,
    0xff, 0xff, 0xff, 0x00, 0xff, 0xff, 0xff, 0x00, 0x03, 0x03, 0x03, 0x00, 0x0f, 0x0f, 0x0f, 0x00,
    0x24, 0x24, 0x24, 0x00, 0x40, 0x40, 0x40, 0x00, 0x5f, 0x5f, 0x5f, 0x00, 0x7e, 0x7e, 0x7e, 0x00,
    0x9b, 0x9b, 0x9b, 0x00, 0xb4, 0xb4, 0xb4, 0x00, 0xc8, 0xc8, 0xc8, 0x00, 0xd7, 0xd7, 0xd7, 0x00,
    0xe2, 0xe2, 0xe2, 0x00, 0xea, 0xea, 0xea, 0x00, 0xf0, 0xf0, 0xf0, 0x00, 0xf4, 0xf4, 0xf4, 0x00,
    0xf6, 0xf6, 0xf6, 0x00, 0xf8, 0xf8, 0xf8, 0x00, 0xf9, 0xf9, 0xf9, 0x00, 0xf9, 0xf9, 0xf9, 0x00,
    0xf9, 0xf9, 0xf9, 0x00, 0xf9, 0xf9, 0xf9, 0x00, 0xf9, 0xf9, 0xf9, 0x00, 0xf9, 0xf9, 0xf9, 0x00,
    0xf9, 0xf9, 0xf9, 0x00, 0xf9, 0xf9, 0xf9, 0x00, 0xf9, 0xf9, 0xf9, 0x00, 0xf9, 0xf9, 0xf9, 0x00,
    0xf9, 0xf9, 0xf9, 0x00, 0xf9, 0xf9, 0xf9, 0x00, 0xf9, 0xf9, 0xf9, 0x00, 0xf9, 0xf9, 0xf9, 0x00,
    0xf9, 0xf9, 0xf9, 0x00, 0xf9, 0xf9, 0xf9, 0x00, 0xf9, 0xf9, 0xf9, 0x00, 0xf9, 0xf9, 0xf9, 0x00,
    0xf9, 0xf9, 0xf9, 0x00, 0xf9, 0xf9, 0xf9, 0x00, 0xf9, 0xf9, 0xf9, 0x00, 0xf9, 0xf9, 0xf9, 0x00,
    0xf9, 0xf9, 0xf9, 0x00, 0xf9, 0xf9, 0xf9, 0x00, 0xf9, 0xf9, 0xf9, 0x00, 0xf9, 0xf9, 0xf9, 0x00,
    0xf9, 0xf9, 0xf9, 0x00, 0xf9, 0xf9, 0xf9, 0x00, 0xf9, 0xf9, 0xf9, 0x00, 0xf9, 0xf9, 0xf9, 0x00,
    0xf9, 0xf9, 0xf9, 0x00, 0xf9, 0xf9, 0xf9, 0x00, 0xf9, 0xf9, 0xf9, 0x00, 0xf9, 0xf9, 0xf9, 0x00,
    0xff, 0xff, 0xff, 0xbf, 0xff, 0xff, 0xff, 0xff, 0xff, 0xff, 0xff, 0xfe, 0xff, 0xff, 0xff, 0xfe,
    0xff, 0xff, 0xff, 0xfe, 0xff, 0xff, 0xff, 0xfe, 0xff, 0xff, 0xff, 0xfe, 0xff, 0xff, 0xff, 0xff,
    0xff, 0xff, 0xff, 0xff, 0xff, 0xff, 0xff, 0xfe, 0xff, 0xff, 0xff, 0xfe, 0xff, 0xff, 0xff, 0xff,
    0xff, 0xff, 0xff, 0xfe, 0xff, 0xff, 0xff, 0xfe, 0xff, 0xff, 0xff, 0xfe, 0xff, 0xff, 0xff, 0xff,
    0xff, 0xff, 0xff, 0xfe, 0xff, 0xff, 0xff, 0xff, 0xff, 0xff, 0xff, 0xfe, 0xff, 0xff, 0xff, 0xfe,
    0xff, 0xff, 0xff, 0xff, 0xff, 0xff, 0xff, 0xfe, 0xff, 0xff, 0xff, 0xff, 0xff, 0xff, 0xff, 0xff,
    0xff, 0xff, 0xff, 0xfe, 0xff, 0xff, 0xff, 0xfe, 0xff, 0xff, 0xff, 0xff, 0xff, 0xff, 0xff, 0xfe,
    0xff, 0xff, 0xff, 0xff, 0xff, 0xff, 0xff, 0xff, 0xff, 0xff, 0xff, 0xff, 0xff, 0xff, 0xff, 0xfe,
    0xff, 0xff, 0xff, 0xff, 0xff, 0xff, 0xff, 0xff, 0xff, 0xff, 0xff, 0xfe, 0xff, 0xff, 0xff, 0xfe,
    0xff, 0xff, 0xff, 0xfe, 0xff, 0xff, 0xff, 0xfe, 0xff, 0xff, 0xff, 0xfe, 0xff, 0xff, 0xff, 0xfe,
    0xff, 0xff, 0xff, 0xff, 0xff, 0xff, 0xff, 0xfe, 0xff, 0xff, 0xff, 0xff, 0xff, 0xff, 0xff, 0x5f,
    0xff, 0xff, 0xff, 0x00, 0xff, 0xff, 0xff, 0x00, 0xff, 0xff, 0xff, 0x00, 0xff, 0xff, 0xff, 0x00,
    0xff, 0xff, 0xff, 0x00, 0xff, 0xff, 0xff, 0x00, 0xff, 0xff, 0xff, 0x00, 0xff, 0xff, 0xff, 0x00,
    0xff, 0xff, 0xff, 0x00, 0xff, 0xff, 0xff, 0x00, 0xff, 0xff, 0xff, 0x00, 0xff, 0xff, 0xff, 0x00,
    0xff, 0xff, 0xff, 0x00, 0xff, 0xff, 0xff, 0x00, 0xff, 0xff, 0xff, 0x00, 0xff, 0xff, 0xff, 0x00,
    0xff, 0xff, 0xff, 0x00, 0xff, 0xff, 0xff, 0x00, 0xff, 0xff, 0xff, 0x00, 0xff, 0xff, 0xff, 0x00,
    0xff, 0xff, 0xff, 0x00, 0xff, 0xff, 0xff, 0x00, 0xff, 0xff, 0xff, 0x00, 0xff, 0xff, 0xff, 0x00,
    0x03, 0x03, 0x03, 0x00, 0x0f, 0x0f, 0x0f, 0x00, 0x24, 0x24, 0x24, 0x00, 0x40, 0x40, 0x40, 0x00,
    0x5f, 0x5f, 0x5f, 0x00, 0x7e, 0x7e, 0x7e, 0x00, 0x9b, 0x9b, 0x9b, 0x00, 0xb4, 0xb4, 0xb4, 0x00,
    0xc8, 0xc8, 0xc8, 0x00, 0xd7, 0xd7, 0xd7, 0x00, 0xe2, 0xe2, 0xe2, 0x00, 0xea, 0xea, 0xea, 0x00,
    0xf0, 0xf0, 0xf0, 0x00, 0xf4, 0xf4, 0xf4, 0x00, 0xf6, 0xf6, 0xf6, 0x00, 0xf8, 0xf8, 0xf8, 0x00,
    0xf9, 0xf9, 0xf9, 0x00, 0xf9, 0xf9, 0xf9, 0x00, 0xf9, 0xf9, 0xf9, 0x00, 0xf9, 0xf9, 0xf9, 0x00,
    0xf9, 0xf9, 0xf9, 0x00, 0xf9, 0xf9, 0xf9, 0x00, 0xf9, 0xf9, 0xf9, 0x00, 0xf9, 0xf9, 0xf9, 0x00,
    0xf9, 0xf9, 0xf9, 0x00, 0xf9, 0xf9, 0xf9, 0x00, 0xf9, 0xf9, 0xf9, 0x00, 0xf9, 0xf9, 0xf9, 0x00,
    0xf9, 0xf9, 0xf9, 0x00, 0xf9, 0xf9, 0xf9, 0x00, 0xf9, 0xf9, 0xf9, 0x00, 0xf9, 0xf9, 0xf9, 0x00,
    0xf9, 0xf9, 0xf9, 0x00, 0xf9, 0xf9, 0xf9, 0x00, 0xf9, 0xf9, 0xf9, 0x00, 0xf9, 0xf9, 0xf9, 0x00,
    0xf9, 0xf9, 0xf9, 0x00, 0xf9, 0xf9, 0xf9, 0x00, 0xf9, 0xf9, 0xf9, 0x00, 0xf9, 0xf9, 0xf9, 0x00,
    0xf9, 0xf9, 0xf9, 0x00, 0xf9, 0xf9, 0xf9, 0x00, 0xf9, 0xf9, 0xf9, 0x00, 0xf9, 0xf9, 0xf9, 0x00,
    0xf9, 0xf9, 0xf9, 0x00, 0xf9, 0xf9, 0xf9, 0x00, 0xf9, 0xf9, 0xf9, 0x00, 0xf9, 0xf9, 0xf9, 0x00,
    0xf9, 0xf9, 0xf9, 0x00, 0xff, 0xff, 0xff, 0x3f, 0xff, 0xff, 0xff, 0xff, 0xff, 0xff, 0xff, 0xff,
    0xff, 0xff, 0xff, 0xfe, 0xff, 0xff, 0xff, 0xfe, 0xff, 0xff, 0xff, 0xff, 0xff, 0xff, 0xff, 0xfe,
    0xff, 0xff, 0xff, 0xfe, 0xff, 0xff, 0xff, 0xff, 0xff, 0xff, 0xff, 0xfe, 0xff, 0xff, 0xff, 0xff,
    0xff, 0xff, 0xff, 0xfe, 0xff, 0xff, 0xff, 0xfe, 0xff, 0xff, 0xff, 0xff, 0xff, 0xff, 0xff, 0xfe,
    0xff, 0xff, 0xff, 0xfe, 0xff, 0xff, 0xff, 0xff, 0xff, 0xff, 0xff, 0xff, 0xff, 0xff, 0xff, 0xfe,
    0xff, 0xff, 0xff, 0xfe, 0xff, 0xff, 0xff, 0xfe, 0xff, 0xff, 0xff, 0xfe, 0xff, 0xff, 0xff, 0xfe,
    0xff, 0xff, 0xff, 0xff, 0xff, 0xff, 0xff, 0xfe, 0xff, 0xff, 0xff, 0xfe, 0xff, 0xff, 0xff, 0xfe,
    0xff, 0xff, 0xff, 0xff, 0xff, 0xff, 0xff, 0xfe, 0xff, 0xff, 0xff, 0xff, 0xff, 0xff, 0xff, 0xfe,
    0xff, 0xff, 0xff, 0xfe, 0xff, 0xff, 0xff, 0xfe, 0xff, 0xff, 0xff, 0xfe, 0xff, 0xff, 0xff, 0xff,
    0xff, 0xff, 0xff, 0xfe, 0xff, 0xff, 0xff, 0xfe, 0xff, 0xff, 0xff, 0xfe, 0xff, 0xff, 0xff, 0xff,
    0xff, 0xff, 0xff, 0xfe, 0xff, 0xff, 0xff, 0xff, 0xff, 0xff, 0xff, 0xfe, 0xff, 0xff, 0xff, 0xfe,
    0xff, 0xff, 0xff, 0xff, 0xff, 0xff, 0xff, 0x5f, 0xff, 0xff, 0xff, 0x00, 0xff, 0xff, 0xff, 0x00,
    0xff, 0xff, 0xff, 0x00, 0xff, 0xff, 0xff, 0x00, 0xff, 0xff, 0xff, 0x00, 0xff, 0xff, 0xff, 0x00,
    0xff, 0xff, 0xff, 0x00, 0xff, 0xff, 0xff, 0x00, 0xff, 0xff, 0xff, 0x00, 0xff, 0xff, 0xff, 0x00,
    0xff, 0xff, 0xff, 0x00, 0xff, 0xff, 0xff, 0x00, 0xff, 0xff, 0xff, 0x00, 0xff, 0xff, 0xff, 0x00,
    0xff, 0xff, 0xff, 0x00, 0xff, 0xff, 0xff, 0x00, 0xff, 0xff, 0xff, 0x00, 0xff, 0xff, 0xff, 0x00,
    0xff, 0xff, 0xff, 0x00, 0xff, 0xff, 0xff, 0x00, 0xff, 0xff, 0xff, 0x00, 0xff, 0xff, 0xff, 0x00,
    0xff, 0xff, 0xff, 0x00, 0xff, 0xff, 0xff, 0x00, 0x03, 0x03, 0x03, 0x00, 0x0f, 0x0f, 0x0f, 0x00,
    0x24, 0x24, 0x24, 0x00, 0x40, 0x40, 0x40, 0x00, 0x5f, 0x5f, 0x5f, 0x00, 0x7e, 0x7e, 0x7e, 0x00,
    0x9b, 0x9b, 0x9b, 0x00, 0xb4, 0xb4, 0xb4, 0x00, 0xc8, 0xc8, 0xc8, 0x00, 0xd7, 0xd7, 0xd7, 0x00,
    0xe2, 0xe2, 0xe2, 0x00, 0xea, 0xea, 0xea, 0x00, 0xf0, 0xf0, 0xf0, 0x00, 0xf4, 0xf4, 0xf4, 0x00,
    0xf6, 0xf6, 0xf6, 0x00, 0xf8, 0xf8, 0xf8, 0x00, 0xf9, 0xf9, 0xf9, 0x00, 0xf9, 0xf9, 0xf9, 0x00,
    0xf9, 0xf9, 0xf9, 0x00, 0xf9, 0xf9, 0xf9, 0x00, 0xf9, 0xf9, 0xf9, 0x00, 0xf9, 0xf9, 0xf9, 0x00,
    0xf9, 0xf9, 0xf9, 0x00, 0xf9, 0xf9, 0xf9, 0x00, 0xf9, 0xf9, 0xf9, 0x00, 0xf9, 0xf9, 0xf9, 0x00,
    0xf9, 0xf9, 0xf9, 0x00, 0xf9, 0xf9, 0xf9, 0x00, 0xf9, 0xf9, 0xf9, 0x00, 0xf9, 0xf9, 0xf9, 0x00,
    0xf9, 0xf9, 0xf9, 0x00, 0xf9, 0xf9, 0xf9, 0x00, 0xf9, 0xf9, 0xf9, 0x00, 0xf9, 0xf9, 0xf9, 0x00,
    0xf9, 0xf9, 0xf9, 0x00, 0xf9, 0xf9, 0xf9, 0x00, 0xf9, 0xf9, 0xf9, 0x00, 0xf9, 0xf9, 0xf9, 0x00,
    0xf9, 0xf9, 0xf9, 0x00, 0xf9, 0xf9, 0xf9, 0x00, 0xf9, 0xf9, 0xf9, 0x00, 0xf9, 0xf9, 0xf9, 0x00,
    0xf9, 0xf9, 0xf9, 0x00, 0xf9, 0xf9, 0xf9, 0x00, 0xf9, 0xf9, 0xf9, 0x00, 0xf9, 0xf9, 0xf9, 0x00,
    0xf9, 0xf9, 0xf9, 0x00, 0xf9, 0xf9, 0xf9, 0x00, 0xf9, 0xf9, 0xf9, 0x00, 0xff, 0xff, 0xff, 0xbf,
    0xff, 0xff, 0xff, 0xff, 0xff, 0xff, 0xff, 0xfe, 0xff, 0xff, 0xff, 0xfe, 0xff, 0xff, 0xff, 0xfe,
    0xff, 0xff, 0xff, 0xfe, 0xff, 0xff, 0xff, 0xfe, 0xff, 0xff, 0xff, 0xfe, 0xff, 0xff, 0xff, 0xff,
    0xff, 0xff, 0xff, 0xfe, 0xff, 0xff, 0xff, 0xfe, 0xff, 0xff, 0xff, 0xfe, 0xff, 0xff, 0xff, 0xfe,
    0xff, 0xff, 0xff, 0xfe, 0xff, 0xff, 0xff, 0xff, 0xff, 0xff, 0xff, 0xfe, 0xff, 0xff, 0xff, 0xfe,
    0xff, 0xff, 0xff, 0xfe, 0xff, 0xff, 0xff, 0xfe, 0xff, 0xff, 0xff, 0xff, 0xff, 0xff, 0xff, 0xfe,
    0xff, 0xff, 0xff, 0xfe, 0xff, 0xff, 0xff, 0xff, 0xff, 0xff, 0xff, 0xfe, 0xff, 0xff, 0xff, 0xff,
    0xff, 0xff, 0xff, 0xfe, 0xff, 0xff, 0xff, 0xfe, 0xff, 0xff, 0xff, 0xfe, 0xff, 0xff, 0xff, 0xff,
    0xff, 0xff, 0xff, 0xff, 0xff, 0xff, 0xff, 0xfe, 0xff, 0xff, 0xff, 0xff, 0xff, 0xff, 0xff, 0xff,
    0xff, 0xff, 0xff, 0xff, 0xff, 0xff, 0xff, 0xfe, 0xff, 0xff, 0xff, 0xfe, 0xff, 0xff, 0xff, 0xfe,
    0xff, 0xff, 0xff, 0xff, 0xff, 0xff, 0xff, 0xfe, 0xff, 0xff, 0xff, 0xff, 0xff, 0xff, 0xff, 0xff,
    0xff, 0xff, 0xff, 0xfe, 0xff, 0xff, 0xff, 0xfe, 0xff, 0xff, 0xff, 0xfe, 0xff, 0xff, 0xff, 0x5f,
    0xff, 0xff, 0xff, 0x00, 0xff, 0xff, 0xff, 0x00, 0xff, 0xff, 0xff, 0x00, 0xff, 0xff, 0xff, 0x00,
    0xff, 0xff, 0xff, 0x00, 0xff, 0xff, 0xff, 0x00, 0xff, 0xff, 0xff, 0x00, 0xff, 0xff, 0xff, 0x00,
    0xff, 0xff, 0xff, 0x00, 0xff, 0xff, 0xff, 0x00, 0xff, 0xff, 0xff, 0x00, 0xff, 0xff, 0xff, 0x00,
    0xff, 0xff, 0xff, 0x00, 0xff, 0xff, 0xff, 0x00, 0xff, 0xff, 0xff, 0x00, 0xff, 0xff, 0xff, 0x00,
    0xff, 0xff, 0xff, 0x00, 0xff, 0xff, 0xff, 0x00, 0xff, 0xff, 0xff, 0x00, 0xff, 0xff, 0xff, 0x00,
    0xff, 0xff, 0xff, 0x00, 0xff, 0xff, 0xff, 0x00, 0xff, 0xff, 0xff, 0x00, 0xff, 0xff, 0xff, 0x00,
    0x03, 0x03, 0x03, 0x00, 0x0f, 0x0f, 0x0f, 0x00, 0x24, 0x24, 0x24, 0x00, 0x40, 0x40, 0x40, 0x00,
    0x5f, 0x5f, 0x5f, 0x00, 0x7e, 0x7e, 0x7e, 0x00, 0x9b, 0x9b, 0x9b, 0x00, 0xb4, 0xb4, 0xb4, 0x00,
    0xc8, 0xc8, 0xc8, 0x00, 0xd7, 0xd7, 0xd7, 0x00, 0xe2, 0xe2, 0xe2, 0x00, 0xea, 0xea, 0xea, 0x00,
    0xf0, 0xf0, 0xf0, 0x00, 0xf4, 0xf4, 0xf4, 0x00, 0xf6, 0xf6, 0xf6, 0x00, 0xf8, 0xf8, 0xf8, 0x00,
    0xf9, 0xf9, 0xf9, 0x00, 0xf9, 0xf9, 0xf9, 0x00, 0xf9, 0xf9, 0xf9, 0x00, 0xf9, 0xf9, 0xf9, 0x00,
    0xf9, 0xf9, 0xf9, 0x00, 0xf9, 0xf9, 0xf9, 0x00, 0xf9, 0xf9, 0xf9, 0x00, 0xf9, 0xf9, 0xf9, 0x00,
    0xf9, 0xf9, 0xf9, 0x00, 0xf9, 0xf9, 0xf9, 0x00, 0xf9, 0xf9, 0xf9, 0x00, 0xf9, 0xf9, 0xf9, 0x00,
    0xf9, 0xf9, 0xf9, 0x00, 0xf9, 0xf9, 0xf9, 0x00, 0xf9, 0xf9, 0xf9, 0x00, 0xf9, 0xf9, 0xf9, 0x00,
    0xf9, 0xf9, 0xf9, 0x00, 0xf9, 0xf9, 0xf9, 0x00, 0xf9, 0xf9, 0xf9, 0x00, 0xf9, 0xf9, 0xf9, 0x00,
    0xf9, 0xf9, 0xf9, 0x00, 0xf9, 0xf9, 0xf9, 0x00, 0xf9, 0xf9, 0xf9, 0x00, 0xf9, 0xf9, 0xf9, 0x00,
    0xf9, 0xf9, 0xf9, 0x00, 0xf9, 0xf9, 0xf9, 0x00, 0xf9, 0xf9, 0xf9, 0x00, 0xf9, 0xf9, 0xf9, 0x00,
    0xf9, 0xf9, 0xf9, 0x00, 0xf9, 0xf9, 0xf9, 0x00, 0xf9, 0xf9, 0xf9, 0x00, 0xf9, 0xf9, 0xf9, 0x00,
    0xff, 0xff, 0xff, 0x3f, 0xff, 0xff, 0xff, 0xfe, 0xff, 0xff, 0xff, 0xfe, 0xff, 0xff, 0xff, 0xfe,
    0xff, 0xff, 0xff, 0xfe, 0xff, 0xff, 0xff, 0xfe, 0xff, 0xff, 0xff, 0xfe, 0xff, 0xff, 0xff, 0xfe,
    0xff, 0xff, 0xff, 0xfe, 0xff, 0xff, 0xff, 0xff, 0xff, 0xff, 0xff, 0xfe, 0xff, 0xff, 0xff, 0xff,
    0xff, 0xff, 0xff, 0xfe, 0xff, 0xff, 0xff, 0xfe, 0xff, 0xff, 0xff, 0xfe, 0xff, 0xff, 0xff, 0xff,
    0xff, 0xff, 0xff, 0xfe, 0xff, 0xff, 0xff, 0xfe, 0xff, 0xff, 0xff, 0xfe, 0xff, 0xff, 0xff, 0xff,
    0xff, 0xff, 0xff, 0xfe, 0xff, 0xff, 0xff, 0xfe, 0xff, 0xff, 0xff, 0xfe, 0xff, 0xff, 0xff, 0xfe,
    0xff, 0xff, 0xff, 0xfe, 0xff, 0xff, 0xff, 0xfe, 0xff, 0xff, 0xff, 0xfe, 0xff, 0xff, 0xff, 0xfe,
    0xff, 0xff, 0xff, 0xff, 0xff, 0xff, 0xff, 0xfe, 0xff, 0xff, 0xff, 0xfe, 0xff, 0xff, 0xff, 0xfe,
    0xff, 0xff, 0xff, 0xff, 0xff, 0xff, 0xff, 0xff, 0xff, 0xff, 0xff, 0xff, 0xff, 0xff, 0xff, 0xff,
    0xff, 0xff, 0xff, 0xfe, 0xff, 0xff, 0xff, 0xfe, 0xff, 0xff, 0xff, 0xff, 0xff, 0xff, 0xff, 0xfe,
    0xff, 0xff, 0xff, 0xff, 0xff, 0xff, 0xff, 0xfe, 0xff, 0xff, 0xff, 0xfe, 0xff, 0xff, 0xff, 0xfe,
    0xff, 0xff, 0xff, 0xff, 0xff, 0xff, 0xff, 0x5f, 0xff, 0xff, 0xff, 0x00, 0xff, 0xff, 0xff, 0x00,
    0xff, 0xff, 0xff, 0x00, 0xff, 0xff, 0xff, 0x00, 0xff, 0xff, 0xff, 0x00, 0xff, 0xff, 0xff, 0x00,
    0xff, 0xff, 0xff, 0x00, 0xff, 0xff, 0xff, 0x00, 0xff, 0xff, 0xff, 0x00, 0xff, 0xff, 0xff, 0x00,
    0xff, 0xff, 0xff, 0x00, 0xff, 0xff, 0xff, 0x00, 0xff, 0xff, 0xff, 0x00, 0xff, 0xff, 0xff, 0x00,
    0xff, 0xff, 0xff, 0x00, 0xff, 0xff, 0xff, 0x00, 0xff, 0xff, 0xff, 0x00, 0xff, 0xff, 0xff, 0x00,
    0xff, 0xff, 0xff, 0x00, 0xff, 0xff, 0xff, 0x00, 0xff, 0xff, 0xff, 0x00, 0xff, 0xff, 0xff, 0x00,
    0xff, 0xff, 0xff, 0x00, 0xff, 0xff, 0xff, 0x00, 0x03, 0x03, 0x03, 0x00, 0x0f, 0x0f, 0x0f, 0x00,
    0x24, 0x24, 0x24, 0x00, 0x40, 0x40, 0x40, 0x00, 0x5f, 0x5f, 0x5f, 0x00, 0x7e, 0x7e, 0x7e, 0x00,
    0x9b, 0x9b, 0x9b, 0x00, 0xb4, 0xb4, 0xb4, 0x00, 0xc8, 0xc8, 0xc8, 0x00, 0xd7, 0xd7, 0xd7, 0x00,
    0xe2, 0xe2, 0xe2, 0x00, 0xea, 0xea, 0xea, 0x00, 0xf0, 0xf0, 0xf0, 0x00, 0xf4, 0xf4, 0xf4, 0x00,
    0xf6, 0xf6, 0xf6, 0x00, 0xf8, 0xf8, 0xf8, 0x00, 0xf9, 0xf9, 0xf9, 0x00, 0xf9, 0xf9, 0xf9, 0x00,
    0xf9, 0xf9, 0xf9, 0x00, 0xf9, 0xf9, 0xf9, 0x00, 0xf9, 0xf9, 0xf9, 0x00, 0xf9, 0xf9, 0xf9, 0x00,
    0xf9, 0xf9, 0xf9, 0x00, 0xf9, 0xf9, 0xf9, 0x00, 0xf9, 0xf9, 0xf9, 0x00, 0xf9, 0xf9, 0xf9, 0x00,
    0xf9, 0xf9, 0xf9, 0x00, 0xf9, 0xf9, 0xf9, 0x00, 0xf9, 0xf9, 0xf9, 0x00, 0xf9, 0xf9, 0xf9, 0x00,
    0xf9, 0xf9, 0xf9, 0x00, 0xf9, 0xf9, 0xf9, 0x00, 0xf9, 0xf9, 0xf9, 0x00, 0xf9, 0xf9, 0xf9, 0x00,
    0xf9, 0xf9, 0xf9, 0x00, 0xf9, 0xf9, 0xf9, 0x00, 0xf9, 0xf9, 0xf9, 0x00, 0xf9, 0xf9, 0xf9, 0x00,
    0xf9, 0xf9, 0xf9, 0x00, 0xf9, 0xf9, 0xf9, 0x00, 0xf9, 0xf9, 0xf9, 0x00, 0xf9, 0xf9, 0xf9, 0x00,
    0xf9, 0xf9, 0xf9, 0x00, 0xf9, 0xf9, 0xf9, 0x00, 0xf9, 0xf9, 0xf9, 0x00, 0xf9, 0xf9, 0xf9, 0x00,
    0xf9, 0xf9, 0xf9, 0x00, 0xf9, 0xf9, 0xf9, 0x00, 0xff, 0xff, 0xff, 0xbf, 0xff, 0xff, 0xff, 0xfe,
    0xff, 0xff, 0xff, 0xff, 0xff, 0xff, 0xff, 0xff, 0xff, 0xff, 0xff, 0xfe, 0xff, 0xff, 0xff, 0xfe,
    0xff, 0xff, 0xff, 0xfe, 0xff, 0xff, 0xff, 0xfe, 0xff, 0xff, 0xff, 0xfe, 0xff, 0xff, 0xff, 0xfe,
    0xff, 0xff, 0xff, 0xff, 0xff, 0xff, 0xff, 0xff, 0xff, 0xff, 0xff, 0xfe, 0xff, 0xff, 0xff, 0xff,
    0xff, 0xff, 0xff, 0xfe, 0xff, 0xff, 0xff, 0xfe, 0xff, 0xff, 0xff, 0xff, 0xff, 0xff, 0xff, 0xfe,
    0xff, 0xff, 0xff, 0xfe, 0xff, 0xff, 0xff, 0xfe, 0xff, 0xff, 0xff, 0xfe, 0xff, 0xff, 0xff, 0xfe,
    0xff, 0xff, 0xff, 0xfe, 0xff, 0xff, 0xff, 0xfe, 0xff, 0xff, 0xff, 0xfe, 0xff, 0xff, 0xff, 0xff,
    0xff, 0xff, 0xff, 0xff, 0xff, 0xff, 0xff, 0xff, 0xff, 0xff, 0xff, 0xff, 0xff, 0xff, 0xff, 0xff,
    0xff, 0xff, 0xff, 0xff, 0xff, 0xff, 0xff, 0xff, 0xff, 0xff, 0xff, 0xfe, 0xff, 0xff, 0xff, 0xfe,
    0xff, 0xff, 0xff, 0xff, 0xff, 0xff, 0xff, 0xff, 0xff, 0xff, 0xff, 0xff, 0xff, 0xff, 0xff, 0xff,
    0xff, 0xff, 0xff, 0xfe, 0xff, 0xff, 0xff, 0xfe, 0xff, 0xff, 0xff, 0xff, 0xff, 0xff, 0xff, 0xfe,
    0xff, 0xff, 0xff, 0xfe, 0xff, 0xff, 0xff, 0xff, 0xff, 0xff, 0xff, 0xff, 0xff, 0xff, 0xff, 0x5f,
    0xff, 0xff, 0xff, 0x00, 0xff, 0xff, 0xff, 0x00, 0xff, 0xff, 0xff, 0x00, 0xff, 0xff, 0xff, 0x00,
    0xff, 0xff, 0xff, 0x00, 0xff, 0xff, 0xff, 0x00, 0xff, 0xff, 0xff, 0x00, 0xff, 0xff, 0xff, 0x00,
    0xff, 0xff, 0xff, 0x00, 0xff, 0xff, 0xff, 0x00, 0xff, 0xff, 0xff, 0x00, 0xff, 0xff, 0xff, 0x00,
    0xff, 0xff, 0xff, 0x00, 0xff, 0xff, 0xff, 0x00, 0xff, 0xff, 0xff, 0x00, 0xff, 0xff, 0xff, 0x00,
    0xff, 0xff, 0xff, 0x00, 0xff, 0xff, 0xff, 0x00, 0xff, 0xff, 0xff, 0x00, 0xff, 0xff, 0xff, 0x00,
    0xff, 0xff, 0xff, 0x00, 0xff, 0xff, 0xff, 0x00, 0xff, 0xff, 0xff, 0x00, 0xff, 0xff, 0xff, 0x00,
    0x03, 0x03, 0x03, 0x00, 0x0f, 0x0f, 0x0f, 0x00, 0x24, 0x24, 0x24, 0x00, 0x40, 0x40, 0x40, 0x00,
    0x5f, 0x5f, 0x5f, 0x00, 0x7e, 0x7e, 0x7e, 0x00, 0x9b, 0x9b, 0x9b, 0x00, 0xb4, 0xb4, 0xb4, 0x00,
    0xc8, 0xc8, 0xc8, 0x00, 0xd7, 0xd7, 0xd7, 0x00, 0xe2, 0xe2, 0xe2, 0x00, 0xea, 0xea, 0xea, 0x00,
    0xf0, 0xf0, 0xf0, 0x00, 0xf4, 0xf4, 0xf4, 0x00, 0xf6, 0xf6, 0xf6, 0x00, 0xf8, 0xf8, 0xf8, 0x00,
    0xf9, 0xf9, 0xf9, 0x00, 0xf9, 0xf9, 0xf9, 0x00, 0xf9, 0xf9, 0xf9, 0x00, 0xf9, 0xf9, 0xf9, 0x00,
    0xf9, 0xf9, 0xf9, 0x00, 0xf9, 0xf9, 0xf9, 0x00, 0xf9, 0xf9, 0xf9, 0x00, 0xf9, 0xf9, 0xf9, 0x00,
    0xf9, 0xf9, 0xf9, 0x00, 0xf9, 0xf9, 0xf9, 0x00, 0xf9, 0xf9, 0xf9, 0x00, 0xf9, 0xf9, 0xf9, 0x00,
    0xf9, 0xf9, 0xf9, 0x00, 0xf9, 0xf9, 0xf9, 0x00, 0xf9, 0xf9, 0xf9, 0x00, 0xf9, 0xf9, 0xf9, 0x00,
    0xf9, 0xf9, 0xf9, 0x00, 0xf9, 0xf9, 0xf9, 0x00, 0xf9, 0xf9, 0xf9, 0x00, 0xf9, 0xf9, 0xf9, 0x00,
    0xf9, 0xf9, 0xf9, 0x00, 0xf9, 0xf9, 0xf9, 0x00, 0xf9, 0xf9, 0xf9, 0x00, 0xf9, 0xf9, 0xf9, 0x00,
    0xf9, 0xf9, 0xf9, 0x00, 0xf9, 0xf9, 0xf9, 0x00, 0xf9, 0xf9, 0xf9, 0x00, 0xf9, 0xf9, 0xf9, 0x00,
    0xf9, 0xf9, 0xf9, 0x00, 0xf9, 0xf9, 0xf9, 0x00, 0xf9, 0xf9, 0xf9, 0x00, 0xff, 0xff, 0xff, 0x3f,
    0xff, 0xff, 0xff, 0xfe, 0xff, 0xff, 0xff, 0xff, 0xff, 0xff, 0xff, 0xfe, 0xff, 0xff, 0xff, 0xfe,
    0xff, 0xff, 0xff, 0xfe, 0xff, 0xff, 0xff, 0xff, 0xff, 0xff, 0xff, 0xfe, 0xff, 0xff, 0xff, 0xfe,
    0xff, 0xff, 0xff, 0xfe, 0xff, 0xff, 0xff, 0xfe, 0xff, 0xff, 0xff, 0xfe, 0xff, 0xff, 0xff, 0xff,
    0xff, 0xff, 0xff, 0xfe, 0xff, 0xff, 0xff, 0xfe, 0xff, 0xff, 0xff, 0xfe, 0xff, 0xff, 0xff, 0xfe,
    0xff, 0xff, 0xff, 0xfe, 0xff, 0xff, 0xff, 0xfe, 0xff, 0xff, 0xff, 0xff, 0xff, 0xff, 0xff, 0xfe,
    0xff, 0xff, 0xff, 0xff, 0xff, 0xff, 0xff, 0xd3, 0xff, 0xff, 0xff, 0xcf, 0xff, 0xff, 0xff, 0xcf,
    0xff, 0xff, 0xff, 0xee, 0xff, 0xff, 0xff, 0xff, 0xff, 0xff, 0xff, 0xfe, 0xff, 0xff, 0xff, 0xfe,
    0xff, 0xff, 0xff, 0xff, 0xff, 0xff, 0xff, 0xff, 0xff, 0xff, 0xff, 0xff, 0xff, 0xff, 0xff, 0xfe,
    0xff, 0xff, 0xff, 0xff, 0xff, 0xff, 0xff, 0xfe, 0xff, 0xff, 0xff, 0xfe, 0xff, 0xff, 0xff, 0xff,
    0xff, 0xff, 0xff, 0xff, 0xff, 0xff, 0xff, 0xfe, 0xff, 0xff, 0xff, 0xfe, 0xff, 0xff, 0xff, 0xfe,
    0xff, 0xff, 0xff, 0xff, 0xff, 0xff, 0xff, 0xfe, 0xff, 0xff, 0xff, 0xff, 0xff, 0xff, 0xff, 0xff,
    0xff, 0xff, 0xff, 0xfe, 0xff, 0xff, 0xff, 0x5f, 0xff, 0xff, 0xff, 0x00, 0xff, 0xff, 0xff, 0x00,
    0xff, 0xff, 0xff, 0x00, 0xff, 0xff, 0xff, 0x00, 0xff, 0xff, 0xff, 0x00, 0xff, 0xff, 0xff, 0x00,
    0xff, 0xff, 0xff, 0x00, 0xff, 0xff, 0xff, 0x00, 0xff, 0xff, 0xff, 0x00, 0xff, 0xff, 0xff, 0x00,
    0xff, 0xff, 0xff, 0x00, 0xff, 0xff, 0xff, 0x00, 0xff, 0xff, 0xff, 0x00, 0xff, 0xff, 0xff, 0x00,
    0xff, 0xff, 0xff, 0x00, 0xff, 0xff, 0xff, 0x00, 0xff, 0xff, 0xff, 0x00, 0xff, 0xff, 0xff, 0x00,
    0xff, 0xff, 0xff, 0x00, 0xff, 0xff, 0xff, 0x00, 0xff, 0xff, 0xff, 0x00, 0xff, 0xff, 0xff, 0x00,
    0xff, 0xff, 0xff, 0x00, 0xff, 0xff, 0xff, 0x00, 0x03, 0x03, 0x03, 0x00, 0x0f, 0x0f, 0x0f, 0x00,
    0x24, 0x24, 0x24, 0x00, 0x40, 0x40, 0x40, 0x00, 0x5f, 0x5f, 0x5f, 0x00, 0x7e, 0x7e, 0x7e, 0x00,
    0x9b, 0x9b, 0x9b, 0x00, 0xb4, 0xb4, 0xb4, 0x00, 0xc8, 0xc8, 0xc8, 0x00, 0xd7, 0xd7, 0xd7, 0x00,
    0xe2, 0xe2, 0xe2, 0x00, 0xea, 0xea, 0xea, 0x00, 0xf0, 0xf0, 0xf0, 0x00, 0xf4, 0xf4, 0xf4, 0x00,
    0xf6, 0xf6, 0xf6, 0x00, 0xf8, 0xf8, 0xf8, 0x00, 0xf9, 0xf9, 0xf9, 0x00, 0xf9, 0xf9, 0xf9, 0x00,
    0xf9, 0xf9, 0xf9, 0x00, 0xf9, 0xf9, 0xf9, 0x00, 0xf9, 0xf9, 0xf9, 0x00, 0xf9, 0xf9, 0xf9, 0x00,
    0xf9, 0xf9, 0xf9, 0x00, 0xf9, 0xf9, 0xf9, 0x00, 0xf9, 0xf9, 0xf9, 0x00, 0xf9, 0xf9, 0xf9, 0x00,
    0xf9, 0xf9, 0xf9, 0x00, 0xf9, 0xf9, 0xf9, 0x00, 0xf9, 0xf9, 0xf9, 0x00, 0xf9, 0xf9, 0xf9, 0x00,
    0xf9, 0xf9, 0xf9, 0x00, 0xf9, 0xf9, 0xf9, 0x00, 0xf9, 0xf9, 0xf9, 0x00, 0xf9, 0xf9, 0xf9, 0x00,
    0xf9, 0xf9, 0xf9, 0x00, 0xf9, 0xf9, 0xf9, 0x00, 0xf9, 0xf9, 0xf9, 0x00, 0xf9, 0xf9, 0xf9, 0x00,
    0xf9, 0xf9, 0xf9, 0x00, 0xf9, 0xf9, 0xf9, 0x00, 0xf9, 0xf9, 0xf9, 0x00, 0xf9, 0xf9, 0xf9, 0x00,
    0xf9, 0xf9, 0xf9, 0x00, 0xf9, 0xf9, 0xf9, 0x00, 0xf9, 0xf9, 0xf9, 0x00, 0xf9, 0xf9, 0xf9, 0x00,
    0xf9, 0xf9, 0xf9, 0x00, 0xff, 0xff, 0xff, 0xbe, 0xff, 0xff, 0xff, 0xfe, 0xff, 0xff, 0xff, 0xfe,
    0xff, 0xff, 0xff, 0xfe, 0xff, 0xff, 0xff, 0xfe, 0xff, 0xff, 0xff, 0xfe, 0xff, 0xff, 0xff, 0xff,
    0xff, 0xff, 0xff, 0xfe, 0xff, 0xff, 0xff, 0xfe, 0xff, 0xff, 0xff, 0xfe, 0xff, 0xff, 0xff, 0xfe,
    0xff, 0xff, 0xff, 0xfe, 0xff, 0xff, 0xff, 0xfe, 0xff, 0xff, 0xff, 0xfe, 0xff, 0xff, 0xff, 0xfe,
    0xff, 0xff, 0xff, 0xff, 0xff, 0xff, 0xff, 0xfe, 0xff, 0xff, 0xff, 0xfe, 0xff, 0xff, 0xff, 0xfe,
    0xff, 0xff, 0xff, 0xfe, 0xff, 0xff, 0xff, 0xff, 0xff, 0xff, 0xff, 0xd7, 0xff, 0xff, 0xff, 0x00,
    0xff, 0xff, 0xff, 0x00, 0xff, 0xff, 0xff, 0x00, 0xff, 0xff, 0xff, 0x9f, 0xff, 0xff, 0xff, 0xfe,
    0xff, 0xff, 0xff, 0xff, 0xff, 0xff, 0xff, 0xfe, 0xff, 0xff, 0xff, 0xfe, 0xff, 0xff, 0xff, 0xfe,
    0xff, 0xff, 0xff, 0xfe, 0xff, 0xff, 0xff, 0xff, 0xff, 0xff, 0xff, 0xff, 0xff, 0xff, 0xff, 0xfe,
    0xff, 0xff, 0xff, 0xff, 0xff, 0xff, 0xff, 0xfe, 0xff, 0xff, 0xff, 0xfe, 0xff, 0xff, 0xff, 0xfe,
    0xff, 0xff, 0xff, 0xff, 0xff, 0xff, 0xff, 0xff, 0xff, 0xff, 0xff, 0xfe, 0xff, 0xff, 0xff, 0xff,
    0xff, 0xff, 0xff, 0xfe, 0xff, 0xff, 0xff, 0xff, 0xff, 0xff, 0xff, 0xfe, 0xff, 0xff, 0xff, 0x5f,
    0xff, 0xff, 0xff, 0x00, 0xff, 0xff, 0xff, 0x00, 0xff, 0xff, 0xff, 0x00, 0xff, 0xff, 0xff, 0x00,
    0xff, 0xff, 0xff, 0x00, 0xff, 0xff, 0xff, 0x00, 0xff, 0xff, 0xff, 0x00, 0xff, 0xff, 0xff, 0x00,
    0xff, 0xff, 0xff, 0x00, 0xff, 0xff, 0xff, 0x00, 0xff, 0xff, 0xff, 0x00, 0xff, 0xff, 0xff, 0x00,
    0xff, 0xff, 0xff, 0x00, 0xff, 0xff, 0xff, 0x00, 0xff, 0xff, 0xff, 0x00, 0xff, 0xff, 0xff, 0x00,
    0xff, 0xff, 0xff, 0x00, 0xff, 0xff, 0xff, 0x00, 0xff, 0xff, 0xff, 0x00, 0xff, 0xff, 0xff, 0x00,
    0xff, 0xff, 0xff, 0x00, 0xff, 0xff, 0xff, 0x00, 0xff, 0xff, 0xff, 0x00, 0xff, 0xff, 0xff, 0x00,
    0x03, 0x03, 0x03, 0x00, 0x0f, 0x0f, 0x0f, 0x00, 0x24, 0x24, 0x24, 0x00, 0x40, 0x40, 0x40, 0x00,
    0x5f, 0x5f, 0x5f, 0x00, 0x7e, 0x7e, 0x7e, 0x00, 0x9b, 0x9b, 0x9b, 0x00, 0xb4, 0xb4, 0xb4, 0x00,
    0xc8, 0xc8, 0xc8, 0x00, 0xd7, 0xd7, 0xd7, 0x00, 0xe2, 0xe2, 0xe2, 0x00, 0xea, 0xea, 0xea, 0x00,
    0xf0, 0xf0, 0xf0, 0x00, 0xf4, 0xf4, 0xf4, 0x00, 0xf6, 0xf6, 0xf6, 0x00, 0xf8, 0xf8, 0xf8, 0x00,
    0xf9, 0xf9, 0xf9, 0x00, 0xf9, 0xf9, 0xf9, 0x00, 0xf9, 0xf9, 0xf9, 0x00, 0xf9, 0xf9, 0xf9, 0x00,
    0xf9, 0xf9, 0xf9, 0x00, 0xf9, 0xf9, 0xf9, 0x00, 0xf9, 0xf9, 0xf9, 0x00, 0xf9, 0xf9, 0xf9, 0x00,
    0xf9, 0xf9, 0xf9, 0x00, 0xf9, 0xf9, 0xf9, 0x00, 0xf9, 0xf9, 0xf9, 0x00, 0xf9, 0xf9, 0xf9, 0x00,
    0xf9, 0xf9, 0xf9, 0x00, 0xf9, 0xf9, 0xf9, 0x00, 0xf9, 0xf9, 0xf9, 0x00, 0xf9, 0xf9, 0xf9, 0x00,
    0xf9, 0xf9, 0xf9, 0x00, 0xf9, 0xf9, 0xf9, 0x00, 0xf9, 0xf9, 0xf9, 0x00, 0xf9, 0xf9, 0xf9, 0x00,
    0xf9, 0xf9, 0xf9, 0x00, 0xf9, 0xf9, 0xf9, 0x00, 0xf9, 0xf9, 0xf9, 0x00, 0xf9, 0xf9, 0xf9, 0x00,
    0xf9, 0xf9, 0xf9, 0x00, 0xf9, 0xf9, 0xf9, 0x00, 0xf9, 0xf9, 0xf9, 0x00, 0xf9, 0xf9, 0xf9, 0x00,
    0xf9, 0xf9, 0xf9, 0x00, 0xf9, 0xf9, 0xf9, 0x00, 0xff, 0xff, 0xff, 0x3f, 0xff, 0xff, 0xff, 0xfe,
    0xff, 0xff, 0xff, 0xfe, 0xff, 0xff, 0xff, 0xfe, 0xff, 0xff, 0xff, 0xfe, 0xff, 0xff, 0xff, 0xfe,
    0xff, 0xff, 0xff, 0xff, 0xff, 0xff, 0xff, 0xfe, 0xff, 0xff, 0xff, 0xfe, 0xff, 0xff, 0xff, 0xfe,
    0xff, 0xff, 0xff, 0xfe, 0xff, 0xff, 0xff, 0xff, 0xff, 0xff, 0xff, 0xfe, 0xff, 0xff, 0xff, 0xff,
    0xff, 0xff, 0xff, 0xff, 0xff, 0xff, 0xff, 0xfe, 0xff, 0xff, 0xff, 0xfe, 0xff, 0xff, 0xff, 0xff,
    0xff, 0xff, 0xff, 0xfe, 0xff, 0xff, 0xff, 0xff, 0xff, 0xff, 0xff, 0xff, 0xff, 0xff, 0xff, 0xfe,
    0xff, 0xff, 0xff, 0x5f, 0xff, 0xff, 0xff, 0x00, 0xff, 0xff, 0xff, 0x00, 0xff, 0xff, 0xff, 0x00,
    0xff, 0xff, 0xff, 0x9f, 0xff, 0xff, 0xff, 0xff, 0xff, 0xff, 0xff, 0xfe, 0xff, 0xff, 0xff, 0xfe,
    0xff, 0xff, 0xff, 0xfe, 0xff, 0xff, 0xff, 0xfe, 0xff, 0xff, 0xff, 0xff, 0xff, 0xff, 0xff, 0xff,
    0xff, 0xff, 0xff, 0xfe, 0xff, 0xff, 0xff, 0xfe, 0xff, 0xff, 0xff, 0xfe, 0xff, 0xff, 0xff, 0xff,
    0xff, 0xff, 0xff, 0xff, 0xff, 0xff, 0xff, 0xfe, 0xff, 0xff, 0xff, 0xff, 0xff, 0xff, 0xff, 0xfe,
    0xff, 0xff, 0xff, 0xfe, 0xff, 0xff, 0xff, 0xfe, 0xff, 0xff, 0xff, 0xfe, 0xff, 0xff, 0xff, 0xfe,
    0xff, 0xff, 0xff, 0xff, 0xff, 0xff, 0xff, 0x5f, 0xff, 0xff, 0xff, 0x00, 0xff, 0xff, 0xff, 0x00,
    0xff, 0xff, 0xff, 0x00, 0xff, 0xff, 0xff, 0x00, 0xff, 0xff, 0xff, 0x00, 0xff, 0xff, 0xff, 0x00,
    0xff, 0xff, 0xff, 0x00, 0xff, 0xff, 0xff, 0x00, 0xff, 0xff, 0xff, 0x00, 0xff, 0xff, 0xff, 0x00,
    0xff, 0xff, 0xff, 0x00, 0xff, 0xff, 0xff, 0x00, 0xff, 0xff, 0xff, 0x00, 0xff, 0xff, 0xff, 0x00,
    0xff, 0xff, 0xff, 0x00, 0xff, 0xff, 0xff, 0x00, 0xff, 0xff, 0xff, 0x00, 0xff, 0xff, 0xff, 0x00,
    0xff, 0xff, 0xff, 0x00, 0xff, 0xff, 0xff, 0x00, 0xff, 0xff, 0xff, 0x00, 0xff, 0xff, 0xff, 0x00,
    0xff, 0xff, 0xff, 0x00, 0xff, 0xff, 0xff, 0x00, 0x03, 0x03, 0x03, 0x00, 0x0f, 0x0f, 0x0f, 0x00,
    0x24, 0x24, 0x24, 0x00, 0x40, 0x40, 0x40, 0x00, 0x5f, 0x5f, 0x5f, 0x00, 0x7e, 0x7e, 0x7e, 0x00,
    0x9b, 0x9b, 0x9b, 0x00, 0xb4, 0xb4, 0xb4, 0x00, 0xc8, 0xc8, 0xc8, 0x00, 0xd7, 0xd7, 0xd7, 0x00,
    0xe2, 0xe2, 0xe2, 0x00, 0xea, 0xea, 0xea, 0x00, 0xf0, 0xf0, 0xf0, 0x00, 0xf4, 0xf4, 0xf4, 0x00,
    0xf6, 0xf6, 0xf6, 0x00, 0xf8, 0xf8, 0xf8, 0x00, 0xf9, 0xf9, 0xf9, 0x00, 0xf9, 0xf9, 0xf9, 0x00,
    0xf9, 0xf9, 0xf9, 0x00, 0xf9, 0xf9, 0xf9, 0x00, 0xf9, 0xf9, 0xf9, 0x00, 0xf9, 0xf9, 0xf9, 0x00,
    0xf9, 0xf9, 0xf9, 0x00, 0xf9, 0xf9, 0xf9, 0x00, 0xf9, 0xf9, 0xf9, 0x00, 0xf9, 0xf9, 0xf9, 0x00,
    0xf9, 0xf9, 0xf9, 0x00, 0xf9, 0xf9, 0xf9, 0x00, 0xf9, 0xf9, 0xf9, 0x00, 0xf9, 0xf9, 0xf9, 0x00,
    0xf9, 0xf9, 0xf9, 0x00, 0xf9, 0xf9, 0xf9, 0x00, 0xf9, 0xf9, 0xf9, 0x00, 0xf9, 0xf9, 0xf9, 0x00,
    0xf9, 0xf9, 0xf9, 0x00, 0xf9, 0xf9, 0xf9, 0x00, 0xf9, 0xf9, 0xf9, 0x00, 0xf9, 0xf9, 0xf9, 0x00,
    0xf9, 0xf9, 0xf9, 0x00, 0xf9, 0xf9, 0xf9, 0x00, 0xf9, 0xf9, 0xf9, 0x00, 0xf9, 0xf9, 0xf9, 0x00,
    0xf9, 0xf9, 0xf9, 0x00, 0xf9, 0xf9, 0xf9, 0x00, 0xf9, 0xf9, 0xf9, 0x00, 0xf9, 0xf9, 0xf9, 0x00,
    0xff, 0xff, 0xff, 0xbf, 0xff, 0xff, 0xff, 0xfe, 0xff, 0xff, 0xff, 0xfe, 0xff, 0xff, 0xff, 0xfe,
    0xff, 0xff, 0xff, 0xff, 0xff, 0xff, 0xff, 0xfe, 0xff, 0xff, 0xff, 0xfe, 0xff, 0xff, 0xff, 0xfe,
    0xff, 0xff, 0xff, 0xfe, 0xff, 0xff, 0xff, 0xff, 0xff, 0xff, 0xff, 0xfe, 0xff, 0xff, 0xff, 0xfe,
    0xff, 0xff, 0xff, 0xff, 0xff, 0xff, 0xff, 0xfe, 0xff, 0xff, 0xff, 0xfe, 0xff, 0xff, 0xff, 0xfe,
    0xff, 0xff, 0xff, 0xfe, 0xff, 0xff, 0xff, 0xff, 0xff, 0xff, 0xff, 0xff, 0xff, 0xff, 0xff, 0xff,
    0xff, 0xff, 0xff, 0xfe, 0xff, 0xff, 0xff, 0xd7, 0xff, 0xff, 0xff, 0x08, 0xff, 0xff, 0xff, 0x00,
    0xff, 0xff, 0xff, 0x00, 0xff, 0xff, 0xff, 0x00, 0xff, 0xff, 0xff, 0x9f, 0xff, 0xff, 0xff, 0xff,
    0xff, 0xff, 0xff, 0xfe, 0xff, 0xff, 0xff, 0xff, 0xff, 0xff, 0xff, 0xfe, 0xff, 0xff, 0xff, 0xfe,
    0xff, 0xff, 0xff, 0xff, 0xff, 0xff, 0xff, 0xff, 0xff, 0xff, 0xff, 0xff, 0xff, 0xff, 0xff, 0xfe,
    0xff, 0xff, 0xff, 0xff, 0xff, 0xff, 0xff, 0xfe, 0xff, 0xff, 0xff, 0xfe, 0xff, 0xff, 0xff, 0xfe,
    0xff, 0xff, 0xff, 0xff, 0xff, 0xff, 0xff, 0xfe, 0xff, 0xff, 0xff, 0xfe, 0xff, 0xff, 0xff, 0xfe,
    0xff, 0xff, 0xff, 0xfe, 0xff, 0xff, 0xff, 0xfe, 0xff, 0xff, 0xff, 0xfe, 0xff, 0xff, 0xff, 0x5f,
    0xff, 0xff, 0xff, 0x00, 0xff, 0xff, 0xff, 0x00, 0xff, 0xff, 0xff, 0x00, 0xff, 0xff, 0xff, 0x00,
    0xff, 0xff, 0xff, 0x00, 0xff, 0xff, 0xff, 0x00, 0xff, 0xff, 0xff, 0x00, 0xff, 0xff, 0xff, 0x00,
    0xff, 0xff, 0xff, 0x00, 0xff, 0xff, 0xff, 0x00, 0xff, 0xff, 0xff, 0x00, 0xff, 0xff, 0xff, 0x00,
    0xff, 0xff, 0xff, 0x00, 0xff, 0xff, 0xff, 0x00, 0xff, 0xff, 0xff, 0x00, 0xff, 0xff, 0xff, 0x00,
    0xff, 0xff, 0xff, 0x00, 0xff, 0xff, 0xff, 0x00, 0xff, 0xff, 0xff, 0x00, 0xff, 0xff, 0xff, 0x00,
    0xff, 0xff, 0xff, 0x00, 0xff, 0xff, 0xff, 0x00, 0xff, 0xff, 0xff, 0x00, 0xff, 0xff, 0xff, 0x00,
    0x03, 0x03, 0x03, 0x00, 0x0f, 0x0f, 0x0f, 0x00, 0x24, 0x24, 0x24, 0x00, 0x40, 0x40, 0x40, 0x00,
    0x5f, 0x5f, 0x5f, 0x00, 0x7e, 0x7e, 0x7e, 0x00, 0x9b, 0x9b, 0x9b, 0x00, 0xb4, 0xb4, 0xb4, 0x00,
    0xc8, 0xc8, 0xc8, 0x00, 0xd7, 0xd7, 0xd7, 0x00, 0xe2, 0xe2, 0xe2, 0x00, 0xea, 0xea, 0xea, 0x00,
    0xf0, 0xf0, 0xf0, 0x00, 0xf4, 0xf4, 0xf4, 0x00, 0xf6, 0xf6, 0xf6, 0x00, 0xf8, 0xf8, 0xf8, 0x00,
    0xf9, 0xf9, 0xf9, 0x00, 0xf9, 0xf9, 0xf9, 0x00, 0xf9, 0xf9, 0xf9, 0x00, 0xf9, 0xf9, 0xf9, 0x00,
    0xf9, 0xf9, 0xf9, 0x00, 0xf9, 0xf9, 0xf9, 0x00, 0xf9, 0xf9, 0xf9, 0x00, 0xf9, 0xf9, 0xf9, 0x00,
    0xf9, 0xf9, 0xf9, 0x00, 0xf9, 0xf9, 0xf9, 0x00, 0xf9, 0xf9, 0xf9, 0x00, 0xf9, 0xf9, 0xf9, 0x00,
    0xf9, 0xf9, 0xf9, 0x00, 0xf9, 0xf9, 0xf9, 0x00, 0xf9, 0xf9, 0xf9, 0x00, 0xf9, 0xf9, 0xf9, 0x00,
    0xf9, 0xf9, 0xf9, 0x00, 0xf9, 0xf9, 0xf9, 0x00, 0xf9, 0xf9, 0xf9, 0x00, 0xf9, 0xf9, 0xf9, 0x00,
    0xf9, 0xf9, 0xf9, 0x00, 0xf9, 0xf9, 0xf9, 0x00, 0xf9, 0xf9, 0xf9, 0x00, 0xf9, 0xf9, 0xf9, 0x00,
    0xf9, 0xf9, 0xf9, 0x00, 0xf9, 0xf9, 0xf9, 0x00, 0xf9, 0xf9, 0xf9, 0x00, 0xf9, 0xf9, 0xf9, 0x00,
    0xf9, 0xf9, 0xf9, 0x00, 0xff, 0xff, 0xff, 0x3f, 0xff, 0xff, 0xff, 0xfe, 0xff, 0xff, 0xff, 0xff,
    0xff, 0xff, 0xff, 0xfe, 0xff, 0xff, 0xff, 0xfe, 0xff, 0xff, 0xff, 0xfe, 0xff, 0xff, 0xff, 0xfe,
    0xff, 0xff, 0xff, 0xff, 0xff, 0xff, 0xff, 0xfe, 0xff, 0xff, 0xff, 0xfe, 0xff, 0xff, 0xff, 0xfe,
    0xff, 0xff, 0xff, 0xfe, 0xff, 0xff, 0xff, 0xfe, 0xff, 0xff, 0xff, 0xff, 0xff, 0xff, 0xff, 0xfe,
    0xff, 0xff, 0xff, 0xff, 0xff, 0xff, 0xff, 0xfe, 0xff, 0xff, 0xff, 0xfe, 0xff, 0xff, 0xff, 0xfe,
    0xff, 0xff, 0xff, 0xfe, 0xff, 0xff, 0xff, 0xfe, 0xff, 0xff, 0xff, 0xff, 0xff, 0xff, 0xff, 0x6f,
    0xff, 0xff, 0xff, 0x00, 0xff, 0xff, 0xff, 0x00, 0xff, 0xff, 0xff, 0x00, 0xff, 0xff, 0xff, 0x00,
    0xff, 0xff, 0xff, 0x9f, 0xff, 0xff, 0xff, 0xfe, 0xff, 0xff, 0xff, 0xfe, 0xff, 0xff, 0xff, 0xff,
    0xff, 0xff, 0xff, 0xfe, 0xff, 0xff, 0xff, 0xff, 0xff, 0xff, 0xff, 0xfe, 0xff, 0xff, 0xff, 0xfe,
    0xff, 0xff, 0xff, 0xff, 0xff, 0xff, 0xff, 0xfe, 0xff, 0xff, 0xff, 0xfe, 0xff, 0xff, 0xff, 0xff,
    0xff, 0xff, 0xff, 0xfe, 0xff, 0xff, 0xff, 0xfe, 0xff, 0xff, 0xff, 0xfe, 0xff, 0xff, 0xff, 0xff,
    0xff, 0xff, 0xff, 0xfe, 0xff, 0xff, 0xff, 0xfe, 0xff, 0xff, 0xff, 0xfe, 0xff, 0xff, 0xff, 0xfe,
    0xff, 0xff, 0xff, 0xfe, 0xff, 0xff, 0xff, 0x5f, 0xff, 0xff, 0xff, 0x00, 0xff, 0xff, 0xff, 0x00,
    0xff, 0xff, 0xff, 0x00, 0xff, 0xff, 0xff, 0x00, 0xff, 0xff, 0xff, 0x00, 0xff, 0xff, 0xff, 0x00,
    0xff, 0xff, 0xff, 0x00, 0xff, 0xff, 0xff, 0x00, 0xff, 0xff, 0xff, 0x00, 0xff, 0xff, 0xff, 0x00,
    0xff, 0xff, 0xff, 0x00, 0xff, 0xff, 0xff, 0x00, 0xff, 0xff, 0xff, 0x00, 0xff, 0xff, 0xff, 0x00,
    0xff, 0xff, 0xff, 0x00, 0xff, 0xff, 0xff, 0x00, 0xff, 0xff, 0xff, 0x00, 0xff, 0xff, 0xff, 0x00,
    0xff, 0xff, 0xff, 0x00, 0xff, 0xff, 0xff, 0x00, 0xff, 0xff, 0xff, 0x00, 0xff, 0xff, 0xff, 0x00,
    0xff, 0xff, 0xff, 0x00, 0xff, 0xff, 0xff, 0x00, 0x03, 0x03, 0x03, 0x00, 0x0f, 0x0f, 0x0f, 0x00,
    0x24, 0x24, 0x24, 0x00, 0x40, 0x40, 0x40, 0x00, 0x5f, 0x5f, 0x5f, 0x00, 0x7e, 0x7e, 0x7e, 0x00,
    0x9b, 0x9b, 0x9b, 0x00, 0xb4, 0xb4, 0xb4, 0x00, 0xc8, 0xc8, 0xc8, 0x00, 0xd7, 0xd7, 0xd7, 0x00,
    0xe2, 0xe2, 0xe2, 0x00, 0xea, 0xea, 0xea, 0x00, 0xf0, 0xf0, 0xf0, 0x00, 0xf4, 0xf4, 0xf4, 0x00,
    0xf6, 0xf6, 0xf6, 0x00, 0xf8, 0xf8, 0xf8, 0x00, 0xf9, 0xf9, 0xf9, 0x00, 0xf9, 0xf9, 0xf9, 0x00,
    0xf9, 0xf9, 0xf9, 0x00, 0xf9, 0xf9, 0xf9, 0x00, 0xf9, 0xf9, 0xf9, 0x00, 0xf9, 0xf9, 0xf9, 0x00,
    0xf9, 0xf9, 0xf9, 0x00, 0xf9, 0xf9, 0xf9, 0x00, 0xf9, 0xf9, 0xf9, 0x00, 0xf9, 0xf9, 0xf9, 0x00,
    0xf9, 0xf9, 0xf9, 0x00, 0xf9, 0xf9, 0xf9, 0x00, 0xf9, 0xf9, 0xf9, 0x00, 0xf9, 0xf9, 0xf9, 0x00,
    0xf9, 0xf9, 0xf9, 0x00, 0xf9, 0xf9, 0xf9, 0x00, 0xf9, 0xf9, 0xf9, 0x00, 0xf9, 0xf9, 0xf9, 0x00,
    0xf9, 0xf9, 0xf9, 0x00, 0xf9, 0xf9, 0xf9, 0x00, 0xf9, 0xf9, 0xf9, 0x00, 0xf9, 0xf9, 0xf9, 0x00,
    0xf9, 0xf9, 0xf9, 0x00, 0xf9, 0xf9, 0xf9, 0x00, 0xf9, 0xf9, 0xf9, 0x00, 0xf9, 0xf9, 0xf9, 0x00,
    0xf9, 0xf9, 0xf9, 0x00, 0xf9, 0xf9, 0xf9, 0x00, 0xf9, 0xf9, 0xf9, 0x00, 0xff, 0xff, 0xff, 0xbf,
    0xff, 0xff, 0xff, 0xfe, 0xff, 0xff, 0xff, 0xff, 0xff, 0xff, 0xff, 0xfe, 0xff, 0xff, 0xff, 0xfe,
    0xff, 0xff, 0xff, 0xfe, 0xff, 0xff, 0xff, 0xfe, 0xff, 0xff, 0xff, 0xfe, 0xff, 0xff, 0xff, 0xfe,
    0xff, 0xff, 0xff, 0xff, 0xff, 0xff, 0xff, 0xfe, 0xff, 0xff, 0xff, 0xff, 0xff, 0xff, 0xff, 0xff,
    0xff, 0xff, 0xff, 0xfe, 0xff, 0xff, 0xff, 0xfe, 0xff, 0xff, 0xff, 0xfe, 0xff, 0xff, 0xff, 0xfe,
    0xff, 0xff, 0xff, 0xfe, 0xff, 0xff, 0xff, 0xfe, 0xff, 0xff, 0xff, 0xff, 0xff, 0xff, 0xff, 0xfe,
    0xff, 0xff, 0xff, 0xe6, 0xff, 0xff, 0xff, 0x08, 0xff, 0xff, 0xff, 0x00, 0xff, 0xff, 0xff, 0x00,
    0xff, 0xff, 0xff, 0x00, 0xff, 0xff, 0xff, 0x00, 0xff, 0xff, 0xff, 0x9f, 0xff, 0xff, 0xff, 0xfe,
    0xff, 0xff, 0xff, 0xff, 0xff, 0xff, 0xff, 0xfe, 0xff, 0xff, 0xff, 0xfe, 0xff, 0xff, 0xff, 0xfe,
    0xff, 0xff, 0xff, 0xfe, 0xff, 0xff, 0xff, 0xff, 0xff, 0xff, 0xff, 0xff, 0xff, 0xff, 0xff, 0xfe,
    0xff, 0xff, 0xff, 0xfe, 0xff, 0xff, 0xff, 0xff, 0xff, 0xff, 0xff, 0xff, 0xff, 0xff, 0xff, 0xff,
    0xff, 0xff, 0xff, 0xff, 0xff, 0xff, 0xff, 0xfe, 0xff, 0xff, 0xff, 0xff, 0xff, 0xff, 0xff, 0xff,
    0xff, 0xff, 0xff, 0xfe, 0xff, 0xff, 0xff, 0xfe, 0xff, 0xff, 0xff, 0xfe, 0xff, 0xff, 0xff, 0x5f,
    0xff, 0xff, 0xff, 0x00, 0xff, 0xff, 0xff, 0x00, 0xff, 0xff, 0xff, 0x00, 0xff, 0xff, 0xff, 0x00,
    0xff, 0xff, 0xff, 0x00, 0xff, 0xff, 0xff, 0x00, 0xff, 0xff, 0xff, 0x00, 0xff, 0xff, 0xff, 0x00,
    0xff, 0xff, 0xff, 0x00, 0xff, 0xff, 0xff, 0x00, 0xff, 0xff, 0xff, 0x00, 0xff, 0xff, 0xff, 0x00,
    0xff, 0xff, 0xff, 0x00, 0xff, 0xff, 0xff, 0x00, 0xff, 0xff, 0xff, 0x00, 0xff, 0xff, 0xff, 0x00,
    0xff, 0xff, 0xff, 0x00, 0xff, 0xff, 0xff, 0x00, 0xff, 0xff, 0xff, 0x00, 0xff, 0xff, 0xff, 0x00,
    0xff, 0xff, 0xff, 0x00, 0xff, 0xff, 0xff, 0x00, 0xff, 0xff, 0xff, 0x00, 0xff, 0xff, 0xff, 0x00,
    0x03, 0x03, 0x03, 0x00, 0x0f, 0x0f, 0x0f, 0x00, 0x24, 0x24, 0x24, 0x00, 0x40, 0x40, 0x40, 0x00,
    0x5f, 0x5f, 0x5f, 0x00, 0x7e, 0x7e, 0x7e, 0x00, 0x9b, 0x9b, 0x9b, 0x00, 0xb4, 0xb4, 0xb4, 0x00,
    0xc8, 0xc8, 0xc8, 0x00, 0xd7, 0xd7, 0xd7, 0x00, 0xe2, 0xe2, 0xe2, 0x00, 0xea, 0xea, 0xea, 0x00,
    0xf0, 0xf0, 0xf0, 0x00, 0xf4, 0xf4, 0xf4, 0x00, 0xf6, 0xf6, 0xf6, 0x00, 0xf8, 0xf8, 0xf8, 0x00,
    0xf9, 0xf9, 0xf9, 0x00, 0xf9, 0xf9, 0xf9, 0x00, 0xf9, 0xf9, 0xf9, 0x00, 0xf9, 0xf9, 0xf9, 0x00,
    0xf9, 0xf9, 0xf9, 0x00, 0xf9, 0xf9, 0xf9, 0x00, 0xf9, 0xf9, 0xf9, 0x00, 0xf9, 0xf9, 0xf9, 0x00,
    0xf9, 0xf9, 0xf9, 0x00, 0xf9, 0xf9, 0xf9, 0x00, 0xf9, 0xf9, 0xf9, 0x00, 0xf9, 0xf9, 0xf9, 0x00,
    0xf9, 0xf9, 0xf9, 0x00, 0xf9, 0xf9, 0xf9, 0x00, 0xf9, 0xf9, 0xf9, 0x00, 0xf9, 0xf9, 0xf9, 0x00,
    0xf9, 0xf9, 0xf9, 0x00, 0xf9, 0xf9, 0xf9, 0x00, 0xf9, 0xf9, 0xf9, 0x00, 0xf9, 0xf9, 0xf9, 0x00,
    0xf9, 0xf9, 0xf9, 0x00, 0xf9, 0xf9, 0xf9, 0x00, 0xf9, 0xf9, 0xf9, 0x00, 0xf9, 0xf9, 0xf9, 0x00,
    0xf9, 0xf9, 0xf9, 0x00, 0xf9, 0xf9, 0xf9, 0x00, 0xf9, 0xf9, 0xf9, 0x00, 0xf9, 0xf9, 0xf9, 0x00,
    0xff, 0xff, 0xff, 0x3f, 0xff, 0xff, 0xff, 0xfe, 0xff, 0xff, 0xff, 0xfe, 0xff, 0xff, 0xff, 0xfe,
    0xff, 0xff, 0xff, 0xfe, 0xff, 0xff, 0xff, 0xff, 0xff, 0xff, 0xff, 0xfe, 0xff, 0xff, 0xff, 0xfe,
    0xff, 0xff, 0xff, 0xfe, 0xff, 0xff, 0xff, 0xff, 0xff, 0xff, 0xff, 0xfe, 0xff, 0xff, 0xff, 0xfe,
    0xff, 0xff, 0xff, 0xff, 0xff, 0xff, 0xff, 0xfe, 0xff, 0xff, 0xff, 0xfe, 0xff, 0xff, 0xff, 0xfe,
    0xff, 0xff, 0xff, 0xff, 0xff, 0xff, 0xff, 0xfe, 0xff, 0xff, 0xff, 0xff, 0xff, 0xff, 0xff, 0xff,
    0xff, 0xff, 0xff, 0xfe, 0xff, 0xff, 0xff, 0xff, 0xff, 0xff, 0xff, 0x6f, 0xff, 0xff, 0xff, 0x00,
    0xff, 0xff, 0xff, 0x00, 0xff, 0xff, 0xff, 0x00, 0xff, 0xff, 0xff, 0x00, 0xff, 0xff, 0xff, 0x00,
    0xff, 0xff, 0xff, 0x9f, 0xff, 0xff, 0xff, 0xfe, 0xff, 0xff, 0xff, 0xfe, 0xff, 0xff, 0xff, 0xfe,
    0xff, 0xff, 0xff, 0xff, 0xff, 0xff, 0xff, 0xfe, 0xff, 0xff, 0xff, 0xff, 0xff, 0xff, 0xff, 0xff,
    0xff, 0xff, 0xff, 0xff, 0xff, 0xff, 0xff, 0xfe, 0xff, 0xff, 0xff, 0xfe, 0xff, 0xff, 0xff, 0xff,
    0xff, 0xff, 0xff, 0xfe, 0xff, 0xff, 0xff, 0xff, 0xff, 0xff, 0xff, 0xfe, 0xff, 0xff, 0xff, 0xff,
    0xff, 0xff, 0xff, 0xfe, 0xff, 0xff, 0xff, 0xfe, 0xff, 0xff, 0xff, 0xfe, 0xff, 0xff, 0xff, 0xfe,
    0xff, 0xff, 0xff, 0xff, 0xff, 0xff, 0xff, 0x5f, 0xff, 0xff, 0xff, 0x00, 0xff, 0xff, 0xff, 0x00,
    0xff, 0xff, 0xff, 0x00, 0xff, 0xff, 0xff, 0x00, 0xff, 0xff, 0xff, 0x00, 0xff, 0xff, 0xff, 0x00,
    0xff, 0xff, 0xff, 0x00, 0xff, 0xff, 0xff, 0x00, 0xff, 0xff, 0xff, 0x00, 0xff, 0xff, 0xff, 0x00,
    0xff, 0xff, 0xff, 0x00, 0xff, 0xff, 0xff, 0x00, 0xff, 0xff, 0xff, 0x00, 0xff, 0xff, 0xff, 0x00,
    0xff, 0xff, 0xff, 0x00, 0xff, 0xff, 0xff, 0x00, 0xff, 0xff, 0xff, 0x00, 0xff, 0xff, 0xff, 0x00,
    0xff, 0xff, 0xff, 0x00, 0xff, 0xff, 0xff, 0x00, 0xff, 0xff, 0xff, 0x00, 0xff, 0xff, 0xff, 0x00,
    0xff, 0xff, 0xff, 0x00, 0xff, 0xff, 0xff, 0x00, 0x03, 0x03, 0x03, 0x00, 0x0f, 0x0f, 0x0f, 0x00,
    0x24, 0x24, 0x24, 0x00, 0x40, 0x40, 0x40, 0x00, 0x5f, 0x5f, 0x5f, 0x00, 0x7e, 0x7e, 0x7e, 0x00,
    0x9b, 0x9b, 0x9b, 0x00, 0xb4, 0xb4, 0xb4, 0x00, 0xc8, 0xc8, 0xc8, 0x00, 0xd7, 0xd7, 0xd7, 0x00,
    0xe2, 0xe2, 0xe2, 0x00, 0xea, 0xea, 0xea, 0x00, 0xf0, 0xf0, 0xf0, 0x00, 0xf4, 0xf4, 0xf4, 0x00,
    0xf6, 0xf6, 0xf6, 0x00, 0xf8, 0xf8, 0xf8, 0x00, 0xf9, 0xf9, 0xf9, 0x00, 0xf9, 0xf9, 0xf9, 0x00,
    0xf9, 0xf9, 0xf9, 0x00, 0xf9, 0xf9, 0xf9, 0x00, 0xf9, 0xf9, 0xf9, 0x00, 0xf9, 0xf9, 0xf9, 0x00,
    0xf9, 0xf9, 0xf9, 0x00, 0xf9, 0xf9, 0xf9, 0x00, 0xf9, 0xf9, 0xf9, 0x00, 0xf9, 0xf9, 0xf9, 0x00,
    0xf9, 0xf9, 0xf9, 0x00, 0xf9, 0xf9, 0xf9, 0x00, 0xf9, 0xf9, 0xf9, 0x00, 0xf9, 0xf9, 0xf9, 0x00,
    0xf9, 0xf9, 0xf9, 0x00, 0xf9, 0xf9, 0xf9, 0x00, 0xf9, 0xf9, 0xf9, 0x00, 0xf9, 0xf9, 0xf9, 0x00,
    0xf9, 0xf9, 0xf9, 0x00, 0xf9, 0xf9, 0xf9, 0x00, 0xf9, 0xf9, 0xf9, 0x00, 0xf9, 0xf9, 0xf9, 0x00,
    0xf9, 0xf9, 0xf9, 0x00, 0xf9, 0xf9, 0xf9, 0x00, 0xf9, 0xf9, 0xf9, 0x00, 0xf9, 0xf9, 0xf9, 0x00,
    0xf9, 0xf9, 0xf9, 0x00, 0xf9, 0xf9, 0xf9, 0x00, 0xff, 0xff, 0xff, 0xbf, 0xff, 0xff, 0xff, 0xfe,
    0xff, 0xff, 0xff, 0xfe, 0xff, 0xff, 0xff, 0xff, 0xff, 0xff, 0xff, 0xfe, 0xff, 0xff, 0xff, 0xfe,
    0xff, 0xff, 0xff, 0xff, 0xff, 0xff, 0xff, 0xff, 0xff, 0xff, 0xff, 0xff, 0xff, 0xff, 0xff, 0xfe,
    0xff, 0xff, 0xff, 0xff, 0xff, 0xff, 0xff, 0xfe, 0xff, 0xff, 0xff, 0xfe, 0xff, 0xff, 0xff, 0xfe,
    0xff, 0xff, 0xff, 0xfe, 0xff, 0xff, 0xff, 0xfe, 0xff, 0xff, 0xff, 0xff, 0xff, 0xff, 0xff, 0xfe,
    0xff, 0xff, 0xff, 0xfe, 0xff, 0xff, 0xff, 0xff, 0xff, 0xff, 0xff, 0xfe, 0xff, 0xff, 0xff, 0xe6,
    0xff, 0xff, 0xff, 0x08, 0xff, 0xff, 0xff, 0x00, 0xff, 0xff, 0xff, 0x00, 0xff, 0xff, 0xff, 0x00,
    0xff, 0xff, 0xff, 0x00, 0xff, 0xff, 0xff, 0x00, 0xff, 0xff, 0xff, 0x9f, 0xff, 0xff, 0xff, 0xfe,
    0xff, 0xff, 0xff, 0xfe, 0xff, 0xff, 0xff, 0xfe, 0xff, 0xff, 0xff, 0xff, 0xff, 0xff, 0xff, 0xfe,
    0xff, 0xff, 0xff, 0xfe, 0xff, 0xff, 0xff, 0xfe, 0xff, 0xff, 0xff, 0xfe, 0xff, 0xff, 0xff, 0xff,
    0xff, 0xff, 0xff, 0xff, 0xff, 0xff, 0xff, 0xfe, 0xff, 0xff, 0xff, 0xff, 0xff, 0xff, 0xff, 0xfe,
    0xff, 0xff, 0xff, 0xfe, 0xff, 0xff, 0xff, 0xff, 0xff, 0xff, 0xff, 0xfe, 0xff, 0xff, 0xff, 0xfe,
    0xff, 0xff, 0xff, 0xff, 0xff, 0xff, 0xff, 0xfe, 0xff, 0xff, 0xff, 0xfe, 0xff, 0xff, 0xff, 0x5f,
    0xff, 0xff, 0xff, 0x00, 0xff, 0xff, 0xff, 0x00, 0xff, 0xff, 0xff, 0x00, 0xff, 0xff, 0xff, 0x00,
    0xff, 0xff, 0xff, 0x00, 0xff, 0xff, 0xff, 0x00, 0xff, 0xff, 0xff, 0x00, 0xff, 0xff, 0xff, 0x00,
    0xff, 0xff, 0xff, 0x00, 0xff, 0xff, 0xff, 0x00, 0xff, 0xff, 0xff, 0x00, 0xff, 0xff, 0xff, 0x00,
    0xff, 0xff, 0xff, 0x00, 0xff, 0xff, 0xff, 0x00, 0xff, 0xff, 0xff, 0x00, 0xff, 0xff, 0xff, 0x00,
    0xff, 0xff, 0xff, 0x00, 0xff, 0xff, 0xff, 0x00, 0xff, 0xff, 0xff, 0x00, 0xff, 0xff, 0xff, 0x00,
    0xff, 0xff, 0xff, 0x00, 0xff, 0xff, 0xff, 0x00, 0xff, 0xff, 0xff, 0x00, 0xff, 0xff, 0xff, 0x00,
    0x03, 0x03, 0x03, 0x00, 0x0f, 0x0f, 0x0f, 0x00, 0x24, 0x24, 0x24, 0x00, 0x40, 0x40, 0x40, 0x00,
    0x5f, 0x5f, 0x5f, 0x00, 0x7e, 0x7e, 0x7e, 0x00, 0x9b, 0x9b, 0x9b, 0x00, 0xb4, 0xb4, 0xb4, 0x00,
    0xc8, 0xc8, 0xc8, 0x00, 0xd7, 0xd7, 0xd7, 0x00, 0xe2, 0xe2, 0xe2, 0x00, 0xea, 0xea, 0xea, 0x00,
    0xf0, 0xf0, 0xf0, 0x00, 0xf4, 0xf4, 0xf4, 0x00, 0xf6, 0xf6, 0xf6, 0x00, 0xf8, 0xf8, 0xf8, 0x00,
    0xf9, 0xf9, 0xf9, 0x00, 0xf9, 0xf9, 0xf9, 0x00, 0xf9, 0xf9, 0xf9, 0x00, 0xf9, 0xf9, 0xf9, 0x00,
    0xf9, 0xf9, 0xf9, 0x00, 0xf9, 0xf9, 0xf9, 0x00, 0xf9, 0xf9, 0xf9, 0x00, 0xf9, 0xf9, 0xf9, 0x00,
    0xf9, 0xf9, 0xf9, 0x00, 0xf9, 0xf9, 0xf9, 0x00, 0xf9, 0xf9, 0xf9, 0x00, 0xf9, 0xf9, 0xf9, 0x00,
    0xf9, 0xf9, 0xf9, 0x00, 0xf9, 0xf9, 0xf9, 0x00, 0xf9, 0xf9, 0xf9, 0x00, 0xf9, 0xf9, 0xf9, 0x00,
    0xf9, 0xf9, 0xf9, 0x00, 0xf9, 0xf9, 0xf9, 0x00, 0xf9, 0xf9, 0xf9, 0x00, 0xf9, 0xf9, 0xf9, 0x00,
    0xf9, 0xf9, 0xf9, 0x00, 0xf9, 0xf9, 0xf9, 0x00, 0xf9, 0xf9, 0xf9, 0x00, 0xf9, 0xf9, 0xf9, 0x00,
    0xf9, 0xf9, 0xf9, 0x00, 0xf9, 0xf9, 0xf9, 0x00, 0xf9, 0xf9, 0xf9, 0x00, 0xff, 0xff, 0xff, 0x3f,
    0xff, 0xff, 0xff, 0xfe, 0xff, 0xff, 0xff, 0xff, 0xff, 0xff, 0xff, 0xff, 0xff, 0xff, 0xff, 0xfe,
    0xff, 0xff, 0xff, 0xff, 0xff, 0xff, 0xff, 0xfe, 0xff, 0xff, 0xff, 0xfe, 0xff, 0xff, 0xff, 0xfe,
    0xff, 0xff, 0xff, 0xfe, 0xff, 0xff, 0xff, 0xff, 0xff, 0xff, 0xff, 0xff, 0xff, 0xff, 0xff, 0xfe,
    0xff, 0xff, 0xff, 0xfe, 0xff, 0xff, 0xff, 0xfe, 0xff, 0xff, 0xff, 0xff, 0xff, 0xff, 0xff, 0xfe,
    0xff, 0xff, 0xff, 0xfe, 0xff, 0xff, 0xff, 0xfe, 0xff, 0xff, 0xff, 0xfe, 0xff, 0xff, 0xff, 0xff,
    0xff, 0xff, 0xff, 0xfe, 0xff, 0xff, 0xff, 0x6f, 0xff, 0xff, 0xff, 0x00, 0xff, 0xff, 0xff, 0x00,
    0xff, 0xff, 0xff, 0x00, 0xff, 0xff, 0xff, 0x00, 0xff, 0xff, 0xff, 0x00, 0xff, 0xff, 0xff, 0x00,
    0xff, 0xff, 0xff, 0x9f, 0xff, 0xff, 0xff, 0xfe, 0xff, 0xff, 0xff, 0xff, 0xff, 0xff, 0xff, 0xff,
    0xff, 0xff, 0xff, 0xfe, 0xff, 0xff, 0xff, 0xfe, 0xff, 0xff, 0xff, 0xfe, 0xff, 0xff, 0xff, 0xfe,
    0xff, 0xff, 0xff, 0xfe, 0xff, 0xff, 0xff, 0xff, 0xff, 0xff, 0xff, 0xfe, 0xff, 0xff, 0xff, 0xff,
    0xff, 0xff, 0xff, 0xff, 0xff, 0xff, 0xff, 0xfe, 0xff, 0xff, 0xff, 0xff, 0xff, 0xff, 0xff, 0xff,
    0xff, 0xff, 0xff, 0xff, 0xff, 0xff, 0xff, 0xfe, 0xff, 0xff, 0xff, 0xff, 0xff, 0xff, 0xff, 0xfe,
    0xff, 0xff, 0xff, 0xfe, 0xff, 0xff, 0xff, 0x5f, 0xff, 0xff, 0xff, 0x00, 0xff, 0xff, 0xff, 0x00,
    0xff, 0xff, 0xff, 0x00, 0xff, 0xff, 0xff, 0x00, 0xff, 0xff, 0xff, 0x00, 0xff, 0xff, 0xff, 0x00,
    0xff, 0xff, 0xff, 0x00, 0xff, 0xff, 0xff, 0x00, 0xff, 0xff, 0xff, 0x00, 0xff, 0xff, 0xff, 0x00,
    0xff, 0xff, 0xff, 0x00, 0xff, 0xff, 0xff, 0x00, 0xff, 0xff, 0xff, 0x00, 0xff, 0xff, 0xff, 0x00,
    0xff, 0xff, 0xff, 0x00, 0xff, 0xff, 0xff, 0x00, 0xff, 0xff, 0xff, 0x00, 0xff, 0xff, 0xff, 0x00,
    0xff, 0xff, 0xff, 0x00, 0xff, 0xff, 0xff, 0x00, 0xff, 0xff, 0xff, 0x00, 0xff, 0xff, 0xff, 0x00,
    0xff, 0xff, 0xff, 0x00, 0xff, 0xff, 0xff, 0x00, 0x03, 0x03, 0x03, 0x00, 0x0f, 0x0f, 0x0f, 0x00,
    0x24, 0x24, 0x24, 0x00, 0x40, 0x40, 0x40, 0x00, 0x5f, 0x5f, 0x5f, 0x00, 0x7e, 0x7e, 0x7e, 0x00,
    0x9b, 0x9b, 0x9b, 0x00, 0xb4, 0xb4, 0xb4, 0x00, 0xc8, 0xc8, 0xc8, 0x00, 0xd7, 0xd7, 0xd7, 0x00,
    0xe2, 0xe2, 0xe2, 0x00, 0xea, 0xea, 0xea, 0x00, 0xf0, 0xf0, 0xf0, 0x00, 0xf4, 0xf4, 0xf4, 0x00,
    0xf6, 0xf6, 0xf6, 0x00, 0xf8, 0xf8, 0xf8, 0x00, 0xf9, 0xf9, 0xf9, 0x00, 0xf9, 0xf9, 0xf9, 0x00,
    0xf9, 0xf9, 0xf9, 0x00, 0xf9, 0xf9, 0xf9, 0x00, 0xf9, 0xf9, 0xf9, 0x00, 0xf9, 0xf9, 0xf9, 0x00,
    0xf9, 0xf9, 0xf9, 0x00, 0xf9, 0xf9, 0xf9, 0x00, 0xf9, 0xf9, 0xf9, 0x00, 0xf9, 0xf9, 0xf9, 0x00,
    0xf9, 0xf9, 0xf9, 0x00, 0xf9, 0xf9, 0xf9, 0x00, 0xf9, 0xf9, 0xf9, 0x00, 0xf9, 0xf9, 0xf9, 0x00,
    0xf9, 0xf9, 0xf9, 0x00, 0xf9, 0xf9, 0xf9, 0x00, 0xf9, 0xf9, 0xf9, 0x00, 0xf9, 0xf9, 0xf9, 0x00,
    0xf9, 0xf9, 0xf9, 0x00, 0xf9, 0xf9, 0xf9, 0x00, 0xf9, 0xf9, 0xf9, 0x00, 0xf9, 0xf9, 0xf9, 0x00,
    0xf9, 0xf9, 0xf9, 0x00, 0xf9, 0xf9, 0xf9, 0x00, 0xf9, 0xf9, 0xf9, 0x00, 0xf9, 0xf9, 0xf9, 0x00,
    0xf9, 0xf9, 0xf9, 0x00, 0xff, 0xff, 0xff, 0xbf, 0xff, 0xff, 0xff, 0xff, 0xff, 0xff, 0xff, 0xfe,
    0xff, 0xff, 0xff, 0xff, 0xff, 0xff, 0xff, 0xff, 0xff, 0xff, 0xff, 0xfe, 0xff, 0xff, 0xff, 0xfe,
    0xff, 0xff, 0xff, 0xfe, 0xff, 0xff, 0xff, 0xfe, 0xff, 0xff, 0xff, 0xfe, 0xff, 0xff, 0xff, 0xfe,
    0xff, 0xff, 0xff, 0xfe, 0xff, 0xff, 0xff, 0xff, 0xff, 0xff, 0xff, 0xfe, 0xff, 0xff, 0xff, 0xfe,
    0xff, 0xff, 0xff, 0xfe, 0xff, 0xff, 0xff, 0xfe, 0xff, 0xff, 0xff, 0xfe, 0xff, 0xff, 0xff, 0xfe,
    0xff, 0xff, 0xff, 0xfe, 0xff, 0xff, 0xff, 0xff, 0xff, 0xff, 0xff, 0xe7, 0xff, 0xff, 0xff, 0x08,
    0xff, 0xff, 0xff, 0x00, 0xff, 0xff, 0xff, 0x00, 0xff, 0xff, 0xff, 0x00, 0xff, 0xff, 0xff, 0x00,
    0xff, 0xff, 0xff, 0x00, 0xff, 0xff, 0xff, 0x00, 0xff, 0xff, 0xff, 0x9f, 0xff, 0xff, 0xff, 0xfe,
    0xff, 0xff, 0xff, 0xff, 0xff, 0xff, 0xff, 0xff, 0xff, 0xff, 0xff, 0xfe, 0xff, 0xff, 0xff, 0xfe,
    0xff, 0xff, 0xff, 0xff, 0xff, 0xff, 0xff, 0xff, 0xff, 0xff, 0xff, 0xff, 0xff, 0xff, 0xff, 0xfe,
    0xff, 0xff, 0xff, 0xfe, 0xff, 0xff, 0xff, 0xfe, 0xff, 0xff, 0xff, 0xfe, 0xff, 0xff, 0xff, 0xff,
    0xff, 0xff, 0xff, 0xfe, 0xff, 0xff, 0xff, 0xff, 0xff, 0xff, 0xff, 0xfe, 0xff, 0xff, 0xff, 0xfe,
    0xff, 0xff, 0xff, 0xfe, 0xff, 0xff, 0xff, 0xff, 0xff, 0xff, 0xff, 0xfe, 0xff, 0xff, 0xff, 0x5f,
    0xff, 0xff, 0xff, 0x00, 0xff, 0xff, 0xff, 0x00, 0xff, 0xff, 0xff, 0x00, 0xff, 0xff, 0xff, 0x00,
    0xff, 0xff, 0xff, 0x00, 0xff, 0xff, 0xff, 0x00, 0xff, 0xff, 0xff, 0x00, 0xff, 0xff, 0xff, 0x00,
    0xff, 0xff, 0xff, 0x00, 0xff, 0xff, 0xff, 0x00, 0xff, 0xff, 0xff, 0x00, 0xff, 0xff, 0xff, 0x00,
    0xff, 0xff, 0xff, 0x00, 0xff, 0xff, 0xff, 0x00, 0xff, 0xff, 0xff, 0x00, 0xff, 0xff, 0xff, 0x00,
    0xff, 0xff, 0xff, 0x00, 0xff, 0xff, 0xff, 0x00, 0xff, 0xff, 0xff, 0x00, 0xff, 0xff, 0xff, 0x00,
    0xff, 0xff, 0xff, 0x00, 0xff, 0xff, 0xff, 0x00, 0xff, 0xff, 0xff, 0x00, 0xff, 0xff, 0xff, 0x00,
    0x03, 0x03, 0x03, 0x00, 0x0f, 0x0f, 0x0f, 0x00, 0x24, 0x24, 0x24, 0x00, 0x40, 0x40, 0x40, 0x00,
    0x5f, 0x5f, 0x5f, 0x00, 0x7e, 0x7e, 0x7e, 0x00, 0x9b, 0x9b, 0x9b, 0x00, 0xb4, 0xb4, 0xb4, 0x00,
    0xc8, 0xc8, 0xc8, 0x00, 0xd7, 0xd7, 0xd7, 0x00, 0xe2, 0xe2, 0xe2, 0x00, 0xea, 0xea, 0xea, 0x00,
    0xf0, 0xf0, 0xf0, 0x00, 0xf4, 0xf4, 0xf4, 0x00, 0xf6, 0xf6, 0xf6, 0x00, 0xf8, 0xf8, 0xf8, 0x00,
    0xf9, 0xf9, 0xf9, 0x00, 0xf9, 0xf9, 0xf9, 0x00, 0xf9, 0xf9, 0xf9, 0x00, 0xf9, 0xf9, 0xf9, 0x00,
    0xf9, 0xf9, 0xf9, 0x00, 0xf9, 0xf9, 0xf9, 0x00, 0xf9, 0xf9, 0xf9, 0x00, 0xf9, 0xf9, 0xf9, 0x00,
    0xf9, 0xf9, 0xf9, 0x00, 0xf9, 0xf9, 0xf9, 0x00, 0xf9, 0xf9, 0xf9, 0x00, 0xf9, 0xf9, 0xf9, 0x00,
    0xf9, 0xf9, 0xf9, 0x00, 0xf9, 0xf9, 0xf9, 0x00, 0xf9, 0xf9, 0xf9, 0x00, 0xf9, 0xf9, 0xf9, 0x00,
    0xf9, 0xf9, 0xf9, 0x00, 0xf9, 0xf9, 0xf9, 0x00, 0xf9, 0xf9, 0xf9, 0x00, 0xf9, 0xf9, 0xf9, 0x00,
    0xf9, 0xf9, 0xf9, 0x00, 0xf9, 0xf9, 0xf9, 0x00, 0xf9, 0xf9, 0xf9, 0x00, 0xf9, 0xf9, 0xf9, 0x00,
    0xf9, 0xf9, 0xf9, 0x00, 0xf9, 0xf9, 0xf9, 0x00, 0xff, 0xff, 0xff, 0x3f, 0xff, 0xff, 0xff, 0xff,
    0xff, 0xff, 0xff, 0xfe, 0xff, 0xff, 0xff, 0xfe, 0xff, 0xff, 0xff, 0xfe, 0xff, 0xff, 0xff, 0xfe,
    0xff, 0xff, 0xff, 0xff, 0xff, 0xff, 0xff, 0xfe, 0xff, 0xff, 0xff, 0xfe, 0xff, 0xff, 0xff, 0xff,
    0xff, 0xff, 0xff, 0xfe, 0xff, 0xff, 0xff, 0xfe, 0xff, 0xff, 0xff, 0xfe, 0xff, 0xff, 0xff, 0xfe,
    0xff, 0xff, 0xff, 0xfe, 0xff, 0xff, 0xff, 0xfe, 0xff, 0xff, 0xff, 0xfe, 0xff, 0xff, 0xff, 0xfe,
    0xff, 0xff, 0xff, 0xfe, 0xff, 0xff, 0xff, 0xfe, 0xff, 0xff, 0xff, 0xff, 0xff, 0xff, 0xff, 0xff,
    0xff, 0xff, 0xff, 0x6f, 0xff, 0xff, 0xff, 0x00, 0xff, 0xff, 0xff, 0x00, 0xff, 0xff, 0xff, 0x00,
    0xff, 0xff, 0xff, 0x00, 0xff, 0xff, 0xff, 0x00, 0xff, 0xff, 0xff, 0x00, 0xff, 0xff, 0xff, 0x00,
    0xff, 0xff, 0xff, 0x9f, 0xff, 0xff, 0xff, 0xfe, 0xff, 0xff, 0xff, 0xfe, 0xff, 0xff, 0xff, 0xfe,
    0xff, 0xff, 0xff, 0xff, 0xff, 0xff, 0xff, 0xfe, 0xff, 0xff, 0xff, 0xfe, 0xff, 0xff, 0xff, 0xff,
    0xff, 0xff, 0xff, 0xfe, 0xff, 0xff, 0xff, 0xfe, 0xff, 0xff, 0xff, 0xff, 0xff, 0xff, 0xff, 0xfe,
    0xff, 0xff, 0xff, 0xff, 0xff, 0xff, 0xff, 0xfe, 0xff, 0xff, 0xff, 0xff, 0xff, 0xff, 0xff, 0xfe,
    0xff, 0xff, 0xff, 0xfe, 0xff, 0xff, 0xff, 0xfe, 0xff, 0xff, 0xff, 0xff, 0xff, 0xff, 0xff, 0xfe,
    0xff, 0xff, 0xff, 0xfe, 0xff, 0xff, 0xff, 0x5f, 0xff, 0xff, 0xff, 0x00, 0xff, 0xff, 0xff, 0x00,
    0xff, 0xff, 0xff, 0x00, 0xff, 0xff, 0xff, 0x00, 0xff, 0xff, 0xff, 0x00, 0xff, 0xff, 0xff, 0x00,
    0xff, 0xff, 0xff, 0x00, 0xff, 0xff, 0xff, 0x00, 0xff, 0xff, 0xff, 0x00, 0xff, 0xff, 0xff, 0x00,
    0xff, 0xff, 0xff, 0x00, 0xff, 0xff, 0xff, 0x00, 0xff, 0xff, 0xff, 0x00, 0xff, 0xff, 0xff, 0x00,
    0xff, 0xff, 0xff, 0x00, 0xff, 0xff, 0xff, 0x00, 0xff, 0xff, 0xff, 0x00, 0xff, 0xff, 0xff, 0x00,
    0xff, 0xff, 0xff, 0x00, 0xff, 0xff, 0xff, 0x00, 0xff, 0xff, 0xff, 0x00, 0xff, 0xff, 0xff, 0x00,
    0xff, 0xff, 0xff, 0x00, 0xff, 0xff, 0xff, 0x00, 0x03, 0x03, 0x03, 0x00, 0x0f, 0x0f, 0x0f, 0x00,
    0x24, 0x24, 0x24, 0x00, 0x40, 0x40, 0x40, 0x00, 0x5f, 0x5f, 0x5f, 0x00, 0x7e, 0x7e, 0x7e, 0x00,
    0x9b, 0x9b, 0x9b, 0x00, 0xb4, 0xb4, 0xb4, 0x00, 0xc8, 0xc8, 0xc8, 0x00, 0xd7, 0xd7, 0xd7, 0x00,
    0xe2, 0xe2, 0xe2, 0x00, 0xea, 0xea, 0xea, 0x00, 0xf0, 0xf0, 0xf0, 0x00, 0xf4, 0xf4, 0xf4, 0x00,
    0xf6, 0xf6, 0xf6, 0x00, 0xf8, 0xf8, 0xf8, 0x00, 0xf9, 0xf9, 0xf9, 0x00, 0xf9, 0xf9, 0xf9, 0x00,
    0xf9, 0xf9, 0xf9, 0x00, 0xf9, 0xf9, 0xf9, 0x00, 0xf9, 0xf9, 0xf9, 0x00, 0xf9, 0xf9, 0xf9, 0x00,
    0xf9, 0xf9, 0xf9, 0x00, 0xf9, 0xf9, 0xf9, 0x00, 0xf9, 0xf9, 0xf9, 0x00, 0xf9, 0xf9, 0xf9, 0x00,
    0xf9, 0xf9, 0xf9, 0x00, 0xf9, 0xf9, 0xf9, 0x00, 0xf9, 0xf9, 0xf9, 0x00, 0xf9, 0xf9, 0xf9, 0x00,
    0xf9, 0xf9, 0xf9, 0x00, 0xf9, 0xf9, 0xf9, 0x00, 0xf9, 0xf9, 0xf9, 0x00, 0xf9, 0xf9, 0xf9, 0x00,
    0xf9, 0xf9, 0xf9, 0x00, 0xf9, 0xf9, 0xf9, 0x00, 0xf9, 0xf9, 0xf9, 0x00, 0xf9, 0xf9, 0xf9, 0x00,
    0xf9, 0xf9, 0xf9, 0x00, 0xf9, 0xf9, 0xf9, 0x00, 0xf9, 0xf9, 0xf9, 0x00, 0xf9, 0xf9, 0xf9, 0x00,
    0xff, 0xff, 0xff, 0xbf, 0xff, 0xff, 0xff, 0xfe, 0xff, 0xff, 0xff, 0xfe, 0xff, 0xff, 0xff, 0xfe,
    0xff, 0xff, 0xff, 0xff, 0xff, 0xff, 0xff, 0xfe, 0xff, 0xff, 0xff, 0xfe, 0xff, 0xff, 0xff, 0xfe,
    0xff, 0xff, 0xff, 0xfe, 0xff, 0xff, 0xff, 0xfe, 0xff, 0xff, 0xff, 0xfe, 0xff, 0xff, 0xff, 0xff,
    0xff, 0xff, 0xff, 0xfe, 0xff, 0xff, 0xff, 0xfe, 0xff, 0xff, 0xff, 0xfe, 0xff, 0xff, 0xff, 0xfe,
    0xff, 0xff, 0xff, 0xfe, 0xff, 0xff, 0xff, 0xff, 0xff, 0xff, 0xff, 0xfe, 0xff, 0xff, 0xff, 0xfe,
    0xff, 0xff, 0xff, 0xfe, 0xff, 0xff, 0xff, 0xef, 0xff, 0xff, 0xff, 0x0c, 0xff, 0xff, 0xff, 0x00,
    0xff, 0xff, 0xff, 0x00, 0xff, 0xff, 0xff, 0x00, 0xff, 0xff, 0xff, 0x00, 0xff, 0xff, 0xff, 0x00,
    0xff, 0xff, 0xff, 0x00, 0xff, 0xff, 0xff, 0x00, 0xff, 0xff, 0xff, 0x9f, 0xff, 0xff, 0xff, 0xfe,
    0xff, 0xff, 0xff, 0xff, 0xff, 0xff, 0xff, 0xfe, 0xff, 0xff, 0xff, 0xfe, 0xff, 0xff, 0xff, 0xff,
    0xff, 0xff, 0xff, 0xfe, 0xff, 0xff, 0xff, 0xfe, 0xff, 0xff, 0xff, 0xfe, 0xff, 0xff, 0xff, 0xff,
    0xff, 0xff, 0xff, 0xfe, 0xff, 0xff, 0xff, 0xff, 0xff, 0xff, 0xff, 0xff, 0xff, 0xff, 0xff, 0xff,
    0xff, 0xff, 0xff, 0xfe, 0xff, 0xff, 0xff, 0xff, 0xff, 0xff, 0xff, 0xfe, 0xff, 0xff, 0xff, 0xfe,
    0xff, 0xff, 0xff, 0xfe, 0xff, 0xff, 0xff, 0xfe, 0xff, 0xff, 0xff, 0xfe, 0xff, 0xff, 0xff, 0x5f,
    0xff, 0xff, 0xff, 0x00, 0xff, 0xff, 0xff, 0x00, 0xff, 0xff, 0xff, 0x00, 0xff, 0xff, 0xff, 0x00,
    0xff, 0xff, 0xff, 0x00, 0xff, 0xff, 0xff, 0x00, 0xff, 0xff, 0xff, 0x00, 0xff, 0xff, 0xff, 0x00,
    0xff, 0xff, 0xff, 0x00, 0xff, 0xff, 0xff, 0x00, 0xff, 0xff, 0xff, 0x00, 0xff, 0xff, 0xff, 0x00,
    0xff, 0xff, 0xff, 0x00, 0xff, 0xff, 0xff, 0x00, 0xff, 0xff, 0xff, 0x00, 0xff, 0xff, 0xff, 0x00,
    0xff, 0xff, 0xff, 0x00, 0xff, 0xff, 0xff, 0x00, 0xff, 0xff, 0xff, 0x00, 0xff, 0xff, 0xff, 0x00,
    0xff, 0xff, 0xff, 0x00, 0xff, 0xff, 0xff, 0x00, 0xff, 0xff, 0xff, 0x00, 0xff, 0xff, 0xff, 0x00,
    0x03, 0x03, 0x03, 0x00, 0x0f, 0x0f, 0x0f, 0x00, 0x24, 0x24, 0x24, 0x00, 0x40, 0x40, 0x40, 0x00,
    0x5f, 0x5f, 0x5f, 0x00, 0x7e, 0x7e, 0x7e, 0x00, 0x9b, 0x9b, 0x9b, 0x00, 0xb4, 0xb4, 0xb4, 0x00,
    0xc8, 0xc8, 0xc8, 0x00, 0xd7, 0xd7, 0xd7, 0x00, 0xe2, 0xe2, 0xe2, 0x00, 0xea, 0xea, 0xea, 0x00,
    0xf0, 0xf0, 0xf0, 0x00, 0xf4, 0xf4, 0xf4, 0x00, 0xf6, 0xf6, 0xf6, 0x00, 0xf8, 0xf8, 0xf8, 0x00,
    0xf9, 0xf9, 0xf9, 0x00, 0xf9, 0xf9, 0xf9, 0x00, 0xf9, 0xf9, 0xf9, 0x00, 0xf9, 0xf9, 0xf9, 0x00,
    0xf9, 0xf9, 0xf9, 0x00, 0xf9, 0xf9, 0xf9, 0x00, 0xf9, 0xf9, 0xf9, 0x00, 0xf9, 0xf9, 0xf9, 0x00,
    0xf9, 0xf9, 0xf9, 0x00, 0xf9, 0xf9, 0xf9, 0x00, 0xf9, 0xf9, 0xf9, 0x00, 0xf9, 0xf9, 0xf9, 0x00,
    0xf9, 0xf9, 0xf9, 0x00, 0xf9, 0xf9, 0xf9, 0x00, 0xf9, 0xf9, 0xf9, 0x00, 0xf9, 0xf9, 0xf9, 0x00,
    0xf9, 0xf9, 0xf9, 0x00, 0xf9, 0xf9, 0xf9, 0x00, 0xf9, 0xf9, 0xf9, 0x00, 0xf9, 0xf9, 0xf9, 0x00,
    0xf9, 0xf9, 0xf9, 0x00, 0xf9, 0xf9, 0xf9, 0x00, 0xf9, 0xf9, 0xf9, 0x00, 0xf9, 0xf9, 0xf9, 0x00,
    0xf9, 0xf9, 0xf9, 0x00, 0xff, 0xff, 0xff, 0x3f, 0xff, 0xff, 0xff, 0xfe, 0xff, 0xff, 0xff, 0xfe,
    0xff, 0xff, 0xff, 0xfe, 0xff, 0xff, 0xff, 0xfe, 0xff, 0xff, 0xff, 0xfe, 0xff, 0xff, 0xff, 0xfe,
    0xff, 0xff, 0xff, 0xfe, 0xff, 0xff, 0xff, 0xfe, 0xff, 0xff, 0xff, 0xfe, 0xff, 0xff, 0xff, 0xfe,
    0xff, 0xff, 0xff, 0xfe, 0xff, 0xff, 0xff, 0xfe, 0xff, 0xff, 0xff, 0xfe, 0xff, 0xff, 0xff, 0xfe,
    0xff, 0xff, 0xff, 0xfe, 0xff, 0xff, 0xff, 0xfe, 0xff, 0xff, 0xff, 0xfe, 0xff, 0xff, 0xff, 0xfe,
    0xff, 0xff, 0xff, 0xfe, 0xff, 0xff, 0xff, 0xfe, 0xff, 0xff, 0xff, 0xfe, 0xff, 0xff, 0xff, 0x7f,
    0xff, 0xff, 0xff, 0x00, 0xff, 0xff, 0xff, 0x00, 0xff, 0xff, 0xff, 0x00, 0xff, 0xff, 0xff, 0x00,
    0xff, 0xff, 0xff, 0x00, 0xff, 0xff, 0xff, 0x00, 0xff, 0xff, 0xff, 0x00, 0xff, 0xff, 0xff, 0x00,
    0xff, 0xff, 0xff, 0x9f, 0xff, 0xff, 0xff, 0xfe, 0xff, 0xff, 0xff, 0xfe, 0xff, 0xff, 0xff, 0xfe,
    0xff, 0xff, 0xff, 0xff, 0xff, 0xff, 0xff, 0xfe, 0xff, 0xff, 0xff, 0xfe, 0xff, 0xff, 0xff, 0xfe,
    0xff, 0xff, 0xff, 0xfe, 0xff, 0xff, 0xff, 0xff, 0xff, 0xff, 0xff, 0xfe, 0xff, 0xff, 0xff, 0xfe,
    0xff, 0xff, 0xff, 0xff, 0xff, 0xff, 0xff, 0xff, 0xff, 0xff, 0xff, 0xfe, 0xff, 0xff, 0xff, 0xfe,
    0xff, 0xff, 0xff, 0xff, 0xff, 0xff, 0xff, 0xfe, 0xff, 0xff, 0xff, 0xff, 0xff, 0xff, 0xff, 0xfe,
    0xff, 0xff, 0xff, 0xfe, 0xff, 0xff, 0xff, 0x5f, 0xff, 0xff, 0xff, 0x00, 0xff, 0xff, 0xff, 0x00,
    0xff, 0xff, 0xff, 0x00, 0xff, 0xff, 0xff, 0x00, 0xff, 0xff, 0xff, 0x00, 0xff, 0xff, 0xff, 0x00,
    0xff, 0xff, 0xff, 0x00, 0xff, 0xff, 0xff, 0x00, 0xff, 0xff, 0xff, 0x00, 0xff, 0xff, 0xff, 0x00,
    0xff, 0xff, 0xff, 0x00, 0xff, 0xff, 0xff, 0x00, 0xff, 0xff, 0xff, 0x00, 0xff, 0xff, 0xff, 0x00,
    0xff, 0xff, 0xff, 0x00, 0xff, 0xff, 0xff, 0x00, 0xff, 0xff, 0xff, 0x00, 0xff, 0xff, 0xff, 0x00,
    0xff, 0xff, 0xff, 0x00, 0xff, 0xff, 0xff, 0x00, 0xff, 0xff, 0xff, 0x00, 0xff, 0xff, 0xff, 0x00,
    0xff, 0xff, 0xff, 0x00, 0xff, 0xff, 0xff, 0x00, 0x03, 0x03, 0x03, 0x00, 0x0f, 0x0f, 0x0f, 0x00,
    0x24, 0x24, 0x24, 0x00, 0x40, 0x40, 0x40, 0x00, 0x5f, 0x5f, 0x5f, 0x00, 0x7e, 0x7e, 0x7e, 0x00,
    0x9b, 0x9b, 0x9b, 0x00, 0xb4, 0xb4, 0xb4, 0x00, 0xc8, 0xc8, 0xc8, 0x00, 0xd7, 0xd7, 0xd7, 0x00,
    0xe2, 0xe2, 0xe2, 0x00, 0xea, 0xea, 0xea, 0x00, 0xf0, 0xf0, 0xf0, 0x00, 0xf4, 0xf4, 0xf4, 0x00,
    0xf6, 0xf6, 0xf6, 0x00, 0xf8, 0xf8, 0xf8, 0x00, 0xf9, 0xf9, 0xf9, 0x00, 0xf9, 0xf9, 0xf9, 0x00,
    0xf9, 0xf9, 0xf9, 0x00, 0xf9, 0xf9, 0xf9, 0x00, 0xf9, 0xf9, 0xf9, 0x00, 0xf9, 0xf9, 0xf9, 0x00,
    0xf9, 0xf9, 0xf9, 0x00, 0xf9, 0xf9, 0xf9, 0x00, 0xf9, 0xf9, 0xf9, 0x00, 0xf9, 0xf9, 0xf9, 0x00,
    0xf9, 0xf9, 0xf9, 0x00, 0xf9, 0xf9, 0xf9, 0x00, 0xf9, 0xf9, 0xf9, 0x00, 0xf9, 0xf9, 0xf9, 0x00,
    0xf9, 0xf9, 0xf9, 0x00, 0xf9, 0xf9, 0xf9, 0x00, 0xf9, 0xf9, 0xf9, 0x00, 0xf9, 0xf9, 0xf9, 0x00,
    0xf9, 0xf9, 0xf9, 0x00, 0xf9, 0xf9, 0xf9, 0x00, 0xf9, 0xf9, 0xf9, 0x00, 0xf9, 0xf9, 0xf9, 0x00,
    0xf9, 0xf9, 0xf9, 0x00, 0xf9, 0xf9, 0xf9, 0x00, 0xf9, 0xf9, 0xf9, 0x00, 0xff, 0xff, 0xff, 0xbe,
    0xff, 0xff, 0xff, 0xfe, 0xff, 0xff, 0xff, 0xff, 0xff, 0xff, 0xff, 0xfe, 0xff, 0xff, 0xff, 0xff,
    0xff, 0xff, 0xff, 0xff, 0xff, 0xff, 0xff, 0xfe, 0xff, 0xff, 0xff, 0xfe, 0xff, 0xff, 0xff, 0xfe,
    0xff, 0xff, 0xff, 0xfe, 0xff, 0xff, 0xff, 0xff, 0xff, 0xff, 0xff, 0xff, 0xff, 0xff, 0xff, 0xfe,
    0xff, 0xff, 0xff, 0xff, 0xff, 0xff, 0xff, 0xff, 0xff, 0xff, 0xff, 0xfe, 0xff, 0xff, 0xff, 0xfe,
    0xff, 0xff, 0xff, 0xfe, 0xff, 0xff, 0xff, 0xfe, 0xff, 0xff, 0xff, 0xfe, 0xff, 0xff, 0xff, 0xff,
    0xff, 0xff, 0xff, 0xee, 0xff, 0xff, 0xff, 0x10, 0xff, 0xff, 0xff, 0x00, 0xff, 0xff, 0xff, 0x00,
    0xff, 0xff, 0xff, 0x00, 0xff, 0xff, 0xff, 0x00, 0xff, 0xff, 0xff, 0x00, 0xff, 0xff, 0xff, 0x00,
    0xff, 0xff, 0xff, 0x00, 0xff, 0xff, 0xff, 0x00, 0xff, 0xff, 0xff, 0x9f, 0xff, 0xff, 0xff, 0xfe,
    0xff, 0xff, 0xff, 0xfe, 0xff, 0xff, 0xff, 0xfe, 0xff, 0xff, 0xff, 0xfe, 0xff, 0xff, 0xff, 0xfe,
    0xff, 0xff, 0xff, 0xfe, 0xff, 0xff, 0xff, 0xfe, 0xff, 0xff, 0xff, 0xff, 0xff, 0xff, 0xff, 0xfe,
    0xff, 0xff, 0xff, 0xfe, 0xff, 0xff, 0xff, 0xfe, 0xff, 0xff, 0xff, 0xff, 0xff, 0xff, 0xff, 0xfe,
    0xff, 0xff, 0xff, 0xfe, 0xff, 0xff, 0xff, 0xfe, 0xff, 0xff, 0xff, 0xff, 0xff, 0xff, 0xff, 0xff,
    0xff, 0xff, 0xff, 0xff, 0xff, 0xff, 0xff, 0xfe, 0xff, 0xff, 0xff, 0xfe, 0xff, 0xff, 0xff, 0x5f,
    0xff, 0xff, 0xff, 0x00, 0xff, 0xff, 0xff, 0x00, 0xff, 0xff, 0xff, 0x00, 0xff, 0xff, 0xff, 0x00,
    0xff, 0xff, 0xff, 0x00, 0xff, 0xff, 0xff, 0x00, 0xff, 0xff, 0xff, 0x00, 0xff, 0xff, 0xff, 0x00,
    0xff, 0xff, 0xff, 0x00, 0xff, 0xff, 0xff, 0x00, 0xff, 0xff, 0xff, 0x00, 0xff, 0xff, 0xff, 0x00,
    0xff, 0xff, 0xff, 0x00, 0xff, 0xff, 0xff, 0x00, 0xff, 0xff, 0xff, 0x00, 0xff, 0xff, 0xff, 0x00,
    0xff, 0xff, 0xff, 0x00, 0xff, 0xff, 0xff, 0x00, 0xff, 0xff, 0xff, 0x00, 0xff, 0xff, 0xff, 0x00,
    0xff, 0xff, 0xff, 0x00, 0xff, 0xff, 0xff, 0x00, 0xff, 0xff, 0xff, 0x00, 0xff, 0xff, 0xff, 0x00,
    0x03, 0x03, 0x03, 0x00, 0x0f, 0x0f, 0x0f, 0x00, 0x24, 0x24, 0x24, 0x00, 0x40, 0x40, 0x40, 0x00,
    0x5f, 0x5f, 0x5f, 0x00, 0x7e, 0x7e, 0x7e, 0x00, 0x9b, 0x9b, 0x9b, 0x00, 0xb4, 0xb4, 0xb4, 0x00,
    0xc8, 0xc8, 0xc8, 0x00, 0xd7, 0xd7, 0xd7, 0x00, 0xe2, 0xe2, 0xe2, 0x00, 0xea, 0xea, 0xea, 0x00,
    0xf0, 0xf0, 0xf0, 0x00, 0xf4, 0xf4, 0xf4, 0x00, 0xf6, 0xf6, 0xf6, 0x00, 0xf8, 0xf8, 0xf8, 0x00,
    0xf9, 0xf9, 0xf9, 0x00, 0xf9, 0xf9, 0xf9, 0x00, 0xf9, 0xf9, 0xf9, 0x00, 0xf9, 0xf9, 0xf9, 0x00,
    0xf9, 0xf9, 0xf9, 0x00, 0xf9, 0xf9, 0xf9, 0x00, 0xf9, 0xf9, 0xf9, 0x00, 0xf9, 0xf9, 0xf9, 0x00,
    0xf9, 0xf9, 0xf9, 0x00, 0xf9, 0xf9, 0xf9, 0x00, 0xf9, 0xf9, 0xf9, 0x00, 0xf9, 0xf9, 0xf9, 0x00,
    0xf9, 0xf9, 0xf9, 0x00, 0xf9, 0xf9, 0xf9, 0x00, 0xf9, 0xf9, 0xf9, 0x00, 0xf9, 0xf9, 0xf9, 0x00,
    0xf9, 0xf9, 0xf9, 0x00, 0xf9, 0xf9, 0xf9, 0x00, 0xf9, 0xf9, 0xf9, 0x00, 0xf9, 0xf9, 0xf9, 0x00,
    0xf9, 0xf9, 0xf9, 0x00, 0xf9, 0xf9, 0xf9, 0x00, 0xf9, 0xf9, 0xf9, 0x00, 0xf9, 0xf9, 0xf9, 0x00,
    0xff, 0xff, 0xff, 0x3f, 0xff, 0xff, 0xff, 0xfe, 0xff, 0xff, 0xff, 0xff, 0xff, 0xff, 0xff, 0xfe,
    0xff, 0xff, 0xff, 0xfe, 0xff, 0xff, 0xff, 0xfe, 0xff, 0xff, 0xff, 0xfe, 0xff, 0xff, 0xff, 0xfe,
    0xff, 0xff, 0xff, 0xfe, 0xff, 0xff, 0xff, 0xff, 0xff, 0xff, 0xff, 0xff, 0xff, 0xff, 0xff, 0xfe,
    0xff, 0xff, 0xff, 0xfe, 0xff, 0xff, 0xff, 0xfe, 0xff, 0xff, 0xff, 0xff, 0xff, 0xff, 0xff, 0xfe,
    0xff, 0xff, 0xff, 0xff, 0xff, 0xff, 0xff, 0xfe, 0xff, 0xff, 0xff, 0xfe, 0xff, 0xff, 0xff, 0xfe,
    0xff, 0xff, 0xff, 0xfe, 0xff, 0xff, 0xff, 0xfe, 0xff, 0xff, 0xff, 0x8f, 0xff, 0xff, 0xff, 0x00,
    0xff, 0xff, 0xff, 0x00, 0xff, 0xff, 0xff, 0x00, 0xff, 0xff, 0xff, 0x00, 0xff, 0xff, 0xff, 0x00,
    0xff, 0xff, 0xff, 0x00, 0xff, 0xff, 0xff, 0x00, 0xff, 0xff, 0xff, 0x00, 0xff, 0xff, 0xff, 0x00,
    0xff, 0xff, 0xff, 0x9f, 0xff, 0xff, 0xff, 0xfe, 0xff, 0xff, 0xff, 0xfe, 0xff, 0xff, 0xff, 0xfe,
    0xff, 0xff, 0xff, 0xfe, 0xff, 0xff, 0xff, 0xfe, 0xff, 0xff, 0xff, 0xfe, 0xff, 0xff, 0xff, 0xff,
    0xff, 0xff, 0xff, 0xfe, 0xff, 0xff, 0xff, 0xfe, 0xff, 0xff, 0xff, 0xff, 0xff, 0xff, 0xff, 0xff,
    0xff, 0xff, 0xff, 0xfe, 0xff, 0xff, 0xff, 0xfe, 0xff, 0xff, 0xff, 0xff, 0xff, 0xff, 0xff, 0xfe,
    0xff, 0xff, 0xff, 0xfe, 0xff, 0xff, 0xff, 0xfe, 0xff, 0xff, 0xff, 0xfe, 0xff, 0xff, 0xff, 0xfe,
    0xff, 0xff, 0xff, 0xfe, 0xff, 0xff, 0xff, 0x5f, 0xff, 0xff, 0xff, 0x00, 0xff, 0xff, 0xff, 0x00,
    0xff, 0xff, 0xff, 0x00, 0xff, 0xff, 0xff, 0x00, 0xff, 0xff, 0xff, 0x00, 0xff, 0xff, 0xff, 0x00,
    0xff, 0xff, 0xff, 0x00, 0xff, 0xff, 0xff, 0x00, 0xff, 0xff, 0xff, 0x00, 0xff, 0xff, 0xff, 0x00,
    0xff, 0xff, 0xff, 0x00, 0xff, 0xff, 0xff, 0x00, 0xff, 0xff, 0xff, 0x00, 0xff, 0xff, 0xff, 0x00,
    0xff, 0xff, 0xff, 0x00, 0xff, 0xff, 0xff, 0x00, 0xff, 0xff, 0xff, 0x00, 0xff, 0xff, 0xff, 0x00,
    0xff, 0xff, 0xff, 0x00, 0xff, 0xff, 0xff, 0x00, 0xff, 0xff, 0xff, 0x00, 0xff, 0xff, 0xff, 0x00,
    0xff, 0xff, 0xff, 0x00, 0xff, 0xff, 0xff, 0x00, 0x03, 0x03, 0x03, 0x00, 0x0f, 0x0f, 0x0f, 0x00,
    0x24, 0x24, 0x24, 0x00, 0x40, 0x40, 0x40, 0x00, 0x5f, 0x5f, 0x5f, 0x00, 0x7e, 0x7e, 0x7e, 0x00,
    0x9b, 0x9b, 0x9b, 0x00, 0xb4, 0xb4, 0xb4, 0x00, 0xc8, 0xc8, 0xc8, 0x00, 0xd7, 0xd7, 0xd7, 0x00,
    0xe2, 0xe2, 0xe2, 0x00, 0xea, 0xea, 0xea, 0x00, 0xf0, 0xf0, 0xf0, 0x00, 0xf4, 0xf4, 0xf4, 0x00,
    0xf6, 0xf6, 0xf6, 0x00, 0xf8, 0xf8, 0xf8, 0x00, 0xf9, 0xf9, 0xf9, 0x00, 0xf9, 0xf9, 0xf9, 0x00,
    0xf9, 0xf9, 0xf9, 0x00, 0xf9, 0xf9, 0xf9, 0x00, 0xf9, 0xf9, 0xf9, 0x00, 0xf9, 0xf9, 0xf9, 0x00,
    0xf9, 0xf9, 0xf9, 0x00, 0xf9, 0xf9, 0xf9, 0x00, 0xf9, 0xf9, 0xf9, 0x00, 0xf9, 0xf9, 0xf9, 0x00,
    0xf9, 0xf9, 0xf9, 0x00, 0xf9, 0xf9, 0xf9, 0x00, 0xf9, 0xf9, 0xf9, 0x00, 0xf9, 0xf9, 0xf9, 0x00,
    0xf9, 0xf9, 0xf9, 0x00, 0xf9, 0xf9, 0xf9, 0x00, 0xf9, 0xf9, 0xf9, 0x00, 0xf9, 0xf9, 0xf9, 0x00,
    0xf9, 0xf9, 0xf9, 0x00, 0xf9, 0xf9, 0xf9, 0x00, 0xf9, 0xf9, 0xf9, 0x00, 0xf9, 0xf9, 0xf9, 0x00,
    0xf9, 0xf9, 0xf9, 0x00, 0xf9, 0xf9, 0xf9, 0x00, 0xff, 0xff, 0xff, 0xbf, 0xff, 0xff, 0xff, 0xfe,
    0xff, 0xff, 0xff, 0xfe, 0xff, 0xff, 0xff, 0xfe, 0xff, 0xff, 0xff, 0xfe, 0xff, 0xff, 0xff, 0xfe,
    0xff, 0xff, 0xff, 0xff, 0xff, 0xff, 0xff, 0xfe, 0xff, 0xff, 0xff, 0xfe, 0xff, 0xff, 0xff, 0xff,
    0xff, 0xff, 0xff, 0xfe, 0xff, 0xff, 0xff, 0xff, 0xff, 0xff, 0xff, 0xfe, 0xff, 0xff, 0xff, 0xfe,
    0xff, 0xff, 0xff, 0xfe, 0xff, 0xff, 0xff, 0xfe, 0xff, 0xff, 0xff, 0xfe, 0xff, 0xff, 0xff, 0xfe,
    0xff, 0xff, 0xff, 0xff, 0xff, 0xff, 0xff, 0xfe, 0xff, 0xff, 0xff, 0xfe, 0xff, 0xff, 0xff, 0xf6,
    0xff, 0xff, 0xff, 0x17, 0xff, 0xff, 0xff, 0x00, 0xff, 0xff, 0xff, 0x00, 0xff, 0xff, 0xff, 0x00,
    0xff, 0xff, 0xff, 0x00, 0xff, 0xff, 0xff, 0x00, 0xff, 0xff, 0xff, 0x00, 0xff, 0xff, 0xff, 0x00,
    0xff, 0xff, 0xff, 0x00, 0xff, 0xff, 0xff, 0x00, 0xff, 0xff, 0xff, 0x9f, 0xff, 0xff, 0xff, 0xfe,
    0xff, 0xff, 0xff, 0xfe, 0xff, 0xff, 0xff, 0xfe, 0xff, 0xff, 0xff, 0xfe, 0xff, 0xff, 0xff, 0xfe,
    0xff, 0xff, 0xff, 0xfe, 0xff, 0xff, 0xff, 0xfe, 0xff, 0xff, 0xff, 0xff, 0xff, 0xff, 0xff, 0xfe,
    0xff, 0xff, 0xff, 0xfe, 0xff, 0xff, 0xff, 0xfe, 0xff, 0xff, 0xff, 0xff, 0xff, 0xff, 0xff, 0xff,
    0xff, 0xff, 0xff, 0xfe, 0xff, 0xff, 0xff, 0xfe, 0xff, 0xff, 0xff, 0xff, 0xff, 0xff, 0xff, 0xff,
    0xff, 0xff, 0xff, 0xfe, 0xff, 0xff, 0xff, 0xfe, 0xff, 0xff, 0xff, 0xfe, 0xff, 0xff, 0xff, 0x5f,
    0xff, 0xff, 0xff, 0x00, 0xff, 0xff, 0xff, 0x00, 0xff, 0xff, 0xff, 0x00, 0xff, 0xff, 0xff, 0x00,
    0xff, 0xff, 0xff, 0x00, 0xff, 0xff, 0xff, 0x00, 0xff, 0xff, 0xff, 0x00, 0xff, 0xff, 0xff, 0x00,
    0xff, 0xff, 0xff, 0x00, 0xff, 0xff, 0xff, 0x00, 0xff, 0xff, 0xff, 0x00, 0xff, 0xff, 0xff, 0x00,
    0xff, 0xff, 0xff, 0x00, 0xff, 0xff, 0xff, 0x00, 0xff, 0xff, 0xff, 0x00, 0xff, 0xff, 0xff, 0x00,
    0xff, 0xff, 0xff, 0x00, 0xff, 0xff, 0xff, 0x00, 0xff, 0xff, 0xff, 0x00, 0xff, 0xff, 0xff, 0x00,
    0xff, 0xff, 0xff, 0x00, 0xff, 0xff, 0xff, 0x00, 0xff, 0xff, 0xff, 0x00, 0xff, 0xff, 0xff, 0x00,
    0x03, 0x03, 0x03, 0x00, 0x0f, 0x0f, 0x0f, 0x00, 0x24, 0x24, 0x24, 0x00, 0x40, 0x40, 0x40, 0x00,
    0x5f, 0x5f, 0x5f, 0x00, 0x7e, 0x7e, 0x7e, 0x00, 0x9b, 0x9b, 0x9b, 0x00, 0xb4, 0xb4, 0xb4, 0x00,
    0xc8, 0xc8, 0xc8, 0x00, 0xd7, 0xd7, 0xd7, 0x00, 0xe2, 0xe2, 0xe2, 0x00, 0xea, 0xea, 0xea, 0x00,
    0xf0, 0xf0, 0xf0, 0x00, 0xf4, 0xf4, 0xf4, 0x00, 0xf6, 0xf6, 0xf6, 0x00, 0xf8, 0xf8, 0xf8, 0x00,
    0xf9, 0xf9, 0xf9, 0x00, 0xf9, 0xf9, 0xf9, 0x00, 0xf9, 0xf9, 0xf9, 0x00, 0xf9, 0xf9, 0xf9, 0x00,
    0xf9, 0xf9, 0xf9, 0x00, 0xf9, 0xf9, 0xf9, 0x00, 0xf9, 0xf9, 0xf9, 0x00, 0xf9, 0xf9, 0xf9, 0x00,
    0xf9, 0xf9, 0xf9, 0x00, 0xf9, 0xf9, 0xf9, 0x00, 0xf9, 0xf9, 0xf9, 0x00, 0xf9, 0xf9, 0xf9, 0x00,
    0xf9, 0xf9, 0xf9, 0x00, 0xf9, 0xf9, 0xf9, 0x00, 0xf9, 0xf9, 0xf9, 0x00, 0xf9, 0xf9, 0xf9, 0x00,
    0xf9, 0xf9, 0xf9, 0x00, 0xf9, 0xf9, 0xf9, 0x00, 0xf9, 0xf9, 0xf9, 0x00, 0xf9, 0xf9, 0xf9, 0x00,
    0xf9, 0xf9, 0xf9, 0x00, 0xf9, 0xf9, 0xf9, 0x00, 0xf9, 0xf9, 0xf9, 0x00, 0xff, 0xff, 0xff, 0x3f,
    0xff, 0xff, 0xff, 0xfe, 0xff, 0xff, 0xff, 0xfe, 0xff, 0xff, 0xff, 0xfe, 0xff, 0xff, 0xff, 0xfe,
    0xff, 0xff, 0xff, 0xff, 0xff, 0xff, 0xff, 0xfe, 0xff, 0xff, 0xff, 0xff, 0xff, 0xff, 0xff, 0xff,
    0xff, 0xff, 0xff, 0xfe, 0xff, 0xff, 0xff, 0xfe, 0xff, 0xff, 0xff, 0xfe, 0xff, 0xff, 0xff, 0xfe,
    0xff, 0xff, 0xff, 0xff, 0xff, 0xff, 0xff, 0xfe, 0xff, 0xff, 0xff, 0xfe, 0xff, 0xff, 0xff, 0xff,
    0xff, 0xff, 0xff, 0xfe, 0xff, 0xff, 0xff, 0xfe, 0xff, 0xff, 0xff, 0xfe, 0xff, 0xff, 0xff, 0xfe,
    0xff, 0xff, 0xff, 0xfe, 0xff, 0xff, 0xff, 0x8e, 0xff, 0xff, 0xff, 0x00, 0xff, 0xff, 0xff, 0x00,
    0xff, 0xff, 0xff, 0x00, 0xff, 0xff, 0xff, 0x00, 0xff, 0xff, 0xff, 0x00, 0xff, 0xff, 0xff, 0x00,
    0xff, 0xff, 0xff, 0x00, 0xff, 0xff, 0xff, 0x00, 0xff, 0xff, 0xff, 0x00, 0xff, 0xff, 0xff, 0x00,
    0xff, 0xff, 0xff, 0x9f, 0xff, 0xff, 0xff, 0xfe, 0xff, 0xff, 0xff, 0xff, 0xff, 0xff, 0xff, 0xfe,
    0xff, 0xff, 0xff, 0xff, 0xff, 0xff, 0xff, 0xfe, 0xff, 0xff, 0xff, 0xfe, 0xff, 0xff, 0xff, 0xfe,
    0xff, 0xff, 0xff, 0xfe, 0xff, 0xff, 0xff, 0xfe, 0xff, 0xff, 0xff, 0xfe, 0xff, 0xff, 0xff, 0xff,
    0xff, 0xff, 0xff, 0xfe, 0xff, 0xff, 0xff, 0xfe, 0xff, 0xff, 0xff, 0xfe, 0xff, 0xff, 0xff, 0xff,
    0xff, 0xff, 0xff, 0xfe, 0xff, 0xff, 0xff, 0xff, 0xff, 0xff, 0xff, 0xff, 0xff, 0xff, 0xff, 0xfe,
    0xff, 0xff, 0xff, 0xfe, 0xff, 0xff, 0xff, 0x5f, 0xff, 0xff, 0xff, 0x00, 0xff, 0xff, 0xff, 0x00,
    0xff, 0xff, 0xff, 0x00, 0xff, 0xff, 0xff, 0x00, 0xff, 0xff, 0xff, 0x00, 0xff, 0xff, 0xff, 0x00,
    0xff, 0xff, 0xff, 0x00, 0xff, 0xff, 0xff, 0x00, 0xff, 0xff, 0xff, 0x00, 0xff, 0xff, 0xff, 0x00,
    0xff, 0xff, 0xff, 0x00, 0xff, 0xff, 0xff, 0x00, 0xff, 0xff, 0xff, 0x00, 0xff, 0xff, 0xff, 0x00,
    0xff, 0xff, 0xff, 0x00, 0xff, 0xff, 0xff, 0x00, 0xff, 0xff, 0xff, 0x00, 0xff, 0xff, 0xff, 0x00,
    0xff, 0xff, 0xff, 0x00, 0xff, 0xff, 0xff, 0x00, 0xff, 0xff, 0xff, 0x00, 0xff, 0xff, 0xff, 0x00,
    0xff, 0xff, 0xff, 0x00, 0xff, 0xff, 0xff, 0x00, 0x03, 0x03, 0x03, 0x00, 0x0f, 0x0f, 0x0f, 0x00,
    0x24, 0x24, 0x24, 0x00, 0x40, 0x40, 0x40, 0x00, 0x5f, 0x5f, 0x5f, 0x00, 0x7e, 0x7e, 0x7e, 0x00,
    0x9b, 0x9b, 0x9b, 0x00, 0xb4, 0xb4, 0xb4, 0x00, 0xc8, 0xc8, 0xc8, 0x00, 0xd7, 0xd7, 0xd7, 0x00,
    0xe2, 0xe2, 0xe2, 0x00, 0xea, 0xea, 0xea, 0x00, 0xf0, 0xf0, 0xf0, 0x00, 0xf4, 0xf4, 0xf4, 0x00,
    0xf6, 0xf6, 0xf6, 0x00, 0xf8, 0xf8, 0xf8, 0x00, 0xf9, 0xf9, 0xf9, 0x00, 0xf9, 0xf9, 0xf9, 0x00,
    0xf9, 0xf9, 0xf9, 0x00, 0xf9, 0xf9, 0xf9, 0x00, 0xf9, 0xf9, 0xf9, 0x00, 0xf9, 0xf9, 0xf9, 0x00,
    0xf9, 0xf9, 0xf9, 0x00, 0xf9, 0xf9, 0xf9, 0x00, 0xf9, 0xf9, 0xf9, 0x00, 0xf9, 0xf9, 0xf9, 0x00,
    0xf9, 0xf9, 0xf9, 0x00, 0xf9, 0xf9, 0xf9, 0x00, 0xf9, 0xf9, 0xf9, 0x00, 0xf9, 0xf9, 0xf9, 0x00,
    0xf9, 0xf9, 0xf9, 0x00, 0xf9, 0xf9, 0xf9, 0x00, 0xf9, 0xf9, 0xf9, 0x00, 0xf9, 0xf9, 0xf9, 0x00,
    0xf9, 0xf9, 0xf9, 0x00, 0xf9, 0xf9, 0xf9, 0x00, 0xf9, 0xf9, 0xf9, 0x00, 0xf9, 0xf9, 0xf9, 0x00,
    0xf9, 0xf9, 0xf9, 0x00, 0xff, 0xff, 0xff, 0xbf, 0xff, 0xff, 0xff, 0xff, 0xff, 0xff, 0xff, 0xfe,
    0xff, 0xff, 0xff, 0xfe, 0xff, 0xff, 0xff, 0xfe, 0xff, 0xff, 0xff, 0xfe, 0xff, 0xff, 0xff, 0xfe,
    0xff, 0xff, 0xff, 0xfe, 0xff, 0xff, 0xff, 0xfe, 0xff, 0xff, 0xff, 0xfe, 0xff, 0xff, 0xff, 0xff,
    0xff, 0xff, 0xff, 0xfe, 0xff, 0xff, 0xff, 0xff, 0xff, 0xff, 0xff, 0xfe, 0xff, 0xff, 0xff, 0xfe,
    0xff, 0xff, 0xff, 0xfe, 0xff, 0xff, 0xff, 0xfe, 0xff, 0xff, 0xff, 0xff, 0xff, 0xff, 0xff, 0xfe,
    0xff, 0xff, 0xff, 0xfe, 0xff, 0xff, 0xff, 0xfe, 0xff, 0xff, 0xff, 0xf7, 0xff, 0xff, 0xff, 0x18,
    0xff, 0xff, 0xff, 0x00, 0xff, 0xff, 0xff, 0x00, 0xff, 0xff, 0xff, 0x00, 0xff, 0xff, 0xff, 0x00,
    0xff, 0xff, 0xff, 0x00, 0xff, 0xff, 0xff, 0x00, 0xff, 0xff, 0xff, 0x00, 0xff, 0xff, 0xff, 0x00,
    0xff, 0xff, 0xff, 0x00, 0xff, 0xff, 0xff, 0x00, 0xff, 0xff, 0xff, 0x9f, 0xff, 0xff, 0xff, 0xff,
    0xff, 0xff, 0xff, 0xfe, 0xff, 0xff, 0xff, 0xfe, 0xff, 0xff, 0xff, 0xfe, 0xff, 0xff, 0xff, 0xfe,
    0xff, 0xff, 0xff, 0xfe, 0xff, 0xff, 0xff, 0xff, 0xff, 0xff, 0xff, 0xfe, 0xff, 0xff, 0xff, 0xfe,
    0xff, 0xff, 0xff, 0xff, 0xff, 0xff, 0xff, 0xfe, 0xff, 0xff, 0xff, 0xfe, 0xff, 0xff, 0xff, 0xff,
    0xff, 0xff, 0xff, 0xfe, 0xff, 0xff, 0xff, 0xff, 0xff, 0xff, 0xff, 0xff, 0xff, 0xff, 0xff, 0xff,
    0xff, 0xff, 0xff, 0xff, 0xff, 0xff, 0xff, 0xfe, 0xff, 0xff, 0xff, 0xfe, 0xff, 0xff, 0xff, 0x5f,
    0xff, 0xff, 0xff, 0x00, 0xff, 0xff, 0xff, 0x00, 0xff, 0xff, 0xff, 0x00, 0xff, 0xff, 0xff, 0x00,
    0xff, 0xff, 0xff, 0x00, 0xff, 0xff, 0xff, 0x00, 0xff, 0xff, 0xff, 0x00, 0xff, 0xff, 0xff, 0x00,
    0xff, 0xff, 0xff, 0x00, 0xff, 0xff, 0xff, 0x00, 0xff, 0xff, 0xff, 0x00, 0xff, 0xff, 0xff, 0x00,
    0xff, 0xff, 0xff, 0x00, 0xff, 0xff, 0xff, 0x00, 0xff, 0xff, 0xff, 0x00, 0xff, 0xff, 0xff, 0x00,
    0xff, 0xff, 0xff, 0x00, 0xff, 0xff, 0xff, 0x00, 0xff, 0xff, 0xff, 0x00, 0xff, 0xff, 0xff, 0x00,
    0xff, 0xff, 0xff, 0x00, 0xff, 0xff, 0xff, 0x00, 0xff, 0xff, 0xff, 0x00, 0xff, 0xff, 0xff, 0x00,
    0x03, 0x03, 0x03, 0x00, 0x0f, 0x0f, 0x0f, 0x00, 0x24, 0x24, 0x24, 0x00, 0x40, 0x40, 0x40, 0x00,
    0x5f, 0x5f, 0x5f, 0x00, 0x7e, 0x7e, 0x7e, 0x00, 0x9b, 0x9b, 0x9b, 0x00, 0xb4, 0xb4, 0xb4, 0x00,
    0xc8, 0xc8, 0xc8, 0x00, 0xd7, 0xd7, 0xd7, 0x00, 0xe2, 0xe2, 0xe2, 0x00, 0xea, 0xea, 0xea, 0x00,
    0xf0, 0xf0, 0xf0, 0x00, 0xf4, 0xf4, 0xf4, 0x00, 0xf6, 0xf6, 0xf6, 0x00, 0xf8, 0xf8, 0xf8, 0x00,
    0xf9, 0xf9, 0xf9, 0x00, 0xf9, 0xf9, 0xf9, 0x00, 0xf9, 0xf9, 0xf9, 0x00, 0xf9, 0xf9, 0xf9, 0x00,
    0xf9, 0xf9, 0xf9, 0x00, 0xf9, 0xf9, 0xf9, 0x00, 0xf9, 0xf9, 0xf9, 0x00, 0xf9, 0xf9, 0xf9, 0x00,
    0xf9, 0xf9, 0xf9, 0x00, 0xf9, 0xf9, 0xf9, 0x00, 0xf9, 0xf9, 0xf9, 0x00, 0xf9, 0xf9, 0xf9, 0x00,
    0xf9, 0xf9, 0xf9, 0x00, 0xf9, 0xf9, 0xf9, 0x00, 0xf9, 0xf9, 0xf9, 0x00, 0xf9, 0xf9, 0xf9, 0x00,
    0xf9, 0xf9, 0xf9, 0x00, 0xf9, 0xf9, 0xf9, 0x00, 0xf9, 0xf9, 0xf9, 0x00, 0xf9, 0xf9, 0xf9, 0x00,
    0xf9, 0xf9, 0xf9, 0x00, 0xf9, 0xf9, 0xf9, 0x00, 0xff, 0xff, 0xff, 0x3f, 0xff, 0xff, 0xff, 0xfe,
    0xff, 0xff, 0xff, 0xfe, 0xff, 0xff, 0xff, 0xfe, 0xff, 0xff, 0xff, 0xfe, 0xff, 0xff, 0xff, 0xfe,
    0xff, 0xff, 0xff, 0xfe, 0xff, 0xff, 0xff, 0xfe, 0xff, 0xff, 0xff, 0xfe, 0xff, 0xff, 0xff, 0xff,
    0xff, 0xff, 0xff, 0xfe, 0xff, 0xff, 0xff, 0xff, 0xff, 0xff, 0xff, 0xfe, 0xff, 0xff, 0xff, 0xfe,
    0xff, 0xff, 0xff, 0xfe, 0xff, 0xff, 0xff, 0xfe, 0xff, 0xff, 0xff, 0xfe, 0xff, 0xff, 0xff, 0xfe,
    0xff, 0xff, 0xff, 0xff, 0xff, 0xff, 0xff, 0xfe, 0xff, 0xff, 0xff, 0xff, 0xff, 0xff, 0xff, 0xfe,
    0xff, 0xff, 0xff, 0x8f, 0xff, 0xff, 0xff, 0x00, 0xff, 0xff, 0xff, 0x00, 0xff, 0xff, 0xff, 0x00,
    0xff, 0xff, 0xff, 0x00, 0xff, 0xff, 0xff, 0x00, 0xff, 0xff, 0xff, 0x00, 0xff, 0xff, 0xff, 0x00,
    0xff, 0xff, 0xff, 0x00, 0xff, 0xff, 0xff, 0x00, 0xff, 0xff, 0xff, 0x00, 0xff, 0xff, 0xff, 0x00,
    0xff, 0xff, 0xff, 0x9f, 0xff, 0xff, 0xff, 0xfe, 0xff, 0xff, 0xff, 0xfe, 0xff, 0xff, 0xff, 0xfe,
    0xff, 0xff, 0xff, 0xfe, 0xff, 0xff, 0xff, 0xfe, 0xff, 0xff, 0xff, 0xfe, 0xff, 0xff, 0xff, 0xfe,
    0xff, 0xff, 0xff, 0xff, 0xff, 0xff, 0xff, 0xff, 0xff, 0xff, 0xff, 0xfe, 0xff, 0xff, 0xff, 0xfe,
    0xff, 0xff, 0xff, 0xff, 0xff, 0xff, 0xff, 0xfe, 0xff, 0xff, 0xff, 0xfe, 0xff, 0xff, 0xff, 0xfe,
    0xff, 0xff, 0xff, 0xfe, 0xff, 0xff, 0xff, 0xfe, 0xff, 0xff, 0xff, 0xfe, 0xff, 0xff, 0xff, 0xfe,
    0xff, 0xff, 0xff, 0xfe, 0xff, 0xff, 0xff, 0x5f, 0xff, 0xff, 0xff, 0x00, 0xff, 0xff, 0xff, 0x00,
    0xff, 0xff, 0xff, 0x00, 0xff, 0xff, 0xff, 0x00, 0xff, 0xff, 0xff, 0x00, 0xff, 0xff, 0xff, 0x00,
    0xff, 0xff, 0xff, 0x00, 0xff, 0xff, 0xff, 0x00, 0xff, 0xff, 0xff, 0x00, 0xff, 0xff, 0xff, 0x00,
    0xff, 0xff, 0xff, 0x00, 0xff, 0xff, 0xff, 0x00, 0xff, 0xff, 0xff, 0x00, 0xff, 0xff, 0xff, 0x00,
    0xff, 0xff, 0xff, 0x00, 0xff, 0xff, 0xff, 0x00, 0xff, 0xff, 0xff, 0x00, 0xff, 0xff, 0xff, 0x00,
    0xff, 0xff, 0xff, 0x00, 0xff, 0xff, 0xff, 0x00, 0xff, 0xff, 0xff, 0x00, 0xff, 0xff, 0xff, 0x00,
    0xff, 0xff, 0xff, 0x00, 0xff, 0xff, 0xff, 0x00, 0x03, 0x03, 0x03, 0x00, 0x0f, 0x0f, 0x0f, 0x00,
    0x24, 0x24, 0x24, 0x00, 0x40, 0x40, 0x40, 0x00, 0x5f, 0x5f, 0x5f, 0x00, 0x7e, 0x7e, 0x7e, 0x00,
    0x9b, 0x9b, 0x9b, 0x00, 0xb4, 0xb4, 0xb4, 0x00, 0xc8, 0xc8, 0xc8, 0x00, 0xd7, 0xd7, 0xd7, 0x00,
    0xe2, 0xe2, 0xe2, 0x00, 0xea, 0xea, 0xea, 0x00, 0xf0, 0xf0, 0xf0, 0x00, 0xf4, 0xf4, 0xf4, 0x00,
    0xf6, 0xf6, 0xf6, 0x00, 0xf8, 0xf8, 0xf8, 0x00, 0xf9, 0xf9, 0xf9, 0x00, 0xf9, 0xf9, 0xf9, 0x00,
    0xf9, 0xf9, 0xf9, 0x00, 0xf9, 0xf9, 0xf9, 0x00, 0xf9, 0xf9, 0xf9, 0x00, 0xf9, 0xf9, 0xf9, 0x00,
    0xf9, 0xf9, 0xf9, 0x00, 0xf9, 0xf9, 0xf9, 0x00, 0xf9, 0xf9, 0xf9, 0x00, 0xf9, 0xf9, 0xf9, 0x00,
    0xf9, 0xf9, 0xf9, 0x00, 0xf9, 0xf9, 0xf9, 0x00, 0xf9, 0xf9, 0xf9, 0x00, 0xf9, 0xf9, 0xf9, 0x00,
    0xf9, 0xf9, 0xf9, 0x00, 0xf9, 0xf9, 0xf9, 0x00, 0xf9, 0xf9, 0xf9, 0x00, 0xf9, 0xf9, 0xf9, 0x00,
    0xf9, 0xf9, 0xf9, 0x00, 0xf9, 0xf9, 0xf9, 0x00, 0xf9, 0xf9, 0xf9, 0x00, 0xf9, 0xf9, 0xf9, 0x00,
    0xff, 0xff, 0xff, 0xbf, 0xff, 0xff, 0xff, 0xff, 0xff, 0xff, 0xff, 0xff, 0xff, 0xff, 0xff, 0xfe,
    0xff, 0xff, 0xff, 0xfe, 0xff, 0xff, 0xff, 0xff, 0xff, 0xff, 0xff, 0xfe, 0xff, 0xff, 0xff, 0xfe,
    0xff, 0xff, 0xff, 0xff, 0xff, 0xff, 0xff, 0xff, 0xff, 0xff, 0xff, 0xfe, 0xff, 0xff, 0xff, 0xfe,
    0xff, 0xff, 0xff, 0xff, 0xff, 0xff, 0xff, 0xfe, 0xff, 0xff, 0xff, 0xfe, 0xff, 0xff, 0xff, 0xfe,
    0xff, 0xff, 0xff, 0xff, 0xff, 0xff, 0xff, 0xff, 0xff, 0xff, 0xff, 0xfe, 0xff, 0xff, 0xff, 0xfe,
    0xff, 0xff, 0xff, 0xfe, 0xff, 0xff, 0xff, 0xf6, 0xff, 0xff, 0xff, 0x17, 0xff, 0xff, 0xff, 0x00,
    0xff, 0xff, 0xff, 0x00, 0xff, 0xff, 0xff, 0x00, 0xff, 0xff, 0xff, 0x00, 0xff, 0xff, 0xff, 0x00,
    0xff, 0xff, 0xff, 0x00, 0xff, 0xff, 0xff, 0x00, 0xff, 0xff, 0xff, 0x00, 0xff, 0xff, 0xff, 0x00,
    0xff, 0xff, 0xff, 0x00, 0xff, 0xff, 0xff, 0x00, 0xff, 0xff, 0xff, 0x9f, 0xff, 0xff, 0xff, 0xfe,
    0xff, 0xff, 0xff, 0xfe, 0xff, 0xff, 0xff, 0xfe, 0xff, 0xff, 0xff, 0xff, 0xff, 0xff, 0xff, 0xfe,
    0xff, 0xff, 0xff, 0xfe, 0xff, 0xff, 0xff, 0xfe, 0xff, 0xff, 0xff, 0xfe, 0xff, 0xff, 0xff, 0xfe,
    0xff, 0xff, 0xff, 0xfe, 0xff, 0xff, 0xff, 0xfe, 0xff, 0xff, 0xff, 0xfe, 0xff, 0xff, 0xff, 0xff,
    0xff, 0xff, 0xff, 0xfe, 0xff, 0xff, 0xff, 0xfe, 0xff, 0xff, 0xff, 0xfe, 0xff, 0xff, 0xff, 0xff,
    0xff, 0xff, 0xff, 0xff, 0xff, 0xff, 0xff, 0xfe, 0xff, 0xff, 0xff, 0xfe, 0xff, 0xff, 0xff, 0x5f,
    0xff, 0xff, 0xff, 0x00, 0xff, 0xff, 0xff, 0x00, 0xff, 0xff, 0xff, 0x00, 0xff, 0xff, 0xff, 0x00,
    0xff, 0xff, 0xff, 0x00, 0xff, 0xff, 0xff, 0x00, 0xff, 0xff, 0xff, 0x00, 0xff, 0xff, 0xff, 0x00,
    0xff, 0xff, 0xff, 0x00, 0xff, 0xff, 0xff, 0x00, 0xff, 0xff, 0xff, 0x00, 0xff, 0xff, 0xff, 0x00,
    0xff, 0xff, 0xff, 0x00, 0xff, 0xff, 0xff, 0x00, 0xff, 0xff, 0xff, 0x00, 0xff, 0xff, 0xff, 0x00,
    0xff, 0xff, 0xff, 0x00, 0xff, 0xff, 0xff, 0x00, 0xff, 0xff, 0xff, 0x00, 0xff, 0xff, 0xff, 0x00,
    0xff, 0xff, 0xff, 0x00, 0xff, 0xff, 0xff, 0x00, 0xff, 0xff, 0xff, 0x00, 0xff, 0xff, 0xff, 0x00,
    0x03, 0x03, 0x03, 0x00, 0x0f, 0x0f, 0x0f, 0x00, 0x24, 0x24, 0x24, 0x00, 0x40, 0x40, 0x40, 0x00,
    0x5f, 0x5f, 0x5f, 0x00, 0x7e, 0x7e, 0x7e, 0x00, 0x9b, 0x9b, 0x9b, 0x00, 0xb4, 0xb4, 0xb4, 0x00,
    0xc8, 0xc8, 0xc8, 0x00, 0xd7, 0xd7, 0xd7, 0x00, 0xe2, 0xe2, 0xe2, 0x00, 0xea, 0xea, 0xea, 0x00,
    0xf0, 0xf0, 0xf0, 0x00, 0xf4, 0xf4, 0xf4, 0x00, 0xf6, 0xf6, 0xf6, 0x00, 0xf8, 0xf8, 0xf8, 0x00,
    0xf9, 0xf9, 0xf9, 0x00, 0xf9, 0xf9, 0xf9, 0x00, 0xf9, 0xf9, 0xf9, 0x00, 0xf9, 0xf9, 0xf9, 0x00,
    0xf9, 0xf9, 0xf9, 0x00, 0xf9, 0xf9, 0xf9, 0x00, 0xf9, 0xf9, 0xf9, 0x00, 0xf9, 0xf9, 0xf9, 0x00,
    0xf9, 0xf9, 0xf9, 0x00, 0xf9, 0xf9, 0xf9, 0x00, 0xf9, 0xf9, 0xf9, 0x00, 0xf9, 0xf9, 0xf9, 0x00,
    0xf9, 0xf9, 0xf9, 0x00, 0xf9, 0xf9, 0xf9, 0x00, 0xf9, 0xf9, 0xf9, 0x00, 0xf9, 0xf9, 0xf9, 0x00,
    0xf9, 0xf9, 0xf9, 0x00, 0xf9, 0xf9, 0xf9, 0x00, 0xf9, 0xf9, 0xf9, 0x00, 0xf9, 0xf9, 0xf9, 0x00,
    0xf9, 0xf9, 0xf9, 0x00, 0xff, 0xff, 0xff, 0x3f, 0xff, 0xff, 0xff, 0xfe, 0xff, 0xff, 0xff, 0xfe,
    0xff, 0xff, 0xff, 0xfe, 0xff, 0xff, 0xff, 0xfe, 0xff, 0xff, 0xff, 0xfe, 0xff, 0xff, 0xff, 0xfe,
    0xff, 0xff, 0xff, 0xfe, 0xff, 0xff, 0xff, 0xfe, 0xff, 0xff, 0xff, 0xfe, 0xff, 0xff, 0xff, 0xfe,
    0xff, 0xff, 0xff, 0xfe, 0xff, 0xff, 0xff, 0xff, 0xff, 0xff, 0xff, 0xfe, 0xff, 0xff, 0xff, 0xff,
    0xff, 0xff, 0xff, 0xff, 0xff, 0xff, 0xff, 0xff, 0xff, 0xff, 0xff, 0xff, 0xff, 0xff, 0xff, 0xff,
    0xff, 0xff, 0xff, 0xfe, 0xff, 0xff, 0xff, 0xff, 0xff, 0xff, 0xff, 0xfe, 0xff, 0xff, 0xff, 0x8f,
    0xff, 0xff, 0xff, 0x00, 0xff, 0xff, 0xff, 0x00, 0xff, 0xff, 0xff, 0x00, 0xff, 0xff, 0xff, 0x00,
    0xff, 0xff, 0xff, 0x00, 0xff, 0xff, 0xff, 0x00, 0xff, 0xff, 0xff, 0x00, 0xff, 0xff, 0xff, 0x00,
    0xff, 0xff, 0xff, 0x00, 0xff, 0xff, 0xff, 0x00, 0xff, 0xff, 0xff, 0x00, 0xff, 0xff, 0xff, 0x00,
    0xff, 0xff, 0xff, 0x9f, 0xff, 0xff, 0xff, 0xfe, 0xff, 0xff, 0xff, 0xfe, 0xff, 0xff, 0xff, 0xfe,
    0xff, 0xff, 0xff, 0xfe, 0xff, 0xff, 0xff, 0xfe, 0xff, 0xff, 0xff, 0xff, 0xff, 0xff, 0xff, 0xfe,
    0xff, 0xff, 0xff, 0xfe, 0xff, 0xff, 0xff, 0xfe, 0xff, 0xff, 0xff, 0xfe, 0xff, 0xff, 0xff, 0xfe,
    0xff, 0xff, 0xff, 0xfe, 0xff, 0xff, 0xff, 0xfe, 0xff, 0xff, 0xff, 0xfe, 0xff, 0xff, 0xff, 0xfe,
    0xff, 0xff, 0xff, 0xfe, 0xff, 0xff, 0xff, 0xff, 0xff, 0xff, 0xff, 0xff, 0xff, 0xff, 0xff, 0xfe,
    0xff, 0xff, 0xff, 0xfe, 0xff, 0xff, 0xff, 0x5f, 0xff, 0xff, 0xff, 0x00, 0xff, 0xff, 0xff, 0x00,
    0xff, 0xff, 0xff, 0x00, 0xff, 0xff, 0xff, 0x00, 0xff, 0xff, 0xff, 0x00, 0xff, 0xff, 0xff, 0x00,
    0xff, 0xff, 0xff, 0x00, 0xff, 0xff, 0xff, 0x00, 0xff, 0xff, 0xff, 0x00, 0xff, 0xff, 0xff, 0x00,
    0xff, 0xff, 0xff, 0x00, 0xff, 0xff, 0xff, 0x00, 0xff, 0xff, 0xff, 0x00, 0xff, 0xff, 0xff, 0x00,
    0xff, 0xff, 0xff, 0x00, 0xff, 0xff, 0xff, 0x00, 0xff, 0xff, 0xff, 0x00, 0xff, 0xff, 0xff, 0x00,
    0xff, 0xff, 0xff, 0x00, 0xff, 0xff, 0xff, 0x00, 0xff, 0xff, 0xff, 0x00, 0xff, 0xff, 0xff, 0x00,
    0xff, 0xff, 0xff, 0x00, 0xff, 0xff, 0xff, 0x00, 0x03, 0x03, 0x03, 0x00, 0x0f, 0x0f, 0x0f, 0x00,
    0x24, 0x24, 0x24, 0x00, 0x40, 0x40, 0x40, 0x00, 0x5f, 0x5f, 0x5f, 0x00, 0x7e, 0x7e, 0x7e, 0x00,
    0x9b, 0x9b, 0x9b, 0x00, 0xb4, 0xb4, 0xb4, 0x00, 0xc8, 0xc8, 0xc8, 0x00, 0xd7, 0xd7, 0xd7, 0x00,
    0xe2, 0xe2, 0xe2, 0x00, 0xea, 0xea, 0xea, 0x00, 0xf0, 0xf0, 0xf0, 0x00, 0xf4, 0xf4, 0xf4, 0x00,
    0xf6, 0xf6, 0xf6, 0x00, 0xf8, 0xf8, 0xf8, 0x00, 0xf9, 0xf9, 0xf9, 0x00, 0xf9, 0xf9, 0xf9, 0x00,
    0xf9, 0xf9, 0xf9, 0x00, 0xf9, 0xf9, 0xf9, 0x00, 0xf9, 0xf9, 0xf9, 0x00, 0xf9, 0xf9, 0xf9, 0x00,
    0xf9, 0xf9, 0xf9, 0x00, 0xf9, 0xf9, 0xf9, 0x00, 0xf9, 0xf9, 0xf9, 0x00, 0xf9, 0xf9, 0xf9, 0x00,
    0xf9, 0xf9, 0xf9, 0x00, 0xf9, 0xf9, 0xf9, 0x00, 0xf9, 0xf9, 0xf9, 0x00, 0xf9, 0xf9, 0xf9, 0x00,
    0xf9, 0xf9, 0xf9, 0x00, 0xf9, 0xf9, 0xf9, 0x00, 0xf9, 0xf9, 0xf9, 0x00, 0xf9, 0xf9, 0xf9, 0x00,
    0xf9, 0xf9, 0xf9, 0x00, 0xf9, 0xf9, 0xf9, 0x00, 0xf9, 0xf9, 0xf9, 0x00, 0xff, 0xff, 0xff, 0xbf,
    0xff, 0xff, 0xff, 0xfe, 0xff, 0xff, 0xff, 0xfe, 0xff, 0xff, 0xff, 0xfe, 0xff, 0xff, 0xff, 0xfe,
    0xff, 0xff, 0xff, 0xfe, 0xff, 0xff, 0xff, 0xfe, 0xff, 0xff, 0xff, 0xfe, 0xff, 0xff, 0xff, 0xfe,
    0xff, 0xff, 0xff, 0xfe, 0xff, 0xff, 0xff, 0xfe, 0xff, 0xff, 0xff, 0xff, 0xff, 0xff, 0xff, 0xfe,
    0xff, 0xff, 0xff, 0xff, 0xff, 0xff, 0xff, 0xfe, 0xff, 0xff, 0xff, 0xfe, 0xff, 0xff, 0xff, 0xfe,
    0xff, 0xff, 0xff, 0xfe, 0xff, 0xff, 0xff, 0xff, 0xff, 0xff, 0xff, 0xfe, 0xff, 0xff, 0xff, 0xfe,
    0xff, 0xff, 0xff, 0xf6, 0xff, 0xff, 0xff, 0x20, 0xff, 0xff, 0xff, 0x00, 0xff, 0xff, 0xff, 0x00,
    0xff, 0xff, 0xff, 0x00, 0xff, 0xff, 0xff, 0x00, 0xff, 0xff, 0xff, 0x00, 0xff, 0xff, 0xff, 0x00,
    0xff, 0xff, 0xff, 0x00, 0xff, 0xff, 0xff, 0x00, 0xff, 0xff, 0xff, 0x00, 0xff, 0xff, 0xff, 0x00,
    0xff, 0xff, 0xff, 0x00, 0xff, 0xff, 0xff, 0x00, 0xff, 0xff, 0xff, 0x9f, 0xff, 0xff, 0xff, 0xfe,
    0xff, 0xff, 0xff, 0xff, 0xff, 0xff, 0xff, 0xfe, 0xff, 0xff, 0xff, 0xfe, 0xff, 0xff, 0xff, 0xff,
    0xff, 0xff, 0xff, 0xfe, 0xff, 0xff, 0xff, 0xfe, 0xff, 0xff, 0xff, 0xfe, 0xff, 0xff, 0xff, 0xfe,
    0xff, 0xff, 0xff, 0xfe, 0xff, 0xff, 0xff, 0xfe, 0xff, 0xff, 0xff, 0xfe, 0xff, 0xff, 0xff, 0xff,
    0xff, 0xff, 0xff, 0xfe, 0xff, 0xff, 0xff, 0xfe, 0xff, 0xff, 0xff, 0xff, 0xff, 0xff, 0xff, 0xfe,
    0xff, 0xff, 0xff, 0xfe, 0xff, 0xff, 0xff, 0xfe, 0xff, 0xff, 0xff, 0xfe, 0xff, 0xff, 0xff, 0x5f,
    0xff, 0xff, 0xff, 0x00, 0xff, 0xff, 0xff, 0x00, 0xff, 0xff, 0xff, 0x00, 0xff, 0xff, 0xff, 0x00,
    0xff, 0xff, 0xff, 0x00, 0xff, 0xff, 0xff, 0x00, 0xff, 0xff, 0xff, 0x00, 0xff, 0xff, 0xff, 0x00,
    0xff, 0xff, 0xff, 0x00, 0xff, 0xff, 0xff, 0x00, 0xff, 0xff, 0xff, 0x00, 0xff, 0xff, 0xff, 0x00,
    0xff, 0xff, 0xff, 0x00, 0xff, 0xff, 0xff, 0x00, 0xff, 0xff, 0xff, 0x00, 0xff, 0xff, 0xff, 0x00,
    0xff, 0xff, 0xff, 0x00, 0xff, 0xff, 0xff, 0x00, 0xff, 0xff, 0xff, 0x00, 0xff, 0xff, 0xff, 0x00,
    0xff, 0xff, 0xff, 0x00, 0xff, 0xff, 0xff, 0x00, 0xff, 0xff, 0xff, 0x00, 0xff, 0xff, 0xff, 0x00,
    0x03, 0x03, 0x03, 0x00, 0x0f, 0x0f, 0x0f, 0x00, 0x24, 0x24, 0x24, 0x00, 0x40, 0x40, 0x40, 0x00,
    0x5f, 0x5f, 0x5f, 0x00, 0x7e, 0x7e, 0x7e, 0x00, 0x9b, 0x9b, 0x9b, 0x00, 0xb4, 0xb4, 0xb4, 0x00,
    0xc8, 0xc8, 0xc8, 0x00, 0xd7, 0xd7, 0xd7, 0x00, 0xe2, 0xe2, 0xe2, 0x00, 0xea, 0xea, 0xea, 0x00,
    0xf0, 0xf0, 0xf0, 0x00, 0xf4, 0xf4, 0xf4, 0x00, 0xf6, 0xf6, 0xf6, 0x00, 0xf8, 0xf8, 0xf8, 0x00,
    0xf9, 0xf9, 0xf9, 0x00, 0xf9, 0xf9, 0xf9, 0x00, 0xf9, 0xf9, 0xf9, 0x00, 0xf9, 0xf9, 0xf9, 0x00,
    0xf9, 0xf9, 0xf9, 0x00, 0xf9, 0xf9, 0xf9, 0x00, 0xf9, 0xf9, 0xf9, 0x00, 0xf9, 0xf9, 0xf9, 0x00,
    0xf9, 0xf9, 0xf9, 0x00, 0xf9, 0xf9, 0xf9, 0x00, 0xf9, 0xf9, 0xf9, 0x00, 0xf9, 0xf9, 0xf9, 0x00,
    0xf9, 0xf9, 0xf9, 0x00, 0xf9, 0xf9, 0xf9, 0x00, 0xf9, 0xf9, 0xf9, 0x00, 0xf9, 0xf9, 0xf9, 0x00,
    0xf9, 0xf9, 0xf9, 0x00, 0xf9, 0xf9, 0xf9, 0x00, 0xf9, 0xf9, 0xf9, 0x00, 0xf9, 0xf9, 0xf9, 0x00,
    0xff, 0xff, 0xff, 0x3f, 0xff, 0xff, 0xff, 0xfe, 0xff, 0xff, 0xff, 0xfe, 0xff, 0xff, 0xff, 0xfe,
    0xff, 0xff, 0xff, 0xfe, 0xff, 0xff, 0xff, 0xfe, 0xff, 0xff, 0xff, 0xfe, 0xff, 0xff, 0xff, 0xfe,
    0xff, 0xff, 0xff, 0xfe, 0xff, 0xff, 0xff, 0xfe, 0xff, 0xff, 0xff, 0xfe, 0xff, 0xff, 0xff, 0xff,
    0xff, 0xff, 0xff, 0xfe, 0xff, 0xff, 0xff, 0xfe, 0xff, 0xff, 0xff, 0xfe, 0xff, 0xff, 0xff, 0xff,
    0xff, 0xff, 0xff, 0xfe, 0xff, 0xff, 0xff, 0xfe, 0xff, 0xff, 0xff, 0xfe, 0xff, 0xff, 0xff, 0xff,
    0xff, 0xff, 0xff, 0xfe, 0xff, 0xff, 0xff, 0xff, 0xff, 0xff, 0xff, 0x9f, 0xff, 0xff, 0xff, 0x00,
    0xff, 0xff, 0xff, 0x00, 0xff, 0xff, 0xff, 0x00, 0xff, 0xff, 0xff, 0x00, 0xff, 0xff, 0xff, 0x00,
    0xff, 0xff, 0xff, 0x00, 0xff, 0xff, 0xff, 0x00, 0xff, 0xff, 0xff, 0x00, 0xff, 0xff, 0xff, 0x00,
    0xff, 0xff, 0xff, 0x00, 0xff, 0xff, 0xff, 0x00, 0xff, 0xff, 0xff, 0x00, 0xff, 0xff, 0xff, 0x00,
    0xff, 0xff, 0xff, 0x9f, 0xff, 0xff, 0xff, 0xfe, 0xff, 0xff, 0xff, 0xfe, 0xff, 0xff, 0xff, 0xfe,
    0xff, 0xff, 0xff, 0xfe, 0xff, 0xff, 0xff, 0xff, 0xff, 0xff, 0xff, 0xfe, 0xff, 0xff, 0xff, 0xfe,
    0xff, 0xff, 0xff, 0xfe, 0xff, 0xff, 0xff, 0xff, 0xff, 0xff, 0xff, 0xfe, 0xff, 0xff, 0xff, 0xff,
    0xff, 0xff, 0xff, 0xff, 0xff, 0xff, 0xff, 0xfe, 0xff, 0xff, 0xff, 0xfe, 0xff, 0xff, 0xff, 0xfe,
    0xff, 0xff, 0xff, 0xfe, 0xff, 0xff, 0xff, 0xff, 0xff, 0xff, 0xff, 0xff, 0xff, 0xff, 0xff, 0xff,
    0xff, 0xff, 0xff, 0xfe, 0xff, 0xff, 0xff, 0x5f, 0xff, 0xff, 0xff, 0x00, 0xff, 0xff, 0xff, 0x00,
    0xff, 0xff, 0xff, 0x00, 0xff, 0xff, 0xff, 0x00, 0xff, 0xff, 0xff, 0x00, 0xff, 0xff, 0xff, 0x00,
    0xff, 0xff, 0xff, 0x00, 0xff, 0xff, 0xff, 0x00, 0xff, 0xff, 0xff, 0x00, 0xff, 0xff, 0xff, 0x00,
    0xff, 0xff, 0xff, 0x00, 0xff, 0xff, 0xff, 0x00, 0xff, 0xff, 0xff, 0x00, 0xff, 0xff, 0xff, 0x00,
    0xff, 0xff, 0xff, 0x00, 0xff, 0xff, 0xff, 0x00, 0xff, 0xff, 0xff, 0x00, 0xff, 0xff, 0xff, 0x00,
    0xff, 0xff, 0xff, 0x00, 0xff, 0xff, 0xff, 0x00, 0xff, 0xff, 0xff, 0x00, 0xff, 0xff, 0xff, 0x00,
    0xff, 0xff, 0xff, 0x00, 0xff, 0xff, 0xff, 0x00, 0x03, 0x03, 0x03, 0x00, 0x0f, 0x0f, 0x0f, 0x00,
    0x24, 0x24, 0x24, 0x00, 0x40, 0x40, 0x40, 0x00, 0x5f, 0x5f, 0x5f, 0x00, 0x7e, 0x7e, 0x7e, 0x00,
    0x9b, 0x9b, 0x9b, 0x00, 0xb4, 0xb4, 0xb4, 0x00, 0xc8, 0xc8, 0xc8, 0x00, 0xd7, 0xd7, 0xd7, 0x00,
    0xe2, 0xe2, 0xe2, 0x00, 0xea, 0xea, 0xea, 0x00, 0xf0, 0xf0, 0xf0, 0x00, 0xf4, 0xf4, 0xf4, 0x00,
    0xf6, 0xf6, 0xf6, 0x00, 0xf8, 0xf8, 0xf8, 0x00, 0xf9, 0xf9, 0xf9, 0x00, 0xf9, 0xf9, 0xf9, 0x00,
    0xf9, 0xf9, 0xf9, 0x00, 0xf9, 0xf9, 0xf9, 0x00, 0xf9, 0xf9, 0xf9, 0x00, 0xf9, 0xf9, 0xf9, 0x00,
    0xf9, 0xf9, 0xf9, 0x00, 0xf9, 0xf9, 0xf9, 0x00, 0xf9, 0xf9, 0xf9, 0x00, 0xf9, 0xf9, 0xf9, 0x00,
    0xf9, 0xf9, 0xf9, 0x00, 0xf9, 0xf9, 0xf9, 0x00, 0xf9, 0xf9, 0xf9, 0x00, 0xf9, 0xf9, 0xf9, 0x00,
    0xf9, 0xf9, 0xf9, 0x00, 0xf9, 0xf9, 0xf9, 0x00, 0xf9, 0xf9, 0xf9, 0x00, 0xf9, 0xf9, 0xf9, 0x00,
    0xf9, 0xf9, 0xf9, 0x00, 0xf9, 0xf9, 0xf9, 0x00, 0xff, 0xff, 0xff, 0xbf, 0xff, 0xff, 0xff, 0xfe,
    0xff, 0xff, 0xff, 0xff, 0xff, 0xff, 0xff, 0xfe, 0xff, 0xff, 0xff, 0xff, 0xff, 0xff, 0xff, 0xff,
    0xff, 0xff, 0xff, 0xfe, 0xff, 0xff, 0xff, 0xfe, 0xff, 0xff, 0xff, 0xfe, 0xff, 0xff, 0xff, 0xff,
    0xff, 0xff, 0xff, 0xfe, 0xff, 0xff, 0xff, 0xfe, 0xff, 0xff, 0xff, 0xfe, 0xff, 0xff, 0xff, 0xff,
    0xff, 0xff, 0xff, 0xff, 0xff, 0xff, 0xff, 0xfe, 0xff, 0xff, 0xff, 0xfe, 0xff, 0xff, 0xff, 0xfe,
    0xff, 0xff, 0xff, 0xff, 0xff, 0xff, 0xff, 0xff, 0xff, 0xff, 0xff, 0xff, 0xff, 0xff, 0xff, 0xfe,
    0xff, 0xff, 0xff, 0x28, 0xff, 0xff, 0xff, 0x00, 0xff, 0xff, 0xff, 0x00, 0xff, 0xff, 0xff, 0x00,
    0xff, 0xff, 0xff, 0x00, 0xff, 0xff, 0xff, 0x00, 0xff, 0xff, 0xff, 0x00, 0xff, 0xff, 0xff, 0x00,
    0xff, 0xff, 0xff, 0x00, 0xff, 0xff, 0xff, 0x00, 0xff, 0xff, 0xff, 0x00, 0xff, 0xff, 0xff, 0x00,
    0xff, 0xff, 0xff, 0x00, 0xff, 0xff, 0xff, 0x00, 0xff, 0xff, 0xff, 0x9f, 0xff, 0xff, 0xff, 0xfe,
    0xff, 0xff, 0xff, 0xfe, 0xff, 0xff, 0xff, 0xfe, 0xff, 0xff, 0xff, 0xfe, 0xff, 0xff, 0xff, 0xfe,
    0xff, 0xff, 0xff, 0xfe, 0xff, 0xff, 0xff, 0xfe, 0xff, 0xff, 0xff, 0xff, 0xff, 0xff, 0xff, 0xfe,
    0xff, 0xff, 0xff, 0xfe, 0xff, 0xff, 0xff, 0xfe, 0xff, 0xff, 0xff, 0xfe, 0xff, 0xff, 0xff, 0xfe,
    0xff, 0xff, 0xff, 0xfe, 0xff, 0xff, 0xff, 0xff, 0xff, 0xff, 0xff, 0xfe, 0xff, 0xff, 0xff, 0xff,
    0xff, 0xff, 0xff, 0xfe, 0xff, 0xff, 0xff, 0xff, 0xff, 0xff, 0xff, 0xfe, 0xff, 0xff, 0xff, 0x5f,
    0xff, 0xff, 0xff, 0x00, 0xff, 0xff, 0xff, 0x00, 0xff, 0xff, 0xff, 0x00, 0xff, 0xff, 0xff, 0x00,
    0xff, 0xff, 0xff, 0x00, 0xff, 0xff, 0xff, 0x00, 0xff, 0xff, 0xff, 0x00, 0xff, 0xff, 0xff, 0x00,
    0xff, 0xff, 0xff, 0x00, 0xff, 0xff, 0xff, 0x00, 0xff, 0xff, 0xff, 0x00, 0xff, 0xff, 0xff, 0x00,
    0xff, 0xff, 0xff, 0x00, 0xff, 0xff, 0xff, 0x00, 0xff, 0xff, 0xff, 0x00, 0xff, 0xff, 0xff, 0x00,
    0xff, 0xff, 0xff, 0x00, 0xff, 0xff, 0xff, 0x00, 0xff, 0xff, 0xff, 0x00, 0xff, 0xff, 0xff, 0x00,
    0xff, 0xff, 0xff, 0x00, 0xff, 0xff, 0xff, 0x00, 0xff, 0xff, 0xff, 0x00, 0xff, 0xff, 0xff, 0x00,
    0x03, 0x03, 0x03, 0x00, 0x0f, 0x0f, 0x0f, 0x00, 0x24, 0x24, 0x24, 0x00, 0x40, 0x40, 0x40, 0x00,
    0x5f, 0x5f, 0x5f, 0x00, 0x7e, 0x7e, 0x7e, 0x00, 0x9b, 0x9b, 0x9b, 0x00, 0xb4, 0xb4, 0xb4, 0x00,
    0xc8, 0xc8, 0xc8, 0x00, 0xd7, 0xd7, 0xd7, 0x00, 0xe2, 0xe2, 0xe2, 0x00, 0xea, 0xea, 0xea, 0x00,
    0xf0, 0xf0, 0xf0, 0x00, 0xf4, 0xf4, 0xf4, 0x00, 0xf6, 0xf6, 0xf6, 0x00, 0xf8, 0xf8, 0xf8, 0x00,
    0xf9, 0xf9, 0xf9, 0x00, 0xf9, 0xf9, 0xf9, 0x00, 0xf9, 0xf9, 0xf9, 0x00, 0xf9, 0xf9, 0xf9, 0x00,
    0xf9, 0xf9, 0xf9, 0x00, 0xf9, 0xf9, 0xf9, 0x00, 0xf9, 0xf9, 0xf9, 0x00, 0xf9, 0xf9, 0xf9, 0x00,
    0xf9, 0xf9, 0xf9, 0x00, 0xf9, 0xf9, 0xf9, 0x00, 0xf9, 0xf9, 0xf9, 0x00, 0xf9, 0xf9, 0xf9, 0x00,
    0xf9, 0xf9, 0xf9, 0x00, 0xf9, 0xf9, 0xf9, 0x00, 0xf9, 0xf9, 0xf9, 0x00, 0xf9, 0xf9, 0xf9, 0x00,
    0xf9, 0xf9, 0xf9, 0x00, 0xf9, 0xf9, 0xf9, 0x00, 0xf9, 0xf9, 0xf9, 0x00, 0xff, 0xff, 0xff, 0x3f,
    0xff, 0xff, 0xff, 0xff, 0xff, 0xff, 0xff, 0xfe, 0xff, 0xff, 0xff, 0xff, 0xff, 0xff, 0xff, 0xfe,
    0xff, 0xff, 0xff, 0xff, 0xff, 0xff, 0xff, 0xfe, 0xff, 0xff, 0xff, 0xfe, 0xff, 0xff, 0xff, 0xfe,
    0xff, 0xff, 0xff, 0xfe, 0xff, 0xff, 0xff, 0xfe, 0xff, 0xff, 0xff, 0xfe, 0xff, 0xff, 0xff, 0xfe,
    0xff, 0xff, 0xff, 0xff, 0xff, 0xff, 0xff, 0xfe, 0xff, 0xff, 0xff, 0xff, 0xff, 0xff, 0xff, 0xfe,
    0xff, 0xff, 0xff, 0xfe, 0xff, 0xff, 0xff, 0xfe, 0xff, 0xff, 0xff, 0xfe, 0xff, 0xff, 0xff, 0xfe,
    0xff, 0xff, 0xff, 0xfe, 0xff, 0xff, 0xff, 0xaf, 0xff, 0xff, 0xff, 0x00, 0xff, 0xff, 0xff, 0x00,
    0xff, 0xff, 0xff, 0x00, 0xff, 0xff, 0xff, 0x00, 0xff, 0xff, 0xff, 0x00, 0xff, 0xff, 0xff, 0x00,
    0xff, 0xff, 0xff, 0x00, 0xff, 0xff, 0xff, 0x00, 0xff, 0xff, 0xff, 0x00, 0xff, 0xff, 0xff, 0x00,
    0xff, 0xff, 0xff, 0x00, 0xff, 0xff, 0xff, 0x00, 0xff, 0xff, 0xff, 0x00, 0xff, 0xff, 0xff, 0x00,
    0xff, 0xff, 0xff, 0x9f, 0xff, 0xff, 0xff, 0xfe, 0xff, 0xff, 0xff, 0xfe, 0xff, 0xff, 0xff, 0xff,
    0xff, 0xff, 0xff, 0xfe, 0xff, 0xff, 0xff, 0xfe, 0xff, 0xff, 0xff, 0xfe, 0xff, 0xff, 0xff, 0xfe,
    0xff, 0xff, 0xff, 0xfe, 0xff, 0xff, 0xff, 0xfe, 0xff, 0xff, 0xff, 0xff, 0xff, 0xff, 0xff, 0xfe,
    0xff, 0xff, 0xff, 0xff, 0xff, 0xff, 0xff, 0xff, 0xff, 0xff, 0xff, 0xfe, 0xff, 0xff, 0xff, 0xfe,
    0xff, 0xff, 0xff, 0xfe, 0xff, 0xff, 0xff, 0xff, 0xff, 0xff, 0xff, 0xfe, 0xff, 0xff, 0xff, 0xfe,
    0xff, 0xff, 0xff, 0xff, 0xff, 0xff, 0xff, 0x5f, 0xff, 0xff, 0xff, 0x00, 0xff, 0xff, 0xff, 0x00,
    0xff, 0xff, 0xff, 0x00, 0xff, 0xff, 0xff, 0x00, 0xff, 0xff, 0xff, 0x00, 0xff, 0xff, 0xff, 0x00,
    0xff, 0xff, 0xff, 0x00, 0xff, 0xff, 0xff, 0x00, 0xff, 0xff, 0xff, 0x00, 0xff, 0xff, 0xff, 0x00,
    0xff, 0xff, 0xff, 0x00, 0xff, 0xff, 0xff, 0x00, 0xff, 0xff, 0xff, 0x00, 0xff, 0xff, 0xff, 0x00,
    0xff, 0xff, 0xff, 0x00, 0xff, 0xff, 0xff, 0x00, 0xff, 0xff, 0xff, 0x00, 0xff, 0xff, 0xff, 0x00,
    0xff, 0xff, 0xff, 0x00, 0xff, 0xff, 0xff, 0x00, 0xff, 0xff, 0xff, 0x00, 0xff, 0xff, 0xff, 0x00,
    0xff, 0xff, 0xff, 0x00, 0xff, 0xff, 0xff, 0x00, 0x03, 0x03, 0x03, 0x00, 0x0f, 0x0f, 0x0f, 0x00,
    0x24, 0x24, 0x24, 0x00, 0x40, 0x40, 0x40, 0x00, 0x5f, 0x5f, 0x5f, 0x00, 0x7e, 0x7e, 0x7e, 0x00,
    0x9b, 0x9b, 0x9b, 0x00, 0xb4, 0xb4, 0xb4, 0x00, 0xc8, 0xc8, 0xc8, 0x00, 0xd7, 0xd7, 0xd7, 0x00,
    0xe2, 0xe2, 0xe2, 0x00, 0xea, 0xea, 0xea, 0x00, 0xf0, 0xf0, 0xf0, 0x00, 0xf4, 0xf4, 0xf4, 0x00,
    0xf6, 0xf6, 0xf6, 0x00, 0xf8, 0xf8, 0xf8, 0x00, 0xf9, 0xf9, 0xf9, 0x00, 0xf9, 0xf9, 0xf9, 0x00,
    0xf9, 0xf9, 0xf9, 0x00, 0xf9, 0xf9, 0xf9, 0x00, 0xf9, 0xf9, 0xf9, 0x00, 0xf9, 0xf9, 0xf9, 0x00,
    0xf9, 0xf9, 0xf9, 0x00, 0xf9, 0xf9, 0xf9, 0x00, 0xf9, 0xf9, 0xf9, 0x00, 0xf9, 0xf9, 0xf9, 0x00,
    0xf9, 0xf9, 0xf9, 0x00, 0xf9, 0xf9, 0xf9, 0x00, 0xf9, 0xf9, 0xf9, 0x00, 0xf9, 0xf9, 0xf9, 0x00,
    0xf9, 0xf9, 0xf9, 0x00, 0xf9, 0xf9, 0xf9, 0x00, 0xf9, 0xf9, 0xf9, 0x00, 0xf9, 0xf9, 0xf9, 0x00,
    0xf9, 0xf9, 0xf9, 0x00, 0xff, 0xff, 0xff, 0xbf, 0xff, 0xff, 0xff, 0xfe, 0xff, 0xff, 0xff, 0xfe,
    0xff, 0xff, 0xff, 0xff, 0xff, 0xff, 0xff, 0xfe, 0xff, 0xff, 0xff, 0xfe, 0xff, 0xff, 0xff, 0xfe,
    0xff, 0xff, 0xff, 0xfe, 0xff, 0xff, 0xff, 0xff, 0xff, 0xff, 0xff, 0xfe, 0xff, 0xff, 0xff, 0xfe,
    0xff, 0xff, 0xff, 0xfe, 0xff, 0xff, 0xff, 0xfe, 0xff, 0xff, 0xff, 0xfe, 0xff, 0xff, 0xff, 0xfe,
    0xff, 0xff, 0xff, 0xfe, 0xff, 0xff, 0xff, 0xff, 0xff, 0xff, 0xff, 0xfe, 0xff, 0xff, 0xff, 0xfe,
    0xff, 0xff, 0xff, 0xfe, 0xff, 0xff, 0xff, 0xff, 0xff, 0xff, 0xff, 0xfe, 0xff, 0xff, 0xff, 0x2f,
    0xff, 0xff, 0xff, 0x00, 0xff, 0xff, 0xff, 0x00, 0xff, 0xff, 0xff, 0x00, 0xff, 0xff, 0xff, 0x00,
    0xff, 0xff, 0xff, 0x00, 0xff, 0xff, 0xff, 0x00, 0xff, 0xff, 0xff, 0x00, 0xff, 0xff, 0xff, 0x00,
    0xff, 0xff, 0xff, 0x00, 0xff, 0xff, 0xff, 0x00, 0xff, 0xff, 0xff, 0x00, 0xff, 0xff, 0xff, 0x00,
    0xff, 0xff, 0xff, 0x00, 0xff, 0xff, 0xff, 0x00, 0xff, 0xff, 0xff, 0x9f, 0xff, 0xff, 0xff, 0xfe,
    0xff, 0xff, 0xff, 0xff, 0xff, 0xff, 0xff, 0xfe, 0xff, 0xff, 0xff, 0xfe, 0xff, 0xff, 0xff, 0xff,
    0xff, 0xff, 0xff, 0xfe, 0xff, 0xff, 0xff, 0xfe, 0xff, 0xff, 0xff, 0xfe, 0xff, 0xff, 0xff, 0xff,
    0xff, 0xff, 0xff, 0xff, 0xff, 0xff, 0xff, 0xfe, 0xff, 0xff, 0xff, 0xff, 0xff, 0xff, 0xff, 0xfe,
    0xff, 0xff, 0xff, 0xfe, 0xff, 0xff, 0xff, 0xfe, 0xff, 0xff, 0xff, 0xfe, 0xff, 0xff, 0xff, 0xfe,
    0xff, 0xff, 0xff, 0xff, 0xff, 0xff, 0xff, 0xff, 0xff, 0xff, 0xff, 0xff, 0xff, 0xff, 0xff, 0x5f,
    0xff, 0xff, 0xff, 0x00, 0xff, 0xff, 0xff, 0x00, 0xff, 0xff, 0xff, 0x00, 0xff, 0xff, 0xff, 0x00,
    0xff, 0xff, 0xff, 0x00, 0xff, 0xff, 0xff, 0x00, 0xff, 0xff, 0xff, 0x00, 0xff, 0xff, 0xff, 0x00,
    0xff, 0xff, 0xff, 0x00, 0xff, 0xff, 0xff, 0x00, 0xff, 0xff, 0xff, 0x00, 0xff, 0xff, 0xff, 0x00,
    0xff, 0xff, 0xff, 0x00, 0xff, 0xff, 0xff, 0x00, 0xff, 0xff, 0xff, 0x00, 0xff, 0xff, 0xff, 0x00,
    0xff, 0xff, 0xff, 0x00, 0xff, 0xff, 0xff, 0x00, 0xff, 0xff, 0xff, 0x00, 0xff, 0xff, 0xff, 0x00,
    0xff, 0xff, 0xff, 0x00, 0xff, 0xff, 0xff, 0x00, 0xff, 0xff, 0xff, 0x00, 0xff, 0xff, 0xff, 0x00,
    0x03, 0x03, 0x03, 0x00, 0x0f, 0x0f, 0x0f, 0x00, 0x24, 0x24, 0x24, 0x00, 0x40, 0x40, 0x40, 0x00,
    0x5f, 0x5f, 0x5f, 0x00, 0x7e, 0x7e, 0x7e, 0x00, 0x9b, 0x9b, 0x9b, 0x00, 0xb4, 0xb4, 0xb4, 0x00,
    0xc8, 0xc8, 0xc8, 0x00, 0xd7, 0xd7, 0xd7, 0x00, 0xe2, 0xe2, 0xe2, 0x00, 0xea, 0xea, 0xea, 0x00,
    0xf0, 0xf0, 0xf0, 0x00, 0xf4, 0xf4, 0xf4, 0x00, 0xf6, 0xf6, 0xf6, 0x00, 0xf8, 0xf8, 0xf8, 0x00,
    0xf9, 0xf9, 0xf9, 0x00, 0xf9, 0xf9, 0xf9, 0x00, 0xf9, 0xf9, 0xf9, 0x00, 0xf9, 0xf9, 0xf9, 0x00,
    0xf9, 0xf9, 0xf9, 0x00, 0xf9, 0xf9, 0xf9, 0x00, 0xf9, 0xf9, 0xf9, 0x00, 0xf9, 0xf9, 0xf9, 0x00,
    0xf9, 0xf9, 0xf9, 0x00, 0xf9, 0xf9, 0xf9, 0x00, 0xf9, 0xf9, 0xf9, 0x00, 0xf9, 0xf9, 0xf9, 0x00,
    0xf9, 0xf9, 0xf9, 0x00, 0xf9, 0xf9, 0xf9, 0x00, 0xf9, 0xf9, 0xf9, 0x00, 0xf9, 0xf9, 0xf9, 0x00,
    0xf9, 0xf9, 0xf9, 0x00, 0xf9, 0xf9, 0xf9, 0x00, 0xff, 0xff, 0xff, 0x3f, 0xff, 0xff, 0xff, 0xfe,
    0xff, 0xff, 0xff, 0xfe, 0xff, 0xff, 0xff, 0xff, 0xff, 0xff, 0xff, 0xfe, 0xff, 0xff, 0xff, 0xff,
    0xff, 0xff, 0xff, 0xfe, 0xff, 0xff, 0xff, 0xfe, 0xff, 0xff, 0xff, 0xff, 0xff, 0xff, 0xff, 0xfe,
    0xff, 0xff, 0xff, 0xfe, 0xff, 0xff, 0xff, 0xff, 0xff, 0xff, 0xff, 0xfe, 0xff, 0xff, 0xff, 0xfe,
    0xff, 0xff, 0xff, 0xff, 0xff, 0xff, 0xff, 0xfe, 0xff, 0xff, 0xff, 0xfe, 0xff, 0xff, 0xff, 0xff,
    0xff, 0xff, 0xff, 0xff, 0xff, 0xff, 0xff, 0xfe, 0xff, 0xff, 0xff, 0xff, 0xff, 0xff, 0xff, 0xff,
    0xff, 0xff, 0xff, 0xaf, 0xff, 0xff, 0xff, 0x00, 0xff, 0xff, 0xff, 0x00, 0xff, 0xff, 0xff, 0x00,
    0xff, 0xff, 0xff, 0x00, 0xff, 0xff, 0xff, 0x00, 0xff, 0xff, 0xff, 0x00, 0xff, 0xff, 0xff, 0x00,
    0xff, 0xff, 0xff, 0x00, 0xff, 0xff, 0xff, 0x00, 0xff, 0xff, 0xff, 0x00, 0xff, 0xff, 0xff, 0x00,
    0xff, 0xff, 0xff, 0x00, 0xff, 0xff, 0xff, 0x00, 0xff, 0xff, 0xff, 0x00, 0xff, 0xff, 0xff, 0x00,
    0xff, 0xff, 0xff, 0x9f, 0xff, 0xff, 0xff, 0xfe, 0xff, 0xff, 0xff, 0xfe, 0xff, 0xff, 0xff, 0xfe,
    0xff, 0xff, 0xff, 0xfe, 0xff, 0xff, 0xff, 0xfe, 0xff, 0xff, 0xff, 0xfe, 0xff, 0xff, 0xff, 0xfe,
    0xff, 0xff, 0xff, 0xfe, 0xff, 0xff, 0xff, 0xfe, 0xff, 0xff, 0xff, 0xfe, 0xff, 0xff, 0xff, 0xfe,
    0xff, 0xff, 0xff, 0xfe, 0xff, 0xff, 0xff, 0xfe, 0xff, 0xff, 0xff, 0xfe, 0xff, 0xff, 0xff, 0xfe,
    0xff, 0xff, 0xff, 0xfe, 0xff, 0xff, 0xff, 0xff, 0xff, 0xff, 0xff, 0xfe, 0xff, 0xff, 0xff, 0xff,
    0xff, 0xff, 0xff, 0xfe, 0xff, 0xff, 0xff, 0x5f, 0xff, 0xff, 0xff, 0x00, 0xff, 0xff, 0xff, 0x00,
    0xff, 0xff, 0xff, 0x00, 0xff, 0xff, 0xff, 0x00, 0xff, 0xff, 0xff, 0x00, 0xff, 0xff, 0xff, 0x00,
    0xff, 0xff, 0xff, 0x00, 0xff, 0xff, 0xff, 0x00, 0xff, 0xff, 0xff, 0x00, 0xff, 0xff, 0xff, 0x00,
    0xff, 0xff, 0xff, 0x00, 0xff, 0xff, 0xff, 0x00, 0xff, 0xff, 0xff, 0x00, 0xff, 0xff, 0xff, 0x00,
    0xff, 0xff, 0xff, 0x00, 0xff, 0xff, 0xff, 0x00, 0xff, 0xff, 0xff, 0x00, 0xff, 0xff, 0xff, 0x00,
    0xff, 0xff, 0xff, 0x00, 0xff, 0xff, 0xff, 0x00, 0xff, 0xff, 0xff, 0x00, 0xff, 0xff, 0xff, 0x00,
    0xff, 0xff, 0xff, 0x00, 0xff, 0xff, 0xff, 0x00, 0x03, 0x03, 0x03, 0x00, 0x0f, 0x0f, 0x0f, 0x00,
    0x24, 0x24, 0x24, 0x00, 0x40, 0x40, 0x40, 0x00, 0x5f, 0x5f, 0x5f, 0x00, 0x7e, 0x7e, 0x7e, 0x00,
    0x9b, 0x9b, 0x9b, 0x00, 0xb4, 0xb4, 0xb4, 0x00, 0xc8, 0xc8, 0xc8, 0x00, 0xd7, 0xd7, 0xd7, 0x00,
    0xe2, 0xe2, 0xe2, 0x00, 0xea, 0xea, 0xea, 0x00, 0xf0, 0xf0, 0xf0, 0x00, 0xf4, 0xf4, 0xf4, 0x00,
    0xf6, 0xf6, 0xf6, 0x00, 0xf8, 0xf8, 0xf8, 0x00, 0xf9, 0xf9, 0xf9, 0x00, 0xf9, 0xf9, 0xf9, 0x00,
    0xf9, 0xf9, 0xf9, 0x00, 0xf9, 0xf9, 0xf9, 0x00, 0xf9, 0xf9, 0xf9, 0x00, 0xf9, 0xf9, 0xf9, 0x00,
    0xf9, 0xf9, 0xf9, 0x00, 0xf9, 0xf9, 0xf9, 0x00, 0xf9, 0xf9, 0xf9, 0x00, 0xf9, 0xf9, 0xf9, 0x00,
    0xf9, 0xf9, 0xf9, 0x00, 0xf9, 0xf9, 0xf9, 0x00, 0xf9, 0xf9, 0xf9, 0x00, 0xf9, 0xf9, 0xf9, 0x00,
    0xf9, 0xf9, 0xf9, 0x00, 0xf9, 0xf9, 0xf9, 0x00, 0xf9, 0xf9, 0xf9, 0x00, 0xf9, 0xf9, 0xf9, 0x00,
    0xff, 0xff, 0xff, 0xbf, 0xff, 0xff, 0xff, 0xff, 0xff, 0xff, 0xff, 0xfe, 0xff, 0xff, 0xff, 0xfe,
    0xff, 0xff, 0xff, 0xff, 0xff, 0xff, 0xff, 0xfe, 0xff, 0xff, 0xff, 0xfe, 0xff, 0xff, 0xff, 0xff,
    0xff, 0xff, 0xff, 0xfe, 0xff, 0xff, 0xff, 0xfe, 0xff, 0xff, 0xff, 0xfe, 0xff, 0xff, 0xff, 0xfe,
    0xff, 0xff, 0xff, 0xff, 0xff, 0xff, 0xff, 0xfe, 0xff, 0xff, 0xff, 0xfe, 0xff, 0xff, 0xff, 0xff,
    0xff, 0xff, 0xff, 0xff, 0xff, 0xff, 0xff, 0xfe, 0xff, 0xff, 0xff, 0xfe, 0xff, 0xff, 0xff, 0xfe,
    0xff, 0xff, 0xff, 0xff, 0xff, 0xff, 0xff, 0xfe, 0xff, 0xff, 0xff, 0x2f, 0xff, 0xff, 0xff, 0x00,
    0xff, 0xff, 0xff, 0x00, 0xff, 0xff, 0xff, 0x00, 0xff, 0xff, 0xff, 0x00, 0xff, 0xff, 0xff, 0x00,
    0xff, 0xff, 0xff, 0x00, 0xff, 0xff, 0xff, 0x00, 0xff, 0xff, 0xff, 0x00, 0xff, 0xff, 0xff, 0x00,
    0xff, 0xff, 0xff, 0x00, 0xff, 0xff, 0xff, 0x00, 0xff, 0xff, 0xff, 0x00, 0xff, 0xff, 0xff, 0x00,
    0xff, 0xff, 0xff, 0x00, 0xff, 0xff, 0xff, 0x00, 0xff, 0xff, 0xff, 0x9f, 0xff, 0xff, 0xff, 0xfe,
    0xff, 0xff, 0xff, 0xfe, 0xff, 0xff, 0xff, 0xfe, 0xff, 0xff, 0xff, 0xfe, 0xff, 0xff, 0xff, 0xfe,
    0xff, 0xff, 0xff, 0xfe, 0xff, 0xff, 0xff, 0xff, 0xff, 0xff, 0xff, 0xfe, 0xff, 0xff, 0xff, 0xfe,
    0xff, 0xff, 0xff, 0xff, 0xff, 0xff, 0xff, 0xfe, 0xff, 0xff, 0xff, 0xfe, 0xff, 0xff, 0xff, 0xff,
    0xff, 0xff, 0xff, 0xff, 0xff, 0xff, 0xff, 0xfe, 0xff, 0xff, 0xff, 0xff, 0xff, 0xff, 0xff, 0xff,
    0xff, 0xff, 0xff, 0xfe, 0xff, 0xff, 0xff, 0xfe, 0xff, 0xff, 0xff, 0xfe, 0xff, 0xff, 0xff, 0x5f,
    0xff, 0xff, 0xff, 0x00, 0xff, 0xff, 0xff, 0x00, 0xff, 0xff, 0xff, 0x00, 0xff, 0xff, 0xff, 0x00,
    0xff, 0xff, 0xff, 0x00, 0xff, 0xff, 0xff, 0x00, 0xff, 0xff, 0xff, 0x00, 0xff, 0xff, 0xff, 0x00,
    0xff, 0xff, 0xff, 0x00, 0xff, 0xff, 0xff, 0x00, 0xff, 0xff, 0xff, 0x00, 0xff, 0xff, 0xff, 0x00,
    0xff, 0xff, 0xff, 0x00, 0xff, 0xff, 0xff, 0x00, 0xff, 0xff, 0xff, 0x00, 0xff, 0xff, 0xff, 0x00,
    0xff, 0xff, 0xff, 0x00, 0xff, 0xff, 0xff, 0x00, 0xff, 0xff, 0xff, 0x00, 0xff, 0xff, 0xff, 0x00,
    0xff, 0xff, 0xff, 0x00, 0xff, 0xff, 0xff, 0x00, 0xff, 0xff, 0xff, 0x00, 0xff, 0xff, 0xff, 0x00,
    0x03, 0x03, 0x03, 0x00, 0x0f, 0x0f, 0x0f, 0x00, 0x24, 0x24, 0x24, 0x00, 0x40, 0x40, 0x40, 0x00,
    0x5f, 0x5f, 0x5f, 0x00, 0x7e, 0x7e, 0x7e, 0x00, 0x9b, 0x9b, 0x9b, 0x00, 0xb4, 0xb4, 0xb4, 0x00,
    0xc8, 0xc8, 0xc8, 0x00, 0xd7, 0xd7, 0xd7, 0x00, 0xe2, 0xe2, 0xe2, 0x00, 0xea, 0xea, 0xea, 0x00,
    0xf0, 0xf0, 0xf0, 0x00, 0xf4, 0xf4, 0xf4, 0x00, 0xf6, 0xf6, 0xf6, 0x00, 0xf8, 0xf8, 0xf8, 0x00,
    0xf9, 0xf9, 0xf9, 0x00, 0xf9, 0xf9, 0xf9, 0x00, 0xf9, 0xf9, 0xf9, 0x00, 0xf9, 0xf9, 0xf9, 0x00,
    0xf9, 0xf9, 0xf9, 0x00, 0xf9, 0xf9, 0xf9, 0x00, 0xf9, 0xf9, 0xf9, 0x00, 0xf9, 0xf9, 0xf9, 0x00,
    0xf9, 0xf9, 0xf9, 0x00, 0xf9, 0xf9, 0xf9, 0x00, 0xf9, 0xf9, 0xf9, 0x00, 0xf9, 0xf9, 0xf9, 0x00,
    0xf9, 0xf9, 0xf9, 0x00, 0xf9, 0xf9, 0xf9, 0x00, 0xf9, 0xf9, 0xf9, 0x00, 0xf9, 0xf9, 0xf9, 0x00,
    0xf9, 0xf9, 0xf9, 0x00, 0xff, 0xff, 0xff, 0x3f, 0xff, 0xff, 0xff, 0xff, 0xff, 0xff, 0xff, 0xfe,
    0xff, 0xff, 0xff, 0xff, 0xff, 0xff, 0xff, 0xff, 0xff, 0xff, 0xff, 0xfe, 0xff, 0xff, 0xff, 0xfe,
    0xff, 0xff, 0xff, 0xfe, 0xff, 0xff, 0xff, 0xfe, 0xff, 0xff, 0xff, 0xff, 0xff, 0xff, 0xff, 0xfe,
    0xff, 0xff, 0xff, 0xfe, 0xff, 0xff, 0xff, 0xff, 0xff, 0xff, 0xff, 0xfe, 0xff, 0xff, 0xff, 0xfe,
    0xff, 0xff, 0xff, 0xff, 0xff, 0xff, 0xff, 0xfe, 0xff, 0xff, 0xff, 0xfe, 0xff, 0xff, 0xff, 0xff,
    0xff, 0xff, 0xff, 0xff, 0xff, 0xff, 0xff, 0xfe, 0xff, 0xff, 0xff, 0xfe, 0xff, 0xff, 0xff, 0xae,
    0xff, 0xff, 0xff, 0x00, 0xff, 0xff, 0xff, 0x00, 0xff, 0xff, 0xff, 0x00, 0xff, 0xff, 0xff, 0x00,
    0xff, 0xff, 0xff, 0x00, 0xff, 0xff, 0xff, 0x00, 0xff, 0xff, 0xff, 0x00, 0xff, 0xff, 0xff, 0x00,
    0xff, 0xff, 0xff, 0x00, 0xff, 0xff, 0xff, 0x00, 0xff, 0xff, 0xff, 0x00, 0xff, 0xff, 0xff, 0x00,
    0xff, 0xff, 0xff, 0x00, 0xff, 0xff, 0xff, 0x00, 0xff, 0xff, 0xff, 0x00, 0xff, 0xff, 0xff, 0x00,
    0xff, 0xff, 0xff, 0x9f, 0xff, 0xff, 0xff, 0xfe, 0xff, 0xff, 0xff, 0xfe, 0xff, 0xff, 0xff, 0xff,
    0xff, 0xff, 0xff, 0xfe, 0xff, 0xff, 0xff, 0xfe, 0xff, 0xff, 0xff, 0xfe, 0xff, 0xff, 0xff, 0xfe,
    0xff, 0xff, 0xff, 0xff, 0xff, 0xff, 0xff, 0xfe, 0xff, 0xff, 0xff, 0xff, 0xff, 0xff, 0xff, 0xfe,
    0xff, 0xff, 0xff, 0xfe, 0xff, 0xff, 0xff, 0xfe, 0xff, 0xff, 0xff, 0xfe, 0xff, 0xff, 0xff, 0xff,
    0xff, 0xff, 0xff, 0xfe, 0xff, 0xff, 0xff, 0xfe, 0xff, 0xff, 0xff, 0xfe, 0xff, 0xff, 0xff, 0xfe,
    0xff, 0xff, 0xff, 0xfe, 0xff, 0xff, 0xff, 0x5f, 0xff, 0xff, 0xff, 0x00, 0xff, 0xff, 0xff, 0x00,
    0xff, 0xff, 0xff, 0x00, 0xff, 0xff, 0xff, 0x00, 0xff, 0xff, 0xff, 0x00, 0xff, 0xff, 0xff, 0x00,
    0xff, 0xff, 0xff, 0x00, 0xff, 0xff, 0xff, 0x00, 0xff, 0xff, 0xff, 0x00, 0xff, 0xff, 0xff, 0x00,
    0xff, 0xff, 0xff, 0x00, 0xff, 0xff, 0xff, 0x00, 0xff, 0xff, 0xff, 0x00, 0xff, 0xff, 0xff, 0x00,
    0xff, 0xff, 0xff, 0x00, 0xff, 0xff, 0xff, 0x00, 0xff, 0xff, 0xff, 0x00, 0xff, 0xff, 0xff, 0x00,
    0xff, 0xff, 0xff, 0x00, 0xff, 0xff, 0xff, 0x00, 0xff, 0xff, 0xff, 0x00, 0xff, 0xff, 0xff, 0x00,
    0xff, 0xff, 0xff, 0x00, 0xff, 0xff, 0xff, 0x00, 0x03, 0x03, 0x03, 0x00, 0x0f, 0x0f, 0x0f, 0x00,
    0x24, 0x24, 0x24, 0x00, 0x40, 0x40, 0x40, 0x00, 0x5f, 0x5f, 0x5f, 0x00, 0x7e, 0x7e, 0x7e, 0x00,
    0x9b, 0x9b, 0x9b, 0x00, 0xb4, 0xb4, 0xb4, 0x00, 0xc8, 0xc8, 0xc8, 0x00, 0xd7, 0xd7, 0xd7, 0x00,
    0xe2, 0xe2, 0xe2, 0x00, 0xea, 0xea, 0xea, 0x00, 0xf0, 0xf0, 0xf0, 0x00, 0xf4, 0xf4, 0xf4, 0x00,
    0xf6, 0xf6, 0xf6, 0x00, 0xf8, 0xf8, 0xf8, 0x00, 0xf9, 0xf9, 0xf9, 0x00, 0xf9, 0xf9, 0xf9, 0x00,
    0xf9, 0xf9, 0xf9, 0x00, 0xf9, 0xf9, 0xf9, 0x00, 0xf9, 0xf9, 0xf9, 0x00, 0xf9, 0xf9, 0xf9, 0x00,
    0xf9, 0xf9, 0xf9, 0x00, 0xf9, 0xf9, 0xf9, 0x00, 0xf9, 0xf9, 0xf9, 0x00, 0xf9, 0xf9, 0xf9, 0x00,
    0xf9, 0xf9, 0xf9, 0x00, 0xf9, 0xf9, 0xf9, 0x00, 0xf9, 0xf9, 0xf9, 0x00, 0xf9, 0xf9, 0xf9, 0x00,
    0xf9, 0xf9, 0xf9, 0x00, 0xf9, 0xf9, 0xf9, 0x00, 0xf9, 0xf9, 0xf9, 0x00, 0xff, 0xff, 0xff, 0xbf,
    0xff, 0xff, 0xff, 0xff, 0xff, 0xff, 0xff, 0xfe, 0xff, 0xff, 0xff, 0xfe, 0xff, 0xff, 0xff, 0xfe,
    0xff, 0xff, 0xff, 0xff, 0xff, 0xff, 0xff, 0xfe, 0xff, 0xff, 0xff, 0xfe, 0xff, 0xff, 0xff, 0xfe,
    0xff, 0xff, 0xff, 0xfe, 0xff, 0xff, 0xff, 0xfe, 0xff, 0xff, 0xff, 0xfe, 0xff, 0xff, 0xff, 0xfe,
    0xff, 0xff, 0xff, 0xff, 0xff, 0xff, 0xff, 0xfe, 0xff, 0xff, 0xff, 0xfe, 0xff, 0xff, 0xff, 0xfe,
    0xff, 0xff, 0xff, 0xfe, 0xff, 0xff, 0xff, 0xff, 0xff, 0xff, 0xff, 0xfe, 0xff, 0xff, 0xff, 0xfe,
    0xff, 0xff, 0xff, 0xff, 0xff, 0xff, 0xff, 0x2f, 0xff, 0xff, 0xff, 0x00, 0xff, 0xff, 0xff, 0x00,
    0xff, 0xff, 0xff, 0x00, 0xff, 0xff, 0xff, 0x00, 0xff, 0xff, 0xff, 0x00, 0xff, 0xff, 0xff, 0x00,
    0xff, 0xff, 0xff, 0x00, 0xff, 0xff, 0xff, 0x00, 0xff, 0xff, 0xff, 0x00, 0xff, 0xff, 0xff, 0x00,
    0xff, 0xff, 0xff, 0x00, 0xff, 0xff, 0xff, 0x00, 0xff, 0xff, 0xff, 0x00, 0xff, 0xff, 0xff, 0x00,
    0xff, 0xff, 0xff, 0x00, 0xff, 0xff, 0xff, 0x00, 0xff, 0xff, 0xff, 0x9f, 0xff, 0xff, 0xff, 0xfe,
    0xff, 0xff, 0xff, 0xfe, 0xff, 0xff, 0xff, 0xfe, 0xff, 0xff, 0xff, 0xff, 0xff, 0xff, 0xff, 0xfe,
    0xff, 0xff, 0xff, 0xff, 0xff, 0xff, 0xff, 0xfe, 0xff, 0xff, 0xff, 0xfe, 0xff, 0xff, 0xff, 0xfe,
    0xff, 0xff, 0xff, 0xfe, 0xff, 0xff, 0xff, 0xfe, 0xff, 0xff, 0xff, 0xff, 0xff, 0xff, 0xff, 0xfe,
    0xff, 0xff, 0xff, 0xfe, 0xff, 0xff, 0xff, 0xfe, 0xff, 0xff, 0xff, 0xfe, 0xff, 0xff, 0xff, 0xff,
    0xff, 0xff, 0xff, 0xfe, 0xff, 0xff, 0xff, 0xff, 0xff, 0xff, 0xff, 0xff, 0xff, 0xff, 0xff, 0x5f,
    0xff, 0xff, 0xff, 0x00, 0xff, 0xff, 0xff, 0x00, 0xff, 0xff, 0xff, 0x00, 0xff, 0xff, 0xff, 0x00,
    0xff, 0xff, 0xff, 0x00, 0xff, 0xff, 0xff, 0x00, 0xff, 0xff, 0xff, 0x00, 0xff, 0xff, 0xff, 0x00,
    0xff, 0xff, 0xff, 0x00, 0xff, 0xff, 0xff, 0x00, 0xff, 0xff, 0xff, 0x00, 0xff, 0xff, 0xff, 0x00,
    0xff, 0xff, 0xff, 0x00, 0xff, 0xff, 0xff, 0x00, 0xff, 0xff, 0xff, 0x00, 0xff, 0xff, 0xff, 0x00,
    0xff, 0xff, 0xff, 0x00, 0xff, 0xff, 0xff, 0x00, 0xff, 0xff, 0xff, 0x00, 0xff, 0xff, 0xff, 0x00,
    0xff, 0xff, 0xff, 0x00, 0xff, 0xff, 0xff, 0x00, 0xff, 0xff, 0xff, 0x00, 0xff, 0xff, 0xff, 0x00,
    0x03, 0x03, 0x03, 0x00, 0x0f, 0x0f, 0x0f, 0x00, 0x24, 0x24, 0x24, 0x00, 0x40, 0x40, 0x40, 0x00,
    0x5f, 0x5f, 0x5f, 0x00, 0x7e, 0x7e, 0x7e, 0x00, 0x9b, 0x9b, 0x9b, 0x00, 0xb4, 0xb4, 0xb4, 0x00,
    0xc8, 0xc8, 0xc8, 0x00, 0xd7, 0xd7, 0xd7, 0x00, 0xe2, 0xe2, 0xe2, 0x00, 0xea, 0xea, 0xea, 0x00,
    0xf0, 0xf0, 0xf0, 0x00, 0xf4, 0xf4, 0xf4, 0x00, 0xf6, 0xf6, 0xf6, 0x00, 0xf8, 0xf8, 0xf8, 0x00,
    0xf9, 0xf9, 0xf9, 0x00, 0xf9, 0xf9, 0xf9, 0x00, 0xf9, 0xf9, 0xf9, 0x00, 0xf9, 0xf9, 0xf9, 0x00,
    0xf9, 0xf9, 0xf9, 0x00, 0xf9, 0xf9, 0xf9, 0x00, 0xf9, 0xf9, 0xf9, 0x00, 0xf9, 0xf9, 0xf9, 0x00,
    0xf9, 0xf9, 0xf9, 0x00, 0xf9, 0xf9, 0xf9, 0x00, 0xf9, 0xf9, 0xf9, 0x00, 0xf9, 0xf9, 0xf9, 0x00,
    0xf9, 0xf9, 0xf9, 0x00, 0xf9, 0xf9, 0xf9, 0x00, 0xf9, 0xf9, 0xf9, 0x00, 0xf9, 0xf9, 0xf9, 0x00,
    0xff, 0xff, 0xff, 0x3f, 0xff, 0xff, 0xff, 0xfe, 0xff, 0xff, 0xff, 0xfe, 0xff, 0xff, 0xff, 0xfe,
    0xff, 0xff, 0xff, 0xfe, 0xff, 0xff, 0xff, 0xff, 0xff, 0xff, 0xff, 0xfe, 0xff, 0xff, 0xff, 0xff,
    0xff, 0xff, 0xff, 0xfe, 0xff, 0xff, 0xff, 0xff, 0xff, 0xff, 0xff, 0xfe, 0xff, 0xff, 0xff, 0xfe,
    0xff, 0xff, 0xff, 0xfe, 0xff, 0xff, 0xff, 0xfe, 0xff, 0xff, 0xff, 0xfe, 0xff, 0xff, 0xff, 0xfe,
    0xff, 0xff, 0xff, 0xfe, 0xff, 0xff, 0xff, 0xfe, 0xff, 0xff, 0xff, 0xfe, 0xff, 0xff, 0xff, 0xff,
    0xff, 0xff, 0xff, 0xfe, 0xff, 0xff, 0xff, 0xfe, 0xff, 0xff, 0xff, 0xaf, 0xff, 0xff, 0xff, 0x00,
    0xff, 0xff, 0xff, 0x00, 0xff, 0xff, 0xff, 0x00, 0xff, 0xff, 0xff, 0x00, 0xff, 0xff, 0xff, 0x00,
    0xff, 0xff, 0xff, 0x00, 0xff, 0xff, 0xff, 0x00, 0xff, 0xff, 0xff, 0x00, 0xff, 0xff, 0xff, 0x00,
    0xff, 0xff, 0xff, 0x00, 0xff, 0xff, 0xff, 0x00, 0xff, 0xff, 0xff, 0x00, 0xff, 0xff, 0xff, 0x00,
    0xff, 0xff, 0xff, 0x00, 0xff, 0xff, 0xff, 0x00, 0xff, 0xff, 0xff, 0x00, 0xff, 0xff, 0xff, 0x00,
    0xff, 0xff, 0xff, 0x9f, 0xff, 0xff, 0xff, 0xff, 0xff, 0xff, 0xff, 0xfe, 0xff, 0xff, 0xff, 0xfe,
    0xff, 0xff, 0xff, 0xfe, 0xff, 0xff, 0xff, 0xfe, 0xff, 0xff, 0xff, 0xfe, 0xff, 0xff, 0xff, 0xff,
    0xff, 0xff, 0xff, 0xfe, 0xff, 0xff, 0xff, 0xfe, 0xff, 0xff, 0xff, 0xfe, 0xff, 0xff, 0xff, 0xfe,
    0xff, 0xff, 0xff, 0xff, 0xff, 0xff, 0xff, 0xff, 0xff, 0xff, 0xff, 0xfe, 0xff, 0xff, 0xff, 0xfe,
    0xff, 0xff, 0xff, 0xfe, 0xff, 0xff, 0xff, 0xff, 0xff, 0xff, 0xff, 0xff, 0xff, 0xff, 0xff, 0xfe,
    0xff, 0xff, 0xff, 0xff, 0xff, 0xff, 0xff, 0x5f, 0xff, 0xff, 0xff, 0x00, 0xff, 0xff, 0xff, 0x00,
    0xff, 0xff, 0xff, 0x00, 0xff, 0xff, 0xff, 0x00, 0xff, 0xff, 0xff, 0x00, 0xff, 0xff, 0xff, 0x00,
    0xff, 0xff, 0xff, 0x00, 0xff, 0xff, 0xff, 0x00, 0xff, 0xff, 0xff, 0x00, 0xff, 0xff, 0xff, 0x00,
    0xff, 0xff, 0xff, 0x00, 0xff, 0xff, 0xff, 0x00, 0xff, 0xff, 0xff, 0x00, 0xff, 0xff, 0xff, 0x00,
    0xff, 0xff, 0xff, 0x00, 0xff, 0xff, 0xff, 0x00, 0xff, 0xff, 0xff, 0x00, 0xff, 0xff, 0xff, 0x00,
    0xff, 0xff, 0xff, 0x00, 0xff, 0xff, 0xff, 0x00, 0xff, 0xff, 0xff, 0x00, 0xff, 0xff, 0xff, 0x00,
    0xff, 0xff, 0xff, 0x00, 0xff, 0xff, 0xff, 0x00, 0x03, 0x03, 0x03, 0x00, 0x0f, 0x0f, 0x0f, 0x00,
    0x24, 0x24, 0x24, 0x00, 0x40, 0x40, 0x40, 0x00, 0x5f, 0x5f, 0x5f, 0x00, 0x7e, 0x7e, 0x7e, 0x00,
    0x9b, 0x9b, 0x9b, 0x00, 0xb4, 0xb4, 0xb4, 0x00, 0xc8, 0xc8, 0xc8, 0x00, 0xd7, 0xd7, 0xd7, 0x00,
    0xe2, 0xe2, 0xe2, 0x00, 0xea, 0xea, 0xea, 0x00, 0xf0, 0xf0, 0xf0, 0x00, 0xf4, 0xf4, 0xf4, 0x00,
    0xf6, 0xf6, 0xf6, 0x00, 0xf8, 0xf8, 0xf8, 0x00, 0xf9, 0xf9, 0xf9, 0x00, 0xf9, 0xf9, 0xf9, 0x00,
    0xf9, 0xf9, 0xf9, 0x00, 0xf9, 0xf9, 0xf9, 0x00, 0xf9, 0xf9, 0xf9, 0x00, 0xf9, 0xf9, 0xf9, 0x00,
    0xf9, 0xf9, 0xf9, 0x00, 0xf9, 0xf9, 0xf9, 0x00, 0xf9, 0xf9, 0xf9, 0x00, 0xf9, 0xf9, 0xf9, 0x00,
    0xf9, 0xf9, 0xf9, 0x00, 0xf9, 0xf9, 0xf9, 0x00, 0xf9, 0xf9, 0xf9, 0x00, 0xf9, 0xf9, 0xf9, 0x00,
    0xf9, 0xf9, 0xf9, 0x00, 0xf9, 0xf9, 0xf9, 0x00, 0xff, 0xff, 0xff, 0xbf, 0xff, 0xff, 0xff, 0xfe,
    0xff, 0xff, 0xff, 0xfe, 0xff, 0xff, 0xff, 0xff, 0xff, 0xff, 0xff, 0xfe, 0xff, 0xff, 0xff, 0xff,
    0xff, 0xff, 0xff, 0xff, 0xff, 0xff, 0xff, 0xff, 0xff, 0xff, 0xff, 0xfe, 0xff, 0xff, 0xff, 0xff,
    0xff, 0xff, 0xff, 0xfe, 0xff, 0xff, 0xff, 0xff, 0xff, 0xff, 0xff, 0xfe, 0xff, 0xff, 0xff, 0xfe,
    0xff, 0xff, 0xff, 0xfe, 0xff, 0xff, 0xff, 0xfe, 0xff, 0xff, 0xff, 0xfe, 0xff, 0xff, 0xff, 0xff,
    0xff, 0xff, 0xff, 0xff, 0xff, 0xff, 0xff, 0xff, 0xff, 0xff, 0xff, 0xfe, 0xff, 0xff, 0xff, 0xff,
    0xff, 0xff, 0xff, 0x3f, 0xff, 0xff, 0xff, 0x00, 0xff, 0xff, 0xff, 0x00, 0xff, 0xff, 0xff, 0x00,
    0xff, 0xff, 0xff, 0x00, 0xff, 0xff, 0xff, 0x00, 0xff, 0xff, 0xff, 0x00, 0xff, 0xff, 0xff, 0x00,
    0xff, 0xff, 0xff, 0x00, 0xff, 0xff, 0xff, 0x00, 0xff, 0xff, 0xff, 0x00, 0xff, 0xff, 0xff, 0x00,
    0xff, 0xff, 0xff, 0x00, 0xff, 0xff, 0xff, 0x00, 0xff, 0xff, 0xff, 0x00, 0xff, 0xff, 0xff, 0x00,
    0xff, 0xff, 0xff, 0x00, 0xff, 0xff, 0xff, 0x00, 0xff, 0xff, 0xff, 0x9f, 0xff, 0xff, 0xff, 0xfe,
    0xff, 0xff, 0xff, 0xfe, 0xff, 0xff, 0xff, 0xfe, 0xff, 0xff, 0xff, 0xfe, 0xff, 0xff, 0xff, 0xfe,
    0xff, 0xff, 0xff, 0xfe, 0xff, 0xff, 0xff, 0xfe, 0xff, 0xff, 0xff, 0xfe, 0xff, 0xff, 0xff, 0xfe,
    0xff, 0xff, 0xff, 0xfe, 0xff, 0xff, 0xff, 0xff, 0xff, 0xff, 0xff, 0xfe, 0xff, 0xff, 0xff, 0xff,
    0xff, 0xff, 0xff, 0xff, 0xff, 0xff, 0xff, 0xfe, 0xff, 0xff, 0xff, 0xfe, 0xff, 0xff, 0xff, 0xfe,
    0xff, 0xff, 0xff, 0xfe, 0xff, 0xff, 0xff, 0xfe, 0xff, 0xff, 0xff, 0xfe, 0xff, 0xff, 0xff, 0x5f,
    0xff, 0xff, 0xff, 0x00, 0xff, 0xff, 0xff, 0x00, 0xff, 0xff, 0xff, 0x00, 0xff, 0xff, 0xff, 0x00,
    0xff, 0xff, 0xff, 0x00, 0xff, 0xff, 0xff, 0x00, 0xff, 0xff, 0xff, 0x00, 0xff, 0xff, 0xff, 0x00,
    0xff, 0xff, 0xff, 0x00, 0xff, 0xff, 0xff, 0x00, 0xff, 0xff, 0xff, 0x00, 0xff, 0xff, 0xff, 0x00,
    0xff, 0xff, 0xff, 0x00, 0xff, 0xff, 0xff, 0x00, 0xff, 0xff, 0xff, 0x00, 0xff, 0xff, 0xff, 0x00,
    0xff, 0xff, 0xff, 0x00, 0xff, 0xff, 0xff, 0x00, 0xff, 0xff, 0xff, 0x00, 0xff, 0xff, 0xff, 0x00,
    0xff, 0xff, 0xff, 0x00, 0xff, 0xff, 0xff, 0x00, 0xff, 0xff, 0xff, 0x00, 0xff, 0xff, 0xff, 0x00,
    0x03, 0x03, 0x03, 0x00, 0x0f, 0x0f, 0x0f, 0x00, 0x24, 0x24, 0x24, 0x00, 0x40, 0x40, 0x40, 0x00,
    0x5f, 0x5f, 0x5f, 0x00, 0x7e, 0x7e, 0x7e, 0x00, 0x9b, 0x9b, 0x9b, 0x00, 0xb4, 0xb4, 0xb4, 0x00,
    0xc8, 0xc8, 0xc8, 0x00, 0xd7, 0xd7, 0xd7, 0x00, 0xe2, 0xe2, 0xe2, 0x00, 0xea, 0xea, 0xea, 0x00,
    0xf0, 0xf0, 0xf0, 0x00, 0xf4, 0xf4, 0xf4, 0x00, 0xf6, 0xf6, 0xf6, 0x00, 0xf8, 0xf8, 0xf8, 0x00,
    0xf9, 0xf9, 0xf9, 0x00, 0xf9, 0xf9, 0xf9, 0x00, 0xf9, 0xf9, 0xf9, 0x00, 0xf9, 0xf9, 0xf9, 0x00,
    0xf9, 0xf9, 0xf9, 0x00, 0xf9, 0xf9, 0xf9, 0x00, 0xf9, 0xf9, 0xf9, 0x00, 0xf9, 0xf9, 0xf9, 0x00,
    0xf9, 0xf9, 0xf9, 0x00, 0xf9, 0xf9, 0xf9, 0x00, 0xf9, 0xf9, 0xf9, 0x00, 0xf9, 0xf9, 0xf9, 0x00,
    0xf9, 0xf9, 0xf9, 0x00, 0xf9, 0xf9, 0xf9, 0x00, 0xf9, 0xf9, 0xf9, 0x00, 0xff, 0xff, 0xff, 0x3f,
    0xff, 0xff, 0xff, 0xff, 0xff, 0xff, 0xff, 0xff, 0xff, 0xff, 0xff, 0xfe, 0xff, 0xff, 0xff, 0xfe,
    0xff, 0xff, 0xff, 0xff, 0xff, 0xff, 0xff, 0xfe, 0xff, 0xff, 0xff, 0xfe, 0xff, 0xff, 0xff, 0xff,
    0xff, 0xff, 0xff, 0xfe, 0xff, 0xff, 0xff, 0xfe, 0xff, 0xff, 0xff, 0xfe, 0xff, 0xff, 0xff, 0xfe,
    0xff, 0xff, 0xff, 0xfe, 0xff, 0xff, 0xff, 0xfe, 0xff, 0xff, 0xff, 0xff, 0xff, 0xff, 0xff, 0xfe,
    0xff, 0xff, 0xff, 0xff, 0xff, 0xff, 0xff, 0xfe, 0xff, 0xff, 0xff, 0xff, 0xff, 0xff, 0xff, 0xfe,
    0xff, 0xff, 0xff, 0xfe, 0xff, 0xff, 0xff, 0xbf, 0xff, 0xff, 0xff, 0x00, 0xff, 0xff, 0xff, 0x00,
    0xff, 0xff, 0xff, 0x00, 0xff, 0xff, 0xff, 0x00, 0xff, 0xff, 0xff, 0x00, 0xff, 0xff, 0xff, 0x00,
    0xff, 0xff, 0xff, 0x00, 0xff, 0xff, 0xff, 0x00, 0xff, 0xff, 0xff, 0x00, 0xff, 0xff, 0xff, 0x00,
    0xff, 0xff, 0xff, 0x00, 0xff, 0xff, 0xff, 0x00, 0xff, 0xff, 0xff, 0x00, 0xff, 0xff, 0xff, 0x00,
    0xff, 0xff, 0xff, 0x00, 0xff, 0xff, 0xff, 0x00, 0xff, 0xff, 0xff, 0x00, 0xff, 0xff, 0xff, 0x00,
    0xff, 0xff, 0xff, 0x9f, 0xff, 0xff, 0xff, 0xfe, 0xff, 0xff, 0xff, 0xfe, 0xff, 0xff, 0xff, 0xfe,
    0xff, 0xff, 0xff, 0xfe, 0xff, 0xff, 0xff, 0xfe, 0xff, 0xff, 0xff, 0xff, 0xff, 0xff, 0xff, 0xfe,
    0xff, 0xff, 0xff, 0xfe, 0xff, 0xff, 0xff, 0xfe, 0xff, 0xff, 0xff, 0xfe, 0xff, 0xff, 0xff, 0xfe,
    0xff, 0xff, 0xff, 0xfe, 0xff, 0xff, 0xff, 0xff, 0xff, 0xff, 0xff, 0xfe, 0xff, 0xff, 0xff, 0xfe,
    0xff, 0xff, 0xff, 0xfe, 0xff, 0xff, 0xff, 0xfe, 0xff, 0xff, 0xff, 0xff, 0xff, 0xff, 0xff, 0xff,
    0xff, 0xff, 0xff, 0xff, 0xff, 0xff, 0xff, 0x5f, 0xff, 0xff, 0xff, 0x00, 0xff, 0xff, 0xff, 0x00,
    0xff, 0xff, 0xff, 0x00, 0xff, 0xff, 0xff, 0x00, 0xff, 0xff, 0xff, 0x00, 0xff, 0xff, 0xff, 0x00,
    0xff, 0xff, 0xff, 0x00, 0xff, 0xff, 0xff, 0x00, 0xff, 0xff, 0xff, 0x00, 0xff, 0xff, 0xff, 0x00,
    0xff, 0xff, 0xff, 0x00, 0xff, 0xff, 0xff, 0x00, 0xff, 0xff, 0xff, 0x00, 0xff, 0xff, 0xff, 0x00,
    0xff, 0xff, 0xff, 0x00, 0xff, 0xff, 0xff, 0x00, 0xff, 0xff, 0xff, 0x00, 0xff, 0xff, 0xff, 0x00,
    0xff, 0xff, 0xff, 0x00, 0xff, 0xff, 0xff, 0x00, 0xff, 0xff, 0xff, 0x00, 0xff, 0xff, 0xff, 0x00,
    0xff, 0xff, 0xff, 0x00, 0xff, 0xff, 0xff, 0x00, 0x03, 0x03, 0x03, 0x00, 0x0f, 0x0f, 0x0f, 0x00,
    0x24, 0x24, 0x24, 0x00, 0x40, 0x40, 0x40, 0x00, 0x5f, 0x5f, 0x5f, 0x00, 0x7e, 0x7e, 0x7e, 0x00,
    0x9b, 0x9b, 0x9b, 0x00, 0xb4, 0xb4, 0xb4, 0x00, 0xc8, 0xc8, 0xc8, 0x00, 0xd7, 0xd7, 0xd7, 0x00,
    0xe2, 0xe2, 0xe2, 0x00, 0xea, 0xea, 0xea, 0x00, 0xf0, 0xf0, 0xf0, 0x00, 0xf4, 0xf4, 0xf4, 0x00,
    0xf6, 0xf6, 0xf6, 0x00, 0xf8, 0xf8, 0xf8, 0x00, 0xf9, 0xf9, 0xf9, 0x00, 0xf9, 0xf9, 0xf9, 0x00,
    0xf9, 0xf9, 0xf9, 0x00, 0xf9, 0xf9, 0xf9, 0x00, 0xf9, 0xf9, 0xf9, 0x00, 0xf9, 0xf9, 0xf9, 0x00,
    0xf9, 0xf9, 0xf9, 0x00, 0xf9, 0xf9, 0xf9, 0x00, 0xf9, 0xf9, 0xf9, 0x00, 0xf9, 0xf9, 0xf9, 0x00,
    0xf9, 0xf9, 0xf9, 0x00, 0xf9, 0xf9, 0xf9, 0x00, 0xf9, 0xf9, 0xf9, 0x00, 0xf9, 0xf9, 0xf9, 0x00,
    0xf9, 0xf9, 0xf9, 0x00, 0xff, 0xff, 0xff, 0xbf, 0xff, 0xff, 0xff, 0xfe, 0xff, 0xff, 0xff, 0xfe,
    0xff, 0xff, 0xff, 0xfe, 0xff, 0xff, 0xff, 0xfe, 0xff, 0xff, 0xff, 0xfe, 0xff, 0xff, 0xff, 0xfe,
    0xff, 0xff, 0xff, 0xff, 0xff, 0xff, 0xff, 0xff, 0xff, 0xff, 0xff, 0xfe, 0xff, 0xff, 0xff, 0xfe,
    0xff, 0xff, 0xff, 0xff, 0xff, 0xff, 0xff, 0xfe, 0xff, 0xff, 0xff, 0xfe, 0xff, 0xff, 0xff, 0xfe,
    0xff, 0xff, 0xff, 0xff, 0xff, 0xff, 0xff, 0xfe, 0xff, 0xff, 0xff, 0xfe, 0xff, 0xff, 0xff, 0xfe,
    0xff, 0xff, 0xff, 0xfe, 0xff, 0xff, 0xff, 0xff, 0xff, 0xff, 0xff, 0xfe, 0xff, 0xff, 0xff, 0x47,
    0xff, 0xff, 0xff, 0x00, 0xff, 0xff, 0xff, 0x00, 0xff, 0xff, 0xff, 0x00, 0xff, 0xff, 0xff, 0x00,
    0xff, 0xff, 0xff, 0x00, 0xff, 0xff, 0xff, 0x00, 0xff, 0xff, 0xff, 0x00, 0xff, 0xff, 0xff, 0x00,
    0xff, 0xff, 0xff, 0x00, 0xff, 0xff, 0xff, 0x00, 0xff, 0xff, 0xff, 0x00, 0xff, 0xff, 0xff, 0x00,
    0xff, 0xff, 0xff, 0x00, 0xff, 0xff, 0xff, 0x00, 0xff, 0xff, 0xff, 0x00, 0xff, 0xff, 0xff, 0x00,
    0xff, 0xff, 0xff, 0x00, 0xff, 0xff, 0xff, 0x00, 0xff, 0xff, 0xff, 0x9f, 0xff, 0xff, 0xff, 0xfe,
    0xff, 0xff, 0xff, 0xfe, 0xff, 0xff, 0xff, 0xfe, 0xff, 0xff, 0xff, 0xfe, 0xff, 0xff, 0xff, 0xfe,
    0xff, 0xff, 0xff, 0xfe, 0xff, 0xff, 0xff, 0xfe, 0xff, 0xff, 0xff, 0xff, 0xff, 0xff, 0xff, 0xfe,
    0xff, 0xff, 0xff, 0xff, 0xff, 0xff, 0xff, 0xfe, 0xff, 0xff, 0xff, 0xfe, 0xff, 0xff, 0xff, 0xfe,
    0xff, 0xff, 0xff, 0xfe, 0xff, 0xff, 0xff, 0xfe, 0xff, 0xff, 0xff, 0xfe, 0xff, 0xff, 0xff, 0xff,
    0xff, 0xff, 0xff, 0xff, 0xff, 0xff, 0xff, 0xfe, 0xff, 0xff, 0xff, 0xff, 0xff, 0xff, 0xff, 0x5f,
    0xff, 0xff, 0xff, 0x00, 0xff, 0xff, 0xff, 0x00, 0xff, 0xff, 0xff, 0x00, 0xff, 0xff, 0xff, 0x00,
    0xff, 0xff, 0xff, 0x00, 0xff, 0xff, 0xff, 0x00, 0xff, 0xff, 0xff, 0x00, 0xff, 0xff, 0xff, 0x00,
    0xff, 0xff, 0xff, 0x00, 0xff, 0xff, 0xff, 0x00, 0xff, 0xff, 0xff, 0x00, 0xff, 0xff, 0xff, 0x00,
    0xff, 0xff, 0xff, 0x00, 0xff, 0xff, 0xff, 0x00, 0xff, 0xff, 0xff, 0x00, 0xff, 0xff, 0xff, 0x00,
    0xff, 0xff, 0xff, 0x00, 0xff, 0xff, 0xff, 0x00, 0xff, 0xff, 0xff, 0x00, 0xff, 0xff, 0xff, 0x00,
    0xff, 0xff, 0xff, 0x00, 0xff, 0xff, 0xff, 0x00, 0xff, 0xff, 0xff, 0x00, 0xff, 0xff, 0xff, 0x00,
    0x03, 0x03, 0x03, 0x00, 0x0f, 0x0f, 0x0f, 0x00, 0x24, 0x24, 0x24, 0x00, 0x40, 0x40, 0x40, 0x00,
    0x5f, 0x5f, 0x5f, 0x00, 0x7e, 0x7e, 0x7e, 0x00, 0x9b, 0x9b, 0x9b, 0x00, 0xb4, 0xb4, 0xb4, 0x00,
    0xc8, 0xc8, 0xc8, 0x00, 0xd7, 0xd7, 0xd7, 0x00, 0xe2, 0xe2, 0xe2, 0x00, 0xea, 0xea, 0xea, 0x00,
    0xf0, 0xf0, 0xf0, 0x00, 0xf4, 0xf4, 0xf4, 0x00, 0xf6, 0xf6, 0xf6, 0x00, 0xf8, 0xf8, 0xf8, 0x00,
    0xf9, 0xf9, 0xf9, 0x00, 0xf9, 0xf9, 0xf9, 0x00, 0xf9, 0xf9, 0xf9, 0x00, 0xf9, 0xf9, 0xf9, 0x00,
    0xf9, 0xf9, 0xf9, 0x00, 0xf9, 0xf9, 0xf9, 0x00, 0xf9, 0xf9, 0xf9, 0x00, 0xf9, 0xf9, 0xf9, 0x00,
    0xf9, 0xf9, 0xf9, 0x00, 0xf9, 0xf9, 0xf9, 0x00, 0xf9, 0xf9, 0xf9, 0x00, 0xf9, 0xf9, 0xf9, 0x00,
    0xf9, 0xf9, 0xf9, 0x00, 0xf9, 0xf9, 0xf9, 0x00, 0xff, 0xff, 0xff, 0x3f, 0xff, 0xff, 0xff, 0xfe,
    0xff, 0xff, 0xff, 0xff, 0xff, 0xff, 0xff, 0xfe, 0xff, 0xff, 0xff, 0xfe, 0xff, 0xff, 0xff, 0xff,
    0xff, 0xff, 0xff, 0xfe, 0xff, 0xff, 0xff, 0xfe, 0xff, 0xff, 0xff, 0xff, 0xff, 0xff, 0xff, 0xff,
    0xff, 0xff, 0xff, 0xfe, 0xff, 0xff, 0xff, 0xfe, 0xff, 0xff, 0xff, 0xfe, 0xff, 0xff, 0xff, 0xfe,
    0xff, 0xff, 0xff, 0xfe, 0xff, 0xff, 0xff, 0xfe, 0xff, 0xff, 0xff, 0xff, 0xff, 0xff, 0xff, 0xfe,
    0xff, 0xff, 0xff, 0xfe, 0xff, 0xff, 0xff, 0xfe, 0xff, 0xff, 0xff, 0xfe, 0xff, 0xff, 0xff, 0xfe,
    0xff, 0xff, 0xff, 0xcf, 0xff, 0xff, 0xff, 0x00, 0xff, 0xff, 0xff, 0x00, 0xff, 0xff, 0xff, 0x00,
    0xff, 0xff, 0xff, 0x00, 0xff, 0xff, 0xff, 0x00, 0xff, 0xff, 0xff, 0x00, 0xff, 0xff, 0xff, 0x00,
    0xff, 0xff, 0xff, 0x00, 0xff, 0xff, 0xff, 0x00, 0xff, 0xff, 0xff, 0x00, 0xff, 0xff, 0xff, 0x00,
    0xff, 0xff, 0xff, 0x00, 0xff, 0xff, 0xff, 0x00, 0xff, 0xff, 0xff, 0x00, 0xff, 0xff, 0xff, 0x00,
    0xff, 0xff, 0xff, 0x00, 0xff, 0xff, 0xff, 0x00, 0xff, 0xff, 0xff, 0x00, 0xff, 0xff, 0xff, 0x00,
    0xff, 0xff, 0xff, 0x9f, 0xff, 0xff, 0xff, 0xfe, 0xff, 0xff, 0xff, 0xfe, 0xff, 0xff, 0xff, 0xff,
    0xff, 0xff, 0xff, 0xfe, 0xff, 0xff, 0xff, 0xfe, 0xff, 0xff, 0xff, 0xfe, 0xff, 0xff, 0xff, 0xfe,
    0xff, 0xff, 0xff, 0xfe, 0xff, 0xff, 0xff, 0xff, 0xff, 0xff, 0xff, 0xfe, 0xff, 0xff, 0xff, 0xfe,
    0xff, 0xff, 0xff, 0xfe, 0xff, 0xff, 0xff, 0xff, 0xff, 0xff, 0xff, 0xfe, 0xff, 0xff, 0xff, 0xfe,
    0xff, 0xff, 0xff, 0xfe, 0xff, 0xff, 0xff, 0xff, 0xff, 0xff, 0xff, 0xfe, 0xff, 0xff, 0xff, 0xff,
    0xff, 0xff, 0xff, 0xfe, 0xff, 0xff, 0xff, 0x5f, 0xff, 0xff, 0xff, 0x00, 0xff, 0xff, 0xff, 0x00,
    0xff, 0xff, 0xff, 0x00, 0xff, 0xff, 0xff, 0x00, 0xff, 0xff, 0xff, 0x00, 0xff, 0xff, 0xff, 0x00,
    0xff, 0xff, 0xff, 0x00, 0xff, 0xff, 0xff, 0x00, 0xff, 0xff, 0xff, 0x00, 0xff, 0xff, 0xff, 0x00,
    0xff, 0xff, 0xff, 0x00, 0xff, 0xff, 0xff, 0x00, 0xff, 0xff, 0xff, 0x00, 0xff, 0xff, 0xff, 0x00,
    0xff, 0xff, 0xff, 0x00, 0xff, 0xff, 0xff, 0x00, 0xff, 0xff, 0xff, 0x00, 0xff, 0xff, 0xff, 0x00,
    0xff, 0xff, 0xff, 0x00, 0xff, 0xff, 0xff, 0x00, 0xff, 0xff, 0xff, 0x00, 0xff, 0xff, 0xff, 0x00,
    0xff, 0xff, 0xff, 0x00, 0xff, 0xff, 0xff, 0x00, 0x03, 0x03, 0x03, 0x00, 0x0f, 0x0f, 0x0f, 0x00,
    0x24, 0x24, 0x24, 0x00, 0x40, 0x40, 0x40, 0x00, 0x5f, 0x5f, 0x5f, 0x00, 0x7e, 0x7e, 0x7e, 0x00,
    0x9b, 0x9b, 0x9b, 0x00, 0xb4, 0xb4, 0xb4, 0x00, 0xc8, 0xc8, 0xc8, 0x00, 0xd7, 0xd7, 0xd7, 0x00,
    0xe2, 0xe2, 0xe2, 0x00, 0xea, 0xea, 0xea, 0x00, 0xf0, 0xf0, 0xf0, 0x00, 0xf4, 0xf4, 0xf4, 0x00,
    0xf6, 0xf6, 0xf6, 0x00, 0xf8, 0xf8, 0xf8, 0x00, 0xf9, 0xf9, 0xf9, 0x00, 0xf9, 0xf9, 0xf9, 0x00,
    0xf9, 0xf9, 0xf9, 0x00, 0xf9, 0xf9, 0xf9, 0x00, 0xf9, 0xf9, 0xf9, 0x00, 0xf9, 0xf9, 0xf9, 0x00,
    0xf9, 0xf9, 0xf9, 0x00, 0xf9, 0xf9, 0xf9, 0x00, 0xf9, 0xf9, 0xf9, 0x00, 0xf9, 0xf9, 0xf9, 0x00,
    0xf9, 0xf9, 0xf9, 0x00, 0xf9, 0xf9, 0xf9, 0x00, 0xf9, 0xf9, 0xf9, 0x00, 0xf9, 0xf9, 0xf9, 0x00,
    0xff, 0xff, 0xff, 0xbf, 0xff, 0xff, 0xff, 0xff, 0xff, 0xff, 0xff, 0xff, 0xff, 0xff, 0xff, 0xfe,
    0xff, 0xff, 0xff, 0xfe, 0xff, 0xff, 0xff, 0xff, 0xff, 0xff, 0xff, 0xff, 0xff, 0xff, 0xff, 0xff,
    0xff, 0xff, 0xff, 0xff, 0xff, 0xff, 0xff, 0xfe, 0xff, 0xff, 0xff, 0xff, 0xff, 0xff, 0xff, 0xfe,
    0xff, 0xff, 0xff, 0xfe, 0xff, 0xff, 0xff, 0xfe, 0xff, 0xff, 0xff, 0xfe, 0xff, 0xff, 0xff, 0xfe,
    0xff, 0xff, 0xff, 0xff, 0xff, 0xff, 0xff, 0xfe, 0xff, 0xff, 0xff, 0xfe, 0xff, 0xff, 0xff, 0xfe,
    0xff, 0xff, 0xff, 0xfe, 0xff, 0xff, 0xff, 0xfe, 0xff, 0xff, 0xff, 0x4f, 0xff, 0xff, 0xff, 0x00,
    0xff, 0xff, 0xff, 0x00, 0xff, 0xff, 0xff, 0x00, 0xff, 0xff, 0xff, 0x00, 0xff, 0xff, 0xff, 0x00,
    0xff, 0xff, 0xff, 0x00, 0xff, 0xff, 0xff, 0x00, 0xff, 0xff, 0xff, 0x00, 0xff, 0xff, 0xff, 0x00,
    0xff, 0xff, 0xff, 0x00, 0xff, 0xff, 0xff, 0x00, 0xff, 0xff, 0xff, 0x00, 0xff, 0xff, 0xff, 0x00,
    0xff, 0xff, 0xff, 0x00, 0xff, 0xff, 0xff, 0x00, 0xff, 0xff, 0xff, 0x00, 0xff, 0xff, 0xff, 0x00,
    0xff, 0xff, 0xff, 0x00, 0xff, 0xff, 0xff, 0x00, 0xff, 0xff, 0xff, 0x9f, 0xff, 0xff, 0xff, 0xfe,
    0xff, 0xff, 0xff, 0xfe, 0xff, 0xff, 0xff, 0xfe, 0xff, 0xff, 0xff, 0xfe, 0xff, 0xff, 0xff, 0xfe,
    0xff, 0xff, 0xff, 0xfe, 0xff, 0xff, 0xff, 0xff, 0xff, 0xff, 0xff, 0xfe, 0xff, 0xff, 0xff, 0xfe,
    0xff, 0xff, 0xff, 0xfe, 0xff, 0xff, 0xff, 0xff, 0xff, 0xff, 0xff, 0xfe, 0xff, 0xff, 0xff, 0xfe,
    0xff, 0xff, 0xff, 0xfe, 0xff, 0xff, 0xff, 0xfe, 0xff, 0xff, 0xff, 0xfe, 0xff, 0xff, 0xff, 0xfe,
    0xff, 0xff, 0xff, 0xfe, 0xff, 0xff, 0xff, 0xfe, 0xff, 0xff, 0xff, 0xfe, 0xff, 0xff, 0xff, 0x5f,
    0xff, 0xff, 0xff, 0x00, 0xff, 0xff, 0xff, 0x00, 0xff, 0xff, 0xff, 0x00, 0xff, 0xff, 0xff, 0x00,
    0xff, 0xff, 0xff, 0x00, 0xff, 0xff, 0xff, 0x00, 0xff, 0xff, 0xff, 0x00, 0xff, 0xff, 0xff, 0x00,
    0xff, 0xff, 0xff, 0x00, 0xff, 0xff, 0xff, 0x00, 0xff, 0xff, 0xff, 0x00, 0xff, 0xff, 0xff, 0x00,
    0xff, 0xff, 0xff, 0x00, 0xff, 0xff, 0xff, 0x00, 0xff, 0xff, 0xff, 0x00, 0xff, 0xff, 0xff, 0x00,
    0xff, 0xff, 0xff, 0x00, 0xff, 0xff, 0xff, 0x00, 0xff, 0xff, 0xff, 0x00, 0xff, 0xff, 0xff, 0x00,
    0xff, 0xff, 0xff, 0x00, 0xff, 0xff, 0xff, 0x00, 0xff, 0xff, 0xff, 0x00, 0xff, 0xff, 0xff, 0x00,
    0x03, 0x03, 0x03, 0x00, 0x0f, 0x0f, 0x0f, 0x00, 0x24, 0x24, 0x24, 0x00, 0x40, 0x40, 0x40, 0x00,
    0x5f, 0x5f, 0x5f, 0x00, 0x7e, 0x7e, 0x7e, 0x00, 0x9b, 0x9b, 0x9b, 0x00, 0xb4, 0xb4, 0xb4, 0x00,
    0xc8, 0xc8, 0xc8, 0x00, 0xd7, 0xd7, 0xd7, 0x00, 0xe2, 0xe2, 0xe2, 0x00, 0xea, 0xea, 0xea, 0x00,
    0xf0, 0xf0, 0xf0, 0x00, 0xf4, 0xf4, 0xf4, 0x00, 0xf6, 0xf6, 0xf6, 0x00, 0xf8, 0xf8, 0xf8, 0x00,
    0xf9, 0xf9, 0xf9, 0x00, 0xf9, 0xf9, 0xf9, 0x00, 0xf9, 0xf9, 0xf9, 0x00, 0xf9, 0xf9, 0xf9, 0x00,
    0xf9, 0xf9, 0xf9, 0x00, 0xf9, 0xf9, 0xf9, 0x00, 0xf9, 0xf9, 0xf9, 0x00, 0xf9, 0xf9, 0xf9, 0x00,
    0xf9, 0xf9, 0xf9, 0x00, 0xf9, 0xf9, 0xf9, 0x00, 0xf9, 0xf9, 0xf9, 0x00, 0xf9, 0xf9, 0xf9, 0x00,
    0xf9, 0xf9, 0xf9, 0x00, 0xff, 0xff, 0xff, 0x3f, 0xff, 0xff, 0xff, 0xfe, 0xff, 0xff, 0xff, 0xff,
    0xff, 0xff, 0xff, 0xfe, 0xff, 0xff, 0xff, 0xff, 0xff, 0xff, 0xff, 0xfe, 0xff, 0xff, 0xff, 0xfe,
    0xff, 0xff, 0xff, 0xff, 0xff, 0xff, 0xff, 0xfe, 0xff, 0xff, 0xff, 0xfe, 0xff, 0xff, 0xff, 0xfe,
    0xff, 0xff, 0xff, 0xfe, 0xff, 0xff, 0xff, 0xfe, 0xff, 0xff, 0xff, 0xfe, 0xff, 0xff, 0xff, 0xff,
    0xff, 0xff, 0xff, 0xfe, 0xff, 0xff, 0xff, 0xff, 0xff, 0xff, 0xff, 0xff, 0xff, 0xff, 0xff, 0xfe,
    0xff, 0xff, 0xff, 0xfe, 0xff, 0xff, 0xff, 0xff, 0xff, 0xff, 0xff, 0xfe, 0xff, 0xff, 0xff, 0xcf,
    0xff, 0xff, 0xff, 0x00, 0xff, 0xff, 0xff, 0x00, 0xff, 0xff, 0xff, 0x00, 0xff, 0xff, 0xff, 0x00,
    0xff, 0xff, 0xff, 0x00, 0xff, 0xff, 0xff, 0x00, 0xff, 0xff, 0xff, 0x00, 0xff, 0xff, 0xff, 0x00,
    0xff, 0xff, 0xff, 0x00, 0xff, 0xff, 0xff, 0x00, 0xff, 0xff, 0xff, 0x00, 0xff, 0xff, 0xff, 0x00,
    0xff, 0xff, 0xff, 0x00, 0xff, 0xff, 0xff, 0x00, 0xff, 0xff, 0xff, 0x00, 0xff, 0xff, 0xff, 0x00,
    0xff, 0xff, 0xff, 0x00, 0xff, 0xff, 0xff, 0x00, 0xff, 0xff, 0xff, 0x00, 0xff, 0xff, 0xff, 0x00,
    0xff, 0xff, 0xff, 0x9f, 0xff, 0xff, 0xff, 0xff, 0xff, 0xff, 0xff, 0xfe, 0xff, 0xff, 0xff, 0xfe,
    0xff, 0xff, 0xff, 0xfe, 0xff, 0xff, 0xff, 0xfe, 0xff, 0xff, 0xff, 0xfe, 0xff, 0xff, 0xff, 0xfe,
    0xff, 0xff, 0xff, 0xff, 0xff, 0xff, 0xff, 0xff, 0xff, 0xff, 0xff, 0xff, 0xff, 0xff, 0xff, 0xfe,
    0xff, 0xff, 0xff, 0xfe, 0xff, 0xff, 0xff, 0xff, 0xff, 0xff, 0xff, 0xfe, 0xff, 0xff, 0xff, 0xfe,
    0xff, 0xff, 0xff, 0xfe, 0xff, 0xff, 0xff, 0xfe, 0xff, 0xff, 0xff, 0xff, 0xff, 0xff, 0xff, 0xff,
    0xff, 0xff, 0xff, 0xfe, 0xff, 0xff, 0xff, 0x5f, 0xff, 0xff, 0xff, 0x00, 0xff, 0xff, 0xff, 0x00,
    0xff, 0xff, 0xff, 0x00, 0xff, 0xff, 0xff, 0x00, 0xff, 0xff, 0xff, 0x00, 0xff, 0xff, 0xff, 0x00,
    0xff, 0xff, 0xff, 0x00, 0xff, 0xff, 0xff, 0x00, 0xff, 0xff, 0xff, 0x00, 0xff, 0xff, 0xff, 0x00,
    0xff, 0xff, 0xff, 0x00, 0xff, 0xff, 0xff, 0x00, 0xff, 0xff, 0xff, 0x00, 0xff, 0xff, 0xff, 0x00,
    0xff, 0xff, 0xff, 0x00, 0xff, 0xff, 0xff, 0x00, 0xff, 0xff, 0xff, 0x00, 0xff, 0xff, 0xff, 0x00,
    0xff, 0xff, 0xff, 0x00, 0xff, 0xff, 0xff, 0x00, 0xff, 0xff, 0xff, 0x00, 0xff, 0xff, 0xff, 0x00,
    0xff, 0xff, 0xff, 0x00, 0xff, 0xff, 0xff, 0x00, 0x03, 0x03, 0x03, 0x00, 0x0f, 0x0f, 0x0f, 0x00,
    0x24, 0x24, 0x24, 0x00, 0x40, 0x40, 0x40, 0x00, 0x5f, 0x5f, 0x5f, 0x00, 0x7e, 0x7e, 0x7e, 0x00,
    0x9b, 0x9b, 0x9b, 0x00, 0xb4, 0xb4, 0xb4, 0x00, 0xc8, 0xc8, 0xc8, 0x00, 0xd7, 0xd7, 0xd7, 0x00,
    0xe2, 0xe2, 0xe2, 0x00, 0xea, 0xea, 0xea, 0x00, 0xf0, 0xf0, 0xf0, 0x00, 0xf4, 0xf4, 0xf4, 0x00,
    0xf6, 0xf6, 0xf6, 0x00, 0xf8, 0xf8, 0xf8, 0x00, 0xf9, 0xf9, 0xf9, 0x00, 0xf9, 0xf9, 0xf9, 0x00,
    0xf9, 0xf9, 0xf9, 0x00, 0xf9, 0xf9, 0xf9, 0x00, 0xf9, 0xf9, 0xf9, 0x00, 0xf9, 0xf9, 0xf9, 0x00,
    0xf9, 0xf9, 0xf9, 0x00, 0xf9, 0xf9, 0xf9, 0x00, 0xf9, 0xf9, 0xf9, 0x00, 0xf9, 0xf9, 0xf9, 0x00,
    0xf9, 0xf9, 0xf9, 0x00, 0xf9, 0xf9, 0xf9, 0x00, 0xf9, 0xf9, 0xf9, 0x00, 0xff, 0xff, 0xff, 0xbf,
    0xff, 0xff, 0xff, 0xff, 0xff, 0xff, 0xff, 0xfe, 0xff, 0xff, 0xff, 0xfe, 0xff, 0xff, 0xff, 0xfe,
    0xff, 0xff, 0xff, 0xfe, 0xff, 0xff, 0xff, 0xfe, 0xff, 0xff, 0xff, 0xfe, 0xff, 0xff, 0xff, 0xfe,
    0xff, 0xff, 0xff, 0xff, 0xff, 0xff, 0xff, 0xff, 0xff, 0xff, 0xff, 0xff, 0xff, 0xff, 0xff, 0xfe,
    0xff, 0xff, 0xff, 0xff, 0xff, 0xff, 0xff, 0xfe, 0xff, 0xff, 0xff, 0xff, 0xff, 0xff, 0xff, 0xfe,
    0xff, 0xff, 0xff, 0xfe, 0xff, 0xff, 0xff, 0xfe, 0xff, 0xff, 0xff, 0xfe, 0xff, 0xff, 0xff, 0xfe,
    0xff, 0xff, 0xff, 0xff, 0xff, 0xff, 0xff, 0x4f, 0xff, 0xff, 0xff, 0x00, 0xff, 0xff, 0xff, 0x00,
    0xff, 0xff, 0xff, 0x00, 0xff, 0xff, 0xff, 0x00, 0xff, 0xff, 0xff, 0x00, 0xff, 0xff, 0xff, 0x00,
    0xff, 0xff, 0xff, 0x00, 0xff, 0xff, 0xff, 0x00, 0xff, 0xff, 0xff, 0x00, 0xff, 0xff, 0xff, 0x00,
    0xff, 0xff, 0xff, 0x00, 0xff, 0xff, 0xff, 0x00, 0xff, 0xff, 0xff, 0x00, 0xff, 0xff, 0xff, 0x00,
    0xff, 0xff, 0xff, 0x00, 0xff, 0xff, 0xff, 0x00, 0xff, 0xff, 0xff, 0x00, 0xff, 0xff, 0xff, 0x00,
    0xff, 0xff, 0xff, 0x00, 0xff, 0xff, 0xff, 0x00, 0xff, 0xff, 0xff, 0x9f, 0xff, 0xff, 0xff, 0xfe,
    0xff, 0xff, 0xff, 0xfe, 0xff, 0xff, 0xff, 0xfe, 0xff, 0xff, 0xff, 0xff, 0xff, 0xff, 0xff, 0xfe,
    0xff, 0xff, 0xff, 0xfe, 0xff, 0xff, 0xff, 0xfe, 0xff, 0xff, 0xff, 0xff, 0xff, 0xff, 0xff, 0xfe,
    0xff, 0xff, 0xff, 0xfe, 0xff, 0xff, 0xff, 0xfe, 0xff, 0xff, 0xff, 0xfe, 0xff, 0xff, 0xff, 0xfe,
    0xff, 0xff, 0xff, 0xff, 0xff, 0xff, 0xff, 0xff, 0xff, 0xff, 0xff, 0xfe, 0xff, 0xff, 0xff, 0xfe,
    0xff, 0xff, 0xff, 0xfe, 0xff, 0xff, 0xff, 0xff, 0xff, 0xff, 0xff, 0xfe, 0xff, 0xff, 0xff, 0x5f,
    0xff, 0xff, 0xff, 0x00, 0xff, 0xff, 0xff, 0x00, 0xff, 0xff, 0xff, 0x00, 0xff, 0xff, 0xff, 0x00,
    0xff, 0xff, 0xff, 0x00, 0xff, 0xff, 0xff, 0x00, 0xff, 0xff, 0xff, 0x00, 0xff, 0xff, 0xff, 0x00,
    0xff, 0xff, 0xff, 0x00, 0xff, 0xff, 0xff, 0x00, 0xff, 0xff, 0xff, 0x00, 0xff, 0xff, 0xff, 0x00,
    0xff, 0xff, 0xff, 0x00, 0xff, 0xff, 0xff, 0x00, 0xff, 0xff, 0xff, 0x00, 0xff, 0xff, 0xff, 0x00,
    0xff, 0xff, 0xff, 0x00, 0xff, 0xff, 0xff, 0x00, 0xff, 0xff, 0xff, 0x00, 0xff, 0xff, 0xff, 0x00,
    0xff, 0xff, 0xff, 0x00, 0xff, 0xff, 0xff, 0x00, 0xff, 0xff, 0xff, 0x00, 0xff, 0xff, 0xff, 0x00,
    0x03, 0x03, 0x03, 0x00, 0x0f, 0x0f, 0x0f, 0x00, 0x24, 0x24, 0x24, 0x00, 0x40, 0x40, 0x40, 0x00,
    0x5f, 0x5f, 0x5f, 0x00, 0x7e, 0x7e, 0x7e, 0x00, 0x9b, 0x9b, 0x9b, 0x00, 0xb4, 0xb4, 0xb4, 0x00,
    0xc8, 0xc8, 0xc8, 0x00, 0xd7, 0xd7, 0xd7, 0x00, 0xe2, 0xe2, 0xe2, 0x00, 0xea, 0xea, 0xea, 0x00,
    0xf0, 0xf0, 0xf0, 0x00, 0xf4, 0xf4, 0xf4, 0x00, 0xf6, 0xf6, 0xf6, 0x00, 0xf8, 0xf8, 0xf8, 0x00,
    0xf9, 0xf9, 0xf9, 0x00, 0xf9, 0xf9, 0xf9, 0x00, 0xf9, 0xf9, 0xf9, 0x00, 0xf9, 0xf9, 0xf9, 0x00,
    0xf9, 0xf9, 0xf9, 0x00, 0xf9, 0xf9, 0xf9, 0x00, 0xf9, 0xf9, 0xf9, 0x00, 0xf9, 0xf9, 0xf9, 0x00,
    0xf9, 0xf9, 0xf9, 0x00, 0xf9, 0xf9, 0xf9, 0x00, 0xf9, 0xf9, 0xf9, 0x00, 0xf9, 0xf9, 0xf9, 0x00,
    0xff, 0xff, 0xff, 0x3f, 0xff, 0xff, 0xff, 0xff, 0xff, 0xff, 0xff, 0xfe, 0xff, 0xff, 0xff, 0xff,
    0xff, 0xff, 0xff, 0xfe, 0xff, 0xff, 0xff, 0xfe, 0xff, 0xff, 0xff, 0xff, 0xff, 0xff, 0xff, 0xfe,
    0xff, 0xff, 0xff, 0xfe, 0xff, 0xff, 0xff, 0xff, 0xff, 0xff, 0xff, 0xfe, 0xff, 0xff, 0xff, 0xfe,
    0xff, 0xff, 0xff, 0xff, 0xff, 0xff, 0xff, 0xfe, 0xff, 0xff, 0xff, 0xff, 0xff, 0xff, 0xff, 0xfe,
    0xff, 0xff, 0xff, 0xfe, 0xff, 0xff, 0xff, 0xfe, 0xff, 0xff, 0xff, 0xfe, 0xff, 0xff, 0xff, 0xfe,
    0xff, 0xff, 0xff, 0xfe, 0xff, 0xff, 0xff, 0xfe, 0xff, 0xff, 0xff, 0xcf, 0xff, 0xff, 0xff, 0x00,
    0xff, 0xff, 0xff, 0x00, 0xff, 0xff, 0xff, 0x00, 0xff, 0xff, 0xff, 0x00, 0xff, 0xff, 0xff, 0x00,
    0xff, 0xff, 0xff, 0x00, 0xff, 0xff, 0xff, 0x00, 0xff, 0xff, 0xff, 0x00, 0xff, 0xff, 0xff, 0x00,
    0xff, 0xff, 0xff, 0x00, 0xff, 0xff, 0xff, 0x00, 0xff, 0xff, 0xff, 0x00, 0xff, 0xff, 0xff, 0x00,
    0xff, 0xff, 0xff, 0x00, 0xff, 0xff, 0xff, 0x00, 0xff, 0xff, 0xff, 0x00, 0xff, 0xff, 0xff, 0x00,
    0xff, 0xff, 0xff, 0x00, 0xff, 0xff, 0xff, 0x00, 0xff, 0xff, 0xff, 0x00, 0xff, 0xff, 0xff, 0x00,
    0xff, 0xff, 0xff, 0x9f, 0xff, 0xff, 0xff, 0xff, 0xff, 0xff, 0xff, 0xff, 0xff, 0xff, 0xff, 0xfe,
    0xff, 0xff, 0xff, 0xfe, 0xff, 0xff, 0xff, 0xff, 0xff, 0xff, 0xff, 0xfe, 0xff, 0xff, 0xff, 0xfe,
    0xff, 0xff, 0xff, 0xfe, 0xff, 0xff, 0xff, 0xfe, 0xff, 0xff, 0xff, 0xfe, 0xff, 0xff, 0xff, 0xff,
    0xff, 0xff, 0xff, 0xff, 0xff, 0xff, 0xff, 0xfe, 0xff, 0xff, 0xff, 0xff, 0xff, 0xff, 0xff, 0xfe,
    0xff, 0xff, 0xff, 0xfe, 0xff, 0xff, 0xff, 0xfe, 0xff, 0xff, 0xff, 0xfe, 0xff, 0xff, 0xff, 0xfe,
    0xff, 0xff, 0xff, 0xfe, 0xff, 0xff, 0xff, 0x5f, 0xff, 0xff, 0xff, 0x00, 0xff, 0xff, 0xff, 0x00,
    0xff, 0xff, 0xff, 0x00, 0xff, 0xff, 0xff, 0x00, 0xff, 0xff, 0xff, 0x00, 0xff, 0xff, 0xff, 0x00,
    0xff, 0xff, 0xff, 0x00, 0xff, 0xff, 0xff, 0x00, 0xff, 0xff, 0xff, 0x00, 0xff, 0xff, 0xff, 0x00,
    0xff, 0xff, 0xff, 0x00, 0xff, 0xff, 0xff, 0x00, 0xff, 0xff, 0xff, 0x00, 0xff, 0xff, 0xff, 0x00,
    0xff, 0xff, 0xff, 0x00, 0xff, 0xff, 0xff, 0x00, 0xff, 0xff, 0xff, 0x00, 0xff, 0xff, 0xff, 0x00,
    0xff, 0xff, 0xff, 0x00, 0xff, 0xff, 0xff, 0x00, 0xff, 0xff, 0xff, 0x00, 0xff, 0xff, 0xff, 0x00,
    0xff, 0xff, 0xff, 0x00, 0xff, 0xff, 0xff, 0x00, 0x03, 0x03, 0x03, 0x00, 0x0f, 0x0f, 0x0f, 0x00,
    0x24, 0x24, 0x24, 0x00, 0x40, 0x40, 0x40, 0x00, 0x5f, 0x5f, 0x5f, 0x00, 0x7e, 0x7e, 0x7e, 0x00,
    0x9b, 0x9b, 0x9b, 0x00, 0xb4, 0xb4, 0xb4, 0x00, 0xc8, 0xc8, 0xc8, 0x00, 0xd7, 0xd7, 0xd7, 0x00,
    0xe2, 0xe2, 0xe2, 0x00, 0xea, 0xea, 0xea, 0x00, 0xf0, 0xf0, 0xf0, 0x00, 0xf4, 0xf4, 0xf4, 0x00,
    0xf6, 0xf6, 0xf6, 0x00, 0xf8, 0xf8, 0xf8, 0x00, 0xf9, 0xf9, 0xf9, 0x00, 0xf9, 0xf9, 0xf9, 0x00,
    0xf9, 0xf9, 0xf9, 0x00, 0xf9, 0xf9, 0xf9, 0x00, 0xf9, 0xf9, 0xf9, 0x00, 0xf9, 0xf9, 0xf9, 0x00,
    0xf9, 0xf9, 0xf9, 0x00, 0xf9, 0xf9, 0xf9, 0x00, 0xf9, 0xf9, 0xf9, 0x00, 0xf9, 0xf9, 0xf9, 0x00,
    0xf9, 0xf9, 0xf9, 0x00, 0xf9, 0xf9, 0xf9, 0x00, 0xff, 0xff, 0xff, 0xbf, 0xff, 0xff, 0xff, 0xff,
    0xff, 0xff, 0xff, 0xfe, 0xff, 0xff, 0xff, 0xff, 0xff, 0xff, 0xff, 0xfe, 0xff, 0xff, 0xff, 0xfe,
    0xff, 0xff, 0xff, 0xfe, 0xff, 0xff, 0xff, 0xfe, 0xff, 0xff, 0xff, 0xfe, 0xff, 0xff, 0xff, 0xfe,
    0xff, 0xff, 0xff, 0xfe, 0xff, 0xff, 0xff, 0xfe, 0xff, 0xff, 0xff, 0xff, 0xff, 0xff, 0xff, 0xfe,
    0xff, 0xff, 0xff, 0xfe, 0xff, 0xff, 0xff, 0xfe, 0xff, 0xff, 0xff, 0xff, 0xff, 0xff, 0xff, 0xfe,
    0xff, 0xff, 0xff, 0xfe, 0xff, 0xff, 0xff, 0xff, 0xff, 0xff, 0xff, 0xfe, 0xff, 0xff, 0xff, 0xfe,
    0xff, 0xff, 0xff, 0x4f, 0xff, 0xff, 0xff, 0x00, 0xff, 0xff, 0xff, 0x00, 0xff, 0xff, 0xff, 0x00,
    0xff, 0xff, 0xff, 0x00, 0xff, 0xff, 0xff, 0x00, 0xff, 0xff, 0xff, 0x00, 0xff, 0xff, 0xff, 0x00,
    0xff, 0xff, 0xff, 0x00, 0xff, 0xff, 0xff, 0x00, 0xff, 0xff, 0xff, 0x00, 0xff, 0xff, 0xff, 0x00,
    0xff, 0xff, 0xff, 0x00, 0xff, 0xff, 0xff, 0x00, 0xff, 0xff, 0xff, 0x00, 0xff, 0xff, 0xff, 0x00,
    0xff, 0xff, 0xff, 0x00, 0xff, 0xff, 0xff, 0x00, 0xff, 0xff, 0xff, 0x00, 0xff, 0xff, 0xff, 0x00,
    0xff, 0xff, 0xff, 0x00, 0xff, 0xff, 0xff, 0x00, 0xff, 0xff, 0xff, 0x9f, 0xff, 0xff, 0xff, 0xff,
    0xff, 0xff, 0xff, 0xfe, 0xff, 0xff, 0xff, 0xfe, 0xff, 0xff, 0xff, 0xff, 0xff, 0xff, 0xff, 0xfe,
    0xff, 0xff, 0xff, 0xfe, 0xff, 0xff, 0xff, 0xfe, 0xff, 0xff, 0xff, 0xff, 0xff, 0xff, 0xff, 0xff,
    0xff, 0xff, 0xff, 0xfe, 0xff, 0xff, 0xff, 0xfe, 0xff, 0xff, 0xff, 0xfe, 0xff, 0xff, 0xff, 0xfe,
    0xff, 0xff, 0xff, 0xff, 0xff, 0xff, 0xff, 0xff, 0xff, 0xff, 0xff, 0xff, 0xff, 0xff, 0xff, 0xfe,
    0xff, 0xff, 0xff, 0xfe, 0xff, 0xff, 0xff, 0xff, 0xff, 0xff, 0xff, 0xff, 0xff, 0xff, 0xff, 0x5f,
    0xff, 0xff, 0xff, 0x00, 0xff, 0xff, 0xff, 0x00, 0xff, 0xff, 0xff, 0x00, 0xff, 0xff, 0xff, 0x00,
    0xff, 0xff, 0xff, 0x00, 0xff, 0xff, 0xff, 0x00, 0xff, 0xff, 0xff, 0x00, 0xff, 0xff, 0xff, 0x00,
    0xff, 0xff, 0xff, 0x00, 0xff, 0xff, 0xff, 0x00, 0xff, 0xff, 0xff, 0x00, 0xff, 0xff, 0xff, 0x00,
    0xff, 0xff, 0xff, 0x00, 0xff, 0xff, 0xff, 0x00, 0xff, 0xff, 0xff, 0x00, 0xff, 0xff, 0xff, 0x00,
    0xff, 0xff, 0xff, 0x00, 0xff, 0xff, 0xff, 0x00, 0xff, 0xff, 0xff, 0x00, 0xff, 0xff, 0xff, 0x00,
    0xff, 0xff, 0xff, 0x00, 0xff, 0xff, 0xff, 0x00, 0xff, 0xff, 0xff, 0x00, 0xff, 0xff, 0xff, 0x00,
    0x03, 0x03, 0x03, 0x00, 0x0f, 0x0f, 0x0f, 0x00, 0x24, 0x24, 0x24, 0x00, 0x40, 0x40, 0x40, 0x00,
    0x5f, 0x5f, 0x5f, 0x00, 0x7e, 0x7e, 0x7e, 0x00, 0x9b, 0x9b, 0x9b, 0x00, 0xb4, 0xb4, 0xb4, 0x00,
    0xc8, 0xc8, 0xc8, 0x00, 0xd7, 0xd7, 0xd7, 0x00, 0xe2, 0xe2, 0xe2, 0x00, 0xea, 0xea, 0xea, 0x00,
    0xf0, 0xf0, 0xf0, 0x00, 0xf4, 0xf4, 0xf4, 0x00, 0xf6, 0xf6, 0xf6, 0x00, 0xf8, 0xf8, 0xf8, 0x00,
    0xf9, 0xf9, 0xf9, 0x00, 0xf9, 0xf9, 0xf9, 0x00, 0xf9, 0xf9, 0xf9, 0x00, 0xf9, 0xf9, 0xf9, 0x00,
    0xf9, 0xf9, 0xf9, 0x00, 0xf9, 0xf9, 0xf9, 0x00, 0xf9, 0xf9, 0xf9, 0x00, 0xf9, 0xf9, 0xf9, 0x00,
    0xf9, 0xf9, 0xf9, 0x00, 0xf9, 0xf9, 0xf9, 0x00, 0xf9, 0xf9, 0xf9, 0x00, 0xff, 0xff, 0xff, 0x3f,
    0xff, 0xff, 0xff, 0xfe, 0xff, 0xff, 0xff, 0xfe, 0xff, 0xff, 0xff, 0xff, 0xff, 0xff, 0xff, 0xfe,
    0xff, 0xff, 0xff, 0xff, 0xff, 0xff, 0xff, 0xfe, 0xff, 0xff, 0xff, 0xfe, 0xff, 0xff, 0xff, 0xfe,
    0xff, 0xff, 0xff, 0xfe, 0xff, 0xff, 0xff, 0xfe, 0xff, 0xff, 0xff, 0xfe, 0xff, 0xff, 0xff, 0xff,
    0xff, 0xff, 0xff, 0xff, 0xff, 0xff, 0xff, 0xfe, 0xff, 0xff, 0xff, 0xff, 0xff, 0xff, 0xff, 0xff,
    0xff, 0xff, 0xff, 0xfe, 0xff, 0xff, 0xff, 0xfe, 0xff, 0xff, 0xff, 0xfe, 0xff, 0xff, 0xff, 0xff,
    0xff, 0xff, 0xff, 0xfe, 0xff, 0xff, 0xff, 0xcf, 0xff, 0xff, 0xff, 0x00, 0xff, 0xff, 0xff, 0x00,
    0xff, 0xff, 0xff, 0x00, 0xff, 0xff, 0xff, 0x00, 0xff, 0xff, 0xff, 0x00, 0xff, 0xff, 0xff, 0x00,
    0xff, 0xff, 0xff, 0x00, 0xff, 0xff, 0xff, 0x00, 0xff, 0xff, 0xff, 0x00, 0xff, 0xff, 0xff, 0x00,
    0xff, 0xff, 0xff, 0x00, 0xff, 0xff, 0xff, 0x00, 0xff, 0xff, 0xff, 0x00, 0xff, 0xff, 0xff, 0x00,
    0xff, 0xff, 0xff, 0x00, 0xff, 0xff, 0xff, 0x00, 0xff, 0xff, 0xff, 0x00, 0xff, 0xff, 0xff, 0x00,
    0xff, 0xff, 0xff, 0x00, 0xff, 0xff, 0xff, 0x00, 0xff, 0xff, 0xff, 0x00, 0xff, 0xff, 0xff, 0x00,
    0xff, 0xff, 0xff, 0x9f, 0xff, 0xff, 0xff, 0xfe, 0xff, 0xff, 0xff, 0xff, 0xff, 0xff, 0xff, 0xfe,
    0xff, 0xff, 0xff, 0xfe, 0xff, 0xff, 0xff, 0xfe, 0xff, 0xff, 0xff, 0xfe, 0xff, 0xff, 0xff, 0xfe,
    0xff, 0xff, 0xff, 0xfe, 0xff, 0xff, 0xff, 0xfe, 0xff, 0xff, 0xff, 0xfe, 0xff, 0xff, 0xff, 0xfe,
    0xff, 0xff, 0xff, 0xfe, 0xff, 0xff, 0xff, 0xfe, 0xff, 0xff, 0xff, 0xfe, 0xff, 0xff, 0xff, 0xff,
    0xff, 0xff, 0xff, 0xfe, 0xff, 0xff, 0xff, 0xfe, 0xff, 0xff, 0xff, 0xff, 0xff, 0xff, 0xff, 0xff,
    0xff, 0xff, 0xff, 0xfe, 0xff, 0xff, 0xff, 0x5f, 0xff, 0xff, 0xff, 0x00, 0xff, 0xff, 0xff, 0x00,
    0xff, 0xff, 0xff, 0x00, 0xff, 0xff, 0xff, 0x00, 0xff, 0xff, 0xff, 0x00, 0xff, 0xff, 0xff, 0x00,
    0xff, 0xff, 0xff, 0x00, 0xff, 0xff, 0xff, 0x00, 0xff, 0xff, 0xff, 0x00, 0xff, 0xff, 0xff, 0x00,
    0xff, 0xff, 0xff, 0x00, 0xff, 0xff, 0xff, 0x00, 0xff, 0xff, 0xff, 0x00, 0xff, 0xff, 0xff, 0x00,
    0xff, 0xff, 0xff, 0x00, 0xff, 0xff, 0xff, 0x00, 0xff, 0xff, 0xff, 0x00, 0xff, 0xff, 0xff, 0x00,
    0xff, 0xff, 0xff, 0x00, 0xff, 0xff, 0xff, 0x00, 0xff, 0xff, 0xff, 0x00, 0xff, 0xff, 0xff, 0x00,
    0xff, 0xff, 0xff, 0x00, 0xff, 0xff, 0xff, 0x00, 0x03, 0x03, 0x03, 0x00, 0x0f, 0x0f, 0x0f, 0x00,
    0x24, 0x24, 0x24, 0x00, 0x40, 0x40, 0x40, 0x00, 0x5f, 0x5f, 0x5f, 0x00, 0x7e, 0x7e, 0x7e, 0x00,
    0x9b, 0x9b, 0x9b, 0x00, 0xb4, 0xb4, 0xb4, 0x00, 0xc8, 0xc8, 0xc8, 0x00, 0xd7, 0xd7, 0xd7, 0x00,
    0xe2, 0xe2, 0xe2, 0x00, 0xea, 0xea, 0xea, 0x00, 0xf0, 0xf0, 0xf0, 0x00, 0xf4, 0xf4, 0xf4, 0x00,
    0xf6, 0xf6, 0xf6, 0x00, 0xf8, 0xf8, 0xf8, 0x00, 0xf9, 0xf9, 0xf9, 0x00, 0xf9, 0xf9, 0xf9, 0x00,
    0xf9, 0xf9, 0xf9, 0x00, 0xf9, 0xf9, 0xf9, 0x00, 0xf9, 0xf9, 0xf9, 0x00, 0xf9, 0xf9, 0xf9, 0x00,
    0xf9, 0xf9, 0xf9, 0x00, 0xf9, 0xf9, 0xf9, 0x00, 0xf9, 0xf9, 0xf9, 0x00, 0xf9, 0xf9, 0xf9, 0x00,
    0xf9, 0xf9, 0xf9, 0x00, 0xff, 0xff, 0xff, 0xbf, 0xff, 0xff, 0xff, 0xfe, 0xff, 0xff, 0xff, 0xfe,
    0xff, 0xff, 0xff, 0xfe, 0xff, 0xff, 0xff, 0xfe, 0xff, 0xff, 0xff, 0xfe, 0xff, 0xff, 0xff, 0xff,
    0xff, 0xff, 0xff, 0xfe, 0xff, 0xff, 0xff, 0xff, 0xff, 0xff, 0xff, 0xfe, 0xff, 0xff, 0xff, 0xfe,
    0xff, 0xff, 0xff, 0xfe, 0xff, 0xff, 0xff, 0xff, 0xff, 0xff, 0xff, 0xff, 0xff, 0xff, 0xff, 0xff,
    0xff, 0xff, 0xff, 0xfe, 0xff, 0xff, 0xff, 0xfe, 0xff, 0xff, 0xff, 0xff, 0xff, 0xff, 0xff, 0xfe,
    0xff, 0xff, 0xff, 0xfe, 0xff, 0xff, 0xff, 0xff, 0xff, 0xff, 0xff, 0xfe, 0xff, 0xff, 0xff, 0x5f,
    0xff, 0xff, 0xff, 0x00, 0xff, 0xff, 0xff, 0x00, 0xff, 0xff, 0xff, 0x00, 0xff, 0xff, 0xff, 0x00,
    0xff, 0xff, 0xff, 0x00, 0xff, 0xff, 0xff, 0x00, 0xff, 0xff, 0xff, 0x00, 0xff, 0xff, 0xff, 0x00,
    0xff, 0xff, 0xff, 0x00, 0xff, 0xff, 0xff, 0x00, 0xff, 0xff, 0xff, 0x00, 0xff, 0xff, 0xff, 0x00,
    0xff, 0xff, 0xff, 0x00, 0xff, 0xff, 0xff, 0x00, 0xff, 0xff, 0xff, 0x00, 0xff, 0xff, 0xff, 0x00,
    0xff, 0xff, 0xff, 0x00, 0xff, 0xff, 0xff, 0x00, 0xff, 0xff, 0xff, 0x00, 0xff, 0xff, 0xff, 0x00,
    0xff, 0xff, 0xff, 0x00, 0xff, 0xff, 0xff, 0x00, 0xff, 0xff, 0xff, 0x9f, 0xff, 0xff, 0xff, 0xff,
    0xff, 0xff, 0xff, 0xfe, 0xff, 0xff, 0xff, 0xff, 0xff, 0xff, 0xff, 0xff, 0xff, 0xff, 0xff, 0xfe,
    0xff, 0xff, 0xff, 0xfe, 0xff, 0xff, 0xff, 0xfe, 0xff, 0xff, 0xff, 0xfe, 0xff, 0xff, 0xff, 0xfe,
    0xff, 0xff, 0xff, 0xff, 0xff, 0xff, 0xff, 0xfe, 0xff, 0xff, 0xff, 0xfe, 0xff, 0xff, 0xff, 0xfe,
    0xff, 0xff, 0xff, 0xfe, 0xff, 0xff, 0xff, 0xfe, 0xff, 0xff, 0xff, 0xfe, 0xff, 0xff, 0xff, 0xfe,
    0xff, 0xff, 0xff, 0xff, 0xff, 0xff, 0xff, 0xfe, 0xff, 0xff, 0xff, 0xfe, 0xff, 0xff, 0xff, 0x5f,
    0xff, 0xff, 0xff, 0x00, 0xff, 0xff, 0xff, 0x00, 0xff, 0xff, 0xff, 0x00, 0xff, 0xff, 0xff, 0x00,
    0xff, 0xff, 0xff, 0x00, 0xff, 0xff, 0xff, 0x00, 0xff, 0xff, 0xff, 0x00, 0xff, 0xff, 0xff, 0x00,
    0xff, 0xff, 0xff, 0x00, 0xff, 0xff, 0xff, 0x00, 0xff, 0xff, 0xff, 0x00, 0xff, 0xff, 0xff, 0x00,
    0xff, 0xff, 0xff, 0x00, 0xff, 0xff, 0xff, 0x00, 0xff, 0xff, 0xff, 0x00, 0xff, 0xff, 0xff, 0x00,
    0xff, 0xff, 0xff, 0x00, 0xff, 0xff, 0xff, 0x00, 0xff, 0xff, 0xff, 0x00, 0xff, 0xff, 0xff, 0x00,
    0xff, 0xff, 0xff, 0x00, 0xff, 0xff, 0xff, 0x00, 0xff, 0xff, 0xff, 0x00, 0xff, 0xff, 0xff, 0x00,
    0x03, 0x03, 0x03, 0x00, 0x0f, 0x0f, 0x0f, 0x00, 0x24, 0x24, 0x24, 0x00, 0x40, 0x40, 0x40, 0x00,
    0x5f, 0x5f, 0x5f, 0x00, 0x7e, 0x7e, 0x7e, 0x00, 0x9b, 0x9b, 0x9b, 0x00, 0xb4, 0xb4, 0xb4, 0x00,
    0xc8, 0xc8, 0xc8, 0x00, 0xd7, 0xd7, 0xd7, 0x00, 0xe2, 0xe2, 0xe2, 0x00, 0xea, 0xea, 0xea, 0x00,
    0xf0, 0xf0, 0xf0, 0x00, 0xf4, 0xf4, 0xf4, 0x00, 0xf6, 0xf6, 0xf6, 0x00, 0xf8, 0xf8, 0xf8, 0x00,
    0xf9, 0xf9, 0xf9, 0x00, 0xf9, 0xf9, 0xf9, 0x00, 0xf9, 0xf9, 0xf9, 0x00, 0xf9, 0xf9, 0xf9, 0x00,
    0xf9, 0xf9, 0xf9, 0x00, 0xf9, 0xf9, 0xf9, 0x00, 0xf9, 0xf9, 0xf9, 0x00, 0xf9, 0xf9, 0xf9, 0x00,
    0xf9, 0xf9, 0xf9, 0x00, 0xf9, 0xf9, 0xf9, 0x00, 0xff, 0xff, 0xff, 0x3f, 0xff, 0xff, 0xff, 0xff,
    0xff, 0xff, 0xff, 0xfe, 0xff, 0xff, 0xff, 0xff, 0xff, 0xff, 0xff, 0xfe, 0xff, 0xff, 0xff, 0xfe,
    0xff, 0xff, 0xff, 0xff, 0xff, 0xff, 0xff, 0xff, 0xff, 0xff, 0xff, 0xfe, 0xff, 0xff, 0xff, 0xfe,
    0xff, 0xff, 0xff, 0xff, 0xff, 0xff, 0xff, 0xff, 0xff, 0xff, 0xff, 0xfe, 0xff, 0xff, 0xff, 0xfe,
    0xff, 0xff, 0xff, 0xff, 0xff, 0xff, 0xff, 0xfe, 0xff, 0xff, 0xff, 0xff, 0xff, 0xff, 0xff, 0xfe,
    0xff, 0xff, 0xff, 0xfe, 0xff, 0xff, 0xff, 0xfe, 0xff, 0xff, 0xff, 0xff, 0xff, 0xff, 0xff, 0xff,
    0xff, 0xff, 0xff, 0xd7, 0xff, 0xff, 0xff, 0x08, 0xff, 0xff, 0xff, 0x00, 0xff, 0xff, 0xff, 0x00,
    0xff, 0xff, 0xff, 0x00, 0xff, 0xff, 0xff, 0x00, 0xff, 0xff, 0xff, 0x00, 0xff, 0xff, 0xff, 0x00,
    0xff, 0xff, 0xff, 0x00, 0xff, 0xff, 0xff, 0x00, 0xff, 0xff, 0xff, 0x00, 0xff, 0xff, 0xff, 0x00,
    0xff, 0xff, 0xff, 0x00, 0xff, 0xff, 0xff, 0x00, 0xff, 0xff, 0xff, 0x00, 0xff, 0xff, 0xff, 0x00,
    0xff, 0xff, 0xff, 0x00, 0xff, 0xff, 0xff, 0x00, 0xff, 0xff, 0xff, 0x00, 0xff, 0xff, 0xff, 0x00,
    0xff, 0xff, 0xff, 0x00, 0xff, 0xff, 0xff, 0x00, 0xff, 0xff, 0xff, 0x00, 0xff, 0xff, 0xff, 0x00,
    0xff, 0xff, 0xff, 0x9f, 0xff, 0xff, 0xff, 0xfe, 0xff, 0xff, 0xff, 0xfe, 0xff, 0xff, 0xff, 0xff,
    0xff, 0xff, 0xff, 0xfe, 0xff, 0xff, 0xff, 0xfe, 0xff, 0xff, 0xff, 0xff, 0xff, 0xff, 0xff, 0xfe,
    0xff, 0xff, 0xff, 0xff, 0xff, 0xff, 0xff, 0xfe, 0xff, 0xff, 0xff, 0xfe, 0xff, 0xff, 0xff, 0xfe,
    0xff, 0xff, 0xff, 0xfe, 0xff, 0xff, 0xff, 0xfe, 0xff, 0xff, 0xff, 0xff, 0xff, 0xff, 0xff, 0xfe,
    0xff, 0xff, 0xff, 0xfe, 0xff, 0xff, 0xff, 0xfe, 0xff, 0xff, 0xff, 0xfe, 0xff, 0xff, 0xff, 0xfe,
    0xff, 0xff, 0xff, 0xfe, 0xff, 0xff, 0xff, 0x5f, 0xff, 0xff, 0xff, 0x00, 0xff, 0xff, 0xff, 0x00,
    0xff, 0xff, 0xff, 0x00, 0xff, 0xff, 0xff, 0x00, 0xff, 0xff, 0xff, 0x00, 0xff, 0xff, 0xff, 0x00,
    0xff, 0xff, 0xff, 0x00, 0xff, 0xff, 0xff, 0x00, 0xff, 0xff, 0xff, 0x00, 0xff, 0xff, 0xff, 0x00,
    0xff, 0xff, 0xff, 0x00, 0xff, 0xff, 0xff, 0x00, 0xff, 0xff, 0xff, 0x00, 0xff, 0xff, 0xff, 0x00,
    0xff, 0xff, 0xff, 0x00, 0xff, 0xff, 0xff, 0x00, 0xff, 0xff, 0xff, 0x00, 0xff, 0xff, 0xff, 0x00,
    0xff, 0xff, 0xff, 0x00, 0xff, 0xff, 0xff, 0x00, 0xff, 0xff, 0xff, 0x00, 0xff, 0xff, 0xff, 0x00,
    0xff, 0xff, 0xff, 0x00, 0xff, 0xff, 0xff, 0x00, 0x03, 0x03, 0x03, 0x00, 0x0f, 0x0f, 0x0f, 0x00,
    0x24, 0x24, 0x24, 0x00, 0x40, 0x40, 0x40, 0x00, 0x5f, 0x5f, 0x5f, 0x00, 0x7e, 0x7e, 0x7e, 0x00,
    0x9b, 0x9b, 0x9b, 0x00, 0xb4, 0xb4, 0xb4, 0x00, 0xc8, 0xc8, 0xc8, 0x00, 0xd7, 0xd7, 0xd7, 0x00,
    0xe2, 0xe2, 0xe2, 0x00, 0xea, 0xea, 0xea, 0x00, 0xf0, 0xf0, 0xf0, 0x00, 0xf4, 0xf4, 0xf4, 0x00,
    0xf6, 0xf6, 0xf6, 0x00, 0xf8, 0xf8, 0xf8, 0x00, 0xf9, 0xf9, 0xf9, 0x00, 0xf9, 0xf9, 0xf9, 0x00,
    0xf9, 0xf9, 0xf9, 0x00, 0xf9, 0xf9, 0xf9, 0x00, 0xf9, 0xf9, 0xf9, 0x00, 0xf9, 0xf9, 0xf9, 0x00,
    0xf9, 0xf9, 0xf9, 0x00, 0xf9, 0xf9, 0xf9, 0x00, 0xf9, 0xf9, 0xf9, 0x00, 0xf9, 0xf9, 0xf9, 0x00,
    0xff, 0xff, 0xff, 0xbf, 0xff, 0xff, 0xff, 0xff, 0xff, 0xff, 0xff, 0xff, 0xff, 0xff, 0xff, 0xfe,
    0xff, 0xff, 0xff, 0xfe, 0xff, 0xff, 0xff, 0xfe, 0xff, 0xff, 0xff, 0xfe, 0xff, 0xff, 0xff, 0xff,
    0xff, 0xff, 0xff, 0xff, 0xff, 0xff, 0xff, 0xfe, 0xff, 0xff, 0xff, 0xfe, 0xff, 0xff, 0xff, 0xfe,
    0xff, 0xff, 0xff, 0xfe, 0xff, 0xff, 0xff, 0xff, 0xff, 0xff, 0xff, 0xfe, 0xff, 0xff, 0xff, 0xff,
    0xff, 0xff, 0xff, 0xfe, 0xff, 0xff, 0xff, 0xfe, 0xff, 0xff, 0xff, 0xfe, 0xff, 0xff, 0xff, 0xfe,
    0xff, 0xff, 0xff, 0xfe, 0xff, 0xff, 0xff, 0xfe, 0xff, 0xff, 0xff, 0x6f, 0xff, 0xff, 0xff, 0x00,
    0xff, 0xff, 0xff, 0x00, 0xff, 0xff, 0xff, 0x00, 0xff, 0xff, 0xff, 0x00, 0xff, 0xff, 0xff, 0x00,
    0xff, 0xff, 0xff, 0x00, 0xff, 0xff, 0xff, 0x00, 0xff, 0xff, 0xff, 0x00, 0xff, 0xff, 0xff, 0x00,
    0xff, 0xff, 0xff, 0x00, 0xff, 0xff, 0xff, 0x00, 0xff, 0xff, 0xff, 0x00, 0xff, 0xff, 0xff, 0x00,
    0xff, 0xff, 0xff, 0x00, 0xff, 0xff, 0xff, 0x00, 0xff, 0xff, 0xff, 0x00, 0xff, 0xff, 0xff, 0x00,
    0xff, 0xff, 0xff, 0x00, 0xff, 0xff, 0xff, 0x00, 0xff, 0xff, 0xff, 0x00, 0xff, 0xff, 0xff, 0x00,
    0xff, 0xff, 0xff, 0x00, 0xff, 0xff, 0xff, 0x00, 0xff, 0xff, 0xff, 0x9f, 0xff, 0xff, 0xff, 0xff,
    0xff, 0xff, 0xff, 0xfe, 0xff, 0xff, 0xff, 0xff, 0xff, 0xff, 0xff, 0xfe, 0xff, 0xff, 0xff, 0xfe,
    0xff, 0xff, 0xff, 0xfe, 0xff, 0xff, 0xff, 0xfe, 0xff, 0xff, 0xff, 0xff, 0xff, 0xff, 0xff, 0xfe,
    0xff, 0xff, 0xff, 0xff, 0xff, 0xff, 0xff, 0xfe, 0xff, 0xff, 0xff, 0xfe, 0xff, 0xff, 0xff, 0xfe,
    0xff, 0xff, 0xff, 0xff, 0xff, 0xff, 0xff, 0xff, 0xff, 0xff, 0xff, 0xff, 0xff, 0xff, 0xff, 0xff,
    0xff, 0xff, 0xff, 0xff, 0xff, 0xff, 0xff, 0xff, 0xff, 0xff, 0xff, 0xff, 0xff, 0xff, 0xff, 0x5f,
    0xff, 0xff, 0xff, 0x00, 0xff, 0xff, 0xff, 0x00, 0xff, 0xff, 0xff, 0x00, 0xff, 0xff, 0xff, 0x00,
    0xff, 0xff, 0xff, 0x00, 0xff, 0xff, 0xff, 0x00, 0xff, 0xff, 0xff, 0x00, 0xff, 0xff, 0xff, 0x00,
    0xff, 0xff, 0xff, 0x00, 0xff, 0xff, 0xff, 0x00, 0xff, 0xff, 0xff, 0x00, 0xff, 0xff, 0xff, 0x00,
    0xff, 0xff, 0xff, 0x00, 0xff, 0xff, 0xff, 0x00, 0xff, 0xff, 0xff, 0x00, 0xff, 0xff, 0xff, 0x00,
    0xff, 0xff, 0xff, 0x00, 0xff, 0xff, 0xff, 0x00, 0xff, 0xff, 0xff, 0x00, 0xff, 0xff, 0xff, 0x00,
    0xff, 0xff, 0xff, 0x00, 0xff, 0xff, 0xff, 0x00, 0xff, 0xff, 0xff, 0x00, 0xff, 0xff, 0xff, 0x00,
    0x03, 0x03, 0x03, 0x00, 0x0f, 0x0f, 0x0f, 0x00, 0x24, 0x24, 0x24, 0x00, 0x40, 0x40, 0x40, 0x00,
    0x5f, 0x5f, 0x5f, 0x00, 0x7e, 0x7e, 0x7e, 0x00, 0x9b, 0x9b, 0x9b, 0x00, 0xb4, 0xb4, 0xb4, 0x00,
    0xc8, 0xc8, 0xc8, 0x00, 0xd7, 0xd7, 0xd7, 0x00, 0xe2, 0xe2, 0xe2, 0x00, 0xea, 0xea, 0xea, 0x00,
    0xf0, 0xf0, 0xf0, 0x00, 0xf4, 0xf4, 0xf4, 0x00, 0xf6, 0xf6, 0xf6, 0x00, 0xf8, 0xf8, 0xf8, 0x00,
    0xf9, 0xf9, 0xf9, 0x00, 0xf9, 0xf9, 0xf9, 0x00, 0xf9, 0xf9, 0xf9, 0x00, 0xf9, 0xf9, 0xf9, 0x00,
    0xf9, 0xf9, 0xf9, 0x00, 0xf9, 0xf9, 0xf9, 0x00, 0xf9, 0xf9, 0xf9, 0x00, 0xf9, 0xf9, 0xf9, 0x00,
    0xf9, 0xf9, 0xf9, 0x00, 0xff, 0xff, 0xff, 0x3f, 0xff, 0xff, 0xff, 0xff, 0xff, 0xff, 0xff, 0xff,
    0xff, 0xff, 0xff, 0xfe, 0xff, 0xff, 0xff, 0xff, 0xff, 0xff, 0xff, 0xff, 0xff, 0xff, 0xff, 0xfe,
    0xff, 0xff, 0xff, 0xfe, 0xff, 0xff, 0xff, 0xfe, 0xff, 0xff, 0xff, 0xfe, 0xff, 0xff, 0xff, 0xfe,
    0xff, 0xff, 0xff, 0xfe, 0xff, 0xff, 0xff, 0xff, 0xff, 0xff, 0xff, 0xff, 0xff, 0xff, 0xff, 0xff,
    0xff, 0xff, 0xff, 0xff, 0xff, 0xff, 0xff, 0xff, 0xff, 0xff, 0xff, 0xff, 0xff, 0xff, 0xff, 0xff,
    0xff, 0xff, 0xff, 0xfe, 0xff, 0xff, 0xff, 0xff, 0xff, 0xff, 0xff, 0xff, 0xff, 0xff, 0xff, 0xe7,
    0xff, 0xff, 0xff, 0x08, 0xff, 0xff, 0xff, 0x00, 0xff, 0xff, 0xff, 0x00, 0xff, 0xff, 0xff, 0x00,
    0xff, 0xff, 0xff, 0x00, 0xff, 0xff, 0xff, 0x00, 0xff, 0xff, 0xff, 0x00, 0xff, 0xff, 0xff, 0x00,
    0xff, 0xff, 0xff, 0x00, 0xff, 0xff, 0xff, 0x00, 0xff, 0xff, 0xff, 0x00, 0xff, 0xff, 0xff, 0x00,
    0xff, 0xff, 0xff, 0x00, 0xff, 0xff, 0xff, 0x00, 0xff, 0xff, 0xff, 0x00, 0xff, 0xff, 0xff, 0x00,
    0xff, 0xff, 0xff, 0x00, 0xff, 0xff, 0xff, 0x00, 0xff, 0xff, 0xff, 0x00, 0xff, 0xff, 0xff, 0x00,
    0xff, 0xff, 0xff, 0x00, 0xff, 0xff, 0xff, 0x00, 0xff, 0xff, 0xff, 0x00, 0xff, 0xff, 0xff, 0x00,
    0xff, 0xff, 0xff, 0x9f, 0xff, 0xff, 0xff, 0xff, 0xff, 0xff, 0xff, 0xff, 0xff, 0xff, 0xff, 0xfe,
    0xff, 0xff, 0xff, 0xfe, 0xff, 0xff, 0xff, 0xfe, 0xff, 0xff, 0xff, 0xfe, 0xff, 0xff, 0xff, 0xfe,
    0xff, 0xff, 0xff, 0xfe, 0xff, 0xff, 0xff, 0xff, 0xff, 0xff, 0xff, 0xfe, 0xff, 0xff, 0xff, 0xfe,
    0xff, 0xff, 0xff, 0xff, 0xff, 0xff, 0xff, 0xff, 0xff, 0xff, 0xff, 0xfe, 0xff, 0xff, 0xff, 0xff,
    0xff, 0xff, 0xff, 0xff, 0xff, 0xff, 0xff, 0xfe, 0xff, 0xff, 0xff, 0xfe, 0xff, 0xff, 0xff, 0xfe,
    0xff, 0xff, 0xff, 0xfe, 0xff, 0xff, 0xff, 0x5f, 0xff, 0xff, 0xff, 0x00, 0xff, 0xff, 0xff, 0x00,
    0xff, 0xff, 0xff, 0x00, 0xff, 0xff, 0xff, 0x00, 0xff, 0xff, 0xff, 0x00, 0xff, 0xff, 0xff, 0x00,
    0xff, 0xff, 0xff, 0x00, 0xff, 0xff, 0xff, 0x00, 0xff, 0xff, 0xff, 0x00, 0xff, 0xff, 0xff, 0x00,
    0xff, 0xff, 0xff, 0x00, 0xff, 0xff, 0xff, 0x00, 0xff, 0xff, 0xff, 0x00, 0xff, 0xff, 0xff, 0x00,
    0xff, 0xff, 0xff, 0x00, 0xff, 0xff, 0xff, 0x00, 0xff, 0xff, 0xff, 0x00, 0xff, 0xff, 0xff, 0x00,
    0xff, 0xff, 0xff, 0x00, 0xff, 0xff, 0xff, 0x00, 0xff, 0xff, 0xff, 0x00, 0xff, 0xff, 0xff, 0x00,
    0xff, 0xff, 0xff, 0x00, 0xff, 0xff, 0xff, 0x00, 0x03, 0x03, 0x03, 0x00, 0x0f, 0x0f, 0x0f, 0x00,
    0x24, 0x24, 0x24, 0x00, 0x40, 0x40, 0x40, 0x00, 0x5f, 0x5f, 0x5f, 0x00, 0x7e, 0x7e, 0x7e, 0x00,
    0x9b, 0x9b, 0x9b, 0x00, 0xb4, 0xb4, 0xb4, 0x00, 0xc8, 0xc8, 0xc8, 0x00, 0xd7, 0xd7, 0xd7, 0x00,
    0xe2, 0xe2, 0xe2, 0x00, 0xea, 0xea, 0xea, 0x00, 0xf0, 0xf0, 0xf0, 0x00, 0xf4, 0xf4, 0xf4, 0x00,
    0xf6, 0xf6, 0xf6, 0x00, 0xf8, 0xf8, 0xf8, 0x00, 0xf9, 0xf9, 0xf9, 0x00, 0xf9, 0xf9, 0xf9, 0x00,
    0xf9, 0xf9, 0xf9, 0x00, 0xf9, 0xf9, 0xf9, 0x00, 0xf9, 0xf9, 0xf9, 0x00, 0xf9, 0xf9, 0xf9, 0x00,
    0xf9, 0xf9, 0xf9, 0x00, 0xf9, 0xf9, 0xf9, 0x00, 0xf9, 0xf9, 0xf9, 0x00, 0xff, 0xff, 0xff, 0xbf,
    0xff, 0xff, 0xff, 0xfe, 0xff, 0xff, 0xff, 0xff, 0xff, 0xff, 0xff, 0xff, 0xff, 0xff, 0xff, 0xfe,
    0xff, 0xff, 0xff, 0xff, 0xff, 0xff, 0xff, 0xfe, 0xff, 0xff, 0xff, 0xff, 0xff, 0xff, 0xff, 0xfe,
    0xff, 0xff, 0xff, 0xfe, 0xff, 0xff, 0xff, 0xff, 0xff, 0xff, 0xff, 0xfe, 0xff, 0xff, 0xff, 0xfe,
    0xff, 0xff, 0xff, 0xff, 0xff, 0xff, 0xff, 0xff, 0xff, 0xff, 0xff, 0xfe, 0xff, 0xff, 0xff, 0xff,
    0xff, 0xff, 0xff, 0xfe, 0xff, 0xff, 0xff, 0xfe, 0xff, 0xff, 0xff, 0xfe, 0xff, 0xff, 0xff, 0xff,
    0xff, 0xff, 0xff, 0xfe, 0xff, 0xff, 0xff, 0x6f, 0xff, 0xff, 0xff, 0x00, 0xff, 0xff, 0xff, 0x00,
    0xff, 0xff, 0xff, 0x00, 0xff, 0xff, 0xff, 0x00, 0xff, 0xff, 0xff, 0x00, 0xff, 0xff, 0xff, 0x00,
    0xff, 0xff, 0xff, 0x00, 0xff, 0xff, 0xff, 0x00, 0xff, 0xff, 0xff, 0x00, 0xff, 0xff, 0xff, 0x00,
    0xff, 0xff, 0xff, 0x00, 0xff, 0xff, 0xff, 0x00, 0xff, 0xff, 0xff, 0x00, 0xff, 0xff, 0xff, 0x00,
    0xff, 0xff, 0xff, 0x00, 0xff, 0xff, 0xff, 0x00, 0xff, 0xff, 0xff, 0x00, 0xff, 0xff, 0xff, 0x00,
    0xff, 0xff, 0xff, 0x00, 0xff, 0xff, 0xff, 0x00, 0xff, 0xff, 0xff, 0x00, 0xff, 0xff, 0xff, 0x00,
    0xff, 0xff, 0xff, 0x00, 0xff, 0xff, 0xff, 0x00, 0xff, 0xff, 0xff, 0x9f, 0xff, 0xff, 0xff, 0xfe,
    0xff, 0xff, 0xff, 0xff, 0xff, 0xff, 0xff, 0xff, 0xff, 0xff, 0xff, 0xfe, 0xff, 0xff, 0xff, 0xfe,
    0xff, 0xff, 0xff, 0xfe, 0xff, 0xff, 0xff, 0xfe, 0xff, 0xff, 0xff, 0xfe, 0xff, 0xff, 0xff, 0xfe,
    0xff, 0xff, 0xff, 0xfe, 0xff, 0xff, 0xff, 0xfe, 0xff, 0xff, 0xff, 0xfe, 0xff, 0xff, 0xff, 0xfe,
    0xff, 0xff, 0xff, 0xfe, 0xff, 0xff, 0xff, 0xff, 0xff, 0xff, 0xff, 0xfe, 0xff, 0xff, 0xff, 0xfe,
    0xff, 0xff, 0xff, 0xfe, 0xff, 0xff, 0xff, 0xfe, 0xff, 0xff, 0xff, 0xff, 0xff, 0xff, 0xff, 0x5f,
    0xff, 0xff, 0xff, 0x00, 0xff, 0xff, 0xff, 0x00, 0xff, 0xff, 0xff, 0x00, 0xff, 0xff, 0xff, 0x00,
    0xff, 0xff, 0xff, 0x00, 0xff, 0xff, 0xff, 0x00, 0xff, 0xff, 0xff, 0x00, 0xff, 0xff, 0xff, 0x00,
    0xff, 0xff, 0xff, 0x00, 0xff, 0xff, 0xff, 0x00, 0xff, 0xff, 0xff, 0x00, 0xff, 0xff, 0xff, 0x00,
    0xff, 0xff, 0xff, 0x00, 0xff, 0xff, 0xff, 0x00, 0xff, 0xff, 0xff, 0x00, 0xff, 0xff, 0xff, 0x00,
    0xff, 0xff, 0xff, 0x00, 0xff, 0xff, 0xff, 0x00, 0xff, 0xff, 0xff, 0x00, 0xff, 0xff, 0xff, 0x00,
    0xff, 0xff, 0xff, 0x00, 0xff, 0xff, 0xff, 0x00, 0xff, 0xff, 0xff, 0x00, 0xff, 0xff, 0xff, 0x00,
    0x03, 0x03, 0x03, 0x00, 0x0f, 0x0f, 0x0f, 0x00, 0x24, 0x24, 0x24, 0x00, 0x40, 0x40, 0x40, 0x00,
    0x5f, 0x5f, 0x5f, 0x00, 0x7e, 0x7e, 0x7e, 0x00, 0x9b, 0x9b, 0x9b, 0x00, 0xb4, 0xb4, 0xb4, 0x00,
    0xc8, 0xc8, 0xc8, 0x00, 0xd7, 0xd7, 0xd7, 0x00, 0xe2, 0xe2, 0xe2, 0x00, 0xea, 0xea, 0xea, 0x00,
    0xf0, 0xf0, 0xf0, 0x00, 0xf4, 0xf4, 0xf4, 0x00, 0xf6, 0xf6, 0xf6, 0x00, 0xf8, 0xf8, 0xf8, 0x00,
    0xf9, 0xf9, 0xf9, 0x00, 0xf9, 0xf9, 0xf9, 0x00, 0xf9, 0xf9, 0xf9, 0x00, 0xf9, 0xf9, 0xf9, 0x00,
    0xf9, 0xf9, 0xf9, 0x00, 0xf9, 0xf9, 0xf9, 0x00, 0xf9, 0xf9, 0xf9, 0x00, 0xf9, 0xf9, 0xf9, 0x00,
    0xff, 0xff, 0xff, 0x3f, 0xff, 0xff, 0xff, 0xfe, 0xff, 0xff, 0xff, 0xfe, 0xff, 0xff, 0xff, 0xfe,
    0xff, 0xff, 0xff, 0xfe, 0xff, 0xff, 0xff, 0xfe, 0xff, 0xff, 0xff, 0xff, 0xff, 0xff, 0xff, 0xff,
    0xff, 0xff, 0xff, 0xfe, 0xff, 0xff, 0xff, 0xff, 0xff, 0xff, 0xff, 0xfe, 0xff, 0xff, 0xff, 0xfe,
    0xff, 0xff, 0xff, 0xff, 0xff, 0xff, 0xff, 0xfe, 0xff, 0xff, 0xff, 0xff, 0xff, 0xff, 0xff, 0xfe,
    0xff, 0xff, 0xff, 0xff, 0xff, 0xff, 0xff, 0xff, 0xff, 0xff, 0xff, 0xfe, 0xff, 0xff, 0xff, 0xfe,
    0xff, 0xff, 0xff, 0xff, 0xff, 0xff, 0xff, 0xff, 0xff, 0xff, 0xff, 0xe7, 0xff, 0xff, 0xff, 0x08,
    0xff, 0xff, 0xff, 0x00, 0xff, 0xff, 0xff, 0x00, 0xff, 0xff, 0xff, 0x00, 0xff, 0xff, 0xff, 0x00,
    0xff, 0xff, 0xff, 0x00, 0xff, 0xff, 0xff, 0x00, 0xff, 0xff, 0xff, 0x00, 0xff, 0xff, 0xff, 0x00,
    0xff, 0xff, 0xff, 0x00, 0xff, 0xff, 0xff, 0x00, 0xff, 0xff, 0xff, 0x00, 0xff, 0xff, 0xff, 0x00,
    0xff, 0xff, 0xff, 0x00, 0xff, 0xff, 0xff, 0x00, 0xff, 0xff, 0xff, 0x00, 0xff, 0xff, 0xff, 0x00,
    0xff, 0xff, 0xff, 0x00, 0xff, 0xff, 0xff, 0x00, 0xff, 0xff, 0xff, 0x00, 0xff, 0xff, 0xff, 0x00,
    0xff, 0xff, 0xff, 0x00, 0xff, 0xff, 0xff, 0x00, 0xff, 0xff, 0xff, 0x00, 0xff, 0xff, 0xff, 0x00,
    0xff, 0xff, 0xff, 0x9f, 0xff, 0xff, 0xff, 0xff, 0xff, 0xff, 0xff, 0xfe, 0xff, 0xff, 0xff, 0xff,
    0xff, 0xff, 0xff, 0xfe, 0xff, 0xff, 0xff, 0xfe, 0xff, 0xff, 0xff, 0xfe, 0xff, 0xff, 0xff, 0xfe,
    0xff, 0xff, 0xff, 0xfe, 0xff, 0xff, 0xff, 0xfe, 0xff, 0xff, 0xff, 0xff, 0xff, 0xff, 0xff, 0xfe,
    0xff, 0xff, 0xff, 0xff, 0xff, 0xff, 0xff, 0xfe, 0xff, 0xff, 0xff, 0xfe, 0xff, 0xff, 0xff, 0xfe,
    0xff, 0xff, 0xff, 0xfe, 0xff, 0xff, 0xff, 0xfe, 0xff, 0xff, 0xff, 0xfe, 0xff, 0xff, 0xff, 0xff,
    0xff, 0xff, 0xff, 0xff, 0xff, 0xff, 0xff, 0x5f, 0xff, 0xff, 0xff, 0x00, 0xff, 0xff, 0xff, 0x00,
    0xff, 0xff, 0xff, 0x00, 0xff, 0xff, 0xff, 0x00, 0xff, 0xff, 0xff, 0x00, 0xff, 0xff, 0xff, 0x00,
    0xff, 0xff, 0xff, 0x00, 0xff, 0xff, 0xff, 0x00, 0xff, 0xff, 0xff, 0x00, 0xff, 0xff, 0xff, 0x00,
    0xff, 0xff, 0xff, 0x00, 0xff, 0xff, 0xff, 0x00, 0xff, 0xff, 0xff, 0x00, 0xff, 0xff, 0xff, 0x00,
    0xff, 0xff, 0xff, 0x00, 0xff, 0xff, 0xff, 0x00, 0xff, 0xff, 0xff, 0x00, 0xff, 0xff, 0xff, 0x00,
    0xff, 0xff, 0xff, 0x00, 0xff, 0xff, 0xff, 0x00, 0xff, 0xff, 0xff, 0x00, 0xff, 0xff, 0xff, 0x00,
    0xff, 0xff, 0xff, 0x00, 0xff, 0xff, 0xff, 0x00, 0x03, 0x03, 0x03, 0x00, 0x0f, 0x0f, 0x0f, 0x00,
    0x24, 0x24, 0x24, 0x00, 0x40, 0x40, 0x40, 0x00, 0x5f, 0x5f, 0x5f, 0x00, 0x7e, 0x7e, 0x7e, 0x00,
    0x9b, 0x9b, 0x9b, 0x00, 0xb4, 0xb4, 0xb4, 0x00, 0xc8, 0xc8, 0xc8, 0x00, 0xd7, 0xd7, 0xd7, 0x00,
    0xe2, 0xe2, 0xe2, 0x00, 0xea, 0xea, 0xea, 0x00, 0xf0, 0xf0, 0xf0, 0x00, 0xf4, 0xf4, 0xf4, 0x00,
    0xf6, 0xf6, 0xf6, 0x00, 0xf8, 0xf8, 0xf8, 0x00, 0xf9, 0xf9, 0xf9, 0x00, 0xf9, 0xf9, 0xf9, 0x00,
    0xf9, 0xf9, 0xf9, 0x00, 0xf9, 0xf9, 0xf9, 0x00, 0xf9, 0xf9, 0xf9, 0x00, 0xf9, 0xf9, 0xf9, 0x00,
    0xf9, 0xf9, 0xf9, 0x00, 0xf9, 0xf9, 0xf9, 0x00, 0xff, 0xff, 0xff, 0xbf, 0xff, 0xff, 0xff, 0xfe,
    0xff, 0xff, 0xff, 0xff, 0xff, 0xff, 0xff, 0xff, 0xff, 0xff, 0xff, 0xff, 0xff, 0xff, 0xff, 0xfe,
    0xff, 0xff, 0xff, 0xfe, 0xff, 0xff, 0xff, 0xfe, 0xff, 0xff, 0xff, 0xfe, 0xff, 0xff, 0xff, 0xfe,
    0xff, 0xff, 0xff, 0xff, 0xff, 0xff, 0xff, 0xfe, 0xff, 0xff, 0xff, 0xfe, 0xff, 0xff, 0xff, 0xfe,
    0xff, 0xff, 0xff, 0xfe, 0xff, 0xff, 0xff, 0xfe, 0xff, 0xff, 0xff, 0xff, 0xff, 0xff, 0xff, 0xff,
    0xff, 0xff, 0xff, 0xff, 0xff, 0xff, 0xff, 0xfe, 0xff, 0xff, 0xff, 0xfe, 0xff, 0xff, 0xff, 0xfe,
    0xff, 0xff, 0xff, 0x6f, 0xff, 0xff, 0xff, 0x00, 0xff, 0xff, 0xff, 0x00, 0xff, 0xff, 0xff, 0x00,
    0xff, 0xff, 0xff, 0x00, 0xff, 0xff, 0xff, 0x00, 0xff, 0xff, 0xff, 0x00, 0xff, 0xff, 0xff, 0x00,
    0xff, 0xff, 0xff, 0x00, 0xff, 0xff, 0xff, 0x00, 0xff, 0xff, 0xff, 0x00, 0xff, 0xff, 0xff, 0x00,
    0xff, 0xff, 0xff, 0x00, 0xff, 0xff, 0xff, 0x00, 0xff, 0xff, 0xff, 0x00, 0xff, 0xff, 0xff, 0x00,
    0xff, 0xff, 0xff, 0x00, 0xff, 0xff, 0xff, 0x00, 0xff, 0xff, 0xff, 0x00, 0xff, 0xff, 0xff, 0x00,
    0xff, 0xff, 0xff, 0x00, 0xff, 0xff, 0xff, 0x00, 0xff, 0xff, 0xff, 0x00, 0xff, 0xff, 0xff, 0x00,
    0xff, 0xff, 0xff, 0x00, 0xff, 0xff, 0xff, 0x00, 0xff, 0xff, 0xff, 0x9f, 0xff, 0xff, 0xff, 0xfe,
    0xff, 0xff, 0xff, 0xfe, 0xff, 0xff, 0xff, 0xfe, 0xff, 0xff, 0xff, 0xfe, 0xff, 0xff, 0xff, 0xff,
    0xff, 0xff, 0xff, 0xfe, 0xff, 0xff, 0xff, 0xfe, 0xff, 0xff, 0xff, 0xfe, 0xff, 0xff, 0xff, 0xfe,
    0xff, 0xff, 0xff, 0xfe, 0xff, 0xff, 0xff, 0xff, 0xff, 0xff, 0xff, 0xfe, 0xff, 0xff, 0xff, 0xfe,
    0xff, 0xff, 0xff, 0xff, 0xff, 0xff, 0xff, 0xff, 0xff, 0xff, 0xff, 0xff, 0xff, 0xff, 0xff, 0xff,
    0xff, 0xff, 0xff, 0xfe, 0xff, 0xff, 0xff, 0xff, 0xff, 0xff, 0xff, 0xfe, 0xff, 0xff, 0xff, 0x5f,
    0xff, 0xff, 0xff, 0x00, 0xff, 0xff, 0xff, 0x00, 0xff, 0xff, 0xff, 0x00, 0xff, 0xff, 0xff, 0x00,
    0xff, 0xff, 0xff, 0x00, 0xff, 0xff, 0xff, 0x00, 0xff, 0xff, 0xff, 0x00, 0xff, 0xff, 0xff, 0x00,
    0xff, 0xff, 0xff, 0x00, 0xff, 0xff, 0xff, 0x00, 0xff, 0xff, 0xff, 0x00, 0xff, 0xff, 0xff, 0x00,
    0xff, 0xff, 0xff, 0x00, 0xff, 0xff, 0xff, 0x00, 0xff, 0xff, 0xff, 0x00, 0xff, 0xff, 0xff, 0x00,
    0xff, 0xff, 0xff, 0x00, 0xff, 0xff, 0xff, 0x00, 0xff, 0xff, 0xff, 0x00, 0xff, 0xff, 0xff, 0x00,
    0xff, 0xff, 0xff, 0x00, 0xff, 0xff, 0xff, 0x00, 0xff, 0xff, 0xff, 0x00, 0xff, 0xff, 0xff, 0x00,
    0x03, 0x03, 0x03, 0x00, 0x0f, 0x0f, 0x0f, 0x00, 0x24, 0x24, 0x24, 0x00, 0x40, 0x40, 0x40, 0x00,
    0x5f, 0x5f, 0x5f, 0x00, 0x7e, 0x7e, 0x7e, 0x00, 0x9b, 0x9b, 0x9b, 0x00, 0xb4, 0xb4, 0xb4, 0x00,
    0xc8, 0xc8, 0xc8, 0x00, 0xd7, 0xd7, 0xd7, 0x00, 0xe2, 0xe2, 0xe2, 0x00, 0xea, 0xea, 0xea, 0x00,
    0xf0, 0xf0, 0xf0, 0x00, 0xf4, 0xf4, 0xf4, 0x00, 0xf6, 0xf6, 0xf6, 0x00, 0xf8, 0xf8, 0xf8, 0x00,
    0xf9, 0xf9, 0xf9, 0x00, 0xf9, 0xf9, 0xf9, 0x00, 0xf9, 0xf9, 0xf9, 0x00, 0xf9, 0xf9, 0xf9, 0x00,
    0xf9, 0xf9, 0xf9, 0x00, 0xf9, 0xf9, 0xf9, 0x00, 0xf9, 0xf9, 0xf9, 0x00, 0xf9, 0xf9, 0xf9, 0x00,
    0xff, 0xff, 0xff, 0x00, 0xff, 0xff, 0xff, 0x00, 0xff, 0xff, 0xff, 0x00, 0xff, 0xff, 0xff, 0x00,
    0xff, 0xff, 0xff, 0x00, 0xff, 0xff, 0xff, 0x00, 0xff, 0xff, 0xff, 0x00, 0xff, 0xff, 0xff, 0x00,
    0xff, 0xff, 0xff, 0x00, 0xff, 0xff, 0xff, 0x00, 0xff, 0xff, 0xff, 0x00, 0xff, 0xff, 0xff, 0x00,
    0xff, 0xff, 0xff, 0x00, 0xff, 0xff, 0xff, 0x00, 0xff, 0xff, 0xff, 0x00, 0xff, 0xff, 0xff, 0x00,
    0xff, 0xff, 0xff, 0x00, 0xff, 0xff, 0xff, 0x00, 0xff, 0xff, 0xff, 0x00, 0xff, 0xff, 0xff, 0x00,
    0xff, 0xff, 0xff, 0x00, 0xff, 0xff, 0xff, 0x00, 0xff, 0xff, 0xff, 0x00, 0xff, 0xff, 0xff, 0x00,
    0xff, 0xff, 0xff, 0x00, 0xff, 0xff, 0xff, 0x00, 0xff, 0xff, 0xff, 0x00, 0xff, 0xff, 0xff, 0x00,
    0xff, 0xff, 0xff, 0x00, 0xff, 0xff, 0xff, 0x00, 0xff, 0xff, 0xff, 0x00, 0xff, 0xff, 0xff, 0x00,
    0xff, 0xff, 0xff, 0x00, 0xff, 0xff, 0xff, 0x00, 0xff, 0xff, 0xff, 0x00, 0xff, 0xff, 0xff, 0x00,
    0xff, 0xff, 0xff, 0x00, 0xff, 0xff, 0xff, 0x00, 0xff, 0xff, 0xff, 0x00, 0xff, 0xff, 0xff, 0x00,
    0xff, 0xff, 0xff, 0x00, 0xff, 0xff, 0xff, 0x00, 0xff, 0xff, 0xff, 0x00, 0xff, 0xff, 0xff, 0x00,
    0xff, 0xff, 0xff, 0x00, 0xff, 0xff, 0xff, 0x00, 0xff, 0xff, 0xff, 0x00, 0xff, 0xff, 0xff, 0x00,
    0xff, 0xff, 0xff, 0x9f, 0xff, 0xff, 0xff, 0xff, 0xff, 0xff, 0xff, 0xfe, 0xff, 0xff, 0xff, 0xff,
    0xff, 0xff, 0xff, 0xff, 0xff, 0xff, 0xff, 0xff, 0xff, 0xff, 0xff, 0xfe, 0xff, 0xff, 0xff, 0xff,
    0xff, 0xff, 0xff, 0xfe, 0xff, 0xff, 0xff, 0xff, 0xff, 0xff, 0xff, 0xff, 0xff, 0xff, 0xff, 0xfe,
    0xff, 0xff, 0xff, 0xfe, 0xff, 0xff, 0xff, 0xff, 0xff, 0xff, 0xff, 0xfe, 0xff, 0xff, 0xff, 0xfe,
    0xff, 0xff, 0xff, 0xfe, 0xff, 0xff, 0xff, 0xfe, 0xff, 0xff, 0xff, 0xfe, 0xff, 0xff, 0xff, 0xfe,
    0xff, 0xff, 0xff, 0xff, 0xff, 0xff, 0xff, 0x5f, 0xff, 0xff, 0xff, 0x00, 0xff, 0xff, 0xff, 0x00,
    0xff, 0xff, 0xff, 0x00, 0xff, 0xff, 0xff, 0x00, 0xff, 0xff, 0xff, 0x00, 0xff, 0xff, 0xff, 0x00,
    0xff, 0xff, 0xff, 0x00, 0xff, 0xff, 0xff, 0x00, 0xff, 0xff, 0xff, 0x00, 0xff, 0xff, 0xff, 0x00,
    0xff, 0xff, 0xff, 0x00, 0xff, 0xff, 0xff, 0x00, 0xff, 0xff, 0xff, 0x00, 0xff, 0xff, 0xff, 0x00,
    0xff, 0xff, 0xff, 0x00, 0xff, 0xff, 0xff, 0x00, 0xff, 0xff, 0xff, 0x00, 0xff, 0xff, 0xff, 0x00,
    0xff, 0xff, 0xff, 0x00, 0xff, 0xff, 0xff, 0x00, 0xff, 0xff, 0xff, 0x00, 0xff, 0xff, 0xff, 0x00,
    0xff, 0xff, 0xff, 0x00, 0xff, 0xff, 0xff, 0x00, 0x03, 0x03, 0x03, 0x00, 0x0f, 0x0f, 0x0f, 0x00,
    0x24, 0x24, 0x24, 0x00, 0x40, 0x40, 0x40, 0x00, 0x5f, 0x5f, 0x5f, 0x00, 0x7e, 0x7e, 0x7e, 0x00,
    0x9b, 0x9b, 0x9b, 0x00, 0xb4, 0xb4, 0xb4, 0x00, 0xc8, 0xc8, 0xc8, 0x00, 0xd7, 0xd7, 0xd7, 0x00,
    0xe2, 0xe2, 0xe2, 0x00, 0xea, 0xea, 0xea, 0x00, 0xf0, 0xf0, 0xf0, 0x00, 0xf4, 0xf4, 0xf4, 0x00,
    0xf6, 0xf6, 0xf6, 0x00, 0xf8, 0xf8, 0xf8, 0x00, 0xf9, 0xf9, 0xf9, 0x00, 0xf9, 0xf9, 0xf9, 0x00,
    0xf9, 0xf9, 0xf9, 0x00, 0xf9, 0xf9, 0xf9, 0x00, 0xf9, 0xf9, 0xf9, 0x00, 0xf9, 0xf9, 0xf9, 0x00,
    0xf9, 0xf9, 0xf9, 0x00, 0xf9, 0xf9, 0xf9, 0x00, 0xff, 0xff, 0xff, 0x00, 0xff, 0xff, 0xff, 0x00,
    0xff, 0xff, 0xff, 0x00, 0xff, 0xff, 0xff, 0x00, 0xff, 0xff, 0xff, 0x00, 0xff, 0xff, 0xff, 0x00,
    0xff, 0xff, 0xff, 0x00, 0xff, 0xff, 0xff, 0x00, 0xff, 0xff, 0xff, 0x00, 0xff, 0xff, 0xff, 0x00,
    0xff, 0xff, 0xff, 0x00, 0xff, 0xff, 0xff, 0x00, 0xff, 0xff, 0xff, 0x00, 0xff, 0xff, 0xff, 0x00,
    0xff, 0xff, 0xff, 0x00, 0xff, 0xff, 0xff, 0x00, 0xff, 0xff, 0xff, 0x00, 0xff, 0xff, 0xff, 0x00,
    0xff, 0xff, 0xff, 0x00, 0xff, 0xff, 0xff, 0x00, 0xff, 0xff, 0xff, 0x00, 0xff, 0xff, 0xff, 0x00,
    0xff, 0xff, 0xff, 0x00, 0xff, 0xff, 0xff, 0x00, 0xff, 0xff, 0xff, 0x00, 0xff, 0xff, 0xff, 0x00,
    0xff, 0xff, 0xff, 0x00, 0xff, 0xff, 0xff, 0x00, 0xff, 0xff, 0xff, 0x00, 0xff, 0xff, 0xff, 0x00,
    0xff, 0xff, 0xff, 0x00, 0xff, 0xff, 0xff, 0x00, 0xff, 0xff, 0xff, 0x00, 0xff, 0xff, 0xff, 0x00,
    0xff, 0xff, 0xff, 0x00, 0xff, 0xff, 0xff, 0x00, 0xff, 0xff, 0xff, 0x00, 0xff, 0xff, 0xff, 0x00,
    0xff, 0xff, 0xff, 0x00, 0xff, 0xff, 0xff, 0x00, 0xff, 0xff, 0xff, 0x00, 0xff, 0xff, 0xff, 0x00,
    0xff, 0xff, 0xff, 0x00, 0xff, 0xff, 0xff, 0x00, 0xff, 0xff, 0xff, 0x00, 0xff, 0xff, 0xff, 0x00,
    0xff, 0xff, 0xff, 0x00, 0xff, 0xff, 0xff, 0x00, 0xff, 0xff, 0xff, 0x9f, 0xff, 0xff, 0xff, 0xfe,
    0xff, 0xff, 0xff, 0xfe, 0xff, 0xff, 0xff, 0xff, 0xff, 0xff, 0xff, 0xff, 0xff, 0xff, 0xff, 0xff,
    0xff, 0xff, 0xff, 0xfe, 0xff, 0xff, 0xff, 0xff, 0xff, 0xff, 0xff, 0xfe, 0xff, 0xff, 0xff, 0xff,
    0xff, 0xff, 0xff, 0xfe, 0xff, 0xff, 0xff, 0xfe, 0xff, 0xff, 0xff, 0xfe, 0xff, 0xff, 0xff, 0xfe,
    0xff, 0xff, 0xff, 0xfe, 0xff, 0xff, 0xff, 0xff, 0xff, 0xff, 0xff, 0xfe, 0xff, 0xff, 0xff, 0xfe,
    0xff, 0xff, 0xff, 0xfe, 0xff, 0xff, 0xff, 0xfe, 0xff, 0xff, 0xff, 0xff, 0xff, 0xff, 0xff, 0x5f,
    0xff, 0xff, 0xff, 0x00, 0xff, 0xff, 0xff, 0x00, 0xff, 0xff, 0xff, 0x00, 0xff, 0xff, 0xff, 0x00,
    0xff, 0xff, 0xff, 0x00, 0xff, 0xff, 0xff, 0x00, 0xff, 0xff, 0xff, 0x00, 0xff, 0xff, 0xff, 0x00,
    0xff, 0xff, 0xff, 0x00, 0xff, 0xff, 0xff, 0x00, 0xff, 0xff, 0xff, 0x00, 0xff, 0xff, 0xff, 0x00,
    0xff, 0xff, 0xff, 0x00, 0xff, 0xff, 0xff, 0x00, 0xff, 0xff, 0xff, 0x00, 0xff, 0xff, 0xff, 0x00,
    0xff, 0xff, 0xff, 0x00, 0xff, 0xff, 0xff, 0x00, 0xff, 0xff, 0xff, 0x00, 0xff, 0xff, 0xff, 0x00,
    0xff, 0xff, 0xff, 0x00, 0xff, 0xff, 0xff, 0x00, 0xff, 0xff, 0xff, 0x00, 0xff, 0xff, 0xff, 0x00,
    0x03, 0x03, 0x03, 0x00, 0x0f, 0x0f, 0x0f, 0x00, 0x24, 0x24, 0x24, 0x00, 0x40, 0x40, 0x40, 0x00,
    0x5f, 0x5f, 0x5f, 0x00, 0x7e, 0x7e, 0x7e, 0x00, 0x9b, 0x9b, 0x9b, 0x00, 0xb4, 0xb4, 0xb4, 0x00,
    0xc8, 0xc8, 0xc8, 0x00, 0xd7, 0xd7, 0xd7, 0x00, 0xe2, 0xe2, 0xe2, 0x00, 0xea, 0xea, 0xea, 0x00,
    0xf0, 0xf0, 0xf0, 0x00, 0xf4, 0xf4, 0xf4, 0x00, 0xf6, 0xf6, 0xf6, 0x00, 0xf8, 0xf8, 0xf8, 0x00,
    0xf9, 0xf9, 0xf9, 0x00, 0xf9, 0xf9, 0xf9, 0x00, 0xf9, 0xf9, 0xf9, 0x00, 0xf9, 0xf9, 0xf9, 0x00,
    0xf9, 0xf9, 0xf9, 0x00, 0xf9, 0xf9, 0xf9, 0x00, 0xf9, 0xf9, 0xf9, 0x00, 0xf9, 0xf9, 0xf9, 0x00,
    0xff, 0xff, 0xff, 0x00, 0xff, 0xff, 0xff, 0x00, 0xff, 0xff, 0xff, 0x00, 0xff, 0xff, 0xff, 0x00,
    0xff, 0xff, 0xff, 0x00, 0xff, 0xff, 0xff, 0x00, 0xff, 0xff, 0xff, 0x00, 0xff, 0xff, 0xff, 0x00,
    0xff, 0xff, 0xff, 0x00, 0xff, 0xff, 0xff, 0x00, 0xff, 0xff, 0xff, 0x00, 0xff, 0xff, 0xff, 0x00,
    0xff, 0xff, 0xff, 0x00, 0xff, 0xff, 0xff, 0x00, 0xff, 0xff, 0xff, 0x00, 0xff, 0xff, 0xff, 0x00,
    0xff, 0xff, 0xff, 0x00, 0xff, 0xff, 0xff, 0x00, 0xff, 0xff, 0xff, 0x00, 0xff, 0xff, 0xff, 0x00,
    0xff, 0xff, 0xff, 0x00, 0xff, 0xff, 0xff, 0x00, 0xff, 0xff, 0xff, 0x00, 0xff, 0xff, 0xff, 0x00,
    0xff, 0xff, 0xff, 0x00, 0xff, 0xff, 0xff, 0x00, 0xff, 0xff, 0xff, 0x00, 0xff, 0xff, 0xff, 0x00,
    0xff, 0xff, 0xff, 0x00, 0xff, 0xff, 0xff, 0x00, 0xff, 0xff, 0xff, 0x00, 0xff, 0xff, 0xff, 0x00,
    0xff, 0xff, 0xff, 0x00, 0xff, 0xff, 0xff, 0x00, 0xff, 0xff, 0xff, 0x00, 0xff, 0xff, 0xff, 0x00,
    0xff, 0xff, 0xff, 0x00, 0xff, 0xff, 0xff, 0x00, 0xff, 0xff, 0xff, 0x00, 0xff, 0xff, 0xff, 0x00,
    0xff, 0xff, 0xff, 0x00, 0xff, 0xff, 0xff, 0x00, 0xff, 0xff, 0xff, 0x00, 0xff, 0xff, 0xff, 0x00,
    0xff, 0xff, 0xff, 0x00, 0xff, 0xff, 0xff, 0x00, 0xff, 0xff, 0xff, 0x00, 0xff, 0xff, 0xff, 0x00,
    0xff, 0xff, 0xff, 0x9f, 0xff, 0xff, 0xff, 0xff, 0xff, 0xff, 0xff, 0xff, 0xff, 0xff, 0xff, 0xfe,
    0xff, 0xff, 0xff, 0xff, 0xff, 0xff, 0xff, 0xff, 0xff, 0xff, 0xff, 0xff, 0xff, 0xff, 0xff, 0xfe,
    0xff, 0xff, 0xff, 0xfe, 0xff, 0xff, 0xff, 0xfe, 0xff, 0xff, 0xff, 0xfe, 0xff, 0xff, 0xff, 0xfe,
    0xff, 0xff, 0xff, 0xfe, 0xff, 0xff, 0xff, 0xff, 0xff, 0xff, 0xff, 0xff, 0xff, 0xff, 0xff, 0xff,
    0xff, 0xff, 0xff, 0xff, 0xff, 0xff, 0xff, 0xfe, 0xff, 0xff, 0xff, 0xfe, 0xff, 0xff, 0xff, 0xfe,
    0xff, 0xff, 0xff, 0xfe, 0xff, 0xff, 0xff, 0x5f, 0xff, 0xff, 0xff, 0x00, 0xff, 0xff, 0xff, 0x00,
    0xff, 0xff, 0xff, 0x00, 0xff, 0xff, 0xff, 0x00, 0xff, 0xff, 0xff, 0x00, 0xff, 0xff, 0xff, 0x00,
    0xff, 0xff, 0xff, 0x00, 0xff, 0xff, 0xff, 0x00, 0xff, 0xff, 0xff, 0x00, 0xff, 0xff, 0xff, 0x00,
    0xff, 0xff, 0xff, 0x00, 0xff, 0xff, 0xff, 0x00, 0xff, 0xff, 0xff, 0x00, 0xff, 0xff, 0xff, 0x00,
    0xff, 0xff, 0xff, 0x00, 0xff, 0xff, 0xff, 0x00, 0xff, 0xff, 0xff, 0x00, 0xff, 0xff, 0xff, 0x00,
    0xff, 0xff, 0xff, 0x00, 0xff, 0xff, 0xff, 0x00, 0xff, 0xff, 0xff, 0x00, 0xff, 0xff, 0xff, 0x00,
    0xff, 0xff, 0xff, 0x00, 0xff, 0xff, 0xff, 0x00, 0x03, 0x03, 0x03, 0x00, 0x0f, 0x0f, 0x0f, 0x00,
    0x24, 0x24, 0x24, 0x00, 0x40, 0x40, 0x40, 0x00, 0x5f, 0x5f, 0x5f, 0x00, 0x7e, 0x7e, 0x7e, 0x00,
    0x9b, 0x9b, 0x9b, 0x00, 0xb4, 0xb4, 0xb4, 0x00, 0xc8, 0xc8, 0xc8, 0x00, 0xd7, 0xd7, 0xd7, 0x00,
    0xe2, 0xe2, 0xe2, 0x00, 0xea, 0xea, 0xea, 0x00, 0xf0, 0xf0, 0xf0, 0x00, 0xf4, 0xf4, 0xf4, 0x00,
    0xf6, 0xf6, 0xf6, 0x00, 0xf8, 0xf8, 0xf8, 0x00, 0xf9, 0xf9, 0xf9, 0x00, 0xf9, 0xf9, 0xf9, 0x00,
    0xf9, 0xf9, 0xf9, 0x00, 0xf9, 0xf9, 0xf9, 0x00, 0xf9, 0xf9, 0xf9, 0x00, 0xf9, 0xf9, 0xf9, 0x00,
    0xf9, 0xf9, 0xf9, 0x00, 0xf9, 0xf9, 0xf9, 0x00, 0xff, 0xff, 0xff, 0x00, 0xff, 0xff, 0xff, 0x00,
    0xff, 0xff, 0xff, 0x00, 0xff, 0xff, 0xff, 0x00, 0xff, 0xff, 0xff, 0x00, 0xff, 0xff, 0xff, 0x00,
    0xff, 0xff, 0xff, 0x00, 0xff, 0xff, 0xff, 0x00, 0xff, 0xff, 0xff, 0x00, 0xff, 0xff, 0xff, 0x00,
    0xff, 0xff, 0xff, 0x00, 0xff, 0xff, 0xff, 0x00, 0xff, 0xff, 0xff, 0x00, 0xff, 0xff, 0xff, 0x00,
    0xff, 0xff, 0xff, 0x00, 0xff, 0xff, 0xff, 0x00, 0xff, 0xff, 0xff, 0x00, 0xff, 0xff, 0xff, 0x00,
    0xff, 0xff, 0xff, 0x00, 0xff, 0xff, 0xff, 0x00, 0xff, 0xff, 0xff, 0x00, 0xff, 0xff, 0xff, 0x00,
    0xff, 0xff, 0xff, 0x00, 0xff, 0xff, 0xff, 0x00, 0xff, 0xff, 0xff, 0x00, 0xff, 0xff, 0xff, 0x00,
    0xff, 0xff, 0xff, 0x00, 0xff, 0xff, 0xff, 0x00, 0xff, 0xff, 0xff, 0x00, 0xff, 0xff, 0xff, 0x00,
    0xff, 0xff, 0xff, 0x00, 0xff, 0xff, 0xff, 0x00, 0xff, 0xff, 0xff, 0x00, 0xff, 0xff, 0xff, 0x00,
    0xff, 0xff, 0xff, 0x00, 0xff, 0xff, 0xff, 0x00, 0xff, 0xff, 0xff, 0x00, 0xff, 0xff, 0xff, 0x00,
    0xff, 0xff, 0xff, 0x00, 0xff, 0xff, 0xff, 0x00, 0xff, 0xff, 0xff, 0x00, 0xff, 0xff, 0xff, 0x00,
    0xff, 0xff, 0xff, 0x00, 0xff, 0xff, 0xff, 0x00, 0xff, 0xff, 0xff, 0x00, 0xff, 0xff, 0xff, 0x00,
    0xff, 0xff, 0xff, 0x00, 0xff, 0xff, 0xff, 0x00, 0xff, 0xff, 0xff, 0x9f, 0xff, 0xff, 0xff, 0xfe,
    0xff, 0xff, 0xff, 0xff, 0xff, 0xff, 0xff, 0xff, 0xff, 0xff, 0xff, 0xff, 0xff, 0xff, 0xff, 0xfe,
    0xff, 0xff, 0xff, 0xfe, 0xff, 0xff, 0xff, 0xff, 0xff, 0xff, 0xff, 0xff, 0xff, 0xff, 0xff, 0xfe,
    0xff, 0xff, 0xff, 0xfe, 0xff, 0xff, 0xff, 0xfe, 0xff, 0xff, 0xff, 0xfe, 0xff, 0xff, 0xff, 0xff,
    0xff, 0xff, 0xff, 0xfe, 0xff, 0xff, 0xff, 0xfe, 0xff, 0xff, 0xff, 0xff, 0xff, 0xff, 0xff, 0xff,
    0xff, 0xff, 0xff, 0xfe, 0xff, 0xff, 0xff, 0xfe, 0xff, 0xff, 0xff, 0xff, 0xff, 0xff, 0xff, 0x5f,
    0xff, 0xff, 0xff, 0x00, 0xff, 0xff, 0xff, 0x00, 0xff, 0xff, 0xff, 0x00, 0xff, 0xff, 0xff, 0x00,
    0xff, 0xff, 0xff, 0x00, 0xff, 0xff, 0xff, 0x00, 0xff, 0xff, 0xff, 0x00, 0xff, 0xff, 0xff, 0x00,
    0xff, 0xff, 0xff, 0x00, 0xff, 0xff, 0xff, 0x00, 0xff, 0xff, 0xff, 0x00, 0xff, 0xff, 0xff, 0x00,
    0xff, 0xff, 0xff, 0x00, 0xff, 0xff, 0xff, 0x00, 0xff, 0xff, 0xff, 0x00, 0xff, 0xff, 0xff, 0x00,
    0xff, 0xff, 0xff, 0x00, 0xff, 0xff, 0xff, 0x00, 0xff, 0xff, 0xff, 0x00, 0xff, 0xff, 0xff, 0x00,
    0xff, 0xff, 0xff, 0x00, 0xff, 0xff, 0xff, 0x00, 0xff, 0xff, 0xff, 0x00, 0xff, 0xff, 0xff, 0x00,
    0x03, 0x03, 0x03, 0x00, 0x0f, 0x0f, 0x0f, 0x00, 0x24, 0x24, 0x24, 0x00, 0x40, 0x40, 0x40, 0x00,
    0x5f, 0x5f, 0x5f, 0x00, 0x7e, 0x7e, 0x7e, 0x00, 0x9b, 0x9b, 0x9b, 0x00, 0xb4, 0xb4, 0xb4, 0x00,
    0xc8, 0xc8, 0xc8, 0x00, 0xd7, 0xd7, 0xd7, 0x00, 0xe2, 0xe2, 0xe2, 0x00, 0xea, 0xea, 0xea, 0x00,
    0xf0, 0xf0, 0xf0, 0x00, 0xf4, 0xf4, 0xf4, 0x00, 0xf6, 0xf6, 0xf6, 0x00, 0xf8, 0xf8, 0xf8, 0x00,
    0xf9, 0xf9, 0xf9, 0x00, 0xf9, 0xf9, 0xf9, 0x00, 0xf9, 0xf9, 0xf9, 0x00, 0xf9, 0xf9, 0xf9, 0x00,
    0xf9, 0xf9, 0xf9, 0x00, 0xf9, 0xf9, 0xf9, 0x00, 0xf9, 0xf9, 0xf9, 0x00, 0xf9, 0xf9, 0xf9, 0x00,
    0xff, 0xff, 0xff, 0x00, 0xff, 0xff, 0xff, 0x00, 0xff, 0xff, 0xff, 0x00, 0xff, 0xff, 0xff, 0x00,
    0xff, 0xff, 0xff, 0x00, 0xff, 0xff, 0xff, 0x00, 0xff, 0xff, 0xff, 0x00, 0xff, 0xff, 0xff, 0x00,
    0xff, 0xff, 0xff, 0x00, 0xff, 0xff, 0xff, 0x00, 0xff, 0xff, 0xff, 0x00, 0xff, 0xff, 0xff, 0x00,
    0xff, 0xff, 0xff, 0x00, 0xff, 0xff, 0xff, 0x00, 0xff, 0xff, 0xff, 0x00, 0xff, 0xff, 0xff, 0x00,
    0xff, 0xff, 0xff, 0x00, 0xff, 0xff, 0xff, 0x00, 0xff, 0xff, 0xff, 0x00, 0xff, 0xff, 0xff, 0x00,
    0xff, 0xff, 0xff, 0x00, 0xff, 0xff, 0xff, 0x00, 0xff, 0xff, 0xff, 0x00, 0xff, 0xff, 0xff, 0x00,
    0xff, 0xff, 0xff, 0x00, 0xff, 0xff, 0xff, 0x00, 0xff, 0xff, 0xff, 0x00, 0xff, 0xff, 0xff, 0x00,
    0xff, 0xff, 0xff, 0x00, 0xff, 0xff, 0xff, 0x00, 0xff, 0xff, 0xff, 0x00, 0xff, 0xff, 0xff, 0x00,
    0xff, 0xff, 0xff, 0x00, 0xff, 0xff, 0xff, 0x00, 0xff, 0xff, 0xff, 0x00, 0xff, 0xff, 0xff, 0x00,
    0xff, 0xff, 0xff, 0x00, 0xff, 0xff, 0xff, 0x00, 0xff, 0xff, 0xff, 0x00, 0xff, 0xff, 0xff, 0x00,
    0xff, 0xff, 0xff, 0x00, 0xff, 0xff, 0xff, 0x00, 0xff, 0xff, 0xff, 0x00, 0xff, 0xff, 0xff, 0x00,
    0xff, 0xff, 0xff, 0x00, 0xff, 0xff, 0xff, 0x00, 0xff, 0xff, 0xff, 0x00, 0xff, 0xff, 0xff, 0x00,
    0xff, 0xff, 0xff, 0x9f, 0xff, 0xff, 0xff, 0xfe, 0xff, 0xff, 0xff, 0xfe, 0xff, 0xff, 0xff, 0xfe,
    0xff, 0xff, 0xff, 0xff, 0xff, 0xff, 0xff, 0xfe, 0xff, 0xff, 0xff, 0xff, 0xff, 0xff, 0xff, 0xfe,
    0xff, 0xff, 0xff, 0xfe, 0xff, 0xff, 0xff, 0xfe, 0xff, 0xff, 0xff, 0xff, 0xff, 0xff, 0xff, 0xff,
    0xff, 0xff, 0xff, 0xfe, 0xff, 0xff, 0xff, 0xfe, 0xff, 0xff, 0xff, 0xfe, 0xff, 0xff, 0xff, 0xfe,
    0xff, 0xff, 0xff, 0xff, 0xff, 0xff, 0xff, 0xff, 0xff, 0xff, 0xff, 0xff, 0xff, 0xff, 0xff, 0xff,
    0xff, 0xff, 0xff, 0xfe, 0xff, 0xff, 0xff, 0x5f, 0xff, 0xff, 0xff, 0x00, 0xff, 0xff, 0xff, 0x00,
    0xff, 0xff, 0xff, 0x00, 0xff, 0xff, 0xff, 0x00, 0xff, 0xff, 0xff, 0x00, 0xff, 0xff, 0xff, 0x00,
    0xff, 0xff, 0xff, 0x00, 0xff, 0xff, 0xff, 0x00, 0xff, 0xff, 0xff, 0x00, 0xff, 0xff, 0xff, 0x00,
    0xff, 0xff, 0xff, 0x00, 0xff, 0xff, 0xff, 0x00, 0xff, 0xff, 0xff, 0x00, 0xff, 0xff, 0xff, 0x00,
    0xff, 0xff, 0xff, 0x00, 0xff, 0xff, 0xff, 0x00, 0xff, 0xff, 0xff, 0x00, 0xff, 0xff, 0xff, 0x00,
    0xff, 0xff, 0xff, 0x00, 0xff, 0xff, 0xff, 0x00, 0xff, 0xff, 0xff, 0x00, 0xff, 0xff, 0xff, 0x00,
    0xff, 0xff, 0xff, 0x00, 0xff, 0xff, 0xff, 0x00, 0x03, 0x03, 0x03, 0x00, 0x0f, 0x0f, 0x0f, 0x00,
    0x24, 0x24, 0x24, 0x00, 0x40, 0x40, 0x40, 0x00, 0x5f, 0x5f, 0x5f, 0x00, 0x7e, 0x7e, 0x7e, 0x00,
    0x9b, 0x9b, 0x9b, 0x00, 0xb4, 0xb4, 0xb4, 0x00, 0xc8, 0xc8, 0xc8, 0x00, 0xd7, 0xd7, 0xd7, 0x00,
    0xe2, 0xe2, 0xe2, 0x00, 0xea, 0xea, 0xea, 0x00, 0xf0, 0xf0, 0xf0, 0x00, 0xf4, 0xf4, 0xf4, 0x00,
    0xf6, 0xf6, 0xf6, 0x00, 0xf8, 0xf8, 0xf8, 0x00, 0xf9, 0xf9, 0xf9, 0x00, 0xf9, 0xf9, 0xf9, 0x00,
    0xf9, 0xf9, 0xf9, 0x00, 0xf9, 0xf9, 0xf9, 0x00, 0xf9, 0xf9, 0xf9, 0x00, 0xf9, 0xf9, 0xf9, 0x00,
    0xf9, 0xf9, 0xf9, 0x00, 0xf9, 0xf9, 0xf9, 0x00, 0xff, 0xff, 0xff, 0x00, 0xff, 0xff, 0xff, 0x00,
    0xff, 0xff, 0xff, 0x00, 0xff, 0xff, 0xff, 0x00, 0xff, 0xff, 0xff, 0x00, 0xff, 0xff, 0xff, 0x00,
    0xff, 0xff, 0xff, 0x00, 0xff, 0xff, 0xff, 0x00, 0xff, 0xff, 0xff, 0x00, 0xff, 0xff, 0xff, 0x00,
    0xff, 0xff, 0xff, 0x00, 0xff, 0xff, 0xff, 0x00, 0xff, 0xff, 0xff, 0x00, 0xff, 0xff, 0xff, 0x00,
    0xff, 0xff, 0xff, 0x00, 0xff, 0xff, 0xff, 0x00, 0xff, 0xff, 0xff, 0x00, 0xff, 0xff, 0xff, 0x00,
    0xff, 0xff, 0xff, 0x00, 0xff, 0xff, 0xff, 0x00, 0xff, 0xff, 0xff, 0x00, 0xff, 0xff, 0xff, 0x00,
    0xff, 0xff, 0xff, 0x00, 0xff, 0xff, 0xff, 0x00, 0xff, 0xff, 0xff, 0x00, 0xff, 0xff, 0xff, 0x00,
    0xff, 0xff, 0xff, 0x00, 0xff, 0xff, 0xff, 0x00, 0xff, 0xff, 0xff, 0x00, 0xff, 0xff, 0xff, 0x00,
    0xff, 0xff, 0xff, 0x00, 0xff, 0xff, 0xff, 0x00, 0xff, 0xff, 0xff, 0x00, 0xff, 0xff, 0xff, 0x00,
    0xff, 0xff, 0xff, 0x00, 0xff, 0xff, 0xff, 0x00, 0xff, 0xff, 0xff, 0x00, 0xff, 0xff, 0xff, 0x00,
    0xff, 0xff, 0xff, 0x00, 0xff, 0xff, 0xff, 0x00, 0xff, 0xff, 0xff, 0x00, 0xff, 0xff, 0xff, 0x00,
    0xff, 0xff, 0xff, 0x00, 0xff, 0xff, 0xff, 0x00, 0xff, 0xff, 0xff, 0x00, 0xff, 0xff, 0xff, 0x00,
    0xff, 0xff, 0xff, 0x00, 0xff, 0xff, 0xff, 0x00, 0xff, 0xff, 0xff, 0x9f, 0xff, 0xff, 0xff, 0xfe,
    0xff, 0xff, 0xff, 0xff, 0xff, 0xff, 0xff, 0xfe, 0xff, 0xff, 0xff, 0xff, 0xff, 0xff, 0xff, 0xfe,
    0xff, 0xff, 0xff, 0xfe, 0xff, 0xff, 0xff, 0xfe, 0xff, 0xff, 0xff, 0xfe, 0xff, 0xff, 0xff, 0xfe,
    0xff, 0xff, 0xff, 0xff, 0xff, 0xff, 0xff, 0xfe, 0xff, 0xff, 0xff, 0xfe, 0xff, 0xff, 0xff, 0xfe,
    0xff, 0xff, 0xff, 0xff, 0xff, 0xff, 0xff, 0xfe, 0xff, 0xff, 0xff, 0xfe, 0xff, 0xff, 0xff, 0xfe,
    0xff, 0xff, 0xff, 0xfe, 0xff, 0xff, 0xff, 0xfe, 0xff, 0xff, 0xff, 0xff, 0xff, 0xff, 0xff, 0x5f,
    0xff, 0xff, 0xff, 0x00, 0xff, 0xff, 0xff, 0x00, 0xff, 0xff, 0xff, 0x00, 0xff, 0xff, 0xff, 0x00,
    0xff, 0xff, 0xff, 0x00, 0xff, 0xff, 0xff, 0x00, 0xff, 0xff, 0xff, 0x00, 0xff, 0xff, 0xff, 0x00,
    0xff, 0xff, 0xff, 0x00, 0xff, 0xff, 0xff, 0x00, 0xff, 0xff, 0xff, 0x00, 0xff, 0xff, 0xff, 0x00,
    0xff, 0xff, 0xff, 0x00, 0xff, 0xff, 0xff, 0x00, 0xff, 0xff, 0xff, 0x00, 0xff, 0xff, 0xff, 0x00,
    0xff, 0xff, 0xff, 0x00, 0xff, 0xff, 0xff, 0x00, 0xff, 0xff, 0xff, 0x00, 0xff, 0xff, 0xff, 0x00,
    0xff, 0xff, 0xff, 0x00, 0xff, 0xff, 0xff, 0x00, 0xff, 0xff, 0xff, 0x00, 0xff, 0xff, 0xff, 0x00,
    0x03, 0x03, 0x03, 0x00, 0x0f, 0x0f, 0x0f, 0x00, 0x24, 0x24, 0x24, 0x00, 0x40, 0x40, 0x40, 0x00,
    0x5f, 0x5f, 0x5f, 0x00, 0x7e, 0x7e, 0x7e, 0x00, 0x9b, 0x9b, 0x9b, 0x00, 0xb4, 0xb4, 0xb4, 0x00,
    0xc8, 0xc8, 0xc8, 0x00, 0xd7, 0xd7, 0xd7, 0x00, 0xe2, 0xe2, 0xe2, 0x00, 0xea, 0xea, 0xea, 0x00,
    0xf0, 0xf0, 0xf0, 0x00, 0xf4, 0xf4, 0xf4, 0x00, 0xf6, 0xf6, 0xf6, 0x00, 0xf8, 0xf8, 0xf8, 0x00,
    0xf9, 0xf9, 0xf9, 0x00, 0xf9, 0xf9, 0xf9, 0x00, 0xf9, 0xf9, 0xf9, 0x00, 0xf9, 0xf9, 0xf9, 0x00,
    0xf9, 0xf9, 0xf9, 0x00, 0xf9, 0xf9, 0xf9, 0x00, 0xf9, 0xf9, 0xf9, 0x00, 0xf9, 0xf9, 0xf9, 0x00,
    0xff, 0xff, 0xff, 0x00, 0xff, 0xff, 0xff, 0x00, 0xff, 0xff, 0xff, 0x00, 0xff, 0xff, 0xff, 0x00,
    0xff, 0xff, 0xff, 0x00, 0xff, 0xff, 0xff, 0x00, 0xff, 0xff, 0xff, 0x00, 0xff, 0xff, 0xff, 0x00,
    0xff, 0xff, 0xff, 0x00, 0xff, 0xff, 0xff, 0x00, 0xff, 0xff, 0xff, 0x00, 0xff, 0xff, 0xff, 0x00,
    0xff, 0xff, 0xff, 0x00, 0xff, 0xff, 0xff, 0x00, 0xff, 0xff, 0xff, 0x00, 0xff, 0xff, 0xff, 0x00,
    0xff, 0xff, 0xff, 0x00, 0xff, 0xff, 0xff, 0x00, 0xff, 0xff, 0xff, 0x00, 0xff, 0xff, 0xff, 0x00,
    0xff, 0xff, 0xff, 0x00, 0xff, 0xff, 0xff, 0x00, 0xff, 0xff, 0xff, 0x00, 0xff, 0xff, 0xff, 0x00,
    0xff, 0xff, 0xff, 0x00, 0xff, 0xff, 0xff, 0x00, 0xff, 0xff, 0xff, 0x00, 0xff, 0xff, 0xff, 0x00,
    0xff, 0xff, 0xff, 0x00, 0xff, 0xff, 0xff, 0x00, 0xff, 0xff, 0xff, 0x00, 0xff, 0xff, 0xff, 0x00,
    0xff, 0xff, 0xff, 0x00, 0xff, 0xff, 0xff, 0x00, 0xff, 0xff, 0xff, 0x00, 0xff, 0xff, 0xff, 0x00,
    0xff, 0xff, 0xff, 0x00, 0xff, 0xff, 0xff, 0x00, 0xff, 0xff, 0xff, 0x00, 0xff, 0xff, 0xff, 0x00,
    0xff, 0xff, 0xff, 0x00, 0xff, 0xff, 0xff, 0x00, 0xff, 0xff, 0xff, 0x00, 0xff, 0xff, 0xff, 0x00,
    0xff, 0xff, 0xff, 0x00, 0xff, 0xff, 0xff, 0x00, 0xff, 0xff, 0xff, 0x00, 0xff, 0xff, 0xff, 0x00,
    0xff, 0xff, 0xff, 0x9f, 0xff, 0xff, 0xff, 0xff, 0xff, 0xff, 0xff, 0xff, 0xff, 0xff, 0xff, 0xff,
    0xff, 0xff, 0xff, 0xfe, 0xff, 0xff, 0xff, 0xff, 0xff, 0xff, 0xff, 0xfe, 0xff, 0xff, 0xff, 0xfe,
    0xff, 0xff, 0xff, 0xfe, 0xff, 0xff, 0xff, 0xfe, 0xff, 0xff, 0xff, 0xfe, 0xff, 0xff, 0xff, 0xfe,
    0xff, 0xff, 0xff, 0xfe, 0xff, 0xff, 0xff, 0xfe, 0xff, 0xff, 0xff, 0xfe, 0xff, 0xff, 0xff, 0xff,
    0xff, 0xff, 0xff, 0xfe, 0xff, 0xff, 0xff, 0xff, 0xff, 0xff, 0xff, 0xfe, 0xff, 0xff, 0xff, 0xfe,
    0xff, 0xff, 0xff, 0xff, 0xff, 0xff, 0xff, 0x5f, 0xff, 0xff, 0xff, 0x00, 0xff, 0xff, 0xff, 0x00,
    0xff, 0xff, 0xff, 0x00, 0xff, 0xff, 0xff, 0x00, 0xff, 0xff, 0xff, 0x00, 0xff, 0xff, 0xff, 0x00,
    0xff, 0xff, 0xff, 0x00, 0xff, 0xff, 0xff, 0x00, 0xff, 0xff, 0xff, 0x00, 0xff, 0xff, 0xff, 0x00,
    0xff, 0xff, 0xff, 0x00, 0xff, 0xff, 0xff, 0x00, 0xff, 0xff, 0xff, 0x00, 0xff, 0xff, 0xff, 0x00,
    0xff, 0xff, 0xff, 0x00, 0xff, 0xff, 0xff, 0x00, 0xff, 0xff, 0xff, 0x00, 0xff, 0xff, 0xff, 0x00,
    0xff, 0xff, 0xff, 0x00, 0xff, 0xff, 0xff, 0x00, 0xff, 0xff, 0xff, 0x00, 0xff, 0xff, 0xff, 0x00,
    0xff, 0xff, 0xff, 0x00, 0xff, 0xff, 0xff, 0x00, 0x03, 0x03, 0x03, 0x00, 0x0f, 0x0f, 0x0f, 0x00,
    0x24, 0x24, 0x24, 0x00, 0x40, 0x40, 0x40, 0x00, 0x5f, 0x5f, 0x5f, 0x00, 0x7e, 0x7e, 0x7e, 0x00,
    0x9b, 0x9b, 0x9b, 0x00, 0xb4, 0xb4, 0xb4, 0x00, 0xc8, 0xc8, 0xc8, 0x00, 0xd7, 0xd7, 0xd7, 0x00,
    0xe2, 0xe2, 0xe2, 0x00, 0xea, 0xea, 0xea, 0x00, 0xf0, 0xf0, 0xf0, 0x00, 0xf4, 0xf4, 0xf4, 0x00,
    0xf6, 0xf6, 0xf6, 0x00, 0xf8, 0xf8, 0xf8, 0x00, 0xf9, 0xf9, 0xf9, 0x00, 0xf9, 0xf9, 0xf9, 0x00,
    0xf9, 0xf9, 0xf9, 0x00, 0xf9, 0xf9, 0xf9, 0x00, 0xf9, 0xf9, 0xf9, 0x00, 0xf9, 0xf9, 0xf9, 0x00,
    0xf9, 0xf9, 0xf9, 0x00, 0xf9, 0xf9, 0xf9, 0x00, 0xff, 0xff, 0xff, 0x00, 0xff, 0xff, 0xff, 0x00,
    0xff, 0xff, 0xff, 0x00, 0xff, 0xff, 0xff, 0x00, 0xff, 0xff, 0xff, 0x00, 0xff, 0xff, 0xff, 0x00,
    0xff, 0xff, 0xff, 0x00, 0xff, 0xff, 0xff, 0x00, 0xff, 0xff, 0xff, 0x00, 0xff, 0xff, 0xff, 0x00,
    0xff, 0xff, 0xff, 0x00, 0xff, 0xff, 0xff, 0x00, 0xff, 0xff, 0xff, 0x00, 0xff, 0xff, 0xff, 0x00,
    0xff, 0xff, 0xff, 0x00, 0xff, 0xff, 0xff, 0x00, 0xff, 0xff, 0xff, 0x00, 0xff, 0xff, 0xff, 0x00,
    0xff, 0xff, 0xff, 0x00, 0xff, 0xff, 0xff, 0x00, 0xff, 0xff, 0xff, 0x00, 0xff, 0xff, 0xff, 0x00,
    0xff, 0xff, 0xff, 0x00, 0xff, 0xff, 0xff, 0x00, 0xff, 0xff, 0xff, 0x00, 0xff, 0xff, 0xff, 0x00,
    0xff, 0xff, 0xff, 0x00, 0xff, 0xff, 0xff, 0x00, 0xff, 0xff, 0xff, 0x00, 0xff, 0xff, 0xff, 0x00,
    0xff, 0xff, 0xff, 0x00, 0xff, 0xff, 0xff, 0x00, 0xff, 0xff, 0xff, 0x00, 0xff, 0xff, 0xff, 0x00,
    0xff, 0xff, 0xff, 0x00, 0xff, 0xff, 0xff, 0x00, 0xff, 0xff, 0xff, 0x00, 0xff, 0xff, 0xff, 0x00,
    0xff, 0xff, 0xff, 0x00, 0xff, 0xff, 0xff, 0x00, 0xff, 0xff, 0xff, 0x00, 0xff, 0xff, 0xff, 0x00,
    0xff, 0xff, 0xff, 0x00, 0xff, 0xff, 0xff, 0x00, 0xff, 0xff, 0xff, 0x00, 0xff, 0xff, 0xff, 0x00,
    0xff, 0xff, 0xff, 0x00, 0xff, 0xff, 0xff, 0x00, 0xff, 0xff, 0xff, 0x9f, 0xff, 0xff, 0xff, 0xff,
    0xff, 0xff, 0xff, 0xff, 0xff, 0xff, 0xff, 0xff, 0xff, 0xff, 0xff, 0xff, 0xff, 0xff, 0xff, 0xfe,
    0xff, 0xff, 0xff, 0xff, 0xff, 0xff, 0xff, 0xfe, 0xff, 0xff, 0xff, 0xff, 0xff, 0xff, 0xff, 0xfe,
    0xff, 0xff, 0xff, 0xfe, 0xff, 0xff, 0xff, 0xfe, 0xff, 0xff, 0xff, 0xfe, 0xff, 0xff, 0xff, 0xfe,
    0xff, 0xff, 0xff, 0xfe, 0xff, 0xff, 0xff, 0xfe, 0xff, 0xff, 0xff, 0xff, 0xff, 0xff, 0xff, 0xff,
    0xff, 0xff, 0xff, 0xfe, 0xff, 0xff, 0xff, 0xfe, 0xff, 0xff, 0xff, 0xfe, 0xff, 0xff, 0xff, 0x5f,
    0xff, 0xff, 0xff, 0x00, 0xff, 0xff, 0xff, 0x00, 0xff, 0xff, 0xff, 0x00, 0xff, 0xff, 0xff, 0x00,
    0xff, 0xff, 0xff, 0x00, 0xff, 0xff, 0xff, 0x00, 0xff, 0xff, 0xff, 0x00, 0xff, 0xff, 0xff, 0x00,
    0xff, 0xff, 0xff, 0x00, 0xff, 0xff, 0xff, 0x00, 0xff, 0xff, 0xff, 0x00, 0xff, 0xff, 0xff, 0x00,
    0xff, 0xff, 0xff, 0x00, 0xff, 0xff, 0xff, 0x00, 0xff, 0xff, 0xff, 0x00, 0xff, 0xff, 0xff, 0x00,
    0xff, 0xff, 0xff, 0x00, 0xff, 0xff, 0xff, 0x00, 0xff, 0xff, 0xff, 0x00, 0xff, 0xff, 0xff, 0x00,
    0xff, 0xff, 0xff, 0x00, 0xff, 0xff, 0xff, 0x00, 0xff, 0xff, 0xff, 0x00, 0xff, 0xff, 0xff, 0x00,
    0x03, 0x03, 0x03, 0x00, 0x0f, 0x0f, 0x0f, 0x00, 0x24, 0x24, 0x24, 0x00, 0x40, 0x40, 0x40, 0x00,
    0x5f, 0x5f, 0x5f, 0x00, 0x7e, 0x7e, 0x7e, 0x00, 0x9b, 0x9b, 0x9b, 0x00, 0xb4, 0xb4, 0xb4, 0x00,
    0xc8, 0xc8, 0xc8, 0x00, 0xd7, 0xd7, 0xd7, 0x00, 0xe2, 0xe2, 0xe2, 0x00, 0xea, 0xea, 0xea, 0x00,
    0xf0, 0xf0, 0xf0, 0x00, 0xf4, 0xf4, 0xf4, 0x00, 0xf6, 0xf6, 0xf6, 0x00, 0xf8, 0xf8, 0xf8, 0x00,
    0xf9, 0xf9, 0xf9, 0x00, 0xf9, 0xf9, 0xf9, 0x00, 0xf9, 0xf9, 0xf9, 0x00, 0xf9, 0xf9, 0xf9, 0x00,
    0xf9, 0xf9, 0xf9, 0x00, 0xf9, 0xf9, 0xf9, 0x00, 0xf9, 0xf9, 0xf9, 0x00, 0xf9, 0xf9, 0xf9, 0x00,
    0xff, 0xff, 0xff, 0x00, 0xff, 0xff, 0xff, 0x00, 0xff, 0xff, 0xff, 0x00, 0xff, 0xff, 0xff, 0x00,
    0xff, 0xff, 0xff, 0x00, 0xff, 0xff, 0xff, 0x00, 0xff, 0xff, 0xff, 0x00, 0xff, 0xff, 0xff, 0x00,
    0xff, 0xff, 0xff, 0x00, 0xff, 0xff, 0xff, 0x00, 0xff, 0xff, 0xff, 0x00, 0xff, 0xff, 0xff, 0x00,
    0xff, 0xff, 0xff, 0x00, 0xff, 0xff, 0xff, 0x00, 0xff, 0xff, 0xff, 0x00, 0xff, 0xff, 0xff, 0x00,
    0xff, 0xff, 0xff, 0x00, 0xff, 0xff, 0xff, 0x00, 0xff, 0xff, 0xff, 0x00, 0xff, 0xff, 0xff, 0x00,
    0xff, 0xff, 0xff, 0x00, 0xff, 0xff, 0xff, 0x00, 0xff, 0xff, 0xff, 0x00, 0xff, 0xff, 0xff, 0x00,
    0xff, 0xff, 0xff, 0x00, 0xff, 0xff, 0xff, 0x00, 0xff, 0xff, 0xff, 0x00, 0xff, 0xff, 0xff, 0x00,
    0xff, 0xff, 0xff, 0x00, 0xff, 0xff, 0xff, 0x00, 0xff, 0xff, 0xff, 0x00, 0xff, 0xff, 0xff, 0x00,
    0xff, 0xff, 0xff, 0x00, 0xff, 0xff, 0xff, 0x00, 0xff, 0xff, 0xff, 0x00, 0xff, 0xff, 0xff, 0x00,
    0xff, 0xff, 0xff, 0x00, 0xff, 0xff, 0xff, 0x00, 0xff, 0xff, 0xff, 0x00, 0xff, 0xff, 0xff, 0x00,
    0xff, 0xff, 0xff, 0x00, 0xff, 0xff, 0xff, 0x00, 0xff, 0xff, 0xff, 0x00, 0xff, 0xff, 0xff, 0x00,
    0xff, 0xff, 0xff, 0x00, 0xff, 0xff, 0xff, 0x00, 0xff, 0xff, 0xff, 0x00, 0xff, 0xff, 0xff, 0x00,
    0xff, 0xff, 0xff, 0x9f, 0xff, 0xff, 0xff, 0xfe, 0xff, 0xff, 0xff, 0xfe, 0xff, 0xff, 0xff, 0xfe,
    0xff, 0xff, 0xff, 0xfe, 0xff, 0xff, 0xff, 0xfe, 0xff, 0xff, 0xff, 0xfe, 0xff, 0xff, 0xff, 0xfe,
    0xff, 0xff, 0xff, 0xfe, 0xff, 0xff, 0xff, 0xfe, 0xff, 0xff, 0xff, 0xfe, 0xff, 0xff, 0xff, 0xfe,
    0xff, 0xff, 0xff, 0xfe, 0xff, 0xff, 0xff, 0xfe, 0xff, 0xff, 0xff, 0xfe, 0xff, 0xff, 0xff, 0xfe,
    0xff, 0xff, 0xff, 0xfe, 0xff, 0xff, 0xff, 0xfe, 0xff, 0xff, 0xff, 0xfe, 0xff, 0xff, 0xff, 0xfe,
    0xff, 0xff, 0xff, 0xfe, 0xff, 0xff, 0xff, 0x5f, 0xff, 0xff, 0xff, 0x00, 0xff, 0xff, 0xff, 0x00,
    0xff, 0xff, 0xff, 0x00, 0xff, 0xff, 0xff, 0x00, 0xff, 0xff, 0xff, 0x00, 0xff, 0xff, 0xff, 0x00,
    0xff, 0xff, 0xff, 0x00, 0xff, 0xff, 0xff, 0x00, 0xff, 0xff, 0xff, 0x00, 0xff, 0xff, 0xff, 0x00,
    0xff, 0xff, 0xff, 0x00, 0xff, 0xff, 0xff, 0x00, 0xff, 0xff, 0xff, 0x00, 0xff, 0xff, 0xff, 0x00,
    0xff, 0xff, 0xff, 0x00, 0xff, 0xff, 0xff, 0x00, 0xff, 0xff, 0xff, 0x00, 0xff, 0xff, 0xff, 0x00,
    0xff, 0xff, 0xff, 0x00, 0xff, 0xff, 0xff, 0x00, 0xff, 0xff, 0xff, 0x00, 0xff, 0xff, 0xff, 0x00,
    0xff, 0xff, 0xff, 0x00, 0xff, 0xff, 0xff, 0x00, 0x03, 0x03, 0x03, 0x00, 0x0f, 0x0f, 0x0f, 0x00,
    0x24, 0x24, 0x24, 0x00, 0x40, 0x40, 0x40, 0x00, 0x5f, 0x5f, 0x5f, 0x00, 0x7e, 0x7e, 0x7e, 0x00,
    0x9b, 0x9b, 0x9b, 0x00, 0xb4, 0xb4, 0xb4, 0x00, 0xc8, 0xc8, 0xc8, 0x00, 0xd7, 0xd7, 0xd7, 0x00,
    0xe2, 0xe2, 0xe2, 0x00, 0xea, 0xea, 0xea, 0x00, 0xf0, 0xf0, 0xf0, 0x00, 0xf4, 0xf4, 0xf4, 0x00,
    0xf6, 0xf6, 0xf6, 0x00, 0xf8, 0xf8, 0xf8, 0x00, 0xf9, 0xf9, 0xf9, 0x00, 0xf9, 0xf9, 0xf9, 0x00,
    0xf9, 0xf9, 0xf9, 0x00, 0xf9, 0xf9, 0xf9, 0x00, 0xf9, 0xf9, 0xf9, 0x00, 0xf9, 0xf9, 0xf9, 0x00,
    0xf9, 0xf9, 0xf9, 0x00, 0xf9, 0xf9, 0xf9, 0x00, 0xff, 0xff, 0xff, 0x00, 0xff, 0xff, 0xff, 0x00,
    0xff, 0xff, 0xff, 0x00, 0xff, 0xff, 0xff, 0x00, 0xff, 0xff, 0xff, 0x00, 0xff, 0xff, 0xff, 0x00,
    0xff, 0xff, 0xff, 0x00, 0xff, 0xff, 0xff, 0x00, 0xff, 0xff, 0xff, 0x00, 0xff, 0xff, 0xff, 0x00,
    0xff, 0xff, 0xff, 0x00, 0xff, 0xff, 0xff, 0x00, 0xff, 0xff, 0xff, 0x00, 0xff, 0xff, 0xff, 0x00,
    0xff, 0xff, 0xff, 0x00, 0xff, 0xff, 0xff, 0x00, 0xff, 0xff, 0xff, 0x00, 0xff, 0xff, 0xff, 0x00,
    0xff, 0xff, 0xff, 0x00, 0xff, 0xff, 0xff, 0x00, 0xff, 0xff, 0xff, 0x00, 0xff, 0xff, 0xff, 0x00,
    0xff, 0xff, 0xff, 0x00, 0xff, 0xff, 0xff, 0x00, 0xff, 0xff, 0xff, 0x00, 0xff, 0xff, 0xff, 0x00,
    0xff, 0xff, 0xff, 0x00, 0xff, 0xff, 0xff, 0x00, 0xff, 0xff, 0xff, 0x00, 0xff, 0xff, 0xff, 0x00,
    0xff, 0xff, 0xff, 0x00, 0xff, 0xff, 0xff, 0x00, 0xff, 0xff, 0xff, 0x00, 0xff, 0xff, 0xff, 0x00,
    0xff, 0xff, 0xff, 0x00, 0xff, 0xff, 0xff, 0x00, 0xff, 0xff, 0xff, 0x00, 0xff, 0xff, 0xff, 0x00,
    0xff, 0xff, 0xff, 0x00, 0xff, 0xff, 0xff, 0x00, 0xff, 0xff, 0xff, 0x00, 0xff, 0xff, 0xff, 0x00,
    0xff, 0xff, 0xff, 0x00, 0xff, 0xff, 0xff, 0x00, 0xff, 0xff, 0xff, 0x00, 0xff, 0xff, 0xff, 0x00,
    0xff, 0xff, 0xff, 0x00, 0xff, 0xff, 0xff, 0x00, 0xff, 0xff, 0xff, 0x9d, 0xff, 0xff, 0xff, 0xfb,
    0xff, 0xff, 0xff, 0xfb, 0xff, 0xff, 0xff, 0xfb, 0xff, 0xff, 0xff, 0xfb, 0xff, 0xff, 0xff, 0xfb,
    0xff, 0xff, 0xff, 0xfb, 0xff, 0xff, 0xff, 0xfb, 0xff, 0xff, 0xff, 0xfa, 0xff, 0xff, 0xff, 0xfb,
    0xff, 0xff, 0xff, 0xfb, 0xff, 0xff, 0xff, 0xfb, 0xff, 0xff, 0xff, 0xfb, 0xff, 0xff, 0xff, 0xfb,
    0xff, 0xff, 0xff, 0xfb, 0xff, 0xff, 0xff, 0xfb, 0xff, 0xff, 0xff, 0xfb, 0xff, 0xff, 0xff, 0xfb,
    0xff, 0xff, 0xff, 0xfb, 0xff, 0xff, 0xff, 0xfb, 0xff, 0xff, 0xff, 0xfb, 0xff, 0xff, 0xff, 0x5e,
    0xff, 0xff, 0xff, 0x00, 0xff, 0xff, 0xff, 0x00, 0xff, 0xff, 0xff, 0x00, 0xff, 0xff, 0xff, 0x00,
    0xff, 0xff, 0xff, 0x00, 0xff, 0xff, 0xff, 0x00, 0xff, 0xff, 0xff, 0x00, 0xff, 0xff, 0xff, 0x00,
    0xff, 0xff, 0xff, 0x00, 0xff, 0xff, 0xff, 0x00, 0xff, 0xff, 0xff, 0x00, 0xff, 0xff, 0xff, 0x00,
    0xff, 0xff, 0xff, 0x00, 0xff, 0xff, 0xff, 0x00, 0xff, 0xff, 0xff, 0x00, 0xff, 0xff, 0xff, 0x00,
    0xff, 0xff, 0xff, 0x00, 0xff, 0xff, 0xff, 0x00, 0xff, 0xff, 0xff, 0x00, 0xff, 0xff, 0xff, 0x00,
    0xff, 0xff, 0xff, 0x00, 0xff, 0xff, 0xff, 0x00, 0xff, 0xff, 0xff, 0x00, 0xff, 0xff, 0xff, 0x00,
    0x03, 0x03, 0x03, 0x00, 0x0f, 0x0f, 0x0f, 0x00, 0x24, 0x24, 0x24, 0x00, 0x40, 0x40, 0x40, 0x00,
    0x5f, 0x5f, 0x5f, 0x00, 0x7e, 0x7e, 0x7e, 0x00, 0x9b, 0x9b, 0x9b, 0x00, 0xb4, 0xb4, 0xb4, 0x00,
    0xc8, 0xc8, 0xc8, 0x00, 0xd7, 0xd7, 0xd7, 0x00, 0xe2, 0xe2, 0xe2, 0x00, 0xea, 0xea, 0xea, 0x00,
    0xf0, 0xf0, 0xf0, 0x00, 0xf4, 0xf4, 0xf4, 0x00, 0xf6, 0xf6, 0xf6, 0x00, 0xf8, 0xf8, 0xf8, 0x00,
    0xf9, 0xf9, 0xf9, 0x00, 0xf9, 0xf9, 0xf9, 0x00, 0xf9, 0xf9, 0xf9, 0x00, 0xf9, 0xf9, 0xf9, 0x00,
    0xf9, 0xf9, 0xf9, 0x00, 0xf9, 0xf9, 0xf9, 0x00, 0xf9, 0xf9, 0xf9, 0x00, 0xf9, 0xf9, 0xf9, 0x00,
    0xff, 0xff, 0xff, 0x00, 0xff, 0xff, 0xff, 0x00, 0xff, 0xff, 0xff, 0x00, 0xff, 0xff, 0xff, 0x00,
    0xff, 0xff, 0xff, 0x00, 0xff, 0xff, 0xff, 0x00, 0xff, 0xff, 0xff, 0x00, 0xff, 0xff, 0xff, 0x00,
    0xff, 0xff, 0xff, 0x00, 0xff, 0xff, 0xff, 0x00, 0xff, 0xff, 0xff, 0x00, 0xff, 0xff, 0xff, 0x00,
    0xff, 0xff, 0xff, 0x00, 0xff, 0xff, 0xff, 0x00, 0xff, 0xff, 0xff, 0x00, 0xff, 0xff, 0xff, 0x00,
    0xff, 0xff, 0xff, 0x00, 0xff, 0xff, 0xff, 0x00, 0xff, 0xff, 0xff, 0x00, 0xff, 0xff, 0xff, 0x00,
    0xff, 0xff, 0xff, 0x00, 0xff, 0xff, 0xff, 0x00, 0xff, 0xff, 0xff, 0x00, 0xff, 0xff, 0xff, 0x00,
    0xff, 0xff, 0xff, 0x00, 0xff, 0xff, 0xff, 0x00, 0xff, 0xff, 0xff, 0x00, 0xff, 0xff, 0xff, 0x00,
    0xff, 0xff, 0xff, 0x00, 0xff, 0xff, 0xff, 0x00, 0xff, 0xff, 0xff, 0x00, 0xff, 0xff, 0xff, 0x00,
    0xff, 0xff, 0xff, 0x00, 0xff, 0xff, 0xff, 0x00, 0xff, 0xff, 0xff, 0x00, 0xff, 0xff, 0xff, 0x00,
    0xff, 0xff, 0xff, 0x00, 0xff, 0xff, 0xff, 0x00, 0xff, 0xff, 0xff, 0x00, 0xff, 0xff, 0xff, 0x00,
    0xff, 0xff, 0xff, 0x00, 0xff, 0xff, 0xff, 0x00, 0xff, 0xff, 0xff, 0x00, 0xff, 0xff, 0xff, 0x00,
    0xff, 0xff, 0xff, 0x00, 0xff, 0xff, 0xff, 0x00, 0xff, 0xff, 0xff, 0x00, 0xff, 0xff, 0xff, 0x00,
    0xff, 0xff, 0xff, 0x9b, 0xff, 0xff, 0xff, 0xf8, 0xff, 0xff, 0xff, 0xf7, 0xff, 0xff, 0xff, 0xf8,
    0xff, 0xff, 0xff, 0xf7, 0xff, 0xff, 0xff, 0xf7, 0xff, 0xff, 0xff, 0xf7, 0xff, 0xff, 0xff, 0xf7,
    0xff, 0xff, 0xff, 0xf7, 0xff, 0xff, 0xff, 0xf7, 0xff, 0xff, 0xff, 0xf8, 0xff, 0xff, 0xff, 0xf7,
    0xff, 0xff, 0xff, 0xf8, 0xff, 0xff, 0xff, 0xf7, 0xff, 0xff, 0xff, 0xf8, 0xff, 0xff, 0xff, 0xf8,
    0xff, 0xff, 0xff, 0xf7, 0xff, 0xff, 0xff, 0xf7, 0xff, 0xff, 0xff, 0xf8, 0xff, 0xff, 0xff, 0xf8,
    0xff, 0xff, 0xff, 0xf7, 0xff, 0xff, 0xff, 0x5c, 0xff, 0xff, 0xff, 0x00, 0xff, 0xff, 0xff, 0x00,
    0xff, 0xff, 0xff, 0x00, 0xff, 0xff, 0xff, 0x00, 0xff, 0xff, 0xff, 0x00, 0xff, 0xff, 0xff, 0x00,
    0xff, 0xff, 0xff, 0x00, 0xff, 0xff, 0xff, 0x00, 0xff, 0xff, 0xff, 0x00, 0xff, 0xff, 0xff, 0x00,
    0xff, 0xff, 0xff, 0x00, 0xff, 0xff, 0xff, 0x00, 0xff, 0xff, 0xff, 0x00, 0xff, 0xff, 0xff, 0x00,
    0xff, 0xff, 0xff, 0x00, 0xff, 0xff, 0xff, 0x00, 0xff, 0xff, 0xff, 0x00, 0xff, 0xff, 0xff, 0x00,
    0xff, 0xff, 0xff, 0x00, 0xff, 0xff, 0xff, 0x00, 0xff, 0xff, 0xff, 0x00, 0xff, 0xff, 0xff, 0x00,
    0xff, 0xff, 0xff, 0x00, 0xff, 0xff, 0xff, 0x00, 0x03, 0x03, 0x03, 0x00, 0x0f, 0x0f, 0x0f, 0x00,
    0x24, 0x24, 0x24, 0x00, 0x40, 0x40, 0x40, 0x00, 0x5f, 0x5f, 0x5f, 0x00, 0x7e, 0x7e, 0x7e, 0x00,
    0x9b, 0x9b, 0x9b, 0x00, 0xb4, 0xb4, 0xb4, 0x00, 0xc8, 0xc8, 0xc8, 0x00, 0xd7, 0xd7, 0xd7, 0x00,
    0xe2, 0xe2, 0xe2, 0x00, 0xea, 0xea, 0xea, 0x00, 0xf0, 0xf0, 0xf0, 0x00, 0xf4, 0xf4, 0xf4, 0x00,
    0xf6, 0xf6, 0xf6, 0x00, 0xf8, 0xf8, 0xf8, 0x00, 0xf9, 0xf9, 0xf9, 0x00, 0xf9, 0xf9, 0xf9, 0x00,
    0xf9, 0xf9, 0xf9, 0x00, 0xf9, 0xf9, 0xf9, 0x00, 0xf9, 0xf9, 0xf9, 0x00, 0xf9, 0xf9, 0xf9, 0x00,
    0xf9, 0xf9, 0xf9, 0x00, 0xf9, 0xf9, 0xf9, 0x00, 0xff, 0xff, 0xff, 0x00, 0xff, 0xff, 0xff, 0x00,
    0xff, 0xff, 0xff, 0x00, 0xff, 0xff, 0xff, 0x00, 0xff, 0xff, 0xff, 0x00, 0xff, 0xff, 0xff, 0x00,
    0xff, 0xff, 0xff, 0x00, 0xff, 0xff, 0xff, 0x00, 0xff, 0xff, 0xff, 0x00, 0xff, 0xff, 0xff, 0x00,
    0xff, 0xff, 0xff, 0x00, 0xff, 0xff, 0xff, 0x00, 0xff, 0xff, 0xff, 0x00, 0xff, 0xff, 0xff, 0x00,
    0xff, 0xff, 0xff, 0x00, 0xff, 0xff, 0xff, 0x00, 0xff, 0xff, 0xff, 0x00, 0xff, 0xff, 0xff, 0x00,
    0xff, 0xff, 0xff, 0x00, 0xff, 0xff, 0xff, 0x00, 0xff, 0xff, 0xff, 0x00, 0xff, 0xff, 0xff, 0x00,
    0xff, 0xff, 0xff, 0x00, 0xff, 0xff, 0xff, 0x00, 0xff, 0xff, 0xff, 0x00, 0xff, 0xff, 0xff, 0x00,
    0xff, 0xff, 0xff, 0x00, 0xff, 0xff, 0xff, 0x00, 0xff, 0xff, 0xff, 0x00, 0xff, 0xff, 0xff, 0x00,
    0xff, 0xff, 0xff, 0x00, 0xff, 0xff, 0xff, 0x00, 0xff, 0xff, 0xff, 0x00, 0xff, 0xff, 0xff, 0x00,
    0xff, 0xff, 0xff, 0x00, 0xff, 0xff, 0xff, 0x00, 0xff, 0xff, 0xff, 0x00, 0xff, 0xff, 0xff, 0x00,
    0xff, 0xff, 0xff, 0x00, 0xff, 0xff, 0xff, 0x00, 0xff, 0xff, 0xff, 0x00, 0xff, 0xff, 0xff, 0x00,
    0xff, 0xff, 0xff, 0x00, 0xff, 0xff, 0xff, 0x00, 0xff, 0xff, 0xff, 0x00, 0xff, 0xff, 0xff, 0x00,
    0xff, 0xff, 0xff, 0x00, 0xff, 0xff, 0xff, 0x00, 0xff, 0xff, 0xff, 0x98, 0xff, 0xff, 0xff, 0xf4,
    0xff, 0xff, 0xff, 0xf3, 0xff, 0xff, 0xff, 0xf4, 0xff, 0xff, 0xff, 0xf4, 0xff, 0xff, 0xff, 0xf4,
    0xff, 0xff, 0xff, 0xf4, 0xff, 0xff, 0xff, 0xf4, 0xff, 0xff, 0xff, 0xf3, 0xff, 0xff, 0xff, 0xf4,
    0xff, 0xff, 0xff, 0xf4, 0xff, 0xff, 0xff, 0xf3, 0xff, 0xff, 0xff, 0xf4, 0xff, 0xff, 0xff, 0xf4,
    0xff, 0xff, 0xff, 0xf4, 0xff, 0xff, 0xff, 0xf4, 0xff, 0xff, 0xff, 0xf4, 0xff, 0xff, 0xff, 0xf4,
    0xff, 0xff, 0xff, 0xf4, 0xff, 0xff, 0xff, 0xf4, 0xff, 0xff, 0xff, 0xf4, 0xff, 0xff, 0xff, 0x5b,
    0xff, 0xff, 0xff, 0x00, 0xff, 0xff, 0xff, 0x00, 0xff, 0xff, 0xff, 0x00, 0xff, 0xff, 0xff, 0x00,
    0xff, 0xff, 0xff, 0x00, 0xff, 0xff, 0xff, 0x00, 0xff, 0xff, 0xff, 0x00, 0xff, 0xff, 0xff, 0x00,
    0xff, 0xff, 0xff, 0x00, 0xff, 0xff, 0xff, 0x00, 0xff, 0xff, 0xff, 0x00, 0xff, 0xff, 0xff, 0x00,
    0xff, 0xff, 0xff, 0x00, 0xff, 0xff, 0xff, 0x00, 0xff, 0xff, 0xff, 0x00, 0xff, 0xff, 0xff, 0x00,
    0xff, 0xff, 0xff, 0x00, 0xff, 0xff, 0xff, 0x00, 0xff, 0xff, 0xff, 0x00, 0xff, 0xff, 0xff, 0x00,
    0xff, 0xff, 0xff, 0x00, 0xff, 0xff, 0xff, 0x00, 0xff, 0xff, 0xff, 0x00, 0xff, 0xff, 0xff, 0x00,
    0x03, 0x03, 0x03, 0x00, 0x0f, 0x0f, 0x0f, 0x00, 0x24, 0x24, 0x24, 0x00, 0x40, 0x40, 0x40, 0x00,
    0x5f, 0x5f, 0x5f, 0x00, 0x7e, 0x7e, 0x7e, 0x00, 0x9b, 0x9b, 0x9b, 0x00, 0xb4, 0xb4, 0xb4, 0x00,
    0xc8, 0xc8, 0xc8, 0x00, 0xd7, 0xd7, 0xd7, 0x00, 0xe2, 0xe2, 0xe2, 0x00, 0xea, 0xea, 0xea, 0x00,
    0xf0, 0xf0, 0xf0, 0x00, 0xf4, 0xf4, 0xf4, 0x00, 0xf6, 0xf6, 0xf6, 0x00, 0xf8, 0xf8, 0xf8, 0x00,
    0xf9, 0xf9, 0xf9, 0x00, 0xf9, 0xf9, 0xf9, 0x00, 0xf9, 0xf9, 0xf9, 0x00, 0xf9, 0xf9, 0xf9, 0x00,
    0xf9, 0xf9, 0xf9, 0x00, 0xf9, 0xf9, 0xf9, 0x00, 0xf9, 0xf9, 0xf9, 0x00, 0xf9, 0xf9, 0xf9, 0x00,
    0xff, 0xff, 0xff, 0x00, 0xff, 0xff, 0xff, 0x00, 0xff, 0xff, 0xff, 0x00, 0xff, 0xff, 0xff, 0x00,
    0xff, 0xff, 0xff, 0x00, 0xff, 0xff, 0xff, 0x00, 0xff, 0xff, 0xff, 0x00, 0xff, 0xff, 0xff, 0x00,
    0xff, 0xff, 0xff, 0x00, 0xff, 0xff, 0xff, 0x00, 0xff, 0xff, 0xff, 0x00, 0xff, 0xff, 0xff, 0x00,
    0xff, 0xff, 0xff, 0x00, 0xff, 0xff, 0xff, 0x00, 0xff, 0xff, 0xff, 0x00, 0xff, 0xff, 0xff, 0x00,
    0xff, 0xff, 0xff, 0x00, 0xff, 0xff, 0xff, 0x00, 0xff, 0xff, 0xff, 0x00, 0xff, 0xff, 0xff, 0x00,
    0xff, 0xff, 0xff, 0x00, 0xff, 0xff, 0xff, 0x00, 0xff, 0xff, 0xff, 0x00, 0xff, 0xff, 0xff, 0x00,
    0xff, 0xff, 0xff, 0x00, 0xff, 0xff, 0xff, 0x00, 0xff, 0xff, 0xff, 0x00, 0xff, 0xff, 0xff, 0x00,
    0xff, 0xff, 0xff, 0x00, 0xff, 0xff, 0xff, 0x00, 0xff, 0xff, 0xff, 0x00, 0xff, 0xff, 0xff, 0x00,
    0xff, 0xff, 0xff, 0x00, 0xff, 0xff, 0xff, 0x00, 0xff, 0xff, 0xff, 0x00, 0xff, 0xff, 0xff, 0x00,
    0xff, 0xff, 0xff, 0x00, 0xff, 0xff, 0xff, 0x00, 0xff, 0xff, 0xff, 0x00, 0xff, 0xff, 0xff, 0x00,
    0xff, 0xff, 0xff, 0x00, 0xff, 0xff, 0xff, 0x00, 0xff, 0xff, 0xff, 0x00, 0xff, 0xff, 0xff, 0x00,
    0xff, 0xff, 0xff, 0x00, 0xff, 0xff, 0xff, 0x00, 0xff, 0xff, 0xff, 0x00, 0xff, 0xff, 0xff, 0x00,
    0xff, 0xff, 0xff, 0x96, 0xff, 0xff, 0xff, 0xf0, 0xff, 0xff, 0xff, 0xf0, 0xff, 0xff, 0xff, 0xf0,
    0xff, 0xff, 0xff, 0xf0, 0xff, 0xff, 0xff, 0xf0, 0xff, 0xff, 0xff, 0xf0, 0xff, 0xff, 0xff, 0xf0,
    0xff, 0xff, 0xff, 0xf0, 0xff, 0xff, 0xff, 0xf0, 0xff, 0xff, 0xff, 0xf0, 0xff, 0xff, 0xff, 0xf0,
    0xff, 0xff, 0xff, 0xf0, 0xff, 0xff, 0xff, 0xf0, 0xff, 0xff, 0xff, 0xf0, 0xff, 0xff, 0xff, 0xf0,
    0xff, 0xff, 0xff, 0xf0, 0xff, 0xff, 0xff, 0xf0, 0xff, 0xff, 0xff, 0xf0, 0xff, 0xff, 0xff, 0xf0,
    0xff, 0xff, 0xff, 0xf0, 0xff, 0xff, 0xff, 0x5a, 0xff, 0xff, 0xff, 0x00, 0xff, 0xff, 0xff, 0x00,
    0xff, 0xff, 0xff, 0x00, 0xff, 0xff, 0xff, 0x00, 0xff, 0xff, 0xff, 0x00, 0xff, 0xff, 0xff, 0x00,
    0xff, 0xff, 0xff, 0x00, 0xff, 0xff, 0xff, 0x00, 0xff, 0xff, 0xff, 0x00, 0xff, 0xff, 0xff, 0x00,
    0xff, 0xff, 0xff, 0x00, 0xff, 0xff, 0xff, 0x00, 0xff, 0xff, 0xff, 0x00, 0xff, 0xff, 0xff, 0x00,
    0xff, 0xff, 0xff, 0x00, 0xff, 0xff, 0xff, 0x00, 0xff, 0xff, 0xff, 0x00, 0xff, 0xff, 0xff, 0x00,
    0xff, 0xff, 0xff, 0x00, 0xff, 0xff, 0xff, 0x00, 0xff, 0xff, 0xff, 0x00, 0xff, 0xff, 0xff, 0x00,
    0xff, 0xff, 0xff, 0x00, 0xff, 0xff, 0xff, 0x00, 0x03, 0x03, 0x03, 0x00, 0x0f, 0x0f, 0x0f, 0x00,
    0x24, 0x24, 0x24, 0x00, 0x40, 0x40, 0x40, 0x00, 0x5f, 0x5f, 0x5f, 0x00, 0x7e, 0x7e, 0x7e, 0x00,
    0x9b, 0x9b, 0x9b, 0x00, 0xb4, 0xb4, 0xb4, 0x00, 0xc8, 0xc8, 0xc8, 0x00, 0xd7, 0xd7, 0xd7, 0x00,
    0xe2, 0xe2, 0xe2, 0x00, 0xea, 0xea, 0xea, 0x00, 0xf0, 0xf0, 0xf0, 0x00, 0xf4, 0xf4, 0xf4, 0x00,
    0xf6, 0xf6, 0xf6, 0x00, 0xf8, 0xf8, 0xf8, 0x00, 0xf9, 0xf9, 0xf9, 0x00, 0xf9, 0xf9, 0xf9, 0x00,
    0xf9, 0xf9, 0xf9, 0x00, 0xf9, 0xf9, 0xf9, 0x00, 0xf9, 0xf9, 0xf9, 0x00, 0xf9, 0xf9, 0xf9, 0x00,
    0xf9, 0xf9, 0xf9, 0x00, 0xf9, 0xf9, 0xf9, 0x00, 0xff, 0xff, 0xff, 0x00, 0xff, 0xff, 0xff, 0x00,
    0xff, 0xff, 0xff, 0x00, 0xff, 0xff, 0xff, 0x00, 0xff, 0xff, 0xff, 0x00, 0xff, 0xff, 0xff, 0x00,
    0xff, 0xff, 0xff, 0x00, 0xff, 0xff, 0xff, 0x00, 0xff, 0xff, 0xff, 0x00, 0xff, 0xff, 0xff, 0x00,
    0xff, 0xff, 0xff, 0x00, 0xff, 0xff, 0xff, 0x00, 0xff, 0xff, 0xff, 0x00, 0xff, 0xff, 0xff, 0x00,
    0xff, 0xff, 0xff, 0x00, 0xff, 0xff, 0xff, 0x00, 0xff, 0xff, 0xff, 0x00, 0xff, 0xff, 0xff, 0x00,
    0xff, 0xff, 0xff, 0x00, 0xff, 0xff, 0xff, 0x00, 0xff, 0xff, 0xff, 0x00, 0xff, 0xff, 0xff, 0x00,
    0xff, 0xff, 0xff, 0x00, 0xff, 0xff, 0xff, 0x00, 0xff, 0xff, 0xff, 0x00, 0xff, 0xff, 0xff, 0x00,
    0xff, 0xff, 0xff, 0x00, 0xff, 0xff, 0xff, 0x00, 0xff, 0xff, 0xff, 0x00, 0xff, 0xff, 0xff, 0x00,
    0xff, 0xff, 0xff, 0x00, 0xff, 0xff, 0xff, 0x00, 0xff, 0xff, 0xff, 0x00, 0xff, 0xff, 0xff, 0x00,
    0xff, 0xff, 0xff, 0x00, 0xff, 0xff, 0xff, 0x00, 0xff, 0xff, 0xff, 0x00, 0xff, 0xff, 0xff, 0x00,
    0xff, 0xff, 0xff, 0x00, 0xff, 0xff, 0xff, 0x00, 0xff, 0xff, 0xff, 0x00, 0xff, 0xff, 0xff, 0x00,
    0xff, 0xff, 0xff, 0x00, 0xff, 0xff, 0xff, 0x00, 0xff, 0xff, 0xff, 0x00, 0xff, 0xff, 0xff, 0x00,
    0xff, 0xff, 0xff, 0x00, 0xff, 0xff, 0xff, 0x00, 0xff, 0xff, 0xff, 0x93, 0xff, 0xff, 0xff, 0xec,
    0xff, 0xff, 0xff, 0xec, 0xff, 0xff, 0xff, 0xec, 0xff, 0xff, 0xff, 0xec, 0xff, 0xff, 0xff, 0xed,
    0xff, 0xff, 0xff, 0xec, 0xff, 0xff, 0xff, 0xec, 0xff, 0xff, 0xff, 0xec, 0xff, 0xff, 0xff, 0xec,
    0xff, 0xff, 0xff, 0xec, 0xff, 0xff, 0xff, 0xec, 0xff, 0xff, 0xff, 0xec, 0xff, 0xff, 0xff, 0xec,
    0xff, 0xff, 0xff, 0xec, 0xff, 0xff, 0xff, 0xec, 0xff, 0xff, 0xff, 0xec, 0xff, 0xff, 0xff, 0xec,
    0xff, 0xff, 0xff, 0xec, 0xff, 0xff, 0xff, 0xec, 0xff, 0xff, 0xff, 0xec, 0xff, 0xff, 0xff, 0x58,
    0xff, 0xff, 0xff, 0x00, 0xff, 0xff, 0xff, 0x00, 0xff, 0xff, 0xff, 0x00, 0xff, 0xff, 0xff, 0x00,
    0xff, 0xff, 0xff, 0x00, 0xff, 0xff, 0xff, 0x00, 0xff, 0xff, 0xff, 0x00, 0xff, 0xff, 0xff, 0x00,
    0xff, 0xff, 0xff, 0x00, 0xff, 0xff, 0xff, 0x00, 0xff, 0xff, 0xff, 0x00, 0xff, 0xff, 0xff, 0x00,
    0xff, 0xff, 0xff, 0x00, 0xff, 0xff, 0xff, 0x00, 0xff, 0xff, 0xff, 0x00, 0xff, 0xff, 0xff, 0x00,
    0xff, 0xff, 0xff, 0x00, 0xff, 0xff, 0xff, 0x00, 0xff, 0xff, 0xff, 0x00, 0xff, 0xff, 0xff, 0x00,
    0xff, 0xff, 0xff, 0x00, 0xff, 0xff, 0xff, 0x00, 0xff, 0xff, 0xff, 0x00, 0xff, 0xff, 0xff, 0x00,
    0x03, 0x03, 0x03, 0x00, 0x0f, 0x0f, 0x0f, 0x00, 0x24, 0x24, 0x24, 0x00, 0x40, 0x40, 0x40, 0x00,
    0x5f, 0x5f, 0x5f, 0x00, 0x7e, 0x7e, 0x7e, 0x00, 0x9b, 0x9b, 0x9b, 0x00, 0xb4, 0xb4, 0xb4, 0x00,
    0xc8, 0xc8, 0xc8, 0x00, 0xd7, 0xd7, 0xd7, 0x00, 0xe2, 0xe2, 0xe2, 0x00, 0xea, 0xea, 0xea, 0x00,
    0xf0, 0xf0, 0xf0, 0x00, 0xf4, 0xf4, 0xf4, 0x00, 0xf6, 0xf6, 0xf6, 0x00, 0xf8, 0xf8, 0xf8, 0x00,
    0xf9, 0xf9, 0xf9, 0x00, 0xf9, 0xf9, 0xf9, 0x00, 0xf9, 0xf9, 0xf9, 0x00, 0xf9, 0xf9, 0xf9, 0x00,
    0xf9, 0xf9, 0xf9, 0x00, 0xf9, 0xf9, 0xf9, 0x00, 0xf9, 0xf9, 0xf9, 0x00, 0xf9, 0xf9, 0xf9, 0x00,
    0xff, 0xff, 0xff, 0x00, 0xff, 0xff, 0xff, 0x00, 0xff, 0xff, 0xff, 0x00, 0xff, 0xff, 0xff, 0x00,
    0xff, 0xff, 0xff, 0x00, 0xff, 0xff, 0xff, 0x00, 0xff, 0xff, 0xff, 0x00, 0xff, 0xff, 0xff, 0x00,
    0xff, 0xff, 0xff, 0x00, 0xff, 0xff, 0xff, 0x00, 0xff, 0xff, 0xff, 0x00, 0xff, 0xff, 0xff, 0x00,
    0xff, 0xff, 0xff, 0x00, 0xff, 0xff, 0xff, 0x00, 0xff, 0xff, 0xff, 0x00, 0xff, 0xff, 0xff, 0x00,
    0xff, 0xff, 0xff, 0x00, 0xff, 0xff, 0xff, 0x00, 0xff, 0xff, 0xff, 0x00, 0xff, 0xff, 0xff, 0x00,
    0xff, 0xff, 0xff, 0x00, 0xff, 0xff, 0xff, 0x00, 0xff, 0xff, 0xff, 0x00, 0xff, 0xff, 0xff, 0x00,
    0xff, 0xff, 0xff, 0x00, 0xff, 0xff, 0xff, 0x00, 0xff, 0xff, 0xff, 0x00, 0xff, 0xff, 0xff, 0x00,
    0xff, 0xff, 0xff, 0x00, 0xff, 0xff, 0xff, 0x00, 0xff, 0xff, 0xff, 0x00, 0xff, 0xff, 0xff, 0x00,
    0xff, 0xff, 0xff, 0x00, 0xff, 0xff, 0xff, 0x00, 0xff, 0xff, 0xff, 0x00, 0xff, 0xff, 0xff, 0x00,
    0xff, 0xff, 0xff, 0x00, 0xff, 0xff, 0xff, 0x00, 0xff, 0xff, 0xff, 0x00, 0xff, 0xff, 0xff, 0x00,
    0xff, 0xff, 0xff, 0x00, 0xff, 0xff, 0xff, 0x00, 0xff, 0xff, 0xff, 0x00, 0xff, 0xff, 0xff, 0x00,
    0xff, 0xff, 0xff, 0x00, 0xff, 0xff, 0xff, 0x00, 0xff, 0xff, 0xff, 0x00, 0xff, 0xff, 0xff, 0x00,
    0xff, 0xff, 0xff, 0x91, 0xff, 0xff, 0xff, 0xe8, 0xff, 0xff, 0xff, 0xe8, 0xff, 0xff, 0xff, 0xe8,
    0xff, 0xff, 0xff, 0xe8, 0xff, 0xff, 0xff, 0xe9, 0xff, 0xff, 0xff, 0xe8, 0xff, 0xff, 0xff, 0xe9,
    0xff, 0xff, 0xff, 0xe8, 0xff, 0xff, 0xff, 0xe9, 0xff, 0xff, 0xff, 0xe8, 0xff, 0xff, 0xff, 0xe8,
    0xff, 0xff, 0xff, 0xe8, 0xff, 0xff, 0xff, 0xe9, 0xff, 0xff, 0xff, 0xe8, 0xff, 0xff, 0xff, 0xe8,
    0xff, 0xff, 0xff, 0xe8, 0xff, 0xff, 0xff, 0xe9, 0xff, 0xff, 0xff, 0xe8, 0xff, 0xff, 0xff, 0xe9,
    0xff, 0xff, 0xff, 0xe8, 0xff, 0xff, 0xff, 0x57, 0xff, 0xff, 0xff, 0x00, 0xff, 0xff, 0xff, 0x00,
    0xff, 0xff, 0xff, 0x00, 0xff, 0xff, 0xff, 0x00, 0xff, 0xff, 0xff, 0x00, 0xff, 0xff, 0xff, 0x00,
    0xff, 0xff, 0xff, 0x00, 0xff, 0xff, 0xff, 0x00, 0xff, 0xff, 0xff, 0x00, 0xff, 0xff, 0xff, 0x00,
    0xff, 0xff, 0xff, 0x00, 0xff, 0xff, 0xff, 0x00, 0xff, 0xff, 0xff, 0x00, 0xff, 0xff, 0xff, 0x00,
    0xff, 0xff, 0xff, 0x00, 0xff, 0xff, 0xff, 0x00, 0xff, 0xff, 0xff, 0x00, 0xff, 0xff, 0xff, 0x00,
    0xff, 0xff, 0xff, 0x00, 0xff, 0xff, 0xff, 0x00, 0xff, 0xff, 0xff, 0x00, 0xff, 0xff, 0xff, 0x00,
    0xff, 0xff, 0xff, 0x00, 0xff, 0xff, 0xff, 0x00, 0x03, 0x03, 0x03, 0x00, 0x0f, 0x0f, 0x0f, 0x00,
    0x24, 0x24, 0x24, 0x00, 0x40, 0x40, 0x40, 0x00, 0x5f, 0x5f, 0x5f, 0x00, 0x7e, 0x7e, 0x7e, 0x00,
    0x9b, 0x9b, 0x9b, 0x00, 0xb4, 0xb4, 0xb4, 0x00, 0xc8, 0xc8, 0xc8, 0x00, 0xd7, 0xd7, 0xd7, 0x00,
    0xe2, 0xe2, 0xe2, 0x00, 0xea, 0xea, 0xea, 0x00, 0xf0, 0xf0, 0xf0, 0x00, 0xf4, 0xf4, 0xf4, 0x00,
    0xf6, 0xf6, 0xf6, 0x00, 0xf8, 0xf8, 0xf8, 0x00, 0xf9, 0xf9, 0xf9, 0x00, 0xf9, 0xf9, 0xf9, 0x00,
    0xf9, 0xf9, 0xf9, 0x00, 0xf9, 0xf9, 0xf9, 0x00, 0xf9, 0xf9, 0xf9, 0x00, 0xf9, 0xf9, 0xf9, 0x00,
    0xf9, 0xf9, 0xf9, 0x00, 0xf9, 0xf9, 0xf9, 0x00, 0xff, 0xff, 0xff, 0x00, 0xff, 0xff, 0xff, 0x00,
    0xff, 0xff, 0xff, 0x00, 0xff, 0xff, 0xff, 0x00, 0xff, 0xff, 0xff, 0x00, 0xff, 0xff, 0xff, 0x00,
    0xff, 0xff, 0xff, 0x00, 0xff, 0xff, 0xff, 0x00, 0xff, 0xff, 0xff, 0x00, 0xff, 0xff, 0xff, 0x00,
    0xff, 0xff, 0xff, 0x00, 0xff, 0xff, 0xff, 0x00, 0xff, 0xff, 0xff, 0x00, 0xff, 0xff, 0xff, 0x00,
    0xff, 0xff, 0xff, 0x00, 0xff, 0xff, 0xff, 0x00, 0xff, 0xff, 0xff, 0x00, 0xff, 0xff, 0xff, 0x00,
    0xff, 0xff, 0xff, 0x00, 0xff, 0xff, 0xff, 0x00, 0xff, 0xff, 0xff, 0x00, 0xff, 0xff, 0xff, 0x00,
    0xff, 0xff, 0xff, 0x00, 0xff, 0xff, 0xff, 0x00, 0xff, 0xff, 0xff, 0x00, 0xff, 0xff, 0xff, 0x00,
    0xff, 0xff, 0xff, 0x00, 0xff, 0xff, 0xff, 0x00, 0xff, 0xff, 0xff, 0x00, 0xff, 0xff, 0xff, 0x00,
    0xff, 0xff, 0xff, 0x00, 0xff, 0xff, 0xff, 0x00, 0xff, 0xff, 0xff, 0x00, 0xff, 0xff, 0xff, 0x00,
    0xff, 0xff, 0xff, 0x00, 0xff, 0xff, 0xff, 0x00, 0xff, 0xff, 0xff, 0x00, 0xff, 0xff, 0xff, 0x00,
    0xff, 0xff, 0xff, 0x00, 0xff, 0xff, 0xff, 0x00, 0xff, 0xff, 0xff, 0x00, 0xff, 0xff, 0xff, 0x00,
    0xff, 0xff, 0xff, 0x00, 0xff, 0xff, 0xff, 0x00, 0xff, 0xff, 0xff, 0x00, 0xff, 0xff, 0xff, 0x00,
    0xff, 0xff, 0xff, 0x00, 0xff, 0xff, 0xff, 0x00, 0xff, 0xff, 0xff, 0x8f, 0xff, 0xff, 0xff, 0xe5,
    0xff, 0xff, 0xff, 0xe5, 0xff, 0xff, 0xff, 0xe5, 0xff, 0xff, 0xff, 0xe5, 0xff, 0xff, 0xff, 0xe5,
    0xff, 0xff, 0xff, 0xe5, 0xff, 0xff, 0xff, 0xe5, 0xff, 0xff, 0xff, 0xe5, 0xff, 0xff, 0xff, 0xe5,
    0xff, 0xff, 0xff, 0xe5, 0xff, 0xff, 0xff, 0xe5, 0xff, 0xff, 0xff, 0xe5, 0xff, 0xff, 0xff, 0xe5,
    0xff, 0xff, 0xff, 0xe5, 0xff, 0xff, 0xff, 0xe5, 0xff, 0xff, 0xff, 0xe5, 0xff, 0xff, 0xff, 0xe4,
    0xff, 0xff, 0xff, 0xe5, 0xff, 0xff, 0xff, 0xe5, 0xff, 0xff, 0xff, 0xe5, 0xff, 0xff, 0xff, 0x56,
    0xff, 0xff, 0xff, 0x00, 0xff, 0xff, 0xff, 0x00, 0xff, 0xff, 0xff, 0x00, 0xff, 0xff, 0xff, 0x00,
    0xff, 0xff, 0xff, 0x00, 0xff, 0xff, 0xff, 0x00, 0xff, 0xff, 0xff, 0x00, 0xff, 0xff, 0xff, 0x00,
    0xff, 0xff, 0xff, 0x00, 0xff, 0xff, 0xff, 0x00, 0xff, 0xff, 0xff, 0x00, 0xff, 0xff, 0xff, 0x00,
    0xff, 0xff, 0xff, 0x00, 0xff, 0xff, 0xff, 0x00, 0xff, 0xff, 0xff, 0x00, 0xff, 0xff, 0xff, 0x00,
    0xff, 0xff, 0xff, 0x00, 0xff, 0xff, 0xff, 0x00, 0xff, 0xff, 0xff, 0x00, 0xff, 0xff, 0xff, 0x00,
    0xff, 0xff, 0xff, 0x00, 0xff, 0xff, 0xff, 0x00, 0xff, 0xff, 0xff, 0x00, 0xff, 0xff, 0xff, 0x00,
    0x03, 0x03, 0x03, 0x00, 0x0f, 0x0f, 0x0f, 0x00, 0x24, 0x24, 0x24, 0x00, 0x40, 0x40, 0x40, 0x00,
    0x5f, 0x5f, 0x5f, 0x00, 0x7e, 0x7e, 0x7e, 0x00, 0x9b, 0x9b, 0x9b, 0x00, 0xb4, 0xb4, 0xb4, 0x00,
    0xc8, 0xc8, 0xc8, 0x00, 0xd7, 0xd7, 0xd7, 0x00, 0xe2, 0xe2, 0xe2, 0x00, 0xea, 0xea, 0xea, 0x00,
    0xf0, 0xf0, 0xf0, 0x00, 0xf4, 0xf4, 0xf4, 0x00, 0xf6, 0xf6, 0xf6, 0x00, 0xf8, 0xf8, 0xf8, 0x00,
    0xf9, 0xf9, 0xf9, 0x00, 0xf9, 0xf9, 0xf9, 0x00, 0xf9, 0xf9, 0xf9, 0x00, 0xf9, 0xf9, 0xf9, 0x00,
    0xf9, 0xf9, 0xf9, 0x00, 0xf9, 0xf9, 0xf9, 0x00, 0xf9, 0xf9, 0xf9, 0x00, 0xf9, 0xf9, 0xf9, 0x00,
    0xff, 0xff, 0xff, 0x00, 0xff, 0xff, 0xff, 0x00, 0xff, 0xff, 0xff, 0x00, 0xff, 0xff, 0xff, 0x00,
    0xff, 0xff, 0xff, 0x00, 0xff, 0xff, 0xff, 0x00, 0xff, 0xff, 0xff, 0x00, 0xff, 0xff, 0xff, 0x00,
    0xff, 0xff, 0xff, 0x00, 0xff, 0xff, 0xff, 0x00, 0xff, 0xff, 0xff, 0x00, 0xff, 0xff, 0xff, 0x00,
    0xff, 0xff, 0xff, 0x00, 0xff, 0xff, 0xff, 0x00, 0xff, 0xff, 0xff, 0x00, 0xff, 0xff, 0xff, 0x00,
    0xff, 0xff, 0xff, 0x00, 0xff, 0xff, 0xff, 0x00, 0xff, 0xff, 0xff, 0x00, 0xff, 0xff, 0xff, 0x00,
    0xff, 0xff, 0xff, 0x00, 0xff, 0xff, 0xff, 0x00, 0xff, 0xff, 0xff, 0x00, 0xff, 0xff, 0xff, 0x00,
    0xff, 0xff, 0xff, 0x00, 0xff, 0xff, 0xff, 0x00, 0xff, 0xff, 0xff, 0x00, 0xff, 0xff, 0xff, 0x00,
    0xff, 0xff, 0xff, 0x00, 0xff, 0xff, 0xff, 0x00, 0xff, 0xff, 0xff, 0x00, 0xff, 0xff, 0xff, 0x00,
    0xff, 0xff, 0xff, 0x00, 0xff, 0xff, 0xff, 0x00, 0xff, 0xff, 0xff, 0x00, 0xff, 0xff, 0xff, 0x00,
    0xff, 0xff, 0xff, 0x00, 0xff, 0xff, 0xff, 0x00, 0xff, 0xff, 0xff, 0x00, 0xff, 0xff, 0xff, 0x00,
    0xff, 0xff, 0xff, 0x00, 0xff, 0xff, 0xff, 0x00, 0xff, 0xff, 0xff, 0x00, 0xff, 0xff, 0xff, 0x00,
    0xff, 0xff, 0xff, 0x00, 0xff, 0xff, 0xff, 0x00, 0xff, 0xff, 0xff, 0x00, 0xff, 0xff, 0xff, 0x00,
    0xff, 0xff, 0xff, 0x8d, 0xff, 0xff, 0xff, 0xe1, 0xff, 0xff, 0xff, 0xe1, 0xff, 0xff, 0xff, 0xe1,
    0xff, 0xff, 0xff, 0xe1, 0xff, 0xff, 0xff, 0xe1, 0xff, 0xff, 0xff, 0xe1, 0xff, 0xff, 0xff, 0xe2,
    0xff, 0xff, 0xff, 0xe1, 0xff, 0xff, 0xff, 0xe1, 0xff, 0xff, 0xff, 0xe1, 0xff, 0xff, 0xff, 0xe2,
    0xff, 0xff, 0xff, 0xe1, 0xff, 0xff, 0xff, 0xe1, 0xff, 0xff, 0xff, 0xe1, 0xff, 0xff, 0xff, 0xe1,
    0xff, 0xff, 0xff, 0xe1, 0xff, 0xff, 0xff, 0xe1, 0xff, 0xff, 0xff, 0xe1, 0xff, 0xff, 0xff, 0xe1,
    0xff, 0xff, 0xff, 0xe2, 0xff, 0xff, 0xff, 0x54, 0xff, 0xff, 0xff, 0x00, 0xff, 0xff, 0xff, 0x00,
    0xff, 0xff, 0xff, 0x00, 0xff, 0xff, 0xff, 0x00, 0xff, 0xff, 0xff, 0x00, 0xff, 0xff, 0xff, 0x00,
    0xff, 0xff, 0xff, 0x00, 0xff, 0xff, 0xff, 0x00, 0xff, 0xff, 0xff, 0x00, 0xff, 0xff, 0xff, 0x00,
    0xff, 0xff, 0xff, 0x00, 0xff, 0xff, 0xff, 0x00, 0xff, 0xff, 0xff, 0x00, 0xff, 0xff, 0xff, 0x00,
    0xff, 0xff, 0xff, 0x00, 0xff, 0xff, 0xff, 0x00, 0xff, 0xff, 0xff, 0x00, 0xff, 0xff, 0xff, 0x00,
    0xff, 0xff, 0xff, 0x00, 0xff, 0xff, 0xff, 0x00, 0xff, 0xff, 0xff, 0x00, 0xff, 0xff, 0xff, 0x00,
    0xff, 0xff, 0xff, 0x00, 0xff, 0xff, 0xff, 0x00, 0x03, 0x03, 0x03, 0x00, 0x0f, 0x0f, 0x0f, 0x00,
    0x24, 0x24, 0x24, 0x00, 0x40, 0x40, 0x40, 0x00, 0x5f, 0x5f, 0x5f, 0x00, 0x7e, 0x7e, 0x7e, 0x00,
    0x9b, 0x9b, 0x9b, 0x00, 0xb4, 0xb4, 0xb4, 0x00, 0xc8, 0xc8, 0xc8, 0x00, 0xd7, 0xd7, 0xd7, 0x00,
    0xe2, 0xe2, 0xe2, 0x00, 0xea, 0xea, 0xea, 0x00, 0xf0, 0xf0, 0xf0, 0x00, 0xf4, 0xf4, 0xf4, 0x00,
    0xf6, 0xf6, 0xf6, 0x00, 0xf8, 0xf8, 0xf8, 0x00, 0xf9, 0xf9, 0xf9, 0x00, 0xf9, 0xf9, 0xf9, 0x00,
    0xf9, 0xf9, 0xf9, 0x00, 0xf9, 0xf9, 0xf9, 0x00, 0xf9, 0xf9, 0xf9, 0x00, 0xf9, 0xf9, 0xf9, 0x00,
    0xf9, 0xf9, 0xf9, 0x00, 0xf9, 0xf9, 0xf9, 0x00, 0xff, 0xff, 0xff, 0x00, 0xff, 0xff, 0xff, 0x00,
    0xff, 0xff, 0xff, 0x00, 0xff, 0xff, 0xff, 0x00, 0xff, 0xff, 0xff, 0x00, 0xff, 0xff, 0xff, 0x00,
    0xff, 0xff, 0xff, 0x00, 0xff, 0xff, 0xff, 0x00, 0xff, 0xff, 0xff, 0x00, 0xff, 0xff, 0xff, 0x00,
    0xff, 0xff, 0xff, 0x00, 0xff, 0xff, 0xff, 0x00, 0xff, 0xff, 0xff, 0x00, 0xff, 0xff, 0xff, 0x00,
    0xff, 0xff, 0xff, 0x00, 0xff, 0xff, 0xff, 0x00, 0xff, 0xff, 0xff, 0x00, 0xff, 0xff, 0xff, 0x00,
    0xff, 0xff, 0xff, 0x00, 0xff, 0xff, 0xff, 0x00, 0xff, 0xff, 0xff, 0x00, 0xff, 0xff, 0xff, 0x00,
    0xff, 0xff, 0xff, 0x00, 0xff, 0xff, 0xff, 0x00, 0xff, 0xff, 0xff, 0x00, 0xff, 0xff, 0xff, 0x00,
    0xff, 0xff, 0xff, 0x00, 0xff, 0xff, 0xff, 0x00, 0xff, 0xff, 0xff, 0x00, 0xff, 0xff, 0xff, 0x00,
    0xff, 0xff, 0xff, 0x00, 0xff, 0xff, 0xff, 0x00, 0xff, 0xff, 0xff, 0x00, 0xff, 0xff, 0xff, 0x00,
    0xff, 0xff, 0xff, 0x00, 0xff, 0xff, 0xff, 0x00, 0xff, 0xff, 0xff, 0x00, 0xff, 0xff, 0xff, 0x00,
    0xff, 0xff, 0xff, 0x00, 0xff, 0xff, 0xff, 0x00, 0xff, 0xff, 0xff, 0x00, 0xff, 0xff, 0xff, 0x00,
    0xff, 0xff, 0xff, 0x00, 0xff, 0xff, 0xff, 0x00, 0xff, 0xff, 0xff, 0x00, 0xff, 0xff, 0xff, 0x00,
    0xff, 0xff, 0xff, 0x00, 0xff, 0xff, 0xff, 0x00, 0xff, 0xff, 0xff, 0x8a, 0xff, 0xff, 0xff, 0xde,
    0xff, 0xff, 0xff, 0xde, 0xff, 0xff, 0xff, 0xde, 0xff, 0xff, 0xff, 0xde, 0xff, 0xff, 0xff, 0xdd,
    0xff, 0xff, 0xff, 0xdd, 0xff, 0xff, 0xff, 0xdd, 0xff, 0xff, 0xff, 0xde, 0xff, 0xff, 0xff, 0xdd,
    0xff, 0xff, 0xff, 0xde, 0xff, 0xff, 0xff, 0xde, 0xff, 0xff, 0xff, 0xdd, 0xff, 0xff, 0xff, 0xde,
    0xff, 0xff, 0xff, 0xdd, 0xff, 0xff, 0xff, 0xdd, 0xff, 0xff, 0xff, 0xde, 0xff, 0xff, 0xff, 0xde,
    0xff, 0xff, 0xff, 0xdd, 0xff, 0xff, 0xff, 0xde, 0xff, 0xff, 0xff, 0xde, 0xff, 0xff, 0xff, 0x53,
    0xff, 0xff, 0xff, 0x00, 0xff, 0xff, 0xff, 0x00, 0xff, 0xff, 0xff, 0x00, 0xff, 0xff, 0xff, 0x00,
    0xff, 0xff, 0xff, 0x00, 0xff, 0xff, 0xff, 0x00, 0xff, 0xff, 0xff, 0x00, 0xff, 0xff, 0xff, 0x00,
    0xff, 0xff, 0xff, 0x00, 0xff, 0xff, 0xff, 0x00, 0xff, 0xff, 0xff, 0x00, 0xff, 0xff, 0xff, 0x00,
    0xff, 0xff, 0xff, 0x00, 0xff, 0xff, 0xff, 0x00, 0xff, 0xff, 0xff, 0x00, 0xff, 0xff, 0xff, 0x00,
    0xff, 0xff, 0xff, 0x00, 0xff, 0xff, 0xff, 0x00, 0xff, 0xff, 0xff, 0x00, 0xff, 0xff, 0xff, 0x00,
    0xff, 0xff, 0xff, 0x00, 0xff, 0xff, 0xff, 0x00, 0xff, 0xff, 0xff, 0x00, 0xff, 0xff, 0xff, 0x00,
    0x03, 0x03, 0x03, 0x00, 0x0f, 0x0f, 0x0f, 0x00, 0x24, 0x24, 0x24, 0x00, 0x40, 0x40, 0x40, 0x00,
    0x5f, 0x5f, 0x5f, 0x00, 0x7e, 0x7e, 0x7e, 0x00, 0x9b, 0x9b, 0x9b, 0x00, 0xb4, 0xb4, 0xb4, 0x00,
    0xc8, 0xc8, 0xc8, 0x00, 0xd7, 0xd7, 0xd7, 0x00, 0xe2, 0xe2, 0xe2, 0x00, 0xea, 0xea, 0xea, 0x00,
    0xf0, 0xf0, 0xf0, 0x00, 0xf4, 0xf4, 0xf4, 0x00, 0xf6, 0xf6, 0xf6, 0x00, 0xf8, 0xf8, 0xf8, 0x00,
    0xf9, 0xf9, 0xf9, 0x00, 0xf9, 0xf9, 0xf9, 0x00, 0xf9, 0xf9, 0xf9, 0x00, 0xf9, 0xf9, 0xf9, 0x00,
    0xf9, 0xf9, 0xf9, 0x00, 0xf9, 0xf9, 0xf9, 0x00, 0xf9, 0xf9, 0xf9, 0x00, 0xf9, 0xf9, 0xf9, 0x00,
    0xff, 0xff, 0xff, 0x00, 0xff, 0xff, 0xff, 0x00, 0xff, 0xff, 0xff, 0x00, 0xff, 0xff, 0xff, 0x00,
    0xff, 0xff, 0xff, 0x00, 0xff, 0xff, 0xff, 0x00, 0xff, 0xff, 0xff, 0x00, 0xff, 0xff, 0xff, 0x00,
    0xff, 0xff, 0xff, 0x00, 0xff, 0xff, 0xff, 0x00, 0xff, 0xff, 0xff, 0x00, 0xff, 0xff, 0xff, 0x00,
    0xff, 0xff, 0xff, 0x00, 0xff, 0xff, 0xff, 0x00, 0xff, 0xff, 0xff, 0x00, 0xff, 0xff, 0xff, 0x00,
    0xff, 0xff, 0xff, 0x00, 0xff, 0xff, 0xff, 0x00, 0xff, 0xff, 0xff, 0x00, 0xff, 0xff, 0xff, 0x00,
    0xff, 0xff, 0xff, 0x00, 0xff, 0xff, 0xff, 0x00, 0xff, 0xff, 0xff, 0x00, 0xff, 0xff, 0xff, 0x00,
    0xff, 0xff, 0xff, 0x00, 0xff, 0xff, 0xff, 0x00, 0xff, 0xff, 0xff, 0x00, 0xff, 0xff, 0xff, 0x00,
    0xff, 0xff, 0xff, 0x00, 0xff, 0xff, 0xff, 0x00, 0xff, 0xff, 0xff, 0x00, 0xff, 0xff, 0xff, 0x00,
    0xff, 0xff, 0xff, 0x00, 0xff, 0xff, 0xff, 0x00, 0xff, 0xff, 0xff, 0x00, 0xff, 0xff, 0xff, 0x00,
    0xff, 0xff, 0xff, 0x00, 0xff, 0xff, 0xff, 0x00, 0xff, 0xff, 0xff, 0x00, 0xff, 0xff, 0xff, 0x00,
    0xff, 0xff, 0xff, 0x00, 0xff, 0xff, 0xff, 0x00, 0xff, 0xff, 0xff, 0x00, 0xff, 0xff, 0xff, 0x00,
    0xff, 0xff, 0xff, 0x00, 0xff, 0xff, 0xff, 0x00, 0xff, 0xff, 0xff, 0x00, 0xff, 0xff, 0xff, 0x00,
    0xff, 0xff, 0xff, 0x88, 0xff, 0xff, 0xff, 0xda, 0xff, 0xff, 0xff, 0xda, 0xff, 0xff, 0xff, 0xd9,
    0xff, 0xff, 0xff, 0xda, 0xff, 0xff, 0xff, 0xda, 0xff, 0xff, 0xff, 0xda, 0xff, 0xff, 0xff, 0xda,
    0xff, 0xff, 0xff, 0xda, 0xff, 0xff, 0xff, 0xda, 0xff, 0xff, 0xff, 0xda, 0xff, 0xff, 0xff, 0xda,
    0xff, 0xff, 0xff, 0xda, 0xff, 0xff, 0xff, 0xda, 0xff, 0xff, 0xff, 0xda, 0xff, 0xff, 0xff, 0xda,
    0xff, 0xff, 0xff, 0xda, 0xff, 0xff, 0xff, 0xd9, 0xff, 0xff, 0xff, 0xda, 0xff, 0xff, 0xff, 0xda,
    0xff, 0xff, 0xff, 0xda, 0xff, 0xff, 0xff, 0x52, 0xff, 0xff, 0xff, 0x00, 0xff, 0xff, 0xff, 0x00,
    0xff, 0xff, 0xff, 0x00, 0xff, 0xff, 0xff, 0x00, 0xff, 0xff, 0xff, 0x00, 0xff, 0xff, 0xff, 0x00,
    0xff, 0xff, 0xff, 0x00, 0xff, 0xff, 0xff, 0x00, 0xff, 0xff, 0xff, 0x00, 0xff, 0xff, 0xff, 0x00,
    0xff, 0xff, 0xff, 0x00, 0xff, 0xff, 0xff, 0x00, 0xff, 0xff, 0xff, 0x00, 0xff, 0xff, 0xff, 0x00,
    0xff, 0xff, 0xff, 0x00, 0xff, 0xff, 0xff, 0x00, 0xff, 0xff, 0xff, 0x00, 0xff, 0xff, 0xff, 0x00,
    0xff, 0xff, 0xff, 0x00, 0xff, 0xff, 0xff, 0x00, 0xff, 0xff, 0xff, 0x00, 0xff, 0xff, 0xff, 0x00,
    0xff, 0xff, 0xff, 0x00, 0xff, 0xff, 0xff, 0x00, 0x03, 0x03, 0x03, 0x00, 0x0f, 0x0f, 0x0f, 0x00,
    0x24, 0x24, 0x24, 0x00, 0x40, 0x40, 0x40, 0x00, 0x5f, 0x5f, 0x5f, 0x00, 0x7e, 0x7e, 0x7e, 0x00,
    0x9b, 0x9b, 0x9b, 0x00, 0xb4, 0xb4, 0xb4, 0x00, 0xc8, 0xc8, 0xc8, 0x00, 0xd7, 0xd7, 0xd7, 0x00,
    0xe2, 0xe2, 0xe2, 0x00, 0xea, 0xea, 0xea, 0x00, 0xf0, 0xf0, 0xf0, 0x00, 0xf4, 0xf4, 0xf4, 0x00,
    0xf6, 0xf6, 0xf6, 0x00, 0xf8, 0xf8, 0xf8, 0x00, 0xf9, 0xf9, 0xf9, 0x00, 0xf9, 0xf9, 0xf9, 0x00,
    0xf9, 0xf9, 0xf9, 0x00, 0xf9, 0xf9, 0xf9, 0x00, 0xf9, 0xf9, 0xf9, 0x00, 0xf9, 0xf9, 0xf9, 0x00,
    0xf9, 0xf9, 0xf9, 0x00, 0xf9, 0xf9, 0xf9, 0x00, 0xff, 0xff, 0xff, 0x00, 0xff, 0xff, 0xff, 0x00,
    0xff, 0xff, 0xff, 0x00, 0xff, 0xff, 0xff, 0x00, 0xff, 0xff, 0xff, 0x00, 0xff, 0xff, 0xff, 0x00,
    0xff, 0xff, 0xff, 0x00, 0xff, 0xff, 0xff, 0x00, 0xff, 0xff, 0xff, 0x00, 0xff, 0xff, 0xff, 0x00,
    0xff, 0xff, 0xff, 0x00, 0xff, 0xff, 0xff, 0x00, 0xff, 0xff, 0xff, 0x00, 0xff, 0xff, 0xff, 0x00,
    0xff, 0xff, 0xff, 0x00, 0xff, 0xff, 0xff, 0x00, 0xff, 0xff, 0xff, 0x00, 0xff, 0xff, 0xff, 0x00,
    0xff, 0xff, 0xff, 0x00, 0xff, 0xff, 0xff, 0x00, 0xff, 0xff, 0xff, 0x00, 0xff, 0xff, 0xff, 0x00,
    0xff, 0xff, 0xff, 0x00, 0xff, 0xff, 0xff, 0x00, 0xff, 0xff, 0xff, 0x00, 0xff, 0xff, 0xff, 0x00,
    0xff, 0xff, 0xff, 0x00, 0xff, 0xff, 0xff, 0x00, 0xff, 0xff, 0xff, 0x00, 0xff, 0xff, 0xff, 0x00,
    0xff, 0xff, 0xff, 0x00, 0xff, 0xff, 0xff, 0x00, 0xff, 0xff, 0xff, 0x00, 0xff, 0xff, 0xff, 0x00,
    0xff, 0xff, 0xff, 0x00, 0xff, 0xff, 0xff, 0x00, 0xff, 0xff, 0xff, 0x00, 0xff, 0xff, 0xff, 0x00,
    0xff, 0xff, 0xff, 0x00, 0xff, 0xff, 0xff, 0x00, 0xff, 0xff, 0xff, 0x00, 0xff, 0xff, 0xff, 0x00,
    0xff, 0xff, 0xff, 0x00, 0xff, 0xff, 0xff, 0x00, 0xff, 0xff, 0xff, 0x00, 0xff, 0xff, 0xff, 0x00,
    0xff, 0xff, 0xff, 0x00, 0xff, 0xff, 0xff, 0x00, 0xff, 0xff, 0xff, 0x86, 0xff, 0xff, 0xff, 0xd6,
    0xff, 0xff, 0xff, 0xd6, 0xff, 0xff, 0xff, 0xd6, 0xff, 0xff, 0xff, 0xd6, 0xff, 0xff, 0xff, 0xd6,
    0xff, 0xff, 0xff, 0xd6, 0xff, 0xff, 0xff, 0xd6, 0xff, 0xff, 0xff, 0xd6, 0xff, 0xff, 0xff, 0xd6,
    0xff, 0xff, 0xff, 0xd6, 0xff, 0xff, 0xff, 0xd6, 0xff, 0xff, 0xff, 0xd6, 0xff, 0xff, 0xff, 0xd6,
    0xff, 0xff, 0xff, 0xd6, 0xff, 0xff, 0xff, 0xd6, 0xff, 0xff, 0xff, 0xd6, 0xff, 0xff, 0xff, 0xd6,
    0xff, 0xff, 0xff, 0xd6, 0xff, 0xff, 0xff, 0xd6, 0xff, 0xff, 0xff, 0xd6, 0xff, 0xff, 0xff, 0x50,
    0xff, 0xff, 0xff, 0x00, 0xff, 0xff, 0xff, 0x00, 0xff, 0xff, 0xff, 0x00, 0xff, 0xff, 0xff, 0x00,
    0xff, 0xff, 0xff, 0x00, 0xff, 0xff, 0xff, 0x00, 0xff, 0xff, 0xff, 0x00, 0xff, 0xff, 0xff, 0x00,
    0xff, 0xff, 0xff, 0x00, 0xff, 0xff, 0xff, 0x00, 0xff, 0xff, 0xff, 0x00, 0xff, 0xff, 0xff, 0x00,
    0xff, 0xff, 0xff, 0x00, 0xff, 0xff, 0xff, 0x00, 0xff, 0xff, 0xff, 0x00, 0xff, 0xff, 0xff, 0x00,
    0xff, 0xff, 0xff, 0x00, 0xff, 0xff, 0xff, 0x00, 0xff, 0xff, 0xff, 0x00, 0xff, 0xff, 0xff, 0x00,
    0xff, 0xff, 0xff, 0x00, 0xff, 0xff, 0xff, 0x00, 0xff, 0xff, 0xff, 0x00, 0xff, 0xff, 0xff, 0x00,
    0x03, 0x03, 0x03, 0x00, 0x0f, 0x0f, 0x0f, 0x00, 0x24, 0x24, 0x24, 0x00, 0x40, 0x40, 0x40, 0x00,
    0x5f, 0x5f, 0x5f, 0x00, 0x7e, 0x7e, 0x7e, 0x00, 0x9b, 0x9b, 0x9b, 0x00, 0xb4, 0xb4, 0xb4, 0x00,
    0xc8, 0xc8, 0xc8, 0x00, 0xd7, 0xd7, 0xd7, 0x00, 0xe2, 0xe2, 0xe2, 0x00, 0xea, 0xea, 0xea, 0x00,
    0xf0, 0xf0, 0xf0, 0x00, 0xf4, 0xf4, 0xf4, 0x00, 0xf6, 0xf6, 0xf6, 0x00, 0xf8, 0xf8, 0xf8, 0x00,
    0xf9, 0xf9, 0xf9, 0x00, 0xf9, 0xf9, 0xf9, 0x00, 0xf9, 0xf9, 0xf9, 0x00, 0xf9, 0xf9, 0xf9, 0x00,
    0xf9, 0xf9, 0xf9, 0x00, 0xf9, 0xf9, 0xf9, 0x00, 0xf9, 0xf9, 0xf9, 0x00, 0xf9, 0xf9, 0xf9, 0x00,
    0xff, 0xff, 0xff, 0x00, 0xff, 0xff, 0xff, 0x00, 0xff, 0xff, 0xff, 0x00, 0xff, 0xff, 0xff, 0x00,
    0xff, 0xff, 0xff, 0x00, 0xff, 0xff, 0xff, 0x00, 0xff, 0xff, 0xff, 0x00, 0xff, 0xff, 0xff, 0x00,
    0xff, 0xff, 0xff, 0x00, 0xff, 0xff, 0xff, 0x00, 0xff, 0xff, 0xff, 0x00, 0xff, 0xff, 0xff, 0x00,
    0xff, 0xff, 0xff, 0x00, 0xff, 0xff, 0xff, 0x00, 0xff, 0xff, 0xff, 0x00, 0xff, 0xff, 0xff, 0x00,
    0xff, 0xff, 0xff, 0x00, 0xff, 0xff, 0xff, 0x00, 0xff, 0xff, 0xff, 0x00, 0xff, 0xff, 0xff, 0x00,
    0xff, 0xff, 0xff, 0x00, 0xff, 0xff, 0xff, 0x00, 0xff, 0xff, 0xff, 0x00, 0xff, 0xff, 0xff, 0x00,
    0xff, 0xff, 0xff, 0x00, 0xff, 0xff, 0xff, 0x00, 0xff, 0xff, 0xff, 0x00, 0xff, 0xff, 0xff, 0x00,
    0xff, 0xff, 0xff, 0x00, 0xff, 0xff, 0xff, 0x00, 0xff, 0xff, 0xff, 0x00, 0xff, 0xff, 0xff, 0x00,
    0xff, 0xff, 0xff, 0x00, 0xff, 0xff, 0xff, 0x00, 0xff, 0xff, 0xff, 0x00, 0xff, 0xff, 0xff, 0x00,
    0xff, 0xff, 0xff, 0x00, 0xff, 0xff, 0xff, 0x00, 0xff, 0xff, 0xff, 0x00, 0xff, 0xff, 0xff, 0x00,
    0xff, 0xff, 0xff, 0x00, 0xff, 0xff, 0xff, 0x00, 0xff, 0xff, 0xff, 0x00, 0xff, 0xff, 0xff, 0x00,
    0xff, 0xff, 0xff, 0x00, 0xff, 0xff, 0xff, 0x00, 0xff, 0xff, 0xff, 0x00, 0xff, 0xff, 0xff, 0x00,
    0xff, 0xff, 0xff, 0x83, 0xff, 0xff, 0xff, 0xd2, 0xff, 0xff, 0xff, 0xd2, 0xff, 0xff, 0xff, 0xd2,
    0xff, 0xff, 0xff, 0xd2, 0xff, 0xff, 0xff, 0xd2, 0xff, 0xff, 0xff, 0xd3, 0xff, 0xff, 0xff, 0xd2,
    0xff, 0xff, 0xff, 0xd2, 0xff, 0xff, 0xff, 0xd2, 0xff, 0xff, 0xff, 0xd2, 0xff, 0xff, 0xff, 0xd2,
    0xff, 0xff, 0xff, 0xd2, 0xff, 0xff, 0xff, 0xd2, 0xff, 0xff, 0xff, 0xd2, 0xff, 0xff, 0xff, 0xd2,
    0xff, 0xff, 0xff, 0xd3, 0xff, 0xff, 0xff, 0xd2, 0xff, 0xff, 0xff, 0xd2, 0xff, 0xff, 0xff, 0xd2,
    0xff, 0xff, 0xff, 0xd3, 0xff, 0xff, 0xff, 0x4f, 0xff, 0xff, 0xff, 0x00, 0xff, 0xff, 0xff, 0x00,
    0xff, 0xff, 0xff, 0x00, 0xff, 0xff, 0xff, 0x00, 0xff, 0xff, 0xff, 0x00, 0xff, 0xff, 0xff, 0x00,
    0xff, 0xff, 0xff, 0x00, 0xff, 0xff, 0xff, 0x00, 0xff, 0xff, 0xff, 0x00, 0xff, 0xff, 0xff, 0x00,
    0xff, 0xff, 0xff, 0x00, 0xff, 0xff, 0xff, 0x00, 0xff, 0xff, 0xff, 0x00, 0xff, 0xff, 0xff, 0x00,
    0xff, 0xff, 0xff, 0x00, 0xff, 0xff, 0xff, 0x00, 0xff, 0xff, 0xff, 0x00, 0xff, 0xff, 0xff, 0x00,
    0xff, 0xff, 0xff, 0x00, 0xff, 0xff, 0xff, 0x00, 0xff, 0xff, 0xff, 0x00, 0xff, 0xff, 0xff, 0x00,
    0xff, 0xff, 0xff, 0x00, 0xff, 0xff, 0xff, 0x00, 0x03, 0x03, 0x03, 0x00, 0x0f, 0x0f, 0x0f, 0x00,
    0x24, 0x24, 0x24, 0x00, 0x40, 0x40, 0x40, 0x00, 0x5f, 0x5f, 0x5f, 0x00, 0x7e, 0x7e, 0x7e, 0x00,
    0x9b, 0x9b, 0x9b, 0x00, 0xb4, 0xb4, 0xb4, 0x00, 0xc8, 0xc8, 0xc8, 0x00, 0xd7, 0xd7, 0xd7, 0x00,
    0xe2, 0xe2, 0xe2, 0x00, 0xea, 0xea, 0xea, 0x00, 0xf0, 0xf0, 0xf0, 0x00, 0xf4, 0xf4, 0xf4, 0x00,
    0xf6, 0xf6, 0xf6, 0x00, 0xf8, 0xf8, 0xf8, 0x00, 0xf9, 0xf9, 0xf9, 0x00, 0xf9, 0xf9, 0xf9, 0x00,
    0xf9, 0xf9, 0xf9, 0x00, 0xf9, 0xf9, 0xf9, 0x00, 0xf9, 0xf9, 0xf9, 0x00, 0xf9, 0xf9, 0xf9, 0x00,
    0xf9, 0xf9, 0xf9, 0x00, 0xf9, 0xf9, 0xf9, 0x00, 0xff, 0xff, 0xff, 0x00, 0xff, 0xff, 0xff, 0x00,
    0xff, 0xff, 0xff, 0x00, 0xff, 0xff, 0xff, 0x00, 0xff, 0xff, 0xff, 0x00, 0xff, 0xff, 0xff, 0x00,
    0xff, 0xff, 0xff, 0x00, 0xff, 0xff, 0xff, 0x00, 0xff, 0xff, 0xff, 0x00, 0xff, 0xff, 0xff, 0x00,
    0xff, 0xff, 0xff, 0x00, 0xff, 0xff, 0xff, 0x00, 0xff, 0xff, 0xff, 0x00, 0xff, 0xff, 0xff, 0x00,
    0xff, 0xff, 0xff, 0x00, 0xff, 0xff, 0xff, 0x00, 0xff, 0xff, 0xff, 0x00, 0xff, 0xff, 0xff, 0x00,
    0xff, 0xff, 0xff, 0x00, 0xff, 0xff, 0xff, 0x00, 0xff, 0xff, 0xff, 0x00, 0xff, 0xff, 0xff, 0x00,
    0xff, 0xff, 0xff, 0x00, 0xff, 0xff, 0xff, 0x00, 0xff, 0xff, 0xff, 0x00, 0xff, 0xff, 0xff, 0x00,
    0xff, 0xff, 0xff, 0x00, 0xff, 0xff, 0xff, 0x00, 0xff, 0xff, 0xff, 0x00, 0xff, 0xff, 0xff, 0x00,
    0xff, 0xff, 0xff, 0x00, 0xff, 0xff, 0xff, 0x00, 0xff, 0xff, 0xff, 0x00, 0xff, 0xff, 0xff, 0x00,
    0xff, 0xff, 0xff, 0x00, 0xff, 0xff, 0xff, 0x00, 0xff, 0xff, 0xff, 0x00, 0xff, 0xff, 0xff, 0x00,
    0xff, 0xff, 0xff, 0x00, 0xff, 0xff, 0xff, 0x00, 0xff, 0xff, 0xff, 0x00, 0xff, 0xff, 0xff, 0x00,
    0xff, 0xff, 0xff, 0x00, 0xff, 0xff, 0xff, 0x00, 0xff, 0xff, 0xff, 0x00, 0xff, 0xff, 0xff, 0x00,
    0xff, 0xff, 0xff, 0x00, 0xff, 0xff, 0xff, 0x00, 0xff, 0xff, 0xff, 0x81, 0xff, 0xff, 0xff, 0xce,
    0xff, 0xff, 0xff, 0xcf, 0xff, 0xff, 0xff, 0xcf, 0xff, 0xff, 0xff, 0xce, 0xff, 0xff, 0xff, 0xcf,
    0xff, 0xff, 0xff, 0xcf, 0xff, 0xff, 0xff, 0xcf, 0xff, 0xff, 0xff, 0xcf, 0xff, 0xff, 0xff, 0xce,
    0xff, 0xff, 0xff, 0xcf, 0xff, 0xff, 0xff, 0xce, 0xff, 0xff, 0xff, 0xce, 0xff, 0xff, 0xff, 0xce,
    0xff, 0xff, 0xff, 0xcf, 0xff, 0xff, 0xff, 0xcf, 0xff, 0xff, 0xff, 0xce, 0xff, 0xff, 0xff, 0xce,
    0xff, 0xff, 0xff, 0xcf, 0xff, 0xff, 0xff, 0xcf, 0xff, 0xff, 0xff, 0xcf, 0xff, 0xff, 0xff, 0x4d,
    0xff, 0xff, 0xff, 0x00, 0xff, 0xff, 0xff, 0x00, 0xff, 0xff, 0xff, 0x00, 0xff, 0xff, 0xff, 0x00,
    0xff, 0xff, 0xff, 0x00, 0xff, 0xff, 0xff, 0x00, 0xff, 0xff, 0xff, 0x00, 0xff, 0xff, 0xff, 0x00,
    0xff, 0xff, 0xff, 0x00, 0xff, 0xff, 0xff, 0x00, 0xff, 0xff, 0xff, 0x00, 0xff, 0xff, 0xff, 0x00,
    0xff, 0xff, 0xff, 0x00, 0xff, 0xff, 0xff, 0x00, 0xff, 0xff, 0xff, 0x00, 0xff, 0xff, 0xff, 0x00,
    0xff, 0xff, 0xff, 0x00, 0xff, 0xff, 0xff, 0x00, 0xff, 0xff, 0xff, 0x00, 0xff, 0xff, 0xff, 0x00,
    0xff, 0xff, 0xff, 0x00, 0xff, 0xff, 0xff, 0x00, 0xff, 0xff, 0xff, 0x00, 0xff, 0xff, 0xff, 0x00,
    0x03, 0x03, 0x03, 0x00, 0x0f, 0x0f, 0x0f, 0x00, 0x24, 0x24, 0x24, 0x00, 0x40, 0x40, 0x40, 0x00,
    0x5f, 0x5f, 0x5f, 0x00, 0x7e, 0x7e, 0x7e, 0x00, 0x9b, 0x9b, 0x9b, 0x00, 0xb4, 0xb4, 0xb4, 0x00,
    0xc8, 0xc8, 0xc8, 0x00, 0xd7, 0xd7, 0xd7, 0x00, 0xe2, 0xe2, 0xe2, 0x00, 0xea, 0xea, 0xea, 0x00,
    0xf0, 0xf0, 0xf0, 0x00, 0xf4, 0xf4, 0xf4, 0x00, 0xf6, 0xf6, 0xf6, 0x00, 0xf8, 0xf8, 0xf8, 0x00,
    0xf9, 0xf9, 0xf9, 0x00, 0xf9, 0xf9, 0xf9, 0x00, 0xf9, 0xf9, 0xf9, 0x00, 0xf9, 0xf9, 0xf9, 0x00,
    0xf9, 0xf9, 0xf9, 0x00, 0xf9, 0xf9, 0xf9, 0x00, 0xf9, 0xf9, 0xf9, 0x00, 0xf9, 0xf9, 0xf9, 0x00,
    0xff, 0xff, 0xff, 0x00, 0xff, 0xff, 0xff, 0x00, 0xff, 0xff, 0xff, 0x00, 0xff, 0xff, 0xff, 0x00,
    0xff, 0xff, 0xff, 0x00, 0xff, 0xff, 0xff, 0x00, 0xff, 0xff, 0xff, 0x00, 0xff, 0xff, 0xff, 0x00,
    0xff, 0xff, 0xff, 0x00, 0xff, 0xff, 0xff, 0x00, 0xff, 0xff, 0xff, 0x00, 0xff, 0xff, 0xff, 0x00,
    0xff, 0xff, 0xff, 0x00, 0xff, 0xff, 0xff, 0x00, 0xff, 0xff, 0xff, 0x00, 0xff, 0xff, 0xff, 0x00,
    0xff, 0xff, 0xff, 0x00, 0xff, 0xff, 0xff, 0x00, 0xff, 0xff, 0xff, 0x00, 0xff, 0xff, 0xff, 0x00,
    0xff, 0xff, 0xff, 0x00, 0xff, 0xff, 0xff, 0x00, 0xff, 0xff, 0xff, 0x00, 0xff, 0xff, 0xff, 0x00,
    0xff, 0xff, 0xff, 0x00, 0xff, 0xff, 0xff, 0x00, 0xff, 0xff, 0xff, 0x00, 0xff, 0xff, 0xff, 0x00,
    0xff, 0xff, 0xff, 0x00, 0xff, 0xff, 0xff, 0x00, 0xff, 0xff, 0xff, 0x00, 0xff, 0xff, 0xff, 0x00,
    0xff, 0xff, 0xff, 0x00, 0xff, 0xff, 0xff, 0x00, 0xff, 0xff, 0xff, 0x00, 0xff, 0xff, 0xff, 0x00,
    0xff, 0xff, 0xff, 0x00, 0xff, 0xff, 0xff, 0x00, 0xff, 0xff, 0xff, 0x00, 0xff, 0xff, 0xff, 0x00,
    0xff, 0xff, 0xff, 0x00, 0xff, 0xff, 0xff, 0x00, 0xff, 0xff, 0xff, 0x00, 0xff, 0xff, 0xff, 0x00,
    0xff, 0xff, 0xff, 0x00, 0xff, 0xff, 0xff, 0x00, 0xff, 0xff, 0xff, 0x00, 0xff, 0xff, 0xff, 0x00,
    0xff, 0xff, 0xff, 0x7f, 0xff, 0xff, 0xff, 0xcb, 0xff, 0xff, 0xff, 0xcb, 0xff, 0xff, 0xff, 0xcb,
    0xff, 0xff, 0xff, 0xcb, 0xff, 0xff, 0xff, 0xcb, 0xff, 0xff, 0xff, 0xcb, 0xff, 0xff, 0xff, 0xcb,
    0xff, 0xff, 0xff, 0xcb, 0xff, 0xff, 0xff, 0xcb, 0xff, 0xff, 0xff, 0xcb, 0xff, 0xff, 0xff, 0xcb,
    0xff, 0xff, 0xff, 0xcb, 0xff, 0xff, 0xff, 0xcb, 0xff, 0xff, 0xff, 0xcb, 0xff, 0xff, 0xff, 0xcb,
    0xff, 0xff, 0xff, 0xcb, 0xff, 0xff, 0xff, 0xcb, 0xff, 0xff, 0xff, 0xcb, 0xff, 0xff, 0xff, 0xcb,
    0xff, 0xff, 0xff, 0xcb, 0xff, 0xff, 0xff, 0x4c, 0xff, 0xff, 0xff, 0x00, 0xff, 0xff, 0xff, 0x00,
    0xff, 0xff, 0xff, 0x00, 0xff, 0xff, 0xff, 0x00, 0xff, 0xff, 0xff, 0x00, 0xff, 0xff, 0xff, 0x00,
    0xff, 0xff, 0xff, 0x00, 0xff, 0xff, 0xff, 0x00, 0xff, 0xff, 0xff, 0x00, 0xff, 0xff, 0xff, 0x00,
    0xff, 0xff, 0xff, 0x00, 0xff, 0xff, 0xff, 0x00, 0xff, 0xff, 0xff, 0x00, 0xff, 0xff, 0xff, 0x00,
    0xff, 0xff, 0xff, 0x00, 0xff, 0xff, 0xff, 0x00, 0xff, 0xff, 0xff, 0x00, 0xff, 0xff, 0xff, 0x00,
    0xff, 0xff, 0xff, 0x00, 0xff, 0xff, 0xff, 0x00, 0xff, 0xff, 0xff, 0x00, 0xff, 0xff, 0xff, 0x00,
    0xff, 0xff, 0xff, 0x00, 0xff, 0xff, 0xff, 0x00, 0x03, 0x03, 0x03, 0x00, 0x0f, 0x0f, 0x0f, 0x00,
    0x24, 0x24, 0x24, 0x00, 0x40, 0x40, 0x40, 0x00, 0x5f, 0x5f, 0x5f, 0x00, 0x7e, 0x7e, 0x7e, 0x00,
    0x9b, 0x9b, 0x9b, 0x00, 0xb4, 0xb4, 0xb4, 0x00, 0xc8, 0xc8, 0xc8, 0x00, 0xd7, 0xd7, 0xd7, 0x00,
    0xe2, 0xe2, 0xe2, 0x00, 0xea, 0xea, 0xea, 0x00, 0xf0, 0xf0, 0xf0, 0x00, 0xf4, 0xf4, 0xf4, 0x00,
    0xf6, 0xf6, 0xf6, 0x00, 0xf8, 0xf8, 0xf8, 0x00, 0xf9, 0xf9, 0xf9, 0x00, 0xf9, 0xf9, 0xf9, 0x00,
    0xf9, 0xf9, 0xf9, 0x00, 0xf9, 0xf9, 0xf9, 0x00, 0xf9, 0xf9, 0xf9, 0x00, 0xf9, 0xf9, 0xf9, 0x00,
    0xf9, 0xf9, 0xf9, 0x00, 0xf9, 0xf9, 0xf9, 0x00, 0xff, 0xff, 0xff, 0x00, 0xff, 0xff, 0xff, 0x00,
    0xff, 0xff, 0xff, 0x00, 0xff, 0xff, 0xff, 0x00, 0xff, 0xff, 0xff, 0x00, 0xff, 0xff, 0xff, 0x00,
    0xff, 0xff, 0xff, 0x00, 0xff, 0xff, 0xff, 0x00, 0xff, 0xff, 0xff, 0x00, 0xff, 0xff, 0xff, 0x00,
    0xff, 0xff, 0xff, 0x00, 0xff, 0xff, 0xff, 0x00, 0xff, 0xff, 0xff, 0x00, 0xff, 0xff, 0xff, 0x00,
    0xff, 0xff, 0xff, 0x00, 0xff, 0xff, 0xff, 0x00, 0xff, 0xff, 0xff, 0x00, 0xff, 0xff, 0xff, 0x00,
    0xff, 0xff, 0xff, 0x00, 0xff, 0xff, 0xff, 0x00, 0xff, 0xff, 0xff, 0x00, 0xff, 0xff, 0xff, 0x00,
    0xff, 0xff, 0xff, 0x00, 0xff, 0xff, 0xff, 0x00, 0xff, 0xff, 0xff, 0x00, 0xff, 0xff, 0xff, 0x00,
    0xff, 0xff, 0xff, 0x00, 0xff, 0xff, 0xff, 0x00, 0xff, 0xff, 0xff, 0x00, 0xff, 0xff, 0xff, 0x00,
    0xff, 0xff, 0xff, 0x00, 0xff, 0xff, 0xff, 0x00, 0xff, 0xff, 0xff, 0x00, 0xff, 0xff, 0xff, 0x00,
    0xff, 0xff, 0xff, 0x00, 0xff, 0xff, 0xff, 0x00, 0xff, 0xff, 0xff, 0x00, 0xff, 0xff, 0xff, 0x00,
    0xff, 0xff, 0xff, 0x00, 0xff, 0xff, 0xff, 0x00, 0xff, 0xff, 0xff, 0x00, 0xff, 0xff, 0xff, 0x00,
    0xff, 0xff, 0xff, 0x00, 0xff, 0xff, 0xff, 0x00, 0xff, 0xff, 0xff, 0x00, 0xff, 0xff, 0xff, 0x00,
    0xff, 0xff, 0xff, 0x00, 0xff, 0xff, 0xff, 0x00, 0xff, 0xff, 0xff, 0x7d, 0xff, 0xff, 0xff, 0xc7,
    0xff, 0xff, 0xff, 0xc7, 0xff, 0xff, 0xff, 0xc8, 0xff, 0xff, 0xff, 0xc8, 0xff, 0xff, 0xff, 0xc7,
    0xff, 0xff, 0xff, 0xc7, 0xff, 0xff, 0xff, 0xc7, 0xff, 0xff, 0xff, 0xc7, 0xff, 0xff, 0xff, 0xc7,
    0xff, 0xff, 0xff, 0xc7, 0xff, 0xff, 0xff, 0xc8, 0xff, 0xff, 0xff, 0xc7, 0xff, 0xff, 0xff, 0xc7,
    0xff, 0xff, 0xff, 0xc7, 0xff, 0xff, 0xff, 0xc7, 0xff, 0xff, 0xff, 0xc7, 0xff, 0xff, 0xff, 0xc8,
    0xff, 0xff, 0xff, 0xc7, 0xff, 0xff, 0xff, 0xc7, 0xff, 0xff, 0xff, 0xc7, 0xff, 0xff, 0xff, 0x4b,
    0xff, 0xff, 0xff, 0x00, 0xff, 0xff, 0xff, 0x00, 0xff, 0xff, 0xff, 0x00, 0xff, 0xff, 0xff, 0x00,
    0xff, 0xff, 0xff, 0x00, 0xff, 0xff, 0xff, 0x00, 0xff, 0xff, 0xff, 0x00, 0xff, 0xff, 0xff, 0x00,
    0xff, 0xff, 0xff, 0x00, 0xff, 0xff, 0xff, 0x00, 0xff, 0xff, 0xff, 0x00, 0xff, 0xff, 0xff, 0x00,
    0xff, 0xff, 0xff, 0x00, 0xff, 0xff, 0xff, 0x00, 0xff, 0xff, 0xff, 0x00, 0xff, 0xff, 0xff, 0x00,
    0xff, 0xff, 0xff, 0x00, 0xff, 0xff, 0xff, 0x00, 0xff, 0xff, 0xff, 0x00, 0xff, 0xff, 0xff, 0x00,
    0xff, 0xff, 0xff, 0x00, 0xff, 0xff, 0xff, 0x00, 0xff, 0xff, 0xff, 0x00, 0xff, 0xff, 0xff, 0x00,
    0x03, 0x03, 0x03, 0x00, 0x0f, 0x0f, 0x0f, 0x00, 0x24, 0x24, 0x24, 0x00, 0x40, 0x40, 0x40, 0x00,
    0x5f, 0x5f, 0x5f, 0x00, 0x7e, 0x7e, 0x7e, 0x00, 0x9b, 0x9b, 0x9b, 0x00, 0xb4, 0xb4, 0xb4, 0x00,
    0xc8, 0xc8, 0xc8, 0x00, 0xd7, 0xd7, 0xd7, 0x00, 0xe2, 0xe2, 0xe2, 0x00, 0xea, 0xea, 0xea, 0x00,
    0xf0, 0xf0, 0xf0, 0x00, 0xf4, 0xf4, 0xf4, 0x00, 0xf6, 0xf6, 0xf6, 0x00, 0xf8, 0xf8, 0xf8, 0x00,
    0xf9, 0xf9, 0xf9, 0x00, 0xf9, 0xf9, 0xf9, 0x00, 0xf9, 0xf9, 0xf9, 0x00, 0xf9, 0xf9, 0xf9, 0x00,
    0xf9, 0xf9, 0xf9, 0x00, 0xf9, 0xf9, 0xf9, 0x00, 0xf9, 0xf9, 0xf9, 0x00, 0xf9, 0xf9, 0xf9, 0x00,
    0xff, 0xff, 0xff, 0x00, 0xff, 0xff, 0xff, 0x00, 0xff, 0xff, 0xff, 0x00, 0xff, 0xff, 0xff, 0x00,
    0xff, 0xff, 0xff, 0x00, 0xff, 0xff, 0xff, 0x00, 0xff, 0xff, 0xff, 0x00, 0xff, 0xff, 0xff, 0x00,
    0xff, 0xff, 0xff, 0x00, 0xff, 0xff, 0xff, 0x00, 0xff, 0xff, 0xff, 0x00, 0xff, 0xff, 0xff, 0x00,
    0xff, 0xff, 0xff, 0x00, 0xff, 0xff, 0xff, 0x00, 0xff, 0xff, 0xff, 0x00, 0xff, 0xff, 0xff, 0x00,
    0xff, 0xff, 0xff, 0x00, 0xff, 0xff, 0xff, 0x00, 0xff, 0xff, 0xff, 0x00, 0xff, 0xff, 0xff, 0x00,
    0xff, 0xff, 0xff, 0x00, 0xff, 0xff, 0xff, 0x00, 0xff, 0xff, 0xff, 0x00, 0xff, 0xff, 0xff, 0x00,
    0xff, 0xff, 0xff, 0x00, 0xff, 0xff, 0xff, 0x00, 0xff, 0xff, 0xff, 0x00, 0xff, 0xff, 0xff, 0x00,
    0xff, 0xff, 0xff, 0x00, 0xff, 0xff, 0xff, 0x00, 0xff, 0xff, 0xff, 0x00, 0xff, 0xff, 0xff, 0x00,
    0xff, 0xff, 0xff, 0x00, 0xff, 0xff, 0xff, 0x00, 0xff, 0xff, 0xff, 0x00, 0xff, 0xff, 0xff, 0x00,
    0xff, 0xff, 0xff, 0x00, 0xff, 0xff, 0xff, 0x00, 0xff, 0xff, 0xff, 0x00, 0xff, 0xff, 0xff, 0x00,
    0xff, 0xff, 0xff, 0x00, 0xff, 0xff, 0xff, 0x00, 0xff, 0xff, 0xff, 0x00, 0xff, 0xff, 0xff, 0x00,
    0xff, 0xff, 0xff, 0x00, 0xff, 0xff, 0xff, 0x00, 0xff, 0xff, 0xff, 0x00, 0xff, 0xff, 0xff, 0x00,
    0xff, 0xff, 0xff, 0x7a, 0xff, 0xff, 0xff, 0xc4, 0xff, 0xff, 0xff, 0xc4, 0xff, 0xff, 0xff, 0xc4,
    0xff, 0xff, 0xff, 0xc3, 0xff, 0xff, 0xff, 0xc4, 0xff, 0xff, 0xff, 0xc4, 0xff, 0xff, 0xff, 0xc4,
    0xff, 0xff, 0xff, 0xc4, 0xff, 0xff, 0xff, 0xc4, 0xff, 0xff, 0xff, 0xc3, 0xff, 0xff, 0xff, 0xc4,
    0xff, 0xff, 0xff, 0xc4, 0xff, 0xff, 0xff, 0xc3, 0xff, 0xff, 0xff, 0xc4, 0xff, 0xff, 0xff, 0xc3,
    0xff, 0xff, 0xff, 0xc4, 0xff, 0xff, 0xff, 0xc4, 0xff, 0xff, 0xff, 0xc4, 0xff, 0xff, 0xff, 0xc4,
    0xff, 0xff, 0xff, 0xc4, 0xff, 0xff, 0xff, 0x49, 0xff, 0xff, 0xff, 0x00, 0xff, 0xff, 0xff, 0x00,
    0xff, 0xff, 0xff, 0x00, 0xff, 0xff, 0xff, 0x00, 0xff, 0xff, 0xff, 0x00, 0xff, 0xff, 0xff, 0x00,
    0xff, 0xff, 0xff, 0x00, 0xff, 0xff, 0xff, 0x00, 0xff, 0xff, 0xff, 0x00, 0xff, 0xff, 0xff, 0x00,
    0xff, 0xff, 0xff, 0x00, 0xff, 0xff, 0xff, 0x00, 0xff, 0xff, 0xff, 0x00, 0xff, 0xff, 0xff, 0x00,
    0xff, 0xff, 0xff, 0x00, 0xff, 0xff, 0xff, 0x00, 0xff, 0xff, 0xff, 0x00, 0xff, 0xff, 0xff, 0x00,
    0xff, 0xff, 0xff, 0x00, 0xff, 0xff, 0xff, 0x00, 0xff, 0xff, 0xff, 0x00, 0xff, 0xff, 0xff, 0x00,
    0xff, 0xff, 0xff, 0x00, 0xff, 0xff, 0xff, 0x00, 0x03, 0x03, 0x03, 0x00, 0x0f, 0x0f, 0x0f, 0x00,
    0x24, 0x24, 0x24, 0x00, 0x40, 0x40, 0x40, 0x00, 0x5f, 0x5f, 0x5f, 0x00, 0x7e, 0x7e, 0x7e, 0x00,
    0x9b, 0x9b, 0x9b, 0x00, 0xb4, 0xb4, 0xb4, 0x00, 0xc8, 0xc8, 0xc8, 0x00, 0xd7, 0xd7, 0xd7, 0x00,
    0xe2, 0xe2, 0xe2, 0x00, 0xea, 0xea, 0xea, 0x00, 0xf0, 0xf0, 0xf0, 0x00, 0xf4, 0xf4, 0xf4, 0x00,
    0xf6, 0xf6, 0xf6, 0x00, 0xf8, 0xf8, 0xf8, 0x00, 0xf9, 0xf9, 0xf9, 0x00, 0xf9, 0xf9, 0xf9, 0x00,
    0xf9, 0xf9, 0xf9, 0x00, 0xf9, 0xf9, 0xf9, 0x00, 0xf9, 0xf9, 0xf9, 0x00, 0xf9, 0xf9, 0xf9, 0x00,
    0xf9, 0xf9, 0xf9, 0x00, 0xf9, 0xf9, 0xf9, 0x00, 0xff, 0xff, 0xff, 0x00, 0xff, 0xff, 0xff, 0x00,
    0xff, 0xff, 0xff, 0x00, 0xff, 0xff, 0xff, 0x00, 0xff, 0xff, 0xff, 0x00, 0xff, 0xff, 0xff, 0x00,
    0xff, 0xff, 0xff, 0x00, 0xff, 0xff, 0xff, 0x00, 0xff, 0xff, 0xff, 0x00, 0xff, 0xff, 0xff, 0x00,
    0xff, 0xff, 0xff, 0x00, 0xff, 0xff, 0xff, 0x00, 0xff, 0xff, 0xff, 0x00, 0xff, 0xff, 0xff, 0x00,
    0xff, 0xff, 0xff, 0x00, 0xff, 0xff, 0xff, 0x00, 0xff, 0xff, 0xff, 0x00, 0xff, 0xff, 0xff, 0x00,
    0xff, 0xff, 0xff, 0x00, 0xff, 0xff, 0xff, 0x00, 0xff, 0xff, 0xff, 0x00, 0xff, 0xff, 0xff, 0x00,
    0xff, 0xff, 0xff, 0x00, 0xff, 0xff, 0xff, 0x00, 0xff, 0xff, 0xff, 0x00, 0xff, 0xff, 0xff, 0x00,
    0xff, 0xff, 0xff, 0x00, 0xff, 0xff, 0xff, 0x00, 0xff, 0xff, 0xff, 0x00, 0xff, 0xff, 0xff, 0x00,
    0xff, 0xff, 0xff, 0x00, 0xff, 0xff, 0xff, 0x00, 0xff, 0xff, 0xff, 0x00, 0xff, 0xff, 0xff, 0x00,
    0xff, 0xff, 0xff, 0x00, 0xff, 0xff, 0xff, 0x00, 0xff, 0xff, 0xff, 0x00, 0xff, 0xff, 0xff, 0x00,
    0xff, 0xff, 0xff, 0x00, 0xff, 0xff, 0xff, 0x00, 0xff, 0xff, 0xff, 0x00, 0xff, 0xff, 0xff, 0x00,
    0xff, 0xff, 0xff, 0x00, 0xff, 0xff, 0xff, 0x00, 0xff, 0xff, 0xff, 0x00, 0xff, 0xff, 0xff, 0x00,
    0xff, 0xff, 0xff, 0x00, 0xff, 0xff, 0xff, 0x00, 0xff, 0xff, 0xff, 0x78, 0xff, 0xff, 0xff, 0xc0,
    0xff, 0xff, 0xff, 0xc0, 0xff, 0xff, 0xff, 0xc0, 0xff, 0xff, 0xff, 0xc0, 0xff, 0xff, 0xff, 0xc0,
    0xff, 0xff, 0xff, 0xc0, 0xff, 0xff, 0xff, 0xc0, 0xff, 0xff, 0xff, 0xc0, 0xff, 0xff, 0xff, 0xc0,
    0xff, 0xff, 0xff, 0xc0, 0xff, 0xff, 0xff, 0xc0, 0xff, 0xff, 0xff, 0xc0, 0xff, 0xff, 0xff, 0xc0,
    0xff, 0xff, 0xff, 0xc0, 0xff, 0xff, 0xff, 0xc0, 0xff, 0xff, 0xff, 0xc0, 0xff, 0xff, 0xff, 0xc0,
    0xff, 0xff, 0xff, 0xc0, 0xff, 0xff, 0xff, 0xc0, 0xff, 0xff, 0xff, 0xc0, 0xff, 0xff, 0xff, 0x48,
    0xff, 0xff, 0xff, 0x00, 0xff, 0xff, 0xff, 0x00, 0xff, 0xff, 0xff, 0x00, 0xff, 0xff, 0xff, 0x00,
    0xff, 0xff, 0xff, 0x00, 0xff, 0xff, 0xff, 0x00, 0xff, 0xff, 0xff, 0x00, 0xff, 0xff, 0xff, 0x00,
    0xff, 0xff, 0xff, 0x00, 0xff, 0xff, 0xff, 0x00, 0xff, 0xff, 0xff, 0x00, 0xff, 0xff, 0xff, 0x00,
    0xff, 0xff, 0xff, 0x00, 0xff, 0xff, 0xff, 0x00, 0xff, 0xff, 0xff, 0x00, 0xff, 0xff, 0xff, 0x00,
    0xff, 0xff, 0xff, 0x00, 0xff, 0xff, 0xff, 0x00, 0xff, 0xff, 0xff, 0x00, 0xff, 0xff, 0xff, 0x00,
    0xff, 0xff, 0xff, 0x00, 0xff, 0xff, 0xff, 0x00, 0xff, 0xff, 0xff, 0x00, 0xff, 0xff, 0xff, 0x00,
    0x03, 0x03, 0x03, 0x00, 0x0f, 0x0f, 0x0f, 0x00, 0x24, 0x24, 0x24, 0x00, 0x40, 0x40, 0x40, 0x00,
    0x5f, 0x5f, 0x5f, 0x00, 0x7e, 0x7e, 0x7e, 0x00, 0x9b, 0x9b, 0x9b, 0x00, 0xb4, 0xb4, 0xb4, 0x00,
    0xc8, 0xc8, 0xc8, 0x00, 0xd7, 0xd7, 0xd7, 0x00, 0xe2, 0xe2, 0xe2, 0x00, 0xea, 0xea, 0xea, 0x00,
    0xf0, 0xf0, 0xf0, 0x00, 0xf4, 0xf4, 0xf4, 0x00, 0xf6, 0xf6, 0xf6, 0x00, 0xf8, 0xf8, 0xf8, 0x00,
    0xf9, 0xf9, 0xf9, 0x00, 0xf9, 0xf9, 0xf9, 0x00, 0xf9, 0xf9, 0xf9, 0x00, 0xf9, 0xf9, 0xf9, 0x00,
    0xf9, 0xf9, 0xf9, 0x00, 0xf9, 0xf9, 0xf9, 0x00, 0xf9, 0xf9, 0xf9, 0x00, 0xf9, 0xf9, 0xf9, 0x00,
    0xff, 0xff, 0xff, 0x00, 0xff, 0xff, 0xff, 0x00, 0xff, 0xff, 0xff, 0x00, 0xff, 0xff, 0xff, 0x00,
    0xff, 0xff, 0xff, 0x00, 0xff, 0xff, 0xff, 0x00, 0xff, 0xff, 0xff, 0x00, 0xff, 0xff, 0xff, 0x00,
    0xff, 0xff, 0xff, 0x00, 0xff, 0xff, 0xff, 0x00, 0xff, 0xff, 0xff, 0x00, 0xff, 0xff, 0xff, 0x00,
    0xff, 0xff, 0xff, 0x00, 0xff, 0xff, 0xff, 0x00, 0xff, 0xff, 0xff, 0x00, 0xff, 0xff, 0xff, 0x00,
    0xff, 0xff, 0xff, 0x00, 0xff, 0xff, 0xff, 0x00, 0xff, 0xff, 0xff, 0x00, 0xff, 0xff, 0xff, 0x00,
    0xff, 0xff, 0xff, 0x00, 0xff, 0xff, 0xff, 0x00, 0xff, 0xff, 0xff, 0x00, 0xff, 0xff, 0xff, 0x00,
    0xff, 0xff, 0xff, 0x00, 0xff, 0xff, 0xff, 0x00, 0xff, 0xff, 0xff, 0x00, 0xff, 0xff, 0xff, 0x00,
    0xff, 0xff, 0xff, 0x00, 0xff, 0xff, 0xff, 0x00, 0xff, 0xff, 0xff, 0x00, 0xff, 0xff, 0xff, 0x00,
    0xff, 0xff, 0xff, 0x00, 0xff, 0xff, 0xff, 0x00, 0xff, 0xff, 0xff, 0x00, 0xff, 0xff, 0xff, 0x00,
    0xff, 0xff, 0xff, 0x00, 0xff, 0xff, 0xff, 0x00, 0xff, 0xff, 0xff, 0x00, 0xff, 0xff, 0xff, 0x00,
    0xff, 0xff, 0xff, 0x00, 0xff, 0xff, 0xff, 0x00, 0xff, 0xff, 0xff, 0x00, 0xff, 0xff, 0xff, 0x00,
    0xff, 0xff, 0xff, 0x00, 0xff, 0xff, 0xff, 0x00, 0xff, 0xff, 0xff, 0x00, 0xff, 0xff, 0xff, 0x00,
    0xff, 0xff, 0xff, 0x76, 0xff, 0xff, 0xff, 0xbc, 0xff, 0xff, 0xff, 0xbc, 0xff, 0xff, 0xff, 0xbc,
    0xff, 0xff, 0xff, 0xbc, 0xff, 0xff, 0xff, 0xbc, 0xff, 0xff, 0xff, 0xbc, 0xff, 0xff, 0xff, 0xbc,
    0xff, 0xff, 0xff, 0xbc, 0xff, 0xff, 0xff, 0xbc, 0xff, 0xff, 0xff, 0xbc, 0xff, 0xff, 0xff, 0xbc,
    0xff, 0xff, 0xff, 0xbc, 0xff, 0xff, 0xff, 0xbc, 0xff, 0xff, 0xff, 0xbc, 0xff, 0xff, 0xff, 0xbc,
    0xff, 0xff, 0xff, 0xbc, 0xff, 0xff, 0xff, 0xbc, 0xff, 0xff, 0xff, 0xbc, 0xff, 0xff, 0xff, 0xbc,
    0xff, 0xff, 0xff, 0xbc, 0xff, 0xff, 0xff, 0x46, 0xff, 0xff, 0xff, 0x00, 0xff, 0xff, 0xff, 0x00,
    0xff, 0xff, 0xff, 0x00, 0xff, 0xff, 0xff, 0x00, 0xff, 0xff, 0xff, 0x00, 0xff, 0xff, 0xff, 0x00,
    0xff, 0xff, 0xff, 0x00, 0xff, 0xff, 0xff, 0x00, 0xff, 0xff, 0xff, 0x00, 0xff, 0xff, 0xff, 0x00,
    0xff, 0xff, 0xff, 0x00, 0xff, 0xff, 0xff, 0x00, 0xff, 0xff, 0xff, 0x00, 0xff, 0xff, 0xff, 0x00,
    0xff, 0xff, 0xff, 0x00, 0xff, 0xff, 0xff, 0x00, 0xff, 0xff, 0xff, 0x00, 0xff, 0xff, 0xff, 0x00,
    0xff, 0xff, 0xff, 0x00, 0xff, 0xff, 0xff, 0x00, 0xff, 0xff, 0xff, 0x00, 0xff, 0xff, 0xff, 0x00,
    0xff, 0xff, 0xff, 0x00, 0xff, 0xff, 0xff, 0x00, 0x03, 0x03, 0x03, 0x00, 0x0f, 0x0f, 0x0f, 0x00,
    0x24, 0x24, 0x24, 0x00, 0x40, 0x40, 0x40, 0x00, 0x5f, 0x5f, 0x5f, 0x00, 0x7e, 0x7e, 0x7e, 0x00,
    0x9b, 0x9b, 0x9b, 0x00, 0xb4, 0xb4, 0xb4, 0x00, 0xc8, 0xc8, 0xc8, 0x00, 0xd7, 0xd7, 0xd7, 0x00,
    0xe2, 0xe2, 0xe2, 0x00, 0xea, 0xea, 0xea, 0x00, 0xf0, 0xf0, 0xf0, 0x00, 0xf4, 0xf4, 0xf4, 0x00,
    0xf6, 0xf6, 0xf6, 0x00, 0xf8, 0xf8, 0xf8, 0x00, 0xf9, 0xf9, 0xf9, 0x00, 0xf9, 0xf9, 0xf9, 0x00,
    0xf9, 0xf9, 0xf9, 0x00, 0xf9, 0xf9, 0xf9, 0x00, 0xf9, 0xf9, 0xf9, 0x00, 0xf9, 0xf9, 0xf9, 0x00,
    0xf9, 0xf9, 0xf9, 0x00, 0xf9, 0xf9, 0xf9, 0x00, 0xff, 0xff, 0xff, 0x00, 0xff, 0xff, 0xff, 0x00,
    0xff, 0xff, 0xff, 0x00, 0xff, 0xff, 0xff, 0x00, 0xff, 0xff, 0xff, 0x00, 0xff, 0xff, 0xff, 0x00,
    0xff, 0xff, 0xff, 0x00, 0xff, 0xff, 0xff, 0x00, 0xff, 0xff, 0xff, 0x00, 0xff, 0xff, 0xff, 0x00,
    0xff, 0xff, 0xff, 0x00, 0xff, 0xff, 0xff, 0x00, 0xff, 0xff, 0xff, 0x00, 0xff, 0xff, 0xff, 0x00,
    0xff, 0xff, 0xff, 0x00, 0xff, 0xff, 0xff, 0x00, 0xff, 0xff, 0xff, 0x00, 0xff, 0xff, 0xff, 0x00,
    0xff, 0xff, 0xff, 0x00, 0xff, 0xff, 0xff, 0x00, 0xff, 0xff, 0xff, 0x00, 0xff, 0xff, 0xff, 0x00,
    0xff, 0xff, 0xff, 0x00, 0xff, 0xff, 0xff, 0x00, 0xff, 0xff, 0xff, 0x00, 0xff, 0xff, 0xff, 0x00,
    0xff, 0xff, 0xff, 0x00, 0xff, 0xff, 0xff, 0x00, 0xff, 0xff, 0xff, 0x00, 0xff, 0xff, 0xff, 0x00,
    0xff, 0xff, 0xff, 0x00, 0xff, 0xff, 0xff, 0x00, 0xff, 0xff, 0xff, 0x00, 0xff, 0xff, 0xff, 0x00,
    0xff, 0xff, 0xff, 0x00, 0xff, 0xff, 0xff, 0x00, 0xff, 0xff, 0xff, 0x00, 0xff, 0xff, 0xff, 0x00,
    0xff, 0xff, 0xff, 0x00, 0xff, 0xff, 0xff, 0x00, 0xff, 0xff, 0xff, 0x00, 0xff, 0xff, 0xff, 0x00,
    0xff, 0xff, 0xff, 0x00, 0xff, 0xff, 0xff, 0x00, 0xff, 0xff, 0xff, 0x00, 0xff, 0xff, 0xff, 0x00,
    0xff, 0xff, 0xff, 0x00, 0xff, 0xff, 0xff, 0x00, 0xff, 0xff, 0xff, 0x73, 0xff, 0xff, 0xff, 0xb8,
    0xff, 0xff, 0xff, 0xb8, 0xff, 0xff, 0xff, 0xb9, 0xff, 0xff, 0xff, 0xb9, 0xff, 0xff, 0xff, 0xb8,
    0xff, 0xff, 0xff, 0xb8, 0xff, 0xff, 0xff, 0xb9, 0xff, 0xff, 0xff, 0xb9, 0xff, 0xff, 0xff, 0xb9,
    0xff, 0xff, 0xff, 0xb8, 0xff, 0xff, 0xff, 0xb9, 0xff, 0xff, 0xff, 0xb8, 0xff, 0xff, 0xff, 0xb9,
    0xff, 0xff, 0xff, 0xb8, 0xff, 0xff, 0xff, 0xb9, 0xff, 0xff, 0xff, 0xb8, 0xff, 0xff, 0xff, 0xb8,
    0xff, 0xff, 0xff, 0xb9, 0xff, 0xff, 0xff, 0xb8, 0xff, 0xff, 0xff, 0xb8, 0xff, 0xff, 0xff, 0x45,
    0xff, 0xff, 0xff, 0x00, 0xff, 0xff, 0xff, 0x00, 0xff, 0xff, 0xff, 0x00, 0xff, 0xff, 0xff, 0x00,
    0xff, 0xff, 0xff, 0x00, 0xff, 0xff, 0xff, 0x00, 0xff, 0xff, 0xff, 0x00, 0xff, 0xff, 0xff, 0x00,
    0xff, 0xff, 0xff, 0x00, 0xff, 0xff, 0xff, 0x00, 0xff, 0xff, 0xff, 0x00, 0xff, 0xff, 0xff, 0x00,
    0xff, 0xff, 0xff, 0x00, 0xff, 0xff, 0xff, 0x00, 0xff, 0xff, 0xff, 0x00, 0xff, 0xff, 0xff, 0x00,
    0xff, 0xff, 0xff, 0x00, 0xff, 0xff, 0xff, 0x00, 0xff, 0xff, 0xff, 0x00, 0xff, 0xff, 0xff, 0x00,
    0xff, 0xff, 0xff, 0x00, 0xff, 0xff, 0xff, 0x00, 0xff, 0xff, 0xff, 0x00, 0xff, 0xff, 0xff, 0x00,
    0x03, 0x03, 0x03, 0x00, 0x0f, 0x0f, 0x0f, 0x00, 0x24, 0x24, 0x24, 0x00, 0x40, 0x40, 0x40, 0x00,
    0x5f, 0x5f, 0x5f, 0x00, 0x7e, 0x7e, 0x7e, 0x00, 0x9b, 0x9b, 0x9b, 0x00, 0xb4, 0xb4, 0xb4, 0x00,
    0xc8, 0xc8, 0xc8, 0x00, 0xd7, 0xd7, 0xd7, 0x00, 0xe2, 0xe2, 0xe2, 0x00, 0xea, 0xea, 0xea, 0x00,
    0xf0, 0xf0, 0xf0, 0x00, 0xf4, 0xf4, 0xf4, 0x00, 0xf6, 0xf6, 0xf6, 0x00, 0xf8, 0xf8, 0xf8, 0x00,
    0xf9, 0xf9, 0xf9, 0x00, 0xf9, 0xf9, 0xf9, 0x00, 0xf9, 0xf9, 0xf9, 0x00, 0xf9, 0xf9, 0xf9, 0x00,
    0xf9, 0xf9, 0xf9, 0x00, 0xf9, 0xf9, 0xf9, 0x00, 0xf9, 0xf9, 0xf9, 0x00, 0xf9, 0xf9, 0xf9, 0x00,
    0xff, 0xff, 0xff, 0x00, 0xff, 0xff, 0xff, 0x00, 0xff, 0xff, 0xff, 0x00, 0xff, 0xff, 0xff, 0x00,
    0xff, 0xff, 0xff, 0x00, 0xff, 0xff, 0xff, 0x00, 0xff, 0xff, 0xff, 0x00, 0xff, 0xff, 0xff, 0x00,
    0xff, 0xff, 0xff, 0x00, 0xff, 0xff, 0xff, 0x00, 0xff, 0xff, 0xff, 0x00, 0xff, 0xff, 0xff, 0x00,
    0xff, 0xff, 0xff, 0x00, 0xff, 0xff, 0xff, 0x00, 0xff, 0xff, 0xff, 0x00, 0xff, 0xff, 0xff, 0x00,
    0xff, 0xff, 0xff, 0x00, 0xff, 0xff, 0xff, 0x00, 0xff, 0xff, 0xff, 0x00, 0xff, 0xff, 0xff, 0x00,
    0xff, 0xff, 0xff, 0x00, 0xff, 0xff, 0xff, 0x00, 0xff, 0xff, 0xff, 0x00, 0xff, 0xff, 0xff, 0x00,
    0xff, 0xff, 0xff, 0x00, 0xff, 0xff, 0xff, 0x00, 0xff, 0xff, 0xff, 0x00, 0xff, 0xff, 0xff, 0x00,
    0xff, 0xff, 0xff, 0x00, 0xff, 0xff, 0xff, 0x00, 0xff, 0xff, 0xff, 0x00, 0xff, 0xff, 0xff, 0x00,
    0xff, 0xff, 0xff, 0x00, 0xff, 0xff, 0xff, 0x00, 0xff, 0xff, 0xff, 0x00, 0xff, 0xff, 0xff, 0x00,
    0xff, 0xff, 0xff, 0x00, 0xff, 0xff, 0xff, 0x00, 0xff, 0xff, 0xff, 0x00, 0xff, 0xff, 0xff, 0x00,
    0xff, 0xff, 0xff, 0x00, 0xff, 0xff, 0xff, 0x00, 0xff, 0xff, 0xff, 0x00, 0xff, 0xff, 0xff, 0x00,
    0xff, 0xff, 0xff, 0x00, 0xff, 0xff, 0xff, 0x00, 0xff, 0xff, 0xff, 0x00, 0xff, 0xff, 0xff, 0x00,
    0xff, 0xff, 0xff, 0x71, 0xff, 0xff, 0xff, 0xb5, 0xff, 0xff, 0xff, 0xb5, 0xff, 0xff, 0xff, 0xb5,
    0xff, 0xff, 0xff, 0xb5, 0xff, 0xff, 0xff, 0xb5, 0xff, 0xff, 0xff, 0xb5, 0xff, 0xff, 0xff, 0xb5,
    0xff, 0xff, 0xff, 0xb5, 0xff, 0xff, 0xff, 0xb5, 0xff, 0xff, 0xff, 0xb5, 0xff, 0xff, 0xff, 0xb5,
    0xff, 0xff, 0xff, 0xb5, 0xff, 0xff, 0xff, 0xb5, 0xff, 0xff, 0xff, 0xb5, 0xff, 0xff, 0xff, 0xb5,
    0xff, 0xff, 0xff, 0xb5, 0xff, 0xff, 0xff, 0xb5, 0xff, 0xff, 0xff, 0xb5, 0xff, 0xff, 0xff, 0xb4,
    0xff, 0xff, 0xff, 0xb5, 0xff, 0xff, 0xff, 0x44, 0xff, 0xff, 0xff, 0x00, 0xff, 0xff, 0xff, 0x00,
    0xff, 0xff, 0xff, 0x00, 0xff, 0xff, 0xff, 0x00, 0xff, 0xff, 0xff, 0x00, 0xff, 0xff, 0xff, 0x00,
    0xff, 0xff, 0xff, 0x00, 0xff, 0xff, 0xff, 0x00, 0xff, 0xff, 0xff, 0x00, 0xff, 0xff, 0xff, 0x00,
    0xff, 0xff, 0xff, 0x00, 0xff, 0xff, 0xff, 0x00, 0xff, 0xff, 0xff, 0x00, 0xff, 0xff, 0xff, 0x00,
    0xff, 0xff, 0xff, 0x00, 0xff, 0xff, 0xff, 0x00, 0xff, 0xff, 0xff, 0x00, 0xff, 0xff, 0xff, 0x00,
    0xff, 0xff, 0xff, 0x00, 0xff, 0xff, 0xff, 0x00, 0xff, 0xff, 0xff, 0x00, 0xff, 0xff, 0xff, 0x00,
    0xff, 0xff, 0xff, 0x00, 0xff, 0xff, 0xff, 0x00, 0x03, 0x03, 0x03, 0x00, 0x0f, 0x0f, 0x0f, 0x00,
    0x24, 0x24, 0x24, 0x00, 0x40, 0x40, 0x40, 0x00, 0x5f, 0x5f, 0x5f, 0x00, 0x7e, 0x7e, 0x7e, 0x00,
    0x9b, 0x9b, 0x9b, 0x00, 0xb4, 0xb4, 0xb4, 0x00, 0xc8, 0xc8, 0xc8, 0x00, 0xd7, 0xd7, 0xd7, 0x00,
    0xe2, 0xe2, 0xe2, 0x00, 0xea, 0xea, 0xea, 0x00, 0xf0, 0xf0, 0xf0, 0x00, 0xf4, 0xf4, 0xf4, 0x00,
    0xf6, 0xf6, 0xf6, 0x00, 0xf8, 0xf8, 0xf8, 0x00, 0xf9, 0xf9, 0xf9, 0x00, 0xf9, 0xf9, 0xf9, 0x00,
    0xf9, 0xf9, 0xf9, 0x00, 0xf9, 0xf9, 0xf9, 0x00, 0xf9, 0xf9, 0xf9, 0x00, 0xf9, 0xf9, 0xf9, 0x00,
    0xf9, 0xf9, 0xf9, 0x00, 0xf9, 0xf9, 0xf9, 0x00, 0xff, 0xff, 0xff, 0x00, 0xff, 0xff, 0xff, 0x00,
    0xff, 0xff, 0xff, 0x00, 0xff, 0xff, 0xff, 0x00, 0xff, 0xff, 0xff, 0x00, 0xff, 0xff, 0xff, 0x00,
    0xff, 0xff, 0xff, 0x00, 0xff, 0xff, 0xff, 0x00, 0xff, 0xff, 0xff, 0x00, 0xff, 0xff, 0xff, 0x00,
    0xff, 0xff, 0xff, 0x00, 0xff, 0xff, 0xff, 0x00, 0xff, 0xff, 0xff, 0x00, 0xff, 0xff, 0xff, 0x00,
    0xff, 0xff, 0xff, 0x00, 0xff, 0xff, 0xff, 0x00, 0xff, 0xff, 0xff, 0x00, 0xff, 0xff, 0xff, 0x00,
    0xff, 0xff, 0xff, 0x00, 0xff, 0xff, 0xff, 0x00, 0xff, 0xff, 0xff, 0x00, 0xff, 0xff, 0xff, 0x00,
    0xff, 0xff, 0xff, 0x00, 0xff, 0xff, 0xff, 0x00, 0xff, 0xff, 0xff, 0x00, 0xff, 0xff, 0xff, 0x00,
    0xff, 0xff, 0xff, 0x00, 0xff, 0xff, 0xff, 0x00, 0xff, 0xff, 0xff, 0x00, 0xff, 0xff, 0xff, 0x00,
    0xff, 0xff, 0xff, 0x00, 0xff, 0xff, 0xff, 0x00, 0xff, 0xff, 0xff, 0x00, 0xff, 0xff, 0xff, 0x00,
    0xff, 0xff, 0xff, 0x00, 0xff, 0xff, 0xff, 0x00, 0xff, 0xff, 0xff, 0x00, 0xff, 0xff, 0xff, 0x00,
    0xff, 0xff, 0xff, 0x00, 0xff, 0xff, 0xff, 0x00, 0xff, 0xff, 0xff, 0x00, 0xff, 0xff, 0xff, 0x00,
    0xff, 0xff, 0xff, 0x00, 0xff, 0xff, 0xff, 0x00, 0xff, 0xff, 0xff, 0x00, 0xff, 0xff, 0xff, 0x00,
    0xff, 0xff, 0xff, 0x00, 0xff, 0xff, 0xff, 0x00, 0xff, 0xff, 0xff, 0x6f, 0xff, 0xff, 0xff, 0xb1,
    0xff, 0xff, 0xff, 0xb1, 0xff, 0xff, 0xff, 0xb1, 0xff, 0xff, 0xff, 0xb1, 0xff, 0xff, 0xff, 0xb2,
    0xff, 0xff, 0xff, 0xb1, 0xff, 0xff, 0xff, 0xb2, 0xff, 0xff, 0xff, 0xb1, 0xff, 0xff, 0xff, 0xb1,
    0xff, 0xff, 0xff, 0xb1, 0xff, 0xff, 0xff, 0xb1, 0xff, 0xff, 0xff, 0xb1, 0xff, 0xff, 0xff, 0xb1,
    0xff, 0xff, 0xff, 0xb1, 0xff, 0xff, 0xff, 0xb1, 0xff, 0xff, 0xff, 0xb1, 0xff, 0xff, 0xff, 0xb1,
    0xff, 0xff, 0xff, 0xb1, 0xff, 0xff, 0xff, 0xb1, 0xff, 0xff, 0xff, 0xb1, 0xff, 0xff, 0xff, 0x42,
    0xff, 0xff, 0xff, 0x00, 0xff, 0xff, 0xff, 0x00, 0xff, 0xff, 0xff, 0x00, 0xff, 0xff, 0xff, 0x00,
    0xff, 0xff, 0xff, 0x00, 0xff, 0xff, 0xff, 0x00, 0xff, 0xff, 0xff, 0x00, 0xff, 0xff, 0xff, 0x00,
    0xff, 0xff, 0xff, 0x00, 0xff, 0xff, 0xff, 0x00, 0xff, 0xff, 0xff, 0x00, 0xff, 0xff, 0xff, 0x00,
    0xff, 0xff, 0xff, 0x00, 0xff, 0xff, 0xff, 0x00, 0xff, 0xff, 0xff, 0x00, 0xff, 0xff, 0xff, 0x00,
    0xff, 0xff, 0xff, 0x00, 0xff, 0xff, 0xff, 0x00, 0xff, 0xff, 0xff, 0x00, 0xff, 0xff, 0xff, 0x00,
    0xff, 0xff, 0xff, 0x00, 0xff, 0xff, 0xff, 0x00, 0xff, 0xff, 0xff, 0x00, 0xff, 0xff, 0xff, 0x00,
    0x03, 0x03, 0x03, 0x00, 0x0f, 0x0f, 0x0f, 0x00, 0x24, 0x24, 0x24, 0x00, 0x40, 0x40, 0x40, 0x00,
    0x5f, 0x5f, 0x5f, 0x00, 0x7e, 0x7e, 0x7e, 0x00, 0x9b, 0x9b, 0x9b, 0x00, 0xb4, 0xb4, 0xb4, 0x00,
    0xc8, 0xc8, 0xc8, 0x00, 0xd7, 0xd7, 0xd7, 0x00, 0xe2, 0xe2, 0xe2, 0x00, 0xea, 0xea, 0xea, 0x00,
    0xf0, 0xf0, 0xf0, 0x00, 0xf4, 0xf4, 0xf4, 0x00, 0xf6, 0xf6, 0xf6, 0x00, 0xf8, 0xf8, 0xf8, 0x00,
    0xf9, 0xf9, 0xf9, 0x00, 0xf9, 0xf9, 0xf9, 0x00, 0xf9, 0xf9, 0xf9, 0x00, 0xf9, 0xf9, 0xf9, 0x00,
    0xf9, 0xf9, 0xf9, 0x00, 0xf9, 0xf9, 0xf9, 0x00, 0xf9, 0xf9, 0xf9, 0x00, 0xf9, 0xf9, 0xf9, 0x00,
    0xff, 0xff, 0xff, 0x00, 0xff, 0xff, 0xff, 0x00, 0xff, 0xff, 0xff, 0x00, 0xff, 0xff, 0xff, 0x00,
    0xff, 0xff, 0xff, 0x00, 0xff, 0xff, 0xff, 0x00, 0xff, 0xff, 0xff, 0x00, 0xff, 0xff, 0xff, 0x00,
    0xff, 0xff, 0xff, 0x00, 0xff, 0xff, 0xff, 0x00, 0xff, 0xff, 0xff, 0x00, 0xff, 0xff, 0xff, 0x00,
    0xff, 0xff, 0xff, 0x00, 0xff, 0xff, 0xff, 0x00, 0xff, 0xff, 0xff, 0x00, 0xff, 0xff, 0xff, 0x00,
    0xff, 0xff, 0xff, 0x00, 0xff, 0xff, 0xff, 0x00, 0xff, 0xff, 0xff, 0x00, 0xff, 0xff, 0xff, 0x00,
    0xff, 0xff, 0xff, 0x00, 0xff, 0xff, 0xff, 0x00, 0xff, 0xff, 0xff, 0x00, 0xff, 0xff, 0xff, 0x00,
    0xff, 0xff, 0xff, 0x00, 0xff, 0xff, 0xff, 0x00, 0xff, 0xff, 0xff, 0x00, 0xff, 0xff, 0xff, 0x00,
    0xff, 0xff, 0xff, 0x00, 0xff, 0xff, 0xff, 0x00, 0xff, 0xff, 0xff, 0x00, 0xff, 0xff, 0xff, 0x00,
    0xff, 0xff, 0xff, 0x00, 0xff, 0xff, 0xff, 0x00, 0xff, 0xff, 0xff, 0x00, 0xff, 0xff, 0xff, 0x00,
    0xff, 0xff, 0xff, 0x00, 0xff, 0xff, 0xff, 0x00, 0xff, 0xff, 0xff, 0x00, 0xff, 0xff, 0xff, 0x00,
    0xff, 0xff, 0xff, 0x00, 0xff, 0xff, 0xff, 0x00, 0xff, 0xff, 0xff, 0x00, 0xff, 0xff, 0xff, 0x00,
    0xff, 0xff, 0xff, 0x00, 0xff, 0xff, 0xff, 0x00, 0xff, 0xff, 0xff, 0x00, 0xff, 0xff, 0xff, 0x00,
    0xff, 0xff, 0xff, 0x6c, 0xff, 0xff, 0xff, 0xae, 0xff, 0xff, 0xff, 0xad, 0xff, 0xff, 0xff, 0xae,
    0xff, 0xff, 0xff, 0xae, 0xff, 0xff, 0xff, 0xad, 0xff, 0xff, 0xff, 0xae, 0xff, 0xff, 0xff, 0xad,
    0xff, 0xff, 0xff, 0xad, 0xff, 0xff, 0xff, 0xae, 0xff, 0xff, 0xff, 0xae, 0xff, 0xff, 0xff, 0xad,
    0xff, 0xff, 0xff, 0xad, 0xff, 0xff, 0xff, 0xad, 0xff, 0xff, 0xff, 0xad, 0xff, 0xff, 0xff, 0xad,
    0xff, 0xff, 0xff, 0xad, 0xff, 0xff, 0xff, 0xae, 0xff, 0xff, 0xff, 0xae, 0xff, 0xff, 0xff, 0xae,
    0xff, 0xff, 0xff, 0xad, 0xff, 0xff, 0xff, 0x41, 0xff, 0xff, 0xff, 0x00, 0xff, 0xff, 0xff, 0x00,
    0xff, 0xff, 0xff, 0x00, 0xff, 0xff, 0xff, 0x00, 0xff, 0xff, 0xff, 0x00, 0xff, 0xff, 0xff, 0x00,
    0xff, 0xff, 0xff, 0x00, 0xff, 0xff, 0xff, 0x00, 0xff, 0xff, 0xff, 0x00, 0xff, 0xff, 0xff, 0x00,
    0xff, 0xff, 0xff, 0x00, 0xff, 0xff, 0xff, 0x00, 0xff, 0xff, 0xff, 0x00, 0xff, 0xff, 0xff, 0x00,
    0xff, 0xff, 0xff, 0x00, 0xff, 0xff, 0xff, 0x00, 0xff, 0xff, 0xff, 0x00, 0xff, 0xff, 0xff, 0x00,
    0xff, 0xff, 0xff, 0x00, 0xff, 0xff, 0xff, 0x00, 0xff, 0xff, 0xff, 0x00, 0xff, 0xff, 0xff, 0x00,
    0xff, 0xff, 0xff, 0x00, 0xff, 0xff, 0xff, 0x00, 0x03, 0x03, 0x03, 0x00, 0x0f, 0x0f, 0x0f, 0x00,
    0x24, 0x24, 0x24, 0x00, 0x40, 0x40, 0x40, 0x00, 0x5f, 0x5f, 0x5f, 0x00, 0x7e, 0x7e, 0x7e, 0x00,
    0x9b, 0x9b, 0x9b, 0x00, 0xb4, 0xb4, 0xb4, 0x00, 0xc8, 0xc8, 0xc8, 0x00, 0xd7, 0xd7, 0xd7, 0x00,
    0xe2, 0xe2, 0xe2, 0x00, 0xea, 0xea, 0xea, 0x00, 0xf0, 0xf0, 0xf0, 0x00, 0xf4, 0xf4, 0xf4, 0x00,
    0xf6, 0xf6, 0xf6, 0x00, 0xf8, 0xf8, 0xf8, 0x00, 0xf9, 0xf9, 0xf9, 0x00, 0xf9, 0xf9, 0xf9, 0x00,
    0xf9, 0xf9, 0xf9, 0x00, 0xf9, 0xf9, 0xf9, 0x00, 0xf9, 0xf9, 0xf9, 0x00, 0xf9, 0xf9, 0xf9, 0x00,
    0xf9, 0xf9, 0xf9, 0x00, 0xf9, 0xf9, 0xf9, 0x00, 0xff, 0xff, 0xff, 0x00, 0xff, 0xff, 0xff, 0x00,
    0xff, 0xff, 0xff, 0x00, 0xff, 0xff, 0xff, 0x00, 0xff, 0xff, 0xff, 0x00, 0xff, 0xff, 0xff, 0x00,
    0xff, 0xff, 0xff, 0x00, 0xff, 0xff, 0xff, 0x00, 0xff, 0xff, 0xff, 0x00, 0xff, 0xff, 0xff, 0x00,
    0xff, 0xff, 0xff, 0x00, 0xff, 0xff, 0xff, 0x00, 0xff, 0xff, 0xff, 0x00, 0xff, 0xff, 0xff, 0x00,
    0xff, 0xff, 0xff, 0x00, 0xff, 0xff, 0xff, 0x00, 0xff, 0xff, 0xff, 0x00, 0xff, 0xff, 0xff, 0x00,
    0xff, 0xff, 0xff, 0x00, 0xff, 0xff, 0xff, 0x00, 0xff, 0xff, 0xff, 0x00, 0xff, 0xff, 0xff, 0x00,
    0xff, 0xff, 0xff, 0x00, 0xff, 0xff, 0xff, 0x00, 0xff, 0xff, 0xff, 0x00, 0xff, 0xff, 0xff, 0x00,
    0xff, 0xff, 0xff, 0x00, 0xff, 0xff, 0xff, 0x00, 0xff, 0xff, 0xff, 0x00, 0xff, 0xff, 0xff, 0x00,
    0xff, 0xff, 0xff, 0x00, 0xff, 0xff, 0xff, 0x00, 0xff, 0xff, 0xff, 0x00, 0xff, 0xff, 0xff, 0x00,
    0xff, 0xff, 0xff, 0x00, 0xff, 0xff, 0xff, 0x00, 0xff, 0xff, 0xff, 0x00, 0xff, 0xff, 0xff, 0x00,
    0xff, 0xff, 0xff, 0x00, 0xff, 0xff, 0xff, 0x00, 0xff, 0xff, 0xff, 0x00, 0xff, 0xff, 0xff, 0x00,
    0xff, 0xff, 0xff, 0x00, 0xff, 0xff, 0xff, 0x00, 0xff, 0xff, 0xff, 0x00, 0xff, 0xff, 0xff, 0x00,
    0xff, 0xff, 0xff, 0x00, 0xff, 0xff, 0xff, 0x00, 0xff, 0xff, 0xff, 0x6a, 0xff, 0xff, 0xff, 0xaa,
    0xff, 0xff, 0xff, 0xaa, 0xff, 0xff, 0xff, 0xaa, 0xff, 0xff, 0xff, 0xaa, 0xff, 0xff, 0xff, 0xaa,
    0xff, 0xff, 0xff, 0xaa, 0xff, 0xff, 0xff, 0xaa, 0xff, 0xff, 0xff, 0xaa, 0xff, 0xff, 0xff, 0xaa,
    0xff, 0xff, 0xff, 0xaa, 0xff, 0xff, 0xff, 0xaa, 0xff, 0xff, 0xff, 0xaa, 0xff, 0xff, 0xff, 0xaa,
    0xff, 0xff, 0xff, 0xaa, 0xff, 0xff, 0xff, 0xaa, 0xff, 0xff, 0xff, 0xaa, 0xff, 0xff, 0xff, 0xaa,
    0xff, 0xff, 0xff, 0xaa, 0xff, 0xff, 0xff, 0xaa, 0xff, 0xff, 0xff, 0xaa, 0xff, 0xff, 0xff, 0x40,
    0xff, 0xff, 0xff, 0x00, 0xff, 0xff, 0xff, 0x00, 0xff, 0xff, 0xff, 0x00, 0xff, 0xff, 0xff, 0x00,
    0xff, 0xff, 0xff, 0x00, 0xff, 0xff, 0xff, 0x00, 0xff, 0xff, 0xff, 0x00, 0xff, 0xff, 0xff, 0x00,
    0xff, 0xff, 0xff, 0x00, 0xff, 0xff, 0xff, 0x00, 0xff, 0xff, 0xff, 0x00, 0xff, 0xff, 0xff, 0x00,
    0xff, 0xff, 0xff, 0x00, 0xff, 0xff, 0xff, 0x00, 0xff, 0xff, 0xff, 0x00, 0xff, 0xff, 0xff, 0x00,
    0xff, 0xff, 0xff, 0x00, 0xff, 0xff, 0xff, 0x00, 0xff, 0xff, 0xff, 0x00, 0xff, 0xff, 0xff, 0x00,
    0xff, 0xff, 0xff, 0x00, 0xff, 0xff, 0xff, 0x00, 0xff, 0xff, 0xff, 0x00, 0xff, 0xff, 0xff, 0x00,
    0x03, 0x03, 0x03, 0x00, 0x0f, 0x0f, 0x0f, 0x00, 0x24, 0x24, 0x24, 0x00, 0x40, 0x40, 0x40, 0x00,
    0x5f, 0x5f, 0x5f, 0x00, 0x7e, 0x7e, 0x7e, 0x00, 0x9b, 0x9b, 0x9b, 0x00, 0xb4, 0xb4, 0xb4, 0x00,
    0xc8, 0xc8, 0xc8, 0x00, 0xd7, 0xd7, 0xd7, 0x00, 0xe2, 0xe2, 0xe2, 0x00, 0xea, 0xea, 0xea, 0x00,
    0xf0, 0xf0, 0xf0, 0x00, 0xf4, 0xf4, 0xf4, 0x00, 0xf6, 0xf6, 0xf6, 0x00, 0xf8, 0xf8, 0xf8, 0x00,
    0xf9, 0xf9, 0xf9, 0x00, 0xf9, 0xf9, 0xf9, 0x00, 0xf9, 0xf9, 0xf9, 0x00, 0xf9, 0xf9, 0xf9, 0x00,
    0xf9, 0xf9, 0xf9, 0x00, 0xf9, 0xf9, 0xf9, 0x00, 0xf9, 0xf9, 0xf9, 0x00, 0xf9, 0xf9, 0xf9, 0x00,
    0xff, 0xff, 0xff, 0x00, 0xff, 0xff, 0xff, 0x00, 0xff, 0xff, 0xff, 0x00, 0xff, 0xff, 0xff, 0x00,
    0xff, 0xff, 0xff, 0x00, 0xff, 0xff, 0xff, 0x00, 0xff, 0xff, 0xff, 0x00, 0xff, 0xff, 0xff, 0x00,
    0xff, 0xff, 0xff, 0x00, 0xff, 0xff, 0xff, 0x00, 0xff, 0xff, 0xff, 0x00, 0xff, 0xff, 0xff, 0x00,
    0xff, 0xff, 0xff, 0x00, 0xff, 0xff, 0xff, 0x00, 0xff, 0xff, 0xff, 0x00, 0xff, 0xff, 0xff, 0x00,
    0xff, 0xff, 0xff, 0x00, 0xff, 0xff, 0xff, 0x00, 0xff, 0xff, 0xff, 0x00, 0xff, 0xff, 0xff, 0x00,
    0xff, 0xff, 0xff, 0x00, 0xff, 0xff, 0xff, 0x00, 0xff, 0xff, 0xff, 0x00, 0xff, 0xff, 0xff, 0x00,
    0xff, 0xff, 0xff, 0x00, 0xff, 0xff, 0xff, 0x00, 0xff, 0xff, 0xff, 0x00, 0xff, 0xff, 0xff, 0x00,
    0xff, 0xff, 0xff, 0x00, 0xff, 0xff, 0xff, 0x00, 0xff, 0xff, 0xff, 0x00, 0xff, 0xff, 0xff, 0x00,
    0xff, 0xff, 0xff, 0x00, 0xff, 0xff, 0xff, 0x00, 0xff, 0xff, 0xff, 0x00, 0xff, 0xff, 0xff, 0x00,
    0xff, 0xff, 0xff, 0x00, 0xff, 0xff, 0xff, 0x00, 0xff, 0xff, 0xff, 0x00, 0xff, 0xff, 0xff, 0x00,
    0xff, 0xff, 0xff, 0x00, 0xff, 0xff, 0xff, 0x00, 0xff, 0xff, 0xff, 0x00, 0xff, 0xff, 0xff, 0x00,
    0xff, 0xff, 0xff, 0x00, 0xff, 0xff, 0xff, 0x00, 0xff, 0xff, 0xff, 0x00, 0xff, 0xff, 0xff, 0x00,
    0xff, 0xff, 0xff, 0x68, 0xff, 0xff, 0xff, 0xa6, 0xff, 0xff, 0xff, 0xa6, 0xff, 0xff, 0xff, 0xa6,
    0xff, 0xff, 0xff, 0xa6, 0xff, 0xff, 0xff, 0xa6, 0xff, 0xff, 0xff, 0xa6, 0xff, 0xff, 0xff, 0xa6,
    0xff, 0xff, 0xff, 0xa6, 0xff, 0xff, 0xff, 0xa6, 0xff, 0xff, 0xff, 0xa6, 0xff, 0xff, 0xff, 0xa6,
    0xff, 0xff, 0xff, 0xa6, 0xff, 0xff, 0xff, 0xa6, 0xff, 0xff, 0xff, 0xa6, 0xff, 0xff, 0xff, 0xa6,
    0xff, 0xff, 0xff, 0xa6, 0xff, 0xff, 0xff, 0xa6, 0xff, 0xff, 0xff, 0xa6, 0xff, 0xff, 0xff, 0xa6,
    0xff, 0xff, 0xff, 0xa6, 0xff, 0xff, 0xff, 0x3e, 0xff, 0xff, 0xff, 0x00, 0xff, 0xff, 0xff, 0x00,
    0xff, 0xff, 0xff, 0x00, 0xff, 0xff, 0xff, 0x00, 0xff, 0xff, 0xff, 0x00, 0xff, 0xff, 0xff, 0x00,
    0xff, 0xff, 0xff, 0x00, 0xff, 0xff, 0xff, 0x00, 0xff, 0xff, 0xff, 0x00, 0xff, 0xff, 0xff, 0x00,
    0xff, 0xff, 0xff, 0x00, 0xff, 0xff, 0xff, 0x00, 0xff, 0xff, 0xff, 0x00, 0xff, 0xff, 0xff, 0x00,
    0xff, 0xff, 0xff, 0x00, 0xff, 0xff, 0xff, 0x00, 0xff, 0xff, 0xff, 0x00, 0xff, 0xff, 0xff, 0x00,
    0xff, 0xff, 0xff, 0x00, 0xff, 0xff, 0xff, 0x00, 0xff, 0xff, 0xff, 0x00, 0xff, 0xff, 0xff, 0x00,
    0xff, 0xff, 0xff, 0x00, 0xff, 0xff, 0xff, 0x00, 0x03, 0x03, 0x03, 0x00, 0x0f, 0x0f, 0x0f, 0x00,
    0x24, 0x24, 0x24, 0x00, 0x40, 0x40, 0x40, 0x00, 0x5f, 0x5f, 0x5f, 0x00, 0x7e, 0x7e, 0x7e, 0x00,
    0x9b, 0x9b, 0x9b, 0x00, 0xb4, 0xb4, 0xb4, 0x00, 0xc8, 0xc8, 0xc8, 0x00, 0xd7, 0xd7, 0xd7, 0x00,
    0xe2, 0xe2, 0xe2, 0x00, 0xea, 0xea, 0xea, 0x00, 0xf0, 0xf0, 0xf0, 0x00, 0xf4, 0xf4, 0xf4, 0x00,
    0xf6, 0xf6, 0xf6, 0x00, 0xf8, 0xf8, 0xf8, 0x00, 0xf9, 0xf9, 0xf9, 0x00, 0xf9, 0xf9, 0xf9, 0x00,
    0xf9, 0xf9, 0xf9, 0x00, 0xf9, 0xf9, 0xf9, 0x00, 0xf9, 0xf9, 0xf9, 0x00, 0xf9, 0xf9, 0xf9, 0x00,
    0xf9, 0xf9, 0xf9, 0x00, 0xf9, 0xf9, 0xf9, 0x00, 0xff, 0xff, 0xff, 0x00, 0xff, 0xff, 0xff, 0x00,
    0xff, 0xff, 0xff, 0x00, 0xff, 0xff, 0xff, 0x00, 0xff, 0xff, 0xff, 0x00, 0xff, 0xff, 0xff, 0x00,
    0xff, 0xff, 0xff, 0x00, 0xff, 0xff, 0xff, 0x00, 0xff, 0xff, 0xff, 0x00, 0xff, 0xff, 0xff, 0x00,
    0xff, 0xff, 0xff, 0x00, 0xff, 0xff, 0xff, 0x00, 0xff, 0xff, 0xff, 0x00, 0xff, 0xff, 0xff, 0x00,
    0xff, 0xff, 0xff, 0x00, 0xff, 0xff, 0xff, 0x00, 0xff, 0xff, 0xff, 0x00, 0xff, 0xff, 0xff, 0x00,
    0xff, 0xff, 0xff, 0x00, 0xff, 0xff, 0xff, 0x00, 0xff, 0xff, 0xff, 0x00, 0xff, 0xff, 0xff, 0x00,
    0xff, 0xff, 0xff, 0x00, 0xff, 0xff, 0xff, 0x00, 0xff, 0xff, 0xff, 0x00, 0xff, 0xff, 0xff, 0x00,
    0xff, 0xff, 0xff, 0x00, 0xff, 0xff, 0xff, 0x00, 0xff, 0xff, 0xff, 0x00, 0xff, 0xff, 0xff, 0x00,
    0xff, 0xff, 0xff, 0x00, 0xff, 0xff, 0xff, 0x00, 0xff, 0xff, 0xff, 0x00, 0xff, 0xff, 0xff, 0x00,
    0xff, 0xff, 0xff, 0x00, 0xff, 0xff, 0xff, 0x00, 0xff, 0xff, 0xff, 0x00, 0xff, 0xff, 0xff, 0x00,
    0xff, 0xff, 0xff, 0x00, 0xff, 0xff, 0xff, 0x00, 0xff, 0xff, 0xff, 0x00, 0xff, 0xff, 0xff, 0x00,
    0xff, 0xff, 0xff, 0x00, 0xff, 0xff, 0xff, 0x00, 0xff, 0xff, 0xff, 0x00, 0xff, 0xff, 0xff, 0x00,
    0xff, 0xff, 0xff, 0x00, 0xff, 0xff, 0xff, 0x00, 0xff, 0xff, 0xff, 0x65, 0xff, 0xff, 0xff, 0xa2,
    0xff, 0xff, 0xff, 0xa2, 0xff, 0xff, 0xff, 0xa2, 0xff, 0xff, 0xff, 0xa2, 0xff, 0xff, 0xff, 0xa3,
    0xff, 0xff, 0xff, 0xa2, 0xff, 0xff, 0xff, 0xa2, 0xff, 0xff, 0xff, 0xa2, 0xff, 0xff, 0xff, 0xa2,
    0xff, 0xff, 0xff, 0xa3, 0xff, 0xff, 0xff, 0xa2, 0xff, 0xff, 0xff, 0xa2, 0xff, 0xff, 0xff, 0xa2,
    0xff, 0xff, 0xff, 0xa2, 0xff, 0xff, 0xff, 0xa2, 0xff, 0xff, 0xff, 0xa2, 0xff, 0xff, 0xff, 0xa2,
    0xff, 0xff, 0xff, 0xa2, 0xff, 0xff, 0xff, 0xa2, 0xff, 0xff, 0xff, 0xa3, 0xff, 0xff, 0xff, 0x3c,
    0xff, 0xff, 0xff, 0x00, 0xff, 0xff, 0xff, 0x00, 0xff, 0xff, 0xff, 0x00, 0xff, 0xff, 0xff, 0x00,
    0xff, 0xff, 0xff, 0x00, 0xff, 0xff, 0xff, 0x00, 0xff, 0xff, 0xff, 0x00, 0xff, 0xff, 0xff, 0x00,
    0xff, 0xff, 0xff, 0x00, 0xff, 0xff, 0xff, 0x00, 0xff, 0xff, 0xff, 0x00, 0xff, 0xff, 0xff, 0x00,
    0xff, 0xff, 0xff, 0x00, 0xff, 0xff, 0xff, 0x00, 0xff, 0xff, 0xff, 0x00, 0xff, 0xff, 0xff, 0x00,
    0xff, 0xff, 0xff, 0x00, 0xff, 0xff, 0xff, 0x00, 0xff, 0xff, 0xff, 0x00, 0xff, 0xff, 0xff, 0x00,
    0xff, 0xff, 0xff, 0x00, 0xff, 0xff, 0xff, 0x00, 0xff, 0xff, 0xff, 0x00, 0xff, 0xff, 0xff, 0x00,
    0x03, 0x03, 0x03, 0x00, 0x0f, 0x0f, 0x0f, 0x00, 0x24, 0x24, 0x24, 0x00, 0x40, 0x40, 0x40, 0x00,
    0x5f, 0x5f, 0x5f, 0x00, 0x7e, 0x7e, 0x7e, 0x00, 0x9b, 0x9b, 0x9b, 0x00, 0xb4, 0xb4, 0xb4, 0x00,
    0xc8, 0xc8, 0xc8, 0x00, 0xd7, 0xd7, 0xd7, 0x00, 0xe2, 0xe2, 0xe2, 0x00, 0xea, 0xea, 0xea, 0x00,
    0xf0, 0xf0, 0xf0, 0x00, 0xf4, 0xf4, 0xf4, 0x00, 0xf6, 0xf6, 0xf6, 0x00, 0xf8, 0xf8, 0xf8, 0x00,
    0xf9, 0xf9, 0xf9, 0x00, 0xf9, 0xf9, 0xf9, 0x00, 0xf9, 0xf9, 0xf9, 0x00, 0xf9, 0xf9, 0xf9, 0x00,
    0xf9, 0xf9, 0xf9, 0x00, 0xf9, 0xf9, 0xf9, 0x00, 0xf9, 0xf9, 0xf9, 0x00, 0xf9, 0xf9, 0xf9, 0x00,
    0xff, 0xff, 0xff, 0x00, 0xff, 0xff, 0xff, 0x00, 0xff, 0xff, 0xff, 0x00, 0xff, 0xff, 0xff, 0x00,
    0xff, 0xff, 0xff, 0x00, 0xff, 0xff, 0xff, 0x00, 0xff, 0xff, 0xff, 0x00, 0xff, 0xff, 0xff, 0x00,
    0xff, 0xff, 0xff, 0x00, 0xff, 0xff, 0xff, 0x00, 0xff, 0xff, 0xff, 0x00, 0xff, 0xff, 0xff, 0x00,
    0xff, 0xff, 0xff, 0x00, 0xff, 0xff, 0xff, 0x00, 0xff, 0xff, 0xff, 0x00, 0xff, 0xff, 0xff, 0x00,
    0xff, 0xff, 0xff, 0x00, 0xff, 0xff, 0xff, 0x00, 0xff, 0xff, 0xff, 0x00, 0xff, 0xff, 0xff, 0x00,
    0xff, 0xff, 0xff, 0x00, 0xff, 0xff, 0xff, 0x00, 0xff, 0xff, 0xff, 0x00, 0xff, 0xff, 0xff, 0x00,
    0xff, 0xff, 0xff, 0x00, 0xff, 0xff, 0xff, 0x00, 0xff, 0xff, 0xff, 0x00, 0xff, 0xff, 0xff, 0x00,
    0xff, 0xff, 0xff, 0x00, 0xff, 0xff, 0xff, 0x00, 0xff, 0xff, 0xff, 0x00, 0xff, 0xff, 0xff, 0x00,
    0xff, 0xff, 0xff, 0x00, 0xff, 0xff, 0xff, 0x00, 0xff, 0xff, 0xff, 0x00, 0xff, 0xff, 0xff, 0x00,
    0xff, 0xff, 0xff, 0x00, 0xff, 0xff, 0xff, 0x00, 0xff, 0xff, 0xff, 0x00, 0xff, 0xff, 0xff, 0x00,
    0xff, 0xff, 0xff, 0x00, 0xff, 0xff, 0xff, 0x00, 0xff, 0xff, 0xff, 0x00, 0xff, 0xff, 0xff, 0x00,
    0xff, 0xff, 0xff, 0x00, 0xff, 0xff, 0xff, 0x00, 0xff, 0xff, 0xff, 0x00, 0xff, 0xff, 0xff, 0x00,
    0xff, 0xff, 0xff, 0x63, 0xff, 0xff, 0xff, 0x9e, 0xff, 0xff, 0xff, 0x9f, 0xff, 0xff, 0xff, 0x9f,
    0xff, 0xff, 0xff, 0x9f, 0xff, 0xff, 0xff, 0x9f, 0xff, 0xff, 0xff, 0x9f, 0xff, 0xff, 0xff, 0x9f,
    0xff, 0xff, 0xff, 0x9f, 0xff, 0xff, 0xff, 0x9f, 0xff, 0xff, 0xff, 0x9f, 0xff, 0xff, 0xff, 0x9e,
    0xff, 0xff, 0xff, 0x9f, 0xff, 0xff, 0xff, 0x9f, 0xff, 0xff, 0xff, 0x9f, 0xff, 0xff, 0xff, 0x9e,
    0xff, 0xff, 0xff, 0x9f, 0xff, 0xff, 0xff, 0x9f, 0xff, 0xff, 0xff, 0x9e, 0xff, 0xff, 0xff, 0x9e,
    0xff, 0xff, 0xff, 0x9f, 0xff, 0xff, 0xff, 0x3b, 0xff, 0xff, 0xff, 0x00, 0xff, 0xff, 0xff, 0x00,
    0xff, 0xff, 0xff, 0x00, 0xff, 0xff, 0xff, 0x00, 0xff, 0xff, 0xff, 0x00, 0xff, 0xff, 0xff, 0x00,
    0xff, 0xff, 0xff, 0x00, 0xff, 0xff, 0xff, 0x00, 0xff, 0xff, 0xff, 0x00, 0xff, 0xff, 0xff, 0x00,
    0xff, 0xff, 0xff, 0x00, 0xff, 0xff, 0xff, 0x00, 0xff, 0xff, 0xff, 0x00, 0xff, 0xff, 0xff, 0x00,
    0xff, 0xff, 0xff, 0x00, 0xff, 0xff, 0xff, 0x00, 0xff, 0xff, 0xff, 0x00, 0xff, 0xff, 0xff, 0x00,
    0xff, 0xff, 0xff, 0x00, 0xff, 0xff, 0xff, 0x00, 0xff, 0xff, 0xff, 0x00, 0xff, 0xff, 0xff, 0x00,
    0xff, 0xff, 0xff, 0x00, 0xff, 0xff, 0xff, 0x00, 0x03, 0x03, 0x03, 0x00, 0x0f, 0x0f, 0x0f, 0x00,
    0x24, 0x24, 0x24, 0x00, 0x40, 0x40, 0x40, 0x00, 0x5f, 0x5f, 0x5f, 0x00, 0x7e, 0x7e, 0x7e, 0x00,
    0x9b, 0x9b, 0x9b, 0x00, 0xb4, 0xb4, 0xb4, 0x00, 0xc8, 0xc8, 0xc8, 0x00, 0xd7, 0xd7, 0xd7, 0x00,
    0xe2, 0xe2, 0xe2, 0x00, 0xea, 0xea, 0xea, 0x00, 0xf0, 0xf0, 0xf0, 0x00, 0xf4, 0xf4, 0xf4, 0x00,
    0xf6, 0xf6, 0xf6, 0x00, 0xf8, 0xf8, 0xf8, 0x00, 0xf9, 0xf9, 0xf9, 0x00, 0xf9, 0xf9, 0xf9, 0x00,
    0xf9, 0xf9, 0xf9, 0x00, 0xf9, 0xf9, 0xf9, 0x00, 0xf9, 0xf9, 0xf9, 0x00, 0xf9, 0xf9, 0xf9, 0x00,
    0xf9, 0xf9, 0xf9, 0x00, 0xf9, 0xf9, 0xf9, 0x00, 0xff, 0xff, 0xff, 0x00, 0xff, 0xff, 0xff, 0x00,
    0xff, 0xff, 0xff, 0x00, 0xff, 0xff, 0xff, 0x00, 0xff, 0xff, 0xff, 0x00, 0xff, 0xff, 0xff, 0x00,
    0xff, 0xff, 0xff, 0x00, 0xff, 0xff, 0xff, 0x00, 0xff, 0xff, 0xff, 0x00, 0xff, 0xff, 0xff, 0x00,
    0xff, 0xff, 0xff, 0x00, 0xff, 0xff, 0xff, 0x00, 0xff, 0xff, 0xff, 0x00, 0xff, 0xff, 0xff, 0x00,
    0xff, 0xff, 0xff, 0x00, 0xff, 0xff, 0xff, 0x00, 0xff, 0xff, 0xff, 0x00, 0xff, 0xff, 0xff, 0x00,
    0xff, 0xff, 0xff, 0x00, 0xff, 0xff, 0xff, 0x00, 0xff, 0xff, 0xff, 0x00, 0xff, 0xff, 0xff, 0x00,
    0xff, 0xff, 0xff, 0x00, 0xff, 0xff, 0xff, 0x00, 0xff, 0xff, 0xff, 0x00, 0xff, 0xff, 0xff, 0x00,
    0xff, 0xff, 0xff, 0x00, 0xff, 0xff, 0xff, 0x00, 0xff, 0xff, 0xff, 0x00, 0xff, 0xff, 0xff, 0x00,
    0xff, 0xff, 0xff, 0x00, 0xff, 0xff, 0xff, 0x00, 0xff, 0xff, 0xff, 0x00, 0xff, 0xff, 0xff, 0x00,
    0xff, 0xff, 0xff, 0x00, 0xff, 0xff, 0xff, 0x00, 0xff, 0xff, 0xff, 0x00, 0xff, 0xff, 0xff, 0x00,
    0xff, 0xff, 0xff, 0x00, 0xff, 0xff, 0xff, 0x00, 0xff, 0xff, 0xff, 0x00, 0xff, 0xff, 0xff, 0x00,
    0xff, 0xff, 0xff, 0x00, 0xff, 0xff, 0xff, 0x00, 0xff, 0xff, 0xff, 0x00, 0xff, 0xff, 0xff, 0x00,
    0xff, 0xff, 0xff, 0x00, 0xff, 0xff, 0xff, 0x00, 0xff, 0xff, 0xff, 0x61, 0xff, 0xff, 0xff, 0x9b,
    0xff, 0xff, 0xff, 0x9b, 0xff, 0xff, 0xff, 0x9b, 0xff, 0xff, 0xff, 0x9b, 0xff, 0xff, 0xff, 0x9a,
    0xff, 0xff, 0xff, 0x9b, 0xff, 0xff, 0xff, 0x9b, 0xff, 0xff, 0xff, 0x9b, 0xff, 0xff, 0xff, 0x9b,
    0xff, 0xff, 0xff, 0x9b, 0xff, 0xff, 0xff, 0x9b, 0xff, 0xff, 0xff, 0x9b, 0xff, 0xff, 0xff, 0x9b,
    0xff, 0xff, 0xff, 0x9b, 0xff, 0xff, 0xff, 0x9b, 0xff, 0xff, 0xff, 0x9b, 0xff, 0xff, 0xff, 0x9b,
    0xff, 0xff, 0xff, 0x9b, 0xff, 0xff, 0xff, 0x9b, 0xff, 0xff, 0xff, 0x9a, 0xff, 0xff, 0xff, 0x3a,
    0xff, 0xff, 0xff, 0x00, 0xff, 0xff, 0xff, 0x00, 0xff, 0xff, 0xff, 0x00, 0xff, 0xff, 0xff, 0x00,
    0xff, 0xff, 0xff, 0x00, 0xff, 0xff, 0xff, 0x00, 0xff, 0xff, 0xff, 0x00, 0xff, 0xff, 0xff, 0x00,
    0xff, 0xff, 0xff, 0x00, 0xff, 0xff, 0xff, 0x00, 0xff, 0xff, 0xff, 0x00, 0xff, 0xff, 0xff, 0x00,
    0xff, 0xff, 0xff, 0x00, 0xff, 0xff, 0xff, 0x00, 0xff, 0xff, 0xff, 0x00, 0xff, 0xff, 0xff, 0x00,
    0xff, 0xff, 0xff, 0x00, 0xff, 0xff, 0xff, 0x00, 0xff, 0xff, 0xff, 0x00, 0xff, 0xff, 0xff, 0x00,
    0xff, 0xff, 0xff, 0x00, 0xff, 0xff, 0xff, 0x00, 0xff, 0xff, 0xff, 0x00, 0xff, 0xff, 0xff, 0x00,
    0x03, 0x03, 0x03, 0x00, 0x0f, 0x0f, 0x0f, 0x00, 0x24, 0x24, 0x24, 0x00, 0x40, 0x40, 0x40, 0x00,
    0x5f, 0x5f, 0x5f, 0x00, 0x7e, 0x7e, 0x7e, 0x00, 0x9b, 0x9b, 0x9b, 0x00, 0xb4, 0xb4, 0xb4, 0x00,
    0xc8, 0xc8, 0xc8, 0x00, 0xd7, 0xd7, 0xd7, 0x00, 0xe2, 0xe2, 0xe2, 0x00, 0xea, 0xea, 0xea, 0x00,
    0xf0, 0xf0, 0xf0, 0x00, 0xf4, 0xf4, 0xf4, 0x00, 0xf6, 0xf6, 0xf6, 0x00, 0xf8, 0xf8, 0xf8, 0x00,
    0xf9, 0xf9, 0xf9, 0x00, 0xf9, 0xf9, 0xf9, 0x00, 0xf9, 0xf9, 0xf9, 0x00, 0xf9, 0xf9, 0xf9, 0x00,
    0xf9, 0xf9, 0xf9, 0x00, 0xf9, 0xf9, 0xf9, 0x00, 0xf9, 0xf9, 0xf9, 0x00, 0xf9, 0xf9, 0xf9, 0x00,
    0xff, 0xff, 0xff, 0x00, 0xff, 0xff, 0xff, 0x00, 0xff, 0xff, 0xff, 0x00, 0xff, 0xff, 0xff, 0x00,
    0xff, 0xff, 0xff, 0x00, 0xff, 0xff, 0xff, 0x00, 0xff, 0xff, 0xff, 0x00, 0xff, 0xff, 0xff, 0x00,
    0xff, 0xff, 0xff, 0x00, 0xff, 0xff, 0xff, 0x00, 0xff, 0xff, 0xff, 0x00, 0xff, 0xff, 0xff, 0x00,
    0xff, 0xff, 0xff, 0x00, 0xff, 0xff, 0xff, 0x00, 0xff, 0xff, 0xff, 0x00, 0xff, 0xff, 0xff, 0x00,
    0xff, 0xff, 0xff, 0x00, 0xff, 0xff, 0xff, 0x00, 0xff, 0xff, 0xff, 0x00, 0xff, 0xff, 0xff, 0x00,
    0xff, 0xff, 0xff, 0x00, 0xff, 0xff, 0xff, 0x00, 0xff, 0xff, 0xff, 0x00, 0xff, 0xff, 0xff, 0x00,
    0xff, 0xff, 0xff, 0x00, 0xff, 0xff, 0xff, 0x00, 0xff, 0xff, 0xff, 0x00, 0xff, 0xff, 0xff, 0x00,
    0xff, 0xff, 0xff, 0x00, 0xff, 0xff, 0xff, 0x00, 0xff, 0xff, 0xff, 0x00, 0xff, 0xff, 0xff, 0x00,
    0xff, 0xff, 0xff, 0x00, 0xff, 0xff, 0xff, 0x00, 0xff, 0xff, 0xff, 0x00, 0xff, 0xff, 0xff, 0x00,
    0xff, 0xff, 0xff, 0x00, 0xff, 0xff, 0xff, 0x00, 0xff, 0xff, 0xff, 0x00, 0xff, 0xff, 0xff, 0x00,
    0xff, 0xff, 0xff, 0x00, 0xff, 0xff, 0xff, 0x00, 0xff, 0xff, 0xff, 0x00, 0xff, 0xff, 0xff, 0x00,
    0xff, 0xff, 0xff, 0x00, 0xff, 0xff, 0xff, 0x00, 0xff, 0xff, 0xff, 0x00, 0xff, 0xff, 0xff, 0x00,
    0xff, 0xff, 0xff, 0x5f, 0xff, 0xff, 0xff, 0x97, 0xff, 0xff, 0xff, 0x97, 0xff, 0xff, 0xff, 0x97,
    0xff, 0xff, 0xff, 0x97, 0xff, 0xff, 0xff, 0x97, 0xff, 0xff, 0xff, 0x98, 0xff, 0xff, 0xff, 0x97,
    0xff, 0xff, 0xff, 0x98, 0xff, 0xff, 0xff, 0x97, 0xff, 0xff, 0xff, 0x98, 0xff, 0xff, 0xff, 0x97,
    0xff, 0xff, 0xff, 0x97, 0xff, 0xff, 0xff, 0x98, 0xff, 0xff, 0xff, 0x97, 0xff, 0xff, 0xff, 0x97,
    0xff, 0xff, 0xff, 0x98, 0xff, 0xff, 0xff, 0x97, 0xff, 0xff, 0xff, 0x97, 0xff, 0xff, 0xff, 0x97,
    0xff, 0xff, 0xff, 0x98, 0xff, 0xff, 0xff, 0x39, 0xff, 0xff, 0xff, 0x00, 0xff, 0xff, 0xff, 0x00,
    0xff, 0xff, 0xff, 0x00, 0xff, 0xff, 0xff, 0x00, 0xff, 0xff, 0xff, 0x00, 0xff, 0xff, 0xff, 0x00,
    0xff, 0xff, 0xff, 0x00, 0xff, 0xff, 0xff, 0x00, 0xff, 0xff, 0xff, 0x00, 0xff, 0xff, 0xff, 0x00,
    0xff, 0xff, 0xff, 0x00, 0xff, 0xff, 0xff, 0x00, 0xff, 0xff, 0xff, 0x00, 0xff, 0xff, 0xff, 0x00,
    0xff, 0xff, 0xff, 0x00, 0xff, 0xff, 0xff, 0x00, 0xff, 0xff, 0xff, 0x00, 0xff, 0xff, 0xff, 0x00,
    0xff, 0xff, 0xff, 0x00, 0xff, 0xff, 0xff, 0x00, 0xff, 0xff, 0xff, 0x00, 0xff, 0xff, 0xff, 0x00,
    0xff, 0xff, 0xff, 0x00, 0xff, 0xff, 0xff, 0x00, 0x03, 0x03, 0x03, 0x00, 0x0f, 0x0f, 0x0f, 0x00,
    0x24, 0x24, 0x24, 0x00, 0x40, 0x40, 0x40, 0x00, 0x5f, 0x5f, 0x5f, 0x00, 0x7e, 0x7e, 0x7e, 0x00,
    0x9b, 0x9b, 0x9b, 0x00, 0xb4, 0xb4, 0xb4, 0x00, 0xc8, 0xc8, 0xc8, 0x00, 0xd7, 0xd7, 0xd7, 0x00,
    0xe2, 0xe2, 0xe2, 0x00, 0xea, 0xea, 0xea, 0x00, 0xf0, 0xf0, 0xf0, 0x00, 0xf4, 0xf4, 0xf4, 0x00,
    0xf6, 0xf6, 0xf6, 0x00, 0xf8, 0xf8, 0xf8, 0x00, 0xf9, 0xf9, 0xf9, 0x00, 0xf9, 0xf9, 0xf9, 0x00,
    0xf9, 0xf9, 0xf9, 0x00, 0xf9, 0xf9, 0xf9, 0x00, 0xf9, 0xf9, 0xf9, 0x00, 0xf9, 0xf9, 0xf9, 0x00,
    0xf9, 0xf9, 0xf9, 0x00, 0xf9, 0xf9, 0xf9, 0x00, 0xff, 0xff, 0xff, 0x00, 0xff, 0xff, 0xff, 0x00,
    0xff, 0xff, 0xff, 0x00, 0xff, 0xff, 0xff, 0x00, 0xff, 0xff, 0xff, 0x00, 0xff, 0xff, 0xff, 0x00,
    0xff, 0xff, 0xff, 0x00, 0xff, 0xff, 0xff, 0x00, 0xff, 0xff, 0xff, 0x00, 0xff, 0xff, 0xff, 0x00,
    0xff, 0xff, 0xff, 0x00, 0xff, 0xff, 0xff, 0x00, 0xff, 0xff, 0xff, 0x00, 0xff, 0xff, 0xff, 0x00,
    0xff, 0xff, 0xff, 0x00, 0xff, 0xff, 0xff, 0x00, 0xff, 0xff, 0xff, 0x00, 0xff, 0xff, 0xff, 0x00,
    0xff, 0xff, 0xff, 0x00, 0xff, 0xff, 0xff, 0x00, 0xff, 0xff, 0xff, 0x00, 0xff, 0xff, 0xff, 0x00,
    0xff, 0xff, 0xff, 0x00, 0xff, 0xff, 0xff, 0x00, 0xff, 0xff, 0xff, 0x00, 0xff, 0xff, 0xff, 0x00,
    0xff, 0xff, 0xff, 0x00, 0xff, 0xff, 0xff, 0x00, 0xff, 0xff, 0xff, 0x00, 0xff, 0xff, 0xff, 0x00,
    0xff, 0xff, 0xff, 0x00, 0xff, 0xff, 0xff, 0x00, 0xff, 0xff, 0xff, 0x00, 0xff, 0xff, 0xff, 0x00,
    0xff, 0xff, 0xff, 0x00, 0xff, 0xff, 0xff, 0x00, 0xff, 0xff, 0xff, 0x00, 0xff, 0xff, 0xff, 0x00,
    0xff, 0xff, 0xff, 0x00, 0xff, 0xff, 0xff, 0x00, 0xff, 0xff, 0xff, 0x00, 0xff, 0xff, 0xff, 0x00,
    0xff, 0xff, 0xff, 0x00, 0xff, 0xff, 0xff, 0x00, 0xff, 0xff, 0xff, 0x00, 0xff, 0xff, 0xff, 0x00,
    0xff, 0xff, 0xff, 0x00, 0xff, 0xff, 0xff, 0x00, 0xff, 0xff, 0xff, 0x5c, 0xff, 0xff, 0xff, 0x94,
    0xff, 0xff, 0xff, 0x93, 0xff, 0xff, 0xff, 0x94, 0xff, 0xff, 0xff, 0x94, 0xff, 0xff, 0xff, 0x94,
    0xff, 0xff, 0xff, 0x93, 0xff, 0xff, 0xff, 0x94, 0xff, 0xff, 0xff, 0x94, 0xff, 0xff, 0xff, 0x94,
    0xff, 0xff, 0xff, 0x94, 0xff, 0xff, 0xff, 0x94, 0xff, 0xff, 0xff, 0x93, 0xff, 0xff, 0xff, 0x94,
    0xff, 0xff, 0xff, 0x94, 0xff, 0xff, 0xff, 0x93, 0xff, 0xff, 0xff, 0x94, 0xff, 0xff, 0xff, 0x94,
    0xff, 0xff, 0xff, 0x94, 0xff, 0xff, 0xff, 0x94, 0xff, 0xff, 0xff, 0x94, 0xff, 0xff, 0xff, 0x37,
    0xff, 0xff, 0xff, 0x00, 0xff, 0xff, 0xff, 0x00, 0xff, 0xff, 0xff, 0x00, 0xff, 0xff, 0xff, 0x00,
    0xff, 0xff, 0xff, 0x00, 0xff, 0xff, 0xff, 0x00, 0xff, 0xff, 0xff, 0x00, 0xff, 0xff, 0xff, 0x00,
    0xff, 0xff, 0xff, 0x00, 0xff, 0xff, 0xff, 0x00, 0xff, 0xff, 0xff, 0x00, 0xff, 0xff, 0xff, 0x00,
    0xff, 0xff, 0xff, 0x00, 0xff, 0xff, 0xff, 0x00, 0xff, 0xff, 0xff, 0x00, 0xff, 0xff, 0xff, 0x00,
    0xff, 0xff, 0xff, 0x00, 0xff, 0xff, 0xff, 0x00, 0xff, 0xff, 0xff, 0x00, 0xff, 0xff, 0xff, 0x00,
    0xff, 0xff, 0xff, 0x00, 0xff, 0xff, 0xff, 0x00, 0xff, 0xff, 0xff, 0x00, 0xff, 0xff, 0xff, 0x00,
    0x03, 0x03, 0x03, 0x00, 0x0f, 0x0f, 0x0f, 0x00, 0x24, 0x24, 0x24, 0x00, 0x40, 0x40, 0x40, 0x00,
    0x5f, 0x5f, 0x5f, 0x00, 0x7e, 0x7e, 0x7e, 0x00, 0x9b, 0x9b, 0x9b, 0x00, 0xb4, 0xb4, 0xb4, 0x00,
    0xc8, 0xc8, 0xc8, 0x00, 0xd7, 0xd7, 0xd7, 0x00, 0xe2, 0xe2, 0xe2, 0x00, 0xea, 0xea, 0xea, 0x00,
    0xf0, 0xf0, 0xf0, 0x00, 0xf4, 0xf4, 0xf4, 0x00, 0xf6, 0xf6, 0xf6, 0x00, 0xf8, 0xf8, 0xf8, 0x00,
    0xf9, 0xf9, 0xf9, 0x00, 0xf9, 0xf9, 0xf9, 0x00, 0xf9, 0xf9, 0xf9, 0x00, 0xf9, 0xf9, 0xf9, 0x00,
    0xf9, 0xf9, 0xf9, 0x00, 0xf9, 0xf9, 0xf9, 0x00, 0xf9, 0xf9, 0xf9, 0x00, 0xf9, 0xf9, 0xf9, 0x00,
    0xff, 0xff, 0xff, 0x00, 0xff, 0xff, 0xff, 0x00, 0xff, 0xff, 0xff, 0x00, 0xff, 0xff, 0xff, 0x00,
    0xff, 0xff, 0xff, 0x00, 0xff, 0xff, 0xff, 0x00, 0xff, 0xff, 0xff, 0x00, 0xff, 0xff, 0xff, 0x00,
    0xff, 0xff, 0xff, 0x00, 0xff, 0xff, 0xff, 0x00, 0xff, 0xff, 0xff, 0x00, 0xff, 0xff, 0xff, 0x00,
    0xff, 0xff, 0xff, 0x00, 0xff, 0xff, 0xff, 0x00, 0xff, 0xff, 0xff, 0x00, 0xff, 0xff, 0xff, 0x00,
    0xff, 0xff, 0xff, 0x00, 0xff, 0xff, 0xff, 0x00, 0xff, 0xff, 0xff, 0x00, 0xff, 0xff, 0xff, 0x00,
    0xff, 0xff, 0xff, 0x00, 0xff, 0xff, 0xff, 0x00, 0xff, 0xff, 0xff, 0x00, 0xff, 0xff, 0xff, 0x00,
    0xff, 0xff, 0xff, 0x00, 0xff, 0xff, 0xff, 0x00, 0xff, 0xff, 0xff, 0x00, 0xff, 0xff, 0xff, 0x00,
    0xff, 0xff, 0xff, 0x00, 0xff, 0xff, 0xff, 0x00, 0xff, 0xff, 0xff, 0x00, 0xff, 0xff, 0xff, 0x00,
    0xff, 0xff, 0xff, 0x00, 0xff, 0xff, 0xff, 0x00, 0xff, 0xff, 0xff, 0x00, 0xff, 0xff, 0xff, 0x00,
    0xff, 0xff, 0xff, 0x00, 0xff, 0xff, 0xff, 0x00, 0xff, 0xff, 0xff, 0x00, 0xff, 0xff, 0xff, 0x00,
    0xff, 0xff, 0xff, 0x00, 0xff, 0xff, 0xff, 0x00, 0xff, 0xff, 0xff, 0x00, 0xff, 0xff, 0xff, 0x00,
    0xff, 0xff, 0xff, 0x00, 0xff, 0xff, 0xff, 0x00, 0xff, 0xff, 0xff, 0x00, 0xff, 0xff, 0xff, 0x00,
    0xff, 0xff, 0xff, 0x5a, 0xff, 0xff, 0xff, 0x90, 0xff, 0xff, 0xff, 0x90, 0xff, 0xff, 0xff, 0x90,
    0xff, 0xff, 0xff, 0x90, 0xff, 0xff, 0xff, 0x90, 0xff, 0xff, 0xff, 0x90, 0xff, 0xff, 0xff, 0x90,
    0xff, 0xff, 0xff, 0x90, 0xff, 0xff, 0xff, 0x90, 0xff, 0xff, 0xff, 0x90, 0xff, 0xff, 0xff, 0x90,
    0xff, 0xff, 0xff, 0x90, 0xff, 0xff, 0xff, 0x90, 0xff, 0xff, 0xff, 0x90, 0xff, 0xff, 0xff, 0x90,
    0xff, 0xff, 0xff, 0x90, 0xff, 0xff, 0xff, 0x8f, 0xff, 0xff, 0xff, 0x90, 0xff, 0xff, 0xff, 0x90,
    0xff, 0xff, 0xff, 0x90, 0xff, 0xff, 0xff, 0x36, 0xff, 0xff, 0xff, 0x00, 0xff, 0xff, 0xff, 0x00,
    0xff, 0xff, 0xff, 0x00, 0xff, 0xff, 0xff, 0x00, 0xff, 0xff, 0xff, 0x00, 0xff, 0xff, 0xff, 0x00,
    0xff, 0xff, 0xff, 0x00, 0xff, 0xff, 0xff, 0x00, 0xff, 0xff, 0xff, 0x00, 0xff, 0xff, 0xff, 0x00,
    0xff, 0xff, 0xff, 0x00, 0xff, 0xff, 0xff, 0x00, 0xff, 0xff, 0xff, 0x00, 0xff, 0xff, 0xff, 0x00,
    0xff, 0xff, 0xff, 0x00, 0xff, 0xff, 0xff, 0x00, 0xff, 0xff, 0xff, 0x00, 0xff, 0xff, 0xff, 0x00,
    0xff, 0xff, 0xff, 0x00, 0xff, 0xff, 0xff, 0x00, 0xff, 0xff, 0xff, 0x00, 0xff, 0xff, 0xff, 0x00,
    0xff, 0xff, 0xff, 0x00, 0xff, 0xff, 0xff, 0x00, 0x03, 0x03, 0x03, 0x00, 0x0f, 0x0f, 0x0f, 0x00,
    0x24, 0x24, 0x24, 0x00, 0x40, 0x40, 0x40, 0x00, 0x5f, 0x5f, 0x5f, 0x00, 0x7e, 0x7e, 0x7e, 0x00,
    0x9b, 0x9b, 0x9b, 0x00, 0xb4, 0xb4, 0xb4, 0x00, 0xc8, 0xc8, 0xc8, 0x00, 0xd7, 0xd7, 0xd7, 0x00,
    0xe2, 0xe2, 0xe2, 0x00, 0xea, 0xea, 0xea, 0x00, 0xf0, 0xf0, 0xf0, 0x00, 0xf4, 0xf4, 0xf4, 0x00,
    0xf6, 0xf6, 0xf6, 0x00, 0xf8, 0xf8, 0xf8, 0x00, 0xf9, 0xf9, 0xf9, 0x00, 0xf9, 0xf9, 0xf9, 0x00,
    0xf9, 0xf9, 0xf9, 0x00, 0xf9, 0xf9, 0xf9, 0x00, 0xf9, 0xf9, 0xf9, 0x00, 0xf9, 0xf9, 0xf9, 0x00,
    0xf9, 0xf9, 0xf9, 0x00, 0xf9, 0xf9, 0xf9, 0x00, 0xff, 0xff, 0xff, 0x00, 0xff, 0xff, 0xff, 0x00,
    0xff, 0xff, 0xff, 0x00, 0xff, 0xff, 0xff, 0x00, 0xff, 0xff, 0xff, 0x00, 0xff, 0xff, 0xff, 0x00,
    0xff, 0xff, 0xff, 0x00, 0xff, 0xff, 0xff, 0x00, 0xff, 0xff, 0xff, 0x00, 0xff, 0xff, 0xff, 0x00,
    0xff, 0xff, 0xff, 0x00, 0xff, 0xff, 0xff, 0x00, 0xff, 0xff, 0xff, 0x00, 0xff, 0xff, 0xff, 0x00,
    0xff, 0xff, 0xff, 0x00, 0xff, 0xff, 0xff, 0x00, 0xff, 0xff, 0xff, 0x00, 0xff, 0xff, 0xff, 0x00,
    0xff, 0xff, 0xff, 0x00, 0xff, 0xff, 0xff, 0x00, 0xff, 0xff, 0xff, 0x00, 0xff, 0xff, 0xff, 0x00,
    0xff, 0xff, 0xff, 0x00, 0xff, 0xff, 0xff, 0x00, 0xff, 0xff, 0xff, 0x00, 0xff, 0xff, 0xff, 0x00,
    0xff, 0xff, 0xff, 0x00, 0xff, 0xff, 0xff, 0x00, 0xff, 0xff, 0xff, 0x00, 0xff, 0xff, 0xff, 0x00,
    0xff, 0xff, 0xff, 0x00, 0xff, 0xff, 0xff, 0x00, 0xff, 0xff, 0xff, 0x00, 0xff, 0xff, 0xff, 0x00,
    0xff, 0xff, 0xff, 0x00, 0xff, 0xff, 0xff, 0x00, 0xff, 0xff, 0xff, 0x00, 0xff, 0xff, 0xff, 0x00,
    0xff, 0xff, 0xff, 0x00, 0xff, 0xff, 0xff, 0x00, 0xff, 0xff, 0xff, 0x00, 0xff, 0xff, 0xff, 0x00,
    0xff, 0xff, 0xff, 0x00, 0xff, 0xff, 0xff, 0x00, 0xff, 0xff, 0xff, 0x00, 0xff, 0xff, 0xff, 0x00,
    0xff, 0xff, 0xff, 0x00, 0xff, 0xff, 0xff, 0x00, 0xff, 0xff, 0xff, 0x57, 0xff, 0xff, 0xff, 0x8c,
    0xff, 0xff, 0xff, 0x8c, 0xff, 0xff, 0xff, 0x8c, 0xff, 0xff, 0xff, 0x8c, 0xff, 0xff, 0xff, 0x8c,
    0xff, 0xff, 0xff, 0x8c, 0xff, 0xff, 0xff, 0x8c, 0xff, 0xff, 0xff, 0x8c, 0xff, 0xff, 0xff, 0x8d,
    0xff, 0xff, 0xff, 0x8c, 0xff, 0xff, 0xff, 0x8c, 0xff, 0xff, 0xff, 0x8c, 0xff, 0xff, 0xff, 0x8c,
    0xff, 0xff, 0xff, 0x8c, 0xff, 0xff, 0xff, 0x8c, 0xff, 0xff, 0xff, 0x8c, 0xff, 0xff, 0xff, 0x8c,
    0xff, 0xff, 0xff, 0x8c, 0xff, 0xff, 0xff, 0x8c, 0xff, 0xff, 0xff, 0x8c, 0xff, 0xff, 0xff, 0x34,
    0xff, 0xff, 0xff, 0x00, 0xff, 0xff, 0xff, 0x00, 0xff, 0xff, 0xff, 0x00, 0xff, 0xff, 0xff, 0x00,
    0xff, 0xff, 0xff, 0x00, 0xff, 0xff, 0xff, 0x00, 0xff, 0xff, 0xff, 0x00, 0xff, 0xff, 0xff, 0x00,
    0xff, 0xff, 0xff, 0x00, 0xff, 0xff, 0xff, 0x00, 0xff, 0xff, 0xff, 0x00, 0xff, 0xff, 0xff, 0x00,
    0xff, 0xff, 0xff, 0x00, 0xff, 0xff, 0xff, 0x00, 0xff, 0xff, 0xff, 0x00, 0xff, 0xff, 0xff, 0x00,
    0xff, 0xff, 0xff, 0x00, 0xff, 0xff, 0xff, 0x00, 0xff, 0xff, 0xff, 0x00, 0xff, 0xff, 0xff, 0x00,
    0xff, 0xff, 0xff, 0x00, 0xff, 0xff, 0xff, 0x00, 0xff, 0xff, 0xff, 0x00, 0xff, 0xff, 0xff, 0x00,
    0x03, 0x03, 0x03, 0x00, 0x0f, 0x0f, 0x0f, 0x00, 0x24, 0x24, 0x24, 0x00, 0x40, 0x40, 0x40, 0x00,
    0x5f, 0x5f, 0x5f, 0x00, 0x7e, 0x7e, 0x7e, 0x00, 0x9b, 0x9b, 0x9b, 0x00, 0xb4, 0xb4, 0xb4, 0x00,
    0xc8, 0xc8, 0xc8, 0x00, 0xd7, 0xd7, 0xd7, 0x00, 0xe2, 0xe2, 0xe2, 0x00, 0xea, 0xea, 0xea, 0x00,
    0xf0, 0xf0, 0xf0, 0x00, 0xf4, 0xf4, 0xf4, 0x00, 0xf6, 0xf6, 0xf6, 0x00, 0xf8, 0xf8, 0xf8, 0x00,
    0xf9, 0xf9, 0xf9, 0x00, 0xf9, 0xf9, 0xf9, 0x00, 0xf9, 0xf9, 0xf9, 0x00, 0xf9, 0xf9, 0xf9, 0x00,
    0xf9, 0xf9, 0xf9, 0x00, 0xf9, 0xf9, 0xf9, 0x00, 0xf9, 0xf9, 0xf9, 0x00, 0xf9, 0xf9, 0xf9, 0x00,
    0xff, 0xff, 0xff, 0x00, 0xff, 0xff, 0xff, 0x00, 0xff, 0xff, 0xff, 0x00, 0xff, 0xff, 0xff, 0x00,
    0xff, 0xff, 0xff, 0x00, 0xff, 0xff, 0xff, 0x00, 0xff, 0xff, 0xff, 0x00, 0xff, 0xff, 0xff, 0x00,
    0xff, 0xff, 0xff, 0x00, 0xff, 0xff, 0xff, 0x00, 0xff, 0xff, 0xff, 0x00, 0xff, 0xff, 0xff, 0x00,
    0xff, 0xff, 0xff, 0x00, 0xff, 0xff, 0xff, 0x00, 0xff, 0xff, 0xff, 0x00, 0xff, 0xff, 0xff, 0x00,
    0xff, 0xff, 0xff, 0x00, 0xff, 0xff, 0xff, 0x00, 0xff, 0xff, 0xff, 0x00, 0xff, 0xff, 0xff, 0x00,
    0xff, 0xff, 0xff, 0x00, 0xff, 0xff, 0xff, 0x00, 0xff, 0xff, 0xff, 0x00, 0xff, 0xff, 0xff, 0x00,
    0xff, 0xff, 0xff, 0x00, 0xff, 0xff, 0xff, 0x00, 0xff, 0xff, 0xff, 0x00, 0xff, 0xff, 0xff, 0x00,
    0xff, 0xff, 0xff, 0x00, 0xff, 0xff, 0xff, 0x00, 0xff, 0xff, 0xff, 0x00, 0xff, 0xff, 0xff, 0x00,
    0xff, 0xff, 0xff, 0x00, 0xff, 0xff, 0xff, 0x00, 0xff, 0xff, 0xff, 0x00, 0xff, 0xff, 0xff, 0x00,
    0xff, 0xff, 0xff, 0x00, 0xff, 0xff, 0xff, 0x00, 0xff, 0xff, 0xff, 0x00, 0xff, 0xff, 0xff, 0x00,
    0xff, 0xff, 0xff, 0x00, 0xff, 0xff, 0xff, 0x00, 0xff, 0xff, 0xff, 0x00, 0xff, 0xff, 0xff, 0x00,
    0xff, 0xff, 0xff, 0x00, 0xff, 0xff, 0xff, 0x00, 0xff, 0xff, 0xff, 0x00, 0xff, 0xff, 0xff, 0x00,
    0xff, 0xff, 0xff, 0x55, 0xff, 0xff, 0xff, 0x88, 0xff, 0xff, 0xff, 0x89, 0xff, 0xff, 0xff, 0x88,
    0xff, 0xff, 0xff, 0x88, 0xff, 0xff, 0xff, 0x89, 0xff, 0xff, 0xff, 0x89, 0xff, 0xff, 0xff, 0x88,
    0xff, 0xff, 0xff, 0x88, 0xff, 0xff, 0xff, 0x89, 0xff, 0xff, 0xff, 0x89, 0xff, 0xff, 0xff, 0x89,
    0xff, 0xff, 0xff, 0x88, 0xff, 0xff, 0xff, 0x89, 0xff, 0xff, 0xff, 0x88, 0xff, 0xff, 0xff, 0x89,
    0xff, 0xff, 0xff, 0x88, 0xff, 0xff, 0xff, 0x89, 0xff, 0xff, 0xff, 0x88, 0xff, 0xff, 0xff, 0x88,
    0xff, 0xff, 0xff, 0x88, 0xff, 0xff, 0xff, 0x33, 0xff, 0xff, 0xff, 0x00, 0xff, 0xff, 0xff, 0x00,
    0xff, 0xff, 0xff, 0x00, 0xff, 0xff, 0xff, 0x00, 0xff, 0xff, 0xff, 0x00, 0xff, 0xff, 0xff, 0x00,
    0xff, 0xff, 0xff, 0x00, 0xff, 0xff, 0xff, 0x00, 0xff, 0xff, 0xff, 0x00, 0xff, 0xff, 0xff, 0x00,
    0xff, 0xff, 0xff, 0x00, 0xff, 0xff, 0xff, 0x00, 0xff, 0xff, 0xff, 0x00, 0xff, 0xff, 0xff, 0x00,
    0xff, 0xff, 0xff, 0x00, 0xff, 0xff, 0xff, 0x00, 0xff, 0xff, 0xff, 0x00, 0xff, 0xff, 0xff, 0x00,
    0xff, 0xff, 0xff, 0x00, 0xff, 0xff, 0xff, 0x00, 0xff, 0xff, 0xff, 0x00, 0xff, 0xff, 0xff, 0x00,
    0xff, 0xff, 0xff, 0x00, 0xff, 0xff, 0xff, 0x00, 0x03, 0x03, 0x03, 0x00, 0x0f, 0x0f, 0x0f, 0x00,
    0x24, 0x24, 0x24, 0x00, 0x40, 0x40, 0x40, 0x00, 0x5f, 0x5f, 0x5f, 0x00, 0x7e, 0x7e, 0x7e, 0x00,
    0x9b, 0x9b, 0x9b, 0x00, 0xb4, 0xb4, 0xb4, 0x00, 0xc8, 0xc8, 0xc8, 0x00, 0xd7, 0xd7, 0xd7, 0x00,
    0xe2, 0xe2, 0xe2, 0x00, 0xea, 0xea, 0xea, 0x00, 0xf0, 0xf0, 0xf0, 0x00, 0xf4, 0xf4, 0xf4, 0x00,
    0xf6, 0xf6, 0xf6, 0x00, 0xf8, 0xf8, 0xf8, 0x00, 0xf9, 0xf9, 0xf9, 0x00, 0xf9, 0xf9, 0xf9, 0x00,
    0xf9, 0xf9, 0xf9, 0x00, 0xf9, 0xf9, 0xf9, 0x00, 0xf9, 0xf9, 0xf9, 0x00, 0xf9, 0xf9, 0xf9, 0x00,
    0xf9, 0xf9, 0xf9, 0x00, 0xf9, 0xf9, 0xf9, 0x00, 0xff, 0xff, 0xff, 0x00, 0xff, 0xff, 0xff, 0x00,
    0xff, 0xff, 0xff, 0x00, 0xff, 0xff, 0xff, 0x00, 0xff, 0xff, 0xff, 0x00, 0xff, 0xff, 0xff, 0x00,
    0xff, 0xff, 0xff, 0x00, 0xff, 0xff, 0xff, 0x00, 0xff, 0xff, 0xff, 0x00, 0xff, 0xff, 0xff, 0x00,
    0xff, 0xff, 0xff, 0x00, 0xff, 0xff, 0xff, 0x00, 0xff, 0xff, 0xff, 0x00, 0xff, 0xff, 0xff, 0x00,
    0xff, 0xff, 0xff, 0x00, 0xff, 0xff, 0xff, 0x00, 0xff, 0xff, 0xff, 0x00, 0xff, 0xff, 0xff, 0x00,
    0xff, 0xff, 0xff, 0x00, 0xff, 0xff, 0xff, 0x00, 0xff, 0xff, 0xff, 0x00, 0xff, 0xff, 0xff, 0x00,
    0xff, 0xff, 0xff, 0x00, 0xff, 0xff, 0xff, 0x00, 0xff, 0xff, 0xff, 0x00, 0xff, 0xff, 0xff, 0x00,
    0xff, 0xff, 0xff, 0x00, 0xff, 0xff, 0xff, 0x00, 0xff, 0xff, 0xff, 0x00, 0xff, 0xff, 0xff, 0x00,
    0xff, 0xff, 0xff, 0x00, 0xff, 0xff, 0xff, 0x00, 0xff, 0xff, 0xff, 0x00, 0xff, 0xff, 0xff, 0x00,
    0xff, 0xff, 0xff, 0x00, 0xff, 0xff, 0xff, 0x00, 0xff, 0xff, 0xff, 0x00, 0xff, 0xff, 0xff, 0x00,
    0xff, 0xff, 0xff, 0x00, 0xff, 0xff, 0xff, 0x00, 0xff, 0xff, 0xff, 0x00, 0xff, 0xff, 0xff, 0x00,
    0xff, 0xff, 0xff, 0x00, 0xff, 0xff, 0xff, 0x00, 0xff, 0xff, 0xff, 0x00, 0xff, 0xff, 0xff, 0x00,
    0xff, 0xff, 0xff, 0x00, 0xff, 0xff, 0xff, 0x00, 0xff, 0xff, 0xff, 0x53, 0xff, 0xff, 0xff, 0x85,
    0xff, 0xff, 0xff, 0x85, 0xff, 0xff, 0xff, 0x85, 0xff, 0xff, 0xff, 0x85, 0xff, 0xff, 0xff, 0x85,
    0xff, 0xff, 0xff, 0x84, 0xff, 0xff, 0xff, 0x85, 0xff, 0xff, 0xff, 0x85, 0xff, 0xff, 0xff, 0x85,
    0xff, 0xff, 0xff, 0x85, 0xff, 0xff, 0xff, 0x85, 0xff, 0xff, 0xff, 0x85, 0xff, 0xff, 0xff, 0x85,
    0xff, 0xff, 0xff, 0x85, 0xff, 0xff, 0xff, 0x85, 0xff, 0xff, 0xff, 0x85, 0xff, 0xff, 0xff, 0x85,
    0xff, 0xff, 0xff, 0x84, 0xff, 0xff, 0xff, 0x85, 0xff, 0xff, 0xff, 0x85, 0xff, 0xff, 0xff, 0x32,
    0xff, 0xff, 0xff, 0x00, 0xff, 0xff, 0xff, 0x00, 0xff, 0xff, 0xff, 0x00, 0xff, 0xff, 0xff, 0x00,
    0xff, 0xff, 0xff, 0x00, 0xff, 0xff, 0xff, 0x00, 0xff, 0xff, 0xff, 0x00, 0xff, 0xff, 0xff, 0x00,
    0xff, 0xff, 0xff, 0x00, 0xff, 0xff, 0xff, 0x00, 0xff, 0xff, 0xff, 0x00, 0xff, 0xff, 0xff, 0x00,
    0xff, 0xff, 0xff, 0x00, 0xff, 0xff, 0xff, 0x00, 0xff, 0xff, 0xff, 0x00, 0xff, 0xff, 0xff, 0x00,
    0xff, 0xff, 0xff, 0x00, 0xff, 0xff, 0xff, 0x00, 0xff, 0xff, 0xff, 0x00, 0xff, 0xff, 0xff, 0x00,
    0xff, 0xff, 0xff, 0x00, 0xff, 0xff, 0xff, 0x00, 0xff, 0xff, 0xff, 0x00, 0xff, 0xff, 0xff, 0x00,
    0x03, 0x03, 0x03, 0x00, 0x0f, 0x0f, 0x0f, 0x00, 0x24, 0x24, 0x24, 0x00, 0x40, 0x40, 0x40, 0x00,
    0x5f, 0x5f, 0x5f, 0x00, 0x7e, 0x7e, 0x7e, 0x00, 0x9b, 0x9b, 0x9b, 0x00, 0xb4, 0xb4, 0xb4, 0x00,
    0xc8, 0xc8, 0xc8, 0x00, 0xd7, 0xd7, 0xd7, 0x00, 0xe2, 0xe2, 0xe2, 0x00, 0xea, 0xea, 0xea, 0x00,
    0xf0, 0xf0, 0xf0, 0x00, 0xf4, 0xf4, 0xf4, 0x00, 0xf6, 0xf6, 0xf6, 0x00, 0xf8, 0xf8, 0xf8, 0x00,
    0xf9, 0xf9, 0xf9, 0x00, 0xf9, 0xf9, 0xf9, 0x00, 0xf9, 0xf9, 0xf9, 0x00, 0xf9, 0xf9, 0xf9, 0x00,
    0xf9, 0xf9, 0xf9, 0x00, 0xf9, 0xf9, 0xf9, 0x00, 0xf9, 0xf9, 0xf9, 0x00, 0xf9, 0xf9, 0xf9, 0x00,
    0xff, 0xff, 0xff, 0x00, 0xff, 0xff, 0xff, 0x00, 0xff, 0xff, 0xff, 0x00, 0xff, 0xff, 0xff, 0x00,
    0xff, 0xff, 0xff, 0x00, 0xff, 0xff, 0xff, 0x00, 0xff, 0xff, 0xff, 0x00, 0xff, 0xff, 0xff, 0x00,
    0xff, 0xff, 0xff, 0x00, 0xff, 0xff, 0xff, 0x00, 0xff, 0xff, 0xff, 0x00, 0xff, 0xff, 0xff, 0x00,
    0xff, 0xff, 0xff, 0x00, 0xff, 0xff, 0xff, 0x00, 0xff, 0xff, 0xff, 0x00, 0xff, 0xff, 0xff, 0x00,
    0xff, 0xff, 0xff, 0x00, 0xff, 0xff, 0xff, 0x00, 0xff, 0xff, 0xff, 0x00, 0xff, 0xff, 0xff, 0x00,
    0xff, 0xff, 0xff, 0x00, 0xff, 0xff, 0xff, 0x00, 0xff, 0xff, 0xff, 0x00, 0xff, 0xff, 0xff, 0x00,
    0xff, 0xff, 0xff, 0x00, 0xff, 0xff, 0xff, 0x00, 0xff, 0xff, 0xff, 0x00, 0xff, 0xff, 0xff, 0x00,
    0xff, 0xff, 0xff, 0x00, 0xff, 0xff, 0xff, 0x00, 0xff, 0xff, 0xff, 0x00, 0xff, 0xff, 0xff, 0x00,
    0xff, 0xff, 0xff, 0x00, 0xff, 0xff, 0xff, 0x00, 0xff, 0xff, 0xff, 0x00, 0xff, 0xff, 0xff, 0x00,
    0xff, 0xff, 0xff, 0x00, 0xff, 0xff, 0xff, 0x00, 0xff, 0xff, 0xff, 0x00, 0xff, 0xff, 0xff, 0x00,
    0xff, 0xff, 0xff, 0x00, 0xff, 0xff, 0xff, 0x00, 0xff, 0xff, 0xff, 0x00, 0xff, 0xff, 0xff, 0x00,
    0xff, 0xff, 0xff, 0x00, 0xff, 0xff, 0xff, 0x00, 0xff, 0xff, 0xff, 0x00, 0xff, 0xff, 0xff, 0x00,
    0xff, 0xff, 0xff, 0x51, 0xff, 0xff, 0xff, 0x81, 0xff, 0xff, 0xff, 0x81, 0xff, 0xff, 0xff, 0x81,
    0xff, 0xff, 0xff, 0x81, 0xff, 0xff, 0xff, 0x81, 0xff, 0xff, 0xff, 0x81, 0xff, 0xff, 0xff, 0x82,
    0xff, 0xff, 0xff, 0x82, 0xff, 0xff, 0xff, 0x82, 0xff, 0xff, 0xff, 0x81, 0xff, 0xff, 0xff, 0x81,
    0xff, 0xff, 0xff, 0x81, 0xff, 0xff, 0xff, 0x81, 0xff, 0xff, 0xff, 0x81, 0xff, 0xff, 0xff, 0x81,
    0xff, 0xff, 0xff, 0x81, 0xff, 0xff, 0xff, 0x81, 0xff, 0xff, 0xff, 0x81, 0xff, 0xff, 0xff, 0x81,
    0xff, 0xff, 0xff, 0x81, 0xff, 0xff, 0xff, 0x30, 0xff, 0xff, 0xff, 0x00, 0xff, 0xff, 0xff, 0x00,
    0xff, 0xff, 0xff, 0x00, 0xff, 0xff, 0xff, 0x00, 0xff, 0xff, 0xff, 0x00, 0xff, 0xff, 0xff, 0x00,
    0xff, 0xff, 0xff, 0x00, 0xff, 0xff, 0xff, 0x00, 0xff, 0xff, 0xff, 0x00, 0xff, 0xff, 0xff, 0x00,
    0xff, 0xff, 0xff, 0x00, 0xff, 0xff, 0xff, 0x00, 0xff, 0xff, 0xff, 0x00, 0xff, 0xff, 0xff, 0x00,
    0xff, 0xff, 0xff, 0x00, 0xff, 0xff, 0xff, 0x00, 0xff, 0xff, 0xff, 0x00, 0xff, 0xff, 0xff, 0x00,
    0xff, 0xff, 0xff, 0x00, 0xff, 0xff, 0xff, 0x00, 0xff, 0xff, 0xff, 0x00, 0xff, 0xff, 0xff, 0x00,
    0xff, 0xff, 0xff, 0x00, 0xff, 0xff, 0xff, 0x00, 0x03, 0x03, 0x03, 0x00, 0x0f, 0x0f, 0x0f, 0x00,
    0x24, 0x24, 0x24, 0x00, 0x40, 0x40, 0x40, 0x00, 0x5f, 0x5f, 0x5f, 0x00, 0x7e, 0x7e, 0x7e, 0x00,
    0x9b, 0x9b, 0x9b, 0x00, 0xb4, 0xb4, 0xb4, 0x00, 0xc8, 0xc8, 0xc8, 0x00, 0xd7, 0xd7, 0xd7, 0x00,
    0xe2, 0xe2, 0xe2, 0x00, 0xea, 0xea, 0xea, 0x00, 0xf0, 0xf0, 0xf0, 0x00, 0xf4, 0xf4, 0xf4, 0x00,
    0xf6, 0xf6, 0xf6, 0x00, 0xf8, 0xf8, 0xf8, 0x00, 0xf9, 0xf9, 0xf9, 0x00, 0xf9, 0xf9, 0xf9, 0x00,
    0xf9, 0xf9, 0xf9, 0x00, 0xf9, 0xf9, 0xf9, 0x00, 0xf9, 0xf9, 0xf9, 0x00, 0xf9, 0xf9, 0xf9, 0x00,
    0xf9, 0xf9, 0xf9, 0x00, 0xf9, 0xf9, 0xf9, 0x00, 0xff, 0xff, 0xff, 0x00, 0xff, 0xff, 0xff, 0x00,
    0xff, 0xff, 0xff, 0x00, 0xff, 0xff, 0xff, 0x00, 0xff, 0xff, 0xff, 0x00, 0xff, 0xff, 0xff, 0x00,
    0xff, 0xff, 0xff, 0x00, 0xff, 0xff, 0xff, 0x00, 0xff, 0xff, 0xff, 0x00, 0xff, 0xff, 0xff, 0x00,
    0xff, 0xff, 0xff, 0x00, 0xff, 0xff, 0xff, 0x00, 0xff, 0xff, 0xff, 0x00, 0xff, 0xff, 0xff, 0x00,
    0xff, 0xff, 0xff, 0x00, 0xff, 0xff, 0xff, 0x00, 0xff, 0xff, 0xff, 0x00, 0xff, 0xff, 0xff, 0x00,
    0xff, 0xff, 0xff, 0x00, 0xff, 0xff, 0xff, 0x00, 0xff, 0xff, 0xff, 0x00, 0xff, 0xff, 0xff, 0x00,
    0xff, 0xff, 0xff, 0x00, 0xff, 0xff, 0xff, 0x00, 0xff, 0xff, 0xff, 0x00, 0xff, 0xff, 0xff, 0x00,
    0xff, 0xff, 0xff, 0x00, 0xff, 0xff, 0xff, 0x00, 0xff, 0xff, 0xff, 0x00, 0xff, 0xff, 0xff, 0x00,
    0xff, 0xff, 0xff, 0x00, 0xff, 0xff, 0xff, 0x00, 0xff, 0xff, 0xff, 0x00, 0xff, 0xff, 0xff, 0x00,
    0xff, 0xff, 0xff, 0x00, 0xff, 0xff, 0xff, 0x00, 0xff, 0xff, 0xff, 0x00, 0xff, 0xff, 0xff, 0x00,
    0xff, 0xff, 0xff, 0x00, 0xff, 0xff, 0xff, 0x00, 0xff, 0xff, 0xff, 0x00, 0xff, 0xff, 0xff, 0x00,
    0xff, 0xff, 0xff, 0x00, 0xff, 0xff, 0xff, 0x00, 0xff, 0xff, 0xff, 0x00, 0xff, 0xff, 0xff, 0x00,
    0xff, 0xff, 0xff, 0x00, 0xff, 0xff, 0xff, 0x00, 0xff, 0xff, 0xff, 0x4e, 0xff, 0xff, 0xff, 0x7d,
    0xff, 0xff, 0xff, 0x7e, 0xff, 0xff, 0xff, 0x7e, 0xff, 0xff, 0xff, 0x7e, 0xff, 0xff, 0xff, 0x7e,
    0xff, 0xff, 0xff, 0x7e, 0xff, 0xff, 0xff, 0x7e, 0xff, 0xff, 0xff, 0x7e, 0xff, 0xff, 0xff, 0x7d,
    0xff, 0xff, 0xff, 0x7e, 0xff, 0xff, 0xff, 0x7e, 0xff, 0xff, 0xff, 0x7e, 0xff, 0xff, 0xff, 0x7d,
    0xff, 0xff, 0xff, 0x7d, 0xff, 0xff, 0xff, 0x7d, 0xff, 0xff, 0xff, 0x7d, 0xff, 0xff, 0xff, 0x7d,
    0xff, 0xff, 0xff, 0x7d, 0xff, 0xff, 0xff, 0x7e, 0xff, 0xff, 0xff, 0x7e, 0xff, 0xff, 0xff, 0x2f,
    0xff, 0xff, 0xff, 0x00, 0xff, 0xff, 0xff, 0x00, 0xff, 0xff, 0xff, 0x00, 0xff, 0xff, 0xff, 0x00,
    0xff, 0xff, 0xff, 0x00, 0xff, 0xff, 0xff, 0x00, 0xff, 0xff, 0xff, 0x00, 0xff, 0xff, 0xff, 0x00,
    0xff, 0xff, 0xff, 0x00, 0xff, 0xff, 0xff, 0x00, 0xff, 0xff, 0xff, 0x00, 0xff, 0xff, 0xff, 0x00,
    0xff, 0xff, 0xff, 0x00, 0xff, 0xff, 0xff, 0x00, 0xff, 0xff, 0xff, 0x00, 0xff, 0xff, 0xff, 0x00,
    0xff, 0xff, 0xff, 0x00, 0xff, 0xff, 0xff, 0x00, 0xff, 0xff, 0xff, 0x00, 0xff, 0xff, 0xff, 0x00,
    0xff, 0xff, 0xff, 0x00, 0xff, 0xff, 0xff, 0x00, 0xff, 0xff, 0xff, 0x00, 0xff, 0xff, 0xff, 0x00,
    0x03, 0x03, 0x03, 0x00, 0x0f, 0x0f, 0x0f, 0x00, 0x24, 0x24, 0x24, 0x00, 0x40, 0x40, 0x40, 0x00,
    0x5f, 0x5f, 0x5f, 0x00, 0x7e, 0x7e, 0x7e, 0x00, 0x9b, 0x9b, 0x9b, 0x00, 0xb4, 0xb4, 0xb4, 0x00,
    0xc8, 0xc8, 0xc8, 0x00, 0xd7, 0xd7, 0xd7, 0x00, 0xe2, 0xe2, 0xe2, 0x00, 0xea, 0xea, 0xea, 0x00,
    0xf0, 0xf0, 0xf0, 0x00, 0xf4, 0xf4, 0xf4, 0x00, 0xf6, 0xf6, 0xf6, 0x00, 0xf8, 0xf8, 0xf8, 0x00,
    0xf9, 0xf9, 0xf9, 0x00, 0xf9, 0xf9, 0xf9, 0x00, 0xf9, 0xf9, 0xf9, 0x00, 0xf9, 0xf9, 0xf9, 0x00,
    0xf9, 0xf9, 0xf9, 0x00, 0xf9, 0xf9, 0xf9, 0x00, 0xf9, 0xf9, 0xf9, 0x00, 0xf9, 0xf9, 0xf9, 0x00,
    0xff, 0xff, 0xff, 0x00, 0xff, 0xff, 0xff, 0x00, 0xff, 0xff, 0xff, 0x00, 0xff, 0xff, 0xff, 0x00,
    0xff, 0xff, 0xff, 0x00, 0xff, 0xff, 0xff, 0x00, 0xff, 0xff, 0xff, 0x00, 0xff, 0xff, 0xff, 0x00,
    0xff, 0xff, 0xff, 0x00, 0xff, 0xff, 0xff, 0x00, 0xff, 0xff, 0xff, 0x00, 0xff, 0xff, 0xff, 0x00,
    0xff, 0xff, 0xff, 0x00, 0xff, 0xff, 0xff, 0x00, 0xff, 0xff, 0xff, 0x00, 0xff, 0xff, 0xff, 0x00,
    0xff, 0xff, 0xff, 0x00, 0xff, 0xff, 0xff, 0x00, 0xff, 0xff, 0xff, 0x00, 0xff, 0xff, 0xff, 0x00,
    0xff, 0xff, 0xff, 0x00, 0xff, 0xff, 0xff, 0x00, 0xff, 0xff, 0xff, 0x00, 0xff, 0xff, 0xff, 0x00,
    0xff, 0xff, 0xff, 0x00, 0xff, 0xff, 0xff, 0x00, 0xff, 0xff, 0xff, 0x00, 0xff, 0xff, 0xff, 0x00,
    0xff, 0xff, 0xff, 0x00, 0xff, 0xff, 0xff, 0x00, 0xff, 0xff, 0xff, 0x00, 0xff, 0xff, 0xff, 0x00,
    0xff, 0xff, 0xff, 0x00, 0xff, 0xff, 0xff, 0x00, 0xff, 0xff, 0xff, 0x00, 0xff, 0xff, 0xff, 0x00,
    0xff, 0xff, 0xff, 0x00, 0xff, 0xff, 0xff, 0x00, 0xff, 0xff, 0xff, 0x00, 0xff, 0xff, 0xff, 0x00,
    0xff, 0xff, 0xff, 0x00, 0xff, 0xff, 0xff, 0x00, 0xff, 0xff, 0xff, 0x00, 0xff, 0xff, 0xff, 0x00,
    0xff, 0xff, 0xff, 0x00, 0xff, 0xff, 0xff, 0x00, 0xff, 0xff, 0xff, 0x00, 0xff, 0xff, 0xff, 0x00,
    0xff, 0xff, 0xff, 0x4c, 0xff, 0xff, 0xff, 0x7a, 0xff, 0xff, 0xff, 0x7a, 0xff, 0xff, 0xff, 0x7a,
    0xff, 0xff, 0xff, 0x7a, 0xff, 0xff, 0xff, 0x7a, 0xff, 0xff, 0xff, 0x7a, 0xff, 0xff, 0xff, 0x7a,
    0xff, 0xff, 0xff, 0x7a, 0xff, 0xff, 0xff, 0x7a, 0xff, 0xff, 0xff, 0x7a, 0xff, 0xff, 0xff, 0x7a,
    0xff, 0xff, 0xff, 0x7a, 0xff, 0xff, 0xff, 0x7a, 0xff, 0xff, 0xff, 0x7a, 0xff, 0xff, 0xff, 0x7a,
    0xff, 0xff, 0xff, 0x7a, 0xff, 0xff, 0xff, 0x7a, 0xff, 0xff, 0xff, 0x7a, 0xff, 0xff, 0xff, 0x7a,
    0xff, 0xff, 0xff, 0x7a, 0xff, 0xff, 0xff, 0x2e, 0xff, 0xff, 0xff, 0x00, 0xff, 0xff, 0xff, 0x00,
    0xff, 0xff, 0xff, 0x00, 0xff, 0xff, 0xff, 0x00, 0xff, 0xff, 0xff, 0x00, 0xff, 0xff, 0xff, 0x00,
    0xff, 0xff, 0xff, 0x00, 0xff, 0xff, 0xff, 0x00, 0xff, 0xff, 0xff, 0x00, 0xff, 0xff, 0xff, 0x00,
    0xff, 0xff, 0xff, 0x00, 0xff, 0xff, 0xff, 0x00, 0xff, 0xff, 0xff, 0x00, 0xff, 0xff, 0xff, 0x00,
    0xff, 0xff, 0xff, 0x00, 0xff, 0xff, 0xff, 0x00, 0xff, 0xff, 0xff, 0x00, 0xff, 0xff, 0xff, 0x00,
    0xff, 0xff, 0xff, 0x00, 0xff, 0xff, 0xff, 0x00, 0xff, 0xff, 0xff, 0x00, 0xff, 0xff, 0xff, 0x00,
    0xff, 0xff, 0xff, 0x00, 0xff, 0xff, 0xff, 0x00, 0x03, 0x03, 0x03, 0x00, 0x0f, 0x0f, 0x0f, 0x00,
    0x24, 0x24, 0x24, 0x00, 0x40, 0x40, 0x40, 0x00, 0x5f, 0x5f, 0x5f, 0x00, 0x7e, 0x7e, 0x7e, 0x00,
    0x9b, 0x9b, 0x9b, 0x00, 0xb4, 0xb4, 0xb4, 0x00, 0xc8, 0xc8, 0xc8, 0x00, 0xd7, 0xd7, 0xd7, 0x00,
    0xe2, 0xe2, 0xe2, 0x00, 0xea, 0xea, 0xea, 0x00, 0xf0, 0xf0, 0xf0, 0x00, 0xf4, 0xf4, 0xf4, 0x00,
    0xf6, 0xf6, 0xf6, 0x00, 0xf8, 0xf8, 0xf8, 0x00, 0xf9, 0xf9, 0xf9, 0x00, 0xf9, 0xf9, 0xf9, 0x00,
    0xf9, 0xf9, 0xf9, 0x00, 0xf9, 0xf9, 0xf9, 0x00, 0xf9, 0xf9, 0xf9, 0x00, 0xf9, 0xf9, 0xf9, 0x00,
    0xf9, 0xf9, 0xf9, 0x00, 0xf9, 0xf9, 0xf9, 0x00, 0xff, 0xff, 0xff, 0x00, 0xff, 0xff, 0xff, 0x00,
    0xff, 0xff, 0xff, 0x00, 0xff, 0xff, 0xff, 0x00, 0xff, 0xff, 0xff, 0x00, 0xff, 0xff, 0xff, 0x00,
    0xff, 0xff, 0xff, 0x00, 0xff, 0xff, 0xff, 0x00, 0xff, 0xff, 0xff, 0x00, 0xff, 0xff, 0xff, 0x00,
    0xff, 0xff, 0xff, 0x00, 0xff, 0xff, 0xff, 0x00, 0xff, 0xff, 0xff, 0x00, 0xff, 0xff, 0xff, 0x00,
    0xff, 0xff, 0xff, 0x00, 0xff, 0xff, 0xff, 0x00, 0xff, 0xff, 0xff, 0x00, 0xff, 0xff, 0xff, 0x00,
    0xff, 0xff, 0xff, 0x00, 0xff, 0xff, 0xff, 0x00, 0xff, 0xff, 0xff, 0x00, 0xff, 0xff, 0xff, 0x00,
    0xff, 0xff, 0xff, 0x00, 0xff, 0xff, 0xff, 0x00, 0xff, 0xff, 0xff, 0x00, 0xff, 0xff, 0xff, 0x00,
    0xff, 0xff, 0xff, 0x00, 0xff, 0xff, 0xff, 0x00, 0xff, 0xff, 0xff, 0x00, 0xff, 0xff, 0xff, 0x00,
    0xff, 0xff, 0xff, 0x00, 0xff, 0xff, 0xff, 0x00, 0xff, 0xff, 0xff, 0x00, 0xff, 0xff, 0xff, 0x00,
    0xff, 0xff, 0xff, 0x00, 0xff, 0xff, 0xff, 0x00, 0xff, 0xff, 0xff, 0x00, 0xff, 0xff, 0xff, 0x00,
    0xff, 0xff, 0xff, 0x00, 0xff, 0xff, 0xff, 0x00, 0xff, 0xff, 0xff, 0x00, 0xff, 0xff, 0xff, 0x00,
    0xff, 0xff, 0xff, 0x00, 0xff, 0xff, 0xff, 0x00, 0xff, 0xff, 0xff, 0x00, 0xff, 0xff, 0xff, 0x00,
    0xff, 0xff, 0xff, 0x00, 0xff, 0xff, 0xff, 0x00, 0xff, 0xff, 0xff, 0x4a, 0xff, 0xff, 0xff, 0x76,
    0xff, 0xff, 0xff, 0x76, 0xff, 0xff, 0xff, 0x76, 0xff, 0xff, 0xff, 0x76, 0xff, 0xff, 0xff, 0x76,
    0xff, 0xff, 0xff, 0x76, 0xff, 0xff, 0xff, 0x76, 0xff, 0xff, 0xff, 0x77, 0xff, 0xff, 0xff, 0x76,
    0xff, 0xff, 0xff, 0x76, 0xff, 0xff, 0xff, 0x76, 0xff, 0xff, 0xff, 0x76, 0xff, 0xff, 0xff, 0x76,
    0xff, 0xff, 0xff, 0x76, 0xff, 0xff, 0xff, 0x76, 0xff, 0xff, 0xff, 0x76, 0xff, 0xff, 0xff, 0x76,
    0xff, 0xff, 0xff, 0x76, 0xff, 0xff, 0xff, 0x76, 0xff, 0xff, 0xff, 0x76, 0xff, 0xff, 0xff, 0x2c,
    0xff, 0xff, 0xff, 0x00, 0xff, 0xff, 0xff, 0x00, 0xff, 0xff, 0xff, 0x00, 0xff, 0xff, 0xff, 0x00,
    0xff, 0xff, 0xff, 0x00, 0xff, 0xff, 0xff, 0x00, 0xff, 0xff, 0xff, 0x00, 0xff, 0xff, 0xff, 0x00,
    0xff, 0xff, 0xff, 0x00, 0xff, 0xff, 0xff, 0x00, 0xff, 0xff, 0xff, 0x00, 0xff, 0xff, 0xff, 0x00,
    0xff, 0xff, 0xff, 0x00, 0xff, 0xff, 0xff, 0x00, 0xff, 0xff, 0xff, 0x00, 0xff, 0xff, 0xff, 0x00,
    0xff, 0xff, 0xff, 0x00, 0xff, 0xff, 0xff, 0x00, 0xff, 0xff, 0xff, 0x00, 0xff, 0xff, 0xff, 0x00,
    0xff, 0xff, 0xff, 0x00, 0xff, 0xff, 0xff, 0x00, 0xff, 0xff, 0xff, 0x00, 0xff, 0xff, 0xff, 0x00,
    0x03, 0x03, 0x03, 0x00, 0x0f, 0x0f, 0x0f, 0x00, 0x24, 0x24, 0x24, 0x00, 0x40, 0x40, 0x40, 0x00,
    0x5f, 0x5f, 0x5f, 0x00, 0x7e, 0x7e, 0x7e, 0x00, 0x9b, 0x9b, 0x9b, 0x00, 0xb4, 0xb4, 0xb4, 0x00,
    0xc8, 0xc8, 0xc8, 0x00, 0xd7, 0xd7, 0xd7, 0x00, 0xe2, 0xe2, 0xe2, 0x00, 0xea, 0xea, 0xea, 0x00,
    0xf0, 0xf0, 0xf0, 0x00, 0xf4, 0xf4, 0xf4, 0x00, 0xf6, 0xf6, 0xf6, 0x00, 0xf8, 0xf8, 0xf8, 0x00,
    0xf9, 0xf9, 0xf9, 0x00, 0xf9, 0xf9, 0xf9, 0x00, 0xf9, 0xf9, 0xf9, 0x00, 0xf9, 0xf9, 0xf9, 0x00,
    0xf9, 0xf9, 0xf9, 0x00, 0xf9, 0xf9, 0xf9, 0x00, 0xf9, 0xf9, 0xf9, 0x00, 0xf9, 0xf9, 0xf9, 0x00,
    0xff, 0xff, 0xff, 0x00, 0xff, 0xff, 0xff, 0x00, 0xff, 0xff, 0xff, 0x00, 0xff, 0xff, 0xff, 0x00,
    0xff, 0xff, 0xff, 0x00, 0xff, 0xff, 0xff, 0x00, 0xff, 0xff, 0xff, 0x00, 0xff, 0xff, 0xff, 0x00,
    0xff, 0xff, 0xff, 0x00, 0xff, 0xff, 0xff, 0x00, 0xff, 0xff, 0xff, 0x00, 0xff, 0xff, 0xff, 0x00,
    0xff, 0xff, 0xff, 0x00, 0xff, 0xff, 0xff, 0x00, 0xff, 0xff, 0xff, 0x00, 0xff, 0xff, 0xff, 0x00,
    0xff, 0xff, 0xff, 0x00, 0xff, 0xff, 0xff, 0x00, 0xff, 0xff, 0xff, 0x00, 0xff, 0xff, 0xff, 0x00,
    0xff, 0xff, 0xff, 0x00, 0xff, 0xff, 0xff, 0x00, 0xff, 0xff, 0xff, 0x00, 0xff, 0xff, 0xff, 0x00,
    0xff, 0xff, 0xff, 0x00, 0xff, 0xff, 0xff, 0x00, 0xff, 0xff, 0xff, 0x00, 0xff, 0xff, 0xff, 0x00,
    0xff, 0xff, 0xff, 0x00, 0xff, 0xff, 0xff, 0x00, 0xff, 0xff, 0xff, 0x00, 0xff, 0xff, 0xff, 0x00,
    0xff, 0xff, 0xff, 0x00, 0xff, 0xff, 0xff, 0x00, 0xff, 0xff, 0xff, 0x00, 0xff, 0xff, 0xff, 0x00,
    0xff, 0xff, 0xff, 0x00, 0xff, 0xff, 0xff, 0x00, 0xff, 0xff, 0xff, 0x00, 0xff, 0xff, 0xff, 0x00,
    0xff, 0xff, 0xff, 0x00, 0xff, 0xff, 0xff, 0x00, 0xff, 0xff, 0xff, 0x00, 0xff, 0xff, 0xff, 0x00,
    0xff, 0xff, 0xff, 0x00, 0xff, 0xff, 0xff, 0x00, 0xff, 0xff, 0xff, 0x00, 0xff, 0xff, 0xff, 0x00,
    0xff, 0xff, 0xff, 0x47, 0xff, 0xff, 0xff, 0x73, 0xff, 0xff, 0xff, 0x72, 0xff, 0xff, 0xff, 0x72,
    0xff, 0xff, 0xff, 0x73, 0xff, 0xff, 0xff, 0x72, 0xff, 0xff, 0xff, 0x73, 0xff, 0xff, 0xff, 0x73,
    0xff, 0xff, 0xff, 0x73, 0xff, 0xff, 0xff, 0x72, 0xff, 0xff, 0xff, 0x72, 0xff, 0xff, 0xff, 0x73,
    0xff, 0xff, 0xff, 0x73, 0xff, 0xff, 0xff, 0x72, 0xff, 0xff, 0xff, 0x72, 0xff, 0xff, 0xff, 0x72,
    0xff, 0xff, 0xff, 0x73, 0xff, 0xff, 0xff, 0x72, 0xff, 0xff, 0xff, 0x72, 0xff, 0xff, 0xff, 0x72,
    0xff, 0xff, 0xff, 0x73, 0xff, 0xff, 0xff, 0x2b, 0xff, 0xff, 0xff, 0x00, 0xff, 0xff, 0xff, 0x00,
    0xff, 0xff, 0xff, 0x00, 0xff, 0xff, 0xff, 0x00, 0xff, 0xff, 0xff, 0x00, 0xff, 0xff, 0xff, 0x00,
    0xff, 0xff, 0xff, 0x00, 0xff, 0xff, 0xff, 0x00, 0xff, 0xff, 0xff, 0x00, 0xff, 0xff, 0xff, 0x00,
    0xff, 0xff, 0xff, 0x00, 0xff, 0xff, 0xff, 0x00, 0xff, 0xff, 0xff, 0x00, 0xff, 0xff, 0xff, 0x00,
    0xff, 0xff, 0xff, 0x00, 0xff, 0xff, 0xff, 0x00, 0xff, 0xff, 0xff, 0x00, 0xff, 0xff, 0xff, 0x00,
    0xff, 0xff, 0xff, 0x00, 0xff, 0xff, 0xff, 0x00, 0xff, 0xff, 0xff, 0x00, 0xff, 0xff, 0xff, 0x00,
    0xff, 0xff, 0xff, 0x00, 0xff, 0xff, 0xff, 0x00, 0x03, 0x03, 0x03, 0x00, 0x0f, 0x0f, 0x0f, 0x00,
    0x24, 0x24, 0x24, 0x00, 0x40, 0x40, 0x40, 0x00, 0x5f, 0x5f, 0x5f, 0x00, 0x7e, 0x7e, 0x7e, 0x00,
    0x9b, 0x9b, 0x9b, 0x00, 0xb4, 0xb4, 0xb4, 0x00, 0xc8, 0xc8, 0xc8, 0x00, 0xd7, 0xd7, 0xd7, 0x00,
    0xe2, 0xe2, 0xe2, 0x00, 0xea, 0xea, 0xea, 0x00, 0xf0, 0xf0, 0xf0, 0x00, 0xf4, 0xf4, 0xf4, 0x00,
    0xf6, 0xf6, 0xf6, 0x00, 0xf8, 0xf8, 0xf8, 0x00, 0xf9, 0xf9, 0xf9, 0x00, 0xf9, 0xf9, 0xf9, 0x00,
    0xf9, 0xf9, 0xf9, 0x00, 0xf9, 0xf9, 0xf9, 0x00, 0xf9, 0xf9, 0xf9, 0x00, 0xf9, 0xf9, 0xf9, 0x00,
    0xf9, 0xf9, 0xf9, 0x00, 0xf9, 0xf9, 0xf9, 0x00, 0xff, 0xff, 0xff, 0x00, 0xff, 0xff, 0xff, 0x00,
    0xff, 0xff, 0xff, 0x00, 0xff, 0xff, 0xff, 0x00, 0xff, 0xff, 0xff, 0x00, 0xff, 0xff, 0xff, 0x00,
    0xff, 0xff, 0xff, 0x00, 0xff, 0xff, 0xff, 0x00, 0xff, 0xff, 0xff, 0x00, 0xff, 0xff, 0xff, 0x00,
    0xff, 0xff, 0xff, 0x00, 0xff, 0xff, 0xff, 0x00, 0xff, 0xff, 0xff, 0x00, 0xff, 0xff, 0xff, 0x00,
    0xff, 0xff, 0xff, 0x00, 0xff, 0xff, 0xff, 0x00, 0xff, 0xff, 0xff, 0x00, 0xff, 0xff, 0xff, 0x00,
    0xff, 0xff, 0xff, 0x00, 0xff, 0xff, 0xff, 0x00, 0xff, 0xff, 0xff, 0x00, 0xff, 0xff, 0xff, 0x00,
    0xff, 0xff, 0xff, 0x00, 0xff, 0xff, 0xff, 0x00, 0xff, 0xff, 0xff, 0x00, 0xff, 0xff, 0xff, 0x00,
    0xff, 0xff, 0xff, 0x00, 0xff, 0xff, 0xff, 0x00, 0xff, 0xff, 0xff, 0x00, 0xff, 0xff, 0xff, 0x00,
    0xff, 0xff, 0xff, 0x00, 0xff, 0xff, 0xff, 0x00, 0xff, 0xff, 0xff, 0x00, 0xff, 0xff, 0xff, 0x00,
    0xff, 0xff, 0xff, 0x00, 0xff, 0xff, 0xff, 0x00, 0xff, 0xff, 0xff, 0x00, 0xff, 0xff, 0xff, 0x00,
    0xff, 0xff, 0xff, 0x00, 0xff, 0xff, 0xff, 0x00, 0xff, 0xff, 0xff, 0x00, 0xff, 0xff, 0xff, 0x00,
    0xff, 0xff, 0xff, 0x00, 0xff, 0xff, 0xff, 0x00, 0xff, 0xff, 0xff, 0x00, 0xff, 0xff, 0xff, 0x00,
    0xff, 0xff, 0xff, 0x00, 0xff, 0xff, 0xff, 0x00, 0xff, 0xff, 0xff, 0x45, 0xff, 0xff, 0xff, 0x6f,
    0xff, 0xff, 0xff, 0x6f, 0xff, 0xff, 0xff, 0x6f, 0xff, 0xff, 0xff, 0x6f, 0xff, 0xff, 0xff, 0x6f,
    0xff, 0xff, 0xff, 0x6f, 0xff, 0xff, 0xff, 0x6f, 0xff, 0xff, 0xff, 0x6f, 0xff, 0xff, 0xff, 0x6f,
    0xff, 0xff, 0xff, 0x6f, 0xff, 0xff, 0xff, 0x6f, 0xff, 0xff, 0xff, 0x6f, 0xff, 0xff, 0xff, 0x6f,
    0xff, 0xff, 0xff, 0x6f, 0xff, 0xff, 0xff, 0x6f, 0xff, 0xff, 0xff, 0x6f, 0xff, 0xff, 0xff, 0x6e,
    0xff, 0xff, 0xff, 0x6f, 0xff, 0xff, 0xff, 0x6f, 0xff, 0xff, 0xff, 0x6f, 0xff, 0xff, 0xff, 0x29,
    0xff, 0xff, 0xff, 0x00, 0xff, 0xff, 0xff, 0x00, 0xff, 0xff, 0xff, 0x00, 0xff, 0xff, 0xff, 0x00,
    0xff, 0xff, 0xff, 0x00, 0xff, 0xff, 0xff, 0x00, 0xff, 0xff, 0xff, 0x00, 0xff, 0xff, 0xff, 0x00,
    0xff, 0xff, 0xff, 0x00, 0xff, 0xff, 0xff, 0x00, 0xff, 0xff, 0xff, 0x00, 0xff, 0xff, 0xff, 0x00,
    0xff, 0xff, 0xff, 0x00, 0xff, 0xff, 0xff, 0x00, 0xff, 0xff, 0xff, 0x00, 0xff, 0xff, 0xff, 0x00,
    0xff, 0xff, 0xff, 0x00, 0xff, 0xff, 0xff, 0x00, 0xff, 0xff, 0xff, 0x00, 0xff, 0xff, 0xff, 0x00,
    0xff, 0xff, 0xff, 0x00, 0xff, 0xff, 0xff, 0x00, 0xff, 0xff, 0xff, 0x00, 0xff, 0xff, 0xff, 0x00,
    0x03, 0x03, 0x03, 0x00, 0x0f, 0x0f, 0x0f, 0x00, 0x24, 0x24, 0x24, 0x00, 0x40, 0x40, 0x40, 0x00,
    0x5f, 0x5f, 0x5f, 0x00, 0x7e, 0x7e, 0x7e, 0x00, 0x9b, 0x9b, 0x9b, 0x00, 0xb4, 0xb4, 0xb4, 0x00,
    0xc8, 0xc8, 0xc8, 0x00, 0xd7, 0xd7, 0xd7, 0x00, 0xe2, 0xe2, 0xe2, 0x00, 0xea, 0xea, 0xea, 0x00,
    0xf0, 0xf0, 0xf0, 0x00, 0xf4, 0xf4, 0xf4, 0x00, 0xf6, 0xf6, 0xf6, 0x00, 0xf8, 0xf8, 0xf8, 0x00,
    0xf9, 0xf9, 0xf9, 0x00, 0xf9, 0xf9, 0xf9, 0x00, 0xf9, 0xf9, 0xf9, 0x00, 0xf9, 0xf9, 0xf9, 0x00,
    0xf9, 0xf9, 0xf9, 0x00, 0xf9, 0xf9, 0xf9, 0x00, 0xf9, 0xf9, 0xf9, 0x00, 0xf9, 0xf9, 0xf9, 0x00,
    0xff, 0xff, 0xff, 0x00, 0xff, 0xff, 0xff, 0x00, 0xff, 0xff, 0xff, 0x00, 0xff, 0xff, 0xff, 0x00,
    0xff, 0xff, 0xff, 0x00, 0xff, 0xff, 0xff, 0x00, 0xff, 0xff, 0xff, 0x00, 0xff, 0xff, 0xff, 0x00,
    0xff, 0xff, 0xff, 0x00, 0xff, 0xff, 0xff, 0x00, 0xff, 0xff, 0xff, 0x00, 0xff, 0xff, 0xff, 0x00,
    0xff, 0xff, 0xff, 0x00, 0xff, 0xff, 0xff, 0x00, 0xff, 0xff, 0xff, 0x00, 0xff, 0xff, 0xff, 0x00,
    0xff, 0xff, 0xff, 0x00, 0xff, 0xff, 0xff, 0x00, 0xff, 0xff, 0xff, 0x00, 0xff, 0xff, 0xff, 0x00,
    0xff, 0xff, 0xff, 0x00, 0xff, 0xff, 0xff, 0x00, 0xff, 0xff, 0xff, 0x00, 0xff, 0xff, 0xff, 0x00,
    0xff, 0xff, 0xff, 0x00, 0xff, 0xff, 0xff, 0x00, 0xff, 0xff, 0xff, 0x00, 0xff, 0xff, 0xff, 0x00,
    0xff, 0xff, 0xff, 0x00, 0xff, 0xff, 0xff, 0x00, 0xff, 0xff, 0xff, 0x00, 0xff, 0xff, 0xff, 0x00,
    0xff, 0xff, 0xff, 0x00, 0xff, 0xff, 0xff, 0x00, 0xff, 0xff, 0xff, 0x00, 0xff, 0xff, 0xff, 0x00,
    0xff, 0xff, 0xff, 0x00, 0xff, 0xff, 0xff, 0x00, 0xff, 0xff, 0xff, 0x00, 0xff, 0xff, 0xff, 0x00,
    0xff, 0xff, 0xff, 0x00, 0xff, 0xff, 0xff, 0x00, 0xff, 0xff, 0xff, 0x00, 0xff, 0xff, 0xff, 0x00,
    0xff, 0xff, 0xff, 0x00, 0xff, 0xff, 0xff, 0x00, 0xff, 0xff, 0xff, 0x00, 0xff, 0xff, 0xff, 0x00,
    0xff, 0xff, 0xff, 0x43, 0xff, 0xff, 0xff, 0x6b, 0xff, 0xff, 0xff, 0x6b, 0xff, 0xff, 0xff, 0x6b,
    0xff, 0xff, 0xff, 0x6b, 0xff, 0xff, 0xff, 0x6b, 0xff, 0xff, 0xff, 0x6b, 0xff, 0xff, 0xff, 0x6b,
    0xff, 0xff, 0xff, 0x6c, 0xff, 0xff, 0xff, 0x6b, 0xff, 0xff, 0xff, 0x6b, 0xff, 0xff, 0xff, 0x6b,
    0xff, 0xff, 0xff, 0x6b, 0xff, 0xff, 0xff, 0x6b, 0xff, 0xff, 0xff, 0x6b, 0xff, 0xff, 0xff, 0x6b,
    0xff, 0xff, 0xff, 0x6b, 0xff, 0xff, 0xff, 0x6b, 0xff, 0xff, 0xff, 0x6b, 0xff, 0xff, 0xff, 0x6b,
    0xff, 0xff, 0xff, 0x6b, 0xff, 0xff, 0xff, 0x28, 0xff, 0xff, 0xff, 0x00, 0xff, 0xff, 0xff, 0x00,
    0xff, 0xff, 0xff, 0x00, 0xff, 0xff, 0xff, 0x00, 0xff, 0xff, 0xff, 0x00, 0xff, 0xff, 0xff, 0x00,
    0xff, 0xff, 0xff, 0x00, 0xff, 0xff, 0xff, 0x00, 0xff, 0xff, 0xff, 0x00, 0xff, 0xff, 0xff, 0x00,
    0xff, 0xff, 0xff, 0x00, 0xff, 0xff, 0xff, 0x00, 0xff, 0xff, 0xff, 0x00, 0xff, 0xff, 0xff, 0x00,
    0xff, 0xff, 0xff, 0x00, 0xff, 0xff, 0xff, 0x00, 0xff, 0xff, 0xff, 0x00, 0xff, 0xff, 0xff, 0x00,
    0xff, 0xff, 0xff, 0x00, 0xff, 0xff, 0xff, 0x00, 0xff, 0xff, 0xff, 0x00, 0xff, 0xff, 0xff, 0x00,
    0xff, 0xff, 0xff, 0x00, 0xff, 0xff, 0xff, 0x00, 0x03, 0x03, 0x03, 0x00, 0x0f, 0x0f, 0x0f, 0x00,
    0x24, 0x24, 0x24, 0x00, 0x40, 0x40, 0x40, 0x00, 0x5f, 0x5f, 0x5f, 0x00, 0x7e, 0x7e, 0x7e, 0x00,
    0x9b, 0x9b, 0x9b, 0x00, 0xb4, 0xb4, 0xb4, 0x00, 0xc8, 0xc8, 0xc8, 0x00, 0xd7, 0xd7, 0xd7, 0x00,
    0xe2, 0xe2, 0xe2, 0x00, 0xea, 0xea, 0xea, 0x00, 0xf0, 0xf0, 0xf0, 0x00, 0xf4, 0xf4, 0xf4, 0x00,
    0xf6, 0xf6, 0xf6, 0x00, 0xf8, 0xf8, 0xf8, 0x00, 0xf9, 0xf9, 0xf9, 0x00, 0xf9, 0xf9, 0xf9, 0x00,
    0xf9, 0xf9, 0xf9, 0x00, 0xf9, 0xf9, 0xf9, 0x00, 0xf9, 0xf9, 0xf9, 0x00, 0xf9, 0xf9, 0xf9, 0x00,
    0xf9, 0xf9, 0xf9, 0x00, 0xf9, 0xf9, 0xf9, 0x00, 0xff, 0xff, 0xff, 0x00, 0xff, 0xff, 0xff, 0x00,
    0xff, 0xff, 0xff, 0x00, 0xff, 0xff, 0xff, 0x00, 0xff, 0xff, 0xff, 0x00, 0xff, 0xff, 0xff, 0x00,
    0xff, 0xff, 0xff, 0x00, 0xff, 0xff, 0xff, 0x00, 0xff, 0xff, 0xff, 0x00, 0xff, 0xff, 0xff, 0x00,
    0xff, 0xff, 0xff, 0x00, 0xff, 0xff, 0xff, 0x00, 0xff, 0xff, 0xff, 0x00, 0xff, 0xff, 0xff, 0x00,
    0xff, 0xff, 0xff, 0x00, 0xff, 0xff, 0xff, 0x00, 0xff, 0xff, 0xff, 0x00, 0xff, 0xff, 0xff, 0x00,
    0xff, 0xff, 0xff, 0x00, 0xff, 0xff, 0xff, 0x00, 0xff, 0xff, 0xff, 0x00, 0xff, 0xff, 0xff, 0x00,
    0xff, 0xff, 0xff, 0x00, 0xff, 0xff, 0xff, 0x00, 0xff, 0xff, 0xff, 0x00, 0xff, 0xff, 0xff, 0x00,
    0xff, 0xff, 0xff, 0x00, 0xff, 0xff, 0xff, 0x00, 0xff, 0xff, 0xff, 0x00, 0xff, 0xff, 0xff, 0x00,
    0xff, 0xff, 0xff, 0x00, 0xff, 0xff, 0xff, 0x00, 0xff, 0xff, 0xff, 0x00, 0xff, 0xff, 0xff, 0x00,
    0xff, 0xff, 0xff, 0x00, 0xff, 0xff, 0xff, 0x00, 0xff, 0xff, 0xff, 0x00, 0xff, 0xff, 0xff, 0x00,
    0xff, 0xff, 0xff, 0x00, 0xff, 0xff, 0xff, 0x00, 0xff, 0xff, 0xff, 0x00, 0xff, 0xff, 0xff, 0x00,
    0xff, 0xff, 0xff, 0x00, 0xff, 0xff, 0xff, 0x00, 0xff, 0xff, 0xff, 0x00, 0xff, 0xff, 0xff, 0x00,
    0xff, 0xff, 0xff, 0x00, 0xff, 0xff, 0xff, 0x00, 0xff, 0xff, 0xff, 0x40, 0xff, 0xff, 0xff, 0x68,
    0xff, 0xff, 0xff, 0x68, 0xff, 0xff, 0xff, 0x67, 0xff, 0xff, 0xff, 0x68, 0xff, 0xff, 0xff, 0x67,
    0xff, 0xff, 0xff, 0x68, 0xff, 0xff, 0xff, 0x67, 0xff, 0xff, 0xff, 0x68, 0xff, 0xff, 0xff, 0x67,
    0xff, 0xff, 0xff, 0x68, 0xff, 0xff, 0xff, 0x67, 0xff, 0xff, 0xff, 0x68, 0xff, 0xff, 0xff, 0x68,
    0xff, 0xff, 0xff, 0x68, 0xff, 0xff, 0xff, 0x68, 0xff, 0xff, 0xff, 0x68, 0xff, 0xff, 0xff, 0x68,
    0xff, 0xff, 0xff, 0x68, 0xff, 0xff, 0xff, 0x67, 0xff, 0xff, 0xff, 0x67, 0xff, 0xff, 0xff, 0x26,
    0xff, 0xff, 0xff, 0x00, 0xff, 0xff, 0xff, 0x00, 0xff, 0xff, 0xff, 0x00, 0xff, 0xff, 0xff, 0x00,
    0xff, 0xff, 0xff, 0x00, 0xff, 0xff, 0xff, 0x00, 0xff, 0xff, 0xff, 0x00, 0xff, 0xff, 0xff, 0x00,
    0xff, 0xff, 0xff, 0x00, 0xff, 0xff, 0xff, 0x00, 0xff, 0xff, 0xff, 0x00, 0xff, 0xff, 0xff, 0x00,
    0xff, 0xff, 0xff, 0x00, 0xff, 0xff, 0xff, 0x00, 0xff, 0xff, 0xff, 0x00, 0xff, 0xff, 0xff, 0x00,
    0xff, 0xff, 0xff, 0x00, 0xff, 0xff, 0xff, 0x00, 0xff, 0xff, 0xff, 0x00, 0xff, 0xff, 0xff, 0x00,
    0xff, 0xff, 0xff, 0x00, 0xff, 0xff, 0xff, 0x00, 0xff, 0xff, 0xff, 0x00, 0xff, 0xff, 0xff, 0x00,
    0x03, 0x03, 0x03, 0x00, 0x0f, 0x0f, 0x0f, 0x00, 0x24, 0x24, 0x24, 0x00, 0x40, 0x40, 0x40, 0x00,
    0x5f, 0x5f, 0x5f, 0x00, 0x7e, 0x7e, 0x7e, 0x00, 0x9b, 0x9b, 0x9b, 0x00, 0xb4, 0xb4, 0xb4, 0x00,
    0xc8, 0xc8, 0xc8, 0x00, 0xd7, 0xd7, 0xd7, 0x00, 0xe2, 0xe2, 0xe2, 0x00, 0xea, 0xea, 0xea, 0x00,
    0xf0, 0xf0, 0xf0, 0x00, 0xf4, 0xf4, 0xf4, 0x00, 0xf6, 0xf6, 0xf6, 0x00, 0xf8, 0xf8, 0xf8, 0x00,
    0xf9, 0xf9, 0xf9, 0x00, 0xf9, 0xf9, 0xf9, 0x00, 0xf9, 0xf9, 0xf9, 0x00, 0xf9, 0xf9, 0xf9, 0x00,
    0xf9, 0xf9, 0xf9, 0x00, 0xf9, 0xf9, 0xf9, 0x00, 0xf9, 0xf9, 0xf9, 0x00, 0xf9, 0xf9, 0xf9, 0x00,
    0xff, 0xff, 0xff, 0x00, 0xff, 0xff, 0xff, 0x00, 0xff, 0xff, 0xff, 0x00, 0xff, 0xff, 0xff, 0x00,
    0xff, 0xff, 0xff, 0x00, 0xff, 0xff, 0xff, 0x00, 0xff, 0xff, 0xff, 0x00, 0xff, 0xff, 0xff, 0x00,
    0xff, 0xff, 0xff, 0x00, 0xff, 0xff, 0xff, 0x00, 0xff, 0xff, 0xff, 0x00, 0xff, 0xff, 0xff, 0x00,
    0xff, 0xff, 0xff, 0x00, 0xff, 0xff, 0xff, 0x00, 0xff, 0xff, 0xff, 0x00, 0xff, 0xff, 0xff, 0x00,
    0xff, 0xff, 0xff, 0x00, 0xff, 0xff, 0xff, 0x00, 0xff, 0xff, 0xff, 0x00, 0xff, 0xff, 0xff, 0x00,
    0xff, 0xff, 0xff, 0x00, 0xff, 0xff, 0xff, 0x00, 0xff, 0xff, 0xff, 0x00, 0xff, 0xff, 0xff, 0x00,
    0xff, 0xff, 0xff, 0x00, 0xff, 0xff, 0xff, 0x00, 0xff, 0xff, 0xff, 0x00, 0xff, 0xff, 0xff, 0x00,
    0xff, 0xff, 0xff, 0x00, 0xff, 0xff, 0xff, 0x00, 0xff, 0xff, 0xff, 0x00, 0xff, 0xff, 0xff, 0x00,
    0xff, 0xff, 0xff, 0x00, 0xff, 0xff, 0xff, 0x00, 0xff, 0xff, 0xff, 0x00, 0xff, 0xff, 0xff, 0x00,
    0xff, 0xff, 0xff, 0x00, 0xff, 0xff, 0xff, 0x00, 0xff, 0xff, 0xff, 0x00, 0xff, 0xff, 0xff, 0x00,
    0xff, 0xff, 0xff, 0x00, 0xff, 0xff, 0xff, 0x00, 0xff, 0xff, 0xff, 0x00, 0xff, 0xff, 0xff, 0x00,
    0xff, 0xff, 0xff, 0x00, 0xff, 0xff, 0xff, 0x00, 0xff, 0xff, 0xff, 0x00, 0xff, 0xff, 0xff, 0x00,
    0xff, 0xff, 0xff, 0x3e, 0xff, 0xff, 0xff, 0x64, 0xff, 0xff, 0xff, 0x64, 0xff, 0xff, 0xff, 0x64,
    0xff, 0xff, 0xff, 0x64, 0xff, 0xff, 0xff, 0x64, 0xff, 0xff, 0xff, 0x64, 0xff, 0xff, 0xff, 0x64,
    0xff, 0xff, 0xff, 0x64, 0xff, 0xff, 0xff, 0x64, 0xff, 0xff, 0xff, 0x64, 0xff, 0xff, 0xff, 0x64,
    0xff, 0xff, 0xff, 0x64, 0xff, 0xff, 0xff, 0x64, 0xff, 0xff, 0xff, 0x63, 0xff, 0xff, 0xff, 0x64,
    0xff, 0xff, 0xff, 0x64, 0xff, 0xff, 0xff, 0x64, 0xff, 0xff, 0xff, 0x64, 0xff, 0xff, 0xff, 0x64,
    0xff, 0xff, 0xff, 0x64, 0xff, 0xff, 0xff, 0x25, 0xff, 0xff, 0xff, 0x00, 0xff, 0xff, 0xff, 0x00,
    0xff, 0xff, 0xff, 0x00, 0xff, 0xff, 0xff, 0x00, 0xff, 0xff, 0xff, 0x00, 0xff, 0xff, 0xff, 0x00,
    0xff, 0xff, 0xff, 0x00, 0xff, 0xff, 0xff, 0x00, 0xff, 0xff, 0xff, 0x00, 0xff, 0xff, 0xff, 0x00,
    0xff, 0xff, 0xff, 0x00, 0xff, 0xff, 0xff, 0x00, 0xff, 0xff, 0xff, 0x00, 0xff, 0xff, 0xff, 0x00,
    0xff, 0xff, 0xff, 0x00, 0xff, 0xff, 0xff, 0x00, 0xff, 0xff, 0xff, 0x00, 0xff, 0xff, 0xff, 0x00,
    0xff, 0xff, 0xff, 0x00, 0xff, 0xff, 0xff, 0x00, 0xff, 0xff, 0xff, 0x00, 0xff, 0xff, 0xff, 0x00,
    0xff, 0xff, 0xff, 0x00, 0xff, 0xff, 0xff, 0x00, 0x03, 0x03, 0x03, 0x00, 0x0f, 0x0f, 0x0f, 0x00,
    0x24, 0x24, 0x24, 0x00, 0x40, 0x40, 0x40, 0x00, 0x5f, 0x5f, 0x5f, 0x00, 0x7e, 0x7e, 0x7e, 0x00,
    0x9b, 0x9b, 0x9b, 0x00, 0xb4, 0xb4, 0xb4, 0x00, 0xc8, 0xc8, 0xc8, 0x00, 0xd7, 0xd7, 0xd7, 0x00,
    0xe2, 0xe2, 0xe2, 0x00, 0xea, 0xea, 0xea, 0x00, 0xf0, 0xf0, 0xf0, 0x00, 0xf4, 0xf4, 0xf4, 0x00,
    0xf6, 0xf6, 0xf6, 0x00, 0xf8, 0xf8, 0xf8, 0x00, 0xf9, 0xf9, 0xf9, 0x00, 0xf9, 0xf9, 0xf9, 0x00,
    0xf9, 0xf9, 0xf9, 0x00, 0xf9, 0xf9, 0xf9, 0x00, 0xf9, 0xf9, 0xf9, 0x00, 0xf9, 0xf9, 0xf9, 0x00,
    0xf9, 0xf9, 0xf9, 0x00, 0xf9, 0xf9, 0xf9, 0x00, 0xff, 0xff, 0xff, 0x00, 0xff, 0xff, 0xff, 0x00,
    0xff, 0xff, 0xff, 0x00, 0xff, 0xff, 0xff, 0x00, 0xff, 0xff, 0xff, 0x00, 0xff, 0xff, 0xff, 0x00,
    0xff, 0xff, 0xff, 0x00, 0xff, 0xff, 0xff, 0x00, 0xff, 0xff, 0xff, 0x00, 0xff, 0xff, 0xff, 0x00,
    0xff, 0xff, 0xff, 0x00, 0xff, 0xff, 0xff, 0x00, 0xff, 0xff, 0xff, 0x00, 0xff, 0xff, 0xff, 0x00,
    0xff, 0xff, 0xff, 0x00, 0xff, 0xff, 0xff, 0x00, 0xff, 0xff, 0xff, 0x00, 0xff, 0xff, 0xff, 0x00,
    0xff, 0xff, 0xff, 0x00, 0xff, 0xff, 0xff, 0x00, 0xff, 0xff, 0xff, 0x00, 0xff, 0xff, 0xff, 0x00,
    0xff, 0xff, 0xff, 0x00, 0xff, 0xff, 0xff, 0x00, 0xff, 0xff, 0xff, 0x00, 0xff, 0xff, 0xff, 0x00,
    0xff, 0xff, 0xff, 0x00, 0xff, 0xff, 0xff, 0x00, 0xff, 0xff, 0xff, 0x00, 0xff, 0xff, 0xff, 0x00,
    0xff, 0xff, 0xff, 0x00, 0xff, 0xff, 0xff, 0x00, 0xff, 0xff, 0xff, 0x00, 0xff, 0xff, 0xff, 0x00,
    0xff, 0xff, 0xff, 0x00, 0xff, 0xff, 0xff, 0x00, 0xff, 0xff, 0xff, 0x00, 0xff, 0xff, 0xff, 0x00,
    0xff, 0xff, 0xff, 0x00, 0xff, 0xff, 0xff, 0x00, 0xff, 0xff, 0xff, 0x00, 0xff, 0xff, 0xff, 0x00,
    0xff, 0xff, 0xff, 0x00, 0xff, 0xff, 0xff, 0x00, 0xff, 0xff, 0xff, 0x00, 0xff, 0xff, 0xff, 0x00,
    0xff, 0xff, 0xff, 0x00, 0xff, 0xff, 0xff, 0x00, 0xff, 0xff, 0xff, 0x3c, 0xff, 0xff, 0xff, 0x60,
    0xff, 0xff, 0xff, 0x60, 0xff, 0xff, 0xff, 0x60, 0xff, 0xff, 0xff, 0x60, 0xff, 0xff, 0xff, 0x60,
    0xff, 0xff, 0xff, 0x60, 0xff, 0xff, 0xff, 0x60, 0xff, 0xff, 0xff, 0x60, 0xff, 0xff, 0xff, 0x60,
    0xff, 0xff, 0xff, 0x60, 0xff, 0xff, 0xff, 0x60, 0xff, 0xff, 0xff, 0x60, 0xff, 0xff, 0xff, 0x60,
    0xff, 0xff, 0xff, 0x60, 0xff, 0xff, 0xff, 0x60, 0xff, 0xff, 0xff, 0x60, 0xff, 0xff, 0xff, 0x60,
    0xff, 0xff, 0xff, 0x60, 0xff, 0xff, 0xff, 0x60, 0xff, 0xff, 0xff, 0x60, 0xff, 0xff, 0xff, 0x24,
    0xff, 0xff, 0xff, 0x00, 0xff, 0xff, 0xff, 0x00, 0xff, 0xff, 0xff, 0x00, 0xff, 0xff, 0xff, 0x00,
    0xff, 0xff, 0xff, 0x00, 0xff, 0xff, 0xff, 0x00, 0xff, 0xff, 0xff, 0x00, 0xff, 0xff, 0xff, 0x00,
    0xff, 0xff, 0xff, 0x00, 0xff, 0xff, 0xff, 0x00, 0xff, 0xff, 0xff, 0x00, 0xff, 0xff, 0xff, 0x00,
    0xff, 0xff, 0xff, 0x00, 0xff, 0xff, 0xff, 0x00, 0xff, 0xff, 0xff, 0x00, 0xff, 0xff, 0xff, 0x00,
    0xff, 0xff, 0xff, 0x00, 0xff, 0xff, 0xff, 0x00, 0xff, 0xff, 0xff, 0x00, 0xff, 0xff, 0xff, 0x00,
    0xff, 0xff, 0xff, 0x00, 0xff, 0xff, 0xff, 0x00, 0xff, 0xff, 0xff, 0x00, 0xff, 0xff, 0xff, 0x00,
    0x03, 0x03, 0x03, 0x00, 0x0f, 0x0f, 0x0f, 0x00, 0x24, 0x24, 0x24, 0x00, 0x40, 0x40, 0x40, 0x00,
    0x5f, 0x5f, 0x5f, 0x00, 0x7e, 0x7e, 0x7e, 0x00, 0x9b, 0x9b, 0x9b, 0x00, 0xb4, 0xb4, 0xb4, 0x00,
    0xc8, 0xc8, 0xc8, 0x00, 0xd7, 0xd7, 0xd7, 0x00, 0xe2, 0xe2, 0xe2, 0x00, 0xea, 0xea, 0xea, 0x00,
    0xf0, 0xf0, 0xf0, 0x00, 0xf4, 0xf4, 0xf4, 0x00, 0xf6, 0xf6, 0xf6, 0x00, 0xf8, 0xf8, 0xf8, 0x00,
    0xf9, 0xf9, 0xf9, 0x00, 0xf9, 0xf9, 0xf9, 0x00, 0xf9, 0xf9, 0xf9, 0x00, 0xf9, 0xf9, 0xf9, 0x00,
    0xf9, 0xf9, 0xf9, 0x00, 0xf9, 0xf9, 0xf9, 0x00, 0xf9, 0xf9, 0xf9, 0x00, 0xf9, 0xf9, 0xf9, 0x00,
    0xff, 0xff, 0xff, 0x00, 0xff, 0xff, 0xff, 0x00, 0xff, 0xff, 0xff, 0x00, 0xff, 0xff, 0xff, 0x00,
    0xff, 0xff, 0xff, 0x00, 0xff, 0xff, 0xff, 0x00, 0xff, 0xff, 0xff, 0x00, 0xff, 0xff, 0xff, 0x00,
    0xff, 0xff, 0xff, 0x00, 0xff, 0xff, 0xff, 0x00, 0xff, 0xff, 0xff, 0x00, 0xff, 0xff, 0xff, 0x00,
    0xff, 0xff, 0xff, 0x00, 0xff, 0xff, 0xff, 0x00, 0xff, 0xff, 0xff, 0x00, 0xff, 0xff, 0xff, 0x00,
    0xff, 0xff, 0xff, 0x00, 0xff, 0xff, 0xff, 0x00, 0xff, 0xff, 0xff, 0x00, 0xff, 0xff, 0xff, 0x00,
    0xff, 0xff, 0xff, 0x00, 0xff, 0xff, 0xff, 0x00, 0xff, 0xff, 0xff, 0x00, 0xff, 0xff, 0xff, 0x00,
    0xff, 0xff, 0xff, 0x00, 0xff, 0xff, 0xff, 0x00, 0xff, 0xff, 0xff, 0x00, 0xff, 0xff, 0xff, 0x00,
    0xff, 0xff, 0xff, 0x00, 0xff, 0xff, 0xff, 0x00, 0xff, 0xff, 0xff, 0x00, 0xff, 0xff, 0xff, 0x00,
    0xff, 0xff, 0xff, 0x00, 0xff, 0xff, 0xff, 0x00, 0xff, 0xff, 0xff, 0x00, 0xff, 0xff, 0xff, 0x00,
    0xff, 0xff, 0xff, 0x00, 0xff, 0xff, 0xff, 0x00, 0xff, 0xff, 0xff, 0x00, 0xff, 0xff, 0xff, 0x00,
    0xff, 0xff, 0xff, 0x00, 0xff, 0xff, 0xff, 0x00, 0xff, 0xff, 0xff, 0x00, 0xff, 0xff, 0xff, 0x00,
    0xff, 0xff, 0xff, 0x00, 0xff, 0xff, 0xff, 0x00, 0xff, 0xff, 0xff, 0x00, 0xff, 0xff, 0xff, 0x00,
    0xff, 0xff, 0xff, 0x3a, 0xff, 0xff, 0xff, 0x5c, 0xff, 0xff, 0xff, 0x5c, 0xff, 0xff, 0xff, 0x5c,
    0xff, 0xff, 0xff, 0x5c, 0xff, 0xff, 0xff, 0x5c, 0xff, 0xff, 0xff, 0x5c, 0xff, 0xff, 0xff, 0x5c,
    0xff, 0xff, 0xff, 0x5c, 0xff, 0xff, 0xff, 0x5c, 0xff, 0xff, 0xff, 0x5c, 0xff, 0xff, 0xff, 0x5c,
    0xff, 0xff, 0xff, 0x5d, 0xff, 0xff, 0xff, 0x5c, 0xff, 0xff, 0xff, 0x5c, 0xff, 0xff, 0xff, 0x5c,
    0xff, 0xff, 0xff, 0x5d, 0xff, 0xff, 0xff, 0x5c, 0xff, 0xff, 0xff, 0x5c, 0xff, 0xff, 0xff, 0x5c,
    0xff, 0xff, 0xff, 0x5c, 0xff, 0xff, 0xff, 0x22, 0xff, 0xff, 0xff, 0x00, 0xff, 0xff, 0xff, 0x00,
    0xff, 0xff, 0xff, 0x00, 0xff, 0xff, 0xff, 0x00, 0xff, 0xff, 0xff, 0x00, 0xff, 0xff, 0xff, 0x00,
    0xff, 0xff, 0xff, 0x00, 0xff, 0xff, 0xff, 0x00, 0xff, 0xff, 0xff, 0x00, 0xff, 0xff, 0xff, 0x00,
    0xff, 0xff, 0xff, 0x00, 0xff, 0xff, 0xff, 0x00, 0xff, 0xff, 0xff, 0x00, 0xff, 0xff, 0xff, 0x00,
    0xff, 0xff, 0xff, 0x00, 0xff, 0xff, 0xff, 0x00, 0xff, 0xff, 0xff, 0x00, 0xff, 0xff, 0xff, 0x00,
    0xff, 0xff, 0xff, 0x00, 0xff, 0xff, 0xff, 0x00, 0xff, 0xff, 0xff, 0x00, 0xff, 0xff, 0xff, 0x00,
    0xff, 0xff, 0xff, 0x00, 0xff, 0xff, 0xff, 0x00, 0x03, 0x03, 0x03, 0x00, 0x0f, 0x0f, 0x0f, 0x00,
    0x24, 0x24, 0x24, 0x00, 0x40, 0x40, 0x40, 0x00, 0x5f, 0x5f, 0x5f, 0x00, 0x7e, 0x7e, 0x7e, 0x00,
    0x9b, 0x9b, 0x9b, 0x00, 0xb4, 0xb4, 0xb4, 0x00, 0xc8, 0xc8, 0xc8, 0x00, 0xd7, 0xd7, 0xd7, 0x00,
    0xe2, 0xe2, 0xe2, 0x00, 0xea, 0xea, 0xea, 0x00, 0xf0, 0xf0, 0xf0, 0x00, 0xf4, 0xf4, 0xf4, 0x00,
    0xf6, 0xf6, 0xf6, 0x00, 0xf8, 0xf8, 0xf8, 0x00, 0xf9, 0xf9, 0xf9, 0x00, 0xf9, 0xf9, 0xf9, 0x00,
    0xf9, 0xf9, 0xf9, 0x00, 0xf9, 0xf9, 0xf9, 0x00, 0xf9, 0xf9, 0xf9, 0x00, 0xf9, 0xf9, 0xf9, 0x00,
    0xf9, 0xf9, 0xf9, 0x00, 0xf9, 0xf9, 0xf9, 0x00, 0xff, 0xff, 0xff, 0x00, 0xff, 0xff, 0xff, 0x00,
    0xff, 0xff, 0xff, 0x00, 0xff, 0xff, 0xff, 0x00, 0xff, 0xff, 0xff, 0x00, 0xff, 0xff, 0xff, 0x00,
    0xff, 0xff, 0xff, 0x00, 0xff, 0xff, 0xff, 0x00, 0xff, 0xff, 0xff, 0x00, 0xff, 0xff, 0xff, 0x00,
    0xff, 0xff, 0xff, 0x00, 0xff, 0xff, 0xff, 0x00, 0xff, 0xff, 0xff, 0x00, 0xff, 0xff, 0xff, 0x00,
    0xff, 0xff, 0xff, 0x00, 0xff, 0xff, 0xff, 0x00, 0xff, 0xff, 0xff, 0x00, 0xff, 0xff, 0xff, 0x00,
    0xff, 0xff, 0xff, 0x00, 0xff, 0xff, 0xff, 0x00, 0xff, 0xff, 0xff, 0x00, 0xff, 0xff, 0xff, 0x00,
    0xff, 0xff, 0xff, 0x00, 0xff, 0xff, 0xff, 0x00, 0xff, 0xff, 0xff, 0x00, 0xff, 0xff, 0xff, 0x00,
    0xff, 0xff, 0xff, 0x00, 0xff, 0xff, 0xff, 0x00, 0xff, 0xff, 0xff, 0x00, 0xff, 0xff, 0xff, 0x00,
    0xff, 0xff, 0xff, 0x00, 0xff, 0xff, 0xff, 0x00, 0xff, 0xff, 0xff, 0x00, 0xff, 0xff, 0xff, 0x00,
    0xff, 0xff, 0xff, 0x00, 0xff, 0xff, 0xff, 0x00, 0xff, 0xff, 0xff, 0x00, 0xff, 0xff, 0xff, 0x00,
    0xff, 0xff, 0xff, 0x00, 0xff, 0xff, 0xff, 0x00, 0xff, 0xff, 0xff, 0x00, 0xff, 0xff, 0xff, 0x00,
    0xff, 0xff, 0xff, 0x00, 0xff, 0xff, 0xff, 0x00, 0xff, 0xff, 0xff, 0x00, 0xff, 0xff, 0xff, 0x00,
    0xff, 0xff, 0xff, 0x00, 0xff, 0xff, 0xff, 0x00, 0xff, 0xff, 0xff, 0x37, 0xff, 0xff, 0xff, 0x59,
    0xff, 0xff, 0xff, 0x59, 0xff, 0xff, 0xff, 0x59, 0xff, 0xff, 0xff, 0x59, 0xff, 0xff, 0xff, 0x58,
    0xff, 0xff, 0xff, 0x59, 0xff, 0xff, 0xff, 0x59, 0xff, 0xff, 0xff, 0x59, 0xff, 0xff, 0xff, 0x58,
    0xff, 0xff, 0xff, 0x58, 0xff, 0xff, 0xff, 0x59, 0xff, 0xff, 0xff, 0x59, 0xff, 0xff, 0xff, 0x59,
    0xff, 0xff, 0xff, 0x59, 0xff, 0xff, 0xff, 0x59, 0xff, 0xff, 0xff, 0x59, 0xff, 0xff, 0xff, 0x59,
    0xff, 0xff, 0xff, 0x58, 0xff, 0xff, 0xff, 0x59, 0xff, 0xff, 0xff, 0x58, 0xff, 0xff, 0xff, 0x21,
    0xff, 0xff, 0xff, 0x00, 0xff, 0xff, 0xff, 0x00, 0xff, 0xff, 0xff, 0x00, 0xff, 0xff, 0xff, 0x00,
    0xff, 0xff, 0xff, 0x00, 0xff, 0xff, 0xff, 0x00, 0xff, 0xff, 0xff, 0x00, 0xff, 0xff, 0xff, 0x00,
    0xff, 0xff, 0xff, 0x00, 0xff, 0xff, 0xff, 0x00, 0xff, 0xff, 0xff, 0x00, 0xff, 0xff, 0xff, 0x00,
    0xff, 0xff, 0xff, 0x00, 0xff, 0xff, 0xff, 0x00, 0xff, 0xff, 0xff, 0x00, 0xff, 0xff, 0xff, 0x00,
    0xff, 0xff, 0xff, 0x00, 0xff, 0xff, 0xff, 0x00, 0xff, 0xff, 0xff, 0x00, 0xff, 0xff, 0xff, 0x00,
    0xff, 0xff, 0xff, 0x00, 0xff, 0xff, 0xff, 0x00, 0xff, 0xff, 0xff, 0x00, 0xff, 0xff, 0xff, 0x00,
    0x03, 0x03, 0x03, 0x00, 0x0f, 0x0f, 0x0f, 0x00, 0x24, 0x24, 0x24, 0x00, 0x40, 0x40, 0x40, 0x00,
    0x5f, 0x5f, 0x5f, 0x00, 0x7e, 0x7e, 0x7e, 0x00, 0x9b, 0x9b, 0x9b, 0x00, 0xb4, 0xb4, 0xb4, 0x00,
    0xc8, 0xc8, 0xc8, 0x00, 0xd7, 0xd7, 0xd7, 0x00, 0xe2, 0xe2, 0xe2, 0x00, 0xea, 0xea, 0xea, 0x00,
    0xf0, 0xf0, 0xf0, 0x00, 0xf4, 0xf4, 0xf4, 0x00, 0xf6, 0xf6, 0xf6, 0x00, 0xf8, 0xf8, 0xf8, 0x00,
    0xf9, 0xf9, 0xf9, 0x00, 0xf9, 0xf9, 0xf9, 0x00, 0xf9, 0xf9, 0xf9, 0x00, 0xf9, 0xf9, 0xf9, 0x00,
    0xf9, 0xf9, 0xf9, 0x00, 0xf9, 0xf9, 0xf9, 0x00, 0xf9, 0xf9, 0xf9, 0x00, 0xf9, 0xf9, 0xf9, 0x00,
    0xff, 0xff, 0xff, 0x00, 0xff, 0xff, 0xff, 0x00, 0xff, 0xff, 0xff, 0x00, 0xff, 0xff, 0xff, 0x00,
    0xff, 0xff, 0xff, 0x00, 0xff, 0xff, 0xff, 0x00, 0xff, 0xff, 0xff, 0x00, 0xff, 0xff, 0xff, 0x00,
    0xff, 0xff, 0xff, 0x00, 0xff, 0xff, 0xff, 0x00, 0xff, 0xff, 0xff, 0x00, 0xff, 0xff, 0xff, 0x00,
    0xff, 0xff, 0xff, 0x00, 0xff, 0xff, 0xff, 0x00, 0xff, 0xff, 0xff, 0x00, 0xff, 0xff, 0xff, 0x00,
    0xff, 0xff, 0xff, 0x00, 0xff, 0xff, 0xff, 0x00, 0xff, 0xff, 0xff, 0x00, 0xff, 0xff, 0xff, 0x00,
    0xff, 0xff, 0xff, 0x00, 0xff, 0xff, 0xff, 0x00, 0xff, 0xff, 0xff, 0x00, 0xff, 0xff, 0xff, 0x00,
    0xff, 0xff, 0xff, 0x00, 0xff, 0xff, 0xff, 0x00, 0xff, 0xff, 0xff, 0x00, 0xff, 0xff, 0xff, 0x00,
    0xff, 0xff, 0xff, 0x00, 0xff, 0xff, 0xff, 0x00, 0xff, 0xff, 0xff, 0x00, 0xff, 0xff, 0xff, 0x00,
    0xff, 0xff, 0xff, 0x00, 0xff, 0xff, 0xff, 0x00, 0xff, 0xff, 0xff, 0x00, 0xff, 0xff, 0xff, 0x00,
    0xff, 0xff, 0xff, 0x00, 0xff, 0xff, 0xff, 0x00, 0xff, 0xff, 0xff, 0x00, 0xff, 0xff, 0xff, 0x00,
    0xff, 0xff, 0xff, 0x00, 0xff, 0xff, 0xff, 0x00, 0xff, 0xff, 0xff, 0x00, 0xff, 0xff, 0xff, 0x00,
    0xff, 0xff, 0xff, 0x00, 0xff, 0xff, 0xff, 0x00, 0xff, 0xff, 0xff, 0x00, 0xff, 0xff, 0xff, 0x00,
    0xff, 0xff, 0xff, 0x35, 0xff, 0xff, 0xff, 0x55, 0xff, 0xff, 0xff, 0x55, 0xff, 0xff, 0xff, 0x55,
    0xff, 0xff, 0xff, 0x55, 0xff, 0xff, 0xff, 0x55, 0xff, 0xff, 0xff, 0x55, 0xff, 0xff, 0xff, 0x55,
    0xff, 0xff, 0xff, 0x55, 0xff, 0xff, 0xff, 0x55, 0xff, 0xff, 0xff, 0x55, 0xff, 0xff, 0xff, 0x55,
    0xff, 0xff, 0xff, 0x55, 0xff, 0xff, 0xff, 0x55, 0xff, 0xff, 0xff, 0x55, 0xff, 0xff, 0xff, 0x55,
    0xff, 0xff, 0xff, 0x55, 0xff, 0xff, 0xff, 0x55, 0xff, 0xff, 0xff, 0x55, 0xff, 0xff, 0xff, 0x55,
    0xff, 0xff, 0xff, 0x55, 0xff, 0xff, 0xff, 0x1f, 0xff, 0xff, 0xff, 0x00, 0xff, 0xff, 0xff, 0x00,
    0xff, 0xff, 0xff, 0x00, 0xff, 0xff, 0xff, 0x00, 0xff, 0xff, 0xff, 0x00, 0xff, 0xff, 0xff, 0x00,
    0xff, 0xff, 0xff, 0x00, 0xff, 0xff, 0xff, 0x00, 0xff, 0xff, 0xff, 0x00, 0xff, 0xff, 0xff, 0x00,
    0xff, 0xff, 0xff, 0x00, 0xff, 0xff, 0xff, 0x00, 0xff, 0xff, 0xff, 0x00, 0xff, 0xff, 0xff, 0x00,
    0xff, 0xff, 0xff, 0x00, 0xff, 0xff, 0xff, 0x00, 0xff, 0xff, 0xff, 0x00, 0xff, 0xff, 0xff, 0x00,
    0xff, 0xff, 0xff, 0x00, 0xff, 0xff, 0xff, 0x00, 0xff, 0xff, 0xff, 0x00, 0xff, 0xff, 0xff, 0x00,
    0xff, 0xff, 0xff, 0x00, 0xff, 0xff, 0xff, 0x00, 0x03, 0x03, 0x03, 0x00, 0x0f, 0x0f, 0x0f, 0x00,
    0x24, 0x24, 0x24, 0x00, 0x40, 0x40, 0x40, 0x00, 0x5f, 0x5f, 0x5f, 0x00, 0x7e, 0x7e, 0x7e, 0x00,
    0x9b, 0x9b, 0x9b, 0x00, 0xb4, 0xb4, 0xb4, 0x00, 0xc8, 0xc8, 0xc8, 0x00, 0xd7, 0xd7, 0xd7, 0x00,
    0xe2, 0xe2, 0xe2, 0x00, 0xea, 0xea, 0xea, 0x00, 0xf0, 0xf0, 0xf0, 0x00, 0xf4, 0xf4, 0xf4, 0x00,
    0xf6, 0xf6, 0xf6, 0x00, 0xf8, 0xf8, 0xf8, 0x00, 0xf9, 0xf9, 0xf9, 0x00, 0xf9, 0xf9, 0xf9, 0x00,
    0xf9, 0xf9, 0xf9, 0x00, 0xf9, 0xf9, 0xf9, 0x00, 0xf9, 0xf9, 0xf9, 0x00, 0xf9, 0xf9, 0xf9, 0x00,
    0xf9, 0xf9, 0xf9, 0x00, 0xf9, 0xf9, 0xf9, 0x00, 0xff, 0xff, 0xff, 0x00, 0xff, 0xff, 0xff, 0x00,
    0xff, 0xff, 0xff, 0x00, 0xff, 0xff, 0xff, 0x00, 0xff, 0xff, 0xff, 0x00, 0xff, 0xff, 0xff, 0x00,
    0xff, 0xff, 0xff, 0x00, 0xff, 0xff, 0xff, 0x00, 0xff, 0xff, 0xff, 0x00, 0xff, 0xff, 0xff, 0x00,
    0xff, 0xff, 0xff, 0x00, 0xff, 0xff, 0xff, 0x00, 0xff, 0xff, 0xff, 0x00, 0xff, 0xff, 0xff, 0x00,
    0xff, 0xff, 0xff, 0x00, 0xff, 0xff, 0xff, 0x00, 0xff, 0xff, 0xff, 0x00, 0xff, 0xff, 0xff, 0x00,
    0xff, 0xff, 0xff, 0x00, 0xff, 0xff, 0xff, 0x00, 0xff, 0xff, 0xff, 0x00, 0xff, 0xff, 0xff, 0x00,
    0xff, 0xff, 0xff, 0x00, 0xff, 0xff, 0xff, 0x00, 0xff, 0xff, 0xff, 0x00, 0xff, 0xff, 0xff, 0x00,
    0xff, 0xff, 0xff, 0x00, 0xff, 0xff, 0xff, 0x00, 0xff, 0xff, 0xff, 0x00, 0xff, 0xff, 0xff, 0x00,
    0xff, 0xff, 0xff, 0x00, 0xff, 0xff, 0xff, 0x00, 0xff, 0xff, 0xff, 0x00, 0xff, 0xff, 0xff, 0x00,
    0xff, 0xff, 0xff, 0x00, 0xff, 0xff, 0xff, 0x00, 0xff, 0xff, 0xff, 0x00, 0xff, 0xff, 0xff, 0x00,
    0xff, 0xff, 0xff, 0x00, 0xff, 0xff, 0xff, 0x00, 0xff, 0xff, 0xff, 0x00, 0xff, 0xff, 0xff, 0x00,
    0xff, 0xff, 0xff, 0x00, 0xff, 0xff, 0xff, 0x00, 0xff, 0xff, 0xff, 0x00, 0xff, 0xff, 0xff, 0x00,
    0xff, 0xff, 0xff, 0x00, 0xff, 0xff, 0xff, 0x00, 0xff, 0xff, 0xff, 0x33, 0xff, 0xff, 0xff, 0x52,
    0xff, 0xff, 0xff, 0x51, 0xff, 0xff, 0xff, 0x51, 0xff, 0xff, 0xff, 0x51, 0xff, 0xff, 0xff, 0x51,
    0xff, 0xff, 0xff, 0x51, 0xff, 0xff, 0xff, 0x51, 0xff, 0xff, 0xff, 0x51, 0xff, 0xff, 0xff, 0x51,
    0xff, 0xff, 0xff, 0x52, 0xff, 0xff, 0xff, 0x52, 0xff, 0xff, 0xff, 0x52, 0xff, 0xff, 0xff, 0x51,
    0xff, 0xff, 0xff, 0x51, 0xff, 0xff, 0xff, 0x51, 0xff, 0xff, 0xff, 0x51, 0xff, 0xff, 0xff, 0x51,
    0xff, 0xff, 0xff, 0x51, 0xff, 0xff, 0xff, 0x51, 0xff, 0xff, 0xff, 0x51, 0xff, 0xff, 0xff, 0x1e,
    0xff, 0xff, 0xff, 0x00, 0xff, 0xff, 0xff, 0x00, 0xff, 0xff, 0xff, 0x00, 0xff, 0xff, 0xff, 0x00,
    0xff, 0xff, 0xff, 0x00, 0xff, 0xff, 0xff, 0x00, 0xff, 0xff, 0xff, 0x00, 0xff, 0xff, 0xff, 0x00,
    0xff, 0xff, 0xff, 0x00, 0xff, 0xff, 0xff, 0x00, 0xff, 0xff, 0xff, 0x00, 0xff, 0xff, 0xff, 0x00,
    0xff, 0xff, 0xff, 0x00, 0xff, 0xff, 0xff, 0x00, 0xff, 0xff, 0xff, 0x00, 0xff, 0xff, 0xff, 0x00,
    0xff, 0xff, 0xff, 0x00, 0xff, 0xff, 0xff, 0x00, 0xff, 0xff, 0xff, 0x00, 0xff, 0xff, 0xff, 0x00,
    0xff, 0xff, 0xff, 0x00, 0xff, 0xff, 0xff, 0x00, 0xff, 0xff, 0xff, 0x00, 0xff, 0xff, 0xff, 0x00,
    0x03, 0x03, 0x03, 0x00, 0x0f, 0x0f, 0x0f, 0x00, 0x24, 0x24, 0x24, 0x00, 0x40, 0x40, 0x40, 0x00,
    0x5f, 0x5f, 0x5f, 0x00, 0x7e, 0x7e, 0x7e, 0x00, 0x9b, 0x9b, 0x9b, 0x00, 0xb4, 0xb4, 0xb4, 0x00,
    0xc8, 0xc8, 0xc8, 0x00, 0xd7, 0xd7, 0xd7, 0x00, 0xe2, 0xe2, 0xe2, 0x00, 0xea, 0xea, 0xea, 0x00,
    0xf0, 0xf0, 0xf0, 0x00, 0xf4, 0xf4, 0xf4, 0x00, 0xf6, 0xf6, 0xf6, 0x00, 0xf8, 0xf8, 0xf8, 0x00,
    0xf9, 0xf9, 0xf9, 0x00, 0xf9, 0xf9, 0xf9, 0x00, 0xf9, 0xf9, 0xf9, 0x00, 0xf9, 0xf9, 0xf9, 0x00,
    0xf9, 0xf9, 0xf9, 0x00, 0xf9, 0xf9, 0xf9, 0x00, 0xf9, 0xf9, 0xf9, 0x00, 0xf9, 0xf9, 0xf9, 0x00,
    0xff, 0xff, 0xff, 0x00, 0xff, 0xff, 0xff, 0x00, 0xff, 0xff, 0xff, 0x00, 0xff, 0xff, 0xff, 0x00,
    0xff, 0xff, 0xff, 0x00, 0xff, 0xff, 0xff, 0x00, 0xff, 0xff, 0xff, 0x00, 0xff, 0xff, 0xff, 0x00,
    0xff, 0xff, 0xff, 0x00, 0xff, 0xff, 0xff, 0x00, 0xff, 0xff, 0xff, 0x00, 0xff, 0xff, 0xff, 0x00,
    0xff, 0xff, 0xff, 0x00, 0xff, 0xff, 0xff, 0x00, 0xff, 0xff, 0xff, 0x00, 0xff, 0xff, 0xff, 0x00,
    0xff, 0xff, 0xff, 0x00, 0xff, 0xff, 0xff, 0x00, 0xff, 0xff, 0xff, 0x00, 0xff, 0xff, 0xff, 0x00,
    0xff, 0xff, 0xff, 0x00, 0xff, 0xff, 0xff, 0x00, 0xff, 0xff, 0xff, 0x00, 0xff, 0xff, 0xff, 0x00,
    0xff, 0xff, 0xff, 0x00, 0xff, 0xff, 0xff, 0x00, 0xff, 0xff, 0xff, 0x00, 0xff, 0xff, 0xff, 0x00,
    0xff, 0xff, 0xff, 0x00, 0xff, 0xff, 0xff, 0x00, 0xff, 0xff, 0xff, 0x00, 0xff, 0xff, 0xff, 0x00,
    0xff, 0xff, 0xff, 0x00, 0xff, 0xff, 0xff, 0x00, 0xff, 0xff, 0xff, 0x00, 0xff, 0xff, 0xff, 0x00,
    0xff, 0xff, 0xff, 0x00, 0xff, 0xff, 0xff, 0x00, 0xff, 0xff, 0xff, 0x00, 0xff, 0xff, 0xff, 0x00,
    0xff, 0xff, 0xff, 0x00, 0xff, 0xff, 0xff, 0x00, 0xff, 0xff, 0xff, 0x00, 0xff, 0xff, 0xff, 0x00,
    0xff, 0xff, 0xff, 0x00, 0xff, 0xff, 0xff, 0x00, 0xff, 0xff, 0xff, 0x00, 0xff, 0xff, 0xff, 0x00,
    0xff, 0xff, 0xff, 0x30, 0xff, 0xff, 0xff, 0x4e, 0xff, 0xff, 0xff, 0x4d, 0xff, 0xff, 0xff, 0x4d,
    0xff, 0xff, 0xff, 0x4e, 0xff, 0xff, 0xff, 0x4e, 0xff, 0xff, 0xff, 0x4d, 0xff, 0xff, 0xff, 0x4e,
    0xff, 0xff, 0xff, 0x4e, 0xff, 0xff, 0xff, 0x4e, 0xff, 0xff, 0xff, 0x4e, 0xff, 0xff, 0xff, 0x4d,
    0xff, 0xff, 0xff, 0x4e, 0xff, 0xff, 0xff, 0x4e, 0xff, 0xff, 0xff, 0x4e, 0xff, 0xff, 0xff, 0x4d,
    0xff, 0xff, 0xff, 0x4d, 0xff, 0xff, 0xff, 0x4d, 0xff, 0xff, 0xff, 0x4d, 0xff, 0xff, 0xff, 0x4e,
    0xff, 0xff, 0xff, 0x4d, 0xff, 0xff, 0xff, 0x1d, 0xff, 0xff, 0xff, 0x00, 0xff, 0xff, 0xff, 0x00,
    0xff, 0xff, 0xff, 0x00, 0xff, 0xff, 0xff, 0x00, 0xff, 0xff, 0xff, 0x00, 0xff, 0xff, 0xff, 0x00,
    0xff, 0xff, 0xff, 0x00, 0xff, 0xff, 0xff, 0x00, 0xff, 0xff, 0xff, 0x00, 0xff, 0xff, 0xff, 0x00,
    0xff, 0xff, 0xff, 0x00, 0xff, 0xff, 0xff, 0x00, 0xff, 0xff, 0xff, 0x00, 0xff, 0xff, 0xff, 0x00,
    0xff, 0xff, 0xff, 0x00, 0xff, 0xff, 0xff, 0x00, 0xff, 0xff, 0xff, 0x00, 0xff, 0xff, 0xff, 0x00,
    0xff, 0xff, 0xff, 0x00, 0xff, 0xff, 0xff, 0x00, 0xff, 0xff, 0xff, 0x00, 0xff, 0xff, 0xff, 0x00,
    0xff, 0xff, 0xff, 0x00, 0xff, 0xff, 0xff, 0x00, 0x03, 0x03, 0x03, 0x00, 0x0f, 0x0f, 0x0f, 0x00,
    0x24, 0x24, 0x24, 0x00, 0x40, 0x40, 0x40, 0x00, 0x5f, 0x5f, 0x5f, 0x00, 0x7e, 0x7e, 0x7e, 0x00,
    0x9b, 0x9b, 0x9b, 0x00, 0xb4, 0xb4, 0xb4, 0x00, 0xc8, 0xc8, 0xc8, 0x00, 0xd7, 0xd7, 0xd7, 0x00,
    0xe2, 0xe2, 0xe2, 0x00, 0xea, 0xea, 0xea, 0x00, 0xf0, 0xf0, 0xf0, 0x00, 0xf4, 0xf4, 0xf4, 0x00,
    0xf6, 0xf6, 0xf6, 0x00, 0xf8, 0xf8, 0xf8, 0x00, 0xf9, 0xf9, 0xf9, 0x00, 0xf9, 0xf9, 0xf9, 0x00,
    0xf9, 0xf9, 0xf9, 0x00, 0xf9, 0xf9, 0xf9, 0x00, 0xf9, 0xf9, 0xf9, 0x00, 0xf9, 0xf9, 0xf9, 0x00,
    0xf9, 0xf9, 0xf9, 0x00, 0xf9, 0xf9, 0xf9, 0x00, 0xff, 0xff, 0xff, 0x00, 0xff, 0xff, 0xff, 0x00,
    0xff, 0xff, 0xff, 0x00, 0xff, 0xff, 0xff, 0x00, 0xff, 0xff, 0xff, 0x00, 0xff, 0xff, 0xff, 0x00,
    0xff, 0xff, 0xff, 0x00, 0xff, 0xff, 0xff, 0x00, 0xff, 0xff, 0xff, 0x00, 0xff, 0xff, 0xff, 0x00,
    0xff, 0xff, 0xff, 0x00, 0xff, 0xff, 0xff, 0x00, 0xff, 0xff, 0xff, 0x00, 0xff, 0xff, 0xff, 0x00,
    0xff, 0xff, 0xff, 0x00, 0xff, 0xff, 0xff, 0x00, 0xff, 0xff, 0xff, 0x00, 0xff, 0xff, 0xff, 0x00,
    0xff, 0xff, 0xff, 0x00, 0xff, 0xff, 0xff, 0x00, 0xff, 0xff, 0xff, 0x00, 0xff, 0xff, 0xff, 0x00,
    0xff, 0xff, 0xff, 0x00, 0xff, 0xff, 0xff, 0x00, 0xff, 0xff, 0xff, 0x00, 0xff, 0xff, 0xff, 0x00,
    0xff, 0xff, 0xff, 0x00, 0xff, 0xff, 0xff, 0x00, 0xff, 0xff, 0xff, 0x00, 0xff, 0xff, 0xff, 0x00,
    0xff, 0xff, 0xff, 0x00, 0xff, 0xff, 0xff, 0x00, 0xff, 0xff, 0xff, 0x00, 0xff, 0xff, 0xff, 0x00,
    0xff, 0xff, 0xff, 0x00, 0xff, 0xff, 0xff, 0x00, 0xff, 0xff, 0xff, 0x00, 0xff, 0xff, 0xff, 0x00,
    0xff, 0xff, 0xff, 0x00, 0xff, 0xff, 0xff, 0x00, 0xff, 0xff, 0xff, 0x00, 0xff, 0xff, 0xff, 0x00,
    0xff, 0xff, 0xff, 0x00, 0xff, 0xff, 0xff, 0x00, 0xff, 0xff, 0xff, 0x00, 0xff, 0xff, 0xff, 0x00,
    0xff, 0xff, 0xff, 0x00, 0xff, 0xff, 0xff, 0x00, 0xff, 0xff, 0xff, 0x2e, 0xff, 0xff, 0xff, 0x4a,
    0xff, 0xff, 0xff, 0x4a, 0xff, 0xff, 0xff, 0x4a, 0xff, 0xff, 0xff, 0x4a, 0xff, 0xff, 0xff, 0x4a,
    0xff, 0xff, 0xff, 0x4a, 0xff, 0xff, 0xff, 0x4a, 0xff, 0xff, 0xff, 0x4a, 0xff, 0xff, 0xff, 0x4a,
    0xff, 0xff, 0xff, 0x4a, 0xff, 0xff, 0xff, 0x4a, 0xff, 0xff, 0xff, 0x4a, 0xff, 0xff, 0xff, 0x4a,
    0xff, 0xff, 0xff, 0x4a, 0xff, 0xff, 0xff, 0x4a, 0xff, 0xff, 0xff, 0x49, 0xff, 0xff, 0xff, 0x4a,
    0xff, 0xff, 0xff, 0x4a, 0xff, 0xff, 0xff, 0x4a, 0xff, 0xff, 0xff, 0x4a, 0xff, 0xff, 0xff, 0x1c,
    0xff, 0xff, 0xff, 0x00, 0xff, 0xff, 0xff, 0x00, 0xff, 0xff, 0xff, 0x00, 0xff, 0xff, 0xff, 0x00,
    0xff, 0xff, 0xff, 0x00, 0xff, 0xff, 0xff, 0x00, 0xff, 0xff, 0xff, 0x00, 0xff, 0xff, 0xff, 0x00,
    0xff, 0xff, 0xff, 0x00, 0xff, 0xff, 0xff, 0x00, 0xff, 0xff, 0xff, 0x00, 0xff, 0xff, 0xff, 0x00,
    0xff, 0xff, 0xff, 0x00, 0xff, 0xff, 0xff, 0x00, 0xff, 0xff, 0xff, 0x00, 0xff, 0xff, 0xff, 0x00,
    0xff, 0xff, 0xff, 0x00, 0xff, 0xff, 0xff, 0x00, 0xff, 0xff, 0xff, 0x00, 0xff, 0xff, 0xff, 0x00,
    0xff, 0xff, 0xff, 0x00, 0xff, 0xff, 0xff, 0x00, 0xff, 0xff, 0xff, 0x00, 0xff, 0xff, 0xff, 0x00,
    0x03, 0x03, 0x03, 0x00, 0x0f, 0x0f, 0x0f, 0x00, 0x24, 0x24, 0x24, 0x00, 0x40, 0x40, 0x40, 0x00,
    0x5f, 0x5f, 0x5f, 0x00, 0x7e, 0x7e, 0x7e, 0x00, 0x9b, 0x9b, 0x9b, 0x00, 0xb4, 0xb4, 0xb4, 0x00,
    0xc8, 0xc8, 0xc8, 0x00, 0xd7, 0xd7, 0xd7, 0x00, 0xe2, 0xe2, 0xe2, 0x00, 0xea, 0xea, 0xea, 0x00,
    0xf0, 0xf0, 0xf0, 0x00, 0xf4, 0xf4, 0xf4, 0x00, 0xf6, 0xf6, 0xf6, 0x00, 0xf8, 0xf8, 0xf8, 0x00,
    0xf9, 0xf9, 0xf9, 0x00, 0xf9, 0xf9, 0xf9, 0x00, 0xf9, 0xf9, 0xf9, 0x00, 0xf9, 0xf9, 0xf9, 0x00,
    0xf9, 0xf9, 0xf9, 0x00, 0xf9, 0xf9, 0xf9, 0x00, 0xf9, 0xf9, 0xf9, 0x00, 0xf9, 0xf9, 0xf9, 0x00,
    0xff, 0xff, 0xff, 0x00, 0xff, 0xff, 0xff, 0x00, 0xff, 0xff, 0xff, 0x00, 0xff, 0xff, 0xff, 0x00,
    0xff, 0xff, 0xff, 0x00, 0xff, 0xff, 0xff, 0x00, 0xff, 0xff, 0xff, 0x00, 0xff, 0xff, 0xff, 0x00,
    0xff, 0xff, 0xff, 0x00, 0xff, 0xff, 0xff, 0x00, 0xff, 0xff, 0xff, 0x00, 0xff, 0xff, 0xff, 0x00,
    0xff, 0xff, 0xff, 0x00, 0xff, 0xff, 0xff, 0x00, 0xff, 0xff, 0xff, 0x00, 0xff, 0xff, 0xff, 0x00,
    0xff, 0xff, 0xff, 0x00, 0xff, 0xff, 0xff, 0x00, 0xff, 0xff, 0xff, 0x00, 0xff, 0xff, 0xff, 0x00,
    0xff, 0xff, 0xff, 0x00, 0xff, 0xff, 0xff, 0x00, 0xff, 0xff, 0xff, 0x00, 0xff, 0xff, 0xff, 0x00,
    0xff, 0xff, 0xff, 0x00, 0xff, 0xff, 0xff, 0x00, 0xff, 0xff, 0xff, 0x00, 0xff, 0xff, 0xff, 0x00,
    0xff, 0xff, 0xff, 0x00, 0xff, 0xff, 0xff, 0x00, 0xff, 0xff, 0xff, 0x00, 0xff, 0xff, 0xff, 0x00,
    0xff, 0xff, 0xff, 0x00, 0xff, 0xff, 0xff, 0x00, 0xff, 0xff, 0xff, 0x00, 0xff, 0xff, 0xff, 0x00,
    0xff, 0xff, 0xff, 0x00, 0xff, 0xff, 0xff, 0x00, 0xff, 0xff, 0xff, 0x00, 0xff, 0xff, 0xff, 0x00,
    0xff, 0xff, 0xff, 0x00, 0xff, 0xff, 0xff, 0x00, 0xff, 0xff, 0xff, 0x00, 0xff, 0xff, 0xff, 0x00,
    0xff, 0xff, 0xff, 0x00, 0xff, 0xff, 0xff, 0x00, 0xff, 0xff, 0xff, 0x00, 0xff, 0xff, 0xff, 0x00,
    0xff, 0xff, 0xff, 0x2c, 0xff, 0xff, 0xff, 0x46, 0xff, 0xff, 0xff, 0x46, 0xff, 0xff, 0xff, 0x46,
    0xff, 0xff, 0xff, 0x46, 0xff, 0xff, 0xff, 0x46, 0xff, 0xff, 0xff, 0x46, 0xff, 0xff, 0xff, 0x46,
    0xff, 0xff, 0xff, 0x46, 0xff, 0xff, 0xff, 0x46, 0xff, 0xff, 0xff, 0x47, 0xff, 0xff, 0xff, 0x46,
    0xff, 0xff, 0xff, 0x46, 0xff, 0xff, 0xff, 0x46, 0xff, 0xff, 0xff, 0x46, 0xff, 0xff, 0xff, 0x46,
    0xff, 0xff, 0xff, 0x46, 0xff, 0xff, 0xff, 0x46, 0xff, 0xff, 0xff, 0x46, 0xff, 0xff, 0xff, 0x46,
    0xff, 0xff, 0xff, 0x46, 0xff, 0xff, 0xff, 0x1a, 0xff, 0xff, 0xff, 0x00, 0xff, 0xff, 0xff, 0x00,
    0xff, 0xff, 0xff, 0x00, 0xff, 0xff, 0xff, 0x00, 0xff, 0xff, 0xff, 0x00, 0xff, 0xff, 0xff, 0x00,
    0xff, 0xff, 0xff, 0x00, 0xff, 0xff, 0xff, 0x00, 0xff, 0xff, 0xff, 0x00, 0xff, 0xff, 0xff, 0x00,
    0xff, 0xff, 0xff, 0x00, 0xff, 0xff, 0xff, 0x00, 0xff, 0xff, 0xff, 0x00, 0xff, 0xff, 0xff, 0x00,
    0xff, 0xff, 0xff, 0x00, 0xff, 0xff, 0xff, 0x00, 0xff, 0xff, 0xff, 0x00, 0xff, 0xff, 0xff, 0x00,
    0xff, 0xff, 0xff, 0x00, 0xff, 0xff, 0xff, 0x00, 0xff, 0xff, 0xff, 0x00, 0xff, 0xff, 0xff, 0x00,
    0xff, 0xff, 0xff, 0x00, 0xff, 0xff, 0xff, 0x00, 0x03, 0x03, 0x03, 0x00, 0x0f, 0x0f, 0x0f, 0x00,
    0x24, 0x24, 0x24, 0x00, 0x40, 0x40, 0x40, 0x00, 0x5f, 0x5f, 0x5f, 0x00, 0x7e, 0x7e, 0x7e, 0x00,
    0x9b, 0x9b, 0x9b, 0x00, 0xb4, 0xb4, 0xb4, 0x00, 0xc8, 0xc8, 0xc8, 0x00, 0xd7, 0xd7, 0xd7, 0x00,
    0xe2, 0xe2, 0xe2, 0x00, 0xea, 0xea, 0xea, 0x00, 0xf0, 0xf0, 0xf0, 0x00, 0xf4, 0xf4, 0xf4, 0x00,
    0xf6, 0xf6, 0xf6, 0x00, 0xf8, 0xf8, 0xf8, 0x00, 0xf9, 0xf9, 0xf9, 0x00, 0xf9, 0xf9, 0xf9, 0x00,
    0xf9, 0xf9, 0xf9, 0x00, 0xf9, 0xf9, 0xf9, 0x00, 0xf9, 0xf9, 0xf9, 0x00, 0xf9, 0xf9, 0xf9, 0x00,
    0xf9, 0xf9, 0xf9, 0x00, 0xf9, 0xf9, 0xf9, 0x00, 0xff, 0xff, 0xff, 0x00, 0xff, 0xff, 0xff, 0x00,
    0xff, 0xff, 0xff, 0x00, 0xff, 0xff, 0xff, 0x00, 0xff, 0xff, 0xff, 0x00, 0xff, 0xff, 0xff, 0x00,
    0xff, 0xff, 0xff, 0x00, 0xff, 0xff, 0xff, 0x00, 0xff, 0xff, 0xff, 0x00, 0xff, 0xff, 0xff, 0x00,
    0xff, 0xff, 0xff, 0x00, 0xff, 0xff, 0xff, 0x00, 0xff, 0xff, 0xff, 0x00, 0xff, 0xff, 0xff, 0x00,
    0xff, 0xff, 0xff, 0x00, 0xff, 0xff, 0xff, 0x00, 0xff, 0xff, 0xff, 0x00, 0xff, 0xff, 0xff, 0x00,
    0xff, 0xff, 0xff, 0x00, 0xff, 0xff, 0xff, 0x00, 0xff, 0xff, 0xff, 0x00, 0xff, 0xff, 0xff, 0x00,
    0xff, 0xff, 0xff, 0x00, 0xff, 0xff, 0xff, 0x00, 0xff, 0xff, 0xff, 0x00, 0xff, 0xff, 0xff, 0x00,
    0xff, 0xff, 0xff, 0x00, 0xff, 0xff, 0xff, 0x00, 0xff, 0xff, 0xff, 0x00, 0xff, 0xff, 0xff, 0x00,
    0xff, 0xff, 0xff, 0x00, 0xff, 0xff, 0xff, 0x00, 0xff, 0xff, 0xff, 0x00, 0xff, 0xff, 0xff, 0x00,
    0xff, 0xff, 0xff, 0x00, 0xff, 0xff, 0xff, 0x00, 0xff, 0xff, 0xff, 0x00, 0xff, 0xff, 0xff, 0x00,
    0xff, 0xff, 0xff, 0x00, 0xff, 0xff, 0xff, 0x00, 0xff, 0xff, 0xff, 0x00, 0xff, 0xff, 0xff, 0x00,
    0xff, 0xff, 0xff, 0x00, 0xff, 0xff, 0xff, 0x00, 0xff, 0xff, 0xff, 0x00, 0xff, 0xff, 0xff, 0x00,
    0xff, 0xff, 0xff, 0x00, 0xff, 0xff, 0xff, 0x00, 0xff, 0xff, 0xff, 0x2a, 0xff, 0xff, 0xff, 0x43,
    0xff, 0xff, 0xff, 0x42, 0xff, 0xff, 0xff, 0x42, 0xff, 0xff, 0xff, 0x43, 0xff, 0xff, 0xff, 0x42,
    0xff, 0xff, 0xff, 0x43, 0xff, 0xff, 0xff, 0x42, 0xff, 0xff, 0xff, 0x42, 0xff, 0xff, 0xff, 0x43,
    0xff, 0xff, 0xff, 0x43, 0xff, 0xff, 0xff, 0x42, 0xff, 0xff, 0xff, 0x43, 0xff, 0xff, 0xff, 0x43,
    0xff, 0xff, 0xff, 0x43, 0xff, 0xff, 0xff, 0x42, 0xff, 0xff, 0xff, 0x42, 0xff, 0xff, 0xff, 0x42,
    0xff, 0xff, 0xff, 0x43, 0xff, 0xff, 0xff, 0x42, 0xff, 0xff, 0xff, 0x42, 0xff, 0xff, 0xff, 0x19,
    0xff, 0xff, 0xff, 0x00, 0xff, 0xff, 0xff, 0x00, 0xff, 0xff, 0xff, 0x00, 0xff, 0xff, 0xff, 0x00,
    0xff, 0xff, 0xff, 0x00, 0xff, 0xff, 0xff, 0x00, 0xff, 0xff, 0xff, 0x00, 0xff, 0xff, 0xff, 0x00,
    0xff, 0xff, 0xff, 0x00, 0xff, 0xff, 0xff, 0x00, 0xff, 0xff, 0xff, 0x00, 0xff, 0xff, 0xff, 0x00,
    0xff, 0xff, 0xff, 0x00, 0xff, 0xff, 0xff, 0x00, 0xff, 0xff, 0xff, 0x00, 0xff, 0xff, 0xff, 0x00,
    0xff, 0xff, 0xff, 0x00, 0xff, 0xff, 0xff, 0x00, 0xff, 0xff, 0xff, 0x00, 0xff, 0xff, 0xff, 0x00,
    0xff, 0xff, 0xff, 0x00, 0xff, 0xff, 0xff, 0x00, 0xff, 0xff, 0xff, 0x00, 0xff, 0xff, 0xff, 0x00,
    0x03, 0x03, 0x03, 0x00, 0x0f, 0x0f, 0x0f, 0x00, 0x24, 0x24, 0x24, 0x00, 0x40, 0x40, 0x40, 0x00,
    0x5f, 0x5f, 0x5f, 0x00, 0x7e, 0x7e, 0x7e, 0x00, 0x9b, 0x9b, 0x9b, 0x00, 0xb4, 0xb4, 0xb4, 0x00,
    0xc8, 0xc8, 0xc8, 0x00, 0xd7, 0xd7, 0xd7, 0x00, 0xe2, 0xe2, 0xe2, 0x00, 0xea, 0xea, 0xea, 0x00,
    0xf0, 0xf0, 0xf0, 0x00, 0xf4, 0xf4, 0xf4, 0x00, 0xf6, 0xf6, 0xf6, 0x00, 0xf8, 0xf8, 0xf8, 0x00,
    0xf9, 0xf9, 0xf9, 0x00, 0xf9, 0xf9, 0xf9, 0x00, 0xf9, 0xf9, 0xf9, 0x00, 0xf9, 0xf9, 0xf9, 0x00,
    0xf9, 0xf9, 0xf9, 0x00, 0xf9, 0xf9, 0xf9, 0x00, 0xf9, 0xf9, 0xf9, 0x00, 0xf9, 0xf9, 0xf9, 0x00,
    0xff, 0xff, 0xff, 0x00, 0xff, 0xff, 0xff, 0x00, 0xff, 0xff, 0xff, 0x00, 0xff, 0xff, 0xff, 0x00,
    0xff, 0xff, 0xff, 0x00, 0xff, 0xff, 0xff, 0x00, 0xff, 0xff, 0xff, 0x00, 0xff, 0xff, 0xff, 0x00,
    0xff, 0xff, 0xff, 0x00, 0xff, 0xff, 0xff, 0x00, 0xff, 0xff, 0xff, 0x00, 0xff, 0xff, 0xff, 0x00,
    0xff, 0xff, 0xff, 0x00, 0xff, 0xff, 0xff, 0x00, 0xff, 0xff, 0xff, 0x00, 0xff, 0xff, 0xff, 0x00,
    0xff, 0xff, 0xff, 0x00, 0xff, 0xff, 0xff, 0x00, 0xff, 0xff, 0xff, 0x00, 0xff, 0xff, 0xff, 0x00,
    0xff, 0xff, 0xff, 0x00, 0xff, 0xff, 0xff, 0x00, 0xff, 0xff, 0xff, 0x00, 0xff, 0xff, 0xff, 0x00,
    0xff, 0xff, 0xff, 0x00, 0xff, 0xff, 0xff, 0x00, 0xff, 0xff, 0xff, 0x00, 0xff, 0xff, 0xff, 0x00,
    0xff, 0xff, 0xff, 0x00, 0xff, 0xff, 0xff, 0x00, 0xff, 0xff, 0xff, 0x00, 0xff, 0xff, 0xff, 0x00,
    0xff, 0xff, 0xff, 0x00, 0xff, 0xff, 0xff, 0x00, 0xff, 0xff, 0xff, 0x00, 0xff, 0xff, 0xff, 0x00,
    0xff, 0xff, 0xff, 0x00, 0xff, 0xff, 0xff, 0x00, 0xff, 0xff, 0xff, 0x00, 0xff, 0xff, 0xff, 0x00,
    0xff, 0xff, 0xff, 0x00, 0xff, 0xff, 0xff, 0x00, 0xff, 0xff, 0xff, 0x00, 0xff, 0xff, 0xff, 0x00,
    0xff, 0xff, 0xff, 0x00, 0xff, 0xff, 0xff, 0x00, 0xff, 0xff, 0xff, 0x00, 0xff, 0xff, 0xff, 0x00,
    0xff, 0xff, 0xff, 0x27, 0xff, 0xff, 0xff, 0x3f, 0xff, 0xff, 0xff, 0x3f, 0xff, 0xff, 0xff, 0x3f,
    0xff, 0xff, 0xff, 0x3f, 0xff, 0xff, 0xff, 0x3f, 0xff, 0xff, 0xff, 0x3f, 0xff, 0xff, 0xff, 0x3f,
    0xff, 0xff, 0xff, 0x3f, 0xff, 0xff, 0xff, 0x3f, 0xff, 0xff, 0xff, 0x3f, 0xff, 0xff, 0xff, 0x3f,
    0xff, 0xff, 0xff, 0x3f, 0xff, 0xff, 0xff, 0x3f, 0xff, 0xff, 0xff, 0x3f, 0xff, 0xff, 0xff, 0x3f,
    0xff, 0xff, 0xff, 0x3f, 0xff, 0xff, 0xff, 0x3f, 0xff, 0xff, 0xff, 0x3f, 0xff, 0xff, 0xff, 0x3e,
    0xff, 0xff, 0xff, 0x3f, 0xff, 0xff, 0xff, 0x17, 0xff, 0xff, 0xff, 0x00, 0xff, 0xff, 0xff, 0x00,
    0xff, 0xff, 0xff, 0x00, 0xff, 0xff, 0xff, 0x00, 0xff, 0xff, 0xff, 0x00, 0xff, 0xff, 0xff, 0x00,
    0xff, 0xff, 0xff, 0x00, 0xff, 0xff, 0xff, 0x00, 0xff, 0xff, 0xff, 0x00, 0xff, 0xff, 0xff, 0x00,
    0xff, 0xff, 0xff, 0x00, 0xff, 0xff, 0xff, 0x00, 0xff, 0xff, 0xff, 0x00, 0xff, 0xff, 0xff, 0x00,
    0xff, 0xff, 0xff, 0x00, 0xff, 0xff, 0xff, 0x00, 0xff, 0xff, 0xff, 0x00, 0xff, 0xff, 0xff, 0x00,
    0xff, 0xff, 0xff, 0x00, 0xff, 0xff, 0xff, 0x00, 0xff, 0xff, 0xff, 0x00, 0xff, 0xff, 0xff, 0x00,
    0xff, 0xff, 0xff, 0x00, 0xff, 0xff, 0xff, 0x00, 0x03, 0x03, 0x03, 0x00, 0x0f, 0x0f, 0x0f, 0x00,
    0x24, 0x24, 0x24, 0x00, 0x40, 0x40, 0x40, 0x00, 0x5f, 0x5f, 0x5f, 0x00, 0x7e, 0x7e, 0x7e, 0x00,
    0x9b, 0x9b, 0x9b, 0x00, 0xb4, 0xb4, 0xb4, 0x00, 0xc8, 0xc8, 0xc8, 0x00, 0xd7, 0xd7, 0xd7, 0x00,
    0xe2, 0xe2, 0xe2, 0x00, 0xea, 0xea, 0xea, 0x00, 0xf0, 0xf0, 0xf0, 0x00, 0xf4, 0xf4, 0xf4, 0x00,
    0xf6, 0xf6, 0xf6, 0x00, 0xf8, 0xf8, 0xf8, 0x00, 0xf9, 0xf9, 0xf9, 0x00, 0xf9, 0xf9, 0xf9, 0x00,
    0xf9, 0xf9, 0xf9, 0x00, 0xf9, 0xf9, 0xf9, 0x00, 0xf9, 0xf9, 0xf9, 0x00, 0xf9, 0xf9, 0xf9, 0x00,
    0xf9, 0xf9, 0xf9, 0x00, 0xf9, 0xf9, 0xf9, 0x00, 0xff, 0xff, 0xff, 0x00, 0xff, 0xff, 0xff, 0x00,
    0xff, 0xff, 0xff, 0x00, 0xff, 0xff, 0xff, 0x00, 0xff, 0xff, 0xff, 0x00, 0xff, 0xff, 0xff, 0x00,
    0xff, 0xff, 0xff, 0x00, 0xff, 0xff, 0xff, 0x00, 0xff, 0xff, 0xff, 0x00, 0xff, 0xff, 0xff, 0x00,
    0xff, 0xff, 0xff, 0x00, 0xff, 0xff, 0xff, 0x00, 0xff, 0xff, 0xff, 0x00, 0xff, 0xff, 0xff, 0x00,
    0xff, 0xff, 0xff, 0x00, 0xff, 0xff, 0xff, 0x00, 0xff, 0xff, 0xff, 0x00, 0xff, 0xff, 0xff, 0x00,
    0xff, 0xff, 0xff, 0x00, 0xff, 0xff, 0xff, 0x00, 0xff, 0xff, 0xff, 0x00, 0xff, 0xff, 0xff, 0x00,
    0xff, 0xff, 0xff, 0x00, 0xff, 0xff, 0xff, 0x00, 0xff, 0xff, 0xff, 0x00, 0xff, 0xff, 0xff, 0x00,
    0xff, 0xff, 0xff, 0x00, 0xff, 0xff, 0xff, 0x00, 0xff, 0xff, 0xff, 0x00, 0xff, 0xff, 0xff, 0x00,
    0xff, 0xff, 0xff, 0x00, 0xff, 0xff, 0xff, 0x00, 0xff, 0xff, 0xff, 0x00, 0xff, 0xff, 0xff, 0x00,
    0xff, 0xff, 0xff, 0x00, 0xff, 0xff, 0xff, 0x00, 0xff, 0xff, 0xff, 0x00, 0xff, 0xff, 0xff, 0x00,
    0xff, 0xff, 0xff, 0x00, 0xff, 0xff, 0xff, 0x00, 0xff, 0xff, 0xff, 0x00, 0xff, 0xff, 0xff, 0x00,
    0xff, 0xff, 0xff, 0x00, 0xff, 0xff, 0xff, 0x00, 0xff, 0xff, 0xff, 0x00, 0xff, 0xff, 0xff, 0x00,
    0xff, 0xff, 0xff, 0x00, 0xff, 0xff, 0xff, 0x00, 0xff, 0xff, 0xff, 0x25, 0xff, 0xff, 0xff, 0x3b,
    0xff, 0xff, 0xff, 0x3b, 0xff, 0xff, 0xff, 0x3b, 0xff, 0xff, 0xff, 0x3b, 0xff, 0xff, 0xff, 0x3b,
    0xff, 0xff, 0xff, 0x3b, 0xff, 0xff, 0xff, 0x3b, 0xff, 0xff, 0xff, 0x3b, 0xff, 0xff, 0xff, 0x3b,
    0xff, 0xff, 0xff, 0x3b, 0xff, 0xff, 0xff, 0x3b, 0xff, 0xff, 0xff, 0x3b, 0xff, 0xff, 0xff, 0x3b,
    0xff, 0xff, 0xff, 0x3b, 0xff, 0xff, 0xff, 0x3b, 0xff, 0xff, 0xff, 0x3b, 0xff, 0xff, 0xff, 0x3b,
    0xff, 0xff, 0xff, 0x3b, 0xff, 0xff, 0xff, 0x3b, 0xff, 0xff, 0xff, 0x3b, 0xff, 0xff, 0xff, 0x16,
    0xff, 0xff, 0xff, 0x00, 0xff, 0xff, 0xff, 0x00, 0xff, 0xff, 0xff, 0x00, 0xff, 0xff, 0xff, 0x00,
    0xff, 0xff, 0xff, 0x00, 0xff, 0xff, 0xff, 0x00, 0xff, 0xff, 0xff, 0x00, 0xff, 0xff, 0xff, 0x00,
    0xff, 0xff, 0xff, 0x00, 0xff, 0xff, 0xff, 0x00, 0xff, 0xff, 0xff, 0x00, 0xff, 0xff, 0xff, 0x00,
    0xff, 0xff, 0xff, 0x00, 0xff, 0xff, 0xff, 0x00, 0xff, 0xff, 0xff, 0x00, 0xff, 0xff, 0xff, 0x00,
    0xff, 0xff, 0xff, 0x00, 0xff, 0xff, 0xff, 0x00, 0xff, 0xff, 0xff, 0x00, 0xff, 0xff, 0xff, 0x00,
    0xff, 0xff, 0xff, 0x00, 0xff, 0xff, 0xff, 0x00, 0xff, 0xff, 0xff, 0x00, 0xff, 0xff, 0xff, 0x00,
    0x03, 0x03, 0x03, 0x00, 0x0f, 0x0f, 0x0f, 0x00, 0x24, 0x24, 0x24, 0x00, 0x40, 0x40, 0x40, 0x00,
    0x5f, 0x5f, 0x5f, 0x00, 0x7e, 0x7e, 0x7e, 0x00, 0x9b, 0x9b, 0x9b, 0x00, 0xb4, 0xb4, 0xb4, 0x00,
    0xc8, 0xc8, 0xc8, 0x00, 0xd7, 0xd7, 0xd7, 0x00, 0xe2, 0xe2, 0xe2, 0x00, 0xea, 0xea, 0xea, 0x00,
    0xf0, 0xf0, 0xf0, 0x00, 0xf4, 0xf4, 0xf4, 0x00, 0xf6, 0xf6, 0xf6, 0x00, 0xf8, 0xf8, 0xf8, 0x00,
    0xf9, 0xf9, 0xf9, 0x00, 0xf9, 0xf9, 0xf9, 0x00, 0xf9, 0xf9, 0xf9, 0x00, 0xf9, 0xf9, 0xf9, 0x00,
    0xf9, 0xf9, 0xf9, 0x00, 0xf9, 0xf9, 0xf9, 0x00, 0xf9, 0xf9, 0xf9, 0x00, 0xf9, 0xf9, 0xf9, 0x00,
    0xff, 0xff, 0xff, 0x00, 0xff, 0xff, 0xff, 0x00, 0xff, 0xff, 0xff, 0x00, 0xff, 0xff, 0xff, 0x00,
    0xff, 0xff, 0xff, 0x00, 0xff, 0xff, 0xff, 0x00, 0xff, 0xff, 0xff, 0x00, 0xff, 0xff, 0xff, 0x00,
    0xff, 0xff, 0xff, 0x00, 0xff, 0xff, 0xff, 0x00, 0xff, 0xff, 0xff, 0x00, 0xff, 0xff, 0xff, 0x00,
    0xff, 0xff, 0xff, 0x00, 0xff, 0xff, 0xff, 0x00, 0xff, 0xff, 0xff, 0x00, 0xff, 0xff, 0xff, 0x00,
    0xff, 0xff, 0xff, 0x00, 0xff, 0xff, 0xff, 0x00, 0xff, 0xff, 0xff, 0x00, 0xff, 0xff, 0xff, 0x00,
    0xff, 0xff, 0xff, 0x00, 0xff, 0xff, 0xff, 0x00, 0xff, 0xff, 0xff, 0x00, 0xff, 0xff, 0xff, 0x00,
    0xff, 0xff, 0xff, 0x00, 0xff, 0xff, 0xff, 0x00, 0xff, 0xff, 0xff, 0x00, 0xff, 0xff, 0xff, 0x00,
    0xff, 0xff, 0xff, 0x00, 0xff, 0xff, 0xff, 0x00, 0xff, 0xff, 0xff, 0x00, 0xff, 0xff, 0xff, 0x00,
    0xff, 0xff, 0xff, 0x00, 0xff, 0xff, 0xff, 0x00, 0xff, 0xff, 0xff, 0x00, 0xff, 0xff, 0xff, 0x00,
    0xff, 0xff, 0xff, 0x00, 0xff, 0xff, 0xff, 0x00, 0xff, 0xff, 0xff, 0x00, 0xff, 0xff, 0xff, 0x00,
    0xff, 0xff, 0xff, 0x00, 0xff, 0xff, 0xff, 0x00, 0xff, 0xff, 0xff, 0x00, 0xff, 0xff, 0xff, 0x00,
    0xff, 0xff, 0xff, 0x00, 0xff, 0xff, 0xff, 0x00, 0xff, 0xff, 0xff, 0x00, 0xff, 0xff, 0xff, 0x00,
    0xff, 0xff, 0xff, 0x22, 0xff, 0xff, 0xff, 0x37, 0xff, 0xff, 0xff, 0x37, 0xff, 0xff, 0xff, 0x38,
    0xff, 0xff, 0xff, 0x38, 0xff, 0xff, 0xff, 0x37, 0xff, 0xff, 0xff, 0x38, 0xff, 0xff, 0xff, 0x37,
    0xff, 0xff, 0xff, 0x37, 0xff, 0xff, 0xff, 0x38, 0xff, 0xff, 0xff, 0x37, 0xff, 0xff, 0xff, 0x37,
    0xff, 0xff, 0xff, 0x38, 0xff, 0xff, 0xff, 0x38, 0xff, 0xff, 0xff, 0x37, 0xff, 0xff, 0xff, 0x37,
    0xff, 0xff, 0xff, 0x38, 0xff, 0xff, 0xff, 0x38, 0xff, 0xff, 0xff, 0x38, 0xff, 0xff, 0xff, 0x38,
    0xff, 0xff, 0xff, 0x38, 0xff, 0xff, 0xff, 0x14, 0xff, 0xff, 0xff, 0x00, 0xff, 0xff, 0xff, 0x00,
    0xff, 0xff, 0xff, 0x00, 0xff, 0xff, 0xff, 0x00, 0xff, 0xff, 0xff, 0x00, 0xff, 0xff, 0xff, 0x00,
    0xff, 0xff, 0xff, 0x00, 0xff, 0xff, 0xff, 0x00, 0xff, 0xff, 0xff, 0x00, 0xff, 0xff, 0xff, 0x00,
    0xff, 0xff, 0xff, 0x00, 0xff, 0xff, 0xff, 0x00, 0xff, 0xff, 0xff, 0x00, 0xff, 0xff, 0xff, 0x00,
    0xff, 0xff, 0xff, 0x00, 0xff, 0xff, 0xff, 0x00, 0xff, 0xff, 0xff, 0x00, 0xff, 0xff, 0xff, 0x00,
    0xff, 0xff, 0xff, 0x00, 0xff, 0xff, 0xff, 0x00, 0xff, 0xff, 0xff, 0x00, 0xff, 0xff, 0xff, 0x00,
    0xff, 0xff, 0xff, 0x00, 0xff, 0xff, 0xff, 0x00, 0x03, 0x03, 0x03, 0x00, 0x0f, 0x0f, 0x0f, 0x00,
    0x24, 0x24, 0x24, 0x00, 0x40, 0x40, 0x40, 0x00, 0x5f, 0x5f, 0x5f, 0x00, 0x7e, 0x7e, 0x7e, 0x00,
    0x9b, 0x9b, 0x9b, 0x00, 0xb4, 0xb4, 0xb4, 0x00, 0xc8, 0xc8, 0xc8, 0x00, 0xd7, 0xd7, 0xd7, 0x00,
    0xe2, 0xe2, 0xe2, 0x00, 0xea, 0xea, 0xea, 0x00, 0xf0, 0xf0, 0xf0, 0x00, 0xf4, 0xf4, 0xf4, 0x00,
    0xf6, 0xf6, 0xf6, 0x00, 0xf8, 0xf8, 0xf8, 0x00, 0xf9, 0xf9, 0xf9, 0x00, 0xf9, 0xf9, 0xf9, 0x00,
    0xf9, 0xf9, 0xf9, 0x00, 0xf9, 0xf9, 0xf9, 0x00, 0xf9, 0xf9, 0xf9, 0x00, 0xf9, 0xf9, 0xf9, 0x00,
    0xf9, 0xf9, 0xf9, 0x00, 0xf9, 0xf9, 0xf9, 0x00, 0xff, 0xff, 0xff, 0x00, 0xff, 0xff, 0xff, 0x00,
    0xff, 0xff, 0xff, 0x00, 0xff, 0xff, 0xff, 0x00, 0xff, 0xff, 0xff, 0x00, 0xff, 0xff, 0xff, 0x00,
    0xff, 0xff, 0xff, 0x00, 0xff, 0xff, 0xff, 0x00, 0xff, 0xff, 0xff, 0x00, 0xff, 0xff, 0xff, 0x00,
    0xff, 0xff, 0xff, 0x00, 0xff, 0xff, 0xff, 0x00, 0xff, 0xff, 0xff, 0x00, 0xff, 0xff, 0xff, 0x00,
    0xff, 0xff, 0xff, 0x00, 0xff, 0xff, 0xff, 0x00, 0xff, 0xff, 0xff, 0x00, 0xff, 0xff, 0xff, 0x00,
    0xff, 0xff, 0xff, 0x00, 0xff, 0xff, 0xff, 0x00, 0xff, 0xff, 0xff, 0x00, 0xff, 0xff, 0xff, 0x00,
    0xff, 0xff, 0xff, 0x00, 0xff, 0xff, 0xff, 0x00, 0xff, 0xff, 0xff, 0x00, 0xff, 0xff, 0xff, 0x00,
    0xff, 0xff, 0xff, 0x00, 0xff, 0xff, 0xff, 0x00, 0xff, 0xff, 0xff, 0x00, 0xff, 0xff, 0xff, 0x00,
    0xff, 0xff, 0xff, 0x00, 0xff, 0xff, 0xff, 0x00, 0xff, 0xff, 0xff, 0x00, 0xff, 0xff, 0xff, 0x00,
    0xff, 0xff, 0xff, 0x00, 0xff, 0xff, 0xff, 0x00, 0xff, 0xff, 0xff, 0x00, 0xff, 0xff, 0xff, 0x00,
    0xff, 0xff, 0xff, 0x00, 0xff, 0xff, 0xff, 0x00, 0xff, 0xff, 0xff, 0x00, 0xff, 0xff, 0xff, 0x00,
    0xff, 0xff, 0xff, 0x00, 0xff, 0xff, 0xff, 0x00, 0xff, 0xff, 0xff, 0x00, 0xff, 0xff, 0xff, 0x00,
    0xff, 0xff, 0xff, 0x00, 0xff, 0xff, 0xff, 0x00, 0xff, 0xff, 0xff, 0x20, 0xff, 0xff, 0xff, 0x34,
    0xff, 0xff, 0xff, 0x34, 0xff, 0xff, 0xff, 0x34, 0xff, 0xff, 0xff, 0x34, 0xff, 0xff, 0xff, 0x33,
    0xff, 0xff, 0xff, 0x34, 0xff, 0xff, 0xff, 0x34, 0xff, 0xff, 0xff, 0x34, 0xff, 0xff, 0xff, 0x34,
    0xff, 0xff, 0xff, 0x34, 0xff, 0xff, 0xff, 0x34, 0xff, 0xff, 0xff, 0x34, 0xff, 0xff, 0xff, 0x34,
    0xff, 0xff, 0xff, 0x34, 0xff, 0xff, 0xff, 0x34, 0xff, 0xff, 0xff, 0x34, 0xff, 0xff, 0xff, 0x34,
    0xff, 0xff, 0xff, 0x34, 0xff, 0xff, 0xff, 0x34, 0xff, 0xff, 0xff, 0x34, 0xff, 0xff, 0xff, 0x13,
    0xff, 0xff, 0xff, 0x00, 0xff, 0xff, 0xff, 0x00, 0xff, 0xff, 0xff, 0x00, 0xff, 0xff, 0xff, 0x00,
    0xff, 0xff, 0xff, 0x00, 0xff, 0xff, 0xff, 0x00, 0xff, 0xff, 0xff, 0x00, 0xff, 0xff, 0xff, 0x00,
    0xff, 0xff, 0xff, 0x00, 0xff, 0xff, 0xff, 0x00, 0xff, 0xff, 0xff, 0x00, 0xff, 0xff, 0xff, 0x00,
    0xff, 0xff, 0xff, 0x00, 0xff, 0xff, 0xff, 0x00, 0xff, 0xff, 0xff, 0x00, 0xff, 0xff, 0xff, 0x00,
    0xff, 0xff, 0xff, 0x00, 0xff, 0xff, 0xff, 0x00, 0xff, 0xff, 0xff, 0x00, 0xff, 0xff, 0xff, 0x00,
    0xff, 0xff, 0xff, 0x00, 0xff, 0xff, 0xff, 0x00, 0xff, 0xff, 0xff, 0x00, 0xff, 0xff, 0xff, 0x00,
    0x03, 0x03, 0x03, 0x00, 0x0f, 0x0f, 0x0f, 0x00, 0x24, 0x24, 0x24, 0x00, 0x40, 0x40, 0x40, 0x00,
    0x5f, 0x5f, 0x5f, 0x00, 0x7e, 0x7e, 0x7e, 0x00, 0x9b, 0x9b, 0x9b, 0x00, 0xb4, 0xb4, 0xb4, 0x00,
    0xc8, 0xc8, 0xc8, 0x00, 0xd7, 0xd7, 0xd7, 0x00, 0xe2, 0xe2, 0xe2, 0x00, 0xea, 0xea, 0xea, 0x00,
    0xf0, 0xf0, 0xf0, 0x00, 0xf4, 0xf4, 0xf4, 0x00, 0xf6, 0xf6, 0xf6, 0x00, 0xf8, 0xf8, 0xf8, 0x00,
    0xf9, 0xf9, 0xf9, 0x00, 0xf9, 0xf9, 0xf9, 0x00, 0xf9, 0xf9, 0xf9, 0x00, 0xf9, 0xf9, 0xf9, 0x00,
    0xf9, 0xf9, 0xf9, 0x00, 0xf9, 0xf9, 0xf9, 0x00, 0xf9, 0xf9, 0xf9, 0x00, 0xf9, 0xf9, 0xf9, 0x00,
    0xff, 0xff, 0xff, 0x00, 0xff, 0xff, 0xff, 0x00, 0xff, 0xff, 0xff, 0x00, 0xff, 0xff, 0xff, 0x00,
    0xff, 0xff, 0xff, 0x00, 0xff, 0xff, 0xff, 0x00, 0xff, 0xff, 0xff, 0x00, 0xff, 0xff, 0xff, 0x00,
    0xff, 0xff, 0xff, 0x00, 0xff, 0xff, 0xff, 0x00, 0xff, 0xff, 0xff, 0x00, 0xff, 0xff, 0xff, 0x00,
    0xff, 0xff, 0xff, 0x00, 0xff, 0xff, 0xff, 0x00, 0xff, 0xff, 0xff, 0x00, 0xff, 0xff, 0xff, 0x00,
    0xff, 0xff, 0xff, 0x00, 0xff, 0xff, 0xff, 0x00, 0xff, 0xff, 0xff, 0x00, 0xff, 0xff, 0xff, 0x00,
    0xff, 0xff, 0xff, 0x00, 0xff, 0xff, 0xff, 0x00, 0xff, 0xff, 0xff, 0x00, 0xff, 0xff, 0xff, 0x00,
    0xff, 0xff, 0xff, 0x00, 0xff, 0xff, 0xff, 0x00, 0xff, 0xff, 0xff, 0x00, 0xff, 0xff, 0xff, 0x00,
    0xff, 0xff, 0xff, 0x00, 0xff, 0xff, 0xff, 0x00, 0xff, 0xff, 0xff, 0x00, 0xff, 0xff, 0xff, 0x00,
    0xff, 0xff, 0xff, 0x00, 0xff, 0xff, 0xff, 0x00, 0xff, 0xff, 0xff, 0x00, 0xff, 0xff, 0xff, 0x00,
    0xff, 0xff, 0xff, 0x00, 0xff, 0xff, 0xff, 0x00, 0xff, 0xff, 0xff, 0x00, 0xff, 0xff, 0xff, 0x00,
    0xff, 0xff, 0xff, 0x00, 0xff, 0xff, 0xff, 0x00, 0xff, 0xff, 0xff, 0x00, 0xff, 0xff, 0xff, 0x00,
    0xff, 0xff, 0xff, 0x00, 0xff, 0xff, 0xff, 0x00, 0xff, 0xff, 0xff, 0x00, 0xff, 0xff, 0xff, 0x00,
    0xff, 0xff, 0xff, 0x1e, 0xff, 0xff, 0xff, 0x30, 0xff, 0xff, 0xff, 0x30, 0xff, 0xff, 0xff, 0x30,
    0xff, 0xff, 0xff, 0x30, 0xff, 0xff, 0xff, 0x30, 0xff, 0xff, 0xff, 0x30, 0xff, 0xff, 0xff, 0x30,
    0xff, 0xff, 0xff, 0x30, 0xff, 0xff, 0xff, 0x30, 0xff, 0xff, 0xff, 0x30, 0xff, 0xff, 0xff, 0x30,
    0xff, 0xff, 0xff, 0x30, 0xff, 0xff, 0xff, 0x30, 0xff, 0xff, 0xff, 0x30, 0xff, 0xff, 0xff, 0x30,
    0xff, 0xff, 0xff, 0x30, 0xff, 0xff, 0xff, 0x30, 0xff, 0xff, 0xff, 0x30, 0xff, 0xff, 0xff, 0x30,
    0xff, 0xff, 0xff, 0x30, 0xff, 0xff, 0xff, 0x12, 0xff, 0xff, 0xff, 0x00, 0xff, 0xff, 0xff, 0x00,
    0xff, 0xff, 0xff, 0x00, 0xff, 0xff, 0xff, 0x00, 0xff, 0xff, 0xff, 0x00, 0xff, 0xff, 0xff, 0x00,
    0xff, 0xff, 0xff, 0x00, 0xff, 0xff, 0xff, 0x00, 0xff, 0xff, 0xff, 0x00, 0xff, 0xff, 0xff, 0x00,
    0xff, 0xff, 0xff, 0x00, 0xff, 0xff, 0xff, 0x00, 0xff, 0xff, 0xff, 0x00, 0xff, 0xff, 0xff, 0x00,
    0xff, 0xff, 0xff, 0x00, 0xff, 0xff, 0xff, 0x00, 0xff, 0xff, 0xff, 0x00, 0xff, 0xff, 0xff, 0x00,
    0xff, 0xff, 0xff, 0x00, 0xff, 0xff, 0xff, 0x00, 0xff, 0xff, 0xff, 0x00, 0xff, 0xff, 0xff, 0x00,
    0xff, 0xff, 0xff, 0x00, 0xff, 0xff, 0xff, 0x00, 0x03, 0x03, 0x03, 0x00, 0x0f, 0x0f, 0x0f, 0x00,
    0x24, 0x24, 0x24, 0x00, 0x40, 0x40, 0x40, 0x00, 0x5f, 0x5f, 0x5f, 0x00, 0x7e, 0x7e, 0x7e, 0x00,
    0x9b, 0x9b, 0x9b, 0x00, 0xb4, 0xb4, 0xb4, 0x00, 0xc8, 0xc8, 0xc8, 0x00, 0xd7, 0xd7, 0xd7, 0x00,
    0xe2, 0xe2, 0xe2, 0x00, 0xea, 0xea, 0xea, 0x00, 0xf0, 0xf0, 0xf0, 0x00, 0xf4, 0xf4, 0xf4, 0x00,
    0xf6, 0xf6, 0xf6, 0x00, 0xf8, 0xf8, 0xf8, 0x00, 0xf9, 0xf9, 0xf9, 0x00, 0xf9, 0xf9, 0xf9, 0x00,
    0xf9, 0xf9, 0xf9, 0x00, 0xf9, 0xf9, 0xf9, 0x00, 0xf9, 0xf9, 0xf9, 0x00, 0xf9, 0xf9, 0xf9, 0x00,
    0xf9, 0xf9, 0xf9, 0x00, 0xf9, 0xf9, 0xf9, 0x00, 0xff, 0xff, 0xff, 0x00, 0xff, 0xff, 0xff, 0x00,
    0xff, 0xff, 0xff, 0x00, 0xff, 0xff, 0xff, 0x00, 0xff, 0xff, 0xff, 0x00, 0xff, 0xff, 0xff, 0x00,
    0xff, 0xff, 0xff, 0x00, 0xff, 0xff, 0xff, 0x00, 0xff, 0xff, 0xff, 0x00, 0xff, 0xff, 0xff, 0x00,
    0xff, 0xff, 0xff, 0x00, 0xff, 0xff, 0xff, 0x00, 0xff, 0xff, 0xff, 0x00, 0xff, 0xff, 0xff, 0x00,
    0xff, 0xff, 0xff, 0x00, 0xff, 0xff, 0xff, 0x00, 0xff, 0xff, 0xff, 0x00, 0xff, 0xff, 0xff, 0x00,
    0xff, 0xff, 0xff, 0x00, 0xff, 0xff, 0xff, 0x00, 0xff, 0xff, 0xff, 0x00, 0xff, 0xff, 0xff, 0x00,
    0xff, 0xff, 0xff, 0x00, 0xff, 0xff, 0xff, 0x00, 0xff, 0xff, 0xff, 0x00, 0xff, 0xff, 0xff, 0x00,
    0xff, 0xff, 0xff, 0x00, 0xff, 0xff, 0xff, 0x00, 0xff, 0xff, 0xff, 0x00, 0xff, 0xff, 0xff, 0x00,
    0xff, 0xff, 0xff, 0x00, 0xff, 0xff, 0xff, 0x00, 0xff, 0xff, 0xff, 0x00, 0xff, 0xff, 0xff, 0x00,
    0xff, 0xff, 0xff, 0x00, 0xff, 0xff, 0xff, 0x00, 0xff, 0xff, 0xff, 0x00, 0xff, 0xff, 0xff, 0x00,
    0xff, 0xff, 0xff, 0x00, 0xff, 0xff, 0xff, 0x00, 0xff, 0xff, 0xff, 0x00, 0xff, 0xff, 0xff, 0x00,
    0xff, 0xff, 0xff, 0x00, 0xff, 0xff, 0xff, 0x00, 0xff, 0xff, 0xff, 0x00, 0xff, 0xff, 0xff, 0x00,
    0xff, 0xff, 0xff, 0x00, 0xff, 0xff, 0xff, 0x00, 0xff, 0xff, 0xff, 0x1c, 0xff, 0xff, 0xff, 0x2c,
    0xff, 0xff, 0xff, 0x2d, 0xff, 0xff, 0xff, 0x2c, 0xff, 0xff, 0xff, 0x2c, 0xff, 0xff, 0xff, 0x2c,
    0xff, 0xff, 0xff, 0x2c, 0xff, 0xff, 0xff, 0x2c, 0xff, 0xff, 0xff, 0x2c, 0xff, 0xff, 0xff, 0x2c,
    0xff, 0xff, 0xff, 0x2c, 0xff, 0xff, 0xff, 0x2c, 0xff, 0xff, 0xff, 0x2c, 0xff, 0xff, 0xff, 0x2c,
    0xff, 0xff, 0xff, 0x2d, 0xff, 0xff, 0xff, 0x2d, 0xff, 0xff, 0xff, 0x2c, 0xff, 0xff, 0xff, 0x2c,
    0xff, 0xff, 0xff, 0x2c, 0xff, 0xff, 0xff, 0x2c, 0xff, 0xff, 0xff, 0x2c, 0xff, 0xff, 0xff, 0x10,
    0xff, 0xff, 0xff, 0x00, 0xff, 0xff, 0xff, 0x00, 0xff, 0xff, 0xff, 0x00, 0xff, 0xff, 0xff, 0x00,
    0xff, 0xff, 0xff, 0x00, 0xff, 0xff, 0xff, 0x00, 0xff, 0xff, 0xff, 0x00, 0xff, 0xff, 0xff, 0x00,
    0xff, 0xff, 0xff, 0x00, 0xff, 0xff, 0xff, 0x00, 0xff, 0xff, 0xff, 0x00, 0xff, 0xff, 0xff, 0x00,
    0xff, 0xff, 0xff, 0x00, 0xff, 0xff, 0xff, 0x00, 0xff, 0xff, 0xff, 0x00, 0xff, 0xff, 0xff, 0x00,
    0xff, 0xff, 0xff, 0x00, 0xff, 0xff, 0xff, 0x00, 0xff, 0xff, 0xff, 0x00, 0xff, 0xff, 0xff, 0x00,
    0xff, 0xff, 0xff, 0x00, 0xff, 0xff, 0xff, 0x00, 0xff, 0xff, 0xff, 0x00, 0xff, 0xff, 0xff, 0x00,
    0x03, 0x03, 0x03, 0x00, 0x0f, 0x0f, 0x0f, 0x00, 0x24, 0x24, 0x24, 0x00, 0x40, 0x40, 0x40, 0x00,
    0x5f, 0x5f, 0x5f, 0x00, 0x7e, 0x7e, 0x7e, 0x00, 0x9b, 0x9b, 0x9b, 0x00, 0xb4, 0xb4, 0xb4, 0x00,
    0xc8, 0xc8, 0xc8, 0x00, 0xd7, 0xd7, 0xd7, 0x00, 0xe2, 0xe2, 0xe2, 0x00, 0xea, 0xea, 0xea, 0x00,
    0xf0, 0xf0, 0xf0, 0x00, 0xf4, 0xf4, 0xf4, 0x00, 0xf6, 0xf6, 0xf6, 0x00, 0xf8, 0xf8, 0xf8, 0x00,
    0xf9, 0xf9, 0xf9, 0x00, 0xf9, 0xf9, 0xf9, 0x00, 0xf9, 0xf9, 0xf9, 0x00, 0xf9, 0xf9, 0xf9, 0x00,
    0xf9, 0xf9, 0xf9, 0x00, 0xf9, 0xf9, 0xf9, 0x00, 0xf9, 0xf9, 0xf9, 0x00, 0xf9, 0xf9, 0xf9, 0x00,
    0xff, 0xff, 0xff, 0x00, 0xff, 0xff, 0xff, 0x00, 0xff, 0xff, 0xff, 0x00, 0xff, 0xff, 0xff, 0x00,
    0xff, 0xff, 0xff, 0x00, 0xff, 0xff, 0xff, 0x00, 0xff, 0xff, 0xff, 0x00, 0xff, 0xff, 0xff, 0x00,
    0xff, 0xff, 0xff, 0x00, 0xff, 0xff, 0xff, 0x00, 0xff, 0xff, 0xff, 0x00, 0xff, 0xff, 0xff, 0x00,
    0xff, 0xff, 0xff, 0x00, 0xff, 0xff, 0xff, 0x00, 0xff, 0xff, 0xff, 0x00, 0xff, 0xff, 0xff, 0x00,
    0xff, 0xff, 0xff, 0x00, 0xff, 0xff, 0xff, 0x00, 0xff, 0xff, 0xff, 0x00, 0xff, 0xff, 0xff, 0x00,
    0xff, 0xff, 0xff, 0x00, 0xff, 0xff, 0xff, 0x00, 0xff, 0xff, 0xff, 0x00, 0xff, 0xff, 0xff, 0x00,
    0xff, 0xff, 0xff, 0x00, 0xff, 0xff, 0xff, 0x00, 0xff, 0xff, 0xff, 0x00, 0xff, 0xff, 0xff, 0x00,
    0xff, 0xff, 0xff, 0x00, 0xff, 0xff, 0xff, 0x00, 0xff, 0xff, 0xff, 0x00, 0xff, 0xff, 0xff, 0x00,
    0xff, 0xff, 0xff, 0x00, 0xff, 0xff, 0xff, 0x00, 0xff, 0xff, 0xff, 0x00, 0xff, 0xff, 0xff, 0x00,
    0xff, 0xff, 0xff, 0x00, 0xff, 0xff, 0xff, 0x00, 0xff, 0xff, 0xff, 0x00, 0xff, 0xff, 0xff, 0x00,
    0xff, 0xff, 0xff, 0x00, 0xff, 0xff, 0xff, 0x00, 0xff, 0xff, 0xff, 0x00, 0xff, 0xff, 0xff, 0x00,
    0xff, 0xff, 0xff, 0x00, 0xff, 0xff, 0xff, 0x00, 0xff, 0xff, 0xff, 0x00, 0xff, 0xff, 0xff, 0x00,
    0xff, 0xff, 0xff, 0x19, 0xff, 0xff, 0xff, 0x29, 0xff, 0xff, 0xff, 0x28, 0xff, 0xff, 0xff, 0x29,
    0xff, 0xff, 0xff, 0x29, 0xff, 0xff, 0xff, 0x29, 0xff, 0xff, 0xff, 0x29, 0xff, 0xff, 0xff, 0x29,
    0xff, 0xff, 0xff, 0x29, 0xff, 0xff, 0xff, 0x29, 0xff, 0xff, 0xff, 0x29, 0xff, 0xff, 0xff, 0x29,
    0xff, 0xff, 0xff, 0x28, 0xff, 0xff, 0xff, 0x28, 0xff, 0xff, 0xff, 0x29, 0xff, 0xff, 0xff, 0x29,
    0xff, 0xff, 0xff, 0x28, 0xff, 0xff, 0xff, 0x29, 0xff, 0xff, 0xff, 0x29, 0xff, 0xff, 0xff, 0x29,
    0xff, 0xff, 0xff, 0x29, 0xff, 0xff, 0xff, 0x0f, 0xff, 0xff, 0xff, 0x00, 0xff, 0xff, 0xff, 0x00,
    0xff, 0xff, 0xff, 0x00, 0xff, 0xff, 0xff, 0x00, 0xff, 0xff, 0xff, 0x00, 0xff, 0xff, 0xff, 0x00,
    0xff, 0xff, 0xff, 0x00, 0xff, 0xff, 0xff, 0x00, 0xff, 0xff, 0xff, 0x00, 0xff, 0xff, 0xff, 0x00,
    0xff, 0xff, 0xff, 0x00, 0xff, 0xff, 0xff, 0x00, 0xff, 0xff, 0xff, 0x00, 0xff, 0xff, 0xff, 0x00,
    0xff, 0xff, 0xff, 0x00, 0xff, 0xff, 0xff, 0x00, 0xff, 0xff, 0xff, 0x00, 0xff, 0xff, 0xff, 0x00,
    0xff, 0xff, 0xff, 0x00, 0xff, 0xff, 0xff, 0x00, 0xff, 0xff, 0xff, 0x00, 0xff, 0xff, 0xff, 0x00,
    0xff, 0xff, 0xff, 0x00, 0xff, 0xff, 0xff, 0x00, 0x03, 0x03, 0x03, 0x00, 0x0f, 0x0f, 0x0f, 0x00,
    0x24, 0x24, 0x24, 0x00, 0x40, 0x40, 0x40, 0x00, 0x5f, 0x5f, 0x5f, 0x00, 0x7e, 0x7e, 0x7e, 0x00,
    0x9b, 0x9b, 0x9b, 0x00, 0xb4, 0xb4, 0xb4, 0x00, 0xc8, 0xc8, 0xc8, 0x00, 0xd7, 0xd7, 0xd7, 0x00,
    0xe2, 0xe2, 0xe2, 0x00, 0xea, 0xea, 0xea, 0x00, 0xf0, 0xf0, 0xf0, 0x00, 0xf4, 0xf4, 0xf4, 0x00,
    0xf6, 0xf6, 0xf6, 0x00, 0xf8, 0xf8, 0xf8, 0x00, 0xf9, 0xf9, 0xf9, 0x00, 0xf9, 0xf9, 0xf9, 0x00,
    0xf9, 0xf9, 0xf9, 0x00, 0xf9, 0xf9, 0xf9, 0x00, 0xf9, 0xf9, 0xf9, 0x00, 0xf9, 0xf9, 0xf9, 0x00,
    0xf9, 0xf9, 0xf9, 0x00, 0xf9, 0xf9, 0xf9, 0x00, 0xff, 0xff, 0xff, 0x00, 0xff, 0xff, 0xff, 0x00,
    0xff, 0xff, 0xff, 0x00, 0xff, 0xff, 0xff, 0x00, 0xff, 0xff, 0xff, 0x00, 0xff, 0xff, 0xff, 0x00,
    0xff, 0xff, 0xff, 0x00, 0xff, 0xff, 0xff, 0x00, 0xff, 0xff, 0xff, 0x00, 0xff, 0xff, 0xff, 0x00,
    0xff, 0xff, 0xff, 0x00, 0xff, 0xff, 0xff, 0x00, 0xff, 0xff, 0xff, 0x00, 0xff, 0xff, 0xff, 0x00,
    0xff, 0xff, 0xff, 0x00, 0xff, 0xff, 0xff, 0x00, 0xff, 0xff, 0xff, 0x00, 0xff, 0xff, 0xff, 0x00,
    0xff, 0xff, 0xff, 0x00, 0xff, 0xff, 0xff, 0x00, 0xff, 0xff, 0xff, 0x00, 0xff, 0xff, 0xff, 0x00,
    0xff, 0xff, 0xff, 0x00, 0xff, 0xff, 0xff, 0x00, 0xff, 0xff, 0xff, 0x00, 0xff, 0xff, 0xff, 0x00,
    0xff, 0xff, 0xff, 0x00, 0xff, 0xff, 0xff, 0x00, 0xff, 0xff, 0xff, 0x00, 0xff, 0xff, 0xff, 0x00,
    0xff, 0xff, 0xff, 0x00, 0xff, 0xff, 0xff, 0x00, 0xff, 0xff, 0xff, 0x00, 0xff, 0xff, 0xff, 0x00,
    0xff, 0xff, 0xff, 0x00, 0xff, 0xff, 0xff, 0x00, 0xff, 0xff, 0xff, 0x00, 0xff, 0xff, 0xff, 0x00,
    0xff, 0xff, 0xff, 0x00, 0xff, 0xff, 0xff, 0x00, 0xff, 0xff, 0xff, 0x00, 0xff, 0xff, 0xff, 0x00,
    0xff, 0xff, 0xff, 0x00, 0xff, 0xff, 0xff, 0x00, 0xff, 0xff, 0xff, 0x00, 0xff, 0xff, 0xff, 0x00,
    0xff, 0xff, 0xff, 0x00, 0xff, 0xff, 0xff, 0x00, 0xff, 0xff, 0xff, 0x17, 0xff, 0xff, 0xff, 0x25,
    0xff, 0xff, 0xff, 0x25, 0xff, 0xff, 0xff, 0x24, 0xff, 0xff, 0xff, 0x25, 0xff, 0xff, 0xff, 0x25,
    0xff, 0xff, 0xff, 0x25, 0xff, 0xff, 0xff, 0x25, 0xff, 0xff, 0xff, 0x25, 0xff, 0xff, 0xff, 0x25,
    0xff, 0xff, 0xff, 0x25, 0xff, 0xff, 0xff, 0x25, 0xff, 0xff, 0xff, 0x25, 0xff, 0xff, 0xff, 0x25,
    0xff, 0xff, 0xff, 0x25, 0xff, 0xff, 0xff, 0x25, 0xff, 0xff, 0xff, 0x25, 0xff, 0xff, 0xff, 0x25,
    0xff, 0xff, 0xff, 0x25, 0xff, 0xff, 0xff, 0x25, 0xff, 0xff, 0xff, 0x25, 0xff, 0xff, 0xff, 0x0e,
    0xff, 0xff, 0xff, 0x00, 0xff, 0xff, 0xff, 0x00, 0xff, 0xff, 0xff, 0x00, 0xff, 0xff, 0xff, 0x00,
    0xff, 0xff, 0xff, 0x00, 0xff, 0xff, 0xff, 0x00, 0xff, 0xff, 0xff, 0x00, 0xff, 0xff, 0xff, 0x00,
    0xff, 0xff, 0xff, 0x00, 0xff, 0xff, 0xff, 0x00, 0xff, 0xff, 0xff, 0x00, 0xff, 0xff, 0xff, 0x00,
    0xff, 0xff, 0xff, 0x00, 0xff, 0xff, 0xff, 0x00, 0xff, 0xff, 0xff, 0x00, 0xff, 0xff, 0xff, 0x00,
    0xff, 0xff, 0xff, 0x00, 0xff, 0xff, 0xff, 0x00, 0xff, 0xff, 0xff, 0x00, 0xff, 0xff, 0xff, 0x00,
    0xff, 0xff, 0xff, 0x00, 0xff, 0xff, 0xff, 0x00, 0xff, 0xff, 0xff, 0x00, 0xff, 0xff, 0xff, 0x00,
    0x03, 0x03, 0x03, 0x00, 0x0f, 0x0f, 0x0f, 0x00, 0x24, 0x24, 0x24, 0x00, 0x40, 0x40, 0x40, 0x00,
    0x5f, 0x5f, 0x5f, 0x00, 0x7e, 0x7e, 0x7e, 0x00, 0x9b, 0x9b, 0x9b, 0x00, 0xb4, 0xb4, 0xb4, 0x00,
    0xc8, 0xc8, 0xc8, 0x00, 0xd7, 0xd7, 0xd7, 0x00, 0xe2, 0xe2, 0xe2, 0x00, 0xea, 0xea, 0xea, 0x00,
    0xf0, 0xf0, 0xf0, 0x00, 0xf4, 0xf4, 0xf4, 0x00, 0xf6, 0xf6, 0xf6, 0x00, 0xf8, 0xf8, 0xf8, 0x00,
    0xf9, 0xf9, 0xf9, 0x00, 0xf9, 0xf9, 0xf9, 0x00, 0xf9, 0xf9, 0xf9, 0x00, 0xf9, 0xf9, 0xf9, 0x00,
    0xf9, 0xf9, 0xf9, 0x00, 0xf9, 0xf9, 0xf9, 0x00, 0xf9, 0xf9, 0xf9, 0x00, 0xf9, 0xf9, 0xf9, 0x00,
    0xff, 0xff, 0xff, 0x00, 0xff, 0xff, 0xff, 0x00, 0xff, 0xff, 0xff, 0x00, 0xff, 0xff, 0xff, 0x00,
    0xff, 0xff, 0xff, 0x00, 0xff, 0xff, 0xff, 0x00, 0xff, 0xff, 0xff, 0x00, 0xff, 0xff, 0xff, 0x00,
    0xff, 0xff, 0xff, 0x00, 0xff, 0xff, 0xff, 0x00, 0xff, 0xff, 0xff, 0x00, 0xff, 0xff, 0xff, 0x00,
    0xff, 0xff, 0xff, 0x00, 0xff, 0xff, 0xff, 0x00, 0xff, 0xff, 0xff, 0x00, 0xff, 0xff, 0xff, 0x00,
    0xff, 0xff, 0xff, 0x00, 0xff, 0xff, 0xff, 0x00, 0xff, 0xff, 0xff, 0x00, 0xff, 0xff, 0xff, 0x00,
    0xff, 0xff, 0xff, 0x00, 0xff, 0xff, 0xff, 0x00, 0xff, 0xff, 0xff, 0x00, 0xff, 0xff, 0xff, 0x00,
    0xff, 0xff, 0xff, 0x00, 0xff, 0xff, 0xff, 0x00, 0xff, 0xff, 0xff, 0x00, 0xff, 0xff, 0xff, 0x00,
    0xff, 0xff, 0xff, 0x00, 0xff, 0xff, 0xff, 0x00, 0xff, 0xff, 0xff, 0x00, 0xff, 0xff, 0xff, 0x00,
    0xff, 0xff, 0xff, 0x00, 0xff, 0xff, 0xff, 0x00, 0xff, 0xff, 0xff, 0x00, 0xff, 0xff, 0xff, 0x00,
    0xff, 0xff, 0xff, 0x00, 0xff, 0xff, 0xff, 0x00, 0xff, 0xff, 0xff, 0x00, 0xff, 0xff, 0xff, 0x00,
    0xff, 0xff, 0xff, 0x00, 0xff, 0xff, 0xff, 0x00, 0xff, 0xff, 0xff, 0x00, 0xff, 0xff, 0xff, 0x00,
    0xff, 0xff, 0xff, 0x00, 0xff, 0xff, 0xff, 0x00, 0xff, 0xff, 0xff, 0x00, 0xff, 0xff, 0xff, 0x00,
    0xff, 0xff, 0xff, 0x15, 0xff, 0xff, 0xff, 0x21, 0xff, 0xff, 0xff, 0x21, 0xff, 0xff, 0xff, 0x21,
    0xff, 0xff, 0xff, 0x21, 0xff, 0xff, 0xff, 0x21, 0xff, 0xff, 0xff, 0x21, 0xff, 0xff, 0xff, 0x21,
    0xff, 0xff, 0xff, 0x21, 0xff, 0xff, 0xff, 0x22, 0xff, 0xff, 0xff, 0x21, 0xff, 0xff, 0xff, 0x21,
    0xff, 0xff, 0xff, 0x21, 0xff, 0xff, 0xff, 0x21, 0xff, 0xff, 0xff, 0x21, 0xff, 0xff, 0xff, 0x21,
    0xff, 0xff, 0xff, 0x21, 0xff, 0xff, 0xff, 0x22, 0xff, 0xff, 0xff, 0x21, 0xff, 0xff, 0xff, 0x21,
    0xff, 0xff, 0xff, 0x21, 0xff, 0xff, 0xff, 0x0c, 0xff, 0xff, 0xff, 0x00, 0xff, 0xff, 0xff, 0x00,
    0xff, 0xff, 0xff, 0x00, 0xff, 0xff, 0xff, 0x00, 0xff, 0xff, 0xff, 0x00, 0xff, 0xff, 0xff, 0x00,
    0xff, 0xff, 0xff, 0x00, 0xff, 0xff, 0xff, 0x00, 0xff, 0xff, 0xff, 0x00, 0xff, 0xff, 0xff, 0x00,
    0xff, 0xff, 0xff, 0x00, 0xff, 0xff, 0xff, 0x00, 0xff, 0xff, 0xff, 0x00, 0xff, 0xff, 0xff, 0x00,
    0xff, 0xff, 0xff, 0x00, 0xff, 0xff, 0xff, 0x00, 0xff, 0xff, 0xff, 0x00, 0xff, 0xff, 0xff, 0x00,
    0xff, 0xff, 0xff, 0x00, 0xff, 0xff, 0xff, 0x00, 0xff, 0xff, 0xff, 0x00, 0xff, 0xff, 0xff, 0x00,
    0xff, 0xff, 0xff, 0x00, 0xff, 0xff, 0xff, 0x00, 0x03, 0x03, 0x03, 0x00, 0x0f, 0x0f, 0x0f, 0x00,
    0x24, 0x24, 0x24, 0x00, 0x40, 0x40, 0x40, 0x00, 0x5f, 0x5f, 0x5f, 0x00, 0x7e, 0x7e, 0x7e, 0x00,
    0x9b, 0x9b, 0x9b, 0x00, 0xb4, 0xb4, 0xb4, 0x00, 0xc8, 0xc8, 0xc8, 0x00, 0xd7, 0xd7, 0xd7, 0x00,
    0xe2, 0xe2, 0xe2, 0x00, 0xea, 0xea, 0xea, 0x00, 0xf0, 0xf0, 0xf0, 0x00, 0xf4, 0xf4, 0xf4, 0x00,
    0xf6, 0xf6, 0xf6, 0x00, 0xf8, 0xf8, 0xf8, 0x00, 0xf9, 0xf9, 0xf9, 0x00, 0xf9, 0xf9, 0xf9, 0x00,
    0xf9, 0xf9, 0xf9, 0x00, 0xf9, 0xf9, 0xf9, 0x00, 0xf9, 0xf9, 0xf9, 0x00, 0xf9, 0xf9, 0xf9, 0x00,
    0xf9, 0xf9, 0xf9, 0x00, 0xf9, 0xf9, 0xf9, 0x00, 0xff, 0xff, 0xff, 0x00, 0xff, 0xff, 0xff, 0x00,
    0xff, 0xff, 0xff, 0x00, 0xff, 0xff, 0xff, 0x00, 0xff, 0xff, 0xff, 0x00, 0xff, 0xff, 0xff, 0x00,
    0xff, 0xff, 0xff, 0x00, 0xff, 0xff, 0xff, 0x00, 0xff, 0xff, 0xff, 0x00, 0xff, 0xff, 0xff, 0x00,
    0xff, 0xff, 0xff, 0x00, 0xff, 0xff, 0xff, 0x00, 0xff, 0xff, 0xff, 0x00, 0xff, 0xff, 0xff, 0x00,
    0xff, 0xff, 0xff, 0x00, 0xff, 0xff, 0xff, 0x00, 0xff, 0xff, 0xff, 0x00, 0xff, 0xff, 0xff, 0x00,
    0xff, 0xff, 0xff, 0x00, 0xff, 0xff, 0xff, 0x00, 0xff, 0xff, 0xff, 0x00, 0xff, 0xff, 0xff, 0x00,
    0xff, 0xff, 0xff, 0x00, 0xff, 0xff, 0xff, 0x00, 0xff, 0xff, 0xff, 0x00, 0xff, 0xff, 0xff, 0x00,
    0xff, 0xff, 0xff, 0x00, 0xff, 0xff, 0xff, 0x00, 0xff, 0xff, 0xff, 0x00, 0xff, 0xff, 0xff, 0x00,
    0xff, 0xff, 0xff, 0x00, 0xff, 0xff, 0xff, 0x00, 0xff, 0xff, 0xff, 0x00, 0xff, 0xff, 0xff, 0x00,
    0xff, 0xff, 0xff, 0x00, 0xff, 0xff, 0xff, 0x00, 0xff, 0xff, 0xff, 0x00, 0xff, 0xff, 0xff, 0x00,
    0xff, 0xff, 0xff, 0x00, 0xff, 0xff, 0xff, 0x00, 0xff, 0xff, 0xff, 0x00, 0xff, 0xff, 0xff, 0x00,
    0xff, 0xff, 0xff, 0x00, 0xff, 0xff, 0xff, 0x00, 0xff, 0xff, 0xff, 0x00, 0xff, 0xff, 0xff, 0x00,
    0xff, 0xff, 0xff, 0x00, 0xff, 0xff, 0xff, 0x00, 0xff, 0xff, 0xff, 0x12, 0xff, 0xff, 0xff, 0x1e,
    0xff, 0xff, 0xff, 0x1d, 0xff, 0xff, 0xff, 0x1e, 0xff, 0xff, 0xff, 0x1e, 0xff, 0xff, 0xff, 0x1e,
    0xff, 0xff, 0xff, 0x1e, 0xff, 0xff, 0xff, 0x1e, 0xff, 0xff, 0xff, 0x1e, 0xff, 0xff, 0xff, 0x1e,
    0xff, 0xff, 0xff, 0x1e, 0xff, 0xff, 0xff, 0x1e, 0xff, 0xff, 0xff, 0x1e, 0xff, 0xff, 0xff, 0x1e,
    0xff, 0xff, 0xff, 0x1e, 0xff, 0xff, 0xff, 0x1e, 0xff, 0xff, 0xff, 0x1e, 0xff, 0xff, 0xff, 0x1e,
    0xff, 0xff, 0xff, 0x1e, 0xff, 0xff, 0xff, 0x1d, 0xff, 0xff, 0xff, 0x1e, 0xff, 0xff, 0xff, 0x0b,
    0xff, 0xff, 0xff, 0x00, 0xff, 0xff, 0xff, 0x00, 0xff, 0xff, 0xff, 0x00, 0xff, 0xff, 0xff, 0x00,
    0xff, 0xff, 0xff, 0x00, 0xff, 0xff, 0xff, 0x00, 0xff, 0xff, 0xff, 0x00, 0xff, 0xff, 0xff, 0x00,
    0xff, 0xff, 0xff, 0x00, 0xff, 0xff, 0xff, 0x00, 0xff, 0xff, 0xff, 0x00, 0xff, 0xff, 0xff, 0x00,
    0xff, 0xff, 0xff, 0x00, 0xff, 0xff, 0xff, 0x00, 0xff, 0xff, 0xff, 0x00, 0xff, 0xff, 0xff, 0x00,
    0xff, 0xff, 0xff, 0x00, 0xff, 0xff, 0xff, 0x00, 0xff, 0xff, 0xff, 0x00, 0xff, 0xff, 0xff, 0x00,
    0xff, 0xff, 0xff, 0x00, 0xff, 0xff, 0xff, 0x00, 0xff, 0xff, 0xff, 0x00, 0xff, 0xff, 0xff, 0x00,
    0x03, 0x03, 0x03, 0x00, 0x0f, 0x0f, 0x0f, 0x00, 0x24, 0x24, 0x24, 0x00, 0x40, 0x40, 0x40, 0x00,
    0x5f, 0x5f, 0x5f, 0x00, 0x7e, 0x7e, 0x7e, 0x00, 0x9b, 0x9b, 0x9b, 0x00, 0xb4, 0xb4, 0xb4, 0x00,
    0xc8, 0xc8, 0xc8, 0x00, 0xd7, 0xd7, 0xd7, 0x00, 0xe2, 0xe2, 0xe2, 0x00, 0xea, 0xea, 0xea, 0x00,
    0xf0, 0xf0, 0xf0, 0x00, 0xf4, 0xf4, 0xf4, 0x00, 0xf6, 0xf6, 0xf6, 0x00, 0xf8, 0xf8, 0xf8, 0x00,
    0xf9, 0xf9, 0xf9, 0x00, 0xf9, 0xf9, 0xf9, 0x00, 0xf9, 0xf9, 0xf9, 0x00, 0xf9, 0xf9, 0xf9, 0x00,
    0xf9, 0xf9, 0xf9, 0x00, 0xf9, 0xf9, 0xf9, 0x00, 0xf9, 0xf9, 0xf9, 0x00, 0xf9, 0xf9, 0xf9, 0x00,
    0xff, 0xff, 0xff, 0x00, 0xff, 0xff, 0xff, 0x00, 0xff, 0xff, 0xff, 0x00, 0xff, 0xff, 0xff, 0x00,
    0xff, 0xff, 0xff, 0x00, 0xff, 0xff, 0xff, 0x00, 0xff, 0xff, 0xff, 0x00, 0xff, 0xff, 0xff, 0x00,
    0xff, 0xff, 0xff, 0x00, 0xff, 0xff, 0xff, 0x00, 0xff, 0xff, 0xff, 0x00, 0xff, 0xff, 0xff, 0x00,
    0xff, 0xff, 0xff, 0x00, 0xff, 0xff, 0xff, 0x00, 0xff, 0xff, 0xff, 0x00, 0xff, 0xff, 0xff, 0x00,
    0xff, 0xff, 0xff, 0x00, 0xff, 0xff, 0xff, 0x00, 0xff, 0xff, 0xff, 0x00, 0xff, 0xff, 0xff, 0x00,
    0xff, 0xff, 0xff, 0x00, 0xff, 0xff, 0xff, 0x00, 0xff, 0xff, 0xff, 0x00, 0xff, 0xff, 0xff, 0x00,
    0xff, 0xff, 0xff, 0x00, 0xff, 0xff, 0xff, 0x00, 0xff, 0xff, 0xff, 0x00, 0xff, 0xff, 0xff, 0x00,
    0xff, 0xff, 0xff, 0x00, 0xff, 0xff, 0xff, 0x00, 0xff, 0xff, 0xff, 0x00, 0xff, 0xff, 0xff, 0x00,
    0xff, 0xff, 0xff, 0x00, 0xff, 0xff, 0xff, 0x00, 0xff, 0xff, 0xff, 0x00, 0xff, 0xff, 0xff, 0x00,
    0xff, 0xff, 0xff, 0x00, 0xff, 0xff, 0xff, 0x00, 0xff, 0xff, 0xff, 0x00, 0xff, 0xff, 0xff, 0x00,
    0xff, 0xff, 0xff, 0x00, 0xff, 0xff, 0xff, 0x00, 0xff, 0xff, 0xff, 0x00, 0xff, 0xff, 0xff, 0x00,
    0xff, 0xff, 0xff, 0x00, 0xff, 0xff, 0xff, 0x00, 0xff, 0xff, 0xff, 0x00, 0xff, 0xff, 0xff, 0x00,
    0xff, 0xff, 0xff, 0x10, 0xff, 0xff, 0xff, 0x1a, 0xff, 0xff, 0xff, 0x1a, 0xff, 0xff, 0xff, 0x1a,
    0xff, 0xff, 0xff, 0x1a, 0xff, 0xff, 0xff, 0x1a, 0xff, 0xff, 0xff, 0x1a, 0xff, 0xff, 0xff, 0x1a,
    0xff, 0xff, 0xff, 0x1a, 0xff, 0xff, 0xff, 0x1a, 0xff, 0xff, 0xff, 0x1a, 0xff, 0xff, 0xff, 0x1a,
    0xff, 0xff, 0xff, 0x1a, 0xff, 0xff, 0xff, 0x1a, 0xff, 0xff, 0xff, 0x1a, 0xff, 0xff, 0xff, 0x1a,
    0xff, 0xff, 0xff, 0x1a, 0xff, 0xff, 0xff, 0x1a, 0xff, 0xff, 0xff, 0x1a, 0xff, 0xff, 0xff, 0x1a,
    0xff, 0xff, 0xff, 0x1a, 0xff, 0xff, 0xff, 0x09, 0xff, 0xff, 0xff, 0x00, 0xff, 0xff, 0xff, 0x00,
    0xff, 0xff, 0xff, 0x00, 0xff, 0xff, 0xff, 0x00, 0xff, 0xff, 0xff, 0x00, 0xff, 0xff, 0xff, 0x00,
    0xff, 0xff, 0xff, 0x00, 0xff, 0xff, 0xff, 0x00, 0xff, 0xff, 0xff, 0x00, 0xff, 0xff, 0xff, 0x00,
    0xff, 0xff, 0xff, 0x00, 0xff, 0xff, 0xff, 0x00, 0xff, 0xff, 0xff, 0x00, 0xff, 0xff, 0xff, 0x00,
    0xff, 0xff, 0xff, 0x00, 0xff, 0xff, 0xff, 0x00, 0xff, 0xff, 0xff, 0x00, 0xff, 0xff, 0xff, 0x00,
    0xff, 0xff, 0xff, 0x00, 0xff, 0xff, 0xff, 0x00, 0xff, 0xff, 0xff, 0x00, 0xff, 0xff, 0xff, 0x00,
    0xff, 0xff, 0xff, 0x00, 0xff, 0xff, 0xff, 0x00, 0x03, 0x03, 0x03, 0x00, 0x0f, 0x0f, 0x0f, 0x00,
    0x24, 0x24, 0x24, 0x00, 0x40, 0x40, 0x40, 0x00, 0x5f, 0x5f, 0x5f, 0x00, 0x7e, 0x7e, 0x7e, 0x00,
    0x9b, 0x9b, 0x9b, 0x00, 0xb4, 0xb4, 0xb4, 0x00, 0xc8, 0xc8, 0xc8, 0x00, 0xd7, 0xd7, 0xd7, 0x00,
    0xe2, 0xe2, 0xe2, 0x00, 0xea, 0xea, 0xea, 0x00, 0xf0, 0xf0, 0xf0, 0x00, 0xf4, 0xf4, 0xf4, 0x00,
    0xf6, 0xf6, 0xf6, 0x00, 0xf8, 0xf8, 0xf8, 0x00, 0xf9, 0xf9, 0xf9, 0x00, 0xf9, 0xf9, 0xf9, 0x00,
    0xf9, 0xf9, 0xf9, 0x00, 0xf9, 0xf9, 0xf9, 0x00, 0xf9, 0xf9, 0xf9, 0x00, 0xf9, 0xf9, 0xf9, 0x00,
    0xf9, 0xf9, 0xf9, 0x00, 0xf9, 0xf9, 0xf9, 0x00, 0xff, 0xff, 0xff, 0x00, 0xff, 0xff, 0xff, 0x00,
    0xff, 0xff, 0xff, 0x00, 0xff, 0xff, 0xff, 0x00, 0xff, 0xff, 0xff, 0x00, 0xff, 0xff, 0xff, 0x00,
    0xff, 0xff, 0xff, 0x00, 0xff, 0xff, 0xff, 0x00, 0xff, 0xff, 0xff, 0x00, 0xff, 0xff, 0xff, 0x00,
    0xff, 0xff, 0xff, 0x00, 0xff, 0xff, 0xff, 0x00, 0xff, 0xff, 0xff, 0x00, 0xff, 0xff, 0xff, 0x00,
    0xff, 0xff, 0xff, 0x00, 0xff, 0xff, 0xff, 0x00, 0xff, 0xff, 0xff, 0x00, 0xff, 0xff, 0xff, 0x00,
    0xff, 0xff, 0xff, 0x00, 0xff, 0xff, 0xff, 0x00, 0xff, 0xff, 0xff, 0x00, 0xff, 0xff, 0xff, 0x00,
    0xff, 0xff, 0xff, 0x00, 0xff, 0xff, 0xff, 0x00, 0xff, 0xff, 0xff, 0x00, 0xff, 0xff, 0xff, 0x00,
    0xff, 0xff, 0xff, 0x00, 0xff, 0xff, 0xff, 0x00, 0xff, 0xff, 0xff, 0x00, 0xff, 0xff, 0xff, 0x00,
    0xff, 0xff, 0xff, 0x00, 0xff, 0xff, 0xff, 0x00, 0xff, 0xff, 0xff, 0x00, 0xff, 0xff, 0xff, 0x00,
    0xff, 0xff, 0xff, 0x00, 0xff, 0xff, 0xff, 0x00, 0xff, 0xff, 0xff, 0x00, 0xff, 0xff, 0xff, 0x00,
    0xff, 0xff, 0xff, 0x00, 0xff, 0xff, 0xff, 0x00, 0xff, 0xff, 0xff, 0x00, 0xff, 0xff, 0xff, 0x00,
    0xff, 0xff, 0xff, 0x00, 0xff, 0xff, 0xff, 0x00, 0xff, 0xff, 0xff, 0x00, 0xff, 0xff, 0xff, 0x00,
    0xff, 0xff, 0xff, 0x00, 0xff, 0xff, 0xff, 0x00, 0xff, 0xff, 0xff, 0x0e, 0xff, 0xff, 0xff, 0x16,
    0xff, 0xff, 0xff, 0x16, 0xff, 0xff, 0xff, 0x16, 0xff, 0xff, 0xff, 0x16, 0xff, 0xff, 0xff, 0x16,
    0xff, 0xff, 0xff, 0x16, 0xff, 0xff, 0xff, 0x16, 0xff, 0xff, 0xff, 0x16, 0xff, 0xff, 0xff, 0x17,
    0xff, 0xff, 0xff, 0x16, 0xff, 0xff, 0xff, 0x16, 0xff, 0xff, 0xff, 0x16, 0xff, 0xff, 0xff, 0x16,
    0xff, 0xff, 0xff, 0x16, 0xff, 0xff, 0xff, 0x16, 0xff, 0xff, 0xff, 0x16, 0xff, 0xff, 0xff, 0x16,
    0xff, 0xff, 0xff, 0x16, 0xff, 0xff, 0xff, 0x16, 0xff, 0xff, 0xff, 0x16, 0xff, 0xff, 0xff, 0x08,
    0xff, 0xff, 0xff, 0x00, 0xff, 0xff, 0xff, 0x00, 0xff, 0xff, 0xff, 0x00, 0xff, 0xff, 0xff, 0x00,
    0xff, 0xff, 0xff, 0x00, 0xff, 0xff, 0xff, 0x00, 0xff, 0xff, 0xff, 0x00, 0xff, 0xff, 0xff, 0x00,
    0xff, 0xff, 0xff, 0x00, 0xff, 0xff, 0xff, 0x00, 0xff, 0xff, 0xff, 0x00, 0xff, 0xff, 0xff, 0x00,
    0xff, 0xff, 0xff, 0x00, 0xff, 0xff, 0xff, 0x00, 0xff, 0xff, 0xff, 0x00, 0xff, 0xff, 0xff, 0x00,
    0xff, 0xff, 0xff, 0x00, 0xff, 0xff, 0xff, 0x00, 0xff, 0xff, 0xff, 0x00, 0xff, 0xff, 0xff, 0x00,
    0xff, 0xff, 0xff, 0x00, 0xff, 0xff, 0xff, 0x00, 0xff, 0xff, 0xff, 0x00, 0xff, 0xff, 0xff, 0x00,
    0x03, 0x03, 0x03, 0x00, 0x0f, 0x0f, 0x0f, 0x00, 0x24, 0x24, 0x24, 0x00, 0x40, 0x40, 0x40, 0x00,
    0x5f, 0x5f, 0x5f, 0x00, 0x7e, 0x7e, 0x7e, 0x00, 0x9b, 0x9b, 0x9b, 0x00, 0xb4, 0xb4, 0xb4, 0x00,
    0xc8, 0xc8, 0xc8, 0x00, 0xd7, 0xd7, 0xd7, 0x00, 0xe2, 0xe2, 0xe2, 0x00, 0xea, 0xea, 0xea, 0x00,
    0xf0, 0xf0, 0xf0, 0x00, 0xf4, 0xf4, 0xf4, 0x00, 0xf6, 0xf6, 0xf6, 0x00, 0xf8, 0xf8, 0xf8, 0x00,
    0xf9, 0xf9, 0xf9, 0x00, 0xf9, 0xf9, 0xf9, 0x00, 0xf9, 0xf9, 0xf9, 0x00, 0xf9, 0xf9, 0xf9, 0x00,
    0xf9, 0xf9, 0xf9, 0x00, 0xf9, 0xf9, 0xf9, 0x00, 0xf9, 0xf9, 0xf9, 0x00, 0xf9, 0xf9, 0xf9, 0x00,
    0xff, 0xff, 0xff, 0x00, 0xff, 0xff, 0xff, 0x00, 0xff, 0xff, 0xff, 0x00, 0xff, 0xff, 0xff, 0x00,
    0xff, 0xff, 0xff, 0x00, 0xff, 0xff, 0xff, 0x00, 0xff, 0xff, 0xff, 0x00, 0xff, 0xff, 0xff, 0x00,
    0xff, 0xff, 0xff, 0x00, 0xff, 0xff, 0xff, 0x00, 0xff, 0xff, 0xff, 0x00, 0xff, 0xff, 0xff, 0x00,
    0xff, 0xff, 0xff, 0x00, 0xff, 0xff, 0xff, 0x00, 0xff, 0xff, 0xff, 0x00, 0xff, 0xff, 0xff, 0x00,
    0xff, 0xff, 0xff, 0x00, 0xff, 0xff, 0xff, 0x00, 0xff, 0xff, 0xff, 0x00, 0xff, 0xff, 0xff, 0x00,
    0xff, 0xff, 0xff, 0x00, 0xff, 0xff, 0xff, 0x00, 0xff, 0xff, 0xff, 0x00, 0xff, 0xff, 0xff, 0x00,
    0xff, 0xff, 0xff, 0x00, 0xff, 0xff, 0xff, 0x00, 0xff, 0xff, 0xff, 0x00, 0xff, 0xff, 0xff, 0x00,
    0xff, 0xff, 0xff, 0x00, 0xff, 0xff, 0xff, 0x00, 0xff, 0xff, 0xff, 0x00, 0xff, 0xff, 0xff, 0x00,
    0xff, 0xff, 0xff, 0x00, 0xff, 0xff, 0xff, 0x00, 0xff, 0xff, 0xff, 0x00, 0xff, 0xff, 0xff, 0x00,
    0xff, 0xff, 0xff, 0x00, 0xff, 0xff, 0xff, 0x00, 0xff, 0xff, 0xff, 0x00, 0xff, 0xff, 0xff, 0x00,
    0xff, 0xff, 0xff, 0x00, 0xff, 0xff, 0xff, 0x00, 0xff, 0xff, 0xff, 0x00, 0xff, 0xff, 0xff, 0x00,
    0xff, 0xff, 0xff, 0x00, 0xff, 0xff, 0xff, 0x00, 0xff, 0xff, 0xff, 0x00, 0xff, 0xff, 0xff, 0x00,
    0xff, 0xff, 0xff, 0x0c, 0xff, 0xff, 0xff, 0x12, 0xff, 0xff, 0xff, 0x12, 0xff, 0xff, 0xff, 0x13,
    0xff, 0xff, 0xff, 0x13, 0xff, 0xff, 0xff, 0x12, 0xff, 0xff, 0xff, 0x13, 0xff, 0xff, 0xff, 0x12,
    0xff, 0xff, 0xff, 0x13, 0xff, 0xff, 0xff, 0x12, 0xff, 0xff, 0xff, 0x13, 0xff, 0xff, 0xff, 0x13,
    0xff, 0xff, 0xff, 0x12, 0xff, 0xff, 0xff, 0x12, 0xff, 0xff, 0xff, 0x12, 0xff, 0xff, 0xff, 0x13,
    0xff, 0xff, 0xff, 0x13, 0xff, 0xff, 0xff, 0x12, 0xff, 0xff, 0xff, 0x12, 0xff, 0xff, 0xff, 0x12,
    0xff, 0xff, 0xff, 0x12, 0xff, 0xff, 0xff, 0x07, 0xff, 0xff, 0xff, 0x00, 0xff, 0xff, 0xff, 0x00,
    0xff, 0xff, 0xff, 0x00, 0xff, 0xff, 0xff, 0x00, 0xff, 0xff, 0xff, 0x00, 0xff, 0xff, 0xff, 0x00,
    0xff, 0xff, 0xff, 0x00, 0xff, 0xff, 0xff, 0x00, 0xff, 0xff, 0xff, 0x00, 0xff, 0xff, 0xff, 0x00,
    0xff, 0xff, 0xff, 0x00, 0xff, 0xff, 0xff, 0x00, 0xff, 0xff, 0xff, 0x00, 0xff, 0xff, 0xff, 0x00,
    0xff, 0xff, 0xff, 0x00, 0xff, 0xff, 0xff, 0x00, 0xff, 0xff, 0xff, 0x00, 0xff, 0xff, 0xff, 0x00,
    0xff, 0xff, 0xff, 0x00, 0xff, 0xff, 0xff, 0x00, 0xff, 0xff, 0xff, 0x00, 0xff, 0xff, 0xff, 0x00,
    0xff, 0xff, 0xff, 0x00, 0xff, 0xff, 0xff, 0x00, 0x03, 0x03, 0x03, 0x00, 0x0f, 0x0f, 0x0f, 0x00,
    0x24, 0x24, 0x24, 0x00, 0x40, 0x40, 0x40, 0x00, 0x5f, 0x5f, 0x5f, 0x00, 0x7e, 0x7e, 0x7e, 0x00,
    0x9b, 0x9b, 0x9b, 0x00, 0xb4, 0xb4, 0xb4, 0x00, 0xc8, 0xc8, 0xc8, 0x00, 0xd7, 0xd7, 0xd7, 0x00,
    0xe2, 0xe2, 0xe2, 0x00, 0xea, 0xea, 0xea, 0x00, 0xf0, 0xf0, 0xf0, 0x00, 0xf4, 0xf4, 0xf4, 0x00,
    0xf6, 0xf6, 0xf6, 0x00, 0xf8, 0xf8, 0xf8, 0x00, 0xf9, 0xf9, 0xf9, 0x00, 0xf9, 0xf9, 0xf9, 0x00,
    0xf9, 0xf9, 0xf9, 0x00, 0xf9, 0xf9, 0xf9, 0x00, 0xf9, 0xf9, 0xf9, 0x00, 0xf9, 0xf9, 0xf9, 0x00,
    0xf9, 0xf9, 0xf9, 0x00, 0xf9, 0xf9, 0xf9, 0x00, 0xff, 0xff, 0xff, 0x00, 0xff, 0xff, 0xff, 0x00,
    0xff, 0xff, 0xff, 0x00, 0xff, 0xff, 0xff, 0x00, 0xff, 0xff, 0xff, 0x00, 0xff, 0xff, 0xff, 0x00,
    0xff, 0xff, 0xff, 0x00, 0xff, 0xff, 0xff, 0x00, 0xff, 0xff, 0xff, 0x00, 0xff, 0xff, 0xff, 0x00,
    0xff, 0xff, 0xff, 0x00, 0xff, 0xff, 0xff, 0x00, 0xff, 0xff, 0xff, 0x00, 0xff, 0xff, 0xff, 0x00,
    0xff, 0xff, 0xff, 0x00, 0xff, 0xff, 0xff, 0x00, 0xff, 0xff, 0xff, 0x00, 0xff, 0xff, 0xff, 0x00,
    0xff, 0xff, 0xff, 0x00, 0xff, 0xff, 0xff, 0x00, 0xff, 0xff, 0xff, 0x00, 0xff, 0xff, 0xff, 0x00,
    0xff, 0xff, 0xff, 0x00, 0xff, 0xff, 0xff, 0x00, 0xff, 0xff, 0xff, 0x00, 0xff, 0xff, 0xff, 0x00,
    0xff, 0xff, 0xff, 0x00, 0xff, 0xff, 0xff, 0x00, 0xff, 0xff, 0xff, 0x00, 0xff, 0xff, 0xff, 0x00,
    0xff, 0xff, 0xff, 0x00, 0xff, 0xff, 0xff, 0x00, 0xff, 0xff, 0xff, 0x00, 0xff, 0xff, 0xff, 0x00,
    0xff, 0xff, 0xff, 0x00, 0xff, 0xff, 0xff, 0x00, 0xff, 0xff, 0xff, 0x00, 0xff, 0xff, 0xff, 0x00,
    0xff, 0xff, 0xff, 0x00, 0xff, 0xff, 0xff, 0x00, 0xff, 0xff, 0xff, 0x00, 0xff, 0xff, 0xff, 0x00,
    0xff, 0xff, 0xff, 0x00, 0xff, 0xff, 0xff, 0x00, 0xff, 0xff, 0xff, 0x00, 0xff, 0xff, 0xff, 0x00,
    0xff, 0xff, 0xff, 0x00, 0xff, 0xff, 0xff, 0x00, 0xff, 0xff, 0xff, 0x09, 0xff, 0xff, 0xff, 0x0f,
    0xff, 0xff, 0xff, 0x0f, 0xff, 0xff, 0xff, 0x0f, 0xff, 0xff, 0xff, 0x0f, 0xff, 0xff, 0xff, 0x0f,
    0xff, 0xff, 0xff, 0x0f, 0xff, 0xff, 0xff, 0x0f, 0xff, 0xff, 0xff, 0x0f, 0xff, 0xff, 0xff, 0x0f,
    0xff, 0xff, 0xff, 0x0f, 0xff, 0xff, 0xff, 0x0f, 0xff, 0xff, 0xff, 0x0e, 0xff, 0xff, 0xff, 0x0f,
    0xff, 0xff, 0xff, 0x0f, 0xff, 0xff, 0xff, 0x0f, 0xff, 0xff, 0xff, 0x0f, 0xff, 0xff, 0xff, 0x0e,
    0xff, 0xff, 0xff, 0x0f, 0xff, 0xff, 0xff, 0x0f, 0xff, 0xff, 0xff, 0x0f, 0xff, 0xff, 0xff, 0x05,
    0xff, 0xff, 0xff, 0x00, 0xff, 0xff, 0xff, 0x00, 0xff, 0xff, 0xff, 0x00, 0xff, 0xff, 0xff, 0x00,
    0xff, 0xff, 0xff, 0x00, 0xff, 0xff, 0xff, 0x00, 0xff, 0xff, 0xff, 0x00, 0xff, 0xff, 0xff, 0x00,
    0xff, 0xff, 0xff, 0x00, 0xff, 0xff, 0xff, 0x00, 0xff, 0xff, 0xff, 0x00, 0xff, 0xff, 0xff, 0x00,
    0xff, 0xff, 0xff, 0x00, 0xff, 0xff, 0xff, 0x00, 0xff, 0xff, 0xff, 0x00, 0xff, 0xff, 0xff, 0x00,
    0xff, 0xff, 0xff, 0x00, 0xff, 0xff, 0xff, 0x00, 0xff, 0xff, 0xff, 0x00, 0xff, 0xff, 0xff, 0x00,
    0xff, 0xff, 0xff, 0x00, 0xff, 0xff, 0xff, 0x00, 0xff, 0xff, 0xff, 0x00, 0xff, 0xff, 0xff, 0x00,
    0x03, 0x03, 0x03, 0x00, 0x0f, 0x0f, 0x0f, 0x00, 0x24, 0x24, 0x24, 0x00, 0x40, 0x40, 0x40, 0x00,
    0x5f, 0x5f, 0x5f, 0x00, 0x7e, 0x7e, 0x7e, 0x00, 0x9b, 0x9b, 0x9b, 0x00, 0xb4, 0xb4, 0xb4, 0x00,
    0xc8, 0xc8, 0xc8, 0x00, 0xd7, 0xd7, 0xd7, 0x00, 0xe2, 0xe2, 0xe2, 0x00, 0xea, 0xea, 0xea, 0x00,
    0xf0, 0xf0, 0xf0, 0x00, 0xf4, 0xf4, 0xf4, 0x00, 0xf6, 0xf6, 0xf6, 0x00, 0xf8, 0xf8, 0xf8, 0x00,
    0xf9, 0xf9, 0xf9, 0x00, 0xf9, 0xf9, 0xf9, 0x00, 0xf9, 0xf9, 0xf9, 0x00, 0xf9, 0xf9, 0xf9, 0x00,
    0xf9, 0xf9, 0xf9, 0x00, 0xf9, 0xf9, 0xf9, 0x00, 0xf9, 0xf9, 0xf9, 0x00, 0xf9, 0xf9, 0xf9, 0x00,
    0xff, 0xff, 0xff, 0x00, 0xff, 0xff, 0xff, 0x00, 0xff, 0xff, 0xff, 0x00, 0xff, 0xff, 0xff, 0x00,
    0xff, 0xff, 0xff, 0x00, 0xff, 0xff, 0xff, 0x00, 0xff, 0xff, 0xff, 0x00, 0xff, 0xff, 0xff, 0x00,
    0xff, 0xff, 0xff, 0x00, 0xff, 0xff, 0xff, 0x00, 0xff, 0xff, 0xff, 0x00, 0xff, 0xff, 0xff, 0x00,
    0xff, 0xff, 0xff, 0x00, 0xff, 0xff, 0xff, 0x00, 0xff, 0xff, 0xff, 0x00, 0xff, 0xff, 0xff, 0x00,
    0xff, 0xff, 0xff, 0x00, 0xff, 0xff, 0xff, 0x00, 0xff, 0xff, 0xff, 0x00, 0xff, 0xff, 0xff, 0x00,
    0xff, 0xff, 0xff, 0x00, 0xff, 0xff, 0xff, 0x00, 0xff, 0xff, 0xff, 0x00, 0xff, 0xff, 0xff, 0x00,
    0xff, 0xff, 0xff, 0x00, 0xff, 0xff, 0xff, 0x00, 0xff, 0xff, 0xff, 0x00, 0xff, 0xff, 0xff, 0x00,
    0xff, 0xff, 0xff, 0x00, 0xff, 0xff, 0xff, 0x00, 0xff, 0xff, 0xff, 0x00, 0xff, 0xff, 0xff, 0x00,
    0xff, 0xff, 0xff, 0x00, 0xff, 0xff, 0xff, 0x00, 0xff, 0xff, 0xff, 0x00, 0xff, 0xff, 0xff, 0x00,
    0xff, 0xff, 0xff, 0x00, 0xff, 0xff, 0xff, 0x00, 0xff, 0xff, 0xff, 0x00, 0xff, 0xff, 0xff, 0x00,
    0xff, 0xff, 0xff, 0x00, 0xff, 0xff, 0xff, 0x00, 0xff, 0xff, 0xff, 0x00, 0xff, 0xff, 0xff, 0x00,
    0xff, 0xff, 0xff, 0x00, 0xff, 0xff, 0xff, 0x00, 0xff, 0xff, 0xff, 0x00, 0xff, 0xff, 0xff, 0x00,
    0xff, 0xff, 0xff, 0x07, 0xff, 0xff, 0xff, 0x0b, 0xff, 0xff, 0xff, 0x0b, 0xff, 0xff, 0xff, 0x0b,
    0xff, 0xff, 0xff, 0x0b, 0xff, 0xff, 0xff, 0x0b, 0xff, 0xff, 0xff, 0x0b, 0xff, 0xff, 0xff, 0x0b,
    0xff, 0xff, 0xff, 0x0b, 0xff, 0xff, 0xff, 0x0b, 0xff, 0xff, 0xff, 0x0b, 0xff, 0xff, 0xff, 0x0b,
    0xff, 0xff, 0xff, 0x0b, 0xff, 0xff, 0xff, 0x0b, 0xff, 0xff, 0xff, 0x0b, 0xff, 0xff, 0xff, 0x0b,
    0xff, 0xff, 0xff, 0x0b, 0xff, 0xff, 0xff, 0x0b, 0xff, 0xff, 0xff, 0x0b, 0xff, 0xff, 0xff, 0x0b,
    0xff, 0xff, 0xff, 0x0b, 0xff, 0xff, 0xff, 0x04, 0xff, 0xff, 0xff, 0x00, 0xff, 0xff, 0xff, 0x00,
    0xff, 0xff, 0xff, 0x00, 0xff, 0xff, 0xff, 0x00, 0xff, 0xff, 0xff, 0x00, 0xff, 0xff, 0xff, 0x00,
    0xff, 0xff, 0xff, 0x00, 0xff, 0xff, 0xff, 0x00, 0xff, 0xff, 0xff, 0x00, 0xff, 0xff, 0xff, 0x00,
    0xff, 0xff, 0xff, 0x00, 0xff, 0xff, 0xff, 0x00, 0xff, 0xff, 0xff, 0x00, 0xff, 0xff, 0xff, 0x00,
    0xff, 0xff, 0xff, 0x00, 0xff, 0xff, 0xff, 0x00, 0xff, 0xff, 0xff, 0x00, 0xff, 0xff, 0xff, 0x00,
    0xff, 0xff, 0xff, 0x00, 0xff, 0xff, 0xff, 0x00, 0xff, 0xff, 0xff, 0x00, 0xff, 0xff, 0xff, 0x00,
    0xff, 0xff, 0xff, 0x00, 0xff, 0xff, 0xff, 0x00, 0x03, 0x03, 0x03, 0x00, 0x0f, 0x0f, 0x0f, 0x00,
    0x24, 0x24, 0x24, 0x00, 0x40, 0x40, 0x40, 0x00, 0x5f, 0x5f, 0x5f, 0x00, 0x7e, 0x7e, 0x7e, 0x00,
    0x9b, 0x9b, 0x9b, 0x00, 0xb4, 0xb4, 0xb4, 0x00, 0xc8, 0xc8, 0xc8, 0x00, 0xd7, 0xd7, 0xd7, 0x00,
    0xe2, 0xe2, 0xe2, 0x00, 0xea, 0xea, 0xea, 0x00, 0xf0, 0xf0, 0xf0, 0x00, 0xf4, 0xf4, 0xf4, 0x00,
    0xf6, 0xf6, 0xf6, 0x00, 0xf8, 0xf8, 0xf8, 0x00, 0xf9, 0xf9, 0xf9, 0x00, 0xf9, 0xf9, 0xf9, 0x00,
    0xf9, 0xf9, 0xf9, 0x00, 0xf9, 0xf9, 0xf9, 0x00, 0xf9, 0xf9, 0xf9, 0x00, 0xf9, 0xf9, 0xf9, 0x00,
    0xf9, 0xf9, 0xf9, 0x00, 0xf9, 0xf9, 0xf9, 0x00, 0xff, 0xff, 0xff, 0x00, 0xff, 0xff, 0xff, 0x00,
    0xff, 0xff, 0xff, 0x00, 0xff, 0xff, 0xff, 0x00, 0xff, 0xff, 0xff, 0x00, 0xff, 0xff, 0xff, 0x00,
    0xff, 0xff, 0xff, 0x00, 0xff, 0xff, 0xff, 0x00, 0xff, 0xff, 0xff, 0x00, 0xff, 0xff, 0xff, 0x00,
    0xff, 0xff, 0xff, 0x00, 0xff, 0xff, 0xff, 0x00, 0xff, 0xff, 0xff, 0x00, 0xff, 0xff, 0xff, 0x00,
    0xff, 0xff, 0xff, 0x00, 0xff, 0xff, 0xff, 0x00, 0xff, 0xff, 0xff, 0x00, 0xff, 0xff, 0xff, 0x00,
    0xff, 0xff, 0xff, 0x00, 0xff, 0xff, 0xff, 0x00, 0xff, 0xff, 0xff, 0x00, 0xff, 0xff, 0xff, 0x00,
    0xff, 0xff, 0xff, 0x00, 0xff, 0xff, 0xff, 0x00, 0xff, 0xff, 0xff, 0x00, 0xff, 0xff, 0xff, 0x00,
    0xff, 0xff, 0xff, 0x00, 0xff, 0xff, 0xff, 0x00, 0xff, 0xff, 0xff, 0x00, 0xff, 0xff, 0xff, 0x00,
    0xff, 0xff, 0xff, 0x00, 0xff, 0xff, 0xff, 0x00, 0xff, 0xff, 0xff, 0x00, 0xff, 0xff, 0xff, 0x00,
    0xff, 0xff, 0xff, 0x00, 0xff, 0xff, 0xff, 0x00, 0xff, 0xff, 0xff, 0x00, 0xff, 0xff, 0xff, 0x00,
    0xff, 0xff, 0xff, 0x00, 0xff, 0xff, 0xff, 0x00, 0xff, 0xff, 0xff, 0x00, 0xff, 0xff, 0xff, 0x00,
    0xff, 0xff, 0xff, 0x00, 0xff, 0xff, 0xff, 0x00, 0xff, 0xff, 0xff, 0x00, 0xff, 0xff, 0xff, 0x00,
    0xff, 0xff, 0xff, 0x00, 0xff, 0xff, 0xff, 0x00, 0xff, 0xff, 0xff, 0x05, 0xff, 0xff, 0xff, 0x08,
    0xff, 0xff, 0xff, 0x07, 0xff, 0xff, 0xff, 0x07, 0xff, 0xff, 0xff, 0x08, 0xff, 0xff, 0xff, 0x07,
    0xff, 0xff, 0xff, 0x07, 0xff, 0xff, 0xff, 0x07, 0xff, 0xff, 0xff, 0x07, 0xff, 0xff, 0xff, 0x08,
    0xff, 0xff, 0xff, 0x08, 0xff, 0xff, 0xff, 0x08, 0xff, 0xff, 0xff, 0x07, 0xff, 0xff, 0xff, 0x07,
    0xff, 0xff, 0xff, 0x07, 0xff, 0xff, 0xff, 0x07, 0xff, 0xff, 0xff, 0x08, 0xff, 0xff, 0xff, 0x07,
    0xff, 0xff, 0xff, 0x08, 0xff, 0xff, 0xff, 0x07, 0xff, 0xff, 0xff, 0x08, 0xff, 0xff, 0xff, 0x02,
    0xff, 0xff, 0xff, 0x00, 0xff, 0xff, 0xff, 0x00, 0xff, 0xff, 0xff, 0x00, 0xff, 0xff, 0xff, 0x00,
    0xff, 0xff, 0xff, 0x00, 0xff, 0xff, 0xff, 0x00, 0xff, 0xff, 0xff, 0x00, 0xff, 0xff, 0xff, 0x00,
    0xff, 0xff, 0xff, 0x00, 0xff, 0xff, 0xff, 0x00, 0xff, 0xff, 0xff, 0x00, 0xff, 0xff, 0xff, 0x00,
    0xff, 0xff, 0xff, 0x00, 0xff, 0xff, 0xff, 0x00, 0xff, 0xff, 0xff, 0x00, 0xff, 0xff, 0xff, 0x00,
    0xff, 0xff, 0xff, 0x00, 0xff, 0xff, 0xff, 0x00, 0xff, 0xff, 0xff, 0x00, 0xff, 0xff, 0xff, 0x00,
    0xff, 0xff, 0xff, 0x00, 0xff, 0xff, 0xff, 0x00, 0xff, 0xff, 0xff, 0x00, 0xff, 0xff, 0xff, 0x00,
    0x03, 0x03, 0x03, 0x00, 0x0f, 0x0f, 0x0f, 0x00, 0x24, 0x24, 0x24, 0x00, 0x40, 0x40, 0x40, 0x00,
    0x5f, 0x5f, 0x5f, 0x00, 0x7e, 0x7e, 0x7e, 0x00, 0x9b, 0x9b, 0x9b, 0x00, 0xb4, 0xb4, 0xb4, 0x00,
    0xc8, 0xc8, 0xc8, 0x00, 0xd7, 0xd7, 0xd7, 0x00, 0xe2, 0xe2, 0xe2, 0x00, 0xea, 0xea, 0xea, 0x00,
    0xf0, 0xf0, 0xf0, 0x00, 0xf4, 0xf4, 0xf4, 0x00, 0xf6, 0xf6, 0xf6, 0x00, 0xf8, 0xf8, 0xf8, 0x00,
    0xf9, 0xf9, 0xf9, 0x00, 0xf9, 0xf9, 0xf9, 0x00, 0xf9, 0xf9, 0xf9, 0x00, 0xf9, 0xf9, 0xf9, 0x00,
    0xf9, 0xf9, 0xf9, 0x00, 0xf9, 0xf9, 0xf9, 0x00, 0xf9, 0xf9, 0xf9, 0x00, 0xf9, 0xf9, 0xf9, 0x00,
    0xff, 0xff, 0xff, 0x00, 0xff, 0xff, 0xff, 0x00, 0xff, 0xff, 0xff, 0x00, 0xff, 0xff, 0xff, 0x00,
    0xff, 0xff, 0xff, 0x00, 0xff, 0xff, 0xff, 0x00, 0xff, 0xff, 0xff, 0x00, 0xff, 0xff, 0xff, 0x00,
    0xff, 0xff, 0xff, 0x00, 0xff, 0xff, 0xff, 0x00, 0xff, 0xff, 0xff, 0x00, 0xff, 0xff, 0xff, 0x00,
    0xff, 0xff, 0xff, 0x00, 0xff, 0xff, 0xff, 0x00, 0xff, 0xff, 0xff, 0x00, 0xff, 0xff, 0xff, 0x00,
    0xff, 0xff, 0xff, 0x00, 0xff, 0xff, 0xff, 0x00, 0xff, 0xff, 0xff, 0x00, 0xff, 0xff, 0xff, 0x00,
    0xff, 0xff, 0xff, 0x00, 0xff, 0xff, 0xff, 0x00, 0xff, 0xff, 0xff, 0x00, 0xff, 0xff, 0xff, 0x00,
    0xff, 0xff, 0xff, 0x00, 0xff, 0xff, 0xff, 0x00, 0xff, 0xff, 0xff, 0x00, 0xff, 0xff, 0xff, 0x00,
    0xff, 0xff, 0xff, 0x00, 0xff, 0xff, 0xff, 0x00, 0xff, 0xff, 0xff, 0x00, 0xff, 0xff, 0xff, 0x00,
    0xff, 0xff, 0xff, 0x00, 0xff, 0xff, 0xff, 0x00, 0xff, 0xff, 0xff, 0x00, 0xff, 0xff, 0xff, 0x00,
    0xff, 0xff, 0xff, 0x00, 0xff, 0xff, 0xff, 0x00, 0xff, 0xff, 0xff, 0x00, 0xff, 0xff, 0xff, 0x00,
    0xff, 0xff, 0xff, 0x00, 0xff, 0xff, 0xff, 0x00, 0xff, 0xff, 0xff, 0x00, 0xff, 0xff, 0xff, 0x00,
    0xff, 0xff, 0xff, 0x00, 0xff, 0xff, 0xff, 0x00, 0xff, 0xff, 0xff, 0x00, 0xff, 0xff, 0xff, 0x00,
    0xff, 0xff, 0xff, 0x02, 0xff, 0xff, 0xff, 0x03, 0xff, 0xff, 0xff, 0x04, 0xff, 0xff, 0xff, 0x04,
    0xff, 0xff, 0xff, 0x04, 0xff, 0xff, 0xff, 0x04, 0xff, 0xff, 0xff, 0x04, 0xff, 0xff, 0xff, 0x03,
    0xff, 0xff, 0xff, 0x04, 0xff, 0xff, 0xff, 0x04, 0xff, 0xff, 0xff, 0x03, 0xff, 0xff, 0xff, 0x04,
    0xff, 0xff, 0xff, 0x04, 0xff, 0xff, 0xff, 0x04, 0xff, 0xff, 0xff, 0x04, 0xff, 0xff, 0xff, 0x04,
    0xff, 0xff, 0xff, 0x04, 0xff, 0xff, 0xff, 0x04, 0xff, 0xff, 0xff, 0x04, 0xff, 0xff, 0xff, 0x04,
    0xff, 0xff, 0xff, 0x04, 0xff, 0xff, 0xff, 0x01, 0xff, 0xff, 0xff, 0x00, 0xff, 0xff, 0xff, 0x00,
    0xff, 0xff, 0xff, 0x00, 0xff, 0xff, 0xff, 0x00, 0xff, 0xff, 0xff, 0x00, 0xff, 0xff, 0xff, 0x00,
    0xff, 0xff, 0xff, 0x00, 0xff, 0xff, 0xff, 0x00, 0xff, 0xff, 0xff, 0x00, 0xff, 0xff, 0xff, 0x00,
    0xff, 0xff, 0xff, 0x00, 0xff, 0xff, 0xff, 0x00, 0xff, 0xff, 0xff, 0x00, 0xff, 0xff, 0xff, 0x00,
    0xff, 0xff, 0xff, 0x00, 0xff, 0xff, 0xff, 0x00, 0xff, 0xff, 0xff, 0x00, 0xff, 0xff, 0xff, 0x00,
    0xff, 0xff, 0xff, 0x00, 0xff, 0xff, 0xff, 0x00, 0xff, 0xff, 0xff, 0x00, 0xff, 0xff, 0xff, 0x00,
    0xff, 0xff, 0xff, 0x00, 0xff, 0xff, 0xff, 0x00, 0x00, 0x00, 0x00, 0x00, 0x00, 0x00, 0x00, 0x00,
    0x00, 0x00, 0x00, 0x00, 0x00, 0x00, 0x00, 0x00, 0x00, 0x00, 0x00, 0x00, 0x00, 0x00, 0x00, 0x00,
    0x00, 0x00, 0x00, 0x00, 0x00, 0x00, 0x00, 0x00, 0x00, 0x00, 0x00, 0x00, 0x00, 0x00, 0x00, 0x00,
    0x00, 0x00, 0x00, 0x00, 0x00, 0x00, 0x00, 0x00, 0x00, 0x00, 0x00, 0x00, 0x00, 0x00, 0x00, 0x00,
    0x00, 0x00, 0x00, 0x00, 0x00, 0x00, 0x00, 0x00, 0x00, 0x00, 0x00, 0x00, 0x00, 0x00, 0x00, 0x00,
    0x00, 0x00, 0x00, 0x00, 0x00, 0x00, 0x00, 0x00, 0x00, 0x00, 0x00, 0x00, 0x00, 0x00, 0x00, 0x00,
    0x00, 0x00, 0x00, 0x00, 0x00, 0x00, 0x00, 0x00, 0x00, 0x00, 0x00, 0x00, 0x00, 0x00, 0x00, 0x00,
    0x00, 0x00, 0x00, 0x00, 0x00, 0x00, 0x00, 0x00, 0x00, 0x00, 0x00, 0x00, 0x00, 0x00, 0x00, 0x00,
    0x00, 0x00, 0x00, 0x00, 0x00, 0x00, 0x00, 0x00, 0x00, 0x00, 0x00, 0x00, 0x00, 0x00, 0x00, 0x00,
    0x00, 0x00, 0x00, 0x00, 0x00, 0x00, 0x00, 0x00, 0x00, 0x00, 0x00, 0x00, 0x00, 0x00, 0x00, 0x00,
    0x00, 0x00, 0x00, 0x00, 0x00, 0x00, 0x00, 0x00, 0x00, 0x00, 0x00, 0x00, 0x00, 0x00, 0x00, 0x00,
    0x00, 0x00, 0x00, 0x00, 0x00, 0x00, 0x00, 0x00, 0x00, 0x00, 0x00, 0x00, 0x00, 0x00, 0x00, 0x00,
    0x00, 0x00, 0x00, 0x00, 0x00, 0x00, 0x00, 0x00, 0x00, 0x00, 0x00, 0x00, 0x00, 0x00, 0x00, 0x00,
    0x00, 0x00, 0x00, 0x00, 0x00, 0x00, 0x00, 0x00, 0x00, 0x00, 0x00, 0x00, 0x00, 0x00, 0x00, 0x00,
    0x00, 0x00, 0x00, 0x00, 0x00, 0x00, 0x00, 0x00, 0x00, 0x00, 0x00, 0x00, 0x00, 0x00, 0x00, 0x00,
    0x00, 0x00, 0x00, 0x00, 0x00, 0x00, 0x00, 0x00, 0x00, 0x00, 0x00, 0x00, 0x00, 0x00, 0x00, 0x00,
    0x00, 0x00, 0x00, 0x00, 0x00, 0x00, 0x00, 0x00, 0x00, 0x00, 0x00, 0x00, 0x00, 0x00, 0x00, 0x00,
    0x00, 0x00, 0x00, 0x00, 0x00, 0x00, 0x00, 0x00, 0x00, 0x00, 0x00, 0x00, 0x00, 0x00, 0x00, 0x00,
    0x00, 0x00, 0x00, 0x00, 0x00, 0x00, 0x00, 0x00, 0x00, 0x00, 0x00, 0x00, 0x00, 0x00, 0x00, 0x00,
    0x00, 0x00, 0x00, 0x00, 0x00, 0x00, 0x00, 0x00, 0xff, 0xff, 0xff, 0x01, 0x00, 0x00, 0x00, 0x00,
    0xff, 0xff, 0xff, 0x01, 0x00, 0x00, 0x00, 0x00, 0xff, 0xff, 0xff, 0x01, 0x00, 0x00, 0x00, 0x00,
    0x00, 0x00, 0x00, 0x00, 0x00, 0x00, 0x00, 0x00, 0x00, 0x00, 0x00, 0x00, 0x00, 0x00, 0x00, 0x00,
    0x00, 0x00, 0x00, 0x00, 0x00, 0x00, 0x00, 0x00, 0xff, 0xff, 0xff, 0x01, 0x00, 0x00, 0x00, 0x00,
    0x00, 0x00, 0x00, 0x00, 0x00, 0x00, 0x00, 0x00, 0x00, 0x00, 0x00, 0x00, 0x00, 0x00, 0x00, 0x00,
    0x00, 0x00, 0x00, 0x00, 0x00, 0x00, 0x00, 0x00, 0x00, 0x00, 0x00, 0x00, 0x00, 0x00, 0x00, 0x00,
    0x00, 0x00, 0x00, 0x00, 0x00, 0x00, 0x00, 0x00, 0x00, 0x00, 0x00, 0x00, 0x00, 0x00, 0x00, 0x00,
    0x00, 0x00, 0x00, 0x00, 0x00, 0x00, 0x00, 0x00, 0x00, 0x00, 0x00, 0x00, 0x00, 0x00, 0x00, 0x00,
    0x00, 0x00, 0x00, 0x00, 0x00, 0x00, 0x00, 0x00, 0x00, 0x00, 0x00, 0x00, 0x00, 0x00, 0x00, 0x00,
    0x00, 0x00, 0x00, 0x00, 0x00, 0x00, 0x00, 0x00, 0x00, 0x00, 0x00, 0x00, 0x00, 0x00, 0x00, 0x00,
    0x00, 0x00, 0x00, 0x00, 0x00, 0x00, 0x00, 0x00, 0x00, 0x00, 0x00, 0x00, 0x00, 0x00, 0x00, 0x00,
    0x00, 0x00, 0x00, 0x00, 0x00, 0x00, 0x00, 0x00, 0x00, 0x00, 0x00, 0x00, 0x00, 0x00, 0x00, 0x00,
    0x00, 0x00, 0x00, 0x00, 0x00, 0x00, 0x00, 0x00, 0x00, 0x00, 0x00, 0x00, 0x00, 0x00, 0x00, 0x00,
    0x00, 0x00, 0x00, 0x00, 0x00, 0x00, 0x00, 0x00, 0x00, 0x00, 0x00, 0x00, 0x00, 0x00, 0x00, 0x00,
    0x00, 0x00, 0x00, 0x00, 0x00, 0x00, 0x00, 0x00, 0x00, 0x00, 0x00, 0x00, 0x00, 0x00, 0x00, 0x00,
    0x00, 0x00, 0x00, 0x00, 0x00, 0x00, 0x00, 0x00, 0x00, 0x00, 0x00, 0x00, 0x00, 0x00, 0x00, 0x00,
    0x00, 0x00, 0x00, 0x00, 0x00, 0x00, 0x00, 0x00, 0x00, 0x00, 0x00, 0x00, 0x00, 0x00, 0x00, 0x00,
    0x00, 0x00, 0x00, 0x00, 0x00, 0x00, 0x00, 0x00, 0x00, 0x00, 0x00, 0x00, 0x00, 0x00, 0x00, 0x00,
    0x00, 0x00, 0x00, 0x00, 0x00, 0x00, 0x00, 0x00, 0x00, 0x00, 0x00, 0x00, 0x00, 0x00, 0x00, 0x00,
    0x00, 0x00, 0x00, 0x00, 0x00, 0x00, 0x00, 0x00, 0x00, 0x00, 0x00, 0x00, 0x00, 0x00, 0x00, 0x00,
    0x00, 0x00, 0x00, 0x00, 0x00, 0x00, 0x00, 0x00, 0x00, 0x00, 0x00, 0x00, 0x00, 0x00, 0x00, 0x00,
    0x00, 0x00, 0x00, 0x00, 0x00, 0x00, 0x00, 0x00, 0x00, 0x00, 0x00, 0x00, 0x00, 0x00, 0x00, 0x00,
    0x00, 0x00, 0x00, 0x00, 0x00, 0x00, 0x00, 0x00, 0x00, 0x00, 0x00, 0x00, 0x00, 0x00, 0x00, 0x00,
    0x00, 0x00, 0x00, 0x00, 0x00, 0x00, 0x00, 0x00, 0x00, 0x00, 0x00, 0x00, 0x00, 0x00, 0x00, 0x00,
    0x00, 0x00, 0x00, 0x00, 0x00, 0x00, 0x00, 0x00, 0x00, 0x00, 0x00, 0x00, 0x00, 0x00, 0x00, 0x00,
    0x00, 0x00, 0x00, 0x00, 0x00, 0x00, 0x00, 0x00, 0x00, 0x00, 0x00, 0x00, 0x00, 0x00, 0x00, 0x00,
    0x00, 0x00, 0x00, 0x00, 0x00, 0x00, 0x00, 0x00, 0x00, 0x00, 0x00, 0x00, 0x00, 0x00, 0x00, 0x00,
    0x00, 0x00, 0x00, 0x00, 0x00, 0x00, 0x00, 0x00, 0x00, 0x00, 0x00, 0x00, 0x00, 0x00, 0x00, 0x00,
    0x00, 0x00, 0x00, 0x00, 0x00, 0x00, 0x00, 0x00, 0x00, 0x00, 0x00, 0x00, 0x00, 0x00, 0x00, 0x00,
    0x00, 0x00, 0x00, 0x00, 0x00, 0x00, 0x00, 0x00, 0x00, 0x00, 0x00, 0x00, 0x00, 0x00, 0x00, 0x00,
    0x00, 0x00, 0x00, 0x00, 0x00, 0x00, 0x00, 0x00, 0x00, 0x00, 0x00, 0x00, 0x00, 0x00, 0x00, 0x00,
    0x00, 0x00, 0x00, 0x00, 0x00, 0x00, 0x00, 0x00, 0x00, 0x00, 0x00, 0x00, 0x00, 0x00, 0x00, 0x00,
    0x00, 0x00, 0x00, 0x00, 0x00, 0x00, 0x00, 0x00, 0x00, 0x00, 0x00, 0x00, 0x00, 0x00, 0x00, 0x00,
    0x00, 0x00, 0x00, 0x00, 0x00, 0x00, 0x00, 0x00, 0x00, 0x00, 0x00, 0x00, 0x00, 0x00, 0x00, 0x00,
    0x00, 0x00, 0x00, 0x00, 0x00, 0x00, 0x00, 0x00, 0x00, 0x00, 0x00, 0x00, 0x00, 0x00, 0x00, 0x00,
    0x00, 0x00, 0x00, 0x00, 0x00, 0x00, 0x00, 0x00, 0x00, 0x00, 0x00, 0x00, 0x00, 0x00, 0x00, 0x00,
    0x00, 0x00, 0x00, 0x00, 0x00, 0x00, 0x00, 0x00, 0x00, 0x00, 0x00, 0x00, 0x00, 0x00, 0x00, 0x00,
    0x00, 0x00, 0x00, 0x00, 0x00, 0x00, 0x00, 0x00, 0x00, 0x00, 0x00, 0x00, 0x00, 0x00, 0x00, 0x00,
    0x00, 0x00, 0x00, 0x00, 0x00, 0x00, 0x00, 0x00, 0x00, 0x00, 0x00, 0x00, 0x00, 0x00, 0x00, 0x00,
    0x00, 0x00, 0x00, 0x00, 0x00, 0x00, 0x00, 0x00, 0x00, 0x00, 0x00, 0x00, 0x00, 0x00, 0x00, 0x00,
    0x00, 0x00, 0x00, 0x00, 0x00, 0x00, 0x00, 0x00, 0x00, 0x00, 0x00, 0x00, 0x00, 0x00, 0x00, 0x00,
    0x00, 0x00, 0x00, 0x00, 0x00, 0x00, 0x00, 0x00, 0x00, 0x00, 0x00, 0x00, 0x00, 0x00, 0x00, 0x00,
    0x00, 0x00, 0x00, 0x00, 0x00, 0x00, 0x00, 0x00, 0x00, 0x00, 0x00, 0x00, 0x00, 0x00, 0x00, 0x00,
    0x00, 0x00, 0x00, 0x00, 0x00, 0x00, 0x00, 0x00, 0x00, 0x00, 0x00, 0x00, 0x00, 0x00, 0x00, 0x00,
    0x00, 0x00, 0x00, 0x00, 0x00, 0x00, 0x00, 0x00, 0x00, 0x00, 0x00, 0x00, 0x00, 0x00, 0x00, 0x00,
    0x00, 0x00, 0x00, 0x00, 0x00, 0x00, 0x00, 0x00, 0x00, 0x00, 0x00, 0x00, 0x00, 0x00, 0x00, 0x00,
    0x00, 0x00, 0x00, 0x00, 0x00, 0x00, 0x00, 0x00, 0x00, 0x00, 0x00, 0x00, 0x00, 0x00, 0x00, 0x00,
    0x00, 0x00, 0x00, 0x00, 0x00, 0x00, 0x00, 0x00, 0x00, 0x00, 0x00, 0x00, 0x00, 0x00, 0x00, 0x00,
    0x00, 0x00, 0x00, 0x00, 0x00, 0x00, 0x00, 0x00, 0x00, 0x00, 0x00, 0x00, 0x00, 0x00, 0x00, 0x00,
    0x00, 0x00, 0x00, 0x00, 0x00, 0x00, 0x00, 0x00, 0x00, 0x00, 0x00, 0x00, 0x00, 0x00, 0x00, 0x00,
    0x00, 0x00, 0x00, 0x00, 0x00, 0x00, 0x00, 0x00, 0x00, 0x00, 0x00, 0x00, 0x00, 0x00, 0x00, 0x00,
    0x00, 0x00, 0x00, 0x00, 0x00, 0x00, 0x00, 0x00, 0x00, 0x00, 0x00, 0x00, 0x00, 0x00, 0x00, 0x00,
    0x00, 0x00, 0x00, 0x00, 0x00, 0x00, 0x00, 0x00, 0x00, 0x00, 0x00, 0x00, 0x00, 0x00, 0x00, 0x00,
    0x00, 0x00, 0x00, 0x00, 0x00, 0x00, 0x00, 0x00, 0x00, 0x00, 0x00, 0x00, 0x00, 0x00, 0x00, 0x00,
    0x00, 0x00, 0x00, 0x00, 0x00, 0x00, 0x00, 0x00, 0x00, 0x00, 0x00, 0x00, 0x00, 0x00, 0x00, 0x00,
    0x00, 0x00, 0x00, 0x00, 0x00, 0x00, 0x00, 0x00, 0x00, 0x00, 0x00, 0x00, 0x00, 0x00, 0x00, 0x00,
    0x00, 0x00, 0x00, 0x00, 0x00, 0x00, 0x00, 0x00, 0x00, 0x00, 0x00, 0x00, 0x00, 0x00, 0x00, 0x00,
    0x00, 0x00, 0x00, 0x00, 0x00, 0x00, 0x00, 0x00, 0x00, 0x00, 0x00, 0x00, 0x00, 0x00, 0x00, 0x00,
    0x00, 0x00, 0x00, 0x00, 0x00, 0x00, 0x00, 0x00, 0x00, 0x00, 0x00, 0x00, 0x00, 0x00, 0x00, 0x00,
    0x00, 0x00, 0x00, 0x00, 0x00, 0x00, 0x00, 0x00, 0x00, 0x00, 0x00, 0x00, 0x00, 0x00, 0x00, 0x00,
    0x00, 0x00, 0x00, 0x00, 0x00, 0x00, 0x00, 0x00, 0x00, 0x00, 0x00, 0x00, 0x00, 0x00, 0x00, 0x00,
    0x00, 0x00, 0x00, 0x00, 0x00, 0x00, 0x00, 0x00, 0x00, 0x00, 0x00, 0x00, 0x00, 0x00, 0x00, 0x00,
    0x00, 0x00, 0x00, 0x00, 0x00, 0x00, 0x00, 0x00, 0x00, 0x00, 0x00, 0x00, 0x00, 0x00, 0x00, 0x00,
    0x00, 0x00, 0x00, 0x00, 0x00, 0x00, 0x00, 0x00, 0x00, 0x00, 0x00, 0x00, 0x00, 0x00, 0x00, 0x00,
    0x00, 0x00, 0x00, 0x00, 0x00, 0x00, 0x00, 0x00, 0x00, 0x00, 0x00, 0x00, 0x00, 0x00, 0x00, 0x00,
    0x00, 0x00, 0x00, 0x00, 0x00, 0x00, 0x00, 0x00, 0x00, 0x00, 0x00, 0x00, 0x00, 0x00, 0x00, 0x00,
    0x00, 0x00, 0x00, 0x00, 0x00, 0x00, 0x00, 0x00, 0x00, 0x00, 0x00, 0x00, 0x00, 0x00, 0x00, 0x00,
    0x00, 0x00, 0x00, 0x00, 0x00, 0x00, 0x00, 0x00, 0x00, 0x00, 0x00, 0x00, 0x00, 0x00, 0x00, 0x00,
    0x00, 0x00, 0x00, 0x00, 0x00, 0x00, 0x00, 0x00, 0x00, 0x00, 0x00, 0x00, 0x00, 0x00, 0x00, 0x00,
    0x00, 0x00, 0x00, 0x00, 0x00, 0x00, 0x00, 0x00, 0x00, 0x00, 0x00, 0x00, 0x00, 0x00, 0x00, 0x00,
    0x00, 0x00, 0x00, 0x00, 0x00, 0x00, 0x00, 0x00, 0x00, 0x00, 0x00, 0x00, 0x00, 0x00, 0x00, 0x00,
    0x00, 0x00, 0x00, 0x00, 0x00, 0x00, 0x00, 0x00, 0x00, 0x00, 0x00, 0x00, 0x00, 0x00, 0x00, 0x00,
    0x00, 0x00, 0x00, 0x00, 0x00, 0x00, 0x00, 0x00, 0x00, 0x00, 0x00, 0x00, 0x00, 0x00, 0x00, 0x00,
    0x00, 0x00, 0x00, 0x00, 0x00, 0x00, 0x00, 0x00, 0x00, 0x00, 0x00, 0x00, 0x00, 0x00, 0x00, 0x00,
    0x00, 0x00, 0x00, 0x00, 0x00, 0x00, 0x00, 0x00, 0x00, 0x00, 0x00, 0x00, 0x00, 0x00, 0x00, 0x00,
    0x00, 0x00, 0x00, 0x00, 0x00, 0x00, 0x00, 0x00, 0x00, 0x00, 0x00, 0x00, 0x00, 0x00, 0x00, 0x00,
    0x00, 0x00, 0x00, 0x00, 0x00, 0x00, 0x00, 0x00, 0x00, 0x00, 0x00, 0x00, 0x00, 0x00, 0x00, 0x00,
    0x00, 0x00, 0x00, 0x00, 0x00, 0x00, 0x00, 0x00, 0x00, 0x00, 0x00, 0x00, 0x00, 0x00, 0x00, 0x00,
    0x00, 0x00, 0x00, 0x00, 0x00, 0x00, 0x00, 0x00, 0x00, 0x00, 0x00, 0x00, 0x00, 0x00, 0x00, 0x00,
    0x00, 0x00, 0x00, 0x00, 0x00, 0x00, 0x00, 0x00, 0x00, 0x00, 0x00, 0x00, 0x00, 0x00, 0x00, 0x00,
    0x00, 0x00, 0x00, 0x00, 0x00, 0x00, 0x00, 0x00, 0x00, 0x00, 0x00, 0x00, 0x00, 0x00, 0x00, 0x00,
    0x00, 0x00, 0x00, 0x00, 0x00, 0x00, 0x00, 0x00, 0x00, 0x00, 0x00, 0x00, 0x00, 0x00, 0x00, 0x00,
    0x00, 0x00, 0x00, 0x00, 0x00, 0x00, 0x00, 0x00, 0x00, 0x00, 0x00, 0x00, 0x00, 0x00, 0x00, 0x00,
    0x00, 0x00, 0x00, 0x00, 0x00, 0x00, 0x00, 0x00, 0x00, 0x00, 0x00, 0x00, 0x00, 0x00, 0x00, 0x00,
    0x00, 0x00, 0x00, 0x00, 0x00, 0x00, 0x00, 0x00, 0x00, 0x00, 0x00, 0x00, 0x00, 0x00, 0x00, 0x00,
    0x00, 0x00, 0x00, 0x00, 0x00, 0x00, 0x00, 0x00, 0x00, 0x00, 0x00, 0x00, 0x00, 0x00, 0x00, 0x00,
    0x00, 0x00, 0x00, 0x00, 0x00, 0x00, 0x00, 0x00, 0x00, 0x00, 0x00, 0x00, 0x00, 0x00, 0x00, 0x00,
    0x00, 0x00, 0x00, 0x00, 0x00, 0x00, 0x00, 0x00, 0x00, 0x00, 0x00, 0x00, 0x00, 0x00, 0x00, 0x00,
    0x00, 0x00, 0x00, 0x00, 0x00, 0x00, 0x00, 0x00, 0x00, 0x00, 0x00, 0x00, 0x00, 0x00, 0x00, 0x00,
    0x00, 0x00, 0x00, 0x00, 0x00, 0x00, 0x00, 0x00, 0x00, 0x00, 0x00, 0x00, 0x00, 0x00, 0x00, 0x00,
    0x00, 0x00, 0x00, 0x00, 0x00, 0x00, 0x00, 0x00, 0x00, 0x00, 0x00, 0x00, 0x00, 0x00, 0x00, 0x00,
    0x00, 0x00, 0x00, 0x00, 0x00, 0x00, 0x00, 0x00, 0x00, 0x00, 0x00, 0x00, 0x00, 0x00, 0x00, 0x00,
    0x00, 0x00, 0x00, 0x00, 0x00, 0x00, 0x00, 0x00, 0x00, 0x00, 0x00, 0x00, 0x00, 0x00, 0x00, 0x00,
    0x00, 0x00, 0x00, 0x00, 0x00, 0x00, 0x00, 0x00, 0x00, 0x00, 0x00, 0x00, 0x00, 0x00, 0x00, 0x00,
    0x00, 0x00, 0x00, 0x00, 0x00, 0x00, 0x00, 0x00, 0x00, 0x00, 0x00, 0x00, 0x00, 0x00, 0x00, 0x00,
    0x00, 0x00, 0x00, 0x00, 0x00, 0x00, 0x00, 0x00, 0x00, 0x00, 0x00, 0x00, 0x00, 0x00, 0x00, 0x00,
    0x00, 0x00, 0x00, 0x00, 0x00, 0x00, 0x00, 0x00, 0x00, 0x00, 0x00, 0x00, 0x00, 0x00, 0x00, 0x00,
    0x00, 0x00, 0x00, 0x00, 0x00, 0x00, 0x00, 0x00, 0x00, 0x00, 0x00, 0x00, 0x00, 0x00, 0x00, 0x00,
    0x00, 0x00, 0x00, 0x00, 0x00, 0x00, 0x00, 0x00, 0x00, 0x00, 0x00, 0x00, 0x00, 0x00, 0x00, 0x00,
    0x00, 0x00, 0x00, 0x00, 0x00, 0x00, 0x00, 0x00, 0x00, 0x00, 0x00, 0x00, 0x00, 0x00, 0x00, 0x00,
    0x00, 0x00, 0x00, 0x00, 0x00, 0x00, 0x00, 0x00, 0x00, 0x00, 0x00, 0x00, 0x00, 0x00, 0x00, 0x00,
    0x00, 0x00, 0x00, 0x00, 0x00, 0x00, 0x00, 0x00, 0x00, 0x00, 0x00, 0x00, 0x00, 0x00, 0x00, 0x00,
    0x00, 0x00, 0x00, 0x00, 0x00, 0x00, 0x00, 0x00, 0x00, 0x00, 0x00, 0x00, 0x00, 0x00, 0x00, 0x00,
    0x00, 0x00, 0x00, 0x00, 0x00, 0x00, 0x00, 0x00, 0x00, 0x00, 0x00, 0x00, 0x00, 0x00, 0x00, 0x00,
    0x00, 0x00, 0x00, 0x00, 0x00, 0x00, 0x00, 0x00, 0x00, 0x00, 0x00, 0x00, 0x00, 0x00, 0x00, 0x00,
    0x00, 0x00, 0x00, 0x00, 0x00, 0x00, 0x00, 0x00, 0x00, 0x00, 0x00, 0x00, 0x00, 0x00, 0x00, 0x00,
    0x00, 0x00, 0x00, 0x00, 0x00, 0x00, 0x00, 0x00, 0x00, 0x00, 0x00, 0x00, 0x00, 0x00, 0x00, 0x00,
    0x00, 0x00, 0x00, 0x00, 0x00, 0x00, 0x00, 0x00, 0x00, 0x00, 0x00, 0x00, 0x00, 0x00, 0x00, 0x00,
    0x00, 0x00, 0x00, 0x00, 0x00, 0x00, 0x00, 0x00, 0x00, 0x00, 0x00, 0x00, 0x00, 0x00, 0x00, 0x00,
    0x00, 0x00, 0x00, 0x00, 0x00, 0x00, 0x00, 0x00, 0x00, 0x00, 0x00, 0x00, 0x00, 0x00, 0x00, 0x00,
    0x00, 0x00, 0x00, 0x00, 0x00, 0x00, 0x00, 0x00, 0x00, 0x00, 0x00, 0x00, 0x00, 0x00, 0x00, 0x00,
    0x00, 0x00, 0x00, 0x00, 0x00, 0x00, 0x00, 0x00, 0x00, 0x00, 0x00, 0x00, 0x00, 0x00, 0x00, 0x00,
    0x00, 0x00, 0x00, 0x00, 0x00, 0x00, 0x00, 0x00, 0x00, 0x00, 0x00, 0x00, 0x00, 0x00, 0x00, 0x00,
    0x00, 0x00, 0x00, 0x00, 0x00, 0x00, 0x00, 0x00, 0x00, 0x00, 0x00, 0x00, 0x00, 0x00, 0x00, 0x00,
    0x00, 0x00, 0x00, 0x00, 0x00, 0x00, 0x00, 0x00, 0x00, 0x00, 0x00, 0x00, 0x00, 0x00, 0x00, 0x00,
    0x00, 0x00, 0x00, 0x00, 0x00, 0x00, 0x00, 0x00, 0x00, 0x00, 0x00, 0x00, 0x00, 0x00, 0x00, 0x00,
    0x00, 0x00, 0x00, 0x00, 0x00, 0x00, 0x00, 0x00, 0x00, 0x00, 0x00, 0x00, 0x00, 0x00, 0x00, 0x00,
    0x00, 0x00, 0x00, 0x00, 0x00, 0x00, 0x00, 0x00, 0x00, 0x00, 0x00, 0x00, 0x00, 0x00, 0x00, 0x00,
    0x00, 0x00, 0x00, 0x00, 0x00, 0x00, 0x00, 0x00, 0x00, 0x00, 0x00, 0x00, 0x00, 0x00, 0x00, 0x00,
    0x00, 0x00, 0x00, 0x00, 0x00, 0x00, 0x00, 0x00, 0x00, 0x00, 0x00, 0x00, 0x00, 0x00, 0x00, 0x00,
    0x00, 0x00, 0x00, 0x00, 0x00, 0x00, 0x00, 0x00, 0x00, 0x00, 0x00, 0x00, 0x00, 0x00, 0x00, 0x00,
    0x00, 0x00, 0x00, 0x00, 0x00, 0x00, 0x00, 0x00, 0x00, 0x00, 0x00, 0x00, 0x00, 0x00, 0x00, 0x00,
    0x00, 0x00, 0x00, 0x00, 0x00, 0x00, 0x00, 0x00, 0x00, 0x00, 0x00, 0x00, 0x00, 0x00, 0x00, 0x00,
    0x00, 0x00, 0x00, 0x00, 0x00, 0x00, 0x00, 0x00, 0x00, 0x00, 0x00, 0x00, 0x00, 0x00, 0x00, 0x00,
    0x00, 0x00, 0x00, 0x00, 0x00, 0x00, 0x00, 0x00, 0x00, 0x00, 0x00, 0x00, 0x00, 0x00, 0x00, 0x00,
    0x00, 0x00, 0x00, 0x00, 0x00, 0x00, 0x00, 0x00, 0x00, 0x00, 0x00, 0x00, 0x00, 0x00, 0x00, 0x00,
    0x00, 0x00, 0x00, 0x00, 0x00, 0x00, 0x00, 0x00, 0x00, 0x00, 0x00, 0x00, 0x00, 0x00, 0x00, 0x00,
    0x00, 0x00, 0x00, 0x00, 0x00, 0x00, 0x00, 0x00, 0x00, 0x00, 0x00, 0x00, 0x00, 0x00, 0x00, 0x00,
    0x00, 0x00, 0x00, 0x00, 0x00, 0x00, 0x00, 0x00, 0x00, 0x00, 0x00, 0x00, 0x00, 0x00, 0x00, 0x00,
    0x00, 0x00, 0x00, 0x00, 0x00, 0x00, 0x00, 0x00, 0x00, 0x00, 0x00, 0x00, 0x00, 0x00, 0x00, 0x00,
    0x00, 0x00, 0x00, 0x00, 0x00, 0x00, 0x00, 0x00, 0x00, 0x00, 0x00, 0x00, 0x00, 0x00, 0x00, 0x00,
    0x00, 0x00, 0x00, 0x00, 0x00, 0x00, 0x00, 0x00, 0x00, 0x00, 0x00, 0x00, 0x00, 0x00, 0x00, 0x00,
    0x00, 0x00, 0x00, 0x00, 0x00, 0x00, 0x00, 0x00, 0x00, 0x00, 0x00, 0x00, 0x00, 0x00, 0x00, 0x00,
    0x00, 0x00, 0x00, 0x00, 0x00, 0x00, 0x00, 0x00, 0x00, 0x00, 0x00, 0x00, 0x00, 0x00, 0x00, 0x00,
    0x00, 0x00, 0x00, 0x00, 0x00, 0x00, 0x00, 0x00, 0x00, 0x00, 0x00, 0x00, 0x00, 0x00, 0x00, 0x00,
    0x00, 0x00, 0x00, 0x00, 0x00, 0x00, 0x00, 0x00, 0x00, 0x00, 0x00, 0x00, 0x00, 0x00, 0x00, 0x00,
    0x00, 0x00, 0x00, 0x00, 0x00, 0x00, 0x00, 0x00, 0x00, 0x00, 0x00, 0x00, 0x00, 0x00, 0x00, 0x00,
    0x00, 0x00, 0x00, 0x00, 0x00, 0x00, 0x00, 0x00, 0x00, 0x00, 0x00, 0x00, 0x00, 0x00, 0x00, 0x00,
    0x00, 0x00, 0x00, 0x00, 0x00, 0x00, 0x00, 0x00, 0x00, 0x00, 0x00, 0x00, 0x00, 0x00, 0x00, 0x00,
    0x00, 0x00, 0x00, 0x00, 0x00, 0x00, 0x00, 0x00, 0x00, 0x00, 0x00, 0x00, 0x00, 0x00, 0x00, 0x00,
    0x00, 0x00, 0x00, 0x00, 0x00, 0x00, 0x00, 0x00, 0x00, 0x00, 0x00, 0x00, 0x00, 0x00, 0x00, 0x00,
    0x00, 0x00, 0x00, 0x00, 0x00, 0x00, 0x00, 0x00, 0x00, 0x00, 0x00, 0x00, 0x00, 0x00, 0x00, 0x00,
    0x00, 0x00, 0x00, 0x00, 0x00, 0x00, 0x00, 0x00, 0x00, 0x00, 0x00, 0x00, 0x00, 0x00, 0x00, 0x00,
    0x00, 0x00, 0x00, 0x00, 0x00, 0x00, 0x00, 0x00, 0x00, 0x00, 0x00, 0x00, 0x00, 0x00, 0x00, 0x00,
    0x00, 0x00, 0x00, 0x00, 0x00, 0x00, 0x00, 0x00, 0x00, 0x00, 0x00, 0x00, 0x00, 0x00, 0x00, 0x00,
    0x00, 0x00, 0x00, 0x00, 0x00, 0x00, 0x00, 0x00, 0x00, 0x00, 0x00, 0x00, 0x00, 0x00, 0x00, 0x00,
    0x00, 0x00, 0x00, 0x00, 0x00, 0x00, 0x00, 0x00, 0x00, 0x00, 0x00, 0x00, 0x00, 0x00, 0x00, 0x00,
    0x00, 0x00, 0x00, 0x00, 0x00, 0x00, 0x00, 0x00, 0x00, 0x00, 0x00, 0x00, 0x00, 0x00, 0x00, 0x00,
    0x00, 0x00, 0x00, 0x00, 0x00, 0x00, 0x00, 0x00, 0x00, 0x00, 0x00, 0x00, 0x00, 0x00, 0x00, 0x00,
    0x00, 0x00, 0x00, 0x00, 0x00, 0x00, 0x00, 0x00, 0x00, 0x00, 0x00, 0x00, 0x00, 0x00, 0x00, 0x00,
    0x00, 0x00, 0x00, 0x00, 0x00, 0x00, 0x00, 0x00, 0x00, 0x00, 0x00, 0x00, 0x00, 0x00, 0x00, 0x00,
    0x00, 0x00, 0x00, 0x00, 0x00, 0x00, 0x00, 0x00, 0x00, 0x00, 0x00, 0x00, 0x00, 0x00, 0x00, 0x00,
    0x00, 0x00, 0x00, 0x00, 0x00, 0x00, 0x00, 0x00, 0x00, 0x00, 0x00, 0x00, 0x00, 0x00, 0x00, 0x00,
    0x00, 0x00, 0x00, 0x00, 0x00, 0x00, 0x00, 0x00, 0x00, 0x00, 0x00, 0x00, 0x00, 0x00, 0x00, 0x00,
    0x00, 0x00, 0x00, 0x00, 0x00, 0x00, 0x00, 0x00, 0x00, 0x00, 0x00, 0x00, 0x00, 0x00, 0x00, 0x00,
    0x00, 0x00, 0x00, 0x00, 0x00, 0x00, 0x00, 0x00, 0x00, 0x00, 0x00, 0x00, 0x00, 0x00, 0x00, 0x00,
    0x00, 0x00, 0x00, 0x00, 0x00, 0x00, 0x00, 0x00, 0x00, 0x00, 0x00, 0x00, 0x00, 0x00, 0x00, 0x00,
    0x00, 0x00, 0x00, 0x00, 0x00, 0x00, 0x00, 0x00, 0x00, 0x00, 0x00, 0x00, 0x00, 0x00, 0x00, 0x00,
    0x00, 0x00, 0x00, 0x00, 0x00, 0x00, 0x00, 0x00, 0x00, 0x00, 0x00, 0x00, 0x00, 0x00, 0x00, 0x00,
    0x00, 0x00, 0x00, 0x00, 0x00, 0x00, 0x00, 0x00, 0x00, 0x00, 0x00, 0x00, 0x00, 0x00, 0x00, 0x00,
    0x00, 0x00, 0x00, 0x00, 0x00, 0x00, 0x00, 0x00, 0x00, 0x00, 0x00, 0x00, 0x00, 0x00, 0x00, 0x00,
    0x00, 0x00, 0x00, 0x00, 0x00, 0x00, 0x00, 0x00, 0x00, 0x00, 0x00, 0x00, 0x00, 0x00, 0x00, 0x00,
    0x00, 0x00, 0x00, 0x00, 0x00, 0x00, 0x00, 0x00, 0x00, 0x00, 0x00, 0x00, 0x00, 0x00, 0x00, 0x00,
    0x00, 0x00, 0x00, 0x00, 0x00, 0x00, 0x00, 0x00, 0x00, 0x00, 0x00, 0x00, 0x00, 0x00, 0x00, 0x00,
    0x00, 0x00, 0x00, 0x00, 0x00, 0x00, 0x00, 0x00, 0x00, 0x00, 0x00, 0x00, 0x00, 0x00, 0x00, 0x00,
    0x00, 0x00, 0x00, 0x00, 0x00, 0x00, 0x00, 0x00, 0x00, 0x00, 0x00, 0x00, 0x00, 0x00, 0x00, 0x00,
    0x00, 0x00, 0x00, 0x00, 0x00, 0x00, 0x00, 0x00, 0x00, 0x00, 0x00, 0x00, 0x00, 0x00, 0x00, 0x00,
    0x00, 0x00, 0x00, 0x00, 0x00, 0x00, 0x00, 0x00, 0x00, 0x00, 0x00, 0x00, 0x00, 0x00, 0x00, 0x00,
    0x00, 0x00, 0x00, 0x00, 0x00, 0x00, 0x00, 0x00, 0x00, 0x00, 0x00, 0x00, 0x00, 0x00, 0x00, 0x00,
    0x00, 0x00, 0x00, 0x00, 0x00, 0x00, 0x00, 0x00, 0x00, 0x00, 0x00, 0x00, 0x00, 0x00, 0x00, 0x00,
    0x00, 0x00, 0x00, 0x00, 0x00, 0x00, 0x00, 0x00, 0x00, 0x00, 0x00, 0x00, 0x00, 0x00, 0x00, 0x00,
    0x00, 0x00, 0x00, 0x00, 0x00, 0x00, 0x00, 0x00, 0x00, 0x00, 0x00, 0x00, 0x00, 0x00, 0x00, 0x00,
    0x00, 0x00, 0x00, 0x00, 0x00, 0x00, 0x00, 0x00, 0x00, 0x00, 0x00, 0x00, 0x00, 0x00, 0x00, 0x00,
    0x00, 0x00, 0x00, 0x00, 0x00, 0x00, 0x00, 0x00, 0x00, 0x00, 0x00, 0x00, 0x00, 0x00, 0x00, 0x00,
    0x00, 0x00, 0x00, 0x00, 0x00, 0x00, 0x00, 0x00, 0x00, 0x00, 0x00, 0x00, 0x00, 0x00, 0x00, 0x00,
    0x00, 0x00, 0x00, 0x00, 0x00, 0x00, 0x00, 0x00, 0x00, 0x00, 0x00, 0x00, 0x00, 0x00, 0x00, 0x00,
    0x00, 0x00, 0x00, 0x00, 0x00, 0x00, 0x00, 0x00, 0x00, 0x00, 0x00, 0x00, 0x00, 0x00, 0x00, 0x00,
    0x00, 0x00, 0x00, 0x00, 0x00, 0x00, 0x00, 0x00, 0x00, 0x00, 0x00, 0x00, 0x00, 0x00, 0x00, 0x00,
    0x00, 0x00, 0x00, 0x00, 0x00, 0x00, 0x00, 0x00, 0x00, 0x00, 0x00, 0x00, 0x00, 0x00, 0x00, 0x00,
    0x00, 0x00, 0x00, 0x00, 0x00, 0x00, 0x00, 0x00, 0x00, 0x00, 0x00, 0x00, 0x00, 0x00, 0x00, 0x00,
    0x00, 0x00, 0x00, 0x00, 0x00, 0x00, 0x00, 0x00, 0x00, 0x00, 0x00, 0x00, 0x00, 0x00, 0x00, 0x00,
    0x00, 0x00, 0x00, 0x00, 0x00, 0x00, 0x00, 0x00, 0x00, 0x00, 0x00, 0x00, 0x00, 0x00, 0x00, 0x00,
    0x00, 0x00, 0x00, 0x00, 0x00, 0x00, 0x00, 0x00, 0x00, 0x00, 0x00, 0x00, 0x00, 0x00, 0x00, 0x00,
    0x00, 0x00, 0x00, 0x00, 0x00, 0x00, 0x00, 0x00, 0x00, 0x00, 0x00, 0x00, 0x00, 0x00, 0x00, 0x00,
    0x00, 0x00, 0x00, 0x00, 0x00, 0x00, 0x00, 0x00, 0x00, 0x00, 0x00, 0x00, 0x00, 0x00, 0x00, 0x00,
    0x00, 0x00, 0x00, 0x00, 0x00, 0x00, 0x00, 0x00, 0x00, 0x00, 0x00, 0x00, 0x00, 0x00, 0x00, 0x00,
    0x00, 0x00, 0x00, 0x00, 0x00, 0x00, 0x00, 0x00, 0x00, 0x00, 0x00, 0x00, 0x00, 0x00, 0x00, 0x00,
    0x00, 0x00, 0x00, 0x00, 0x00, 0x00, 0x00, 0x00, 0x00, 0x00, 0x00, 0x00, 0x00, 0x00, 0x00, 0x00
};

const lv_image_dsc_t icon_dial_moon_hour_1 = {
    .header.cf = LV_COLOR_FORMAT_ARGB8888,
    .header.magic = LV_IMAGE_HEADER_MAGIC,
    .header.w = 118,
    .header.h = 146,
    .data_size = 68912,
    .data = icon_dial_moon_hour_1_map,
};
