/**
 * Auto-generated from face_calm.gif - DO NOT EDIT
 */

#include "lvgl/lvgl.h"

#ifndef LV_ATTRIBUTE_MEM_ALIGN
#define LV_ATTRIBUTE_MEM_ALIGN
#endif

static const LV_ATTRIBUTE_MEM_ALIGN uint8_t gif_face_calm_data[] = {
    0x47, 0x49, 0x46, 0x38, 0x39, 0x61, 0x9a, 0x01, 0xf6, 0x01, 0x81, 0x00, 0x00, 0x00, 0x00, 0x00,
    0xff, 0xff, 0xff, 0x00, 0x00, 0x00, 0x00, 0x00, 0x00, 0x21, 0xff, 0x0b, 0x4e, 0x45, 0x54, 0x53,
    0x43, 0x41, 0x50, 0x45, 0x32, 0x2e, 0x30, 0x03, 0x01, 0x00, 0x00, 0x00, 0x21, 0xf9, 0x04, 0x00,
    0x03, 0x00, 0x00, 0x00, 0x2c, 0x00, 0x00, 0x00, 0x00, 0x9a, 0x01, 0xf6, 0x01, 0x00, 0x08, 0xff,
    0x00, 0x01, 0x08, 0x1c, 0x48, 0xb0, 0xa0, 0xc1, 0x83, 0x08, 0x13, 0x2a, 0x5c, 0xc8, 0xb0, 0xa1,
    0xc3, 0x87, 0x10, 0x23, 0x4a, 0x9c, 0x48, 0xb1, 0xa2, 0xc5, 0x8b, 0x18, 0x33, 0x6a, 0xdc, 0xc8,
    0xb1, 0xa3, 0xc7, 0x8f, 0x20, 0x43, 0x8a, 0x1c, 0x49, 0xb2, 0xa4, 0xc9, 0x93, 0x28, 0x53, 0xaa,
    0x5c, 0xc9, 0xb2, 0xa5, 0xcb, 0x97, 0x30, 0x63, 0xca, 0x9c, 0x49, 0xb3, 0xa6, 0xcd, 0x9b, 0x38,
    0x73, 0xea, 0xdc, 0xc9, 0xb3, 0xa7, 0xcf, 0x9f, 0x40, 0x83, 0x0a, 0x1d, 0x4a, 0xb4, 0xa8, 0xd1,
    0xa3, 0x48, 0x93, 0x2a, 0x5d, 0xca, 0xb4, 0xa9, 0xd3, 0xa7, 0x50, 0xa3, 0x4a, 0x9d, 0x4a, 0xb5,
    0xaa, 0xd5, 0xab, 0x58, 0xb3, 0x6a, 0xdd, 0xca, 0xb5, 0xab, 0xd7, 0xaf, 0x60, 0xc3, 0x8a, 0x1d,
    0x4b, 0xb6, 0xac, 0xd9, 0xb3, 0x68, 0xd3, 0xaa, 0x5d, 0xcb, 0xb6, 0xad, 0xdb, 0xb7, 0x70, 0xe3,
    0xca, 0x9d, 0x4b, 0xb7, 0xae, 0xdd, 0xbb, 0x78, 0xf3, 0xea, 0xdd, 0xcb, 0xb7, 0xaf, 0xdf, 0xbf,
    0x80, 0x03, 0x0b, 0x1e, 0x4c, 0xb8, 0xb0, 0xe1, 0xc3, 0x88, 0x13, 0x2b, 0x5e, 0xcc, 0xb8, 0xb1,
    0xe3, 0xc7, 0x90, 0x23, 0x4b, 0x9e, 0x4c, 0xb9, 0xb2, 0xe5, 0xcb, 0x98, 0x33, 0x6b, 0xde, 0xcc,
    0xb9, 0xb3, 0xe7, 0xcf, 0xa0, 0x43, 0x8b, 0x1e, 0x4d, 0xba, 0xb4, 0xe9, 0xd3, 0xa8, 0x53, 0xab,
    0x5e, 0xcd, 0xba, 0xb5, 0xeb, 0xd7, 0xb0, 0x63, 0xcb, 0x9e, 0x4d, 0xbb, 0xb6, 0xed, 0xdb, 0xb8,
    0x73, 0xeb, 0xde, 0xcd, 0xbb, 0xb7, 0xef, 0xdf, 0xc0, 0x83, 0x0b, 0x1f, 0x4e, 0xbc, 0xb8, 0xf1,
    0xe3, 0xc8, 0x93, 0x2b, 0x5f, 0xce, 0xbc, 0xb9, 0xf3, 0xe7, 0xd0, 0xa3, 0x4b, 0x9f, 0x4e, 0xbd,
    0xba, 0xf5, 0xeb, 0xd8, 0xb3, 0x6b, 0xdf, 0xce, 0xbd, 0xbb, 0xf7, 0xef, 0xe0, 0xc3, 0x8b, 0xff,
    0x1f, 0x4f, 0xbe, 0xbc, 0xf9, 0xf3, 0xe8, 0xd3, 0xab, 0x5f, 0xcf, 0xbe, 0xbd, 0xfb, 0xf7, 0xf0,
    0xe3, 0xcb, 0x9f, 0x4f, 0xbf, 0xbe, 0xfd, 0xfb, 0xf8, 0xf3, 0xeb, 0xdf, 0xcf, 0xbf, 0xbf, 0xff,
    0xff, 0x00, 0x06, 0x28, 0xe0, 0x80, 0x04, 0x16, 0x68, 0xe0, 0x81, 0x08, 0x26, 0xa8, 0xe0, 0x82,
    0x0c, 0x36, 0xe8, 0xe0, 0x83, 0x10, 0x46, 0x28, 0xe1, 0x84, 0x14, 0x56, 0x68, 0xe1, 0x85, 0x18,
    0x66, 0xa8, 0xe1, 0x86, 0x1c, 0x76, 0xe8, 0xe1, 0x87, 0x20, 0x86, 0x28, 0xe2, 0x88, 0x24, 0x96,
    0x68, 0xe2, 0x89, 0x28, 0xa6, 0xa8, 0xe2, 0x8a, 0x2c, 0xb6, 0xe8, 0xe2, 0x8b, 0x30, 0xc6, 0x28,
    0xe3, 0x8c, 0x34, 0xd6, 0x68, 0xe3, 0x8d, 0x38, 0xe6, 0xa8, 0xe3, 0x8e, 0x3c, 0xf6, 0xe8, 0xe3,
    0x8f, 0x40, 0x06, 0x29, 0xe4, 0x90, 0x44, 0x16, 0x69, 0xe4, 0x91, 0x48, 0x26, 0xa9, 0xe4, 0x92,
    0x4c, 0x36, 0xe9, 0xe4, 0x93, 0x50, 0x46, 0x29, 0xe5, 0x94, 0x54, 0x56, 0x69, 0xe5, 0x95, 0x58,
    0x66, 0xa9, 0xe5, 0x96, 0x5c, 0x76, 0xe9, 0xe5, 0x97, 0x60, 0x86, 0x29, 0xe6, 0x98, 0x64, 0x96,
    0x69, 0xe6, 0x99, 0x68, 0xa6, 0xa9, 0xe6, 0x9a, 0x6c, 0xb6, 0xe9, 0xe6, 0x9b, 0x70, 0xc6, 0x29,
    0xe7, 0x9c, 0x74, 0xd6, 0x69, 0xe7, 0x9d, 0x78, 0xe6, 0xa9, 0xe7, 0x9e, 0x7c, 0xf6, 0xe9, 0xe7,
    0x9f, 0x80, 0x06, 0x2a, 0xe8, 0xa0, 0x84, 0x16, 0x6a, 0xe8, 0xa1, 0x88, 0x26, 0xaa, 0xe8, 0x73,
    0x01, 0x34, 0xea, 0xe8, 0xa3, 0x90, 0x3e, 0xda, 0x57, 0xa4, 0x94, 0x56, 0x6a, 0x29, 0xa4, 0xe7,
    0x5d, 0x6a, 0xe9, 0xa4, 0x9a, 0x76, 0xaa, 0x69, 0xa6, 0x9e, 0x62, 0xca, 0x57, 0xa8, 0xa4, 0x46,
    0x7a, 0x5d, 0xa9, 0xa8, 0x56, 0x0a, 0x57, 0xaa, 0xac, 0x7e, 0x0a, 0x5d, 0xab, 0xb0, 0xae, 0xff,
    0x0a, 0xeb, 0xac, 0x92, 0xbe, 0x4a, 0x2b, 0xaa, 0xb2, 0xde, 0x3a, 0xab, 0x72, 0xba, 0xf6, 0x1a,
    0x40, 0x5a, 0xbe, 0x06, 0x6b, 0x5c, 0xb0, 0xb7, 0x02, 0x4b, 0xac, 0xae, 0xc3, 0x1e, 0x1b, 0x2b,
    0x5a, 0xca, 0x16, 0x5b, 0x5c, 0xb3, 0xb4, 0x9a, 0x05, 0x2d, 0xb2, 0xc2, 0x4d, 0xbb, 0x2c, 0x59,
    0xd6, 0x46, 0x5b, 0x6d, 0xb6, 0xa9, 0x4a, 0xcb, 0x6d, 0xab, 0xc0, 0x7d, 0xab, 0xad, 0x57, 0xe2,
    0x52, 0xbb, 0x5b, 0xb9, 0xd7, 0x76, 0x85, 0xee, 0xb8, 0xba, 0xad, 0xcb, 0x2a, 0x58, 0xee, 0xa6,
    0x9b, 0x5b, 0xbc, 0xb8, 0x7e, 0x45, 0xef, 0xbb, 0xbc, 0xdd, 0x4b, 0x2a, 0xbc, 0xfa, 0x96, 0xda,
    0x5b, 0xbf, 0x9e, 0xf2, 0x0b, 0x70, 0xc0, 0xf9, 0x0e, 0x7c, 0xa9, 0xc0, 0x06, 0x1f, 0x3c, 0x6f,
    0xc2, 0xa1, 0xaa, 0xcb, 0xb0, 0xc2, 0xb8, 0x3d, 0x4c, 0xf0, 0x56, 0x12, 0x6f, 0xba, 0x70, 0xc5,
    0x16, 0x53, 0x8c, 0xb1, 0xa9, 0x17, 0x6f, 0xcc, 0xb1, 0xc6, 0x1e, 0x7f, 0x4c, 0x5b, 0xc8, 0x94,
    0x3a, 0x4c, 0x72, 0xad, 0xb5, 0x9d, 0x2c, 0x2a, 0xc8, 0x2a, 0xff, 0x6a, 0x5b, 0xcb, 0x8e, 0x9a,
    0xdc, 0xf2, 0x6d, 0x30, 0x37, 0x2a, 0xb3, 0xca, 0x34, 0xd7, 0x7c, 0xf3, 0xc9, 0x39, 0xc3, 0xbc,
    0x33, 0xc9, 0x3d, 0xcf, 0xcc, 0x55, 0xcd, 0x2e, 0xa7, 0xac, 0xf3, 0xd0, 0x47, 0x1b, 0xed, 0x33,
    0xd2, 0x4b, 0x2b, 0x2d, 0x34, 0xcb, 0x38, 0xbf, 0x9c, 0xb4, 0x56, 0x44, 0x07, 0x1d, 0x35, 0xd4,
    0x3c, 0x4b, 0xdd, 0x34, 0xd5, 0x53, 0xcf, 0x56, 0x35, 0xd3, 0x4f, 0x8f, 0xdc, 0x35, 0x56, 0x5f,
    0x3b, 0x1d, 0x32, 0xc2, 0x57, 0x8b, 0x9d, 0x35, 0xb9, 0x63, 0xc7, 0x16, 0x36, 0xd8, 0x69, 0x7b,
    0xdd, 0xb6, 0x55, 0x65, 0xab, 0xfd, 0x36, 0xd9, 0x73, 0xbf, 0x56, 0x77, 0x56, 0x7b, 0xcb, 0xff,
    0xd6, 0xf7, 0x55, 0x7f, 0xc3, 0x16, 0x78, 0x55, 0x83, 0xbb, 0x56, 0xf8, 0x54, 0x87, 0xb3, 0x96,
    0x78, 0x54, 0x8b, 0xab, 0x76, 0x37, 0xd7, 0x5b, 0xcb, 0xbd, 0xf6, 0xcf, 0x67, 0x6b, 0x0d, 0xb4,
    0xbd, 0x79, 0x1b, 0x1e, 0x37, 0xd6, 0x97, 0x9b, 0xed, 0x31, 0xda, 0x93, 0x4b, 0xde, 0x39, 0xe5,
    0x9f, 0x5b, 0x5e, 0x39, 0xdb, 0x91, 0xfb, 0xbd, 0x39, 0xe4, 0x8f, 0x0b, 0xbe, 0x3a, 0xdf, 0x99,
    0xb7, 0xd6, 0x3a, 0xde, 0xa9, 0xbb, 0xfd, 0x3a, 0xed, 0xb3, 0x6b, 0x1e, 0x3a, 0xe7, 0xa7, 0xdb,
    0xdd, 0x3b, 0xdc, 0xbb, 0xdb, 0x1e, 0x3c, 0xec, 0xb5, 0xbb, 0x3e, 0x3c, 0xee, 0xb7, 0xeb, 0x3e,
    0x3a, 0xf0, 0xcb, 0xab, 0x5e, 0x3c, 0xe1, 0xb1, 0x2b, 0x1e, 0x3d, 0xe3, 0xd3, 0x3b, 0x5e, 0xfd,
    0x53, 0x8d, 0xa7, 0x96, 0xbd, 0x53, 0xb9, 0x1b, 0xdf, 0xbd, 0x54, 0xdf, 0x2b, 0x9f, 0x3c, 0xe2,
    0xe3, 0xeb, 0x7d, 0x3d, 0xf7, 0xe5, 0x8b, 0x7f, 0x3c, 0x55, 0xe1, 0xcb, 0x7e, 0x7e, 0x53, 0xed,
    0x9b, 0x5f, 0x3a, 0xea, 0xcd, 0x5b, 0x5d, 0x31, 0xe8, 0x1b, 0xff, 0xfb, 0x3b, 0xef, 0xf7, 0x17,
    0x3c, 0x3f, 0xe9, 0x12, 0xd3, 0xdf, 0xff, 0x84, 0x82, 0x32, 0x8b, 0xe4, 0xef, 0x37, 0xf5, 0xfb,
    0x49, 0x01, 0x2b, 0x72, 0x40, 0xdf, 0x24, 0xd0, 0x27, 0x0b, 0xa4, 0x48, 0x03, 0xc3, 0x85, 0xb1,
    0x89, 0xf8, 0x8b, 0x23, 0x13, 0xb3, 0x60, 0x05, 0xb7, 0xd5, 0xbf, 0x88, 0x5c, 0x70, 0x23, 0x19,
    0x94, 0xc8, 0x04, 0x11, 0xb8, 0x41, 0x0f, 0xee, 0x0b, 0x83, 0x9d, 0x32, 0x60, 0x09, 0x87, 0x13,
    0x40, 0x11, 0xee, 0xea, 0x21, 0x2f, 0x34, 0x21, 0xc3, 0x92, 0xd3, 0x42, 0x19, 0x82, 0x0b, 0x86,
    0xf2, 0x72, 0x48, 0x0d, 0x93, 0x35, 0x43, 0x17, 0xe6, 0x50, 0x21, 0x31, 0x84, 0xc8, 0x0e, 0xff,
    0x9f, 0x65, 0x30, 0x15, 0x0e, 0xd0, 0x86, 0xf1, 0x6a, 0x4e, 0xc2, 0x8c, 0x38, 0x42, 0x24, 0xba,
    0x4b, 0x89, 0x45, 0x64, 0xe0, 0xfe, 0x84, 0xa8, 0xaf, 0xe8, 0xd0, 0x2b, 0x23, 0x0f, 0x94, 0xe0,
    0xb4, 0x4e, 0x95, 0x44, 0x8c, 0x64, 0x51, 0x83, 0xd0, 0xe2, 0xe2, 0x13, 0xbd, 0x38, 0x45, 0x26,
    0x2a, 0x4b, 0x8c, 0xeb, 0xc2, 0x62, 0x19, 0xa5, 0x18, 0x46, 0xee, 0x34, 0x6b, 0x24, 0x43, 0xdc,
    0xd0, 0x1b, 0x45, 0x12, 0x47, 0x0d, 0xcd, 0x31, 0x24, 0x75, 0x04, 0x53, 0xbf, 0xd4, 0xb4, 0xc7,
    0x34, 0xf5, 0xd1, 0x4d, 0xd6, 0xba, 0x53, 0x20, 0xed, 0x34, 0x48, 0x41, 0x85, 0x10, 0x51, 0x87,
    0x3c, 0x54, 0x22, 0x17, 0xc5, 0xc8, 0x46, 0x3a, 0xf2, 0x91, 0x90, 0x8c, 0xa4, 0x24, 0x27, 0x49,
    0xc9, 0x4a, 0x5a, 0xf2, 0x92, 0x98, 0xcc, 0xa4, 0x26, 0x37, 0xc9, 0xc9, 0x4e, 0x7a, 0xf2, 0x93,
    0xa0, 0x0c, 0xa5, 0x28, 0x47, 0x49, 0xca, 0x52, 0x9a, 0xf2, 0x94, 0xa8, 0x4c, 0xa5, 0x2a, 0x57,
    0xc9, 0xca, 0x56, 0xba, 0xf2, 0x95, 0xb0, 0x8c, 0xa5, 0x2c, 0x67, 0x49, 0xcb, 0x5a, 0xda, 0xf2,
    0x96, 0xb8, 0xcc, 0xa5, 0x2e, 0x77, 0xc9, 0xcb, 0x5e, 0xfa, 0xf2, 0x97, 0xc0, 0x0c, 0xa6, 0x30,
    0x87, 0x49, 0xcc, 0x62, 0x1a, 0xf3, 0x98, 0xc8, 0x4c, 0xa6, 0x32, 0x97, 0xc9, 0xcc, 0x66, 0x3a,
    0xf3, 0x99, 0xd0, 0x8c, 0xa6, 0x34, 0xa7, 0x49, 0xcd, 0x6a, 0x5a, 0xf3, 0x9a, 0xd8, 0xcc, 0xa6,
    0x36, 0xb7, 0xc9, 0xcd, 0x6e, 0x7a, 0xf3, 0x9b, 0xe0, 0x0c, 0xa7, 0x38, 0xc7, 0x49, 0xce, 0x72,
    0x9a, 0xf3, 0x9c, 0xe8, 0x4c, 0xa7, 0x3a, 0xd7, 0xc9, 0xce, 0x76, 0xba, 0xf3, 0x9d, 0xf0, 0x8c,
    0xa7, 0x3c, 0xe7, 0x49, 0xcf, 0x7a, 0xda, 0xf3, 0x9e, 0xf8, 0xcc, 0xa7, 0x3e, 0xf7, 0xc9, 0x59,
    0xcf, 0x7e, 0xfa, 0xf3, 0x9f, 0x00, 0x0d, 0xa8, 0x40, 0x07, 0x4a, 0xd0, 0x82, 0x1a, 0xf4, 0xa0,
    0x08, 0x4d, 0xa8, 0x42, 0x17, 0xca, 0xd0, 0x86, 0x3a, 0xf4, 0xa1, 0x10, 0x8d, 0xa8, 0x44, 0x27,
    0x4a, 0xd1, 0x8a, 0x5a, 0xf4, 0xa2, 0x18, 0xcd, 0xa8, 0x46, 0x37, 0xca, 0xd1, 0x8e, 0x7a, 0xf4,
    0xa3, 0x20, 0x0d, 0xa9, 0x48, 0x47, 0x4a, 0xd2, 0x92, 0x9a, 0xf4, 0xa4, 0x28, 0x4d, 0xa9, 0x4a,
    0x57, 0xca, 0xd2, 0x96, 0xba, 0xf4, 0xa5, 0x30, 0x8d, 0xa9, 0x4c, 0x67, 0x4a, 0xd3, 0x9a, 0xda,
    0xf4, 0xa6, 0x38, 0xcd, 0xa9, 0x4e, 0x15, 0x13, 0x10, 0x00, 0x21, 0xf9, 0x04, 0x01, 0x03, 0x00,
    0x02, 0x00, 0x2c, 0x63, 0x00, 0xbe, 0x00, 0xcd, 0x00, 0x56, 0x00, 0x81, 0x00, 0x00, 0x00, 0xff,
    0xff, 0xff, 0x00, 0x00, 0x00, 0x00, 0x00, 0x00, 0x08, 0xff, 0x00, 0x05, 0x08, 0x1c, 0x48, 0xb0,
    0x60, 0xc1, 0x00, 0x08, 0x0d, 0x2a, 0x5c, 0xc8, 0xb0, 0xa1, 0xc3, 0x87, 0x10, 0x23, 0x4a, 0x9c,
    0x48, 0xb1, 0xa2, 0x45, 0x82, 0x08, 0x03, 0x5c, 0xcc, 0x78, 0xb1, 0xa3, 0xc7, 0x8f, 0x20, 0x43,
    0x8a, 0xac, 0xc8, 0xd1, 0x62, 0xc9, 0x91, 0x28, 0x53, 0xaa, 0x5c, 0xc9, 0xf2, 0x24, 0xcb, 0x97,
    0x30, 0x63, 0xca, 0x9c, 0x49, 0xb3, 0xa6, 0xcd, 0x9b, 0x38, 0x73, 0xea, 0xdc, 0xc9, 0xb3, 0x67,
    0xcb, 0x84, 0x3e, 0x83, 0x12, 0x04, 0x40, 0x54, 0x68, 0x4f, 0x97, 0x46, 0x7b, 0x12, 0x05, 0x90,
    0x74, 0x27, 0xd2, 0xa6, 0x3a, 0x97, 0x42, 0xe5, 0xf9, 0x74, 0xaa, 0xd5, 0xab, 0x28, 0xab, 0x62,
    0xdd, 0xca, 0x95, 0x24, 0xd0, 0xae, 0x60, 0xc3, 0x8a, 0x1d, 0x4b, 0xb6, 0xac, 0xd9, 0xb3, 0x68,
    0xd3, 0xaa, 0x5d, 0xcb, 0xb6, 0xad, 0xdb, 0xb7, 0x70, 0xe3, 0xca, 0x9d, 0x4b, 0xb7, 0xae, 0xdd,
    0xbb, 0x78, 0xf3, 0xea, 0xdd, 0xcb, 0xb7, 0xaf, 0xdf, 0xbf, 0x80, 0x03, 0x0b, 0x1e, 0x4c, 0xb8,
    0xb0, 0xe1, 0xc3, 0x88, 0x13, 0x2b, 0x5e, 0xcc, 0xb8, 0xb1, 0xe3, 0xc7, 0x90, 0x23, 0x4b, 0x9e,
    0x4c, 0xb9, 0xb2, 0xe5, 0xcb, 0x98, 0x33, 0x6b, 0xde, 0xcc, 0xb9, 0xb3, 0xe7, 0xcf, 0xa0, 0x43,
    0x8b, 0x1e, 0x4d, 0x1a, 0xae, 0xd4, 0xd2, 0x68, 0x4f, 0xa3, 0x36, 0xab, 0x7a, 0x35, 0xd9, 0xd6,
    0xae, 0x63, 0xcb, 0x9e, 0x4d, 0xbb, 0xb6, 0xed, 0xdb, 0xb8, 0x73, 0xeb, 0xde, 0xcd, 0xbb, 0xb7,
    0x5b, 0xad, 0xbe, 0xa9, 0x7e, 0x0d, 0x2e, 0x14, 0x38, 0xf1, 0xe3, 0xc8, 0x93, 0x2b, 0x5f, 0xce,
    0xbc, 0xb9, 0xf3, 0xe7, 0xd0, 0xa3, 0x4b, 0x9f, 0x4e, 0xbd, 0xba, 0xf5, 0xeb, 0xd8, 0xb3, 0x6b,
    0xdf, 0xce, 0xbd, 0xbb, 0xf7, 0xef, 0xe0, 0xc3, 0x8b, 0x0d, 0x07, 0x6c, 0x7c, 0x3c, 0xc4, 0xf2,
    0xe6, 0x1d, 0xa2, 0x4f, 0xcf, 0x30, 0x20, 0x00, 0x21, 0xf9, 0x04, 0x01, 0x03, 0x00, 0x02, 0x00,
    0x2c, 0x9d, 0x00, 0xbe, 0x00, 0x93, 0x00, 0x40, 0x00, 0x81, 0x00, 0x00, 0x00, 0xff, 0xff, 0xff,
    0x00, 0x00, 0x00, 0x00, 0x00, 0x00, 0x08, 0xc2, 0x00, 0x05, 0x08, 0x1c, 0x48, 0xb0, 0xa0, 0xc1,
    0x83, 0x08, 0x13, 0x2a, 0x5c, 0xc8, 0xb0, 0xa1, 0xc3, 0x87, 0x10, 0x11, 0x02, 0x98, 0x18, 0xb1,
    0xa2, 0xc5, 0x8b, 0x18, 0x33, 0x6a, 0x24, 0x38, 0x11, 0xc0, 0xc6, 0x8f, 0x20, 0x43, 0x8a, 0x74,
    0xd8, 0x71, 0xa4, 0xc9, 0x93, 0x28, 0x53, 0xaa, 0x5c, 0xc9, 0xb2, 0xa5, 0xcb, 0x97, 0x30, 0x63,
    0xca, 0x9c, 0x19, 0xa0, 0xe6, 0xcc, 0x9b, 0x38, 0x19, 0xd6, 0x0c, 0x90, 0xb3, 0xa7, 0xcf, 0x81,
    0x3b, 0x7f, 0x0a, 0x1d, 0x4a, 0xb4, 0xa8, 0xd1, 0xa3, 0x48, 0x93, 0x2a, 0x5d, 0xca, 0xb4, 0xa9,
    0xd3, 0xa7, 0x50, 0xa3, 0x4a, 0x9d, 0x4a, 0xb5, 0xaa, 0xd5, 0xab, 0x58, 0xb3, 0x6a, 0xdd, 0xca,
    0xb5, 0xab, 0xd7, 0xaf, 0x60, 0xc3, 0x8a, 0x1d, 0x4b, 0xb6, 0xac, 0xd9, 0xb3, 0x68, 0xd3, 0xaa,
    0x5d, 0xcb, 0xb6, 0xad, 0xdb, 0xb7, 0x70, 0xe3, 0xca, 0x9d, 0x4b, 0xb7, 0xae, 0xdd, 0xbb, 0x78,
    0xf3, 0xea, 0xdd, 0xcb, 0xb7, 0xaf, 0xdf, 0xbf, 0x80, 0x03, 0x0b, 0x1e, 0x4c, 0xb8, 0xb0, 0xe1,
    0xc3, 0x88, 0x13, 0x3b, 0x0c, 0xaa, 0x18, 0x23, 0xe3, 0xc6, 0x16, 0x1f, 0x43, 0x8e, 0x28, 0x79,
    0xf2, 0xc3, 0xca, 0x96, 0x1b, 0x62, 0xce, 0xcc, 0xb9, 0xb3, 0xe7, 0xa8, 0x9b, 0x3f, 0x1b, 0x0c,
    0x2d, 0x9a, 0x20, 0xe9, 0xd2, 0x02, 0x4f, 0xa3, 0x0e, 0x08, 0x00, 0x21, 0xf9, 0x04, 0x01, 0x03,
    0x00, 0x02, 0x00, 0x2c, 0x5d, 0x00, 0xbe, 0x00, 0xd3, 0x00, 0x5d, 0x00, 0x81, 0x00, 0x00, 0x00,
    0xff, 0xff, 0xff, 0x00, 0x00, 0x00, 0x00, 0x00, 0x00, 0x08, 0xff, 0x00, 0x05, 0x08, 0x1c, 0x48,
    0xb0, 0xa0, 0xc1, 0x83, 0x08, 0x13, 0x2a, 0x5c, 0xc8, 0xb0, 0xa1, 0xc3, 0x87, 0x10, 0x23, 0x4a,
    0x9c, 0x28, 0x31, 0x80, 0x45, 0x8a, 0x18, 0x33, 0x6a, 0xdc, 0xc8, 0xb1, 0xa3, 0x47, 0x8a, 0x16,
    0x03, 0x7c, 0x1c, 0x49, 0xb2, 0xa4, 0xc9, 0x93, 0x1c, 0x43, 0xa2, 0x5c, 0xc9, 0xb2, 0xa5, 0xcb,
    0x97, 0x30, 0x63, 0xca, 0x9c, 0x49, 0xb3, 0xa6, 0xcd, 0x9b, 0x38, 0x73, 0xea, 0xdc, 0xc9, 0xb3,
    0xa7, 0xcf, 0x9f, 0x40, 0x83, 0x0a, 0x1d, 0x4a, 0xb4, 0xa8, 0xd1, 0xa3, 0x48, 0x93, 0x2a, 0x5d,
    0xca, 0xb4, 0xa9, 0xd3, 0xa7, 0x50, 0xa3, 0x4a, 0x9d, 0x4a, 0xb5, 0xaa, 0xd5, 0xab, 0x58, 0xb3,
    0x6a, 0xdd, 0xca, 0xb5, 0xab, 0xd7, 0xaf, 0x60, 0xc3, 0x8a, 0x1d, 0x4b, 0xb6, 0xac, 0xd9, 0xb3,
    0x68, 0xd3, 0xaa, 0x5d, 0xcb, 0xb6, 0xad, 0xdb, 0xb7, 0x70, 0xe3, 0xca, 0x9d, 0x4b, 0xb7, 0xae,
    0xdd, 0xbb, 0x78, 0xf3, 0xea, 0xdd, 0xcb, 0xb7, 0xaf, 0xdf, 0xbf, 0x80, 0x03, 0x0b, 0x1e, 0x4c,
    0xb8, 0xb0, 0xe1, 0xc3, 0x88, 0x13, 0x2b, 0x5e, 0xcc, 0xb8, 0xb1, 0xe3, 0xc7, 0x90, 0x23, 0x4b,
    0x9e, 0x4c, 0xb9, 0xb2, 0xe5, 0xcb, 0x98, 0x33, 0x6b, 0xce, 0x08, 0xa0, 0xf3, 0xe6, 0xa2, 0x9d,
    0x01, 0x7c, 0x26, 0x1a, 0x7a, 0xf4, 0xd0, 0xd2, 0xa6, 0x83, 0xa2, 0x4e, 0xfd, 0x73, 0x35, 0xeb,
    0xd7, 0xb0, 0x63, 0xcb, 0x9e, 0x4d, 0xbb, 0xb6, 0xed, 0xdb, 0xb8, 0x73, 0xeb, 0xde, 0xcd, 0xbb,
    0xb7, 0x6f, 0xdd, 0xae, 0x7f, 0xaf, 0x0c, 0x2e, 0xfc, 0x24, 0xf1, 0xe2, 0xc8, 0x93, 0x2b, 0x5f,
    0xce, 0xfc, 0xac, 0xca, 0x96, 0xcf, 0x77, 0x47, 0x5f, 0x39, 0x3d, 0x77, 0xf5, 0x93, 0xd7, 0x9b,
    0x6b, 0xdf, 0xce, 0x1d, 0x6d, 0xf6, 0xee, 0x20, 0x2f, 0x82, 0x16, 0x4f, 0x29, 0x7e, 0xbc, 0xf9,
    0xf3, 0xe8, 0xd3, 0x43, 0xfc, 0xae, 0x9e, 0x21, 0xfb, 0xf6, 0x0a, 0xdf, 0xc3, 0x47, 0x18, 0x32,
    0x20, 0x00, 0x21, 0xf9, 0x04, 0x01, 0x03, 0x00, 0x02, 0x00, 0x2c, 0x5a, 0x00, 0xe4, 0x00, 0xd6,
    0x00, 0x43, 0x00, 0x81, 0x00, 0x00, 0x00, 0xff, 0xff, 0xff, 0x00, 0x00, 0x00, 0x00, 0x00, 0x00,
    0x08, 0xff, 0x00, 0x03, 0x08, 0x14, 0x40, 0xb0, 0xa0, 0xc1, 0x83, 0x08, 0x13, 0x2a, 0x5c, 0xc8,
    0x70, 0xa1, 0xc0, 0x00, 0x0d, 0x23, 0x4a, 0x9c, 0x48, 0xb1, 0xa2, 0xc5, 0x8b, 0x18, 0x1d, 0x0e,
    0xcc, 0xc8, 0xb1, 0xe3, 0xc3, 0x8e, 0x20, 0x43, 0x8a, 0x1c, 0x19, 0xf2, 0x23, 0xc9, 0x93, 0x0a,
    0x4d, 0xa2, 0x5c, 0xc9, 0xb2, 0x65, 0x46, 0x95, 0x2e, 0x63, 0xca, 0x9c, 0x49, 0xd3, 0x25, 0xcc,
    0x9a, 0x38, 0x73, 0xea, 0xdc, 0x99, 0xf0, 0x26, 0xcf, 0x9f, 0x40, 0x83, 0x9e, 0xf4, 0x29, 0xb4,
    0x21, 0xd1, 0xa2, 0x48, 0x73, 0x1e, 0x4d, 0x8a, 0x70, 0x29, 0xd3, 0xa7, 0x2d, 0x9d, 0x42, 0x15,
    0x20, 0x75, 0xaa, 0xd5, 0x92, 0x1b, 0xaf, 0x36, 0xcd, 0xaa, 0xb5, 0xab, 0xd7, 0x98, 0x55, 0xbf,
    0x8a, 0x1d, 0x5b, 0x31, 0x2c, 0xd9, 0xb3, 0x68, 0xb7, 0x42, 0x4c, 0xcb, 0xb6, 0xad, 0xc6, 0xb5,
    0x6e, 0xe3, 0xc6, 0x35, 0x2b, 0xb7, 0xee, 0x54, 0xba, 0x76, 0xf3, 0x22, 0xc5, 0xab, 0xb7, 0xef,
    0x4f, 0xbe, 0x7e, 0x03, 0xe3, 0x04, 0x2c, 0xb8, 0xb0, 0xe1, 0xc3, 0x88, 0x13, 0x2b, 0x5e, 0xcc,
    0xb8, 0xb1, 0xe3, 0xc7, 0x90, 0x23, 0x4b, 0x9e, 0x4c, 0xb9, 0xb2, 0xe5, 0xcb, 0x98, 0x33, 0x6b,
    0xde, 0xcc, 0xb9, 0xb3, 0xe7, 0xcf, 0xa0, 0x43, 0x8b, 0x1e, 0x4d, 0xba, 0xb4, 0xe9, 0xd3, 0xa8,
    0x53, 0xab, 0x5e, 0xcd, 0xba, 0xb5, 0xeb, 0xd7, 0xb0, 0x63, 0xcb, 0x9e, 0x4d, 0xbb, 0xb6, 0xed,
    0xdb, 0xb8, 0x73, 0x13, 0x04, 0xc0, 0xdb, 0x32, 0x6f, 0x00, 0x53, 0x7f, 0x07, 0xef, 0x5d, 0x59,
    0x38, 0x54, 0xe3, 0x4f, 0x91, 0x4f, 0x56, 0x9e, 0x94, 0xb9, 0xee, 0xe7, 0xd0, 0xa3, 0x4b, 0x9f,
    0x5e, 0xd8, 0x39, 0xf5, 0xb4, 0xd6, 0xaf, 0x9f, 0xcd, 0xae, 0x7d, 0x2c, 0xf7, 0xee, 0xe0, 0xc3,
    0x8b, 0x17, 0x1f, 0x4f, 0xbe, 0xbc, 0xf9, 0xf3, 0xe8, 0xd3, 0xab, 0x5f, 0x7f, 0xfa, 0x37, 0x70,
    0xf6, 0xc3, 0x89, 0xc3, 0x4f, 0xfe, 0x5d, 0x70, 0x40, 0x00, 0x21, 0xf9, 0x04, 0x01, 0x03, 0x00,
    0x02, 0x00, 0x2c, 0x5a, 0x00, 0xbe, 0x00, 0xdd, 0x00, 0x59, 0x00, 0x81, 0x00, 0x00, 0x00, 0xff,
    0xff, 0xff, 0x00, 0x00, 0x00, 0x00, 0x00, 0x00, 0x08, 0xff, 0x00, 0x05, 0x08, 0x1c, 0x48, 0xb0,
    0xa0, 0x41, 0x82, 0x01, 0x12, 0x06, 0x38, 0xc8, 0xb0, 0xa1, 0xc3, 0x87, 0x10, 0x23, 0x4a, 0x9c,
    0x48, 0xb1, 0xa2, 0xc5, 0x8b, 0x18, 0x33, 0x1e, 0x54, 0xb8, 0x50, 0xa3, 0xc7, 0x8f, 0x20, 0x43,
    0x8a, 0x1c, 0x49, 0x12, 0x22, 0xc7, 0x92, 0x28, 0x53, 0xaa, 0x5c, 0xc9, 0xb2, 0xa5, 0xc5, 0x93,
    0x2e, 0x63, 0xca, 0x9c, 0x29, 0x00, 0x26, 0x4d, 0x89, 0x36, 0x6f, 0xea, 0xdc, 0xf9, 0x31, 0x27,
    0x4f, 0x86, 0x3e, 0x7f, 0x0a, 0x1d, 0xea, 0x30, 0x28, 0xd1, 0xa3, 0x48, 0x93, 0x2a, 0x5d, 0xca,
    0xb4, 0xa9, 0xd3, 0xa7, 0x50, 0xa3, 0x4a, 0x9d, 0x4a, 0xb5, 0xaa, 0xd5, 0xab, 0x58, 0xb3, 0x6a,
    0xdd, 0xca, 0xb5, 0xab, 0xd7, 0xaf, 0x60, 0xc3, 0x8a, 0x1d, 0x4b, 0xb6, 0xac, 0xd9, 0xb3, 0x68,
    0xd3, 0xaa, 0x5d, 0xcb, 0xb6, 0xad, 0xdb, 0xb7, 0x70, 0xe3, 0xca, 0x9d, 0x4b, 0xb7, 0xae, 0xdd,
    0xbb, 0x78, 0xf3, 0xea, 0xdd, 0xcb, 0xb7, 0xaf, 0xdf, 0xbf, 0x80, 0x03, 0x0b, 0x1e, 0x4c, 0xb8,
    0xb0, 0xe1, 0xc3, 0x88, 0x13, 0x2b, 0x5e, 0xcc, 0xb8, 0xb1, 0xe3, 0xc7, 0x90, 0x23, 0x4b, 0x9e,
    0x4c, 0xf9, 0x30, 0x80, 0xcb, 0x95, 0xdf, 0x5e, 0x06, 0x90, 0xd9, 0xed, 0xe6, 0xce, 0x6d, 0x3f,
    0x83, 0x5e, 0x2b, 0x7a, 0x74, 0xda, 0xd2, 0xa6, 0xcf, 0xa2, 0x4e, 0x5d, 0x76, 0x35, 0xeb, 0xb1,
    0xae, 0x5f, 0x87, 0x8d, 0x2d, 0xbb, 0xb6, 0xed, 0xdb, 0xb8, 0x73, 0xeb, 0xde, 0xcd, 0xbb, 0xb7,
    0xef, 0xdf, 0xc0, 0x83, 0x0b, 0x1f, 0x4e, 0xbc, 0xb8, 0xf1, 0xe3, 0xc8, 0x93, 0x2b, 0x5f, 0xce,
    0xbc, 0xb9, 0xf3, 0xe7, 0xd0, 0xa3, 0x4b, 0x9f, 0x4e, 0xbd, 0x7a, 0x45, 0xda, 0xd6, 0x65, 0x62,
    0xcf, 0xee, 0x72, 0x7b, 0x61, 0x85, 0x72, 0xbd, 0x13, 0x2d, 0x06, 0x1f, 0x57, 0xfc, 0x60, 0xf2,
    0x70, 0xcd, 0x0b, 0x46, 0xaf, 0x19, 0x33, 0xf7, 0xf7, 0xf0, 0xe3, 0x3b, 0x67, 0x2f, 0xdf, 0x25,
    0xfd, 0xfa, 0x2c, 0xef, 0xe3, 0xdf, 0xcf, 0xbf, 0x7f, 0xfd, 0xcd, 0x9c, 0xf9, 0xa7, 0x12, 0x80,
    0x02, 0x0e, 0xa8, 0xde, 0x4a, 0x01, 0x01, 0x00, 0x21, 0xf9, 0x04, 0x01, 0x03, 0x00, 0x02, 0x00,
    0x2c, 0x60, 0x00, 0xbe, 0x00, 0xd7, 0x00, 0x59, 0x00, 0x81, 0x00, 0x00, 0x00, 0xff, 0xff, 0xff,
    0x00, 0x00, 0x00, 0x00, 0x00, 0x00, 0x08, 0xff, 0x00, 0x05, 0x08, 0x1c, 0x48, 0xb0, 0x20, 0x41,
    0x00, 0x08, 0x01, 0x18, 0x5c, 0xc8, 0xb0, 0xa1, 0xc3, 0x87, 0x10, 0x23, 0x4a, 0x9c, 0x48, 0xb1,
    0xa2, 0xc5, 0x8b, 0x18, 0x29, 0x26, 0x54, 0x98, 0xb1, 0xa3, 0xc7, 0x8f, 0x20, 0x43, 0x8a, 0x1c,
    0x29, 0x71, 0x23, 0xc9, 0x93, 0x28, 0x53, 0xaa, 0x5c, 0xc9, 0xf2, 0xa2, 0xc9, 0x96, 0x30, 0x63,
    0xca, 0x2c, 0xf8, 0x72, 0x66, 0xc3, 0x9a, 0x36, 0x73, 0xea, 0x14, 0x89, 0x73, 0xe7, 0xc0, 0x9e,
    0x3e, 0x83, 0x0a, 0x8d, 0x08, 0x74, 0xa8, 0xd1, 0xa3, 0x48, 0x93, 0x2a, 0x5d, 0xca, 0xb4, 0xa9,
    0xd3, 0xa7, 0x50, 0xa3, 0x4a, 0x9d, 0x4a, 0xb5, 0xaa, 0xd5, 0xab, 0x58, 0xb3, 0x6a, 0xdd, 0xca,
    0xb5, 0xab, 0xd7, 0xaf, 0x60, 0xc3, 0x8a, 0x1d, 0x4b, 0xb6, 0xac, 0xd9, 0xb3, 0x68, 0xd3, 0xaa,
    0x5d, 0xcb, 0xb6, 0xad, 0xdb, 0xb7, 0x70, 0xe3, 0xca, 0x9d, 0x4b, 0xb7, 0xae, 0xdd, 0xbb, 0x78,
    0xf3, 0xea, 0xdd, 0xcb, 0xb7, 0xaf, 0xdf, 0xbf, 0x80, 0x03, 0x0b, 0x1e, 0x4c, 0xb8, 0xb0, 0xe1,
    0xc3, 0x88, 0x13, 0x2b, 0x5e, 0xcc, 0xb8, 0xb1, 0xe3, 0xc7, 0x90, 0x23, 0x4b, 0x9e, 0x4c, 0xb9,
    0xb2, 0xe5, 0xcb, 0x98, 0x33, 0x6b, 0xde, 0xcc, 0xb9, 0xb3, 0xe7, 0xcf, 0xa0, 0x43, 0x8b, 0x1e,
    0x4d, 0xba, 0xb4, 0xe9, 0xd3, 0xa8, 0x53, 0xab, 0x5e, 0xcd, 0xba, 0xb5, 0xeb, 0xd7, 0xb0, 0x63,
    0xcb, 0x9e, 0x4d, 0xbb, 0xb6, 0xed, 0xdb, 0xb8, 0x73, 0xeb, 0xde, 0xcd, 0xbb, 0xb7, 0xef, 0xdf,
    0xc0, 0x83, 0xdb, 0x0e, 0x40, 0x5c, 0xb8, 0x4c, 0xe2, 0x01, 0x8c, 0xc7, 0x44, 0x9e, 0x38, 0xa1,
    0x72, 0x98, 0xce, 0x9f, 0xb3, 0x8c, 0x2e, 0x5d, 0x25, 0xf5, 0xd4, 0xd7, 0xab, 0x9f, 0xcc, 0xae,
    0x7d, 0x24, 0xf7, 0xee, 0xe0, 0xc3, 0x8b, 0x13, 0x1f, 0x4f, 0xbe, 0xbc, 0xf9, 0xf3, 0x03, 0x91,
    0x27, 0x47, 0x9f, 0x51, 0x3d, 0xfb, 0xf6, 0xcc, 0x85, 0x06, 0x04, 0x00, 0x21, 0xf9, 0x04, 0x01,
    0x03, 0x00, 0x02, 0x00, 0x2c, 0x60, 0x00, 0xc1, 0x00, 0xd7, 0x00, 0x5a, 0x00, 0x81, 0x00, 0x00,
    0x00, 0xff, 0xff, 0xff, 0x00, 0x00, 0x00, 0x00, 0x00, 0x00, 0x08, 0xff, 0x00, 0x05, 0x08, 0x1c,
    0x48, 0xb0, 0xa0, 0xc1, 0x83, 0x08, 0x13, 0x2a, 0x5c, 0xc8, 0xb0, 0xa1, 0xc3, 0x87, 0x10, 0x23,
    0x4a, 0x9c, 0x48, 0x51, 0x40, 0x80, 0x8b, 0x01, 0x2a, 0x6a, 0xdc, 0xc8, 0xb1, 0xa3, 0xc7, 0x8f,
    0x20, 0x1f, 0x62, 0xcc, 0x18, 0xb2, 0xa4, 0xc9, 0x93, 0x28, 0x53, 0x56, 0x1c, 0xa9, 0xb2, 0xa5,
    0xcb, 0x97, 0x30, 0x63, 0xca, 0x9c, 0x49, 0xb3, 0xa6, 0xcd, 0x9b, 0x38, 0x73, 0xea, 0xdc, 0xc9,
    0xb3, 0xa7, 0xcf, 0x9f, 0x40, 0x83, 0x0a, 0x1d, 0x4a, 0xb4, 0xa8, 0xd1, 0xa3, 0x48, 0x93, 0x2a,
    0x5d, 0xca, 0xb4, 0xa9, 0xd3, 0xa7, 0x50, 0xa3, 0x4a, 0x9d, 0x4a, 0xb5, 0xaa, 0xd5, 0xab, 0x58,
    0xb3, 0x6a, 0xdd, 0xca, 0xb5, 0xab, 0xd7, 0xaf, 0x60, 0xc3, 0x8a, 0x1d, 0x4b, 0xb6, 0xac, 0xd9,
    0xb3, 0x68, 0xd3, 0xaa, 0x5d, 0xcb, 0xb6, 0xad, 0xdb, 0xb7, 0x70, 0xe3, 0xca, 0x9d, 0x4b, 0xb7,
    0xae, 0xdd, 0xbb, 0x78, 0xf3, 0xea, 0xdd, 0xcb, 0xb7, 0xaf, 0xdf, 0xbf, 0x80, 0x03, 0x0b, 0x1e,
    0x4c, 0xb8, 0xb0, 0xe1, 0xc3, 0x88, 0x13, 0x2b, 0x5e, 0xcc, 0xb8, 0xb1, 0xe3, 0xc7, 0x90, 0x23,
    0x4b, 0x9e, 0x4c, 0xb9, 0xb2, 0xe5, 0xcb, 0x98, 0x33, 0x6b, 0xde, 0xcc, 0xb9, 0xb3, 0xe7, 0xcf,
    0xa0, 0x43, 0x8b, 0x1e, 0x4d, 0xba, 0xb4, 0xe9, 0xd3, 0xa8, 0x53, 0xab, 0x5e, 0xcd, 0xba, 0xb5,
    0xeb, 0xd7, 0xb0, 0x63, 0xcb, 0xe6, 0x0c, 0xa0, 0xf6, 0xec, 0x99, 0xb5, 0x01, 0xdc, 0x96, 0x99,
    0xbb, 0x2f, 0xc6, 0xdd, 0x31, 0x7f, 0x03, 0x7f, 0x29, 0x7c, 0x78, 0xcb, 0xe2, 0x9d, 0x91, 0x57,
    0x65, 0x29, 0x50, 0xb9, 0x4b, 0xe7, 0x50, 0xa1, 0x4b, 0x65, 0x6e, 0xf1, 0xe2, 0x4c, 0xe9, 0x4e,
    0xb1, 0x47, 0x2f, 0xae, 0xfd, 0x64, 0x77, 0xe3, 0xe0, 0xc3, 0x8b, 0x23, 0xaf, 0x3b, 0xd2, 0xfa,
    0xce, 0xef, 0x98, 0xcb, 0x93, 0xd4, 0x89, 0xfe, 0xb2, 0x7a, 0x9e, 0xed, 0xc7, 0xcb, 0x9f, 0x4f,
    0xff, 0x75, 0xfc, 0xfa, 0x0e, 0xef, 0xe3, 0x67, 0xa8, 0x7f, 0xbf, 0x42, 0xe8, 0x01, 0x01, 0x00,
    0x21, 0xf9, 0x04, 0x01, 0x03, 0x00, 0x02, 0x00, 0x2c, 0x5a, 0x00, 0xe1, 0x00, 0xea, 0x00, 0x3a,
    0x00, 0x81, 0x00, 0x00, 0x00, 0xff, 0xff, 0xff, 0x00, 0x00, 0x00, 0x00, 0x00, 0x00, 0x08, 0xff,
    0x00, 0x03, 0x08, 0x14, 0x40, 0xb0, 0xa0, 0xc1, 0x83, 0x08, 0x13, 0x2a, 0x5c, 0xc8, 0xb0, 0xa1,
    0xc3, 0x87, 0x10, 0x23, 0x4a, 0x9c, 0x48, 0xb1, 0xa2, 0xc5, 0x8b, 0x02, 0x03, 0x5c, 0xdc, 0xc8,
    0xb1, 0xa3, 0xc7, 0x8f, 0x20, 0x43, 0x8a, 0x44, 0x98, 0x71, 0xa4, 0xc9, 0x93, 0x28, 0x53, 0xaa,
    0x5c, 0x59, 0x72, 0xa5, 0xcb, 0x97, 0x30, 0x63, 0xc6, 0x6c, 0x29, 0xb3, 0xa6, 0xcd, 0x9b, 0x38,
    0x21, 0xd2, 0xcc, 0xc9, 0xb3, 0xa7, 0xcf, 0x97, 0x3b, 0x7f, 0x0a, 0x1d, 0x4a, 0x14, 0xe3, 0xc0,
    0xa2, 0x48, 0x93, 0x2a, 0x55, 0x18, 0x74, 0xa9, 0xd3, 0xa7, 0x50, 0xa3, 0x4a, 0x9d, 0x4a, 0xb5,
    0xaa, 0xd5, 0xab, 0x58, 0xb3, 0x6a, 0xdd, 0xca, 0xb5, 0xab, 0xd7, 0xaf, 0x60, 0x6b, 0x66, 0xd4,
    0x18, 0xb6, 0xec, 0xd6, 0xb1, 0x66, 0xd3, 0x62, 0x45, 0xab, 0xb6, 0xad, 0xdb, 0xb7, 0x70, 0xe3,
    0xca, 0x9d, 0x4b, 0xb7, 0xae, 0xdd, 0xbb, 0x78, 0xf3, 0xea, 0xdd, 0xcb, 0xb7, 0xaf, 0xdf, 0xbf,
    0x80, 0x03, 0x0b, 0x1e, 0x4c, 0xb8, 0xb0, 0xe1, 0xc3, 0x88, 0x13, 0x2b, 0x5e, 0xcc, 0xb8, 0xb1,
    0xe3, 0xc7, 0x90, 0x23, 0x4b, 0x9e, 0x4c, 0xb9, 0xb2, 0xe5, 0xcb, 0x45, 0x9b, 0x62, 0xee, 0xab,
    0x79, 0xf3, 0xde, 0xce, 0x9e, 0x43, 0x8b, 0x1e, 0x4d, 0xba, 0xb4, 0xe9, 0xd3, 0x28, 0x01, 0xa8,
    0x06, 0x50, 0x70, 0x75, 0x4d, 0xd7, 0xa8, 0x5f, 0xc3, 0x16, 0x30, 0x1b, 0x66, 0xed, 0xd8, 0x2f,
    0x57, 0xb3, 0x26, 0x78, 0xdb, 0x65, 0x6f, 0xdc, 0xc0, 0x83, 0x0b, 0x1f, 0x4e, 0x7c, 0xa8, 0x6e,
    0xd5, 0x42, 0x7f, 0x17, 0xe7, 0x78, 0x7c, 0xb7, 0x4f, 0xe5, 0xcb, 0x2f, 0x36, 0x4f, 0x8e, 0x3c,
    0xba, 0xf5, 0xeb, 0xd8, 0xb3, 0x6b, 0x87, 0x0b, 0x7d, 0x7b, 0xd6, 0xee, 0xde, 0xaf, 0x82, 0x06,
    0x0f, 0x5f, 0x75, 0xbc, 0xc2, 0x80, 0x00, 0x21, 0xf9, 0x04, 0x01, 0x03, 0x00, 0x02, 0x00, 0x2c,
    0x5a, 0x00, 0xbe, 0x00, 0xea, 0x00, 0x60, 0x00, 0x81, 0x00, 0x00, 0x00, 0xff, 0xff, 0xff, 0x00,
    0x00, 0x00, 0x00, 0x00, 0x00, 0x08, 0xff, 0x00, 0x05, 0x08, 0x1c, 0x48, 0xb0, 0xa0, 0x41, 0x82,
    0x01, 0x12, 0x06, 0x38, 0xc8, 0xb0, 0xa1, 0xc3, 0x87, 0x10, 0x23, 0x4a, 0x9c, 0x48, 0xb1, 0xa2,
    0xc5, 0x8b, 0x18, 0x33, 0x62, 0x54, 0xb8, 0x50, 0xa3, 0xc7, 0x8f, 0x20, 0x43, 0x8a, 0x1c, 0x49,
    0x12, 0x24, 0xc7, 0x92, 0x28, 0x53, 0xaa, 0x5c, 0xc9, 0xb2, 0xa5, 0xcb, 0x97, 0x30, 0x63, 0xca,
    0x9c, 0x49, 0xb3, 0xa6, 0xcd, 0x9b, 0x38, 0x73, 0xea, 0xdc, 0xc9, 0xb3, 0xa7, 0xcf, 0x9f, 0x40,
    0x83, 0x0a, 0x1d, 0x4a, 0xb4, 0xa8, 0xd1, 0xa3, 0x48, 0x93, 0x2a, 0x5d, 0xca, 0xb4, 0xa9, 0xd3,
    0xa7, 0x50, 0xa3, 0x4a, 0x9d, 0x4a, 0xb5, 0xaa, 0xd5, 0xab, 0x58, 0xb3, 0x6a, 0xdd, 0xca, 0xb5,
    0xab, 0xd7, 0xaf, 0x60, 0xc3, 0x8a, 0x1d, 0x4b, 0xb6, 0xac, 0xd9, 0xb3, 0x68, 0xd3, 0xaa, 0x5d,
    0xcb, 0xb6, 0xad, 0xdb, 0xb7, 0x70, 0xe3, 0xca, 0x9d, 0x4b, 0xb7, 0xae, 0xdd, 0xbb, 0x78, 0xf3,
    0xea, 0xdd, 0xcb, 0xb7, 0xaf, 0xdf, 0xbf, 0x80, 0x03, 0x0b, 0x1e, 0x4c, 0xb8, 0xb0, 0xe1, 0xc3,
    0x88, 0x01, 0x28, 0x46, 0x1c, 0x57, 0x31, 0x00, 0xc6, 0x70, 0x1d, 0x43, 0x7e, 0x2b, 0x79, 0x72,
    0xdb, 0xca, 0x96, 0xd7, 0x62, 0xce, 0x9c, 0x76, 0x33, 0xe7, 0xb3, 0x9e, 0x3f, 0x97, 0x0d, 0x2d,
    0xba, 0xb4, 0xe9, 0xd3, 0xa8, 0x53, 0xab, 0x5e, 0xcd, 0x3a, 0xb5, 0xe3, 0xc7, 0xad, 0xbd, 0xbe,
    0x8e, 0x2d, 0x9b, 0x34, 0xed, 0xdb, 0xb8, 0x73, 0xeb, 0xde, 0xcd, 0xbb, 0xb7, 0xef, 0xdf, 0xc0,
    0x83, 0x0b, 0x1f, 0x4e, 0xbc, 0xb8, 0xf1, 0xe3, 0xc8, 0x93, 0x2b, 0x5f, 0xce, 0xbc, 0xb9, 0xf3,
    0xe7, 0xd0, 0xa3, 0x97, 0xb6, 0x2d, 0x5d, 0x27, 0xf5, 0xea, 0x38, 0xaf, 0x1b, 0xd6, 0x8e, 0xbd,
    0x26, 0xf7, 0xee, 0x33, 0xbf, 0x83, 0x25, 0x8f, 0x29, 0x7e, 0xbc, 0xf9, 0xf3, 0xe8, 0xd3, 0xab,
    0x5f, 0xcf, 0xbe, 0xbd, 0xfb, 0xf7, 0xf0, 0xe3, 0xcb, 0x9f, 0x4f, 0xbf, 0xbe, 0xfd, 0xfb, 0xf8,
    0xab, 0x97, 0xcf, 0x5f, 0x71, 0x3f, 0xff, 0x89, 0xfe, 0x1d, 0x17, 0x10, 0x00, 0x21, 0xf9, 0x04,
    0x01, 0x03, 0x00, 0x02, 0x00, 0x2c, 0x8d, 0x00, 0xe4, 0x00, 0x7a, 0x00, 0x3a, 0x00, 0x81, 0x00,
    0x00, 0x00, 0xff, 0xff, 0xff, 0x00, 0x00, 0x00, 0x00, 0x00, 0x00, 0x08, 0xa1, 0x00, 0x05, 0x08,
    0x1c, 0x48, 0xb0, 0xa0, 0x00, 0x00, 0x08, 0x0d, 0x2a, 0x5c, 0xc8, 0xb0, 0xa1, 0xc3, 0x87, 0x10,
    0x23, 0x4a, 0x8c, 0x88, 0x10, 0xc0, 0xc4, 0x8b, 0x18, 0x33, 0x6a, 0xdc, 0xb8, 0xb0, 0x22, 0xc7,
    0x8f, 0x20, 0x43, 0x8a, 0x1c, 0x49, 0xb2, 0xa4, 0xc9, 0x93, 0x28, 0x53, 0xaa, 0x5c, 0xc9, 0xb2,
    0xa5, 0xcb, 0x97, 0x30, 0x63, 0xca, 0x9c, 0x49, 0xb3, 0xa6, 0xcd, 0x9b, 0x38, 0x73, 0xea, 0xdc,
    0xc9, 0xb3, 0xa7, 0xcf, 0x9f, 0x40, 0x83, 0x0a, 0x1d, 0x4a, 0xb4, 0xa8, 0xd1, 0xa3, 0x48, 0x93,
    0x2a, 0x5d, 0xca, 0xb4, 0xa9, 0xd3, 0xa7, 0x50, 0xa3, 0x4a, 0x9d, 0x4a, 0xb5, 0xaa, 0xd5, 0xab,
    0x58, 0xb3, 0x6a, 0xdd, 0xca, 0xb5, 0xab, 0xd7, 0xaf, 0x60, 0xc3, 0x8a, 0x1d, 0x4b, 0xb6, 0xac,
    0xd9, 0xb3, 0x68, 0xd3, 0xaa, 0x5d, 0xcb, 0xb6, 0xad, 0xdb, 0xb7, 0x70, 0xe3, 0xca, 0x9d, 0x4b,
    0x17, 0x68, 0x45, 0x8b, 0x75, 0x3b, 0x7a, 0xcc, 0xab, 0xf0, 0x2e, 0xdf, 0xbf, 0x80, 0x03, 0xbb,
    0x0c, 0x40, 0x58, 0x30, 0x41, 0xc2, 0x01, 0x0c, 0x0f, 0x44, 0xac, 0x58, 0x60, 0x40, 0x00, 0x21,
    0xf9, 0x04, 0x01, 0x03, 0x00, 0x02, 0x00, 0x2c, 0x73, 0x00, 0xbe, 0x00, 0x94, 0x00, 0x60, 0x00,
    0x81, 0x00, 0x00, 0x00, 0xff, 0xff, 0xff, 0x00, 0x00, 0x00, 0x00, 0x00, 0x00, 0x08, 0xe1, 0x00,
    0x01, 0x08, 0x04, 0x20, 0xa0, 0xa0, 0xc1, 0x83, 0x08, 0x13, 0x2a, 0x5c, 0xc8, 0xb0, 0xa1, 0xc3,
    0x87, 0x10, 0x23, 0x4a, 0x9c, 0xb8, 0x70, 0x20, 0x41, 0x8a, 0x18, 0x33, 0x6a, 0xdc, 0xc8, 0xb1,
    0xa3, 0x41, 0x8b, 0x1e, 0x43, 0x8a, 0x1c, 0x49, 0xb2, 0xa4, 0xc9, 0x93, 0x28, 0x53, 0xaa, 0x5c,
    0xc9, 0xb2, 0xa5, 0xcb, 0x97, 0x30, 0x63, 0xca, 0x9c, 0x49, 0xb3, 0xa6, 0xcd, 0x9b, 0x38, 0x73,
    0xea, 0xdc, 0xc9, 0xb3, 0xa7, 0xcf, 0x9f, 0x40, 0x83, 0x0a, 0x1d, 0x4a, 0xb4, 0xa8, 0xd1, 0xa3,
    0x48, 0x93, 0x2a, 0x5d, 0xca, 0xb4, 0xa9, 0xd3, 0xa7, 0x50, 0xa3, 0x4a, 0x9d, 0x4a, 0xb5, 0xaa,
    0xd5, 0xab, 0x58, 0xb3, 0x6a, 0xdd, 0xca, 0xb5, 0xab, 0xd7, 0xaf, 0x60, 0xc3, 0x8a, 0x1d, 0x4b,
    0xb6, 0xac, 0xd9, 0xb3, 0x68, 0xd3, 0xaa, 0x5d, 0xcb, 0xb6, 0xad, 0xdb, 0xb7, 0x70, 0xe3, 0x56,
    0x0d, 0x40, 0x57, 0xee, 0x4b, 0xba, 0x01, 0xec, 0xba, 0xc4, 0xab, 0xb7, 0xaf, 0xdf, 0xbf, 0x80,
    0x03, 0x0b, 0x1e, 0x4c, 0xb8, 0xb0, 0xe1, 0xc3, 0x88, 0x13, 0x2b, 0x5e, 0xcc, 0xb8, 0xb1, 0xe3,
    0xc7, 0x90, 0x23, 0x4b, 0x9e, 0x4c, 0xb9, 0xb2, 0xe5, 0xcb, 0x98, 0x33, 0x6b, 0xde, 0xcc, 0xb9,
    0xb3, 0xe7, 0xcf, 0xa0, 0x43, 0x8b, 0x1e, 0x4d, 0xba, 0xb4, 0x69, 0xbe, 0xa0, 0x51, 0x7f, 0x56,
    0x6d, 0xba, 0xb5, 0xeb, 0xb6, 0xac, 0x3b, 0xc7, 0xe6, 0x3c, 0xfb, 0xb5, 0x4d, 0xbc, 0x79, 0x57,
    0xd7, 0xce, 0x8c, 0xdb, 0xb6, 0xef, 0xdf, 0xaf, 0x07, 0x86, 0x16, 0x0e, 0x9a, 0x78, 0xe1, 0x80,
    0x00, 0x21, 0xf9, 0x04, 0x01, 0x03, 0x00, 0x02, 0x00, 0x2c, 0x5a, 0x00, 0xbe, 0x00, 0xa6, 0x00,
    0x69, 0x00, 0x81, 0x00, 0x00, 0x00, 0xff, 0xff, 0xff, 0x00, 0x00, 0x00, 0x00, 0x00, 0x00, 0x08,
    0xfe, 0x00, 0x05, 0x08, 0x1c, 0x48, 0xb0, 0xa0, 0x41, 0x82, 0x01, 0x12, 0x06, 0x38, 0xc8, 0xb0,
    0xa1, 0xc3, 0x87, 0x10, 0x23, 0x4a, 0x9c, 0x48, 0xb1, 0xa2, 0x45, 0x88, 0x0a, 0x17, 0x5e, 0xdc,
    0xc8, 0xb1, 0xa3, 0xc7, 0x8f, 0x20, 0x0f, 0x66, 0x0c, 0x49, 0xb2, 0xa4, 0xc9, 0x93, 0x28, 0x53,
    0xaa, 0x5c, 0xc9, 0xb2, 0xa5, 0xcb, 0x97, 0x30, 0x63, 0xca, 0x9c, 0x49, 0xb3, 0xa6, 0xcd, 0x9b,
    0x38, 0x73, 0xea, 0xdc, 0xc9, 0xb3, 0xa7, 0xcf, 0x9f, 0x40, 0x83, 0x0a, 0x1d, 0x4a, 0xb4, 0xa8,
    0xd1, 0xa3, 0x48, 0x93, 0x2a, 0x5d, 0xca, 0xb4, 0xa9, 0xd3, 0xa7, 0x50, 0xa3, 0x4a, 0x9d, 0x4a,
    0xb5, 0xaa, 0xd5, 0xab, 0x58, 0xb3, 0x6a, 0xdd, 0xca, 0xb5, 0xab, 0xd7, 0xaf, 0x60, 0xc3, 0x8a,
    0x1d, 0x4b, 0xb6, 0xac, 0xd9, 0xb3, 0x68, 0xd3, 0xaa, 0x5d, 0xcb, 0xb6, 0xad, 0xdb, 0xb7, 0x70,
    0xe3, 0xca, 0x9d, 0x4b, 0xb7, 0xae, 0xdd, 0xbb, 0x78, 0x83, 0x2a, 0xcc, 0xcb, 0x73, 0x2f, 0x5f,
    0x9d, 0x7e, 0xff, 0xe2, 0x0c, 0x2c, 0xd8, 0x26, 0xe1, 0xc2, 0x34, 0x0f, 0x23, 0x5e, 0xcc, 0xb8,
    0xb1, 0xe3, 0xc7, 0x90, 0x23, 0x4b, 0x9e, 0x4c, 0xb9, 0xb2, 0xe5, 0xcb, 0x98, 0x33, 0x6b, 0xde,
    0xcc, 0xb9, 0xb3, 0xe7, 0xcf, 0xa0, 0x43, 0x8b, 0x1e, 0x4d, 0xba, 0xb4, 0xe9, 0xd3, 0xa8, 0x53,
    0xab, 0x5e, 0xbd, 0x56, 0x31, 0x6b, 0x83, 0xae, 0x5f, 0x23, 0x4c, 0x28, 0xbb, 0xb6, 0xed, 0xdb,
    0xb8, 0x4f, 0x02, 0xd8, 0x9d, 0xbb, 0xe0, 0x6e, 0x00, 0xbd, 0x09, 0xfe, 0x0e, 0x4e, 0xbc, 0xb8,
    0xf1, 0xe3, 0xc8, 0x93, 0x2b, 0x5f, 0xce, 0xbc, 0xb9, 0xf3, 0xe7, 0xd0, 0xa3, 0x4b, 0x9f, 0x4e,
    0xbd, 0xba, 0xf5, 0xeb, 0xd8, 0x65, 0x0e, 0x2f, 0xbe, 0x9d, 0x78, 0xf7, 0x99, 0x01, 0x01, 0x00,
    0x21, 0xf9, 0x04, 0x01, 0x03, 0x00, 0x02, 0x00, 0x2c, 0x5a, 0x00, 0xbe, 0x00, 0xe0, 0x00, 0x59,
    0x00, 0x81, 0x00, 0x00, 0x00, 0xff, 0xff, 0xff, 0x00, 0x00, 0x00, 0x00, 0x00, 0x00, 0x08, 0xff,
    0x00, 0x05, 0x08, 0x1c, 0x48, 0xb0, 0xa0, 0xc1, 0x83, 0x08, 0x13, 0x1a, 0x0c, 0xc0, 0x50, 0xa1,
    0xc3, 0x87, 0x10, 0x23, 0x4a, 0x9c, 0x48, 0xb1, 0xa2, 0xc5, 0x8b, 0x18, 0x33, 0x42, 0x64, 0x18,
    0x40, 0xa3, 0xc7, 0x8f, 0x20, 0x43, 0x8a, 0x1c, 0x49, 0x32, 0x21, 0xc7, 0x92, 0x28, 0x53, 0xaa,
    0x5c, 0xc9, 0x12, 0x24, 0xc7, 0x8e, 0x2d, 0x63, 0xca, 0x9c, 0x49, 0xd3, 0xe3, 0xcb, 0x9a, 0x38,
    0x73, 0xea, 0xdc, 0x79, 0x73, 0xa7, 0xcf, 0x9f, 0x40, 0x83, 0x0a, 0x1d, 0x3a, 0xf3, 0x24, 0xd1,
    0xa3, 0x48, 0x93, 0x0a, 0x34, 0xaa, 0xb4, 0xa9, 0x53, 0x9d, 0x4c, 0x9f, 0x4a, 0x9d, 0x4a, 0xb5,
    0xaa, 0xd5, 0xab, 0x58, 0xb3, 0x6a, 0xdd, 0xca, 0xb5, 0xab, 0xd7, 0xaf, 0x60, 0xc3, 0x8a, 0x1d,
    0x4b, 0xb6, 0xac, 0x59, 0xb3, 0x51, 0xcf, 0xaa, 0x1d, 0x9a, 0x76, 0xad, 0x5b, 0x9f, 0x6d, 0xdf,
    0xca, 0x9d, 0x4b, 0xb7, 0xae, 0xdd, 0xbb, 0x78, 0xf3, 0xea, 0xdd, 0xcb, 0xb7, 0xaf, 0xdf, 0xbf,
    0x80, 0x03, 0x0b, 0x1e, 0x4c, 0xb8, 0xb0, 0xe1, 0xc3, 0x88, 0x13, 0x2b, 0x5e, 0xcc, 0xb8, 0xb1,
    0xe3, 0xc7, 0x90, 0x23, 0x4b, 0x9e, 0x4c, 0xb9, 0xb2, 0xe5, 0xcb, 0x98, 0x33, 0x37, 0x05, 0xc0,
    0xb9, 0x2a, 0x67, 0x00, 0x9a, 0x43, 0x7e, 0xf6, 0xdc, 0x39, 0xf4, 0xc7, 0xd1, 0x54, 0x51, 0x9b,
    0xd6, 0xa8, 0x7a, 0xf5, 0xdc, 0xd6, 0xae, 0xdf, 0xc2, 0x8e, 0x4d, 0xbb, 0xb6, 0xed, 0xdb, 0xb8,
    0x73, 0xeb, 0xde, 0xcd, 0xbb, 0xb7, 0xef, 0xdf, 0xc0, 0x83, 0x0b, 0x1f, 0x4e, 0xbc, 0xb8, 0xf1,
    0xe3, 0xc8, 0x93, 0x2b, 0x5f, 0xce, 0xbc, 0xb9, 0xf3, 0xe7, 0xd0, 0xa3, 0x4b, 0x9f, 0x4e, 0xbd,
    0xba, 0xf5, 0xeb, 0xd8, 0xb3, 0x6b, 0xdf, 0xce, 0xbd, 0xbb, 0xf7, 0xef, 0xe0, 0xc3, 0x8b, 0x20,
    0x2f, 0x3e, 0x7b, 0xfc, 0xca, 0xf2, 0xe6, 0x53, 0xa2, 0x4f, 0xcf, 0xbe, 0xbd, 0xfb, 0xf7, 0xf0,
    0xe3, 0xcb, 0x9f, 0xbf, 0xf3, 0x33, 0x68, 0xfa, 0x22, 0xed, 0xe3, 0xcf, 0xbf, 0xbe, 0x66, 0x40,
    0x00, 0x21, 0xf9, 0x04, 0x01, 0x03, 0x00, 0x02, 0x00, 0x2c, 0x60, 0x00, 0xbe, 0x00, 0xda, 0x00,
    0x69, 0x00, 0x81, 0x00, 0x00, 0x00, 0xff, 0xff, 0xff, 0x00, 0x00, 0x00, 0x00, 0x00, 0x00, 0x08,
    0xff, 0x00, 0x05, 0x08, 0x1c, 0x48, 0xb0, 0xa0, 0xc1, 0x83, 0x08, 0x13, 0x02, 0x58, 0x98, 0xb0,
    0xa1, 0xc3, 0x87, 0x10, 0x23, 0x4a, 0x9c, 0x48, 0xb1, 0xa2, 0xc5, 0x8b, 0x18, 0x2f, 0x2e, 0x04,
    0x90, 0xb1, 0xa3, 0xc7, 0x8f, 0x20, 0x43, 0x8a, 0x1c, 0xe9, 0x70, 0x23, 0xc9, 0x93, 0x28, 0x53,
    0xaa, 0x5c, 0x09, 0x72, 0x23, 0x47, 0x96, 0x30, 0x63, 0xca, 0x9c, 0xd9, 0xd1, 0x25, 0xcd, 0x9b,
    0x38, 0x73, 0xe6, 0xb4, 0xa9, 0xb3, 0xa7, 0xcf, 0x9f, 0x40, 0x83, 0x0a, 0xa5, 0x69, 0x72, 0xa8,
    0xd1, 0xa3, 0x48, 0x8b, 0x22, 0x5d, 0xca, 0x54, 0xa7, 0xd2, 0xa6, 0x50, 0xa3, 0x4a, 0x9d, 0x4a,
    0xb5, 0xaa, 0xd5, 0xab, 0x58, 0xb3, 0x6a, 0xdd, 0xca, 0xb5, 0xab, 0xd7, 0xaf, 0x60, 0xc3, 0x8a,
    0x1d, 0x4b, 0x56, 0xec, 0xd3, 0xb2, 0x68, 0x83, 0x9e, 0x4d, 0xcb, 0xd6, 0x29, 0xc3, 0xb6, 0x70,
    0xe3, 0xca, 0x9d, 0x4b, 0xb7, 0xae, 0xdd, 0xbb, 0x78, 0xf3, 0xea, 0xdd, 0xcb, 0xb7, 0xaf, 0xdf,
    0xbf, 0x80, 0x03, 0x0b, 0x1e, 0x4c, 0xb8, 0xb0, 0xe1, 0xc3, 0x88, 0x13, 0x2b, 0x5e, 0xcc, 0xb8,
    0xb1, 0xe3, 0xc7, 0x90, 0x23, 0x4b, 0x9e, 0x4c, 0xb9, 0xb2, 0xe5, 0xcb, 0x77, 0x03, 0x68, 0xc6,
    0x5c, 0x57, 0x73, 0x00, 0xce, 0x74, 0x3d, 0x83, 0x1e, 0x4d, 0xba, 0xb4, 0xe9, 0xd3, 0xa8, 0x53,
    0xab, 0x5e, 0xcd, 0xba, 0xb5, 0xeb, 0xd7, 0xb0, 0x63, 0xcb, 0x9e, 0x4d, 0xbb, 0xb6, 0xed, 0xdb,
    0xb8, 0x73, 0xeb, 0xde, 0xcd, 0xbb, 0xb7, 0xef, 0xdf, 0xc0, 0x83, 0x0b, 0x1f, 0x4e, 0xbc, 0xb8,
    0xf1, 0xe3, 0xc8, 0x93, 0x2b, 0x5f, 0xce, 0xbc, 0xb9, 0xf3, 0xe7, 0xd0, 0xa3, 0x4b, 0x9f, 0x4e,
    0xbd, 0x7a, 0x57, 0xd1, 0xd6, 0x57, 0x62, 0xcf, 0x9e, 0x72, 0x3b, 0xf7, 0xef, 0xe0, 0xc3, 0x8b,
    0x24, 0x1f, 0x4f, 0xbe, 0xbc, 0xf9, 0xf3, 0xe8, 0xd3, 0xab, 0x5f, 0xcf, 0xbe, 0xbd, 0xfb, 0xf7,
    0xf0, 0xe3, 0xcb, 0x9f, 0x4f, 0xbf, 0xbe, 0xfd, 0xfb, 0xa1, 0x37, 0xe3, 0x3f, 0xe8, 0x7d, 0xff,
    0xc0, 0xfe, 0x7d, 0x05, 0x04, 0x00, 0x21, 0xf9, 0x04, 0x01, 0x03, 0x00, 0x02, 0x00, 0x2c, 0x60,
    0x00, 0xbe, 0x00, 0xa7, 0x00, 0x69, 0x00, 0x81, 0x00, 0x00, 0x00, 0xff, 0xff, 0xff, 0x00, 0x00,
    0x00, 0x00, 0x00, 0x00, 0x08, 0xff, 0x00, 0x05, 0x08, 0x1c, 0x48, 0xb0, 0x20, 0x41, 0x00, 0x08,
    0x01, 0x18, 0x5c, 0xc8, 0xb0, 0xa1, 0xc3, 0x87, 0x10, 0x23, 0x4a, 0x9c, 0x48, 0xb1, 0xa2, 0xc5,
    0x85, 0x09, 0x15, 0x5e, 0xdc, 0xc8, 0xb1, 0xa3, 0xc7, 0x8f, 0x20, 0x19, 0x66, 0x0c, 0x49, 0xb2,
    0xa4, 0xc9, 0x93, 0x28, 0x53, 0xaa, 0x5c, 0xc9, 0xb2, 0xa5, 0xcb, 0x97, 0x30, 0x63, 0xca, 0x9c,
    0x49, 0xb3, 0xa6, 0xcd, 0x9b, 0x38, 0x73, 0xea, 0xdc, 0xc9, 0xb3, 0xa7, 0xcf, 0x9f, 0x40, 0x83,
    0x0a, 0x1d, 0x4a, 0xb4, 0xa8, 0xd1, 0xa3, 0x48, 0x93, 0x2a, 0x5d, 0xca, 0xb4, 0xa9, 0xd3, 0xa7,
    0x50, 0xa3, 0x4a, 0x9d, 0x4a, 0xb5, 0xaa, 0xd5, 0xab, 0x58, 0xb3, 0x6a, 0xdd, 0xca, 0xb5, 0xab,
    0xd7, 0xaf, 0x60, 0xc3, 0x8a, 0x1d, 0x4b, 0xb6, 0xac, 0xd9, 0xb3, 0x68, 0xd3, 0xaa, 0x5d, 0xcb,
    0xb6, 0xad, 0xdb, 0xb7, 0x70, 0xe3, 0xca, 0x9d, 0x4b, 0xb7, 0xae, 0xdd, 0xbb, 0x78, 0xf3, 0xea,
    0xdd, 0xcb, 0xb7, 0xaf, 0xdf, 0xbf, 0x80, 0x03, 0x0b, 0x1e, 0x4c, 0xb8, 0xb0, 0xe1, 0xc3, 0x88,
    0x13, 0x2b, 0x5e, 0xcc, 0xb8, 0xb1, 0xe3, 0xc7, 0x90, 0x23, 0x4b, 0x9e, 0xec, 0x33, 0x21, 0x65,
    0x90, 0x96, 0x2f, 0x7b, 0xcc, 0xac, 0x99, 0x23, 0xe7, 0xce, 0x17, 0x3f, 0x83, 0xae, 0x28, 0x7a,
    0xf4, 0xc4, 0xd2, 0xa6, 0x53, 0xab, 0x5e, 0xcd, 0xba, 0xb5, 0xeb, 0xc2, 0xa8, 0x5f, 0x17, 0x8c,
    0x2d, 0x7b, 0x20, 0x6d, 0xa2, 0x01, 0x72, 0xd7, 0x76, 0x98, 0x3b, 0xc0, 0xee, 0x86, 0xbd, 0x7f,
    0x33, 0x0c, 0xfe, 0xf6, 0xf6, 0xd3, 0xde, 0xbe, 0x71, 0x12, 0x27, 0x69, 0xdc, 0x29, 0xf2, 0x9c,
    0xcb, 0x43, 0x36, 0x6f, 0xfa, 0x5c, 0xb9, 0x6e, 0xe1, 0xd8, 0xb3, 0x6b, 0xe7, 0x1d, 0x3d, 0x7b,
    0xf5, 0xed, 0xdf, 0xb7, 0x5b, 0x1e, 0xbf, 0x0e, 0xbe, 0x3b, 0xf6, 0xf0, 0xe2, 0xd3, 0xab, 0x5f,
    0xcf, 0xbe, 0xbd, 0xfb, 0xf7, 0xf0, 0xe3, 0xcb, 0x9f, 0x4f, 0x1f, 0xed, 0x74, 0xd7, 0xf7, 0x5b,
    0xe7, 0x77, 0x19, 0x10, 0x00, 0x21, 0xf9, 0x04, 0x01, 0x03, 0x00, 0x02, 0x00, 0x2c, 0x8d, 0x00,
    0xf7, 0x00, 0x7a, 0x00, 0x27, 0x00, 0x81, 0x00, 0x00, 0x00, 0xff, 0xff, 0xff, 0x00, 0x00, 0x00,
    0x00, 0x00, 0x00, 0x08, 0xaa, 0x00, 0x05, 0x08, 0x1c, 0x48, 0xb0, 0xa0, 0xc1, 0x83, 0x08, 0x13,
    0x2a, 0x5c, 0xc8, 0xb0, 0xa1, 0xc3, 0x83, 0x01, 0x22, 0x3e, 0x9c, 0x48, 0xb1, 0xa2, 0xc5, 0x8b,
    0x0e, 0x23, 0x06, 0xc0, 0xc8, 0xb1, 0xa3, 0xc7, 0x8f, 0x04, 0x35, 0x82, 0x1c, 0x49, 0xb2, 0x64,
    0x42, 0x91, 0x26, 0x53, 0xaa, 0xfc, 0x88, 0x72, 0xa5, 0xcb, 0x97, 0x0f, 0x5b, 0xc2, 0x9c, 0x49,
    0xb3, 0xa0, 0xcc, 0x9a, 0x38, 0x73, 0xea, 0xdc, 0xc9, 0xb3, 0xa7, 0xcf, 0x9f, 0x40, 0x83, 0x0a,
    0x1d, 0x4a, 0xb4, 0xa8, 0xd1, 0xa3, 0x40, 0x6f, 0x22, 0x5d, 0x2a, 0x40, 0x29, 0xd3, 0xa3, 0x4e,
    0x27, 0x02, 0x98, 0xfa, 0xb4, 0xea, 0x54, 0x00, 0x55, 0x9f, 0x5e, 0xcd, 0xca, 0x74, 0x2b, 0xd7,
    0xaf, 0x0f, 0xaf, 0x62, 0xfd, 0xe9, 0x15, 0xac, 0x00, 0xb1, 0x40, 0xcb, 0x82, 0x45, 0x4b, 0x96,
    0xaa, 0xd9, 0xb7, 0x70, 0xe3, 0xca, 0x9d, 0xab, 0x55, 0x2d, 0xdd, 0x9d, 0x6c, 0xef, 0xf2, 0xcc,
    0xab, 0xb7, 0xaf, 0x54, 0xbb, 0x7e, 0x69, 0xf2, 0x0d, 0x2c, 0x18, 0x30, 0xe1, 0xc3, 0x88, 0x13,
    0x2b, 0x5e, 0x6c, 0x53, 0x22, 0xe3, 0x97, 0x51, 0x1f, 0x8f, 0x8c, 0x2c, 0xf9, 0x63, 0x40, 0x00,
    0x21, 0xf9, 0x04, 0x01, 0x03, 0x00, 0x02, 0x00, 0x2c, 0x70, 0x00, 0xbe, 0x00, 0xd0, 0x00, 0x69,
    0x00, 0x81, 0x00, 0x00, 0x00, 0xff, 0xff, 0xff, 0x00, 0x00, 0x00, 0x00, 0x00, 0x00, 0x08, 0xff,
    0x00, 0x03, 0x08, 0x1c, 0x18, 0x40, 0x80, 0xc1, 0x83, 0x08, 0x13, 0x2a, 0x14, 0x30, 0x70, 0xa1,
    0xc3, 0x87, 0x10, 0x23, 0x4a, 0x9c, 0x48, 0xb1, 0xa2, 0xc5, 0x8b, 0x18, 0x33, 0x2e, 0x24, 0xd8,
    0x50, 0x23, 0x43, 0x81, 0x1e, 0x43, 0x8a, 0x1c, 0x49, 0xb2, 0xa4, 0x49, 0x87, 0x1c, 0x41, 0x7a,
    0xec, 0x78, 0xb2, 0xa5, 0xcb, 0x97, 0x30, 0x63, 0x96, 0x24, 0x28, 0xb3, 0xa6, 0xcd, 0x9b, 0x38,
    0x47, 0xd2, 0xcc, 0xc9, 0xb3, 0xa7, 0xcf, 0x9e, 0x3b, 0x7f, 0x0a, 0x1d, 0x4a, 0xb4, 0xa8, 0xd1,
    0xa3, 0x42, 0x59, 0x22, 0x5d, 0xca, 0xf4, 0xa8, 0xd2, 0xa6, 0x50, 0xa3, 0xe6, 0x7c, 0x2a, 0xb5,
    0xaa, 0xd5, 0xab, 0x58, 0xb3, 0x6a, 0xdd, 0xca, 0xb5, 0xab, 0xd7, 0xaf, 0x60, 0xc3, 0x8a, 0x1d,
    0x4b, 0xb6, 0xac, 0xd9, 0xb3, 0x68, 0xd3, 0x4e, 0x55, 0xa9, 0xb6, 0x2d, 0x51, 0xaa, 0x6e, 0xe3,
    0xe2, 0x84, 0x2b, 0xb7, 0xae, 0xdd, 0xbb, 0x3a, 0xd9, 0xe2, 0xdd, 0xdb, 0x92, 0x2e, 0xdf, 0xbf,
    0x1a, 0xfd, 0x02, 0x1e, 0x4c, 0xb8, 0xb0, 0xe1, 0xc3, 0x88, 0x13, 0x2b, 0x5e, 0xcc, 0xb8, 0xb1,
    0xe3, 0xc7, 0x90, 0x23, 0x4b, 0x9e, 0x4c, 0xb9, 0xb2, 0xe5, 0xcb, 0x98, 0x33, 0x6b, 0xde, 0xcc,
    0xb9, 0xb3, 0xe7, 0xcf, 0xa0, 0x43, 0x8b, 0x1e, 0x4d, 0xba, 0xb4, 0xe9, 0xd3, 0xa8, 0x53, 0xab,
    0x5e, 0xcd, 0xba, 0xb5, 0xeb, 0xd7, 0xb0, 0x63, 0xcb, 0x9e, 0x4d, 0xbb, 0xb6, 0xed, 0xdb, 0xb8,
    0x73, 0xeb, 0xde, 0xcd, 0xbb, 0xb7, 0xef, 0xdf, 0xc0, 0x83, 0x0b, 0x1f, 0x4e, 0xbc, 0xb8, 0xf1,
    0xe3, 0xc8, 0x93, 0x2b, 0x5f, 0xce, 0xbc, 0xb9, 0xf3, 0xe7, 0xd0, 0xa3, 0x4b, 0xd7, 0x2c, 0x78,
    0x7a, 0xde, 0x82, 0xd6, 0x61, 0x56, 0xcf, 0xbe, 0x52, 0x2f, 0xf7, 0xc6, 0xdb, 0xbf, 0x63, 0x39,
    0x0c, 0x2f, 0xde, 0x22, 0xf9, 0xf2, 0xe8, 0xd3, 0xab, 0x5f, 0xcf, 0xbe, 0xbd, 0xfb, 0xf7, 0xf0,
    0xe3, 0xcb, 0x9f, 0x4f, 0xbf, 0xbe, 0x45, 0x00, 0xf8, 0x4b, 0xe2, 0x07, 0x20, 0x7e, 0xbf, 0xfe,
    0xfc, 0xdf, 0xf9, 0x47, 0x92, 0x80, 0xf6, 0x15, 0x68, 0xe0, 0x81, 0x08, 0x26, 0xa8, 0x60, 0x70,
    0xe7, 0xd1, 0xd7, 0xe0, 0x7c, 0x0f, 0x12, 0x16, 0x10, 0x00, 0x21, 0xf9, 0x04, 0x01, 0x03, 0x00,
    0x02, 0x00, 0x2c, 0x5d, 0x00, 0xbe, 0x00, 0xe3, 0x00, 0x60, 0x00, 0x81, 0x00, 0x00, 0x00, 0xff,
    0xff, 0xff, 0x00, 0x00, 0x00, 0x00, 0x00, 0x00, 0x08, 0xff, 0x00, 0x05, 0x08, 0x1c, 0x48, 0xb0,
    0xa0, 0xc1, 0x83, 0x08, 0x13, 0x0e, 0x04, 0xc0, 0x50, 0xa1, 0xc3, 0x87, 0x10, 0x23, 0x4a, 0x9c,
    0x48, 0xb1, 0xa2, 0xc5, 0x8b, 0x18, 0x33, 0x4e, 0x64, 0x08, 0x40, 0xa3, 0xc7, 0x8f, 0x20, 0x43,
    0x8a, 0x1c, 0x49, 0xf2, 0x21, 0xc7, 0x92, 0x28, 0x53, 0xaa, 0x5c, 0xc9, 0x72, 0x24, 0xc7, 0x8e,
    0x2d, 0x63, 0xca, 0x9c, 0x49, 0x33, 0xe4, 0xcb, 0x9a, 0x38, 0x73, 0xea, 0xdc, 0xb9, 0xf0, 0x24,
    0xcf, 0x9f, 0x40, 0x83, 0x0a, 0x1d, 0x4a, 0xb4, 0xa8, 0xd1, 0xa3, 0x48, 0x93, 0x2a, 0x5d, 0xca,
    0xb4, 0xa9, 0xd3, 0xa7, 0x50, 0xa3, 0x4a, 0x9d, 0x4a, 0xb5, 0xaa, 0xd5, 0xab, 0x58, 0xab, 0xfa,
    0xcc, 0xca, 0x15, 0xeb, 0xd6, 0xae, 0x60, 0xa7, 0x7e, 0x0d, 0x4b, 0xd6, 0xe9, 0xd8, 0xb2, 0x38,
    0xcf, 0xa2, 0x5d, 0x6b, 0x54, 0x2d, 0xdb, 0xb7, 0x41, 0xdd, 0xc2, 0x9d, 0x4b, 0xb7, 0x2e, 0x49,
    0xb9, 0x76, 0xf3, 0xb2, 0xc4, 0xab, 0xb7, 0x6f, 0x49, 0xbe, 0x7e, 0x03, 0x0b, 0x1e, 0x4c, 0xb8,
    0xb0, 0xe1, 0xc3, 0x88, 0x13, 0x2b, 0x5e, 0xcc, 0xb8, 0xb1, 0xe3, 0xc7, 0x90, 0x23, 0x4b, 0x9e,
    0x4c, 0xb9, 0xb2, 0xe5, 0xcb, 0x98, 0x33, 0x6b, 0xde, 0xcc, 0xb9, 0xb3, 0xe7, 0xcf, 0xa0, 0x43,
    0x8b, 0x1e, 0x4d, 0xba, 0xb4, 0xe9, 0xd3, 0xa8, 0x53, 0xab, 0x5e, 0xcd, 0xba, 0xb5, 0xeb, 0xd7,
    0xb0, 0x63, 0xcb, 0x9e, 0x4d, 0xbb, 0xb6, 0xed, 0xdb, 0xb8, 0x73, 0xeb, 0xde, 0xcd, 0xbb, 0xb7,
    0xef, 0xdf, 0xc0, 0x83, 0x0b, 0x1f, 0x4e, 0xdc, 0x64, 0xc3, 0xe2, 0x4c, 0x01, 0x23, 0x07, 0xaa,
    0x7c, 0x39, 0xcf, 0xe6, 0xce, 0xa3, 0x4b, 0x9f, 0x0e, 0x15, 0x3a, 0xf5, 0x99, 0xd6, 0xaf, 0xc7,
    0xcc, 0xae, 0xbd, 0xbb, 0xf7, 0xef, 0xe0, 0xe9, 0x72, 0x37, 0x0f, 0x7f, 0xf7, 0x38, 0x79, 0x9d,
    0xe3, 0xcf, 0xdb, 0x34, 0xaf, 0xfe, 0x72, 0xfa, 0xf6, 0x1e, 0xdf, 0xc3, 0xcf, 0x28, 0x7f, 0xbe,
    0xfd, 0xfb, 0xf8, 0xf3, 0xeb, 0xdf, 0xcf, 0xbf, 0xbf, 0xff, 0xff, 0x00, 0x06, 0x28, 0xe0, 0x80,
    0x04, 0x96, 0x14, 0xc0, 0x81, 0x05, 0x82, 0x74, 0x60, 0x00, 0x09, 0x7e, 0xb4, 0x60, 0x78, 0x01,
    0x01, 0x00, 0x21, 0xf9, 0x04, 0x01, 0x03, 0x00, 0x02, 0x00, 0x2c, 0x70, 0x00, 0xbe, 0x00, 0xd4,
    0x00, 0x69, 0x00, 0x81, 0x00, 0x00, 0x00, 0xff, 0xff, 0xff, 0x00, 0x00, 0x00, 0x00, 0x00, 0x00,
    0x08, 0xff, 0x00, 0x01, 0x08, 0x1c, 0x08, 0x40, 0x80, 0xc1, 0x83, 0x08, 0x13, 0x2a, 0x5c, 0xc8,
    0xb0, 0xa1, 0xc3, 0x87, 0x10, 0x23, 0x4a, 0x9c, 0x48, 0xb1, 0xa2, 0xc5, 0x8b, 0x13, 0x09, 0x0e,
    0xc4, 0xc8, 0xb1, 0xa3, 0xc7, 0x8f, 0x20, 0x43, 0x8a, 0xac, 0xa8, 0x51, 0xe0, 0xc8, 0x93, 0x28,
    0x53, 0xaa, 0x5c, 0xc9, 0xb2, 0xa5, 0xcb, 0x97, 0x30, 0x63, 0xca, 0x9c, 0x49, 0xb3, 0xa6, 0xcd,
    0x9b, 0x38, 0x73, 0xea, 0xdc, 0xc9, 0xb3, 0xe7, 0xcb, 0x8d, 0x3e, 0x83, 0x0a, 0xdd, 0x09, 0x74,
    0xa8, 0xd1, 0xa3, 0x31, 0x8b, 0x22, 0x5d, 0xca, 0xb4, 0xa9, 0xd3, 0xa7, 0x50, 0xa3, 0x4a, 0x9d,
    0x4a, 0xb5, 0xaa, 0xd5, 0x85, 0x01, 0xb2, 0x5e, 0xdd, 0x2a, 0x35, 0x6b, 0x00, 0xae, 0x60, 0x9d,
    0x7a, 0x0d, 0x4b, 0x16, 0xe9, 0xd8, 0xb2, 0x68, 0xd3, 0xaa, 0x5d, 0xcb, 0xb6, 0xad, 0xdb, 0xb7,
    0x70, 0xe3, 0x2a, 0x3c, 0x2b, 0xb7, 0x2e, 0x4a, 0xba, 0x76, 0xf3, 0x82, 0xc4, 0xab, 0xb7, 0xaf,
    0xdf, 0xbf, 0x80, 0x03, 0x0b, 0x1e, 0x4c, 0xb8, 0xb0, 0xe1, 0xc3, 0x88, 0x13, 0x2b, 0x5e, 0xcc,
    0xb8, 0xb1, 0xe3, 0xc7, 0x90, 0x23, 0x4b, 0x9e, 0x4c, 0xb9, 0xb2, 0xe5, 0xcb, 0x98, 0x33, 0x6b,
    0xde, 0xcc, 0xb9, 0xb3, 0xe7, 0xcf, 0xa0, 0x43, 0x8b, 0x1e, 0x4d, 0xba, 0xb4, 0xe9, 0x88, 0x5e,
    0xbf, 0x9e, 0xde, 0x9a, 0x7a, 0x35, 0x6b, 0xbe, 0xae, 0xbb, 0xc2, 0x8e, 0x0d, 0xb5, 0x35, 0x6d,
    0xaa, 0xb6, 0x6f, 0xcb, 0xd6, 0xaa, 0xbb, 0xb7, 0xef, 0xdf, 0xc0, 0x83, 0x0b, 0x1f, 0x4e, 0x7c,
    0xb1, 0xd2, 0xe2, 0x43, 0x8f, 0x23, 0x0f, 0xaa, 0x7c, 0xb9, 0xf3, 0xe7, 0xd0, 0xa3, 0x4b, 0xe7,
    0xdc, 0x7c, 0xba, 0xcd, 0xea, 0xd6, 0x69, 0x62, 0xcf, 0xce, 0xbd, 0xbb, 0xf7, 0xef, 0x21, 0xb7,
    0x83, 0x5a, 0x67, 0x29, 0x7e, 0xbc, 0xca, 0xf2, 0x85, 0x67, 0x9b, 0x6f, 0xa9, 0x7e, 0xfd, 0xca,
    0xf6, 0xee, 0x53, 0xc2, 0x8f, 0x7f, 0x72, 0x3e, 0x73, 0x93, 0xba, 0xed, 0xfb, 0x44, 0x1f, 0x5a,
    0x7f, 0x4f, 0xfe, 0xf4, 0x05, 0x28, 0xe0, 0x80, 0x04, 0x16, 0x68, 0xe0, 0x81, 0x8a, 0xe5, 0x86,
    0x60, 0x48, 0x0a, 0x2e, 0xf8, 0x51, 0x83, 0x0e, 0x46, 0x28, 0xe1, 0x84, 0x03, 0xfa, 0x47, 0xa1,
    0x43, 0x16, 0x5e, 0xc8, 0x50, 0x86, 0x1a, 0x76, 0xe8, 0xe1, 0x87, 0x20, 0x86, 0x28, 0xe2, 0x88,
    0x3f, 0xe1, 0x47, 0x22, 0x44, 0x00, 0x8e, 0x98, 0x62, 0x60, 0x01, 0x01, 0x00, 0x21, 0xf9, 0x04,
    0x01, 0x03, 0x00, 0x02, 0x00, 0x2c, 0x5d, 0x00, 0xc4, 0x00, 0xe7, 0x00, 0x5a, 0x00, 0x81, 0x00,
    0x00, 0x00, 0xff, 0xff, 0xff, 0x00, 0x00, 0x00, 0x00, 0x00, 0x00, 0x08, 0xff, 0x00, 0x05, 0x08,
    0x1c, 0x08, 0xa0, 0xe0, 0xc0, 0x83, 0x08, 0x13, 0x2a, 0x5c, 0xc8, 0xb0, 0xa1, 0xc3, 0x87, 0x10,
    0x23, 0x4a, 0x9c, 0x48, 0xb1, 0xa2, 0xc5, 0x8b, 0x18, 0x0b, 0x02, 0xc0, 0xc8, 0xb1, 0xa3, 0xc7,
    0x8f, 0x20, 0x43, 0x8a, 0x1c, 0x49, 0xd0, 0x20, 0xc9, 0x93, 0x28, 0x53, 0xaa, 0x5c, 0xc9, 0xb2,
    0xa5, 0xcb, 0x97, 0x30, 0x63, 0xca, 0x9c, 0x49, 0xb3, 0xa6, 0xcd, 0x9b, 0x38, 0x73, 0xea, 0xdc,
    0xc9, 0xb3, 0xa7, 0xcf, 0x9f, 0x40, 0x83, 0x0a, 0x1d, 0x4a, 0xb4, 0xa8, 0xd1, 0xa3, 0x48, 0x93,
    0x2a, 0x5d, 0xca, 0xb4, 0xa9, 0xd3, 0xa7, 0x50, 0xa3, 0x4a, 0x9d, 0x4a, 0xb5, 0xaa, 0xd5, 0xab,
    0x24, 0x35, 0x62, 0xdd, 0xba, 0x54, 0x2b, 0xd7, 0xaf, 0x46, 0xbd, 0x82, 0x1d, 0x4b, 0xb6, 0xac,
    0xd9, 0xb3, 0x68, 0xd3, 0xaa, 0x5d, 0xcb, 0xb6, 0xad, 0xdb, 0xb7, 0x70, 0xe3, 0xca, 0x9d, 0x4b,
    0xb7, 0xae, 0xdd, 0xbb, 0x78, 0xf3, 0xea, 0xdd, 0xcb, 0xb7, 0xaf, 0xdf, 0xbf, 0x80, 0x03, 0x0b,
    0x1e, 0x4c, 0xb8, 0xb0, 0xe1, 0xc3, 0x24, 0x03, 0x28, 0x0e, 0x80, 0xf8, 0xee, 0x62, 0xc6, 0x8d,
    0xeb, 0x3e, 0x8e, 0x2c, 0x79, 0x31, 0x65, 0xba, 0x93, 0x2f, 0xcb, 0xcd, 0xac, 0xb9, 0xb3, 0xe7,
    0xcf, 0xa0, 0x43, 0x8b, 0x1e, 0x4d, 0xba, 0xb4, 0xe9, 0xd3, 0xa8, 0xff, 0x72, 0x4e, 0x0d, 0x76,
    0x35, 0x6b, 0xae, 0xae, 0x5f, 0xcb, 0x9e, 0x4d, 0xbb, 0xb6, 0xed, 0xdb, 0xb8, 0x73, 0xeb, 0xa6,
    0x6a, 0x79, 0xf7, 0xd4, 0xde, 0xbe, 0xa3, 0x02, 0x0f, 0xfe, 0x74, 0x38, 0xf1, 0xa6, 0xc6, 0x8f,
    0x2f, 0x4d, 0xae, 0x3c, 0x29, 0xf3, 0xa2, 0xcf, 0x9b, 0x1b, 0x8d, 0x2e, 0x9d, 0x28, 0xf5, 0xea,
    0xd8, 0xb3, 0x6b, 0xdf, 0xce, 0xbd, 0xbb, 0xf7, 0xef, 0xe0, 0xc3, 0x8b, 0x37, 0x1f, 0x4f, 0xbe,
    0xfc, 0x76, 0xb1, 0xe6, 0x75, 0xa2, 0x4f, 0x8f, 0x73, 0x3d, 0x7b, 0x87, 0xee, 0xdf, 0xd3, 0x8c,
    0x2f, 0x5f, 0x26, 0xfd, 0xfa, 0x72, 0x35, 0x6e, 0xc4, 0x5f, 0x53, 0x3f, 0xff, 0xfe, 0xf7, 0xfd,
    0x27, 0xe0, 0x80, 0x04, 0x16, 0xe8, 0x54, 0x80, 0x06, 0x66, 0x65, 0x52, 0x82, 0x2d, 0x21, 0xc8,
    0xe0, 0x42, 0x01, 0x01, 0x00, 0x21, 0xf9, 0x04, 0x01, 0x03, 0x00, 0x02, 0x00, 0x2c, 0x5d, 0x00,
    0xbe, 0x00, 0xe7, 0x00, 0x5d, 0x00, 0x81, 0x00, 0x00, 0x00, 0xff, 0xff, 0xff, 0x00, 0x00, 0x00,
    0x00, 0x00, 0x00, 0x08, 0xff, 0x00, 0x05, 0x08, 0x1c, 0x48, 0xb0, 0xa0, 0xc1, 0x83, 0x08, 0x13,
    0x0e, 0x0c, 0xc0, 0x50, 0xa1, 0xc3, 0x87, 0x10, 0x23, 0x4a, 0x9c, 0x48, 0xb1, 0xa2, 0xc5, 0x8b,
    0x18, 0x33, 0x5e, 0x64, 0x18, 0x40, 0xa3, 0xc7, 0x8f, 0x20, 0x43, 0x8a, 0x1c, 0x49, 0x72, 0x22,
    0xc7, 0x92, 0x28, 0x53, 0xaa, 0x5c, 0xc9, 0x32, 0x25, 0xc7, 0x8e, 0x2d, 0x63, 0xca, 0x9c, 0x49,
    0xb3, 0xe4, 0xcb, 0x9a, 0x38, 0x73, 0xea, 0xdc, 0x79, 0xf0, 0x26, 0xcf, 0x9f, 0x40, 0x55, 0x9e,
    0x0c, 0x4a, 0xb4, 0xa8, 0x51, 0x8c, 0x43, 0x8f, 0x2a, 0x5d, 0xca, 0x94, 0x60, 0xd2, 0xa6, 0x50,
    0xa3, 0x4a, 0x9d, 0x4a, 0xb5, 0xaa, 0xd5, 0xab, 0x58, 0xb3, 0x6a, 0xdd, 0xca, 0xb5, 0xab, 0xd7,
    0xaf, 0x60, 0xc3, 0x8a, 0x1d, 0x4b, 0xb6, 0xac, 0xd9, 0xb3, 0x68, 0xb1, 0x3e, 0x4d, 0xcb, 0x56,
    0xe9, 0xda, 0xb6, 0x70, 0x83, 0xbe, 0x8d, 0x4b, 0xb7, 0xae, 0x5d, 0x8f, 0x73, 0xef, 0xea, 0x65,
    0x99, 0x77, 0xaf, 0x5f, 0x9b, 0x0d, 0xff, 0x0a, 0x1e, 0x4c, 0xb8, 0xb0, 0xe1, 0xc3, 0x88, 0x13,
    0x2b, 0x5e, 0xcc, 0xb8, 0xb1, 0xe3, 0xc7, 0x90, 0x23, 0x4b, 0x9e, 0x4c, 0xb9, 0xb2, 0xe5, 0xcb,
    0x98, 0x33, 0x6b, 0xde, 0xcc, 0xb9, 0xb3, 0xe7, 0xcf, 0xa0, 0x43, 0x8b, 0x1e, 0x4d, 0xba, 0xb4,
    0xe9, 0xd3, 0xa7, 0x01, 0xa8, 0x06, 0x80, 0xfa, 0xee, 0x6a, 0xd6, 0xad, 0xeb, 0xbe, 0x8e, 0x4d,
    0xbb, 0xb6, 0xed, 0xdb, 0xb8, 0x73, 0xeb, 0xde, 0xcd, 0xbb, 0xb7, 0xef, 0xd4, 0xab, 0x7f, 0x8f,
    0x9d, 0x2d, 0x3c, 0x2c, 0xf1, 0xe2, 0x07, 0x83, 0x23, 0x07, 0xab, 0x7c, 0xb9, 0xd7, 0xe6, 0xce,
    0xa3, 0x4b, 0x9f, 0x4e, 0x9d, 0x36, 0xf4, 0xea, 0x56, 0xaf, 0x63, 0xa7, 0xaa, 0x7d, 0xbb, 0xd4,
    0xee, 0xde, 0xa1, 0x82, 0x4b, 0x0f, 0xcf, 0x74, 0x3c, 0x79, 0xa5, 0xe6, 0x9b, 0xa6, 0xe7, 0xbd,
    0x7e, 0x69, 0x7b, 0xdd, 0xef, 0x8f, 0xc6, 0xc7, 0x3d, 0xff, 0xbc, 0xfd, 0xfb, 0xf8, 0xf3, 0xeb,
    0xdf, 0xcf, 0xbf, 0xbf, 0xff, 0xff, 0x00, 0x06, 0x28, 0xe0, 0x80, 0x04, 0x16, 0x68, 0x60, 0x4c,
    0x7d, 0x1d, 0xc8, 0x57, 0x60, 0x0a, 0xd6, 0x94, 0x60, 0x83, 0x10, 0x46, 0x28, 0x61, 0x57, 0xf5,
    0x4d, 0x98, 0x51, 0x85, 0x16, 0x5e, 0x84, 0x61, 0x86, 0x15, 0x6d, 0xc8, 0xe1, 0x40, 0x01, 0x01,
    0x00, 0x21, 0xf9, 0x04, 0x01, 0x03, 0x00, 0x02, 0x00, 0x2c, 0x63, 0x00, 0xbe, 0x00, 0xe1, 0x00,
    0x56, 0x00, 0x81, 0x00, 0x00, 0x00, 0xff, 0xff, 0xff, 0x00, 0x00, 0x00, 0x00, 0x00, 0x00, 0x08,
    0xff, 0x00, 0x05, 0x08, 0x1c, 0x48, 0xb0, 0xa0, 0xc1, 0x83, 0x08, 0x0d, 0x02, 0x58, 0x98, 0xb0,
    0xa1, 0xc3, 0x87, 0x10, 0x23, 0x4a, 0x9c, 0x48, 0xb1, 0xa2, 0xc5, 0x8b, 0x18, 0x33, 0x16, 0x5c,
    0x08, 0x40, 0xa3, 0xc7, 0x8f, 0x20, 0x43, 0x8a, 0x1c, 0x49, 0xb2, 0x21, 0xc7, 0x92, 0x28, 0x53,
    0xaa, 0x5c, 0xc9, 0x32, 0x24, 0xc7, 0x8e, 0x2d, 0x63, 0xca, 0x9c, 0x49, 0xf3, 0xe3, 0xcb, 0x9a,
    0x38, 0x73, 0xea, 0xdc, 0x29, 0xe0, 0x26, 0xcf, 0x9f, 0x40, 0x45, 0x9e, 0x0c, 0x4a, 0xb4, 0xa8,
    0x51, 0x89, 0x43, 0x8f, 0x2a, 0x5d, 0xaa, 0x34, 0x29, 0xd3, 0xa7, 0x50, 0xa3, 0x4a, 0x9d, 0x4a,
    0xb5, 0xaa, 0xd5, 0xab, 0x58, 0xb3, 0x6a, 0xdd, 0xca, 0xb5, 0xeb, 0x44, 0xa7, 0x5e, 0xc3, 0x72,
    0x05, 0x2b, 0xb6, 0xec, 0x55, 0xb2, 0x66, 0xd3, 0x4a, 0x45, 0xab, 0xb6, 0xad, 0xdb, 0xb7, 0x70,
    0xe3, 0xca, 0x9d, 0x4b, 0xb7, 0xae, 0xdd, 0xbb, 0x78, 0xf3, 0xea, 0xdd, 0xcb, 0xb7, 0xaf, 0xdf,
    0xbf, 0x80, 0x03, 0x0b, 0x1e, 0x4c, 0xb8, 0xb0, 0xe1, 0xc3, 0x88, 0x13, 0x2b, 0x5e, 0xcc, 0xb8,
    0xb1, 0xe3, 0xc7, 0x90, 0x23, 0x4b, 0x9e, 0x4c, 0xb9, 0xb2, 0xe5, 0xcb, 0x98, 0x33, 0x6b, 0xde,
    0xcc, 0xb9, 0xb3, 0xe7, 0xcf, 0xa0, 0x43, 0x8b, 0x1e, 0x4d, 0xba, 0xb4, 0xe9, 0xd3, 0x5d, 0x7d,
    0xa2, 0x6e, 0xab, 0x7a, 0x75, 0xda, 0xd6, 0xae, 0xcb, 0xc2, 0x8e, 0x1d, 0x76, 0x36, 0xed, 0xd4,
    0x6c, 0x6f, 0x6b, 0xb5, 0xad, 0x5b, 0x60, 0xee, 0xde, 0x58, 0x7f, 0x03, 0xb7, 0x2a, 0x7c, 0xb8,
    0xf1, 0xe3, 0xc8, 0x93, 0x2b, 0x5f, 0xce, 0xbc, 0xb9, 0xf3, 0xe7, 0xd0, 0xa3, 0x4b, 0x9f, 0x4e,
    0xbd, 0xba, 0xf5, 0xeb, 0xd8, 0xb3, 0x6b, 0xdf, 0xce, 0xbd, 0xbb, 0xf7, 0xef, 0xe0, 0xc3, 0x8b,
    0x24, 0x1f, 0x4f, 0xbe, 0xbc, 0xf9, 0xf3, 0xe8, 0x41, 0x16, 0xc7, 0x19, 0xa0, 0x7d, 0xf5, 0xf5,
    0x35, 0xdb, 0x07, 0x78, 0xcf, 0xf0, 0xa8, 0xfc, 0xf4, 0x03, 0xe1, 0xe3, 0xd7, 0xa8, 0x7f, 0x3f,
    0xc6, 0xfe, 0x87, 0x05, 0x04, 0x00, 0x21, 0xf9, 0x04, 0x01, 0x03, 0x00, 0x02, 0x00, 0x2c, 0xc7,
    0x00, 0xe7, 0x00, 0x7d, 0x00, 0x40, 0x00, 0x81, 0x00, 0x00, 0x00, 0xff, 0xff, 0xff, 0x00, 0x00,
    0x00, 0x00, 0x00, 0x00, 0x08, 0xcb, 0x00, 0x05, 0x08, 0x1c, 0x48, 0xb0, 0xa0, 0xc1, 0x83, 0x08,
    0x13, 0x2a, 0x5c, 0xc8, 0xb0, 0xa1, 0xc3, 0x87, 0x02, 0x02, 0x48, 0x0c, 0x00, 0xb1, 0xa2, 0xc5,
    0x8b, 0x18, 0x33, 0x2a, 0x9c, 0x48, 0x51, 0xa3, 0xc7, 0x8f, 0x20, 0x43, 0x72, 0x0c, 0x49, 0x52,
    0x00, 0x80, 0x93, 0x25, 0x53, 0x1e, 0x1c, 0xa9, 0xd2, 0xe3, 0x49, 0x00, 0x2d, 0x63, 0x46, 0x9c,
    0x28, 0x33, 0xe3, 0xcb, 0x9a, 0x2a, 0x59, 0xe2, 0xac, 0x78, 0x73, 0x27, 0x49, 0x9d, 0x3e, 0x1d,
    0xf6, 0x0c, 0xfa, 0x11, 0x28, 0xd1, 0x85, 0x43, 0x8f, 0x66, 0x34, 0xaa, 0x14, 0x61, 0xd2, 0xa6,
    0x16, 0x99, 0x42, 0x9d, 0x4a, 0xb5, 0xaa, 0xd5, 0xab, 0x58, 0xb3, 0x6a, 0xdd, 0xca, 0xb5, 0xab,
    0xd7, 0xaf, 0x60, 0xc3, 0x8a, 0x1d, 0x4b, 0xb6, 0xac, 0xd9, 0xb3, 0x68, 0xd3, 0xaa, 0x5d, 0xcb,
    0xb6, 0xad, 0xdb, 0xb7, 0x70, 0xe3, 0xca, 0x9d, 0x4b, 0xb7, 0xae, 0xdd, 0xbb, 0x78, 0xf3, 0xea,
    0xdd, 0xcb, 0xb7, 0xaf, 0xdf, 0xbf, 0x80, 0x03, 0x0b, 0x1e, 0x4c, 0xb8, 0xb0, 0xe1, 0xc3, 0x88,
    0x13, 0x57, 0xa5, 0xa9, 0x58, 0x23, 0xe3, 0xc6, 0x18, 0x1f, 0x43, 0x9e, 0x4c, 0xb9, 0xb2, 0x65,
    0xbc, 0x92, 0x2f, 0x33, 0xcc, 0xac, 0x79, 0xa3, 0xc4, 0xce, 0x0e, 0x39, 0x83, 0x1e, 0x4d, 0xba,
    0xb4, 0xe9, 0xd3, 0xa8, 0x53, 0xab, 0x5e, 0xdd, 0x50, 0x34, 0x6a, 0xd7, 0xa7, 0x61, 0x57, 0x0e,
    0x08, 0x00, 0x21, 0xf9, 0x04, 0x01, 0x03, 0x00, 0x02, 0x00, 0x2c, 0x5d, 0x00, 0xbe, 0x00, 0xe7,
    0x00, 0x69, 0x00, 0x81, 0x00, 0x00, 0x00, 0xff, 0xff, 0xff, 0x00, 0x00, 0x00, 0x00, 0x00, 0x00,
    0x08, 0xff, 0x00, 0x05, 0x08, 0x1c, 0x48, 0xb0, 0xa0, 0xc1, 0x82, 0x00, 0x12, 0x1e, 0x5c, 0x28,
    0x20, 0x21, 0x00, 0x86, 0x10, 0x23, 0x4a, 0x9c, 0x48, 0xb1, 0xa2, 0xc5, 0x8b, 0x18, 0x33, 0x6a,
    0xdc, 0x48, 0xd1, 0xa1, 0x45, 0x8f, 0x1c, 0x43, 0x8a, 0x1c, 0x49, 0xb2, 0xa4, 0xc9, 0x93, 0x04,
    0x41, 0x76, 0x54, 0x88, 0xb2, 0xa5, 0xcb, 0x97, 0x30, 0x63, 0xca, 0x9c, 0x49, 0xb3, 0xa6, 0xcd,
    0x9b, 0x38, 0x73, 0xea, 0xdc, 0xc9, 0xb3, 0xa7, 0xcf, 0x9f, 0x40, 0x83, 0x0a, 0x1d, 0x4a, 0xb4,
    0xa8, 0xd1, 0xa3, 0x48, 0x93, 0x2a, 0x5d, 0xca, 0xb4, 0xa9, 0xd3, 0xa7, 0x50, 0xa3, 0x4a, 0x9d,
    0x4a, 0xb5, 0xaa, 0xd5, 0xab, 0x58, 0xb3, 0x6a, 0xdd, 0xca, 0xb5, 0xab, 0xd7, 0xaf, 0x60, 0xc3,
    0x8a, 0x1d, 0x4b, 0xb6, 0xac, 0xd9, 0xb3, 0x68, 0xd3, 0xaa, 0x5d, 0xcb, 0xb6, 0xad, 0xdb, 0xb7,
    0x70, 0xe3, 0xca, 0x9d, 0x4b, 0xb7, 0xae, 0xdd, 0xbb, 0x78, 0xf3, 0xea, 0xdd, 0xcb, 0xb7, 0xaf,
    0xdf, 0xbf, 0x80, 0x03, 0x0b, 0x1e, 0x4c, 0xb8, 0xb0, 0xe1, 0xc3, 0x88, 0x13, 0x2b, 0x5e, 0xcc,
    0xb8, 0xb1, 0xde, 0x00, 0x90, 0x03, 0x38, 0x8e, 0x1b, 0x59, 0xf2, 0xe4, 0xb7, 0x95, 0x2f, 0x6b,
    0xde, 0xcc, 0xb9, 0xb3, 0xe7, 0xcf, 0xa0, 0x43, 0x8b, 0x1e, 0xbd, 0x34, 0x32, 0xe9, 0xb2, 0xa6,
    0x4f, 0x8f, 0x4d, 0xad, 0x3a, 0x2c, 0xeb, 0xd6, 0xb0, 0x63, 0xcb, 0x9e, 0x4d, 0x1b, 0x6f, 0xe6,
    0xda, 0x5a, 0x6f, 0xe3, 0xc6, 0xaa, 0x7b, 0xb7, 0xef, 0xdf, 0xc0, 0x83, 0x0b, 0x1f, 0x4e, 0xbc,
    0xb8, 0xf1, 0xe3, 0xc8, 0x93, 0x2b, 0x5f, 0xce, 0xbc, 0xb9, 0xf3, 0xbe, 0xaf, 0x9f, 0x13, 0x8d,
    0x2e, 0x5d, 0x28, 0xf5, 0xea, 0xd8, 0xb3, 0x6b, 0xdf, 0xce, 0xbd, 0xbb, 0xf7, 0xef, 0xe0, 0xc3,
    0x8b, 0x3d, 0x1f, 0x4f, 0x1e, 0x33, 0xe4, 0xf2, 0x38, 0xaf, 0xa3, 0x87, 0xa9, 0x7e, 0x3d, 0x56,
    0x95, 0xee, 0x65, 0xc2, 0x8f, 0x0f, 0x73, 0x3e, 0xfd, 0xfb, 0xf8, 0xf3, 0xeb, 0xdf, 0xcf, 0xbf,
    0xbf, 0xff, 0xff, 0x00, 0x06, 0x28, 0xe0, 0x80, 0x04, 0x16, 0x68, 0xe0, 0x81, 0x08, 0x3a, 0xe6,
    0x50, 0x6f, 0x09, 0x42, 0xb4, 0x60, 0x7b, 0x0d, 0xa6, 0x94, 0x10, 0x83, 0x76, 0x05, 0x04, 0x00,
    0x21, 0xf9, 0x04, 0x01, 0x03, 0x00, 0x02, 0x00, 0x2c, 0x5d, 0x00, 0xbe, 0x00, 0xe7, 0x00, 0x69,
    0x00, 0x81, 0x00, 0x00, 0x00, 0xff, 0xff, 0xff, 0x00, 0x00, 0x00, 0x00, 0x00, 0x00, 0x08, 0xff,
    0x00, 0x05, 0x08, 0x1c, 0x48, 0xb0, 0xa0, 0xc1, 0x83, 0x08, 0x13, 0x06, 0x58, 0xc8, 0x30, 0xa1,
    0xc3, 0x87, 0x10, 0x23, 0x4a, 0x9c, 0x48, 0xb1, 0xa2, 0xc5, 0x8b, 0x18, 0x33, 0x6a, 0x44, 0xc8,
    0xb0, 0xe1, 0xc6, 0x8f, 0x20, 0x43, 0x8a, 0x1c, 0x49, 0xb2, 0x24, 0xc4, 0x8e, 0x0b, 0x4d, 0xaa,
    0x5c, 0xc9, 0xb2, 0xa5, 0xcb, 0x95, 0x1d, 0x5f, 0xca, 0x9c, 0x49, 0xb3, 0xa6, 0xca, 0x98, 0x36,
    0x73, 0xea, 0xdc, 0xc9, 0xd3, 0x20, 0xce, 0x9e, 0x40, 0x83, 0x0a, 0x1d, 0x4a, 0xb4, 0xa8, 0xd1,
    0xa3, 0x48, 0x93, 0x2a, 0x5d, 0xca, 0xb4, 0xa9, 0xd3, 0xa7, 0x50, 0xa3, 0x4a, 0x9d, 0x4a, 0xb5,
    0xaa, 0xd5, 0xab, 0x58, 0xb3, 0x6a, 0xdd, 0xe8, 0x71, 0xab, 0xd7, 0xad, 0x5d, 0xbf, 0x8a, 0xb5,
    0x1a, 0x76, 0xac, 0xd9, 0xa8, 0x65, 0xcf, 0xaa, 0x5d, 0xcb, 0xb6, 0xad, 0xdb, 0xb7, 0x70, 0xe3,
    0xca, 0x9d, 0x4b, 0xb7, 0xae, 0xdd, 0xbb, 0x78, 0xf3, 0xea, 0xdd, 0xcb, 0xb7, 0xaf, 0xdf, 0xbf,
    0x80, 0x03, 0x0b, 0x1e, 0x4c, 0xb8, 0xb0, 0xe1, 0xc3, 0x88, 0x13, 0x2b, 0x5e, 0xcc, 0xb8, 0xb1,
    0xe3, 0xc7, 0x90, 0x23, 0x4b, 0x9e, 0x4c, 0xb9, 0xb2, 0x4e, 0x00, 0x98, 0x01, 0x58, 0xee, 0x9b,
    0x59, 0xf3, 0xe6, 0xbd, 0x9d, 0x3f, 0x8b, 0x1e, 0x4d, 0xba, 0xb4, 0xe9, 0xd3, 0xa8, 0x53, 0xab,
    0x5e, 0xbd, 0x36, 0x33, 0xeb, 0xb8, 0xae, 0x5f, 0xbf, 0x8d, 0x2d, 0xbb, 0x2d, 0xed, 0xda, 0xb8,
    0x73, 0xeb, 0xde, 0xcd, 0xdb, 0x71, 0xe8, 0xde, 0x62, 0x7f, 0x03, 0xf7, 0x2a, 0x7c, 0xb8, 0xf1,
    0xe3, 0xc8, 0x93, 0x2b, 0x5f, 0xce, 0xbc, 0xb9, 0xf3, 0xe7, 0xd0, 0xa3, 0x4b, 0x9f, 0x4e, 0xbd,
    0xba, 0x75, 0xde, 0xb7, 0xaf, 0x23, 0xcd, 0xae, 0xdd, 0x28, 0xf7, 0xee, 0xe0, 0xc3, 0x8b, 0x3d,
    0x1f, 0x4f, 0xbe, 0xbc, 0xf9, 0xf3, 0xe8, 0xd3, 0xab, 0x5f, 0xcf, 0xbe, 0xf2, 0xf7, 0xf6, 0x2f,
    0xdf, 0xc3, 0x6f, 0x29, 0x7f, 0xbe, 0xfd, 0xfb, 0xf8, 0xf3, 0xeb, 0xdf, 0xcf, 0xbf, 0xbf, 0xff,
    0xff, 0x00, 0x06, 0x28, 0xe0, 0x80, 0x04, 0x16, 0x68, 0xe0, 0x81, 0x08, 0x26, 0xa8, 0xe0, 0x82,
    0x9f, 0xa5, 0xc5, 0x60, 0x44, 0x0e, 0x3e, 0xf8, 0x50, 0x84, 0x81, 0x05, 0x04, 0x00, 0x21, 0xf9,
    0x04, 0x01, 0x03, 0x00, 0x02, 0x00, 0x2c, 0x60, 0x00, 0xbe, 0x00, 0xa0, 0x00, 0x69, 0x00, 0x81,
    0x00, 0x00, 0x00, 0xff, 0xff, 0xff, 0x00, 0x00, 0x00, 0x00, 0x00, 0x00, 0x08, 0xf3, 0x00, 0x05,
    0x08, 0x1c, 0x48, 0xb0, 0xa0, 0xc1, 0x83, 0x08, 0x13, 0x02, 0x58, 0x98, 0xb0, 0xa1, 0xc3, 0x87,
    0x10, 0x23, 0x4a, 0x9c, 0x48, 0xb1, 0xa2, 0xc5, 0x81, 0x0b, 0x01, 0x5c, 0xdc, 0xc8, 0xb1, 0xa3,
    0xc7, 0x8f, 0x1c, 0x33, 0x82, 0x1c, 0x49, 0xb2, 0xa4, 0xc9, 0x8e, 0x19, 0x35, 0x9e, 0x5c, 0xc9,
    0xb2, 0xe5, 0xc7, 0x94, 0x2e, 0x63, 0xca, 0x9c, 0xd9, 0x10, 0x26, 0xcd, 0x9b, 0x38, 0x73, 0xea,
    0xdc, 0xc9, 0xb3, 0xa7, 0xcf, 0x9f, 0x40, 0x83, 0x0a, 0x1d, 0x4a, 0xb4, 0xa8, 0xd1, 0xa3, 0x48,
    0x93, 0x2a, 0x75, 0x29, 0x72, 0xa9, 0xd3, 0x95, 0x29, 0x19, 0x3e, 0x9d, 0x4a, 0x32, 0xaa, 0x4a,
    0xaa, 0x58, 0x51, 0x46, 0xcd, 0xca, 0x75, 0x63, 0xd3, 0xae, 0x60, 0xc3, 0x8a, 0x1d, 0x4b, 0xb6,
    0xac, 0xd9, 0xb3, 0x68, 0xd3, 0xaa, 0x5d, 0xcb, 0xb6, 0xad, 0xdb, 0xb7, 0x70, 0xe3, 0xca, 0x9d,
    0x4b, 0xb7, 0xae, 0xdd, 0xbb, 0x78, 0xf3, 0xea, 0xdd, 0xcb, 0xb7, 0xaf, 0xdf, 0xbf, 0x80, 0x03,
    0x0b, 0x1e, 0x4c, 0xb8, 0xb0, 0xe1, 0xc3, 0x88, 0x13, 0x2b, 0x5e, 0xcc, 0xb8, 0xb1, 0xe3, 0xc7,
    0x90, 0x23, 0x4b, 0x9e, 0x4c, 0xb9, 0xb2, 0xe5, 0xcb, 0x98, 0x33, 0x6b, 0xde, 0xcc, 0xb9, 0xb3,
    0xe7, 0xcf, 0xa0, 0x43, 0x8b, 0x1e, 0x4d, 0xba, 0xb4, 0xe9, 0xd3, 0xa8, 0x53, 0xab, 0x5e, 0xcd,
    0xba, 0xb5, 0xeb, 0xd7, 0xb0, 0x63, 0xcb, 0x9e, 0x4d, 0xbb, 0xb6, 0xed, 0xdb, 0xb8, 0x73, 0xeb,
    0xde, 0xcd, 0xbb, 0xb7, 0xef, 0xdf, 0xc0, 0x83, 0x0b, 0x1f, 0x4e, 0xbc, 0xb8, 0xf1, 0xe3, 0xc8,
    0x93, 0x2b, 0x5f, 0xce, 0xbc, 0xb9, 0xf3, 0x99, 0x56, 0xaf, 0xc6, 0x8e, 0x4e, 0x9b, 0xfa, 0xcd,
    0x80, 0x00, 0x21, 0xf9, 0x04, 0x01, 0x03, 0x00, 0x02, 0x00, 0x2c, 0x5d, 0x00, 0xca, 0x00, 0xa3,
    0x00, 0x5d, 0x00, 0x81, 0x00, 0x00, 0x00, 0xff, 0xff, 0xff, 0x00, 0x00, 0x00, 0x00, 0x00, 0x00,
    0x08, 0xff, 0x00, 0x05, 0x08, 0x0c, 0x40, 0x50, 0xa0, 0xc1, 0x83, 0x08, 0x13, 0x2a, 0x5c, 0xc8,
    0xb0, 0xa1, 0xc3, 0x87, 0x10, 0x23, 0x4a, 0x9c, 0x48, 0x71, 0x60, 0x41, 0x8b, 0x01, 0x2a, 0x6a,
    0xdc, 0xc8, 0xb1, 0xa3, 0xc7, 0x8f, 0x0a, 0x09, 0x66, 0xc4, 0x08, 0xb2, 0xa4, 0xc9, 0x93, 0x28,
    0x35, 0x8a, 0x34, 0xb8, 0x32, 0xa5, 0xcb, 0x97, 0x30, 0x4d, 0xb6, 0x8c, 0x49, 0xb3, 0xa6, 0xcd,
    0x9b, 0x38, 0x73, 0xea, 0xdc, 0xc9, 0xb3, 0xa7, 0x4f, 0x88, 0x00, 0x82, 0xfe, 0x1c, 0x4a, 0x54,
    0x63, 0x50, 0x00, 0x45, 0x93, 0x2a, 0x6d, 0x78, 0x74, 0xa9, 0xd3, 0xa7, 0x50, 0xa3, 0x4a, 0x9d,
    0x4a, 0xb5, 0xaa, 0xd5, 0xab, 0x58, 0xb3, 0x6a, 0xdd, 0xca, 0xb5, 0xab, 0xd7, 0xaf, 0x60, 0xc3,
    0x8a, 0x1d, 0x4b, 0xb6, 0xac, 0xd9, 0xb3, 0x68, 0xd3, 0xaa, 0x5d, 0xcb, 0xb6, 0xad, 0xdb, 0xb7,
    0x70, 0xe3, 0xca, 0x9d, 0x4b, 0xb7, 0x6b, 0xd3, 0xba, 0x5c, 0xef, 0xe2, 0xd5, 0xaa, 0x77, 0xaf,
    0xdf, 0xbf, 0x80, 0x03, 0x0b, 0xe6, 0x3a, 0x73, 0xb0, 0xd4, 0xc2, 0x86, 0xa1, 0x22, 0x4e, 0xec,
    0x74, 0x31, 0x63, 0xa5, 0x8e, 0x1f, 0x17, 0x8d, 0x2c, 0x79, 0x28, 0xe5, 0xca, 0x98, 0x33, 0x6b,
    0xde, 0xcc, 0xb9, 0xb3, 0xe7, 0xcf, 0xa0, 0x43, 0x8b, 0x1e, 0x4d, 0xba, 0xb4, 0xe9, 0xd3, 0xa8,
    0x53, 0xab, 0x5e, 0xcd, 0xba, 0xb5, 0xeb, 0xd7, 0xb0, 0x63, 0xcb, 0x9e, 0x4d, 0xbb, 0xb6, 0xed,
    0xdb, 0xb8, 0x73, 0xeb, 0xde, 0xcd, 0xbb, 0xb7, 0xef, 0xdf, 0xc0, 0x2f, 0x03, 0x67, 0x79, 0x71,
    0x78, 0x43, 0xe1, 0xc6, 0x93, 0x2b, 0x5f, 0xce, 0xbc, 0xb9, 0x73, 0xdc, 0xc8, 0x87, 0x47, 0x0f,
    0x5e, 0xfc, 0xb9, 0xf5, 0xeb, 0xd8, 0xb3, 0x6b, 0xdf, 0x6e, 0x5a, 0xe4, 0x48, 0xeb, 0xde, 0xb1,
    0x87, 0x03, 0xcf, 0x19, 0x10, 0x00, 0x21, 0xf9, 0x04, 0x01, 0x03, 0x00, 0x02, 0x00, 0x2c, 0x5d,
    0x00, 0xca, 0x00, 0xe7, 0x00, 0x54, 0x00, 0x81, 0x00, 0x00, 0x00, 0xff, 0xff, 0xff, 0x00, 0x00,
    0x00, 0x00, 0x00, 0x00, 0x08, 0xff, 0x00, 0x05, 0x08, 0x04, 0x40, 0x50, 0xa0, 0xc1, 0x83, 0x08,
    0x13, 0x2a, 0x5c, 0xc8, 0xb0, 0xa1, 0xc3, 0x87, 0x10, 0x23, 0x4a, 0x9c, 0x48, 0x71, 0x60, 0xc1,
    0x8a, 0x18, 0x33, 0x42, 0x24, 0x08, 0x40, 0xa3, 0xc7, 0x8f, 0x20, 0x43, 0x8a, 0xdc, 0x78, 0x71,
    0xa4, 0xc9, 0x88, 0x1c, 0x4f, 0xaa, 0x5c, 0xc9, 0x92, 0x65, 0xca, 0x96, 0x30, 0x0d, 0xbe, 0x8c,
    0x49, 0xb3, 0xa6, 0xcd, 0x84, 0x33, 0x6f, 0xea, 0xdc, 0xc9, 0xb3, 0xa7, 0xcf, 0x9f, 0x40, 0x83,
    0x0a, 0x1d, 0x4a, 0xb4, 0xa8, 0xd1, 0xa3, 0x48, 0x23, 0x06, 0x58, 0x9a, 0xb4, 0xa9, 0xd3, 0xa7,
    0x02, 0x97, 0x06, 0x80, 0x4a, 0xb5, 0xaa, 0x50, 0xa9, 0x56, 0xb3, 0x6a, 0xdd, 0xca, 0xb5, 0xab,
    0xd7, 0xaf, 0x60, 0xc3, 0x8a, 0x1d, 0x4b, 0xb6, 0xac, 0xd9, 0xb3, 0x68, 0xd3, 0xaa, 0x5d, 0xcb,
    0xb6, 0xad, 0xdb, 0xb7, 0x70, 0xe3, 0xca, 0x9d, 0x4b, 0xb7, 0xae, 0xdd, 0xbb, 0x78, 0xf3, 0xea,
    0xdd, 0xcb, 0xb7, 0xaf, 0xdf, 0xbf, 0x80, 0x03, 0x0b, 0x1e, 0x4c, 0xb8, 0xb0, 0xe1, 0xc3, 0x88,
    0x13, 0x2b, 0x5e, 0xcc, 0x78, 0x71, 0xce, 0xc6, 0x87, 0x1f, 0x43, 0x2e, 0x2c, 0x79, 0xf2, 0xe0,
    0xca, 0x96, 0x03, 0x63, 0xce, 0xfc, 0x77, 0x33, 0xe7, 0xbe, 0x9e, 0x3f, 0xef, 0x0d, 0x2d, 0x3a,
    0x2f, 0xe9, 0xd2, 0x77, 0x4f, 0xa3, 0x5e, 0xdd, 0x52, 0xea, 0x54, 0xd6, 0x7e, 0x5d, 0xc3, 0x8e,
    0x8d, 0x75, 0xb6, 0xed, 0xdb, 0xb8, 0x73, 0xeb, 0xde, 0xcd, 0xbb, 0xb7, 0xef, 0xdf, 0xc0, 0x83,
    0x0b, 0x1f, 0x4e, 0xbc, 0xb8, 0xf1, 0xe3, 0xc8, 0x93, 0x2b, 0x5f, 0x7e, 0xb2, 0x36, 0xf3, 0xb2,
    0xce, 0x9f, 0x8f, 0x8d, 0x2e, 0xbd, 0xba, 0xf5, 0xeb, 0xd8, 0xb3, 0x6b, 0xdf, 0xce, 0xbd, 0xbb,
    0xf7, 0xef, 0xe0, 0xc3, 0x0b, 0x2f, 0xa7, 0xfe, 0x55, 0xb5, 0x6f, 0xf2, 0x5e, 0xcd, 0xf7, 0x46,
    0xdf, 0x55, 0xbd, 0xf8, 0x86, 0xee, 0xdf, 0xf7, 0x8c, 0x2f, 0x7f, 0x27, 0xfd, 0xfa, 0xf8, 0xf3,
    0xeb, 0xdf, 0xcf, 0xbf, 0xbf, 0xff, 0xff, 0xfa, 0xdd, 0x07, 0xe0, 0x49, 0x02, 0x0e, 0x38, 0x52,
    0x81, 0x06, 0x26, 0x14, 0x10, 0x00, 0x21, 0xf9, 0x04, 0x01, 0x03, 0x00, 0x02, 0x00, 0x2c, 0x60,
    0x00, 0xbe, 0x00, 0xe4, 0x00, 0x69, 0x00, 0x81, 0x00, 0x00, 0x00, 0xff, 0xff, 0xff, 0x00, 0x00,
    0x00, 0x00, 0x00, 0x00, 0x08, 0xff, 0x00, 0x05, 0x08, 0x1c, 0x48, 0xb0, 0x20, 0xc1, 0x00, 0x08,
    0x13, 0x06, 0x30, 0xc8, 0xd0, 0x60, 0xc2, 0x86, 0x10, 0x23, 0x4a, 0x9c, 0x48, 0xb1, 0xa2, 0xc5,
    0x8b, 0x18, 0x33, 0x6a, 0xdc, 0x88, 0x51, 0xe1, 0xc3, 0x8c, 0x1f, 0x39, 0x8a, 0x1c, 0x49, 0xb2,
    0xa4, 0xc9, 0x93, 0x28, 0x05, 0x78, 0x44, 0xa8, 0x31, 0x64, 0xca, 0x97, 0x30, 0x63, 0xca, 0x9c,
    0x49, 0xf3, 0xa0, 0xcb, 0x9a, 0x38, 0x73, 0xea, 0xdc, 0xf9, 0x52, 0x21, 0xcf, 0x9f, 0x40, 0x83,
    0x0a, 0x85, 0xe8, 0x73, 0xa8, 0xd1, 0xa3, 0x48, 0x93, 0x2a, 0xe5, 0x79, 0x73, 0xa9, 0xd3, 0xa7,
    0x50, 0x1d, 0xb2, 0x8c, 0x4a, 0xb5, 0xaa, 0xd3, 0xa6, 0x56, 0xb3, 0x6a, 0xdd, 0xca, 0xb5, 0xab,
    0xd7, 0xaf, 0x60, 0xc3, 0x8a, 0xd5, 0x89, 0x75, 0xac, 0x59, 0xa9, 0x0b, 0xc1, 0x96, 0x3d, 0xcb,
    0x56, 0xe5, 0xd4, 0xaf, 0x6b, 0xdb, 0x9a, 0x8d, 0x5b, 0x95, 0xae, 0xdc, 0xb0, 0x76, 0xef, 0xea,
    0xdd, 0xcb, 0xb7, 0xaf, 0xdf, 0xbf, 0x80, 0x03, 0x0b, 0x1e, 0x4c, 0xb8, 0xb0, 0xe1, 0xc3, 0x88,
    0x13, 0x2b, 0x5e, 0xcc, 0xb8, 0xb1, 0xe3, 0xc7, 0x90, 0x23, 0x4b, 0x9e, 0x4c, 0xb9, 0xb2, 0xe5,
    0xcb, 0x98, 0x33, 0x6b, 0xde, 0xcc, 0xb9, 0xb3, 0xe7, 0xcf, 0xa0, 0x33, 0x17, 0x0d, 0x7d, 0x79,
    0x34, 0xe9, 0xca, 0xa6, 0x4f, 0x4f, 0x4e, 0xad, 0x3a, 0x32, 0xeb, 0xd6, 0x8f, 0x5f, 0xc3, 0x9e,
    0x4d, 0xbb, 0xb6, 0xed, 0xdb, 0xb8, 0x73, 0xeb, 0xde, 0xcd, 0xbb, 0xb7, 0xef, 0xdf, 0xc0, 0x83,
    0x0b, 0x1f, 0x4e, 0xbc, 0xb8, 0xf1, 0xe3, 0xc8, 0x93, 0x2b, 0x5f, 0xce, 0xbc, 0xb9, 0xf3, 0xe7,
    0xd0, 0xa3, 0x4b, 0x9f, 0x4e, 0xbd, 0xba, 0xf5, 0xeb, 0xd8, 0xb3, 0x6b, 0xdf, 0xce, 0xbd, 0xbb,
    0xf7, 0xef, 0xe0, 0xab, 0x02, 0x57, 0x18, 0x1f, 0x9e, 0xea, 0x78, 0x00, 0xe5, 0xa3, 0x9e, 0x4f,
    0xcf, 0xbe, 0xbd, 0xfb, 0xf7, 0xf0, 0xe3, 0xcb, 0x9f, 0x4f, 0xbf, 0xbe, 0xfd, 0xfb, 0xbf, 0xf3,
    0xe2, 0x4f, 0xa9, 0x7f, 0xff, 0xc9, 0xfe, 0xf0, 0x01, 0xe8, 0x1f, 0x49, 0x02, 0x0e, 0x28, 0x52,
    0x81, 0x9b, 0x9d, 0x87, 0x9e, 0x81, 0x35, 0x29, 0xc8, 0x60, 0x83, 0xeb, 0x3d, 0x28, 0xe1, 0x84,
    0x14, 0x56, 0x68, 0xe1, 0x85, 0x18, 0x66, 0xa8, 0xe1, 0x86, 0x1c, 0x76, 0xe8, 0xe1, 0x87, 0x20,
    0x46, 0xe7, 0x60, 0x88, 0x19, 0x8d, 0x48, 0xe2, 0x45, 0x26, 0x5e, 0x16, 0x10, 0x00, 0x21, 0xf9,
    0x04, 0x01, 0x03, 0x00, 0x02, 0x00, 0x2c, 0x60, 0x00, 0xbe, 0x00, 0xa3, 0x00, 0x69, 0x00, 0x81,
    0x00, 0x00, 0x00, 0xff, 0xff, 0xff, 0x00, 0x00, 0x00, 0x00, 0x00, 0x00, 0x08, 0xff, 0x00, 0x05,
    0x08, 0x1c, 0x48, 0xb0, 0x20, 0x41, 0x00, 0x08, 0x01, 0x18, 0x5c, 0xc8, 0x50, 0x40, 0xc2, 0x86,
    0x10, 0x23, 0x4a, 0x9c, 0x48, 0xb1, 0xa2, 0xc5, 0x8b, 0x17, 0x13, 0x2a, 0xc4, 0x38, 0xf0, 0x21,
    0xc7, 0x8f, 0x20, 0x43, 0x8a, 0x1c, 0x79, 0xd0, 0xe3, 0x47, 0x93, 0x24, 0x53, 0xaa, 0x5c, 0xc9,
    0xb2, 0xa5, 0xcb, 0x97, 0x30, 0x63, 0xca, 0x9c, 0x49, 0xb3, 0xa6, 0xcd, 0x9b, 0x38, 0x73, 0xea,
    0xdc, 0xc9, 0x33, 0x25, 0xca, 0x9e, 0x40, 0x83, 0x56, 0xfc, 0x29, 0xb4, 0xa8, 0xd1, 0x82, 0x44,
    0x8f, 0x2a, 0x5d, 0xca, 0xb4, 0xa9, 0xd3, 0xa7, 0x50, 0x6d, 0x26, 0x8d, 0x4a, 0xd5, 0x27, 0xc2,
    0x8e, 0x57, 0xab, 0x6a, 0x5d, 0x69, 0x72, 0xea, 0xd6, 0xaf, 0x19, 0xb3, 0x3a, 0x14, 0x0b, 0xb6,
    0x2c, 0x46, 0xaf, 0x66, 0xd3, 0xaa, 0x5d, 0xcb, 0xb6, 0xad, 0xdb, 0xb7, 0x70, 0xe3, 0xca, 0x9d,
    0x4b, 0xb7, 0xae, 0xdd, 0xbb, 0x78, 0xf3, 0xea, 0xdd, 0xcb, 0xb7, 0xaf, 0xdf, 0xbf, 0x80, 0x03,
    0x0b, 0x1e, 0x4c, 0xb8, 0xb0, 0xe1, 0xc3, 0x88, 0x13, 0x2b, 0x5e, 0xcc, 0xb8, 0xb1, 0xe3, 0xc7,
    0x90, 0x23, 0x4b, 0x9e, 0x4c, 0xb9, 0xb2, 0xe5, 0xcb, 0x98, 0x33, 0x6b, 0xde, 0xcc, 0xb9, 0xb3,
    0xe7, 0xcf, 0xa0, 0x43, 0x8b, 0x1e, 0x4d, 0xba, 0xb4, 0xe9, 0xd3, 0xa8, 0x53, 0xab, 0x5e, 0xcd,
    0xba, 0xb5, 0xeb, 0xd7, 0xb0, 0x63, 0xcb, 0x9e, 0x4d, 0xbb, 0xb6, 0xed, 0xdb, 0xb8, 0x73, 0xeb,
    0xde, 0xcd, 0xbb, 0xb7, 0xef, 0xdf, 0xc0, 0x83, 0x0b, 0x1f, 0x4e, 0xbc, 0xb8, 0xf1, 0xe3, 0xc8,
    0x93, 0x2b, 0x5f, 0xce, 0xbc, 0xb9, 0xf3, 0xe7, 0xd0, 0xa3, 0x4b, 0x9f, 0x4e, 0xbd, 0xba, 0xf5,
    0xeb, 0xd8, 0x29, 0x07, 0xd8, 0x4e, 0x7c, 0x7b, 0x80, 0xee, 0xdc, 0x81, 0x06, 0x01, 0x04, 0x00,
    0x21, 0xf9, 0x04, 0x01, 0x03, 0x00, 0x02, 0x00, 0x2c, 0x5d, 0x00, 0xd1, 0x00, 0x76, 0x00, 0x56,
    0x00, 0x81, 0x00, 0x00, 0x00, 0xff, 0xff, 0xff, 0x00, 0x00, 0x00, 0x00, 0x00, 0x00, 0x08, 0xaf,
    0x00, 0x01, 0x08, 0x14, 0x40, 0xb0, 0xa0, 0xc1, 0x83, 0x08, 0x13, 0x2a, 0x5c, 0xc8, 0xb0, 0xa1,
    0xc3, 0x87, 0x10, 0x19, 0x0a, 0x04, 0x10, 0xb1, 0xa2, 0xc5, 0x8b, 0x18, 0x33, 0x4a, 0x1c, 0xa8,
    0xb1, 0xa3, 0xc7, 0x8f, 0x20, 0x43, 0x8a, 0x1c, 0x49, 0xb2, 0xa4, 0xc9, 0x93, 0x28, 0x53, 0xaa,
    0x5c, 0xc9, 0xb2, 0xa5, 0xcb, 0x97, 0x30, 0x63, 0xca, 0x9c, 0x49, 0xb3, 0xa6, 0xcd, 0x9b, 0x38,
    0x73, 0xea, 0xdc, 0xc9, 0xb3, 0xa7, 0xcf, 0x9f, 0x40, 0x83, 0x0a, 0x1d, 0x4a, 0xb4, 0xa8, 0xd1,
    0xa3, 0x48, 0x93, 0x2a, 0x5d, 0xca, 0xb4, 0xa9, 0xd3, 0xa7, 0x50, 0xa3, 0x4a, 0x9d, 0x4a, 0xb5,
    0xaa, 0xd5, 0xab, 0x58, 0xb3, 0x6a, 0xdd, 0xca, 0xb5, 0xab, 0xd7, 0xaf, 0x60, 0xc3, 0x8a, 0x1d,
    0x4b, 0xb6, 0xac, 0xd9, 0xb3, 0x68, 0xd3, 0xaa, 0x5d, 0xcb, 0xb6, 0xad, 0xdb, 0xb7, 0x70, 0xe3,
    0xca, 0x9d, 0x4b, 0xb7, 0xae, 0xdd, 0xbb, 0x78, 0xf3, 0xea, 0xdd, 0xcb, 0xb7, 0xaf, 0xdf, 0xbf,
    0x80, 0x03, 0x0b, 0x1e, 0x4c, 0xb8, 0xb0, 0xe1, 0xc3, 0x88, 0x13, 0x2b, 0x5e, 0xcc, 0xb8, 0xb1,
    0xe3, 0xc7, 0x90, 0x23, 0x4b, 0x9e, 0xbc, 0x70, 0xa2, 0x5e, 0xcb, 0x79, 0x27, 0x06, 0x04, 0x00,
    0x21, 0xf9, 0x04, 0x01, 0x03, 0x00, 0x02, 0x00, 0x2c, 0xb0, 0x00, 0x0b, 0x01, 0x3a, 0x00, 0x09,
    0x00, 0x81, 0x00, 0x00, 0x00, 0xff, 0xff, 0xff, 0x00, 0x00, 0x00, 0x00, 0x00, 0x00, 0x08, 0x42,
    0x00, 0x05, 0x08, 0x1c, 0x48, 0xb0, 0xa0, 0xc1, 0x83, 0x08, 0x13, 0x0e, 0x0c, 0xc0, 0x90, 0x20,
    0xc3, 0x00, 0x0a, 0x23, 0x4a, 0x9c, 0x28, 0xf0, 0xa1, 0xc3, 0x86, 0x14, 0x33, 0x6a, 0xac, 0x88,
    0x91, 0xe3, 0x43, 0x88, 0x1b, 0x43, 0x8a, 0xb4, 0x28, 0xb2, 0x64, 0x46, 0x92, 0x26, 0x53, 0xaa,
    0x54, 0x08, 0xa0, 0xe5, 0xca, 0x97, 0x06, 0x5b, 0x02, 0x80, 0x49, 0x53, 0xa0, 0xcc, 0x9a, 0x04,
    0x03, 0x02, 0x00, 0x21, 0xf9, 0x04, 0x01, 0x03, 0x00, 0x02, 0x00, 0x2c, 0x60, 0x00, 0xbe, 0x00,
    0xe4, 0x00, 0x56, 0x00, 0x81, 0x00, 0x00, 0x00, 0xff, 0xff, 0xff, 0x00, 0x00, 0x00, 0x00, 0x00,
    0x00, 0x08, 0xff, 0x00, 0x05, 0x08, 0x1c, 0x48, 0xb0, 0xa0, 0xc1, 0x83, 0x08, 0x13, 0x06, 0x58,
    0x98, 0xb0, 0xa1, 0xc3, 0x87, 0x10, 0x23, 0x4a, 0x9c, 0x48, 0xb1, 0xa2, 0xc5, 0x8b, 0x18, 0x33,
    0x22, 0x5c, 0x18, 0x40, 0xa3, 0xc7, 0x8f, 0x20, 0x43, 0x8a, 0x1c, 0x49, 0x12, 0x22, 0xc7, 0x92,
    0x28, 0x53, 0xaa, 0x5c, 0xc9, 0xb2, 0xa5, 0xcb, 0x97, 0x30, 0x63, 0xca, 0x9c, 0x49, 0xb3, 0xa6,
    0xcd, 0x9b, 0x38, 0x73, 0xea, 0xdc, 0x69, 0xf0, 0x24, 0xcf, 0x9f, 0x40, 0x83, 0x36, 0xf4, 0x29,
    0xb4, 0xa8, 0x51, 0x9e, 0x44, 0x8f, 0x2a, 0x5d, 0xca, 0xb4, 0xa9, 0xd3, 0xa7, 0x50, 0xa3, 0x4a,
    0x9d, 0x4a, 0xb5, 0xaa, 0xd1, 0xa4, 0x56, 0xb3, 0x6a, 0x15, 0x88, 0x75, 0xab, 0xd7, 0xa9, 0x5d,
    0xbf, 0x8a, 0x75, 0x1a, 0x76, 0xac, 0xd9, 0xb3, 0x68, 0xd3, 0xaa, 0x5d, 0xcb, 0xb6, 0xad, 0xdb,
    0xb7, 0x70, 0xe3, 0xca, 0x9d, 0x4b, 0xb7, 0xae, 0xdd, 0xbb, 0x78, 0xf3, 0xea, 0xdd, 0xcb, 0xb7,
    0xaf, 0xdf, 0xbf, 0x80, 0x03, 0x0b, 0x1e, 0x4c, 0xb8, 0xf0, 0x4c, 0x8e, 0x1d, 0x0d, 0x17, 0x46,
    0xac, 0x78, 0x71, 0xd9, 0xc6, 0x7c, 0x19, 0x43, 0x9e, 0x4c, 0xb9, 0xb2, 0xe5, 0xcb, 0x98, 0x33,
    0x6b, 0xde, 0xcc, 0xb9, 0xb3, 0xd8, 0xc7, 0x9e, 0xdf, 0x82, 0x0e, 0xdd, 0x76, 0x34, 0xe9, 0xb5,
    0xa6, 0x4f, 0xa7, 0x4d, 0xad, 0xfa, 0x2c, 0xeb, 0xd6, 0x63, 0x5f, 0xc3, 0xfe, 0x2a, 0x7b, 0xf6,
    0xd6, 0xda, 0xb6, 0xb3, 0xe2, 0xce, 0x5d, 0x75, 0x37, 0x6f, 0xb0, 0x0c, 0x7f, 0xb3, 0xf5, 0x2d,
    0xbc, 0xb8, 0xf1, 0xe3, 0xc8, 0x93, 0x2b, 0x5f, 0xce, 0xbc, 0xb9, 0xf3, 0xe7, 0xd0, 0xa3, 0x4b,
    0x9f, 0x4e, 0xbd, 0xba, 0xf5, 0xeb, 0xd8, 0xb3, 0x6b, 0xdf, 0xce, 0xbd, 0xbb, 0xf7, 0xef, 0xe0,
    0xc3, 0x8b, 0x2a, 0x1f, 0x4f, 0xbe, 0xbc, 0xf9, 0xf3, 0xe8, 0xd3, 0x5b, 0x06, 0xc0, 0x5e, 0x3d,
    0x4e, 0xf6, 0x00, 0xdc, 0xdf, 0x84, 0xaf, 0x9e, 0xbe, 0xfc, 0x9a, 0xf6, 0xef, 0xcf, 0xcc, 0xaf,
    0x9f, 0x6c, 0xf0, 0xfe, 0x31, 0x11, 0x07, 0x20, 0x46, 0x02, 0xea, 0x15, 0x10, 0x00, 0x21, 0xf9,
    0x04, 0x01, 0x03, 0x00, 0x02, 0x00, 0x2c, 0x60, 0x00, 0xbe, 0x00, 0xe4, 0x00, 0x56, 0x00, 0x81,
    0x00, 0x00, 0x00, 0xff, 0xff, 0xff, 0x00, 0x00, 0x00, 0x00, 0x00, 0x00, 0x08, 0xff, 0x00, 0x05,
    0x08, 0x1c, 0x48, 0xb0, 0xa0, 0x41, 0x81, 0x00, 0x12, 0x1e, 0x5c, 0x48, 0x30, 0x21, 0x00, 0x86,
    0x10, 0x23, 0x4a, 0x9c, 0x48, 0xb1, 0xa2, 0xc5, 0x8b, 0x18, 0x33, 0x6a, 0xdc, 0xb8, 0xd0, 0x61,
    0x46, 0x8f, 0x1c, 0x43, 0x8a, 0x1c, 0x49, 0xb2, 0xa4, 0xc9, 0x92, 0x20, 0x2f, 0xa6, 0x3c, 0xc9,
    0xb2, 0xa5, 0xcb, 0x97, 0x30, 0x63, 0xca, 0x9c, 0x49, 0xb3, 0xa6, 0xcd, 0x9b, 0x38, 0x73, 0xea,
    0xdc, 0xc9, 0xb3, 0xa7, 0xcf, 0x9f, 0x3b, 0x57, 0x02, 0x1d, 0x4a, 0xb4, 0x68, 0x45, 0xa1, 0x46,
    0x93, 0x2a, 0x4d, 0x8a, 0x74, 0xa9, 0xd3, 0xa7, 0x50, 0xa3, 0x4a, 0x9d, 0x4a, 0xb5, 0xaa, 0xd5,
    0xab, 0x58, 0xb3, 0x6a, 0x8d, 0xd8, 0x74, 0xab, 0xd7, 0xaf, 0x08, 0x15, 0x82, 0x1d, 0x3b, 0xb6,
    0x2b, 0xd9, 0xb3, 0x54, 0xcd, 0xa2, 0x5d, 0xcb, 0xb6, 0xad, 0xdb, 0xb7, 0x70, 0xe3, 0xca, 0x9d,
    0x4b, 0xb7, 0xae, 0xdd, 0xbb, 0x78, 0xf3, 0xea, 0xdd, 0xcb, 0xb7, 0xaf, 0xdf, 0xbf, 0x80, 0x03,
    0x0b, 0x1e, 0x4c, 0xb8, 0xb0, 0xe1, 0xc3, 0x88, 0x13, 0x2b, 0x06, 0xeb, 0xf0, 0xe1, 0xe2, 0xc7,
    0x8d, 0x1f, 0x43, 0x56, 0x2b, 0x39, 0x70, 0xe4, 0xca, 0x98, 0x33, 0x6b, 0xde, 0xcc, 0xb9, 0xb3,
    0xe7, 0xcf, 0xa0, 0x43, 0x8b, 0x1e, 0x4d, 0xba, 0xb4, 0xe9, 0xd3, 0xa8, 0x07, 0x52, 0x4e, 0xed,
    0x76, 0x35, 0x6b, 0xb6, 0xae, 0x5f, 0xa3, 0x8d, 0x2d, 0x9b, 0x2c, 0xed, 0xda, 0x8c, 0xc5, 0xe2,
    0x96, 0x7b, 0x7b, 0xf7, 0xd6, 0xde, 0xbe, 0xb3, 0x02, 0x0f, 0x7e, 0x75, 0x38, 0xf1, 0xe3, 0xc8,
    0x93, 0x2b, 0x5f, 0xce, 0xbc, 0xb9, 0xf3, 0xe7, 0x9c, 0x03, 0x48, 0x87, 0x0e, 0x56, 0x7a, 0x00,
    0xea, 0x5f, 0xad, 0x63, 0xdf, 0xce, 0xbd, 0xbb, 0xf7, 0xef, 0xe0, 0xc3, 0x8b, 0x2b, 0x1f, 0x4f,
    0xbe, 0xbc, 0xf9, 0xf3, 0xe8, 0xd3, 0xab, 0x5f, 0xcf, 0xbe, 0xbd, 0xfb, 0xf7, 0xf0, 0xe3, 0xa3,
    0x36, 0x2e, 0xdf, 0x24, 0xfd, 0xfa, 0x24, 0xef, 0xe3, 0xdf, 0xcf, 0xbf, 0x3f, 0x6b, 0xfd, 0xfe,
    0x7d, 0xa4, 0x5b, 0x80, 0x34, 0x01, 0xe8, 0x57, 0x40, 0x00, 0x21, 0xf9, 0x04, 0x01, 0x03, 0x00,
    0x02, 0x00, 0x2c, 0x5d, 0x00, 0xbe, 0x00, 0xe7, 0x00, 0x56, 0x00, 0x81, 0x00, 0x00, 0x00, 0xff,
    0xff, 0xff, 0x00, 0x00, 0x00, 0x00, 0x00, 0x00, 0x08, 0xff, 0x00, 0x05, 0x08, 0x1c, 0x48, 0xb0,
    0xa0, 0xc1, 0x83, 0x08, 0x13, 0x02, 0x58, 0x98, 0xb0, 0xa1, 0xc3, 0x87, 0x10, 0x23, 0x4a, 0x9c,
    0x48, 0xb1, 0xa2, 0xc5, 0x8b, 0x18, 0x33, 0x3a, 0x5c, 0x08, 0x40, 0xa3, 0xc7, 0x8f, 0x20, 0x43,
    0x8a, 0x1c, 0x49, 0x72, 0x22, 0xc7, 0x92, 0x28, 0x53, 0xaa, 0x5c, 0xc9, 0xb2, 0xa5, 0xcb, 0x97,
    0x30, 0x63, 0xca, 0x9c, 0x49, 0xb3, 0xa6, 0xcd, 0x9b, 0x38, 0x73, 0xea, 0xdc, 0xc9, 0xb3, 0xa7,
    0xcf, 0x9f, 0x40, 0x83, 0x0a, 0x1d, 0x4a, 0xb4, 0xa8, 0xd1, 0xa3, 0x48, 0x93, 0x2a, 0x5d, 0xca,
    0xb4, 0xa9, 0xd3, 0xa7, 0x50, 0xa3, 0x4a, 0x9d, 0x4a, 0xb5, 0xaa, 0xd5, 0xab, 0x58, 0xb3, 0x6a,
    0xdd, 0xca, 0xb5, 0xab, 0xd7, 0xaf, 0x60, 0xc3, 0x8a, 0x1d, 0x4b, 0xb6, 0xac, 0xd9, 0xb3, 0x68,
    0xd3, 0xaa, 0x5d, 0xcb, 0xb6, 0xad, 0xdb, 0xb7, 0x70, 0xe3, 0xca, 0x9d, 0x4b, 0xb7, 0xae, 0xdd,
    0xbb, 0x78, 0xf3, 0xea, 0xdd, 0xcb, 0xb7, 0xaf, 0xdf, 0xbf, 0x80, 0x03, 0x0b, 0x7e, 0xca, 0xb1,
    0xe3, 0xe0, 0xb7, 0x85, 0x0f, 0x23, 0x3e, 0xa9, 0xb8, 0xb1, 0xe3, 0xc7, 0x90, 0x23, 0x7f, 0x65,
    0x2c, 0xf9, 0x2c, 0xe5, 0xca, 0x65, 0x2f, 0x63, 0x1e, 0x1b, 0xa0, 0xf3, 0x66, 0xb3, 0x9d, 0x03,
    0x7c, 0x2e, 0x1b, 0x7a, 0x34, 0xd9, 0xd2, 0xa6, 0xc5, 0xa2, 0x4e, 0x0d, 0x76, 0x35, 0x6b, 0xaf,
    0xae, 0x5f, 0xcb, 0x9e, 0x4d, 0xbb, 0xb6, 0xed, 0xdb, 0xb8, 0x73, 0xeb, 0xde, 0xcd, 0xbb, 0xb7,
    0xef, 0xdf, 0x6a, 0x35, 0x03, 0x67, 0x2a, 0x7c, 0xb8, 0xd2, 0xe2, 0xc6, 0x93, 0x2b, 0x5f, 0xce,
    0xbc, 0xb9, 0x48, 0xe4, 0xce, 0x83, 0x42, 0x8f, 0xfe, 0x73, 0x3a, 0xf5, 0xeb, 0x77, 0x63, 0x63,
    0x07, 0xaa, 0x7d, 0xbb, 0xcf, 0xee, 0xde, 0xc3, 0x8b, 0x21, 0x1f, 0x4f, 0xbe, 0xbc, 0xf9, 0xf3,
    0xe8, 0xd3, 0x53, 0x04, 0xaf, 0x3e, 0x26, 0xfb, 0xf6, 0x2f, 0xdf, 0xc3, 0x9f, 0x4f, 0xbf, 0xbe,
    0x6e, 0xf9, 0xf6, 0x51, 0xe2, 0xcf, 0x4f, 0x72, 0x7f, 0xdd, 0x80, 0x00, 0x21, 0xf9, 0x04, 0x01,
    0x03, 0x00, 0x02, 0x00, 0x2c, 0x5d, 0x00, 0xbe, 0x00, 0xe7, 0x00, 0x59, 0x00, 0x81, 0x00, 0x00,
    0x00, 0xff, 0xff, 0xff, 0x00, 0x00, 0x00, 0x00, 0x00, 0x00, 0x08, 0xff, 0x00, 0x05, 0x08, 0x1c,
    0x48, 0xb0, 0xa0, 0xc1, 0x83, 0x08, 0x13, 0x06, 0x58, 0x98, 0xb0, 0xa1, 0xc3, 0x87, 0x10, 0x23,
    0x4a, 0x9c, 0x48, 0xb1, 0xa2, 0xc5, 0x8b, 0x18, 0x33, 0x3a, 0x5c, 0x18, 0x40, 0xa3, 0xc7, 0x8f,
    0x20, 0x43, 0x8a, 0x1c, 0x49, 0x72, 0x22, 0xc7, 0x92, 0x28, 0x53, 0xaa, 0x5c, 0xc9, 0xb2, 0xa5,
    0xcb, 0x97, 0x30, 0x63, 0xca, 0x9c, 0x49, 0xb3, 0xa6, 0xcd, 0x9b, 0x38, 0x73, 0xea, 0xdc, 0xc9,
    0xb3, 0xa7, 0xcf, 0x9f, 0x40, 0x83, 0x0a, 0x1d, 0x4a, 0xb4, 0xa8, 0xd1, 0xa3, 0x48, 0x93, 0x2a,
    0x5d, 0xca, 0xb4, 0xa9, 0xd3, 0xa7, 0x50, 0xa3, 0x4a, 0x9d, 0x4a, 0xb5, 0xaa, 0xd5, 0xab, 0x58,
    0xb3, 0x6a, 0xdd, 0xca, 0xb5, 0xab, 0xd7, 0xaf, 0x60, 0xc3, 0x8a, 0x1d, 0x4b, 0xb6, 0xac, 0xd9,
    0xb3, 0x68, 0xd3, 0xaa, 0x5d, 0xcb, 0xb6, 0xad, 0xdb, 0xb7, 0x70, 0xe3, 0xca, 0x9d, 0x4b, 0xb7,
    0xae, 0xdd, 0xbb, 0x78, 0xf3, 0xea, 0xdd, 0xcb, 0xb7, 0xaf, 0xdf, 0xbf, 0x80, 0x03, 0x0b, 0x7e,
    0xca, 0xb1, 0xe3, 0xe0, 0xb7, 0x85, 0x0f, 0x23, 0x3e, 0xa9, 0xb8, 0xb1, 0xe3, 0xc7, 0x90, 0x23,
    0x4b, 0x9e, 0x4c, 0xb9, 0xb2, 0xe5, 0xbd, 0x00, 0x32, 0x5f, 0x26, 0x9b, 0x19, 0xc0, 0xe6, 0xb1,
    0x9d, 0x3f, 0x8b, 0x0d, 0x2d, 0x1a, 0x2c, 0xe9, 0xd2, 0x5e, 0x4f, 0xa3, 0xe6, 0xaa, 0x7a, 0xb5,
    0xeb, 0xd7, 0xb0, 0x63, 0xcb, 0x9e, 0x4d, 0xbb, 0xb6, 0xed, 0xdb, 0xb8, 0x73, 0xeb, 0xde, 0xcd,
    0xbb, 0xb7, 0xef, 0xdf, 0xc0, 0x83, 0x0b, 0x1f, 0x4e, 0x9c, 0x2a, 0xe3, 0xe2, 0x44, 0x8f, 0x23,
    0x17, 0xaa, 0x7c, 0xb9, 0xf3, 0xe7, 0xd0, 0xa3, 0x4b, 0x9f, 0x4e, 0xbd, 0xba, 0xf5, 0xeb, 0xd8,
    0xb3, 0x6b, 0xdf, 0x0e, 0xb3, 0xb9, 0x56, 0xef, 0x93, 0xc1, 0x63, 0x1a, 0x15, 0x1f, 0x99, 0xbc,
    0x55, 0xf3, 0xdc, 0xd3, 0xab, 0x5f, 0xcf, 0xbe, 0xbd, 0xfb, 0xd5, 0xe8, 0xdf, 0x87, 0x8c, 0x2f,
    0xff, 0x23, 0xfd, 0xdc, 0x01, 0x01, 0x00, 0x21, 0xf9, 0x04, 0x01, 0x03, 0x00, 0x02, 0x00, 0x2c,
    0x5d, 0x00, 0xbe, 0x00, 0xe7, 0x00, 0x50, 0x00, 0x81, 0x00, 0x00, 0x00, 0xff, 0xff, 0xff, 0x00,
    0x00, 0x00, 0x00, 0x00, 0x00, 0x08, 0xff, 0x00, 0x05, 0x08, 0x1c, 0x48, 0xb0, 0xa0, 0xc1, 0x83,
    0x08, 0x13, 0x02, 0x58, 0x98, 0xb0, 0xa1, 0xc3, 0x87, 0x10, 0x23, 0x4a, 0x9c, 0x48, 0xb1, 0xa2,
    0xc5, 0x8b, 0x18, 0x33, 0x3a, 0x5c, 0x08, 0x40, 0xa3, 0xc7, 0x8f, 0x20, 0x43, 0x8a, 0x1c, 0x49,
    0x72, 0x22, 0xc7, 0x92, 0x28, 0x53, 0xaa, 0x5c, 0xc9, 0xb2, 0xa5, 0xcb, 0x97, 0x30, 0x63, 0xca,
    0x9c, 0x49, 0xb3, 0xa6, 0xcd, 0x9b, 0x38, 0x73, 0xea, 0xdc, 0xc9, 0xb3, 0xa7, 0xcf, 0x9f, 0x40,
    0x83, 0x0a, 0x1d, 0x4a, 0xb4, 0xa8, 0xd1, 0xa3, 0x48, 0x93, 0x2a, 0x5d, 0xca, 0xb4, 0xa9, 0xd3,
    0xa7, 0x50, 0xa3, 0x4a, 0x9d, 0x18, 0xa0, 0xea, 0xd4, 0xab, 0x58, 0xab, 0x06, 0xc0, 0xca, 0x35,
    0xaa, 0xd6, 0xae, 0x60, 0x9b, 0x7e, 0x0d, 0x4b, 0xb6, 0xac, 0xd9, 0xb3, 0x68, 0xd3, 0xaa, 0x5d,
    0xcb, 0xb6, 0xad, 0xdb, 0xb7, 0x70, 0xe3, 0xca, 0x9d, 0x4b, 0xb7, 0xae, 0xdd, 0xbb, 0x78, 0xf3,
    0xea, 0xdd, 0xcb, 0xb7, 0xaf, 0xdf, 0xbf, 0x80, 0x03, 0x0b, 0x96, 0xaa, 0x75, 0xeb, 0xe0, 0xc1,
    0x85, 0x0f, 0x23, 0x1e, 0xab, 0x18, 0x70, 0xe2, 0xc6, 0x90, 0x23, 0x4b, 0x9e, 0x4c, 0xb9, 0xb2,
    0xe5, 0xcb, 0x98, 0x33, 0x6b, 0xde, 0xcc, 0xb9, 0xb3, 0xe7, 0xcf, 0x9d, 0x19, 0x83, 0x76, 0x2b,
    0x7a, 0x34, 0xdb, 0xd2, 0xa6, 0x53, 0xab, 0x5e, 0xcd, 0xba, 0xb5, 0xeb, 0xd7, 0xb0, 0x63, 0xcb,
    0x9e, 0x4d, 0xbb, 0xb6, 0xed, 0xdb, 0xb8, 0x73, 0xeb, 0xde, 0xcd, 0xbb, 0xb7, 0xef, 0xdf, 0xc0,
    0x83, 0x0b, 0x1f, 0x4e, 0xbc, 0xb8, 0xf1, 0x94, 0x27, 0x8f, 0x17, 0x4d, 0xae, 0x7c, 0x28, 0xf3,
    0xe6, 0xd0, 0xa3, 0x4b, 0x9f, 0x4e, 0xbd, 0xba, 0xf5, 0xeb, 0xd8, 0xb3, 0x6b, 0xdf, 0xce, 0xbd,
    0xbb, 0xe7, 0xe7, 0xde, 0x63, 0x82, 0x06, 0x0f, 0xff, 0x72, 0xbc, 0x80, 0x80, 0x00, 0x21, 0xf9,
    0x04, 0x01, 0x03, 0x00, 0x02, 0x00, 0x2c, 0x9d, 0x00, 0xca, 0x00, 0x63, 0x00, 0x4a, 0x00, 0x81,
    0x00, 0x00, 0x00, 0xff, 0xff, 0xff, 0x00, 0x00, 0x00, 0x00, 0x00, 0x00, 0x08, 0xa4, 0x00, 0x01,
    0x08, 0x14, 0x40, 0xb0, 0xa0, 0xc1, 0x83, 0x08, 0x13, 0x2a, 0x5c, 0xc8, 0xb0, 0xa1, 0xc3, 0x87,
    0x07, 0x05, 0x02, 0x80, 0x48, 0xb1, 0xa2, 0xc5, 0x8b, 0x15, 0x25, 0x62, 0xdc, 0xc8, 0xb1, 0x23,
    0x44, 0x8d, 0x1e, 0x43, 0x8a, 0x1c, 0x49, 0xb2, 0xa4, 0xc9, 0x93, 0x28, 0x53, 0xaa, 0x5c, 0xc9,
    0xb2, 0xa5, 0xcb, 0x97, 0x30, 0x63, 0xca, 0x9c, 0x49, 0xb3, 0xa6, 0xcd, 0x9b, 0x38, 0x73, 0xea,
    0xdc, 0xc9, 0xb3, 0xa7, 0xcf, 0x9f, 0x40, 0x83, 0x0a, 0x1d, 0x4a, 0xb4, 0xa8, 0xd1, 0xa3, 0x48,
    0x93, 0x2a, 0x5d, 0xca, 0xb4, 0xa9, 0xd3, 0xa7, 0x50, 0xa3, 0x4a, 0x9d, 0x4a, 0xd5, 0x29, 0xc8,
    0xaa, 0x17, 0xaf, 0x62, 0xcd, 0x38, 0x70, 0xab, 0xd7, 0xaf, 0x60, 0xc3, 0x8a, 0x1d, 0x4b, 0xb6,
    0xac, 0xd9, 0xb3, 0x68, 0xd3, 0xaa, 0x5d, 0xcb, 0xb6, 0xad, 0xdb, 0xb7, 0x70, 0xe3, 0xca, 0x9d,
    0x4b, 0xb7, 0xae, 0xdd, 0xbb, 0x78, 0xf3, 0xea, 0xdd, 0xcb, 0xb7, 0xaf, 0xdf, 0xbf, 0x0a, 0xb5,
    0xae, 0x15, 0xac, 0x96, 0x30, 0xe0, 0xc3, 0x88, 0x37, 0x1a, 0x46, 0xbb, 0xf8, 0x6c, 0x63, 0x9b,
    0x01, 0x01, 0x00, 0x21, 0xf9, 0x04, 0x01, 0x03, 0x00, 0x02, 0x00, 0x2c, 0xc7, 0x00, 0xda, 0x00,
    0x7d, 0x00, 0x3a, 0x00, 0x81, 0x00, 0x00, 0x00, 0xff, 0xff, 0xff, 0x00, 0x00, 0x00, 0x00, 0x00,
    0x00, 0x08, 0xa5, 0x00, 0x05, 0x08, 0x1c, 0x48, 0xb0, 0xa0, 0xc1, 0x83, 0x08, 0x13, 0x2a, 0x5c,
    0xc8, 0xb0, 0xa1, 0xc3, 0x87, 0x02, 0x00, 0x48, 0x04, 0x00, 0xb1, 0xa2, 0xc5, 0x8b, 0x18, 0x33,
    0x2a, 0x9c, 0x48, 0x51, 0xa3, 0xc7, 0x8f, 0x20, 0x43, 0x72, 0x0c, 0x49, 0xb2, 0xa4, 0xc9, 0x85,
    0x23, 0x4f, 0xaa, 0x5c, 0xc9, 0xb2, 0xa5, 0xcb, 0x97, 0x30, 0x63, 0xca, 0x9c, 0x49, 0xb3, 0xa6,
    0xcd, 0x9b, 0x38, 0x73, 0xea, 0xdc, 0xc9, 0xb3, 0xa7, 0xcf, 0x9f, 0x40, 0x83, 0x0a, 0x1d, 0x5a,
    0x31, 0x80, 0x51, 0xa2, 0x48, 0x0f, 0x1a, 0x0d, 0x90, 0xb4, 0xe9, 0xc0, 0xa5, 0x4e, 0xa3, 0x4a,
    0x9d, 0x4a, 0xb5, 0xaa, 0xd5, 0xab, 0x58, 0xb3, 0x6a, 0xdd, 0xca, 0xb5, 0xab, 0xd7, 0xaf, 0x60,
    0xc3, 0x8a, 0x1d, 0x4b, 0xb6, 0xac, 0xd9, 0xb3, 0x68, 0xd3, 0xaa, 0x5d, 0xcb, 0xb6, 0xad, 0xdb,
    0xb7, 0x70, 0xe3, 0xca, 0x9d, 0x4b, 0xb7, 0xae, 0xdd, 0xbb, 0x78, 0xf3, 0xea, 0xdd, 0xcb, 0xb7,
    0xaf, 0xdf, 0xbf, 0x80, 0x03, 0x0b, 0x1e, 0x4c, 0xb8, 0xb0, 0x61, 0xbd, 0x50, 0x0f, 0x17, 0x4c,
    0xac, 0xf8, 0xe9, 0xd1, 0xc6, 0x03, 0x03, 0x02, 0x00, 0x21, 0xf9, 0x04, 0x01, 0x03, 0x00, 0x02,
    0x00, 0x2c, 0x5d, 0x00, 0xbe, 0x00, 0xe0, 0x00, 0x50, 0x00, 0x81, 0x00, 0x00, 0x00, 0xff, 0xff,
    0xff, 0x00, 0x00, 0x00, 0x00, 0x00, 0x00, 0x08, 0xfe, 0x00, 0x05, 0x08, 0x1c, 0x48, 0xb0, 0xa0,
    0xc1, 0x83, 0x04, 0x01, 0x28, 0x5c, 0xc8, 0x70, 0x60, 0x80, 0x87, 0x08, 0x23, 0x4a, 0x9c, 0x48,
    0xb1, 0xa2, 0xc5, 0x8b, 0x18, 0x33, 0x6a, 0xdc, 0xc8, 0xb1, 0x63, 0x41, 0x86, 0x20, 0x01, 0x38,
    0x84, 0xe8, 0xb1, 0xa4, 0xc9, 0x93, 0x28, 0x53, 0xaa, 0x5c, 0x39, 0x30, 0x64, 0x43, 0x81, 0x0f,
    0x03, 0xb0, 0x9c, 0x49, 0xb3, 0xa6, 0xcd, 0x9b, 0x38, 0x73, 0xea, 0xdc, 0xc9, 0xb3, 0xa7, 0xcf,
    0x9f, 0x40, 0x83, 0x0a, 0x1d, 0x4a, 0xb4, 0xa8, 0xd1, 0xa3, 0x48, 0x93, 0x2a, 0x5d, 0xca, 0xb4,
    0xa9, 0xd3, 0xa7, 0x50, 0xa3, 0x4a, 0x9d, 0x4a, 0xb5, 0xaa, 0xd5, 0xab, 0x58, 0xb3, 0x6a, 0xdd,
    0xca, 0xb5, 0xab, 0xd7, 0xaf, 0x60, 0xc3, 0x8a, 0x1d, 0x4b, 0xb6, 0xac, 0xd9, 0xb3, 0x68, 0xd3,
    0xaa, 0x5d, 0xcb, 0xb6, 0xad, 0xdb, 0xb7, 0x70, 0xe3, 0xca, 0x9d, 0x4b, 0xb7, 0xae, 0xdd, 0xbb,
    0x78, 0xf3, 0xea, 0xdd, 0xcb, 0xb7, 0xaf, 0xdf, 0xbf, 0x80, 0x03, 0x0b, 0x1e, 0x4c, 0xb8, 0xb0,
    0xe1, 0xc3, 0x88, 0x13, 0x2b, 0x5e, 0xcc, 0xb8, 0xb1, 0xe3, 0xc7, 0x90, 0x23, 0x4b, 0x9e, 0x4c,
    0xb9, 0xb2, 0xe5, 0xcb, 0x98, 0x33, 0x6b, 0xde, 0xbc, 0x77, 0x21, 0xe7, 0xb4, 0x9e, 0x3f, 0x9f,
    0x0d, 0x2d, 0xba, 0xb4, 0xe9, 0xd3, 0xa8, 0x53, 0xab, 0x5e, 0xcd, 0xba, 0xb5, 0xeb, 0xd7, 0xb0,
    0x63, 0xcb, 0x9e, 0x4d, 0xbb, 0xb6, 0xed, 0xdb, 0xb8, 0x73, 0xeb, 0xde, 0xcd, 0xbb, 0xb7, 0xef,
    0xdf, 0xc0, 0x2f, 0xc7, 0x0c, 0xae, 0x74, 0x38, 0x71, 0xa4, 0xc6, 0x8f, 0x2b, 0x5f, 0xce, 0xbc,
    0xb9, 0xf3, 0xe7, 0xd0, 0xa3, 0x4b, 0x9f, 0x4e, 0xbd, 0xba, 0xf5, 0xeb, 0x3c, 0x93, 0x63, 0xb7,
    0xa9, 0x7d, 0x3b, 0xcd, 0x98, 0x01, 0x01, 0x00, 0x21, 0xf9, 0x04, 0x01, 0x03, 0x00, 0x02, 0x00,
    0x2c, 0x5d, 0x00, 0xbe, 0x00, 0xe7, 0x00, 0x56, 0x00, 0x81, 0x00, 0x00, 0x00, 0xff, 0xff, 0xff,
    0x00, 0x00, 0x00, 0x00, 0x00, 0x00, 0x08, 0xff, 0x00, 0x05, 0x08, 0x1c, 0x48, 0xb0, 0xa0, 0xc1,
    0x83, 0x02, 0x00, 0x28, 0x0c, 0xc0, 0xb0, 0x21, 0x41, 0x85, 0x00, 0x10, 0x4a, 0x9c, 0x48, 0xb1,
    0xa2, 0xc5, 0x8b, 0x18, 0x33, 0x6a, 0xdc, 0xc8, 0xb1, 0xa3, 0xc7, 0x8a, 0x10, 0x1b, 0x3a, 0x1c,
    0x08, 0xf1, 0xa3, 0xc9, 0x93, 0x28, 0x53, 0xaa, 0x5c, 0xc9, 0x92, 0x62, 0x48, 0x91, 0x01, 0x1e,
    0x2a, 0x6c, 0x49, 0xb3, 0xa6, 0xcd, 0x9b, 0x38, 0x73, 0xea, 0xdc, 0xc9, 0xb3, 0xa7, 0xcf, 0x9f,
    0x40, 0x83, 0x0a, 0x1d, 0x4a, 0xb4, 0xa8, 0xd1, 0xa3, 0x48, 0x93, 0x2a, 0x5d, 0xca, 0xb4, 0xa9,
    0xd3, 0xa7, 0x50, 0xa3, 0x4a, 0x9d, 0x4a, 0xb5, 0xaa, 0xd5, 0xab, 0x58, 0xb3, 0x6a, 0xdd, 0xca,
    0xb5, 0xab, 0xd7, 0xaf, 0x60, 0xc3, 0x8a, 0x1d, 0x4b, 0xb6, 0xac, 0xd9, 0xb3, 0x68, 0xd3, 0xaa,
    0x5d, 0xcb, 0xb6, 0xad, 0xdb, 0xb7, 0x70, 0xe3, 0xca, 0x9d, 0x4b, 0xb7, 0xae, 0xdd, 0xbb, 0x78,
    0xf3, 0xea, 0xdd, 0xcb, 0xb7, 0xaf, 0xdf, 0xbf, 0x80, 0x03, 0x0b, 0x1e, 0x4c, 0xb8, 0xb0, 0xe1,
    0xc3, 0x59, 0x45, 0x22, 0x2e, 0xac, 0x78, 0xf1, 0xe0, 0xc6, 0x8e, 0x03, 0x43, 0x8e, 0x4c, 0xb9,
    0xb2, 0xe5, 0xcb, 0x98, 0x33, 0x6b, 0xde, 0xcc, 0xb9, 0xb3, 0x67, 0xa9, 0x23, 0x3f, 0xd7, 0x0d,
    0x2d, 0x7a, 0x2e, 0xe9, 0xd2, 0x71, 0x4f, 0xa3, 0x7e, 0xab, 0x7a, 0x75, 0xdb, 0xd6, 0xae, 0x63,
    0xcb, 0x9e, 0x4d, 0xbb, 0xb6, 0xed, 0xdb, 0xb8, 0x73, 0xeb, 0xde, 0xcd, 0xbb, 0xb7, 0xef, 0xdf,
    0xc0, 0x83, 0x0b, 0x1f, 0x4e, 0xbc, 0xb8, 0xf1, 0xe3, 0xc8, 0x93, 0x2b, 0x5f, 0xce, 0xbc, 0xb9,
    0x73, 0x9a, 0x25, 0x9f, 0x4b, 0x8d, 0x2e, 0x1d, 0x2a, 0xf5, 0xea, 0xd8, 0xb3, 0x6b, 0xdf, 0xce,
    0xbd, 0xbb, 0xf7, 0xef, 0xe0, 0xc3, 0x8b, 0x1d, 0x1f, 0x4f, 0xbe, 0x7c, 0xd1, 0xeb, 0xe6, 0x7d,
    0xa2, 0x4f, 0xcf, 0x73, 0x3d, 0xfb, 0xf7, 0xf0, 0xe3, 0xcb, 0x76, 0x2f, 0xbf, 0x26, 0xfd, 0xfa,
    0x2d, 0xef, 0x1b, 0x0e, 0x08, 0x00, 0x21, 0xf9, 0x04, 0x01, 0x03, 0x00, 0x02, 0x00, 0x2c, 0xfd,
    0x00, 0xe4, 0x00, 0x03, 0x00, 0x06, 0x00, 0x81, 0x00, 0x00, 0x00, 0xff, 0xff, 0xff, 0x00, 0x00,
    0x00, 0x00, 0x00, 0x00, 0x08, 0x09, 0x00, 0x01, 0x08, 0x1c, 0x48, 0xb0, 0xe0, 0xc0, 0x80, 0x00,
    0x21, 0xf9, 0x04, 0x01, 0x03, 0x00, 0x02, 0x00, 0x2c, 0x6a, 0x00, 0xbe, 0x00, 0xda, 0x00, 0x69,
    0x00, 0x81, 0x00, 0x00, 0x00, 0xff, 0xff, 0xff, 0x00, 0x00, 0x00, 0x00, 0x00, 0x00, 0x08, 0xff,
    0x00, 0x05, 0x08, 0x1c, 0x48, 0xb0, 0x20, 0x41, 0x00, 0x08, 0x13, 0x1a, 0x14, 0xa0, 0x70, 0xa1,
    0xc3, 0x87, 0x10, 0x23, 0x4a, 0x9c, 0x48, 0xb1, 0xa2, 0xc5, 0x87, 0x0d, 0x2f, 0x6a, 0xdc, 0xa8,
    0x31, 0x61, 0xc6, 0x83, 0x08, 0x39, 0x8a, 0x1c, 0x49, 0xb2, 0x64, 0xc5, 0x8f, 0x26, 0x53, 0x6e,
    0xf4, 0x18, 0xd2, 0x20, 0x4a, 0x95, 0x30, 0x63, 0xca, 0x74, 0xd9, 0x72, 0xe6, 0xc8, 0x97, 0x36,
    0x3d, 0xda, 0xdc, 0xc9, 0x13, 0x23, 0xce, 0x9e, 0x2b, 0x6b, 0xf6, 0xd4, 0x09, 0xb4, 0x28, 0x4f,
    0xa2, 0x46, 0x45, 0xfe, 0x94, 0x89, 0x34, 0xa9, 0xd3, 0x94, 0x4d, 0x9f, 0x4a, 0x9d, 0x4a, 0xb5,
    0xaa, 0xd5, 0xab, 0x58, 0xb3, 0x6a, 0xdd, 0xca, 0xb5, 0xab, 0xd7, 0xaf, 0x60, 0xc3, 0x8a, 0x1d,
    0x4b, 0xb6, 0xac, 0xd9, 0xb3, 0x68, 0xd3, 0xaa, 0x5d, 0xcb, 0xb6, 0xad, 0xdb, 0xb7, 0x70, 0xe3,
    0xca, 0x9d, 0x4b, 0xb7, 0xae, 0xdd, 0xbb, 0x78, 0xf3, 0xea, 0xdd, 0xcb, 0xb7, 0xaf, 0xdf, 0xbf,
    0x80, 0x03, 0x0b, 0x1e, 0x4c, 0xb8, 0xb0, 0xe1, 0xc3, 0x88, 0x13, 0x2b, 0x5e, 0xcc, 0xb8, 0xb1,
    0xe3, 0xc7, 0x90, 0x23, 0x4b, 0x9e, 0x4c, 0x99, 0xe1, 0xd2, 0xca, 0x88, 0xa3, 0x62, 0x5e, 0xac,
    0x79, 0x73, 0xe2, 0xce, 0x9e, 0x43, 0x8b, 0x1e, 0x4d, 0xba, 0xb4, 0xe9, 0xd3, 0xa8, 0x53, 0xab,
    0x5e, 0xcd, 0xba, 0xb5, 0xeb, 0xd7, 0xb0, 0xcd, 0x06, 0x98, 0x1d, 0xdb, 0xef, 0xec, 0x00, 0xb5,
    0xfb, 0xde, 0xce, 0xcd, 0xbb, 0xb7, 0xef, 0xdf, 0xc0, 0x83, 0x0b, 0x1f, 0x4e, 0xbc, 0xb8, 0xf1,
    0xe3, 0xc8, 0x93, 0x2b, 0x5f, 0xce, 0xbc, 0xb9, 0xf3, 0xe7, 0xd0, 0xa3, 0x4b, 0x9f, 0x4e, 0xbd,
    0xba, 0xf5, 0xeb, 0xd8, 0xb3, 0x6b, 0xdf, 0xce, 0xbd, 0xbb, 0xf7, 0xef, 0xe0, 0xc3, 0x8b, 0x44,
    0x1f, 0x4f, 0xbe, 0xbc, 0xf9, 0xf3, 0xe8, 0xd3, 0x37, 0xbe, 0xac, 0x5e, 0x25, 0xfb, 0xf6, 0x26,
    0xdf, 0xc3, 0x9f, 0x4f, 0xbf, 0xbe, 0xfd, 0xb9, 0xbb, 0xef, 0xc7, 0xcc, 0xaf, 0x5f, 0x25, 0xff,
    0xfe, 0x00, 0x06, 0x28, 0xe0, 0x80, 0x04, 0x16, 0x68, 0xe0, 0x81, 0x08, 0x26, 0xa8, 0xe0, 0x82,
    0x0c, 0x36, 0xe8, 0xe0, 0x83, 0x10, 0xe6, 0x75, 0x1b, 0x6e, 0x11, 0x3a, 0x34, 0x61, 0x85, 0x16,
    0xfe, 0x17, 0x59, 0x40, 0x00, 0x21, 0xf9, 0x04, 0x01, 0x03, 0x00, 0x02, 0x00, 0x2c, 0x5d, 0x00,
    0xbe, 0x00, 0xda, 0x00, 0x69, 0x00, 0x81, 0x00, 0x00, 0x00, 0xff, 0xff, 0xff, 0x00, 0x00, 0x00,
    0x00, 0x00, 0x00, 0x08, 0xff, 0x00, 0x05, 0x08, 0x1c, 0x48, 0xb0, 0xa0, 0xc1, 0x83, 0x08, 0x13,
    0x2a, 0x5c, 0xc8, 0xb0, 0xa1, 0xc3, 0x87, 0x10, 0x23, 0x4a, 0x9c, 0x28, 0x11, 0x80, 0x45, 0x8a,
    0x18, 0x33, 0x6a, 0xdc, 0xc8, 0xb1, 0xa3, 0x47, 0x8f, 0x16, 0x01, 0x7c, 0x1c, 0x49, 0xb2, 0xa4,
    0xc9, 0x93, 0x26, 0x43, 0xa2, 0x5c, 0xc9, 0xb2, 0xa5, 0xcb, 0x97, 0x30, 0x63, 0xca, 0x9c, 0x49,
    0xb3, 0xa6, 0xcd, 0x9b, 0x38, 0x73, 0xea, 0xdc, 0xc9, 0xb3, 0xa7, 0xcf, 0x9f, 0x40, 0x83, 0x0a,
    0x1d, 0x4a, 0xb4, 0xa8, 0xd1, 0xa3, 0x48, 0x93, 0x2a, 0x5d, 0xca, 0xb4, 0xa9, 0xd3, 0xa7, 0x50,
    0xa3, 0x4a, 0x9d, 0x4a, 0xb5, 0xaa, 0xd5, 0xab, 0x58, 0xb3, 0x6a, 0xdd, 0xca, 0xb5, 0xab, 0xd7,
    0xaf, 0x60, 0xc3, 0x8a, 0x1d, 0x4b, 0xb6, 0xac, 0xd9, 0xb3, 0x68, 0xd3, 0xaa, 0x5d, 0xcb, 0xb6,
    0xad, 0xdb, 0xb7, 0x70, 0xe3, 0xca, 0x9d, 0x4b, 0xb7, 0xae, 0xdd, 0xbb, 0x78, 0xf3, 0xea, 0xdd,
    0xcb, 0xb7, 0xaf, 0xdf, 0xbf, 0x80, 0x03, 0x0b, 0x1e, 0x4c, 0xb8, 0xb0, 0xe1, 0xc3, 0x88, 0x13,
    0x2b, 0x5e, 0xcc, 0xb8, 0xb1, 0xe3, 0xc7, 0x90, 0x23, 0x4b, 0x9e, 0x4c, 0xb9, 0xb2, 0xe5, 0xcb,
    0x98, 0x33, 0x6b, 0xde, 0xcc, 0xb9, 0xb3, 0xe7, 0xcf, 0xa0, 0x43, 0x8b, 0x1e, 0x4d, 0xba, 0xb4,
    0xe9, 0xd3, 0xa8, 0x53, 0xab, 0x5e, 0xcd, 0xba, 0xb5, 0xeb, 0x82, 0x01, 0x62, 0xbf, 0xc6, 0x19,
    0x3b, 0xc0, 0xec, 0x9b, 0xb5, 0x6f, 0xeb, 0xde, 0xcd, 0xbb, 0xb7, 0xef, 0xdf, 0xc0, 0x83, 0x0b,
    0x1f, 0x4e, 0xbc, 0xb8, 0xf1, 0x8f, 0xb9, 0x69, 0x26, 0x6f, 0xbd, 0x5c, 0x66, 0xf3, 0xd5, 0xcf,
    0x61, 0x46, 0x3f, 0x4e, 0xbd, 0xba, 0xf5, 0xb2, 0xd3, 0xaf, 0x63, 0xcc, 0xae, 0x7d, 0x22, 0xf7,
    0xba, 0xb5, 0x6d, 0x83, 0x51, 0x0e, 0xaf, 0x9c, 0x3b, 0xf9, 0xf1, 0xdf, 0x51, 0x9e, 0x3f, 0xb8,
    0xde, 0x73, 0x7b, 0xe9, 0xe9, 0x05, 0xc6, 0xef, 0xee, 0x70, 0x3e, 0x7d, 0x86, 0xf6, 0xef, 0x2b,
    0xcc, 0xaf, 0xbf, 0xbe, 0x6c, 0xde, 0xfc, 0x69, 0x14, 0x20, 0x69, 0x03, 0x6e, 0xf7, 0xdf, 0x6e,
    0x05, 0xf6, 0xa7, 0xe0, 0x82, 0x0c, 0x22, 0x94, 0xe0, 0x82, 0x0f, 0x2a, 0x18, 0x21, 0x6b, 0xe1,
    0x45, 0xd7, 0xdc, 0x84, 0x00, 0x56, 0x28, 0x1e, 0x41, 0x17, 0x1e, 0xa8, 0x9f, 0x86, 0x1b, 0x0e,
    0xd4, 0x61, 0x88, 0x61, 0x05, 0x04, 0x00, 0x21, 0xf9, 0x04, 0x01, 0x03, 0x00, 0x02, 0x00, 0x2c,
    0xb7, 0x00, 0xbe, 0x00, 0x79, 0x00, 0x56, 0x00, 0x81, 0x00, 0x00, 0x00, 0xff, 0xff, 0xff, 0x00,
    0x00, 0x00, 0x00, 0x00, 0x00, 0x08, 0xc3, 0x00, 0x05, 0x08, 0x1c, 0x48, 0xb0, 0xa0, 0xc1, 0x83,
    0x08, 0x13, 0x2a, 0x5c, 0xc8, 0xb0, 0xa1, 0xc3, 0x86, 0x01, 0x22, 0x3e, 0x9c, 0x48, 0xb1, 0xa2,
    0xc5, 0x8b, 0x10, 0x25, 0x62, 0xdc, 0xc8, 0xb1, 0xa3, 0x47, 0x81, 0x11, 0x03, 0x7c, 0x1c, 0x49,
    0xb2, 0xa4, 0xc9, 0x93, 0x28, 0x53, 0xaa, 0x5c, 0xc9, 0xb2, 0xa5, 0xcb, 0x97, 0x30, 0x63, 0xca,
    0x9c, 0x49, 0xb3, 0xa6, 0xcd, 0x9b, 0x38, 0x73, 0xea, 0xdc, 0xc9, 0xb3, 0xa7, 0xcf, 0x9f, 0x40,
    0x83, 0x0a, 0x1d, 0x4a, 0xb4, 0xa8, 0xd1, 0xa3, 0x48, 0x93, 0x2a, 0x5d, 0xca, 0xb4, 0xa9, 0xd3,
    0xa7, 0x50, 0xa3, 0x4a, 0x9d, 0x4a, 0xb5, 0xaa, 0xd5, 0xab, 0x58, 0xb3, 0x6a, 0xdd, 0xca, 0xb5,
    0xab, 0xd7, 0xaf, 0x60, 0xc3, 0x8a, 0x1d, 0x4b, 0xb6, 0xac, 0xd9, 0xb3, 0x68, 0xd3, 0xaa, 0x5d,
    0xcb, 0xb6, 0xad, 0xdb, 0xb7, 0x70, 0xe3, 0xca, 0x9d, 0x4b, 0xb7, 0xae, 0xdd, 0xbb, 0x78, 0xf3,
    0xea, 0xdd, 0xcb, 0xb7, 0xaf, 0xdf, 0xbf, 0x80, 0x03, 0x0b, 0x1e, 0x4c, 0xb8, 0xb0, 0xe1, 0xc3,
    0x0b, 0x43, 0xfa, 0x55, 0xdc, 0x97, 0x31, 0xe2, 0xc7, 0x90, 0x23, 0x4b, 0x9e, 0x6c, 0x17, 0x80,
    0xe5, 0x9a, 0x96, 0x01, 0x38, 0xcd, 0x8c, 0xf9, 0x72, 0x53, 0xce, 0x34, 0x41, 0x53, 0x1e, 0x4d,
    0x5a, 0xa6, 0xe8, 0xbd, 0xa7, 0xf5, 0xa6, 0x4e, 0x1b, 0x10, 0x00, 0x21, 0xf9, 0x04, 0x01, 0x03,
    0x00, 0x02, 0x00, 0x2c, 0x6a, 0x00, 0xc1, 0x00, 0xb9, 0x00, 0x63, 0x00, 0x81, 0x00, 0x00, 0x00,
    0xff, 0xff, 0xff, 0x00, 0x00, 0x00, 0x00, 0x00, 0x00, 0x08, 0xf8, 0x00, 0x03, 0x08, 0x14, 0x40,
    0xb0, 0xa0, 0xc1, 0x83, 0x08, 0x13, 0x2a, 0x5c, 0xc8, 0xb0, 0xa1, 0xc3, 0x87, 0x10, 0x23, 0x4a,
    0x9c, 0x48, 0xb1, 0xa1, 0xc0, 0x00, 0x15, 0x33, 0x6a, 0xdc, 0xc8, 0xb1, 0xa3, 0xc7, 0x8f, 0x04,
    0x2f, 0x82, 0x1c, 0x49, 0xb2, 0xa4, 0xc9, 0x93, 0x28, 0x53, 0xaa, 0x5c, 0xc9, 0xb2, 0xa5, 0xcb,
    0x97, 0x30, 0x63, 0xca, 0x9c, 0x49, 0xb3, 0xa6, 0xcd, 0x9b, 0x38, 0x73, 0xea, 0xdc, 0xc9, 0xb3,
    0xa7, 0xcf, 0x9f, 0x40, 0x83, 0x0a, 0x1d, 0x4a, 0xb4, 0xa8, 0xd1, 0xa3, 0x48, 0x93, 0x2a, 0x5d,
    0xca, 0xb4, 0xa9, 0xd3, 0xa7, 0x50, 0xa3, 0x4a, 0x9d, 0x4a, 0xb5, 0xaa, 0xd5, 0xab, 0x58, 0xb3,
    0x6a, 0xdd, 0xca, 0xb5, 0xab, 0xd7, 0xaf, 0x60, 0xc3, 0x8a, 0x1d, 0x4b, 0xb6, 0xac, 0xd9, 0xb3,
    0x68, 0xd3, 0xaa, 0x5d, 0xcb, 0xb6, 0xad, 0xdb, 0xb7, 0x70, 0xe3, 0xca, 0x9d, 0x4b, 0xb7, 0xae,
    0xdd, 0xbb, 0x78, 0xf3, 0xea, 0xdd, 0xcb, 0xb7, 0xaf, 0xdf, 0xbf, 0x80, 0x03, 0x0b, 0x1e, 0x4c,
    0xb8, 0xb0, 0xe1, 0xc3, 0x88, 0x13, 0x2b, 0x5e, 0xcc, 0xb8, 0xb1, 0xe3, 0xc7, 0x90, 0x23, 0x4b,
    0x9e, 0x4c, 0xb9, 0xb2, 0xe5, 0xcb, 0x98, 0x33, 0x6b, 0xde, 0xcc, 0xb9, 0xb3, 0xe7, 0xcf, 0xa0,
    0x43, 0x97, 0x04, 0x40, 0x5a, 0x34, 0x48, 0xd2, 0x00, 0x4c, 0x7f, 0x44, 0xad, 0xba, 0xb5, 0xeb,
    0xd7, 0xb0, 0x63, 0xcb, 0x9e, 0x4d, 0xbb, 0xb6, 0xed, 0xdb, 0x46, 0x59, 0xe3, 0x76, 0xa8, 0x7b,
    0x37, 0xc3, 0xde, 0xbe, 0x83, 0x0b, 0x1f, 0x4e, 0xbc, 0xb8, 0xf1, 0xe3, 0xc8, 0x93, 0x2b, 0xd7,
    0x0c, 0xfc, 0x78, 0x73, 0xe3, 0xcf, 0x97, 0x4b, 0x9f, 0xde, 0x37, 0x3a, 0x71, 0xeb, 0xc3, 0xb1,
    0xfb, 0x0c, 0x08, 0x00, 0x21, 0xf9, 0x04, 0x01, 0x03, 0x00, 0x02, 0x00, 0x2c, 0x6a, 0x00, 0xbe,
    0x00, 0xda, 0x00, 0x69, 0x00, 0x81, 0x00, 0x00, 0x00, 0xff, 0xff, 0xff, 0x00, 0x00, 0x00, 0x00,
    0x00, 0x00, 0x08, 0xff, 0x00, 0x05, 0x08, 0x1c, 0x48, 0xb0, 0xa0, 0xc1, 0x83, 0x08, 0x13, 0x2a,
    0x5c, 0xc8, 0xb0, 0xa1, 0xc3, 0x87, 0x10, 0x23, 0x4a, 0x9c, 0x58, 0x10, 0x80, 0x45, 0x8a, 0x18,
    0x33, 0x6a, 0xdc, 0xc8, 0xb1, 0xa3, 0x47, 0x8f, 0x16, 0x01, 0x7c, 0x1c, 0x49, 0xb2, 0xa4, 0xc9,
    0x93, 0x26, 0x43, 0x52, 0x54, 0x89, 0xb2, 0xa5, 0xcb, 0x97, 0x30, 0x23, 0x86, 0x14, 0xc9, 0x90,
    0x65, 0xcc, 0x9b, 0x38, 0x73, 0xa2, 0x9c, 0xd9, 0xd0, 0xa6, 0xce, 0x9f, 0x40, 0x83, 0xca, 0xf4,
    0x29, 0xb4, 0xa8, 0xd1, 0xa3, 0x2b, 0x2f, 0x22, 0x5d, 0xca, 0xb4, 0x29, 0x41, 0xa2, 0x4e, 0xa3,
    0x4a, 0xcd, 0x09, 0x75, 0xaa, 0xd5, 0xab, 0x58, 0xb3, 0x6a, 0xdd, 0xca, 0xb5, 0xab, 0xd7, 0xaf,
    0x60, 0xc3, 0x8a, 0x1d, 0x4b, 0xb6, 0xac, 0xd9, 0xb3, 0x68, 0xd3, 0xaa, 0x5d, 0xcb, 0xb6, 0xad,
    0xdb, 0xb7, 0x70, 0xe3, 0xca, 0x9d, 0x4b, 0xb7, 0xae, 0xdd, 0xbb, 0x78, 0xf3, 0xea, 0xdd, 0xcb,
    0xb7, 0xaf, 0xdf, 0xbf, 0x80, 0x03, 0x0b, 0x1e, 0x4c, 0xb8, 0xb0, 0xe1, 0xc3, 0x88, 0x13, 0x2b,
    0x5e, 0xcc, 0xb8, 0xb1, 0xe3, 0xc7, 0x7e, 0x79, 0x42, 0xde, 0x2b, 0x79, 0x72, 0xde, 0xca, 0x96,
    0x33, 0x6b, 0xde, 0xcc, 0xb9, 0xb3, 0xe7, 0xcf, 0xa0, 0x43, 0x8b, 0x1e, 0x4d, 0xba, 0xb4, 0xe9,
    0xd3, 0xa8, 0x53, 0xab, 0x5e, 0xcd, 0xba, 0xb5, 0xeb, 0xd7, 0xb0, 0x63, 0xcb, 0x9e, 0x4d, 0xbb,
    0xb6, 0xed, 0xdb, 0xb8, 0x73, 0xeb, 0xde, 0xcd, 0xbb, 0xb7, 0xef, 0xdf, 0xc0, 0x83, 0x0b, 0x1f,
    0x4e, 0xbc, 0xb8, 0xf1, 0xe3, 0xc8, 0x93, 0x2b, 0x5f, 0xce, 0xbc, 0xb9, 0xf3, 0xe7, 0xd0, 0xa3,
    0x4b, 0x9f, 0x4e, 0xbd, 0xba, 0xf5, 0xeb, 0xd8, 0x33, 0x07, 0xd8, 0x9e, 0xbd, 0xe4, 0xf6, 0x00,
    0xdd, 0x49, 0x7e, 0x29, 0x0f, 0x4f, 0xbe, 0xbc, 0xf9, 0xf3, 0xe8, 0xd3, 0xab, 0x5f, 0xcf, 0xbe,
    0xbd, 0xfb, 0xf7, 0xf0, 0xe3, 0xcb, 0x9f, 0x4f, 0x3f, 0xfd, 0xf8, 0xfa, 0x0a, 0xef, 0xe3, 0x47,
    0xa8, 0x1f, 0x3b, 0xe6, 0xfd, 0x4f, 0x55, 0x05, 0xe0, 0x7f, 0x99, 0x05, 0x04, 0x00, 0x21, 0xf9,
    0x04, 0x01, 0x03, 0x00, 0x02, 0x00, 0x2c, 0x90, 0x00, 0x01, 0x01, 0x97, 0x00, 0x26, 0x00, 0x81,
    0x00, 0x00, 0x00, 0xff, 0xff, 0xff, 0x00, 0x00, 0x00, 0x00, 0x00, 0x00, 0x08, 0xa9, 0x00, 0x05,
    0x08, 0x1c, 0x48, 0xb0, 0xa0, 0xc1, 0x83, 0x08, 0x13, 0x2a, 0x5c, 0xc8, 0xb0, 0xa1, 0x43, 0x82,
    0x01, 0x22, 0x3e, 0x9c, 0x48, 0xb1, 0xa2, 0xc5, 0x8b, 0x18, 0x33, 0x46, 0x0c, 0x90, 0xb1, 0xa3,
    0xc7, 0x8f, 0x20, 0x43, 0x0a, 0xd8, 0x28, 0xb2, 0xa4, 0xc9, 0x93, 0x28, 0x53, 0xaa, 0x5c, 0xc9,
    0xb2, 0xa5, 0xcb, 0x97, 0x30, 0x63, 0xca, 0x9c, 0x49, 0xb3, 0xa6, 0xcd, 0x9b, 0x38, 0x73, 0xea,
    0xdc, 0xc9, 0xb3, 0xa7, 0xcf, 0x9f, 0x40, 0x83, 0x0a, 0x1d, 0x4a, 0xb4, 0xa8, 0xd1, 0xa3, 0x48,
    0x93, 0x2a, 0x5d, 0xca, 0xb4, 0xa9, 0xd3, 0xa7, 0x50, 0xa3, 0x4a, 0x9d, 0x4a, 0xb5, 0xaa, 0xd5,
    0xab, 0x58, 0x7b, 0x92, 0xcc, 0xaa, 0x74, 0x2b, 0x57, 0xa4, 0x5e, 0xbf, 0x1a, 0x0d, 0x2b, 0x56,
    0xab, 0xc4, 0xb2, 0x32, 0x37, 0xaa, 0x5d, 0xcb, 0x76, 0x2d, 0xda, 0xb4, 0x6d, 0xe3, 0xb6, 0x7d,
    0x1b, 0x53, 0xae, 0x5d, 0x8e, 0x68, 0xc9, 0xd2, 0xfd, 0xa9, 0x77, 0xaf, 0x59, 0xbc, 0x7e, 0x03,
    0x0b, 0x1e, 0x4c, 0xb8, 0x70, 0xc1, 0xb9, 0x15, 0xfb, 0x1a, 0xb6, 0x88, 0x98, 0xa2, 0xe2, 0xc5,
    0x8e, 0xd9, 0x32, 0x3e, 0x0b, 0x35, 0x20, 0x00, 0x21, 0xf9, 0x04, 0x01, 0x03, 0x00, 0x02, 0x00,
    0x2c, 0xba, 0x00, 0xda, 0x00, 0x8a, 0x00, 0x4d, 0x00, 0x81, 0x00, 0x00, 0x00, 0xff, 0xff, 0xff,
    0x00, 0x00, 0x00, 0x00, 0x00, 0x00, 0x08, 0xda, 0x00, 0x05, 0x08, 0x1c, 0x48, 0xb0, 0xa0, 0xc1,
    0x83, 0x08, 0x13, 0x2a, 0x5c, 0xc8, 0xb0, 0xa1, 0xc3, 0x87, 0x0e, 0x03, 0x48, 0x0c, 0x00, 0xb1,
    0xa2, 0xc5, 0x8b, 0x18, 0x33, 0x6a, 0x14, 0x30, 0x91, 0xe2, 0xc6, 0x8f, 0x20, 0x43, 0x8a, 0x44,
    0xd8, 0x71, 0xa4, 0xc9, 0x93, 0x28, 0x21, 0x96, 0x4c, 0xc9, 0xb2, 0x65, 0xcb, 0x95, 0x2e, 0x63,
    0xca, 0xfc, 0x08, 0x73, 0xa6, 0xcd, 0x9b, 0x11, 0x27, 0xe2, 0xdc, 0xc9, 0xb3, 0xa7, 0xcf, 0x9f,
    0x40, 0x83, 0x0a, 0x1d, 0x1a, 0x52, 0x27, 0xd1, 0xa3, 0x28, 0x8d, 0x22, 0x5d, 0x5a, 0x54, 0x22,
    0xd3, 0xa7, 0x50, 0xa3, 0x4a, 0x9d, 0x4a, 0xb5, 0xaa, 0xd5, 0xab, 0x58, 0xb3, 0x6a, 0xdd, 0xca,
    0xb5, 0xab, 0xd7, 0xaf, 0x60, 0xc3, 0x8a, 0x1d, 0x4b, 0xb6, 0xac, 0xd9, 0xb3, 0x68, 0xd3, 0xaa,
    0x5d, 0xcb, 0xb6, 0xad, 0xdb, 0xb7, 0x70, 0xe3, 0xca, 0x9d, 0x4b, 0xb7, 0xae, 0xdd, 0xbb, 0x78,
    0xf3, 0xea, 0xdd, 0xcb, 0xb7, 0xaf, 0xdf, 0xbf, 0x80, 0x03, 0x0b, 0x1e, 0x4c, 0xb8, 0xb0, 0xe1,
    0xc3, 0x88, 0x13, 0x2b, 0x5e, 0xcc, 0x58, 0x2b, 0x80, 0xc7, 0x0a, 0x1f, 0x03, 0x68, 0x4c, 0x50,
    0x72, 0x64, 0xc8, 0x94, 0x05, 0x5a, 0x4e, 0xb8, 0x39, 0x71, 0xe7, 0xcc, 0x0c, 0x3f, 0x83, 0xbe,
    0x3c, 0x79, 0xb4, 0xe9, 0xd3, 0xa8, 0x53, 0xab, 0x5e, 0xcd, 0xba, 0xb5, 0xeb, 0xd7, 0xb0, 0x63,
    0xcb, 0xde, 0xab, 0xf4, 0x75, 0x6d, 0xd7, 0xb7, 0x67, 0x8b, 0x6e, 0xbd, 0x9b, 0x75, 0xef, 0xd1,
    0x01, 0x01, 0x00, 0x21, 0xf9, 0x04, 0x01, 0x03, 0x00, 0x02, 0x00, 0x2c, 0xba, 0x00, 0xda, 0x00,
    0x8a, 0x00, 0x4d, 0x00, 0x81, 0x00, 0x00, 0x00, 0xff, 0xff, 0xff, 0x00, 0x00, 0x00, 0x00, 0x00,
    0x00, 0x08, 0xcc, 0x00, 0x05, 0x08, 0x1c, 0x48, 0xb0, 0xa0, 0xc1, 0x83, 0x08, 0x13, 0x2a, 0x5c,
    0xc8, 0xb0, 0xa1, 0xc3, 0x87, 0x0e, 0x01, 0x48, 0x04, 0x00, 0xb1, 0xa2, 0xc5, 0x8b, 0x18, 0x33,
    0x6a, 0x14, 0x30, 0x91, 0xe2, 0xc6, 0x8f, 0x20, 0x43, 0x8a, 0x44, 0xd8, 0x71, 0xa4, 0xc9, 0x93,
    0x28, 0x21, 0x96, 0x4c, 0xc9, 0xb2, 0x65, 0xcb, 0x95, 0x2e, 0x63, 0xca, 0xfc, 0x08, 0x73, 0xa6,
    0xcd, 0x9b, 0x11, 0x27, 0xe2, 0xdc, 0xc9, 0xb3, 0xa7, 0xcf, 0x9f, 0x40, 0x83, 0x0a, 0x1d, 0x1a,
    0x52, 0x27, 0xd1, 0xa3, 0x28, 0x8d, 0x22, 0x5d, 0x5a, 0x54, 0x22, 0xd3, 0xa7, 0x50, 0xa3, 0x4a,
    0x9d, 0x4a, 0xb5, 0xaa, 0xd5, 0xab, 0x58, 0xb3, 0x6a, 0xdd, 0xca, 0xb5, 0xab, 0xd7, 0xaf, 0x60,
    0xc3, 0x8a, 0x1d, 0x4b, 0xb6, 0xac, 0xd9, 0xb3, 0x68, 0xd3, 0xaa, 0x5d, 0xcb, 0xb6, 0xad, 0xdb,
    0xb7, 0x70, 0xe3, 0xca, 0x9d, 0x4b, 0xb7, 0xae, 0xdd, 0xbb, 0x78, 0xf3, 0xea, 0xdd, 0xcb, 0x17,
    0xaa, 0xd2, 0xbe, 0x27, 0xff, 0x02, 0x1e, 0x29, 0x78, 0xb0, 0xe1, 0xc3, 0x88, 0x13, 0x2b, 0x5e,
    0xcc, 0xb8, 0xb1, 0xe3, 0xc7, 0x90, 0x23, 0x4b, 0x9e, 0x4c, 0xb9, 0xb2, 0xe5, 0xcb, 0x98, 0x33,
    0x6b, 0xde, 0xcc, 0xb9, 0xb3, 0xe7, 0xcf, 0xa0, 0x43, 0x8b, 0x1e, 0x4d, 0xba, 0xb4, 0xe1, 0xc2,
    0x9e, 0x51, 0x77, 0x56, 0x6d, 0x5a, 0x23, 0xeb, 0xcd, 0xaf, 0x35, 0xc7, 0x9e, 0x1b, 0x10, 0x00,
    0x21, 0xf9, 0x04, 0x01, 0x03, 0x00, 0x02, 0x00, 0x2c, 0xba, 0x00, 0xbe, 0x00, 0x8a, 0x00, 0x69,
    0x00, 0x81, 0x00, 0x00, 0x00, 0xff, 0xff, 0xff, 0x00, 0x00, 0x00, 0x00, 0x00, 0x00, 0x08, 0xf7,
    0x00, 0x05, 0x08, 0x1c, 0x48, 0xb0, 0xa0, 0xc1, 0x83, 0x08, 0x13, 0x2a, 0x5c, 0xc8, 0xb0, 0x20,
    0x80, 0x87, 0x0d, 0x23, 0x4a, 0x9c, 0x48, 0xb1, 0xa2, 0xc5, 0x8b, 0x03, 0x1f, 0x02, 0xc0, 0xc8,
    0xb1, 0xa3, 0xc7, 0x8f, 0x17, 0x35, 0x82, 0x1c, 0x49, 0xb2, 0xa4, 0x45, 0x91, 0x26, 0x53, 0xaa,
    0x5c, 0x89, 0x10, 0x25, 0xcb, 0x97, 0x30, 0x49, 0xba, 0x8c, 0x49, 0xb3, 0xa6, 0xcd, 0x9b, 0x38,
    0x73, 0xea, 0xdc, 0xc9, 0xb3, 0xa7, 0xcf, 0x9f, 0x40, 0x83, 0x0a, 0x1d, 0x4a, 0xb4, 0xa8, 0xd1,
    0xa3, 0x48, 0x93, 0x2a, 0x5d, 0xca, 0xb4, 0xa9, 0xd3, 0xa7, 0x50, 0xa3, 0x4a, 0x9d, 0x4a, 0xb5,
    0xaa, 0xd5, 0xab, 0x58, 0xb3, 0x6a, 0xdd, 0xca, 0xb5, 0xab, 0xd7, 0xaf, 0x60, 0xc3, 0x8a, 0x1d,
    0x4b, 0xb6, 0xac, 0xd9, 0xb3, 0x68, 0xd3, 0xaa, 0x5d, 0x6b, 0x35, 0x80, 0xdb, 0x00, 0x6c, 0x6d,
    0xbe, 0x85, 0x1b, 0x97, 0xe6, 0xdc, 0xba, 0x78, 0xf3, 0xea, 0xdd, 0xcb, 0xb7, 0xaf, 0xdf, 0xbf,
    0x80, 0x03, 0x0b, 0x1e, 0x4c, 0xb8, 0xb0, 0xe1, 0xc3, 0x88, 0x13, 0x2b, 0x5e, 0xcc, 0xb8, 0xb1,
    0xe3, 0xc7, 0x90, 0x23, 0x4b, 0x9e, 0x4c, 0xb9, 0xb2, 0xe5, 0xcb, 0x98, 0x33, 0x6b, 0xde, 0xcc,
    0xb9, 0xb3, 0xe7, 0xcf, 0xa0, 0x43, 0x8b, 0x1e, 0x4d, 0xba, 0xb4, 0x69, 0xbe, 0x1a, 0x37, 0x72,
    0x4e, 0xdd, 0x99, 0xb5, 0xe5, 0xb7, 0x9e, 0x61, 0x77, 0x96, 0x7d, 0xba, 0xb6, 0xed, 0xdb, 0xb8,
    0x73, 0xeb, 0xde, 0xcd, 0xbb, 0xf7, 0x4d, 0xda, 0x9b, 0x81, 0x6b, 0x16, 0xee, 0xbb, 0xb8, 0xf1,
    0x94, 0xc4, 0x31, 0x27, 0xbf, 0xbc, 0x9c, 0x73, 0xf3, 0x88, 0xcf, 0xf5, 0x46, 0x67, 0x38, 0x1d,
    0x6f, 0x75, 0x85, 0xd7, 0xcf, 0x06, 0x04, 0x00, 0x21, 0xf9, 0x04, 0x01, 0x03, 0x00, 0x02, 0x00,
    0x2c, 0x10, 0x01, 0xbe, 0x00, 0x34, 0x00, 0x60, 0x00, 0x81, 0x00, 0x00, 0x00, 0xff, 0xff, 0xff,
    0x00, 0x00, 0x00, 0x00, 0x00, 0x00, 0x08, 0x89, 0x00, 0x01, 0x08, 0x14, 0x40, 0xb0, 0xa0, 0xc1,
    0x83, 0x08, 0x13, 0x2a, 0x5c, 0x68, 0x50, 0x20, 0x00, 0x86, 0x10, 0x23, 0x4a, 0x2c, 0xe8, 0x70,
    0xa2, 0xc5, 0x8b, 0x18, 0x33, 0x6a, 0xdc, 0xc8, 0xb1, 0xa3, 0xc7, 0x8f, 0x20, 0x43, 0x8a, 0x1c,
    0x49, 0xb2, 0xa4, 0xc9, 0x93, 0x28, 0x53, 0xaa, 0x5c, 0xc9, 0xb2, 0xa5, 0xcb, 0x97, 0x30, 0x63,
    0xca, 0x9c, 0x49, 0xb3, 0xa6, 0xcd, 0x9b, 0x38, 0x73, 0xea, 0xdc, 0xc9, 0xb3, 0xa7, 0xcf, 0x9f,
    0x40, 0x65, 0x3a, 0x7c, 0x68, 0x73, 0xe8, 0x4d, 0xa3, 0x41, 0x93, 0x2a, 0x5d, 0xca, 0xb4, 0xa9,
    0xd3, 0xa7, 0x50, 0xa3, 0x4a, 0x9d, 0x4a, 0xb5, 0xaa, 0xd5, 0xab, 0x58, 0xb3, 0x6a, 0xdd, 0xca,
    0xb5, 0xab, 0xd7, 0xaf, 0x60, 0xc3, 0x8a, 0x1d, 0x4b, 0xb6, 0xac, 0xd9, 0xb3, 0x68, 0xd3, 0xaa,
    0x5d, 0xcb, 0xb6, 0xad, 0x5b, 0x95, 0x01, 0xe2, 0xe2, 0x8c, 0x1b, 0x60, 0xae, 0x5c, 0x90, 0x01,
    0x01, 0x00, 0x21, 0xf9, 0x04, 0x01, 0x03, 0x00, 0x02, 0x00, 0x2c, 0xdd, 0x00, 0xbe, 0x00, 0x67,
    0x00, 0x53, 0x00, 0x81, 0x00, 0x00, 0x00, 0xff, 0xff, 0xff, 0x00, 0x00, 0x00, 0x00, 0x00, 0x00,
    0x08, 0xab, 0x00, 0x05, 0x08, 0x1c, 0x48, 0xb0, 0xa0, 0xc1, 0x83, 0x08, 0x13, 0x2a, 0x5c, 0xb8,
    0x10, 0x80, 0x43, 0x86, 0x10, 0x23, 0x4a, 0x9c, 0x48, 0x11, 0xa2, 0x43, 0x00, 0x15, 0x33, 0x6a,
    0xdc, 0xc8, 0xf1, 0x22, 0xc7, 0x8f, 0x20, 0x43, 0x8a, 0x1c, 0x49, 0xb2, 0xa4, 0xc9, 0x93, 0x28,
    0x53, 0xaa, 0x5c, 0xc9, 0xb2, 0xa5, 0xcb, 0x97, 0x30, 0x63, 0xca, 0x9c, 0x49, 0xb3, 0xa6, 0xcd,
    0x9b, 0x38, 0x73, 0xea, 0xdc, 0xc9, 0xb3, 0xa7, 0xcf, 0x9f, 0x40, 0x83, 0x0a, 0x1d, 0x4a, 0xb4,
    0xa8, 0xd1, 0xa3, 0x48, 0x93, 0x2a, 0x5d, 0xca, 0xb4, 0xa9, 0xd3, 0xa7, 0x50, 0xa3, 0x4a, 0x9d,
    0x4a, 0xb5, 0xaa, 0xd5, 0xab, 0x58, 0xb3, 0x66, 0x0c, 0xc0, 0x35, 0x80, 0x56, 0x8a, 0x5d, 0xbd,
    0x7e, 0x95, 0x18, 0x76, 0xac, 0xd9, 0xb3, 0x68, 0xd3, 0xaa, 0x5d, 0xcb, 0xb6, 0xad, 0xdb, 0xb7,
    0x70, 0xe3, 0xca, 0x9d, 0x4b, 0xb7, 0xae, 0xdd, 0xbb, 0x78, 0xf3, 0xea, 0xdd, 0xcb, 0xb7, 0xaf,
    0xdf, 0xbf, 0x80, 0x03, 0x0b, 0x1e, 0x4c, 0xb8, 0xb0, 0xe1, 0xc3, 0x88, 0x13, 0x2b, 0x5e, 0xcc,
    0xb8, 0xb1, 0xe3, 0xc7, 0x89, 0x3d, 0xd2, 0x95, 0x3c, 0x97, 0xb2, 0xdc, 0x80, 0x00, 0x21, 0xf9,
    0x04, 0x01, 0x03, 0x00, 0x02, 0x00, 0x2c, 0x97, 0x00, 0xbe, 0x00, 0xad, 0x00, 0x60, 0x00, 0x81,
    0x00, 0x00, 0x00, 0xff, 0xff, 0xff, 0x00, 0x00, 0x00, 0x00, 0x00, 0x00, 0x08, 0xff, 0x00, 0x05,
    0x08, 0x1c, 0x48, 0xb0, 0xa0, 0xc1, 0x83, 0x08, 0x13, 0x2a, 0x5c, 0xc8, 0xb0, 0xa1, 0xc3, 0x87,
    0x02, 0x02, 0x48, 0x84, 0x78, 0x50, 0x62, 0x00, 0x8a, 0x18, 0x33, 0x6a, 0xdc, 0xc8, 0xb1, 0x23,
    0x41, 0x8b, 0x1d, 0x41, 0x7a, 0x1c, 0x49, 0xb2, 0xa4, 0xc9, 0x86, 0x22, 0x37, 0xa6, 0x3c, 0xc9,
    0xb2, 0xa5, 0x4b, 0x85, 0x2b, 0x5f, 0xca, 0x9c, 0x49, 0xd3, 0x64, 0xcc, 0x9a, 0x38, 0x73, 0xea,
    0x5c, 0x78, 0x73, 0xe7, 0x42, 0x00, 0x40, 0x7d, 0x0a, 0x1d, 0xba, 0x13, 0x28, 0x00, 0xa2, 0x48,
    0x93, 0xba, 0x34, 0xaa, 0xb4, 0xa9, 0xd3, 0xa7, 0x50, 0xa3, 0x4a, 0x9d, 0x4a, 0xb5, 0xaa, 0xd5,
    0xab, 0x58, 0xb3, 0x6a, 0xdd, 0xca, 0xb5, 0xab, 0xd7, 0xaf, 0x60, 0xc3, 0x8a, 0x1d, 0x4b, 0xb6,
    0xac, 0xd9, 0xb3, 0x68, 0xd3, 0xaa, 0x5d, 0xcb, 0xb6, 0xad, 0xdb, 0xb7, 0x70, 0xe3, 0xca, 0x9d,
    0x4b, 0xb7, 0xae, 0xdd, 0xbb, 0x78, 0xf3, 0xea, 0xdd, 0xcb, 0xb7, 0xaf, 0xdf, 0xbf, 0x80, 0x03,
    0x0b, 0x1e, 0x4c, 0xb8, 0xb0, 0xe1, 0xc3, 0x88, 0x13, 0x2b, 0x5e, 0xcc, 0xb8, 0x6e, 0xcf, 0xc6,
    0x4e, 0x1f, 0x43, 0x56, 0x2a, 0x79, 0xb2, 0xe5, 0xcb, 0x98, 0x33, 0xef, 0xad, 0xac, 0x59, 0x27,
    0xe7, 0xce, 0x38, 0x3f, 0x83, 0xa6, 0x29, 0x7a, 0xb4, 0xcc, 0xd2, 0xa6, 0x5d, 0xa2, 0x4e, 0xcd,
    0x72, 0x35, 0xeb, 0xd7, 0xb0, 0x63, 0xcb, 0x06, 0x6c, 0xf1, 0xe2, 0xec, 0x9a, 0xb5, 0x6f, 0xe3,
    0x76, 0xad, 0xbb, 0xb7, 0xef, 0xdf, 0xc0, 0x83, 0x0b, 0x1f, 0x4e, 0xbc, 0xb8, 0xf1, 0xe3, 0xc8,
    0x93, 0x2b, 0x5f, 0xce, 0xbc, 0xb9, 0xf3, 0xe7, 0xd0, 0xa3, 0x4b, 0x9f, 0x4e, 0xbd, 0xba, 0xf5,
    0xeb, 0xd8, 0xb3, 0x6b, 0xdf, 0xce, 0xbd, 0xbb, 0xf7, 0xef, 0xe0, 0xc3, 0x8b, 0x0c, 0x1f, 0x4f,
    0xde, 0x2d, 0x53, 0xf0, 0xe7, 0xbf, 0xa7, 0xef, 0x18, 0x10, 0x00, 0x21, 0xf9, 0x04, 0x01, 0x03,
    0x00, 0x02, 0x00, 0x2c, 0xfd, 0x00, 0xee, 0x00, 0x03, 0x00, 0x03, 0x00, 0x81, 0x00, 0x00, 0x00,
    0xff, 0xff, 0xff, 0x00, 0x00, 0x00, 0x00, 0x00, 0x00, 0x08, 0x07, 0x00, 0x01, 0x08, 0x1c, 0x38,
    0x30, 0x20, 0x00, 0x21, 0xf9, 0x04, 0x01, 0x03, 0x00, 0x02, 0x00, 0x2c, 0x80, 0x00, 0xea, 0x00,
    0xaa, 0x00, 0x37, 0x00, 0x81, 0x00, 0x00, 0x00, 0xff, 0xff, 0xff, 0x00, 0x00, 0x00, 0x00, 0x00,
    0x00, 0x08, 0xcc, 0x00, 0x05, 0x08, 0x1c, 0x48, 0xb0, 0xa0, 0xc1, 0x83, 0x08, 0x13, 0x2a, 0x5c,
    0xc8, 0xb0, 0xa1, 0xc3, 0x87, 0x05, 0x01, 0x48, 0x84, 0x48, 0xb1, 0xa2, 0xc5, 0x8b, 0x18, 0x33,
    0x6a, 0x5c, 0x28, 0x11, 0xc0, 0xc6, 0x8f, 0x20, 0x43, 0x8a, 0x1c, 0x89, 0xb0, 0x23, 0xc9, 0x93,
    0x28, 0x53, 0xaa, 0x3c, 0x68, 0x72, 0xa5, 0xcb, 0x97, 0x30, 0x63, 0xca, 0x9c, 0x49, 0xb3, 0xa6,
    0xcd, 0x9b, 0x38, 0x73, 0xea, 0xdc, 0xc9, 0xb3, 0xa7, 0xcf, 0x9f, 0x40, 0x83, 0x0a, 0x1d, 0x4a,
    0xb4, 0xa8, 0xd1, 0xa3, 0x48, 0x93, 0x2a, 0x5d, 0xca, 0xb4, 0xa9, 0xd3, 0xa7, 0x50, 0xa3, 0x4a,
    0x9d, 0x4a, 0xb5, 0xaa, 0xd5, 0xab, 0x58, 0xb3, 0x6a, 0xdd, 0xca, 0xb5, 0xab, 0xd7, 0xaf, 0x60,
    0xc3, 0x8a, 0x1d, 0x4b, 0xb6, 0xac, 0xd9, 0xb3, 0x68, 0xd3, 0xaa, 0x5d, 0xcb, 0xb6, 0xad, 0xdb,
    0xb7, 0x70, 0xe3, 0xca, 0x9d, 0x4b, 0xb7, 0xae, 0xdd, 0xbb, 0x78, 0x95, 0x06, 0xd8, 0x9b, 0x57,
    0xe8, 0xde, 0x00, 0x7d, 0x83, 0xfe, 0x0d, 0x3c, 0x76, 0x30, 0x61, 0x9f, 0x86, 0x0f, 0xf3, 0x4c,
    0xac, 0xb8, 0xb1, 0xe3, 0xc7, 0x90, 0xcb, 0x32, 0x8e, 0x4c, 0x73, 0x32, 0x65, 0x99, 0x96, 0x2f,
    0xc3, 0xcc, 0xac, 0xf9, 0x26, 0x67, 0x86, 0x9f, 0x3b, 0x2b, 0x0c, 0x3d, 0x9a, 0xaf, 0x68, 0x8a,
    0xa4, 0x13, 0xfe, 0x4d, 0x7d, 0x5a, 0x24, 0xeb, 0xd6, 0x20, 0x5f, 0xc3, 0xde, 0x18, 0x10, 0x00,
    0x21, 0xf9, 0x04, 0x01, 0x03, 0x00, 0x02, 0x00, 0x2c, 0x80, 0x00, 0xc1, 0x00, 0xc4, 0x00, 0x60,
    0x00, 0x81, 0x00, 0x00, 0x00, 0xff, 0xff, 0xff, 0x00, 0x00, 0x00, 0x00, 0x00, 0x00, 0x08, 0xff,
    0x00, 0x05, 0x08, 0x1c, 0x48, 0xb0, 0xa0, 0xc1, 0x83, 0x08, 0x13, 0x2a, 0x5c, 0xc8, 0xb0, 0xa1,
    0xc3, 0x87, 0x0f, 0x01, 0x48, 0x84, 0x48, 0xb1, 0xa2, 0xc5, 0x8b, 0x18, 0x33, 0x6a, 0xdc, 0xd8,
    0x50, 0x22, 0x00, 0x8e, 0x20, 0x43, 0x8a, 0x1c, 0x49, 0x52, 0xa4, 0xc7, 0x92, 0x28, 0x2b, 0x06,
    0x58, 0x99, 0xb2, 0xa5, 0xcb, 0x97, 0x30, 0x55, 0xb2, 0x8c, 0x49, 0xb3, 0xa6, 0xcd, 0x96, 0x2b,
    0x03, 0xdc, 0xdc, 0xc9, 0xb3, 0xa7, 0xcf, 0x9f, 0x40, 0x83, 0x0a, 0x1d, 0x4a, 0xb4, 0xa8, 0xd1,
    0xa3, 0x48, 0x93, 0x2a, 0x5d, 0xca, 0xb4, 0xa9, 0xd3, 0xa7, 0x50, 0xa3, 0x4a, 0x9d, 0x4a, 0xb5,
    0xaa, 0xd5, 0x9d, 0x27, 0xaf, 0x6a, 0x0d, 0x9a, 0x75, 0xab, 0x57, 0x9e, 0x5d, 0xbf, 0x8a, 0x1d,
    0x4b, 0xb6, 0xac, 0xd9, 0xb3, 0x68, 0xd3, 0xaa, 0x5d, 0xcb, 0xb6, 0xad, 0xdb, 0xb7, 0x70, 0xe3,
    0xca, 0x9d, 0x4b, 0xb7, 0xae, 0xdd, 0xbb, 0x3b, 0x73, 0xea, 0xc4, 0x3b, 0x57, 0x2f, 0xdf, 0xbe,
    0x39, 0xff, 0xca, 0xf5, 0x2b, 0xb8, 0xb0, 0xe1, 0xc3, 0x88, 0x13, 0x2b, 0x5e, 0xcc, 0xb8, 0xb1,
    0xe3, 0xc7, 0x19, 0xc3, 0x42, 0x16, 0x2b, 0x79, 0xb2, 0xd7, 0xca, 0x96, 0x33, 0x6b, 0xde, 0xcc,
    0xb9, 0xb3, 0xe7, 0xcf, 0xa0, 0x43, 0x8b, 0x1e, 0x4d, 0xba, 0xb4, 0xe9, 0xd3, 0xa8, 0x53, 0xab,
    0x5e, 0xcd, 0xba, 0xb5, 0xeb, 0xd7, 0xb0, 0x63, 0xcb, 0x9e, 0x4d, 0xbb, 0xb6, 0xed, 0xdb, 0xb8,
    0x73, 0xeb, 0xde, 0xcd, 0xbb, 0xb7, 0xef, 0xdf, 0xc0, 0x83, 0x0b, 0x1f, 0x4e, 0xbc, 0xb8, 0xf1,
    0xe3, 0xc8, 0x93, 0x2b, 0x5f, 0xce, 0xbc, 0xf9, 0x70, 0xcc, 0xce, 0x29, 0x42, 0x8f, 0x1e, 0x71,
    0x22, 0xf5, 0xeb, 0xd8, 0xb3, 0x6b, 0xdf, 0xce, 0xbd, 0xbb, 0xf7, 0xef, 0xe0, 0xc3, 0x2f, 0x12,
    0x9e, 0x2e, 0x5e, 0x00, 0x79, 0xf1, 0xe7, 0xab, 0x7f, 0x2c, 0x8f, 0x30, 0x3d, 0x78, 0xf7, 0xdf,
    0x03, 0x02, 0x00, 0x21, 0xf9, 0x04, 0x01, 0x03, 0x00, 0x02, 0x00, 0x2c, 0xfd, 0x00, 0xc1, 0x00,
    0x47, 0x00, 0x5a, 0x00, 0x81, 0x00, 0x00, 0x00, 0xff, 0xff, 0xff, 0x00, 0x00, 0x00, 0x00, 0x00,
    0x00, 0x08, 0xb2, 0x00, 0x05, 0x08, 0x1c, 0x48, 0x30, 0x80, 0x41, 0x82, 0x08, 0x13, 0x2a, 0x5c,
    0xc8, 0xb0, 0xa1, 0xc3, 0x85, 0x06, 0x03, 0x3c, 0x9c, 0x48, 0xb1, 0x22, 0xc5, 0x88, 0x16, 0x33,
    0x6a, 0xdc, 0xc8, 0xb1, 0x23, 0x42, 0x8c, 0x1e, 0x43, 0x7a, 0x04, 0x29, 0xb2, 0x64, 0x46, 0x92,
    0x26, 0x53, 0xaa, 0x5c, 0xc9, 0xb2, 0xa5, 0xcb, 0x97, 0x30, 0x63, 0xca, 0x9c, 0x49, 0xb3, 0xa6,
    0x4d, 0x86, 0x28, 0x6f, 0x86, 0xcc, 0xa9, 0xb3, 0x23, 0xcf, 0x9e, 0x40, 0x83, 0x0a, 0x1d, 0x4a,
    0xb4, 0xa8, 0xd1, 0xa3, 0x48, 0x93, 0x2a, 0x5d, 0xca, 0xb4, 0xa9, 0x46, 0x00, 0x50, 0x01, 0x38,
    0x65, 0x18, 0x55, 0xea, 0x54, 0x85, 0x55, 0xaf, 0x62, 0x8d, 0xaa, 0xb5, 0xab, 0xd7, 0xaf, 0x60,
    0xc3, 0x06, 0xfd, 0xa9, 0x95, 0xec, 0x55, 0xb3, 0x62, 0xd3, 0xaa, 0x5d, 0xcb, 0xb6, 0xad, 0xdb,
    0xb7, 0x70, 0xe3, 0xca, 0x9d, 0x4b, 0xb7, 0xae, 0xdd, 0xbb, 0x78, 0xf3, 0xea, 0xdd, 0xcb, 0xb7,
    0xaf, 0xdf, 0xbf, 0x80, 0x03, 0x0b, 0x1e, 0x4c, 0xb8, 0xb0, 0xe1, 0xc3, 0x88, 0x13, 0x2b, 0x5e,
    0x2c, 0x90, 0xab, 0x58, 0xc7, 0x61, 0x21, 0x33, 0x9e, 0x3c, 0x57, 0xf2, 0x57, 0xcb, 0x5e, 0x31,
    0x77, 0xd5, 0x7c, 0x34, 0x20, 0x00, 0x21, 0xf9, 0x04, 0x01, 0x03, 0x00, 0x02, 0x00, 0x2c, 0xfd,
    0x00, 0xc1, 0x00, 0x16, 0x00, 0x5d, 0x00, 0x81, 0x00, 0x00, 0x00, 0xff, 0xff, 0xff, 0x00, 0x00,
    0x00, 0x00, 0x00, 0x00, 0x08, 0x6c, 0x00, 0x05, 0x08, 0x1c, 0x48, 0x10, 0x80, 0x41, 0x82, 0x08,
    0x13, 0x16, 0x3c, 0xa8, 0xb0, 0xe1, 0x40, 0x83, 0x00, 0x1c, 0x4a, 0x9c, 0x48, 0xb1, 0xa2, 0xc5,
    0x8b, 0x18, 0x33, 0x6a, 0xdc, 0xc8, 0xb1, 0xa3, 0xc7, 0x8f, 0x20, 0x43, 0x8a, 0x1c, 0x49, 0xb2,
    0xa4, 0xc9, 0x93, 0x28, 0x53, 0xaa, 0x5c, 0xc9, 0xb2, 0xa5, 0xcb, 0x86, 0x10, 0x37, 0xc6, 0xd4,
    0x38, 0xf3, 0xa5, 0xcd, 0x9b, 0x38, 0x1d, 0x06, 0xd8, 0xb9, 0x71, 0x67, 0x80, 0x9e, 0x3c, 0x73,
    0x0a, 0x1d, 0x4a, 0xb4, 0xa8, 0xd1, 0xa3, 0x48, 0x93, 0x2a, 0x5d, 0xca, 0xb4, 0xa9, 0xd3, 0xa7,
    0x50, 0x9d, 0xfa, 0x04, 0xfa, 0x53, 0xe3, 0x54, 0xab, 0x41, 0x45, 0xd6, 0xc4, 0xb8, 0xf5, 0x22,
    0xc4, 0x80, 0x00, 0x21, 0xf9, 0x04, 0x01, 0x03, 0x00, 0x02, 0x00, 0x2c, 0xdd, 0x00, 0xc4, 0x00,
    0x5d, 0x00, 0x5a, 0x00, 0x81, 0x00, 0x00, 0x00, 0xff, 0xff, 0xff, 0x00, 0x00, 0x00, 0x00, 0x00,
    0x00, 0x08, 0xb2, 0x00, 0x05, 0x08, 0x1c, 0x48, 0xb0, 0xa0, 0xc1, 0x83, 0x08, 0x13, 0x2a, 0x5c,
    0xc8, 0x90, 0x21, 0x80, 0x87, 0x0d, 0x23, 0x4a, 0x9c, 0x48, 0x51, 0xe2, 0x43, 0x00, 0x15, 0x33,
    0x6a, 0xdc, 0xe8, 0x10, 0x22, 0xc7, 0x8f, 0x20, 0x43, 0x8a, 0x1c, 0x49, 0xb2, 0xa4, 0xc9, 0x93,
    0x28, 0x53, 0xaa, 0x5c, 0xc9, 0xb2, 0xa5, 0xcb, 0x97, 0x30, 0x63, 0xca, 0x9c, 0x49, 0xb3, 0xa6,
    0xcd, 0x9b, 0x38, 0x73, 0xea, 0xdc, 0xc9, 0xb3, 0xa7, 0xcf, 0x9f, 0x40, 0x83, 0x0a, 0x1d, 0x4a,
    0xb4, 0xa8, 0xd1, 0xa3, 0x48, 0x93, 0x2a, 0x5d, 0xca, 0xb4, 0xa9, 0xd3, 0xa7, 0x50, 0xa3, 0x4a,
    0x9d, 0x4a, 0xb5, 0xaa, 0xd5, 0xab, 0x58, 0xb3, 0x6a, 0xdd, 0xca, 0xb5, 0xab, 0xd7, 0xaf, 0x45,
    0x2f, 0x82, 0x15, 0x28, 0x76, 0x6c, 0xd9, 0xb1, 0x68, 0xd3, 0xaa, 0x5d, 0xcb, 0xb6, 0xad, 0xdb,
    0xb7, 0x70, 0xe3, 0xca, 0x9d, 0x4b, 0xb7, 0xae, 0xdd, 0xbb, 0x78, 0xf3, 0xea, 0xdd, 0xcb, 0xb7,
    0xaf, 0xdf, 0xbf, 0x80, 0x01, 0x07, 0x18, 0x8c, 0x76, 0x70, 0x80, 0xc2, 0x84, 0x03, 0x2b, 0x5e,
    0xcc, 0xb8, 0xb1, 0xdd, 0xb3, 0x5f, 0x21, 0x7b, 0x95, 0xdc, 0x95, 0xb2, 0x62, 0xc3, 0x88, 0x0f,
    0x8f, 0xc5, 0x2c, 0x31, 0x20, 0x00, 0x21, 0xf9, 0x04, 0x01, 0x03, 0x00, 0x02, 0x00, 0x2c, 0xdd,
    0x00, 0xce, 0x00, 0x36, 0x00, 0x50, 0x00, 0x81, 0x00, 0x00, 0x00, 0xff, 0xff, 0xff, 0x00, 0x00,
    0x00, 0x00, 0x00, 0x00, 0x08, 0x90, 0x00, 0x05, 0x08, 0x1c, 0x48, 0xb0, 0xa0, 0xc1, 0x83, 0x04,
    0x01, 0x28, 0x44, 0xc8, 0xb0, 0xa1, 0xc3, 0x87, 0x02, 0x14, 0x02, 0x80, 0x48, 0xb1, 0x22, 0x43,
    0x89, 0x16, 0x33, 0x6a, 0xdc, 0xc8, 0xb1, 0xa3, 0xc7, 0x8f, 0x20, 0x43, 0x8a, 0x1c, 0x49, 0xb2,
    0xa4, 0xc9, 0x93, 0x28, 0x53, 0xaa, 0x5c, 0xc9, 0xb2, 0xa5, 0xcb, 0x97, 0x30, 0x63, 0xca, 0x9c,
    0x49, 0xb3, 0xa6, 0xcd, 0x9b, 0x38, 0x73, 0xea, 0xdc, 0xc9, 0xb3, 0xa7, 0x4f, 0x96, 0x01, 0x82,
    0xee, 0x0c, 0x1a, 0x60, 0xa8, 0x50, 0x9d, 0x44, 0x8d, 0x16, 0x45, 0x7a, 0x34, 0x67, 0xd2, 0x9f,
    0x50, 0xa3, 0x4a, 0x9d, 0x4a, 0xb5, 0xaa, 0xd5, 0xab, 0x58, 0xb3, 0x6a, 0xdd, 0xca, 0xb5, 0xab,
    0xd7, 0xaf, 0x60, 0xc3, 0x8a, 0x1d, 0x4b, 0xb6, 0xac, 0x56, 0x8c, 0x3a, 0xd1, 0xe6, 0x54, 0x6b,
    0xb6, 0xad, 0xdb, 0xb7, 0x70, 0x29, 0x3e, 0x75, 0xda, 0x14, 0xe7, 0x5c, 0xbb, 0x75, 0xa1, 0xde,
    0xbd, 0xb9, 0xd7, 0x26, 0xd1, 0x80, 0x00, 0x21, 0xf9, 0x04, 0x01, 0x03, 0x00, 0x02, 0x00, 0x2c,
    0xfd, 0x00, 0xc1, 0x00, 0x3d, 0x00, 0x5d, 0x00, 0x81, 0x00, 0x00, 0x00, 0xff, 0xff, 0xff, 0x00,
    0x00, 0x00, 0x00, 0x00, 0x00, 0x08, 0xa7, 0x00, 0x05, 0x08, 0x1c, 0x48, 0x30, 0x80, 0x41, 0x82,
    0x08, 0x13, 0x2a, 0x5c, 0xc8, 0xb0, 0x21, 0x43, 0x83, 0x01, 0x1c, 0x4a, 0x9c, 0x48, 0x71, 0x21,
    0xc4, 0x8a, 0x18, 0x33, 0x6a, 0xdc, 0xc8, 0x51, 0xc0, 0xc5, 0x8e, 0x20, 0x29, 0x7e, 0x0c, 0x49,
    0xf2, 0xe1, 0xc1, 0x92, 0x28, 0x53, 0xaa, 0x5c, 0xc9, 0xb2, 0xa5, 0xcb, 0x97, 0x30, 0x63, 0xca,
    0x9c, 0x19, 0x72, 0x24, 0xcd, 0x8c, 0x36, 0x6f, 0x56, 0xcc, 0xa9, 0xb3, 0xa7, 0xcf, 0x9f, 0x40,
    0x83, 0x0a, 0x1d, 0x4a, 0xb4, 0xa8, 0xd1, 0xa3, 0x48, 0x93, 0x2a, 0x5d, 0xca, 0xb4, 0xa9, 0xd3,
    0xa7, 0x50, 0xa3, 0x4a, 0xbd, 0xc9, 0x13, 0x69, 0xd5, 0xa3, 0x57, 0xa7, 0x6a, 0xdd, 0xda, 0x13,
    0x80, 0x57, 0xa7, 0x5e, 0x01, 0x80, 0xfd, 0xda, 0x34, 0xec, 0x58, 0xb1, 0x65, 0xc9, 0x32, 0x35,
    0xcb, 0xb5, 0xad, 0xdb, 0xb7, 0x70, 0xe3, 0xca, 0x9d, 0x4b, 0xb7, 0xae, 0xdd, 0xbb, 0x78, 0xf3,
    0xea, 0xdd, 0xcb, 0xb7, 0xaf, 0xdf, 0xbf, 0x80, 0x03, 0x0b, 0x1e, 0x4c, 0xb8, 0xb0, 0xe1, 0xc3,
    0x88, 0x13, 0x2b, 0x5e, 0x9c, 0x94, 0xed, 0x5a, 0xb5, 0x4b, 0x1d, 0x4f, 0x0c, 0x08, 0x00, 0x21,
    0xf9, 0x04, 0x01, 0x03, 0x00, 0x02, 0x00, 0x2c, 0xfd, 0x00, 0xc4, 0x00, 0x47, 0x00, 0x33, 0x00,
    0x81, 0x00, 0x00, 0x00, 0xff, 0xff, 0xff, 0x00, 0x00, 0x00, 0x00, 0x00, 0x00, 0x08, 0x7d, 0x00,
    0x05, 0x08, 0x1c, 0x48, 0xb0, 0xa0, 0xc1, 0x83, 0x08, 0x13, 0x2a, 0x1c, 0x08, 0xa0, 0xe1, 0xc2,
    0x87, 0x10, 0x23, 0x4a, 0x64, 0xe8, 0x70, 0xa2, 0xc5, 0x8b, 0x13, 0x1b, 0x02, 0xc0, 0xc8, 0xb1,
    0xa3, 0xc7, 0x8f, 0x20, 0x43, 0x8a, 0x1c, 0x49, 0xb2, 0xa4, 0xc9, 0x93, 0x28, 0x53, 0xaa, 0x5c,
    0xc9, 0xb2, 0xa5, 0xcb, 0x97, 0x30, 0x63, 0xca, 0x9c, 0x49, 0xb3, 0xa6, 0xcd, 0x9b, 0x38, 0x73,
    0xea, 0xdc, 0xc9, 0xb3, 0xa7, 0xcf, 0x9f, 0x40, 0x83, 0x0a, 0x1d, 0x4a, 0xb4, 0xa8, 0xd1, 0xa3,
    0x48, 0x93, 0x2a, 0x2d, 0xa9, 0x71, 0xa9, 0x80, 0xa6, 0x4b, 0xa1, 0x3a, 0x9d, 0x4a, 0xb5, 0xaa,
    0x80, 0x00, 0x58, 0x9d, 0x62, 0x0d, 0xa0, 0x35, 0xeb, 0xd2, 0xad, 0x56, 0xc3, 0x8a, 0x1d, 0x4b,
    0xb6, 0xac, 0x59, 0x96, 0x1a, 0x37, 0x2a, 0x4d, 0x1b, 0x55, 0x63, 0x40, 0x00, 0x21, 0xf9, 0x04,
    0x01, 0x03, 0x00, 0x02, 0x00, 0x2c, 0x80, 0x00, 0xbe, 0x00, 0xc4, 0x00, 0x66, 0x00, 0x81, 0x00,
    0x00, 0x00, 0xff, 0xff, 0xff, 0x00, 0x00, 0x00, 0x00, 0x00, 0x00, 0x08, 0xff, 0x00, 0x05, 0x08,
    0x1c, 0x48, 0xb0, 0xa0, 0xc1, 0x83, 0x08, 0x13, 0x2a, 0x5c, 0xc8, 0xb0, 0xa1, 0xc3, 0x87, 0x10,
    0x23, 0x46, 0x04, 0x40, 0x51, 0xa2, 0xc5, 0x8b, 0x18, 0x33, 0x6a, 0xdc, 0xc8, 0x11, 0x23, 0x45,
    0x00, 0x1d, 0x43, 0x8a, 0x1c, 0x49, 0xb2, 0x64, 0xc6, 0x8f, 0x26, 0x53, 0xaa, 0x5c, 0xc9, 0xb2,
    0xa5, 0xcb, 0x97, 0x30, 0x63, 0xca, 0x9c, 0x49, 0xb3, 0xa6, 0xcd, 0x9b, 0x02, 0x51, 0xe2, 0xdc,
    0xc9, 0xb3, 0xa6, 0xce, 0x9e, 0x40, 0x83, 0xae, 0xfc, 0x29, 0xb4, 0xa8, 0xd1, 0xa3, 0x48, 0x93,
    0x2a, 0x5d, 0xca, 0xb4, 0xa9, 0xd3, 0xa7, 0x50, 0xa3, 0x4a, 0x9d, 0x4a, 0xb5, 0xaa, 0xd5, 0xab,
    0x58, 0xb3, 0x6a, 0xdd, 0xca, 0xb5, 0xab, 0xd7, 0xaf, 0x60, 0xc3, 0x8a, 0x1d, 0x4b, 0xb6, 0xac,
    0xd9, 0xb3, 0x68, 0xd3, 0xaa, 0x5d, 0xcb, 0xb6, 0xad, 0xdb, 0xb7, 0x70, 0xe3, 0xca, 0x9d, 0x4b,
    0xb7, 0xae, 0xdd, 0xbb, 0x78, 0xf3, 0xea, 0xdd, 0xcb, 0xb7, 0xaf, 0xdf, 0xbf, 0x80, 0x03, 0x0b,
    0x1e, 0x4c, 0xb8, 0xb0, 0xe1, 0xc3, 0x88, 0x13, 0x2b, 0x5e, 0xcc, 0xb8, 0xb1, 0xe3, 0xc7, 0x90,
    0xa5, 0x12, 0x8d, 0x8c, 0x74, 0x32, 0x65, 0xa3, 0x96, 0x2f, 0x0b, 0xcd, 0xac, 0xb9, 0xb3, 0xe7,
    0xcf, 0xa0, 0x43, 0x9f, 0xe4, 0x2c, 0x9a, 0xe6, 0x47, 0x90, 0xa5, 0x79, 0x9e, 0x4e, 0xcd, 0xba,
    0xb5, 0xeb, 0xd7, 0xb0, 0x63, 0xcb, 0x9e, 0x4d, 0xbb, 0xb6, 0xed, 0xdb, 0xb8, 0x73, 0xeb, 0xde,
    0xcd, 0xbb, 0xb7, 0xef, 0xdf, 0xc0, 0x83, 0x0b, 0x1f, 0x4e, 0xbc, 0xb8, 0xf1, 0xe3, 0xc8, 0x93,
    0x2b, 0x97, 0x1d, 0xa0, 0xf9, 0x72, 0x8b, 0xcd, 0x03, 0x3c, 0x97, 0x18, 0x7d, 0xba, 0xf5, 0xeb,
    0xd8, 0xb3, 0x6b, 0xdf, 0xce, 0xbd, 0xbb, 0xf7, 0xef, 0xe0, 0xc3, 0x8b, 0x1a, 0x5f, 0x5b, 0xfd,
    0x66, 0x74, 0xe9, 0xa2, 0xcb, 0xdb, 0x3c, 0x5f, 0x5a, 0x7d, 0x4d, 0xf6, 0xe3, 0x77, 0xc2, 0x1f,
    0x3f, 0x5f, 0x7c, 0xfd, 0xb3, 0x01, 0x01, 0x00, 0x21, 0xf9, 0x04, 0x01, 0x03, 0x00, 0x02, 0x00,
    0x2c, 0x80, 0x00, 0xbe, 0x00, 0xc4, 0x00, 0x66, 0x00, 0x81, 0x00, 0x00, 0x00, 0xff, 0xff, 0xff,
    0x00, 0x00, 0x00, 0x00, 0x00, 0x00, 0x08, 0xff, 0x00, 0x05, 0x08, 0x1c, 0x48, 0xb0, 0xa0, 0xc1,
    0x83, 0x08, 0x13, 0x2a, 0x5c, 0xc8, 0xb0, 0xa1, 0xc3, 0x87, 0x10, 0x23, 0x46, 0x0c, 0x40, 0x51,
    0xa2, 0xc5, 0x8b, 0x18, 0x33, 0x6a, 0xdc, 0xc8, 0x11, 0x23, 0xc5, 0x00, 0x1d, 0x43, 0x8a, 0x1c,
    0x49, 0xb2, 0x64, 0xc6, 0x8f, 0x26, 0x53, 0xaa, 0x5c, 0xb9, 0x11, 0x80, 0x4b, 0x96, 0x30, 0x63,
    0xca, 0x9c, 0x39, 0xd0, 0x25, 0x00, 0x9a, 0x38, 0x73, 0xea, 0xd4, 0x68, 0x73, 0xa7, 0xcf, 0x9f,
    0x40, 0x83, 0x0a, 0x1d, 0x4a, 0xb4, 0xa8, 0xd1, 0xa3, 0x48, 0x93, 0x26, 0xec, 0xa9, 0xb4, 0xa9,
    0xd3, 0x87, 0x4c, 0x9f, 0x4a, 0x9d, 0x5a, 0x30, 0x2a, 0xd5, 0xab, 0x58, 0xb3, 0x6a, 0xdd, 0xca,
    0xb5, 0xab, 0xd7, 0xaf, 0x60, 0xc3, 0x8a, 0x1d, 0x4b, 0xb6, 0xac, 0xd9, 0xb3, 0x68, 0xd3, 0xaa,
    0x5d, 0xcb, 0xb6, 0xad, 0xdb, 0xb7, 0x70, 0xe3, 0xca, 0x9d, 0x4b, 0xb7, 0xae, 0xdd, 0xbb, 0x78,
    0xf3, 0xea, 0xdd, 0xcb, 0xb7, 0xaf, 0xdf, 0xbf, 0x80, 0x03, 0x0b, 0x1e, 0x4c, 0xb8, 0xb0, 0xe1,
    0xc3, 0x88, 0x13, 0x2b, 0x5e, 0xcc, 0xb8, 0xb1, 0xe3, 0xc7, 0x90, 0x23, 0x4b, 0x9e, 0x4c, 0xb9,
    0xb2, 0xe5, 0xcb, 0x98, 0x33, 0x6b, 0xde, 0xcc, 0xb9, 0xb3, 0xe7, 0xcf, 0xa0, 0x43, 0x8b, 0x1e,
    0x5d, 0xf0, 0x23, 0x48, 0xd2, 0x41, 0x4d, 0xa3, 0x4e, 0x8d, 0x72, 0xf5, 0x4f, 0xd5, 0xae, 0x7d,
    0xc2, 0x8e, 0xad, 0x73, 0x36, 0xed, 0xdb, 0xb8, 0x73, 0xeb, 0xde, 0xcd, 0xbb, 0xb7, 0xef, 0xdf,
    0xc0, 0x83, 0x0b, 0x1f, 0x4e, 0xbc, 0xb8, 0xf1, 0xe3, 0xc8, 0x93, 0x2b, 0x5f, 0xce, 0xbc, 0xb9,
    0xf3, 0xe7, 0xd0, 0xa3, 0xfb, 0xb5, 0x2a, 0xdd, 0x21, 0xf5, 0xea, 0x0c, 0xaf, 0x63, 0xdf, 0xd9,
    0x7a, 0x7b, 0xc3, 0xee, 0xde, 0x17, 0x82, 0x2b, 0x0f, 0x4f, 0xbe, 0xbc, 0xf9, 0xf3, 0xe8, 0xd3,
    0xab, 0x1f, 0xac, 0x3d, 0x7d, 0x7b, 0xf4, 0xef, 0x67, 0xc6, 0x8f, 0x69, 0xf3, 0xa6, 0xe8, 0xf9,
    0x30, 0xeb, 0x8f, 0xc6, 0xcf, 0x52, 0xff, 0xfa, 0xa1, 0xfe, 0xfd, 0x27, 0x40, 0x80, 0xff, 0x11,
    0xf8, 0x56, 0x40, 0x00, 0x21, 0xf9, 0x04, 0x01, 0x03, 0x00, 0x02, 0x00, 0x2c, 0x97, 0x00, 0xc1,
    0x00, 0xad, 0x00, 0x53, 0x00, 0x81, 0x00, 0x00, 0x00, 0xff, 0xff, 0xff, 0x00, 0x00, 0x00, 0x00,
    0x00, 0x00, 0x08, 0xf3, 0x00, 0x05, 0x08, 0x1c, 0x48, 0xb0, 0xa0, 0xc1, 0x83, 0x08, 0x13, 0x2a,
    0x5c, 0xc8, 0xb0, 0xa1, 0xc3, 0x83, 0x01, 0x22, 0x3e, 0x9c, 0x48, 0xb1, 0xa2, 0xc5, 0x8b, 0x18,
    0x33, 0x66, 0x8c, 0x18, 0x40, 0xa3, 0xc7, 0x8f, 0x20, 0x43, 0x8a, 0xa4, 0xc8, 0x71, 0xe4, 0xc8,
    0x92, 0x26, 0x53, 0xaa, 0x5c, 0xc9, 0x32, 0x21, 0xca, 0x96, 0x30, 0x63, 0xca, 0xdc, 0x28, 0x71,
    0xa6, 0xcd, 0x9b, 0x38, 0x15, 0xbe, 0xcc, 0xc9, 0xb3, 0x67, 0xcb, 0x9d, 0x3e, 0x83, 0x0a, 0xfd,
    0x08, 0x74, 0xa8, 0xd1, 0xa3, 0x48, 0x93, 0x2a, 0x5d, 0xca, 0xb4, 0xa9, 0xd3, 0xa7, 0x50, 0xa3,
    0x4a, 0x9d, 0x4a, 0xb5, 0xaa, 0xd5, 0xab, 0x58, 0xb3, 0x6a, 0xdd, 0xca, 0xb5, 0xab, 0xd7, 0xaf,
    0x60, 0xc3, 0x8a, 0x1d, 0x4b, 0xb6, 0xac, 0xd9, 0xb3, 0x68, 0xd3, 0xaa, 0x5d, 0xcb, 0xb6, 0xad,
    0xdb, 0xb7, 0x70, 0xe3, 0xca, 0x9d, 0x4b, 0xb7, 0xae, 0xdd, 0xbb, 0x78, 0xf3, 0xea, 0xdd, 0xcb,
    0xb7, 0xaf, 0xdf, 0xbf, 0x80, 0x03, 0x0b, 0x1e, 0x4c, 0xb8, 0xb0, 0xe1, 0xc3, 0x88, 0x13, 0x77,
    0x2d, 0xaa, 0xd8, 0x27, 0xe3, 0xc6, 0x3c, 0x1f, 0x43, 0xc6, 0x29, 0x79, 0xb2, 0xe5, 0xcb, 0x98,
    0x33, 0x6b, 0x36, 0x08, 0xa0, 0x33, 0x80, 0xcd, 0x38, 0x3d, 0x7f, 0x06, 0x6d, 0x53, 0x34, 0xe9,
    0xd2, 0x9e, 0x4f, 0xcf, 0x34, 0xad, 0x3a, 0x26, 0xeb, 0xd6, 0xb0, 0x63, 0xcb, 0x9e, 0x4d, 0xbb,
    0xb6, 0xed, 0xdb, 0xb8, 0x73, 0xeb, 0xde, 0xcd, 0xbb, 0xb7, 0xef, 0xdf, 0xc0, 0x83, 0x0b, 0x1f,
    0x4e, 0xbc, 0xb8, 0xf1, 0xe3, 0xc8, 0x93, 0x2b, 0x5f, 0xce, 0xbc, 0x39, 0xcf, 0xd4, 0xce, 0x39,
    0x77, 0x8e, 0x2e, 0x7d, 0xf4, 0xd4, 0x80, 0x00, 0x21, 0xf9, 0x04, 0x01, 0x03, 0x00, 0x02, 0x00,
    0x2c, 0x80, 0x00, 0xbe, 0x00, 0xad, 0x00, 0x63, 0x00, 0x81, 0x00, 0x00, 0x00, 0xff, 0xff, 0xff,
    0x00, 0x00, 0x00, 0x00, 0x00, 0x00, 0x08, 0xff, 0x00, 0x05, 0x08, 0x1c, 0x48, 0xb0, 0xa0, 0xc1,
    0x83, 0x08, 0x13, 0x2a, 0x5c, 0xc8, 0xb0, 0xa1, 0xc3, 0x87, 0x10, 0x23, 0x46, 0x04, 0x40, 0x51,
    0xa2, 0xc5, 0x8b, 0x18, 0x33, 0x6a, 0xdc, 0xa8, 0x91, 0x22, 0x00, 0x8e, 0x20, 0x43, 0x8a, 0x1c,
    0x49, 0xb2, 0xa0, 0xc7, 0x92, 0x28, 0x53, 0xaa, 0x5c, 0xc9, 0xb2, 0xa5, 0xcb, 0x97, 0x30, 0x63,
    0xca, 0x9c, 0x49, 0x73, 0x62, 0xc5, 0x9a, 0x38, 0x73, 0x96, 0x3c, 0xa9, 0xb3, 0xa7, 0xcf, 0x8c,
    0x3c, 0x7f, 0x0a, 0x1d, 0x4a, 0xb4, 0xa8, 0xd1, 0xa3, 0x48, 0x93, 0x2a, 0x5d, 0xca, 0xb4, 0xa9,
    0xd3, 0xa7, 0x50, 0xa3, 0x4a, 0x9d, 0x4a, 0xb5, 0xaa, 0xd5, 0xab, 0x58, 0xb3, 0x6a, 0xdd, 0xca,
    0xb5, 0xab, 0xd7, 0xaf, 0x60, 0xc3, 0x8a, 0x1d, 0x4b, 0xb6, 0xac, 0xd9, 0xb3, 0x68, 0xd3, 0xaa,
    0x5d, 0xcb, 0xb6, 0xad, 0xdb, 0xb7, 0x70, 0xe3, 0xca, 0x9d, 0x4b, 0xb7, 0xae, 0xdd, 0xbb, 0x78,
    0xf3, 0xea, 0xdd, 0xcb, 0xb7, 0xaf, 0xdf, 0xbf, 0x80, 0x03, 0x0b, 0x1e, 0x4c, 0xb8, 0xb0, 0xe1,
    0xc3, 0x88, 0xdf, 0x06, 0x4d, 0x4c, 0x73, 0x31, 0x63, 0x99, 0x8e, 0x1f, 0xc3, 0x8c, 0x2c, 0xb9,
    0xb2, 0xe5, 0xcb, 0x98, 0x33, 0x6b, 0xde, 0xcc, 0xb9, 0xb3, 0xe7, 0xcf, 0xa0, 0x43, 0x8b, 0x1e,
    0x4d, 0xba, 0xb4, 0xe9, 0xd3, 0xa8, 0x53, 0xab, 0x5e, 0xcd, 0xba, 0xb5, 0xeb, 0xd7, 0xb0, 0x63,
    0xcb, 0x9e, 0x4d, 0xbb, 0xb6, 0xed, 0xdb, 0xb8, 0x73, 0xeb, 0xde, 0xcd, 0xbb, 0x37, 0x42, 0x8f,
    0x1f, 0x8d, 0x06, 0x18, 0xbe, 0x17, 0xf8, 0xd1, 0xe1, 0x01, 0x8a, 0x53, 0xf6, 0x89, 0xdc, 0xb7,
    0xf3, 0xe7, 0xd0, 0xa3, 0x4b, 0x9f, 0x4e, 0x9d, 0x63, 0x73, 0xe7, 0xd7, 0x7d, 0x67, 0xd7, 0xb8,
    0x9d, 0x77, 0xf7, 0xdd, 0xdf, 0x75, 0x07, 0x01, 0x04, 0x00, 0x21, 0xf9, 0x04, 0x01, 0x03, 0x00,
    0x02, 0x00, 0x2c, 0x9a, 0x00, 0xc7, 0x00, 0x90, 0x00, 0x57, 0x00, 0x81, 0x00, 0x00, 0x00, 0xff,
    0xff, 0xff, 0x00, 0x00, 0x00, 0x00, 0x00, 0x00, 0x08, 0xd3, 0x00, 0x01, 0x08, 0x14, 0x40, 0xb0,
    0xa0, 0xc1, 0x83, 0x08, 0x13, 0x2a, 0x5c, 0xc8, 0xb0, 0xa1, 0xc3, 0x87, 0x10, 0x23, 0x4a, 0x3c,
    0x28, 0x10, 0xc0, 0xc4, 0x8b, 0x18, 0x33, 0x6a, 0xdc, 0xc8, 0x51, 0x40, 0xc5, 0x8e, 0x20, 0x43,
    0x8a, 0x1c, 0x49, 0xb2, 0xa4, 0xc9, 0x93, 0x28, 0x53, 0xaa, 0x5c, 0xc9, 0xb2, 0xa5, 0xcb, 0x97,
    0x30, 0x63, 0xca, 0x9c, 0x49, 0xb3, 0xa6, 0xcd, 0x9b, 0x38, 0x73, 0xea, 0xdc, 0xc9, 0xb3, 0xa7,
    0xcf, 0x9f, 0x40, 0x83, 0x0a, 0x1d, 0x4a, 0xb4, 0xa8, 0xd1, 0xa3, 0x48, 0x93, 0x2a, 0x5d, 0xca,
    0xb4, 0xa9, 0xd3, 0xa7, 0x50, 0xa3, 0x4a, 0x9d, 0x4a, 0xb5, 0xaa, 0xd5, 0xab, 0x58, 0xb3, 0x6a,
    0xdd, 0xca, 0xb5, 0xab, 0xd7, 0xaf, 0x60, 0xc3, 0x8a, 0x8d, 0x1a, 0xa0, 0xec, 0x58, 0x9c, 0x65,
    0x03, 0x9c, 0xbd, 0x99, 0x76, 0xad, 0xdb, 0xb7, 0x70, 0xe3, 0xca, 0x9d, 0x4b, 0xb7, 0xae, 0xdd,
    0xbb, 0x78, 0xf3, 0xea, 0xdd, 0xcb, 0xb7, 0xaf, 0xdf, 0xbf, 0x80, 0x03, 0x0b, 0x1e, 0x4c, 0xb8,
    0xb0, 0xe1, 0xc3, 0x88, 0x13, 0x2b, 0x5e, 0xcc, 0xb8, 0xb1, 0xe3, 0xc7, 0x90, 0x23, 0x4b, 0x9e,
    0x4c, 0xb9, 0xb2, 0xe5, 0xcb, 0x98, 0x33, 0x6b, 0xde, 0xcc, 0xb9, 0xb3, 0xe7, 0xcf, 0x45, 0xd3,
    0xaa, 0xfd, 0xf9, 0xd1, 0xaa, 0x68, 0xa0, 0xa5, 0xab, 0x9e, 0x26, 0x3d, 0x10, 0xb4, 0xeb, 0xd7,
    0xb0, 0x63, 0xcb, 0x9e, 0x3d, 0xbb, 0xed, 0x66, 0xdb, 0x9a, 0xd3, 0x06, 0x04, 0x00, 0x21, 0xf9,
    0x04, 0x01, 0x03, 0x00, 0x02, 0x00, 0x2c, 0xb3, 0x00, 0xd1, 0x00, 0x91, 0x00, 0x53, 0x00, 0x81,
    0x00, 0x00, 0x00, 0xff, 0xff, 0xff, 0x00, 0x00, 0x00, 0x00, 0x00, 0x00, 0x08, 0xe0, 0x00, 0x05,
    0x08, 0x1c, 0x48, 0xb0, 0xa0, 0xc1, 0x83, 0x08, 0x13, 0x2a, 0x5c, 0xc8, 0xb0, 0xa1, 0xc3, 0x87,
    0x10, 0x05, 0x02, 0x98, 0x18, 0xb1, 0xa2, 0xc5, 0x8b, 0x18, 0x33, 0x6a, 0x94, 0x48, 0x71, 0xa3,
    0xc7, 0x8f, 0x20, 0x43, 0x2e, 0x9c, 0x08, 0x40, 0xa4, 0xc9, 0x93, 0x28, 0x53, 0xaa, 0x5c, 0xc9,
    0xb2, 0xa5, 0xcb, 0x97, 0x30, 0x63, 0xca, 0x9c, 0x49, 0xb3, 0xa6, 0xcd, 0x9b, 0x38, 0x73, 0xea,
    0xdc, 0xc9, 0xb3, 0xa7, 0xcf, 0x9f, 0x40, 0x83, 0x0a, 0x1d, 0x4a, 0xb4, 0xa8, 0xd1, 0xa3, 0x48,
    0x93, 0x2a, 0x5d, 0xca, 0xb4, 0xa9, 0xd3, 0xa7, 0x50, 0xa3, 0x4a, 0x9d, 0x4a, 0xb5, 0xaa, 0xd5,
    0xab, 0x58, 0xb3, 0x6a, 0xdd, 0xca, 0xb5, 0xab, 0xd7, 0xaf, 0x60, 0xc3, 0x8a, 0x1d, 0x4b, 0xb6,
    0xac, 0xd9, 0xb3, 0x68, 0xd3, 0x0e, 0x0c, 0xc0, 0x36, 0x80, 0xda, 0x99, 0x6d, 0xdd, 0xbe, 0x8d,
    0x19, 0x77, 0x2e, 0xdd, 0xb6, 0x76, 0x61, 0xd6, 0xcd, 0xeb, 0x72, 0x2f, 0xdf, 0xbf, 0x80, 0x03,
    0x0b, 0x1e, 0x4c, 0xb8, 0xb0, 0xe1, 0xc3, 0x88, 0x13, 0x2b, 0x5e, 0xcc, 0xb8, 0xb1, 0xe3, 0xc7,
    0x90, 0x23, 0x4b, 0x9e, 0x4c, 0xb9, 0xb2, 0xe5, 0xcb, 0x98, 0x33, 0x67, 0x25, 0xa9, 0x79, 0x64,
    0xc7, 0xce, 0x08, 0x39, 0x83, 0x9e, 0x8a, 0x77, 0xf4, 0xc1, 0xd2, 0xa6, 0x0b, 0xa2, 0x4e, 0xcd,
    0xba, 0xb5, 0xeb, 0xd7, 0xb0, 0x63, 0xcb, 0xae, 0x2a, 0xfa, 0x75, 0x6d, 0xd7, 0xb7, 0x33, 0xfa,
    0x6d, 0xbd, 0x9b, 0x75, 0xef, 0xd7, 0xab, 0x79, 0xb3, 0x8d, 0x1d, 0x1c, 0x74, 0x40, 0x00, 0x21,
    0xf9, 0x04, 0x01, 0x03, 0x00, 0x02, 0x00, 0x2c, 0xfd, 0x00, 0xc1, 0x00, 0x47, 0x00, 0x40, 0x00,
    0x81, 0x00, 0x00, 0x00, 0xff, 0xff, 0xff, 0x00, 0x00, 0x00, 0x00, 0x00, 0x00, 0x08, 0x8c, 0x00,
    0x05, 0x08, 0x1c, 0x48, 0x10, 0x80, 0x41, 0x82, 0x08, 0x13, 0x2a, 0x5c, 0xc8, 0xb0, 0xa1, 0xc3,
    0x85, 0x06, 0x01, 0x3c, 0x9c, 0x48, 0xb1, 0x22, 0xc5, 0x88, 0x16, 0x33, 0x6a, 0xdc, 0xc8, 0xb1,
    0xa3, 0xc7, 0x8f, 0x20, 0x43, 0x8a, 0x1c, 0x49, 0xb2, 0xa4, 0xc9, 0x93, 0x28, 0x53, 0xaa, 0x5c,
    0xc9, 0xb2, 0xa5, 0xcb, 0x97, 0x30, 0x63, 0xca, 0x9c, 0x49, 0xb3, 0xa6, 0xcd, 0x9b, 0x2d, 0x03,
    0xe8, 0xc4, 0xc9, 0x51, 0x67, 0x00, 0x9e, 0x1b, 0x7d, 0x02, 0x1d, 0x4a, 0xb4, 0xa8, 0xd1, 0xa3,
    0x48, 0x93, 0x2a, 0x5d, 0xca, 0xb4, 0xa9, 0xd3, 0xa7, 0x50, 0xa3, 0x4a, 0x9d, 0x4a, 0xb5, 0xaa,
    0xd5, 0xab, 0x58, 0xb3, 0x6a, 0xdd, 0xca, 0xb5, 0xab, 0xd7, 0xaf, 0x60, 0xc3, 0xaa, 0x8c, 0x28,
    0x51, 0x2a, 0xd9, 0xa9, 0x67, 0xcd, 0x62, 0x54, 0x7b, 0x90, 0x6d, 0x59, 0xb1, 0x70, 0xe3, 0xca,
    0x9d, 0xbb, 0x55, 0xe8, 0x54, 0xbb, 0x52, 0xf1, 0x46, 0x0d, 0x08, 0x00, 0x21, 0xf9, 0x04, 0x01,
    0x03, 0x00, 0x02, 0x00, 0x2c, 0x63, 0x00, 0xbe, 0x00, 0xdd, 0x00, 0x60, 0x00, 0x81, 0x00, 0x00,
    0x00, 0xff, 0xff, 0xff, 0x00, 0x00, 0x00, 0x00, 0x00, 0x00, 0x08, 0xff, 0x00, 0x05, 0x08, 0x1c,
    0x48, 0xb0, 0xa0, 0xc1, 0x83, 0x08, 0x13, 0x2a, 0x5c, 0xc8, 0xb0, 0xa1, 0xc3, 0x87, 0x10, 0x23,
    0x4a, 0x14, 0x08, 0xa0, 0xe2, 0xc4, 0x8b, 0x18, 0x33, 0x6a, 0xdc, 0xc8, 0xb1, 0xa3, 0xc7, 0x85,
    0x15, 0x01, 0x7c, 0x1c, 0x49, 0xb2, 0xa4, 0xc9, 0x93, 0x28, 0x05, 0x84, 0x4c, 0xc9, 0xb2, 0xa5,
    0xcb, 0x97, 0x30, 0x63, 0xca, 0x9c, 0x49, 0xb3, 0xa6, 0xcd, 0x9b, 0x38, 0x73, 0xea, 0xdc, 0xc9,
    0xb3, 0xa7, 0xcf, 0x9f, 0x40, 0x83, 0x0a, 0x1d, 0x4a, 0xb4, 0xa8, 0xd1, 0xa3, 0x48, 0x93, 0x2a,
    0x5d, 0xca, 0xb4, 0xa9, 0xd3, 0xa7, 0x50, 0xa3, 0x4a, 0x9d, 0x4a, 0xb5, 0xaa, 0xd5, 0xab, 0x58,
    0xb3, 0x6a, 0xdd, 0xca, 0xb5, 0xab, 0xd7, 0xaf, 0x60, 0xc3, 0x8a, 0x1d, 0x4b, 0xb6, 0xac, 0xc6,
    0x95, 0x66, 0xd3, 0x7e, 0x44, 0xab, 0xb6, 0xed, 0x59, 0x8b, 0x6e, 0xe3, 0xca, 0x9d, 0x4b, 0xb7,
    0xae, 0xdd, 0xbb, 0x78, 0xf3, 0xea, 0xdd, 0xcb, 0xb7, 0xaf, 0xdf, 0xbf, 0x80, 0x03, 0x0b, 0x1e,
    0x4c, 0xb8, 0xb0, 0xe1, 0xc3, 0x88, 0x13, 0x2b, 0x5e, 0xcc, 0xb8, 0xb1, 0xe3, 0xc7, 0x41, 0xd9,
    0x42, 0xee, 0x2a, 0x79, 0xf2, 0xd6, 0xca, 0x96, 0x33, 0x6b, 0xde, 0xcc, 0xb9, 0xb3, 0xe7, 0xcf,
    0xa0, 0x43, 0x8b, 0x1e, 0x4d, 0xba, 0xb4, 0xe9, 0xd3, 0xa8, 0x53, 0xab, 0x5e, 0xcd, 0xba, 0xb5,
    0xeb, 0xd7, 0xb0, 0x63, 0xcb, 0x9e, 0x4d, 0xbb, 0xb6, 0xed, 0xdb, 0xb8, 0x73, 0xeb, 0xce, 0x8a,
    0x79, 0x77, 0xcd, 0xde, 0xbe, 0x67, 0x02, 0x0f, 0x4e, 0xbc, 0xb8, 0xf1, 0xe3, 0xc8, 0x93, 0x2b,
    0x5f, 0xce, 0xbc, 0xb9, 0xf3, 0xe7, 0xd0, 0xa3, 0x4b, 0x9f, 0x4e, 0xbd, 0xba, 0xf5, 0x8c, 0x01,
    0xb2, 0x5f, 0x1f, 0x99, 0x3d, 0xc0, 0xf6, 0x8f, 0xdd, 0xbf, 0x8b, 0x15, 0x1f, 0x4f, 0xbe, 0xbc,
    0xf9, 0xf3, 0xe8, 0xd3, 0xab, 0x37, 0x18, 0x7e, 0x3d, 0xc4, 0xf6, 0xee, 0x1d, 0xc2, 0x9f, 0x18,
    0x10, 0x00, 0x21, 0xf9, 0x04, 0x01, 0x03, 0x00, 0x02, 0x00, 0x2c, 0x83, 0x00, 0xd1, 0x00, 0xbd,
    0x00, 0x50, 0x00, 0x81, 0x00, 0x00, 0x00, 0xff, 0xff, 0xff, 0x00, 0x00, 0x00, 0x00, 0x00, 0x00,
    0x08, 0xee, 0x00, 0x05, 0x08, 0x1c, 0x48, 0xb0, 0xa0, 0xc1, 0x83, 0x08, 0x13, 0x2a, 0x5c, 0xc8,
    0xb0, 0xa1, 0xc3, 0x87, 0x10, 0x23, 0x4a, 0x7c, 0x18, 0xa0, 0xe2, 0xc4, 0x8b, 0x18, 0x33, 0x6a,
    0xdc, 0xc8, 0xb1, 0xa3, 0xc1, 0x8a, 0x01, 0x3c, 0x8a, 0x1c, 0x49, 0xb2, 0xa4, 0xc9, 0x84, 0x20,
    0x4f, 0xaa, 0x5c, 0xc9, 0xb2, 0xa5, 0xcb, 0x97, 0x30, 0x63, 0xca, 0x9c, 0x49, 0xb3, 0xa6, 0xcd,
    0x9b, 0x38, 0x73, 0xea, 0xdc, 0xc9, 0xb3, 0xa7, 0xcf, 0x9f, 0x40, 0x83, 0x0a, 0x1d, 0x4a, 0xb4,
    0xa8, 0xd1, 0xa3, 0x48, 0x93, 0x2a, 0x5d, 0xca, 0xb4, 0xa9, 0xd3, 0xa7, 0x50, 0xa3, 0x4a, 0x9d,
    0x4a, 0xb5, 0xaa, 0xd5, 0xab, 0x58, 0xb3, 0x6a, 0xdd, 0xca, 0xb5, 0xeb, 0xc4, 0x94, 0x5e, 0xc3,
    0x32, 0x04, 0x2b, 0xb6, 0xec, 0x41, 0xb2, 0x66, 0xd3, 0xaa, 0x5d, 0xcb, 0xb6, 0xad, 0xdb, 0xb7,
    0x70, 0xe3, 0xca, 0x9d, 0x4b, 0xb7, 0xae, 0xdd, 0xbb, 0x78, 0xf3, 0xea, 0xdd, 0xbb, 0x15, 0x2d,
    0x5f, 0xa8, 0x7e, 0xff, 0x3a, 0x0d, 0x2c, 0xb8, 0xb0, 0xe1, 0xc3, 0x88, 0x13, 0x2b, 0x5e, 0xcc,
    0xb8, 0xb1, 0xe3, 0xc7, 0x90, 0x23, 0x4b, 0x9e, 0x4c, 0xb9, 0xb2, 0xe5, 0xcb, 0x98, 0x33, 0x6b,
    0xde, 0xcc, 0xd9, 0x2e, 0xe1, 0xce, 0x32, 0x3f, 0x83, 0x86, 0x29, 0x7a, 0xb4, 0xe9, 0xd3, 0xa8,
    0x53, 0xab, 0x5e, 0xcd, 0xba, 0xb5, 0xeb, 0xd7, 0xb0, 0x63, 0xcb, 0x9e, 0x4d, 0xbb, 0xb6, 0xed,
    0xdb, 0xb8, 0x73, 0xeb, 0xde, 0xcd, 0xbb, 0xb7, 0x6f, 0x95, 0xa5, 0x7f, 0x2f, 0x0c, 0x2e, 0x1c,
    0xa5, 0xc5, 0x9b, 0x20, 0x43, 0x16, 0x8f, 0x98, 0x7c, 0x39, 0x73, 0xe2, 0xce, 0x09, 0x06, 0x04,
    0x00, 0x21, 0xf9, 0x04, 0x01, 0x03, 0x00, 0x02, 0x00, 0x2c, 0x83, 0x00, 0xd1, 0x00, 0xbd, 0x00,
    0x50, 0x00, 0x81, 0x00, 0x00, 0x00, 0xff, 0xff, 0xff, 0x00, 0x00, 0x00, 0x00, 0x00, 0x00, 0x08,
    0xe1, 0x00, 0x05, 0x08, 0x1c, 0x48, 0xb0, 0xa0, 0xc1, 0x83, 0x08, 0x13, 0x2a, 0x5c, 0xc8, 0xb0,
    0xa1, 0xc3, 0x87, 0x10, 0x23, 0x4a, 0x7c, 0x08, 0xa0, 0xe2, 0xc4, 0x8b, 0x18, 0x33, 0x6a, 0xdc,
    0xc8, 0xb1, 0xa3, 0xc1, 0x8a, 0x00, 0x3c, 0x8a, 0x1c, 0x49, 0xb2, 0xa4, 0xc9, 0x84, 0x20, 0x4f,
    0xaa, 0x5c, 0xc9, 0xb2, 0xa5, 0xcb, 0x97, 0x30, 0x63, 0xca, 0x9c, 0x49, 0xb3, 0xa6, 0xcd, 0x9b,
    0x38, 0x73, 0xea, 0xdc, 0xc9, 0xb3, 0xa7, 0xcf, 0x9f, 0x40, 0x83, 0x0a, 0x1d, 0x4a, 0xb4, 0xa8,
    0xd1, 0xa3, 0x48, 0x93, 0x2a, 0x5d, 0xca, 0xb4, 0xa9, 0xd3, 0xa7, 0x50, 0xa3, 0x4a, 0x9d, 0x4a,
    0xb5, 0xaa, 0xd5, 0xab, 0x58, 0xb3, 0x6a, 0xdd, 0xca, 0xb5, 0xab, 0xd7, 0xaf, 0x60, 0xc3, 0x8a,
    0x1d, 0x4b, 0xb6, 0xac, 0xd9, 0xb3, 0x68, 0xd3, 0xaa, 0x5d, 0xcb, 0xb6, 0xad, 0xdb, 0xb7, 0x70,
    0xe3, 0xca, 0x9d, 0x4b, 0xb7, 0xae, 0xdd, 0x8e, 0x29, 0xef, 0x4a, 0xcd, 0xab, 0x17, 0x2a, 0xdf,
    0xbe, 0x80, 0x03, 0x0b, 0x1e, 0x4c, 0xb8, 0xb0, 0xe1, 0xc3, 0x88, 0x13, 0x2b, 0x5e, 0xcc, 0xb8,
    0xb1, 0xe3, 0xc7, 0x90, 0x23, 0x4b, 0x9e, 0x4c, 0xb9, 0xb2, 0xe5, 0xcb, 0x5a, 0xff, 0x62, 0xa6,
    0xa9, 0x79, 0xb3, 0xcc, 0xce, 0x9e, 0x43, 0x8b, 0x1e, 0x4d, 0xba, 0xb4, 0xe9, 0xd3, 0xa8, 0x53,
    0xab, 0x5e, 0xcd, 0xba, 0xb5, 0xeb, 0xd7, 0xb0, 0x63, 0xcb, 0x9e, 0x4d, 0xbb, 0xb6, 0xed, 0xdb,
    0xb8, 0x73, 0xeb, 0xde, 0x3d, 0x17, 0x64, 0x48, 0xde, 0x10, 0x7d, 0x03, 0x0f, 0x0e, 0x7a, 0x38,
    0xc2, 0x80, 0x00, 0x21, 0xf9, 0x04, 0x01, 0x03, 0x00, 0x02, 0x00, 0x2c, 0x07, 0x01, 0xbe, 0x00,
    0x39, 0x00, 0x16, 0x00, 0x81, 0x00, 0x00, 0x00, 0xff, 0xff, 0xff, 0x00, 0x00, 0x00, 0x00, 0x00,
    0x00, 0x08, 0x4e, 0x00, 0x05, 0x08, 0x1c, 0x38, 0x30, 0x80, 0x41, 0x82, 0x08, 0x13, 0x2a, 0x5c,
    0xc8, 0xb0, 0x21, 0x42, 0x83, 0x01, 0x1c, 0x4a, 0x9c, 0x48, 0x91, 0x20, 0xc4, 0x8a, 0x18, 0x29,
    0x5e, 0xcc, 0xc8, 0x91, 0xe3, 0xc6, 0x8e, 0x20, 0x27, 0x7e, 0x0c, 0x49, 0xb2, 0xa4, 0xc9, 0x93,
    0x28, 0x53, 0xaa, 0x5c, 0xc9, 0xb2, 0xa5, 0xcb, 0x97, 0x30, 0x63, 0xca, 0x9c, 0x49, 0xb3, 0xa6,
    0xcd, 0x9b, 0x38, 0x73, 0xea, 0xdc, 0x19, 0x72, 0x24, 0x4f, 0x8b, 0x07, 0x7f, 0x26, 0x84, 0x18,
    0x10, 0x00, 0x21, 0xf9, 0x04, 0x01, 0x03, 0x00, 0x02, 0x00, 0x2c, 0xc3, 0x00, 0xbe, 0x00, 0x81,
    0x00, 0x60, 0x00, 0x81, 0x00, 0x00, 0x00, 0xff, 0xff, 0xff, 0x00, 0x00, 0x00, 0x00, 0x00, 0x00,
    0x08, 0xec, 0x00, 0x05, 0x08, 0x1c, 0x48, 0xb0, 0xa0, 0xc1, 0x83, 0x08, 0x13, 0x2a, 0x5c, 0xb8,
    0x10, 0x80, 0x43, 0x86, 0x10, 0x23, 0x4a, 0x9c, 0x48, 0xb1, 0xa2, 0x45, 0x81, 0x0e, 0x01, 0x5c,
    0xdc, 0xc8, 0xb1, 0xa3, 0xc7, 0x89, 0x19, 0x3f, 0x8a, 0x1c, 0x49, 0xb2, 0xe1, 0xc3, 0x92, 0x28,
    0x53, 0xaa, 0x1c, 0x18, 0x72, 0xa5, 0xcb, 0x97, 0x1d, 0x5b, 0xc2, 0x9c, 0x49, 0xb3, 0xa6, 0xcd,
    0x9b, 0x38, 0x73, 0xea, 0xdc, 0xc9, 0xb3, 0xa7, 0xcf, 0x9f, 0x40, 0x83, 0x0a, 0x1d, 0x4a, 0xb4,
    0xa8, 0xd1, 0xa3, 0x48, 0x93, 0x2a, 0x5d, 0xca, 0xb4, 0xa9, 0xd3, 0xa7, 0x50, 0xa3, 0x4a, 0x9d,
    0x4a, 0x55, 0x26, 0xd5, 0xa1, 0x56, 0xaf, 0x06, 0xcd, 0xaa, 0xb5, 0xab, 0xd7, 0xaf, 0x60, 0xc3,
    0x8a, 0x1d, 0x4b, 0xb6, 0xac, 0xd9, 0xb3, 0x68, 0xd3, 0xaa, 0x5d, 0xcb, 0x96, 0x68, 0x46, 0x8d,
    0x6d, 0x5f, 0xbe, 0x8d, 0x2b, 0x97, 0x2b, 0x5d, 0x92, 0x73, 0xef, 0xaa, 0xcc, 0xab, 0x17, 0x25,
    0xdf, 0xbe, 0x78, 0xed, 0x02, 0x8e, 0x29, 0x78, 0xf0, 0xc6, 0xbf, 0x86, 0x13, 0x2b, 0x5e, 0xcc,
    0xb8, 0xb1, 0xe3, 0xc7, 0x90, 0x23, 0x4b, 0x9e, 0x4c, 0xb9, 0xb2, 0xe5, 0xcb, 0x98, 0x33, 0x6b,
    0xde, 0xcc, 0xb9, 0xb3, 0xe7, 0xcf, 0xa0, 0x43, 0x8b, 0x0e, 0x1a, 0xa0, 0xf4, 0x68, 0x81, 0xa5,
    0x03, 0x9c, 0x16, 0x90, 0x7a, 0xb5, 0xeb, 0xd7, 0xb0, 0x63, 0xcb, 0x9e, 0x4d, 0xbb, 0xb6, 0xed,
    0xdb, 0xb8, 0x73, 0xeb, 0xde, 0x8d, 0x1b, 0xf1, 0x67, 0xdf, 0x9e, 0x81, 0xf3, 0x1e, 0x4e, 0xbc,
    0xb8, 0xf1, 0xe3, 0xc8, 0xd7, 0x16, 0xe6, 0xbc, 0x7c, 0x73, 0xf3, 0x9b, 0x01, 0x01, 0x00, 0x21,
    0xf9, 0x04, 0x01, 0x03, 0x00, 0x02, 0x00, 0x2c, 0x5d, 0x00, 0xea, 0x00, 0xa3, 0x00, 0x1a, 0x00,
    0x81, 0x00, 0x00, 0x00, 0xff, 0xff, 0xff, 0x00, 0x00, 0x00, 0x00, 0x00, 0x00, 0x08, 0x7d, 0x00,
    0x05, 0x08, 0x1c, 0x48, 0xb0, 0xa0, 0xc1, 0x83, 0x08, 0x13, 0x2a, 0x5c, 0xc8, 0xb0, 0xa1, 0xc3,
    0x87, 0x10, 0x23, 0x1e, 0x0c, 0x40, 0x51, 0xa2, 0xc5, 0x8b, 0x18, 0x33, 0x6a, 0xdc, 0xd8, 0x90,
    0x62, 0x00, 0x8e, 0x20, 0x43, 0x8a, 0x1c, 0xc9, 0xd1, 0x23, 0xc9, 0x93, 0x28, 0x53, 0xaa, 0x34,
    0xa9, 0xb2, 0xa5, 0xcb, 0x97, 0x30, 0x63, 0xca, 0x9c, 0x49, 0xb3, 0xa6, 0xcd, 0x9b, 0x38, 0x73,
    0xea, 0x4c, 0xc9, 0x72, 0xa7, 0xcf, 0x9f, 0x08, 0x7b, 0x02, 0x1d, 0x0a, 0x54, 0x28, 0xd1, 0xa3,
    0x48, 0x93, 0x2a, 0x5d, 0xca, 0xb4, 0xa9, 0xd3, 0xa7, 0x50, 0xa3, 0x4a, 0x9d, 0x4a, 0xb5, 0xaa,
    0xd5, 0xab, 0x58, 0xb3, 0x6a, 0xdd, 0xca, 0xb5, 0xab, 0xd7, 0xaf, 0x60, 0xc3, 0x8a, 0x1d, 0xcb,
    0xd4, 0x28, 0xd9, 0xab, 0x66, 0xcf, 0x56, 0x4d, 0xab, 0x76, 0x6a, 0x40, 0x00, 0x21, 0xf9, 0x04,
    0x01, 0x03, 0x00, 0x02, 0x00, 0x2c, 0x60, 0x00, 0xe4, 0x00, 0xe4, 0x00, 0x2a, 0x00, 0x81, 0x00,
    0x00, 0x00, 0xff, 0xff, 0xff, 0x00, 0x00, 0x00, 0x00, 0x00, 0x00, 0x08, 0xc6, 0x00, 0x05, 0x08,
    0x1c, 0x48, 0xb0, 0xa0, 0xc1, 0x83, 0x08, 0x13, 0x2a, 0x5c, 0xc8, 0xb0, 0xa1, 0xc3, 0x87, 0x10,
    0x23, 0x4a, 0x9c, 0x48, 0xd1, 0x61, 0x80, 0x8b, 0x01, 0x2a, 0x6a, 0xdc, 0xc8, 0xb1, 0xa3, 0xc7,
    0x8f, 0x20, 0x41, 0x62, 0xcc, 0x18, 0xb2, 0xa4, 0xc9, 0x93, 0x28, 0x53, 0xa6, 0x1c, 0xa9, 0xb2,
    0xa5, 0xcb, 0x97, 0x30, 0x63, 0xca, 0x9c, 0x49, 0xb3, 0xa6, 0xcd, 0x9b, 0x38, 0x73, 0xea, 0xdc,
    0xc9, 0xb3, 0xa7, 0xcf, 0x82, 0x00, 0x82, 0xfe, 0x1c, 0x4a, 0xb4, 0xe8, 0xc0, 0xa0, 0x00, 0x8c,
    0x2a, 0x5d, 0x9a, 0x13, 0x29, 0xd3, 0xa7, 0x50, 0x61, 0x3a, 0x8d, 0x4a, 0xb5, 0xaa, 0xd5, 0xab,
    0x58, 0xb3, 0x6a, 0xdd, 0xca, 0xb5, 0xab, 0xd7, 0xae, 0x53, 0x9f, 0xb2, 0xfc, 0x4a, 0xf6, 0xa8,
    0x50, 0xa8, 0x63, 0xcb, 0x92, 0x0d, 0xcb, 0x34, 0xad, 0xda, 0xb7, 0x70, 0xe3, 0xca, 0x9d, 0x4b,
    0xb7, 0xae, 0xdd, 0xbb, 0x78, 0xf3, 0xea, 0xdd, 0xcb, 0xb7, 0xaf, 0xdf, 0xbf, 0x80, 0x03, 0x0b,
    0x1e, 0x4c, 0xb8, 0xb0, 0xe1, 0xc3, 0x43, 0xd9, 0x22, 0x5e, 0xac, 0x50, 0x31, 0xe3, 0xc7, 0x40,
    0xcf, 0x42, 0x9e, 0x4c, 0xb9, 0xb2, 0xe5, 0xcb, 0x98, 0x33, 0x6b, 0xde, 0xcc, 0xb9, 0xb3, 0xe7,
    0xcf, 0xa0, 0x43, 0x8b, 0x1e, 0x4d, 0xfa, 0x30, 0xc6, 0xd2, 0x80, 0x4f, 0xa3, 0xf6, 0xab, 0x7a,
    0x35, 0xdf, 0x80, 0x00, 0x21, 0xf9, 0x04, 0x01, 0x03, 0x00, 0x02, 0x00, 0x2c, 0x60, 0x00, 0xbe,
    0x00, 0xe4, 0x00, 0x50, 0x00, 0x81, 0x00, 0x00, 0x00, 0xff, 0xff, 0xff, 0x00, 0x00, 0x00, 0x00,
    0x00, 0x00, 0x08, 0xff, 0x00, 0x05, 0x08, 0x1c, 0x48, 0xb0, 0xa0, 0xc1, 0x83, 0x08, 0x13, 0x2a,
    0x5c, 0xc8, 0xb0, 0xa1, 0xc3, 0x87, 0x10, 0x23, 0x4a, 0x2c, 0x18, 0xa0, 0xe2, 0xc4, 0x8b, 0x18,
    0x33, 0x6a, 0xdc, 0xc8, 0xb1, 0xa3, 0x47, 0x89, 0x15, 0x03, 0x7c, 0x1c, 0x49, 0xb2, 0xa4, 0xc9,
    0x93, 0x28, 0x11, 0x86, 0x4c, 0xc9, 0xb2, 0xa5, 0xcb, 0x97, 0x25, 0x57, 0xc2, 0x9c, 0x49, 0xb3,
    0xa6, 0x4d, 0x87, 0x32, 0x6f, 0xea, 0xdc, 0xc9, 0xb3, 0x65, 0xce, 0x9e, 0x40, 0x83, 0x0a, 0x1d,
    0x4a, 0xb4, 0xa8, 0xd1, 0xa3, 0x48, 0x93, 0x2a, 0x5d, 0xca, 0xb4, 0xa9, 0xd3, 0xa7, 0x50, 0xa3,
    0x4a, 0x9d, 0x4a, 0xb5, 0xaa, 0xd5, 0xab, 0x58, 0xb3, 0x6a, 0xdd, 0xca, 0xb5, 0xab, 0xd7, 0xaf,
    0x60, 0xc3, 0x8a, 0x1d, 0x4b, 0xb6, 0xac, 0xd9, 0xb3, 0x68, 0xd3, 0xaa, 0x5d, 0x7b, 0xf3, 0x27,
    0xdb, 0xb7, 0x26, 0xdd, 0xc2, 0x9d, 0xeb, 0x51, 0x2e, 0xdd, 0xbb, 0x78, 0xf3, 0xea, 0xdd, 0xcb,
    0xb7, 0xaf, 0xdf, 0xbf, 0x80, 0x03, 0x0b, 0x1e, 0x4c, 0xb8, 0xb0, 0xe1, 0xc3, 0x88, 0x13, 0x2b,
    0x5e, 0xcc, 0xb8, 0xb1, 0xe3, 0xc7, 0x90, 0x23, 0x4b, 0x9e, 0x4c, 0xb9, 0xb2, 0x65, 0xc0, 0x00,
    0x32, 0x03, 0xb8, 0xbc, 0x56, 0xf3, 0x66, 0xce, 0x69, 0x3d, 0x83, 0x1e, 0x4d, 0xba, 0xb4, 0xe9,
    0xd3, 0x1f, 0xed, 0xa2, 0xee, 0xaa, 0x7a, 0xf5, 0xd6, 0xd6, 0xae, 0xb3, 0xc2, 0x8e, 0x4d, 0xbb,
    0xb6, 0xed, 0xdb, 0xb8, 0xe3, 0x5a, 0xcc, 0xad, 0x75, 0x36, 0xef, 0xa7, 0xbe, 0x7f, 0x0b, 0x1f,
    0x4e, 0xbc, 0xb8, 0xf1, 0xe3, 0xc8, 0x93, 0x2b, 0x5f, 0xce, 0xbc, 0xb9, 0xf3, 0xe7, 0xd0, 0xa3,
    0x4b, 0x9f, 0x4e, 0xbd, 0xba, 0xf5, 0xeb, 0xd8, 0xb3, 0x6b, 0xdf, 0xce, 0xbd, 0xbb, 0xf7, 0xef,
    0xe0, 0x09, 0x6a, 0x0b, 0x0e, 0x5f, 0x73, 0x3c, 0xf9, 0x99, 0xe6, 0xcf, 0xbf, 0x0c, 0x08, 0x00,
    0x21, 0xf9, 0x04, 0x01, 0x03, 0x00, 0x02, 0x00, 0x2c, 0xe3, 0x00, 0xbe, 0x00, 0x61, 0x00, 0x66,
    0x00, 0x81, 0x00, 0x00, 0x00, 0xff, 0xff, 0xff, 0x00, 0x00, 0x00, 0x00, 0x00, 0x00, 0x08, 0xce,
    0x00, 0x05, 0x08, 0x1c, 0x48, 0xb0, 0xa0, 0xc1, 0x83, 0x08, 0x13, 0x02, 0x58, 0x98, 0xb0, 0xa1,
    0xc3, 0x87, 0x10, 0x23, 0x4a, 0x6c, 0xb8, 0x10, 0xc0, 0xc4, 0x8b, 0x18, 0x33, 0x6a, 0x24, 0x58,
    0x71, 0xa3, 0xc7, 0x8f, 0x19, 0x3b, 0x82, 0x1c, 0x49, 0x12, 0xa3, 0xc8, 0x92, 0x28, 0x53, 0x22,
    0x3c, 0xa9, 0xb2, 0xa5, 0xcb, 0x97, 0x30, 0x63, 0xca, 0x9c, 0x49, 0xb3, 0xa6, 0xcd, 0x9b, 0x38,
    0x73, 0xea, 0xdc, 0xc9, 0xb3, 0xa7, 0xcf, 0x9f, 0x40, 0x83, 0x0a, 0x1d, 0x4a, 0xb4, 0xa8, 0xd1,
    0xa3, 0x48, 0x93, 0x2a, 0x75, 0xc8, 0x72, 0x69, 0xca, 0xa6, 0x4e, 0x4b, 0x42, 0x8d, 0x4a, 0xb5,
    0xaa, 0xd5, 0xab, 0x58, 0xb3, 0x6a, 0xdd, 0xca, 0xb5, 0xab, 0xd7, 0xaf, 0x60, 0xc3, 0x8a, 0x1d,
    0x4b, 0xb6, 0x6a, 0x80, 0xb3, 0x01, 0xca, 0x3e, 0x44, 0x9b, 0x56, 0x6d, 0x43, 0xb6, 0x6e, 0xdf,
    0xa2, 0x8d, 0x9b, 0x10, 0x2e, 0xdd, 0x83, 0x76, 0xef, 0xea, 0xdd, 0xcb, 0xb7, 0xaf, 0xdf, 0xbf,
    0x80, 0x03, 0x0b, 0xe6, 0x3b, 0x55, 0x6f, 0xe1, 0xbb, 0x87, 0x07, 0x2b, 0x5e, 0xcc, 0xb8, 0xb1,
    0xe3, 0xc7, 0x90, 0x23, 0x4b, 0x9e, 0x4c, 0xb9, 0xb2, 0xe5, 0xcb, 0x98, 0x33, 0x6b, 0xde, 0xcc,
    0xb9, 0xb3, 0xe7, 0xcf, 0xa0, 0x43, 0x8b, 0x1e, 0x4d, 0xba, 0xb4, 0xe9, 0xd3, 0xa8, 0x53, 0xab,
    0x5e, 0xcd, 0xba, 0xb5, 0xeb, 0xae, 0x79, 0xfb, 0xc6, 0xe6, 0x3b, 0x7b, 0x6f, 0x40, 0x00, 0x21,
    0xf9, 0x04, 0x01, 0x03, 0x00, 0x02, 0x00, 0x2c, 0x5d, 0x00, 0xe1, 0x00, 0xe7, 0x00, 0x23, 0x00,
    0x81, 0x00, 0x00, 0x00, 0xff, 0xff, 0xff, 0x00, 0x00, 0x00, 0x00, 0x00, 0x00, 0x08, 0xb6, 0x00,
    0x05, 0x08, 0x1c, 0x48, 0xb0, 0xa0, 0xc1, 0x83, 0x08, 0x13, 0x2a, 0x5c, 0xc8, 0xb0, 0xa1, 0xc3,
    0x87, 0x10, 0x23, 0x4a, 0x9c, 0x48, 0x31, 0x22, 0x80, 0x8b, 0x00, 0x2a, 0x6a, 0xdc, 0xc8, 0xb1,
    0xa3, 0xc7, 0x8f, 0x20, 0x43, 0x0a, 0xc4, 0x98, 0x51, 0xa4, 0xc9, 0x93, 0x28, 0x53, 0xaa, 0x34,
    0x49, 0x72, 0xa5, 0xcb, 0x97, 0x30, 0x63, 0xba, 0x6c, 0x29, 0xb3, 0xa6, 0xcd, 0x9b, 0x38, 0x17,
    0xd2, 0xcc, 0xc9, 0xb3, 0xa7, 0x4f, 0x95, 0x3b, 0x7f, 0x0a, 0x1d, 0x4a, 0xb4, 0xa8, 0xd1, 0xa3,
    0x48, 0x93, 0x2a, 0x5d, 0xca, 0xb4, 0xa9, 0xd3, 0xa7, 0x50, 0xa3, 0x4a, 0x9d, 0x4a, 0xb5, 0xaa,
    0xd5, 0xab, 0x58, 0xb3, 0x6a, 0xdd, 0xca, 0xd5, 0x69, 0xd0, 0xae, 0x60, 0xa3, 0x7e, 0x0d, 0x4b,
    0x96, 0xe9, 0xd8, 0xb2, 0x68, 0x8f, 0x9e, 0x4d, 0xcb, 0x56, 0xe8, 0xda, 0xb6, 0x70, 0x73, 0xbe,
    0x8d, 0x4b, 0xb7, 0xae, 0xdd, 0xbb, 0x78, 0xf3, 0xea, 0xdd, 0xcb, 0xb7, 0xaf, 0xdf, 0xbf, 0x80,
    0x03, 0x0b, 0x1e, 0x4c, 0xb8, 0xb0, 0xe1, 0xc3, 0x88, 0x13, 0x2b, 0xc6, 0x1a, 0xa0, 0xf1, 0xe2,
    0xc7, 0x03, 0x1b, 0x07, 0x80, 0x0c, 0x59, 0xf2, 0x54, 0x8c, 0x94, 0x1f, 0x63, 0xce, 0xac, 0x78,
    0x33, 0x67, 0xc4, 0x01, 0x01, 0x00, 0x21, 0xf9, 0x04, 0x01, 0x03, 0x00, 0x02, 0x00, 0x2c, 0x5d,
    0x00, 0xbe, 0x00, 0xe7, 0x00, 0x60, 0x00, 0x81, 0x00, 0x00, 0x00, 0xff, 0xff, 0xff, 0x00, 0x00,
    0x00, 0x00, 0x00, 0x00, 0x08, 0xff, 0x00, 0x05, 0x08, 0x1c, 0x48, 0xb0, 0xa0, 0xc1, 0x83, 0x08,
    0x13, 0x2a, 0x5c, 0xc8, 0xb0, 0xa1, 0xc3, 0x87, 0x10, 0x23, 0x4a, 0x44, 0x18, 0xa0, 0xe2, 0xc4,
    0x8b, 0x18, 0x33, 0x6a, 0xdc, 0xc8, 0xb1, 0xa3, 0x47, 0x8c, 0x15, 0x03, 0x7c, 0x1c, 0x49, 0xb2,
    0xa4, 0xc9, 0x93, 0x28, 0x17, 0x86, 0x4c, 0xc9, 0xb2, 0xa5, 0xcb, 0x97, 0x30, 0x63, 0xca, 0x9c,
    0x49, 0xb3, 0xa6, 0xcd, 0x9b, 0x38, 0x73, 0xea, 0xdc, 0xc9, 0xb3, 0xa7, 0xcf, 0x9f, 0x40, 0x83,
    0x0a, 0x1d, 0x4a, 0xb4, 0xa8, 0xd1, 0xa3, 0x48, 0x93, 0x2a, 0x5d, 0xca, 0xb4, 0xa9, 0xd3, 0xa7,
    0x50, 0xa3, 0x4a, 0x9d, 0x4a, 0xb5, 0xaa, 0xd5, 0xab, 0x58, 0xb3, 0x6a, 0xdd, 0xca, 0xb5, 0xab,
    0xd7, 0xaf, 0x60, 0xc3, 0x8a, 0x1d, 0x4b, 0xb6, 0xac, 0xd9, 0xb3, 0x68, 0xd3, 0xaa, 0x5d, 0xcb,
    0xb6, 0xad, 0xdb, 0xb7, 0x70, 0xe3, 0xca, 0x9d, 0x4b, 0xb7, 0xae, 0xdd, 0xbb, 0x78, 0xf3, 0xea,
    0xdd, 0xcb, 0xb7, 0xaf, 0xdf, 0xbf, 0x80, 0x03, 0x0b, 0x5e, 0x1a, 0x52, 0xe4, 0xe0, 0xb7, 0x85,
    0x0f, 0x23, 0x5e, 0xa9, 0xb8, 0x6d, 0xe2, 0xc6, 0x6c, 0x1f, 0x43, 0x56, 0x2b, 0x79, 0x32, 0xda,
    0xca, 0x96, 0xcd, 0x62, 0xce, 0x4c, 0x76, 0x33, 0xe7, 0xcf, 0xa0, 0x43, 0x8b, 0x1e, 0x4d, 0xba,
    0xb4, 0xe9, 0xd3, 0xa8, 0x53, 0xab, 0x0e, 0xea, 0x79, 0x35, 0xd5, 0xd6, 0xae, 0xa5, 0xc2, 0x8e,
    0x0d, 0x75, 0x36, 0x6d, 0xa7, 0xb6, 0x6f, 0x33, 0xcd, 0xad, 0xbb, 0xb7, 0xef, 0xdf, 0xc0, 0x83,
    0x0b, 0x1f, 0x4e, 0xbc, 0xb8, 0xf1, 0xe3, 0xc8, 0x93, 0x2b, 0xf7, 0x0b, 0xa0, 0xf9, 0x72, 0xa4,
    0xcd, 0x01, 0x3c, 0x3f, 0x1a, 0x7d, 0xb7, 0xc5, 0xe9, 0x45, 0x19, 0x63, 0x1f, 0xaa, 0x7d, 0xbb,
    0xf7, 0xef, 0xe0, 0xc3, 0x8b, 0x39, 0x1f, 0x4f, 0xbe, 0xbc, 0x79, 0xc0, 0xdd, 0xcf, 0xdb, 0x4c,
    0xaf, 0x9e, 0x26, 0xfb, 0xf6, 0xa2, 0xdf, 0xc3, 0x87, 0x29, 0x7f, 0xbe, 0xcb, 0xfa, 0xf6, 0xf3,
    0xeb, 0xdf, 0xcf, 0xbf, 0xbf, 0xff, 0xff, 0x00, 0x06, 0x28, 0xe0, 0x80, 0x04, 0xf6, 0x55, 0x5d,
    0x49, 0xf8, 0xd9, 0x77, 0x20, 0x49, 0x09, 0xce, 0xb7, 0xe0, 0x48, 0x0d, 0xc2, 0x14, 0x10, 0x00,
    0x21, 0xf9, 0x04, 0x01, 0x03, 0x00, 0x02, 0x00, 0x2c, 0x5d, 0x00, 0xd1, 0x00, 0xe7, 0x00, 0x53,
    0x00, 0x81, 0x00, 0x00, 0x00, 0xff, 0xff, 0xff, 0x00, 0x00, 0x00, 0x00, 0x00, 0x00, 0x08, 0xff,
    0x00, 0x05, 0x08, 0x1c, 0x48, 0xb0, 0xa0, 0xc1, 0x83, 0x08, 0x13, 0x2a, 0x5c, 0xc8, 0xb0, 0xa1,
    0xc3, 0x87, 0x10, 0x23, 0x4a, 0x9c, 0x48, 0xd1, 0x61, 0x80, 0x8b, 0x15, 0x33, 0x6a, 0xdc, 0xc8,
    0xb1, 0xa3, 0xc7, 0x8f, 0x20, 0x07, 0x5e, 0x0c, 0x10, 0xb2, 0xa4, 0xc9, 0x93, 0x28, 0x53, 0x9e,
    0x1c, 0xa9, 0xb2, 0xa5, 0xcb, 0x97, 0x30, 0x63, 0xca, 0x9c, 0x49, 0xb3, 0xa6, 0xcd, 0x9b, 0x38,
    0x73, 0xea, 0xdc, 0xc9, 0xb3, 0xa7, 0xcf, 0x9f, 0x40, 0x83, 0x0a, 0x1d, 0x4a, 0xb4, 0xa8, 0xd1,
    0xa3, 0x48, 0x93, 0x2a, 0x5d, 0xca, 0xb4, 0xa9, 0xd3, 0xa7, 0x50, 0xa3, 0x4a, 0x9d, 0x4a, 0xb5,
    0xaa, 0xd5, 0xab, 0x0b, 0x01, 0x68, 0x05, 0x80, 0xb5, 0xab, 0xd2, 0xad, 0x5c, 0xbd, 0x8a, 0x2d,
    0x0a, 0x76, 0xac, 0x59, 0xa1, 0x65, 0xcf, 0xaa, 0xed, 0x99, 0x76, 0xad, 0x5b, 0x9c, 0x6d, 0xdf,
    0xca, 0x9d, 0x19, 0x77, 0xae, 0x5d, 0x97, 0x75, 0xef, 0xea, 0x3d, 0x99, 0x77, 0xaf, 0xdf, 0xbf,
    0x80, 0x03, 0x0b, 0x1e, 0x4c, 0xb8, 0xb0, 0xe1, 0xc3, 0x88, 0x13, 0x2b, 0x5e, 0xcc, 0xb8, 0xb1,
    0xd3, 0xbe, 0x8e, 0x11, 0x43, 0x8e, 0x6c, 0x78, 0x32, 0x65, 0xc2, 0x96, 0x2f, 0x0b, 0xce, 0xac,
    0x19, 0x30, 0xe7, 0xce, 0xa0, 0x43, 0x8b, 0x1e, 0x4d, 0xba, 0xb4, 0xe9, 0xd3, 0xa8, 0x53, 0xab,
    0x5e, 0xcd, 0xba, 0xb5, 0xeb, 0xd7, 0xb0, 0x63, 0xcb, 0x9e, 0x4d, 0xbb, 0xf6, 0xc6, 0xad, 0xb6,
    0xd5, 0xe2, 0xce, 0x6d, 0x76, 0x37, 0xef, 0xdf, 0xc0, 0x83, 0x0b, 0x1f, 0x4e, 0xbc, 0xb8, 0xf1,
    0xe3, 0xc8, 0x93, 0x23, 0xf5, 0xad, 0xfc, 0xb1, 0xd6, 0xe6, 0x50, 0x99, 0x43, 0x9f, 0x4e, 0xbd,
    0xba, 0xf5, 0xeb, 0xd8, 0xb3, 0x6b, 0xdf, 0xce, 0xbd, 0xbb, 0xf7, 0xef, 0xe0, 0xc3, 0x8b, 0x24,
    0x1f, 0x4f, 0xbe, 0x7c, 0x4a, 0x96, 0x25, 0xa5, 0x9b, 0x5f, 0x88, 0x3e, 0xa4, 0xfa, 0xf5, 0x09,
    0xdb, 0x83, 0x7c, 0x0f, 0xbf, 0xbe, 0xfd, 0xfb, 0xc5, 0x3f, 0xe3, 0x4f, 0x4f, 0x7f, 0x7f, 0x4a,
    0xfd, 0x57, 0x05, 0x04, 0x00, 0x21, 0xf9, 0x04, 0x01, 0x03, 0x00, 0x02, 0x00, 0x2c, 0x5d, 0x00,
    0xc1, 0x00, 0xe3, 0x00, 0x5d, 0x00, 0x81, 0x00, 0x00, 0x00, 0xff, 0xff, 0xff, 0x00, 0x00, 0x00,
    0x00, 0x00, 0x00, 0x08, 0xff, 0x00, 0x05, 0x08, 0x1c, 0x48, 0xb0, 0xa0, 0xc1, 0x83, 0x08, 0x13,
    0x2a, 0x5c, 0xc8, 0xb0, 0xa1, 0xc3, 0x87, 0x10, 0x23, 0x46, 0x0c, 0x40, 0x51, 0xa2, 0xc5, 0x8b,
    0x18, 0x33, 0x6a, 0xdc, 0xc8, 0xb1, 0x63, 0x47, 0x8a, 0x01, 0x3c, 0x8a, 0x1c, 0x49, 0xb2, 0xa4,
    0xc9, 0x93, 0x0e, 0x41, 0xa2, 0x5c, 0xc9, 0xb2, 0xa5, 0xcb, 0x97, 0x30, 0x63, 0xca, 0x9c, 0x49,
    0xb3, 0xa6, 0xcd, 0x9b, 0x38, 0x73, 0xea, 0xdc, 0xc9, 0xb3, 0xa7, 0xcf, 0x9f, 0x40, 0x83, 0x0a,
    0x1d, 0x4a, 0xb4, 0xa8, 0xd1, 0xa3, 0x48, 0x93, 0x2a, 0x5d, 0xca, 0xb4, 0xa9, 0xd3, 0xa7, 0x50,
    0xa3, 0x4a, 0x9d, 0x4a, 0xb5, 0xaa, 0xd5, 0xab, 0x58, 0xb3, 0x6a, 0xdd, 0xca, 0xb5, 0xab, 0xd7,
    0x9c, 0x00, 0xc2, 0x7e, 0x1d, 0x0b, 0x56, 0x2c, 0xd9, 0xb3, 0x34, 0xc3, 0x02, 0x40, 0xcb, 0xb6,
    0xad, 0xdb, 0xb7, 0x70, 0xe3, 0xca, 0x9d, 0x4b, 0xb7, 0xae, 0xdd, 0xbb, 0x78, 0xf3, 0xea, 0xdd,
    0xcb, 0xb7, 0xaf, 0xdf, 0xbf, 0x80, 0x03, 0x0b, 0x1e, 0x4c, 0xb8, 0xb0, 0xe1, 0xc3, 0x88, 0x13,
    0x2b, 0x5e, 0xcc, 0xb8, 0xb1, 0xe3, 0xc7, 0x90, 0x23, 0x4b, 0x9e, 0x4c, 0xb9, 0xb2, 0xe5, 0xcb,
    0x4d, 0xd5, 0x62, 0x1e, 0xab, 0x79, 0xb3, 0xd7, 0xce, 0x9e, 0xb9, 0x82, 0x0e, 0x4d, 0xba, 0xb4,
    0xe9, 0xd3, 0xa8, 0x7b, 0xaa, 0x4c, 0x6d, 0x75, 0x35, 0x6b, 0xaa, 0xae, 0x5f, 0xcb, 0x9e, 0x4d,
    0xbb, 0xb6, 0xed, 0xdb, 0xb8, 0x73, 0xeb, 0xde, 0xcd, 0xbb, 0xb7, 0xef, 0xdf, 0xc0, 0x83, 0x0b,
    0x1f, 0x8e, 0x33, 0x36, 0x71, 0x9f, 0xc6, 0x8f, 0xf3, 0x4c, 0xae, 0xbc, 0xb9, 0xf3, 0xe7, 0xd0,
    0xa3, 0x4b, 0x9f, 0x4e, 0xbd, 0xba, 0xf5, 0xeb, 0xd8, 0xb3, 0x6b, 0xdf, 0xce, 0xbd, 0xbb, 0xf7,
    0xef, 0xe0, 0xc3, 0x8b, 0x14, 0x1f, 0x4f, 0xbe, 0xbc, 0xf9, 0xf3, 0xe8, 0xd3, 0xe7, 0x1d, 0xad,
    0x3e, 0x23, 0xfb, 0xf6, 0x17, 0xdf, 0x57, 0x0d, 0x08, 0x00, 0x21, 0xf9, 0x04, 0x01, 0x03, 0x00,
    0x02, 0x00, 0x2c, 0x63, 0x00, 0x0e, 0x01, 0x5d, 0x00, 0x16, 0x00, 0x81, 0x00, 0x00, 0x00, 0xff,
    0xff, 0xff, 0x00, 0x00, 0x00, 0x00, 0x00, 0x00, 0x08, 0x60, 0x00, 0x05, 0x08, 0x1c, 0x48, 0xb0,
    0xa0, 0xc1, 0x83, 0x08, 0x13, 0x2a, 0x5c, 0xc8, 0x90, 0x21, 0x80, 0x87, 0x0d, 0x23, 0x4a, 0x9c,
    0x48, 0x51, 0xe2, 0x43, 0x00, 0x15, 0x33, 0x6a, 0xdc, 0xe8, 0xf0, 0x22, 0x44, 0x8e, 0x20, 0x43,
    0x6a, 0xbc, 0x28, 0xb2, 0xa4, 0xc9, 0x8e, 0x18, 0x4f, 0xaa, 0x5c, 0xc9, 0xb2, 0xa5, 0xcb, 0x97,
    0x30, 0x63, 0xca, 0x9c, 0x49, 0xb3, 0xa6, 0xcd, 0x9b, 0x38, 0x73, 0xea, 0xdc, 0xc9, 0xb3, 0xa7,
    0xcf, 0x9f, 0x40, 0x83, 0xf6, 0x24, 0x29, 0x34, 0x26, 0xd1, 0xa2, 0x2f, 0x8f, 0x22, 0x5d, 0xca,
    0x52, 0x29, 0x53, 0x95, 0x4e, 0x9f, 0x9a, 0x8c, 0x1a, 0x10, 0x00, 0x21, 0xf9, 0x04, 0x01, 0x03,
    0x00, 0x02, 0x00, 0x2c, 0xb3, 0x00, 0xbe, 0x00, 0x91, 0x00, 0x63, 0x00, 0x81, 0x00, 0x00, 0x00,
    0xff, 0xff, 0xff, 0x00, 0x00, 0x00, 0x00, 0x00, 0x00, 0x08, 0xf8, 0x00, 0x05, 0x08, 0x1c, 0x48,
    0xb0, 0xa0, 0xc1, 0x83, 0x08, 0x13, 0x2a, 0x5c, 0xc8, 0xb0, 0xa1, 0x43, 0x87, 0x01, 0x22, 0x3e,
    0x9c, 0x48, 0xb1, 0xa2, 0xc5, 0x8b, 0x18, 0x27, 0x46, 0x0c, 0x90, 0xb1, 0xa3, 0xc7, 0x8f, 0x20,
    0x33, 0x6e, 0x0c, 0x49, 0xb2, 0xa4, 0xc9, 0x93, 0x28, 0x53, 0xaa, 0x5c, 0xc9, 0xb2, 0xa5, 0xcb,
    0x97, 0x30, 0x63, 0xca, 0x9c, 0x49, 0xb3, 0xa6, 0xcd, 0x9b, 0x38, 0x73, 0xea, 0xdc, 0xc9, 0xb3,
    0xa7, 0xcf, 0x9f, 0x40, 0x83, 0x0a, 0x1d, 0x4a, 0xb4, 0xa8, 0xd1, 0xa3, 0x48, 0x93, 0x2a, 0x5d,
    0xca, 0xb4, 0xa9, 0xd3, 0xa7, 0x50, 0xa3, 0x4a, 0x9d, 0x4a, 0xb5, 0xaa, 0xd5, 0xab, 0x58, 0xb3,
    0x6a, 0xdd, 0xca, 0xb5, 0xab, 0xd7, 0xaf, 0x60, 0xc3, 0x8a, 0x1d, 0x4b, 0xb6, 0xac, 0xd9, 0xb3,
    0x68, 0xd3, 0xaa, 0x5d, 0xcb, 0xb6, 0x2d, 0xc1, 0x8d, 0x1c, 0xdd, 0xba, 0x84, 0x2b, 0x77, 0xee,
    0xc8, 0xba, 0x2c, 0xe9, 0xe2, 0x5d, 0xa9, 0x77, 0x6f, 0xca, 0xbe, 0x7e, 0x03, 0x0b, 0x1e, 0x4c,
    0xb8, 0xb0, 0xe1, 0xc3, 0x88, 0x13, 0x2b, 0x5e, 0xcc, 0x98, 0x27, 0x80, 0xc7, 0x8d, 0x33, 0x3e,
    0x06, 0x10, 0x19, 0xe3, 0xe4, 0xca, 0x98, 0x33, 0x6b, 0xde, 0xcc, 0xb9, 0xb3, 0xe7, 0xcf, 0xa0,
    0x43, 0x8b, 0x1e, 0x4d, 0xba, 0xb4, 0xe9, 0xd3, 0xa8, 0x53, 0xab, 0x5e, 0xcd, 0xba, 0xb5, 0xeb,
    0xd7, 0xb0, 0x63, 0xcb, 0xf6, 0x79, 0x37, 0x64, 0x6d, 0xbf, 0xb7, 0x3f, 0xe6, 0xc6, 0xbb, 0xbb,
    0x63, 0x6f, 0xc1, 0x80, 0x4d, 0x07, 0x2f, 0x3d, 0x7c, 0xb6, 0xf1, 0xe3, 0xc8, 0x93, 0x2b, 0x5f,
    0xce, 0x5c, 0x32, 0x64, 0xd5, 0x97, 0xa1, 0x3f, 0xf7, 0x38, 0x99, 0x72, 0xea, 0xea, 0xd2, 0xa7,
    0x9f, 0x0e, 0x08, 0x00, 0x21, 0xf9, 0x04, 0x01, 0x03, 0x00, 0x02, 0x00, 0x2c, 0x9a, 0x00, 0xc7,
    0x00, 0xaa, 0x00, 0x4a, 0x00, 0x81, 0x00, 0x00, 0x00, 0xff, 0xff, 0xff, 0x00, 0x00, 0x00, 0x00,
    0x00, 0x00, 0x08, 0xde, 0x00, 0x03, 0x08, 0x14, 0x40, 0xb0, 0xa0, 0xc1, 0x83, 0x08, 0x13, 0x2a,
    0x5c, 0xc8, 0xb0, 0xa1, 0xc3, 0x87, 0x10, 0x23, 0x4a, 0x9c, 0x08, 0x51, 0x60, 0x00, 0x8a, 0x18,
    0x33, 0x6a, 0xdc, 0xc8, 0xb1, 0x63, 0x46, 0x8b, 0x1e, 0x43, 0x8a, 0x1c, 0x49, 0xb2, 0xa4, 0xc9,
    0x93, 0x28, 0x53, 0xaa, 0x5c, 0xc9, 0xb2, 0xa5, 0xcb, 0x97, 0x30, 0x63, 0xca, 0x9c, 0x49, 0xb3,
    0xa6, 0xcd, 0x9b, 0x38, 0x73, 0xea, 0xdc, 0xc9, 0xb3, 0xa7, 0xcf, 0x9f, 0x40, 0x83, 0x0a, 0xcd,
    0x09, 0x72, 0xa8, 0x51, 0x9a, 0x45, 0x8f, 0x2a, 0x7d, 0x99, 0x74, 0xa9, 0xd3, 0xa7, 0x50, 0xa3,
    0x4a, 0x9d, 0x4a, 0xb5, 0xaa, 0xd5, 0xab, 0x58, 0xb3, 0x6a, 0xdd, 0xca, 0xb5, 0xab, 0xd7, 0xaf,
    0x60, 0xc3, 0x8a, 0x1d, 0x4b, 0xd6, 0xa7, 0xc5, 0x8b, 0x65, 0xb5, 0x9e, 0x4d, 0xab, 0xb6, 0x29,
    0xdb, 0xaa, 0x00, 0xe2, 0x02, 0x78, 0x8b, 0x55, 0xee, 0x5c, 0xba, 0x56, 0xed, 0xe2, 0xdd, 0xcb,
    0xb7, 0xaf, 0xdf, 0xbf, 0x80, 0x03, 0x0b, 0x1e, 0x4c, 0xb8, 0xb0, 0x41, 0xbd, 0x86, 0x87, 0x22,
    0x4e, 0x1c, 0x74, 0x31, 0xe3, 0x9f, 0x8e, 0x1f, 0x4b, 0x9e, 0x4c, 0xb9, 0xb2, 0xe5, 0xcb, 0x98,
    0x33, 0x6b, 0xde, 0xcc, 0xb9, 0xb3, 0xe7, 0xcf, 0xa0, 0x43, 0x8b, 0x1e, 0x4d, 0xba, 0xb4, 0xe9,
    0xd3, 0xa8, 0x53, 0xab, 0x5e, 0xcd, 0xba, 0xb5, 0xeb, 0xd7, 0xb0, 0x63, 0xcb, 0x9e, 0x4d, 0xbb,
    0xb6, 0xed, 0xdb, 0xb8, 0x73, 0xeb, 0x4e, 0x2c, 0x77, 0xf7, 0xc4, 0xde, 0xbe, 0x23, 0x02, 0xff,
    0x1b, 0x10, 0x00, 0x21, 0xf9, 0x04, 0x01, 0x03, 0x00, 0x02, 0x00, 0x2c, 0x5d, 0x00, 0xd1, 0x00,
    0xe7, 0x00, 0x33, 0x00, 0x81, 0x00, 0x00, 0x00, 0xff, 0xff, 0xff, 0x00, 0x00, 0x00, 0x00, 0x00,
    0x00, 0x08, 0xd2, 0x00, 0x05, 0x08, 0x1c, 0x48, 0xb0, 0xa0, 0xc1, 0x83, 0x08, 0x13, 0x2a, 0x5c,
    0xc8, 0xb0, 0xa1, 0xc3, 0x87, 0x10, 0x23, 0x4a, 0x9c, 0x48, 0xd1, 0x21, 0x80, 0x8b, 0x15, 0x33,
    0x6a, 0xdc, 0xc8, 0xb1, 0xa3, 0xc7, 0x8f, 0x20, 0x07, 0x5e, 0x04, 0x10, 0xb2, 0xa4, 0xc9, 0x93,
    0x28, 0x53, 0x9e, 0x1c, 0xa9, 0xb2, 0xa5, 0xcb, 0x97, 0x30, 0x63, 0xca, 0x9c, 0x49, 0xb3, 0xa6,
    0xcd, 0x9b, 0x38, 0x73, 0xea, 0xdc, 0xc9, 0xb3, 0xa7, 0xcf, 0x9f, 0x40, 0x83, 0x0a, 0x1d, 0x4a,
    0xb4, 0xa8, 0xd1, 0xa3, 0x48, 0x93, 0x2a, 0x5d, 0xca, 0xb4, 0xa9, 0xd3, 0xa7, 0x50, 0xa3, 0x4a,
    0x9d, 0x4a, 0xb5, 0xaa, 0xd5, 0xab, 0x58, 0xb3, 0x6a, 0xdd, 0xca, 0xb5, 0xab, 0xd7, 0xaf, 0x2a,
    0x03, 0x88, 0x0d, 0x00, 0xb6, 0xac, 0xce, 0xb1, 0x64, 0xcd, 0xaa, 0xad, 0x89, 0x76, 0xad, 0xdb,
    0xb7, 0x70, 0xe3, 0xca, 0x9d, 0x4b, 0xb7, 0xae, 0xdd, 0xbb, 0x78, 0xf3, 0xea, 0xdd, 0xcb, 0xb7,
    0x62, 0xdb, 0xbe, 0x80, 0x13, 0xfe, 0x0d, 0x4c, 0x98, 0xe0, 0xe0, 0xc2, 0x85, 0x0f, 0x23, 0x0e,
    0xac, 0x78, 0x71, 0xdf, 0xc6, 0x8e, 0xf7, 0x42, 0x8e, 0x4c, 0xb9, 0xb2, 0xe5, 0xcb, 0x98, 0x33,
    0x6b, 0xde, 0xcc, 0xb9, 0xb3, 0xe7, 0xcf, 0xa0, 0x43, 0x8b, 0x1e, 0x4d, 0xba, 0xb4, 0xe9, 0xd3,
    0xa8, 0x53, 0xab, 0x5e, 0xcd, 0xba, 0xb5, 0xeb, 0xa3, 0x2c, 0x5f, 0x6f, 0x8d, 0x2d, 0x3b, 0x2b,
    0xed, 0xda, 0x57, 0x03, 0x02, 0x00, 0x21, 0xf9, 0x04, 0x01, 0x03, 0x00, 0x02, 0x00, 0x2c, 0xe7,
    0x00, 0xd1, 0x00, 0x5d, 0x00, 0x50, 0x00, 0x81, 0x00, 0x00, 0x00, 0xff, 0xff, 0xff, 0x00, 0x00,
    0x00, 0x00, 0x00, 0x00, 0x08, 0xbf, 0x00, 0x05, 0x08, 0x1c, 0x48, 0xb0, 0xa0, 0xc1, 0x83, 0x08,
    0x13, 0x2a, 0x5c, 0xc8, 0x10, 0x61, 0x80, 0x87, 0x0d, 0x23, 0x4a, 0x9c, 0x48, 0x51, 0xe2, 0xc3,
    0x00, 0x15, 0x33, 0x6a, 0xdc, 0xc8, 0xf0, 0x22, 0xc7, 0x8f, 0x20, 0x43, 0x8a, 0x1c, 0x49, 0xb2,
    0xa4, 0xc9, 0x93, 0x28, 0x53, 0xaa, 0x5c, 0xc9, 0xb2, 0xa5, 0xcb, 0x97, 0x30, 0x63, 0xca, 0x9c,
    0x49, 0xb3, 0xa6, 0xcd, 0x9b, 0x38, 0x73, 0xea, 0xdc, 0xc9, 0xb3, 0xa7, 0xcf, 0x9f, 0x40, 0x83,
    0x0a, 0x1d, 0x4a, 0xb4, 0xa8, 0xd1, 0xa3, 0x48, 0x93, 0x2a, 0x5d, 0x1a, 0xd2, 0x23, 0xd3, 0x8d,
    0x4e, 0x9f, 0x66, 0x8c, 0x2a, 0x95, 0x22, 0xd5, 0xaa, 0x16, 0x21, 0x62, 0xb5, 0xaa, 0x75, 0x6b,
    0x56, 0x8c, 0x5e, 0xc3, 0x1e, 0xbc, 0x08, 0x56, 0xec, 0x42, 0xb2, 0x66, 0x3b, 0x5e, 0x4d, 0xcb,
    0xb6, 0xad, 0xdb, 0xb7, 0x70, 0xe3, 0xca, 0x9d, 0x4b, 0xb7, 0xae, 0xdd, 0xbb, 0x78, 0xf3, 0xea,
    0xdd, 0xcb, 0xb7, 0xaf, 0xdf, 0xbf, 0x80, 0x03, 0x0b, 0x1e, 0x4c, 0xb8, 0xb0, 0xe1, 0xc3, 0x39,
    0x01, 0x28, 0xbe, 0xab, 0x18, 0x00, 0xe3, 0xc5, 0x88, 0x23, 0x4b, 0xde, 0xd9, 0xf8, 0xb1, 0x63,
    0xbb, 0x95, 0x31, 0x43, 0xf6, 0x9b, 0xb9, 0x6e, 0x67, 0xba, 0x9f, 0x6b, 0x86, 0x96, 0x3b, 0x3a,
    0x6e, 0x69, 0xb8, 0x01, 0x01, 0x00, 0x21, 0xf9, 0x04, 0x01, 0x03, 0x00, 0x02, 0x00, 0x2c, 0xdd,
    0x00, 0xd1, 0x00, 0x67, 0x00, 0x50, 0x00, 0x81, 0x00, 0x00, 0x00, 0xff, 0xff, 0xff, 0x00, 0x00,
    0x00, 0x00, 0x00, 0x00, 0x08, 0xd4, 0x00, 0x05, 0x08, 0x1c, 0x48, 0xb0, 0xa0, 0xc1, 0x83, 0x08,
    0x13, 0x2a, 0x5c, 0xc8, 0xb0, 0x61, 0x41, 0x00, 0x10, 0x1d, 0x4a, 0x9c, 0x48, 0xb1, 0xa2, 0x45,
    0x01, 0x10, 0x01, 0x5c, 0xdc, 0xc8, 0xb1, 0xa3, 0xc3, 0x8c, 0x1e, 0x43, 0x8a, 0x1c, 0x49, 0xb2,
    0xa4, 0xc9, 0x93, 0x28, 0x53, 0xaa, 0x5c, 0xc9, 0xb2, 0xa5, 0xcb, 0x97, 0x30, 0x63, 0xca, 0x9c,
    0x49, 0xb3, 0xa6, 0xcd, 0x9b, 0x38, 0x73, 0xea, 0xdc, 0xc9, 0xf3, 0x64, 0x46, 0x8d, 0x3d, 0x6b,
    0xfe, 0x0c, 0x2a, 0x14, 0x24, 0xd1, 0x99, 0x43, 0x8f, 0xca, 0x4c, 0xaa, 0x14, 0x26, 0xd3, 0xa6,
    0x50, 0xa3, 0x4a, 0x9d, 0x4a, 0xb5, 0xaa, 0xd5, 0xab, 0x58, 0x39, 0x1a, 0xcd, 0x6a, 0x72, 0x2b,
    0x57, 0x92, 0x5e, 0xbf, 0x8a, 0x0c, 0x2b, 0xd6, 0x23, 0xd9, 0xb2, 0x5a, 0x23, 0xa2, 0x1d, 0xab,
    0x76, 0xad, 0xdb, 0x89, 0x4f, 0xdf, 0x5a, 0x8c, 0x2b, 0x97, 0x22, 0xdd, 0xba, 0x78, 0xf3, 0xea,
    0xdd, 0xcb, 0xb7, 0xaf, 0xdf, 0xbf, 0x80, 0x03, 0x0b, 0x1e, 0x4c, 0xb8, 0xb0, 0xe1, 0xc3, 0x88,
    0x13, 0x2b, 0x5e, 0xcc, 0xb8, 0xb1, 0xe3, 0xc7, 0x90, 0x23, 0x4b, 0x9e, 0x4c, 0x30, 0x80, 0xe5,
    0xc6, 0x96, 0x03, 0x60, 0xbe, 0x4c, 0x79, 0x64, 0xe6, 0xcd, 0x9a, 0x19, 0x7f, 0xee, 0x4c, 0xba,
    0x74, 0xe0, 0xd1, 0x8b, 0x51, 0x2b, 0x56, 0x9d, 0x98, 0x75, 0x64, 0xd7, 0x87, 0x61, 0x1b, 0x96,
    0xbd, 0x93, 0x36, 0x61, 0xdb, 0x83, 0x71, 0xe3, 0x0d, 0x08, 0x00, 0x21, 0xf9, 0x04, 0x01, 0x03,
    0x00, 0x02, 0x00, 0x2c, 0xdd, 0x00, 0xd1, 0x00, 0x67, 0x00, 0x4d, 0x00, 0x81, 0x00, 0x00, 0x00,
    0xff, 0xff, 0xff, 0x00, 0x00, 0x00, 0x00, 0x00, 0x00, 0x08, 0xab, 0x00, 0x05, 0x08, 0x1c, 0x48,
    0xb0, 0xa0, 0xc1, 0x83, 0x08, 0x13, 0x2a, 0x5c, 0xc8, 0xb0, 0x61, 0xc1, 0x00, 0x10, 0x1d, 0x4a,
    0x9c, 0x48, 0xb1, 0xa2, 0x45, 0x01, 0x10, 0x03, 0x5c, 0xdc, 0xc8, 0xb1, 0xa3, 0xc3, 0x8c, 0x1e,
    0x43, 0x8a, 0x1c, 0x49, 0xb2, 0xa4, 0xc9, 0x93, 0x28, 0x53, 0xaa, 0x5c, 0xc9, 0xb2, 0xa5, 0xcb,
    0x97, 0x30, 0x63, 0xca, 0x9c, 0x49, 0xb3, 0xa6, 0xcd, 0x9b, 0x38, 0x73, 0xea, 0xdc, 0xc9, 0xf3,
    0x64, 0x46, 0x8d, 0x3d, 0x6b, 0xfe, 0x0c, 0x2a, 0x14, 0x24, 0xd1, 0xa3, 0x48, 0x93, 0x2a, 0x5d,
    0xca, 0xb4, 0xa9, 0xd3, 0xa7, 0x50, 0xa3, 0x4a, 0x9d, 0x4a, 0xb5, 0xaa, 0xd5, 0xab, 0x58, 0xb3,
    0x6a, 0xdd, 0xca, 0xb5, 0xab, 0xd7, 0xaf, 0x60, 0xc3, 0x8a, 0x1d, 0x4b, 0xb6, 0xac, 0xd9, 0xb3,
    0x68, 0xd3, 0xaa, 0x5d, 0xcb, 0xb6, 0xad, 0xdb, 0xb7, 0x70, 0xe3, 0xca, 0x9d, 0x4b, 0xb7, 0xae,
    0xdd, 0xbb, 0x78, 0xf3, 0xea, 0xdd, 0xcb, 0xb7, 0xaf, 0x43, 0x00, 0x80, 0xe7, 0x02, 0x06, 0x20,
    0x38, 0xb0, 0xdf, 0xc3, 0x88, 0x13, 0x2b, 0x5e, 0xcc, 0xb8, 0xb1, 0xe3, 0xc7, 0x21, 0x07, 0x17,
    0x26, 0x2c, 0x57, 0x32, 0xce, 0x80, 0x00, 0x21, 0xf9, 0x04, 0x01, 0x03, 0x00, 0x02, 0x00, 0x2c,
    0x9a, 0x00, 0xc7, 0x00, 0xaa, 0x00, 0x1d, 0x00, 0x81, 0x00, 0x00, 0x00, 0xff, 0xff, 0xff, 0x00,
    0x00, 0x00, 0x00, 0x00, 0x00, 0x08, 0x8b, 0x00, 0x01, 0x08, 0x14, 0x40, 0xb0, 0xa0, 0xc1, 0x83,
    0x08, 0x13, 0x2a, 0x5c, 0xc8, 0xb0, 0xa1, 0xc3, 0x87, 0x10, 0x23, 0x4a, 0x9c, 0x08, 0x51, 0x20,
    0x00, 0x8a, 0x18, 0x33, 0x6a, 0xdc, 0xc8, 0xb1, 0x63, 0x46, 0x8b, 0x1e, 0x43, 0x8a, 0x1c, 0x49,
    0xb2, 0xa4, 0xc9, 0x93, 0x28, 0x53, 0xaa, 0x5c, 0xc9, 0xb2, 0xa5, 0xcb, 0x97, 0x30, 0x63, 0xca,
    0x9c, 0x49, 0xb3, 0xa6, 0xcd, 0x9b, 0x38, 0x73, 0xea, 0xdc, 0xc9, 0xb3, 0xa7, 0xcf, 0x9f, 0x40,
    0x83, 0x0a, 0xcd, 0x09, 0x72, 0xa8, 0x51, 0x9a, 0x45, 0x8f, 0x2a, 0x7d, 0x99, 0x74, 0xa9, 0xd3,
    0xa7, 0x50, 0xa3, 0x4a, 0x9d, 0x4a, 0xb5, 0xaa, 0xd5, 0xab, 0x58, 0xb3, 0x6a, 0xdd, 0xca, 0xb5,
    0xab, 0xd7, 0xaf, 0x60, 0xc3, 0x8a, 0x1d, 0x4b, 0xd6, 0xa7, 0xc5, 0x8b, 0x65, 0xb5, 0x9e, 0x4d,
    0xab, 0xb6, 0x29, 0xdb, 0xaa, 0x01, 0xe2, 0x06, 0x78, 0x8b, 0x55, 0xee, 0x5c, 0xba, 0x56, 0xed,
    0x06, 0x04, 0x00, 0x21, 0xf9, 0x04, 0x01, 0x03, 0x00, 0x02, 0x00, 0x2c, 0x9a, 0x00, 0xc7, 0x00,
    0xa6, 0x00, 0x60, 0x00, 0x81, 0x00, 0x00, 0x00, 0xff, 0xff, 0xff, 0x00, 0x00, 0x00, 0x00, 0x00,
    0x00, 0x08, 0xf7, 0x00, 0x03, 0x08, 0x14, 0x40, 0xb0, 0xa0, 0xc1, 0x83, 0x08, 0x13, 0x2a, 0x5c,
    0xc8, 0xb0, 0xa1, 0xc3, 0x87, 0x10, 0x23, 0x4a, 0x9c, 0xc8, 0x50, 0x60, 0x00, 0x8a, 0x18, 0x33,
    0x6a, 0xdc, 0xc8, 0xb1, 0xa3, 0x44, 0x8b, 0x1e, 0x43, 0x8a, 0x1c, 0x49, 0xb2, 0xa4, 0xc9, 0x93,
    0x28, 0x53, 0xaa, 0x5c, 0xc9, 0xb2, 0xa5, 0xcb, 0x97, 0x30, 0x63, 0xca, 0x9c, 0x49, 0xb3, 0xa6,
    0xcd, 0x9b, 0x38, 0x73, 0xea, 0xdc, 0xc9, 0xb3, 0xa7, 0xcf, 0x9f, 0x40, 0x83, 0x0a, 0xa5, 0x08,
    0x72, 0xa8, 0x51, 0x98, 0x45, 0x8f, 0x2a, 0x5d, 0x99, 0x74, 0xa9, 0xd3, 0xa7, 0x50, 0xa3, 0x4a,
    0x9d, 0x4a, 0xb5, 0xaa, 0xd5, 0xab, 0x58, 0xb3, 0x6a, 0xdd, 0xca, 0xb5, 0xab, 0xd7, 0xaf, 0x60,
    0xc3, 0x8a, 0x1d, 0x4b, 0xb6, 0xac, 0xd9, 0xb3, 0x68, 0xd3, 0xaa, 0x5d, 0xcb, 0xb6, 0xad, 0xdb,
    0xb7, 0x70, 0xe3, 0xca, 0x9d, 0x4b, 0xb7, 0xae, 0xdd, 0xbb, 0x6a, 0x9b, 0xe2, 0xdd, 0xa9, 0x77,
    0x6f, 0xce, 0xbe, 0x7e, 0x6f, 0x02, 0x0e, 0x5c, 0x73, 0x30, 0xe1, 0x99, 0x86, 0x0f, 0xc7, 0x4c,
    0xac, 0xf8, 0x25, 0xe3, 0xc6, 0x2d, 0x1f, 0x43, 0x66, 0x3a, 0x70, 0xb2, 0xe5, 0xcb, 0x98, 0x33,
    0x6b, 0xde, 0xcc, 0xb9, 0xb3, 0xe7, 0xcf, 0xa0, 0x43, 0x8b, 0x1e, 0x4d, 0xba, 0xb4, 0xe9, 0xd3,
    0xa8, 0x53, 0xab, 0x5e, 0xcd, 0xba, 0xb5, 0xeb, 0xd7, 0xb0, 0x63, 0xcb, 0x9e, 0x4d, 0xbb, 0xf6,
    0x59, 0xc9, 0xb6, 0x05, 0xe0, 0xb6, 0xbd, 0x3b, 0xb7, 0xef, 0xdf, 0xc0, 0x83, 0x0b, 0x1f, 0x4e,
    0xbc, 0xb8, 0xf1, 0xe3, 0xc8, 0x93, 0x2b, 0x5f, 0xce, 0xbc, 0xb9, 0xf3, 0xe7, 0xd0, 0xc1, 0x02,
    0x98, 0xae, 0x7c, 0x3a, 0x80, 0xea, 0xd4, 0x3b, 0x07, 0x04, 0x00, 0x21, 0xf9, 0x04, 0x01, 0x03,
    0x00, 0x02, 0x00, 0x2c, 0x63, 0x00, 0xd1, 0x00, 0xdd, 0x00, 0x56, 0x00, 0x81, 0x00, 0x00, 0x00,
    0xff, 0xff, 0xff, 0x00, 0x00, 0x00, 0x00, 0x00, 0x00, 0x08, 0xff, 0x00, 0x05, 0x08, 0x1c, 0x48,
    0xb0, 0xa0, 0xc1, 0x83, 0x08, 0x13, 0x2a, 0x5c, 0xc8, 0xb0, 0xa1, 0xc3, 0x87, 0x10, 0x23, 0x4a,
    0x9c, 0x48, 0x11, 0x21, 0x80, 0x8b, 0x15, 0x33, 0x6a, 0xdc, 0xc8, 0xb1, 0xa3, 0xc7, 0x8f, 0x19,
    0x2f, 0x02, 0x00, 0x49, 0xb2, 0xa4, 0xc9, 0x93, 0x28, 0x41, 0x8a, 0x4c, 0xc9, 0xb2, 0xa5, 0xcb,
    0x97, 0x30, 0x63, 0xca, 0x9c, 0x49, 0xb3, 0xa6, 0xcd, 0x9b, 0x38, 0x73, 0xea, 0xdc, 0xc9, 0xb3,
    0xa7, 0xcf, 0x9f, 0x40, 0x83, 0x0a, 0x1d, 0x4a, 0xb4, 0xa8, 0xd1, 0xa3, 0x48, 0x93, 0x2a, 0x5d,
    0xca, 0xb4, 0xa9, 0xd3, 0xa7, 0x50, 0xa3, 0x4a, 0x9d, 0x4a, 0xb5, 0xaa, 0xd5, 0xab, 0x58, 0xb3,
    0x6a, 0xdd, 0xca, 0xb5, 0xab, 0xd7, 0xaf, 0x60, 0xc3, 0x8a, 0x1d, 0x4b, 0xf6, 0xe0, 0xca, 0xb2,
    0x68, 0x49, 0x9e, 0x4d, 0xcb, 0x96, 0xe3, 0xda, 0xb6, 0x70, 0xe3, 0xca, 0x9d, 0x4b, 0xb7, 0xae,
    0xdd, 0xbb, 0x78, 0xf3, 0xea, 0xdd, 0xcb, 0xb7, 0xaf, 0xdf, 0xbf, 0x80, 0x03, 0x0b, 0x1e, 0x4c,
    0x98, 0xe8, 0xdb, 0xc2, 0x69, 0x0f, 0x23, 0x2e, 0xab, 0x78, 0xb1, 0xe3, 0xc7, 0x90, 0x23, 0x4b,
    0x9e, 0x4c, 0xb9, 0xb2, 0xe5, 0xcb, 0x98, 0x33, 0x6b, 0xde, 0xcc, 0xb9, 0xb3, 0xe7, 0xcf, 0xa0,
    0x43, 0x8b, 0x1e, 0x4d, 0xba, 0xb4, 0xe9, 0xd3, 0xa8, 0x53, 0xab, 0x5e, 0xcd, 0xba, 0xb5, 0xeb,
    0xd7, 0xb0, 0x63, 0xcb, 0x9e, 0x4d, 0xbb, 0xb6, 0xed, 0xdb, 0xb8, 0x73, 0x9b, 0x0c, 0xc0, 0x5b,
    0x37, 0x4f, 0xde, 0x01, 0x7c, 0xef, 0x04, 0x2e, 0xbc, 0xb8, 0xf1, 0xe3, 0xc8, 0x93, 0x2b, 0x5f,
    0xce, 0xbc, 0xf9, 0x72, 0xe2, 0xce, 0x5f, 0x42, 0x8f, 0xde, 0x72, 0x3a, 0xf5, 0xeb, 0xd8, 0xb3,
    0x6b, 0xdf, 0xce, 0xbd, 0x7b, 0x49, 0xeb, 0xde, 0x3b, 0x82, 0x06, 0x0f, 0xbf, 0x71, 0x7c, 0xe1,
    0x80, 0x00, 0x21, 0xf9, 0x04, 0x01, 0x03, 0x00, 0x02, 0x00, 0x2c, 0x63, 0x00, 0xc7, 0x00, 0xe1,
    0x00, 0x60, 0x00, 0x81, 0x00, 0x00, 0x00, 0xff, 0xff, 0xff, 0x00, 0x00, 0x00, 0x00, 0x00, 0x00,
    0x08, 0xff, 0x00, 0x05, 0x08, 0x1c, 0x48, 0xb0, 0xa0, 0xc1, 0x83, 0x08, 0x13, 0x2a, 0x04, 0xc0,
    0x50, 0xa1, 0xc3, 0x87, 0x10, 0x23, 0x4a, 0x9c, 0x48, 0xb1, 0xa2, 0xc5, 0x8b, 0x18, 0x33, 0x46,
    0x64, 0x08, 0x40, 0xa3, 0xc7, 0x8f, 0x20, 0x43, 0x8a, 0x1c, 0x49, 0x72, 0x61, 0xc3, 0x92, 0x28,
    0x53, 0xaa, 0x5c, 0xc9, 0xb2, 0xa5, 0xcb, 0x97, 0x30, 0x63, 0xca, 0x9c, 0x49, 0xb3, 0xa6, 0xcd,
    0x9b, 0x38, 0x73, 0xea, 0xdc, 0xc9, 0xb3, 0xa7, 0xcf, 0x9f, 0x40, 0x83, 0x0a, 0x1d, 0x4a, 0xb4,
    0xa8, 0xd1, 0xa3, 0x48, 0x93, 0x2a, 0x5d, 0xca, 0xb4, 0x69, 0xc2, 0x00, 0x50, 0x9d, 0x4a, 0x9d,
    0xfa, 0x34, 0x2a, 0xd5, 0xab, 0x57, 0xa1, 0x06, 0xc0, 0xca, 0xb5, 0xab, 0xd7, 0xaf, 0x60, 0xc3,
    0x8a, 0x1d, 0x4b, 0xb6, 0xac, 0xd9, 0xb3, 0x68, 0xd3, 0xaa, 0x5d, 0xcb, 0xb6, 0xad, 0xdb, 0xb7,
    0x70, 0xe3, 0xca, 0x9d, 0x4b, 0xb7, 0xee, 0x5c, 0xad, 0x5b, 0xed, 0xea, 0x95, 0x88, 0x77, 0xaf,
    0xdf, 0x87, 0x7d, 0xff, 0x0a, 0x1e, 0x4c, 0xb8, 0xb0, 0xe1, 0xc3, 0x49, 0xb5, 0x22, 0x26, 0xac,
    0x78, 0xb1, 0xe0, 0xc6, 0x8e, 0x23, 0x4b, 0x9e, 0x4c, 0xb9, 0xb2, 0xe5, 0xa6, 0x1c, 0x2f, 0xd3,
    0xcd, 0xac, 0x59, 0x2e, 0xe7, 0xce, 0x70, 0x3f, 0x83, 0x1e, 0x4d, 0xba, 0xb4, 0xe9, 0xd3, 0xa8,
    0x53, 0xab, 0x5e, 0xcd, 0xba, 0xb5, 0xeb, 0xd7, 0xb0, 0x63, 0xcb, 0x9e, 0x4d, 0xbb, 0xb6, 0x6d,
    0xb2, 0x90, 0x6f, 0x53, 0xcd, 0xad, 0x5b, 0x2a, 0xef, 0xde, 0x4d, 0x7f, 0x03, 0x1f, 0x4e, 0xbc,
    0xb8, 0xf1, 0xe3, 0xc8, 0x93, 0x2b, 0x5f, 0xce, 0xbc, 0xb9, 0xf3, 0xe7, 0xd0, 0xa3, 0x4b, 0x9f,
    0x4e, 0xbd, 0xba, 0xf5, 0xeb, 0xd8, 0xf7, 0x8a, 0xce, 0x6e, 0x73, 0x3b, 0x77, 0x9a, 0xde, 0xdd,
    0x86, 0x38, 0xff, 0x1e, 0x73, 0x3c, 0xf9, 0x97, 0xe6, 0xcf, 0xab, 0x5f, 0xcf, 0xbe, 0xfd, 0xf3,
    0xf4, 0xee, 0x4b, 0xc2, 0x8f, 0x3f, 0x72, 0x3e, 0xfd, 0x90, 0xf6, 0xdb, 0xe7, 0xbf, 0xef, 0x71,
    0x3f, 0xff, 0x8c, 0xfe, 0xfd, 0x27, 0xe0, 0x80, 0x04, 0x16, 0x68, 0xe0, 0x81, 0x06, 0x06, 0x88,
    0xe0, 0x43, 0x0a, 0x2e, 0x68, 0x52, 0x47, 0xa5, 0x05, 0x04, 0x00, 0x21, 0xf9, 0x04, 0x01, 0x03,
    0x00, 0x02, 0x00, 0x2c, 0x97, 0x00, 0xbe, 0x00, 0xad, 0x00, 0x69, 0x00, 0x81, 0x00, 0x00, 0x00,
    0xff, 0xff, 0xff, 0x00, 0x00, 0x00, 0x00, 0x00, 0x00, 0x08, 0xff, 0x00, 0x05, 0x08, 0x1c, 0x48,
    0xb0, 0xa0, 0xc1, 0x83, 0x08, 0x13, 0x2a, 0x5c, 0xc8, 0xb0, 0xa1, 0xc3, 0x86, 0x01, 0x22, 0x3e,
    0x9c, 0x48, 0xb1, 0xa2, 0xc5, 0x8b, 0x18, 0x33, 0x66, 0x8c, 0x18, 0x40, 0xa3, 0xc7, 0x8f, 0x20,
    0x43, 0x8a, 0xa4, 0xc8, 0x71, 0xa4, 0xc9, 0x93, 0x28, 0x53, 0xaa, 0x5c, 0xc9, 0xb2, 0xa5, 0xcb,
    0x97, 0x30, 0x63, 0xca, 0x9c, 0x49, 0xb3, 0xa6, 0xcd, 0x9b, 0x38, 0x73, 0xea, 0xdc, 0xc9, 0xb3,
    0xa7, 0x4f, 0x87, 0x25, 0x7f, 0x0a, 0x1d, 0x2a, 0x20, 0x28, 0xd1, 0xa3, 0x3b, 0x8d, 0x22, 0x5d,
    0xca, 0xb4, 0xa9, 0xd3, 0xa7, 0x50, 0xa3, 0x4a, 0x9d, 0x4a, 0xb5, 0xaa, 0xd5, 0xab, 0x58, 0xb3,
    0x6a, 0xdd, 0xca, 0xb5, 0xab, 0xd7, 0xaf, 0x60, 0xc3, 0x8a, 0x1d, 0x4b, 0xb6, 0xac, 0xd9, 0xb3,
    0x68, 0xd3, 0xaa, 0x5d, 0xcb, 0xb6, 0xad, 0xdb, 0xb7, 0x70, 0xe3, 0xca, 0x9d, 0x4b, 0xb7, 0xae,
    0xdd, 0xba, 0x00, 0xf2, 0x02, 0xb8, 0xeb, 0x54, 0xef, 0x5e, 0xbe, 0x4c, 0xfd, 0x02, 0x1e, 0x4c,
    0xb8, 0xb0, 0xe1, 0xc3, 0x88, 0x13, 0x2b, 0x5e, 0xcc, 0xb8, 0xb1, 0xe3, 0xc7, 0x90, 0x23, 0x4b,
    0x9e, 0x4c, 0xb9, 0x32, 0x46, 0xbd, 0x96, 0x67, 0x62, 0xce, 0x1c, 0x73, 0x33, 0xe7, 0xcf, 0xa0,
    0x43, 0x8b, 0x1e, 0x4d, 0xba, 0xb4, 0xe9, 0xd3, 0xa8, 0x53, 0xab, 0x5e, 0xcd, 0xba, 0xb5, 0xeb,
    0xd7, 0xb0, 0x63, 0xcb, 0x9e, 0x4d, 0xbb, 0xb6, 0xed, 0xdb, 0xb8, 0x73, 0xeb, 0xde, 0xcd, 0xbb,
    0xb7, 0xef, 0xdf, 0xc0, 0x67, 0x2a, 0x0d, 0x2e, 0x70, 0x38, 0x71, 0xe3, 0xc4, 0x55, 0x7a, 0x4e,
    0x2e, 0x60, 0x79, 0x72, 0xe7, 0xcc, 0xa3, 0x4b, 0xcf, 0x0a, 0x3d, 0x78, 0x75, 0xe0, 0xd7, 0x7f,
    0x67, 0x9f, 0xce, 0xbd, 0xbb, 0x77, 0xac, 0xdb, 0x7b, 0x87, 0x0f, 0xe7, 0x3d, 0xfe, 0xbb, 0xf9,
    0xf3, 0x88, 0x91, 0x03, 0x57, 0xff, 0x9b, 0xfd, 0xe3, 0x80, 0x00, 0x21, 0xf9, 0x04, 0x01, 0x03,
    0x00, 0x02, 0x00, 0x2c, 0xc0, 0x00, 0xe1, 0x00, 0x84, 0x00, 0x46, 0x00, 0x81, 0x00, 0x00, 0x00,
    0xff, 0xff, 0xff, 0x00, 0x00, 0x00, 0x00, 0x00, 0x00, 0x08, 0xaf, 0x00, 0x05, 0x08, 0x1c, 0x48,
    0xb0, 0xa0, 0xc1, 0x83, 0x08, 0x13, 0x2a, 0x5c, 0xc8, 0xb0, 0xa1, 0xc3, 0x87, 0x08, 0x01, 0x48,
    0x04, 0x00, 0xb1, 0xa2, 0xc5, 0x8b, 0x18, 0x33, 0x56, 0x9c, 0x48, 0x51, 0xa3, 0xc7, 0x8f, 0x20,
    0x43, 0x1e, 0xe4, 0x28, 0xb2, 0xa4, 0xc1, 0x89, 0x26, 0x53, 0xaa, 0x5c, 0x39, 0x52, 0x22, 0xcb,
    0x97, 0x30, 0x45, 0xa2, 0x8c, 0x49, 0xb3, 0xa6, 0xcd, 0x9b, 0x38, 0x73, 0xea, 0xdc, 0xc9, 0xb3,
    0xa7, 0xcf, 0x9f, 0x40, 0x83, 0x0a, 0x1d, 0x4a, 0xb4, 0xa8, 0xd1, 0xa3, 0x48, 0x93, 0x2a, 0x5d,
    0xca, 0xb4, 0xa9, 0xd3, 0xa7, 0x50, 0xa3, 0x4a, 0x9d, 0x4a, 0xb5, 0xaa, 0xd5, 0xab, 0x58, 0xb3,
    0x6a, 0xdd, 0xca, 0xb5, 0xab, 0xd7, 0xaf, 0x60, 0xc3, 0x8a, 0x1d, 0x4b, 0xb6, 0xac, 0xd9, 0xb3,
    0x68, 0xd3, 0xaa, 0x5d, 0xcb, 0xb6, 0xad, 0xdb, 0xb7, 0x70, 0xe3, 0xca, 0x9d, 0x4b, 0xb7, 0xae,
    0xdd, 0xbb, 0x78, 0xf3, 0xea, 0xdd, 0xcb, 0xb7, 0xaf, 0xdf, 0xbf, 0x80, 0x03, 0x0b, 0x1e, 0x4c,
    0xb8, 0xb0, 0xe1, 0xc3, 0x88, 0x13, 0x2b, 0x5e, 0xcc, 0xb8, 0xb1, 0xe3, 0xc7, 0x90, 0x23, 0x4b,
    0xb6, 0x3b, 0xd3, 0x71, 0xe5, 0xc6, 0x97, 0x19, 0x07, 0x04, 0x00, 0x21, 0xf9, 0x04, 0x01, 0x03,
    0x00, 0x02, 0x00, 0x2c, 0x97, 0x00, 0xde, 0x00, 0xad, 0x00, 0x49, 0x00, 0x81, 0x00, 0x00, 0x00,
    0xff, 0xff, 0xff, 0x00, 0x00, 0x00, 0x00, 0x00, 0x00, 0x08, 0xff, 0x00, 0x05, 0x08, 0x1c, 0x48,
    0xb0, 0xa0, 0xc1, 0x83, 0x08, 0x13, 0x2a, 0x5c, 0xc8, 0xb0, 0xa1, 0xc3, 0x87, 0x10, 0x23, 0x42,
    0x0c, 0x40, 0x31, 0x80, 0xc4, 0x8b, 0x18, 0x33, 0x6a, 0xdc, 0xc8, 0x51, 0x63, 0x45, 0x8b, 0x1d,
    0x43, 0x8a, 0x1c, 0x49, 0xb2, 0xe4, 0xc0, 0x8f, 0x26, 0x53, 0xaa, 0x5c, 0xc9, 0xb2, 0xa5, 0xcb,
    0x97, 0x30, 0x63, 0xca, 0x9c, 0x49, 0xb3, 0xa6, 0xcd, 0x9b, 0x05, 0x2b, 0xe2, 0xdc, 0xc9, 0x33,
    0xa4, 0xce, 0x9e, 0x40, 0x83, 0x4e, 0xa4, 0x28, 0xb4, 0xa8, 0xd1, 0xa3, 0x48, 0x93, 0x2a, 0x5d,
    0xca, 0xb4, 0xa9, 0x53, 0xa0, 0x3f, 0x9f, 0x4a, 0x85, 0x19, 0x75, 0xaa, 0xd5, 0x95, 0x55, 0xaf,
    0x6a, 0x25, 0x99, 0x75, 0xab, 0x57, 0x8e, 0x5d, 0xbf, 0x8a, 0xbd, 0x18, 0x76, 0xac, 0x59, 0x87,
    0x65, 0xcf, 0xaa, 0x4d, 0x98, 0x76, 0xad, 0x5b, 0x82, 0x6d, 0xdf, 0xbe, 0x8d, 0x2b, 0xb7, 0xae,
    0xdd, 0xbb, 0x78, 0xf3, 0xea, 0xdd, 0xcb, 0xb7, 0xaf, 0xdf, 0xbf, 0x80, 0x03, 0x0b, 0x1e, 0x4c,
    0xb8, 0xb0, 0xe1, 0xc3, 0x6e, 0xe9, 0x22, 0x46, 0xaa, 0x78, 0xb1, 0xd1, 0xc6, 0x8e, 0x23, 0x4b,
    0x9e, 0x4c, 0xb9, 0xb2, 0xe5, 0xcb, 0x98, 0x33, 0x6b, 0xde, 0xcc, 0xb9, 0xb3, 0xe7, 0xcf, 0x7f,
    0x51, 0x82, 0xe6, 0x29, 0x7a, 0x34, 0xce, 0xd2, 0xa6, 0x83, 0x42, 0x4e, 0xad, 0x72, 0x35, 0x6b,
    0x93, 0xae, 0x5f, 0x2b, 0x8c, 0x8d, 0x91, 0xf6, 0x65, 0xdb, 0x12, 0x71, 0x57, 0xd6, 0x3d, 0x14,
    0xa4, 0xec, 0xdf, 0xc0, 0x83, 0x9f, 0xe5, 0x9d, 0x97, 0x38, 0x56, 0xa2, 0xbb, 0x91, 0x1f, 0x35,
    0x7e, 0x97, 0x79, 0x4a, 0xe7, 0x75, 0xa1, 0x0b, 0x9f, 0x4e, 0xbd, 0xba, 0xf5, 0xeb, 0xd8, 0xb3,
    0x6b, 0xdf, 0xce, 0xbd, 0x3b, 0x5a, 0xe5, 0xde, 0x7d, 0x82, 0x06, 0x0f, 0x0f, 0x76, 0xfc, 0xeb,
    0x80, 0x00, 0x21, 0xf9, 0x04, 0x01, 0x03, 0x00, 0x02, 0x00, 0x2c, 0x97, 0x00, 0x0b, 0x01, 0x90,
    0x00, 0x1c, 0x00, 0x81, 0x00, 0x00, 0x00, 0xff, 0xff, 0xff, 0x00, 0x00, 0x00, 0x00, 0x00, 0x00,
    0x08, 0xa8, 0x00, 0x05, 0x08, 0x1c, 0x48, 0xb0, 0xa0, 0xc1, 0x83, 0x08, 0x13, 0x2a, 0x5c, 0xa8,
    0x10, 0x80, 0x43, 0x00, 0x0c, 0x23, 0x4a, 0x9c, 0x48, 0xb1, 0xa2, 0xc5, 0x8b, 0x14, 0x1f, 0x42,
    0xc4, 0xc8, 0xb1, 0xa3, 0xc7, 0x8f, 0x20, 0x09, 0x6a, 0x0c, 0x49, 0xb2, 0xa4, 0xc9, 0x93, 0x07,
    0x1f, 0xa2, 0x5c, 0xc9, 0xb2, 0xe5, 0x42, 0x95, 0x2e, 0x63, 0xca, 0x5c, 0x09, 0x73, 0xa6, 0xcd,
    0x9b, 0x03, 0x6b, 0xba, 0xd4, 0x89, 0xb3, 0x67, 0x44, 0x9e, 0x2c, 0x81, 0xfa, 0x1c, 0x9a, 0xd2,
    0xe1, 0x4c, 0xa1, 0x44, 0x93, 0x2a, 0x5d, 0xca, 0xb4, 0xa9, 0xd3, 0xa7, 0x50, 0x31, 0x22, 0x8d,
    0xaa, 0x74, 0xaa, 0x54, 0xa3, 0x54, 0xa1, 0x5a, 0xbd, 0xb8, 0x35, 0x6b, 0xcf, 0xae, 0x15, 0xc1,
    0x7a, 0xb5, 0x29, 0x76, 0xac, 0xd9, 0x90, 0x1a, 0xd3, 0xe6, 0x2c, 0x7b, 0x56, 0x6b, 0xda, 0x9a,
    0x23, 0xdb, 0xca, 0x15, 0xf9, 0x16, 0xab, 0x80, 0xb8, 0x73, 0xf3, 0xea, 0xdd, 0xcb, 0xb7, 0xaf,
    0xdf, 0xbf, 0x80, 0x03, 0x0b, 0x1e, 0x4c, 0xd8, 0x20, 0xdb, 0xa2, 0x1b, 0x0b, 0xcb, 0x3c, 0x6c,
    0xd8, 0xae, 0xe2, 0x9d, 0x8e, 0xb9, 0x46, 0xf6, 0x1b, 0x10, 0x00, 0x21, 0xf9, 0x04, 0x01, 0x03,
    0x00, 0x02, 0x00, 0x2c, 0x90, 0x00, 0xbe, 0x00, 0xb4, 0x00, 0x60, 0x00, 0x81, 0x00, 0x00, 0x00,
    0xff, 0xff, 0xff, 0x00, 0x00, 0x00, 0x00, 0x00, 0x00, 0x08, 0xff, 0x00, 0x05, 0x08, 0x1c, 0x48,
    0xb0, 0xa0, 0xc1, 0x83, 0x08, 0x13, 0x2a, 0x5c, 0xc8, 0xb0, 0xa1, 0xc3, 0x87, 0x10, 0x23, 0x12,
    0x0c, 0x40, 0x51, 0xa2, 0xc5, 0x8b, 0x18, 0x33, 0x6a, 0xdc, 0xc8, 0xb1, 0x20, 0xc5, 0x00, 0x1d,
    0x43, 0x8a, 0x1c, 0x49, 0xb2, 0xa4, 0xc1, 0x8f, 0x26, 0x53, 0xaa, 0x5c, 0xc9, 0xb2, 0xa5, 0xcb,
    0x97, 0x30, 0x63, 0xca, 0x9c, 0x49, 0xb3, 0xa6, 0x48, 0x94, 0x36, 0x73, 0xea, 0x5c, 0x89, 0x73,
    0xa7, 0xcf, 0x9f, 0x1c, 0x7b, 0x02, 0x1d, 0x4a, 0xb4, 0xa8, 0xd1, 0xa3, 0x48, 0x93, 0x2a, 0x5d,
    0xca, 0xb4, 0xa9, 0xd3, 0xa7, 0x50, 0xa3, 0x4a, 0x9d, 0x4a, 0xb5, 0xaa, 0xd5, 0xab, 0x58, 0xb3,
    0x6a, 0xdd, 0xca, 0xb5, 0xab, 0xd7, 0xaf, 0x60, 0xc3, 0x8a, 0x1d, 0x4b, 0xb6, 0xac, 0xd9, 0xb3,
    0x68, 0xd3, 0xaa, 0x5d, 0xcb, 0xb6, 0xad, 0xdb, 0xb7, 0x70, 0xe3, 0xca, 0x9d, 0x4b, 0xb7, 0xae,
    0xdd, 0xbb, 0x78, 0xf3, 0xea, 0xdd, 0xcb, 0xb7, 0xaf, 0xdf, 0xbf, 0x80, 0x03, 0x0b, 0x1e, 0x4c,
    0xb8, 0xb0, 0xe1, 0xc3, 0x88, 0x13, 0x2b, 0x5e, 0xcc, 0xb8, 0xb1, 0xe3, 0xc7, 0x90, 0x23, 0x4b,
    0x9e, 0x4c, 0xb9, 0xf2, 0xce, 0x8f, 0x20, 0x2d, 0xbf, 0xc4, 0xac, 0x79, 0xb3, 0xd0, 0xce, 0xa0,
    0x43, 0x8b, 0x1e, 0x4d, 0xba, 0xb4, 0xe9, 0xd3, 0xa8, 0x53, 0xab, 0x5e, 0xcd, 0xba, 0xb5, 0xeb,
    0xd7, 0xb0, 0x63, 0xcb, 0x9e, 0x4d, 0xbb, 0xb6, 0xed, 0xdb, 0xb8, 0x73, 0x8f, 0xe6, 0xac, 0x5b,
    0x21, 0xef, 0xde, 0x08, 0x7f, 0x03, 0x1f, 0x4e, 0xbc, 0x78, 0xc8, 0xcf, 0xc6, 0x05, 0x20, 0x37,
    0xbe, 0x3c, 0xb9, 0xf3, 0xe7, 0xd0, 0xa3, 0x4b, 0x9f, 0x4e, 0x19, 0x80, 0xf5, 0xca, 0xcd, 0x4b,
    0x5a, 0x07, 0x80, 0xbd, 0xa2, 0xcb, 0xed, 0xdd, 0x33, 0xb7, 0x02, 0x0c, 0x08, 0x00, 0x21, 0xf9,
    0x04, 0x01, 0x03, 0x00, 0x02, 0x00, 0x2c, 0xe3, 0x00, 0xe1, 0x00, 0x61, 0x00, 0x3d, 0x00, 0x81,
    0x00, 0x00, 0x00, 0xff, 0xff, 0xff, 0x00, 0x00, 0x00, 0x00, 0x00, 0x00, 0x08, 0xa7, 0x00, 0x05,
    0x08, 0x1c, 0x48, 0xb0, 0xa0, 0xc1, 0x83, 0x08, 0x13, 0x2a, 0x5c, 0xc8, 0xb0, 0xa1, 0xc0, 0x00,
    0x10, 0x03, 0x38, 0x9c, 0x48, 0xb1, 0xa2, 0xc5, 0x86, 0x11, 0x25, 0x5e, 0xdc, 0xc8, 0xb1, 0xa3,
    0xc2, 0x8c, 0x1e, 0x43, 0x8a, 0x1c, 0x49, 0xb2, 0xa4, 0xc9, 0x93, 0x28, 0x53, 0xaa, 0x5c, 0xc9,
    0xb2, 0xa5, 0xcb, 0x97, 0x30, 0x63, 0xca, 0x9c, 0x49, 0xb3, 0xa6, 0xcd, 0x9b, 0x38, 0x73, 0xea,
    0xdc, 0xc9, 0xb3, 0xa7, 0xcf, 0x9f, 0x40, 0x01, 0x08, 0x05, 0x9a, 0x50, 0xe8, 0x50, 0x91, 0x46,
    0x89, 0x22, 0x34, 0x0a, 0x60, 0x64, 0x52, 0xa5, 0x06, 0x99, 0x42, 0x9d, 0x4a, 0xb5, 0xaa, 0xd5,
    0xab, 0x58, 0xb3, 0x6a, 0xdd, 0xca, 0xb5, 0xab, 0xd7, 0xaf, 0x60, 0xc3, 0x8a, 0x1d, 0x4b, 0xb6,
    0xac, 0x80, 0xa7, 0x66, 0x1d, 0xa2, 0x4d, 0xcb, 0x70, 0x2d, 0xdb, 0xb7, 0x70, 0xe3, 0xca, 0x9d,
    0x4b, 0xb7, 0xee, 0x42, 0xa9, 0x76, 0x09, 0xe2, 0xcd, 0x2b, 0x70, 0x2f, 0xdf, 0xbf, 0x80, 0x03,
    0x0b, 0x1e, 0x4c, 0xb8, 0xb0, 0xe1, 0xc3, 0x88, 0x13, 0x2b, 0x5e, 0x0c, 0x35, 0xa2, 0x60, 0xc7,
    0x81, 0x21, 0xaf, 0x0c, 0x08, 0x00, 0x21, 0xf9, 0x04, 0x01, 0x03, 0x00, 0x02, 0x00, 0x2c, 0xe3,
    0x00, 0xbe, 0x00, 0x61, 0x00, 0x60, 0x00, 0x81, 0x00, 0x00, 0x00, 0xff, 0xff, 0xff, 0x00, 0x00,
    0x00, 0x00, 0x00, 0x00, 0x08, 0xc4, 0x00, 0x05, 0x08, 0x1c, 0x48, 0xb0, 0xa0, 0xc1, 0x83, 0x08,
    0x13, 0x2a, 0x5c, 0x88, 0x10, 0x80, 0x43, 0x86, 0x10, 0x23, 0x4a, 0x9c, 0x48, 0xf1, 0xa0, 0x43,
    0x00, 0x15, 0x33, 0x6a, 0xdc, 0x38, 0xf1, 0x22, 0xc7, 0x8f, 0x20, 0x43, 0x8a, 0x1c, 0x49, 0xb2,
    0xa4, 0xc9, 0x93, 0x28, 0x53, 0xaa, 0x5c, 0xc9, 0xb2, 0xa5, 0xcb, 0x97, 0x30, 0x63, 0xca, 0x9c,
    0x49, 0xb3, 0xa6, 0xcd, 0x9b, 0x38, 0x73, 0xea, 0xdc, 0xc9, 0xb3, 0xa7, 0xcf, 0x9f, 0x40, 0x83,
    0x0a, 0x1d, 0x4a, 0xb4, 0xa8, 0xd1, 0xa3, 0x48, 0x93, 0x2a, 0x5d, 0xca, 0xb4, 0xa9, 0xd3, 0xa7,
    0x50, 0xa3, 0x4a, 0x9d, 0x4a, 0xb5, 0xaa, 0xd5, 0xab, 0x58, 0xb3, 0x6a, 0xad, 0x79, 0x11, 0xe3,
    0xd6, 0x84, 0x5d, 0xbf, 0x82, 0xf5, 0x28, 0xb6, 0xac, 0xd9, 0xb3, 0x68, 0xd3, 0xaa, 0x5d, 0xcb,
    0xb6, 0xad, 0xdb, 0xb7, 0x70, 0xe3, 0xca, 0x9d, 0x4b, 0xb7, 0xae, 0xdd, 0xbb, 0x78, 0xf3, 0xea,
    0xdd, 0xcb, 0xb7, 0xaf, 0xdf, 0xbf, 0x80, 0x4f, 0x06, 0x18, 0xdc, 0x76, 0x70, 0x80, 0xc2, 0x84,
    0x03, 0x2b, 0x5e, 0xcc, 0xb8, 0x71, 0x5d, 0xc3, 0x87, 0xd7, 0x42, 0x66, 0x3b, 0xd9, 0xb1, 0xe5,
    0xcb, 0x3c, 0x0d, 0x23, 0x8e, 0x2c, 0x39, 0x31, 0xe6, 0xcf, 0xa0, 0x43, 0x8b, 0x1e, 0xad, 0xb3,
    0xeb, 0xc3, 0xb4, 0xa6, 0xbd, 0xa2, 0x4d, 0xcd, 0x32, 0x20, 0x00, 0x21, 0xf9, 0x04, 0x01, 0x03,
    0x00, 0x02, 0x00, 0x2c, 0xc3, 0x00, 0xe1, 0x00, 0x81, 0x00, 0x46, 0x00, 0x81, 0x00, 0x00, 0x00,
    0xff, 0xff, 0xff, 0x00, 0x00, 0x00, 0x00, 0x00, 0x00, 0x08, 0xde, 0x00, 0x05, 0x08, 0x1c, 0x48,
    0xb0, 0xa0, 0xc1, 0x83, 0x08, 0x13, 0x2a, 0x5c, 0xc8, 0xb0, 0xa1, 0xc3, 0x87, 0x05, 0x03, 0x48,
    0x0c, 0x00, 0xb1, 0xa2, 0xc5, 0x8b, 0x18, 0x33, 0x3a, 0x9c, 0x48, 0x51, 0xa3, 0xc7, 0x8f, 0x20,
    0x43, 0x12, 0xe4, 0x28, 0xb2, 0xa4, 0xc9, 0x93, 0x28, 0x53, 0xaa, 0x5c, 0xc9, 0xb2, 0xa5, 0xcb,
    0x97, 0x30, 0x63, 0xca, 0x9c, 0x49, 0xb3, 0xa6, 0xcd, 0x9b, 0x38, 0x73, 0x1e, 0x04, 0xc0, 0x53,
    0xa7, 0x4f, 0x91, 0x3c, 0x01, 0xfc, 0x1c, 0xea, 0x31, 0x28, 0xd1, 0xa3, 0x17, 0x8d, 0x22, 0x5d,
    0xca, 0xb4, 0xa9, 0xd3, 0xa7, 0x50, 0xa3, 0xd6, 0x9c, 0x28, 0x55, 0x00, 0x49, 0xa6, 0x54, 0xa5,
    0x5e, 0x5d, 0x9a, 0x35, 0xea, 0xd6, 0xaa, 0x60, 0xc3, 0x8a, 0x1d, 0x4b, 0xb6, 0xac, 0xd9, 0xb3,
    0x68, 0xd3, 0xaa, 0x5d, 0xcb, 0xb6, 0xad, 0xdb, 0xb7, 0x70, 0xe3, 0xca, 0x9d, 0x4b, 0xb7, 0xae,
    0xdd, 0xbb, 0x78, 0xf3, 0xea, 0xdd, 0xcb, 0xb7, 0xaf, 0xdf, 0xbf, 0x80, 0x03, 0x0b, 0x1e, 0x4c,
    0xb8, 0xb0, 0xe1, 0xc3, 0x88, 0x13, 0x2b, 0x76, 0xa9, 0x74, 0x31, 0xc4, 0xc6, 0x8e, 0x1d, 0x42,
    0x8e, 0x2c, 0x35, 0xa8, 0x50, 0xca, 0x0d, 0x2d, 0x63, 0xce, 0x3c, 0x79, 0xb3, 0xe7, 0xcf, 0xa0,
    0x43, 0x9b, 0xd4, 0x8c, 0xb0, 0xb3, 0x62, 0xd2, 0x3b, 0x7b, 0x62, 0x46, 0x6d, 0xd0, 0xb4, 0xe8,
    0xd7, 0xb0, 0xe9, 0xba, 0x16, 0x3d, 0x3b, 0x74, 0x6d, 0xbb, 0xac, 0x19, 0xde, 0xf6, 0x9b, 0x7b,
    0xe1, 0xee, 0xbe, 0xbd, 0x15, 0xfe, 0xe6, 0x1b, 0x10, 0x00, 0x21, 0xf9, 0x04, 0x01, 0x03, 0x00,
    0x02, 0x00, 0x2c, 0x60, 0x00, 0xbe, 0x00, 0xe4, 0x00, 0x69, 0x00, 0x81, 0x00, 0x00, 0x00, 0xff,
    0xff, 0xff, 0x00, 0x00, 0x00, 0x00, 0x00, 0x00, 0x08, 0xff, 0x00, 0x05, 0x08, 0x1c, 0x48, 0xb0,
    0xa0, 0xc1, 0x83, 0x08, 0x13, 0x2a, 0x5c, 0xc8, 0xb0, 0xa1, 0xc3, 0x87, 0x10, 0x23, 0x4a, 0x9c,
    0xf8, 0x30, 0x80, 0x45, 0x8a, 0x18, 0x33, 0x6a, 0xdc, 0xc8, 0xb1, 0xa3, 0xc7, 0x8f, 0x09, 0x2d,
    0x06, 0x00, 0x49, 0xb2, 0xa4, 0xc9, 0x93, 0x28, 0x53, 0x0a, 0x10, 0xa9, 0xb2, 0xa5, 0xcb, 0x97,
    0x30, 0x63, 0x8a, 0x1c, 0x19, 0xb3, 0xa6, 0xcd, 0x9b, 0x38, 0x11, 0xce, 0xcc, 0xc9, 0xb3, 0xa7,
    0x4f, 0x94, 0x3b, 0x7f, 0x0a, 0x1d, 0x4a, 0xb4, 0xa8, 0xd1, 0xa3, 0x48, 0x93, 0x2a, 0x5d, 0xca,
    0xb4, 0xa9, 0xd3, 0xa7, 0x50, 0xa3, 0x4a, 0x9d, 0x4a, 0xb5, 0xaa, 0x55, 0x9f, 0x2c, 0xaf, 0x6a,
    0xdd, 0x5a, 0x30, 0x2b, 0xd7, 0xaf, 0x57, 0xbd, 0x82, 0x1d, 0x2b, 0x55, 0x2c, 0xd9, 0xb3, 0x68,
    0xd3, 0xaa, 0x5d, 0xcb, 0xb6, 0xad, 0xdb, 0xb7, 0x70, 0xe3, 0xca, 0x9d, 0x4b, 0xb7, 0xae, 0xdd,
    0xbb, 0x78, 0xf3, 0xea, 0xdd, 0xcb, 0xb7, 0xaf, 0xdf, 0xbf, 0x80, 0x03, 0x0b, 0x1e, 0x4c, 0xb8,
    0xb0, 0xe1, 0xc3, 0x88, 0x13, 0x2b, 0x5e, 0xcc, 0xb8, 0xb1, 0x63, 0x94, 0x00, 0x22, 0x03, 0x78,
    0xfc, 0x57, 0xf2, 0x64, 0xca, 0x7d, 0x2d, 0x63, 0xce, 0x2c, 0x79, 0x33, 0x5f, 0xcd, 0x9e, 0xf5,
    0x82, 0x0e, 0x8d, 0x77, 0x34, 0x69, 0xbb, 0xa6, 0x4f, 0xd3, 0x4d, 0xad, 0xba, 0xb5, 0xeb, 0xd7,
    0xb0, 0x63, 0x13, 0x35, 0x2b, 0xbb, 0x2d, 0xed, 0xda, 0x6b, 0x6f, 0xe3, 0x4e, 0xab, 0x7b, 0xf7,
    0xd9, 0xce, 0xbe, 0xdb, 0x02, 0x0f, 0xbe, 0x76, 0x38, 0xf1, 0xb4, 0xc6, 0x8f, 0xff, 0x8e, 0xac,
    0x5c, 0x6d, 0xf2, 0xe6, 0xd0, 0xa3, 0x4b, 0x9f, 0x4e, 0xbd, 0xba, 0xf5, 0xeb, 0xd8, 0xb3, 0x6b,
    0xdf, 0xce, 0xbd, 0xbb, 0xf7, 0xef, 0xe0, 0xc3, 0x8b, 0x52, 0x1f, 0x4f, 0xbe, 0xbc, 0xf9, 0xf3,
    0xe8, 0xd3, 0xab, 0x5f, 0xcf, 0xbe, 0xbd, 0xfb, 0xf7, 0x94, 0x9f, 0xc3, 0xb7, 0x29, 0x7f, 0x7e,
    0xcc, 0xfa, 0xf6, 0xf3, 0xeb, 0xdf, 0xcf, 0x7f, 0x3b, 0xfe, 0xfe, 0x27, 0xfd, 0x07, 0x60, 0x49,
    0x02, 0x0e, 0x68, 0xe0, 0x81, 0x08, 0x26, 0xa8, 0xe0, 0x82, 0x0c, 0x36, 0xe8, 0xe0, 0x83, 0x10,
    0x46, 0x28, 0xe1, 0x84, 0xed, 0x15, 0x48, 0x61, 0x43, 0x16, 0x5e, 0xb8, 0x50, 0x86, 0x1a, 0x4a,
    0x14, 0x54, 0x87, 0x13, 0x7d, 0x08, 0x62, 0x44, 0x22, 0x52, 0x16, 0x10, 0x00, 0x21, 0xf9, 0x04,
    0x01, 0x03, 0x00, 0x02, 0x00, 0x2c, 0x60, 0x00, 0xc1, 0x00, 0xe0, 0x00, 0x4d, 0x00, 0x81, 0x00,
    0x00, 0x00, 0xff, 0xff, 0xff, 0x00, 0x00, 0x00, 0x00, 0x00, 0x00, 0x08, 0xff, 0x00, 0x05, 0x08,
    0x1c, 0x48, 0xb0, 0xa0, 0xc1, 0x83, 0x08, 0x13, 0x2a, 0x5c, 0xc8, 0xb0, 0xa1, 0xc3, 0x87, 0x10,
    0x23, 0x4a, 0x9c, 0x48, 0x51, 0x00, 0x80, 0x8b, 0x00, 0x2a, 0x6a, 0xdc, 0xc8, 0xb1, 0xa3, 0xc7,
    0x8f, 0x20, 0x39, 0x62, 0xcc, 0x18, 0xb2, 0xa4, 0xc9, 0x93, 0x28, 0x53, 0x96, 0x1c, 0xa9, 0xb2,
    0xa5, 0xcb, 0x97, 0x30, 0x63, 0xca, 0x9c, 0x49, 0xb3, 0xa6, 0xcd, 0x9b, 0x38, 0x73, 0xea, 0xdc,
    0xc9, 0xb3, 0xa7, 0xcf, 0x9f, 0x40, 0x83, 0x0a, 0x1d, 0x4a, 0xb4, 0xa8, 0x51, 0xa1, 0x18, 0x8f,
    0x2a, 0x5d, 0x7a, 0x32, 0x29, 0xd3, 0xa7, 0x50, 0x35, 0x3a, 0x8d, 0x4a, 0xb5, 0x2a, 0xc3, 0xa9,
    0x56, 0xb3, 0x6a, 0xdd, 0xca, 0xb5, 0xab, 0xd7, 0xaf, 0x60, 0xc3, 0x8a, 0x1d, 0x4b, 0xb6, 0xac,
    0xd9, 0xb3, 0x68, 0xd3, 0xaa, 0x5d, 0xcb, 0xb6, 0xad, 0xdb, 0xb7, 0x70, 0xe3, 0xca, 0x9d, 0x4b,
    0xb7, 0xae, 0xdd, 0xbb, 0x78, 0xf3, 0xea, 0xdd, 0xcb, 0xb7, 0xaf, 0xdf, 0xbf, 0x80, 0x03, 0x0b,
    0x1e, 0x4c, 0xb8, 0xb0, 0xe1, 0xc3, 0x88, 0x13, 0x2b, 0x5e, 0xcc, 0xb8, 0xf1, 0x4b, 0xac, 0x8e,
    0xdb, 0x42, 0x8e, 0xbc, 0x76, 0x32, 0xe5, 0xcb, 0x98, 0x33, 0x6b, 0xde, 0xfc, 0xd7, 0x32, 0x67,
    0xb1, 0x9e, 0x3f, 0x83, 0x0d, 0x2d, 0xda, 0x2b, 0xe9, 0xd2, 0x5c, 0x03, 0xa8, 0x46, 0x5d, 0x56,
    0x75, 0x00, 0xd6, 0x64, 0x5d, 0xc3, 0x1e, 0x2b, 0x7b, 0x76, 0xd8, 0xda, 0xb6, 0xbf, 0xe2, 0xce,
    0xcd, 0xbb, 0xb7, 0xef, 0xdf, 0xc0, 0x83, 0x0b, 0x1f, 0x4e, 0x5c, 0xee, 0xe9, 0xe2, 0x43, 0x8f,
    0x23, 0x0f, 0xaa, 0x7c, 0xf9, 0xcf, 0xe6, 0xce, 0xa3, 0x4b, 0x9f, 0x4e, 0x7d, 0x3a, 0xf4, 0xea,
    0x37, 0xaf, 0x63, 0xaf, 0xa9, 0x7d, 0xbb, 0xf7, 0xef, 0xe0, 0xc3, 0x8b, 0x0f, 0x1f, 0x4f, 0xbe,
    0xfc, 0xe1, 0xdd, 0xe6, 0x6f, 0xa2, 0x4f, 0x5f, 0x73, 0xfd, 0xf2, 0x80, 0x00, 0x21, 0xf9, 0x04,
    0x01, 0x03, 0x00, 0x02, 0x00, 0x2c, 0xb7, 0x00, 0xde, 0x00, 0x8d, 0x00, 0x46, 0x00, 0x81, 0x00,
    0x00, 0x00, 0xff, 0xff, 0xff, 0x00, 0x00, 0x00, 0x00, 0x00, 0x00, 0x08, 0xf5, 0x00, 0x05, 0x08,
    0x1c, 0x48, 0xb0, 0xa0, 0xc1, 0x83, 0x08, 0x13, 0x2a, 0x5c, 0xc8, 0xb0, 0xa1, 0xc3, 0x87, 0x10,
    0x05, 0x04, 0x98, 0x18, 0x20, 0xa2, 0xc5, 0x8b, 0x18, 0x33, 0x6a, 0xc4, 0x48, 0xb1, 0xe2, 0xc6,
    0x8f, 0x20, 0x43, 0x8a, 0x5c, 0xd8, 0x71, 0xa4, 0xc9, 0x93, 0x28, 0x53, 0xaa, 0x5c, 0xc9, 0xb2,
    0xa5, 0xcb, 0x97, 0x30, 0x63, 0xca, 0x54, 0x48, 0x71, 0xa6, 0xc6, 0x92, 0x36, 0x43, 0xd6, 0xcc,
    0x79, 0x11, 0x27, 0xcf, 0x8d, 0x3b, 0x7f, 0x42, 0xf4, 0x29, 0xb4, 0xa8, 0xd1, 0xa3, 0x48, 0x93,
    0x2a, 0x5d, 0xca, 0x14, 0x65, 0xd0, 0xa6, 0x50, 0x6f, 0x4e, 0x8c, 0x4a, 0x35, 0xe3, 0xd3, 0xaa,
    0x58, 0x1b, 0x5e, 0xcd, 0xca, 0xb5, 0xab, 0xd7, 0xaf, 0x60, 0xc3, 0x8a, 0x4d, 0x09, 0xa0, 0x6c,
    0xd7, 0xb2, 0x66, 0xc5, 0xa2, 0x3d, 0xbb, 0x56, 0x6d, 0xda, 0xac, 0x68, 0x01, 0x8c, 0x9d, 0x4b,
    0xb7, 0xae, 0xdd, 0xbb, 0x78, 0xf3, 0xea, 0xdd, 0xcb, 0xb7, 0x2f, 0xcd, 0xa9, 0x7e, 0x99, 0x6e,
    0x0d, 0x6c, 0x74, 0x30, 0x61, 0xa1, 0x86, 0x0f, 0x2b, 0x5e, 0xcc, 0xb8, 0xb1, 0xe3, 0xc7, 0x12,
    0x01, 0x43, 0xce, 0x99, 0x78, 0x72, 0xcb, 0xca, 0x96, 0x33, 0x6b, 0xde, 0xcc, 0xb9, 0xb3, 0xe7,
    0xcf, 0xa0, 0x3b, 0x63, 0x0e, 0xfd, 0x71, 0x34, 0x69, 0xa9, 0x1e, 0x4f, 0xfb, 0x35, 0xad, 0xba,
    0xa7, 0xe4, 0xd6, 0x23, 0x59, 0xc3, 0x9e, 0x2c, 0x7b, 0xb6, 0xc3, 0xda, 0xb6, 0x19, 0xe2, 0xce,
    0x6d, 0x90, 0x28, 0x6f, 0xab, 0xbb, 0x7f, 0xf7, 0x0e, 0x2e, 0xbc, 0xb8, 0xf1, 0xe3, 0xc8, 0x93,
    0x2b, 0x5f, 0xce, 0xbc, 0xb9, 0xf3, 0xe7, 0x24, 0x5f, 0x43, 0x47, 0x48, 0x1c, 0x79, 0x75, 0xbc,
    0x01, 0x01, 0x00, 0x21, 0xf9, 0x04, 0x01, 0x03, 0x00, 0x02, 0x00, 0x2c, 0x9a, 0x00, 0xde, 0x00,
    0xaa, 0x00, 0x46, 0x00, 0x81, 0x00, 0x00, 0x00, 0xff, 0xff, 0xff, 0x00, 0x00, 0x00, 0x00, 0x00,
    0x00, 0x08, 0xfa, 0x00, 0x05, 0x08, 0x1c, 0x48, 0xb0, 0xa0, 0xc1, 0x83, 0x08, 0x13, 0x2a, 0x5c,
    0xc8, 0xb0, 0xa1, 0xc3, 0x87, 0x10, 0x23, 0x36, 0x04, 0x40, 0x11, 0x80, 0xc4, 0x8b, 0x18, 0x33,
    0x6a, 0xdc, 0xc8, 0xf1, 0x62, 0x45, 0x8b, 0x1d, 0x43, 0x8a, 0x1c, 0x49, 0xb2, 0xe4, 0xc7, 0x92,
    0x28, 0x53, 0xaa, 0x5c, 0xc9, 0xb2, 0xa5, 0xcb, 0x97, 0x30, 0x63, 0xca, 0x9c, 0x49, 0xb3, 0xa6,
    0xcd, 0x9b, 0x26, 0x2b, 0xe2, 0xdc, 0xc9, 0x53, 0xe3, 0xc9, 0x9e, 0x40, 0x83, 0x32, 0xfc, 0x29,
    0xb4, 0xa8, 0xd1, 0xa3, 0x48, 0x93, 0x2a, 0x5d, 0xca, 0xb4, 0xa9, 0xd3, 0xa7, 0x50, 0xa3, 0x4a,
    0x9d, 0x4a, 0xb5, 0xaa, 0xd5, 0xab, 0x2e, 0x75, 0x62, 0xdd, 0xea, 0x91, 0x22, 0xd7, 0xaf, 0x10,
    0xb5, 0x82, 0x1d, 0xab, 0x30, 0x80, 0x59, 0xb2, 0x68, 0x11, 0x9a, 0x0d, 0x90, 0xb6, 0x2d, 0xc1,
    0xb5, 0x6e, 0xe3, 0xca, 0x9d, 0x4b, 0xb7, 0xae, 0xdd, 0xbb, 0x78, 0xf3, 0xea, 0xdd, 0xcb, 0xb7,
    0xaf, 0xdf, 0xbf, 0x80, 0x03, 0x0b, 0x1e, 0x4c, 0xb8, 0xb0, 0xe1, 0xc3, 0x88, 0xa3, 0x8a, 0x4d,
    0x7c, 0x74, 0x31, 0xe3, 0xa2, 0x8e, 0x1f, 0x4b, 0x9e, 0x4c, 0xb9, 0xb2, 0xe5, 0xcb, 0x98, 0x33,
    0x6b, 0xc6, 0x1a, 0x79, 0xb3, 0xc0, 0xce, 0x24, 0x41, 0x6f, 0x16, 0x2d, 0x92, 0x74, 0x66, 0xd3,
    0x5f, 0x51, 0x7b, 0x5e, 0xa9, 0x7a, 0x75, 0xca, 0xd6, 0xae, 0x11, 0xc3, 0x8e, 0x3d, 0x72, 0x36,
    0xed, 0x90, 0xa4, 0x6d, 0xdf, 0x3e, 0x48, 0x54, 0xa1, 0xee, 0xdd, 0x05, 0x7b, 0x27, 0xfc, 0x0d,
    0x7c, 0xa0, 0xf0, 0xe2, 0xc8, 0x93, 0x2b, 0x5f, 0xce, 0xbc, 0xb9, 0xf3, 0xe7, 0xd0, 0xa3, 0x4b,
    0x9f, 0xbe, 0x91, 0x38, 0xf5, 0xe0, 0x5e, 0xaf, 0x57, 0xcf, 0xce, 0x37, 0x20, 0x00, 0x21, 0xf9,
    0x04, 0x01, 0x03, 0x00, 0x02, 0x00, 0x2c, 0x5d, 0x00, 0xbe, 0x00, 0xe7, 0x00, 0x69, 0x00, 0x81,
    0x00, 0x00, 0x00, 0xff, 0xff, 0xff, 0x00, 0x00, 0x00, 0x00, 0x00, 0x00, 0x08, 0xff, 0x00, 0x05,
    0x08, 0x1c, 0x48, 0xb0, 0xa0, 0xc1, 0x83, 0x07, 0x03, 0x28, 0x44, 0xc8, 0xb0, 0xa1, 0xc3, 0x87,
    0x10, 0x23, 0x4a, 0x9c, 0x48, 0xb1, 0xa2, 0xc5, 0x8b, 0x18, 0x33, 0x0e, 0x54, 0x18, 0x40, 0xa3,
    0xc7, 0x8f, 0x20, 0x43, 0x8a, 0x1c, 0x49, 0x72, 0x22, 0xc7, 0x92, 0x28, 0x53, 0xaa, 0x5c, 0xc9,
    0xb2, 0xa5, 0xcb, 0x97, 0x30, 0x09, 0x72, 0xec, 0x18, 0x53, 0xe0, 0xcc, 0x9a, 0x38, 0x73, 0xea,
    0x2c, 0x78, 0x13, 0x67, 0xcf, 0x9d, 0x40, 0x83, 0xb2, 0xfc, 0x19, 0x93, 0xa8, 0xd0, 0xa3, 0x48,
    0x93, 0x2a, 0x5d, 0xca, 0xb4, 0xa9, 0xd3, 0xa7, 0x50, 0xa3, 0x4a, 0x9d, 0x4a, 0xb5, 0xaa, 0xd5,
    0xab, 0x58, 0xb3, 0x6a, 0xdd, 0xca, 0xb5, 0xe2, 0xc9, 0xae, 0x60, 0xc3, 0x22, 0xfc, 0x2a, 0xb6,
    0xac, 0x58, 0xb2, 0x66, 0xd3, 0x6e, 0x45, 0xab, 0xb6, 0xad, 0xdb, 0xb7, 0x70, 0xe3, 0xca, 0x9d,
    0x4b, 0xb7, 0xae, 0xdd, 0xbb, 0x78, 0xf3, 0xea, 0xdd, 0xcb, 0xb7, 0xaf, 0xdf, 0xbf, 0x80, 0x03,
    0x0b, 0x1e, 0x4c, 0xb8, 0xb0, 0xe1, 0xc3, 0x88, 0x13, 0x2b, 0x5e, 0xcc, 0xb8, 0xb1, 0xe3, 0xc7,
    0x90, 0x23, 0x4b, 0x9e, 0x4c, 0x59, 0xae, 0xd1, 0xca, 0x83, 0x2f, 0x63, 0x0e, 0xac, 0x79, 0xb3,
    0xe7, 0xcf, 0xa0, 0x43, 0x8b, 0x1e, 0x4d, 0xba, 0xb4, 0xe9, 0xd3, 0xa8, 0x53, 0xab, 0x5e, 0xcd,
    0xba, 0xb5, 0xeb, 0xd7, 0xb0, 0x63, 0xcb, 0x9e, 0x4d, 0xbb, 0xb6, 0xed, 0xdb, 0xb8, 0x99, 0x02,
    0xd8, 0x5d, 0xb5, 0x73, 0x6e, 0x81, 0xbb, 0x01, 0xf4, 0x66, 0xfb, 0x9b, 0x60, 0xf0, 0xe1, 0x0b,
    0x8b, 0x2b, 0x5f, 0xce, 0xbc, 0xb9, 0xf3, 0xe7, 0xd0, 0xa3, 0x4b, 0x9f, 0x4e, 0xbd, 0xba, 0xf5,
    0xeb, 0xd8, 0xb3, 0x6b, 0x77, 0x4c, 0x7c, 0x7b, 0xd2, 0xee, 0xde, 0x8f, 0x82, 0x42, 0x0f, 0x4f,
    0xbe, 0xbc, 0xf9, 0xf3, 0xe8, 0xd3, 0xab, 0x5f, 0xcf, 0xbe, 0xbd, 0xfb, 0xf7, 0xf0, 0xe3, 0xcb,
    0x9f, 0x4f, 0xbf, 0xbe, 0xcd, 0xe4, 0xf6, 0x57, 0x8e, 0xcf, 0x1f, 0x72, 0x3f, 0xff, 0xff, 0x00,
    0x06, 0x28, 0xe0, 0x80, 0x04, 0x16, 0x68, 0xe0, 0x81, 0x08, 0x26, 0xa8, 0xe0, 0x82, 0x0c, 0x36,
    0xe8, 0xe0, 0x83, 0xf6, 0xf9, 0x07, 0xa1, 0x41, 0x12, 0x4e, 0x28, 0x13, 0x7e, 0x84, 0x05, 0x04,
    0x00, 0x21, 0xf9, 0x04, 0x01, 0x03, 0x00, 0x02, 0x00, 0x2c, 0x60, 0x00, 0xbe, 0x00, 0xe4, 0x00,
    0x69, 0x00, 0x81, 0x00, 0x00, 0x00, 0xff, 0xff, 0xff, 0x00, 0x00, 0x00, 0x00, 0x00, 0x00, 0x08,
    0xff, 0x00, 0x05, 0x08, 0x1c, 0x48, 0xb0, 0xa0, 0xc1, 0x83, 0x04, 0x01, 0x28, 0x44, 0xc8, 0xb0,
    0xa1, 0xc3, 0x87, 0x10, 0x23, 0x4a, 0x9c, 0x48, 0xb1, 0xa2, 0xc5, 0x8b, 0x18, 0x33, 0x2a, 0x04,
    0x90, 0xb1, 0xa3, 0xc7, 0x8f, 0x20, 0x43, 0x8a, 0x1c, 0x89, 0x71, 0x23, 0xc9, 0x93, 0x28, 0x53,
    0xaa, 0x5c, 0xc9, 0xb2, 0xa5, 0xcb, 0x97, 0x0e, 0x37, 0x72, 0x84, 0x39, 0x50, 0x26, 0xcd, 0x9b,
    0x38, 0x73, 0x1a, 0xb4, 0x89, 0x93, 0xa7, 0xce, 0x9f, 0x40, 0x59, 0xfa, 0xa4, 0x39, 0x34, 0xa8,
    0xd1, 0xa3, 0x48, 0x93, 0x2a, 0x5d, 0xca, 0xb4, 0xa9, 0xd3, 0xa7, 0x50, 0xa3, 0x4a, 0x9d, 0x4a,
    0xb5, 0xaa, 0xd5, 0xab, 0x58, 0xb3, 0x6a, 0xdd, 0x7a, 0xd1, 0x24, 0xd7, 0xaf, 0x60, 0x11, 0x7a,
    0x0d, 0x4b, 0x36, 0xec, 0xd8, 0xb2, 0x68, 0xb5, 0x9e, 0x4d, 0xcb, 0xb6, 0xad, 0xdb, 0xb7, 0x70,
    0xe3, 0xca, 0x9d, 0x4b, 0xb7, 0xae, 0xdd, 0xbb, 0x2a, 0xd7, 0xe2, 0xdd, 0xdb, 0x52, 0x2f, 0xdf,
    0xbf, 0x28, 0xfd, 0x02, 0x1e, 0x4c, 0xb8, 0xb0, 0xe1, 0xc3, 0x88, 0x13, 0x2b, 0x5e, 0xcc, 0xb8,
    0xb1, 0xe3, 0xc7, 0x90, 0x23, 0x4b, 0x9e, 0x4c, 0xb9, 0xb2, 0xe5, 0xcb, 0x98, 0xa9, 0x16, 0xcd,
    0x8c, 0x78, 0x33, 0x67, 0xc3, 0x9e, 0x3f, 0x8b, 0x1e, 0x4d, 0xba, 0xb4, 0xe9, 0xd3, 0x30, 0x03,
    0xa8, 0x0e, 0x80, 0x9a, 0xf0, 0x6a, 0xd6, 0xad, 0x01, 0xbf, 0x8e, 0x4d, 0xbb, 0xb6, 0xed, 0xdb,
    0xb8, 0x93, 0x0a, 0xce, 0xfd, 0x76, 0x37, 0xef, 0xb6, 0xbe, 0x7f, 0xa7, 0x0d, 0x2e, 0xbc, 0xec,
    0xea, 0xe2, 0x73, 0x8f, 0x23, 0x8f, 0xab, 0x7c, 0xb9, 0xf3, 0x83, 0xa1, 0x9f, 0x83, 0x8d, 0x2e,
    0x9d, 0x2b, 0xf5, 0xea, 0xd8, 0xb3, 0x6b, 0xdf, 0xce, 0xbd, 0xbb, 0xf7, 0xef, 0xe0, 0xbb, 0x2e,
    0x71, 0x0c, 0xaf, 0x76, 0x3c, 0x79, 0xac, 0xc4, 0xcf, 0x37, 0x4d, 0xaf, 0x7e, 0x29, 0xfb, 0xf6,
    0xba, 0xcd, 0xc3, 0x9f, 0xfa, 0x7e, 0xbe, 0xd1, 0xe6, 0xf6, 0xa3, 0xe2, 0xcf, 0xff, 0x74, 0x3f,
    0xff, 0xa6, 0xfe, 0xfd, 0xb7, 0x54, 0x80, 0x02, 0x26, 0x45, 0x60, 0x81, 0x08, 0x26, 0xa8, 0xe0,
    0x82, 0x0c, 0x36, 0xe8, 0xe0, 0x83, 0x10, 0x0a, 0x54, 0x5f, 0x84, 0x81, 0xc9, 0x47, 0x61, 0x4f,
    0x16, 0x5e, 0xa8, 0xa1, 0x44, 0x13, 0x6e, 0x18, 0x52, 0x87, 0x1e, 0x7e, 0x04, 0x62, 0x88, 0x24,
    0x96, 0x68, 0xe2, 0x89, 0x28, 0xa6, 0xa8, 0xe2, 0x8a, 0x2c, 0xb6, 0xe8, 0xe2, 0x8b, 0x30, 0xc6,
    0x28, 0xe3, 0x8c, 0x34, 0xd6, 0x18, 0xd9, 0x88, 0x36, 0xd6, 0x94, 0x61, 0x8e, 0x13, 0xe1, 0x28,
    0x57, 0x40, 0x00, 0x21, 0xf9, 0x04, 0x01, 0x03, 0x00, 0x02, 0x00, 0x2c, 0x5d, 0x00, 0xd1, 0x00,
    0xe7, 0x00, 0x56, 0x00, 0x81, 0x00, 0x00, 0x00, 0xff, 0xff, 0xff, 0x00, 0x00, 0x00, 0x00, 0x00,
    0x00, 0x08, 0xff, 0x00, 0x03, 0x08, 0x14, 0x40, 0xb0, 0xa0, 0xc1, 0x83, 0x08, 0x13, 0x2a, 0x5c,
    0xc8, 0xb0, 0xa1, 0xc3, 0x87, 0x10, 0x23, 0x4a, 0x9c, 0x48, 0xb1, 0xa2, 0xc5, 0x86, 0x02, 0x03,
    0x18, 0xcc, 0x78, 0xb1, 0xa3, 0xc7, 0x8f, 0x20, 0x43, 0x8a, 0x1c, 0x09, 0x92, 0x63, 0x41, 0x93,
    0x24, 0x53, 0xaa, 0x5c, 0xc9, 0xb2, 0x65, 0x4a, 0x94, 0x2e, 0x63, 0xca, 0x9c, 0x49, 0xb3, 0xa6,
    0xcd, 0x9b, 0x38, 0x73, 0xea, 0xdc, 0xc9, 0xb3, 0xa7, 0xcf, 0x9f, 0x40, 0x83, 0x0a, 0x1d, 0x4a,
    0xb4, 0xa8, 0xd1, 0xa3, 0x48, 0x93, 0x2a, 0x5d, 0xca, 0xb4, 0xa9, 0xd3, 0xa7, 0x50, 0xa3, 0x4a,
    0x9d, 0x4a, 0xb5, 0xaa, 0xd5, 0xab, 0x58, 0xb3, 0x6a, 0xdd, 0xca, 0xb5, 0xab, 0xd7, 0xaf, 0x60,
    0xc3, 0x8a, 0x1d, 0x4b, 0xb6, 0xac, 0xd9, 0xb3, 0x68, 0xd3, 0xaa, 0x5d, 0x3b, 0x14, 0x80, 0x5b,
    0x00, 0x6c, 0xe3, 0xc6, 0x7c, 0x0b, 0x57, 0xae, 0x5d, 0x95, 0x74, 0xef, 0xea, 0xdd, 0xcb, 0xb7,
    0xaf, 0xdf, 0xbf, 0x80, 0x03, 0x0b, 0x1e, 0x4c, 0xb8, 0xb0, 0xe1, 0xc3, 0x88, 0xad, 0xbe, 0x4d,
    0x7c, 0x78, 0x31, 0xe3, 0xc2, 0x8e, 0x1f, 0x4b, 0x3e, 0x9a, 0x51, 0xe3, 0xe4, 0xc0, 0x95, 0x2f,
    0x63, 0x86, 0xa9, 0xb9, 0xb3, 0xe7, 0xcf, 0xa0, 0x43, 0x8b, 0x1e, 0x4d, 0xba, 0xb4, 0xe9, 0xd3,
    0xa8, 0x53, 0xab, 0x5e, 0xcd, 0xba, 0xb5, 0x6a, 0xce, 0xae, 0xc3, 0xc2, 0x8e, 0xfd, 0x75, 0x36,
    0xed, 0xae, 0x91, 0x6f, 0x83, 0xcd, 0xad, 0xdb, 0x2b, 0xef, 0xde, 0x5c, 0x7f, 0x03, 0xd7, 0x2a,
    0x7c, 0x38, 0xd6, 0xe2, 0xc6, 0x93, 0x2b, 0x5f, 0xce, 0xbc, 0xb9, 0xf3, 0xe7, 0x02, 0x6c, 0x43,
    0x77, 0x2a, 0x7d, 0x3a, 0xd3, 0xea, 0x4a, 0xb1, 0x5b, 0x4f, 0xaa, 0x7d, 0x3b, 0xe5, 0x81, 0xde,
    0xc3, 0x27, 0x4d, 0xec, 0x4e, 0x93, 0xbc, 0x77, 0xf3, 0x32, 0xd1, 0x5b, 0x57, 0xef, 0x92, 0xbd,
    0x50, 0xf7, 0xa6, 0x33, 0x5b, 0x85, 0x5f, 0x5a, 0x7e, 0x55, 0xfa, 0xa4, 0xed, 0x8b, 0xdf, 0xcf,
    0xbf, 0xbf, 0xff, 0xff, 0x1b, 0x81, 0xe7, 0x1a, 0x7e, 0x4b, 0x11, 0x28, 0x99, 0x81, 0xdc, 0x09,
    0xd8, 0x1a, 0x82, 0x00, 0x36, 0xe8, 0xe0, 0x83, 0xdb, 0x31, 0x08, 0xa1, 0x4a, 0x12, 0x4e, 0x48,
    0x52, 0x85, 0x16, 0x52, 0x84, 0x61, 0x86, 0x25, 0x29, 0xc8, 0xa1, 0x4f, 0x1b, 0x66, 0x15, 0x10,
    0x00, 0x21, 0xf9, 0x04, 0x01, 0x03, 0x00, 0x02, 0x00, 0x2c, 0x5d, 0x00, 0xd1, 0x00, 0xe7, 0x00,
    0x53, 0x00, 0x81, 0x00, 0x00, 0x00, 0xff, 0xff, 0xff, 0x00, 0x00, 0x00, 0x00, 0x00, 0x00, 0x08,
    0xff, 0x00, 0x01, 0x08, 0x14, 0x40, 0xb0, 0xa0, 0xc1, 0x83, 0x08, 0x13, 0x2a, 0x5c, 0xc8, 0xb0,
    0xa1, 0xc3, 0x87, 0x10, 0x23, 0x4a, 0x9c, 0x48, 0xb1, 0xa2, 0xc5, 0x86, 0x02, 0x01, 0x18, 0xcc,
    0x78, 0xb1, 0xa3, 0xc7, 0x8f, 0x20, 0x43, 0x8a, 0x1c, 0x09, 0x92, 0x63, 0x41, 0x93, 0x24, 0x53,
    0xaa, 0x5c, 0xc9, 0xb2, 0x65, 0x4a, 0x94, 0x2e, 0x63, 0xca, 0x9c, 0x49, 0xb3, 0xa6, 0xcd, 0x9b,
    0x38, 0x73, 0xea, 0xdc, 0xc9, 0xb3, 0xa7, 0xcf, 0x9f, 0x40, 0x83, 0x0a, 0x1d, 0x4a, 0xb4, 0xa8,
    0xd1, 0xa3, 0x48, 0x93, 0x2a, 0x5d, 0xca, 0xb4, 0xa9, 0xd3, 0xa7, 0x50, 0xa3, 0x4a, 0x9d, 0x4a,
    0xb5, 0xaa, 0xd5, 0xab, 0x58, 0xb3, 0x6a, 0xdd, 0xca, 0xb5, 0xab, 0xd7, 0xaf, 0x60, 0xc3, 0x8a,
    0x1d, 0x4b, 0xb6, 0xac, 0xd9, 0xb3, 0x68, 0xd3, 0xaa, 0x5d, 0x3b, 0x34, 0x80, 0xdb, 0x00, 0x6c,
    0xe3, 0xc6, 0x7c, 0x0b, 0x57, 0xae, 0x5d, 0x95, 0x74, 0xef, 0xea, 0xdd, 0xcb, 0xb7, 0xaf, 0xdf,
    0xbf, 0x80, 0x59, 0xbe, 0x0d, 0x4c, 0xf8, 0xe1, 0xe0, 0xc2, 0x88, 0x15, 0x1e, 0x4e, 0xcc, 0xb8,
    0xe0, 0xe2, 0xc6, 0x8c, 0x1f, 0x43, 0x46, 0x2c, 0x79, 0x32, 0xe1, 0xca, 0x96, 0x01, 0x63, 0xce,
    0xec, 0x77, 0x33, 0x67, 0xbe, 0x9e, 0x3f, 0x8b, 0x1e, 0x4d, 0xba, 0xb4, 0xe9, 0xd3, 0xa8, 0x53,
    0xab, 0x5e, 0xcd, 0x3a, 0x71, 0xe8, 0xd6, 0x64, 0x5f, 0xc3, 0x16, 0x2b, 0x7b, 0x36, 0xd8, 0xda,
    0xb6, 0x73, 0xeb, 0xde, 0xcd, 0xbb, 0xb7, 0xef, 0xdf, 0xc0, 0x83, 0x0b, 0x1f, 0x4e, 0xbc, 0xb8,
    0xf1, 0xe3, 0xc8, 0x93, 0x2b, 0x5f, 0xce, 0xbc, 0xf9, 0xc3, 0x8c, 0x1a, 0xbf, 0xc2, 0xdc, 0x0d,
    0x1d, 0xec, 0x74, 0xdd, 0xd5, 0xa5, 0x0f, 0x74, 0xce, 0xbd, 0xbb, 0xf7, 0xef, 0xe0, 0xc3, 0x8b,
    0x30, 0x1f, 0x4f, 0x5e, 0x40, 0xf6, 0xf2, 0x48, 0xcf, 0xa3, 0x37, 0xaa, 0x7e, 0xbd, 0xfb, 0xf7,
    0xf0, 0xe3, 0xdb, 0xbe, 0x9e, 0x9b, 0xbe, 0x56, 0xfb, 0xb3, 0xf1, 0x63, 0xd5, 0xdf, 0x9a, 0xbf,
    0xfc, 0xff, 0x00, 0x06, 0x68, 0x9c, 0x7f, 0x02, 0xd2, 0x44, 0x60, 0x81, 0x32, 0x1d, 0x08, 0x56,
    0x40, 0x00, 0x21, 0xf9, 0x04, 0x01, 0x03, 0x00, 0x02, 0x00, 0x2c, 0x60, 0x00, 0xca, 0x00, 0xe4,
    0x00, 0x3a, 0x00, 0x81, 0x00, 0x00, 0x00, 0xff, 0xff, 0xff, 0x00, 0x00, 0x00, 0x00, 0x00, 0x00,
    0x08, 0xdb, 0x00, 0x03, 0x08, 0x14, 0x40, 0xb0, 0xa0, 0xc1, 0x83, 0x08, 0x13, 0x2a, 0x5c, 0xc8,
    0xb0, 0xa1, 0xc3, 0x87, 0x10, 0x23, 0x4a, 0x9c, 0x48, 0xb1, 0xa2, 0xc5, 0x88, 0x02, 0x03, 0x5c,
    0xdc, 0xc8, 0xb1, 0xa3, 0xc7, 0x8f, 0x20, 0x43, 0x8a, 0xcc, 0x28, 0xb2, 0xa4, 0xc9, 0x93, 0x28,
    0x53, 0xaa, 0x14, 0x40, 0x72, 0xa5, 0xcb, 0x97, 0x30, 0x63, 0xca, 0x9c, 0x49, 0xb3, 0xa6, 0xcd,
    0x9b, 0x38, 0x73, 0xea, 0xdc, 0xc9, 0xb3, 0xa7, 0xcf, 0x9f, 0x40, 0x83, 0x0a, 0x1d, 0x9a, 0xb3,
    0x25, 0xd1, 0xa3, 0x48, 0x69, 0x1a, 0x4d, 0xca, 0xb4, 0x29, 0xca, 0xa5, 0x4e, 0xa3, 0x4a, 0x9d,
    0x4a, 0xb5, 0xaa, 0xd5, 0xab, 0x58, 0xb3, 0x6a, 0xdd, 0xca, 0xb5, 0xab, 0xd7, 0xaf, 0x60, 0xc3,
    0x8a, 0x1d, 0x4b, 0xb6, 0xac, 0xd9, 0xb3, 0x68, 0xd3, 0xaa, 0x5d, 0xcb, 0xb6, 0xad, 0xdb, 0xb7,
    0x70, 0xe3, 0xca, 0x9d, 0x4b, 0xb7, 0xae, 0xdd, 0xbb, 0x78, 0xf3, 0xea, 0xdd, 0x1b, 0x15, 0x80,
    0x5f, 0x00, 0x7c, 0x03, 0x1f, 0xfc, 0x0b, 0x58, 0xb0, 0x61, 0xc2, 0x86, 0x13, 0x2b, 0x5e, 0xcc,
    0xb8, 0xb1, 0xe3, 0xc7, 0x90, 0x23, 0x4b, 0x9e, 0x4c, 0xb9, 0x72, 0xdb, 0xbf, 0x96, 0xe5, 0x62,
    0xce, 0x0c, 0x77, 0x33, 0xe7, 0xcf, 0xa0, 0x43, 0x8b, 0x1e, 0x4d, 0xba, 0xb4, 0xe9, 0xd3, 0xa8,
    0x53, 0xab, 0x5e, 0xcd, 0xba, 0xb5, 0xeb, 0xd7, 0xb0, 0x63, 0xcb, 0x9e, 0x4d, 0xbb, 0xb6, 0xed,
    0xdb, 0xb8, 0x39, 0x43, 0xcd, 0xed, 0x74, 0x37, 0x6f, 0xa6, 0x4b, 0x03, 0x02, 0x00, 0x21, 0xf9,
    0x04, 0x01, 0x03, 0x00, 0x02, 0x00, 0x2c, 0x5d, 0x00, 0xf1, 0x00, 0xa6, 0x00, 0x23, 0x00, 0x81,
    0x00, 0x00, 0x00, 0xff, 0xff, 0xff, 0x00, 0x00, 0x00, 0x00, 0x00, 0x00, 0x08, 0x97, 0x00, 0x05,
    0x08, 0x1c, 0x48, 0xb0, 0xa0, 0xc1, 0x83, 0x08, 0x13, 0x2a, 0x5c, 0xc8, 0xb0, 0xa1, 0xc3, 0x87,
    0x10, 0x23, 0x1e, 0x04, 0x40, 0x51, 0xa2, 0xc5, 0x8b, 0x18, 0x33, 0x6a, 0xdc, 0x08, 0x91, 0x22,
    0x00, 0x8e, 0x20, 0x43, 0x8a, 0x1c, 0x29, 0xd2, 0x23, 0xc9, 0x93, 0x28, 0x53, 0xaa, 0x5c, 0xc9,
    0xb2, 0xa5, 0xcb, 0x97, 0x30, 0x63, 0xca, 0x9c, 0x49, 0xb3, 0xa6, 0xcd, 0x9b, 0x38, 0x73, 0xea,
    0xdc, 0xc9, 0xb3, 0xa7, 0xcf, 0x9f, 0x40, 0x83, 0x0a, 0x1d, 0x4a, 0xb4, 0xa8, 0xd1, 0xa3, 0x48,
    0x93, 0x2a, 0x5d, 0xca, 0xb4, 0xa9, 0xd3, 0xa7, 0x30, 0x4d, 0x42, 0x9d, 0x1a, 0x51, 0x2a, 0xd5,
    0xab, 0x0c, 0xad, 0x62, 0xdd, 0xca, 0xb5, 0xab, 0xd7, 0xaf, 0x60, 0xc3, 0x8a, 0x1d, 0x4b, 0xb6,
    0xac, 0xd9, 0xb3, 0x68, 0xd3, 0xaa, 0x15, 0x19, 0xa0, 0x6d, 0x80, 0xb5, 0x4d, 0xdd, 0xbe, 0x85,
    0xbb, 0x54, 0x2e, 0xdd, 0xbb, 0x78, 0xf3, 0xea, 0xdd, 0xcb, 0x77, 0xa0, 0xd6, 0xbe, 0x41, 0xff,
    0x02, 0xfe, 0xe9, 0x31, 0x20, 0x00, 0x21, 0xf9, 0x04, 0x01, 0x03, 0x00, 0x02, 0x00, 0x2c, 0x5d,
    0x00, 0xca, 0x00, 0xe7, 0x00, 0x4a, 0x00, 0x81, 0x00, 0x00, 0x00, 0xff, 0xff, 0xff, 0x00, 0x00,
    0x00, 0x00, 0x00, 0x00, 0x08, 0xfc, 0x00, 0x05, 0x08, 0x04, 0x40, 0x50, 0xa0, 0xc1, 0x83, 0x08,
    0x13, 0x2a, 0x5c, 0xc8, 0xb0, 0xa1, 0xc3, 0x87, 0x10, 0x23, 0x4a, 0x9c, 0x48, 0xb1, 0xa2, 0xc5,
    0x8b, 0x16, 0x09, 0x02, 0xc0, 0xc8, 0xb1, 0xa3, 0xc7, 0x8f, 0x20, 0x43, 0x8a, 0x1c, 0x69, 0x50,
    0x23, 0xc9, 0x93, 0x28, 0x53, 0xaa, 0x5c, 0x99, 0xd2, 0x24, 0xcb, 0x97, 0x30, 0x63, 0xca, 0x9c,
    0x49, 0xb3, 0xa6, 0xcd, 0x9b, 0x38, 0x73, 0xea, 0xdc, 0xc9, 0xb3, 0xa7, 0xcf, 0x9f, 0x40, 0x83,
    0x2a, 0x0c, 0x40, 0x54, 0xa8, 0xd1, 0xa3, 0x46, 0x89, 0x06, 0x40, 0xca, 0xb4, 0xa9, 0x4e, 0xa5,
    0x4e, 0xa3, 0x4a, 0x9d, 0x4a, 0xb5, 0xaa, 0xd5, 0xab, 0x58, 0xb3, 0x6a, 0xdd, 0xca, 0xb5, 0xab,
    0xd7, 0xaf, 0x60, 0xc3, 0x8a, 0x1d, 0x4b, 0xb6, 0xac, 0xd9, 0xb3, 0x68, 0xd3, 0xaa, 0x5d, 0xcb,
    0xb6, 0xad, 0xdb, 0xb7, 0x70, 0xe3, 0xca, 0x9d, 0x4b, 0xb7, 0xae, 0xdd, 0xbb, 0x78, 0xf3, 0xea,
    0xdd, 0xcb, 0xb7, 0xaf, 0xdf, 0xbf, 0x80, 0x03, 0x0b, 0x1e, 0x4c, 0xb8, 0xb0, 0xe1, 0xc3, 0x88,
    0x13, 0x2b, 0xbe, 0xeb, 0x72, 0xf1, 0xde, 0xc6, 0x8e, 0xf3, 0x42, 0x8e, 0xcc, 0xb8, 0x20, 0xe5,
    0xbc, 0x50, 0x2f, 0xe3, 0xcd, 0xac, 0xd9, 0x2e, 0xe7, 0xce, 0xa0, 0x5f, 0x6a, 0xdc, 0x18, 0x7a,
    0xee, 0xe8, 0xd2, 0xa6, 0x27, 0xa3, 0x5e, 0xcd, 0xba, 0xb5, 0xeb, 0xd7, 0xb0, 0x63, 0xcb, 0x9e,
    0x4d, 0xbb, 0xb6, 0xed, 0xdb, 0xb8, 0x73, 0xeb, 0xde, 0xcd, 0xbb, 0xb7, 0xef, 0xdf, 0xc0, 0x83,
    0x0b, 0x1f, 0x4e, 0xbc, 0xb8, 0xf1, 0xe3, 0xc8, 0x93, 0x2b, 0x5f, 0xce, 0xbc, 0xb9, 0xf3, 0xe7,
    0xd0, 0xa3, 0x4b, 0x9f, 0x4e, 0xbd, 0xba, 0xee, 0xcf, 0xd6, 0x77, 0x62, 0xcf, 0x9e, 0x73, 0x3b,
    0xd2, 0x80, 0x00, 0x21, 0xf9, 0x04, 0x01, 0x03, 0x00, 0x02, 0x00, 0x2c, 0x5d, 0x00, 0xde, 0x00,
    0xe7, 0x00, 0x49, 0x00, 0x81, 0x00, 0x00, 0x00, 0xff, 0xff, 0xff, 0x00, 0x00, 0x00, 0x00, 0x00,
    0x00, 0x08, 0xff, 0x00, 0x05, 0x08, 0x1c, 0x48, 0xb0, 0xa0, 0xc1, 0x83, 0x08, 0x13, 0x2a, 0x5c,
    0xc8, 0xb0, 0xa1, 0xc3, 0x87, 0x10, 0x23, 0x4a, 0x9c, 0x48, 0x31, 0x62, 0x80, 0x8b, 0x01, 0x2a,
    0x6a, 0xdc, 0xc8, 0xb1, 0xa3, 0xc7, 0x8f, 0x20, 0x43, 0x0a, 0xc4, 0x98, 0x51, 0xa4, 0xc9, 0x93,
    0x28, 0x53, 0xaa, 0x34, 0x49, 0x72, 0xa5, 0xcb, 0x97, 0x30, 0x63, 0xca, 0x9c, 0x49, 0xb3, 0xa6,
    0xcd, 0x9b, 0x38, 0x73, 0xea, 0xdc, 0xc9, 0xb3, 0xa7, 0xcf, 0x9f, 0x40, 0x83, 0x0a, 0x1d, 0x4a,
    0xb4, 0xa8, 0xd1, 0xa3, 0x48, 0x93, 0x2a, 0x5d, 0xca, 0xb4, 0xa9, 0xd3, 0xa7, 0x50, 0xa3, 0x4a,
    0x9d, 0x4a, 0x75, 0x22, 0xc6, 0xaa, 0x58, 0xa9, 0x5e, 0xcd, 0xca, 0xf5, 0xe9, 0xd6, 0xae, 0x60,
    0x95, 0x7e, 0x0d, 0x4b, 0xb6, 0xac, 0xd9, 0xb3, 0x68, 0xd3, 0xaa, 0x5d, 0xcb, 0xd6, 0xe7, 0xd8,
    0xa2, 0x2d, 0xdb, 0x32, 0x7d, 0x4b, 0x34, 0xae, 0x5c, 0xb1, 0x17, 0x93, 0xda, 0xbd, 0xcb, 0xb7,
    0xaf, 0xdf, 0xbf, 0x80, 0x03, 0x0b, 0x1e, 0x4c, 0xb8, 0xb0, 0xe1, 0xc3, 0x88, 0x13, 0x2b, 0x5e,
    0xcc, 0xb8, 0xb1, 0xe3, 0xc7, 0x90, 0x23, 0x4b, 0x9e, 0x4c, 0xb9, 0x32, 0x63, 0xba, 0x96, 0x05,
    0x63, 0xce, 0x0c, 0x78, 0x33, 0xe7, 0xcf, 0xa0, 0x43, 0x8b, 0x1e, 0x4d, 0xba, 0xb4, 0xe9, 0xd3,
    0xa8, 0x53, 0xab, 0x5e, 0xcd, 0xba, 0xb5, 0xeb, 0xd7, 0xb0, 0x63, 0xcb, 0x9e, 0x4d, 0xbb, 0xb6,
    0xed, 0x85, 0x00, 0x72, 0xdf, 0xee, 0x9a, 0x1b, 0xc0, 0x6e, 0xae, 0xbd, 0x7f, 0x0b, 0x1f, 0x4e,
    0xbc, 0xb8, 0xf1, 0xe3, 0xc8, 0x93, 0x2b, 0x5f, 0xce, 0xbc, 0xb9, 0xf3, 0xe7, 0xd0, 0xa3, 0x4b,
    0x9f, 0x4e, 0xbd, 0xba, 0xf5, 0xeb, 0xcb, 0x7b, 0xfb, 0xc6, 0xee, 0x53, 0x3b, 0xf7, 0xee, 0xc1,
    0x3f, 0x07, 0x01, 0x04, 0x00, 0x21, 0xf9, 0x04, 0x01, 0x03, 0x00, 0x02, 0x00, 0x2c, 0x5d, 0x00,
    0xbe, 0x00, 0xe7, 0x00, 0x69, 0x00, 0x81, 0x00, 0x00, 0x00, 0xff, 0xff, 0xff, 0x00, 0x00, 0x00,
    0x00, 0x00, 0x00, 0x08, 0xff, 0x00, 0x05, 0x08, 0x1c, 0x48, 0xb0, 0xa0, 0xc1, 0x82, 0x01, 0x12,
    0x2a, 0x5c, 0xc8, 0x70, 0xe1, 0xc1, 0x87, 0x10, 0x23, 0x4a, 0x9c, 0x48, 0xb1, 0xa2, 0xc5, 0x8b,
    0x14, 0x15, 0x62, 0xdc, 0xc8, 0xb1, 0xe3, 0xc1, 0x86, 0x20, 0x1b, 0x7a, 0x1c, 0x49, 0xb2, 0xa4,
    0xc9, 0x8c, 0x09, 0x4f, 0xaa, 0x5c, 0x19, 0xb2, 0x65, 0xca, 0x95, 0x30, 0x63, 0xca, 0x84, 0xa8,
    0x71, 0xa6, 0x4d, 0x81, 0x35, 0x6f, 0xea, 0xdc, 0xc9, 0xd3, 0xa0, 0xc3, 0x9e, 0x08, 0x73, 0x92,
    0x14, 0x0a, 0xb4, 0xa8, 0xd1, 0x93, 0x3f, 0x8f, 0x26, 0x1d, 0xfa, 0xf2, 0xa8, 0xd3, 0xa7, 0x1c,
    0x97, 0x16, 0x95, 0x0a, 0xb5, 0xaa, 0xd5, 0xab, 0x53, 0x9b, 0x62, 0xdd, 0xca, 0xb5, 0x2b, 0xd3,
    0x00, 0x5e, 0xc3, 0x8a, 0x1d, 0x1b, 0x91, 0x28, 0xd9, 0xb3, 0x68, 0xd3, 0xaa, 0x5d, 0xcb, 0xb6,
    0xad, 0xdb, 0xb7, 0x70, 0xa3, 0x6a, 0x8d, 0x4b, 0xb7, 0x2e, 0x46, 0xb3, 0x76, 0xf3, 0xea, 0xf5,
    0x39, 0x77, 0xaf, 0xdf, 0xbd, 0x78, 0xff, 0x0a, 0x1e, 0x4c, 0xb8, 0xb0, 0xe1, 0xc3, 0x88, 0x13,
    0x2b, 0x5e, 0xcc, 0xb8, 0xb1, 0xe3, 0xc7, 0x90, 0x23, 0x4b, 0x9e, 0x4c, 0xb9, 0xb2, 0xe5, 0xcb,
    0x98, 0x33, 0x6b, 0xde, 0xcc, 0xb9, 0xb3, 0xe7, 0xcf, 0xa0, 0x43, 0x8b, 0x1e, 0x4d, 0xba, 0xb4,
    0xe9, 0xd3, 0xa8, 0x53, 0xab, 0x6e, 0x0c, 0xa0, 0x35, 0x80, 0xd5, 0xa2, 0x5d, 0xbf, 0x86, 0x0d,
    0x5a, 0x36, 0xed, 0xdb, 0xb8, 0x73, 0xeb, 0xde, 0xcd, 0x1b, 0x2d, 0xd5, 0xde, 0x93, 0x7f, 0x03,
    0x8f, 0x2c, 0x7c, 0xb8, 0xf1, 0xe3, 0xc8, 0x93, 0x2b, 0x1f, 0xeb, 0x7a, 0xb9, 0xe4, 0xe6, 0xce,
    0x21, 0x43, 0x8f, 0xee, 0x78, 0x3a, 0xf5, 0xeb, 0xd8, 0xb3, 0x6b, 0xdf, 0xee, 0xd7, 0x3a, 0xf7,
    0xc2, 0xde, 0xbf, 0x0f, 0x6e, 0x0e, 0x2f, 0xbe, 0xbc, 0xf9, 0xf3, 0xe8, 0xd3, 0xab, 0x5f, 0xcf,
    0xbe, 0x3d, 0x67, 0xf2, 0xee, 0xdd, 0xc2, 0x8f, 0xcf, 0x76, 0x3e, 0x7d, 0xb5, 0xf6, 0xef, 0xa3,
    0xcd, 0xaf, 0x9f, 0x2c, 0xff, 0xfe, 0x62, 0xfd, 0x17, 0x60, 0x6b, 0x00, 0xbe, 0x25, 0x60, 0x81,
    0x5c, 0x1d, 0x88, 0xe0, 0x82, 0x0c, 0x36, 0xe8, 0xe0, 0x83, 0x10, 0x46, 0x28, 0xe1, 0x84, 0x14,
    0x56, 0x68, 0xe1, 0x85, 0x18, 0x66, 0xa8, 0xe1, 0x86, 0x1c, 0x76, 0xe8, 0xe1, 0x87, 0x20, 0x86,
    0x28, 0xe2, 0x88, 0x24, 0x96, 0x68, 0xe2, 0x89, 0x28, 0xa6, 0xa8, 0xe2, 0x8a, 0x2c, 0xb6, 0xe8,
    0xe2, 0x8b, 0x30, 0xc6, 0x28, 0x63, 0x87, 0x0a, 0xce, 0x78, 0x50, 0x8d, 0x36, 0x16, 0x84, 0x63,
    0x63, 0x01, 0x01, 0x00, 0x21, 0xf9, 0x04, 0x01, 0x03, 0x00, 0x02, 0x00, 0x2c, 0x77, 0x00, 0xbe,
    0x00, 0xcd, 0x00, 0x69, 0x00, 0x81, 0x00, 0x00, 0x00, 0xff, 0xff, 0xff, 0x00, 0x00, 0x00, 0x00,
    0x00, 0x00, 0x08, 0xff, 0x00, 0x01, 0x08, 0x1c, 0x38, 0x50, 0x80, 0x41, 0x82, 0x05, 0x0d, 0x2a,
    0x5c, 0xc8, 0xb0, 0xa1, 0xc3, 0x87, 0x10, 0x23, 0x4a, 0x9c, 0x48, 0xb1, 0xa2, 0xc5, 0x8b, 0x18,
    0x33, 0x5a, 0x44, 0x48, 0x50, 0x21, 0x47, 0x00, 0x1a, 0x43, 0x8a, 0x1c, 0x49, 0xb2, 0xa4, 0xc9,
    0x93, 0x0d, 0x3f, 0x0a, 0xf4, 0xc8, 0x11, 0xa5, 0xcb, 0x97, 0x30, 0x63, 0xca, 0x9c, 0x49, 0xb3,
    0xa6, 0xcd, 0x9b, 0x38, 0x73, 0xea, 0xdc, 0xc9, 0xb3, 0xa7, 0xcf, 0x9f, 0x40, 0x83, 0x0a, 0x1d,
    0x4a, 0xb4, 0xa8, 0xd1, 0xa3, 0x48, 0x93, 0x2a, 0x5d, 0xca, 0xb4, 0xa9, 0xd3, 0xa7, 0x50, 0xa3,
    0x4a, 0x9d, 0x4a, 0xb5, 0xaa, 0xd5, 0xab, 0x58, 0xb3, 0x6a, 0xdd, 0xca, 0xb5, 0xab, 0xd7, 0xaf,
    0x60, 0xc3, 0x8a, 0x1d, 0x4b, 0xb6, 0xac, 0xd9, 0xb3, 0x68, 0xd3, 0xaa, 0x5d, 0xcb, 0xb6, 0xad,
    0xdb, 0xb7, 0x70, 0xe3, 0xca, 0x9d, 0x4b, 0xb7, 0xae, 0xdd, 0xbb, 0x78, 0xf3, 0xea, 0xdd, 0xcb,
    0xb7, 0xaf, 0xdf, 0xbf, 0x80, 0x03, 0x0b, 0x1e, 0x4c, 0xb8, 0xb0, 0xe1, 0xc3, 0x88, 0x13, 0x2b,
    0x5e, 0xcc, 0xb8, 0xb1, 0xe3, 0xc7, 0x38, 0x3b, 0x42, 0xe6, 0x2a, 0x79, 0xb2, 0xd6, 0xca, 0x96,
    0x33, 0x6b, 0xde, 0xcc, 0xb9, 0xb3, 0xe7, 0xcf, 0xa0, 0x43, 0x8b, 0xce, 0x9b, 0x70, 0xf4, 0xd3,
    0xd2, 0xa6, 0x9b, 0xa2, 0x4e, 0xcd, 0xba, 0xb5, 0xeb, 0xd7, 0xb0, 0x63, 0xcb, 0x9e, 0x4d, 0xbb,
    0xb6, 0xed, 0xdb, 0xb8, 0x73, 0xeb, 0xde, 0xcd, 0xbb, 0xb7, 0xef, 0xdf, 0xc0, 0x5f, 0x07, 0x18,
    0x1e, 0x3c, 0xe7, 0xf0, 0x00, 0xc5, 0x71, 0x1e, 0x4f, 0xce, 0xbc, 0xb9, 0xf3, 0xe7, 0xd0, 0xa3,
    0x4b, 0x9f, 0x4e, 0xbd, 0xba, 0xf5, 0xeb, 0xd8, 0xb3, 0x6b, 0xdf, 0xce, 0xbd, 0x3b, 0x77, 0xcc,
    0xde, 0x29, 0x82, 0x1d, 0x0f, 0x2f, 0x71, 0x3c, 0xf9, 0xf3, 0xe8, 0xd3, 0xab, 0x5f, 0xcf, 0xbe,
    0xbd, 0xfb, 0xf7, 0xf0, 0xe3, 0xcb, 0x9f, 0xbf, 0x77, 0x75, 0x7c, 0xfb, 0xf0, 0xf1, 0x17, 0x0e,
    0x08, 0x00, 0x21, 0xf9, 0x04, 0x01, 0x03, 0x00, 0x02, 0x00, 0x2c, 0x6a, 0x00, 0xbe, 0x00, 0xda,
    0x00, 0x69, 0x00, 0x81, 0x00, 0x00, 0x00, 0xff, 0xff, 0xff, 0x00, 0x00, 0x00, 0x00, 0x00, 0x00,
    0x08, 0xff, 0x00, 0x05, 0x08, 0x1c, 0x48, 0xb0, 0x20, 0xc1, 0x00, 0x08, 0x01, 0x28, 0x34, 0xc8,
    0xb0, 0xa1, 0xc3, 0x87, 0x10, 0x23, 0x4a, 0x9c, 0x48, 0xb1, 0xa2, 0xc5, 0x8b, 0x18, 0x33, 0x5a,
    0x44, 0x18, 0x40, 0x21, 0x00, 0x8d, 0x20, 0x43, 0x8a, 0x1c, 0x49, 0xb2, 0xa4, 0xc9, 0x8a, 0x1c,
    0x3d, 0x9e, 0x5c, 0xc9, 0xb2, 0xa5, 0xcb, 0x97, 0x04, 0x55, 0xc2, 0x9c, 0x49, 0xb3, 0xe6, 0x40,
    0x8f, 0x1f, 0x6d, 0xc6, 0x94, 0x09, 0x91, 0xa7, 0xce, 0x9f, 0x40, 0x45, 0xe2, 0x0c, 0x2a, 0x60,
    0x68, 0x44, 0x9f, 0x44, 0x93, 0x2a, 0xed, 0x89, 0xd4, 0xa6, 0xd1, 0xa5, 0x50, 0xa3, 0x4a, 0x9d,
    0x4a, 0xb5, 0xaa, 0xd5, 0xab, 0x58, 0xb3, 0x6a, 0xdd, 0xca, 0xb5, 0xab, 0xd7, 0xaf, 0x60, 0xc3,
    0x8a, 0x1d, 0x4b, 0xb6, 0xac, 0xd9, 0xb3, 0x68, 0xd3, 0xaa, 0x5d, 0xcb, 0xb6, 0xad, 0xdb, 0xb7,
    0x70, 0xe3, 0xca, 0x9d, 0x4b, 0xb7, 0xae, 0xdd, 0xbb, 0x78, 0xf3, 0xea, 0xdd, 0xcb, 0xb7, 0xaf,
    0xdf, 0xbf, 0x80, 0x03, 0x0b, 0x1e, 0x4c, 0xb8, 0xb0, 0xe1, 0xc3, 0x88, 0x13, 0x2b, 0x5e, 0xcc,
    0xb8, 0xb1, 0xe3, 0xc7, 0x90, 0x23, 0x4b, 0x9e, 0x4c, 0xb9, 0xb2, 0xe5, 0xcb, 0x98, 0x33, 0x6b,
    0xde, 0xcc, 0xb9, 0xb3, 0xe7, 0xcf, 0xa0, 0x49, 0x72, 0x0c, 0x10, 0xba, 0xee, 0xe8, 0xd2, 0x74,
    0x4f, 0xa3, 0x5e, 0xcd, 0xba, 0xb5, 0xeb, 0xd7, 0xb0, 0x63, 0xcb, 0x9e, 0x4d, 0xbb, 0xb6, 0xed,
    0xdb, 0xb8, 0x73, 0xeb, 0x5e, 0xf9, 0x74, 0xf7, 0xd7, 0xde, 0xbe, 0xbb, 0x02, 0x0f, 0x4e, 0xbc,
    0xb8, 0xf1, 0xe3, 0xc8, 0x93, 0x2b, 0x5f, 0xce, 0xbc, 0xb9, 0xf3, 0xe7, 0xd0, 0xa3, 0x4b, 0x9f,
    0x4e, 0xbd, 0xba, 0xf5, 0xeb, 0xd8, 0xb3, 0x6b, 0xdf, 0xce, 0xbd, 0xbb, 0xf7, 0xef, 0xe0, 0xc3,
    0x8b, 0x30, 0x1f, 0x4f, 0xbe, 0x34, 0xc7, 0xf2, 0x2c, 0xcf, 0xa3, 0x3f, 0xa9, 0x7e, 0xbd, 0xfb,
    0xf7, 0xf0, 0xe3, 0xcb, 0x9f, 0x4f, 0xbf, 0xbe, 0xfd, 0xfb, 0xf8, 0xf3, 0xeb, 0xdf, 0xcf, 0xbf,
    0xbf, 0xff, 0xff, 0x00, 0x06, 0xf8, 0x5f, 0x7b, 0x02, 0x16, 0x44, 0x60, 0x81, 0x03, 0x1d, 0x58,
    0x59, 0x40, 0x00, 0x21, 0xf9, 0x04, 0x01, 0x03, 0x00, 0x02, 0x00, 0x2c, 0x7d, 0x00, 0xbe, 0x00,
    0xc7, 0x00, 0x69, 0x00, 0x81, 0x00, 0x00, 0x00, 0xff, 0xff, 0xff, 0x00, 0x00, 0x00, 0x00, 0x00,
    0x00, 0x08, 0xff, 0x00, 0x01, 0x08, 0x0c, 0x40, 0x50, 0x80, 0xc1, 0x83, 0x08, 0x13, 0x2a, 0x5c,
    0xc8, 0xb0, 0xa1, 0xc3, 0x87, 0x10, 0x23, 0x4a, 0x9c, 0x48, 0xb1, 0xa2, 0xc5, 0x8b, 0x07, 0x05,
    0x02, 0x20, 0x18, 0x00, 0xa3, 0xc7, 0x8f, 0x20, 0x43, 0x8a, 0x1c, 0x49, 0x32, 0xa1, 0x46, 0x8e,
    0x25, 0x53, 0xaa, 0x5c, 0xc9, 0xb2, 0xa5, 0xcb, 0x97, 0x30, 0x63, 0xca, 0x9c, 0x49, 0xb3, 0xa6,
    0xcd, 0x9b, 0x38, 0x73, 0xea, 0xdc, 0xc9, 0xb3, 0xa7, 0xcf, 0x9f, 0x40, 0x83, 0x0a, 0x1d, 0x4a,
    0xb4, 0xa8, 0xd1, 0xa3, 0x48, 0x93, 0x2a, 0x5d, 0xca, 0xb4, 0xa9, 0xd3, 0xa7, 0x50, 0xa3, 0x4a,
    0x9d, 0x4a, 0xb5, 0xaa, 0xd5, 0xab, 0x58, 0xb3, 0x6a, 0xdd, 0xca, 0xb5, 0xab, 0xd7, 0xaf, 0x60,
    0xc3, 0x8a, 0x1d, 0x4b, 0xb6, 0xac, 0xd9, 0xb3, 0x68, 0xd3, 0xaa, 0x5d, 0xcb, 0xb6, 0xad, 0xdb,
    0xb7, 0x70, 0xe3, 0xca, 0x9d, 0x4b, 0xb7, 0xae, 0xdd, 0xbb, 0x78, 0xf3, 0xea, 0xdd, 0xcb, 0xb7,
    0xaf, 0xdf, 0xbf, 0x80, 0x03, 0x0b, 0x1e, 0x4c, 0xb8, 0xb0, 0xe1, 0xc3, 0x88, 0x13, 0x2b, 0x5e,
    0xcc, 0xb8, 0xb1, 0xe3, 0xc7, 0x90, 0xb9, 0xa2, 0x8c, 0xac, 0x74, 0x32, 0x65, 0xa4, 0x96, 0x2f,
    0x1b, 0xcd, 0xac, 0xb9, 0xb3, 0xe7, 0xcf, 0xa0, 0x43, 0x8b, 0xe4, 0xd8, 0x51, 0x34, 0x50, 0xd2,
    0xa6, 0x4f, 0x73, 0x4e, 0xcd, 0xba, 0xb5, 0xeb, 0xd7, 0xb0, 0x63, 0xcb, 0x9e, 0x4d, 0xbb, 0xb6,
    0xed, 0xdb, 0xb8, 0x73, 0xeb, 0xde, 0xad, 0x58, 0x23, 0xef, 0x97, 0xbe, 0x7f, 0xb7, 0x0c, 0x2e,
    0xbc, 0xb8, 0xf1, 0xe3, 0xc8, 0x93, 0x2b, 0x5f, 0xce, 0xbc, 0xb9, 0xf3, 0xe7, 0xd0, 0xa3, 0x4b,
    0x9f, 0xbe, 0x97, 0x38, 0x75, 0x89, 0xd6, 0xaf, 0x43, 0xcc, 0xee, 0x92, 0xbb, 0xf6, 0x86, 0xde,
    0xbf, 0x2f, 0x1e, 0x0c, 0x2f, 0xbe, 0xbc, 0xf9, 0xf3, 0xe8, 0xd3, 0xab, 0x5f, 0xcf, 0xbe, 0xbd,
    0xfb, 0xf7, 0xf0, 0xe3, 0x23, 0xe7, 0x4e, 0x7e, 0x3a, 0x7d, 0x81, 0xe8, 0xef, 0x03, 0xe8, 0x1b,
    0x10, 0x00, 0x21, 0xf9, 0x04, 0x01, 0x03, 0x00, 0x02, 0x00, 0x2c, 0x5d, 0x00, 0xbe, 0x00, 0xe7,
    0x00, 0x60, 0x00, 0x81, 0x00, 0x00, 0x00, 0xff, 0xff, 0xff, 0x00, 0x00, 0x00, 0x00, 0x00, 0x00,
    0x08, 0xff, 0x00, 0x05, 0x08, 0x1c, 0x48, 0xb0, 0xa0, 0x41, 0x01, 0x01, 0x12, 0x2a, 0x5c, 0xa8,
    0x70, 0x20, 0x43, 0x86, 0x07, 0x23, 0x4a, 0x9c, 0x48, 0xb1, 0xa2, 0xc5, 0x8b, 0x18, 0x33, 0x6a,
    0xdc, 0xc8, 0xb1, 0x63, 0xc6, 0x87, 0x20, 0x1d, 0x82, 0x4c, 0xe8, 0xb1, 0xa4, 0xc9, 0x93, 0x28,
    0x53, 0xaa, 0x5c, 0x29, 0x71, 0x24, 0x44, 0x81, 0x2e, 0x03, 0xb0, 0x9c, 0x49, 0xb3, 0xa6, 0xcd,
    0x9b, 0x07, 0x1b, 0xe2, 0x84, 0xa9, 0x73, 0xa7, 0x4f, 0x9b, 0x0b, 0x7f, 0x1a, 0x0c, 0x8a, 0xb2,
    0x27, 0x4e, 0xa2, 0x42, 0x93, 0xaa, 0x44, 0xaa, 0x94, 0x69, 0x49, 0xa3, 0x37, 0x9d, 0x2a, 0x9d,
    0xda, 0x51, 0xea, 0x4f, 0xab, 0x54, 0xb3, 0x6a, 0xdd, 0xca, 0xb5, 0xab, 0xd7, 0xaf, 0x60, 0xc3,
    0x8a, 0x1d, 0x4b, 0xb6, 0xac, 0xd9, 0xb3, 0x68, 0xd3, 0xaa, 0x5d, 0xcb, 0xb6, 0xad, 0xdb, 0xb7,
    0x70, 0xe3, 0x5a, 0x84, 0x2a, 0xb7, 0xae, 0xdd, 0xb9, 0x24, 0xef, 0xea, 0xdd, 0x1b, 0x91, 0x2e,
    0xdf, 0xbf, 0x76, 0xfd, 0x02, 0x1e, 0x4c, 0xb8, 0xb0, 0xe1, 0xc3, 0x88, 0x13, 0x2b, 0x5e, 0x8c,
    0x13, 0x80, 0x63, 0xc6, 0x90, 0xc5, 0x3a, 0x06, 0x10, 0xb9, 0xb2, 0xd7, 0xc9, 0x96, 0x33, 0x6b,
    0xde, 0xcc, 0xb9, 0xb3, 0xe7, 0xcf, 0xa0, 0x43, 0x8b, 0x1e, 0x4d, 0xba, 0xb4, 0xe9, 0xd3, 0xa8,
    0x53, 0xab, 0x5e, 0xcd, 0xba, 0xb5, 0xeb, 0xd7, 0xb0, 0x63, 0xcb, 0x9e, 0x4d, 0xbb, 0xb6, 0xed,
    0xdb, 0x5f, 0xb1, 0xe2, 0xee, 0xac, 0x7b, 0xf7, 0xe6, 0xde, 0xbe, 0x83, 0x0b, 0x1f, 0x4e, 0xbc,
    0xb8, 0xf1, 0xe3, 0xc8, 0x93, 0x2b, 0x3f, 0x8d, 0x79, 0xb9, 0xe5, 0xe6, 0xce, 0x23, 0x43, 0x8f,
    0xce, 0x78, 0x3a, 0xf5, 0xeb, 0xd8, 0xb3, 0x6b, 0xdf, 0xce, 0xbd, 0xbb, 0xf7, 0xef, 0xe0, 0xc3,
    0x8b, 0x61, 0x1f, 0x4f, 0xbe, 0xbc, 0xf9, 0xf3, 0xe8, 0xd3, 0xab, 0x5f, 0xcf, 0xbe, 0xbd, 0xfb,
    0xf7, 0xf0, 0xe3, 0xcb, 0x9f, 0x4f, 0xbf, 0xbe, 0xfd, 0xfb, 0xf8, 0xf3, 0xeb, 0xdf, 0xcf, 0xbf,
    0xbf, 0xff, 0xff, 0x00, 0x06, 0x28, 0xe0, 0x80, 0x04, 0x16, 0x68, 0xe0, 0x81, 0x08, 0x26, 0xa8,
    0x20, 0x73, 0xd6, 0x51, 0x25, 0xd8, 0x7c, 0x93, 0x51, 0xc6, 0xd5, 0x83, 0xf2, 0x45, 0xd8, 0x15,
    0x85, 0xf5, 0x35, 0x58, 0xa0, 0x86, 0x29, 0x71, 0x38, 0xa0, 0x87, 0x27, 0x81, 0x18, 0xa0, 0x88,
    0x25, 0x91, 0xf8, 0x9f, 0x89, 0x1d, 0x3e, 0xb6, 0x60, 0x63, 0x2a, 0xae, 0x68, 0x13, 0x8a, 0x2e,
    0x0a, 0x10, 0x10, 0x00, 0x21, 0xf9, 0x04, 0x01, 0x03, 0x00, 0x02, 0x00, 0x2c, 0x73, 0x00, 0xbe,
    0x00, 0x8d, 0x00, 0x59, 0x00, 0x81, 0x00, 0x00, 0x00, 0xff, 0xff, 0xff, 0x00, 0x00, 0x00, 0x00,
    0x00, 0x00, 0x08, 0xdd, 0x00, 0x01, 0x08, 0x1c, 0x08, 0x40, 0x80, 0xc1, 0x83, 0x08, 0x13, 0x2a,
    0x5c, 0xc8, 0xb0, 0xa1, 0xc3, 0x87, 0x10, 0x23, 0x4a, 0x9c, 0x28, 0x91, 0xe0, 0x40, 0x8a, 0x18,
    0x33, 0x6a, 0xdc, 0xc8, 0xb1, 0xa3, 0x00, 0x8b, 0x02, 0x3d, 0x8a, 0x1c, 0x49, 0xb2, 0xa4, 0xc9,
    0x88, 0x04, 0x4f, 0xaa, 0x5c, 0xc9, 0x72, 0x62, 0xca, 0x96, 0x30, 0x63, 0xc2, 0x7c, 0x29, 0xb3,
    0xa6, 0xcd, 0x9b, 0x38, 0x73, 0xea, 0xdc, 0xc9, 0xb3, 0xa7, 0xcf, 0x9f, 0x40, 0x83, 0x0a, 0x1d,
    0x4a, 0xb4, 0xa8, 0xd1, 0xa3, 0x48, 0x47, 0x5e, 0x4c, 0xca, 0xb4, 0xe3, 0xd2, 0xa6, 0x50, 0x31,
    0x3e, 0x8d, 0x4a, 0x15, 0xe2, 0xd4, 0xaa, 0x58, 0xb3, 0x6a, 0xdd, 0xca, 0xb5, 0xab, 0xd7, 0xaf,
    0x60, 0xc3, 0x8a, 0x1d, 0x4b, 0xb6, 0xac, 0xd9, 0xb3, 0x68, 0xd3, 0xaa, 0x5d, 0xcb, 0xb6, 0xad,
    0xdb, 0xb7, 0x70, 0xe3, 0xca, 0x9d, 0x4b, 0xb7, 0xae, 0xdd, 0xbb, 0x78, 0xf3, 0xea, 0xdd, 0xcb,
    0xb7, 0xaf, 0xdf, 0xbf, 0x80, 0x03, 0x0b, 0x1e, 0x4c, 0xb8, 0xb0, 0x61, 0x92, 0x01, 0x12, 0x1f,
    0x2e, 0x99, 0x38, 0xc0, 0x62, 0xc4, 0x8a, 0x1f, 0x8b, 0x6c, 0x2c, 0xb9, 0xb2, 0xe5, 0xcb, 0x98,
    0x33, 0x6b, 0xde, 0xcc, 0xb9, 0xb3, 0xe7, 0xcf, 0xa0, 0x43, 0x8b, 0x1e, 0x4d, 0xba, 0xb4, 0xe9,
    0xd3, 0xa8, 0x53, 0xab, 0x5e, 0xcd, 0xba, 0xb5, 0xeb, 0xd7, 0xb0, 0x63, 0xcb, 0x9e, 0x4d, 0xbb,
    0xb6, 0xed, 0xdb, 0xb8, 0x73, 0xeb, 0xde, 0x9d, 0xf4, 0xea, 0x69, 0xdf, 0xa6, 0x81, 0xd3, 0x0d,
    0x08, 0x00, 0x21, 0xf9, 0x04, 0x01, 0x03, 0x00, 0x02, 0x00, 0x2c, 0x5d, 0x00, 0xd1, 0x00, 0xa3,
    0x00, 0x43, 0x00, 0x81, 0x00, 0x00, 0x00, 0xff, 0xff, 0xff, 0x00, 0x00, 0x00, 0x00, 0x00, 0x00,
    0x08, 0xd5, 0x00, 0x03, 0x08, 0x14, 0x40, 0xb0, 0xa0, 0xc1, 0x83, 0x08, 0x13, 0x2a, 0x5c, 0xc8,
    0xb0, 0xa1, 0xc3, 0x87, 0x10, 0x23, 0x4a, 0x9c, 0x98, 0x50, 0x60, 0x00, 0x8a, 0x18, 0x33, 0x6a,
    0xdc, 0xc8, 0xb1, 0xe3, 0x43, 0x8b, 0x1e, 0x43, 0x8a, 0x1c, 0x49, 0xb2, 0xa4, 0xc9, 0x93, 0x28,
    0x53, 0xaa, 0x5c, 0xc9, 0xb2, 0xa5, 0xcb, 0x97, 0x30, 0x63, 0xca, 0x9c, 0x49, 0xb3, 0xa6, 0xcd,
    0x9b, 0x38, 0x73, 0xea, 0xdc, 0xc9, 0xb3, 0xa7, 0xcf, 0x9f, 0x40, 0x83, 0x0a, 0x1d, 0x4a, 0xb4,
    0xa8, 0xd1, 0xa3, 0x48, 0x93, 0x2a, 0x5d, 0xca, 0xb4, 0xa9, 0xd3, 0xa7, 0x50, 0xa3, 0x4a, 0x9d,
    0x4a, 0xb5, 0xaa, 0xd5, 0xa5, 0x00, 0xb2, 0x5e, 0xbd, 0x9a, 0x15, 0xc0, 0x56, 0xab, 0x5d, 0xbf,
    0x8a, 0x1d, 0x4b, 0xb6, 0xac, 0xd9, 0xb3, 0x3d, 0xc3, 0xa2, 0x6d, 0xaa, 0x76, 0x2d, 0x56, 0xad,
    0x6e, 0xdf, 0x7a, 0x8d, 0x4b, 0xb7, 0xae, 0xdd, 0xbb, 0x78, 0xf3, 0xea, 0xdd, 0xcb, 0xb7, 0xaf,
    0xdf, 0xbf, 0x80, 0x03, 0x0b, 0x1e, 0x4c, 0xb8, 0xb0, 0xe1, 0xc3, 0x88, 0x13, 0x2b, 0x5e, 0xcc,
    0x38, 0x27, 0xc8, 0xc6, 0x30, 0x1f, 0x43, 0x76, 0x29, 0x79, 0x32, 0xcb, 0xca, 0x96, 0x55, 0x62,
    0xce, 0x8c, 0x72, 0x33, 0xe7, 0xcf, 0xa0, 0x43, 0x8b, 0x1e, 0x4d, 0xba, 0xb4, 0xe9, 0xd2, 0x9e,
    0x4f, 0x6b, 0x4c, 0xad, 0x1a, 0x23, 0xeb, 0xd6, 0xb0, 0x63, 0xcb, 0x4e, 0xfa, 0x7a, 0xb6, 0xc3,
    0xda, 0xb6, 0x19, 0xe2, 0x8e, 0x19, 0x10, 0x00, 0x21, 0xf9, 0x04, 0x01, 0x03, 0x00, 0x02, 0x00,
    0x2c, 0x93, 0x00, 0xc1, 0x00, 0xb1, 0x00, 0x66, 0x00, 0x81, 0x00, 0x00, 0x00, 0xff, 0xff, 0xff,
    0x00, 0x00, 0x00, 0x00, 0x00, 0x00, 0x08, 0xff, 0x00, 0x03, 0x08, 0x0c, 0x20, 0xa0, 0xa0, 0xc1,
    0x83, 0x08, 0x13, 0x2a, 0x5c, 0xc8, 0xb0, 0xa1, 0xc3, 0x87, 0x10, 0x23, 0x4a, 0x9c, 0x48, 0xb1,
    0x62, 0xc1, 0x81, 0x04, 0x2d, 0x6a, 0xdc, 0xc8, 0xb1, 0xa3, 0xc7, 0x8f, 0x15, 0x31, 0x82, 0x1c,
    0x49, 0xb2, 0xa4, 0xc9, 0x93, 0x28, 0x53, 0xaa, 0x5c, 0xc9, 0xb2, 0xa5, 0xcb, 0x97, 0x30, 0x63,
    0xca, 0x9c, 0x49, 0xb3, 0xa6, 0xcd, 0x9b, 0x38, 0x73, 0xea, 0xdc, 0xc9, 0xb3, 0xa7, 0xcf, 0x9f,
    0x40, 0x83, 0x0a, 0x1d, 0x4a, 0xb4, 0xa8, 0xd1, 0xa3, 0x48, 0x93, 0x2a, 0x5d, 0xca, 0xb4, 0xa9,
    0xd3, 0xa7, 0x50, 0xa3, 0x4a, 0x9d, 0x4a, 0xb5, 0xaa, 0xd5, 0xab, 0x58, 0xb3, 0x6a, 0xdd, 0xca,
    0xb5, 0xab, 0xd7, 0xaf, 0x60, 0xc3, 0x8a, 0x1d, 0x4b, 0xb6, 0xac, 0xd9, 0xb3, 0x68, 0xd3, 0xaa,
    0x5d, 0xcb, 0xb6, 0xad, 0xdb, 0xb7, 0x70, 0xe3, 0xca, 0x9d, 0x4b, 0xb7, 0xae, 0xdd, 0xbb, 0x3c,
    0x07, 0xe2, 0x35, 0xaa, 0x77, 0x2f, 0xd1, 0xbe, 0x7e, 0x03, 0x0b, 0x1e, 0x4c, 0xb8, 0xf0, 0x41,
    0xc0, 0x86, 0x77, 0x22, 0x4e, 0x9c, 0x73, 0x31, 0xe3, 0x9b, 0x8e, 0x1f, 0x4b, 0x9e, 0x4c, 0xb9,
    0xb2, 0xe5, 0xcb, 0x98, 0x33, 0x6b, 0xe6, 0x28, 0x72, 0xf3, 0xcb, 0xce, 0x9e, 0x5b, 0x82, 0x0e,
    0x4d, 0xba, 0xb4, 0xe9, 0xd3, 0xa8, 0x53, 0xab, 0x5e, 0x3d, 0x16, 0x80, 0x6b, 0xd6, 0x26, 0x5d,
    0x03, 0x80, 0x5d, 0x52, 0x36, 0x6d, 0x92, 0xb6, 0x6f, 0x83, 0xcc, 0xad, 0xdb, 0x23, 0xef, 0xde,
    0xc0, 0x83, 0x0b, 0x1f, 0x4e, 0xbc, 0xb8, 0xf1, 0xe3, 0x0e, 0x7f, 0x23, 0x7f, 0xa8, 0x7c, 0x79,
    0xc3, 0xe6, 0xce, 0xa3, 0x4b, 0x9f, 0x4e, 0xbd, 0xba, 0xf5, 0xeb, 0xd8, 0xb3, 0x6b, 0xdf, 0xce,
    0xbd, 0xbb, 0xf7, 0xef, 0xe0, 0xc3, 0x8b, 0x0e, 0x1f, 0x4f, 0xbe, 0xbc, 0x79, 0xb9, 0x91, 0xaf,
    0xa7, 0xb7, 0xbe, 0x1e, 0x6e, 0x40, 0x00, 0x21, 0xf9, 0x04, 0x01, 0x03, 0x00, 0x02, 0x00, 0x2c,
    0x73, 0x00, 0xbe, 0x00, 0xd1, 0x00, 0x69, 0x00, 0x81, 0x00, 0x00, 0x00, 0xff, 0xff, 0xff, 0x00,
    0x00, 0x00, 0x00, 0x00, 0x00, 0x08, 0xff, 0x00, 0x03, 0x08, 0x1c, 0x18, 0x40, 0x80, 0xc1, 0x83,
    0x08, 0x13, 0x2a, 0x5c, 0xc8, 0xb0, 0xa1, 0xc3, 0x87, 0x10, 0x23, 0x4a, 0x9c, 0x48, 0xb1, 0xa2,
    0xc5, 0x8b, 0x10, 0x09, 0x0e, 0xc4, 0xc8, 0xb1, 0xa3, 0xc7, 0x8f, 0x20, 0x43, 0x8a, 0x94, 0xa8,
    0x51, 0xe0, 0xc8, 0x93, 0x28, 0x53, 0xaa, 0x5c, 0xc9, 0xb2, 0xa5, 0xcb, 0x97, 0x30, 0x63, 0xca,
    0x9c, 0x49, 0xb3, 0xa6, 0xcd, 0x9b, 0x38, 0x73, 0xea, 0xdc, 0xc9, 0xb3, 0xa7, 0xcf, 0x9f, 0x40,
    0x83, 0x0a, 0x1d, 0x4a, 0xb4, 0xa8, 0xd1, 0xa3, 0x48, 0x93, 0x2a, 0x5d, 0xca, 0xb4, 0xa9, 0xd3,
    0xa7, 0x50, 0xa3, 0xd6, 0xdc, 0x28, 0xb5, 0xaa, 0x51, 0xaa, 0x56, 0xb3, 0x06, 0xc5, 0xaa, 0xb5,
    0x2b, 0x4f, 0xae, 0x5e, 0xc3, 0x8a, 0x1d, 0x4b, 0xb6, 0xac, 0xd9, 0xb3, 0x68, 0xd3, 0xaa, 0x5d,
    0xcb, 0xb6, 0xad, 0xdb, 0xb7, 0x70, 0xe3, 0xca, 0x9d, 0x4b, 0xb7, 0xae, 0xdd, 0xbb, 0x78, 0xf3,
    0xea, 0xdd, 0xcb, 0xb7, 0xaf, 0xdf, 0xbf, 0x80, 0x03, 0x0b, 0x1e, 0x4c, 0xb8, 0xb0, 0xe1, 0xc3,
    0x88, 0x13, 0x2b, 0x5e, 0xcc, 0xb8, 0xb1, 0xe3, 0xc7, 0x90, 0x23, 0x4b, 0x9e, 0x4c, 0xb9, 0xb2,
    0xe5, 0xcb, 0x98, 0x33, 0x6b, 0xde, 0xcc, 0xb9, 0xb3, 0xe7, 0xcf, 0xa0, 0x43, 0x8b, 0x1e, 0x4d,
    0xba, 0xb4, 0xe9, 0xd3, 0x31, 0x01, 0xa8, 0x06, 0x80, 0x3a, 0xe8, 0x6a, 0xd6, 0xad, 0x7f, 0xbe,
    0x8e, 0x4d, 0xbb, 0xb6, 0xed, 0xdb, 0xb8, 0x73, 0xeb, 0xde, 0xcd, 0xdb, 0x25, 0xd8, 0xde, 0x31,
    0x7f, 0x03, 0x7f, 0x29, 0x7c, 0xb8, 0xf1, 0xe3, 0xc8, 0x93, 0x2b, 0x5f, 0xce, 0xbc, 0xb9, 0xf3,
    0xe7, 0xd0, 0xa3, 0x0f, 0x2d, 0x2e, 0x9d, 0x23, 0xf5, 0xea, 0x17, 0xaf, 0x63, 0xdf, 0xce, 0xbd,
    0xfb, 0xd3, 0xd5, 0xde, 0x3d, 0x82, 0x2e, 0x0f, 0xcf, 0x71, 0x3c, 0xf9, 0xf3, 0xe8, 0xd3, 0xa3,
    0xd7, 0xae, 0x5e, 0x21, 0xfb, 0xf6, 0x08, 0xdf, 0xc3, 0x37, 0x28, 0x7f, 0xbe, 0xfd, 0xfb, 0xf8,
    0xf3, 0xeb, 0xdf, 0xcf, 0xbf, 0xbf, 0xff, 0x89, 0xaf, 0x99, 0xc7, 0x5f, 0x80, 0xaa, 0xfd, 0x47,
    0x20, 0x6c, 0x7d, 0x05, 0x04, 0x00, 0x21, 0xf9, 0x04, 0x01, 0x03, 0x00, 0x02, 0x00, 0x2c, 0x5d,
    0x00, 0xbe, 0x00, 0xe7, 0x00, 0x56, 0x00, 0x81, 0x00, 0x00, 0x00, 0xff, 0xff, 0xff, 0x00, 0x00,
    0x00, 0x00, 0x00, 0x00, 0x08, 0xff, 0x00, 0x05, 0x08, 0x1c, 0x48, 0xb0, 0xa0, 0x41, 0x01, 0x00,
    0x12, 0x2a, 0x04, 0x70, 0xb0, 0xa1, 0xc3, 0x87, 0x10, 0x23, 0x4a, 0x9c, 0x48, 0xb1, 0xa2, 0xc5,
    0x8b, 0x18, 0x33, 0x6a, 0x9c, 0xb8, 0x50, 0xe1, 0xc6, 0x8f, 0x20, 0x43, 0x8a, 0x1c, 0x49, 0xb2,
    0x64, 0xc6, 0x8e, 0x09, 0x4d, 0xaa, 0x5c, 0xc9, 0xb2, 0xa5, 0xcb, 0x97, 0x30, 0x63, 0xca, 0x9c,
    0x49, 0xb3, 0xa6, 0xcd, 0x9b, 0x38, 0x73, 0xea, 0xdc, 0xc9, 0xb3, 0xa7, 0xcf, 0x9f, 0x40, 0x83,
    0x0a, 0x1d, 0x4a, 0xb4, 0xa8, 0xd1, 0xa3, 0x48, 0x93, 0x2a, 0x5d, 0xca, 0xb4, 0xa9, 0xd3, 0xa7,
    0x50, 0xa3, 0x4a, 0x9d, 0x4a, 0xb5, 0xaa, 0x55, 0x91, 0x1e, 0xaf, 0x6a, 0xad, 0x9a, 0x75, 0xab,
    0x57, 0xa8, 0x5d, 0xbf, 0x8a, 0x5d, 0x1a, 0x76, 0xac, 0xd9, 0xb3, 0x68, 0xd3, 0xaa, 0x5d, 0xcb,
    0x96, 0x6a, 0xd9, 0xb6, 0x70, 0x6b, 0xbe, 0x8d, 0x4b, 0x17, 0xe6, 0xdc, 0xba, 0x78, 0xf3, 0xea,
    0xdd, 0xcb, 0xb7, 0xaf, 0xdf, 0xbf, 0x80, 0x03, 0x0b, 0x1e, 0x4c, 0xb8, 0xb0, 0xe1, 0xc3, 0x88,
    0x13, 0x2b, 0x5e, 0xcc, 0xb8, 0xb1, 0xe3, 0xc7, 0x85, 0x03, 0x48, 0x0e, 0x00, 0x39, 0xf2, 0xe4,
    0xca, 0x84, 0x27, 0x53, 0xc6, 0xcc, 0xb9, 0xb3, 0xe7, 0xcf, 0xa0, 0x43, 0x8b, 0x1e, 0x4d, 0xba,
    0xb4, 0xe9, 0xd3, 0xa8, 0x53, 0xab, 0x5e, 0x8d, 0xf3, 0x2e, 0xeb, 0xb1, 0xae, 0x5f, 0x7f, 0x8d,
    0x2d, 0x7b, 0x2b, 0xed, 0xda, 0xb8, 0x73, 0xeb, 0xde, 0xcd, 0xbb, 0xb7, 0xef, 0xdf, 0xc0, 0x83,
    0x0b, 0x1f, 0x4e, 0xbc, 0xb8, 0xf1, 0xe3, 0xc8, 0x93, 0x2b, 0x5f, 0xce, 0xbc, 0xb9, 0xf3, 0xe7,
    0x6b, 0x6f, 0x43, 0xef, 0x29, 0x7d, 0xfa, 0xce, 0xea, 0xd6, 0xb3, 0x6b, 0xdf, 0xce, 0xbd, 0xbb,
    0xf7, 0xef, 0xe0, 0xc3, 0x8b, 0x1d, 0x1f, 0x4f, 0xbe, 0xbc, 0x51, 0xec, 0xe6, 0x55, 0xa2, 0x4f,
    0x5f, 0x72, 0x3d, 0xfb, 0xf7, 0xf0, 0xe3, 0x93, 0xbe, 0x2c, 0x5f, 0x26, 0xfd, 0xfa, 0x30, 0xef,
    0x43, 0x0e, 0x08, 0x00, 0x21, 0xf9, 0x04, 0x01, 0x03, 0x00, 0x02, 0x00, 0x2c, 0x6a, 0x00, 0xc1,
    0x00, 0xda, 0x00, 0x66, 0x00, 0x81, 0x00, 0x00, 0x00, 0xff, 0xff, 0xff, 0x00, 0x00, 0x00, 0x00,
    0x00, 0x00, 0x08, 0xff, 0x00, 0x01, 0x08, 0x14, 0x40, 0xb0, 0xa0, 0xc1, 0x83, 0x08, 0x13, 0x2a,
    0x5c, 0xc8, 0xb0, 0xa1, 0xc3, 0x87, 0x10, 0x23, 0x4a, 0x9c, 0x48, 0xb1, 0xa2, 0xc5, 0x83, 0x02,
    0x01, 0x5c, 0xdc, 0xc8, 0xb1, 0xa3, 0xc7, 0x8f, 0x20, 0x43, 0x56, 0xcc, 0x28, 0xb2, 0xa4, 0xc9,
    0x93, 0x28, 0x53, 0xaa, 0x5c, 0xc9, 0xb2, 0xa5, 0xcb, 0x97, 0x30, 0x63, 0xca, 0x9c, 0x49, 0xb3,
    0xa6, 0xcd, 0x9b, 0x38, 0x73, 0xea, 0xdc, 0xc9, 0xb3, 0xa7, 0xcf, 0x9f, 0x40, 0x83, 0x0a, 0x1d,
    0x4a, 0xb4, 0xa8, 0xd1, 0xa3, 0x48, 0x93, 0x2a, 0x5d, 0xca, 0xb4, 0xa9, 0xd3, 0xa7, 0x50, 0xa3,
    0x4a, 0x9d, 0x4a, 0xb5, 0xaa, 0xd5, 0xab, 0x58, 0xb3, 0x6a, 0xdd, 0xca, 0xb5, 0xab, 0xd7, 0xaf,
    0x60, 0xc3, 0x8a, 0x1d, 0x4b, 0xb6, 0xac, 0xd9, 0xb3, 0x68, 0xd3, 0xaa, 0x5d, 0xcb, 0xb6, 0xad,
    0xdb, 0xb7, 0x70, 0xe3, 0xca, 0x9d, 0x4b, 0xb7, 0xae, 0xdd, 0xbb, 0x78, 0x8b, 0x66, 0xd4, 0x98,
    0x57, 0xed, 0xde, 0xbe, 0x7e, 0x49, 0x02, 0x1e, 0x4c, 0xb8, 0xb0, 0xe1, 0xc3, 0x88, 0x13, 0x2b,
    0x5e, 0xcc, 0xb8, 0xb1, 0xe3, 0xc7, 0x90, 0x23, 0x4b, 0x9e, 0x4c, 0xb9, 0xb2, 0xe5, 0xcb, 0x98,
    0x33, 0x6b, 0xde, 0xcc, 0xb9, 0xb3, 0xe7, 0xcf, 0xa0, 0x43, 0x8b, 0x1e, 0x4d, 0xba, 0xb4, 0xe9,
    0xd3, 0xa8, 0x53, 0xab, 0x5e, 0xcd, 0xba, 0xb5, 0xeb, 0xd7, 0xb0, 0x63, 0xcb, 0x9e, 0x4d, 0xbb,
    0xb6, 0xed, 0xdb, 0xb8, 0x73, 0xeb, 0xde, 0xcd, 0xbb, 0xb7, 0xef, 0xdf, 0xc0, 0x2b, 0x06, 0x18,
    0x1e, 0x7c, 0xe5, 0xf0, 0x00, 0xc5, 0x55, 0x1e, 0x4f, 0xce, 0xbc, 0xb9, 0x73, 0xb9, 0x82, 0x9f,
    0x87, 0x8c, 0x2e, 0xfd, 0x23, 0xf5, 0xea, 0xd8, 0xb3, 0x6b, 0xdf, 0xce, 0xbd, 0xbb, 0xf7, 0xef,
    0xe0, 0xc3, 0x8b, 0x14, 0x1f, 0x4f, 0xbe, 0xbc, 0xf9, 0xf3, 0xe8, 0xb9, 0x1f, 0x47, 0x9e, 0x5e,
    0xe1, 0xfa, 0xf6, 0xee, 0x97, 0xcf, 0x0d, 0x08, 0x00, 0x21, 0xf9, 0x04, 0x01, 0x03, 0x00, 0x02,
    0x00, 0x2c, 0xe7, 0x00, 0xde, 0x00, 0x5d, 0x00, 0x30, 0x00, 0x81, 0x00, 0x00, 0x00, 0xff, 0xff,
    0xff, 0x00, 0x00, 0x00, 0x00, 0x00, 0x00, 0x08, 0x82, 0x00, 0x05, 0x08, 0x1c, 0x48, 0xb0, 0xa0,
    0xc1, 0x83, 0x08, 0x13, 0x2a, 0x5c, 0xc8, 0x70, 0x61, 0x80, 0x87, 0x01, 0x1a, 0x4a, 0x9c, 0x48,
    0xb1, 0xa2, 0x44, 0x88, 0x11, 0x2d, 0x6a, 0xdc, 0xc8, 0x51, 0x21, 0xc6, 0x8e, 0x20, 0x43, 0x8a,
    0x1c, 0x49, 0xb2, 0xa4, 0xc9, 0x93, 0x28, 0x53, 0xaa, 0x5c, 0xc9, 0xb2, 0xa5, 0xcb, 0x97, 0x30,
    0x63, 0xca, 0x9c, 0x49, 0xb3, 0xa6, 0xcd, 0x9b, 0x38, 0x73, 0xea, 0xdc, 0xc9, 0xb3, 0xa7, 0xcf,
    0x9f, 0x40, 0x83, 0x0a, 0x1d, 0x4a, 0xb4, 0xa8, 0xd1, 0xa3, 0x48, 0x93, 0x1e, 0xfc, 0xa8, 0x14,
    0x24, 0xd3, 0xa6, 0x1c, 0x9f, 0x42, 0x9d, 0x4a, 0xb5, 0xaa, 0xd5, 0xab, 0x58, 0xb3, 0x6a, 0xdd,
    0xca, 0xb5, 0xab, 0xd7, 0xaf, 0x60, 0xc3, 0x8a, 0x1d, 0x4b, 0xb6, 0xac, 0xd9, 0xb3, 0x68, 0x91,
    0x02, 0x58, 0x9b, 0x76, 0x2d, 0x80, 0xb6, 0x6c, 0xd1, 0x06, 0x04, 0x00, 0x21, 0xf9, 0x04, 0x01,
    0x03, 0x00, 0x02, 0x00, 0x2c, 0x63, 0x00, 0xbe, 0x00, 0xe1, 0x00, 0x60, 0x00, 0x81, 0x00, 0x00,
    0x00, 0xff, 0xff, 0xff, 0x00, 0x00, 0x00, 0x00, 0x00, 0x00, 0x08, 0xff, 0x00, 0x05, 0x08, 0x1c,
    0x48, 0xb0, 0xa0, 0x80, 0x00, 0x08, 0x13, 0x06, 0x30, 0xc8, 0xb0, 0xa1, 0xc3, 0x87, 0x10, 0x23,
    0x4a, 0x9c, 0x48, 0xb1, 0xa2, 0xc5, 0x8b, 0x18, 0x33, 0x6a, 0x14, 0xa8, 0x30, 0xe1, 0xc6, 0x8f,
    0x20, 0x43, 0x8a, 0x1c, 0x49, 0xb2, 0xe4, 0xc4, 0x8e, 0x08, 0x4d, 0xaa, 0x5c, 0xc9, 0xb2, 0xa5,
    0xcb, 0x93, 0x29, 0x5f, 0xca, 0x9c, 0x49, 0xb3, 0xa6, 0x4a, 0x8f, 0x36, 0x73, 0xea, 0xdc, 0xc9,
    0xd3, 0x20, 0xce, 0x9e, 0x40, 0x83, 0x0a, 0xfd, 0xf8, 0x73, 0xa8, 0xd1, 0xa3, 0x48, 0x25, 0x16,
    0x4d, 0xca, 0xb4, 0x29, 0xd2, 0xa5, 0x4e, 0xa3, 0x4a, 0x9d, 0x4a, 0xb5, 0xaa, 0xd5, 0xab, 0x58,
    0xb3, 0x6a, 0xdd, 0xca, 0xb5, 0xab, 0xd7, 0xaf, 0x60, 0xc3, 0x8a, 0x1d, 0x4b, 0xb6, 0xac, 0xd9,
    0xb3, 0x68, 0xd3, 0xaa, 0x5d, 0xcb, 0xb6, 0xad, 0xdb, 0xb7, 0x70, 0xe3, 0xca, 0x9d, 0x4b, 0xb7,
    0xae, 0xdd, 0xbb, 0x78, 0xf3, 0xea, 0xdd, 0xcb, 0xb7, 0xaf, 0xdf, 0xbf, 0x80, 0x03, 0x0b, 0x1e,
    0x4c, 0xb8, 0xb0, 0xe1, 0xc3, 0x88, 0x13, 0x2b, 0x5e, 0xcc, 0xb8, 0xb1, 0xe3, 0xc7, 0x90, 0x23,
    0x4b, 0x9e, 0x4c, 0xb9, 0xb2, 0xe5, 0xcb, 0x98, 0x33, 0x6b, 0xde, 0xcc, 0xb9, 0xb3, 0xe7, 0xcf,
    0xa0, 0x43, 0x8b, 0x1e, 0x4d, 0xba, 0xb4, 0xe9, 0xd3, 0xa8, 0x53, 0xab, 0x5e, 0xcd, 0xba, 0xb5,
    0xeb, 0xd7, 0xb0, 0x63, 0xcb, 0xe6, 0x0a, 0xa0, 0x36, 0x80, 0xd9, 0x58, 0x6d, 0xdf, 0xc6, 0x6d,
    0x55, 0x37, 0xef, 0xdf, 0xc0, 0x83, 0x0b, 0x1f, 0x4e, 0xbc, 0xb8, 0xf1, 0xe3, 0xc8, 0x93, 0x2b,
    0x5f, 0xce, 0xbc, 0xb9, 0xf3, 0xe7, 0xd0, 0xa3, 0x4b, 0x9f, 0x4e, 0xbd, 0xba, 0xf5, 0xeb, 0xd8,
    0xb3, 0x6b, 0xdf, 0xce, 0xbd, 0xbb, 0xf7, 0xef, 0x16, 0xa1, 0x82, 0x1b, 0x07, 0x29, 0x7e, 0xfc,
    0xc6, 0xf2, 0xe6, 0xd3, 0xab, 0x5f, 0xcf, 0xbe, 0xbd, 0xfb, 0xf7, 0xae, 0x6d, 0xc3, 0xcf, 0x28,
    0x7f, 0xfe, 0xc5, 0xfa, 0xd2, 0x03, 0x02, 0x00, 0x21, 0xf9, 0x04, 0x01, 0x03, 0x00, 0x02, 0x00,
    0x2c, 0x63, 0x00, 0xbe, 0x00, 0xe1, 0x00, 0x60, 0x00, 0x81, 0x00, 0x00, 0x00, 0xff, 0xff, 0xff,
    0x00, 0x00, 0x00, 0x00, 0x00, 0x00, 0x08, 0xff, 0x00, 0x05, 0x08, 0x1c, 0x48, 0xb0, 0xa0, 0x00,
    0x00, 0x08, 0x13, 0x02, 0x30, 0xc8, 0xb0, 0xa1, 0xc3, 0x87, 0x10, 0x23, 0x4a, 0x9c, 0x48, 0xb1,
    0xa2, 0xc5, 0x8b, 0x18, 0x33, 0x6a, 0x14, 0xa8, 0x30, 0xe1, 0xc6, 0x8f, 0x20, 0x43, 0x8a, 0x1c,
    0x49, 0xb2, 0xe4, 0xc4, 0x8e, 0x08, 0x4d, 0xaa, 0x5c, 0xc9, 0xb2, 0xa5, 0xcb, 0x97, 0x30, 0x63,
    0xca, 0x9c, 0x49, 0xb3, 0xa6, 0xcd, 0x9b, 0x38, 0x73, 0xea, 0xdc, 0xc9, 0xb3, 0x27, 0x4c, 0x8f,
    0x3e, 0x83, 0x0a, 0x1d, 0x0a, 0x11, 0x28, 0xd1, 0xa3, 0x48, 0x83, 0x1a, 0x4d, 0xca, 0xb4, 0xa9,
    0xd3, 0xa7, 0x50, 0xa3, 0x4a, 0x9d, 0x4a, 0xb5, 0xaa, 0xd5, 0xab, 0x58, 0xb3, 0x6a, 0xdd, 0xca,
    0xb5, 0xab, 0xd7, 0xaf, 0x60, 0xc3, 0x8a, 0x1d, 0x4b, 0xb6, 0xac, 0xd9, 0xb3, 0x68, 0xd3, 0xaa,
    0x5d, 0xcb, 0xb6, 0xad, 0xdb, 0xb7, 0x70, 0xe3, 0xca, 0x9d, 0x4b, 0xb7, 0xae, 0xdd, 0xbb, 0x78,
    0xf3, 0xea, 0xdd, 0xcb, 0xb7, 0xaf, 0xdf, 0xbf, 0x80, 0x03, 0x0b, 0x1e, 0x4c, 0xb8, 0xb0, 0xe1,
    0xc3, 0x88, 0x13, 0x37, 0x54, 0xa8, 0xb8, 0x2e, 0xe3, 0xc6, 0x73, 0x1f, 0x43, 0x9e, 0x4c, 0xb9,
    0xb2, 0xe5, 0xcb, 0x98, 0x33, 0x6b, 0xde, 0xcc, 0xb9, 0xb3, 0xe7, 0xcf, 0xa0, 0x43, 0x8b, 0x1e,
    0x4d, 0xba, 0xb4, 0xe9, 0xd3, 0xa8, 0x53, 0xab, 0x5e, 0xcd, 0xba, 0xb5, 0xeb, 0xd7, 0xb0, 0x63,
    0xcb, 0x9e, 0x4d, 0xbb, 0xb6, 0xed, 0xdb, 0xb8, 0x73, 0xeb, 0xde, 0xcd, 0xbb, 0xb7, 0xef, 0xdf,
    0xc0, 0x83, 0x0b, 0x1f, 0x4e, 0x73, 0x29, 0x71, 0x9c, 0xc6, 0x8f, 0xdb, 0x4c, 0xae, 0xbc, 0xb9,
    0xf3, 0xe7, 0xd0, 0xa3, 0x4b, 0x9f, 0x4e, 0xbd, 0xba, 0xf5, 0xeb, 0xd8, 0xb3, 0x6b, 0xdf, 0x8e,
    0x97, 0x39, 0x77, 0x90, 0xde, 0xbf, 0x6f, 0x18, 0x0c, 0x2f, 0xbe, 0xbc, 0xf9, 0xf3, 0xe8, 0xd3,
    0xab, 0x5f, 0x5f, 0x3b, 0x80, 0x7b, 0xf6, 0x1a, 0xdd, 0x07, 0x80, 0x9f, 0x51, 0x7e, 0xf4, 0x80,
    0x00, 0x21, 0xf9, 0x04, 0x01, 0x03, 0x00, 0x02, 0x00, 0x2c, 0xc7, 0x00, 0xea, 0x00, 0x79, 0x00,
    0x2a, 0x00, 0x81, 0x00, 0x00, 0x00, 0xff, 0xff, 0xff, 0x00, 0x00, 0x00, 0x00, 0x00, 0x00, 0x08,
    0x8a, 0x00, 0x05, 0x08, 0x1c, 0x48, 0xb0, 0xa0, 0xc1, 0x83, 0x08, 0x13, 0x26, 0x0c, 0xc0, 0x50,
    0xa1, 0xc3, 0x87, 0x10, 0x23, 0x4a, 0x9c, 0x48, 0x51, 0x21, 0xc3, 0x00, 0x15, 0x33, 0x6a, 0xdc,
    0xc8, 0xb1, 0xe2, 0xc5, 0x8e, 0x20, 0x43, 0x8a, 0xd4, 0xf8, 0x71, 0xa4, 0xc9, 0x93, 0x28, 0x53,
    0xaa, 0x5c, 0xc9, 0xb2, 0xa5, 0xcb, 0x97, 0x30, 0x63, 0xca, 0x9c, 0x49, 0xb3, 0xa6, 0xcd, 0x9b,
    0x38, 0x73, 0xea, 0xdc, 0xc9, 0xb3, 0xa7, 0xcf, 0x9f, 0x40, 0x83, 0x0a, 0x1d, 0x4a, 0xb4, 0xa8,
    0xd1, 0xa3, 0x48, 0x93, 0x2a, 0x5d, 0xca, 0xb4, 0xa9, 0xd3, 0xa7, 0x50, 0xa3, 0x4a, 0x9d, 0x4a,
    0x55, 0x68, 0xc9, 0xaa, 0x33, 0xaf, 0x62, 0x8d, 0xa9, 0x75, 0xab, 0xd7, 0xaf, 0x60, 0xc3, 0x8a,
    0x1d, 0x4b, 0xb6, 0xac, 0xd9, 0xb3, 0x68, 0xd3, 0xaa, 0x5d, 0xcb, 0xb6, 0xad, 0x5b, 0x94, 0x5d,
    0xdf, 0x7a, 0x6c, 0x28, 0x77, 0x63, 0xdc, 0xba, 0x12, 0x03, 0x02, 0x00, 0x21, 0xf9, 0x04, 0x01,
    0x03, 0x00, 0x02, 0x00, 0x2c, 0xe0, 0x00, 0xea, 0x00, 0x64, 0x00, 0x24, 0x00, 0x81, 0x00, 0x00,
    0x00, 0xff, 0xff, 0xff, 0x00, 0x00, 0x00, 0x00, 0x00, 0x00, 0x08, 0x82, 0x00, 0x05, 0x08, 0x1c,
    0x48, 0xb0, 0xa0, 0xc1, 0x83, 0x02, 0x00, 0x28, 0x44, 0xc8, 0xb0, 0xa1, 0xc3, 0x87, 0x10, 0x23,
    0x4a, 0x2c, 0xa8, 0x10, 0xc0, 0xc4, 0x8b, 0x18, 0x33, 0x6a, 0x3c, 0x58, 0x71, 0xa3, 0xc7, 0x8f,
    0x20, 0x39, 0x2e, 0x0c, 0x49, 0xb2, 0xa4, 0xc9, 0x93, 0x28, 0x53, 0xaa, 0x5c, 0xc9, 0xb2, 0xa5,
    0xcb, 0x97, 0x30, 0x63, 0xca, 0x9c, 0x49, 0xb3, 0xa6, 0xcd, 0x9b, 0x26, 0x03, 0xe8, 0x0c, 0x80,
    0xb3, 0xe7, 0xc0, 0x9d, 0x3c, 0x7d, 0xf6, 0x04, 0x2a, 0xb4, 0xa8, 0xd1, 0xa3, 0x48, 0x93, 0x2a,
    0x5d, 0xca, 0xb4, 0xa9, 0xd3, 0xa7, 0x50, 0xa3, 0x4a, 0x9d, 0x4a, 0xb5, 0xaa, 0xd5, 0xab, 0x58,
    0xb3, 0x6a, 0xdd, 0xca, 0xb5, 0xab, 0xd7, 0xaf, 0x60, 0xc3, 0x8a, 0x9d, 0xb8, 0x93, 0x60, 0xd9,
    0xb1, 0x0c, 0xcf, 0x0a, 0x54, 0x8b, 0xd6, 0x20, 0x5b, 0xb6, 0x6d, 0x09, 0x06, 0x04, 0x00, 0x21,
    0xf9, 0x04, 0x01, 0x03, 0x00, 0x02, 0x00, 0x2c, 0x5d, 0x00, 0xbe, 0x00, 0xe7, 0x00, 0x69, 0x00,
    0x81, 0x00, 0x00, 0x00, 0xff, 0xff, 0xff, 0x00, 0x00, 0x00, 0x00, 0x00, 0x00, 0x08, 0xff, 0x00,
    0x05, 0x08, 0x1c, 0x48, 0xb0, 0xa0, 0x41, 0x01, 0x01, 0x12, 0x2a, 0x0c, 0x70, 0xb0, 0x21, 0x41,
    0x85, 0x0e, 0x23, 0x4a, 0x9c, 0x48, 0xb1, 0xa2, 0xc5, 0x8b, 0x18, 0x33, 0x6a, 0xdc, 0xc8, 0xf1,
    0xe0, 0x42, 0x88, 0x19, 0x41, 0x76, 0x1c, 0x49, 0xb2, 0xa4, 0xc9, 0x93, 0x28, 0x4b, 0x7e, 0x4c,
    0xa8, 0x51, 0x64, 0xca, 0x97, 0x30, 0x63, 0xca, 0x9c, 0x49, 0xb3, 0xa6, 0xcd, 0x9b, 0x38, 0x73,
    0xea, 0xdc, 0xc9, 0xb3, 0xa7, 0xcf, 0x9f, 0x40, 0x83, 0x0a, 0x1d, 0xea, 0x91, 0x25, 0xd1, 0xa3,
    0x48, 0x93, 0x62, 0x74, 0xa9, 0xb4, 0xa9, 0xd3, 0xa6, 0x4c, 0x9f, 0x4a, 0x9d, 0x4a, 0xb5, 0xaa,
    0xd5, 0xab, 0x58, 0xb3, 0x6a, 0xdd, 0xca, 0xb5, 0xab, 0xd7, 0xaf, 0x60, 0xc3, 0x8a, 0x1d, 0x4b,
    0xb6, 0xac, 0xd9, 0xb3, 0x68, 0xd3, 0xaa, 0x5d, 0xcb, 0xb6, 0xad, 0xdb, 0xb7, 0x70, 0xe3, 0xb2,
    0x8d, 0x2a, 0xb7, 0x2e, 0x4e, 0xba, 0x76, 0xf3, 0xce, 0xc4, 0xab, 0xb7, 0xaf, 0xdf, 0xbf, 0x80,
    0x03, 0x0b, 0x1e, 0x4c, 0xb8, 0xb0, 0xe1, 0xc3, 0x88, 0x13, 0x2b, 0x5e, 0xcc, 0xb8, 0xb1, 0xe3,
    0xc7, 0x90, 0x23, 0x4b, 0x9e, 0x4c, 0xb9, 0xb2, 0xe5, 0xcb, 0x98, 0x33, 0x6b, 0xde, 0xcc, 0xb9,
    0xb3, 0xe7, 0xcf, 0xa0, 0x43, 0x8b, 0x1e, 0x4d, 0xba, 0xb4, 0xe9, 0xd3, 0xa8, 0x53, 0xab, 0x5e,
    0xcd, 0xba, 0xb5, 0xeb, 0xd7, 0xb0, 0x63, 0xcb, 0x9e, 0x4d, 0x9b, 0x34, 0x80, 0xdb, 0x00, 0x6a,
    0x8b, 0xc5, 0x9d, 0x5b, 0x37, 0x58, 0xde, 0xbe, 0x7f, 0xe3, 0x0e, 0xfe, 0x15, 0x38, 0xf1, 0xae,
    0xc6, 0x8f, 0x2b, 0x5f, 0xce, 0xbc, 0xb9, 0xf3, 0xe7, 0xd0, 0xa3, 0x4b, 0x9f, 0x4e, 0xbd, 0xba,
    0xf5, 0xeb, 0xc5, 0x6f, 0x63, 0x6f, 0x3a, 0x7c, 0x7b, 0xd2, 0xee, 0xde, 0xc3, 0x8b, 0x44, 0x1f,
    0x4f, 0xbe, 0xbc, 0xf9, 0xf3, 0xe8, 0xd3, 0xab, 0x5f, 0xcf, 0xbe, 0xbd, 0xfb, 0xf7, 0xf0, 0x31,
    0x82, 0x8f, 0x3f, 0x73, 0x3e, 0xfd, 0x98, 0xf6, 0xef, 0xeb, 0xdf, 0xcf, 0xbf, 0xbf, 0xff, 0xff,
    0x00, 0x06, 0xe8, 0x50, 0x7e, 0x02, 0x6e, 0x44, 0x60, 0x81, 0x19, 0x1d, 0x88, 0xe0, 0x82, 0x0c,
    0x36, 0xe8, 0xe0, 0x83, 0x10, 0x46, 0x78, 0x51, 0x72, 0x12, 0x4e, 0x44, 0x61, 0x85, 0x11, 0x5d,
    0x58, 0x58, 0x40, 0x00, 0x21, 0xf9, 0x04, 0x01, 0x03, 0x00, 0x02, 0x00, 0x2c, 0x5d, 0x00, 0xbe,
    0x00, 0x7a, 0x00, 0x69, 0x00, 0x81, 0x00, 0x00, 0x00, 0xff, 0xff, 0xff, 0x00, 0x00, 0x00, 0x00,
    0x00, 0x00, 0x08, 0xdb, 0x00, 0x05, 0x08, 0x1c, 0x48, 0xb0, 0xa0, 0x41, 0x01, 0x00, 0x12, 0x02,
    0x38, 0xc8, 0xf0, 0xa0, 0xc2, 0x86, 0x10, 0x23, 0x4a, 0x9c, 0x48, 0xb1, 0x62, 0x43, 0x85, 0x0b,
    0x2d, 0x16, 0x7c, 0xa8, 0xb1, 0xa3, 0xc7, 0x8f, 0x1d, 0x31, 0x82, 0x44, 0x98, 0x70, 0xa4, 0xc9,
    0x93, 0x28, 0x53, 0xaa, 0x5c, 0xc9, 0xb2, 0xa5, 0xcb, 0x97, 0x30, 0x63, 0xca, 0x9c, 0xc9, 0x90,
    0x23, 0xcd, 0x9b, 0x38, 0x07, 0xda, 0xcc, 0xc9, 0x53, 0xe6, 0xce, 0x9e, 0x40, 0x83, 0x0a, 0x1d,
    0x4a, 0xb4, 0xa8, 0xd1, 0xa3, 0x48, 0x93, 0x2a, 0x5d, 0xca, 0xb4, 0xa9, 0xd3, 0xa7, 0x50, 0xa3,
    0x4a, 0x9d, 0x4a, 0xb5, 0xaa, 0x55, 0xa1, 0x3f, 0xaf, 0x16, 0xcd, 0xaa, 0x75, 0x28, 0xd7, 0xae,
    0x60, 0xc3, 0x8a, 0x1d, 0x4b, 0xb6, 0xac, 0xd9, 0xb3, 0x68, 0xd3, 0xaa, 0x5d, 0xcb, 0xb6, 0xad,
    0xdb, 0xb7, 0x70, 0xe3, 0xca, 0x9d, 0x4b, 0xb7, 0xae, 0xdd, 0xbb, 0x78, 0xf3, 0xea, 0xdd, 0xcb,
    0xb7, 0xaf, 0xdf, 0xbf, 0x80, 0x03, 0x0b, 0x1e, 0x4c, 0xb8, 0xb0, 0xe1, 0xc3, 0x88, 0x13, 0x2b,
    0x5e, 0xcc, 0xb8, 0xb1, 0xe3, 0xc7, 0x90, 0x23, 0x4b, 0x9e, 0x4c, 0xb9, 0xb2, 0xe5, 0xcb, 0x98,
    0x33, 0x6b, 0xde, 0xcc, 0xb9, 0xb3, 0xe7, 0xcf, 0xa0, 0x43, 0x8b, 0x1e, 0x4d, 0xba, 0xb4, 0xe9,
    0xd3, 0xa8, 0x53, 0xab, 0x5e, 0xcd, 0xba, 0xb5, 0xeb, 0xd7, 0xb0, 0x63, 0xcb, 0x9e, 0x4d, 0xbb,
    0xb6, 0xed, 0xdb, 0x23, 0x03, 0xe8, 0x0e, 0x10, 0x79, 0x37, 0x6f, 0xc8, 0xbe, 0x03, 0x02, 0x00,
    0x21, 0xf9, 0x04, 0x01, 0x03, 0x00, 0x02, 0x00, 0x2c, 0x77, 0x00, 0xbe, 0x00, 0x73, 0x00, 0x56,
    0x00, 0x81, 0x00, 0x00, 0x00, 0xff, 0xff, 0xff, 0x00, 0x00, 0x00, 0x00, 0x00, 0x00, 0x08, 0xbb,
    0x00, 0x01, 0x08, 0x14, 0x40, 0xb0, 0xa0, 0xc1, 0x83, 0x02, 0x04, 0x02, 0x40, 0xc8, 0xb0, 0xa1,
    0xc3, 0x87, 0x10, 0x23, 0x4a, 0x9c, 0x58, 0x50, 0x21, 0xc5, 0x84, 0x03, 0x2f, 0x6a, 0xdc, 0xc8,
    0xb1, 0x23, 0x41, 0x8b, 0x14, 0x41, 0x7a, 0x1c, 0x49, 0xb2, 0xa4, 0xc9, 0x93, 0x28, 0x53, 0xaa,
    0x5c, 0xc9, 0xb2, 0xa5, 0xcb, 0x97, 0x30, 0x63, 0xca, 0x9c, 0x49, 0xb3, 0xa6, 0xcd, 0x9b, 0x38,
    0x73, 0xea, 0xdc, 0xc9, 0xb3, 0xa7, 0xcf, 0x9f, 0x40, 0x83, 0x0a, 0x1d, 0x4a, 0xb4, 0xa8, 0xd1,
    0xa3, 0x48, 0x93, 0x2a, 0x5d, 0xca, 0xb4, 0xa9, 0xd3, 0xa7, 0x50, 0xa3, 0x4a, 0x9d, 0x4a, 0xb5,
    0xaa, 0xd5, 0xab, 0x58, 0xb3, 0x6a, 0xdd, 0xca, 0xb5, 0xab, 0xd7, 0xaf, 0x60, 0xc3, 0x8a, 0x1d,
    0x4b, 0xb6, 0xac, 0xd9, 0xb3, 0x68, 0xd3, 0xaa, 0x5d, 0xcb, 0xb6, 0xad, 0xdb, 0xb7, 0x70, 0xe3,
    0xca, 0x9d, 0x4b, 0xb7, 0xae, 0xdd, 0xbb, 0x78, 0xf3, 0xea, 0xdd, 0xcb, 0xb7, 0xaf, 0xdf, 0xbf,
    0x80, 0x03, 0x0b, 0x1e, 0x4c, 0xb8, 0xb0, 0xe1, 0xc3, 0x88, 0x13, 0x2b, 0x5e, 0xcc, 0xb8, 0xb1,
    0xe3, 0xc7, 0x90, 0x23, 0x4b, 0x8e, 0x28, 0x52, 0x6f, 0xe5, 0xbc, 0x97, 0x27, 0x6b, 0xde, 0x4c,
    0x31, 0x80, 0xe7, 0xbe, 0x9e, 0x03, 0x80, 0xfe, 0xcc, 0x32, 0x20, 0x00, 0x21, 0xf9, 0x04, 0x01,
    0x03, 0x00, 0x02, 0x00, 0x2c, 0x66, 0x00, 0xc4, 0x00, 0xda, 0x00, 0x53, 0x00, 0x81, 0x00, 0x00,
    0x00, 0xff, 0xff, 0xff, 0x00, 0x00, 0x00, 0x00, 0x00, 0x00, 0x08, 0xff, 0x00, 0x05, 0x08, 0x1c,
    0x48, 0xb0, 0xa0, 0xc1, 0x83, 0x08, 0x13, 0x2a, 0x5c, 0xc8, 0xb0, 0xa1, 0xc3, 0x87, 0x10, 0x23,
    0x4a, 0x9c, 0x38, 0x11, 0x80, 0x45, 0x8a, 0x18, 0x33, 0x6a, 0xdc, 0xc8, 0xb1, 0xa3, 0x47, 0x8f,
    0x16, 0x01, 0x7c, 0x1c, 0x49, 0xb2, 0xa4, 0xc9, 0x93, 0x26, 0x43, 0xa2, 0x5c, 0xc9, 0xb2, 0xa5,
    0xcb, 0x97, 0x30, 0x63, 0xca, 0x9c, 0x49, 0xb3, 0xa6, 0xcd, 0x9b, 0x38, 0x73, 0xea, 0xdc, 0xc9,
    0xb3, 0xa7, 0xcf, 0x9f, 0x40, 0x83, 0x0a, 0x1d, 0x4a, 0xb4, 0xa8, 0xd1, 0xa3, 0x48, 0x93, 0x2a,
    0x5d, 0xca, 0xb4, 0xa9, 0xd3, 0xa7, 0x50, 0xa3, 0x4a, 0x9d, 0x4a, 0xb5, 0xaa, 0xd5, 0xab, 0x58,
    0xb3, 0x6a, 0xdd, 0xca, 0xb5, 0xab, 0xd7, 0xaf, 0x60, 0xc3, 0x8a, 0x1d, 0x4b, 0xb6, 0xac, 0xd9,
    0xb3, 0x68, 0xd3, 0xaa, 0x5d, 0xcb, 0xb6, 0xad, 0xdb, 0xb7, 0x70, 0xe3, 0xca, 0x9d, 0x4b, 0xb7,
    0xae, 0xdd, 0xbb, 0x78, 0xf3, 0xea, 0xdd, 0xcb, 0xb7, 0xaf, 0xdf, 0xbf, 0x80, 0x03, 0x0b, 0x1e,
    0x4c, 0xb8, 0xb0, 0xe1, 0xc3, 0x88, 0xc9, 0x06, 0x58, 0x9c, 0xd8, 0xeb, 0xe2, 0x00, 0x8d, 0xbb,
    0x3e, 0x8e, 0xcc, 0x75, 0x32, 0xe5, 0xcb, 0x98, 0x33, 0x6b, 0xde, 0xcc, 0xb9, 0xb3, 0xe7, 0xcf,
    0xa0, 0x43, 0x8b, 0x1e, 0x4d, 0x7a, 0xac, 0xe5, 0xd2, 0x4a, 0x4f, 0xa3, 0x46, 0xaa, 0x7a, 0xb5,
    0xd1, 0xd6, 0xae, 0x89, 0xc2, 0x8e, 0x2d, 0x74, 0x36, 0x6d, 0xa0, 0xb6, 0x6f, 0xfb, 0xcc, 0xad,
    0x9b, 0x27, 0xef, 0xde, 0x3a, 0x7f, 0x03, 0xc7, 0x2b, 0x7c, 0xb8, 0xcd, 0xe2, 0xc6, 0x69, 0x22,
    0x4f, 0xce, 0xbc, 0xb9, 0xf3, 0xe7, 0xd0, 0xa3, 0x4b, 0x9f, 0x4e, 0xdd, 0xe0, 0xf2, 0xea, 0x25,
    0xaf, 0x63, 0x1f, 0xa9, 0x7d, 0xbb, 0xf7, 0xef, 0xe0, 0xc3, 0x8b, 0x0f, 0x1f, 0x9f, 0xfc, 0x31,
    0x64, 0xf2, 0x2b, 0xcd, 0xa3, 0x4f, 0xdf, 0x7d, 0x3d, 0xc4, 0x80, 0x00, 0x21, 0xf9, 0x04, 0x01,
    0x03, 0x00, 0x02, 0x00, 0x2c, 0x5d, 0x00, 0xc4, 0x00, 0xe7, 0x00, 0x63, 0x00, 0x81, 0x00, 0x00,
    0x00, 0xff, 0xff, 0xff, 0x00, 0x00, 0x00, 0x00, 0x00, 0x00, 0x08, 0xff, 0x00, 0x05, 0x08, 0x1c,
    0x48, 0xb0, 0xa0, 0xc1, 0x83, 0x08, 0x13, 0x2a, 0x5c, 0xc8, 0xb0, 0xa1, 0xc3, 0x87, 0x10, 0x23,
    0x4a, 0x9c, 0x48, 0x11, 0x61, 0x80, 0x8b, 0x15, 0x33, 0x6a, 0xdc, 0xc8, 0xb1, 0xa3, 0xc7, 0x8f,
    0x20, 0x07, 0x5e, 0x0c, 0x10, 0xb2, 0xa4, 0xc9, 0x93, 0x28, 0x53, 0x9e, 0x1c, 0xa9, 0xb2, 0xa5,
    0xcb, 0x97, 0x30, 0x63, 0xca, 0x9c, 0x49, 0xb3, 0xa6, 0xcd, 0x9b, 0x38, 0x73, 0xea, 0xdc, 0xc9,
    0xb3, 0xa7, 0x4f, 0x8b, 0x18, 0x7f, 0x0a, 0x1d, 0x4a, 0x54, 0x00, 0xcb, 0xa2, 0x48, 0x93, 0xde,
    0x3c, 0xaa, 0xb4, 0xa9, 0xd3, 0x96, 0x4c, 0x9f, 0x4a, 0x9d, 0x4a, 0xb5, 0xaa, 0xd5, 0xab, 0x58,
    0xb3, 0x6a, 0x6d, 0x1a, 0x75, 0xab, 0xd7, 0xac, 0x5d, 0xbf, 0x8a, 0xa5, 0x1a, 0x76, 0xac, 0xd9,
    0xb3, 0x68, 0xd3, 0xaa, 0x5d, 0xcb, 0xb6, 0xad, 0xdb, 0xb7, 0x70, 0xe3, 0xca, 0x9d, 0x4b, 0xb7,
    0xae, 0xdd, 0xbb, 0x78, 0xf3, 0xea, 0xdd, 0xcb, 0xb7, 0xaf, 0xdf, 0xbf, 0x80, 0x03, 0x0b, 0x1e,
    0x4c, 0xb8, 0xb0, 0xe1, 0xc3, 0x88, 0x13, 0x2b, 0x5e, 0xcc, 0xb8, 0xb1, 0xe3, 0xc7, 0x90, 0x23,
    0x4b, 0x9e, 0x4c, 0xb9, 0xb2, 0xe5, 0xcb, 0x98, 0x33, 0x6b, 0xde, 0xcc, 0xb9, 0xb3, 0xe7, 0xcf,
    0x10, 0xcb, 0x82, 0x4e, 0x2b, 0x7a, 0xf4, 0xd9, 0xd2, 0xa6, 0x53, 0x17, 0x1c, 0x49, 0x52, 0xb5,
    0x5a, 0xd6, 0xae, 0x5f, 0xa3, 0x8e, 0x4d, 0xbb, 0xb6, 0xed, 0xdb, 0xb8, 0x73, 0xeb, 0xde, 0xcd,
    0xbb, 0xb7, 0xef, 0xdf, 0xc0, 0x83, 0x0b, 0x1f, 0x4e, 0xbc, 0xb8, 0x71, 0xdb, 0x00, 0x92, 0x1f,
    0x77, 0x9a, 0x1c, 0xc0, 0xf2, 0xa6, 0xcd, 0x9f, 0x4b, 0x9f, 0x4e, 0xbd, 0xba, 0xf5, 0xeb, 0xd8,
    0xb3, 0x6b, 0xdf, 0xce, 0xbd, 0xbb, 0xea, 0xe8, 0xde, 0x71, 0x82, 0x2d, 0x0f, 0x6f, 0x73, 0x3c,
    0xf9, 0xf3, 0xe8, 0xd3, 0xab, 0x5f, 0xcf, 0xbe, 0xbd, 0xfb, 0xf7, 0xf0, 0xe3, 0xcb, 0x9f, 0x4f,
    0xbf, 0xbe, 0xfd, 0xfb, 0xf8, 0xf3, 0xeb, 0xdf, 0xcf, 0xbf, 0xbf, 0x78, 0xf3, 0xfe, 0x49, 0xd4,
    0x9c, 0x73, 0x01, 0x52, 0x34, 0xe0, 0x60, 0x01, 0x01, 0x00, 0x21, 0xf9, 0x04, 0x01, 0x03, 0x00,
    0x02, 0x00, 0x2c, 0x5d, 0x00, 0xd1, 0x00, 0xa3, 0x00, 0x4d, 0x00, 0x81, 0x00, 0x00, 0x00, 0xff,
    0xff, 0xff, 0x00, 0x00, 0x00, 0x00, 0x00, 0x00, 0x08, 0xe8, 0x00, 0x01, 0x08, 0x14, 0x40, 0xb0,
    0xa0, 0xc1, 0x83, 0x08, 0x13, 0x2a, 0x5c, 0xc8, 0xb0, 0xa1, 0xc3, 0x87, 0x10, 0x23, 0x4a, 0x9c,
    0x98, 0x50, 0x20, 0x00, 0x8a, 0x18, 0x33, 0x6a, 0xdc, 0xc8, 0xb1, 0xe3, 0x43, 0x8b, 0x1e, 0x43,
    0x8a, 0x1c, 0x49, 0xb2, 0xa4, 0xc9, 0x93, 0x28, 0x53, 0xaa, 0x5c, 0xc9, 0xb2, 0xa5, 0xcb, 0x97,
    0x30, 0x63, 0xca, 0x9c, 0x49, 0xb3, 0xa6, 0xcd, 0x9b, 0x38, 0x73, 0xea, 0xdc, 0xc9, 0xb3, 0xa7,
    0xcf, 0x9f, 0x40, 0x83, 0x0a, 0x1d, 0x4a, 0xb4, 0xa8, 0xd1, 0xa3, 0x48, 0x93, 0x2a, 0x5d, 0xca,
    0xb4, 0xa9, 0xd3, 0xa7, 0x50, 0xa3, 0x4a, 0x9d, 0x4a, 0xb5, 0xaa, 0xd5, 0xab, 0x58, 0xb3, 0x6a,
    0xdd, 0xca, 0xb5, 0xab, 0xd7, 0xaf, 0x60, 0xc3, 0x8a, 0x1d, 0x4b, 0xb6, 0xac, 0xd9, 0xb3, 0x68,
    0xd3, 0x56, 0x1c, 0xa8, 0x76, 0x28, 0xc8, 0xb6, 0x42, 0xdf, 0xc2, 0x9d, 0x4b, 0xb7, 0xae, 0xdd,
    0xbb, 0x78, 0xf3, 0xea, 0xdd, 0x8b, 0x55, 0x2e, 0xdf, 0x9a, 0x7e, 0xff, 0xce, 0x0c, 0x2c, 0x38,
    0x26, 0xe1, 0xc2, 0x2f, 0x0f, 0x23, 0x6e, 0xa9, 0x78, 0xf1, 0xca, 0xc6, 0x8e, 0x53, 0x42, 0x8e,
    0x7c, 0x72, 0x32, 0xe5, 0x92, 0x96, 0x2f, 0x6b, 0xde, 0xcc, 0xb9, 0xb3, 0xe7, 0xcf, 0xa0, 0x43,
    0x8b, 0x1e, 0x4d, 0xba, 0x34, 0xdf, 0xcc, 0xa6, 0x21, 0xa2, 0x4e, 0xed, 0x70, 0x35, 0xeb, 0xd7,
    0xb0, 0x63, 0x1b, 0x75, 0x2d, 0xfb, 0x20, 0xed, 0xda, 0x05, 0x6f, 0xe3, 0xde, 0xcd, 0xbb, 0xb7,
    0xef, 0xdf, 0xc0, 0x83, 0xbf, 0x0c, 0x40, 0x5c, 0x78, 0x43, 0xe2, 0x01, 0x8c, 0x33, 0x44, 0x8e,
    0x3b, 0x20, 0x00, 0x21, 0xf9, 0x04, 0x01, 0x03, 0x00, 0x02, 0x00, 0x2c, 0x6a, 0x00, 0xbe, 0x00,
    0xda, 0x00, 0x69, 0x00, 0x81, 0x00, 0x00, 0x00, 0xff, 0xff, 0xff, 0x00, 0x00, 0x00, 0x00, 0x00,
    0x00, 0x08, 0xff, 0x00, 0x05, 0x08, 0x1c, 0x48, 0xb0, 0xa0, 0xc1, 0x83, 0x02, 0x00, 0x28, 0x44,
    0xc8, 0xb0, 0xa1, 0xc3, 0x87, 0x10, 0x23, 0x4a, 0x9c, 0x48, 0xb1, 0xa2, 0xc5, 0x8b, 0x18, 0x1f,
    0x2a, 0x04, 0x90, 0xb1, 0xa3, 0xc7, 0x8f, 0x20, 0x43, 0x8a, 0x1c, 0xe9, 0x70, 0x23, 0xc9, 0x93,
    0x28, 0x53, 0xaa, 0x04, 0x69, 0x72, 0xa5, 0xc0, 0x8d, 0x1c, 0x5d, 0xca, 0x9c, 0x49, 0x33, 0x63,
    0x4b, 0x97, 0x30, 0x6b, 0xea, 0xdc, 0xc9, 0xf3, 0xe0, 0xcd, 0x95, 0x39, 0x7b, 0x0a, 0x1d, 0x4a,
    0xb4, 0xa8, 0xd1, 0xa3, 0x48, 0x93, 0x2a, 0x5d, 0xca, 0xb4, 0xa9, 0xd3, 0xa7, 0x50, 0xa3, 0x4a,
    0x9d, 0x4a, 0xb5, 0xaa, 0xd5, 0xab, 0x58, 0xb3, 0x6a, 0xdd, 0xca, 0x95, 0xe2, 0xcf, 0xae, 0x60,
    0xaf, 0x7e, 0x0d, 0x4b, 0x56, 0xea, 0xd8, 0xb2, 0x68, 0x9b, 0x9e, 0x4d, 0xcb, 0xb6, 0xad, 0xdb,
    0xb7, 0x70, 0xe3, 0xca, 0x9d, 0x4b, 0xb7, 0xae, 0xdd, 0xbb, 0x78, 0xf3, 0xea, 0xdd, 0xcb, 0xb7,
    0xaf, 0xdf, 0xbf, 0x80, 0x03, 0x0b, 0x1e, 0x4c, 0xb8, 0xb0, 0xe1, 0xc3, 0x88, 0x13, 0x2b, 0x5e,
    0xcc, 0xb8, 0xb1, 0xe3, 0xc7, 0x90, 0x23, 0x4b, 0x9e, 0x4c, 0xb9, 0xb2, 0xe5, 0xcb, 0x98, 0x33,
    0x6b, 0xde, 0xcc, 0xb9, 0xb3, 0xe7, 0xcf, 0xa0, 0x43, 0x8b, 0x1e, 0x4d, 0xba, 0xb4, 0xe9, 0xd3,
    0xa8, 0x53, 0xab, 0x5e, 0xcd, 0xba, 0xb5, 0xeb, 0xd7, 0xb0, 0x49, 0x06, 0x8d, 0x5d, 0x75, 0x36,
    0xed, 0xa9, 0xb6, 0x6f, 0xeb, 0xde, 0xcd, 0xbb, 0xb7, 0xef, 0xdf, 0xc0, 0x83, 0x0b, 0x1f, 0x4e,
    0xbc, 0xb8, 0xf1, 0xe3, 0xc8, 0x93, 0x2b, 0x5f, 0xce, 0xbc, 0xb9, 0xf3, 0xe7, 0xd0, 0xa3, 0x4b,
    0x9f, 0x4e, 0xbd, 0xba, 0xf5, 0xeb, 0x10, 0x03, 0x68, 0xc7, 0xae, 0x52, 0x7b, 0x00, 0xee, 0x29,
    0xbd, 0x83, 0x34, 0x1f, 0x4f, 0xbe, 0xbc, 0xf9, 0xf3, 0xe8, 0xd3, 0xab, 0x5f, 0xcf, 0xbe, 0xbd,
    0xfb, 0xf7, 0xf0, 0xe9, 0xae, 0x8d, 0xcf, 0x70, 0x3e, 0x7d, 0x9f, 0x0b, 0xef, 0xeb, 0xdf, 0xcf,
    0xbf, 0xbf, 0xff, 0xff, 0xe7, 0x89, 0x87, 0x90, 0x77, 0xdf, 0xe9, 0x27, 0xe0, 0x41, 0x04, 0xee,
    0x77, 0xa0, 0x41, 0x09, 0x26, 0x16, 0x10, 0x00, 0x21, 0xf9, 0x04, 0x01, 0x03, 0x00, 0x02, 0x00,
    0x2c, 0x5d, 0x00, 0xc1, 0x00, 0xe7, 0x00, 0x5d, 0x00, 0x81, 0x00, 0x00, 0x00, 0xff, 0xff, 0xff,
    0x00, 0x00, 0x00, 0x00, 0x00, 0x00, 0x08, 0xff, 0x00, 0x05, 0x08, 0x1c, 0x48, 0xb0, 0xa0, 0xc1,
    0x83, 0x08, 0x13, 0x2a, 0x5c, 0xc8, 0xb0, 0xa1, 0xc3, 0x87, 0x10, 0x23, 0x4a, 0x9c, 0x48, 0x91,
    0x20, 0x80, 0x8b, 0x00, 0x2a, 0x6a, 0xdc, 0xc8, 0xb1, 0xa3, 0xc7, 0x8f, 0x20, 0x43, 0x0a, 0xc4,
    0x98, 0x51, 0xa4, 0xc9, 0x93, 0x28, 0x53, 0xaa, 0x34, 0x49, 0x72, 0xa5, 0xcb, 0x97, 0x30, 0x63,
    0xca, 0xc4, 0x28, 0xb3, 0xa6, 0xcd, 0x9b, 0x38, 0x1b, 0xd2, 0xcc, 0xc9, 0xb3, 0xa7, 0x4f, 0x97,
    0x3b, 0x7f, 0x0a, 0x1d, 0x4a, 0xb4, 0xa8, 0xd1, 0xa3, 0x48, 0x93, 0x2a, 0x5d, 0xca, 0xb4, 0xa9,
    0xd3, 0xa7, 0x50, 0xa3, 0x4a, 0x9d, 0x4a, 0xb5, 0xaa, 0xd5, 0xab, 0x58, 0xb3, 0x6a, 0xdd, 0xca,
    0xb5, 0xab, 0xd7, 0xaf, 0x60, 0xc3, 0x8a, 0x1d, 0x4b, 0xb6, 0xac, 0xd9, 0xb3, 0x68, 0xd3, 0xaa,
    0x5d, 0xcb, 0xb6, 0xad, 0xdb, 0xb7, 0x70, 0xe3, 0xca, 0x9d, 0x4b, 0xb7, 0xae, 0xdd, 0xbb, 0x78,
    0xf3, 0xea, 0xdd, 0xcb, 0xb7, 0xaf, 0xdf, 0xbf, 0x80, 0x03, 0x0b, 0x1e, 0x4c, 0xb8, 0xb0, 0xe1,
    0xc3, 0x88, 0xc9, 0xb6, 0x4c, 0x7c, 0x77, 0x31, 0xe3, 0xba, 0x8e, 0x1f, 0x4b, 0x9e, 0x4c, 0xb9,
    0xb2, 0xe5, 0xcb, 0x98, 0x33, 0x6b, 0xde, 0xcc, 0xb9, 0xb3, 0xe7, 0xcf, 0xa0, 0x43, 0x8b, 0x0e,
    0x1b, 0xa0, 0xf4, 0xe8, 0xb2, 0xa5, 0x03, 0x9c, 0x26, 0x9b, 0x7a, 0xb5, 0xeb, 0xd7, 0xb0, 0x63,
    0xcb, 0x9e, 0x4d, 0xbb, 0xb6, 0xed, 0xdb, 0xb8, 0x73, 0xeb, 0xde, 0xcd, 0xbb, 0xb7, 0xef, 0xdf,
    0xc0, 0x7d, 0xb7, 0x0e, 0xee, 0x74, 0x38, 0x71, 0xa6, 0xc6, 0xa1, 0x26, 0xb7, 0xbd, 0xfc, 0x68,
    0xf2, 0xe6, 0xb4, 0xa1, 0x17, 0x7d, 0x6e, 0x3a, 0xb7, 0x74, 0xa2, 0xd7, 0x8f, 0x6b, 0xdf, 0xce,
    0xbd, 0xbb, 0xf7, 0xef, 0xe0, 0xc3, 0x8b, 0x42, 0x7f, 0x19, 0x74, 0xbc, 0xcf, 0xf2, 0xe6, 0x79,
    0xa2, 0x4f, 0xcf, 0xbe, 0xbd, 0xfb, 0xf7, 0xf0, 0xe3, 0xcb, 0x37, 0x9b, 0x7d, 0x6d, 0x6a, 0xd5,
    0x88, 0xeb, 0xab, 0xbd, 0x9f, 0x58, 0x7f, 0x5a, 0xfe, 0x58, 0xf9, 0x37, 0x5f, 0x48, 0x02, 0x0e,
    0xf8, 0x51, 0x81, 0x06, 0x76, 0x84, 0x60, 0x82, 0x04, 0x56, 0xc7, 0xd1, 0x82, 0xef, 0x41, 0x88,
    0x90, 0x84, 0xed, 0x51, 0x68, 0x90, 0x85, 0xbc, 0x05, 0x04, 0x00, 0x21, 0xf9, 0x04, 0x01, 0x03,
    0x00, 0x02, 0x00, 0x2c, 0x5d, 0x00, 0xc1, 0x00, 0xe7, 0x00, 0x43, 0x00, 0x81, 0x00, 0x00, 0x00,
    0xff, 0xff, 0xff, 0x00, 0x00, 0x00, 0x00, 0x00, 0x00, 0x08, 0xfc, 0x00, 0x05, 0x08, 0x1c, 0x48,
    0xb0, 0xa0, 0xc1, 0x83, 0x08, 0x13, 0x2a, 0x5c, 0xc8, 0xb0, 0xa1, 0xc3, 0x87, 0x10, 0x23, 0x4a,
    0x9c, 0x48, 0x91, 0x60, 0x80, 0x8b, 0x01, 0x2a, 0x6a, 0xdc, 0xc8, 0xb1, 0xa3, 0xc7, 0x8f, 0x20,
    0x43, 0x0a, 0xc4, 0x98, 0x51, 0xa4, 0xc9, 0x93, 0x28, 0x53, 0xaa, 0x34, 0x49, 0x72, 0xa5, 0xcb,
    0x97, 0x30, 0x63, 0xca, 0xc4, 0x28, 0xb3, 0xa6, 0xcd, 0x9b, 0x38, 0x1b, 0xd2, 0xcc, 0xc9, 0xb3,
    0xa7, 0x4f, 0x97, 0x3b, 0x7f, 0x0a, 0x1d, 0x4a, 0xb4, 0xa8, 0xd1, 0xa3, 0x48, 0x93, 0x2a, 0x5d,
    0xca, 0xb4, 0xa9, 0xd3, 0xa7, 0x50, 0xa3, 0x4a, 0x9d, 0x4a, 0xb5, 0xaa, 0xd5, 0xab, 0x58, 0xb3,
    0x6a, 0xdd, 0xca, 0xb5, 0xab, 0xd7, 0xaf, 0x60, 0xc3, 0x8a, 0x45, 0x1a, 0x74, 0xac, 0xd9, 0xa3,
    0x65, 0xcf, 0xaa, 0x15, 0x9a, 0x76, 0xad, 0xdb, 0xb7, 0x70, 0xe3, 0xca, 0x9d, 0x4b, 0xb7, 0xae,
    0xdd, 0xbb, 0x78, 0xf3, 0xea, 0xdd, 0xcb, 0xb7, 0xaf, 0xdf, 0xbf, 0x80, 0x03, 0x0b, 0x1e, 0x4c,
    0xb8, 0xb0, 0xe1, 0xc3, 0x28, 0x5b, 0x22, 0x26, 0xac, 0x78, 0xb1, 0xe0, 0xc6, 0x8e, 0x01, 0x43,
    0x8e, 0xec, 0x77, 0x32, 0x65, 0xbe, 0x96, 0x2f, 0x6b, 0xde, 0xcc, 0xb9, 0xb3, 0xe7, 0xcf, 0xa0,
    0x43, 0x8b, 0x1e, 0x4d, 0xba, 0xb4, 0xe9, 0xd3, 0xa8, 0x53, 0xab, 0x5e, 0xcd, 0xba, 0xb5, 0xeb,
    0xd7, 0xb0, 0x63, 0xcb, 0x9e, 0x4d, 0xbb, 0xb6, 0xed, 0xdb, 0xb8, 0x73, 0xeb, 0xde, 0xcd, 0xbb,
    0xb7, 0xef, 0xdf, 0xc0, 0x83, 0x0b, 0x1f, 0x6e, 0x17, 0x80, 0x71, 0xe2, 0x50, 0x8d, 0x03, 0x40,
    0xfe, 0x54, 0xf9, 0x54, 0xe7, 0xbd, 0xa1, 0x2b, 0x95, 0x2e, 0x80, 0xba, 0x6e, 0xeb, 0x47, 0xa9,
    0x63, 0xc7, 0xbd, 0xbd, 0x28, 0xf5, 0x80, 0x00, 0x21, 0xf9, 0x04, 0x01, 0x03, 0x00, 0x02, 0x00,
    0x2c, 0x5d, 0x00, 0xbe, 0x00, 0xe7, 0x00, 0x50, 0x00, 0x81, 0x00, 0x00, 0x00, 0xff, 0xff, 0xff,
    0x00, 0x00, 0x00, 0x00, 0x00, 0x00, 0x08, 0xff, 0x00, 0x05, 0x08, 0x1c, 0x48, 0xb0, 0xa0, 0xc1,
    0x83, 0x08, 0x13, 0x2a, 0x5c, 0xc8, 0xb0, 0xa1, 0xc3, 0x87, 0x10, 0x23, 0x4a, 0x14, 0x08, 0xa0,
    0xe2, 0xc4, 0x8b, 0x18, 0x33, 0x6a, 0xdc, 0xc8, 0xb1, 0xa3, 0x47, 0x8c, 0x15, 0x01, 0x7c, 0x1c,
    0x49, 0xb2, 0xa4, 0xc9, 0x93, 0x28, 0x17, 0x86, 0x4c, 0xc9, 0xb2, 0xa5, 0xcb, 0x97, 0x2c, 0x43,
    0x8a, 0x84, 0x39, 0x50, 0x26, 0xcd, 0x9b, 0x38, 0x73, 0x26, 0xb4, 0x89, 0x93, 0xa7, 0xce, 0x9f,
    0x40, 0x5f, 0xfa, 0xa4, 0x39, 0x34, 0xa8, 0xd1, 0xa3, 0x48, 0x93, 0x2a, 0x5d, 0xca, 0xb4, 0xa9,
    0xd3, 0xa7, 0x50, 0xa3, 0x4a, 0x9d, 0x4a, 0xb5, 0xaa, 0xd5, 0xab, 0x58, 0xb3, 0x6a, 0xdd, 0xca,
    0xb5, 0xab, 0xd7, 0xaf, 0x60, 0xc3, 0x8a, 0x1d, 0x4b, 0xb6, 0xac, 0xd9, 0xb3, 0x68, 0xd3, 0xaa,
    0x5d, 0xcb, 0xb6, 0xad, 0xdb, 0xb7, 0x3a, 0x57, 0xc2, 0x9d, 0x9b, 0x53, 0x2e, 0xdd, 0xbb, 0x42,
    0x2d, 0xe2, 0xdd, 0xcb, 0xb7, 0xaf, 0xdf, 0xbf, 0x80, 0x03, 0x0b, 0x1e, 0x4c, 0xb8, 0xb0, 0xe1,
    0xc3, 0x88, 0x13, 0x2b, 0x5e, 0xcc, 0xb8, 0xb1, 0xe3, 0xc7, 0x90, 0x23, 0x4b, 0x76, 0x5b, 0x74,
    0x72, 0xe0, 0xca, 0x96, 0xff, 0x62, 0xce, 0xcc, 0xb9, 0xb3, 0xe7, 0xcf, 0xa0, 0x43, 0x8b, 0x1e,
    0x4d, 0xba, 0xb4, 0xe9, 0xd3, 0xa8, 0x53, 0xab, 0x5e, 0xcd, 0xba, 0xb5, 0xeb, 0xd7, 0xb0, 0x63,
    0xcb, 0x9e, 0x4d, 0xbb, 0xb6, 0xed, 0xdb, 0xb8, 0x73, 0xeb, 0xde, 0xcd, 0xbb, 0xb7, 0xef, 0xdf,
    0xc0, 0x83, 0x0b, 0x1f, 0x4e, 0xbc, 0xb8, 0xf1, 0xe3, 0xc8, 0x93, 0x2b, 0x5f, 0xce, 0xbc, 0xf9,
    0xe2, 0x00, 0xd0, 0x9d, 0x33, 0x85, 0x1e, 0x40, 0xfa, 0x52, 0xea, 0xd6, 0xb3, 0x6b, 0xdf, 0xce,
    0xbd, 0xbb, 0xf7, 0xef, 0xe0, 0x6b, 0xdb, 0x0a, 0x0d, 0x4f, 0x54, 0x2f, 0xf9, 0xf2, 0x33, 0xdb,
    0x06, 0x04, 0x00, 0x21, 0xf9, 0x04, 0x01, 0x03, 0x00, 0x02, 0x00, 0x2c, 0x7a, 0x00, 0xbe, 0x00,
    0x8d, 0x00, 0x59, 0x00, 0x81, 0x00, 0x00, 0x00, 0xff, 0xff, 0xff, 0x00, 0x00, 0x00, 0x00, 0x00,
    0x00, 0x08, 0xc8, 0x00, 0x01, 0x08, 0x14, 0x40, 0xb0, 0xa0, 0xc0, 0x81, 0x05, 0x13, 0x2a, 0x5c,
    0xc8, 0xb0, 0xa1, 0xc3, 0x87, 0x10, 0x23, 0x4a, 0x9c, 0x48, 0xf1, 0xe1, 0xc1, 0x85, 0x07, 0x01,
    0x54, 0xdc, 0xc8, 0xb1, 0xa3, 0xc7, 0x8f, 0x1b, 0x2f, 0x2a, 0xcc, 0x08, 0xb2, 0xa4, 0xc9, 0x93,
    0x28, 0x53, 0xaa, 0x5c, 0xc9, 0xb2, 0xa5, 0xcb, 0x97, 0x30, 0x63, 0xca, 0x9c, 0x49, 0xb3, 0xa6,
    0xcd, 0x9b, 0x38, 0x73, 0xea, 0xdc, 0xc9, 0xb3, 0xa7, 0xcf, 0x9f, 0x40, 0x83, 0x0a, 0x1d, 0x4a,
    0xb4, 0xa8, 0xd1, 0xa3, 0x48, 0x93, 0x2a, 0x5d, 0xca, 0xb4, 0xa9, 0xd3, 0xa7, 0x50, 0xa3, 0x4a,
    0x9d, 0x4a, 0xb5, 0xaa, 0xd5, 0xab, 0x58, 0xb3, 0x6a, 0xdd, 0xca, 0xb5, 0xab, 0xd7, 0xaf, 0x60,
    0xc3, 0x8a, 0x1d, 0x4b, 0xb6, 0xac, 0xd9, 0xb3, 0x68, 0xd3, 0xaa, 0x5d, 0xcb, 0xb6, 0xad, 0xdb,
    0xb7, 0x70, 0xe3, 0xca, 0x9d, 0x4b, 0xb7, 0xae, 0xdd, 0xbb, 0x78, 0xf3, 0xea, 0xdd, 0xcb, 0xb7,
    0xaf, 0xdf, 0xbf, 0x80, 0x03, 0x0b, 0x1e, 0x4c, 0xb8, 0xb0, 0xe1, 0xc3, 0x88, 0x13, 0x2b, 0x5e,
    0xcc, 0xb8, 0xb1, 0xe3, 0xc7, 0x90, 0x23, 0x4b, 0x9e, 0x4c, 0xb9, 0xb2, 0xe5, 0xcb, 0x98, 0x33,
    0x6b, 0xde, 0xcc, 0xb9, 0xb3, 0xe7, 0xcf, 0xa0, 0x43, 0x8b, 0x1e, 0x4d, 0xba, 0xb4, 0xe9, 0xd3,
    0xa8, 0x53, 0xef, 0x25, 0x69, 0x99, 0x75, 0xe5, 0x8c, 0x01, 0x01, 0x00, 0x21, 0xf9, 0x04, 0x01,
    0x03, 0x00, 0x02, 0x00, 0x2c, 0x5d, 0x00, 0xbe, 0x00, 0xdd, 0x00, 0x59, 0x00, 0x81, 0x00, 0x00,
    0x00, 0xff, 0xff, 0xff, 0x00, 0x00, 0x00, 0x00, 0x00, 0x00, 0x08, 0xff, 0x00, 0x05, 0x08, 0x1c,
    0x48, 0xb0, 0xa0, 0xc1, 0x83, 0x02, 0x02, 0x28, 0x44, 0xc8, 0xb0, 0xa1, 0xc3, 0x87, 0x10, 0x23,
    0x4a, 0x9c, 0x48, 0xb1, 0xa2, 0xc5, 0x8b, 0x18, 0x25, 0x2a, 0x0c, 0x90, 0xb1, 0xa3, 0xc7, 0x8f,
    0x20, 0x43, 0x8a, 0x1c, 0x19, 0x71, 0x23, 0xc9, 0x93, 0x28, 0x53, 0xaa, 0x5c, 0xc9, 0xb2, 0xa5,
    0xcb, 0x97, 0x30, 0x63, 0xca, 0x9c, 0x49, 0xb3, 0xa6, 0xcd, 0x9b, 0x38, 0x73, 0xea, 0xdc, 0xc9,
    0xb3, 0xa7, 0xcf, 0x8b, 0x00, 0x82, 0xfe, 0x1c, 0x4a, 0x54, 0x67, 0x50, 0x00, 0x45, 0x93, 0x2a,
    0x8d, 0x79, 0x74, 0xa9, 0xd3, 0xa7, 0x50, 0xa3, 0x4a, 0x9d, 0x4a, 0xb5, 0xaa, 0xd5, 0xab, 0x58,
    0xb3, 0x6a, 0xdd, 0xca, 0xb5, 0xab, 0xd7, 0xaf, 0x60, 0xc3, 0x8a, 0x1d, 0x4b, 0xb6, 0xac, 0xd9,
    0xb3, 0x68, 0xd3, 0xaa, 0x5d, 0xcb, 0xb6, 0xad, 0xdb, 0xb7, 0x70, 0xe3, 0xca, 0x9d, 0x4b, 0xb7,
    0xae, 0xdd, 0xbb, 0x78, 0xf3, 0xea, 0xdd, 0xcb, 0xb7, 0xaf, 0xdf, 0xbf, 0x80, 0x03, 0x0b, 0x1e,
    0x4c, 0xb8, 0xb0, 0xe1, 0xc3, 0x88, 0x13, 0x2b, 0x5e, 0xcc, 0xb8, 0xb1, 0xe3, 0xc7, 0x90, 0x23,
    0x4b, 0x9e, 0x4c, 0xb9, 0xb2, 0xe5, 0xcb, 0x98, 0x33, 0x6b, 0xde, 0xcc, 0xb9, 0xb3, 0xe7, 0xcf,
    0xa0, 0x43, 0x8b, 0x1e, 0x4d, 0xba, 0xb4, 0xe9, 0xd3, 0xa8, 0x53, 0xab, 0x5e, 0xcd, 0xba, 0xb5,
    0xeb, 0xd7, 0xb0, 0x63, 0xcb, 0x9e, 0x4d, 0xbb, 0xb6, 0xed, 0xdb, 0x85, 0x4d, 0xe2, 0xce, 0xa9,
    0x7b, 0xf7, 0xcd, 0xde, 0x3f, 0x81, 0xa7, 0x16, 0xde, 0x93, 0xf8, 0x69, 0xe3, 0x3b, 0x91, 0x97,
    0x56, 0xee, 0xbb, 0xb9, 0xf3, 0xe7, 0xd0, 0xa3, 0x4b, 0x9f, 0x4e, 0x3d, 0x36, 0xf3, 0xea, 0x23,
    0xaf, 0x63, 0x0f, 0xa9, 0x7d, 0x73, 0xf7, 0xa5, 0x4d, 0x39, 0x7f, 0x18, 0x57, 0x1a, 0xde, 0xfb,
    0xc2, 0xac, 0xe5, 0xb7, 0xab, 0x5f, 0xcf, 0xfe, 0xf9, 0x46, 0x8e, 0xed, 0x4f, 0xbe, 0x8f, 0x2f,
    0x7f, 0x3c, 0xcb, 0x80, 0x00, 0x21, 0xf9, 0x04, 0x01, 0x03, 0x00, 0x02, 0x00, 0x2c, 0x5d, 0x00,
    0xbe, 0x00, 0xe7, 0x00, 0x69, 0x00, 0x81, 0x00, 0x00, 0x00, 0xff, 0xff, 0xff, 0x00, 0x00, 0x00,
    0x00, 0x00, 0x00, 0x08, 0xff, 0x00, 0x05, 0x08, 0x1c, 0x48, 0xb0, 0xa0, 0xc1, 0x83, 0x02, 0x00,
    0x28, 0x44, 0xc8, 0xb0, 0xa1, 0xc3, 0x87, 0x10, 0x23, 0x4a, 0x9c, 0x48, 0xb1, 0xa2, 0xc5, 0x8b,
    0x18, 0x33, 0x0e, 0x54, 0x08, 0x40, 0xa3, 0xc7, 0x8f, 0x20, 0x43, 0x8a, 0x1c, 0x49, 0x72, 0x22,
    0xc7, 0x92, 0x28, 0x53, 0xaa, 0x5c, 0xc9, 0xb2, 0xa5, 0xcb, 0x97, 0x30, 0x63, 0xca, 0x9c, 0x49,
    0xb3, 0xa6, 0xcd, 0x9b, 0x38, 0x73, 0xea, 0xdc, 0xc9, 0xb3, 0xa7, 0xcf, 0x9f, 0x2b, 0x03, 0x08,
    0x05, 0x4a, 0xb4, 0x28, 0x51, 0xa1, 0x01, 0x8c, 0x2a, 0x5d, 0x8a, 0x13, 0x29, 0xd3, 0xa7, 0x50,
    0xa3, 0x4a, 0x9d, 0x4a, 0xb5, 0xaa, 0xd5, 0xab, 0x58, 0xb3, 0x6a, 0xdd, 0xca, 0xb5, 0xab, 0xd7,
    0xaf, 0x60, 0xc3, 0x8a, 0x1d, 0x4b, 0xb6, 0xac, 0xd9, 0xb3, 0x68, 0xd3, 0xaa, 0x5d, 0xfb, 0xd1,
    0x29, 0xdb, 0xb7, 0x32, 0xdd, 0xc2, 0x9d, 0xdb, 0x52, 0x2e, 0xdd, 0xbb, 0x78, 0xf3, 0xea, 0xdd,
    0xcb, 0xb7, 0xaf, 0xdf, 0xbf, 0x80, 0x03, 0x0b, 0x1e, 0x4c, 0xb8, 0xb0, 0xe1, 0xc3, 0x88, 0x13,
    0x2b, 0x5e, 0xcc, 0xb8, 0xb1, 0x63, 0xa6, 0x48, 0x93, 0x3e, 0xfe, 0x1b, 0x79, 0x32, 0x65, 0xbb,
    0x96, 0x33, 0x6b, 0xde, 0xcc, 0xb9, 0xb3, 0xe7, 0xcf, 0xa0, 0x43, 0x8b, 0x1e, 0x4d, 0xba, 0xb4,
    0xe9, 0xd3, 0xa8, 0x53, 0xab, 0x5e, 0xcd, 0xba, 0xb5, 0xeb, 0xd7, 0xb0, 0x63, 0xcb, 0x9e, 0x4d,
    0xbb, 0xb6, 0xed, 0xdb, 0xb8, 0x73, 0xeb, 0xde, 0xcd, 0xbb, 0xb7, 0xef, 0xdf, 0xc0, 0x83, 0x0b,
    0x1f, 0x4e, 0xbc, 0xf8, 0xef, 0x93, 0xc6, 0x8b, 0x22, 0x4f, 0x0e, 0x74, 0x79, 0x54, 0xe7, 0xb6,
    0xa1, 0x3f, 0x95, 0x4e, 0x9b, 0xfa, 0x52, 0xeb, 0xb2, 0xb1, 0x33, 0xdf, 0xce, 0xbd, 0xbb, 0xf7,
    0xef, 0xe0, 0xc3, 0x8b, 0x3c, 0x1f, 0xcf, 0x53, 0x3b, 0xf9, 0x96, 0xe6, 0xcf, 0xaf, 0x4c, 0x9f,
    0x7d, 0xa1, 0x7a, 0x9a, 0xec, 0xdf, 0x97, 0x8c, 0x2f, 0xbf, 0xbe, 0xfd, 0xfb, 0xf8, 0xf3, 0xeb,
    0xdf, 0xcf, 0xbf, 0xbf, 0xff, 0xff, 0x00, 0x06, 0x28, 0xe0, 0x80, 0x04, 0x16, 0x68, 0xe0, 0x81,
    0x08, 0x26, 0xa8, 0xa0, 0x69, 0xf4, 0x2d, 0x58, 0x50, 0x83, 0x0e, 0x6e, 0xe4, 0x9e, 0x63, 0x01,
    0x01, 0x00, 0x21, 0xf9, 0x04, 0x01, 0x03, 0x00, 0x02, 0x00, 0x2c, 0x5d, 0x00, 0xbe, 0x00, 0xe3,
    0x00, 0x69, 0x00, 0x81, 0x00, 0x00, 0x00, 0xff, 0xff, 0xff, 0x00, 0x00, 0x00, 0x00, 0x00, 0x00,
    0x08, 0xff, 0x00, 0x05, 0x08, 0x1c, 0x48, 0xb0, 0xa0, 0xc1, 0x83, 0x02, 0x02, 0x28, 0x44, 0xc8,
    0xb0, 0xa1, 0xc3, 0x87, 0x10, 0x23, 0x4a, 0x9c, 0x48, 0xb1, 0xa2, 0xc5, 0x8b, 0x18, 0x31, 0x2a,
    0x0c, 0x90, 0xb1, 0xa3, 0xc7, 0x8f, 0x20, 0x43, 0x8a, 0x1c, 0x79, 0x71, 0x23, 0xc9, 0x93, 0x28,
    0x53, 0xaa, 0x5c, 0xc9, 0xb2, 0xa5, 0xcb, 0x97, 0x30, 0x63, 0xca, 0x9c, 0x49, 0xb3, 0xa6, 0xcd,
    0x9b, 0x38, 0x73, 0xea, 0xdc, 0xc9, 0xb3, 0xa7, 0xcf, 0x9f, 0x40, 0x83, 0x0a, 0x1d, 0x4a, 0xb4,
    0xa8, 0xd1, 0xa3, 0x48, 0x93, 0x2a, 0x5d, 0xca, 0xb4, 0xa9, 0xd3, 0xa7, 0x50, 0xa3, 0x4a, 0x9d,
    0x4a, 0xb5, 0xaa, 0xd5, 0xab, 0x58, 0xb3, 0x6a, 0xdd, 0xca, 0xb5, 0xab, 0xd7, 0xaf, 0x60, 0xc3,
    0x8a, 0x1d, 0x4b, 0xb6, 0xac, 0xd9, 0xb3, 0x68, 0xd3, 0xaa, 0x5d, 0xcb, 0xb6, 0xad, 0xdb, 0xb7,
    0x70, 0xe3, 0xca, 0x9d, 0x4b, 0xb7, 0xae, 0xdd, 0xbb, 0x78, 0xf3, 0xea, 0xdd, 0xcb, 0xb7, 0xaf,
    0xdf, 0xbf, 0x80, 0x03, 0x0b, 0x1e, 0x4c, 0xb8, 0xb0, 0xe1, 0xc3, 0x88, 0x13, 0x2b, 0x5e, 0xcc,
    0xb8, 0xb1, 0xe3, 0xc7, 0x90, 0x23, 0x4b, 0x9e, 0x4c, 0xb9, 0xb2, 0xe5, 0xcb, 0x98, 0x33, 0x6b,
    0xde, 0xcc, 0xb9, 0xb3, 0xe7, 0xcf, 0xa0, 0x85, 0x9a, 0x0c, 0xed, 0x74, 0x34, 0x69, 0xa6, 0xa6,
    0x4f, 0xab, 0x5e, 0xcd, 0xba, 0xb5, 0xeb, 0xd7, 0xb0, 0x63, 0xcb, 0x9e, 0x4d, 0xbb, 0xb6, 0xed,
    0xdb, 0xb8, 0x73, 0xeb, 0x6e, 0x9a, 0x7a, 0x37, 0x4d, 0x00, 0xc0, 0x7b, 0xfb, 0x96, 0x09, 0x1c,
    0x80, 0xf0, 0xe1, 0x30, 0x8b, 0x23, 0x5f, 0xce, 0xbc, 0xb9, 0xf3, 0xe7, 0xd0, 0xa3, 0x4b, 0x9f,
    0x4e, 0xbd, 0xba, 0xf5, 0xeb, 0xd8, 0xb3, 0x6b, 0xdf, 0xce, 0xbd, 0xbb, 0xf7, 0xef, 0xe0, 0xc3,
    0x8b, 0x1d, 0x1f, 0x4f, 0xbe, 0xbc, 0xf9, 0xf3, 0xe8, 0xd3, 0xab, 0x5f, 0xcf, 0xbe, 0xbd, 0x7b,
    0xed, 0xc2, 0x8f, 0xab, 0x8f, 0xbf, 0xf0, 0x7d, 0xc2, 0xfa, 0x04, 0xe5, 0xb7, 0x0d, 0x08, 0x00,
    0x21, 0xf9, 0x04, 0x01, 0x03, 0x00, 0x02, 0x00, 0x2c, 0x5d, 0x00, 0xc4, 0x00, 0xe7, 0x00, 0x4d,
    0x00, 0x81, 0x00, 0x00, 0x00, 0xff, 0xff, 0xff, 0x00, 0x00, 0x00, 0x00, 0x00, 0x00, 0x08, 0xff,
    0x00, 0x05, 0x08, 0x1c, 0x48, 0xb0, 0xa0, 0xc1, 0x83, 0x08, 0x13, 0x2a, 0x5c, 0xc8, 0xb0, 0xa1,
    0xc3, 0x87, 0x10, 0x23, 0x4a, 0x9c, 0x48, 0x11, 0x21, 0x80, 0x8b, 0x15, 0x33, 0x6a, 0xdc, 0xc8,
    0xb1, 0xa3, 0xc7, 0x8f, 0x20, 0x07, 0x5e, 0x04, 0x10, 0xb2, 0xa4, 0xc9, 0x93, 0x28, 0x53, 0x9e,
    0x1c, 0xa9, 0xb2, 0xa5, 0xcb, 0x97, 0x30, 0x63, 0xca, 0x9c, 0x49, 0xb3, 0xa6, 0xcd, 0x9b, 0x38,
    0x73, 0xea, 0xdc, 0xc9, 0xb3, 0xa7, 0xcf, 0x9f, 0x40, 0x83, 0x0a, 0x1d, 0x4a, 0xb4, 0xa8, 0xd1,
    0xa3, 0x48, 0x93, 0x2a, 0x5d, 0xca, 0xb4, 0xa9, 0xd3, 0xa7, 0x50, 0xa3, 0x4a, 0x9d, 0x4a, 0x75,
    0x23, 0xcb, 0xaa, 0x58, 0xa1, 0x5e, 0xcd, 0xca, 0x75, 0xe9, 0xd6, 0xae, 0x60, 0xc3, 0x8a, 0x1d,
    0x4b, 0xb6, 0xac, 0xd9, 0xb3, 0x68, 0xd3, 0xaa, 0x5d, 0xcb, 0xb6, 0xad, 0xdb, 0xb7, 0x70, 0xe3,
    0xca, 0x9d, 0x4b, 0xb7, 0xae, 0xdd, 0xbb, 0x78, 0xf3, 0xea, 0xdd, 0x7b, 0x70, 0x24, 0x49, 0xbe,
    0x80, 0x0b, 0xfa, 0x0d, 0x4c, 0x58, 0xe0, 0xe0, 0xc2, 0x81, 0x0f, 0x23, 0xe6, 0xab, 0x78, 0xb1,
    0xde, 0xc6, 0x8e, 0xf1, 0x42, 0x8e, 0x6c, 0x77, 0x32, 0x65, 0xba, 0x96, 0x2f, 0x6b, 0xde, 0xcc,
    0xb9, 0xb3, 0xe7, 0xcf, 0xa0, 0x43, 0x8b, 0x1e, 0x4d, 0xba, 0x74, 0xe9, 0xaf, 0xa6, 0xd3, 0xa2,
    0x4e, 0x7d, 0x76, 0x35, 0xeb, 0xb2, 0xae, 0x5f, 0x8f, 0x8d, 0x2d, 0x3b, 0x2c, 0xed, 0xda, 0xb8,
    0x73, 0xeb, 0xde, 0xcd, 0xbb, 0xb7, 0xef, 0xdf, 0xc0, 0x83, 0x9b, 0x0c, 0x40, 0x5c, 0x78, 0x56,
    0xe2, 0x01, 0x8c, 0x63, 0x45, 0xae, 0xbc, 0x2a, 0xf3, 0xe6, 0x53, 0x9f, 0x43, 0x8f, 0x2a, 0x7d,
    0xfa, 0xd3, 0xea, 0xd6, 0xb3, 0x6b, 0xdf, 0xce, 0xbd, 0xbb, 0xf7, 0xef, 0xe0, 0xc3, 0x8b, 0x15,
    0x1f, 0x4f, 0xbe, 0xbc, 0xf9, 0xf3, 0xe8, 0xd3, 0xab, 0x7f, 0x88, 0x7d, 0x7d, 0xce, 0xf6, 0xee,
    0x6f, 0xc2, 0xd7, 0x1e, 0x10, 0x00, 0x21, 0xf9, 0x04, 0x01, 0x03, 0x00, 0x02, 0x00, 0x2c, 0x5d,
    0x00, 0xbe, 0x00, 0xe7, 0x00, 0x56, 0x00, 0x81, 0x00, 0x00, 0x00, 0xff, 0xff, 0xff, 0x00, 0x00,
    0x00, 0x00, 0x00, 0x00, 0x08, 0xff, 0x00, 0x05, 0x08, 0x1c, 0x48, 0xb0, 0xa0, 0xc1, 0x83, 0x02,
    0x00, 0x28, 0x34, 0x18, 0xa0, 0x61, 0x00, 0x84, 0x10, 0x23, 0x4a, 0x9c, 0x48, 0xb1, 0xa2, 0xc5,
    0x8b, 0x18, 0x33, 0x6a, 0xdc, 0xc8, 0xd1, 0xa2, 0x42, 0x00, 0x0c, 0x1d, 0x76, 0x1c, 0x49, 0xb2,
    0xa4, 0xc9, 0x93, 0x28, 0x53, 0x56, 0xfc, 0x18, 0xb2, 0xa1, 0xca, 0x97, 0x30, 0x63, 0xca, 0x9c,
    0x49, 0xb3, 0xa6, 0xcd, 0x9b, 0x38, 0x73, 0xea, 0xdc, 0xc9, 0xb3, 0xa7, 0xcf, 0x9f, 0x40, 0x83,
    0x0a, 0x1d, 0x4a, 0xb4, 0xa8, 0xd1, 0xa3, 0x48, 0x93, 0x2a, 0x5d, 0xca, 0xb4, 0xa9, 0xd3, 0xa7,
    0x50, 0xa3, 0x4a, 0x9d, 0x4a, 0xb5, 0xaa, 0xd5, 0xab, 0x58, 0xb3, 0x6a, 0xdd, 0xca, 0xb5, 0xab,
    0xd7, 0xaf, 0x60, 0xc3, 0x8a, 0x1d, 0x4b, 0xb6, 0xac, 0xd9, 0xb3, 0x68, 0xd3, 0xaa, 0x5d, 0xcb,
    0xb6, 0xad, 0xdb, 0xb7, 0x70, 0xe3, 0xca, 0x9d, 0x4b, 0xb7, 0xae, 0xdd, 0xbb, 0x78, 0xf3, 0xea,
    0xdd, 0xcb, 0xb7, 0xaf, 0xdf, 0xbf, 0x80, 0x03, 0x0b, 0x1e, 0x4c, 0xb8, 0xb0, 0xe1, 0xc3, 0x88,
    0x13, 0x2b, 0x5e, 0xcc, 0xb8, 0xb1, 0xe3, 0xc7, 0x90, 0x23, 0x4b, 0x9e, 0x4c, 0xb9, 0x72, 0x49,
    0x87, 0x0f, 0x2d, 0xb3, 0xc5, 0xac, 0x79, 0xb3, 0xc8, 0xce, 0xa0, 0x43, 0x8b, 0x1e, 0x4d, 0xba,
    0xb4, 0xe9, 0xd3, 0xa8, 0x53, 0xab, 0xf6, 0xfa, 0x79, 0x35, 0x6b, 0x97, 0xae, 0x5f, 0x67, 0x8e,
    0x4d, 0xbb, 0xb6, 0xed, 0xdb, 0xb8, 0x73, 0xeb, 0xde, 0xcd, 0xbb, 0xb7, 0xef, 0xdf, 0xc0, 0x05,
    0xb3, 0x0c, 0xfe, 0x74, 0x38, 0xf1, 0xa6, 0xc6, 0x8f, 0x2f, 0x4d, 0xae, 0x3c, 0x29, 0xf3, 0xe6,
    0x47, 0x9f, 0x43, 0x2f, 0x2a, 0x1d, 0xf9, 0xc2, 0xe9, 0x42, 0x5b, 0x27, 0xbc, 0x8e, 0x1d, 0xa8,
    0xf6, 0xea, 0xdd, 0x73, 0x6a, 0x24, 0x0f, 0x4f, 0xbe, 0xbc, 0xf9, 0xf3, 0xe8, 0xd3, 0xab, 0x5f,
    0xcf, 0xfe, 0xe9, 0xf8, 0xf6, 0x38, 0xdf, 0xc3, 0xb7, 0x29, 0x7f, 0xbe, 0xfd, 0xfb, 0xf8, 0x89,
    0xd7, 0xcf, 0xff, 0x72, 0x3f, 0xff, 0x94, 0xfe, 0x05, 0x04, 0x00, 0x21, 0xf9, 0x04, 0x01, 0x03,
    0x00, 0x02, 0x00, 0x2c, 0x5d, 0x00, 0xbe, 0x00, 0xe7, 0x00, 0x60, 0x00, 0x81, 0x00, 0x00, 0x00,
    0xff, 0xff, 0xff, 0x00, 0x00, 0x00, 0x00, 0x00, 0x00, 0x08, 0xff, 0x00, 0x05, 0x08, 0x1c, 0x48,
    0xb0, 0xa0, 0xc1, 0x83, 0x08, 0x05, 0x02, 0x58, 0x08, 0x20, 0xa1, 0xc3, 0x87, 0x10, 0x23, 0x4a,
    0x9c, 0x48, 0xb1, 0xa2, 0xc5, 0x8b, 0x18, 0x33, 0x6a, 0x74, 0xc8, 0xb0, 0xe1, 0xc6, 0x8f, 0x20,
    0x43, 0x8a, 0x1c, 0x49, 0xb2, 0xa4, 0xc4, 0x8e, 0x26, 0x53, 0xaa, 0x5c, 0xc9, 0xb2, 0xa5, 0xcb,
    0x97, 0x30, 0x63, 0xca, 0x9c, 0x49, 0xb3, 0xa6, 0xcd, 0x9b, 0x38, 0x73, 0xea, 0xdc, 0xc9, 0xb3,
    0xa7, 0xcf, 0x9f, 0x40, 0x83, 0x0a, 0x1d, 0x4a, 0xb4, 0xa8, 0xd1, 0xa3, 0x48, 0x93, 0x2a, 0x5d,
    0xca, 0xb4, 0xa9, 0xd3, 0xa7, 0x50, 0xa3, 0x4a, 0x9d, 0x4a, 0xb5, 0xaa, 0xd5, 0xab, 0x58, 0xb3,
    0x6a, 0xdd, 0xca, 0xb5, 0xab, 0xd7, 0xaf, 0x60, 0xc3, 0x8a, 0x1d, 0x4b, 0xb6, 0x6c, 0xd4, 0x00,
    0x68, 0xcd, 0xaa, 0x95, 0x89, 0x36, 0xc0, 0xda, 0xb7, 0x2e, 0xdb, 0xc2, 0x9d, 0x4b, 0xb7, 0xae,
    0xdd, 0xbb, 0x78, 0xf3, 0xea, 0xdd, 0xcb, 0xb7, 0xaf, 0xdf, 0xbf, 0x80, 0x03, 0x0b, 0x1e, 0x4c,
    0xb8, 0xb0, 0xe1, 0xc3, 0x88, 0x13, 0x2b, 0x5e, 0xcc, 0xb8, 0xb1, 0xe3, 0xc7, 0x82, 0xdb, 0xba,
    0x85, 0x4c, 0x57, 0x32, 0xe5, 0xca, 0x72, 0x2f, 0x6b, 0xde, 0xcc, 0xb9, 0xb3, 0xe7, 0xcf, 0xa0,
    0x43, 0x8b, 0x1e, 0x4d, 0xba, 0xb4, 0xe9, 0xd3, 0xa8, 0x53, 0xab, 0x5e, 0xcd, 0xba, 0xb5, 0xeb,
    0xd7, 0xb0, 0x63, 0xcb, 0x9e, 0x4d, 0xbb, 0xb6, 0xed, 0xdb, 0xb8, 0x73, 0xeb, 0xde, 0xcd, 0xbb,
    0xb7, 0xef, 0xdf, 0xc0, 0x83, 0x0b, 0x1f, 0x4e, 0xbc, 0xb8, 0xf1, 0xe3, 0xc8, 0x93, 0x2b, 0x5f,
    0xce, 0xbc, 0xb9, 0xf3, 0xe7, 0xd0, 0xa3, 0x4b, 0x57, 0xcb, 0x70, 0xba, 0xcc, 0xea, 0xd6, 0x61,
    0x62, 0xcf, 0xce, 0xbd, 0xbb, 0xf7, 0xef, 0xe0, 0xc3, 0x8b, 0x15, 0x1f, 0x4f, 0xbe, 0xbc, 0xf9,
    0xf3, 0xe8, 0xd3, 0xab, 0x3f, 0x6a, 0x79, 0x7d, 0xc6, 0xf6, 0xee, 0x2f, 0xc2, 0x0f, 0x19, 0x10,
    0x00, 0x21, 0xf9, 0x04, 0x01, 0x03, 0x00, 0x02, 0x00, 0x2c, 0x5d, 0x00, 0xbe, 0x00, 0xe3, 0x00,
    0x69, 0x00, 0x81, 0x00, 0x00, 0x00, 0xff, 0xff, 0xff, 0x00, 0x00, 0x00, 0x00, 0x00, 0x00, 0x08,
    0xff, 0x00, 0x05, 0x08, 0x1c, 0x48, 0xb0, 0xa0, 0xc1, 0x83, 0x02, 0x02, 0x28, 0x44, 0xc8, 0xb0,
    0xa1, 0xc3, 0x87, 0x10, 0x23, 0x4a, 0x9c, 0x48, 0xb1, 0xa2, 0xc5, 0x8b, 0x18, 0x31, 0x2a, 0x0c,
    0x90, 0xb1, 0xa3, 0xc7, 0x8f, 0x20, 0x43, 0x8a, 0x1c, 0x79, 0x71, 0x23, 0xc9, 0x93, 0x28, 0x53,
    0xaa, 0x5c, 0xc9, 0xb2, 0xa5, 0xcb, 0x97, 0x30, 0x63, 0xca, 0x9c, 0x49, 0xb3, 0xa6, 0xcd, 0x9b,
    0x38, 0x73, 0xea, 0xdc, 0xc9, 0xb3, 0xa7, 0xcf, 0x9f, 0x40, 0x83, 0x0a, 0x1d, 0x4a, 0xb4, 0xa8,
    0xd1, 0xa3, 0x48, 0x93, 0x2a, 0x5d, 0xca, 0xb4, 0xa9, 0xd3, 0xa7, 0x50, 0xa3, 0x4a, 0x9d, 0x4a,
    0xb5, 0xaa, 0xd5, 0xab, 0x58, 0xb3, 0x6a, 0xdd, 0xca, 0xb5, 0xab, 0xd7, 0xaf, 0x60, 0xc3, 0x8a,
    0x1d, 0x4b, 0x15, 0x80, 0x59, 0xb2, 0x68, 0x5f, 0x9a, 0x05, 0x90, 0xb6, 0xed, 0xca, 0xb5, 0x6e,
    0xe3, 0xca, 0x9d, 0x4b, 0xb7, 0xae, 0xdd, 0xbb, 0x78, 0xf3, 0xea, 0xdd, 0xcb, 0xb7, 0xaf, 0xdf,
    0xbf, 0x80, 0x03, 0x0b, 0x1e, 0x4c, 0xb8, 0xb0, 0xe1, 0xc3, 0x88, 0x13, 0x2b, 0x5e, 0xcc, 0xb8,
    0xb1, 0xe3, 0xc7, 0x90, 0x23, 0x4b, 0x9e, 0x4c, 0xb9, 0xb2, 0xe5, 0xcb, 0x98, 0x33, 0x6b, 0xde,
    0xcc, 0xb9, 0xb3, 0xe7, 0xcf, 0xa0, 0x43, 0x8b, 0x1e, 0x4d, 0xba, 0xb4, 0xe9, 0xd3, 0xa8, 0x53,
    0xab, 0x5e, 0xcd, 0xba, 0xb5, 0xeb, 0xd7, 0xb0, 0x63, 0xcb, 0x9e, 0x4d, 0xbb, 0xb6, 0xed, 0xdb,
    0xb8, 0x73, 0xeb, 0xde, 0xcd, 0xbb, 0x37, 0x6f, 0xb8, 0xbe, 0x73, 0x02, 0x0f, 0x7e, 0x73, 0x38,
    0xf1, 0xe3, 0xc8, 0x93, 0x2b, 0x5f, 0xce, 0xbc, 0xb9, 0xf3, 0xe7, 0xd0, 0xa3, 0xa7, 0x36, 0x2e,
    0x1d, 0x25, 0xf5, 0xea, 0x24, 0xaf, 0x63, 0xdf, 0xce, 0xbd, 0xbb, 0xf7, 0xef, 0xe0, 0xc3, 0x8b,
    0x23, 0x1f, 0x4f, 0xbe, 0xbc, 0x79, 0xa9, 0x6b, 0xd9, 0x9e, 0xb7, 0x98, 0x7e, 0x3d, 0x7b, 0xed,
    0xee, 0xe3, 0xcb, 0x9f, 0x4f, 0xbf, 0xbe, 0x7d, 0x9b, 0x26, 0xef, 0x3b, 0xcc, 0xaf, 0x9f, 0x21,
    0xff, 0xb9, 0x01, 0x01, 0x00, 0x3b
};

const lv_image_dsc_t gif_face_calm = {
    .header.magic = LV_IMAGE_HEADER_MAGIC,
    .header.cf = LV_COLOR_FORMAT_RAW,
    .header.w = 0,
    .header.h = 0,
    .data_size = 42262,
    .data = gif_face_calm_data,
};
