/**
 * Auto-generated from face_success_1.gif - DO NOT EDIT
 */

#include "lvgl/lvgl.h"

#ifndef LV_ATTRIBUTE_MEM_ALIGN
#define LV_ATTRIBUTE_MEM_ALIGN
#endif

static const LV_ATTRIBUTE_MEM_ALIGN uint8_t gif_face_success_1_data[] = {
    0x47, 0x49, 0x46, 0x38, 0x39, 0x61, 0x9a, 0x01, 0xf6, 0x01, 0x81, 0x00, 0x00, 0x00, 0x00, 0x00,
    0xff, 0xff, 0xff, 0x00, 0x00, 0x00, 0x00, 0x00, 0x00, 0x21, 0xff, 0x0b, 0x4e, 0x45, 0x54, 0x53,
    0x43, 0x41, 0x50, 0x45, 0x32, 0x2e, 0x30, 0x03, 0x01, 0x00, 0x00, 0x00, 0x21, 0xf9, 0x04, 0x00,
    0x06, 0x00, 0x00, 0x00, 0x2c, 0x00, 0x00, 0x00, 0x00, 0x9a, 0x01, 0xf6, 0x01, 0x00, 0x08, 0xff,
    0x00, 0x01, 0x08, 0x1c, 0x48, 0xb0, 0xa0, 0xc1, 0x83, 0x08, 0x13, 0x2a, 0x5c, 0xc8, 0xb0, 0xa1,
    0xc3, 0x87, 0x10, 0x23, 0x4a, 0x9c, 0x48, 0xb1, 0xa2, 0xc5, 0x8b, 0x18, 0x33, 0x6a, 0xdc, 0xc8,
    0xb1, 0xa3, 0xc7, 0x8f, 0x20, 0x43, 0x8a, 0x1c, 0x49, 0xb2, 0xa4, 0xc9, 0x93, 0x28, 0x53, 0xaa,
    0x5c, 0xc9, 0xb2, 0xa5, 0xcb, 0x97, 0x30, 0x63, 0xca, 0x9c, 0x49, 0xb3, 0xa6, 0xcd, 0x9b, 0x38,
    0x73, 0xea, 0xdc, 0xc9, 0xb3, 0xa7, 0xcf, 0x9f, 0x40, 0x83, 0x0a, 0x1d, 0x4a, 0xb4, 0xa8, 0xd1,
    0xa3, 0x48, 0x93, 0x2a, 0x5d, 0xca, 0xb4, 0xa9, 0xd3, 0xa7, 0x50, 0xa3, 0x4a, 0x9d, 0x4a, 0xb5,
    0xaa, 0xd5, 0xab, 0x58, 0xb3, 0x6a, 0xdd, 0xca, 0xb5, 0xab, 0xd7, 0xaf, 0x60, 0xc3, 0x8a, 0x1d,
    0x4b, 0xb6, 0xac, 0xd9, 0xb3, 0x68, 0xd3, 0xaa, 0x5d, 0xcb, 0xb6, 0xad, 0xdb, 0xb7, 0x70, 0xe3,
    0xca, 0x9d, 0x4b, 0xb7, 0xae, 0xdd, 0xbb, 0x78, 0xf3, 0xea, 0xdd, 0xcb, 0xb7, 0xaf, 0xdf, 0xbf,
    0x80, 0x03, 0x0b, 0x1e, 0x4c, 0xb8, 0xb0, 0xe1, 0xc3, 0x88, 0x13, 0x2b, 0x5e, 0xcc, 0xb8, 0xb1,
    0xe3, 0xc7, 0x90, 0x23, 0x4b, 0x9e, 0x4c, 0xb9, 0xb2, 0xe5, 0xcb, 0x98, 0x33, 0x6b, 0xde, 0xcc,
    0xb9, 0xb3, 0xe7, 0xcf, 0xa0, 0x43, 0x8b, 0x1e, 0x4d, 0xba, 0xb4, 0xe9, 0xd3, 0xa8, 0x53, 0xab,
    0x5e, 0xcd, 0xba, 0xb5, 0xeb, 0xd7, 0xb0, 0x63, 0xcb, 0x9e, 0x4d, 0xbb, 0xb6, 0xed, 0xdb, 0xb8,
    0x73, 0xeb, 0xde, 0xcd, 0xbb, 0xb7, 0xef, 0xdf, 0xc0, 0x83, 0x0b, 0x1f, 0x4e, 0xbc, 0xb8, 0xf1,
    0xe3, 0xc8, 0x93, 0x2b, 0x5f, 0xce, 0xbc, 0xb9, 0xf3, 0xe7, 0xd0, 0xa3, 0x4b, 0x9f, 0x4e, 0xbd,
    0xba, 0xf5, 0xeb, 0xd8, 0xb3, 0x6b, 0xdf, 0xce, 0xbd, 0xbb, 0xf7, 0xef, 0xe0, 0xc3, 0x8b, 0xff,
    0x1f, 0x4f, 0xbe, 0xbc, 0xf9, 0xf3, 0xe8, 0xd3, 0xab, 0x5f, 0xcf, 0xbe, 0xbd, 0xfb, 0xf7, 0xf0,
    0xe3, 0xcb, 0x9f, 0x4f, 0xbf, 0xbe, 0xfd, 0xfb, 0xf8, 0xf3, 0xeb, 0xdf, 0xcf, 0xbf, 0xbf, 0xff,
    0xff, 0x00, 0x06, 0x28, 0xe0, 0x80, 0x04, 0x16, 0x68, 0xe0, 0x81, 0x08, 0x26, 0xa8, 0xe0, 0x82,
    0x0c, 0x36, 0xe8, 0xe0, 0x83, 0x10, 0x46, 0x28, 0xe1, 0x84, 0x14, 0x56, 0x68, 0xe1, 0x85, 0x18,
    0x66, 0xa8, 0xe1, 0x86, 0x1c, 0x76, 0xe8, 0xe1, 0x87, 0x20, 0x86, 0x28, 0xe2, 0x88, 0x24, 0x96,
    0x68, 0xe2, 0x89, 0x28, 0xa6, 0xa8, 0xe2, 0x8a, 0x2c, 0xb6, 0xe8, 0xe2, 0x8b, 0x30, 0xc6, 0x28,
    0xe3, 0x8c, 0x34, 0xd6, 0x68, 0xe3, 0x8d, 0x38, 0xe6, 0xa8, 0xe3, 0x8e, 0x3c, 0xf6, 0xe8, 0xe3,
    0x8f, 0x40, 0x06, 0x29, 0xe4, 0x90, 0x44, 0x16, 0x69, 0xe4, 0x91, 0x48, 0x26, 0xa9, 0xe4, 0x92,
    0x4c, 0x36, 0xe9, 0xe4, 0x93, 0x50, 0x46, 0x29, 0xe5, 0x94, 0x54, 0x56, 0x69, 0xe5, 0x95, 0x58,
    0x66, 0xa9, 0xe5, 0x96, 0x5c, 0x76, 0xe9, 0xe5, 0x97, 0x60, 0x86, 0x29, 0xe6, 0x98, 0x3e, 0x05,
    0x60, 0x66, 0x67, 0x66, 0x06, 0x70, 0x5f, 0x9a, 0x68, 0x9e, 0x69, 0x1f, 0x9b, 0x9c, 0xc1, 0x59,
    0x9f, 0x9c, 0x9a, 0xd1, 0x09, 0x5f, 0x9a, 0x78, 0xda, 0x19, 0x59, 0x9e, 0x79, 0xde, 0xc9, 0xa7,
    0x9e, 0x90, 0xfd, 0x09, 0x68, 0x7a, 0x82, 0xba, 0x49, 0x59, 0xa1, 0x6a, 0xa2, 0x86, 0x27, 0x50,
    0x88, 0xf2, 0x69, 0xd4, 0xa0, 0x3f, 0x35, 0xda, 0x67, 0x69, 0x8b, 0x46, 0x2a, 0x29, 0xa4, 0x3d,
    0x61, 0x9a, 0xe9, 0xa5, 0x86, 0x8e, 0x56, 0x69, 0x99, 0x9c, 0x26, 0x4a, 0x94, 0xa6, 0x3c, 0x85,
    0x2a, 0x2a, 0x68, 0x88, 0x32, 0x5a, 0xe8, 0xa3, 0xab, 0x16, 0x95, 0xaa, 0x50, 0xa4, 0x52, 0xff,
    0xf5, 0x2a, 0xa8, 0x82, 0xb2, 0x5a, 0xab, 0xab, 0xad, 0x06, 0x15, 0xeb, 0x54, 0xb3, 0x6e, 0x7a,
    0xeb, 0xa8, 0xb9, 0x0e, 0xd5, 0xab, 0xa5, 0xa7, 0x66, 0x65, 0xaa, 0xaa, 0xc5, 0x22, 0xb5, 0xab,
    0x45, 0xcb, 0x5e, 0xd4, 0x2c, 0x4d, 0xc1, 0x5a, 0x75, 0x2c, 0xb1, 0x4d, 0x3d, 0x3b, 0x91, 0xb5,
    0x14, 0x61, 0x1b, 0x53, 0xb4, 0x55, 0x4d, 0x4b, 0x6b, 0xb5, 0x9d, 0x82, 0xa4, 0xad, 0x44, 0xe3,
    0xbe, 0xc4, 0xed, 0x55, 0xc3, 0xa2, 0x55, 0x6e, 0x68, 0xde, 0x4a, 0x7b, 0xae, 0x59, 0xeb, 0xa2,
    0x1a, 0xaa, 0xb1, 0xef, 0x96, 0x15, 0xef, 0x67, 0xed, 0x76, 0x5b, 0x2f, 0x59, 0xf7, 0x7a, 0x96,
    0x2f, 0xba, 0xfd, 0x0a, 0xf4, 0xe9, 0x78, 0x01, 0x27, 0xb4, 0xaf, 0xbb, 0xe1, 0x3a, 0x5b, 0xb0,
    0x72, 0x0b, 0x1f, 0x74, 0xb0, 0xbe, 0x09, 0x33, 0xdb, 0x30, 0x72, 0x13, 0x17, 0xf4, 0x30, 0x99,
    0x24, 0x55, 0x3c, 0xd0, 0xc0, 0x18, 0x3b, 0x1c, 0x31, 0x47, 0x1c, 0x77, 0x6c, 0xf1, 0xc7, 0x1b,
    0x85, 0x2c, 0xb2, 0x49, 0xe9, 0x9e, 0x2c, 0x52, 0xca, 0x2a, 0x8b, 0x7b, 0x71, 0xcb, 0x20, 0x6b,
    0x0c, 0xb3, 0x42, 0x26, 0xcf, 0x3c, 0x52, 0xcd, 0x36, 0xe7, 0xac, 0xf3, 0xce, 0x3c, 0xf7, 0xec,
    0xf3, 0xcf, 0x40, 0x07, 0x2d, 0x34, 0xb5, 0xfc, 0xb1, 0x2c, 0x96, 0xcc, 0x00, 0x20, 0xad, 0x9d,
    0xd1, 0x61, 0x21, 0xad, 0x74, 0x76, 0x4c, 0x83, 0x55, 0x71, 0xd4, 0x10, 0x9b, 0xfa, 0xb4, 0x53,
    0x56, 0x67, 0x9d, 0x6c, 0x5f, 0x54, 0xcb, 0xaa, 0x35, 0xc9, 0x6a, 0x7d, 0xfd, 0x2f, 0xd7, 0x2f,
    0x4b, 0x25, 0xf6, 0xd6, 0x6c, 0x9d, 0xcd, 0xa9, 0x61, 0x57, 0x43, 0xab, 0xf6, 0xbc, 0xf6, 0xbe,
    0xfd, 0xf5, 0x60, 0x6d, 0xcf, 0x24, 0xf7, 0xda, 0x71, 0xdf, 0x6d, 0x35, 0xdd, 0x60, 0x43, 0xff,
    0xa5, 0xb7, 0xa4, 0xf0, 0xfe, 0x3d, 0x36, 0x5f, 0x75, 0xcb, 0x24, 0x78, 0xd7, 0xf4, 0x1e, 0x7e,
    0x69, 0x77, 0x8a, 0xe3, 0xdd, 0x74, 0xe3, 0x70, 0x63, 0x07, 0x39, 0xe0, 0x47, 0x4f, 0xbe, 0x38,
    0xd4, 0x96, 0x97, 0xed, 0x75, 0xe6, 0x88, 0x27, 0xc7, 0xb9, 0xe3, 0x5a, 0x7d, 0x7e, 0x79, 0x75,
    0xa2, 0x53, 0xbe, 0x55, 0xe9, 0x8d, 0x5e, 0x87, 0x7a, 0xe7, 0x58, 0xaf, 0xfe, 0x2b, 0x75, 0xae,
    0xbf, 0x9e, 0x78, 0xec, 0x7f, 0xc2, 0x4e, 0xfb, 0xa4, 0xa7, 0xdf, 0x5e, 0xfb, 0x74, 0xba, 0xe3,
    0xbc, 0x79, 0xef, 0x85, 0xaf, 0x06, 0x7c, 0xdf, 0x66, 0x0f, 0x1f, 0xbc, 0x6a, 0xc6, 0x77, 0x65,
    0xfc, 0xf1, 0xa9, 0x25, 0xcf, 0xd5, 0xf2, 0xc4, 0x13, 0x07, 0x7d, 0xf4, 0x7e, 0x43, 0x0f, 0xdd,
    0xf4, 0x68, 0x57, 0x3d, 0xfc, 0xf5, 0xd3, 0x2b, 0x6f, 0xfd, 0x73, 0xd8, 0x7b, 0xbf, 0x3c, 0xf7,
    0xdf, 0xe7, 0x1e, 0x3e, 0x73, 0xe7, 0x9b, 0xdf, 0x3d, 0xfa, 0xeb, 0xab, 0x5f, 0x3e, 0xc3, 0xed,
    0x87, 0x8e, 0x7d, 0xf6, 0xdf, 0x0a, 0x96, 0xbe, 0xfc, 0xf7, 0x0b, 0x4b, 0x7d, 0x5d, 0xf9, 0x63,
    0x35, 0x3f, 0xfd, 0xbe, 0xe2, 0xdb, 0xfb, 0x66, 0x37, 0x40, 0x62, 0x39, 0xea, 0x2f, 0xfd, 0x03,
    0x58, 0x02, 0x7d, 0x75, 0x40, 0xbf, 0x2c, 0x50, 0x7b, 0xe3, 0xd3, 0xdf, 0xee, 0x1c, 0x18, 0x3f,
    0x02, 0x46, 0x10, 0x57, 0x00, 0xc4, 0xcb, 0x03, 0x7f, 0x57, 0x40, 0x5d, 0xed, 0x8f, 0x2e, 0x1b,
    0xe4, 0xd5, 0xfc, 0x8e, 0xc2, 0x3c, 0x05, 0x5e, 0x10, 0x7f, 0x15, 0xa4, 0x58, 0x0a, 0x4d, 0xd8,
    0x41, 0xe3, 0x84, 0xb0, 0x78, 0x2f, 0x0c, 0x4e, 0x0c, 0xab, 0x37, 0xc3, 0xb9, 0x94, 0x30, 0x66,
    0x2d, 0x84, 0xa0, 0xf3, 0x10, 0xf8, 0xc1, 0x9c, 0xd4, 0xb0, 0x75, 0x3f, 0x8c, 0xcb, 0x0d, 0xff,
    0x4b, 0xb6, 0x42, 0x84, 0x15, 0xb1, 0x38, 0x41, 0x64, 0xca, 0xff, 0x9a, 0x93, 0xc4, 0xa5, 0x2c,
    0x91, 0x7d, 0x39, 0xe4, 0xe0, 0x09, 0x3d, 0x77, 0x44, 0x29, 0xee, 0x10, 0x7e, 0x51, 0x14, 0x61,
    0x13, 0x75, 0xb3, 0xc5, 0xa4, 0x3c, 0x71, 0x39, 0x5d, 0x54, 0xd6, 0x08, 0xa1, 0x38, 0x45, 0xff,
    0x8d, 0x11, 0x8c, 0x55, 0xd4, 0x62, 0x1a, 0x85, 0x13, 0x46, 0x12, 0x9e, 0x11, 0x8b, 0x65, 0x64,
    0x61, 0x1c, 0x5d, 0xb8, 0xc6, 0xa8, 0x7c, 0x11, 0x8e, 0x57, 0xb4, 0x60, 0x1e, 0x55, 0x98, 0x45,
    0x18, 0xee, 0x11, 0x8f, 0xdb, 0x7b, 0x5e, 0x1f, 0xa5, 0x57, 0x47, 0x1a, 0xfe, 0x91, 0x8a, 0x83,
    0x34, 0x64, 0x20, 0x9d, 0xd3, 0x46, 0x5b, 0x1d, 0x92, 0x8f, 0x73, 0xd4, 0xa1, 0xee, 0xc8, 0x17,
    0x49, 0x2b, 0x4e, 0x12, 0x7c, 0x85, 0x7c, 0x4a, 0x26, 0x65, 0xb8, 0x49, 0x70, 0x55, 0x12, 0x90,
    0xb4, 0x13, 0xdf, 0x23, 0xd1, 0x08, 0x3c, 0x51, 0x2e, 0x32, 0x3a, 0xa3, 0x54, 0xe3, 0x29, 0x29,
    0x79, 0x49, 0xf7, 0x95, 0x92, 0x77, 0xab, 0x34, 0xe3, 0x2b, 0x49, 0x17, 0x4b, 0x39, 0x86, 0xd2,
    0x3a, 0xa9, 0xf4, 0x63, 0x2b, 0x6d, 0x37, 0x4b, 0x53, 0xba, 0x4e, 0x75, 0xb5, 0xd4, 0x23, 0xea,
    0x80, 0xd9, 0x4b, 0x41, 0xde, 0x6e, 0x69, 0xbb, 0x94, 0x58, 0x06, 0x15, 0xe6, 0x3b, 0x88, 0xf4,
    0x0e, 0x99, 0xc7, 0xcc, 0x88, 0xd3, 0x70, 0xc7, 0xcc, 0x5b, 0x4a, 0x2e, 0x99, 0x15, 0x99, 0x66,
    0x33, 0x1f, 0xf2, 0x4c, 0xcc, 0xfd, 0x12, 0x23, 0xa3, 0xcb, 0x56, 0xe4, 0x94, 0x29, 0x3a, 0xc6,
    0xc5, 0x4e, 0x9a, 0xa6, 0x13, 0x27, 0xe8, 0xb2, 0x39, 0x4c, 0xee, 0x58, 0x93, 0x9c, 0x9a, 0xf3,
    0xd8, 0x3a, 0xd5, 0x59, 0xce, 0xef, 0xac, 0x0e, 0x9d, 0xc1, 0xa4, 0xe7, 0xdf, 0xce, 0x73, 0xff,
    0x4f, 0x70, 0xe6, 0xd2, 0x99, 0x8a, 0xe3, 0x67, 0x3b, 0xab, 0xd9, 0x4d, 0x8d, 0x34, 0x4e, 0xa0,
    0xa5, 0xc3, 0x67, 0x31, 0x09, 0xaa, 0x37, 0xf5, 0x1c, 0xf4, 0x23, 0x05, 0x3d, 0xd1, 0x43, 0x3d,
    0x12, 0x51, 0x13, 0x4d, 0xb4, 0x23, 0x15, 0x55, 0xd9, 0x39, 0x6d, 0xb6, 0xd1, 0x99, 0x75, 0x34,
    0x67, 0x96, 0x13, 0x5a, 0x48, 0x83, 0x36, 0xd2, 0xa1, 0x19, 0x64, 0x6e, 0x26, 0x65, 0x08, 0x4a,
    0x53, 0x4a, 0x33, 0xad, 0xb1, 0xf4, 0xa5, 0x30, 0x8d, 0xa9, 0x4c, 0x67, 0x4a, 0xd3, 0x9a, 0xda,
    0xf4, 0xa6, 0x38, 0xcd, 0xa9, 0x4e, 0x77, 0xca, 0xd3, 0x9e, 0xfa, 0xf4, 0xa7, 0x40, 0x0d, 0xaa,
    0x50, 0x87, 0x4a, 0xd4, 0xa2, 0x1a, 0xf5, 0xa8, 0x48, 0x4d, 0xaa, 0x52, 0x97, 0x3a, 0xb4, 0x21,
    0x9e, 0xcc, 0xa9, 0x22, 0x83, 0xea, 0x98, 0xe2, 0x99, 0x17, 0xa9, 0xb2, 0x73, 0x99, 0xad, 0xa1,
    0xaa, 0x06, 0x7b, 0x68, 0x13, 0xab, 0x1e, 0x46, 0xab, 0x77, 0xf1, 0xea, 0xb5, 0xb8, 0xaa, 0x28,
    0xd9, 0x15, 0x46, 0xac, 0xe4, 0x22, 0x2b, 0xf2, 0xd4, 0x6a, 0x17, 0xd6, 0xcd, 0x07, 0xad, 0x96,
    0x64, 0xab, 0x7b, 0xe0, 0xaa, 0x4a, 0x6a, 0x3e, 0x89, 0xae, 0x23, 0xc3, 0x6a, 0x92, 0xf0, 0x4a,
    0x10, 0xbe, 0x76, 0xc8, 0xaf, 0x02, 0x93, 0x2b, 0x53, 0x07, 0x4b, 0xd8, 0xc2, 0x1a, 0xf6, 0xb0,
    0x88, 0x4d, 0xac, 0x62, 0x17, 0xcb, 0xd8, 0xc6, 0x3a, 0xf6, 0xb1, 0x90, 0x8d, 0xac, 0x64, 0x27,
    0x4b, 0xd9, 0xca, 0x5a, 0xf6, 0xb2, 0x98, 0xcd, 0xac, 0x66, 0x37, 0xcb, 0xd9, 0xce, 0x7a, 0xf6,
    0xb3, 0xa0, 0x0d, 0xad, 0x68, 0x47, 0x4b, 0xda, 0xd2, 0x9a, 0xf6, 0xb4, 0xa8, 0x4d, 0xad, 0x6a,
    0x57, 0xcb, 0xda, 0xd6, 0xba, 0xf6, 0xb5, 0xb0, 0x8d, 0xad, 0x6c, 0x67, 0x4b, 0xdb, 0xda, 0x7e,
    0xda, 0xf6, 0xb6, 0xb8, 0xcd, 0xad, 0x6e, 0x77, 0xcb, 0xdb, 0xde, 0xfa, 0xf6, 0xb7, 0xc0, 0x0d,
    0xae, 0x70, 0x87, 0x4b, 0xdc, 0xe2, 0x1a, 0xf7, 0xb8, 0xc8, 0x4d, 0xae, 0x72, 0x97, 0xcb, 0xdc,
    0xe6, 0x3a, 0xf7, 0xb9, 0xd0, 0x8d, 0xae, 0x74, 0xa7, 0x4b, 0xdd, 0xea, 0x5a, 0xf7, 0xba, 0xd8,
    0xcd, 0xae, 0x76, 0xb7, 0xcb, 0xdd, 0xee, 0x7a, 0xf7, 0xbb, 0xe0, 0x0d, 0xaf, 0x78, 0xc7, 0x4b,
    0xde, 0xf2, 0x9a, 0xf7, 0xbc, 0xe8, 0x4d, 0xaf, 0x7a, 0xd7, 0xcb, 0xde, 0xf6, 0xba, 0xf7, 0xbd,
    0xf0, 0x8d, 0xaf, 0x7c, 0xe7, 0x4b, 0xdf, 0xfa, 0xda, 0xf7, 0xbe, 0xf8, 0xcd, 0xaf, 0x7e, 0xf7,
    0xcb, 0xdf, 0xfe, 0xfa, 0xf7, 0xbf, 0x00, 0x0e, 0xb0, 0x80, 0x07, 0x4c, 0xe0, 0x02, 0x1b, 0xf8,
    0xc0, 0x08, 0x4e, 0xb0, 0x82, 0x17, 0xcc, 0xe0, 0x06, 0x3b, 0x18, 0x40, 0x01, 0x01, 0x00, 0x21,
    0xf9, 0x04, 0x01, 0x06, 0x00, 0x02, 0x00, 0x2c, 0x63, 0x00, 0xc4, 0x00, 0xd0, 0x00, 0x63, 0x00,
    0x81, 0x00, 0x00, 0x00, 0xff, 0xff, 0xff, 0x00, 0x00, 0x00, 0x00, 0x00, 0x00, 0x08, 0xff, 0x00,
    0x05, 0x08, 0x1c, 0x48, 0xb0, 0xa0, 0xc1, 0x83, 0x08, 0x13, 0x2a, 0x5c, 0xc8, 0xb0, 0xa1, 0xc3,
    0x87, 0x10, 0x23, 0x4a, 0x2c, 0x08, 0xa0, 0xa2, 0xc5, 0x8b, 0x13, 0x33, 0x6a, 0xdc, 0xc8, 0xb1,
    0xa3, 0xc7, 0x8f, 0x12, 0x2f, 0x8a, 0x04, 0x00, 0xb2, 0xa4, 0xc9, 0x93, 0x28, 0x53, 0x6a, 0x1c,
    0x89, 0x51, 0xe5, 0x42, 0x96, 0x30, 0x59, 0xba, 0x9c, 0x49, 0x53, 0x61, 0x4b, 0x8e, 0x32, 0x5d,
    0xc6, 0xdc, 0x69, 0xb1, 0xa6, 0xcf, 0x9f, 0x02, 0x6e, 0x6e, 0xcc, 0xa9, 0x92, 0x27, 0x4f, 0xa0,
    0x48, 0x75, 0xf6, 0xec, 0x48, 0x74, 0xe8, 0x48, 0x8f, 0x4d, 0x93, 0x4a, 0x6d, 0xb8, 0x74, 0x6a,
    0xc8, 0xa7, 0x4c, 0xb1, 0x5a, 0xdd, 0x9a, 0xb0, 0x2a, 0x57, 0x87, 0x51, 0x33, 0x86, 0xfd, 0xfa,
    0xd5, 0x2b, 0xd9, 0x97, 0x5a, 0x9d, 0x8a, 0x3c, 0xcb, 0x36, 0x68, 0xc5, 0xb6, 0x5d, 0xdf, 0xfa,
    0x34, 0x0b, 0xb7, 0x2e, 0x5b, 0xba, 0x45, 0xe5, 0xda, 0xdd, 0x7b, 0x16, 0x6f, 0x4a, 0xbf, 0x7c,
    0x03, 0xd7, 0x04, 0x4c, 0x93, 0xb0, 0xe0, 0xc3, 0x25, 0x0d, 0x2b, 0x25, 0x89, 0xb8, 0x71, 0x5e,
    0xc6, 0x52, 0x15, 0x3b, 0x9e, 0x4c, 0xb9, 0xb2, 0xe5, 0xcb, 0x98, 0x33, 0x6b, 0xde, 0xcc, 0xb9,
    0xb3, 0xe7, 0xcf, 0xa0, 0x43, 0x8b, 0x1e, 0x4d, 0xba, 0xb4, 0xe9, 0xc0, 0x01, 0x52, 0x9f, 0x5e,
    0x4d, 0x33, 0x75, 0x00, 0xd6, 0xb0, 0x53, 0xba, 0x8e, 0x4d, 0xbb, 0xe4, 0xec, 0xda, 0xb8, 0x73,
    0xeb, 0xde, 0xcd, 0xbb, 0xf7, 0xc9, 0xdb, 0xbe, 0x83, 0x23, 0x04, 0x2e, 0xbc, 0xf8, 0x40, 0xe2,
    0xc6, 0x93, 0x22, 0x3f, 0xbb, 0x3c, 0xf9, 0xcf, 0xe6, 0x5f, 0xa1, 0x3b, 0x6f, 0xad, 0xba, 0xae,
    0xf4, 0xe9, 0x2e, 0xaf, 0x5b, 0xd5, 0x8e, 0x1d, 0x25, 0x77, 0xa9, 0xdf, 0xbb, 0xdb, 0xff, 0xae,
    0x0e, 0x37, 0xbc, 0xf8, 0x8f, 0xe6, 0x81, 0xa6, 0x3f, 0xcf, 0x71, 0xbd, 0x4f, 0xf7, 0xec, 0x33,
    0xc2, 0xa7, 0xfe, 0x3a, 0x3e, 0x7d, 0xbb, 0xf3, 0xed, 0x43, 0xcc, 0x9f, 0x9d, 0xbc, 0x7e, 0xd9,
    0xfe, 0xb1, 0xc5, 0xdf, 0x7f, 0x0c, 0x0d, 0x08, 0x60, 0x7d, 0x04, 0x7a, 0x17, 0x20, 0x73, 0x0b,
    0x26, 0x88, 0x5e, 0x83, 0xd1, 0x41, 0xe8, 0x60, 0x7b, 0x12, 0x6e, 0x65, 0xe0, 0x84, 0x06, 0x5d,
    0x88, 0x61, 0x63, 0x1a, 0x6e, 0x78, 0x58, 0x87, 0x1e, 0xa2, 0x56, 0x61, 0x88, 0x9d, 0x81, 0x48,
    0x22, 0x7e, 0x23, 0x9e, 0xa8, 0x99, 0x89, 0x2a, 0xb6, 0xc5, 0x62, 0x8b, 0x0c, 0x22, 0x08, 0xe3,
    0x67, 0x2f, 0xce, 0x68, 0xa3, 0x8a, 0x35, 0xde, 0x38, 0x55, 0x8e, 0x3a, 0x2a, 0x97, 0x62, 0x8f,
    0x1c, 0xfe, 0x08, 0xe4, 0x87, 0x42, 0x0e, 0x29, 0xa2, 0x8c, 0x46, 0x26, 0xa9, 0xe4, 0x92, 0xa4,
    0xb9, 0x86, 0x24, 0x93, 0x88, 0x39, 0x09, 0x25, 0x65, 0x52, 0x4e, 0xe9, 0x58, 0x95, 0x56, 0x46,
    0xc9, 0x63, 0x96, 0x13, 0x2d, 0x87, 0x25, 0x97, 0x64, 0x79, 0xb9, 0x25, 0x98, 0xfb, 0x15, 0x09,
    0xe5, 0x98, 0x64, 0x76, 0x84, 0x66, 0x9a, 0x1b, 0xad, 0x49, 0xe1, 0x93, 0xdd, 0x49, 0x06, 0x9a,
    0x9b, 0x9c, 0xc9, 0x49, 0xa3, 0x99, 0xbd, 0xd9, 0x79, 0x22, 0x9d, 0x57, 0x41, 0x66, 0x25, 0x9f,
    0x11, 0xe9, 0x69, 0x23, 0xa0, 0x10, 0x09, 0x5a, 0x1a, 0xa1, 0x53, 0xc5, 0xc4, 0x1e, 0xa2, 0x91,
    0xc1, 0xb4, 0x28, 0x9e, 0x99, 0x29, 0x7a, 0x1e, 0xa3, 0x49, 0x49, 0x4a, 0xe6, 0x97, 0x9b, 0x61,
    0xfa, 0x1c, 0xa5, 0xbf, 0x71, 0x6a, 0x92, 0xa6, 0xef, 0x79, 0x3a, 0x1e, 0xa4, 0x47, 0xc2, 0x59,
    0x13, 0xa8, 0x6c, 0xa6, 0xaa, 0xea, 0xaa, 0xac, 0xb6, 0xea, 0xea, 0xab, 0xb0, 0x1e, 0x0c, 0x47,
    0x6a, 0xac, 0x9d, 0x9a, 0x4a, 0xab, 0x7a, 0xb3, 0xe6, 0x16, 0x10, 0x00, 0x21, 0xf9, 0x04, 0x01,
    0x06, 0x00, 0x02, 0x00, 0x2c, 0x63, 0x00, 0xc7, 0x00, 0xd0, 0x00, 0x5d, 0x00, 0x81, 0x00, 0x00,
    0x00, 0xff, 0xff, 0xff, 0x00, 0x00, 0x00, 0x00, 0x00, 0x00, 0x08, 0xff, 0x00, 0x05, 0x08, 0x1c,
    0x48, 0xb0, 0xa0, 0xc1, 0x83, 0x08, 0x13, 0x2a, 0x5c, 0xc8, 0xb0, 0xa1, 0xc3, 0x87, 0x10, 0x23,
    0x2e, 0x04, 0x40, 0xb1, 0xa2, 0xc4, 0x8b, 0x18, 0x33, 0x6a, 0xdc, 0xc8, 0xb1, 0xa3, 0x47, 0x82,
    0x15, 0x2d, 0x7e, 0x1c, 0x49, 0xb2, 0xa4, 0xc9, 0x93, 0x1c, 0x43, 0x52, 0x44, 0xd9, 0x51, 0x24,
    0xcb, 0x97, 0x30, 0x63, 0xca, 0xdc, 0xe8, 0x72, 0xa6, 0xcd, 0x9b, 0x38, 0x6d, 0xd6, 0xcc, 0xc9,
    0xb3, 0xa7, 0x4f, 0x9a, 0x2b, 0x7f, 0x0a, 0x1d, 0x4a, 0xb4, 0xa8, 0xd1, 0xa3, 0x48, 0x93, 0x2a,
    0x5d, 0xca, 0xb4, 0xa9, 0xd3, 0xa7, 0x50, 0xa3, 0x4a, 0x9d, 0x4a, 0xb5, 0xaa, 0xd5, 0xab, 0x58,
    0xb3, 0x6a, 0xdd, 0xca, 0xb5, 0xab, 0xd7, 0xaf, 0x60, 0xc3, 0x8a, 0x1d, 0x4b, 0xb6, 0xac, 0xd9,
    0xb3, 0x68, 0xd3, 0xaa, 0x25, 0xba, 0x73, 0xad, 0xdb, 0x8c, 0x6d, 0xdf, 0xca, 0x85, 0x18, 0x77,
    0xae, 0xdd, 0x89, 0x41, 0xef, 0xea, 0xdd, 0xcb, 0xb7, 0xaf, 0xdf, 0xbb, 0x75, 0xff, 0xea, 0x0d,
    0x2c, 0xd8, 0x2e, 0xe1, 0xc2, 0x72, 0x0f, 0x23, 0x76, 0xab, 0x78, 0xb1, 0xda, 0xc6, 0x8e, 0xd1,
    0x42, 0x8e, 0x6c, 0x76, 0x32, 0x65, 0xb2, 0x96, 0x2f, 0x8b, 0xcd, 0xac, 0x19, 0x2c, 0xe7, 0xce,
    0x5e, 0x3f, 0x83, 0xe6, 0x2a, 0x7a, 0xb4, 0xd6, 0xd2, 0xa6, 0xb1, 0xa2, 0x4e, 0x6d, 0x75, 0x35,
    0x6b, 0xaa, 0xae, 0x5f, 0x4b, 0x8d, 0x2d, 0x1b, 0x2a, 0xed, 0xda, 0xb8, 0x73, 0xeb, 0xde, 0xcd,
    0xbb, 0xb7, 0xef, 0xdf, 0xc0, 0x83, 0x17, 0xbc, 0x2d, 0x5c, 0x28, 0xf1, 0xe2, 0x3e, 0x8f, 0x23,
    0xe7, 0xa9, 0x7c, 0xb9, 0xf3, 0xe7, 0xd0, 0xa3, 0x4b, 0x9f, 0x4e, 0xbd, 0xba, 0xf5, 0xeb, 0xd8,
    0xb3, 0x6b, 0xdf, 0xce, 0xbd, 0xbb, 0xf7, 0xef, 0xe0, 0xc3, 0x8b, 0x76, 0x1f, 0x4f, 0xbe, 0xbc,
    0xf9, 0xf3, 0xe8, 0xd3, 0xab, 0x5f, 0xcf, 0xde, 0x60, 0x80, 0xf7, 0xd8, 0xdf, 0x07, 0x60, 0x2a,
    0x3f, 0x3e, 0xfc, 0xa5, 0xf5, 0xaf, 0xe7, 0xf7, 0xbd, 0xbf, 0x61, 0xc8, 0x84, 0xcd, 0x0d, 0x25,
    0xdf, 0x7c, 0x6a, 0xf5, 0xc7, 0xd0, 0x7f, 0x08, 0x05, 0x28, 0xd4, 0x80, 0x6b, 0x19, 0x88, 0x57,
    0x5e, 0x06, 0x29, 0xf8, 0x13, 0x83, 0x05, 0xde, 0xe7, 0x10, 0x82, 0x07, 0x49, 0xe8, 0x13, 0x85,
    0x1b, 0x39, 0xc8, 0xdd, 0x80, 0x16, 0xe2, 0xe4, 0xe1, 0x76, 0x20, 0x12, 0x98, 0xd3, 0x88, 0xda,
    0x95, 0x68, 0x54, 0x89, 0x2c, 0xb6, 0xc8, 0x61, 0x7b, 0x0f, 0xb9, 0x28, 0xa3, 0x8a, 0x30, 0x42,
    0x34, 0xe3, 0x8d, 0x21, 0xd6, 0x68, 0x1a, 0x8a, 0x3a, 0x8e, 0xc4, 0x63, 0x8f, 0x1e, 0xfd, 0xa8,
    0x55, 0x40, 0x00, 0x21, 0xf9, 0x04, 0x01, 0x06, 0x00, 0x02, 0x00, 0x2c, 0x63, 0x00, 0xc7, 0x00,
    0xd0, 0x00, 0x67, 0x00, 0x81, 0x00, 0x00, 0x00, 0xff, 0xff, 0xff, 0x00, 0x00, 0x00, 0x00, 0x00,
    0x00, 0x08, 0xff, 0x00, 0x05, 0x08, 0x1c, 0x48, 0xb0, 0xa0, 0xc1, 0x83, 0x08, 0x13, 0x2a, 0x5c,
    0xc8, 0xb0, 0xa1, 0xc3, 0x87, 0x10, 0x23, 0x46, 0x04, 0x40, 0xb1, 0xa2, 0xc5, 0x8b, 0x16, 0x25,
    0x6a, 0xdc, 0xc8, 0xb1, 0xa3, 0xc7, 0x8f, 0x20, 0x27, 0x62, 0x1c, 0x79, 0x31, 0xa4, 0xc9, 0x93,
    0x28, 0x53, 0xaa, 0x94, 0x48, 0xb2, 0x25, 0xc5, 0x95, 0x0a, 0x5d, 0xca, 0x04, 0x00, 0xb3, 0xa6,
    0xcd, 0x98, 0x33, 0x73, 0xea, 0x7c, 0xa9, 0x72, 0xe7, 0xc8, 0x9b, 0x40, 0x83, 0x0a, 0xf0, 0x49,
    0xb4, 0xe5, 0xca, 0xa2, 0x19, 0x85, 0x2a, 0x3d, 0x8a, 0xb4, 0x29, 0xcf, 0x94, 0x4e, 0x69, 0x2e,
    0x9d, 0x7a, 0x32, 0x6a, 0xd3, 0x8e, 0x56, 0x7d, 0x52, 0xdd, 0xfa, 0x30, 0x6b, 0x56, 0x8d, 0x5e,
    0x75, 0x72, 0x1d, 0xbb, 0x30, 0x6c, 0x54, 0xb0, 0x66, 0x65, 0x92, 0x5d, 0x7b, 0x30, 0xed, 0xd5,
    0xae, 0x6e, 0x77, 0xb2, 0x25, 0x1b, 0xd7, 0x29, 0xc4, 0xba, 0x62, 0xe7, 0x72, 0xc5, 0x8b, 0xf4,
    0x2e, 0x5f, 0xb5, 0x7a, 0xb7, 0xfe, 0x25, 0xda, 0x70, 0xb0, 0xd6, 0xc0, 0x4a, 0x0d, 0x17, 0xc5,
    0xa9, 0x78, 0x26, 0xe2, 0xc4, 0x8d, 0xe5, 0x26, 0x8c, 0xec, 0xf8, 0x71, 0x50, 0xca, 0x79, 0x11,
    0x62, 0x76, 0x69, 0xf9, 0xf2, 0xd3, 0xce, 0x02, 0x37, 0x1b, 0x05, 0x6d, 0xb3, 0x22, 0xe9, 0x81,
    0xa2, 0x49, 0x9e, 0xae, 0x69, 0xba, 0x73, 0xd2, 0xd5, 0xb0, 0x63, 0x37, 0x0c, 0x40, 0x1b, 0x75,
    0x6b, 0xd9, 0xb8, 0x73, 0x13, 0xa4, 0x1d, 0xc0, 0xf6, 0x67, 0xdd, 0xc0, 0x61, 0xf3, 0xf6, 0x2d,
    0x35, 0xb8, 0xf1, 0xd3, 0xc3, 0x8f, 0x2b, 0x5f, 0xce, 0xbc, 0xb9, 0xf3, 0xe7, 0xd0, 0xa3, 0x4b,
    0x9f, 0x4e, 0xbd, 0xba, 0xf5, 0xeb, 0xd8, 0xdb, 0xfe, 0xce, 0xce, 0xdd, 0xe4, 0xed, 0xee, 0xe0,
    0x41, 0x7e, 0xff, 0x0f, 0x4f, 0xbe, 0xbc, 0xf9, 0xf3, 0xe8, 0xd3, 0xab, 0x5f, 0xcf, 0xbe, 0xbd,
    0xfb, 0xf7, 0xf0, 0xe3, 0xcb, 0x9f, 0x4f, 0xbf, 0xbe, 0xfd, 0xfb, 0xf8, 0xf3, 0xeb, 0xdf, 0xcf,
    0xbf, 0xbf, 0xff, 0xff, 0x00, 0x06, 0x28, 0xe0, 0x80, 0x04, 0x16, 0x68, 0xe0, 0x81, 0x08, 0xa6,
    0x94, 0x5c, 0x82, 0xce, 0x2d, 0xc8, 0x20, 0x73, 0x0e, 0x3e, 0xa8, 0x5c, 0x84, 0x12, 0x56, 0x68,
    0xe1, 0x85, 0x18, 0x66, 0xa8, 0xe1, 0x86, 0x1c, 0x76, 0xe8, 0xe1, 0x87, 0x20, 0x86, 0x28, 0xe2,
    0x88, 0x24, 0x96, 0x68, 0xe2, 0x89, 0xea, 0xbd, 0x86, 0xe2, 0x5c, 0x2a, 0xae, 0xb8, 0x56, 0x8b,
    0x2e, 0xc6, 0x28, 0xe3, 0x8c, 0x34, 0x32, 0x38, 0x1e, 0x4c, 0x37, 0x46, 0x44, 0x61, 0x85, 0x39,
    0xf6, 0xb4, 0x9d, 0x8e, 0xb5, 0x69, 0xd8, 0x23, 0x54, 0x3f, 0x42, 0xb4, 0xe3, 0x63, 0x43, 0xc2,
    0x96, 0x53, 0x48, 0x4b, 0x56, 0x97, 0xe4, 0x6a, 0x4d, 0x7e, 0x14, 0xe5, 0x74, 0x4f, 0x9e, 0x36,
    0x25, 0x56, 0x95, 0x31, 0x78, 0x64, 0x59, 0x8b, 0xc1, 0xd5, 0xe5, 0x46, 0xbc, 0x6d, 0x79, 0x9e,
    0x98, 0x93, 0x7d, 0x59, 0x58, 0x5f, 0x1c, 0x85, 0x19, 0xa4, 0x7b, 0x64, 0x6a, 0x66, 0x26, 0x43,
    0x6f, 0x81, 0xa9, 0x26, 0x7c, 0x6d, 0x6a, 0x47, 0x98, 0x97, 0x77, 0xca, 0x19, 0x66, 0x7b, 0x75,
    0xc2, 0x89, 0x99, 0x41, 0x30, 0x6a, 0xa4, 0xe6, 0xa0, 0x6b, 0x1e, 0x44, 0xe8, 0x9c, 0xc0, 0xf5,
    0xc9, 0x25, 0x65, 0x80, 0x56, 0x39, 0xdb, 0xa1, 0x7b, 0x26, 0x04, 0xa9, 0xa2, 0x88, 0x51, 0x5a,
    0x26, 0xa3, 0x05, 0x05, 0x2a, 0xd1, 0xa4, 0x62, 0x72, 0xda, 0x9b, 0x4a, 0x91, 0x7a, 0x44, 0xe8,
    0x49, 0xa1, 0x5e, 0xca, 0xd9, 0xa6, 0x96, 0xa2, 0xca, 0xe9, 0x56, 0xa5, 0xa6, 0x39, 0x28, 0xa9,
    0x6d, 0x5e, 0x62, 0xe9, 0x50, 0xab, 0x0a, 0x7a, 0xca, 0x6a, 0xaa, 0x86, 0xbe, 0x6a, 0x12, 0xad,
    0x8d, 0x02, 0x06, 0x64, 0xa1, 0xa0, 0xda, 0xda, 0x99, 0xa7, 0x9f, 0xde, 0x34, 0x2a, 0x50, 0xc7,
    0xd2, 0x29, 0xac, 0xb1, 0xba, 0x32, 0x8b, 0xa8, 0xb2, 0xab, 0x22, 0xdb, 0xac, 0x4d, 0xc9, 0xd2,
    0x08, 0xa9, 0xa8, 0xd1, 0xd6, 0xb8, 0xdb, 0xa1, 0xd8, 0x4e, 0xaa, 0x6d, 0x41, 0xd7, 0x76, 0xb4,
    0xec, 0xb7, 0xdb, 0x12, 0x6b, 0xee, 0xb4, 0xe4, 0x22, 0x74, 0xee, 0xba, 0xbc, 0xa6, 0x5b, 0x2e,
    0xbb, 0xe7, 0xba, 0xab, 0x10, 0xbc, 0xec, 0xca, 0x2b, 0x2e, 0xb7, 0xf6, 0xc2, 0x14, 0x6e, 0xbe,
    0xc1, 0x56, 0x8b, 0x5e, 0x40, 0x00, 0x21, 0xf9, 0x04, 0x01, 0x06, 0x00, 0x02, 0x00, 0x2c, 0x5a,
    0x00, 0xd7, 0x00, 0xe3, 0x00, 0x67, 0x00, 0x81, 0x00, 0x00, 0x00, 0xff, 0xff, 0xff, 0x00, 0x00,
    0x00, 0x00, 0x00, 0x00, 0x08, 0xff, 0x00, 0x05, 0x08, 0x1c, 0x48, 0xb0, 0xa0, 0xc1, 0x83, 0x08,
    0x13, 0x2a, 0x5c, 0xc8, 0xb0, 0xa1, 0xc3, 0x87, 0x10, 0x23, 0x2a, 0x04, 0x40, 0xb1, 0xa2, 0xc5,
    0x8b, 0x18, 0x33, 0x6a, 0xdc, 0x88, 0x51, 0xa2, 0xc7, 0x8f, 0x20, 0x43, 0x8a, 0x1c, 0x49, 0x92,
    0x20, 0xc7, 0x93, 0x28, 0x53, 0x5e, 0x2c, 0xc9, 0xb2, 0xa5, 0xcb, 0x97, 0x30, 0x0b, 0xaa, 0x9c,
    0x49, 0xb3, 0x63, 0xcb, 0x9a, 0x38, 0x69, 0xc6, 0xdc, 0x79, 0x33, 0xa7, 0xcf, 0x9a, 0x25, 0x7f,
    0x0a, 0xd5, 0xc8, 0xb3, 0xe8, 0xc8, 0xa1, 0x48, 0x39, 0x06, 0x4d, 0x9a, 0xd4, 0xa8, 0xd3, 0x8f,
    0x4c, 0xa3, 0x5a, 0x5c, 0x2a, 0xf5, 0xe7, 0xd3, 0xab, 0x10, 0xab, 0x4a, 0x0d, 0xa9, 0xb5, 0x29,
    0xd6, 0xaf, 0x0b, 0xbb, 0x32, 0xe5, 0x2a, 0x56, 0x28, 0xd8, 0xb3, 0x08, 0xcb, 0x22, 0x25, 0xab,
    0x36, 0x27, 0xda, 0xb7, 0x26, 0xdb, 0x5a, 0x05, 0x29, 0xd7, 0x2d, 0x5c, 0xb8, 0x75, 0x7d, 0xb2,
    0xcd, 0xab, 0xf2, 0x2e, 0x5e, 0xbe, 0x40, 0xe9, 0x02, 0xee, 0xeb, 0x17, 0xed, 0x60, 0x9d, 0x82,
    0x0f, 0x9f, 0x2c, 0x6c, 0x58, 0x71, 0xca, 0xbd, 0x8e, 0x33, 0x32, 0x3e, 0x1b, 0x19, 0x25, 0xe4,
    0xca, 0x53, 0x27, 0x7f, 0xc5, 0xac, 0x54, 0x22, 0xe7, 0xce, 0x9a, 0xaf, 0x7e, 0x26, 0xea, 0x79,
    0xb4, 0xe4, 0xd0, 0xa2, 0x4d, 0xaf, 0x2c, 0xad, 0x3a, 0x33, 0x6a, 0xa7, 0xad, 0x5d, 0x67, 0x8d,
    0x5d, 0xf1, 0xf5, 0x53, 0xda, 0x14, 0x3d, 0xe2, 0xce, 0x6d, 0xdb, 0xe8, 0x6e, 0xdd, 0xbf, 0x7b,
    0x17, 0x0d, 0x1e, 0x71, 0x37, 0x00, 0xe1, 0xc3, 0x71, 0x03, 0x57, 0x8e, 0x7c, 0x27, 0xf1, 0xd9,
    0xcc, 0x9b, 0xc3, 0x7c, 0xfe, 0xd0, 0xb8, 0xf4, 0x98, 0xd4, 0x1d, 0x5a, 0xbf, 0xfe, 0x32, 0x7b,
    0xc3, 0xed, 0xdc, 0x7b, 0xd2, 0xff, 0x5e, 0x3e, 0x3e, 0xbc, 0xf8, 0xd8, 0xe4, 0xd1, 0x9b, 0x67,
    0xe9, 0x9d, 0x21, 0xf8, 0xf5, 0x47, 0xa3, 0x43, 0x2f, 0x0f, 0x3f, 0x3e, 0xfd, 0xf9, 0xea, 0xeb,
    0x8b, 0x6c, 0x1f, 0x96, 0xbf, 0xfe, 0xea, 0xf2, 0x01, 0x18, 0xe0, 0x7f, 0xac, 0xe5, 0x87, 0x5f,
    0x6b, 0x04, 0x5e, 0x66, 0x5a, 0x7a, 0x08, 0x26, 0x08, 0xd5, 0x80, 0xdf, 0xf9, 0xe7, 0xe0, 0x44,
    0x10, 0xba, 0x27, 0xe1, 0x84, 0x69, 0x55, 0xa8, 0x9d, 0x81, 0x18, 0x6e, 0x78, 0x5f, 0x81, 0x0b,
    0x76, 0x78, 0x60, 0x88, 0x0f, 0x36, 0x28, 0xa2, 0x87, 0x1c, 0x16, 0x97, 0xe2, 0x89, 0x09, 0x5d,
    0x48, 0xa1, 0x89, 0x2c, 0xf6, 0xf7, 0xa1, 0x8a, 0x30, 0xc6, 0xd8, 0xa2, 0x86, 0x11, 0xd6, 0x68,
    0xe3, 0x41, 0x2b, 0x82, 0x38, 0xda, 0x8e, 0x32, 0x92, 0xa8, 0x20, 0x67, 0x40, 0xbe, 0x28, 0x64,
    0x62, 0xaa, 0x15, 0x79, 0x63, 0x92, 0x02, 0x05, 0xe0, 0xe4, 0x93, 0x50, 0x5a, 0xa8, 0xa3, 0x92,
    0x02, 0xe5, 0x07, 0xe5, 0x95, 0x01, 0x48, 0xc9, 0x24, 0x95, 0x32, 0x99, 0x88, 0x65, 0x94, 0x41,
    0x1e, 0xc9, 0xa5, 0x00, 0x56, 0x7e, 0xe9, 0xe4, 0x40, 0x4f, 0x1a, 0x89, 0xd9, 0x98, 0x5d, 0x7e,
    0x86, 0xa6, 0x99, 0x60, 0x0a, 0x90, 0xe6, 0x92, 0x44, 0xb2, 0x39, 0x10, 0x89, 0x70, 0xc6, 0x39,
    0x67, 0x86, 0x6e, 0xda, 0x59, 0xe5, 0x8f, 0x4d, 0xe6, 0x29, 0xe8, 0x97, 0x62, 0x72, 0x19, 0x99,
    0x41, 0x83, 0x66, 0x19, 0x68, 0xa2, 0x01, 0x14, 0x4a, 0xe5, 0xa1, 0x05, 0x25, 0xfa, 0x26, 0xa3,
    0x8e, 0x2a, 0x09, 0x29, 0x41, 0x92, 0x46, 0x3a, 0x28, 0x9d, 0x79, 0xf9, 0xf9, 0x67, 0x59, 0x10,
    0xe5, 0x99, 0x50, 0xa6, 0x3c, 0x0e, 0xe6, 0x29, 0x99, 0x6a, 0x85, 0x0a, 0xe7, 0xa8, 0x9b, 0xf2,
    0xc9, 0xd7, 0xa9, 0x6d, 0xa9, 0xff, 0x6a, 0x26, 0x43, 0xa4, 0xaa, 0xa9, 0xd5, 0xa9, 0x77, 0xce,
    0x05, 0x12, 0xa3, 0x67, 0x22, 0x54, 0x2b, 0xa7, 0xb7, 0xe2, 0x8a, 0xaa, 0x5e, 0x21, 0xf1, 0xaa,
    0xe8, 0x41, 0xbf, 0xba, 0xda, 0x95, 0xb0, 0xc3, 0xda, 0xb5, 0x2b, 0xaf, 0xac, 0x0a, 0x3a, 0x24,
    0x4e, 0xcc, 0x22, 0x36, 0x92, 0xb1, 0xb4, 0xb6, 0x5a, 0xe2, 0x50, 0xd5, 0xce, 0x54, 0x12, 0xb6,
    0x0b, 0x25, 0x3b, 0xa2, 0xb3, 0xb0, 0x7a, 0x4b, 0x12, 0xb8, 0x0a, 0x89, 0x2b, 0x20, 0xb7, 0xc2,
    0x5a, 0x2b, 0x12, 0xba, 0xd1, 0xaa, 0x8b, 0xe4, 0x46, 0xf0, 0xd9, 0x74, 0x1d, 0xbc, 0xd9, 0x32,
    0xea, 0xd2, 0x63, 0xeb, 0xd9, 0x2b, 0x1d, 0xbe, 0xe1, 0x42, 0x7b, 0x1e, 0xbd, 0xfd, 0xae, 0x76,
    0xaf, 0xc0, 0x11, 0x01, 0xfc, 0xd2, 0x9e, 0xd3, 0x9e, 0x16, 0x26, 0xb5, 0x0f, 0x19, 0xcb, 0x70,
    0xbc, 0x12, 0xc7, 0xe9, 0x91, 0xc2, 0x2e, 0x4d, 0xbc, 0xad, 0x65, 0x5a, 0x92, 0x9b, 0x2f, 0xc6,
    0x9a, 0x56, 0x7c, 0x65, 0xb1, 0x08, 0xef, 0xa4, 0x31, 0x83, 0xa0, 0xd9, 0x1a, 0x98, 0x43, 0x22,
    0x37, 0x24, 0x32, 0x96, 0xe7, 0xbe, 0x3c, 0xf2, 0xc7, 0x32, 0x1f, 0x0b, 0x6c, 0x65, 0x93, 0xd6,
    0xac, 0x73, 0xcb, 0x2c, 0xed, 0xdc, 0x6b, 0xc0, 0x3b, 0x77, 0xbc, 0xe6, 0xa2, 0x3e, 0x17, 0x2d,
    0xef, 0xc5, 0x3e, 0xbb, 0x9c, 0xf4, 0xc3, 0x38, 0x13, 0x6d, 0xf4, 0xd3, 0xb3, 0xf2, 0x04, 0xf5,
    0xd4, 0x51, 0xb7, 0x69, 0x6a, 0xce, 0x54, 0x2f, 0x7d, 0x56, 0xd6, 0x5c, 0xff, 0x1c, 0xd7, 0x61,
    0x98, 0x76, 0xad, 0x35, 0x58, 0x62, 0x67, 0x5d, 0x2a, 0xd8, 0x58, 0x97, 0xcd, 0x73, 0x61, 0x6a,
    0x1b, 0x7d, 0xb6, 0x58, 0x4a, 0xb7, 0x5d, 0x75, 0x6f, 0x72, 0x8f, 0x9d, 0x2b, 0xa8, 0x34, 0xd7,
    0x7d, 0x72, 0x68, 0x7a, 0xeb, 0x6f, 0xfc, 0xf6, 0xb2, 0x79, 0xf7, 0xdd, 0x5c, 0xdf, 0x35, 0xff,
    0x1d, 0x2c, 0xd0, 0x84, 0x7b, 0xbd, 0x5e, 0xe2, 0x16, 0x4f, 0x5b, 0x94, 0xdf, 0x4a, 0x32, 0xbe,
    0xb7, 0x8f, 0xb5, 0x49, 0x5d, 0x78, 0xe4, 0x92, 0xdb, 0xec, 0xb8, 0xe5, 0x32, 0x33, 0xeb, 0xf9,
    0xe7, 0xa0, 0x87, 0x2e, 0xfa, 0xe8, 0xa4, 0x8b, 0x38, 0x79, 0xe9, 0xa8, 0x23, 0xaa, 0x78, 0xea,
    0xac, 0xab, 0xae, 0x79, 0xeb, 0x7c, 0x67, 0x0e, 0x32, 0xec, 0x6f, 0xc9, 0x3e, 0x3b, 0xed, 0x5b,
    0xdb, 0xae, 0x2f, 0xee, 0xa8, 0xe9, 0x3e, 0x33, 0xef, 0xc2, 0xf9, 0xde, 0x38, 0xf0, 0xbd, 0x0b,
    0xbf, 0x3a, 0xf1, 0x9a, 0x19, 0x7f, 0x3c, 0xf2, 0xdc, 0x41, 0xcd, 0xfc, 0x8e, 0xce, 0x3f, 0x1f,
    0x63, 0xf4, 0x9e, 0x07, 0x04, 0x00, 0x21, 0xf9, 0x04, 0x01, 0x06, 0x00, 0x02, 0x00, 0x2c, 0x5a,
    0x00, 0x07, 0x01, 0xe3, 0x00, 0x37, 0x00, 0x81, 0x00, 0x00, 0x00, 0xff, 0xff, 0xff, 0x00, 0x00,
    0x00, 0x00, 0x00, 0x00, 0x08, 0xff, 0x00, 0x05, 0x08, 0x1c, 0x48, 0xb0, 0xa0, 0xc1, 0x83, 0x08,
    0x13, 0x2a, 0x5c, 0xc8, 0xb0, 0xa1, 0xc3, 0x87, 0x10, 0x23, 0x4a, 0x9c, 0x48, 0xf1, 0x20, 0x80,
    0x8b, 0x18, 0x33, 0x56, 0xdc, 0xc8, 0xb1, 0xa3, 0xc7, 0x8f, 0x20, 0x43, 0x56, 0xcc, 0x48, 0x12,
    0x80, 0xc8, 0x93, 0x28, 0x53, 0xaa, 0x5c, 0x19, 0xb2, 0xa4, 0x46, 0x96, 0x30, 0x63, 0xca, 0x9c,
    0x89, 0xd2, 0x25, 0xc6, 0x81, 0x37, 0x69, 0xea, 0xdc, 0xc9, 0x53, 0x66, 0xc9, 0x86, 0x39, 0x7b,
    0x0a, 0x1d, 0x4a, 0x74, 0x24, 0x49, 0xa0, 0x17, 0x8b, 0x2a, 0x5d, 0xca, 0xd4, 0xe2, 0xd1, 0x87,
    0x36, 0x93, 0x36, 0x9d, 0x4a, 0x55, 0xe4, 0x4f, 0x86, 0x01, 0xb2, 0x1a, 0x8c, 0x6a, 0xb2, 0xaa,
    0xd7, 0xaf, 0x14, 0xaf, 0x2e, 0xcc, 0x1a, 0x60, 0x6b, 0x54, 0xb0, 0x68, 0xd3, 0x32, 0x14, 0xab,
    0x90, 0x2c, 0x59, 0xa4, 0x2e, 0xd5, 0xca, 0x25, 0xca, 0x15, 0xe2, 0x5b, 0x81, 0x77, 0x17, 0x9e,
    0x9d, 0xcb, 0x77, 0x67, 0xdd, 0x87, 0x79, 0xf3, 0x2a, 0xdc, 0xdb, 0xb7, 0x70, 0xcc, 0xbf, 0x0e,
    0x05, 0xe3, 0xd5, 0x0a, 0x95, 0xb0, 0xe1, 0xc7, 0x8d, 0x6d, 0x7e, 0x0c, 0x3a, 0x50, 0xb1, 0x5e,
    0xc7, 0x90, 0x33, 0x0f, 0xc6, 0x6c, 0xb4, 0x2b, 0x41, 0xcb, 0x9b, 0x25, 0x6b, 0x1e, 0x9d, 0x10,
    0x31, 0x47, 0xca, 0x35, 0x45, 0x93, 0x9e, 0x6b, 0x3a, 0x24, 0xe8, 0x96, 0xaa, 0x57, 0xab, 0x6d,
    0x0d, 0xf2, 0x35, 0x48, 0xce, 0xb2, 0xbf, 0xd2, 0xfe, 0x68, 0x7b, 0x72, 0xec, 0xdc, 0x60, 0x77,
    0x7b, 0xec, 0xbd, 0x52, 0x38, 0xf0, 0x93, 0x5c, 0x51, 0xab, 0x74, 0x4b, 0x5c, 0xa5, 0xf1, 0xe3,
    0xb0, 0x93, 0xcb, 0x64, 0xce, 0xd8, 0x2f, 0x6e, 0xe8, 0x56, 0x93, 0x7b, 0x66, 0x49, 0xbd, 0x2c,
    0xc2, 0xe6, 0xc8, 0xb5, 0x63, 0xff, 0x87, 0x7b, 0x3d, 0x66, 0x77, 0xac, 0xd5, 0x67, 0x6a, 0xdf,
    0x3e, 0x1e, 0xa1, 0xf8, 0x9e, 0xe7, 0xc7, 0xa6, 0xf7, 0xf9, 0xbe, 0x7d, 0x69, 0xe9, 0xf0, 0xa9,
    0x03, 0x9e, 0x4f, 0xb7, 0x3e, 0xdf, 0xf2, 0x4a, 0x81, 0x97, 0x90, 0x80, 0xf4, 0xe1, 0xd7, 0x17,
    0x80, 0x45, 0x11, 0x78, 0x90, 0x82, 0x30, 0xad, 0x67, 0x18, 0x82, 0x44, 0x31, 0xf8, 0x9d, 0x7e,
    0x69, 0xb1, 0x65, 0x9f, 0x6b, 0xdd, 0xf1, 0xb7, 0x51, 0x7c, 0x68, 0x59, 0x78, 0x21, 0x6f, 0x19,
    0x7a, 0x07, 0x22, 0x73, 0xb3, 0x3d, 0xf5, 0x21, 0x86, 0x19, 0x72, 0x47, 0xe2, 0x89, 0x22, 0x49,
    0x78, 0x52, 0x88, 0x42, 0x51, 0xc8, 0x62, 0x6d, 0x1a, 0xea, 0x04, 0x63, 0x7e, 0x6e, 0xcd, 0x88,
    0x62, 0x82, 0x29, 0xe2, 0xe8, 0xa2, 0x8e, 0x13, 0x8a, 0x18, 0x63, 0x8f, 0x53, 0xc9, 0x38, 0xa4,
    0x90, 0x54, 0xdd, 0x58, 0x51, 0x88, 0x1c, 0xaa, 0x65, 0x24, 0x8e, 0x60, 0x29, 0x49, 0x11, 0x93,
    0x4f, 0xa2, 0x55, 0xe5, 0x4e, 0x3f, 0x4e, 0x47, 0xe4, 0x94, 0x54, 0xe6, 0x08, 0x5d, 0x97, 0x60,
    0x82, 0x69, 0x58, 0x98, 0x52, 0x02, 0x59, 0x10, 0x99, 0x68, 0x36, 0x39, 0x57, 0x9a, 0x57, 0x9a,
    0x29, 0x00, 0x9b, 0x70, 0x22, 0x29, 0x57, 0x9c, 0x59, 0xba, 0xd9, 0x9e, 0x72, 0x76, 0xe6, 0x99,
    0x1a, 0x7b, 0x7a, 0xf6, 0x19, 0x9d, 0x9f, 0xd0, 0xad, 0x27, 0xa8, 0x81, 0x80, 0xce, 0x38, 0xe8,
    0xa1, 0x71, 0x15, 0xaa, 0x23, 0xa2, 0x8c, 0xe2, 0xa9, 0x28, 0x64, 0x6d, 0x46, 0xb8, 0xe5, 0xa3,
    0x4d, 0x45, 0x3a, 0x54, 0x99, 0x94, 0x2e, 0x65, 0xe9, 0x91, 0x9b, 0x66, 0xca, 0x53, 0xa7, 0x9f,
    0x4e, 0xea, 0x29, 0x53, 0x68, 0xb6, 0x28, 0xea, 0xa8, 0x73, 0x92, 0x69, 0xaa, 0x9a, 0xa8, 0xa6,
    0x1a, 0xe6, 0xaa, 0xa0, 0x02, 0x02, 0x17, 0x10, 0x00, 0x21, 0xf9, 0x04, 0x01, 0x06, 0x00, 0x02,
    0x00, 0x2c, 0x5d, 0x00, 0x9a, 0x00, 0x2a, 0x01, 0xb7, 0x00, 0x81, 0x00, 0x00, 0x00, 0xff, 0xff,
    0xff, 0x00, 0x00, 0x00, 0x00, 0x00, 0x00, 0x08, 0xff, 0x00, 0x05, 0x08, 0x1c, 0x48, 0xb0, 0x20,
    0x41, 0x00, 0x08, 0x0d, 0x2a, 0x5c, 0xc8, 0xb0, 0xa1, 0xc3, 0x87, 0x10, 0x23, 0x4a, 0x9c, 0x48,
    0xb1, 0xa2, 0xc5, 0x8b, 0x18, 0x33, 0x6a, 0xdc, 0xd8, 0x10, 0x21, 0x00, 0x8e, 0x20, 0x43, 0x8a,
    0x1c, 0x49, 0xb2, 0xa4, 0xc9, 0x93, 0x28, 0x3d, 0xa2, 0x5c, 0xc9, 0xb2, 0xa5, 0xcb, 0x97, 0x30,
    0x59, 0xaa, 0x8c, 0x49, 0xb3, 0xa6, 0xcd, 0x9b, 0x38, 0x49, 0xce, 0x14, 0xe0, 0xf1, 0x63, 0xce,
    0x9f, 0x40, 0x83, 0x0a, 0xa5, 0xb9, 0xb3, 0xe7, 0xd0, 0xa3, 0x48, 0x93, 0x2a, 0xad, 0x58, 0x74,
    0xe7, 0xd2, 0xa7, 0x50, 0xa3, 0xfe, 0x74, 0x6a, 0x90, 0xaa, 0xd4, 0x83, 0x09, 0xaf, 0x6a, 0xdd,
    0x6a, 0xd1, 0x2a, 0x56, 0x9f, 0x5c, 0x07, 0x7a, 0x0d, 0x4b, 0xb6, 0x2c, 0xcf, 0xac, 0x0b, 0xc7,
    0x5e, 0x55, 0x6b, 0xb6, 0xed, 0xd6, 0xa6, 0x68, 0xc9, 0xc2, 0x05, 0xeb, 0xb6, 0xee, 0x59, 0xba,
    0x48, 0xe7, 0xb6, 0xd5, 0x6b, 0xd7, 0x2e, 0xdb, 0xa9, 0x68, 0x8d, 0x9a, 0xe5, 0xdb, 0xd7, 0xed,
    0xdf, 0xa0, 0x87, 0xb9, 0x26, 0x2e, 0x1c, 0x15, 0xee, 0xd3, 0xc5, 0x5a, 0x21, 0x33, 0x5e, 0xea,
    0x98, 0x72, 0x5c, 0xbf, 0x97, 0x27, 0x87, 0xad, 0xac, 0xb9, 0xb3, 0xe7, 0x9c, 0x6a, 0x05, 0x7f,
    0x1e, 0x4d, 0x3a, 0x65, 0x66, 0xb1, 0x92, 0x4b, 0xab, 0x5e, 0xed, 0x30, 0x74, 0x6a, 0xd6, 0xb0,
    0x63, 0xdf, 0x65, 0x28, 0x5a, 0xb6, 0xed, 0xdb, 0xb4, 0x03, 0x9f, 0xc6, 0xcd, 0xbb, 0x37, 0xe7,
    0xde, 0xc0, 0x7d, 0xeb, 0xc6, 0x1b, 0xbc, 0xf8, 0xed, 0xd7, 0x14, 0x6b, 0x1b, 0x5f, 0x7e, 0x14,
    0xf9, 0x44, 0xe5, 0xcc, 0xa3, 0x03, 0x26, 0x3e, 0x12, 0xba, 0xf4, 0xeb, 0x9a, 0x9d, 0x3a, 0xc7,
    0xce, 0xdd, 0x32, 0xdd, 0xed, 0xdd, 0xc3, 0x0f, 0xff, 0xd5, 0xbe, 0x5b, 0xbc, 0xf9, 0xb7, 0xe0,
    0xcf, 0xab, 0x07, 0x6a, 0x7d, 0xbd, 0xfb, 0xc6, 0xe9, 0xdf, 0xcb, 0x9f, 0x4f, 0xbf, 0xbe, 0xfd,
    0xfb, 0xf8, 0xf3, 0xeb, 0xdf, 0xcf, 0xbf, 0xbf, 0xff, 0xff, 0x00, 0x06, 0x28, 0xe0, 0x80, 0x04,
    0x16, 0x68, 0xe0, 0x81, 0x08, 0x26, 0xa8, 0xe0, 0x82, 0x0c, 0x36, 0xe8, 0xe0, 0x83, 0x10, 0x46,
    0x28, 0xe1, 0x84, 0x14, 0x56, 0x68, 0xe1, 0x85, 0x18, 0x66, 0xa8, 0xe1, 0x86, 0x1c, 0x76, 0xe8,
    0xe1, 0x87, 0x20, 0x86, 0x28, 0xe2, 0x88, 0x24, 0x96, 0x68, 0xe2, 0x89, 0x28, 0xa6, 0xa8, 0xe2,
    0x8a, 0x2c, 0xb6, 0xe8, 0xe2, 0x8b, 0x30, 0xc6, 0x28, 0xe3, 0x8c, 0x34, 0xd6, 0x68, 0xe3, 0x8d,
    0x38, 0xe6, 0xa8, 0xe3, 0x8e, 0x3c, 0xf6, 0xe8, 0xe3, 0x8f, 0x40, 0x06, 0x29, 0xe4, 0x90, 0x44,
    0x16, 0x69, 0xe4, 0x91, 0x48, 0x26, 0xa9, 0xe4, 0x92, 0x4c, 0x36, 0xe9, 0xe4, 0x93, 0x50, 0x46,
    0x29, 0xe5, 0x94, 0x54, 0x56, 0x69, 0xe5, 0x95, 0x58, 0x66, 0xa9, 0xe5, 0x96, 0x5c, 0x76, 0xe9,
    0xe5, 0x97, 0x60, 0x86, 0x29, 0xe6, 0x98, 0x64, 0x96, 0x69, 0xe6, 0x99, 0x68, 0xa6, 0xa9, 0xe6,
    0x9a, 0x6c, 0xb6, 0xe9, 0xe6, 0x9b, 0x70, 0xc6, 0x29, 0xe7, 0x9c, 0x74, 0xd6, 0x69, 0xe7, 0x9d,
    0x78, 0xe6, 0xa9, 0xe7, 0x9e, 0x7c, 0xf6, 0xe9, 0xe7, 0x9f, 0x5b, 0x06, 0x20, 0x28, 0xa0, 0x2d,
    0x09, 0x1a, 0x00, 0xa1, 0x2c, 0x19, 0x8a, 0xe8, 0xa2, 0x8c, 0x36, 0xea, 0xe8, 0xa3, 0x90, 0x46,
    0x2a, 0xe9, 0xa4, 0x94, 0x56, 0x6a, 0xe9, 0xa5, 0x98, 0x66, 0x5a, 0x58, 0x7c, 0x95, 0x72, 0x4a,
    0xa9, 0xa7, 0x9e, 0x81, 0x3a, 0xa1, 0xa8, 0xb0, 0x91, 0x1a, 0xa1, 0xa9, 0xab, 0xa1, 0xfa, 0xa0,
    0xaa, 0xa5, 0xb1, 0xda, 0xa0, 0xab, 0x76, 0xf6, 0x79, 0x04, 0xab, 0x9f, 0xb2, 0x96, 0xa7, 0x69,
    0x55, 0xb5, 0xd2, 0x5a, 0xeb, 0xae, 0xbc, 0x52, 0x27, 0x69, 0xaf, 0xc0, 0xb6, 0x17, 0x69, 0xb0,
    0xc4, 0xde, 0x6a, 0xec, 0xb1, 0xbf, 0xf6, 0xea, 0x12, 0xb0, 0x6e, 0x32, 0xdb, 0x92, 0xb3, 0x6c,
    0x42, 0xbb, 0x92, 0xb4, 0xc8, 0x56, 0x6b, 0xed, 0xb5, 0xd8, 0x32, 0x25, 0x6b, 0xb6, 0x0a, 0xe5,
    0xca, 0x6d, 0x41, 0xde, 0x7e, 0x2b, 0xee, 0xb8, 0xe4, 0x96, 0x6b, 0xae, 0xa3, 0xb3, 0x12, 0x9a,
    0x2e, 0xa0, 0xeb, 0xf2, 0xf9, 0x1b, 0x81, 0xed, 0x8a, 0xf7, 0xee, 0x80, 0xf1, 0x86, 0x37, 0xaf,
    0x80, 0xf5, 0x76, 0x77, 0x6f, 0x80, 0xf9, 0xca, 0x6b, 0xab, 0x7f, 0x84, 0x39, 0xd8, 0xaf, 0x70,
    0x60, 0x09, 0x8b, 0xe0, 0xc0, 0xbc, 0x05, 0xfc, 0x2d, 0xc2, 0x78, 0x32, 0x7c, 0xa7, 0xc3, 0xcc,
    0x05, 0x04, 0x00, 0x21, 0xf9, 0x04, 0x01, 0x06, 0x00, 0x02, 0x00, 0x2c, 0x5a, 0x00, 0xb1, 0x00,
    0xe3, 0x00, 0x8d, 0x00, 0x81, 0x00, 0x00, 0x00, 0xff, 0xff, 0xff, 0x00, 0x00, 0x00, 0x00, 0x00,
    0x00, 0x08, 0xff, 0x00, 0x05, 0x08, 0x1c, 0x48, 0xb0, 0xa0, 0xc1, 0x83, 0x08, 0x13, 0x2a, 0x5c,
    0xc8, 0xb0, 0xa1, 0xc3, 0x87, 0x10, 0x23, 0x4a, 0x9c, 0xb8, 0x30, 0x80, 0xc5, 0x8b, 0x18, 0x33,
    0x66, 0xa4, 0xc8, 0xb1, 0xa3, 0xc7, 0x8f, 0x20, 0x43, 0x8a, 0x9c, 0xa8, 0xb1, 0x64, 0xc9, 0x91,
    0x28, 0x53, 0xaa, 0x5c, 0xc9, 0xf2, 0xa3, 0xc9, 0x97, 0x17, 0x19, 0xc2, 0xd4, 0xd8, 0xb2, 0xa6,
    0xcd, 0x9b, 0x23, 0x67, 0xea, 0xa4, 0x59, 0x71, 0xa7, 0x45, 0x9c, 0x40, 0x83, 0x0a, 0x95, 0xe9,
    0xd3, 0x27, 0x51, 0xa3, 0x43, 0x93, 0x2a, 0x0d, 0x5a, 0x14, 0xa9, 0xc2, 0xa6, 0x3b, 0x97, 0x4a,
    0x9d, 0x9a, 0x10, 0xaa, 0x55, 0x8c, 0x47, 0xaf, 0x9e, 0xa4, 0xca, 0x95, 0xab, 0xd6, 0xab, 0x59,
    0xbf, 0x62, 0xed, 0x4a, 0x76, 0xa9, 0x58, 0xa8, 0x61, 0xcf, 0xce, 0x2c, 0xcb, 0x36, 0xa4, 0xda,
    0xb5, 0x1c, 0xdf, 0x3a, 0x6d, 0x4b, 0x97, 0xa4, 0x5c, 0x93, 0x1d, 0xef, 0xea, 0xac, 0xcb, 0x57,
    0xa2, 0xde, 0xad, 0x14, 0xff, 0xc2, 0xec, 0x4b, 0xd8, 0xa1, 0xe0, 0x8d, 0x22, 0x0f, 0xc3, 0x2d,
    0xcc, 0x56, 0xf1, 0xd8, 0x95, 0x8e, 0x5f, 0x32, 0x6e, 0x1b, 0xf9, 0x27, 0xcb, 0xca, 0x80, 0x27,
    0x77, 0xc5, 0xac, 0x14, 0x73, 0x4c, 0xcd, 0x38, 0x15, 0x53, 0xf6, 0x1c, 0x00, 0x74, 0xe8, 0xc3,
    0xa3, 0x3d, 0x9b, 0xbe, 0x29, 0xba, 0x30, 0xe9, 0xd5, 0x2e, 0x51, 0xaf, 0x7e, 0x0d, 0x3b, 0xaf,
    0x6c, 0xd3, 0xb4, 0x6b, 0x07, 0xbe, 0xad, 0x9b, 0x60, 0xe5, 0xde, 0x4f, 0xf5, 0x02, 0x4f, 0xfb,
    0x77, 0x38, 0xc2, 0xe2, 0xc6, 0xab, 0x46, 0x4e, 0x6e, 0x10, 0x39, 0xf3, 0x86, 0xad, 0x6b, 0x47,
    0x7f, 0x6e, 0x98, 0xf7, 0x6c, 0xeb, 0xd4, 0x7b, 0x0a, 0xee, 0x3d, 0x3d, 0xbb, 0x76, 0xe7, 0xb0,
    0xbb, 0x7b, 0xff, 0x7f, 0x08, 0xde, 0x35, 0xf6, 0xf1, 0x10, 0xcb, 0x13, 0x16, 0x8f, 0x9e, 0xbc,
    0x70, 0xcd, 0xec, 0xdb, 0x43, 0x5f, 0x9e, 0x3a, 0xb7, 0xfc, 0xe0, 0x8e, 0xe9, 0x92, 0xfe, 0x7c,
    0x1f, 0x7f, 0xfc, 0xa9, 0xfb, 0x59, 0xd6, 0xdf, 0x40, 0x01, 0x96, 0x56, 0x5f, 0x81, 0x3c, 0x65,
    0x57, 0xa0, 0x7e, 0x08, 0xe2, 0xe5, 0xdd, 0x82, 0x07, 0x36, 0xc8, 0x5f, 0x78, 0x12, 0x4e, 0x68,
    0x5e, 0x85, 0x8f, 0x31, 0x86, 0xa1, 0x80, 0x1a, 0x6e, 0x68, 0xe1, 0x7a, 0x1b, 0x82, 0xe6, 0xe1,
    0x87, 0x65, 0x49, 0x38, 0xa0, 0x00, 0x15, 0x92, 0x65, 0xe2, 0x80, 0x29, 0x6e, 0xd6, 0xe0, 0x89,
    0x2d, 0x7a, 0xf5, 0x22, 0x8b, 0x2b, 0x9a, 0x65, 0xdf, 0x89, 0x7e, 0xd1, 0x37, 0xd4, 0x7e, 0x38,
    0xc6, 0xa5, 0xa3, 0x50, 0x3c, 0xf6, 0x68, 0x57, 0x7e, 0xac, 0xfd, 0x28, 0x64, 0x4b, 0xff, 0x79,
    0xf4, 0xdb, 0x91, 0x36, 0x25, 0x69, 0x1b, 0x91, 0x4c, 0x22, 0x79, 0xde, 0x93, 0xea, 0xed, 0xa8,
    0x5a, 0x84, 0x62, 0xb9, 0x35, 0x25, 0x53, 0x57, 0x36, 0x76, 0x97, 0x96, 0xdb, 0x01, 0xd8, 0x65,
    0x89, 0x5f, 0xe6, 0x58, 0x66, 0x52, 0x23, 0x16, 0x45, 0x95, 0x5c, 0xee, 0x9d, 0x69, 0x65, 0x9a,
    0x7b, 0x89, 0xa9, 0x56, 0x9b, 0x6c, 0x76, 0x06, 0x67, 0x9c, 0x52, 0xd5, 0xe9, 0x5f, 0x96, 0x72,
    0xde, 0xa9, 0x26, 0x96, 0x78, 0x36, 0xf7, 0xd6, 0x9a, 0x7e, 0x36, 0xc5, 0x20, 0x5a, 0xc7, 0x0d,
    0xda, 0x67, 0xa1, 0x81, 0xaa, 0x68, 0x95, 0x72, 0x73, 0x2e, 0xca, 0xe8, 0x60, 0x80, 0x2e, 0x46,
    0xa0, 0xa2, 0x32, 0x4e, 0xda, 0x68, 0x5d, 0x86, 0x0a, 0xa4, 0x27, 0xa1, 0x9a, 0x5a, 0xca, 0x57,
    0xa7, 0x28, 0x62, 0x0a, 0x6a, 0xa8, 0x92, 0x5d, 0xb8, 0x24, 0xa7, 0xa8, 0x52, 0x8a, 0xdb, 0x96,
    0x99, 0xb6, 0xff, 0x9a, 0x19, 0x7c, 0xb0, 0x9e, 0x2a, 0x2b, 0x62, 0xaf, 0x46, 0x0a, 0xe2, 0xad,
    0xa9, 0x32, 0x47, 0x6a, 0x5f, 0xbc, 0xba, 0x9a, 0xdc, 0xaf, 0xa3, 0x06, 0xeb, 0xa0, 0xaf, 0xc7,
    0xe6, 0x6a, 0x2c, 0xae, 0xc3, 0x26, 0x2b, 0xe2, 0xb2, 0x09, 0x36, 0x3b, 0x2b, 0xad, 0xd0, 0x66,
    0x18, 0x65, 0xb1, 0xd3, 0x92, 0x69, 0xed, 0xb5, 0x87, 0x46, 0x1b, 0x21, 0xb7, 0xbb, 0x7a, 0xeb,
    0xe5, 0xb6, 0xe0, 0x6a, 0x2b, 0xae, 0xb9, 0x1c, 0x96, 0x3b, 0x2e, 0x89, 0xd8, 0xaa, 0xcb, 0x2a,
    0xb9, 0xed, 0xba, 0xfb, 0x2d, 0xb5, 0xf2, 0xce, 0x3b, 0x19, 0xbb, 0xf5, 0xda, 0x08, 0xef, 0xbb,
    0xf9, 0xa2, 0x6b, 0xe0, 0xbd, 0xe9, 0xf6, 0x9b, 0x27, 0xb3, 0x17, 0x0a, 0xec, 0xe2, 0xbe, 0x87,
    0x1a, 0x1c, 0x6b, 0xc0, 0xc0, 0x32, 0xac, 0x30, 0x90, 0x04, 0xbf, 0x8b, 0xef, 0xc3, 0xa7, 0x21,
    0xec, 0xa8, 0xc5, 0x14, 0xd7, 0x74, 0xae, 0xbd, 0x19, 0xbf, 0x39, 0xf1, 0xc5, 0x1f, 0x77, 0x7c,
    0x59, 0xc4, 0xdd, 0x3a, 0x4c, 0x18, 0x00, 0x28, 0xa7, 0xac, 0x32, 0x75, 0x1b, 0xaf, 0x6b, 0x72,
    0x5f, 0x2a, 0xc7, 0x0c, 0x00, 0xcb, 0x24, 0x73, 0xac, 0x99, 0xcc, 0x38, 0xa7, 0x2c, 0x6d, 0x87,
    0x18, 0x73, 0x95, 0xf3, 0xcf, 0x31, 0xef, 0xac, 0xea, 0xcb, 0x64, 0x01, 0x6d, 0xf4, 0xcc, 0xc6,
    0x85, 0xbc, 0xf0, 0xbf, 0x30, 0x1f, 0xed, 0xb4, 0xcc, 0xcf, 0xf6, 0xac, 0xaf, 0xd2, 0x43, 0x3d,
    0x1d, 0xb4, 0x40, 0x56, 0x23, 0x0d, 0xb0, 0xd4, 0x76, 0x72, 0x1d, 0x54, 0xd6, 0x3a, 0x63, 0x6d,
    0x75, 0xd4, 0x54, 0x77, 0x5d, 0xf6, 0xd7, 0x60, 0x6b, 0x3d, 0x50, 0xda, 0x2b, 0xdb, 0x3c, 0x2e,
    0x55, 0x6c, 0xe3, 0x9c, 0x50, 0xdc, 0x28, 0x97, 0xcc, 0x74, 0x6a, 0x70, 0xd3, 0xdd, 0xf6, 0x41,
    0x7a, 0xdb, 0xff, 0xdd, 0xf0, 0xdd, 0x49, 0xe9, 0xbd, 0xf7, 0xdc, 0x82, 0xd7, 0x7d, 0xb0, 0xdf,
    0x42, 0x15, 0x6e, 0x34, 0xe1, 0x85, 0x5f, 0x8c, 0x38, 0xda, 0x8a, 0xe7, 0xcc, 0xb8, 0xe0, 0x8e,
    0xbb, 0x6d, 0x53, 0xe4, 0x3f, 0x4f, 0xde, 0xf7, 0xe1, 0x96, 0xd7, 0x84, 0xb9, 0xe4, 0x08, 0x7d,
    0x2e, 0x37, 0xc4, 0x5e, 0x37, 0x49, 0xf4, 0x47, 0xa2, 0x67, 0xad, 0x79, 0xea, 0x1e, 0x9f, 0xce,
    0x25, 0xe0, 0x28, 0xa5, 0x3e, 0x76, 0xe8, 0xb2, 0x87, 0xfd, 0xfa, 0xd9, 0xa6, 0xc3, 0x3e, 0x52,
    0xed, 0x4e, 0xaf, 0xce, 0x3b, 0xd4, 0x52, 0xd6, 0x9c, 0x7b, 0xe9, 0xb4, 0xff, 0xae, 0xfa, 0x42,
    0xc6, 0x03, 0xad, 0x71, 0xcb, 0xcb, 0x0b, 0x0f, 0x51, 0xf2, 0xc7, 0x2b, 0x04, 0x3d, 0xe8, 0x23,
    0x3b, 0x1f, 0x3c, 0xf1, 0x7c, 0x4f, 0xdf, 0xbb, 0x43, 0xda, 0x47, 0x3f, 0x64, 0xb6, 0x2a, 0x81,
    0x4f, 0x50, 0xf7, 0x74, 0x77, 0x44, 0xfe, 0xd3, 0x54, 0x32, 0x9f, 0x93, 0xfa, 0x02, 0x9c, 0xcf,
    0xb6, 0xf9, 0xee, 0x2f, 0xee, 0xa3, 0xb3, 0xd5, 0x63, 0x1c, 0x3f, 0xd8, 0x20, 0xdd, 0x4f, 0x79,
    0xa2, 0xf4, 0x2b, 0x99, 0xac, 0xfe, 0xe5, 0x4b, 0x09, 0x00, 0x03, 0x78, 0x10, 0x61, 0x81, 0xa4,
    0x57, 0xed, 0x1b, 0x60, 0xda, 0x54, 0xa2, 0xc0, 0xf7, 0xf1, 0x4f, 0x7c, 0xbb, 0xc9, 0x4c, 0x03,
    0xf1, 0x07, 0xb9, 0x09, 0x6e, 0xcf, 0x53, 0x01, 0xca, 0x9e, 0x05, 0x6d, 0x97, 0xb7, 0x0d, 0x1e,
    0xcd, 0x37, 0x19, 0x34, 0x88, 0x07, 0x39, 0x38, 0x95, 0x11, 0x7e, 0xf0, 0x52, 0x41, 0x2a, 0x88,
    0x09, 0xd5, 0x56, 0xc2, 0x15, 0x66, 0x0e, 0x85, 0x37, 0x12, 0xdb, 0x08, 0x9b, 0x36, 0x43, 0xe2,
    0xf0, 0x89, 0x7b, 0xdd, 0x03, 0xce, 0x0a, 0xe7, 0xe3, 0x26, 0x86, 0x90, 0x4f, 0x87, 0x26, 0xe4,
    0xe1, 0xa7, 0x49, 0x7c, 0x98, 0xc3, 0x01, 0x4d, 0x4f, 0x64, 0xd9, 0x39, 0x22, 0x12, 0x9f, 0xa3,
    0xc4, 0x25, 0x3a, 0xf1, 0x89, 0x50, 0x8c, 0xa2, 0x14, 0xa7, 0x48, 0xc5, 0x95, 0x00, 0xaf, 0x8a,
    0xea, 0xba, 0x22, 0x16, 0xc1, 0xa5, 0xc5, 0x2d, 0xb2, 0xc4, 0x85, 0x27, 0xf4, 0x22, 0x03, 0xc1,
    0xa8, 0x3c, 0x31, 0x8e, 0x91, 0x8c, 0xd4, 0x33, 0xe3, 0xee, 0xd0, 0x98, 0x46, 0x35, 0x7a, 0x0e,
    0x80, 0x6e, 0x2c, 0x1a, 0x1c, 0xe3, 0xe8, 0xb3, 0x39, 0xe2, 0x28, 0x20, 0x00, 0x21, 0xf9, 0x04,
    0x01, 0x06, 0x00, 0x02, 0x00, 0x2c, 0x5a, 0x00, 0xb1, 0x00, 0xe3, 0x00, 0x80, 0x00, 0x81, 0x00,
    0x00, 0x00, 0xff, 0xff, 0xff, 0x00, 0x00, 0x00, 0x00, 0x00, 0x00, 0x08, 0xff, 0x00, 0x05, 0x08,
    0x1c, 0x48, 0xb0, 0xa0, 0xc1, 0x83, 0x08, 0x13, 0x2a, 0x5c, 0xc8, 0xb0, 0xa1, 0xc3, 0x87, 0x10,
    0x23, 0x4a, 0x9c, 0xb8, 0x10, 0x80, 0xc5, 0x8b, 0x18, 0x33, 0x66, 0xa4, 0xc8, 0xb1, 0xa3, 0xc7,
    0x8f, 0x20, 0x43, 0x8a, 0x9c, 0xa8, 0xb1, 0x64, 0xc9, 0x91, 0x28, 0x53, 0xaa, 0x5c, 0xc9, 0xf2,
    0xa3, 0xc9, 0x97, 0x17, 0x19, 0xc2, 0xd4, 0xd8, 0xb2, 0xa6, 0xcd, 0x9b, 0x23, 0x67, 0x5a, 0xcc,
    0xa9, 0x33, 0x26, 0xce, 0x9f, 0x40, 0x83, 0x56, 0xd4, 0xc9, 0xb3, 0x27, 0x00, 0xa1, 0x48, 0x93,
    0x06, 0xed, 0xb9, 0xd4, 0xe8, 0x51, 0xa5, 0x50, 0xa3, 0x22, 0x64, 0x2a, 0x55, 0xa0, 0xd3, 0xa7,
    0x55, 0xb3, 0x42, 0xa5, 0x5a, 0xf5, 0xaa, 0xd6, 0xaf, 0x49, 0xb9, 0x82, 0x9d, 0x4a, 0x74, 0xac,
    0x59, 0x8e, 0x2f, 0x43, 0x06, 0x58, 0xcb, 0x56, 0xa8, 0xd8, 0xb3, 0x70, 0x1d, 0xa6, 0x05, 0xc9,
    0xb6, 0x6d, 0xd3, 0x99, 0x71, 0xf3, 0xca, 0x35, 0xa9, 0xb6, 0x6e, 0x00, 0xb7, 0x65, 0xf5, 0x0a,
    0x26, 0x7b, 0x92, 0xae, 0x5f, 0x88, 0x7e, 0xff, 0x16, 0x85, 0x39, 0x18, 0x2c, 0x63, 0xc3, 0x75,
    0x3b, 0x26, 0x46, 0xf9, 0xb6, 0x71, 0xd4, 0xc7, 0x1f, 0x27, 0x73, 0xd4, 0x2c, 0xb2, 0xb2, 0x65,
    0xa5, 0x98, 0x3d, 0x72, 0x86, 0x9c, 0x58, 0xb1, 0xcb, 0xc0, 0x9f, 0x5b, 0x86, 0x96, 0x58, 0xda,
    0xee, 0xca, 0xd6, 0x6b, 0x43, 0x7a, 0x4e, 0x4d, 0x79, 0x2e, 0x45, 0xd8, 0xa6, 0x55, 0xe2, 0x96,
    0x8d, 0x9a, 0xb6, 0xca, 0xd5, 0x11, 0x77, 0x03, 0x15, 0xce, 0x9b, 0xaf, 0x6f, 0xb4, 0xc6, 0x37,
    0xb7, 0x96, 0x4a, 0x1c, 0x24, 0xf0, 0xe3, 0x0f, 0x6d, 0xdf, 0x5e, 0x1e, 0xb5, 0xf9, 0xe9, 0xe4,
    0xd0, 0x23, 0x4a, 0x9f, 0x08, 0x7b, 0x2c, 0x6e, 0xd7, 0x1e, 0xb7, 0x67, 0xff, 0x27, 0xf8, 0x9c,
    0xe1, 0xf7, 0xd8, 0x67, 0xcf, 0xe7, 0xee, 0x28, 0x7e, 0xbc, 0xd5, 0xf6, 0xe6, 0xcf, 0xc3, 0x55,
    0x5f, 0x9c, 0xa6, 0x7b, 0x83, 0xe5, 0x17, 0xd2, 0x6f, 0xbc, 0x9f, 0x62, 0x7e, 0xc1, 0xff, 0xc5,
    0x47, 0x9d, 0x6f, 0xfd, 0x91, 0x04, 0xdf, 0x60, 0x01, 0xea, 0xd7, 0xdd, 0x71, 0x05, 0x4a, 0x94,
    0x60, 0x5c, 0x0f, 0x26, 0x64, 0xdd, 0x67, 0x0d, 0x6a, 0x77, 0x20, 0x80, 0x17, 0x0a, 0x58, 0xda,
    0x7d, 0x02, 0x55, 0x08, 0x51, 0x61, 0x08, 0x62, 0xc7, 0xdd, 0x61, 0x1c, 0x1e, 0xe4, 0x61, 0x74,
    0xf6, 0x85, 0x08, 0xe2, 0x74, 0x91, 0x95, 0x68, 0xd0, 0x89, 0x7b, 0x6d, 0xd4, 0x58, 0x86, 0x1a,
    0xa2, 0xe7, 0xa2, 0x82, 0x2d, 0x5e, 0x97, 0xe2, 0x57, 0x3b, 0x16, 0x75, 0x63, 0x8d, 0xeb, 0x21,
    0xb7, 0xa2, 0x56, 0x3d, 0x76, 0xb6, 0xd3, 0x8f, 0x0a, 0x8d, 0xc6, 0x9e, 0x88, 0x59, 0x15, 0x59,
    0x1c, 0x92, 0x0a, 0xf9, 0xc4, 0x92, 0x94, 0x3c, 0x1e, 0x99, 0x92, 0x57, 0x3f, 0x52, 0xf9, 0x9b,
    0x95, 0x55, 0x62, 0x55, 0x9b, 0x51, 0x48, 0x6a, 0x79, 0x25, 0x97, 0x44, 0x92, 0x69, 0x24, 0x98,
    0xc7, 0x61, 0x99, 0x12, 0x78, 0x5a, 0x29, 0x39, 0x26, 0x9a, 0x2a, 0xce, 0x96, 0x99, 0x8d, 0x5f,
    0xb9, 0xf9, 0xa5, 0x9c, 0x66, 0xa9, 0x89, 0x12, 0x9b, 0x59, 0xd9, 0xb9, 0x58, 0x6f, 0x8e, 0x39,
    0x35, 0x12, 0x8c, 0x50, 0xa9, 0xe7, 0xa7, 0x8e, 0x34, 0xfe, 0xa4, 0xe7, 0x9c, 0xdf, 0x99, 0x65,
    0x28, 0x89, 0x6f, 0x46, 0x78, 0xd3, 0xa2, 0xa2, 0xc9, 0xe7, 0xdd, 0xa3, 0x7c, 0xd6, 0x97, 0x28,
    0x4e, 0x94, 0x4a, 0x66, 0x29, 0x58, 0x98, 0x66, 0xea, 0x1c, 0xa0, 0x77, 0x0d, 0xc9, 0x68, 0xa8,
    0x74, 0x5e, 0x8a, 0xea, 0x82, 0xe1, 0x6d, 0x1a, 0xa9, 0x93, 0x9e, 0xae, 0xff, 0x1a, 0x64, 0x9d,
    0xb2, 0x0e, 0xb8, 0x24, 0x93, 0x9c, 0xba, 0xea, 0x50, 0xad, 0xb3, 0xb6, 0xc9, 0xeb, 0xa1, 0x1f,
    0xea, 0x7a, 0xab, 0xa9, 0x23, 0xfe, 0xda, 0x2b, 0x85, 0xc6, 0xe6, 0xe8, 0x1f, 0xae, 0xa3, 0x32,
    0x1b, 0x5c, 0xb2, 0xee, 0x25, 0xab, 0xac, 0x81, 0xc4, 0x36, 0x5b, 0xed, 0xb3, 0xc6, 0x46, 0x2b,
    0x6d, 0xaa, 0x0e, 0x3a, 0xbb, 0x2c, 0x46, 0x7d, 0xc9, 0xaa, 0xe9, 0x55, 0xe4, 0xbe, 0xc6, 0xeb,
    0xb0, 0x66, 0x7e, 0x2b, 0x26, 0x8b, 0xab, 0x8e, 0x4b, 0xae, 0xa0, 0xba, 0x9d, 0x2b, 0xe4, 0xba,
    0xd4, 0xd2, 0xcb, 0x5a, 0xad, 0xee, 0xbe, 0x8b, 0x67, 0xac, 0xe2, 0xce, 0x9b, 0xae, 0x4c, 0xc2,
    0x76, 0x28, 0xaf, 0xba, 0xfa, 0x16, 0x6c, 0xb0, 0xb9, 0x86, 0xd6, 0x6b, 0x2f, 0x7e, 0x01, 0x0b,
    0xf0, 0x2b, 0xba, 0x06, 0x47, 0xdc, 0x29, 0x69, 0x9f, 0x06, 0x2b, 0x63, 0x43, 0x92, 0x12, 0xf4,
    0xb0, 0xbf, 0x12, 0x77, 0x4c, 0x2a, 0xc5, 0x8d, 0x76, 0x7b, 0x71, 0x42, 0xb0, 0x02, 0x39, 0x61,
    0xbe, 0xe5, 0x5a, 0x0b, 0xef, 0x4d, 0x98, 0x5a, 0x4c, 0xf2, 0xc8, 0x88, 0x3d, 0xba, 0x92, 0xc7,
    0x28, 0x67, 0x5c, 0x69, 0xc2, 0x28, 0x7a, 0x59, 0x50, 0xc9, 0x38, 0x12, 0x0a, 0xb1, 0xbe, 0x35,
    0x37, 0xcc, 0x6e, 0xc5, 0x00, 0xeb, 0x4c, 0x1e, 0xcc, 0x0f, 0xb5, 0xbc, 0xa5, 0xc4, 0x41, 0x7b,
    0xbb, 0xa7, 0xcc, 0x39, 0x33, 0x0c, 0x6e, 0xb1, 0xac, 0x42, 0xa9, 0x6d, 0xc8, 0x43, 0x61, 0xc5,
    0x73, 0x92, 0x58, 0x5b, 0x3d, 0x9e, 0xcf, 0xef, 0x69, 0x8d, 0xf4, 0xae, 0x5d, 0x7b, 0x0d, 0x1d,
    0xd8, 0x02, 0xe8, 0x7a, 0x32, 0x4e, 0xa2, 0x0e, 0xd6, 0x36, 0x52, 0x44, 0xef, 0x3c, 0xb6, 0x84,
    0x55, 0x07, 0xf5, 0xb6, 0x5e, 0x77, 0xdb, 0x5d, 0xb6, 0xdc, 0x53, 0x93, 0xff, 0x6d, 0xab, 0xde,
    0xc7, 0x0a, 0x96, 0xf7, 0x70, 0x7b, 0x1f, 0x6d, 0xb4, 0x89, 0x7f, 0x9b, 0x6d, 0xd3, 0xe0, 0x4a,
    0x61, 0xba, 0xf0, 0x40, 0x75, 0x2b, 0x5e, 0x13, 0xe3, 0x49, 0x39, 0xfe, 0x6f, 0x41, 0x91, 0x4b,
    0xce, 0x12, 0xe5, 0x70, 0x43, 0x8d, 0x78, 0xe2, 0x9a, 0xb3, 0xcd, 0x6d, 0x5c, 0x6b, 0x3b, 0x9c,
    0x79, 0xe8, 0x8b, 0x8f, 0x3e, 0xdf, 0xe9, 0xa6, 0x83, 0x8e, 0xfa, 0xe4, 0xaa, 0xa7, 0xc7, 0x2a,
    0xeb, 0xc8, 0x6e, 0x6b, 0x7b, 0x90, 0x9c, 0x0b, 0xee, 0x7a, 0x6a, 0xb7, 0xdf, 0xfe, 0x62, 0xec,
    0x04, 0xee, 0x5e, 0x7b, 0xef, 0xd0, 0x62, 0x0e, 0x3c, 0x6d, 0xb4, 0x5b, 0x46, 0xfc, 0xb6, 0xbf,
    0x07, 0xfe, 0xfa, 0xea, 0xcb, 0xf7, 0x0e, 0xf9, 0xf1, 0xcf, 0x3b, 0x1a, 0xbd, 0xf4, 0x02, 0x3b,
    0x5f, 0xbd, 0xaa, 0xd7, 0x33, 0x9f, 0xfd, 0xf6, 0xca, 0x17, 0x1f, 0xee, 0x86, 0xdf, 0x83, 0xef,
    0xb6, 0xf8, 0x20, 0xe7, 0x98, 0xbb, 0xf9, 0x8d, 0xa3, 0x7f, 0x2a, 0x67, 0xeb, 0xb3, 0x2f, 0x7f,
    0x43, 0xf1, 0xcf, 0x6f, 0x3f, 0x42, 0xf5, 0xdf, 0xaf, 0xff, 0xf4, 0xda, 0xef, 0x0f, 0xd4, 0xe3,
    0x4d, 0xb2, 0x52, 0xfe, 0xfc, 0xf7, 0x26, 0x0c, 0x61, 0x65, 0x80, 0x04, 0xf4, 0x91, 0x5e, 0xa4,
    0x84, 0xc0, 0x04, 0x3e, 0x69, 0x81, 0x02, 0xa4, 0x9e, 0x03, 0xef, 0xc7, 0x40, 0x09, 0x4e, 0x70,
    0x7e, 0x15, 0xec, 0xdf, 0x05, 0xe5, 0x97, 0xc1, 0x0d, 0x0a, 0xa5, 0x81, 0xff, 0x8b, 0xa0, 0x06,
    0x3d, 0x28, 0x12, 0x10, 0x2a, 0x4a, 0x84, 0x24, 0x24, 0xdc, 0x08, 0xbb, 0x82, 0xc2, 0x14, 0x8a,
    0xce, 0x34, 0x00, 0xdc, 0xca, 0xe5, 0x5c, 0x08, 0x3b, 0x18, 0xce, 0x50, 0x2a, 0x31, 0xa4, 0xe1,
    0x9a, 0x6c, 0x94, 0xc3, 0xb0, 0xdc, 0x50, 0x87, 0x93, 0xfa, 0xa1, 0x0c, 0xdd, 0x01, 0x60, 0x42,
    0x20, 0x8a, 0x0c, 0x42, 0x16, 0x29, 0xa2, 0x11, 0x5d, 0x06, 0x97, 0x8b, 0x28, 0x71, 0x89, 0x38,
    0xea, 0x61, 0x08, 0x0f, 0x68, 0x41, 0x28, 0x32, 0x4a, 0x8a, 0x27, 0xa4, 0xe2, 0x0a, 0xad, 0xa8,
    0x9c, 0x00, 0x60, 0x31, 0x57, 0x5a, 0xe4, 0x62, 0xea, 0xbc, 0x28, 0x44, 0xc0, 0x84, 0x51, 0x8c,
    0x2d, 0x71, 0xcd, 0x17, 0x55, 0x93, 0xc4, 0x2a, 0xa2, 0x31, 0x56, 0x03, 0x59, 0xe3, 0x94, 0xda,
    0xb8, 0xc5, 0x37, 0x16, 0x2b, 0x8e, 0x65, 0x04, 0xe3, 0x13, 0xed, 0x48, 0x37, 0x1b, 0xe6, 0xf1,
    0x4e, 0xfc, 0xe3, 0x23, 0xcb, 0x78, 0x28, 0x47, 0x1d, 0x05, 0x52, 0x90, 0x35, 0xc4, 0xe3, 0x1f,
    0x17, 0x73, 0x48, 0x44, 0x6e, 0x6e, 0x74, 0x85, 0xb4, 0x90, 0x97, 0xf6, 0xe8, 0xc8, 0xcf, 0x1d,
    0x24, 0x92, 0x4c, 0x2c, 0x5f, 0x25, 0xd3, 0x08, 0xc9, 0x45, 0x0a, 0x49, 0x63, 0x6e, 0xdc, 0x24,
    0x1c, 0xa5, 0x76, 0x27, 0x11, 0xd6, 0x51, 0x94, 0xa3, 0xe4, 0x5b, 0x29, 0xb5, 0x78, 0x4a, 0x54,
    0xb2, 0xe8, 0x92, 0x9e, 0xcc, 0x5a, 0x06, 0x5b, 0xe9, 0xca, 0x2e, 0x1e, 0x8b, 0x69, 0xf8, 0x0b,
    0x65, 0x2d, 0x4b, 0xd8, 0x36, 0x5c, 0x5a, 0x72, 0x97, 0x1f, 0xec, 0x65, 0xc4, 0xfa, 0x08, 0xcc,
    0x60, 0xc6, 0xce, 0x97, 0xcd, 0x2b, 0x26, 0x73, 0x74, 0xd9, 0x33, 0x66, 0x2a, 0x33, 0x5e, 0xb4,
    0xcc, 0xe5, 0xb4, 0x9e, 0x59, 0x39, 0x67, 0xf6, 0x91, 0x92, 0xd4, 0xbc, 0x59, 0xbf, 0xb2, 0x89,
    0xb7, 0x81, 0x71, 0x93, 0x74, 0xde, 0x9c, 0x5f, 0x40, 0x00, 0x00, 0x21, 0xf9, 0x04, 0x01, 0x06,
    0x00, 0x02, 0x00, 0x2c, 0x5a, 0x00, 0xd4, 0x00, 0xd9, 0x00, 0x5d, 0x00, 0x81, 0x00, 0x00, 0x00,
    0xff, 0xff, 0xff, 0x00, 0x00, 0x00, 0x00, 0x00, 0x00, 0x08, 0xff, 0x00, 0x05, 0x08, 0x1c, 0x48,
    0xb0, 0xa0, 0xc1, 0x83, 0x08, 0x13, 0x2a, 0x5c, 0xc8, 0xb0, 0xa1, 0xc3, 0x87, 0x10, 0x23, 0x4a,
    0x2c, 0x18, 0xa0, 0xe2, 0xc4, 0x8b, 0x18, 0x33, 0x6a, 0xdc, 0xc8, 0xb1, 0xa3, 0xc7, 0x83, 0x15,
    0x03, 0x7c, 0x1c, 0x49, 0xb2, 0xa4, 0xc9, 0x93, 0x25, 0x43, 0xa2, 0x5c, 0xc9, 0xb2, 0xa5, 0xcb,
    0x97, 0x02, 0x54, 0xc2, 0x9c, 0x49, 0xb3, 0xa6, 0xcd, 0x81, 0x32, 0x6f, 0xea, 0xdc, 0xc9, 0xb3,
    0x63, 0xce, 0x9e, 0x40, 0x83, 0x0a, 0x1d, 0x4a, 0xb4, 0xa8, 0xd1, 0xa3, 0x48, 0x93, 0x2a, 0x5d,
    0xca, 0xb4, 0xa9, 0xd3, 0xa7, 0x50, 0x71, 0x5a, 0x8c, 0x4a, 0xb5, 0x6a, 0xc2, 0x9f, 0x56, 0xb3,
    0x56, 0xc5, 0xaa, 0xb5, 0xab, 0x54, 0x91, 0x50, 0xb9, 0x7a, 0x75, 0x2a, 0x56, 0x69, 0xd9, 0xb1,
    0x4b, 0xcf, 0x22, 0x55, 0x8b, 0x96, 0x27, 0xdb, 0xb6, 0x02, 0xdf, 0xc2, 0x4d, 0x39, 0x75, 0xee,
    0xd5, 0xba, 0x76, 0x5d, 0xca, 0x6d, 0xbb, 0x77, 0x68, 0x5f, 0x8f, 0x7f, 0xf3, 0xfa, 0xc5, 0xcb,
    0x30, 0x30, 0x47, 0xc3, 0x82, 0x81, 0xfe, 0x45, 0xac, 0x91, 0x71, 0xe2, 0x9d, 0x8e, 0x01, 0x13,
    0x7e, 0x4c, 0x19, 0x66, 0xe4, 0xca, 0x98, 0x27, 0x5e, 0xce, 0xcc, 0xd9, 0xe1, 0xe6, 0xce, 0xa0,
    0xe3, 0x7e, 0x0e, 0x4d, 0xfa, 0x2b, 0xd8, 0xd2, 0xa8, 0x33, 0x86, 0x3c, 0x9d, 0xba, 0x35, 0xc2,
    0xd1, 0xae, 0x3b, 0xc3, 0x8e, 0x9d, 0x79, 0x36, 0xed, 0xdb, 0xb8, 0x73, 0xeb, 0xde, 0xcd, 0xfb,
    0x31, 0x80, 0xdf, 0xbd, 0x7b, 0xff, 0x06, 0x10, 0x9c, 0xf7, 0xf0, 0xe2, 0xc8, 0x93, 0x2b, 0x5f,
    0xce, 0xbc, 0xb9, 0xf3, 0xe7, 0xd0, 0xa3, 0x4b, 0x9f, 0x4e, 0xbd, 0xba, 0x75, 0x83, 0xc3, 0x89,
    0x5f, 0xc7, 0x9c, 0x7d, 0x3b, 0xf7, 0xe3, 0xde, 0xc3, 0x8b, 0x79, 0x1f, 0x4f, 0xbe, 0xbc, 0xf9,
    0xf3, 0xe8, 0xd3, 0xab, 0x5f, 0xcf, 0xbe, 0xbd, 0xfb, 0xf7, 0xf0, 0xe3, 0xcb, 0x9f, 0x4f, 0xbf,
    0xbe, 0xfd, 0xfb, 0xf8, 0xf3, 0x93, 0x9d, 0xac, 0xbf, 0xa8, 0xed, 0xfe, 0x74, 0xb1, 0x66, 0xdf,
    0x7f, 0x00, 0x8e, 0x44, 0x60, 0x81, 0x92, 0x09, 0x88, 0xa0, 0x50, 0x07, 0x2e, 0xe8, 0xe0, 0x83,
    0x10, 0x46, 0x28, 0xe1, 0x84, 0x14, 0x56, 0x68, 0x52, 0x77, 0x16, 0xde, 0x84, 0x61, 0x86, 0x35,
    0x6d, 0xc8, 0x61, 0x62, 0x0d, 0x7e, 0xb8, 0x50, 0x88, 0x22, 0xde, 0xa5, 0x60, 0x89, 0x28, 0xa6,
    0xa8, 0xe2, 0x8a, 0x2c, 0x8e, 0x04, 0x5e, 0x8b, 0x28, 0xbd, 0x08, 0xe3, 0x85, 0xc0, 0xcd, 0x48,
    0x90, 0x8c, 0x0c, 0x79, 0x68, 0x63, 0x42, 0x38, 0x2e, 0xa4, 0xe3, 0x8e, 0x07, 0xf5, 0xa8, 0xd0,
    0x8f, 0x95, 0x05, 0x04, 0x00, 0x21, 0xf9, 0x04, 0x01, 0x06, 0x00, 0x02, 0x00, 0x2c, 0x10, 0x00,
    0x9a, 0x00, 0x7a, 0x01, 0xb4, 0x00, 0x81, 0x00, 0x00, 0x00, 0xff, 0xff, 0xff, 0x00, 0x00, 0x00,
    0x00, 0x00, 0x00, 0x08, 0xff, 0x00, 0x05, 0x08, 0x1c, 0x48, 0xb0, 0xa0, 0xc1, 0x83, 0x08, 0x13,
    0x2a, 0x5c, 0xc8, 0xb0, 0xa1, 0xc3, 0x87, 0x10, 0x23, 0x4a, 0x9c, 0x48, 0xb1, 0xa2, 0xc5, 0x81,
    0x00, 0x32, 0x5e, 0xdc, 0xc8, 0xb1, 0xa3, 0xc7, 0x8f, 0x20, 0x43, 0x8a, 0x1c, 0x49, 0xb2, 0x24,
    0xc9, 0x8c, 0x00, 0x4c, 0xaa, 0x5c, 0xc9, 0xb2, 0xa5, 0xcb, 0x97, 0x30, 0x63, 0x6e, 0x44, 0x29,
    0xb3, 0xa6, 0xcd, 0x9b, 0x38, 0x73, 0xea, 0xb4, 0x49, 0x73, 0xa7, 0xcf, 0x9f, 0x40, 0x09, 0xf6,
    0x0c, 0x4a, 0xf4, 0x25, 0xca, 0xa3, 0x43, 0x8b, 0x2a, 0x5d, 0x5a, 0x32, 0x29, 0xd3, 0xa7, 0x20,
    0x91, 0x22, 0x85, 0x4a, 0xb5, 0xaa, 0x45, 0xa7, 0x56, 0xb3, 0x4a, 0x94, 0x7a, 0x54, 0xab, 0x57,
    0x81, 0x5d, 0xb3, 0x72, 0xc5, 0xfa, 0xb5, 0x2c, 0xd8, 0xb1, 0x5c, 0xcd, 0x52, 0x0d, 0x6b, 0x15,
    0x6d, 0x4a, 0xb5, 0x70, 0x05, 0xb8, 0x95, 0x1a, 0x97, 0x29, 0xdb, 0xaa, 0x6e, 0xeb, 0xaa, 0x9d,
    0x3b, 0x55, 0x2f, 0xd0, 0xbc, 0x62, 0x35, 0xea, 0x25, 0xab, 0x15, 0xb0, 0xdf, 0xa0, 0x86, 0xf1,
    0x0a, 0xae, 0x4b, 0x38, 0xf0, 0xd8, 0xc3, 0x44, 0x13, 0xaf, 0x5d, 0x1c, 0xb7, 0x71, 0x5b, 0xb4,
    0x90, 0x7d, 0xd2, 0xc5, 0xd8, 0x37, 0xb3, 0xe7, 0xa7, 0x96, 0x41, 0x53, 0x2e, 0xba, 0xf9, 0xec,
    0xdd, 0xcf, 0xa8, 0x11, 0x8f, 0x76, 0x2c, 0xfa, 0x6e, 0xe9, 0xd4, 0xb0, 0x35, 0xaf, 0xbe, 0xfc,
    0x16, 0xaa, 0xe4, 0xd8, 0x5b, 0x67, 0xe3, 0xde, 0x2d, 0x74, 0x71, 0x68, 0x9d, 0xb7, 0x79, 0x3b,
    0xfc, 0x2d, 0x3c, 0xf5, 0x50, 0xe2, 0x38, 0x83, 0x17, 0x5f, 0x88, 0x7c, 0x79, 0xe6, 0xe3, 0xba,
    0x7f, 0x2a, 0x77, 0x8e, 0xb0, 0x39, 0x75, 0xbf, 0xd0, 0x6b, 0xb7, 0xd6, 0x3e, 0xd3, 0xfa, 0xf5,
    0xef, 0x17, 0xbd, 0x5f, 0xff, 0x8d, 0xae, 0xf4, 0x74, 0x78, 0xf1, 0xe0, 0xd3, 0x47, 0x44, 0x4f,
    0x91, 0xfd, 0x4d, 0xf3, 0xe3, 0xc9, 0xab, 0x9f, 0x5f, 0xd1, 0x7d, 0x6e, 0xee, 0xf4, 0xf3, 0xeb,
    0xdf, 0xcf, 0xbf, 0xbf, 0xff, 0xff, 0x00, 0x06, 0x28, 0xe0, 0x80, 0x04, 0xda, 0xf6, 0x18, 0x64,
    0xf0, 0x15, 0xa8, 0x60, 0x4e, 0x98, 0x21, 0x68, 0xdf, 0x82, 0x10, 0x86, 0xd4, 0xe0, 0x61, 0x09,
    0x52, 0xc8, 0x57, 0x84, 0xe5, 0x4d, 0xd8, 0x50, 0x00, 0x1c, 0x62, 0x68, 0xd4, 0x85, 0x1e, 0xaa,
    0x76, 0xa0, 0x43, 0x1c, 0x06, 0x10, 0x62, 0x4b, 0x7c, 0xe1, 0x77, 0x62, 0x72, 0x1a, 0x32, 0x54,
    0xe2, 0x8a, 0xd2, 0xb5, 0x08, 0x63, 0x77, 0x23, 0x4e, 0x54, 0xa2, 0x89, 0x33, 0xc6, 0x58, 0x63,
    0x8e, 0xe7, 0xed, 0x18, 0xd1, 0x8d, 0x3c, 0xca, 0xe6, 0x63, 0x90, 0x13, 0x4d, 0xb7, 0xe1, 0x8b,
    0x44, 0x32, 0x28, 0x63, 0x92, 0xeb, 0x2d, 0xf9, 0x10, 0x90, 0x4c, 0x7e, 0x84, 0x24, 0x8d, 0xaf,
    0x45, 0x69, 0xda, 0x83, 0x03, 0xdd, 0xd8, 0xa1, 0x95, 0x21, 0x4d, 0xd9, 0x63, 0x95, 0x56, 0x82,
    0x49, 0x91, 0x96, 0x38, 0x72, 0x29, 0xe5, 0x96, 0x54, 0x76, 0x66, 0xa6, 0x98, 0x36, 0x6a, 0x69,
    0xe6, 0x48, 0x64, 0x46, 0xc5, 0x26, 0x84, 0x73, 0xfe, 0xe8, 0xe6, 0x9b, 0x2a, 0xc5, 0xf9, 0x51,
    0x5a, 0x30, 0xd6, 0x09, 0x91, 0x9e, 0x78, 0x96, 0x04, 0x68, 0x47, 0x7c, 0xae, 0xe8, 0xe7, 0x93,
    0x77, 0x52, 0x87, 0x25, 0x51, 0x64, 0x96, 0x49, 0xe8, 0x90, 0xf9, 0x15, 0x6a, 0x51, 0xa3, 0xdf,
    0x65, 0x97, 0x19, 0xa5, 0x7b, 0x42, 0x4a, 0x9f, 0xa4, 0x15, 0x61, 0xaa, 0xa8, 0x6f, 0xf2, 0x7d,
    0xe5, 0xe9, 0xa3, 0x9c, 0xee, 0x57, 0x6a, 0x9b, 0x89, 0x3a, 0x97, 0x22, 0x6a, 0x83, 0x72, 0x64,
    0x24, 0x6f, 0x87, 0x92, 0xff, 0x88, 0xa6, 0x7e, 0xaf, 0xaa, 0xd5, 0x6a, 0x9a, 0x6a, 0x5e, 0x17,
    0xeb, 0x91, 0x8e, 0x46, 0xea, 0x64, 0x5d, 0xb7, 0x7e, 0xb9, 0x2b, 0x6c, 0xc3, 0x2e, 0xe4, 0x25,
    0x7f, 0x8b, 0x7a, 0x35, 0xaa, 0xab, 0xb9, 0x12, 0xdb, 0xec, 0x98, 0xa9, 0xfe, 0x97, 0xac, 0x56,
    0xcb, 0xe2, 0x2a, 0x5c, 0xb1, 0x0a, 0x05, 0x8b, 0x6c, 0xa8, 0x9e, 0x55, 0x2b, 0xac, 0x8a, 0xa8,
    0x61, 0x9b, 0x90, 0xb6, 0xa6, 0x72, 0x7b, 0x29, 0xb9, 0xed, 0x3d, 0x1b, 0xae, 0xba, 0x12, 0xa1,
    0x1b, 0x28, 0xb5, 0xd1, 0x5a, 0xeb, 0x20, 0xbb, 0xbc, 0x42, 0xf9, 0xee, 0xb9, 0xf6, 0x92, 0x3a,
    0xad, 0x8e, 0x15, 0xd6, 0x7b, 0xec, 0xbd, 0x7a, 0xb9, 0x7b, 0xdf, 0xbe, 0x42, 0xf6, 0xeb, 0xa2,
    0xc0, 0x00, 0xc7, 0xe5, 0xed, 0xc0, 0x04, 0x7f, 0x68, 0x30, 0xa2, 0xf9, 0x26, 0x0c, 0xdb, 0xc2,
    0x4d, 0xd2, 0x6b, 0x97, 0xc5, 0x10, 0xff, 0x2b, 0xf1, 0x67, 0x14, 0x43, 0x74, 0xea, 0x64, 0x0f,
    0xcb, 0x1a, 0xf1, 0xc6, 0xbc, 0x69, 0xcc, 0x30, 0xc6, 0x4a, 0x86, 0x4c, 0xb2, 0x82, 0x26, 0x57,
    0xfc, 0x31, 0xbf, 0xe6, 0xae, 0x4c, 0x60, 0xcb, 0x1e, 0xff, 0x5a, 0x70, 0xcc, 0x32, 0x17, 0x48,
    0x73, 0x91, 0x28, 0xc3, 0x24, 0x2e, 0x73, 0x9a, 0xe6, 0x9c, 0xda, 0xce, 0x27, 0x8b, 0x48, 0xb0,
    0xcd, 0x42, 0x73, 0x3c, 0x2b, 0xb3, 0x2a, 0x3b, 0x7c, 0x74, 0xd0, 0x49, 0x5b, 0xd8, 0x74, 0xc5,
    0x22, 0xb2, 0x54, 0x6b, 0xd4, 0x5e, 0xfd, 0xdc, 0x50, 0xc3, 0x4c, 0x5b, 0x8d, 0x34, 0xd6, 0x59,
    0xf7, 0x7c, 0x5f, 0xd5, 0x2b, 0x5d, 0x0d, 0x36, 0x6d, 0x5c, 0xcb, 0x85, 0x33, 0x8a, 0x6b, 0xd7,
    0xf7, 0xf5, 0xd9, 0x46, 0x6b, 0xcd, 0xa3, 0xdc, 0x70, 0xb3, 0x0d, 0xf5, 0x9b, 0x74, 0xd7, 0x5d,
    0xf6, 0xdb, 0x5c, 0xe6, 0xff, 0xad, 0xb7, 0x9c, 0x2f, 0xe7, 0xb9, 0xf4, 0x4f, 0x08, 0x9b, 0x14,
    0x38, 0x5c, 0x69, 0x1b, 0x77, 0x37, 0x49, 0x44, 0xdb, 0x54, 0x78, 0x53, 0x7e, 0x2f, 0x95, 0xf8,
    0xba, 0x87, 0x0b, 0x3a, 0xb8, 0x4f, 0x8f, 0x9f, 0x14, 0x79, 0x86, 0xe0, 0x6e, 0xca, 0xb7, 0x47,
    0x1d, 0xc3, 0x3b, 0xb2, 0x4a, 0x9b, 0xb3, 0x58, 0xf9, 0xa7, 0x8b, 0x9f, 0x19, 0xaf, 0x59, 0x99,
    0xeb, 0xdb, 0x76, 0x64, 0xa9, 0x2f, 0x67, 0x36, 0xe8, 0xad, 0x33, 0x55, 0xbb, 0xbc, 0x7b, 0xc5,
    0xee, 0xec, 0xe9, 0x1d, 0x35, 0x5e, 0x72, 0xa3, 0x97, 0x33, 0x3d, 0xf9, 0xde, 0x9d, 0xa3, 0x5e,
    0xfa, 0xc1, 0xbd, 0x82, 0x07, 0x7c, 0xf0, 0xb8, 0x87, 0x5d, 0xbc, 0xaa, 0xba, 0x5f, 0xe4, 0xfb,
    0x6e, 0xcb, 0x27, 0xef, 0xfa, 0xf3, 0x17, 0x63, 0x8f, 0x1b, 0xef, 0xed, 0xae, 0xee, 0x74, 0x8a,
    0x9f, 0x33, 0xbe, 0x7c, 0xa6, 0xaf, 0x27, 0xcd, 0xbd, 0x9d, 0xa3, 0x7f, 0x0f, 0xfe, 0xf9, 0x70,
    0x8e, 0xef, 0xd1, 0xd4, 0x60, 0xb3, 0x9f, 0x31, 0xf3, 0x76, 0xaf, 0x1f, 0xbd, 0x48, 0xd5, 0x93,
    0xaf, 0x7d, 0xdd, 0xf2, 0x8b, 0x3c, 0xbd, 0xe6, 0xf6, 0xbb, 0x5f, 0x97, 0xdc, 0xa7, 0xaf, 0xbf,
    0x55, 0xa7, 0x7c, 0xbc, 0x1a, 0x49, 0x00, 0x17, 0xc8, 0x40, 0xfb, 0xb5, 0x84, 0x80, 0xe9, 0xda,
    0x9f, 0xd0, 0x12, 0xf7, 0xbf, 0x9a, 0x35, 0xf0, 0x82, 0x18, 0x14, 0xdb, 0x46, 0x20, 0xc8, 0x33,
    0x09, 0xe6, 0x8c, 0x82, 0xf4, 0x8b, 0x4f, 0x06, 0x47, 0xd8, 0xc0, 0x07, 0x02, 0xaf, 0x47, 0x06,
    0x54, 0x9b, 0x07, 0xb3, 0x15, 0x42, 0xfd, 0x09, 0xd0, 0x67, 0x08, 0xdc, 0xe0, 0xed, 0x86, 0x77,
    0xa2, 0x64, 0x55, 0x50, 0x84, 0x2f, 0x74, 0x58, 0x4d, 0x42, 0x77, 0xc0, 0x15, 0xde, 0xcb, 0x86,
    0x2d, 0x7c, 0xdf, 0x5c, 0xff, 0x5a, 0xb3, 0xc3, 0x19, 0xc6, 0x30, 0x4a, 0xe8, 0xe1, 0x61, 0x0a,
    0x05, 0x70, 0xbb, 0xa8, 0x25, 0xb1, 0x89, 0x60, 0x83, 0xe2, 0x04, 0x5f, 0xa7, 0xc4, 0x14, 0x4a,
    0x71, 0x89, 0x59, 0xf2, 0x1e, 0x16, 0x51, 0xb5, 0x45, 0xf4, 0xdd, 0xb0, 0x8b, 0x07, 0xf9, 0xe2,
    0x12, 0xaf, 0x08, 0x46, 0x26, 0x06, 0xd1, 0x8a, 0x64, 0x2c, 0x23, 0xf2, 0xca, 0x58, 0x45, 0x35,
    0x76, 0xea, 0x8c, 0x58, 0x6b, 0xa3, 0x1b, 0xb9, 0x08, 0x46, 0x39, 0xce, 0x11, 0x7d, 0x7a, 0xe3,
    0xe0, 0x1d, 0xf7, 0x28, 0xbd, 0x13, 0xf2, 0xf1, 0x8f, 0x7d, 0xb4, 0x23, 0x20, 0x07, 0x09, 0x97,
    0xf4, 0xc9, 0xb0, 0x7a, 0x88, 0xd4, 0x23, 0x21, 0x83, 0x64, 0xc8, 0x40, 0x26, 0xf2, 0x91, 0x8d,
    0x5c, 0xe4, 0x8a, 0x22, 0xf9, 0x46, 0x48, 0x5a, 0xd2, 0x7a, 0x92, 0x34, 0xd3, 0x25, 0x37, 0xc9,
    0xc9, 0x47, 0x66, 0x52, 0x93, 0x9d, 0x0c, 0xa5, 0x28, 0xc5, 0xf8, 0x49, 0x9d, 0x8d, 0xf2, 0x94,
    0x9c, 0x2c, 0x65, 0x92, 0x48, 0xa9, 0x4a, 0x3e, 0xb2, 0xb2, 0x95, 0x77, 0x7c, 0x25, 0x2c, 0xdd,
    0x28, 0xcb, 0x59, 0x96, 0x91, 0x86, 0xe4, 0xb3, 0x65, 0x0d, 0x8f, 0xa8, 0x43, 0x5d, 0x7a, 0x08,
    0x97, 0x42, 0xf4, 0xa1, 0x2f, 0x7d, 0x25, 0xcc, 0x61, 0xaa, 0x11, 0x98, 0xc6, 0x94, 0x19, 0x32,
    0x93, 0x49, 0xb2, 0x65, 0xd2, 0x0e, 0x93, 0xcc, 0xdc, 0x56, 0x31, 0x6f, 0x52, 0xcb, 0x68, 0x6e,
    0x8f, 0x97, 0x31, 0xa9, 0xa6, 0x35, 0x95, 0x06, 0x4d, 0xb2, 0x99, 0xb1, 0x9b, 0xdb, 0x54, 0x1e,
    0x1c, 0x53, 0x96, 0x45, 0x70, 0x86, 0xf3, 0x3a, 0xda, 0x24, 0x5e, 0x39, 0xcf, 0xc9, 0x9f, 0x29,
    0x39, 0x93, 0x6a, 0xec, 0x04, 0x90, 0x3b, 0xb1, 0x09, 0xc0, 0x78, 0xca, 0x13, 0x4d, 0xef, 0xb4,
    0xa0, 0x3d, 0xff, 0x33, 0xdf, 0xcf, 0x69, 0xaa, 0x73, 0x9f, 0x03, 0xca, 0x67, 0xf7, 0xcc, 0x09,
    0x50, 0xf0, 0x08, 0x14, 0x8f, 0x05, 0xf5, 0xcf, 0x41, 0xff, 0x34, 0xce, 0x84, 0x52, 0x0f, 0x9f,
    0xf4, 0x74, 0x68, 0xa0, 0xfa, 0x29, 0xd1, 0x2d, 0x52, 0xb4, 0xa2, 0x18, 0x45, 0x68, 0x46, 0xbb,
    0x98, 0xce, 0x8d, 0xe2, 0xa9, 0xa3, 0x1e, 0xdd, 0xa5, 0x8a, 0x40, 0x1a, 0x52, 0x43, 0xcd, 0x86,
    0xa4, 0x25, 0x0d, 0x11, 0x59, 0x50, 0x9a, 0x52, 0x85, 0x35, 0xb4, 0x83, 0xe3, 0x62, 0x69, 0x4b,
    0x81, 0xf5, 0xd2, 0xb1, 0x21, 0x84, 0x92, 0x33, 0x45, 0x67, 0x4d, 0xe1, 0x19, 0x46, 0x99, 0xe6,
    0xd4, 0x56, 0x3b, 0xd5, 0xe7, 0x4d, 0x7d, 0xfa, 0xd3, 0x42, 0xa6, 0x91, 0x85, 0x38, 0x2d, 0x6a,
    0x7a, 0x04, 0xe9, 0xc5, 0xa0, 0x2a, 0xf5, 0x77, 0x5a, 0xec, 0x5d, 0x54, 0x9f, 0x7a, 0xcf, 0xa4,
    0x0a, 0x24, 0x7f, 0x54, 0x9d, 0xe4, 0x54, 0x0b, 0x82, 0xd5, 0xac, 0x86, 0x28, 0x73, 0x5d, 0xf5,
    0xaa, 0x58, 0xc7, 0x4a, 0xd6, 0xb2, 0x9a, 0xf5, 0xac, 0x68, 0x4d, 0xab, 0x5a, 0xd7, 0xca, 0xd6,
    0xb6, 0xba, 0xf5, 0xad, 0x70, 0x8d, 0xab, 0x5c, 0xe7, 0x4a, 0xd7, 0xba, 0xda, 0xf5, 0xae, 0x78,
    0xcd, 0xab, 0x5e, 0xf7, 0xca, 0xd7, 0xbe, 0xfa, 0xf5, 0xaf, 0x80, 0x0d, 0xac, 0x60, 0x07, 0xcb,
    0xa4, 0x85, 0xce, 0xd1, 0xb0, 0x01, 0x42, 0xec, 0x31, 0x23, 0x9a, 0x24, 0xc5, 0xde, 0x92, 0xb1,
    0x44, 0x72, 0x2c, 0x18, 0x25, 0xbb, 0x57, 0xca, 0x12, 0x56, 0x31, 0xfe, 0xbc, 0x2c, 0xf4, 0x32,
    0x1b, 0xa4, 0x80, 0x00, 0x00, 0x21, 0xf9, 0x04, 0x01, 0x06, 0x00, 0x02, 0x00, 0x2c, 0x5d, 0x00,
    0xb4, 0x00, 0xdd, 0x00, 0x7d, 0x00, 0x81, 0x00, 0x00, 0x00, 0xff, 0xff, 0xff, 0x00, 0x00, 0x00,
    0x00, 0x00, 0x00, 0x08, 0xff, 0x00, 0x05, 0x08, 0x1c, 0x48, 0xb0, 0xa0, 0xc1, 0x83, 0x08, 0x13,
    0x2a, 0x5c, 0xc8, 0xb0, 0xa1, 0xc3, 0x87, 0x10, 0x23, 0x4a, 0x9c, 0x28, 0x31, 0x80, 0x45, 0x8a,
    0x18, 0x33, 0x6a, 0xdc, 0xc8, 0xb1, 0xa3, 0xc7, 0x8f, 0x02, 0x2d, 0x06, 0x00, 0x49, 0xb2, 0xa4,
    0xc9, 0x93, 0x28, 0x41, 0x8a, 0x84, 0xb8, 0x32, 0xa5, 0xcb, 0x97, 0x30, 0x63, 0x0e, 0x14, 0x39,
    0x72, 0x63, 0x4b, 0x99, 0x38, 0x73, 0xea, 0xc4, 0x48, 0x93, 0xe3, 0xcd, 0x9d, 0x40, 0x83, 0x0a,
    0x25, 0xd8, 0xb3, 0xe2, 0xc5, 0x87, 0x3f, 0x87, 0x2a, 0x5d, 0x3a, 0x34, 0xe9, 0x42, 0xa7, 0x4c,
    0xa3, 0x4a, 0x7d, 0x09, 0x35, 0x61, 0xd5, 0xa9, 0x58, 0xb3, 0x76, 0xbc, 0x7a, 0x90, 0xab, 0xd6,
    0xaf, 0x60, 0x77, 0x7a, 0x0d, 0x4b, 0xb6, 0xac, 0xcd, 0xa3, 0x66, 0xd3, 0xaa, 0x3d, 0x5b, 0x73,
    0xad, 0xdb, 0xb7, 0x6c, 0xdb, 0xc2, 0x9d, 0x4b, 0x97, 0xe8, 0xd8, 0xba, 0x78, 0xc3, 0x16, 0xcd,
    0xcb, 0xb7, 0xaf, 0xdf, 0xbf, 0x80, 0x03, 0x0b, 0x1e, 0x4c, 0xb8, 0x70, 0xc6, 0xbb, 0x86, 0x9f,
    0xa2, 0x4d, 0x1c, 0x11, 0x31, 0x63, 0x84, 0x8e, 0x1f, 0xcf, 0x5c, 0x2c, 0x99, 0x25, 0xe5, 0xba,
    0x00, 0x32, 0x03, 0xa8, 0x8c, 0x57, 0x33, 0x53, 0xcd, 0x9b, 0x39, 0xd3, 0xf5, 0xbc, 0x14, 0xb4,
    0xe8, 0xd1, 0x99, 0x3f, 0x93, 0x3e, 0xfd, 0x76, 0x35, 0x56, 0xd7, 0xac, 0xd9, 0x9e, 0x86, 0x1d,
    0xfb, 0xf0, 0x65, 0xc6, 0xb4, 0x6b, 0x53, 0x8c, 0xac, 0xbb, 0xb7, 0xc9, 0xdc, 0xbe, 0x83, 0x33,
    0x04, 0x2e, 0xbc, 0xf8, 0x41, 0xe2, 0xc1, 0xf7, 0x1a, 0x5f, 0xde, 0x95, 0x37, 0xf3, 0xd8, 0xca,
    0x9f, 0x0f, 0x46, 0x2e, 0x5d, 0x38, 0xf5, 0xea, 0xbe, 0xaf, 0x63, 0xdf, 0xce, 0xbd, 0xbb, 0xf7,
    0xef, 0xe0, 0xc3, 0x8b, 0xff, 0x1f, 0x4f, 0xbe, 0xbc, 0xf9, 0xf3, 0xe8, 0x9d, 0xa3, 0x9f, 0xa8,
    0xde, 0x65, 0xfb, 0xf5, 0x96, 0xe5, 0x32, 0x7d, 0x0f, 0xdf, 0x21, 0x7d, 0x8f, 0xf7, 0x33, 0x6a,
    0x4f, 0xbb, 0xbf, 0x64, 0x7e, 0xa3, 0xf2, 0xc9, 0xd4, 0x5f, 0x59, 0x03, 0xaa, 0x74, 0x5b, 0x4a,
    0xff, 0x51, 0x54, 0x60, 0x58, 0x0b, 0xe2, 0x77, 0xa0, 0x83, 0x01, 0xd6, 0x37, 0x5c, 0x83, 0xf3,
    0x3d, 0x28, 0x21, 0x42, 0xa6, 0xc1, 0x95, 0xe0, 0x78, 0x19, 0x96, 0xb5, 0x21, 0x86, 0xa9, 0x99,
    0x47, 0x21, 0x82, 0x16, 0x72, 0x34, 0xa2, 0x75, 0x21, 0x4a, 0xf5, 0xe1, 0x71, 0x29, 0x92, 0x77,
    0xe2, 0x49, 0x2b, 0x1a, 0xf4, 0x62, 0x76, 0x2d, 0x06, 0x36, 0xa3, 0x78, 0x37, 0x2a, 0x95, 0x23,
    0x78, 0x3b, 0x0a, 0xd5, 0xa3, 0x77, 0x3f, 0x12, 0x46, 0x53, 0x89, 0xbd, 0x05, 0x89, 0xd7, 0x90,
    0x11, 0x16, 0x67, 0x64, 0x5d, 0x48, 0x62, 0xb7, 0x64, 0x44, 0x4f, 0x5e, 0x38, 0x61, 0x68, 0x02,
    0xd6, 0x28, 0x65, 0x4c, 0x51, 0x82, 0x48, 0xe5, 0x95, 0x55, 0x6e, 0x59, 0x52, 0x96, 0x5c, 0x46,
    0x05, 0x66, 0x98, 0xa5, 0x59, 0x49, 0x66, 0x67, 0x66, 0x9e, 0x49, 0x96, 0x76, 0x63, 0xaa, 0x49,
    0x12, 0x9b, 0x69, 0xba, 0xf9, 0x15, 0x9c, 0x5e, 0xca, 0xc9, 0xa0, 0x95, 0x6d, 0xda, 0x99, 0x53,
    0x9e, 0x7a, 0x76, 0xd9, 0xe7, 0x9f, 0x02, 0x74, 0x08, 0x28, 0x66, 0x7c, 0x0e, 0x8a, 0x92, 0xa0,
    0x86, 0x16, 0x09, 0xda, 0xa2, 0x8c, 0x36, 0xea, 0xe8, 0xa3, 0x8b, 0x26, 0xfa, 0x25, 0xa4, 0x94,
    0x56, 0x4a, 0xa9, 0xa4, 0x6f, 0x5a, 0xaa, 0xe9, 0xa6, 0x71, 0x26, 0x5a, 0x28, 0xa6, 0x99, 0xd6,
    0x09, 0x2a, 0x7f, 0x9d, 0x8e, 0x0a, 0xd6, 0xa7, 0xa6, 0x9e, 0x16, 0x63, 0xaa, 0x54, 0x11, 0xc9,
    0xea, 0x54, 0xab, 0xbe, 0x67, 0x2a, 0xeb, 0xac, 0xb4, 0xd6, 0x0a, 0x99, 0xab, 0xb6, 0x0a, 0x15,
    0x6b, 0xae, 0x10, 0xf2, 0x7a, 0x21, 0xaa, 0xbe, 0x3a, 0x04, 0x6c, 0xb0, 0x53, 0x12, 0x6b, 0xec,
    0xb1, 0xc8, 0x26, 0xab, 0x6c, 0x4e, 0xbb, 0x2e, 0x1b, 0x9f, 0xb3, 0x4d, 0xe1, 0x0a, 0xed, 0xb4,
    0xd4, 0x56, 0x6b, 0xed, 0xb5, 0xd8, 0x66, 0xab, 0xed, 0xb6, 0xdc, 0x76, 0xfb, 0xd7, 0xb0, 0x03,
    0x21, 0xea, 0x2b, 0xb8, 0x02, 0x89, 0xcb, 0x2b, 0xb9, 0x81, 0xa2, 0xcb, 0x61, 0xa9, 0x2f, 0x99,
    0x1b, 0xac, 0xbb, 0x27, 0xa9, 0xbb, 0x1e, 0xbc, 0xbf, 0xb1, 0x3b, 0x6e, 0xa1, 0xf2, 0x92, 0x99,
    0x63, 0xbe, 0x76, 0xee, 0x6b, 0xef, 0xb5, 0xfe, 0x8a, 0x9a, 0x58, 0x40, 0x00, 0x21, 0xf9, 0x04,
    0x01, 0x06, 0x00, 0x02, 0x00, 0x2c, 0x5d, 0x00, 0xb7, 0x00, 0xdd, 0x00, 0x74, 0x00, 0x81, 0x00,
    0x00, 0x00, 0xff, 0xff, 0xff, 0x00, 0x00, 0x00, 0x00, 0x00, 0x00, 0x08, 0xff, 0x00, 0x05, 0x08,
    0x1c, 0x08, 0xa0, 0xe0, 0xc0, 0x83, 0x08, 0x13, 0x2a, 0x5c, 0xc8, 0xb0, 0xa1, 0xc3, 0x87, 0x10,
    0x23, 0x4a, 0x9c, 0x48, 0xb1, 0xa2, 0xc5, 0x8b, 0x02, 0x0b, 0x02, 0x48, 0xa8, 0x11, 0xa3, 0xc7,
    0x8f, 0x20, 0x43, 0x8a, 0x1c, 0x49, 0x12, 0x62, 0x47, 0x84, 0x27, 0x4b, 0xaa, 0x5c, 0xc9, 0xb2,
    0xa5, 0xcb, 0x8a, 0x1a, 0x53, 0xbe, 0x9c, 0x49, 0xb3, 0x26, 0xcd, 0x00, 0x38, 0x4b, 0xca, 0xb4,
    0xc9, 0xb3, 0xa7, 0xcf, 0x8b, 0x38, 0x03, 0xe8, 0x34, 0xf8, 0xb3, 0xa8, 0xd1, 0xa3, 0x0a, 0x83,
    0x0e, 0xdd, 0x88, 0xb4, 0xa9, 0xd3, 0x9e, 0x4a, 0x49, 0xee, 0xc4, 0x38, 0xf5, 0xa9, 0xd5, 0xab,
    0x2a, 0xab, 0x5a, 0xd4, 0x8a, 0xb5, 0xab, 0xd7, 0xad, 0x44, 0x41, 0x72, 0xfd, 0x4a, 0xb6, 0x2c,
    0xd2, 0x98, 0x66, 0xd3, 0xaa, 0xa5, 0x89, 0x76, 0xad, 0xdb, 0xb7, 0x23, 0xdb, 0xc2, 0x9d, 0xeb,
    0x55, 0x2e, 0xdd, 0xbb, 0x78, 0x1b, 0xda, 0xcd, 0xcb, 0xb7, 0xef, 0xde, 0xbe, 0x80, 0x03, 0x8f,
    0xf5, 0x38, 0x38, 0xb0, 0xe1, 0x8f, 0x85, 0x2f, 0x26, 0x3e, 0xcc, 0x98, 0xe2, 0x62, 0x98, 0x61,
    0x1b, 0x4b, 0x9e, 0x4c, 0xb9, 0xb2, 0xe5, 0xcb, 0x98, 0x33, 0x6b, 0xde, 0xcc, 0xd9, 0x70, 0xd4,
    0xce, 0xa0, 0x5f, 0x7e, 0x0e, 0x4d, 0x5a, 0xe5, 0xe8, 0xd2, 0xa8, 0x53, 0xab, 0x5e, 0xcd, 0xba,
    0xb5, 0xeb, 0xd7, 0xb0, 0x63, 0xcb, 0x9e, 0x4d, 0xbb, 0xb6, 0xed, 0xdb, 0xb8, 0x73, 0xeb, 0xde,
    0xcd, 0xbb, 0xb7, 0xef, 0xdf, 0xc0, 0x83, 0x0b, 0x1f, 0x4e, 0xbc, 0xb8, 0xf1, 0xe3, 0xc8, 0x93,
    0x2b, 0x5f, 0xce, 0xbc, 0xb9, 0xd5, 0xd3, 0xce, 0x27, 0x43, 0x8f, 0xde, 0x78, 0x3a, 0xf5, 0xeb,
    0x2c, 0x83, 0x0a, 0xc5, 0x2e, 0x59, 0x3b, 0xf7, 0xee, 0xd6, 0xbf, 0x8b, 0x9e, 0x1f, 0x4f, 0xbe,
    0xbc, 0xf9, 0xe0, 0xe1, 0xcf, 0xbf, 0x4d, 0xaf, 0x7e, 0x2d, 0xfb, 0xf6, 0xf0, 0xe3, 0xcb, 0x9f,
    0x4f, 0xbf, 0xbe, 0xfd, 0xfb, 0xf8, 0xf3, 0xeb, 0xdf, 0xcf, 0xbf, 0xbf, 0xfb, 0x9c, 0xfe, 0x79,
    0xf5, 0x5e, 0x80, 0x3f, 0x0d, 0x48, 0x20, 0x54, 0x00, 0x1e, 0xa8, 0xe0, 0x82, 0x0c, 0x36, 0xe8,
    0xe0, 0x83, 0x10, 0x7a, 0xa6, 0xdd, 0x84, 0x14, 0x56, 0x68, 0xe1, 0x85, 0x13, 0x46, 0x38, 0x10,
    0x86, 0x1c, 0x76, 0xd8, 0xa1, 0x86, 0x02, 0x79, 0x28, 0xe2, 0x88, 0x06, 0x8a, 0x57, 0x22, 0x88,
    0x24, 0x9d, 0x88, 0xa2, 0x48, 0x2a, 0xae, 0x08, 0x52, 0x8b, 0x2e, 0xc6, 0x28, 0xe3, 0x8c, 0x34,
    0xd6, 0x68, 0xe3, 0x8d, 0x38, 0xe6, 0xa8, 0xe3, 0x8e, 0x3c, 0xf6, 0xe8, 0xe3, 0x78, 0x30, 0xfe,
    0x98, 0x50, 0x90, 0x42, 0x1e, 0x44, 0x64, 0x91, 0x21, 0x26, 0x88, 0xe4, 0x92, 0x4c, 0x36, 0xe9,
    0xe4, 0x93, 0x50, 0x46, 0x29, 0xe5, 0x94, 0x54, 0x56, 0x69, 0xe5, 0x95, 0x21, 0x79, 0x87, 0xe5,
    0x90, 0x47, 0x16, 0xa9, 0xe5, 0x96, 0x46, 0x76, 0x99, 0x56, 0x40, 0x00, 0x21, 0xf9, 0x04, 0x01,
    0x06, 0x00, 0x02, 0x00, 0x2c, 0x1a, 0x00, 0xa7, 0x00, 0x43, 0x01, 0xaa, 0x00, 0x81, 0x00, 0x00,
    0x00, 0xff, 0xff, 0xff, 0x00, 0x00, 0x00, 0x00, 0x00, 0x00, 0x08, 0xff, 0x00, 0x05, 0x08, 0x1c,
    0x48, 0x50, 0x20, 0x80, 0x83, 0x00, 0x0a, 0x2a, 0x5c, 0xc8, 0xb0, 0xa1, 0xc3, 0x87, 0x10, 0x23,
    0x4a, 0x9c, 0x48, 0xb1, 0xa2, 0xc5, 0x8b, 0x0d, 0x11, 0x62, 0xdc, 0xc8, 0xb1, 0xa3, 0xc7, 0x8a,
    0x08, 0x13, 0x7e, 0x1c, 0x49, 0xb2, 0xa4, 0xc9, 0x93, 0x1d, 0x35, 0xa2, 0x5c, 0xc9, 0xf2, 0x64,
    0xc8, 0x96, 0x30, 0x63, 0xca, 0x9c, 0x99, 0xf1, 0x20, 0xcd, 0x9b, 0x38, 0x73, 0xea, 0xdc, 0xc9,
    0xb3, 0xa7, 0xcf, 0x9f, 0x2a, 0x7f, 0x0a, 0x1d, 0x4a, 0xb4, 0xa8, 0xd1, 0x89, 0x41, 0x8f, 0x2a,
    0x5d, 0xca, 0xb4, 0xa9, 0xcc, 0xa4, 0x4e, 0xa3, 0x4a, 0x9d, 0x4a, 0xf5, 0x21, 0xd4, 0xaa, 0x58,
    0xb3, 0x6a, 0xdd, 0xca, 0xb5, 0xab, 0xd7, 0xaf, 0x60, 0xc3, 0x8a, 0x1d, 0x4b, 0xb6, 0xac, 0xd9,
    0xb3, 0x68, 0xd3, 0xaa, 0x5d, 0xcb, 0xb6, 0xad, 0xdb, 0xb7, 0x70, 0xe3, 0xca, 0x9d, 0x4b, 0xb7,
    0xae, 0xdd, 0xbb, 0x78, 0xf3, 0xea, 0xdd, 0xcb, 0xb7, 0x68, 0x80, 0xbf, 0x7d, 0x03, 0x0b, 0x7e,
    0xf8, 0x37, 0xc0, 0xe0, 0xc3, 0x88, 0x05, 0x16, 0x4e, 0xcc, 0xb8, 0xb1, 0xe3, 0xc7, 0x90, 0x23,
    0x4b, 0x9e, 0x4c, 0xb9, 0xb2, 0xe5, 0x95, 0x8b, 0x2f, 0x6b, 0x2e, 0x9b, 0x79, 0xb3, 0x67, 0xb0,
    0x9d, 0x3f, 0x8b, 0x1e, 0x4d, 0xba, 0xb4, 0xe9, 0xd3, 0xa8, 0x53, 0xab, 0x5e, 0xcd, 0xba, 0xb5,
    0xeb, 0xd7, 0xb0, 0x63, 0xcb, 0x9e, 0x4d, 0xbb, 0xb6, 0xed, 0xdb, 0xb8, 0x73, 0xeb, 0xde, 0xcd,
    0xbb, 0xb7, 0xef, 0xdf, 0xc0, 0xd1, 0x5e, 0x0d, 0x4e, 0x5c, 0xc0, 0xf0, 0xe2, 0xc0, 0x8f, 0x23,
    0x5f, 0xce, 0xbc, 0xb9, 0xf3, 0xe7, 0xd0, 0xa3, 0x4b, 0x9f, 0x4e, 0xbd, 0xba, 0xf5, 0xeb, 0xd8,
    0xb3, 0x6b, 0xdf, 0xce, 0xbd, 0xbb, 0xf7, 0xef, 0xe0, 0xc3, 0x8b, 0xff, 0x1f, 0x4f, 0xbe, 0xbc,
    0xf9, 0xf3, 0xe8, 0xd3, 0xab, 0x5f, 0xcf, 0xbe, 0x7d, 0x6c, 0xe5, 0xee, 0x27, 0xc3, 0x8f, 0x1f,
    0x79, 0x3e, 0xfd, 0xfb, 0xf8, 0xf3, 0xeb, 0xdf, 0xcf, 0xbf, 0xbf, 0xff, 0xff, 0x00, 0x02, 0x68,
    0x5f, 0x80, 0x7b, 0x0d, 0x48, 0x60, 0x5e, 0x06, 0x1e, 0xa8, 0xe0, 0x82, 0x0c, 0x36, 0xe8, 0xe0,
    0x83, 0x4b, 0x25, 0x08, 0xe1, 0x5b, 0x12, 0x4e, 0xd8, 0x56, 0x85, 0x16, 0xc6, 0x85, 0x61, 0x86,
    0x69, 0x6d, 0xc8, 0xe1, 0x59, 0x1e, 0x7e, 0xc8, 0x56, 0x88, 0x22, 0x8e, 0x45, 0x62, 0x89, 0x61,
    0x9d, 0x88, 0xe2, 0x57, 0x2a, 0xae, 0xe8, 0xe2, 0x8b, 0x30, 0xc6, 0x28, 0xe3, 0x8c, 0x34, 0xd6,
    0x58, 0x54, 0x48, 0x38, 0xe6, 0xa8, 0xe3, 0x8e, 0x3b, 0xda, 0x38, 0x14, 0x8f, 0x40, 0x06, 0xd9,
    0xa3, 0x8f, 0x40, 0x09, 0x69, 0xa4, 0x90, 0x44, 0x5e, 0xd4, 0x62, 0x92, 0x4c, 0x2d, 0xc9, 0xa4,
    0x52, 0x4e, 0x3e, 0x69, 0x54, 0x94, 0x52, 0x56, 0x69, 0xe5, 0x95, 0x58, 0x66, 0xa9, 0xe5, 0x96,
    0x5c, 0x76, 0xe9, 0xe5, 0x97, 0x60, 0x86, 0x29, 0xe6, 0x98, 0xe8, 0x51, 0x49, 0x66, 0x4b, 0x66,
    0x9e, 0xb9, 0x52, 0x9a, 0x6a, 0xba, 0x64, 0x53, 0x9b, 0x70, 0xc6, 0x29, 0xe7, 0x9c, 0x74, 0xd6,
    0x69, 0xe7, 0x9d, 0x78, 0xe6, 0xa9, 0xe7, 0x9e, 0x7c, 0xf6, 0xd9, 0xe5, 0x4b, 0x7e, 0xea, 0x04,
    0x68, 0xa0, 0x38, 0x0d, 0x4a, 0x28, 0x4d, 0x86, 0x1e, 0xaa, 0xe8, 0xa2, 0x8c, 0x36, 0xea, 0xe8,
    0xa3, 0x90, 0x46, 0x2a, 0xe9, 0xa4, 0x94, 0x56, 0x6a, 0xe9, 0xa5, 0x98, 0x66, 0xaa, 0xe9, 0xa6,
    0x9c, 0x76, 0xea, 0xe9, 0xa7, 0xa0, 0x86, 0x2a, 0xea, 0xa8, 0xa4, 0x96, 0x6a, 0xea, 0xa9, 0xa8,
    0xa6, 0xaa, 0xea, 0xaa, 0xac, 0xb6, 0xea, 0x6a, 0xa8, 0x6c, 0x4e, 0x07, 0x1a, 0xab, 0xa4, 0xb3,
    0xb6, 0x16, 0x10, 0x00, 0x21, 0xf9, 0x04, 0x01, 0x06, 0x00, 0x02, 0x00, 0x2c, 0x60, 0x00, 0xc1,
    0x00, 0xd3, 0x00, 0x5a, 0x00, 0x81, 0x00, 0x00, 0x00, 0xff, 0xff, 0xff, 0x00, 0x00, 0x00, 0x00,
    0x00, 0x00, 0x08, 0xff, 0x00, 0x01, 0x08, 0x14, 0x40, 0xb0, 0xa0, 0xc1, 0x83, 0x08, 0x13, 0x2a,
    0x5c, 0xc8, 0xb0, 0xa1, 0xc3, 0x87, 0x10, 0x23, 0x4a, 0x9c, 0x48, 0xb1, 0x22, 0x45, 0x81, 0x00,
    0x2c, 0x6a, 0xdc, 0xc8, 0xb1, 0xa3, 0xc7, 0x8f, 0x20, 0x2d, 0x62, 0x0c, 0x49, 0xb2, 0xa4, 0xc9,
    0x93, 0x28, 0x53, 0xaa, 0x5c, 0xc9, 0xb2, 0xa5, 0xcb, 0x97, 0x30, 0x63, 0xca, 0x9c, 0x49, 0xb3,
    0xa6, 0xcd, 0x9b, 0x38, 0x63, 0x06, 0xd8, 0x99, 0xb3, 0xa7, 0xcf, 0x9f, 0x04, 0x77, 0x06, 0x00,
    0x4a, 0xb4, 0xa8, 0x4c, 0xa1, 0x46, 0x93, 0x2a, 0x5d, 0xca, 0xb4, 0xa9, 0xd3, 0xa7, 0x50, 0xa3,
    0x4a, 0x9d, 0x4a, 0xb5, 0xaa, 0xd5, 0xab, 0x58, 0xb3, 0x6a, 0xdd, 0xca, 0xb5, 0xab, 0xd7, 0xaf,
    0x60, 0xc3, 0x22, 0x44, 0x2a, 0xb6, 0xec, 0x4b, 0xb2, 0x66, 0xd3, 0xaa, 0x44, 0xab, 0x56, 0x2c,
    0xdb, 0xb6, 0x70, 0x41, 0xbe, 0x8d, 0x4b, 0x77, 0xe3, 0xdc, 0xba, 0x78, 0x21, 0xde, 0xcd, 0xcb,
    0xd7, 0xe1, 0xde, 0xbe, 0x80, 0x13, 0xfe, 0x0d, 0x4c, 0xb8, 0xb0, 0xe1, 0xc3, 0x88, 0x13, 0x2b,
    0x5e, 0x6c, 0x77, 0x30, 0xe3, 0xb8, 0x42, 0x87, 0x3e, 0x0e, 0x1c, 0x79, 0xb2, 0xe5, 0xcb, 0x98,
    0x33, 0x6b, 0xde, 0x5c, 0xd7, 0x71, 0x54, 0xcf, 0x9c, 0x41, 0x3f, 0x15, 0xad, 0x99, 0x74, 0x53,
    0xd3, 0x9c, 0x53, 0xab, 0x5e, 0xcd, 0x3a, 0xef, 0xc8, 0x94, 0xa8, 0x5b, 0x9f, 0x7c, 0x8d, 0x32,
    0xb6, 0xec, 0x92, 0xb4, 0x4f, 0xda, 0xbe, 0x1d, 0x32, 0xb7, 0xc9, 0xdd, 0xbc, 0x83, 0x0b, 0x1f,
    0x4e, 0xbc, 0xb8, 0xf1, 0xe3, 0xc8, 0x93, 0x2b, 0x5f, 0x0e, 0x14, 0x38, 0xf3, 0x9e, 0xce, 0x9f,
    0xe3, 0x8c, 0x2e, 0xfd, 0x27, 0xf5, 0xea, 0x34, 0xaf, 0x63, 0x3f, 0xca, 0x73, 0xbb, 0xf7, 0xef,
    0xe0, 0xc3, 0x8b, 0x34, 0x1f, 0x4f, 0xbe, 0xbc, 0xf9, 0xf3, 0xe8, 0xd3, 0xab, 0x5f, 0xcf, 0xbe,
    0xbd, 0xfb, 0xf7, 0xf0, 0xe3, 0xcb, 0x9f, 0x4f, 0xbf, 0xbe, 0xfd, 0xfb, 0xf8, 0xf3, 0xeb, 0xdf,
    0xcf, 0xbf, 0xbf, 0xff, 0xff, 0x00, 0x06, 0x28, 0x20, 0x71, 0xda, 0x0d, 0x58, 0x50, 0x81, 0x06,
    0x0a, 0x80, 0xa0, 0x81, 0x0b, 0x3e, 0x16, 0x10, 0x00, 0x21, 0xf9, 0x04, 0x01, 0x06, 0x00, 0x02,
    0x00, 0x2c, 0x60, 0x00, 0xba, 0x00, 0xbd, 0x00, 0x77, 0x00, 0x81, 0x00, 0x00, 0x00, 0xff, 0xff,
    0xff, 0x00, 0x00, 0x00, 0x00, 0x00, 0x00, 0x08, 0xff, 0x00, 0x05, 0x08, 0x1c, 0x48, 0xb0, 0xa0,
    0x00, 0x00, 0x08, 0x0d, 0x2a, 0x5c, 0xc8, 0xb0, 0xa1, 0xc3, 0x87, 0x10, 0x23, 0x4a, 0x9c, 0x48,
    0xb1, 0xa2, 0x43, 0x84, 0x00, 0x26, 0x62, 0xb4, 0xc8, 0xb1, 0xa3, 0xc7, 0x8f, 0x20, 0x43, 0x42,
    0xdc, 0x28, 0x91, 0xa4, 0xc8, 0x93, 0x28, 0x53, 0xaa, 0x0c, 0x69, 0x72, 0x64, 0xc2, 0x95, 0x30,
    0x63, 0xca, 0x9c, 0x79, 0xf0, 0x25, 0xcd, 0x9b, 0x38, 0x73, 0xea, 0xdc, 0xc9, 0xb3, 0xa7, 0xcf,
    0x9f, 0x40, 0x83, 0x0a, 0xb5, 0x18, 0xa0, 0xe8, 0xd0, 0xa3, 0x48, 0x69, 0x16, 0x0d, 0x90, 0xb4,
    0xa9, 0xd3, 0x93, 0x4b, 0x9f, 0x4a, 0x9d, 0x4a, 0xb5, 0xaa, 0xd5, 0xab, 0x58, 0xb3, 0x6a, 0xdd,
    0xca, 0xb5, 0xeb, 0xc2, 0x96, 0x5e, 0xc3, 0xfe, 0x04, 0x2b, 0xb6, 0xac, 0x4e, 0xb2, 0x66, 0xd3,
    0xaa, 0x5d, 0xcb, 0xb6, 0xad, 0xdb, 0xb7, 0x70, 0xe3, 0xca, 0x9d, 0x4b, 0xb7, 0xae, 0xdd, 0xbb,
    0x78, 0xf3, 0xea, 0xdd, 0x5b, 0x33, 0x23, 0xdf, 0xbf, 0x68, 0xff, 0xda, 0x0d, 0x2c, 0x78, 0x28,
    0xe1, 0xc2, 0x72, 0x0f, 0x23, 0x86, 0xab, 0x78, 0xf1, 0xda, 0xc6, 0x8e, 0xd9, 0x42, 0x8e, 0xac,
    0x76, 0x32, 0xe5, 0xcb, 0x98, 0x33, 0x6b, 0xde, 0xcc, 0x59, 0x33, 0x46, 0xbf, 0x9d, 0x25, 0x5b,
    0x0e, 0x8d, 0xf5, 0x33, 0xe9, 0xd3, 0xa8, 0x53, 0xab, 0x5e, 0xcd, 0x9a, 0xe0, 0xe8, 0xab, 0xaf,
    0xf3, 0xc6, 0xae, 0x3a, 0xfb, 0x6e, 0xed, 0xa9, 0xb7, 0x5b, 0xeb, 0xde, 0xcd, 0xbb, 0xb7, 0x80,
    0xa8, 0x32, 0x73, 0xfb, 0x2e, 0x08, 0x3c, 0xa6, 0xf0, 0xe1, 0x03, 0x8b, 0xc3, 0x3c, 0x8e, 0xfc,
    0xb7, 0xd1, 0xe0, 0x36, 0x9b, 0x1f, 0x65, 0x2e, 0x9d, 0x26, 0xf5, 0xea, 0xd0, 0x41, 0x63, 0xdf,
    0xce, 0xbd, 0xbb, 0xf7, 0xef, 0xe0, 0xc3, 0x8b, 0x6e, 0x1f, 0x4f, 0xbe, 0xbc, 0xf9, 0xf3, 0xe8,
    0xd3, 0xab, 0x5f, 0xcf, 0xbe, 0xbd, 0xfb, 0xf7, 0xf0, 0xe3, 0xcb, 0x9f, 0x4f, 0xbf, 0xbe, 0xfd,
    0xfb, 0xf8, 0xf3, 0xeb, 0xdf, 0xcf, 0xbf, 0xbf, 0xff, 0xff, 0x00, 0x06, 0x28, 0xe0, 0x80, 0x04,
    0x16, 0x68, 0xe0, 0x81, 0x08, 0x26, 0xa8, 0xe0, 0x82, 0x0c, 0x36, 0xe8, 0xe0, 0x83, 0x10, 0x46,
    0x28, 0xe1, 0x84, 0x14, 0x56, 0x68, 0xe1, 0x85, 0x85, 0x29, 0xb7, 0x93, 0x86, 0xe0, 0x71, 0x98,
    0x93, 0x87, 0xde, 0x81, 0x78, 0x93, 0x88, 0x06, 0x8a, 0xb8, 0x14, 0x53, 0x07, 0x9a, 0x48, 0xa2,
    0x7f, 0x2a, 0x3e, 0x57, 0xa2, 0x8b, 0x06, 0x9d, 0x88, 0xe1, 0x8c, 0x34, 0xae, 0xb7, 0xa2, 0x82,
    0x37, 0x26, 0x98, 0x23, 0x5c, 0x01, 0x01, 0x00, 0x21, 0xf9, 0x04, 0x01, 0x06, 0x00, 0x02, 0x00,
    0x2c, 0x5d, 0x00, 0xb7, 0x00, 0x8a, 0x00, 0x7a, 0x00, 0x81, 0x00, 0x00, 0x00, 0xff, 0xff, 0xff,
    0x00, 0x00, 0x00, 0x00, 0x00, 0x00, 0x08, 0xff, 0x00, 0x05, 0x08, 0x1c, 0x18, 0xa0, 0xa0, 0xc1,
    0x00, 0x03, 0x13, 0x2a, 0x5c, 0xc8, 0xb0, 0xa1, 0xc3, 0x87, 0x10, 0x23, 0x4a, 0x9c, 0x48, 0x71,
    0xe2, 0x41, 0x83, 0x15, 0x33, 0x6a, 0xdc, 0xc8, 0xb1, 0x23, 0xc7, 0x8b, 0x05, 0x3d, 0x8a, 0x1c,
    0x49, 0xb2, 0xa4, 0x42, 0x8c, 0x14, 0x51, 0x9a, 0x5c, 0xc9, 0xb2, 0xa5, 0x4a, 0x89, 0x2f, 0x5b,
    0xca, 0x9c, 0xb9, 0x31, 0x26, 0x44, 0x9b, 0x34, 0x73, 0xea, 0x6c, 0x88, 0xd3, 0x61, 0xcf, 0x9d,
    0x40, 0x83, 0x96, 0xfc, 0x29, 0xb4, 0xa8, 0xd1, 0x85, 0x44, 0x8f, 0x2a, 0x2d, 0x9a, 0x74, 0xa9,
    0xd3, 0xa7, 0x50, 0xa3, 0x4a, 0x9d, 0x4a, 0xb5, 0xaa, 0x55, 0x9a, 0x07, 0xaf, 0x6a, 0x25, 0x99,
    0x75, 0xab, 0xd7, 0x8f, 0x4d, 0xbf, 0x8a, 0x1d, 0x4b, 0xb6, 0xac, 0xd9, 0xb3, 0x68, 0xd3, 0xaa,
    0x5d, 0xcb, 0xb6, 0xad, 0xdb, 0xb7, 0x70, 0xe3, 0xca, 0x9d, 0x4b, 0xb7, 0xae, 0xdd, 0xbb, 0x78,
    0xf3, 0xea, 0xdd, 0xcb, 0xb7, 0xaf, 0xdf, 0xbf, 0x80, 0x03, 0x0b, 0x1e, 0x4c, 0xb8, 0xb0, 0xe1,
    0xc3, 0x88, 0x13, 0x2b, 0x5e, 0xcc, 0xb8, 0xb1, 0xe3, 0xc7, 0x90, 0x23, 0x4b, 0x9e, 0x4c, 0xb9,
    0xb2, 0xe5, 0xcb, 0x98, 0x33, 0x5f, 0x05, 0xc0, 0x59, 0x33, 0x47, 0xce, 0x00, 0x3c, 0x6f, 0x04,
    0x2d, 0x5a, 0x23, 0xe9, 0xd2, 0x4e, 0xc3, 0xa2, 0x26, 0x18, 0x72, 0xb5, 0xc5, 0xd6, 0xae, 0x63,
    0xcb, 0x9e, 0x4d, 0xbb, 0xb6, 0xed, 0xdb, 0xb8, 0x73, 0xeb, 0xde, 0xcd, 0xbb, 0xb7, 0xef, 0xdf,
    0xc0, 0x83, 0x0b, 0x1f, 0x4e, 0xbc, 0xb8, 0xf1, 0xe3, 0xc8, 0x93, 0x2b, 0x5f, 0xce, 0xbc, 0xb9,
    0xf3, 0xe7, 0xd0, 0xa3, 0x4b, 0x9f, 0x4e, 0xbd, 0xba, 0xf5, 0xeb, 0xd8, 0xb3, 0x6b, 0xdf, 0xce,
    0xbd, 0xbb, 0xf7, 0xef, 0xe0, 0x1f, 0x9f, 0x2a, 0x56, 0x3a, 0x7e, 0x6f, 0x79, 0xa3, 0xe7, 0xf3,
    0xa6, 0x17, 0xba, 0x3e, 0x76, 0x7b, 0x01, 0xa0, 0x43, 0xbb, 0x7e, 0x1f, 0xdf, 0x7d, 0xe7, 0x86,
    0xf5, 0xe7, 0xdf, 0x67, 0x98, 0x3f, 0xbc, 0x7f, 0xef, 0xef, 0xd5, 0x16, 0x20, 0x6d, 0x03, 0xae,
    0x14, 0x10, 0x00, 0x21, 0xf9, 0x04, 0x01, 0x06, 0x00, 0x02, 0x00, 0x2c, 0x5d, 0x00, 0xb7, 0x00,
    0xdd, 0x00, 0x7a, 0x00, 0x81, 0x00, 0x00, 0x00, 0xff, 0xff, 0xff, 0x00, 0x00, 0x00, 0x00, 0x00,
    0x00, 0x08, 0xff, 0x00, 0x05, 0x08, 0x1c, 0x08, 0xa0, 0xa0, 0x41, 0x00, 0x03, 0x13, 0x2a, 0x5c,
    0xc8, 0xb0, 0xa1, 0xc3, 0x87, 0x10, 0x23, 0x4a, 0x9c, 0x48, 0xb1, 0xa2, 0xc5, 0x8b, 0x18, 0x33,
    0x32, 0x3c, 0x68, 0x50, 0xa3, 0xc7, 0x8f, 0x20, 0x43, 0x8a, 0x1c, 0x49, 0xf2, 0x22, 0xc7, 0x82,
    0x25, 0x53, 0xaa, 0x5c, 0xc9, 0xb2, 0x25, 0xc6, 0x8e, 0x2e, 0x63, 0xca, 0x9c, 0x49, 0x33, 0x80,
    0xcd, 0x92, 0x30, 0x69, 0xea, 0xdc, 0xc9, 0xd3, 0xa3, 0xcd, 0x00, 0x38, 0x51, 0xf6, 0x1c, 0x4a,
    0xb4, 0x28, 0xc3, 0x9f, 0x41, 0x11, 0x1a, 0x5d, 0xca, 0x74, 0x27, 0xd2, 0xa6, 0x50, 0xa3, 0x4a,
    0x9d, 0x4a, 0xb5, 0xaa, 0xd5, 0xab, 0x58, 0xb3, 0x6a, 0xdd, 0xca, 0xb5, 0xab, 0xd7, 0xaf, 0x60,
    0xc3, 0x8a, 0x1d, 0x4b, 0x76, 0xe5, 0xc1, 0xb2, 0x68, 0xcb, 0x9e, 0x4d, 0xcb, 0x16, 0xec, 0xda,
    0xb6, 0x70, 0xe3, 0xca, 0x9d, 0x4b, 0xb7, 0xae, 0xdd, 0xbb, 0x78, 0xf3, 0xea, 0xdd, 0xcb, 0xb7,
    0xaf, 0xdf, 0xbf, 0x80, 0x03, 0x0b, 0x2e, 0xfb, 0x74, 0xb0, 0xe1, 0x8f, 0x85, 0x0f, 0x2b, 0xbe,
    0x98, 0x78, 0xb1, 0xe3, 0xc7, 0x90, 0x23, 0x4b, 0x9e, 0x4c, 0xb9, 0xb2, 0xe5, 0xcb, 0x98, 0x33,
    0x6b, 0xde, 0xcc, 0xb9, 0xb3, 0xe7, 0xcf, 0xa0, 0x43, 0x8b, 0x1e, 0x4d, 0xba, 0xb4, 0xe9, 0xd3,
    0xa8, 0x53, 0xab, 0x5e, 0xcd, 0xba, 0xb5, 0xeb, 0xd7, 0xb0, 0x63, 0xcb, 0x9e, 0x4d, 0xbb, 0xb6,
    0xed, 0xdb, 0x51, 0x1b, 0xe3, 0x1e, 0xab, 0x7b, 0x77, 0xd8, 0xde, 0x15, 0x81, 0xfb, 0xf6, 0x2a,
    0x7c, 0x38, 0xd7, 0xe2, 0xc6, 0xb5, 0x22, 0x4f, 0xbe, 0x37, 0xe7, 0xec, 0xe5, 0x16, 0xa1, 0x27,
    0xb5, 0x2d, 0x9d, 0x62, 0xf5, 0x91, 0xce, 0x65, 0x5f, 0x97, 0xb8, 0x9d, 0x79, 0xc9, 0xee, 0xde,
    0x9b, 0x82, 0x8e, 0x0f, 0xbf, 0x74, 0x3c, 0xf9, 0xf3, 0xe8, 0xd3, 0xab, 0x5f, 0xcf, 0xbe, 0xbd,
    0xfb, 0xf7, 0xf0, 0xe3, 0xcb, 0x9f, 0x4f, 0xbf, 0xbe, 0xfd, 0xfb, 0xf8, 0xf3, 0xeb, 0xdf, 0xcf,
    0xfb, 0xa7, 0x7f, 0xa0, 0x0e, 0xfd, 0x27, 0xe0, 0x4d, 0xfc, 0x4d, 0x34, 0x20, 0x81, 0x0d, 0x1d,
    0xf8, 0x5f, 0x81, 0x06, 0x1e, 0xf8, 0x90, 0x82, 0xfe, 0xb9, 0x67, 0x1e, 0x83, 0x1a, 0x4d, 0x48,
    0x21, 0x46, 0x16, 0x5e, 0x18, 0x1d, 0x82, 0x1a, 0x76, 0xe8, 0xe1, 0x87, 0x20, 0x86, 0x28, 0xe2,
    0x88, 0x24, 0x96, 0x68, 0xe2, 0x89, 0x28, 0xa6, 0xa8, 0xa2, 0x6d, 0xd9, 0xad, 0xf8, 0x92, 0x50,
    0x2e, 0x6a, 0xd4, 0x62, 0x8c, 0x15, 0xcd, 0x48, 0xe3, 0x8d, 0x38, 0xe6, 0xa8, 0xe3, 0x8e, 0x3c,
    0xf6, 0xe8, 0xe3, 0x8f, 0x40, 0x06, 0x29, 0xa4, 0x8f, 0x19, 0xae, 0x58, 0xa4, 0x8a, 0x47, 0xa6,
    0x98, 0xe4, 0x90, 0x4c, 0x36, 0xe9, 0x64, 0x43, 0x36, 0x0e, 0x19, 0xa5, 0x90, 0x53, 0xe6, 0x15,
    0x10, 0x00, 0x21, 0xf9, 0x04, 0x01, 0x06, 0x00, 0x02, 0x00, 0x2c, 0x6a, 0x00, 0xba, 0x00, 0xd0,
    0x00, 0x77, 0x00, 0x81, 0x00, 0x00, 0x00, 0xff, 0xff, 0xff, 0x00, 0x00, 0x00, 0x00, 0x00, 0x00,
    0x08, 0xff, 0x00, 0x05, 0x08, 0x1c, 0x08, 0xa0, 0xe0, 0xc0, 0x83, 0x08, 0x13, 0x2a, 0x5c, 0xc8,
    0xb0, 0xa1, 0xc3, 0x87, 0x10, 0x23, 0x4a, 0x9c, 0x48, 0x91, 0x62, 0x41, 0x00, 0x15, 0x2d, 0x1a,
    0xcc, 0xc8, 0xb1, 0xa3, 0xc7, 0x8f, 0x20, 0x43, 0x3e, 0xbc, 0x28, 0x92, 0x21, 0xc9, 0x92, 0x28,
    0x53, 0xaa, 0x5c, 0xd9, 0xf1, 0x24, 0x4b, 0x01, 0x2e, 0x5f, 0xca, 0x9c, 0x49, 0x53, 0x64, 0xcc,
    0x9a, 0x07, 0x6f, 0xe2, 0xdc, 0xc9, 0xb3, 0xa7, 0x4f, 0x9d, 0x3e, 0x83, 0x0a, 0x1d, 0x1a, 0x12,
    0x28, 0xd1, 0xa3, 0x48, 0x93, 0x2a, 0x5d, 0xca, 0xb4, 0xa9, 0xd3, 0xa7, 0x50, 0xa3, 0x4a, 0x9d,
    0x4a, 0xb5, 0xaa, 0xd5, 0xab, 0x58, 0xb3, 0x6a, 0xdd, 0xca, 0xb5, 0xab, 0xd7, 0xaf, 0x60, 0xc3,
    0x8a, 0x1d, 0x4b, 0xb6, 0xac, 0xd9, 0xb3, 0x68, 0xd3, 0xaa, 0x5d, 0xcb, 0xb6, 0xad, 0xdb, 0xb7,
    0x70, 0x5b, 0x6e, 0x8c, 0x4b, 0x17, 0xa4, 0xd1, 0xba, 0x78, 0x23, 0xde, 0xcd, 0xcb, 0xb7, 0xaf,
    0xdf, 0xbf, 0x80, 0x03, 0x0b, 0x1e, 0x4c, 0xb8, 0xb0, 0xe1, 0xc3, 0x88, 0x13, 0x2b, 0x5e, 0xcc,
    0xb8, 0xb1, 0xe3, 0xc7, 0x90, 0x23, 0x4b, 0x9e, 0x4c, 0xb9, 0xb2, 0xe5, 0xcb, 0x98, 0x33, 0x6b,
    0xde, 0xcc, 0xb9, 0xb3, 0xe7, 0xcf, 0xa0, 0x43, 0x8b, 0x1e, 0x4d, 0xba, 0x74, 0xd2, 0xbd, 0xa6,
    0xa7, 0xa2, 0x4e, 0x1d, 0x75, 0xef, 0x6a, 0xd6, 0x4f, 0x5f, 0xc3, 0x6e, 0x2a, 0x7b, 0xf6, 0xd2,
    0xda, 0xb6, 0xcd, 0x06, 0xd8, 0x6d, 0x1b, 0x37, 0x44, 0xdf, 0x0f, 0x77, 0x07, 0xe8, 0x3d, 0xd7,
    0x66, 0xf1, 0x90, 0xc2, 0x89, 0x63, 0x44, 0x09, 0x3c, 0xb7, 0xc7, 0xe6, 0xce, 0x83, 0x42, 0x8f,
    0xde, 0x73, 0x3a, 0xf5, 0xeb, 0xd8, 0xb3, 0x6b, 0xdf, 0xce, 0xbd, 0xbb, 0xf7, 0xef, 0xe0, 0xc3,
    0x8b, 0x7a, 0x1f, 0x4f, 0xbe, 0xbc, 0xf9, 0xf3, 0xe8, 0xd3, 0xab, 0x37, 0x1f, 0xf3, 0xa2, 0xfb,
    0xe3, 0x08, 0xdf, 0xcb, 0x87, 0x8f, 0xbe, 0xfd, 0xfc, 0xe5, 0x0b, 0xef, 0xbf, 0x5f, 0x4f, 0xb0,
    0xb8, 0xfe, 0x86, 0xfa, 0xb9, 0x87, 0x9d, 0x75, 0xfc, 0x4d, 0x44, 0x60, 0x81, 0x7a, 0xd1, 0x87,
    0x60, 0x4a, 0x07, 0x2e, 0xe8, 0xe0, 0x83, 0x10, 0x46, 0x28, 0xe1, 0x84, 0x14, 0x56, 0x68, 0xe1,
    0x85, 0x18, 0x66, 0xa8, 0xe1, 0x86, 0x1c, 0x76, 0xe8, 0xe1, 0x87, 0x20, 0x86, 0x28, 0xe2, 0x88,
    0x24, 0x96, 0x68, 0xe2, 0x89, 0x28, 0xa6, 0xa8, 0xe2, 0x8a, 0x2c, 0x42, 0x76, 0x97, 0x70, 0xc3,
    0x89, 0xf8, 0x62, 0x72, 0x32, 0x2a, 0x28, 0x00, 0x8c, 0x23, 0xce, 0xc8, 0x5b, 0x8b, 0x3c, 0xf6,
    0xe8, 0xe3, 0x8d, 0x3b, 0xf2, 0x48, 0xa3, 0x90, 0x41, 0xe6, 0x15, 0x10, 0x00, 0x21, 0xf9, 0x04,
    0x01, 0x06, 0x00, 0x02, 0x00, 0x2c, 0x7a, 0x00, 0xc7, 0x00, 0xa9, 0x00, 0x40, 0x00, 0x81, 0x00,
    0x00, 0x00, 0xff, 0xff, 0xff, 0x00, 0x00, 0x00, 0x00, 0x00, 0x00, 0x08, 0xe5, 0x00, 0x05, 0x08,
    0x1c, 0x48, 0xb0, 0xa0, 0xc1, 0x83, 0x08, 0x13, 0x2a, 0x5c, 0xc8, 0xb0, 0xa1, 0xc3, 0x87, 0x10,
    0x23, 0x36, 0x0c, 0x40, 0x51, 0xa2, 0xc5, 0x8b, 0x18, 0x33, 0x6a, 0xdc, 0x68, 0x91, 0x62, 0x00,
    0x8e, 0x20, 0x43, 0x8a, 0x1c, 0x49, 0x52, 0x80, 0xc7, 0x92, 0x28, 0x53, 0xaa, 0x24, 0x79, 0x72,
    0xa5, 0xcb, 0x97, 0x30, 0x3b, 0x56, 0x8c, 0x49, 0xb3, 0xa6, 0xcd, 0x81, 0x2d, 0x6f, 0xea, 0xdc,
    0x89, 0x32, 0x27, 0xce, 0x99, 0x3c, 0x83, 0x0a, 0xd5, 0xe8, 0x73, 0xa8, 0xd1, 0xa3, 0x0c, 0x8b,
    0x22, 0x5d, 0xca, 0x94, 0xa6, 0xd2, 0xa6, 0x42, 0x9f, 0x06, 0x95, 0x0a, 0x75, 0x27, 0x55, 0xab,
    0x40, 0xab, 0x0e, 0xbd, 0xaa, 0xb5, 0xab, 0xd7, 0xaf, 0x60, 0xc3, 0x8a, 0x1d, 0xfb, 0x92, 0x2b,
    0xd9, 0xb3, 0x19, 0xcd, 0xa2, 0x5d, 0x1b, 0x51, 0x2d, 0xdb, 0xb7, 0x70, 0xe3, 0xca, 0x9d, 0x4b,
    0xb7, 0xae, 0xdd, 0xbb, 0x78, 0xf3, 0xea, 0xdd, 0xcb, 0xb7, 0xaf, 0xdf, 0xbf, 0x80, 0x03, 0x0b,
    0x1e, 0x4c, 0x38, 0xa1, 0xdb, 0xc2, 0x5d, 0x0f, 0x23, 0xae, 0xaa, 0x78, 0xb1, 0xe3, 0xc7, 0x90,
    0x23, 0x4b, 0xde, 0x9a, 0x75, 0xf2, 0xd7, 0xc6, 0x96, 0xa7, 0x56, 0xce, 0xac, 0x15, 0x33, 0xe7,
    0xcf, 0xa0, 0x43, 0x8b, 0x1e, 0x4d, 0xba, 0xb4, 0xe9, 0xd3, 0xa8, 0x53, 0xab, 0x5e, 0xcd, 0xba,
    0xb5, 0xeb, 0xd7, 0xb0, 0x63, 0xcb, 0x9e, 0x4d, 0xbb, 0xb6, 0xed, 0xdb, 0xb8, 0x73, 0xeb, 0xde,
    0xcd, 0xbb, 0xb7, 0x60, 0x9f, 0x9e, 0x7d, 0x13, 0x04, 0xbe, 0x59, 0x38, 0x44, 0xe2, 0x1f, 0x01,
    0x07, 0x04, 0x00, 0x21, 0xf9, 0x04, 0x01, 0x06, 0x00, 0x02, 0x00, 0x2c, 0x66, 0x00, 0xc4, 0x00,
    0xbd, 0x00, 0x63, 0x00, 0x81, 0x00, 0x00, 0x00, 0xff, 0xff, 0xff, 0x00, 0x00, 0x00, 0x00, 0x00,
    0x00, 0x08, 0xff, 0x00, 0x03, 0x08, 0x0c, 0x20, 0xa0, 0xa0, 0xc1, 0x83, 0x08, 0x13, 0x2a, 0x5c,
    0xc8, 0xb0, 0xa1, 0xc3, 0x87, 0x10, 0x23, 0x4a, 0x9c, 0x48, 0xb1, 0x62, 0xc4, 0x81, 0x04, 0x2d,
    0x6a, 0xdc, 0xc8, 0xb1, 0xa3, 0xc7, 0x8f, 0x20, 0x0f, 0x62, 0x0c, 0x49, 0xb2, 0xa4, 0xc9, 0x93,
    0x28, 0x53, 0xaa, 0x5c, 0xc9, 0xb2, 0xa5, 0x45, 0x00, 0x30, 0x5d, 0xca, 0x9c, 0x49, 0x93, 0x24,
    0x4c, 0x00, 0x35, 0x73, 0xea, 0xdc, 0xf9, 0xf0, 0x26, 0xcf, 0x9f, 0x40, 0x65, 0xfa, 0x0c, 0x4a,
    0xb4, 0xe8, 0xca, 0xa1, 0x46, 0x93, 0x2a, 0xfd, 0x88, 0x74, 0xa9, 0xd3, 0xa7, 0x12, 0x9b, 0x42,
    0x9d, 0x4a, 0xb5, 0xaa, 0xd5, 0xab, 0x58, 0xb3, 0x6a, 0xdd, 0x5a, 0x50, 0x2a, 0x57, 0x96, 0x5e,
    0xb9, 0x86, 0xfd, 0x9a, 0x72, 0xac, 0x56, 0xb3, 0x64, 0x4d, 0xa2, 0x4d, 0xcb, 0xb6, 0xad, 0xdb,
    0xb7, 0x70, 0xe3, 0xca, 0x85, 0xb8, 0x76, 0xae, 0xdd, 0x89, 0x75, 0xef, 0xea, 0x75, 0x98, 0x77,
    0xaf, 0xdf, 0xbf, 0x80, 0x03, 0x0b, 0x1e, 0x4c, 0xb8, 0xb0, 0xe1, 0xc3, 0x88, 0x13, 0x2b, 0x5e,
    0xcc, 0xb8, 0xb1, 0xe3, 0xc7, 0x90, 0x23, 0x4b, 0x3e, 0x1a, 0x13, 0xee, 0xc0, 0xc9, 0x02, 0xfa,
    0x5e, 0xbd, 0x3c, 0x59, 0xb3, 0x55, 0xce, 0x98, 0x43, 0x8b, 0x1e, 0x4d, 0xba, 0xb4, 0xe9, 0xd3,
    0xa8, 0x53, 0xab, 0x5e, 0xcd, 0xba, 0xb5, 0xeb, 0xd7, 0xb0, 0x63, 0xcb, 0x9e, 0x4d, 0xbb, 0xb6,
    0xed, 0xdb, 0xb8, 0x73, 0xeb, 0xde, 0xcd, 0xbb, 0xb7, 0xef, 0xdf, 0xc0, 0x83, 0x0b, 0x1f, 0x4e,
    0xbc, 0xb8, 0xf1, 0xe3, 0xc8, 0x93, 0x2b, 0x5f, 0x2e, 0x13, 0xa3, 0x40, 0xe6, 0x29, 0x9d, 0x67,
    0x84, 0x6e, 0x52, 0x3a, 0xf5, 0xeb, 0xd8, 0xb3, 0x6b, 0xdf, 0xce, 0xbd, 0xbb, 0xf7, 0xef, 0xe0,
    0xc3, 0x8b, 0x34, 0x1f, 0x4f, 0xbe, 0xfc, 0x62, 0xd0, 0xe6, 0x25, 0xa2, 0x4f, 0x0f, 0x71, 0x3d,
    0x7b, 0x84, 0xee, 0xdf, 0x33, 0x8c, 0x2f, 0x5f, 0x21, 0xfd, 0xfa, 0xf0, 0x9f, 0xe3, 0xdf, 0xcf,
    0xbf, 0x7f, 0xd2, 0xfb, 0xfd, 0x01, 0xc8, 0x9f, 0x80, 0xfe, 0x15, 0x68, 0xe0, 0x70, 0x04, 0xe2,
    0x97, 0x60, 0x7d, 0x0b, 0x3e, 0x16, 0x10, 0x00, 0x21, 0xf9, 0x04, 0x01, 0x06, 0x00, 0x02, 0x00,
    0x2c, 0x5d, 0x00, 0xb7, 0x00, 0xdd, 0x00, 0x70, 0x00, 0x81, 0x00, 0x00, 0x00, 0xff, 0xff, 0xff,
    0x00, 0x00, 0x00, 0x00, 0x00, 0x00, 0x08, 0xff, 0x00, 0x05, 0x08, 0x1c, 0x18, 0xa0, 0xe0, 0xc0,
    0x83, 0x08, 0x13, 0x2a, 0x5c, 0xc8, 0xb0, 0xa1, 0xc3, 0x87, 0x10, 0x23, 0x4a, 0x9c, 0x48, 0xb1,
    0xa2, 0xc5, 0x8b, 0x02, 0x01, 0x68, 0x4c, 0x58, 0x30, 0x00, 0xc6, 0x8f, 0x20, 0x43, 0x8a, 0x1c,
    0x49, 0xb2, 0x24, 0x44, 0x8d, 0x00, 0x38, 0x1a, 0x34, 0xc9, 0xb2, 0xa5, 0xcb, 0x97, 0x30, 0x2d,
    0xa2, 0xec, 0x18, 0xb3, 0xa6, 0xcd, 0x9b, 0x38, 0x5f, 0xd2, 0xcc, 0xc9, 0xb3, 0xa7, 0xcf, 0x9f,
    0x0a, 0x77, 0x02, 0x1d, 0x4a, 0xb4, 0x28, 0x4b, 0xa1, 0x46, 0x93, 0x2a, 0x5d, 0xca, 0xb4, 0xa9,
    0xd3, 0xa7, 0x50, 0xa3, 0x4a, 0x9d, 0x4a, 0xb5, 0xaa, 0xd5, 0xab, 0x58, 0xb3, 0x6a, 0xdd, 0xca,
    0xb5, 0xab, 0xd7, 0xaf, 0x60, 0xc3, 0x8a, 0x1d, 0x4b, 0xb6, 0xac, 0xd9, 0xb3, 0x68, 0xd3, 0xaa,
    0x5d, 0xcb, 0xb6, 0xad, 0xdb, 0xb7, 0x70, 0xe3, 0xca, 0x9d, 0x4b, 0xb7, 0xae, 0xdd, 0xbb, 0x78,
    0xf3, 0xea, 0xdd, 0xcb, 0xb7, 0xaf, 0xdf, 0xbf, 0x80, 0x03, 0x0b, 0x1e, 0x4c, 0xb8, 0xb0, 0xe1,
    0xc3, 0x88, 0x13, 0x2b, 0x5e, 0xcc, 0xb8, 0xb1, 0xe3, 0xc7, 0x90, 0x23, 0x4b, 0x9e, 0x4c, 0xb9,
    0xb2, 0xe5, 0xcb, 0x98, 0x33, 0x6b, 0xde, 0xcc, 0xb9, 0xb3, 0xe7, 0xcf, 0x08, 0x51, 0x82, 0x46,
    0x2b, 0x7a, 0xb4, 0xd9, 0xd2, 0xa6, 0x6b, 0xa2, 0x4e, 0x2d, 0x76, 0x35, 0x6b, 0xb0, 0xae, 0x5f,
    0xcb, 0x9e, 0x4d, 0xbb, 0xb6, 0xed, 0xdb, 0xb8, 0x73, 0xeb, 0xde, 0xcd, 0xbb, 0xb7, 0xef, 0xdf,
    0xc0, 0x83, 0x0b, 0x1f, 0x4e, 0xbc, 0xb8, 0xf1, 0xe3, 0xc8, 0x93, 0x2b, 0x5f, 0xce, 0xbc, 0xb9,
    0xf3, 0xe7, 0xd0, 0xa3, 0x4b, 0x9f, 0x4e, 0xbd, 0xba, 0xf5, 0xeb, 0xd8, 0x6b, 0xa3, 0x8c, 0x9d,
    0x9d, 0xe4, 0xf6, 0x8d, 0xdd, 0x5b, 0x7e, 0x43, 0x4f, 0x19, 0xbe, 0xbc, 0xf9, 0xf3, 0xe8, 0xd3,
    0xab, 0x5f, 0xcf, 0xbe, 0xbd, 0xfb, 0xf7, 0xf0, 0xe3, 0xcb, 0x9f, 0x4f, 0xbf, 0xbe, 0xfd, 0xb6,
    0xdc, 0xef, 0x2f, 0xcc, 0xaf, 0x3f, 0x21, 0xff, 0xfe, 0x07, 0xfd, 0x07, 0xe0, 0x80, 0x04, 0x16,
    0xf8, 0x93, 0x80, 0x03, 0x22, 0x08, 0xa0, 0x82, 0x06, 0x36, 0xe8, 0xa0, 0x73, 0xdc, 0x31, 0xe8,
    0x5e, 0x84, 0xe0, 0x2d, 0x58, 0x61, 0x80, 0x17, 0x4e, 0x16, 0x10, 0x00, 0x21, 0xf9, 0x04, 0x01,
    0x06, 0x00, 0x02, 0x00, 0x2c, 0x5d, 0x00, 0xb7, 0x00, 0xd3, 0x00, 0x5a, 0x00, 0x81, 0x00, 0x00,
    0x00, 0xff, 0xff, 0xff, 0x00, 0x00, 0x00, 0x00, 0x00, 0x00, 0x08, 0xff, 0x00, 0x05, 0x08, 0x1c,
    0x08, 0xa0, 0xe0, 0xc0, 0x83, 0x08, 0x13, 0x2a, 0x5c, 0xc8, 0xb0, 0xa1, 0xc3, 0x87, 0x10, 0x23,
    0x4a, 0x9c, 0x48, 0xb1, 0xa2, 0xc5, 0x8b, 0x02, 0x0a, 0x02, 0xc0, 0xc8, 0xb1, 0xa3, 0xc7, 0x8f,
    0x20, 0x43, 0x8a, 0x7c, 0xa8, 0x71, 0xa4, 0xc9, 0x93, 0x28, 0x53, 0xaa, 0x84, 0x58, 0x72, 0xa5,
    0xcb, 0x97, 0x30, 0x63, 0x72, 0x6c, 0x29, 0xb3, 0xa6, 0xcd, 0x9b, 0x32, 0x69, 0xe2, 0xdc, 0xc9,
    0xb3, 0x67, 0x47, 0x9d, 0x3e, 0x83, 0x0a, 0x1d, 0x4a, 0xb4, 0xa8, 0xd1, 0xa3, 0x48, 0x93, 0x2a,
    0x5d, 0xca, 0xb4, 0xa9, 0xd3, 0xa7, 0x50, 0xa3, 0x4a, 0x9d, 0x4a, 0xb5, 0xaa, 0xd5, 0xab, 0x58,
    0xb3, 0x6a, 0xdd, 0xca, 0xb5, 0xab, 0xd7, 0xaf, 0x60, 0xc3, 0x8a, 0x1d, 0x4b, 0xb6, 0xac, 0xd9,
    0xb3, 0x68, 0xd3, 0xaa, 0x5d, 0xcb, 0xb6, 0xad, 0xdb, 0xb7, 0x70, 0xe3, 0xca, 0x9d, 0x4b, 0xb7,
    0xae, 0xdd, 0xbb, 0x78, 0xf3, 0xea, 0xdd, 0xcb, 0xb7, 0xaf, 0xdf, 0xbf, 0x80, 0x03, 0x0b, 0x1e,
    0x4c, 0xb8, 0xb0, 0xe1, 0xc3, 0x88, 0x13, 0x2b, 0x5e, 0xcc, 0xb8, 0xb1, 0xe3, 0xc7, 0x90, 0x23,
    0x4b, 0x9e, 0x4c, 0xb9, 0xb2, 0x80, 0x00, 0x98, 0x2d, 0x6b, 0xc5, 0x1c, 0x40, 0x73, 0x56, 0xce,
    0x67, 0x41, 0x73, 0x15, 0xed, 0x98, 0xf4, 0xe6, 0xcc, 0x8f, 0x4d, 0x7f, 0x46, 0xed, 0x99, 0xb1,
    0xea, 0xd6, 0x52, 0x5f, 0xc3, 0x86, 0x2a, 0x1b, 0x27, 0xd0, 0xc2, 0xb5, 0xb7, 0xde, 0x26, 0x9c,
    0x5b, 0xeb, 0xee, 0xc1, 0xbd, 0xb3, 0xfe, 0x16, 0x1c, 0x3c, 0x35, 0xe7, 0xe3, 0xc8, 0x93, 0x37,
    0x2d, 0xce, 0x3b, 0xb9, 0x73, 0xe4, 0xcb, 0x59, 0x37, 0x7e, 0x4e, 0x5d, 0x7a, 0x52, 0xe6, 0x66,
    0xb1, 0xd7, 0xd5, 0xbe, 0x95, 0xfb, 0x5c, 0xef, 0xab, 0x3b, 0x13, 0x56, 0xb7, 0xae, 0x12, 0xfc,
    0xec, 0xa1, 0xe6, 0xcf, 0x07, 0x4d, 0xaf, 0xbe, 0xbd, 0xfb, 0xf7, 0xf0, 0xe3, 0xcb, 0x9f, 0x4f,
    0xbf, 0xbe, 0xfd, 0x98, 0xec, 0xef, 0xaf, 0xcc, 0xaf, 0x3f, 0x25, 0xff, 0xfe, 0x00, 0x06, 0x28,
    0xe0, 0x80, 0xea, 0x55, 0x67, 0xe0, 0x73, 0x04, 0x76, 0x74, 0xe0, 0x82, 0xc7, 0x25, 0xc8, 0x11,
    0x83, 0x10, 0xd6, 0xf7, 0x9f, 0x83, 0x0a, 0x92, 0x47, 0xa1, 0x4c, 0x13, 0x5e, 0x78, 0x51, 0x86,
    0x1a, 0x76, 0xe8, 0xe1, 0x87, 0xfa, 0x71, 0x08, 0x22, 0x44, 0x22, 0x8e, 0xe8, 0x50, 0x89, 0x76,
    0x05, 0x04, 0x00, 0x21, 0xf9, 0x04, 0x01, 0x06, 0x00, 0x02, 0x00, 0x2c, 0x5d, 0x00, 0xb4, 0x00,
    0xe0, 0x00, 0x7d, 0x00, 0x81, 0x00, 0x00, 0x00, 0xff, 0xff, 0xff, 0x00, 0x00, 0x00, 0x00, 0x00,
    0x00, 0x08, 0xff, 0x00, 0x05, 0x08, 0x1c, 0x48, 0xb0, 0xa0, 0xc1, 0x83, 0x08, 0x13, 0x2a, 0x5c,
    0xc8, 0xb0, 0xa1, 0xc3, 0x87, 0x10, 0x23, 0x4a, 0x9c, 0x28, 0x11, 0x80, 0xc5, 0x8b, 0x18, 0x29,
    0x6a, 0xdc, 0xc8, 0xb1, 0xa3, 0xc7, 0x8f, 0x20, 0x3f, 0x62, 0x1c, 0x09, 0x20, 0xa4, 0xc9, 0x93,
    0x28, 0x53, 0xaa, 0x44, 0x49, 0x32, 0xe3, 0xca, 0x97, 0x30, 0x63, 0xca, 0xe4, 0xd8, 0xb2, 0xe6,
    0xc8, 0x99, 0x38, 0x73, 0xea, 0xd4, 0x69, 0xb3, 0x67, 0xc9, 0x9d, 0x40, 0x83, 0x0a, 0xf5, 0xe8,
    0xd3, 0x66, 0xc2, 0xa2, 0x2e, 0x87, 0x2a, 0x5d, 0x0a, 0x12, 0x29, 0x49, 0x88, 0x4e, 0x2d, 0x32,
    0x9d, 0x4a, 0x95, 0x62, 0xd4, 0xa4, 0x0d, 0xaf, 0x56, 0xdd, 0xca, 0x75, 0xe1, 0xd5, 0x8b, 0x50,
    0xa3, 0x76, 0x1d, 0x4b, 0x56, 0xe0, 0x57, 0xa9, 0x0c, 0xcf, 0xfa, 0x2c, 0xcb, 0x76, 0xa5, 0xda,
    0x9f, 0x0a, 0x03, 0xc8, 0x9d, 0x1b, 0x60, 0xe0, 0x5b, 0xa3, 0x6d, 0xf3, 0x9a, 0x7c, 0xcb, 0x90,
    0xee, 0x5c, 0xbb, 0x77, 0x5b, 0xea, 0x1d, 0x2c, 0x52, 0x6d, 0x5f, 0xbf, 0x75, 0x35, 0x1a, 0x26,
    0xcc, 0xd8, 0xa0, 0xd6, 0x87, 0x88, 0xe9, 0x12, 0x3d, 0xdb, 0xb8, 0x32, 0x60, 0xa7, 0x10, 0x23,
    0xff, 0xed, 0xb8, 0xd8, 0x72, 0xe3, 0xc7, 0x0e, 0x35, 0xcb, 0x4d, 0x88, 0xd8, 0xaa, 0x58, 0xcf,
    0x5b, 0x41, 0x37, 0x14, 0xbd, 0x79, 0x61, 0xe9, 0x89, 0xaa, 0x51, 0x33, 0x8d, 0xed, 0x9a, 0x75,
    0xe2, 0xda, 0x92, 0x61, 0x9f, 0x96, 0x3d, 0x95, 0x76, 0x5c, 0xdb, 0x99, 0x6d, 0xdf, 0xce, 0xba,
    0x9b, 0x37, 0x4c, 0xdf, 0xa4, 0x85, 0x6f, 0x14, 0x3e, 0x3c, 0x6d, 0x71, 0xe3, 0x6e, 0x9f, 0xe3,
    0x66, 0xbd, 0x5c, 0xf9, 0x43, 0xe4, 0xd0, 0xf7, 0x4a, 0xff, 0x0d, 0x3c, 0x24, 0x73, 0xdd, 0x6b,
    0xb3, 0x4f, 0xff, 0x0e, 0x1f, 0xda, 0xba, 0xca, 0xef, 0x15, 0x8b, 0x8a, 0x1f, 0xdf, 0x33, 0x78,
    0xf7, 0xf3, 0xe6, 0xc3, 0x92, 0x5f, 0xaf, 0x58, 0x3d, 0xe4, 0xf8, 0x28, 0xd1, 0x47, 0x44, 0x4a,
    0x9f, 0xa6, 0xfd, 0xf2, 0xef, 0xc9, 0x44, 0x5d, 0x7a, 0x98, 0xf5, 0x77, 0xd4, 0x76, 0xc9, 0x45,
    0xa6, 0xd4, 0x80, 0xfb, 0x21, 0x68, 0xa0, 0x00, 0xd8, 0x1d, 0x24, 0xda, 0x82, 0x13, 0x12, 0xc8,
    0xdf, 0x83, 0x07, 0x45, 0x68, 0x50, 0x85, 0x55, 0x71, 0x28, 0x5f, 0x7b, 0x0f, 0x5e, 0x08, 0x20,
    0x83, 0x5c, 0x79, 0x78, 0xdd, 0x7f, 0xfd, 0x89, 0xb8, 0x1a, 0x7e, 0x1d, 0x6a, 0x06, 0x1e, 0x88,
    0x06, 0xaa, 0x78, 0x58, 0x80, 0x63, 0xe9, 0xf7, 0x21, 0x5e, 0xa8, 0xc1, 0xe8, 0x9e, 0x82, 0x8c,
    0xd9, 0x78, 0xe2, 0x7c, 0x96, 0xe9, 0x78, 0x9f, 0x8b, 0x3d, 0xb2, 0x48, 0x1c, 0x90, 0x95, 0x09,
    0x39, 0xe2, 0x6b, 0xa8, 0xf9, 0xe8, 0x15, 0x8a, 0x7a, 0x29, 0xb9, 0x22, 0x8f, 0xd0, 0x39, 0xa9,
    0x90, 0x8c, 0x79, 0x49, 0x39, 0x23, 0x93, 0xc6, 0x59, 0x79, 0x20, 0x92, 0x6d, 0x69, 0x39, 0x9d,
    0x5f, 0xfd, 0x91, 0x68, 0xe1, 0x53, 0x6c, 0xe1, 0x88, 0xe1, 0x47, 0x66, 0x36, 0x58, 0x53, 0x98,
    0x6f, 0xae, 0x09, 0x52, 0x9b, 0x37, 0xde, 0x94, 0x66, 0x9c, 0x72, 0x7a, 0x44, 0xe7, 0x8f, 0x82,
    0xdd, 0xd9, 0x67, 0x9e, 0x21, 0x81, 0x15, 0x28, 0x9e, 0x54, 0xa9, 0xc9, 0x9e, 0xa1, 0xb2, 0x09,
    0xda, 0x14, 0xa1, 0xbd, 0x31, 0xca, 0x19, 0x94, 0x89, 0xa2, 0xb5, 0xe8, 0x9f, 0x85, 0x3a, 0xea,
    0x1f, 0x98, 0x7e, 0x62, 0x79, 0xa9, 0xa2, 0x5c, 0x71, 0x7a, 0x28, 0x5f, 0x63, 0x69, 0x78, 0x26,
    0x5c, 0x9d, 0x4a, 0x5a, 0x58, 0x60, 0xa4, 0xa6, 0xe6, 0xa0, 0x69, 0x58, 0xa9, 0x9a, 0xea, 0xa3,
    0xa8, 0x56, 0xff, 0x0a, 0xea, 0x9c, 0xa3, 0xb1, 0xe5, 0x25, 0xac, 0xa2, 0xaa, 0x14, 0x98, 0x49,
    0xad, 0x91, 0x75, 0xeb, 0xa6, 0xab, 0xbe, 0xb4, 0xab, 0x77, 0xb5, 0x96, 0xf5, 0xeb, 0x46, 0x9d,
    0x09, 0x4b, 0x99, 0x9e, 0xcc, 0x91, 0xb9, 0x55, 0xb3, 0xcd, 0x9e, 0x9a, 0xeb, 0x8b, 0xc1, 0x0e,
    0x09, 0x6d, 0x73, 0x4c, 0x5d, 0x6b, 0x24, 0xb5, 0x05, 0x9e, 0x94, 0x6c, 0x75, 0xda, 0x96, 0xa8,
    0xed, 0x9e, 0xa3, 0x6a, 0x8a, 0x2c, 0xa4, 0x3b, 0x8e, 0x7b, 0x6c, 0x4e, 0xea, 0xaa, 0x2b, 0xad,
    0xa5, 0xdc, 0x52, 0x2a, 0x51, 0xbb, 0xd0, 0x52, 0x45, 0x6f, 0xb8, 0x9f, 0xa2, 0x89, 0x2b, 0xa2,
    0xe9, 0xde, 0x4b, 0x64, 0xb6, 0xfe, 0x46, 0x9b, 0xaf, 0x9d, 0xfb, 0xc2, 0xbb, 0x64, 0xc0, 0x5c,
    0x52, 0x88, 0x30, 0x8d, 0xf5, 0x89, 0x79, 0x25, 0xba, 0xfd, 0x2e, 0x9c, 0x70, 0xb9, 0x10, 0x23,
    0x24, 0xf1, 0xb8, 0xe7, 0x1a, 0xec, 0x58, 0xc5, 0x07, 0x5f, 0x9c, 0x5b, 0xc3, 0xd3, 0x0a, 0xe4,
    0xf1, 0xb5, 0x19, 0xcb, 0xfb, 0x30, 0xa6, 0xd6, 0x8e, 0xfc, 0x31, 0xab, 0x21, 0x0b, 0xa0, 0xb2,
    0xc0, 0x2c, 0xeb, 0xfb, 0xa5, 0xc9, 0x53, 0xbe, 0x9c, 0x21, 0xaa, 0x38, 0x0f, 0x3b, 0xe6, 0xc8,
    0xf1, 0xce, 0x2c, 0x73, 0xca, 0x3c, 0x6f, 0x9c, 0xf3, 0xd0, 0x5f, 0xd5, 0xac, 0x72, 0xcf, 0x08,
    0x39, 0x9c, 0xa0, 0xcd, 0x42, 0x13, 0xed, 0x34, 0xc7, 0x03, 0xbd, 0xdc, 0x2b, 0x9f, 0x9e, 0x42,
    0x48, 0x70, 0x44, 0x1e, 0xd7, 0xf9, 0xf4, 0xd6, 0x28, 0x63, 0x7d, 0xf1, 0x91, 0x8a, 0xfe, 0x0c,
    0xb4, 0xbf, 0x5a, 0x73, 0x6d, 0xb6, 0xd8, 0x14, 0x65, 0xed, 0x5c, 0x52, 0x68, 0x1b, 0x1d, 0x70,
    0xd9, 0x67, 0xc7, 0xfd, 0x6a, 0xda, 0x5f, 0xaf, 0xcd, 0xef, 0x86, 0x08, 0x6b, 0x27, 0xf7, 0xde,
    0x55, 0xc3, 0xff, 0xe4, 0xae, 0xcf, 0xad, 0x5a, 0x9c, 0xf7, 0xa0, 0x7c, 0xf3, 0xad, 0xd3, 0xdf,
    0x49, 0x6b, 0x1c, 0xf5, 0xe0, 0x93, 0x16, 0x2e, 0xf7, 0xe1, 0x18, 0x03, 0xce, 0x1d, 0xe2, 0xc7,
    0x2d, 0x2b, 0xd4, 0xdd, 0x40, 0xdd, 0xdb, 0xf7, 0xe2, 0xed, 0xce, 0xf4, 0xed, 0x4e, 0x98, 0xef,
    0xa4, 0xb9, 0xa9, 0x78, 0x77, 0x2e, 0xd3, 0xe7, 0x3c, 0x29, 0xce, 0x2e, 0xbd, 0x9b, 0x8b, 0x4c,
    0xaf, 0xe7, 0x96, 0x07, 0x15, 0x3a, 0xe4, 0xa6, 0x4b, 0xb8, 0x2d, 0xa0, 0xb8, 0x2f, 0x3d, 0x31,
    0xe7, 0xe4, 0xe6, 0xee, 0x3b, 0x41, 0xe4, 0xae, 0xfb, 0x7b, 0xee, 0x0b, 0x3f, 0x3b, 0x75, 0x93,
    0xc7, 0x0f, 0x46, 0x72, 0x8b, 0xc5, 0xf2, 0xb6, 0x72, 0x91, 0x30, 0x4f, 0xf5, 0x3c, 0xf2, 0xcd,
    0x5b, 0x96, 0x7c, 0x8d, 0xd7, 0x77, 0x35, 0xf1, 0xf4, 0x8d, 0x65, 0x2f, 0x6e, 0xf5, 0xc6, 0x3a,
    0x0b, 0xbc, 0xf7, 0x7a, 0x91, 0xcf, 0x3c, 0xb6, 0xbe, 0x8a, 0xcf, 0xfb, 0xf0, 0x0a, 0x63, 0x2b,
    0xf5, 0xd1, 0x05, 0x71, 0xcf, 0x3e, 0x4e, 0xd3, 0xbf, 0x1f, 0xf4, 0xf8, 0xe0, 0xcf, 0x4f, 0xff,
    0xf1, 0xf6, 0xab, 0x8d, 0x3f, 0xfa, 0xfa, 0x13, 0x10, 0xff, 0xfa, 0x27, 0xb1, 0xd2, 0x01, 0x30,
    0x80, 0x7e, 0x6b, 0x0d, 0x01, 0xef, 0xb7, 0x3e, 0x04, 0xd2, 0xee, 0x36, 0x0b, 0xf4, 0x5f, 0x03,
    0x1d, 0xb8, 0xbf, 0x62, 0x45, 0xb0, 0x6e, 0xff, 0xa3, 0xe0, 0xea, 0xc0, 0x27, 0xbc, 0xcc, 0x99,
    0x4f, 0x83, 0xc4, 0xe2, 0xe0, 0xed, 0xda, 0x07, 0xc2, 0x99, 0xd4, 0x6f, 0x84, 0x43, 0x91, 0x5f,
    0x09, 0x4f, 0xf2, 0xb1, 0xd6, 0x95, 0x0a, 0x2e, 0x2a, 0x5c, 0x61, 0x08, 0x6f, 0xe3, 0x42, 0x57,
    0x4d, 0x50, 0x86, 0xf0, 0x29, 0x56, 0x0d, 0xab, 0xa2, 0xa8, 0x18, 0xe2, 0x90, 0x59, 0x3a, 0x24,
    0x5d, 0x59, 0xb7, 0x76, 0xf8, 0x43, 0x5e, 0xb5, 0x86, 0x88, 0x8d, 0x9a, 0x5b, 0x11, 0x73, 0x48,
    0x43, 0x21, 0x92, 0x05, 0x89, 0x4b, 0x4c, 0x09, 0x14, 0xed, 0x95, 0xbf, 0x28, 0x2a, 0x4b, 0x89,
    0xe1, 0x3b, 0xa0, 0x15, 0xa5, 0xe8, 0x44, 0x5b, 0x55, 0x71, 0x8b, 0x5c, 0xc4, 0x62, 0xfa, 0xb4,
    0x08, 0x46, 0x36, 0x05, 0x51, 0x8c, 0x4a, 0x99, 0x62, 0x19, 0x81, 0x78, 0x99, 0x27, 0x76, 0x71,
    0x8d, 0x29, 0x39, 0xe2, 0x1b, 0x97, 0xa2, 0x46, 0x38, 0xe6, 0xa9, 0x87, 0x5f, 0xb4, 0xa3, 0xef,
    0xf0, 0x48, 0x46, 0x3d, 0x02, 0x8a, 0x8f, 0x7e, 0x4c, 0x60, 0x1f, 0x03, 0xe9, 0xbb, 0x0f, 0x12,
    0x12, 0x77, 0x86, 0x3c, 0x24, 0xf1, 0xf2, 0x97, 0x48, 0xba, 0x0d, 0x52, 0x91, 0x02, 0x44, 0x5f,
    0x23, 0x27, 0x32, 0x49, 0x48, 0xe6, 0xd0, 0x76, 0x8f, 0xd4, 0x48, 0x25, 0x2d, 0x09, 0xb0, 0xb7,
    0x25, 0x6e, 0x8e, 0x9c, 0xec, 0x24, 0xd9, 0x3e, 0x89, 0xc6, 0x50, 0xb6, 0xef, 0x5e, 0x33, 0x33,
    0xe5, 0x18, 0x47, 0x79, 0x33, 0x50, 0xaa, 0x32, 0x26, 0x6d, 0x03, 0x99, 0x2b, 0x5f, 0x99, 0xba,
    0xc0, 0x01, 0xab, 0x94, 0xb4, 0xcc, 0x49, 0x2c, 0x63, 0x86, 0xcb, 0x5c, 0xa6, 0x31, 0x67, 0xbe,
    0x64, 0xcc, 0xd0, 0x82, 0x49, 0x98, 0x61, 0x3a, 0x30, 0x20, 0x00, 0x21, 0xf9, 0x04, 0x01, 0x06,
    0x00, 0x02, 0x00, 0x2c, 0x5d, 0x00, 0xba, 0x00, 0xe0, 0x00, 0x74, 0x00, 0x81, 0x00, 0x00, 0x00,
    0xff, 0xff, 0xff, 0x00, 0x00, 0x00, 0x00, 0x00, 0x00, 0x08, 0xff, 0x00, 0x05, 0x08, 0x1c, 0x48,
    0xb0, 0xa0, 0xc1, 0x83, 0x08, 0x13, 0x2a, 0x5c, 0xc8, 0xb0, 0xa1, 0xc3, 0x87, 0x10, 0x23, 0x4a,
    0x9c, 0x48, 0x51, 0x00, 0x80, 0x8b, 0x18, 0x01, 0x54, 0xdc, 0xc8, 0xb1, 0xa3, 0xc7, 0x8f, 0x20,
    0x43, 0x56, 0xcc, 0x88, 0x51, 0xa4, 0xc9, 0x93, 0x28, 0x53, 0xaa, 0x0c, 0x49, 0xf2, 0xe2, 0xca,
    0x97, 0x30, 0x63, 0xca, 0x44, 0xd9, 0x52, 0xe3, 0xcc, 0x9b, 0x38, 0x73, 0xde, 0xac, 0xc9, 0x33,
    0xa3, 0xce, 0x9f, 0x40, 0x83, 0x72, 0xec, 0x49, 0x54, 0xa8, 0xd1, 0xa3, 0x48, 0x0f, 0x12, 0xed,
    0x69, 0x70, 0x29, 0xc9, 0xa4, 0x50, 0xa3, 0x3a, 0x74, 0x4a, 0xd5, 0xa6, 0xd2, 0xaa, 0x56, 0xa5,
    0x6a, 0xdd, 0x2a, 0x10, 0xeb, 0xd2, 0x84, 0x5e, 0xb9, 0x8a, 0xd5, 0xea, 0xb5, 0x28, 0xc2, 0xb2,
    0x4c, 0xc7, 0xaa, 0x5d, 0x89, 0xd6, 0xec, 0xc2, 0xb6, 0x35, 0xd7, 0xca, 0xa5, 0x09, 0x37, 0x2e,
    0xc3, 0xba, 0x4f, 0xe7, 0xea, 0x05, 0x89, 0xb7, 0x25, 0xc4, 0xbe, 0x7e, 0xf7, 0x0a, 0x56, 0x08,
    0x38, 0x2f, 0xc5, 0xc2, 0x3e, 0x07, 0x2b, 0x6e, 0x8a, 0xd8, 0xe5, 0xc8, 0xc6, 0x59, 0x17, 0x2f,
    0x86, 0x1c, 0xb9, 0x23, 0xe5, 0x92, 0x92, 0xc9, 0x42, 0x66, 0x7b, 0xb9, 0x72, 0xe6, 0xa3, 0x94,
    0x39, 0x5f, 0xfe, 0x2c, 0x35, 0xb4, 0xca, 0xce, 0x9e, 0x49, 0x07, 0x35, 0x2d, 0x93, 0xb5, 0x6a,
    0x9d, 0x85, 0x85, 0xba, 0x7e, 0x8d, 0x33, 0xf6, 0xea, 0xcd, 0xb4, 0x61, 0x03, 0x2e, 0xdd, 0x38,
    0xf7, 0xc9, 0xd9, 0x50, 0x71, 0xfb, 0x66, 0x29, 0x9c, 0x37, 0xe2, 0xe1, 0x22, 0x81, 0x1b, 0x57,
    0x8e, 0xfc, 0x6c, 0x71, 0xb9, 0xa8, 0x9b, 0x4f, 0x7d, 0xbe, 0x36, 0xba, 0xf4, 0xbb, 0xd4, 0x05,
    0x33, 0x6f, 0x9e, 0x7d, 0x72, 0x77, 0xee, 0xbd, 0x5f, 0x6f, 0xff, 0x47, 0xfe, 0x5d, 0xb2, 0xf5,
    0xdc, 0xe3, 0x3f, 0x9f, 0xa7, 0x9d, 0x3e, 0xf3, 0x7a, 0xf1, 0xe5, 0xd5, 0x77, 0x1e, 0xde, 0x1e,
    0x7d, 0xfc, 0xea, 0xf7, 0xc9, 0xe7, 0x1f, 0x5b, 0x9f, 0xfe, 0x7e, 0xb1, 0xfd, 0x81, 0x17, 0x9e,
    0x5e, 0x01, 0x5e, 0x57, 0x20, 0x52, 0x07, 0x0a, 0x78, 0xdc, 0x5e, 0x09, 0xea, 0x37, 0x1a, 0x7f,
    0xa8, 0x39, 0x75, 0x5d, 0x57, 0xf3, 0x41, 0x18, 0xa1, 0x5b, 0xd2, 0xbd, 0xa7, 0xd9, 0x85, 0x69,
    0x91, 0xc6, 0x21, 0x86, 0x08, 0x7e, 0x58, 0x96, 0x77, 0x22, 0x06, 0x16, 0x5c, 0x89, 0x58, 0x91,
    0x88, 0x22, 0x66, 0x27, 0xae, 0x28, 0xa1, 0x85, 0x2e, 0x52, 0x95, 0x54, 0x8c, 0x78, 0x85, 0x48,
    0xe3, 0x8b, 0xa0, 0xdd, 0xd8, 0x96, 0x8d, 0x3a, 0x76, 0x68, 0x54, 0x8f, 0x68, 0xf1, 0x08, 0xa4,
    0x89, 0x3f, 0x0e, 0x99, 0x62, 0x4e, 0x46, 0xe2, 0xb8, 0x5c, 0x92, 0x32, 0xc2, 0xc4, 0x24, 0x88,
    0x2d, 0x3e, 0xa9, 0xe4, 0x69, 0x52, 0xda, 0xb5, 0x61, 0x95, 0x50, 0x7e, 0x54, 0xe5, 0x84, 0x05,
    0x6d, 0xe9, 0x91, 0x97, 0x5c, 0x52, 0xf8, 0xa4, 0x96, 0x52, 0x86, 0x39, 0x10, 0x98, 0x7f, 0x0d,
    0x69, 0xa6, 0x49, 0x31, 0x3e, 0x64, 0xe4, 0x9a, 0xc9, 0xb9, 0xe8, 0xa6, 0x9a, 0x70, 0xf2, 0x25,
    0xe7, 0x5b, 0x25, 0xd6, 0x79, 0xa5, 0x6d, 0x57, 0x89, 0xa8, 0xe7, 0x92, 0xbb, 0x39, 0xe7, 0xe7,
    0x9f, 0x51, 0xf2, 0x79, 0x66, 0x85, 0x7b, 0xd2, 0xa8, 0x56, 0x8d, 0x62, 0x36, 0xd8, 0x1a, 0x90,
    0x8b, 0xd6, 0x75, 0xe8, 0x83, 0x89, 0xb6, 0x09, 0x63, 0x90, 0x8d, 0xfe, 0x87, 0x24, 0xa4, 0x97,
    0xa2, 0x38, 0x23, 0x96, 0x70, 0xcd, 0xa5, 0x21, 0x50, 0xa0, 0x86, 0x0a, 0x1d, 0xa2, 0x45, 0x96,
    0x3a, 0xe2, 0xa9, 0x81, 0x7e, 0xaa, 0x6a, 0xab, 0xda, 0x1d, 0xff, 0xe9, 0xea, 0xab, 0x8c, 0x0e,
    0x16, 0x56, 0xa1, 0xb4, 0xee, 0xe8, 0x9e, 0x63, 0xf8, 0xe5, 0x2a, 0xe9, 0xae, 0xa9, 0x55, 0xea,
    0xab, 0xac, 0x24, 0x8a, 0x3a, 0xac, 0xa9, 0x84, 0xea, 0x76, 0x2c, 0xa6, 0xc9, 0x6e, 0xba, 0xec,
    0xaa, 0xcd, 0xd6, 0xf6, 0x2c, 0xb4, 0xd1, 0xce, 0x34, 0x2d, 0xb5, 0xd5, 0xc6, 0x74, 0xed, 0xad,
    0xd9, 0x3e, 0xba, 0x6d, 0x93, 0xdd, 0x6a, 0xfb, 0x2d, 0xb8, 0xe1, 0xbe, 0xd4, 0x97, 0x90, 0x86,
    0xfd, 0x14, 0xc0, 0xba, 0xec, 0xb6, 0xeb, 0x6e, 0xbb, 0xf2, 0xfd, 0x9a, 0xaa, 0x95, 0xea, 0xbe,
    0x6b, 0xaf, 0xbb, 0xf1, 0x22, 0x2b, 0x9b, 0x8f, 0x3a, 0xdd, 0xeb, 0xef, 0xba, 0x6a, 0xf9, 0x3b,
    0x69, 0x62, 0xb6, 0xf2, 0x2a, 0xc0, 0xbf, 0x08, 0x27, 0xac, 0xf0, 0xc2, 0xf6, 0x06, 0x7c, 0xef,
    0xc0, 0x2c, 0xc6, 0x9a, 0x15, 0xc3, 0x14, 0x57, 0x6c, 0x71, 0x00, 0x0e, 0x37, 0x9c, 0xa9, 0xc1,
    0x0c, 0x1a, 0x7c, 0xf1, 0xc7, 0x20, 0x6b, 0x7c, 0x70, 0xc8, 0x24, 0x97, 0x4c, 0x50, 0xc4, 0x1d,
    0x03, 0x50, 0xf2, 0xca, 0x17, 0x1b, 0xc4, 0xf2, 0xcb, 0x15, 0x9f, 0xcc, 0x31, 0x81, 0x17, 0xc1,
    0x6c, 0x33, 0xc2, 0x2e, 0xdf, 0xac, 0xf3, 0xc3, 0x93, 0x92, 0xb8, 0xf3, 0xcf, 0xec, 0x26, 0x04,
    0xf4, 0xd0, 0xeb, 0xa2, 0xdc, 0x2b, 0x46, 0x44, 0xaf, 0x0c, 0x51, 0xd2, 0x40, 0x1b, 0x1d, 0x69,
    0x46, 0x4c, 0x93, 0xbc, 0x74, 0xd4, 0x3a, 0x3b, 0xdd, 0x29, 0xd5, 0x20, 0x4f, 0x8d, 0x35, 0xcc,
    0x56, 0x03, 0x48, 0xd2, 0xd6, 0x2d, 0x4b, 0x04, 0x76, 0xd6, 0x10, 0x07, 0x6b, 0x9c, 0x42, 0x4c,
    0xaf, 0x34, 0xf6, 0xc7, 0x32, 0x13, 0xfc, 0x34, 0xda, 0x49, 0xab, 0xbd, 0xb6, 0xc5, 0x6d, 0x77,
    0x7d, 0xb6, 0xd0, 0x71, 0x07, 0xb5, 0x75, 0x9a, 0x6e, 0xc7, 0x49, 0x44, 0x71, 0xb9, 0x7b, 0xcf,
    0xd9, 0x37, 0x4c, 0x7f, 0x87, 0x1b, 0xf8, 0x74, 0x83, 0xbf, 0x54, 0x78, 0xb9, 0x7a, 0xcd, 0x0d,
    0x30, 0xde, 0x18, 0x33, 0x2e, 0x96, 0xe3, 0x91, 0x23, 0x14, 0xb4, 0xe4, 0x5c, 0x51, 0x0e, 0x77,
    0xe5, 0x98, 0xaf, 0x35, 0x74, 0xe7, 0xd2, 0x7d, 0x0e, 0x3a, 0x72, 0xa2, 0x8f, 0x6e, 0xfa, 0xe9,
    0xa8, 0xa7, 0xae, 0xfa, 0xea, 0xac, 0xb7, 0x6e, 0xdf, 0x80, 0xae, 0xab, 0xe6, 0x68, 0xec, 0x5b,
    0xcd, 0x9e, 0x5b, 0x40, 0x00, 0x21, 0xf9, 0x04, 0x01, 0x06, 0x00, 0x02, 0x00, 0x2c, 0x5d, 0x00,
    0x0e, 0x01, 0xe0, 0x00, 0x13, 0x00, 0x81, 0x00, 0x00, 0x00, 0xff, 0xff, 0xff, 0x00, 0x00, 0x00,
    0x00, 0x00, 0x00, 0x08, 0xb6, 0x00, 0x05, 0x08, 0x1c, 0x48, 0xb0, 0xa0, 0xc1, 0x83, 0x08, 0x13,
    0x2a, 0x5c, 0xc8, 0xb0, 0xa1, 0xc3, 0x87, 0x10, 0x23, 0x4a, 0x9c, 0x58, 0x30, 0x80, 0xc5, 0x8b,
    0x01, 0x28, 0x6a, 0xdc, 0xc8, 0xb1, 0xa3, 0xc7, 0x8f, 0x20, 0x43, 0x0a, 0xc0, 0x78, 0x51, 0xa4,
    0xc9, 0x93, 0x28, 0x53, 0xaa, 0x0c, 0x49, 0xd2, 0xe2, 0xca, 0x97, 0x12, 0x4b, 0xc2, 0x9c, 0x49,
    0xf3, 0xa5, 0xcc, 0x9a, 0x1e, 0x6f, 0xe2, 0xdc, 0xc9, 0x73, 0xa3, 0xce, 0x9e, 0x13, 0x7f, 0x02,
    0x1d, 0x4a, 0x14, 0xa1, 0xd0, 0xa2, 0x48, 0x7b, 0x1e, 0x4d, 0xba, 0x70, 0x29, 0xd3, 0xa7, 0x34,
    0x9d, 0x42, 0x35, 0x28, 0x75, 0xaa, 0xd5, 0x93, 0x55, 0xaf, 0x8e, 0x74, 0x29, 0x30, 0xab, 0xd6,
    0xaf, 0x60, 0x57, 0x7a, 0x0d, 0x4b, 0xb6, 0x6c, 0x4e, 0xae, 0x66, 0xd3, 0xaa, 0x05, 0x39, 0x76,
    0xad, 0xdb, 0xb7, 0x70, 0x0f, 0x62, 0x8c, 0xab, 0xb0, 0x2d, 0x47, 0xbb, 0x74, 0x13, 0xce, 0xcd,
    0x2b, 0x17, 0xad, 0x58, 0xbf, 0x7c, 0x83, 0xe2, 0x35, 0x3b, 0x98, 0x62, 0xe1, 0xbb, 0x80, 0x61,
    0xb6, 0xac, 0xdb, 0x32, 0x71, 0xe0, 0xc0, 0x87, 0x7d, 0x92, 0x64, 0xdc, 0xf8, 0xb1, 0xe5, 0x81,
    0x91, 0x35, 0x2e, 0xd6, 0xdb, 0x38, 0xe3, 0xe5, 0xb0, 0x01, 0x01, 0x00, 0x21, 0xf9, 0x04, 0x01,
    0x06, 0x00, 0x02, 0x00, 0x2c, 0x5d, 0x00, 0x01, 0x01, 0xe0, 0x00, 0x2a, 0x00, 0x81, 0x00, 0x00,
    0x00, 0xff, 0xff, 0xff, 0x00, 0x00, 0x00, 0x00, 0x00, 0x00, 0x08, 0xff, 0x00, 0x05, 0x08, 0x1c,
    0x48, 0xb0, 0xa0, 0xc1, 0x83, 0x08, 0x13, 0x2a, 0x5c, 0xc8, 0xb0, 0xa1, 0xc3, 0x87, 0x10, 0x23,
    0x2a, 0x0c, 0x40, 0xb1, 0xa2, 0xc5, 0x8b, 0x18, 0x33, 0x6a, 0xdc, 0x58, 0x51, 0xa2, 0xc7, 0x8f,
    0x20, 0x43, 0x8a, 0x1c, 0x49, 0x92, 0x20, 0xc7, 0x93, 0x28, 0x53, 0x52, 0x2c, 0xc9, 0xb2, 0xa5,
    0xcb, 0x97, 0x30, 0x0b, 0xaa, 0x9c, 0x49, 0xb3, 0x23, 0xc8, 0x9a, 0x38, 0x73, 0x06, 0x88, 0xc9,
    0xb3, 0xa5, 0xce, 0x9f, 0x29, 0x43, 0x02, 0x1d, 0xca, 0xb1, 0xa7, 0xd1, 0x91, 0x44, 0x93, 0x5e,
    0x14, 0xaa, 0xb4, 0xe9, 0xce, 0xa3, 0x50, 0x3d, 0x3a, 0x55, 0xca, 0x74, 0x6a, 0xd3, 0xa8, 0x58,
    0x1b, 0x5a, 0x25, 0x5a, 0x75, 0x2b, 0xd7, 0xac, 0x60, 0x11, 0x7a, 0x05, 0xda, 0x75, 0xec, 0xcf,
    0xb0, 0x68, 0x65, 0x9a, 0xcd, 0x59, 0x76, 0x2d, 0xce, 0xb4, 0x70, 0x05, 0xb8, 0x7d, 0x7b, 0x73,
    0xae, 0xce, 0xb8, 0x69, 0xed, 0xd2, 0x6c, 0xab, 0x37, 0x28, 0xde, 0xb0, 0x7d, 0x55, 0xf2, 0x0d,
    0x5c, 0xf4, 0x2f, 0x58, 0xc2, 0x28, 0x4b, 0x22, 0x3e, 0x69, 0xf8, 0xf0, 0xdc, 0x86, 0x00, 0x22,
    0x4b, 0x9e, 0x2c, 0x19, 0xe2, 0xe2, 0xc2, 0x8d, 0xa3, 0xda, 0x85, 0x4c, 0xb9, 0x33, 0x00, 0xcb,
    0x97, 0x35, 0x66, 0xc6, 0xba, 0x99, 0xa1, 0xe7, 0xce, 0xa0, 0x11, 0x1b, 0x44, 0x3d, 0x9a, 0xa5,
    0xe7, 0xcc, 0xa7, 0x4f, 0x6b, 0x5d, 0xbc, 0x9a, 0x72, 0x6b, 0xd7, 0xac, 0x0d, 0xc7, 0x7e, 0xcd,
    0xf0, 0x72, 0xed, 0xc9, 0xb7, 0x4b, 0xf2, 0xd6, 0xbd, 0xbb, 0xf8, 0xee, 0xbf, 0xc7, 0x83, 0x47,
    0x34, 0xfe, 0x39, 0x2d, 0xf3, 0xca, 0x02, 0x9f, 0x47, 0x46, 0x1e, 0x5b, 0xf9, 0x72, 0xe3, 0x70,
    0xa5, 0x37, 0x17, 0xa0, 0x9d, 0xba, 0x6c, 0xeb, 0x0f, 0x99, 0x67, 0xd5, 0x97, 0x3e, 0xb0, 0xbb,
    0x73, 0xec, 0xe0, 0xd5, 0x3e, 0x3d, 0x28, 0x3e, 0x6a, 0x75, 0xd3, 0xe4, 0xcf, 0x17, 0x4f, 0xaf,
    0x3e, 0x61, 0x7b, 0xa8, 0xef, 0x17, 0x9a, 0x47, 0x7b, 0x9f, 0xbe, 0xdc, 0x95, 0x08, 0xf5, 0x67,
    0x54, 0x7e, 0x0a, 0xed, 0x17, 0x96, 0x80, 0xe9, 0xd9, 0xc4, 0x1e, 0x7a, 0xf8, 0x7d, 0x77, 0xdd,
    0x7c, 0xee, 0xc5, 0x67, 0xd2, 0x4c, 0x2e, 0xb1, 0x65, 0x9f, 0x76, 0xd3, 0x85, 0xe7, 0xa0, 0x4b,
    0x08, 0xf2, 0x64, 0xa0, 0x40, 0x7b, 0xf9, 0x44, 0x57, 0x80, 0x18, 0x6e, 0xc7, 0xd9, 0x70, 0x1c,
    0x32, 0x78, 0xd4, 0x87, 0xff, 0x09, 0x26, 0x62, 0x4d, 0x05, 0x96, 0x08, 0x11, 0x81, 0x11, 0x42,
    0xf8, 0x20, 0x8b, 0x04, 0x41, 0x37, 0xe1, 0x63, 0x12, 0xe9, 0xe8, 0x5f, 0x8a, 0x36, 0xce, 0x28,
    0xe3, 0x85, 0x26, 0x82, 0x58, 0xda, 0x83, 0x3f, 0xc2, 0xd4, 0x21, 0x7c, 0x18, 0xc6, 0x58, 0x64,
    0x8b, 0x6e, 0x79, 0xe4, 0x63, 0x92, 0x54, 0x8a, 0x94, 0xdb, 0x68, 0x34, 0x56, 0xa9, 0x65, 0x8f,
    0xb6, 0xdd, 0x96, 0xe5, 0x96, 0x60, 0x9e, 0x38, 0x65, 0x63, 0x5f, 0x86, 0x69, 0xa6, 0x7e, 0x65,
    0x7a, 0x98, 0xe6, 0x99, 0x6c, 0xa2, 0xb9, 0x61, 0x83, 0x6f, 0xb6, 0x29, 0xa7, 0x9b, 0x28, 0xc2,
    0x59, 0xe7, 0x9c, 0x78, 0x8a, 0x59, 0xe2, 0x9e, 0x77, 0xe6, 0xe9, 0xa7, 0x86, 0x7c, 0x06, 0xda,
    0xe5, 0x9f, 0x84, 0x02, 0x2a, 0xe8, 0xa1, 0x85, 0x26, 0xaa, 0xe7, 0xa1, 0x7c, 0x2a, 0x7a, 0x50,
    0x40, 0x00, 0x21, 0xf9, 0x04, 0x01, 0x06, 0x00, 0x02, 0x00, 0x2c, 0x66, 0x00, 0xc7, 0x00, 0xcd,
    0x00, 0x60, 0x00, 0x81, 0x00, 0x00, 0x00, 0xff, 0xff, 0xff, 0x00, 0x00, 0x00, 0x00, 0x00, 0x00,
    0x08, 0xff, 0x00, 0x05, 0x08, 0x1c, 0x48, 0xb0, 0xa0, 0xc1, 0x83, 0x08, 0x13, 0x2a, 0x5c, 0xc8,
    0xb0, 0xa1, 0xc3, 0x87, 0x10, 0x23, 0x12, 0x0c, 0x40, 0xb1, 0xa2, 0xc5, 0x8b, 0x18, 0x33, 0x5a,
    0x94, 0xc8, 0xb1, 0xa3, 0xc7, 0x8f, 0x20, 0x43, 0x8a, 0x14, 0xa0, 0xb1, 0xa4, 0xc9, 0x8b, 0x23,
    0x53, 0xaa, 0x5c, 0xc9, 0xb2, 0xa5, 0xc0, 0x93, 0x30, 0x4b, 0xae, 0x8c, 0x49, 0x53, 0xa6, 0xcb,
    0x9b, 0x38, 0x5f, 0xd6, 0xdc, 0x19, 0xf3, 0x23, 0xcf, 0x9f, 0x01, 0x72, 0x0a, 0x6d, 0x09, 0xb4,
    0x28, 0x46, 0x9f, 0x46, 0x69, 0x0e, 0x5d, 0x9a, 0x32, 0xa9, 0x53, 0xa4, 0x4e, 0x4f, 0x32, 0x9d,
    0x0a, 0x32, 0xaa, 0x51, 0x8e, 0x56, 0x79, 0x52, 0xdd, 0x0a, 0x31, 0x6b, 0xd2, 0xae, 0x5e, 0x95,
    0x72, 0x1d, 0xbb, 0x30, 0x6c, 0x51, 0xb0, 0x66, 0xa5, 0x92, 0x5d, 0x7b, 0x30, 0xed, 0xcf, 0x86,
    0x6e, 0xb5, 0xb2, 0x25, 0x1b, 0x17, 0x28, 0xdc, 0xba, 0x62, 0xe7, 0x72, 0xc5, 0x2b, 0xb7, 0x2c,
    0x5f, 0x98, 0x7a, 0xc7, 0xfe, 0xad, 0xa9, 0x70, 0x70, 0xde, 0xc0, 0x53, 0x0d, 0xef, 0x6c, 0xab,
    0x58, 0x2d, 0xe2, 0xc4, 0x8d, 0x7b, 0x1a, 0x8c, 0x6c, 0xf2, 0x31, 0x55, 0xca, 0x80, 0x27, 0x63,
    0xce, 0x68, 0x19, 0xf2, 0x66, 0x8d, 0x8c, 0x3f, 0x6f, 0xec, 0xbc, 0x54, 0x34, 0x68, 0xcd, 0xa6,
    0x29, 0x92, 0x2e, 0x9d, 0x1a, 0x25, 0xea, 0xd4, 0xab, 0x87, 0xb6, 0x76, 0x5d, 0x70, 0x76, 0xd0,
    0xd8, 0x39, 0x6d, 0x57, 0x0c, 0x0d, 0x1b, 0x37, 0x4e, 0xdd, 0xaa, 0x5f, 0x9b, 0xf6, 0xfd, 0x1b,
    0xf8, 0x40, 0xe0, 0xc1, 0x89, 0x13, 0x35, 0xae, 0x93, 0xb9, 0x72, 0x96, 0xc8, 0x8f, 0x47, 0x7f,
    0x0e, 0xdd, 0x39, 0xf2, 0xdb, 0xd4, 0x55, 0x5e, 0xdf, 0x8e, 0x3d, 0xfb, 0x48, 0xee, 0xd7, 0xbd,
    0x6b, 0xff, 0x07, 0xef, 0x5c, 0x7c, 0x48, 0xf2, 0xe5, 0xcd, 0x43, 0x45, 0xdf, 0x5a, 0xbd, 0x48,
    0xf6, 0xb6, 0xdd, 0x9f, 0x87, 0xdf, 0x5e, 0xfe, 0x7a, 0xfa, 0x9f, 0xed, 0xdf, 0xc7, 0x8f, 0x59,
    0xbf, 0x47, 0xfe, 0xc3, 0xf9, 0x87, 0x15, 0x80, 0xf9, 0x09, 0x28, 0x11, 0x81, 0x05, 0x1a, 0x88,
    0x16, 0x82, 0x91, 0x29, 0x18, 0x11, 0x83, 0xfd, 0x39, 0xf8, 0x10, 0x84, 0x94, 0x49, 0x38, 0x21,
    0x85, 0x8d, 0x59, 0xe8, 0x10, 0x86, 0x19, 0x6a, 0xc8, 0x10, 0x87, 0x8a, 0x79, 0xf8, 0x21, 0x88,
    0x83, 0x89, 0xe8, 0x17, 0x89, 0x7c, 0x99, 0x58, 0x18, 0x8a, 0x29, 0xaa, 0x88, 0x10, 0x8b, 0x2d,
    0xba, 0x28, 0x1c, 0x8c, 0x66, 0xc9, 0xc8, 0x1b, 0x8d, 0x35, 0xda, 0x58, 0x1b, 0x8e, 0x6e, 0xe9,
    0xb8, 0xa3, 0x6e, 0xd2, 0xa5, 0xa7, 0xe3, 0x74, 0x24, 0x11, 0xe9, 0x63, 0x91, 0x40, 0x36, 0x97,
    0xe4, 0x91, 0x48, 0xc6, 0xa7, 0xa4, 0x93, 0x4c, 0x12, 0x19, 0x1e, 0x93, 0x4d, 0xce, 0x16, 0xe4,
    0x92, 0x47, 0x4a, 0x69, 0xa4, 0x8f, 0x47, 0x05, 0x36, 0x65, 0x94, 0xb4, 0xcd, 0xf5, 0x65, 0x96,
    0x61, 0x52, 0x69, 0xe6, 0x99, 0x68, 0xa6, 0xa9, 0x26, 0x9a, 0x00, 0xb4, 0x09, 0x00, 0x62, 0x6e,
    0xae, 0xc9, 0x55, 0x9c, 0x02, 0xb9, 0xf9, 0x66, 0x60, 0x74, 0xca, 0x39, 0x55, 0x9e, 0x76, 0xc2,
    0xd9, 0xa6, 0x9e, 0x54, 0xf1, 0x99, 0xe7, 0x5c, 0x83, 0x02, 0x2a, 0x94, 0xa0, 0x7f, 0xe2, 0x99,
    0xa8, 0xa1, 0x43, 0x21, 0x7a, 0xa7, 0x5e, 0x85, 0x32, 0x7a, 0x93, 0xa3, 0x7e, 0x3e, 0x2a, 0x29,
    0x4e, 0x91, 0x3e, 0x96, 0xa9, 0x89, 0x9b, 0x02, 0xda, 0xa9, 0x87, 0x9f, 0xca, 0x19, 0xaa, 0x85,
    0xa3, 0xae, 0x55, 0x6a, 0x6c, 0x95, 0x2d, 0x77, 0x5a, 0x44, 0xa7, 0xb6, 0xf4, 0x69, 0xab, 0xa4,
    0xa5, 0xdf, 0x5a, 0xdd, 0xaa, 0x10, 0xc1, 0xba, 0xd2, 0xab, 0x8b, 0x9a, 0x27, 0xeb, 0x4c, 0x36,
    0xb1, 0x9a, 0x6b, 0xa0, 0xbf, 0x5a, 0x66, 0xeb, 0x8f, 0xbb, 0x0e, 0x78, 0x98, 0x44, 0xc3, 0x7a,
    0x94, 0xec, 0x56, 0xcb, 0x3e, 0x49, 0xab, 0xb1, 0x92, 0x75, 0xd4, 0x2c, 0xb2, 0xc1, 0x92, 0x36,
    0x6d, 0xb4, 0x1d, 0x2d, 0xa6, 0x6c, 0xb5, 0x2e, 0xc1, 0x3a, 0x2d, 0x5d, 0x5f, 0x39, 0x5b, 0xd4,
    0xb4, 0x76, 0x7e, 0x5b, 0x50, 0x9f, 0xd4, 0x5a, 0x4a, 0xdd, 0x53, 0xe2, 0x02, 0x45, 0x6e, 0xb9,
    0xea, 0x82, 0x84, 0xae, 0xaf, 0xf1, 0x2a, 0xc7, 0x6e, 0x95, 0x46, 0xbd, 0x5b, 0xae, 0x4a, 0xf3,
    0xd6, 0xca, 0xad, 0x6f, 0xf7, 0x66, 0xa5, 0x6f, 0xbf, 0x21, 0x11, 0x4c, 0xaf, 0xc1, 0x1f, 0x21,
    0xfc, 0x10, 0xbc, 0x2b, 0x7a, 0x95, 0x10, 0xbc, 0x0a, 0x6f, 0x0b, 0x31, 0xc4, 0x39, 0x51, 0x9c,
    0x52, 0xc4, 0x0d, 0x31, 0x9c, 0x50, 0x8e, 0x07, 0x4d, 0xfc, 0xaf, 0xb4, 0x1e, 0x6b, 0x3c, 0xa9,
    0xc8, 0x22, 0x61, 0xcc, 0x10, 0xc9, 0x33, 0xde, 0x6b, 0x50, 0xc8, 0xb7, 0x86, 0xbc, 0xef, 0x58,
    0x2e, 0x4f, 0xdc, 0xad, 0xc7, 0xc0, 0xba, 0x7c, 0x64, 0xcc, 0x16, 0xb3, 0xc4, 0xf2, 0x9e, 0x31,
    0xdf, 0x8c, 0xf3, 0xcb, 0x3a, 0xd3, 0xcc, 0xb3, 0xcd, 0x97, 0x2e, 0xb5, 0xf3, 0xc8, 0x32, 0x17,
    0x3d, 0xa7, 0xd0, 0x48, 0xe7, 0xac, 0xf4, 0xd0, 0x4e, 0xbb, 0xca, 0xf4, 0xd3, 0xa6, 0x12, 0x9d,
    0x2e, 0xca, 0x54, 0x2b, 0x7a, 0xf4, 0xc1, 0x40, 0x67, 0x5d, 0xe9, 0xd4, 0xfe, 0x46, 0x2d, 0x61,
    0x40, 0x00, 0x21, 0xf9, 0x04, 0x01, 0x06, 0x00, 0x02, 0x00, 0x2c, 0x63, 0x00, 0xc7, 0x00, 0xd0,
    0x00, 0x60, 0x00, 0x81, 0x00, 0x00, 0x00, 0xff, 0xff, 0xff, 0x00, 0x00, 0x00, 0x00, 0x00, 0x00,
    0x08, 0xff, 0x00, 0x05, 0x08, 0x1c, 0x48, 0xb0, 0xa0, 0xc1, 0x83, 0x08, 0x13, 0x2a, 0x5c, 0xc8,
    0xb0, 0xa1, 0xc3, 0x87, 0x10, 0x23, 0x1e, 0x04, 0x40, 0xb1, 0xa2, 0xc5, 0x8b, 0x18, 0x33, 0x5a,
    0x94, 0xc8, 0xb1, 0xa3, 0xc7, 0x8f, 0x20, 0x43, 0x8a, 0x24, 0xa8, 0xb1, 0xa4, 0xc9, 0x8b, 0x23,
    0x53, 0xaa, 0x5c, 0xc9, 0xb2, 0x65, 0xc1, 0x93, 0x30, 0x4b, 0xba, 0x8c, 0xd9, 0xd0, 0xa4, 0xcb,
    0x9b, 0x38, 0x07, 0x62, 0xcc, 0x29, 0xa0, 0xa2, 0x48, 0x9a, 0x0c, 0x6d, 0xf2, 0x1c, 0xaa, 0x72,
    0x67, 0x4e, 0x9f, 0x21, 0x81, 0x2e, 0x14, 0x4a, 0xb4, 0x29, 0x48, 0xa3, 0x38, 0x91, 0x3e, 0x85,
    0x59, 0x53, 0xa6, 0xd3, 0xab, 0x1d, 0xa1, 0xde, 0x94, 0x8a, 0x15, 0x22, 0xd7, 0xae, 0x60, 0xc3,
    0x8a, 0x9d, 0x0a, 0x60, 0xac, 0xd9, 0xb3, 0x68, 0x97, 0x52, 0x4c, 0xcb, 0xb6, 0x2d, 0xdb, 0xaf,
    0x6e, 0xe3, 0xca, 0x3d, 0xba, 0x76, 0xae, 0xdd, 0xbb, 0x2c, 0xe1, 0xe2, 0xdd, 0xcb, 0xb7, 0xaf,
    0xdf, 0xbf, 0x80, 0x03, 0x0b, 0x1e, 0x4c, 0xb8, 0xb0, 0xe1, 0xc3, 0x88, 0x13, 0x2b, 0x5e, 0xcc,
    0xb8, 0x71, 0xc1, 0x00, 0x90, 0x03, 0x38, 0x9e, 0x3c, 0x34, 0xf2, 0xc0, 0xc8, 0x92, 0x29, 0x6b,
    0x76, 0x69, 0x59, 0x20, 0xe6, 0xcd, 0xa0, 0x57, 0x76, 0x16, 0xf0, 0x39, 0xb4, 0xe9, 0x90, 0xa3,
    0x4f, 0xab, 0x16, 0x99, 0x7a, 0xb5, 0xeb, 0x8e, 0xad, 0x5f, 0xcb, 0x7e, 0x18, 0x7b, 0xb6, 0xed,
    0xdb, 0xb8, 0x73, 0xeb, 0x6e, 0x5a, 0x7b, 0x77, 0xee, 0xde, 0xbe, 0x6f, 0x03, 0x0f, 0x3e, 0x7b,
    0x38, 0xf1, 0xd7, 0xc6, 0x8f, 0xaf, 0x4e, 0xae, 0xfc, 0x34, 0xf3, 0xe6, 0xa1, 0x9f, 0x43, 0xdf,
    0x2c, 0x7d, 0x3a, 0xe5, 0xea, 0xd6, 0x1d, 0x63, 0xcf, 0xce, 0x78, 0x3b, 0x77, 0xc5, 0xde, 0xbf,
    0x23, 0xff, 0x0e, 0x2f, 0xde, 0x30, 0xf9, 0xf2, 0x84, 0xcf, 0xa3, 0x17, 0xac, 0x7e, 0x3d, 0xe0,
    0xf6, 0xee, 0xfd, 0xc2, 0x8f, 0xcf, 0x77, 0x3e, 0x7d, 0xbc, 0xf6, 0xef, 0xdb, 0xcd, 0xaf, 0x5f,
    0x2e, 0xff, 0xfe, 0x69, 0x61, 0x06, 0x19, 0x80, 0x8d, 0x09, 0x98, 0x19, 0x81, 0xe0, 0x09, 0x88,
    0xe0, 0x62, 0xff, 0x2d, 0x78, 0x56, 0x83, 0x0e, 0x8e, 0x05, 0x61, 0x84, 0x61, 0x4d, 0x48, 0x61,
    0x57, 0x16, 0x5e, 0x78, 0x55, 0x86, 0x1a, 0xf2, 0x36, 0x60, 0x87, 0x20, 0x86, 0x28, 0x22, 0x72,
    0x1c, 0x8e, 0x08, 0x52, 0x6c, 0xa5, 0x99, 0xe8, 0xdf, 0x87, 0x04, 0xa5, 0xa8, 0xa2, 0x5b, 0x28,
    0x96, 0xf8, 0x22, 0x47, 0x31, 0xb2, 0x38, 0x23, 0x5b, 0x35, 0x1e, 0x78, 0x63, 0x80, 0x36, 0x7a,
    0x26, 0xe3, 0x8e, 0xb4, 0xf5, 0x08, 0xa4, 0x41, 0x3f, 0x0e, 0xf9, 0x51, 0x91, 0x46, 0xc2, 0x26,
    0x64, 0x5c, 0x48, 0xae, 0xc4, 0x94, 0x93, 0x75, 0xf5, 0xa4, 0x17, 0x7e, 0x4b, 0x12, 0x59, 0x25,
    0x5f, 0x4f, 0x16, 0x15, 0xe5, 0x46, 0xef, 0x5d, 0xd9, 0xa2, 0x97, 0x78, 0x65, 0x99, 0x92, 0x54,
    0x5c, 0xfe, 0xd5, 0x24, 0x8d, 0x60, 0x7a, 0x34, 0xe5, 0x43, 0x6b, 0x8e, 0xf4, 0xe3, 0x99, 0x1e,
    0x41, 0xd8, 0x66, 0x55, 0x65, 0xe1, 0xf4, 0x66, 0x9a, 0x38, 0xe2, 0xc9, 0xd1, 0x9c, 0x41, 0x45,
    0xc9, 0x99, 0x9e, 0xac, 0x01, 0xfa, 0xa5, 0x8e, 0x8d, 0x65, 0xa4, 0x13, 0x4a, 0x12, 0xe6, 0xe7,
    0xa2, 0x44, 0x70, 0x36, 0x65, 0xa8, 0x40, 0x5a, 0x81, 0xb5, 0xe8, 0x89, 0xe7, 0x35, 0x4a, 0xd4,
    0xa3, 0x52, 0x96, 0x59, 0xa1, 0xa2, 0x95, 0x0a, 0x1a, 0x18, 0xa6, 0x91, 0x62, 0xc8, 0xa9, 0xa7,
    0x0b, 0x4d, 0x7a, 0xa4, 0xa5, 0x2c, 0x99, 0xaa, 0x92, 0x81, 0xac, 0x22, 0xa9, 0xaa, 0x92, 0xa4,
    0xee, 0x30, 0x97, 0x61, 0xab, 0xad, 0x6e, 0x38, 0x2a, 0xa1, 0x85, 0xbd, 0xea, 0x26, 0xad, 0x06,
    0xc2, 0x48, 0x6b, 0x74, 0xb1, 0x2e, 0xf7, 0x2b, 0x68, 0xa8, 0xd6, 0x37, 0x2c, 0x75, 0xc1, 0x26,
    0xa9, 0xec, 0xb2, 0xcc, 0x36, 0x5b, 0x59, 0xb2, 0xce, 0xde, 0x54, 0x6c, 0xb4, 0x8f, 0x41, 0xbb,
    0x5a, 0x40, 0x00, 0x21, 0xf9, 0x04, 0x01, 0x06, 0x00, 0x02, 0x00, 0x2c, 0x63, 0x00, 0xc7, 0x00,
    0xd0, 0x00, 0x5d, 0x00, 0x81, 0x00, 0x00, 0x00, 0xff, 0xff, 0xff, 0x00, 0x00, 0x00, 0x00, 0x00,
    0x00, 0x08, 0xff, 0x00, 0x05, 0x08, 0x1c, 0x48, 0xb0, 0xa0, 0xc1, 0x83, 0x08, 0x13, 0x2a, 0x5c,
    0xc8, 0xb0, 0xa1, 0xc3, 0x87, 0x10, 0x23, 0x4a, 0x2c, 0x18, 0xa0, 0xa2, 0xc5, 0x8b, 0x13, 0x33,
    0x6a, 0xdc, 0xc8, 0xb1, 0xa3, 0xc7, 0x8f, 0x12, 0x2f, 0x8a, 0x0c, 0x00, 0xb2, 0xa4, 0xc9, 0x93,
    0x28, 0x53, 0x6a, 0x1c, 0x89, 0x51, 0xa5, 0x43, 0x8b, 0x0d, 0x61, 0xba, 0x9c, 0x49, 0xb3, 0x26,
    0x42, 0x99, 0x2a, 0x71, 0x2a, 0xd4, 0x69, 0xb3, 0xa7, 0xcf, 0x93, 0x3c, 0x81, 0x56, 0x8c, 0x39,
    0xf4, 0xa7, 0xd1, 0xa3, 0x1d, 0x83, 0x9a, 0x54, 0x6a, 0x90, 0x29, 0xd2, 0xa7, 0x50, 0x6f, 0x16,
    0x8d, 0x4a, 0xb5, 0xaa, 0xd5, 0xab, 0x58, 0xb3, 0x6a, 0xdd, 0xca, 0xb5, 0xab, 0xd7, 0xaf, 0x60,
    0xc3, 0x8a, 0x1d, 0x4b, 0xb6, 0xac, 0xd9, 0xb3, 0x68, 0xd3, 0xaa, 0x5d, 0xcb, 0xb6, 0xad, 0xdb,
    0xb7, 0x70, 0xe3, 0xca, 0x9d, 0x4b, 0xb7, 0xae, 0xdd, 0xbb, 0x78, 0xf3, 0xea, 0xa5, 0x0a, 0xa0,
    0xef, 0xde, 0xbf, 0x27, 0xfb, 0x02, 0x00, 0x4c, 0xf8, 0xa3, 0xe0, 0xc2, 0x88, 0x37, 0x1e, 0x4e,
    0xcc, 0xb8, 0xb1, 0xe3, 0xc7, 0x90, 0x23, 0x4b, 0x9e, 0x4c, 0xb9, 0xb2, 0xe5, 0xb2, 0x8b, 0x2f,
    0x43, 0xce, 0xac, 0xd9, 0x31, 0xe7, 0xce, 0xa0, 0x43, 0x8b, 0x1e, 0x4d, 0xba, 0xb4, 0xe9, 0xd3,
    0xa8, 0x53, 0xab, 0x5e, 0xcd, 0xba, 0xb5, 0xeb, 0xd7, 0xb0, 0x63, 0xcb, 0x9e, 0x4d, 0xbb, 0xb6,
    0xed, 0xdb, 0xb8, 0x73, 0xeb, 0xde, 0xcd, 0xbb, 0xb7, 0xef, 0xdf, 0x8c, 0x3f, 0x03, 0x07, 0x2b,
    0x7c, 0xb8, 0xd7, 0xe2, 0xc6, 0xb9, 0x22, 0x4f, 0xce, 0xbc, 0xb9, 0xf3, 0xe7, 0xd0, 0xa3, 0x4b,
    0x9f, 0x4e, 0xbd, 0xba, 0xf5, 0xeb, 0xd8, 0xb3, 0x6b, 0xdf, 0xce, 0xbd, 0xbb, 0xf7, 0xef, 0xe0,
    0xc3, 0x8b, 0x3c, 0x1f, 0x4f, 0xbe, 0xbc, 0xf9, 0xf3, 0xe8, 0xd3, 0xab, 0x5f, 0xcf, 0x5e, 0xbc,
    0xe0, 0xc1, 0xed, 0x0d, 0x2f, 0x8f, 0x1f, 0xf1, 0x3d, 0x7d, 0x8f, 0xf6, 0xef, 0x2f, 0x9c, 0xaf,
    0xdf, 0x21, 0xff, 0xfe, 0x0c, 0xfd, 0xd7, 0x93, 0x53, 0x00, 0x12, 0x45, 0x52, 0x81, 0x19, 0x11,
    0x88, 0xa0, 0x66, 0x0a, 0x2e, 0x28, 0xd5, 0x81, 0x0e, 0x42, 0xd4, 0xe0, 0x5a, 0x01, 0x01, 0x00,
    0x21, 0xf9, 0x04, 0x01, 0x06, 0x00, 0x02, 0x00, 0x2c, 0x63, 0x00, 0xc7, 0x00, 0xd4, 0x00, 0x6a,
    0x00, 0x81, 0x00, 0x00, 0x00, 0xff, 0xff, 0xff, 0x00, 0x00, 0x00, 0x00, 0x00, 0x00, 0x08, 0xff,
    0x00, 0x05, 0x08, 0x1c, 0x48, 0xb0, 0xa0, 0xc1, 0x83, 0x08, 0x13, 0x2a, 0x5c, 0xc8, 0xb0, 0xa1,
    0xc3, 0x87, 0x10, 0x23, 0x4a, 0x2c, 0x08, 0xa0, 0xa2, 0xc5, 0x8b, 0x13, 0x33, 0x6a, 0xdc, 0xc8,
    0xb1, 0xa3, 0xc7, 0x8f, 0x1b, 0x2f, 0x8a, 0x04, 0x00, 0xb2, 0xa4, 0xc9, 0x93, 0x28, 0x53, 0x7a,
    0x1c, 0x89, 0x51, 0xa5, 0x44, 0x96, 0x30, 0x5b, 0xba, 0x9c, 0x49, 0x13, 0x61, 0xcc, 0x9b, 0x38,
    0x63, 0xd6, 0x14, 0x98, 0x93, 0xe5, 0xce, 0x9f, 0x3b, 0x7b, 0x0a, 0xcd, 0xf9, 0x73, 0xa8, 0x4c,
    0xa0, 0x48, 0x51, 0x1a, 0x5d, 0x3a, 0xb2, 0x28, 0xd3, 0xa4, 0x50, 0x4f, 0x32, 0x9d, 0x5a, 0xf1,
    0x23, 0xd5, 0xa9, 0x51, 0xb3, 0x36, 0xbc, 0xca, 0x55, 0x24, 0xc7, 0xae, 0x46, 0xb5, 0x8a, 0x4d,
    0x08, 0x16, 0xec, 0xd7, 0xb2, 0x3d, 0xc7, 0xaa, 0xa5, 0x88, 0xf6, 0x6a, 0xc6, 0xb6, 0x4f, 0xd7,
    0x66, 0x85, 0xdb, 0xf5, 0x2d, 0xdd, 0xa1, 0x72, 0xe7, 0xde, 0xa5, 0x6a, 0x77, 0x2f, 0xd1, 0xbc,
    0x50, 0xfd, 0x62, 0x85, 0x28, 0x38, 0x2e, 0xe0, 0xa0, 0x85, 0x07, 0x33, 0x4c, 0x1c, 0xf6, 0x30,
    0x62, 0xc6, 0x8d, 0x17, 0x43, 0x4e, 0xeb, 0xb8, 0xe6, 0xe4, 0xc8, 0x0b, 0x2f, 0xff, 0xad, 0x3c,
    0x53, 0xb3, 0x50, 0x87, 0x9e, 0x6f, 0x72, 0xa6, 0x19, 0x7a, 0x73, 0xe6, 0xd2, 0x3e, 0x47, 0xbb,
    0x44, 0x2d, 0x9a, 0x2c, 0x6b, 0x9d, 0xaa, 0x55, 0xbe, 0x86, 0xa9, 0x70, 0x36, 0xed, 0xd8, 0x29,
    0x6d, 0x37, 0x75, 0xad, 0xfb, 0x28, 0xee, 0x92, 0xbd, 0x7d, 0xb3, 0x0d, 0x5e, 0xf5, 0xb7, 0x54,
    0xe2, 0x24, 0x79, 0x13, 0x37, 0x7e, 0x1c, 0x79, 0xf1, 0xe1, 0xcb, 0x99, 0x03, 0x77, 0xfe, 0x9c,
    0x20, 0x75, 0xe9, 0xd3, 0xaf, 0x1b, 0xd4, 0x8e, 0x7d, 0x25, 0xf5, 0xe4, 0xd0, 0x83, 0x77, 0xff,
    0xb7, 0xfa, 0xfd, 0x20, 0xf7, 0xf1, 0x21, 0xcb, 0x6f, 0x77, 0x8e, 0xbe, 0xe3, 0x77, 0xf0, 0xd6,
    0xd9, 0xb7, 0x4f, 0x7f, 0x7e, 0x60, 0xfd, 0xf9, 0x11, 0xdf, 0xc7, 0x57, 0x8f, 0x7f, 0xa2, 0x7e,
    0xfb, 0xff, 0xf5, 0xf7, 0x12, 0x7f, 0x02, 0xbc, 0x07, 0x9f, 0x80, 0x0f, 0x05, 0x58, 0xa0, 0x82,
    0x08, 0x82, 0x46, 0xa0, 0x81, 0x0d, 0xe6, 0xf7, 0x20, 0x83, 0x11, 0x9e, 0x76, 0x1e, 0x84, 0x15,
    0x3a, 0x78, 0x21, 0x85, 0x19, 0xda, 0x34, 0x21, 0x81, 0x1d, 0x2a, 0x87, 0xdc, 0x7e, 0xf7, 0x85,
    0xb8, 0xde, 0x86, 0x20, 0x9a, 0x78, 0xa2, 0x7c, 0x3c, 0x71, 0xa8, 0x22, 0x80, 0x28, 0x96, 0xf8,
    0x62, 0x8b, 0x31, 0xb2, 0x38, 0x63, 0x78, 0xd1, 0xd1, 0x28, 0xe3, 0x8c, 0x0a, 0x62, 0x78, 0x23,
    0x8e, 0xe2, 0xc1, 0xb8, 0xe3, 0x8b, 0x3d, 0xba, 0xc8, 0xe3, 0x87, 0x43, 0xaa, 0xc8, 0x61, 0x92,
    0x26, 0x2e, 0x69, 0xe3, 0x8f, 0x3a, 0x8e, 0xb8, 0x62, 0x90, 0x50, 0x0a, 0x29, 0x25, 0x90, 0xb6,
    0x55, 0x49, 0xe2, 0x95, 0x5b, 0xf6, 0xa6, 0xa5, 0x95, 0x39, 0x76, 0xa9, 0xdb, 0x97, 0x51, 0x86,
    0x09, 0xe6, 0x98, 0x64, 0x3a, 0xc9, 0x65, 0x95, 0x6a, 0x9a, 0x09, 0x65, 0x9b, 0x54, 0x6a, 0x09,
    0xa7, 0x97, 0x69, 0xae, 0x89, 0xe5, 0x6c, 0x64, 0x2e, 0xe8, 0xa6, 0x98, 0x59, 0xd6, 0xb9, 0xe7,
    0x99, 0x7d, 0x7e, 0xf9, 0xe4, 0x9d, 0xaf, 0xe5, 0x39, 0x28, 0x9f, 0x78, 0xfa, 0x19, 0xe7, 0x94,
    0x74, 0x0a, 0x6a, 0x27, 0xa2, 0x85, 0x2a, 0xea, 0x59, 0x42, 0x01, 0x54, 0x6a, 0x69, 0x00, 0x80,
    0x26, 0xea, 0x68, 0x69, 0x94, 0x5e, 0x5a, 0x69, 0xa6, 0x91, 0x6e, 0x1a, 0x5a, 0xa7, 0x9e, 0x5a,
    0x0a, 0xe9, 0xa4, 0x92, 0xe2, 0x34, 0x53, 0xa9, 0xac, 0x9e, 0xaa, 0x99, 0xa1, 0x78, 0xb9, 0xff,
    0xc4, 0x6a, 0xa9, 0xae, 0x5e, 0x06, 0xeb, 0x67, 0xb2, 0xce, 0x3a, 0xab, 0x5c, 0xa6, 0x1a, 0x67,
    0x51, 0x46, 0xb4, 0x8a, 0xa5, 0xeb, 0xae, 0x6b, 0xf5, 0xfa, 0xdb, 0xaf, 0x13, 0x05, 0xab, 0xd5,
    0xb0, 0xad, 0x16, 0xfb, 0xa9, 0xaf, 0xd5, 0x41, 0xa4, 0x6c, 0x56, 0xcc, 0xea, 0x3a, 0xd6, 0xb4,
    0x92, 0xdd, 0x06, 0x12, 0x65, 0x0e, 0x61, 0x0b, 0x94, 0xb5, 0x03, 0x0d, 0x7b, 0xad, 0xa7, 0x84,
    0xc1, 0xb6, 0xad, 0x69, 0x0c, 0x79, 0xfb, 0x13, 0xb8, 0x02, 0x89, 0x2b, 0x2c, 0xb9, 0x09, 0x9a,
    0x4b, 0x9e, 0xaa, 0x0f, 0xa9, 0xbb, 0x13, 0xbb, 0x02, 0xb8, 0x0b, 0x15, 0xbe, 0xd9, 0x72, 0xbb,
    0x95, 0x62, 0x0d, 0x55, 0x9b, 0x52, 0xb5, 0x98, 0x1a, 0xa4, 0x6f, 0x52, 0xfc, 0x5a, 0xe8, 0x6f,
    0xbf, 0x98, 0xa5, 0xcb, 0xec, 0xc0, 0x02, 0x1b, 0x9c, 0xf0, 0xba, 0xc4, 0x6a, 0xb8, 0xb0, 0xc2,
    0x0d, 0x2f, 0x14, 0xf1, 0x49, 0x04, 0x1f, 0x74, 0x30, 0x52, 0x13, 0x8b, 0x48, 0xaf, 0xc5, 0x19,
    0x2b, 0xb4, 0xb1, 0x49, 0x1d, 0x93, 0xfa, 0x31, 0x4a, 0x27, 0x33, 0xac, 0x69, 0xc0, 0x04, 0xc3,
    0xab, 0x71, 0xcc, 0xcd, 0xce, 0xfc, 0xf0, 0xaa, 0x37, 0x93, 0xfc, 0xb2, 0xc3, 0x34, 0x3f, 0x6b,
    0x73, 0xcf, 0xc6, 0x9a, 0xdc, 0x32, 0xcb, 0x39, 0xff, 0xdb, 0x28, 0xcc, 0x40, 0x23, 0x0d, 0xb4,
    0xcf, 0xdd, 0x2e, 0xad, 0xb4, 0xd3, 0xf4, 0xa1, 0xaa, 0xd1, 0xd2, 0x54, 0x17, 0x2d, 0x2d, 0xd4,
    0x3f, 0x63, 0xdd, 0x97, 0xd4, 0xc0, 0x56, 0xed, 0xb5, 0xbd, 0x3c, 0xf7, 0xfc, 0x74, 0xd2, 0x51,
    0xbf, 0xba, 0xd1, 0xd7, 0x68, 0x07, 0x9d, 0x6c, 0xda, 0x6c, 0x17, 0xec, 0x1e, 0x64, 0x28, 0xb7,
    0x6d, 0xb5, 0x47, 0x72, 0xa7, 0x3d, 0x6f, 0x62, 0x71, 0xd7, 0x5d, 0x31, 0x48, 0x7a, 0x7f, 0x66,
    0x7d, 0x77, 0x61, 0x79, 0xf7, 0x2d, 0xb3, 0x4a, 0x82, 0xcf, 0xfd, 0x91, 0xda, 0x12, 0x85, 0x4c,
    0x74, 0xcc, 0xe3, 0x16, 0xbe, 0x77, 0x49, 0x88, 0x47, 0xa4, 0x38, 0xc7, 0x34, 0x37, 0xee, 0x38,
    0xd8, 0x1c, 0x45, 0x7e, 0x75, 0xcd, 0x34, 0x89, 0x1d, 0x9b, 0xe7, 0x84, 0x5f, 0x4e, 0x76, 0x9e,
    0x4d, 0x33, 0x9e, 0xab, 0xe8, 0x95, 0x93, 0x5e, 0x7a, 0xca, 0xa1, 0xa3, 0x6e, 0xba, 0xea, 0x61,
    0x0f, 0x1d, 0xb8, 0xeb, 0x86, 0xc3, 0x7e, 0x18, 0xed, 0x55, 0xdb, 0xce, 0x19, 0xee, 0x54, 0xeb,
    0x5e, 0x19, 0xef, 0x5a, 0xfb, 0xce, 0x2b, 0xf0, 0xac, 0x0b, 0x7f, 0x3b, 0xf1, 0xb2, 0x1b, 0xaf,
    0x16, 0xf2, 0xc9, 0xe3, 0x17, 0x10, 0x00, 0x3b
};

const lv_image_dsc_t gif_face_success_1 = {
    .header.magic = LV_IMAGE_HEADER_MAGIC,
    .header.cf = LV_COLOR_FORMAT_RAW,
    .header.w = 0,
    .header.h = 0,
    .data_size = 20152,
    .data = gif_face_success_1_data,
};
