#ifdef __has_include
    #if __has_include("lvgl.h")
        #ifndef LV_LVGL_H_INCLUDE_SIMPLE
            #define LV_LVGL_H_INCLUDE_SIMPLE
        #endif
    #endif
#endif

#if defined(LV_LVGL_H_INCLUDE_SIMPLE)
    #include "lvgl.h"
#else
    #include "lvgl/lvgl.h"
#endif

#ifndef LV_ATTRIBUTE_MEM_ALIGN
#define LV_ATTRIBUTE_MEM_ALIGN
#endif

#ifndef LV_ATTRIBUTE_IMAGE_ICON_WEATHER_BIG_SUNNY
#define LV_ATTRIBUTE_IMAGE_ICON_WEATHER_BIG_SUNNY
#endif

const LV_ATTRIBUTE_MEM_ALIGN LV_ATTRIBUTE_LARGE_CONST LV_ATTRIBUTE_IMAGE_ICON_WEATHER_BIG_SUNNY uint8_t icon_weather_big_sunny_map[] = {
    0x00, 0x00, 0x00, 0x00, 0x00, 0x00, 0x00, 0x00, 0x00, 0x00, 0x00, 0x00, 0x00, 0x00, 0x00, 0x00,
    0x00, 0x00, 0x00, 0x00, 0x00, 0x00, 0x00, 0x00, 0x00, 0x00, 0x00, 0x00, 0x00, 0x00, 0x00, 0x00,
    0x00, 0x00, 0x00, 0x00, 0x00, 0x00, 0x00, 0x00, 0x00, 0x00, 0x00, 0x00, 0x00, 0x00, 0x00, 0x00,
    0x00, 0x00, 0x00, 0x00, 0x00, 0x00, 0x00, 0x00, 0x00, 0x00, 0x00, 0x00, 0x00, 0x00, 0x00, 0x00,
    0x00, 0x00, 0x00, 0x00, 0x00, 0x00, 0x00, 0x00, 0x00, 0x00, 0x00, 0x00, 0x00, 0x00, 0x00, 0x00,
    0x00, 0x00, 0x00, 0x00, 0x00, 0x00, 0x00, 0x00, 0x00, 0x00, 0x00, 0x00, 0x00, 0x00, 0x00, 0x00,
    0x00, 0x00, 0x00, 0x00, 0x00, 0x00, 0x00, 0x00, 0x00, 0x00, 0x00, 0x00, 0x00, 0x00, 0x00, 0x00,
    0x00, 0x00, 0x00, 0x00, 0x00, 0x00, 0x00, 0x00, 0x00, 0x00, 0x00, 0x00, 0x00, 0x00, 0x00, 0x00,
    0x00, 0x00, 0x00, 0x00, 0x00, 0x00, 0x00, 0x00, 0x00, 0x00, 0x00, 0x00, 0x00, 0x00, 0x00, 0x00,
    0x00, 0x00, 0x00, 0x00, 0x00, 0x00, 0x00, 0x00, 0x00, 0x00, 0x00, 0x00, 0x00, 0x00, 0x00, 0x00,
    0x00, 0x00, 0x00, 0x00, 0x00, 0x00, 0x00, 0x00, 0x00, 0x00, 0x00, 0x00, 0x00, 0x00, 0x00, 0x00,
    0x00, 0x00, 0x00, 0x00, 0x00, 0x00, 0x00, 0x00, 0x00, 0x00, 0x00, 0x00, 0x00, 0x00, 0x00, 0x00,
    0x00, 0x00, 0x00, 0x00, 0x00, 0x00, 0x00, 0x00, 0x00, 0x00, 0x00, 0x00, 0x00, 0x00, 0x00, 0x00,
    0x00, 0x00, 0x00, 0x00, 0x00, 0x00, 0x00, 0x00, 0x00, 0x00, 0x00, 0x00, 0x00, 0x00, 0x00, 0x00,
    0x00, 0x00, 0x00, 0x00, 0x00, 0x00, 0x00, 0x00, 0x00, 0x00, 0x00, 0x00, 0x00, 0x00, 0x00, 0x00,
    0x00, 0x00, 0x00, 0x00, 0x00, 0x00, 0x00, 0x00, 0x00, 0x00, 0x00, 0x00, 0x00, 0x00, 0x00, 0x00,
    0x00, 0x00, 0x00, 0x00, 0x00, 0x00, 0x00, 0x00, 0x00, 0x00, 0x00, 0x00, 0x00, 0x00, 0x00, 0x00,
    0x00, 0x00, 0x00, 0x00, 0x00, 0x00, 0x00, 0x00, 0x00, 0x00, 0x00, 0x00, 0x00, 0x00, 0x00, 0x00,
    0x00, 0x00, 0x00, 0x00, 0x00, 0x00, 0x00, 0x00, 0x00, 0x00, 0x00, 0x00, 0x00, 0x00, 0x00, 0x00,
    0x00, 0x00, 0x00, 0x00, 0x00, 0x00, 0x00, 0x00, 0x00, 0x00, 0x00, 0x00, 0x00, 0x00, 0x00, 0x00,
    0x00, 0x00, 0x00, 0x00, 0x00, 0x00, 0x00, 0x00, 0x00, 0x00, 0x00, 0x00, 0x00, 0x00, 0x00, 0x00,
    0x00, 0x00, 0x00, 0x00, 0x00, 0x00, 0x00, 0x00, 0x00, 0x00, 0x00, 0x00, 0x00, 0x00, 0x00, 0x00,
    0x00, 0x00, 0x00, 0x00, 0x00, 0x00, 0x00, 0x00, 0x00, 0x00, 0x00, 0x00, 0x00, 0x00, 0x00, 0x00,
    0x00, 0x00, 0x00, 0x00, 0x00, 0x00, 0x00, 0x00, 0x00, 0x00, 0x00, 0x00, 0x00, 0x00, 0x00, 0x00,
    0x00, 0x00, 0x00, 0x00, 0x00, 0x00, 0x00, 0x00, 0x00, 0x00, 0x00, 0x00, 0x00, 0x00, 0x00, 0x00,
    0x00, 0x00, 0x00, 0x00, 0x00, 0x00, 0x00, 0x00, 0x00, 0x00, 0x00, 0x00, 0x00, 0x00, 0x00, 0x00,
    0x00, 0x00, 0x00, 0x00, 0x00, 0x00, 0x00, 0x00, 0x00, 0x00, 0x00, 0x00, 0x00, 0x00, 0x00, 0x00,
    0x00, 0x00, 0x00, 0x00, 0x00, 0x00, 0x00, 0x00, 0x00, 0x00, 0x00, 0x00, 0x00, 0x00, 0x00, 0x00,
    0x00, 0x00, 0x00, 0x00, 0x00, 0x00, 0x00, 0x00, 0x00, 0x00, 0x00, 0x00, 0x00, 0x00, 0x00, 0x00,
    0x00, 0x00, 0x00, 0x00, 0x00, 0x00, 0x00, 0x00, 0x00, 0x00, 0x00, 0x00, 0x00, 0x00, 0x00, 0x00,
    0x00, 0x00, 0x00, 0x00, 0x00, 0x00, 0x00, 0x00, 0x00, 0x00, 0x00, 0x00, 0x00, 0x00, 0x00, 0x00,
    0x00, 0x00, 0x00, 0x00, 0x00, 0x00, 0x00, 0x00, 0x00, 0x00, 0x00, 0x00, 0x00, 0x00, 0x00, 0x00,
    0x00, 0x00, 0x00, 0x00, 0x00, 0x00, 0x00, 0x00, 0x00, 0x00, 0x00, 0x00, 0x00, 0x00, 0x00, 0x00,
    0x00, 0x00, 0x00, 0x00, 0x00, 0x00, 0x00, 0x00, 0x00, 0x00, 0x00, 0x00, 0x00, 0x00, 0x00, 0x00,
    0x00, 0x00, 0x00, 0x00, 0x00, 0x00, 0x00, 0x00, 0x00, 0x00, 0x00, 0x00, 0x00, 0x00, 0x00, 0x00,
    0x00, 0x00, 0x00, 0x00, 0x00, 0x00, 0x00, 0x00, 0x00, 0x00, 0x00, 0x00, 0x00, 0x00, 0x00, 0x00,
    0x00, 0x00, 0x00, 0x00, 0x00, 0x00, 0x00, 0x00, 0x00, 0x00, 0x00, 0x00, 0x00, 0x00, 0x00, 0x00,
    0x00, 0x00, 0x00, 0x00, 0x00, 0x00, 0x00, 0x00, 0x00, 0x00, 0x00, 0x00, 0x00, 0x00, 0x00, 0x00,
    0x00, 0x00, 0x00, 0x00, 0x00, 0x00, 0x00, 0x00, 0x00, 0x00, 0x00, 0x00, 0x00, 0x00, 0x00, 0x00,
    0x00, 0x00, 0x00, 0x00, 0x00, 0x00, 0x00, 0x00, 0x00, 0x00, 0x00, 0x00, 0x00, 0x00, 0x00, 0x00,
    0x00, 0x00, 0x00, 0x00, 0x00, 0x00, 0x00, 0x00, 0x00, 0x00, 0x00, 0x00, 0x00, 0x00, 0x00, 0x00,
    0x00, 0x00, 0x00, 0x00, 0x00, 0x00, 0x00, 0x00, 0x00, 0x00, 0x00, 0x00, 0x00, 0x00, 0x00, 0x00,
    0x00, 0x00, 0x00, 0x00, 0x00, 0x00, 0x00, 0x00, 0x00, 0x00, 0x00, 0x00, 0x00, 0x00, 0x00, 0x00,
    0x00, 0x00, 0x00, 0x00, 0x00, 0x00, 0x00, 0x00, 0x00, 0x00, 0x00, 0x00, 0x00, 0x00, 0x00, 0x00,
    0x00, 0x00, 0x00, 0x00, 0x00, 0x00, 0x00, 0x00, 0x00, 0x00, 0x00, 0x00, 0x00, 0x00, 0x00, 0x00,
    0x00, 0x00, 0x00, 0x00, 0x00, 0x00, 0x00, 0x00, 0x00, 0x00, 0x00, 0x00, 0x00, 0x00, 0x00, 0x00,
    0x00, 0x00, 0x00, 0x00, 0x00, 0x00, 0x00, 0x00, 0x00, 0x00, 0x00, 0x00, 0x00, 0x00, 0x00, 0x00,
    0x00, 0x00, 0x00, 0x00, 0x00, 0x00, 0x00, 0x00, 0x00, 0x00, 0x00, 0x00, 0x00, 0x00, 0x00, 0x00,
    0x00, 0x00, 0x00, 0x00, 0x00, 0x00, 0x00, 0x00, 0x00, 0x00, 0x00, 0x00, 0x00, 0x00, 0x00, 0x00,
    0x00, 0x00, 0x00, 0x00, 0x00, 0x00, 0x00, 0x00, 0x00, 0x00, 0x00, 0x00, 0x00, 0x00, 0x00, 0x00,
    0x00, 0x00, 0x00, 0x00, 0x00, 0x00, 0x00, 0x00, 0x00, 0x00, 0x00, 0x00, 0x00, 0x00, 0x00, 0x00,
    0x00, 0x00, 0x00, 0x00, 0x00, 0x00, 0x00, 0x00, 0x00, 0x00, 0x00, 0x00, 0x00, 0x00, 0x00, 0x00,
    0x00, 0x00, 0x00, 0x00, 0x00, 0x00, 0x00, 0x00, 0x00, 0x00, 0x00, 0x00, 0x00, 0x00, 0x00, 0x00,
    0x00, 0x00, 0x00, 0x00, 0x00, 0x00, 0x00, 0x00, 0x00, 0x00, 0x00, 0x00, 0x00, 0x00, 0x00, 0x00,
    0x00, 0x00, 0x00, 0x00, 0x00, 0x00, 0x00, 0x00, 0x00, 0x00, 0x00, 0x00, 0x00, 0x00, 0x00, 0x00,
    0x00, 0x00, 0x00, 0x00, 0x00, 0x00, 0x00, 0x00, 0x00, 0x00, 0x00, 0x00, 0x00, 0x00, 0x00, 0x00,
    0x00, 0x00, 0x00, 0x00, 0x00, 0x00, 0x00, 0x00, 0x00, 0x00, 0x00, 0x00, 0x00, 0x00, 0x00, 0x00,
    0x00, 0x00, 0x00, 0x00, 0x00, 0x00, 0x00, 0x00, 0x00, 0x00, 0x00, 0x00, 0x00, 0x00, 0x00, 0x00,
    0x00, 0x00, 0x00, 0x00, 0x00, 0x00, 0x00, 0x00, 0x00, 0x00, 0x00, 0x00, 0x00, 0x00, 0x00, 0x00,
    0x00, 0x00, 0x00, 0x00, 0x00, 0x00, 0x00, 0x00, 0x00, 0x00, 0x00, 0x00, 0x00, 0x00, 0x00, 0x00,
    0x00, 0x00, 0x00, 0x00, 0x00, 0x00, 0x00, 0x00, 0x00, 0x00, 0x00, 0x00, 0x00, 0x00, 0x00, 0x00,
    0x00, 0x00, 0x00, 0x00, 0x00, 0x00, 0x00, 0x00, 0x00, 0x00, 0x00, 0x00, 0x00, 0x00, 0x00, 0x00,
    0x22, 0xed, 0xff, 0x01, 0x4d, 0xcb, 0xff, 0x03, 0x36, 0xe3, 0xff, 0x0c, 0x3c, 0xd8, 0xff, 0x04,
    0x22, 0xed, 0xff, 0x01, 0x00, 0x00, 0x00, 0x00, 0x00, 0x00, 0x00, 0x00, 0x00, 0x00, 0x00, 0x00,
    0x00, 0x00, 0x00, 0x00, 0x00, 0x00, 0x00, 0x00, 0x00, 0x00, 0x00, 0x00, 0x00, 0x00, 0x00, 0x00,
    0x00, 0x00, 0x00, 0x00, 0x00, 0x00, 0x00, 0x00, 0x00, 0x00, 0x00, 0x00, 0x00, 0x00, 0x00, 0x00,
    0x00, 0x00, 0x00, 0x00, 0x00, 0x00, 0x00, 0x00, 0x00, 0x00, 0x00, 0x00, 0x00, 0x00, 0x00, 0x00,
    0x00, 0x00, 0x00, 0x00, 0x00, 0x00, 0x00, 0x00, 0x00, 0x00, 0x00, 0x00, 0x00, 0x00, 0x00, 0x00,
    0x00, 0x00, 0x00, 0x00, 0x00, 0x00, 0x00, 0x00, 0x00, 0x00, 0x00, 0x00, 0x00, 0x00, 0x00, 0x00,
    0x00, 0x00, 0x00, 0x00, 0x00, 0x00, 0x00, 0x00, 0x00, 0x00, 0x00, 0x00, 0x00, 0x00, 0x00, 0x00,
    0x00, 0x00, 0x00, 0x00, 0x00, 0x00, 0x00, 0x00, 0x00, 0x00, 0x00, 0x00, 0x00, 0x00, 0x00, 0x00,
    0x00, 0x00, 0x00, 0x00, 0x00, 0x00, 0x00, 0x00, 0x00, 0x00, 0x00, 0x00, 0x00, 0x00, 0x00, 0x00,
    0x00, 0x00, 0x00, 0x00, 0x00, 0x00, 0x00, 0x00, 0x00, 0x00, 0x00, 0x00, 0x00, 0x00, 0x00, 0x00,
    0x00, 0x00, 0x00, 0x00, 0x00, 0x00, 0x00, 0x00, 0x00, 0x00, 0x00, 0x00, 0x00, 0x00, 0x00, 0x00,
    0x00, 0x00, 0x00, 0x00, 0x00, 0x00, 0x00, 0x00, 0x00, 0x00, 0x00, 0x00, 0x00, 0x00, 0x00, 0x00,
    0x00, 0x00, 0x00, 0x00, 0x00, 0x00, 0x00, 0x00, 0x00, 0x00, 0x00, 0x00, 0x00, 0x00, 0x00, 0x00,
    0x00, 0x00, 0x00, 0x00, 0x00, 0x00, 0x00, 0x00, 0x00, 0x00, 0x00, 0x00, 0x00, 0x00, 0x00, 0x00,
    0x00, 0x00, 0x00, 0x00, 0x00, 0x00, 0x00, 0x00, 0x00, 0x00, 0x00, 0x00, 0x00, 0x00, 0x00, 0x00,
    0x00, 0x00, 0x00, 0x00, 0x00, 0x00, 0x00, 0x00, 0x00, 0x00, 0x00, 0x00, 0x00, 0x00, 0x00, 0x00,
    0x00, 0x00, 0x00, 0x00, 0x00, 0x00, 0x00, 0x00, 0x00, 0x00, 0x00, 0x00, 0x00, 0x00, 0x00, 0x00,
    0x00, 0x00, 0x00, 0x00, 0x00, 0x00, 0x00, 0x00, 0x00, 0x00, 0x00, 0x00, 0x00, 0x00, 0x00, 0x00,
    0x00, 0x00, 0x00, 0x00, 0x00, 0x00, 0x00, 0x00, 0x00, 0x00, 0x00, 0x00, 0x00, 0x00, 0x00, 0x00,
    0x00, 0x00, 0x00, 0x00, 0x00, 0x00, 0x00, 0x00, 0x00, 0x00, 0x00, 0x00, 0x00, 0x00, 0x00, 0x00,
    0x00, 0x00, 0x00, 0x00, 0x00, 0x00, 0x00, 0x00, 0x00, 0x00, 0x00, 0x00, 0x00, 0x00, 0x00, 0x00,
    0x00, 0x00, 0x00, 0x00, 0x00, 0x00, 0x00, 0x00, 0x00, 0x00, 0x00, 0x00, 0x00, 0x00, 0x00, 0x00,
    0x00, 0x00, 0x00, 0x00, 0x00, 0x00, 0x00, 0x00, 0x00, 0x00, 0x00, 0x00, 0x00, 0x00, 0x00, 0x00,
    0x00, 0x00, 0x00, 0x00, 0x00, 0x00, 0x00, 0x00, 0x00, 0x00, 0x00, 0x00, 0x3c, 0xd8, 0xff, 0x04,
    0x33, 0xdb, 0xff, 0x2e, 0x31, 0xda, 0xff, 0x62, 0x32, 0xda, 0xff, 0x82, 0x32, 0xda, 0xff, 0x70,
    0x33, 0xda, 0xff, 0x3f, 0x34, 0xda, 0xff, 0x0a, 0x22, 0xed, 0xff, 0x01, 0x00, 0x00, 0x00, 0x00,
    0x00, 0x00, 0x00, 0x00, 0x00, 0x00, 0x00, 0x00, 0x00, 0x00, 0x00, 0x00, 0x00, 0x00, 0x00, 0x00,
    0x00, 0x00, 0x00, 0x00, 0x00, 0x00, 0x00, 0x00, 0x00, 0x00, 0x00, 0x00, 0x00, 0x00, 0x00, 0x00,
    0x00, 0x00, 0x00, 0x00, 0x00, 0x00, 0x00, 0x00, 0x00, 0x00, 0x00, 0x00, 0x00, 0x00, 0x00, 0x00,
    0x00, 0x00, 0x00, 0x00, 0x00, 0x00, 0x00, 0x00, 0x00, 0x00, 0x00, 0x00, 0x00, 0x00, 0x00, 0x00,
    0x00, 0x00, 0x00, 0x00, 0x00, 0x00, 0x00, 0x00, 0x00, 0x00, 0x00, 0x00, 0x00, 0x00, 0x00, 0x00,
    0x00, 0x00, 0x00, 0x00, 0x00, 0x00, 0x00, 0x00, 0x00, 0x00, 0x00, 0x00, 0x00, 0x00, 0x00, 0x00,
    0x00, 0x00, 0x00, 0x00, 0x00, 0x00, 0x00, 0x00, 0x00, 0x00, 0x00, 0x00, 0x00, 0x00, 0x00, 0x00,
    0x00, 0x00, 0x00, 0x00, 0x00, 0x00, 0x00, 0x00, 0x00, 0x00, 0x00, 0x00, 0x00, 0x00, 0x00, 0x00,
    0x00, 0x00, 0x00, 0x00, 0x00, 0x00, 0x00, 0x00, 0x00, 0x00, 0x00, 0x00, 0x00, 0x00, 0x00, 0x00,
    0x00, 0x00, 0x00, 0x00, 0x00, 0x00, 0x00, 0x00, 0x00, 0x00, 0x00, 0x00, 0x00, 0x00, 0x00, 0x00,
    0x00, 0x00, 0x00, 0x00, 0x00, 0x00, 0x00, 0x00, 0x00, 0x00, 0x00, 0x00, 0x00, 0x00, 0x00, 0x00,
    0x00, 0x00, 0x00, 0x00, 0x00, 0x00, 0x00, 0x00, 0x00, 0x00, 0x00, 0x00, 0x00, 0x00, 0x00, 0x00,
    0x00, 0x00, 0x00, 0x00, 0x00, 0x00, 0x00, 0x00, 0x00, 0x00, 0x00, 0x00, 0x00, 0x00, 0x00, 0x00,
    0x00, 0x00, 0x00, 0x00, 0x00, 0x00, 0x00, 0x00, 0x00, 0x00, 0x00, 0x00, 0x00, 0x00, 0x00, 0x00,
    0x00, 0x00, 0x00, 0x00, 0x00, 0x00, 0x00, 0x00, 0x00, 0x00, 0x00, 0x00, 0x00, 0x00, 0x00, 0x00,
    0x00, 0x00, 0x00, 0x00, 0x00, 0x00, 0x00, 0x00, 0x00, 0x00, 0x00, 0x00, 0x00, 0x00, 0x00, 0x00,
    0x00, 0x00, 0x00, 0x00, 0x00, 0x00, 0x00, 0x00, 0x00, 0x00, 0x00, 0x00, 0x00, 0x00, 0x00, 0x00,
    0x00, 0x00, 0x00, 0x00, 0x00, 0x00, 0x00, 0x00, 0x00, 0x00, 0x00, 0x00, 0x00, 0x00, 0x00, 0x00,
    0x00, 0x00, 0x00, 0x00, 0x00, 0x00, 0x00, 0x00, 0x00, 0x00, 0x00, 0x00, 0x00, 0x00, 0x00, 0x00,
    0x00, 0x00, 0x00, 0x00, 0x00, 0x00, 0x00, 0x00, 0x00, 0x00, 0x00, 0x00, 0x00, 0x00, 0x00, 0x00,
    0x00, 0x00, 0x00, 0x00, 0x00, 0x00, 0x00, 0x00, 0x00, 0x00, 0x00, 0x00, 0x00, 0x00, 0x00, 0x00,
    0x00, 0x00, 0x00, 0x00, 0x00, 0x00, 0x00, 0x00, 0x00, 0x00, 0x00, 0x00, 0x00, 0x00, 0x00, 0x00,
    0x00, 0x00, 0x00, 0x00, 0x00, 0x00, 0x00, 0x00, 0x22, 0xed, 0xff, 0x01, 0x33, 0xdb, 0xff, 0x43,
    0x32, 0xd9, 0xff, 0xab, 0x32, 0xd9, 0xff, 0xf1, 0x32, 0xd9, 0xff, 0xfb, 0x32, 0xd9, 0xff, 0xf5,
    0x32, 0xd9, 0xff, 0xc9, 0x31, 0xda, 0xff, 0x62, 0x36, 0xe3, 0xff, 0x0c, 0x00, 0x00, 0x00, 0x00,
    0x00, 0x00, 0x00, 0x00, 0x00, 0x00, 0x00, 0x00, 0x00, 0x00, 0x00, 0x00, 0x00, 0x00, 0x00, 0x00,
    0x00, 0x00, 0x00, 0x00, 0x00, 0x00, 0x00, 0x00, 0x00, 0x00, 0x00, 0x00, 0x00, 0x00, 0x00, 0x00,
    0x00, 0x00, 0x00, 0x00, 0x00, 0x00, 0x00, 0x00, 0x00, 0x00, 0x00, 0x00, 0x00, 0x00, 0x00, 0x00,
    0x00, 0x00, 0x00, 0x00, 0x00, 0x00, 0x00, 0x00, 0x00, 0x00, 0x00, 0x00, 0x00, 0x00, 0x00, 0x00,
    0x00, 0x00, 0x00, 0x00, 0x00, 0x00, 0x00, 0x00, 0x00, 0x00, 0x00, 0x00, 0x00, 0x00, 0x00, 0x00,
    0x00, 0x00, 0x00, 0x00, 0x00, 0x00, 0x00, 0x00, 0x00, 0x00, 0x00, 0x00, 0x00, 0x00, 0x00, 0x00,
    0x00, 0x00, 0x00, 0x00, 0x00, 0x00, 0x00, 0x00, 0x00, 0x00, 0x00, 0x00, 0x00, 0x00, 0x00, 0x00,
    0x00, 0x00, 0x00, 0x00, 0x00, 0x00, 0x00, 0x00, 0x00, 0x00, 0x00, 0x00, 0x00, 0x00, 0x00, 0x00,
    0x00, 0x00, 0x00, 0x00, 0x00, 0x00, 0x00, 0x00, 0x00, 0x00, 0x00, 0x00, 0x00, 0x00, 0x00, 0x00,
    0x00, 0x00, 0x00, 0x00, 0x00, 0x00, 0x00, 0x00, 0x00, 0x00, 0x00, 0x00, 0x00, 0x00, 0x00, 0x00,
    0x00, 0x00, 0x00, 0x00, 0x00, 0x00, 0x00, 0x00, 0x00, 0x00, 0x00, 0x00, 0x00, 0x00, 0x00, 0x00,
    0x00, 0x00, 0x00, 0x00, 0x00, 0x00, 0x00, 0x00, 0x00, 0x00, 0x00, 0x00, 0x00, 0x00, 0x00, 0x00,
    0x00, 0x00, 0x00, 0x00, 0x00, 0x00, 0x00, 0x00, 0x00, 0x00, 0x00, 0x00, 0x00, 0x00, 0x00, 0x00,
    0x00, 0x00, 0x00, 0x00, 0x00, 0x00, 0x00, 0x00, 0x00, 0x00, 0x00, 0x00, 0x00, 0x00, 0x00, 0x00,
    0x00, 0x00, 0x00, 0x00, 0x00, 0x00, 0x00, 0x00, 0x00, 0x00, 0x00, 0x00, 0x00, 0x00, 0x00, 0x00,
    0x00, 0x00, 0x00, 0x00, 0x00, 0x00, 0x00, 0x00, 0x00, 0x00, 0x00, 0x00, 0x00, 0x00, 0x00, 0x00,
    0x00, 0x00, 0x00, 0x00, 0x00, 0x00, 0x00, 0x00, 0x00, 0x00, 0x00, 0x00, 0x00, 0x00, 0x00, 0x00,
    0x00, 0x00, 0x00, 0x00, 0x00, 0x00, 0x00, 0x00, 0x00, 0x00, 0x00, 0x00, 0x00, 0x00, 0x00, 0x00,
    0x00, 0x00, 0x00, 0x00, 0x00, 0x00, 0x00, 0x00, 0x00, 0x00, 0x00, 0x00, 0x00, 0x00, 0x00, 0x00,
    0x00, 0x00, 0x00, 0x00, 0x00, 0x00, 0x00, 0x00, 0x00, 0x00, 0x00, 0x00, 0x00, 0x00, 0x00, 0x00,
    0x00, 0x00, 0x00, 0x00, 0x00, 0x00, 0x00, 0x00, 0x00, 0x00, 0x00, 0x00, 0x00, 0x00, 0x00, 0x00,
    0x00, 0x00, 0x00, 0x00, 0x00, 0x00, 0x00, 0x00, 0x00, 0x00, 0x00, 0x00, 0x00, 0x00, 0x00, 0x00,
    0x00, 0x00, 0x00, 0x00, 0x00, 0x00, 0x00, 0x00, 0x33, 0xdb, 0xff, 0x0e, 0x32, 0xda, 0xff, 0x98,
    0x32, 0xd9, 0xff, 0xf1, 0x32, 0xd9, 0xff, 0xff, 0x32, 0xd9, 0xff, 0xff, 0x32, 0xd9, 0xff, 0xff,
    0x32, 0xd9, 0xff, 0xfb, 0x32, 0xd9, 0xff, 0xb9, 0x33, 0xdb, 0xff, 0x2e, 0x00, 0x00, 0x00, 0x00,
    0x00, 0x00, 0x00, 0x00, 0x00, 0x00, 0x00, 0x00, 0x00, 0x00, 0x00, 0x00, 0x00, 0x00, 0x00, 0x00,
    0x00, 0x00, 0x00, 0x00, 0x00, 0x00, 0x00, 0x00, 0x00, 0x00, 0x00, 0x00, 0x00, 0x00, 0x00, 0x00,
    0x00, 0x00, 0x00, 0x00, 0x00, 0x00, 0x00, 0x00, 0x00, 0x00, 0x00, 0x00, 0x00, 0x00, 0x00, 0x00,
    0x00, 0x00, 0x00, 0x00, 0x00, 0x00, 0x00, 0x00, 0x00, 0x00, 0x00, 0x00, 0x00, 0x00, 0x00, 0x00,
    0x00, 0x00, 0x00, 0x00, 0x00, 0x00, 0x00, 0x00, 0x00, 0x00, 0x00, 0x00, 0x00, 0x00, 0x00, 0x00,
    0x00, 0x00, 0x00, 0x00, 0x00, 0x00, 0x00, 0x00, 0x00, 0x00, 0x00, 0x00, 0x00, 0x00, 0x00, 0x00,
    0x00, 0x00, 0x00, 0x00, 0x00, 0x00, 0x00, 0x00, 0x00, 0x00, 0x00, 0x00, 0x00, 0x00, 0x00, 0x00,
    0x00, 0x00, 0x00, 0x00, 0x00, 0x00, 0x00, 0x00, 0x00, 0x00, 0x00, 0x00, 0x00, 0x00, 0x00, 0x00,
    0x00, 0x00, 0x00, 0x00, 0x00, 0x00, 0x00, 0x00, 0x00, 0x00, 0x00, 0x00, 0x00, 0x00, 0x00, 0x00,
    0x00, 0x00, 0x00, 0x00, 0x00, 0x00, 0x00, 0x00, 0x00, 0x00, 0x00, 0x00, 0x00, 0x00, 0x00, 0x00,
    0x00, 0x00, 0x00, 0x00, 0x00, 0x00, 0x00, 0x00, 0x00, 0x00, 0x00, 0x00, 0x00, 0x00, 0x00, 0x00,
    0x00, 0x00, 0x00, 0x00, 0x00, 0x00, 0x00, 0x00, 0x00, 0x00, 0x00, 0x00, 0x00, 0x00, 0x00, 0x00,
    0x00, 0x00, 0x00, 0x00, 0x00, 0x00, 0x00, 0x00, 0x00, 0x00, 0x00, 0x00, 0x00, 0x00, 0x00, 0x00,
    0x00, 0x00, 0x00, 0x00, 0x00, 0x00, 0x00, 0x00, 0x00, 0x00, 0x00, 0x00, 0x00, 0x00, 0x00, 0x00,
    0x00, 0x00, 0x00, 0x00, 0x00, 0x00, 0x00, 0x00, 0x00, 0x00, 0x00, 0x00, 0x00, 0x00, 0x00, 0x00,
    0x00, 0x00, 0x00, 0x00, 0x00, 0x00, 0x00, 0x00, 0x00, 0x00, 0x00, 0x00, 0x00, 0x00, 0x00, 0x00,
    0x00, 0x00, 0x00, 0x00, 0x00, 0x00, 0x00, 0x00, 0x00, 0x00, 0x00, 0x00, 0x00, 0x00, 0x00, 0x00,
    0x00, 0x00, 0x00, 0x00, 0x00, 0x00, 0x00, 0x00, 0x00, 0x00, 0x00, 0x00, 0x00, 0x00, 0x00, 0x00,
    0x00, 0x00, 0x00, 0x00, 0x00, 0x00, 0x00, 0x00, 0x00, 0x00, 0x00, 0x00, 0x00, 0x00, 0x00, 0x00,
    0x00, 0x00, 0x00, 0x00, 0x00, 0x00, 0x00, 0x00, 0x00, 0x00, 0x00, 0x00, 0x00, 0x00, 0x00, 0x00,
    0x00, 0x00, 0x00, 0x00, 0x00, 0x00, 0x00, 0x00, 0x00, 0x00, 0x00, 0x00, 0x00, 0x00, 0x00, 0x00,
    0x00, 0x00, 0x00, 0x00, 0x00, 0x00, 0x00, 0x00, 0x00, 0x00, 0x00, 0x00, 0x00, 0x00, 0x00, 0x00,
    0x00, 0x00, 0x00, 0x00, 0x50, 0xe0, 0xff, 0x02, 0x33, 0xda, 0xff, 0x33, 0x32, 0xd9, 0xff, 0xc9,
    0x32, 0xd9, 0xff, 0xff, 0x32, 0xd9, 0xff, 0xff, 0x32, 0xd9, 0xff, 0xff, 0x32, 0xd9, 0xff, 0xff,
    0x32, 0xd9, 0xff, 0xff, 0x32, 0xda, 0xff, 0xea, 0x32, 0xda, 0xff, 0x5b, 0x00, 0x00, 0x00, 0x00,
    0x00, 0x00, 0x00, 0x00, 0x00, 0x00, 0x00, 0x00, 0x00, 0x00, 0x00, 0x00, 0x00, 0x00, 0x00, 0x00,
    0x00, 0x00, 0x00, 0x00, 0x00, 0x00, 0x00, 0x00, 0x00, 0x00, 0x00, 0x00, 0x00, 0x00, 0x00, 0x00,
    0x00, 0x00, 0x00, 0x00, 0x00, 0x00, 0x00, 0x00, 0x00, 0x00, 0x00, 0x00, 0x00, 0x00, 0x00, 0x00,
    0x00, 0x00, 0x00, 0x00, 0x00, 0x00, 0x00, 0x00, 0x00, 0x00, 0x00, 0x00, 0x00, 0x00, 0x00, 0x00,
    0x00, 0x00, 0x00, 0x00, 0x00, 0x00, 0x00, 0x00, 0x00, 0x00, 0x00, 0x00, 0x00, 0x00, 0x00, 0x00,
    0x00, 0x00, 0x00, 0x00, 0x00, 0x00, 0x00, 0x00, 0x00, 0x00, 0x00, 0x00, 0x00, 0x00, 0x00, 0x00,
    0x00, 0x00, 0x00, 0x00, 0x00, 0x00, 0x00, 0x00, 0x00, 0x00, 0x00, 0x00, 0x00, 0x00, 0x00, 0x00,
    0x00, 0x00, 0x00, 0x00, 0x00, 0x00, 0x00, 0x00, 0x00, 0x00, 0x00, 0x00, 0x00, 0x00, 0x00, 0x00,
    0x00, 0x00, 0x00, 0x00, 0x00, 0x00, 0x00, 0x00, 0x00, 0x00, 0x00, 0x00, 0x00, 0x00, 0x00, 0x00,
    0x00, 0x00, 0x00, 0x00, 0x00, 0x00, 0x00, 0x00, 0x00, 0x00, 0x00, 0x00, 0x00, 0x00, 0x00, 0x00,
    0x00, 0x00, 0x00, 0x00, 0x00, 0x00, 0x00, 0x00, 0x00, 0x00, 0x00, 0x00, 0x00, 0x00, 0x00, 0x00,
    0x00, 0x00, 0x00, 0x00, 0x00, 0x00, 0x00, 0x00, 0x00, 0x00, 0x00, 0x00, 0x00, 0x00, 0x00, 0x00,
    0x00, 0x00, 0x00, 0x00, 0x00, 0x00, 0x00, 0x00, 0x00, 0x00, 0x00, 0x00, 0x00, 0x00, 0x00, 0x00,
    0x00, 0x00, 0x00, 0x00, 0x00, 0x00, 0x00, 0x00, 0x00, 0x00, 0x00, 0x00, 0x00, 0x00, 0x00, 0x00,
    0x00, 0x00, 0x00, 0x00, 0x00, 0x00, 0x00, 0x00, 0x00, 0x00, 0x00, 0x00, 0x00, 0x00, 0x00, 0x00,
    0x00, 0x00, 0x00, 0x00, 0x00, 0x00, 0x00, 0x00, 0x00, 0x00, 0x00, 0x00, 0x00, 0x00, 0x00, 0x00,
    0x00, 0x00, 0x00, 0x00, 0x00, 0x00, 0x00, 0x00, 0x00, 0x00, 0x00, 0x00, 0x00, 0x00, 0x00, 0x00,
    0x00, 0x00, 0x00, 0x00, 0x00, 0x00, 0x00, 0x00, 0x00, 0x00, 0x00, 0x00, 0x00, 0x00, 0x00, 0x00,
    0x00, 0x00, 0x00, 0x00, 0x00, 0x00, 0x00, 0x00, 0x00, 0x00, 0x00, 0x00, 0x00, 0x00, 0x00, 0x00,
    0x00, 0x00, 0x00, 0x00, 0x00, 0x00, 0x00, 0x00, 0x00, 0x00, 0x00, 0x00, 0x00, 0x00, 0x00, 0x00,
    0x00, 0x00, 0x00, 0x00, 0x00, 0x00, 0x00, 0x00, 0x00, 0x00, 0x00, 0x00, 0x00, 0x00, 0x00, 0x00,
    0x00, 0x00, 0x00, 0x00, 0x00, 0x00, 0x00, 0x00, 0x00, 0x00, 0x00, 0x00, 0x00, 0x00, 0x00, 0x00,
    0x00, 0x00, 0x00, 0x00, 0x4d, 0xcb, 0xff, 0x03, 0x32, 0xda, 0xff, 0x4b, 0x31, 0xda, 0xff, 0xd7,
    0x32, 0xd9, 0xff, 0xff, 0x32, 0xd9, 0xff, 0xff, 0x32, 0xd9, 0xff, 0xff, 0x32, 0xd9, 0xff, 0xff,
    0x32, 0xd9, 0xff, 0xff, 0x32, 0xda, 0xff, 0xf8, 0x32, 0xd9, 0xff, 0x6a, 0x00, 0x00, 0x00, 0x00,
    0x00, 0x00, 0x00, 0x00, 0x00, 0x00, 0x00, 0x00, 0x00, 0x00, 0x00, 0x00, 0x00, 0x00, 0x00, 0x00,
    0x00, 0x00, 0x00, 0x00, 0x00, 0x00, 0x00, 0x00, 0x00, 0x00, 0x00, 0x00, 0x00, 0x00, 0x00, 0x00,
    0x00, 0x00, 0x00, 0x00, 0x00, 0x00, 0x00, 0x00, 0x00, 0x00, 0x00, 0x00, 0x00, 0x00, 0x00, 0x00,
    0x00, 0x00, 0x00, 0x00, 0x00, 0x00, 0x00, 0x00, 0x00, 0x00, 0x00, 0x00, 0x00, 0x00, 0x00, 0x00,
    0x00, 0x00, 0x00, 0x00, 0x00, 0x00, 0x00, 0x00, 0x00, 0x00, 0x00, 0x00, 0x00, 0x00, 0x00, 0x00,
    0x00, 0x00, 0x00, 0x00, 0x00, 0x00, 0x00, 0x00, 0x00, 0x00, 0x00, 0x00, 0x00, 0x00, 0x00, 0x00,
    0x00, 0x00, 0x00, 0x00, 0x00, 0x00, 0x00, 0x00, 0x00, 0x00, 0x00, 0x00, 0x00, 0x00, 0x00, 0x00,
    0x00, 0x00, 0x00, 0x00, 0x00, 0x00, 0x00, 0x00, 0x00, 0x00, 0x00, 0x00, 0x00, 0x00, 0x00, 0x00,
    0x00, 0x00, 0x00, 0x00, 0x00, 0x00, 0x00, 0x00, 0x00, 0x00, 0x00, 0x00, 0x00, 0x00, 0x00, 0x00,
    0x00, 0x00, 0x00, 0x00, 0x00, 0x00, 0x00, 0x00, 0x00, 0x00, 0x00, 0x00, 0x00, 0x00, 0x00, 0x00,
    0x00, 0x00, 0x00, 0x00, 0x00, 0x00, 0x00, 0x00, 0x00, 0x00, 0x00, 0x00, 0x00, 0x00, 0x00, 0x00,
    0x00, 0x00, 0x00, 0x00, 0x00, 0x00, 0x00, 0x00, 0x00, 0x00, 0x00, 0x00, 0x00, 0x00, 0x00, 0x00,
    0x00, 0x00, 0x00, 0x00, 0x00, 0x00, 0x00, 0x00, 0x00, 0x00, 0x00, 0x00, 0x00, 0x00, 0x00, 0x00,
    0x00, 0x00, 0x00, 0x00, 0x00, 0x00, 0x00, 0x00, 0x00, 0x00, 0x00, 0x00, 0x00, 0x00, 0x00, 0x00,
    0x00, 0x00, 0x00, 0x00, 0x00, 0x00, 0x00, 0x00, 0x00, 0x00, 0x00, 0x00, 0x00, 0x00, 0x00, 0x00,
    0x00, 0x00, 0x00, 0x00, 0x00, 0x00, 0x00, 0x00, 0x00, 0x00, 0x00, 0x00, 0x00, 0x00, 0x00, 0x00,
    0x00, 0x00, 0x00, 0x00, 0x00, 0x00, 0x00, 0x00, 0x00, 0x00, 0x00, 0x00, 0x00, 0x00, 0x00, 0x00,
    0x00, 0x00, 0x00, 0x00, 0x00, 0x00, 0x00, 0x00, 0x00, 0x00, 0x00, 0x00, 0x00, 0x00, 0x00, 0x00,
    0x00, 0x00, 0x00, 0x00, 0x00, 0x00, 0x00, 0x00, 0x00, 0x00, 0x00, 0x00, 0x00, 0x00, 0x00, 0x00,
    0x00, 0x00, 0x00, 0x00, 0x00, 0x00, 0x00, 0x00, 0x00, 0x00, 0x00, 0x00, 0x00, 0x00, 0x00, 0x00,
    0x00, 0x00, 0x00, 0x00, 0x00, 0x00, 0x00, 0x00, 0x00, 0x00, 0x00, 0x00, 0x00, 0x00, 0x00, 0x00,
    0x00, 0x00, 0x00, 0x00, 0x00, 0x00, 0x00, 0x00, 0x00, 0x00, 0x00, 0x00, 0x00, 0x00, 0x00, 0x00,
    0x00, 0x00, 0x00, 0x00, 0x4d, 0xcb, 0xff, 0x03, 0x32, 0xda, 0xff, 0x4e, 0x32, 0xd9, 0xff, 0xda,
    0x32, 0xd9, 0xff, 0xff, 0x32, 0xd9, 0xff, 0xff, 0x32, 0xd9, 0xff, 0xff, 0x32, 0xd9, 0xff, 0xff,
    0x32, 0xd9, 0xff, 0xff, 0x32, 0xd9, 0xff, 0xfe, 0x32, 0xda, 0xff, 0x70, 0x00, 0x00, 0x00, 0x00,
    0x00, 0x00, 0x00, 0x00, 0x00, 0x00, 0x00, 0x00, 0x00, 0x00, 0x00, 0x00, 0x00, 0x00, 0x00, 0x00,
    0x00, 0x00, 0x00, 0x00, 0x00, 0x00, 0x00, 0x00, 0x00, 0x00, 0x00, 0x00, 0x00, 0x00, 0x00, 0x00,
    0x00, 0x00, 0x00, 0x00, 0x00, 0x00, 0x00, 0x00, 0x00, 0x00, 0x00, 0x00, 0x00, 0x00, 0x00, 0x00,
    0x00, 0x00, 0x00, 0x00, 0x00, 0x00, 0x00, 0x00, 0x00, 0x00, 0x00, 0x00, 0x00, 0x00, 0x00, 0x00,
    0x00, 0x00, 0x00, 0x00, 0x00, 0x00, 0x00, 0x00, 0x00, 0x00, 0x00, 0x00, 0x00, 0x00, 0x00, 0x00,
    0x00, 0x00, 0x00, 0x00, 0x00, 0x00, 0x00, 0x00, 0x00, 0x00, 0x00, 0x00, 0x00, 0x00, 0x00, 0x00,
    0x00, 0x00, 0x00, 0x00, 0x00, 0x00, 0x00, 0x00, 0x00, 0x00, 0x00, 0x00, 0x00, 0x00, 0x00, 0x00,
    0x00, 0x00, 0x00, 0x00, 0x00, 0x00, 0x00, 0x00, 0x00, 0x00, 0x00, 0x00, 0x00, 0x00, 0x00, 0x00,
    0x00, 0x00, 0x00, 0x00, 0x00, 0x00, 0x00, 0x00, 0x00, 0x00, 0x00, 0x00, 0x00, 0x00, 0x00, 0x00,
    0x00, 0x00, 0x00, 0x00, 0x00, 0x00, 0x00, 0x00, 0x00, 0x00, 0x00, 0x00, 0x00, 0x00, 0x00, 0x00,
    0x00, 0x00, 0x00, 0x00, 0x00, 0x00, 0x00, 0x00, 0x00, 0x00, 0x00, 0x00, 0x00, 0x00, 0x00, 0x00,
    0x00, 0x00, 0x00, 0x00, 0x00, 0x00, 0x00, 0x00, 0x00, 0x00, 0x00, 0x00, 0x00, 0x00, 0x00, 0x00,
    0x00, 0x00, 0x00, 0x00, 0x00, 0x00, 0x00, 0x00, 0x00, 0x00, 0x00, 0x00, 0x00, 0x00, 0x00, 0x00,
    0x00, 0x00, 0x00, 0x00, 0x00, 0x00, 0x00, 0x00, 0x00, 0x00, 0x00, 0x00, 0x00, 0x00, 0x00, 0x00,
    0x00, 0x00, 0x00, 0x00, 0x00, 0x00, 0x00, 0x00, 0x00, 0x00, 0x00, 0x00, 0x00, 0x00, 0x00, 0x00,
    0x00, 0x00, 0x00, 0x00, 0x00, 0x00, 0x00, 0x00, 0x00, 0x00, 0x00, 0x00, 0x00, 0x00, 0x00, 0x00,
    0x00, 0x00, 0x00, 0x00, 0x00, 0x00, 0x00, 0x00, 0x00, 0x00, 0x00, 0x00, 0x00, 0x00, 0x00, 0x00,
    0x00, 0x00, 0x00, 0x00, 0x00, 0x00, 0x00, 0x00, 0x00, 0x00, 0x00, 0x00, 0x00, 0x00, 0x00, 0x00,
    0x00, 0x00, 0x00, 0x00, 0x00, 0x00, 0x00, 0x00, 0x00, 0x00, 0x00, 0x00, 0x00, 0x00, 0x00, 0x00,
    0x00, 0x00, 0x00, 0x00, 0x00, 0x00, 0x00, 0x00, 0x00, 0x00, 0x00, 0x00, 0x00, 0x00, 0x00, 0x00,
    0x00, 0x00, 0x00, 0x00, 0x00, 0x00, 0x00, 0x00, 0x00, 0x00, 0x00, 0x00, 0x00, 0x00, 0x00, 0x00,
    0x00, 0x00, 0x00, 0x00, 0x00, 0x00, 0x00, 0x00, 0x00, 0x00, 0x00, 0x00, 0x00, 0x00, 0x00, 0x00,
    0x00, 0x00, 0x00, 0x00, 0x4d, 0xcb, 0xff, 0x03, 0x32, 0xda, 0xff, 0x4e, 0x32, 0xd9, 0xff, 0xda,
    0x32, 0xd9, 0xff, 0xff, 0x32, 0xd9, 0xff, 0xff, 0x32, 0xd9, 0xff, 0xff, 0x32, 0xd9, 0xff, 0xff,
    0x32, 0xd9, 0xff, 0xff, 0x32, 0xd9, 0xff, 0xfe, 0x32, 0xda, 0xff, 0x70, 0x00, 0x00, 0x00, 0x00,
    0x00, 0x00, 0x00, 0x00, 0x00, 0x00, 0x00, 0x00, 0x00, 0x00, 0x00, 0x00, 0x00, 0x00, 0x00, 0x00,
    0x00, 0x00, 0x00, 0x00, 0x00, 0x00, 0x00, 0x00, 0x00, 0x00, 0x00, 0x00, 0x00, 0x00, 0x00, 0x00,
    0x00, 0x00, 0x00, 0x00, 0x00, 0x00, 0x00, 0x00, 0x00, 0x00, 0x00, 0x00, 0x00, 0x00, 0x00, 0x00,
    0x00, 0x00, 0x00, 0x00, 0x00, 0x00, 0x00, 0x00, 0x00, 0x00, 0x00, 0x00, 0x00, 0x00, 0x00, 0x00,
    0x00, 0x00, 0x00, 0x00, 0x00, 0x00, 0x00, 0x00, 0x00, 0x00, 0x00, 0x00, 0x00, 0x00, 0x00, 0x00,
    0x00, 0x00, 0x00, 0x00, 0x00, 0x00, 0x00, 0x00, 0x00, 0x00, 0x00, 0x00, 0x00, 0x00, 0x00, 0x00,
    0x00, 0x00, 0x00, 0x00, 0x00, 0x00, 0x00, 0x00, 0x00, 0x00, 0x00, 0x00, 0x00, 0x00, 0x00, 0x00,
    0x00, 0x00, 0x00, 0x00, 0x00, 0x00, 0x00, 0x00, 0x00, 0x00, 0x00, 0x00, 0x00, 0x00, 0x00, 0x00,
    0x00, 0x00, 0x00, 0x00, 0x00, 0x00, 0x00, 0x00, 0x00, 0x00, 0x00, 0x00, 0x00, 0x00, 0x00, 0x00,
    0x00, 0x00, 0x00, 0x00, 0x00, 0x00, 0x00, 0x00, 0x00, 0x00, 0x00, 0x00, 0x00, 0x00, 0x00, 0x00,
    0x00, 0x00, 0x00, 0x00, 0x00, 0x00, 0x00, 0x00, 0x00, 0x00, 0x00, 0x00, 0x00, 0x00, 0x00, 0x00,
    0x00, 0x00, 0x00, 0x00, 0x00, 0x00, 0x00, 0x00, 0x00, 0x00, 0x00, 0x00, 0x00, 0x00, 0x00, 0x00,
    0x00, 0x00, 0x00, 0x00, 0x00, 0x00, 0x00, 0x00, 0x00, 0x00, 0x00, 0x00, 0x00, 0x00, 0x00, 0x00,
    0x00, 0x00, 0x00, 0x00, 0x00, 0x00, 0x00, 0x00, 0x00, 0x00, 0x00, 0x00, 0x00, 0x00, 0x00, 0x00,
    0x00, 0x00, 0x00, 0x00, 0x00, 0x00, 0x00, 0x00, 0x00, 0x00, 0x00, 0x00, 0x00, 0x00, 0x00, 0x00,
    0x00, 0x00, 0x00, 0x00, 0x00, 0x00, 0x00, 0x00, 0x00, 0x00, 0x00, 0x00, 0x00, 0x00, 0x00, 0x00,
    0x00, 0x00, 0x00, 0x00, 0x00, 0x00, 0x00, 0x00, 0x00, 0x00, 0x00, 0x00, 0x00, 0x00, 0x00, 0x00,
    0x00, 0x00, 0x00, 0x00, 0x00, 0x00, 0x00, 0x00, 0x00, 0x00, 0x00, 0x00, 0x00, 0x00, 0x00, 0x00,
    0x00, 0x00, 0x00, 0x00, 0x00, 0x00, 0x00, 0x00, 0x00, 0x00, 0x00, 0x00, 0x00, 0x00, 0x00, 0x00,
    0x00, 0x00, 0x00, 0x00, 0x00, 0x00, 0x00, 0x00, 0x00, 0x00, 0x00, 0x00, 0x00, 0x00, 0x00, 0x00,
    0x00, 0x00, 0x00, 0x00, 0x00, 0x00, 0x00, 0x00, 0x00, 0x00, 0x00, 0x00, 0x00, 0x00, 0x00, 0x00,
    0x00, 0x00, 0x00, 0x00, 0x00, 0x00, 0x00, 0x00, 0x00, 0x00, 0x00, 0x00, 0x00, 0x00, 0x00, 0x00,
    0x00, 0x00, 0x00, 0x00, 0x4d, 0xcb, 0xff, 0x03, 0x32, 0xda, 0xff, 0x4e, 0x32, 0xd9, 0xff, 0xda,
    0x32, 0xd9, 0xff, 0xff, 0x32, 0xd9, 0xff, 0xff, 0x32, 0xd9, 0xff, 0xff, 0x32, 0xd9, 0xff, 0xff,
    0x32, 0xd9, 0xff, 0xff, 0x32, 0xd9, 0xff, 0xfe, 0x32, 0xda, 0xff, 0x70, 0x00, 0x00, 0x00, 0x00,
    0x00, 0x00, 0x00, 0x00, 0x00, 0x00, 0x00, 0x00, 0x00, 0x00, 0x00, 0x00, 0x00, 0x00, 0x00, 0x00,
    0x00, 0x00, 0x00, 0x00, 0x00, 0x00, 0x00, 0x00, 0x00, 0x00, 0x00, 0x00, 0x00, 0x00, 0x00, 0x00,
    0x00, 0x00, 0x00, 0x00, 0x00, 0x00, 0x00, 0x00, 0x00, 0x00, 0x00, 0x00, 0x00, 0x00, 0x00, 0x00,
    0x00, 0x00, 0x00, 0x00, 0x00, 0x00, 0x00, 0x00, 0x00, 0x00, 0x00, 0x00, 0x00, 0x00, 0x00, 0x00,
    0x00, 0x00, 0x00, 0x00, 0x00, 0x00, 0x00, 0x00, 0x00, 0x00, 0x00, 0x00, 0x00, 0x00, 0x00, 0x00,
    0x00, 0x00, 0x00, 0x00, 0x00, 0x00, 0x00, 0x00, 0x00, 0x00, 0x00, 0x00, 0x00, 0x00, 0x00, 0x00,
    0x00, 0x00, 0x00, 0x00, 0x00, 0x00, 0x00, 0x00, 0x00, 0x00, 0x00, 0x00, 0x00, 0x00, 0x00, 0x00,
    0x00, 0x00, 0x00, 0x00, 0x00, 0x00, 0x00, 0x00, 0x00, 0x00, 0x00, 0x00, 0x00, 0x00, 0x00, 0x00,
    0x00, 0x00, 0x00, 0x00, 0x00, 0x00, 0x00, 0x00, 0x00, 0x00, 0x00, 0x00, 0x00, 0x00, 0x00, 0x00,
    0x00, 0x00, 0x00, 0x00, 0x00, 0x00, 0x00, 0x00, 0x00, 0x00, 0x00, 0x00, 0x00, 0x00, 0x00, 0x00,
    0x00, 0x00, 0x00, 0x00, 0x00, 0x00, 0x00, 0x00, 0x00, 0x00, 0x00, 0x00, 0x00, 0x00, 0x00, 0x00,
    0x00, 0x00, 0x00, 0x00, 0x00, 0x00, 0x00, 0x00, 0x00, 0x00, 0x00, 0x00, 0x00, 0x00, 0x00, 0x00,
    0x00, 0x00, 0x00, 0x00, 0x00, 0x00, 0x00, 0x00, 0x00, 0x00, 0x00, 0x00, 0x00, 0x00, 0x00, 0x00,
    0x00, 0x00, 0x00, 0x00, 0x00, 0x00, 0x00, 0x00, 0x00, 0x00, 0x00, 0x00, 0x00, 0x00, 0x00, 0x00,
    0x00, 0x00, 0x00, 0x00, 0x00, 0x00, 0x00, 0x00, 0x00, 0x00, 0x00, 0x00, 0x00, 0x00, 0x00, 0x00,
    0x00, 0x00, 0x00, 0x00, 0x00, 0x00, 0x00, 0x00, 0x00, 0x00, 0x00, 0x00, 0x00, 0x00, 0x00, 0x00,
    0x00, 0x00, 0x00, 0x00, 0x00, 0x00, 0x00, 0x00, 0x00, 0x00, 0x00, 0x00, 0x00, 0x00, 0x00, 0x00,
    0x00, 0x00, 0x00, 0x00, 0x00, 0x00, 0x00, 0x00, 0x00, 0x00, 0x00, 0x00, 0x00, 0x00, 0x00, 0x00,
    0x00, 0x00, 0x00, 0x00, 0x00, 0x00, 0x00, 0x00, 0x00, 0x00, 0x00, 0x00, 0x00, 0x00, 0x00, 0x00,
    0x00, 0x00, 0x00, 0x00, 0x00, 0x00, 0x00, 0x00, 0x00, 0x00, 0x00, 0x00, 0x00, 0x00, 0x00, 0x00,
    0x00, 0x00, 0x00, 0x00, 0x00, 0x00, 0x00, 0x00, 0x00, 0x00, 0x00, 0x00, 0x00, 0x00, 0x00, 0x00,
    0x00, 0x00, 0x00, 0x00, 0x00, 0x00, 0x00, 0x00, 0x00, 0x00, 0x00, 0x00, 0x00, 0x00, 0x00, 0x00,
    0x00, 0x00, 0x00, 0x00, 0x4d, 0xcb, 0xff, 0x03, 0x32, 0xda, 0xff, 0x4e, 0x32, 0xd9, 0xff, 0xda,
    0x32, 0xd9, 0xff, 0xff, 0x32, 0xd9, 0xff, 0xff, 0x32, 0xd9, 0xff, 0xff, 0x32, 0xd9, 0xff, 0xff,
    0x32, 0xd9, 0xff, 0xff, 0x32, 0xd9, 0xff, 0xfe, 0x32, 0xda, 0xff, 0x70, 0x00, 0x00, 0x00, 0x00,
    0x00, 0x00, 0x00, 0x00, 0x00, 0x00, 0x00, 0x00, 0x00, 0x00, 0x00, 0x00, 0x00, 0x00, 0x00, 0x00,
    0x00, 0x00, 0x00, 0x00, 0x00, 0x00, 0x00, 0x00, 0x00, 0x00, 0x00, 0x00, 0x00, 0x00, 0x00, 0x00,
    0x00, 0x00, 0x00, 0x00, 0x00, 0x00, 0x00, 0x00, 0x00, 0x00, 0x00, 0x00, 0x00, 0x00, 0x00, 0x00,
    0x00, 0x00, 0x00, 0x00, 0x00, 0x00, 0x00, 0x00, 0x00, 0x00, 0x00, 0x00, 0x00, 0x00, 0x00, 0x00,
    0x00, 0x00, 0x00, 0x00, 0x00, 0x00, 0x00, 0x00, 0x00, 0x00, 0x00, 0x00, 0x00, 0x00, 0x00, 0x00,
    0x00, 0x00, 0x00, 0x00, 0x00, 0x00, 0x00, 0x00, 0x00, 0x00, 0x00, 0x00, 0x00, 0x00, 0x00, 0x00,
    0x00, 0x00, 0x00, 0x00, 0x00, 0x00, 0x00, 0x00, 0x00, 0x00, 0x00, 0x00, 0x00, 0x00, 0x00, 0x00,
    0x00, 0x00, 0x00, 0x00, 0x00, 0x00, 0x00, 0x00, 0x00, 0x00, 0x00, 0x00, 0x00, 0x00, 0x00, 0x00,
    0x00, 0x00, 0x00, 0x00, 0x00, 0x00, 0x00, 0x00, 0x00, 0x00, 0x00, 0x00, 0x00, 0x00, 0x00, 0x00,
    0x00, 0x00, 0x00, 0x00, 0x00, 0x00, 0x00, 0x00, 0x00, 0x00, 0x00, 0x00, 0x00, 0x00, 0x00, 0x00,
    0x00, 0x00, 0x00, 0x00, 0x00, 0x00, 0x00, 0x00, 0x00, 0x00, 0x00, 0x00, 0x00, 0x00, 0x00, 0x00,
    0x00, 0x00, 0x00, 0x00, 0x00, 0x00, 0x00, 0x00, 0x00, 0x00, 0x00, 0x00, 0x00, 0x00, 0x00, 0x00,
    0x00, 0x00, 0x00, 0x00, 0x00, 0x00, 0x00, 0x00, 0x00, 0x00, 0x00, 0x00, 0x00, 0x00, 0x00, 0x00,
    0x00, 0x00, 0x00, 0x00, 0x00, 0x00, 0x00, 0x00, 0x00, 0x00, 0x00, 0x00, 0x00, 0x00, 0x00, 0x00,
    0x00, 0x00, 0x00, 0x00, 0x00, 0x00, 0x00, 0x00, 0x00, 0x00, 0x00, 0x00, 0x00, 0x00, 0x00, 0x00,
    0x00, 0x00, 0x00, 0x00, 0x00, 0x00, 0x00, 0x00, 0x00, 0x00, 0x00, 0x00, 0x00, 0x00, 0x00, 0x00,
    0x00, 0x00, 0x00, 0x00, 0x00, 0x00, 0x00, 0x00, 0x00, 0x00, 0x00, 0x00, 0x00, 0x00, 0x00, 0x00,
    0x00, 0x00, 0x00, 0x00, 0x00, 0x00, 0x00, 0x00, 0x00, 0x00, 0x00, 0x00, 0x00, 0x00, 0x00, 0x00,
    0x00, 0x00, 0x00, 0x00, 0x00, 0x00, 0x00, 0x00, 0x00, 0x00, 0x00, 0x00, 0x00, 0x00, 0x00, 0x00,
    0x00, 0x00, 0x00, 0x00, 0x00, 0x00, 0x00, 0x00, 0x00, 0x00, 0x00, 0x00, 0x00, 0x00, 0x00, 0x00,
    0x00, 0x00, 0x00, 0x00, 0x00, 0x00, 0x00, 0x00, 0x00, 0x00, 0x00, 0x00, 0x00, 0x00, 0x00, 0x00,
    0x00, 0x00, 0x00, 0x00, 0x00, 0x00, 0x00, 0x00, 0x00, 0x00, 0x00, 0x00, 0x00, 0x00, 0x00, 0x00,
    0x00, 0x00, 0x00, 0x00, 0x4d, 0xcb, 0xff, 0x03, 0x33, 0xdb, 0xff, 0x48, 0x31, 0xda, 0xff, 0xd7,
    0x32, 0xd9, 0xff, 0xff, 0x32, 0xd9, 0xff, 0xff, 0x32, 0xd9, 0xff, 0xff, 0x32, 0xd9, 0xff, 0xff,
    0x32, 0xd9, 0xff, 0xff, 0x32, 0xd9, 0xff, 0xfb, 0x32, 0xd9, 0xff, 0x6a, 0x00, 0x00, 0x00, 0x00,
    0x00, 0x00, 0x00, 0x00, 0x00, 0x00, 0x00, 0x00, 0x00, 0x00, 0x00, 0x00, 0x00, 0x00, 0x00, 0x00,
    0x00, 0x00, 0x00, 0x00, 0x00, 0x00, 0x00, 0x00, 0x00, 0x00, 0x00, 0x00, 0x00, 0x00, 0x00, 0x00,
    0x00, 0x00, 0x00, 0x00, 0x00, 0x00, 0x00, 0x00, 0x00, 0x00, 0x00, 0x00, 0x00, 0x00, 0x00, 0x00,
    0x00, 0x00, 0x00, 0x00, 0x00, 0x00, 0x00, 0x00, 0x00, 0x00, 0x00, 0x00, 0x00, 0x00, 0x00, 0x00,
    0x00, 0x00, 0x00, 0x00, 0x00, 0x00, 0x00, 0x00, 0x00, 0x00, 0x00, 0x00, 0x00, 0x00, 0x00, 0x00,
    0x00, 0x00, 0x00, 0x00, 0x00, 0x00, 0x00, 0x00, 0x00, 0x00, 0x00, 0x00, 0x00, 0x00, 0x00, 0x00,
    0x00, 0x00, 0x00, 0x00, 0x00, 0x00, 0x00, 0x00, 0x00, 0x00, 0x00, 0x00, 0x00, 0x00, 0x00, 0x00,
    0x00, 0x00, 0x00, 0x00, 0x00, 0x00, 0x00, 0x00, 0x00, 0x00, 0x00, 0x00, 0x00, 0x00, 0x00, 0x00,
    0x00, 0x00, 0x00, 0x00, 0x00, 0x00, 0x00, 0x00, 0x00, 0x00, 0x00, 0x00, 0x00, 0x00, 0x00, 0x00,
    0x00, 0x00, 0x00, 0x00, 0x00, 0x00, 0x00, 0x00, 0x00, 0x00, 0x00, 0x00, 0x00, 0x00, 0x00, 0x00,
    0x00, 0x00, 0x00, 0x00, 0x00, 0x00, 0x00, 0x00, 0x00, 0x00, 0x00, 0x00, 0x00, 0x00, 0x00, 0x00,
    0x00, 0x00, 0x00, 0x00, 0x00, 0x00, 0x00, 0x00, 0x00, 0x00, 0x00, 0x00, 0x00, 0x00, 0x00, 0x00,
    0x00, 0x00, 0x00, 0x00, 0x00, 0x00, 0x00, 0x00, 0x00, 0x00, 0x00, 0x00, 0x00, 0x00, 0x00, 0x00,
    0x00, 0x00, 0x00, 0x00, 0x00, 0x00, 0x00, 0x00, 0x00, 0x00, 0x00, 0x00, 0x00, 0x00, 0x00, 0x00,
    0x00, 0x00, 0x00, 0x00, 0x00, 0x00, 0x00, 0x00, 0x00, 0x00, 0x00, 0x00, 0x00, 0x00, 0x00, 0x00,
    0x00, 0x00, 0x00, 0x00, 0x00, 0x00, 0x00, 0x00, 0x00, 0x00, 0x00, 0x00, 0x00, 0x00, 0x00, 0x00,
    0x00, 0x00, 0x00, 0x00, 0x00, 0x00, 0x00, 0x00, 0x00, 0x00, 0x00, 0x00, 0x00, 0x00, 0x00, 0x00,
    0x00, 0x00, 0x00, 0x00, 0x00, 0x00, 0x00, 0x00, 0x00, 0x00, 0x00, 0x00, 0x00, 0x00, 0x00, 0x00,
    0x00, 0x00, 0x00, 0x00, 0x00, 0x00, 0x00, 0x00, 0x00, 0x00, 0x00, 0x00, 0x00, 0x00, 0x00, 0x00,
    0x00, 0x00, 0x00, 0x00, 0x00, 0x00, 0x00, 0x00, 0x00, 0x00, 0x00, 0x00, 0x00, 0x00, 0x00, 0x00,
    0x00, 0x00, 0x00, 0x00, 0x00, 0x00, 0x00, 0x00, 0x00, 0x00, 0x00, 0x00, 0x00, 0x00, 0x00, 0x00,
    0x00, 0x00, 0x00, 0x00, 0x00, 0x00, 0x00, 0x00, 0x00, 0x00, 0x00, 0x00, 0x00, 0x00, 0x00, 0x00,
    0x00, 0x00, 0x00, 0x00, 0x50, 0xe0, 0xff, 0x02, 0x33, 0xda, 0xff, 0x33, 0x32, 0xd9, 0xff, 0xc9,
    0x32, 0xd9, 0xff, 0xfe, 0x32, 0xd9, 0xff, 0xff, 0x32, 0xd9, 0xff, 0xff, 0x32, 0xd9, 0xff, 0xff,
    0x32, 0xd9, 0xff, 0xff, 0x32, 0xda, 0xff, 0xea, 0x32, 0xda, 0xff, 0x57, 0x00, 0x00, 0x00, 0x00,
    0x00, 0x00, 0x00, 0x00, 0x00, 0x00, 0x00, 0x00, 0x00, 0x00, 0x00, 0x00, 0x00, 0x00, 0x00, 0x00,
    0x00, 0x00, 0x00, 0x00, 0x00, 0x00, 0x00, 0x00, 0x00, 0x00, 0x00, 0x00, 0x00, 0x00, 0x00, 0x00,
    0x00, 0x00, 0x00, 0x00, 0x00, 0x00, 0x00, 0x00, 0x00, 0x00, 0x00, 0x00, 0x00, 0x00, 0x00, 0x00,
    0x00, 0x00, 0x00, 0x00, 0x00, 0x00, 0x00, 0x00, 0x00, 0x00, 0x00, 0x00, 0x00, 0x00, 0x00, 0x00,
    0x00, 0x00, 0x00, 0x00, 0x00, 0x00, 0x00, 0x00, 0x00, 0x00, 0x00, 0x00, 0x00, 0x00, 0x00, 0x00,
    0x00, 0x00, 0x00, 0x00, 0x00, 0x00, 0x00, 0x00, 0x00, 0x00, 0x00, 0x00, 0x00, 0x00, 0x00, 0x00,
    0x00, 0x00, 0x00, 0x00, 0x00, 0x00, 0x00, 0x00, 0x00, 0x00, 0x00, 0x00, 0x00, 0x00, 0x00, 0x00,
    0x00, 0x00, 0x00, 0x00, 0x00, 0x00, 0x00, 0x00, 0x00, 0x00, 0x00, 0x00, 0x00, 0x00, 0x00, 0x00,
    0x00, 0x00, 0x00, 0x00, 0x00, 0x00, 0x00, 0x00, 0x00, 0x00, 0x00, 0x00, 0x00, 0x00, 0x00, 0x00,
    0x00, 0x00, 0x00, 0x00, 0x00, 0x00, 0x00, 0x00, 0x00, 0x00, 0x00, 0x00, 0x00, 0x00, 0x00, 0x00,
    0x00, 0x00, 0x00, 0x00, 0x00, 0x00, 0x00, 0x00, 0x00, 0x00, 0x00, 0x00, 0x00, 0x00, 0x00, 0x00,
    0x00, 0x00, 0x00, 0x00, 0x00, 0x00, 0x00, 0x00, 0x00, 0x00, 0x00, 0x00, 0x00, 0x00, 0x00, 0x00,
    0x00, 0x00, 0x00, 0x00, 0x00, 0x00, 0x00, 0x00, 0x00, 0x00, 0x00, 0x00, 0x00, 0x00, 0x00, 0x00,
    0x00, 0x00, 0x00, 0x00, 0x00, 0x00, 0x00, 0x00, 0x00, 0x00, 0x00, 0x00, 0x00, 0x00, 0x00, 0x00,
    0x00, 0x00, 0x00, 0x00, 0x00, 0x00, 0x00, 0x00, 0x00, 0x00, 0x00, 0x00, 0x00, 0x00, 0x00, 0x00,
    0x00, 0x00, 0x00, 0x00, 0x00, 0x00, 0x00, 0x00, 0x00, 0x00, 0x00, 0x00, 0x50, 0xe0, 0xff, 0x02,
    0x3a, 0xd7, 0xff, 0x06, 0x37, 0xdc, 0xff, 0x08, 0x3c, 0xd8, 0xff, 0x04, 0x22, 0xed, 0xff, 0x01,
    0x00, 0x00, 0x00, 0x00, 0x00, 0x00, 0x00, 0x00, 0x00, 0x00, 0x00, 0x00, 0x00, 0x00, 0x00, 0x00,
    0x00, 0x00, 0x00, 0x00, 0x00, 0x00, 0x00, 0x00, 0x00, 0x00, 0x00, 0x00, 0x00, 0x00, 0x00, 0x00,
    0x00, 0x00, 0x00, 0x00, 0x00, 0x00, 0x00, 0x00, 0x00, 0x00, 0x00, 0x00, 0x00, 0x00, 0x00, 0x00,
    0x00, 0x00, 0x00, 0x00, 0x00, 0x00, 0x00, 0x00, 0x00, 0x00, 0x00, 0x00, 0x00, 0x00, 0x00, 0x00,
    0x00, 0x00, 0x00, 0x00, 0x00, 0x00, 0x00, 0x00, 0x00, 0x00, 0x00, 0x00, 0x00, 0x00, 0x00, 0x00,
    0x00, 0x00, 0x00, 0x00, 0x22, 0xed, 0xff, 0x01, 0x33, 0xdb, 0xff, 0x0e, 0x32, 0xdb, 0xff, 0x95,
    0x32, 0xd9, 0xff, 0xf1, 0x32, 0xd9, 0xff, 0xfe, 0x32, 0xd9, 0xff, 0xff, 0x32, 0xd9, 0xff, 0xff,
    0x32, 0xd9, 0xff, 0xfe, 0x32, 0xd9, 0xff, 0xb9, 0x33, 0xdb, 0xff, 0x2e, 0x00, 0x00, 0x00, 0x00,
    0x00, 0x00, 0x00, 0x00, 0x00, 0x00, 0x00, 0x00, 0x00, 0x00, 0x00, 0x00, 0x00, 0x00, 0x00, 0x00,
    0x00, 0x00, 0x00, 0x00, 0x00, 0x00, 0x00, 0x00, 0x00, 0x00, 0x00, 0x00, 0x00, 0x00, 0x00, 0x00,
    0x00, 0x00, 0x00, 0x00, 0x00, 0x00, 0x00, 0x00, 0x00, 0x00, 0x00, 0x00, 0x00, 0x00, 0x00, 0x00,
    0x00, 0x00, 0x00, 0x00, 0x00, 0x00, 0x00, 0x00, 0x00, 0x00, 0x00, 0x00, 0x00, 0x00, 0x00, 0x00,
    0x00, 0x00, 0x00, 0x00, 0x00, 0x00, 0x00, 0x00, 0x00, 0x00, 0x00, 0x00, 0x00, 0x00, 0x00, 0x00,
    0x00, 0x00, 0x00, 0x00, 0x00, 0x00, 0x00, 0x00, 0x00, 0x00, 0x00, 0x00, 0x00, 0x00, 0x00, 0x00,
    0x00, 0x00, 0x00, 0x00, 0x00, 0x00, 0x00, 0x00, 0x00, 0x00, 0x00, 0x00, 0x00, 0x00, 0x00, 0x00,
    0x00, 0x00, 0x00, 0x00, 0x00, 0x00, 0x00, 0x00, 0x00, 0x00, 0x00, 0x00, 0x00, 0x00, 0x00, 0x00,
    0x00, 0x00, 0x00, 0x00, 0x00, 0x00, 0x00, 0x00, 0x00, 0x00, 0x00, 0x00, 0x00, 0x00, 0x00, 0x00,
    0x00, 0x00, 0x00, 0x00, 0x00, 0x00, 0x00, 0x00, 0x00, 0x00, 0x00, 0x00, 0x00, 0x00, 0x00, 0x00,
    0x00, 0x00, 0x00, 0x00, 0x00, 0x00, 0x00, 0x00, 0x00, 0x00, 0x00, 0x00, 0x00, 0x00, 0x00, 0x00,
    0x00, 0x00, 0x00, 0x00, 0x00, 0x00, 0x00, 0x00, 0x00, 0x00, 0x00, 0x00, 0x00, 0x00, 0x00, 0x00,
    0x00, 0x00, 0x00, 0x00, 0x00, 0x00, 0x00, 0x00, 0x00, 0x00, 0x00, 0x00, 0x00, 0x00, 0x00, 0x00,
    0x00, 0x00, 0x00, 0x00, 0x00, 0x00, 0x00, 0x00, 0x00, 0x00, 0x00, 0x00, 0x00, 0x00, 0x00, 0x00,
    0x00, 0x00, 0x00, 0x00, 0x00, 0x00, 0x00, 0x00, 0x00, 0x00, 0x00, 0x00, 0x00, 0x00, 0x00, 0x00,
    0x00, 0x00, 0x00, 0x00, 0x22, 0xed, 0xff, 0x01, 0x3a, 0xd7, 0xff, 0x06, 0x33, 0xda, 0xff, 0x26,
    0x34, 0xda, 0xff, 0x51, 0x31, 0xda, 0xff, 0x62, 0x33, 0xda, 0xff, 0x3f, 0x34, 0xda, 0xff, 0x16,
    0x50, 0xe0, 0xff, 0x02, 0x00, 0x00, 0x00, 0x00, 0x00, 0x00, 0x00, 0x00, 0x00, 0x00, 0x00, 0x00,
    0x00, 0x00, 0x00, 0x00, 0x00, 0x00, 0x00, 0x00, 0x00, 0x00, 0x00, 0x00, 0x00, 0x00, 0x00, 0x00,
    0x00, 0x00, 0x00, 0x00, 0x00, 0x00, 0x00, 0x00, 0x00, 0x00, 0x00, 0x00, 0x00, 0x00, 0x00, 0x00,
    0x00, 0x00, 0x00, 0x00, 0x00, 0x00, 0x00, 0x00, 0x00, 0x00, 0x00, 0x00, 0x00, 0x00, 0x00, 0x00,
    0x00, 0x00, 0x00, 0x00, 0x00, 0x00, 0x00, 0x00, 0x00, 0x00, 0x00, 0x00, 0x00, 0x00, 0x00, 0x00,
    0x00, 0x00, 0x00, 0x00, 0x00, 0x00, 0x00, 0x00, 0x00, 0x00, 0x00, 0x00, 0x33, 0xda, 0xff, 0x37,
    0x32, 0xd9, 0xff, 0xa8, 0x32, 0xda, 0xff, 0xea, 0x32, 0xd9, 0xff, 0xf5, 0x32, 0xd9, 0xff, 0xf1,
    0x32, 0xda, 0xff, 0xcd, 0x32, 0xda, 0xff, 0x57, 0x34, 0xda, 0xff, 0x0a, 0x00, 0x00, 0x00, 0x00,
    0x00, 0x00, 0x00, 0x00, 0x00, 0x00, 0x00, 0x00, 0x00, 0x00, 0x00, 0x00, 0x00, 0x00, 0x00, 0x00,
    0x00, 0x00, 0x00, 0x00, 0x00, 0x00, 0x00, 0x00, 0x00, 0x00, 0x00, 0x00, 0x00, 0x00, 0x00, 0x00,
    0x00, 0x00, 0x00, 0x00, 0x00, 0x00, 0x00, 0x00, 0x00, 0x00, 0x00, 0x00, 0x00, 0x00, 0x00, 0x00,
    0x00, 0x00, 0x00, 0x00, 0x00, 0x00, 0x00, 0x00, 0x00, 0x00, 0x00, 0x00, 0x00, 0x00, 0x00, 0x00,
    0x00, 0x00, 0x00, 0x00, 0x00, 0x00, 0x00, 0x00, 0x00, 0x00, 0x00, 0x00, 0x00, 0x00, 0x00, 0x00,
    0x00, 0x00, 0x00, 0x00, 0x22, 0xed, 0xff, 0x01, 0x37, 0xdc, 0xff, 0x08, 0x33, 0xdb, 0xff, 0x0e,
    0x33, 0xdb, 0xff, 0x0e, 0x3a, 0xd7, 0xff, 0x06, 0x22, 0xed, 0xff, 0x01, 0x00, 0x00, 0x00, 0x00,
    0x00, 0x00, 0x00, 0x00, 0x00, 0x00, 0x00, 0x00, 0x00, 0x00, 0x00, 0x00, 0x00, 0x00, 0x00, 0x00,
    0x00, 0x00, 0x00, 0x00, 0x00, 0x00, 0x00, 0x00, 0x00, 0x00, 0x00, 0x00, 0x00, 0x00, 0x00, 0x00,
    0x00, 0x00, 0x00, 0x00, 0x00, 0x00, 0x00, 0x00, 0x00, 0x00, 0x00, 0x00, 0x00, 0x00, 0x00, 0x00,
    0x00, 0x00, 0x00, 0x00, 0x00, 0x00, 0x00, 0x00, 0x00, 0x00, 0x00, 0x00, 0x00, 0x00, 0x00, 0x00,
    0x00, 0x00, 0x00, 0x00, 0x00, 0x00, 0x00, 0x00, 0x00, 0x00, 0x00, 0x00, 0x00, 0x00, 0x00, 0x00,
    0x00, 0x00, 0x00, 0x00, 0x00, 0x00, 0x00, 0x00, 0x00, 0x00, 0x00, 0x00, 0x00, 0x00, 0x00, 0x00,
    0x00, 0x00, 0x00, 0x00, 0x00, 0x00, 0x00, 0x00, 0x00, 0x00, 0x00, 0x00, 0x00, 0x00, 0x00, 0x00,
    0x00, 0x00, 0x00, 0x00, 0x00, 0x00, 0x00, 0x00, 0x00, 0x00, 0x00, 0x00, 0x00, 0x00, 0x00, 0x00,
    0x00, 0x00, 0x00, 0x00, 0x36, 0xe3, 0xff, 0x0c, 0x33, 0xdb, 0xff, 0x48, 0x32, 0xd9, 0xff, 0xbe,
    0x32, 0xd9, 0xff, 0xda, 0x32, 0xd9, 0xff, 0xe7, 0x32, 0xd9, 0xff, 0xd2, 0x32, 0xda, 0xff, 0x8f,
    0x33, 0xdb, 0xff, 0x2e, 0x3c, 0xd8, 0xff, 0x04, 0x00, 0x00, 0x00, 0x00, 0x00, 0x00, 0x00, 0x00,
    0x00, 0x00, 0x00, 0x00, 0x00, 0x00, 0x00, 0x00, 0x00, 0x00, 0x00, 0x00, 0x00, 0x00, 0x00, 0x00,
    0x00, 0x00, 0x00, 0x00, 0x00, 0x00, 0x00, 0x00, 0x00, 0x00, 0x00, 0x00, 0x00, 0x00, 0x00, 0x00,
    0x00, 0x00, 0x00, 0x00, 0x00, 0x00, 0x00, 0x00, 0x00, 0x00, 0x00, 0x00, 0x00, 0x00, 0x00, 0x00,
    0x00, 0x00, 0x00, 0x00, 0x00, 0x00, 0x00, 0x00, 0x00, 0x00, 0x00, 0x00, 0x00, 0x00, 0x00, 0x00,
    0x00, 0x00, 0x00, 0x00, 0x00, 0x00, 0x00, 0x00, 0x00, 0x00, 0x00, 0x00, 0x37, 0xdc, 0xff, 0x08,
    0x33, 0xda, 0xff, 0x26, 0x32, 0xd9, 0xff, 0x5e, 0x32, 0xda, 0xff, 0x7d, 0x32, 0xd9, 0xff, 0x6a,
    0x32, 0xd9, 0xff, 0x3c, 0x36, 0xe3, 0xff, 0x0c, 0x00, 0x00, 0x00, 0x00, 0x00, 0x00, 0x00, 0x00,
    0x00, 0x00, 0x00, 0x00, 0x00, 0x00, 0x00, 0x00, 0x00, 0x00, 0x00, 0x00, 0x00, 0x00, 0x00, 0x00,
    0x00, 0x00, 0x00, 0x00, 0x00, 0x00, 0x00, 0x00, 0x00, 0x00, 0x00, 0x00, 0x00, 0x00, 0x00, 0x00,
    0x00, 0x00, 0x00, 0x00, 0x00, 0x00, 0x00, 0x00, 0x00, 0x00, 0x00, 0x00, 0x00, 0x00, 0x00, 0x00,
    0x00, 0x00, 0x00, 0x00, 0x00, 0x00, 0x00, 0x00, 0x00, 0x00, 0x00, 0x00, 0x00, 0x00, 0x00, 0x00,
    0x00, 0x00, 0x00, 0x00, 0x00, 0x00, 0x00, 0x00, 0x00, 0x00, 0x00, 0x00, 0x00, 0x00, 0x00, 0x00,
    0x34, 0xda, 0xff, 0x0a, 0x33, 0xdb, 0xff, 0x2e, 0x32, 0xda, 0xff, 0x70, 0x32, 0xda, 0xff, 0x9e,
    0x32, 0xda, 0xff, 0x98, 0x32, 0xda, 0xff, 0x57, 0x32, 0xd7, 0xff, 0x1c, 0x4d, 0xcb, 0xff, 0x03,
    0x00, 0x00, 0x00, 0x00, 0x00, 0x00, 0x00, 0x00, 0x00, 0x00, 0x00, 0x00, 0x00, 0x00, 0x00, 0x00,
    0x00, 0x00, 0x00, 0x00, 0x00, 0x00, 0x00, 0x00, 0x00, 0x00, 0x00, 0x00, 0x00, 0x00, 0x00, 0x00,
    0x00, 0x00, 0x00, 0x00, 0x00, 0x00, 0x00, 0x00, 0x00, 0x00, 0x00, 0x00, 0x00, 0x00, 0x00, 0x00,
    0x00, 0x00, 0x00, 0x00, 0x00, 0x00, 0x00, 0x00, 0x00, 0x00, 0x00, 0x00, 0x00, 0x00, 0x00, 0x00,
    0x00, 0x00, 0x00, 0x00, 0x00, 0x00, 0x00, 0x00, 0x00, 0x00, 0x00, 0x00, 0x00, 0x00, 0x00, 0x00,
    0x00, 0x00, 0x00, 0x00, 0x00, 0x00, 0x00, 0x00, 0x00, 0x00, 0x00, 0x00, 0x00, 0x00, 0x00, 0x00,
    0x00, 0x00, 0x00, 0x00, 0x00, 0x00, 0x00, 0x00, 0x00, 0x00, 0x00, 0x00, 0x00, 0x00, 0x00, 0x00,
    0x00, 0x00, 0x00, 0x00, 0x00, 0x00, 0x00, 0x00, 0x00, 0x00, 0x00, 0x00, 0x00, 0x00, 0x00, 0x00,
    0x4d, 0xcb, 0xff, 0x03, 0x33, 0xda, 0xff, 0x29, 0x31, 0xda, 0xff, 0xaf, 0x32, 0xd9, 0xff, 0xfb,
    0x32, 0xd9, 0xff, 0xfe, 0x32, 0xd9, 0xff, 0xff, 0x32, 0xd9, 0xff, 0xfe, 0x32, 0xd9, 0xff, 0xed,
    0x32, 0xd9, 0xff, 0xa3, 0x33, 0xda, 0xff, 0x29, 0x4d, 0xcb, 0xff, 0x03, 0x00, 0x00, 0x00, 0x00,
    0x00, 0x00, 0x00, 0x00, 0x00, 0x00, 0x00, 0x00, 0x00, 0x00, 0x00, 0x00, 0x00, 0x00, 0x00, 0x00,
    0x00, 0x00, 0x00, 0x00, 0x00, 0x00, 0x00, 0x00, 0x00, 0x00, 0x00, 0x00, 0x00, 0x00, 0x00, 0x00,
    0x00, 0x00, 0x00, 0x00, 0x00, 0x00, 0x00, 0x00, 0x00, 0x00, 0x00, 0x00, 0x00, 0x00, 0x00, 0x00,
    0x00, 0x00, 0x00, 0x00, 0x00, 0x00, 0x00, 0x00, 0x00, 0x00, 0x00, 0x00, 0x00, 0x00, 0x00, 0x00,
    0x00, 0x00, 0x00, 0x00, 0x00, 0x00, 0x00, 0x00, 0x00, 0x00, 0x00, 0x00, 0x00, 0x00, 0x00, 0x00,
    0x50, 0xe0, 0xff, 0x02, 0x34, 0xda, 0xff, 0x0a, 0x32, 0xd9, 0xff, 0x11, 0x36, 0xe3, 0xff, 0x0c,
    0x3c, 0xd8, 0xff, 0x04, 0x00, 0x00, 0x00, 0x00, 0x00, 0x00, 0x00, 0x00, 0x00, 0x00, 0x00, 0x00,
    0x00, 0x00, 0x00, 0x00, 0x00, 0x00, 0x00, 0x00, 0x00, 0x00, 0x00, 0x00, 0x00, 0x00, 0x00, 0x00,
    0x00, 0x00, 0x00, 0x00, 0x00, 0x00, 0x00, 0x00, 0x00, 0x00, 0x00, 0x00, 0x00, 0x00, 0x00, 0x00,
    0x00, 0x00, 0x00, 0x00, 0x00, 0x00, 0x00, 0x00, 0x00, 0x00, 0x00, 0x00, 0x00, 0x00, 0x00, 0x00,
    0x00, 0x00, 0x00, 0x00, 0x00, 0x00, 0x00, 0x00, 0x00, 0x00, 0x00, 0x00, 0x00, 0x00, 0x00, 0x00,
    0x00, 0x00, 0x00, 0x00, 0x00, 0x00, 0x00, 0x00, 0x00, 0x00, 0x00, 0x00, 0x3a, 0xd7, 0xff, 0x06,
    0x32, 0xd9, 0xff, 0x3c, 0x32, 0xd9, 0xff, 0xa3, 0x32, 0xd9, 0xff, 0xed, 0x32, 0xd9, 0xff, 0xf5,
    0x32, 0xd9, 0xff, 0xf5, 0x32, 0xd9, 0xff, 0xda, 0x32, 0xda, 0xff, 0x7d, 0x32, 0xd7, 0xff, 0x1c,
    0x22, 0xed, 0xff, 0x01, 0x00, 0x00, 0x00, 0x00, 0x00, 0x00, 0x00, 0x00, 0x00, 0x00, 0x00, 0x00,
    0x00, 0x00, 0x00, 0x00, 0x00, 0x00, 0x00, 0x00, 0x00, 0x00, 0x00, 0x00, 0x00, 0x00, 0x00, 0x00,
    0x00, 0x00, 0x00, 0x00, 0x00, 0x00, 0x00, 0x00, 0x00, 0x00, 0x00, 0x00, 0x00, 0x00, 0x00, 0x00,
    0x00, 0x00, 0x00, 0x00, 0x00, 0x00, 0x00, 0x00, 0x00, 0x00, 0x00, 0x00, 0x00, 0x00, 0x00, 0x00,
    0x00, 0x00, 0x00, 0x00, 0x00, 0x00, 0x00, 0x00, 0x00, 0x00, 0x00, 0x00, 0x00, 0x00, 0x00, 0x00,
    0x00, 0x00, 0x00, 0x00, 0x00, 0x00, 0x00, 0x00, 0x00, 0x00, 0x00, 0x00, 0x00, 0x00, 0x00, 0x00,
    0x00, 0x00, 0x00, 0x00, 0x00, 0x00, 0x00, 0x00, 0x00, 0x00, 0x00, 0x00, 0x00, 0x00, 0x00, 0x00,
    0x00, 0x00, 0x00, 0x00, 0x00, 0x00, 0x00, 0x00, 0x00, 0x00, 0x00, 0x00, 0x00, 0x00, 0x00, 0x00,
    0x34, 0xda, 0xff, 0x0a, 0x32, 0xda, 0xff, 0x57, 0x32, 0xda, 0xff, 0xea, 0x32, 0xd9, 0xff, 0xff,
    0x32, 0xd9, 0xff, 0xff, 0x32, 0xd9, 0xff, 0xff, 0x32, 0xd9, 0xff, 0xff, 0x32, 0xd9, 0xff, 0xfe,
    0x32, 0xd9, 0xff, 0xf1, 0x32, 0xdb, 0xff, 0x95, 0x33, 0xda, 0xff, 0x29, 0x50, 0xe0, 0xff, 0x02,
    0x00, 0x00, 0x00, 0x00, 0x00, 0x00, 0x00, 0x00, 0x00, 0x00, 0x00, 0x00, 0x00, 0x00, 0x00, 0x00,
    0x00, 0x00, 0x00, 0x00, 0x00, 0x00, 0x00, 0x00, 0x00, 0x00, 0x00, 0x00, 0x00, 0x00, 0x00, 0x00,
    0x00, 0x00, 0x00, 0x00, 0x00, 0x00, 0x00, 0x00, 0x00, 0x00, 0x00, 0x00, 0x00, 0x00, 0x00, 0x00,
    0x00, 0x00, 0x00, 0x00, 0x00, 0x00, 0x00, 0x00, 0x00, 0x00, 0x00, 0x00, 0x00, 0x00, 0x00, 0x00,
    0x00, 0x00, 0x00, 0x00, 0x00, 0x00, 0x00, 0x00, 0x00, 0x00, 0x00, 0x00, 0x00, 0x00, 0x00, 0x00,
    0x00, 0x00, 0x00, 0x00, 0x00, 0x00, 0x00, 0x00, 0x00, 0x00, 0x00, 0x00, 0x00, 0x00, 0x00, 0x00,
    0x00, 0x00, 0x00, 0x00, 0x00, 0x00, 0x00, 0x00, 0x00, 0x00, 0x00, 0x00, 0x00, 0x00, 0x00, 0x00,
    0x00, 0x00, 0x00, 0x00, 0x00, 0x00, 0x00, 0x00, 0x00, 0x00, 0x00, 0x00, 0x00, 0x00, 0x00, 0x00,
    0x00, 0x00, 0x00, 0x00, 0x00, 0x00, 0x00, 0x00, 0x00, 0x00, 0x00, 0x00, 0x00, 0x00, 0x00, 0x00,
    0x00, 0x00, 0x00, 0x00, 0x00, 0x00, 0x00, 0x00, 0x00, 0x00, 0x00, 0x00, 0x00, 0x00, 0x00, 0x00,
    0x00, 0x00, 0x00, 0x00, 0x00, 0x00, 0x00, 0x00, 0x00, 0x00, 0x00, 0x00, 0x00, 0x00, 0x00, 0x00,
    0x00, 0x00, 0x00, 0x00, 0x00, 0x00, 0x00, 0x00, 0x3c, 0xd8, 0xff, 0x04, 0x33, 0xda, 0xff, 0x37,
    0x32, 0xd9, 0xff, 0xa8, 0x31, 0xda, 0xff, 0xf3, 0x32, 0xd9, 0xff, 0xff, 0x32, 0xd9, 0xff, 0xff,
    0x32, 0xd9, 0xff, 0xff, 0x32, 0xd9, 0xff, 0xfe, 0x32, 0xd9, 0xff, 0xda, 0x32, 0xda, 0xff, 0x4e,
    0x3c, 0xd8, 0xff, 0x04, 0x00, 0x00, 0x00, 0x00, 0x00, 0x00, 0x00, 0x00, 0x00, 0x00, 0x00, 0x00,
    0x00, 0x00, 0x00, 0x00, 0x00, 0x00, 0x00, 0x00, 0x00, 0x00, 0x00, 0x00, 0x00, 0x00, 0x00, 0x00,
    0x00, 0x00, 0x00, 0x00, 0x00, 0x00, 0x00, 0x00, 0x00, 0x00, 0x00, 0x00, 0x00, 0x00, 0x00, 0x00,
    0x00, 0x00, 0x00, 0x00, 0x00, 0x00, 0x00, 0x00, 0x00, 0x00, 0x00, 0x00, 0x00, 0x00, 0x00, 0x00,
    0x00, 0x00, 0x00, 0x00, 0x00, 0x00, 0x00, 0x00, 0x00, 0x00, 0x00, 0x00, 0x00, 0x00, 0x00, 0x00,
    0x00, 0x00, 0x00, 0x00, 0x00, 0x00, 0x00, 0x00, 0x00, 0x00, 0x00, 0x00, 0x00, 0x00, 0x00, 0x00,
    0x00, 0x00, 0x00, 0x00, 0x00, 0x00, 0x00, 0x00, 0x00, 0x00, 0x00, 0x00, 0x00, 0x00, 0x00, 0x00,
    0x00, 0x00, 0x00, 0x00, 0x00, 0x00, 0x00, 0x00, 0x00, 0x00, 0x00, 0x00, 0x00, 0x00, 0x00, 0x00,
    0x32, 0xd9, 0xff, 0x11, 0x32, 0xd9, 0xff, 0x6a, 0x32, 0xd9, 0xff, 0xf1, 0x32, 0xd9, 0xff, 0xff,
    0x32, 0xd9, 0xff, 0xff, 0x32, 0xd9, 0xff, 0xff, 0x32, 0xd9, 0xff, 0xff, 0x32, 0xd9, 0xff, 0xff,
    0x32, 0xd9, 0xff, 0xff, 0x31, 0xda, 0xff, 0xf3, 0x32, 0xda, 0xff, 0x9e, 0x33, 0xdb, 0xff, 0x2e,
    0x00, 0x00, 0x00, 0x00, 0x00, 0x00, 0x00, 0x00, 0x00, 0x00, 0x00, 0x00, 0x00, 0x00, 0x00, 0x00,
    0x00, 0x00, 0x00, 0x00, 0x00, 0x00, 0x00, 0x00, 0x00, 0x00, 0x00, 0x00, 0x00, 0x00, 0x00, 0x00,
    0x00, 0x00, 0x00, 0x00, 0x00, 0x00, 0x00, 0x00, 0x00, 0x00, 0x00, 0x00, 0x00, 0x00, 0x00, 0x00,
    0x00, 0x00, 0x00, 0x00, 0x00, 0x00, 0x00, 0x00, 0x00, 0x00, 0x00, 0x00, 0x00, 0x00, 0x00, 0x00,
    0x00, 0x00, 0x00, 0x00, 0x00, 0x00, 0x00, 0x00, 0x00, 0x00, 0x00, 0x00, 0x00, 0x00, 0x00, 0x00,
    0x00, 0x00, 0x00, 0x00, 0x00, 0x00, 0x00, 0x00, 0x00, 0x00, 0x00, 0x00, 0x00, 0x00, 0x00, 0x00,
    0x00, 0x00, 0x00, 0x00, 0x00, 0x00, 0x00, 0x00, 0x00, 0x00, 0x00, 0x00, 0x00, 0x00, 0x00, 0x00,
    0x00, 0x00, 0x00, 0x00, 0x00, 0x00, 0x00, 0x00, 0x00, 0x00, 0x00, 0x00, 0x00, 0x00, 0x00, 0x00,
    0x00, 0x00, 0x00, 0x00, 0x00, 0x00, 0x00, 0x00, 0x00, 0x00, 0x00, 0x00, 0x00, 0x00, 0x00, 0x00,
    0x00, 0x00, 0x00, 0x00, 0x00, 0x00, 0x00, 0x00, 0x00, 0x00, 0x00, 0x00, 0x00, 0x00, 0x00, 0x00,
    0x00, 0x00, 0x00, 0x00, 0x00, 0x00, 0x00, 0x00, 0x00, 0x00, 0x00, 0x00, 0x00, 0x00, 0x00, 0x00,
    0x00, 0x00, 0x00, 0x00, 0x37, 0xdc, 0xff, 0x08, 0x33, 0xda, 0xff, 0x37, 0x32, 0xd9, 0xff, 0xb9,
    0x32, 0xd9, 0xff, 0xf5, 0x32, 0xd9, 0xff, 0xff, 0x32, 0xd9, 0xff, 0xff, 0x32, 0xd9, 0xff, 0xff,
    0x32, 0xd9, 0xff, 0xff, 0x32, 0xd9, 0xff, 0xff, 0x32, 0xd9, 0xff, 0xf1, 0x32, 0xda, 0xff, 0x82,
    0x36, 0xe3, 0xff, 0x0c, 0x00, 0x00, 0x00, 0x00, 0x00, 0x00, 0x00, 0x00, 0x00, 0x00, 0x00, 0x00,
    0x00, 0x00, 0x00, 0x00, 0x00, 0x00, 0x00, 0x00, 0x00, 0x00, 0x00, 0x00, 0x00, 0x00, 0x00, 0x00,
    0x00, 0x00, 0x00, 0x00, 0x00, 0x00, 0x00, 0x00, 0x00, 0x00, 0x00, 0x00, 0x00, 0x00, 0x00, 0x00,
    0x00, 0x00, 0x00, 0x00, 0x00, 0x00, 0x00, 0x00, 0x00, 0x00, 0x00, 0x00, 0x00, 0x00, 0x00, 0x00,
    0x00, 0x00, 0x00, 0x00, 0x00, 0x00, 0x00, 0x00, 0x00, 0x00, 0x00, 0x00, 0x00, 0x00, 0x00, 0x00,
    0x00, 0x00, 0x00, 0x00, 0x00, 0x00, 0x00, 0x00, 0x00, 0x00, 0x00, 0x00, 0x00, 0x00, 0x00, 0x00,
    0x00, 0x00, 0x00, 0x00, 0x00, 0x00, 0x00, 0x00, 0x00, 0x00, 0x00, 0x00, 0x00, 0x00, 0x00, 0x00,
    0x00, 0x00, 0x00, 0x00, 0x00, 0x00, 0x00, 0x00, 0x00, 0x00, 0x00, 0x00, 0x00, 0x00, 0x00, 0x00,
    0x34, 0xda, 0xff, 0x0a, 0x34, 0xda, 0xff, 0x51, 0x32, 0xd9, 0xff, 0xe7, 0x32, 0xd9, 0xff, 0xff,
    0x32, 0xd9, 0xff, 0xff, 0x32, 0xd9, 0xff, 0xff, 0x32, 0xd9, 0xff, 0xff, 0x32, 0xd9, 0xff, 0xff,
    0x32, 0xd9, 0xff, 0xff, 0x32, 0xd9, 0xff, 0xfe, 0x32, 0xd9, 0xff, 0xe7, 0x32, 0xda, 0xff, 0x8f,
    0x34, 0xda, 0xff, 0x16, 0x22, 0xed, 0xff, 0x01, 0x00, 0x00, 0x00, 0x00, 0x00, 0x00, 0x00, 0x00,
    0x00, 0x00, 0x00, 0x00, 0x00, 0x00, 0x00, 0x00, 0x00, 0x00, 0x00, 0x00, 0x00, 0x00, 0x00, 0x00,
    0x00, 0x00, 0x00, 0x00, 0x00, 0x00, 0x00, 0x00, 0x00, 0x00, 0x00, 0x00, 0x00, 0x00, 0x00, 0x00,
    0x00, 0x00, 0x00, 0x00, 0x00, 0x00, 0x00, 0x00, 0x00, 0x00, 0x00, 0x00, 0x00, 0x00, 0x00, 0x00,
    0x00, 0x00, 0x00, 0x00, 0x00, 0x00, 0x00, 0x00, 0x00, 0x00, 0x00, 0x00, 0x00, 0x00, 0x00, 0x00,
    0x00, 0x00, 0x00, 0x00, 0x00, 0x00, 0x00, 0x00, 0x00, 0x00, 0x00, 0x00, 0x00, 0x00, 0x00, 0x00,
    0x00, 0x00, 0x00, 0x00, 0x00, 0x00, 0x00, 0x00, 0x00, 0x00, 0x00, 0x00, 0x00, 0x00, 0x00, 0x00,
    0x00, 0x00, 0x00, 0x00, 0x00, 0x00, 0x00, 0x00, 0x00, 0x00, 0x00, 0x00, 0x00, 0x00, 0x00, 0x00,
    0x00, 0x00, 0x00, 0x00, 0x00, 0x00, 0x00, 0x00, 0x00, 0x00, 0x00, 0x00, 0x00, 0x00, 0x00, 0x00,
    0x00, 0x00, 0x00, 0x00, 0x00, 0x00, 0x00, 0x00, 0x00, 0x00, 0x00, 0x00, 0x00, 0x00, 0x00, 0x00,
    0x00, 0x00, 0x00, 0x00, 0x00, 0x00, 0x00, 0x00, 0x00, 0x00, 0x00, 0x00, 0x00, 0x00, 0x00, 0x00,
    0x3c, 0xd8, 0xff, 0x04, 0x33, 0xda, 0xff, 0x37, 0x32, 0xd9, 0xff, 0xa3, 0x32, 0xd9, 0xff, 0xf5,
    0x32, 0xd9, 0xff, 0xfe, 0x32, 0xd9, 0xff, 0xff, 0x32, 0xd9, 0xff, 0xff, 0x32, 0xd9, 0xff, 0xff,
    0x32, 0xd9, 0xff, 0xff, 0x32, 0xd9, 0xff, 0xff, 0x32, 0xd9, 0xff, 0xf1, 0x31, 0xda, 0xff, 0x87,
    0x36, 0xe3, 0xff, 0x0c, 0x00, 0x00, 0x00, 0x00, 0x00, 0x00, 0x00, 0x00, 0x00, 0x00, 0x00, 0x00,
    0x00, 0x00, 0x00, 0x00, 0x00, 0x00, 0x00, 0x00, 0x00, 0x00, 0x00, 0x00, 0x00, 0x00, 0x00, 0x00,
    0x00, 0x00, 0x00, 0x00, 0x00, 0x00, 0x00, 0x00, 0x00, 0x00, 0x00, 0x00, 0x00, 0x00, 0x00, 0x00,
    0x00, 0x00, 0x00, 0x00, 0x00, 0x00, 0x00, 0x00, 0x00, 0x00, 0x00, 0x00, 0x00, 0x00, 0x00, 0x00,
    0x00, 0x00, 0x00, 0x00, 0x00, 0x00, 0x00, 0x00, 0x00, 0x00, 0x00, 0x00, 0x00, 0x00, 0x00, 0x00,
    0x00, 0x00, 0x00, 0x00, 0x00, 0x00, 0x00, 0x00, 0x00, 0x00, 0x00, 0x00, 0x00, 0x00, 0x00, 0x00,
    0x00, 0x00, 0x00, 0x00, 0x00, 0x00, 0x00, 0x00, 0x00, 0x00, 0x00, 0x00, 0x00, 0x00, 0x00, 0x00,
    0x00, 0x00, 0x00, 0x00, 0x00, 0x00, 0x00, 0x00, 0x00, 0x00, 0x00, 0x00, 0x00, 0x00, 0x00, 0x00,
    0x22, 0xed, 0xff, 0x01, 0x33, 0xda, 0xff, 0x29, 0x31, 0xda, 0xff, 0xaf, 0x32, 0xd9, 0xff, 0xff,
    0x32, 0xd9, 0xff, 0xff, 0x32, 0xd9, 0xff, 0xff, 0x32, 0xd9, 0xff, 0xff, 0x32, 0xd9, 0xff, 0xff,
    0x32, 0xd9, 0xff, 0xff, 0x32, 0xd9, 0xff, 0xff, 0x32, 0xd9, 0xff, 0xff, 0x32, 0xda, 0xff, 0xe3,
    0x31, 0xda, 0xff, 0x62, 0x4d, 0xcb, 0xff, 0x03, 0x00, 0x00, 0x00, 0x00, 0x00, 0x00, 0x00, 0x00,
    0x00, 0x00, 0x00, 0x00, 0x00, 0x00, 0x00, 0x00, 0x00, 0x00, 0x00, 0x00, 0x00, 0x00, 0x00, 0x00,
    0x00, 0x00, 0x00, 0x00, 0x00, 0x00, 0x00, 0x00, 0x00, 0x00, 0x00, 0x00, 0x00, 0x00, 0x00, 0x00,
    0x00, 0x00, 0x00, 0x00, 0x00, 0x00, 0x00, 0x00, 0x00, 0x00, 0x00, 0x00, 0x00, 0x00, 0x00, 0x00,
    0x00, 0x00, 0x00, 0x00, 0x00, 0x00, 0x00, 0x00, 0x00, 0x00, 0x00, 0x00, 0x00, 0x00, 0x00, 0x00,
    0x00, 0x00, 0x00, 0x00, 0x00, 0x00, 0x00, 0x00, 0x00, 0x00, 0x00, 0x00, 0x00, 0x00, 0x00, 0x00,
    0x00, 0x00, 0x00, 0x00, 0x00, 0x00, 0x00, 0x00, 0x00, 0x00, 0x00, 0x00, 0x00, 0x00, 0x00, 0x00,
    0x00, 0x00, 0x00, 0x00, 0x00, 0x00, 0x00, 0x00, 0x00, 0x00, 0x00, 0x00, 0x00, 0x00, 0x00, 0x00,
    0x00, 0x00, 0x00, 0x00, 0x00, 0x00, 0x00, 0x00, 0x00, 0x00, 0x00, 0x00, 0x00, 0x00, 0x00, 0x00,
    0x00, 0x00, 0x00, 0x00, 0x00, 0x00, 0x00, 0x00, 0x00, 0x00, 0x00, 0x00, 0x00, 0x00, 0x00, 0x00,
    0x00, 0x00, 0x00, 0x00, 0x00, 0x00, 0x00, 0x00, 0x00, 0x00, 0x00, 0x00, 0x00, 0x00, 0x00, 0x00,
    0x32, 0xd7, 0xff, 0x1c, 0x32, 0xda, 0xff, 0x98, 0x32, 0xd9, 0xff, 0xf5, 0x32, 0xd9, 0xff, 0xff,
    0x32, 0xd9, 0xff, 0xff, 0x32, 0xd9, 0xff, 0xff, 0x32, 0xd9, 0xff, 0xff, 0x32, 0xd9, 0xff, 0xff,
    0x32, 0xd9, 0xff, 0xff, 0x32, 0xd9, 0xff, 0xff, 0x32, 0xd9, 0xff, 0xe7, 0x31, 0xda, 0xff, 0x62,
    0x3a, 0xd7, 0xff, 0x06, 0x00, 0x00, 0x00, 0x00, 0x00, 0x00, 0x00, 0x00, 0x00, 0x00, 0x00, 0x00,
    0x00, 0x00, 0x00, 0x00, 0x00, 0x00, 0x00, 0x00, 0x00, 0x00, 0x00, 0x00, 0x00, 0x00, 0x00, 0x00,
    0x00, 0x00, 0x00, 0x00, 0x00, 0x00, 0x00, 0x00, 0x00, 0x00, 0x00, 0x00, 0x00, 0x00, 0x00, 0x00,
    0x00, 0x00, 0x00, 0x00, 0x00, 0x00, 0x00, 0x00, 0x00, 0x00, 0x00, 0x00, 0x00, 0x00, 0x00, 0x00,
    0x00, 0x00, 0x00, 0x00, 0x00, 0x00, 0x00, 0x00, 0x00, 0x00, 0x00, 0x00, 0x00, 0x00, 0x00, 0x00,
    0x00, 0x00, 0x00, 0x00, 0x00, 0x00, 0x00, 0x00, 0x00, 0x00, 0x00, 0x00, 0x00, 0x00, 0x00, 0x00,
    0x00, 0x00, 0x00, 0x00, 0x00, 0x00, 0x00, 0x00, 0x00, 0x00, 0x00, 0x00, 0x00, 0x00, 0x00, 0x00,
    0x00, 0x00, 0x00, 0x00, 0x00, 0x00, 0x00, 0x00, 0x00, 0x00, 0x00, 0x00, 0x00, 0x00, 0x00, 0x00,
    0x00, 0x00, 0x00, 0x00, 0x3a, 0xd7, 0xff, 0x06, 0x33, 0xdb, 0xff, 0x43, 0x32, 0xda, 0xff, 0xcd,
    0x32, 0xda, 0xff, 0xf8, 0x32, 0xd9, 0xff, 0xff, 0x32, 0xd9, 0xff, 0xff, 0x32, 0xd9, 0xff, 0xff,
    0x32, 0xd9, 0xff, 0xff, 0x32, 0xd9, 0xff, 0xff, 0x32, 0xd9, 0xff, 0xff, 0x32, 0xd9, 0xff, 0xfe,
    0x32, 0xda, 0xff, 0x9e, 0x32, 0xd9, 0xff, 0x11, 0x00, 0x00, 0x00, 0x00, 0x00, 0x00, 0x00, 0x00,
    0x00, 0x00, 0x00, 0x00, 0x00, 0x00, 0x00, 0x00, 0x00, 0x00, 0x00, 0x00, 0x00, 0x00, 0x00, 0x00,
    0x00, 0x00, 0x00, 0x00, 0x00, 0x00, 0x00, 0x00, 0x00, 0x00, 0x00, 0x00, 0x00, 0x00, 0x00, 0x00,
    0x00, 0x00, 0x00, 0x00, 0x00, 0x00, 0x00, 0x00, 0x00, 0x00, 0x00, 0x00, 0x00, 0x00, 0x00, 0x00,
    0x00, 0x00, 0x00, 0x00, 0x50, 0xe0, 0xff, 0x02, 0x3c, 0xd8, 0xff, 0x04, 0x3a, 0xd7, 0xff, 0x06,
    0x37, 0xdc, 0xff, 0x08, 0x34, 0xda, 0xff, 0x0a, 0x34, 0xda, 0xff, 0x0a, 0x34, 0xda, 0xff, 0x0a,
    0x37, 0xdc, 0xff, 0x08, 0x3a, 0xd7, 0xff, 0x06, 0x4d, 0xcb, 0xff, 0x03, 0x22, 0xed, 0xff, 0x01,
    0x00, 0x00, 0x00, 0x00, 0x00, 0x00, 0x00, 0x00, 0x00, 0x00, 0x00, 0x00, 0x00, 0x00, 0x00, 0x00,
    0x00, 0x00, 0x00, 0x00, 0x00, 0x00, 0x00, 0x00, 0x00, 0x00, 0x00, 0x00, 0x00, 0x00, 0x00, 0x00,
    0x00, 0x00, 0x00, 0x00, 0x00, 0x00, 0x00, 0x00, 0x00, 0x00, 0x00, 0x00, 0x00, 0x00, 0x00, 0x00,
    0x00, 0x00, 0x00, 0x00, 0x00, 0x00, 0x00, 0x00, 0x00, 0x00, 0x00, 0x00, 0x00, 0x00, 0x00, 0x00,
    0x32, 0xda, 0xff, 0x67, 0x32, 0xd9, 0xff, 0xda, 0x32, 0xd9, 0xff, 0xff, 0x32, 0xd9, 0xff, 0xff,
    0x32, 0xd9, 0xff, 0xff, 0x32, 0xd9, 0xff, 0xff, 0x32, 0xd9, 0xff, 0xff, 0x32, 0xd9, 0xff, 0xff,
    0x32, 0xd9, 0xff, 0xff, 0x32, 0xd9, 0xff, 0xf5, 0x32, 0xd9, 0xff, 0xa8, 0x33, 0xda, 0xff, 0x29,
    0x50, 0xe0, 0xff, 0x02, 0x00, 0x00, 0x00, 0x00, 0x00, 0x00, 0x00, 0x00, 0x00, 0x00, 0x00, 0x00,
    0x00, 0x00, 0x00, 0x00, 0x00, 0x00, 0x00, 0x00, 0x00, 0x00, 0x00, 0x00, 0x00, 0x00, 0x00, 0x00,
    0x00, 0x00, 0x00, 0x00, 0x00, 0x00, 0x00, 0x00, 0x00, 0x00, 0x00, 0x00, 0x00, 0x00, 0x00, 0x00,
    0x00, 0x00, 0x00, 0x00, 0x00, 0x00, 0x00, 0x00, 0x00, 0x00, 0x00, 0x00, 0x00, 0x00, 0x00, 0x00,
    0x00, 0x00, 0x00, 0x00, 0x00, 0x00, 0x00, 0x00, 0x00, 0x00, 0x00, 0x00, 0x00, 0x00, 0x00, 0x00,
    0x00, 0x00, 0x00, 0x00, 0x00, 0x00, 0x00, 0x00, 0x00, 0x00, 0x00, 0x00, 0x00, 0x00, 0x00, 0x00,
    0x00, 0x00, 0x00, 0x00, 0x00, 0x00, 0x00, 0x00, 0x00, 0x00, 0x00, 0x00, 0x00, 0x00, 0x00, 0x00,
    0x00, 0x00, 0x00, 0x00, 0x00, 0x00, 0x00, 0x00, 0x00, 0x00, 0x00, 0x00, 0x00, 0x00, 0x00, 0x00,
    0x00, 0x00, 0x00, 0x00, 0x00, 0x00, 0x00, 0x00, 0x36, 0xe3, 0xff, 0x0c, 0x31, 0xda, 0xff, 0x62,
    0x32, 0xda, 0xff, 0xc4, 0x32, 0xda, 0xff, 0xf8, 0x32, 0xd9, 0xff, 0xff, 0x32, 0xd9, 0xff, 0xff,
    0x32, 0xd9, 0xff, 0xff, 0x32, 0xd9, 0xff, 0xff, 0x32, 0xd9, 0xff, 0xff, 0x32, 0xd9, 0xff, 0xff,
    0x32, 0xd9, 0xff, 0xa3, 0x34, 0xda, 0xff, 0x16, 0x00, 0x00, 0x00, 0x00, 0x00, 0x00, 0x00, 0x00,
    0x00, 0x00, 0x00, 0x00, 0x00, 0x00, 0x00, 0x00, 0x00, 0x00, 0x00, 0x00, 0x00, 0x00, 0x00, 0x00,
    0x00, 0x00, 0x00, 0x00, 0x00, 0x00, 0x00, 0x00, 0x00, 0x00, 0x00, 0x00, 0x00, 0x00, 0x00, 0x00,
    0x00, 0x00, 0x00, 0x00, 0x22, 0xed, 0xff, 0x01, 0x3a, 0xd7, 0xff, 0x06, 0x32, 0xd9, 0xff, 0x11,
    0x32, 0xd7, 0xff, 0x1c, 0x33, 0xda, 0xff, 0x29, 0x33, 0xdb, 0xff, 0x43, 0x32, 0xd9, 0xff, 0x5e,
    0x32, 0xd9, 0xff, 0x6a, 0x32, 0xda, 0xff, 0x77, 0x32, 0xda, 0xff, 0x77, 0x32, 0xda, 0xff, 0x70,
    0x32, 0xd9, 0xff, 0x6a, 0x32, 0xda, 0xff, 0x57, 0x33, 0xda, 0xff, 0x3f, 0x33, 0xda, 0xff, 0x29,
    0x35, 0xdb, 0xff, 0x19, 0x33, 0xdb, 0xff, 0x0e, 0x3a, 0xd7, 0xff, 0x06, 0x22, 0xed, 0xff, 0x01,
    0x00, 0x00, 0x00, 0x00, 0x00, 0x00, 0x00, 0x00, 0x00, 0x00, 0x00, 0x00, 0x00, 0x00, 0x00, 0x00,
    0x00, 0x00, 0x00, 0x00, 0x00, 0x00, 0x00, 0x00, 0x00, 0x00, 0x00, 0x00, 0x00, 0x00, 0x00, 0x00,
    0x00, 0x00, 0x00, 0x00, 0x00, 0x00, 0x00, 0x00, 0x00, 0x00, 0x00, 0x00, 0x00, 0x00, 0x00, 0x00,
    0x32, 0xda, 0xff, 0x8f, 0x32, 0xd9, 0xff, 0xf1, 0x32, 0xd9, 0xff, 0xff, 0x32, 0xd9, 0xff, 0xff,
    0x32, 0xd9, 0xff, 0xff, 0x32, 0xd9, 0xff, 0xff, 0x32, 0xd9, 0xff, 0xff, 0x32, 0xd9, 0xff, 0xfe,
    0x32, 0xd9, 0xff, 0xfb, 0x32, 0xd9, 0xff, 0xb9, 0x33, 0xda, 0xff, 0x3f, 0x3a, 0xd7, 0xff, 0x06,
    0x00, 0x00, 0x00, 0x00, 0x00, 0x00, 0x00, 0x00, 0x00, 0x00, 0x00, 0x00, 0x00, 0x00, 0x00, 0x00,
    0x00, 0x00, 0x00, 0x00, 0x00, 0x00, 0x00, 0x00, 0x00, 0x00, 0x00, 0x00, 0x00, 0x00, 0x00, 0x00,
    0x00, 0x00, 0x00, 0x00, 0x00, 0x00, 0x00, 0x00, 0x00, 0x00, 0x00, 0x00, 0x00, 0x00, 0x00, 0x00,
    0x00, 0x00, 0x00, 0x00, 0x00, 0x00, 0x00, 0x00, 0x00, 0x00, 0x00, 0x00, 0x00, 0x00, 0x00, 0x00,
    0x00, 0x00, 0x00, 0x00, 0x00, 0x00, 0x00, 0x00, 0x00, 0x00, 0x00, 0x00, 0x00, 0x00, 0x00, 0x00,
    0x00, 0x00, 0x00, 0x00, 0x00, 0x00, 0x00, 0x00, 0x00, 0x00, 0x00, 0x00, 0x00, 0x00, 0x00, 0x00,
    0x00, 0x00, 0x00, 0x00, 0x00, 0x00, 0x00, 0x00, 0x00, 0x00, 0x00, 0x00, 0x00, 0x00, 0x00, 0x00,
    0x00, 0x00, 0x00, 0x00, 0x00, 0x00, 0x00, 0x00, 0x00, 0x00, 0x00, 0x00, 0x00, 0x00, 0x00, 0x00,
    0x00, 0x00, 0x00, 0x00, 0x00, 0x00, 0x00, 0x00, 0x00, 0x00, 0x00, 0x00, 0x33, 0xdb, 0xff, 0x0e,
    0x32, 0xda, 0xff, 0x5b, 0x31, 0xda, 0xff, 0xd7, 0x32, 0xd9, 0xff, 0xfe, 0x32, 0xd9, 0xff, 0xff,
    0x32, 0xd9, 0xff, 0xff, 0x32, 0xd9, 0xff, 0xff, 0x32, 0xd9, 0xff, 0xff, 0x32, 0xda, 0xff, 0xf8,
    0x32, 0xda, 0xff, 0x8f, 0x36, 0xe3, 0xff, 0x0c, 0x00, 0x00, 0x00, 0x00, 0x00, 0x00, 0x00, 0x00,
    0x00, 0x00, 0x00, 0x00, 0x00, 0x00, 0x00, 0x00, 0x00, 0x00, 0x00, 0x00, 0x00, 0x00, 0x00, 0x00,
    0x00, 0x00, 0x00, 0x00, 0x00, 0x00, 0x00, 0x00, 0x00, 0x00, 0x00, 0x00, 0x22, 0xed, 0xff, 0x01,
    0x34, 0xda, 0xff, 0x0a, 0x35, 0xdb, 0xff, 0x19, 0x33, 0xda, 0xff, 0x3f, 0x32, 0xda, 0xff, 0x77,
    0x31, 0xda, 0xff, 0xaf, 0x32, 0xda, 0xff, 0xcd, 0x32, 0xd9, 0xff, 0xda, 0x32, 0xda, 0xff, 0xe3,
    0x32, 0xd9, 0xff, 0xe7, 0x32, 0xda, 0xff, 0xea, 0x32, 0xd9, 0xff, 0xed, 0x32, 0xda, 0xff, 0xea,
    0x32, 0xd9, 0xff, 0xe7, 0x32, 0xda, 0xff, 0xe3, 0x32, 0xd9, 0xff, 0xda, 0x32, 0xda, 0xff, 0xcd,
    0x32, 0xda, 0xff, 0x9e, 0x32, 0xd9, 0xff, 0x6a, 0x33, 0xda, 0xff, 0x37, 0x34, 0xde, 0xff, 0x14,
    0x3a, 0xd7, 0xff, 0x06, 0x00, 0x00, 0x00, 0x00, 0x00, 0x00, 0x00, 0x00, 0x00, 0x00, 0x00, 0x00,
    0x00, 0x00, 0x00, 0x00, 0x00, 0x00, 0x00, 0x00, 0x00, 0x00, 0x00, 0x00, 0x00, 0x00, 0x00, 0x00,
    0x00, 0x00, 0x00, 0x00, 0x00, 0x00, 0x00, 0x00, 0x00, 0x00, 0x00, 0x00, 0x00, 0x00, 0x00, 0x00,
    0x32, 0xdb, 0xff, 0x95, 0x31, 0xda, 0xff, 0xf3, 0x32, 0xd9, 0xff, 0xff, 0x32, 0xd9, 0xff, 0xff,
    0x32, 0xd9, 0xff, 0xff, 0x32, 0xd9, 0xff, 0xff, 0x32, 0xd9, 0xff, 0xff, 0x32, 0xda, 0xff, 0xf8,
    0x32, 0xda, 0xff, 0xcd, 0x33, 0xdb, 0xff, 0x43, 0x34, 0xda, 0xff, 0x0a, 0x00, 0x00, 0x00, 0x00,
    0x00, 0x00, 0x00, 0x00, 0x00, 0x00, 0x00, 0x00, 0x00, 0x00, 0x00, 0x00, 0x00, 0x00, 0x00, 0x00,
    0x00, 0x00, 0x00, 0x00, 0x00, 0x00, 0x00, 0x00, 0x00, 0x00, 0x00, 0x00, 0x00, 0x00, 0x00, 0x00,
    0x00, 0x00, 0x00, 0x00, 0x00, 0x00, 0x00, 0x00, 0x00, 0x00, 0x00, 0x00, 0x00, 0x00, 0x00, 0x00,
    0x00, 0x00, 0x00, 0x00, 0x00, 0x00, 0x00, 0x00, 0x00, 0x00, 0x00, 0x00, 0x00, 0x00, 0x00, 0x00,
    0x00, 0x00, 0x00, 0x00, 0x00, 0x00, 0x00, 0x00, 0x00, 0x00, 0x00, 0x00, 0x00, 0x00, 0x00, 0x00,
    0x00, 0x00, 0x00, 0x00, 0x00, 0x00, 0x00, 0x00, 0x00, 0x00, 0x00, 0x00, 0x00, 0x00, 0x00, 0x00,
    0x00, 0x00, 0x00, 0x00, 0x00, 0x00, 0x00, 0x00, 0x00, 0x00, 0x00, 0x00, 0x00, 0x00, 0x00, 0x00,
    0x00, 0x00, 0x00, 0x00, 0x00, 0x00, 0x00, 0x00, 0x00, 0x00, 0x00, 0x00, 0x00, 0x00, 0x00, 0x00,
    0x00, 0x00, 0x00, 0x00, 0x00, 0x00, 0x00, 0x00, 0x00, 0x00, 0x00, 0x00, 0x00, 0x00, 0x00, 0x00,
    0x36, 0xe3, 0xff, 0x0c, 0x31, 0xda, 0xff, 0x62, 0x32, 0xd9, 0xff, 0xd2, 0x32, 0xd9, 0xff, 0xfb,
    0x32, 0xd9, 0xff, 0xff, 0x32, 0xd9, 0xff, 0xff, 0x32, 0xda, 0xff, 0xf8, 0x32, 0xd9, 0xff, 0xc9,
    0x33, 0xdb, 0xff, 0x43, 0x4d, 0xcb, 0xff, 0x03, 0x00, 0x00, 0x00, 0x00, 0x00, 0x00, 0x00, 0x00,
    0x00, 0x00, 0x00, 0x00, 0x00, 0x00, 0x00, 0x00, 0x00, 0x00, 0x00, 0x00, 0x00, 0x00, 0x00, 0x00,
    0x00, 0x00, 0x00, 0x00, 0x22, 0xed, 0xff, 0x01, 0x33, 0xdb, 0xff, 0x0e, 0x33, 0xdb, 0xff, 0x2e,
    0x32, 0xd9, 0xff, 0x6a, 0x32, 0xd9, 0xff, 0xb9, 0x32, 0xda, 0xff, 0xe3, 0x31, 0xda, 0xff, 0xf3,
    0x32, 0xd9, 0xff, 0xfb, 0x32, 0xd9, 0xff, 0xfe, 0x32, 0xd9, 0xff, 0xff, 0x32, 0xd9, 0xff, 0xff,
    0x32, 0xd9, 0xff, 0xff, 0x32, 0xd9, 0xff, 0xff, 0x32, 0xd9, 0xff, 0xff, 0x32, 0xd9, 0xff, 0xff,
    0x32, 0xd9, 0xff, 0xff, 0x32, 0xd9, 0xff, 0xff, 0x32, 0xd9, 0xff, 0xff, 0x32, 0xd9, 0xff, 0xfe,
    0x32, 0xda, 0xff, 0xf8, 0x32, 0xd9, 0xff, 0xf1, 0x32, 0xda, 0xff, 0xde, 0x32, 0xd9, 0xff, 0xa8,
    0x32, 0xd9, 0xff, 0x5e, 0x33, 0xdc, 0xff, 0x22, 0x34, 0xda, 0xff, 0x0a, 0x22, 0xed, 0xff, 0x01,
    0x00, 0x00, 0x00, 0x00, 0x00, 0x00, 0x00, 0x00, 0x00, 0x00, 0x00, 0x00, 0x00, 0x00, 0x00, 0x00,
    0x00, 0x00, 0x00, 0x00, 0x00, 0x00, 0x00, 0x00, 0x00, 0x00, 0x00, 0x00, 0x00, 0x00, 0x00, 0x00,
    0x32, 0xda, 0xff, 0x67, 0x32, 0xda, 0xff, 0xde, 0x32, 0xd9, 0xff, 0xff, 0x32, 0xd9, 0xff, 0xff,
    0x32, 0xd9, 0xff, 0xff, 0x32, 0xd9, 0xff, 0xff, 0x32, 0xd9, 0xff, 0xfb, 0x32, 0xd9, 0xff, 0xbe,
    0x32, 0xda, 0xff, 0x4e, 0x3a, 0xd7, 0xff, 0x06, 0x00, 0x00, 0x00, 0x00, 0x00, 0x00, 0x00, 0x00,
    0x00, 0x00, 0x00, 0x00, 0x00, 0x00, 0x00, 0x00, 0x00, 0x00, 0x00, 0x00, 0x00, 0x00, 0x00, 0x00,
    0x00, 0x00, 0x00, 0x00, 0x00, 0x00, 0x00, 0x00, 0x00, 0x00, 0x00, 0x00, 0x00, 0x00, 0x00, 0x00,
    0x00, 0x00, 0x00, 0x00, 0x00, 0x00, 0x00, 0x00, 0x00, 0x00, 0x00, 0x00, 0x00, 0x00, 0x00, 0x00,
    0x00, 0x00, 0x00, 0x00, 0x00, 0x00, 0x00, 0x00, 0x00, 0x00, 0x00, 0x00, 0x00, 0x00, 0x00, 0x00,
    0x00, 0x00, 0x00, 0x00, 0x00, 0x00, 0x00, 0x00, 0x00, 0x00, 0x00, 0x00, 0x00, 0x00, 0x00, 0x00,
    0x00, 0x00, 0x00, 0x00, 0x00, 0x00, 0x00, 0x00, 0x00, 0x00, 0x00, 0x00, 0x00, 0x00, 0x00, 0x00,
    0x00, 0x00, 0x00, 0x00, 0x00, 0x00, 0x00, 0x00, 0x00, 0x00, 0x00, 0x00, 0x00, 0x00, 0x00, 0x00,
    0x00, 0x00, 0x00, 0x00, 0x00, 0x00, 0x00, 0x00, 0x00, 0x00, 0x00, 0x00, 0x00, 0x00, 0x00, 0x00,
    0x00, 0x00, 0x00, 0x00, 0x00, 0x00, 0x00, 0x00, 0x00, 0x00, 0x00, 0x00, 0x00, 0x00, 0x00, 0x00,
    0x22, 0xed, 0xff, 0x01, 0x32, 0xd9, 0xff, 0x11, 0x32, 0xd9, 0xff, 0x5e, 0x32, 0xd9, 0xff, 0xab,
    0x32, 0xda, 0xff, 0xcd, 0x32, 0xda, 0xff, 0xcd, 0x32, 0xd9, 0xff, 0xab, 0x32, 0xda, 0xff, 0x5b,
    0x34, 0xda, 0xff, 0x0a, 0x00, 0x00, 0x00, 0x00, 0x00, 0x00, 0x00, 0x00, 0x00, 0x00, 0x00, 0x00,
    0x00, 0x00, 0x00, 0x00, 0x00, 0x00, 0x00, 0x00, 0x00, 0x00, 0x00, 0x00, 0x00, 0x00, 0x00, 0x00,
    0x34, 0xda, 0xff, 0x0a, 0x33, 0xdb, 0xff, 0x2e, 0x32, 0xda, 0xff, 0x70, 0x32, 0xd9, 0xff, 0xbe,
    0x32, 0xd9, 0xff, 0xe7, 0x32, 0xda, 0xff, 0xf8, 0x32, 0xd9, 0xff, 0xfe, 0x32, 0xd9, 0xff, 0xff,
    0x32, 0xd9, 0xff, 0xff, 0x32, 0xd9, 0xff, 0xff, 0x32, 0xd9, 0xff, 0xff, 0x32, 0xd9, 0xff, 0xff,
    0x32, 0xd9, 0xff, 0xff, 0x32, 0xd9, 0xff, 0xff, 0x32, 0xd9, 0xff, 0xff, 0x32, 0xd9, 0xff, 0xff,
    0x32, 0xd9, 0xff, 0xff, 0x32, 0xd9, 0xff, 0xff, 0x32, 0xd9, 0xff, 0xff, 0x32, 0xd9, 0xff, 0xff,
    0x32, 0xd9, 0xff, 0xff, 0x32, 0xd9, 0xff, 0xff, 0x32, 0xd9, 0xff, 0xfb, 0x32, 0xd9, 0xff, 0xf5,
    0x32, 0xda, 0xff, 0xe3, 0x31, 0xda, 0xff, 0xaf, 0x31, 0xda, 0xff, 0x62, 0x33, 0xda, 0xff, 0x29,
    0x3a, 0xd7, 0xff, 0x06, 0x00, 0x00, 0x00, 0x00, 0x00, 0x00, 0x00, 0x00, 0x00, 0x00, 0x00, 0x00,
    0x00, 0x00, 0x00, 0x00, 0x00, 0x00, 0x00, 0x00, 0x00, 0x00, 0x00, 0x00, 0x00, 0x00, 0x00, 0x00,
    0x33, 0xda, 0xff, 0x26, 0x32, 0xdb, 0xff, 0x95, 0x32, 0xd9, 0xff, 0xe7, 0x32, 0xd9, 0xff, 0xfe,
    0x32, 0xd9, 0xff, 0xfe, 0x32, 0xd9, 0xff, 0xf5, 0x32, 0xd9, 0xff, 0xbe, 0x32, 0xda, 0xff, 0x4e,
    0x34, 0xda, 0xff, 0x0a, 0x00, 0x00, 0x00, 0x00, 0x00, 0x00, 0x00, 0x00, 0x00, 0x00, 0x00, 0x00,
    0x00, 0x00, 0x00, 0x00, 0x00, 0x00, 0x00, 0x00, 0x00, 0x00, 0x00, 0x00, 0x00, 0x00, 0x00, 0x00,
    0x00, 0x00, 0x00, 0x00, 0x00, 0x00, 0x00, 0x00, 0x00, 0x00, 0x00, 0x00, 0x00, 0x00, 0x00, 0x00,
    0x00, 0x00, 0x00, 0x00, 0x00, 0x00, 0x00, 0x00, 0x00, 0x00, 0x00, 0x00, 0x00, 0x00, 0x00, 0x00,
    0x00, 0x00, 0x00, 0x00, 0x00, 0x00, 0x00, 0x00, 0x00, 0x00, 0x00, 0x00, 0x00, 0x00, 0x00, 0x00,
    0x00, 0x00, 0x00, 0x00, 0x00, 0x00, 0x00, 0x00, 0x00, 0x00, 0x00, 0x00, 0x00, 0x00, 0x00, 0x00,
    0x00, 0x00, 0x00, 0x00, 0x00, 0x00, 0x00, 0x00, 0x00, 0x00, 0x00, 0x00, 0x00, 0x00, 0x00, 0x00,
    0x00, 0x00, 0x00, 0x00, 0x00, 0x00, 0x00, 0x00, 0x00, 0x00, 0x00, 0x00, 0x00, 0x00, 0x00, 0x00,
    0x00, 0x00, 0x00, 0x00, 0x00, 0x00, 0x00, 0x00, 0x00, 0x00, 0x00, 0x00, 0x00, 0x00, 0x00, 0x00,
    0x00, 0x00, 0x00, 0x00, 0x00, 0x00, 0x00, 0x00, 0x00, 0x00, 0x00, 0x00, 0x00, 0x00, 0x00, 0x00,
    0x00, 0x00, 0x00, 0x00, 0x00, 0x00, 0x00, 0x00, 0x37, 0xdc, 0xff, 0x08, 0x33, 0xda, 0xff, 0x26,
    0x33, 0xdb, 0xff, 0x48, 0x33, 0xdb, 0xff, 0x48, 0x33, 0xda, 0xff, 0x26, 0x37, 0xdc, 0xff, 0x08,
    0x00, 0x00, 0x00, 0x00, 0x00, 0x00, 0x00, 0x00, 0x00, 0x00, 0x00, 0x00, 0x00, 0x00, 0x00, 0x00,
    0x00, 0x00, 0x00, 0x00, 0x00, 0x00, 0x00, 0x00, 0x50, 0xe0, 0xff, 0x02, 0x34, 0xda, 0xff, 0x16,
    0x32, 0xda, 0xff, 0x57, 0x31, 0xda, 0xff, 0xaf, 0x32, 0xda, 0xff, 0xea, 0x32, 0xd9, 0xff, 0xfb,
    0x32, 0xd9, 0xff, 0xff, 0x32, 0xd9, 0xff, 0xff, 0x32, 0xd9, 0xff, 0xff, 0x32, 0xd9, 0xff, 0xff,
    0x32, 0xd9, 0xff, 0xff, 0x32, 0xd9, 0xff, 0xff, 0x32, 0xd9, 0xff, 0xff, 0x32, 0xd9, 0xff, 0xff,
    0x32, 0xd9, 0xff, 0xff, 0x32, 0xd9, 0xff, 0xff, 0x32, 0xd9, 0xff, 0xff, 0x32, 0xd9, 0xff, 0xff,
    0x32, 0xd9, 0xff, 0xff, 0x32, 0xd9, 0xff, 0xff, 0x32, 0xd9, 0xff, 0xff, 0x32, 0xd9, 0xff, 0xff,
    0x32, 0xd9, 0xff, 0xff, 0x32, 0xd9, 0xff, 0xff, 0x32, 0xd9, 0xff, 0xff, 0x32, 0xd9, 0xff, 0xff,
    0x32, 0xd9, 0xff, 0xff, 0x32, 0xda, 0xff, 0xf8, 0x32, 0xd9, 0xff, 0xe7, 0x32, 0xda, 0xff, 0x9e,
    0x33, 0xdb, 0xff, 0x43, 0x33, 0xdb, 0xff, 0x0e, 0x22, 0xed, 0xff, 0x01, 0x00, 0x00, 0x00, 0x00,
    0x00, 0x00, 0x00, 0x00, 0x00, 0x00, 0x00, 0x00, 0x00, 0x00, 0x00, 0x00, 0x00, 0x00, 0x00, 0x00,
    0x3c, 0xd8, 0xff, 0x04, 0x33, 0xdb, 0xff, 0x2e, 0x32, 0xda, 0xff, 0x82, 0x32, 0xd9, 0xff, 0xb9,
    0x32, 0xd9, 0xff, 0xb9, 0x32, 0xdb, 0xff, 0x95, 0x33, 0xda, 0xff, 0x3f, 0x34, 0xda, 0xff, 0x0a,
    0x00, 0x00, 0x00, 0x00, 0x00, 0x00, 0x00, 0x00, 0x00, 0x00, 0x00, 0x00, 0x00, 0x00, 0x00, 0x00,
    0x00, 0x00, 0x00, 0x00, 0x00, 0x00, 0x00, 0x00, 0x00, 0x00, 0x00, 0x00, 0x00, 0x00, 0x00, 0x00,
    0x00, 0x00, 0x00, 0x00, 0x00, 0x00, 0x00, 0x00, 0x00, 0x00, 0x00, 0x00, 0x00, 0x00, 0x00, 0x00,
    0x00, 0x00, 0x00, 0x00, 0x00, 0x00, 0x00, 0x00, 0x00, 0x00, 0x00, 0x00, 0x00, 0x00, 0x00, 0x00,
    0x00, 0x00, 0x00, 0x00, 0x00, 0x00, 0x00, 0x00, 0x00, 0x00, 0x00, 0x00, 0x00, 0x00, 0x00, 0x00,
    0x00, 0x00, 0x00, 0x00, 0x00, 0x00, 0x00, 0x00, 0x00, 0x00, 0x00, 0x00, 0x00, 0x00, 0x00, 0x00,
    0x00, 0x00, 0x00, 0x00, 0x00, 0x00, 0x00, 0x00, 0x00, 0x00, 0x00, 0x00, 0x00, 0x00, 0x00, 0x00,
    0x00, 0x00, 0x00, 0x00, 0x00, 0x00, 0x00, 0x00, 0x00, 0x00, 0x00, 0x00, 0x00, 0x00, 0x00, 0x00,
    0x00, 0x00, 0x00, 0x00, 0x00, 0x00, 0x00, 0x00, 0x00, 0x00, 0x00, 0x00, 0x00, 0x00, 0x00, 0x00,
    0x00, 0x00, 0x00, 0x00, 0x00, 0x00, 0x00, 0x00, 0x00, 0x00, 0x00, 0x00, 0x00, 0x00, 0x00, 0x00,
    0x00, 0x00, 0x00, 0x00, 0x00, 0x00, 0x00, 0x00, 0x00, 0x00, 0x00, 0x00, 0x00, 0x00, 0x00, 0x00,
    0x00, 0x00, 0x00, 0x00, 0x00, 0x00, 0x00, 0x00, 0x00, 0x00, 0x00, 0x00, 0x00, 0x00, 0x00, 0x00,
    0x00, 0x00, 0x00, 0x00, 0x00, 0x00, 0x00, 0x00, 0x00, 0x00, 0x00, 0x00, 0x00, 0x00, 0x00, 0x00,
    0x00, 0x00, 0x00, 0x00, 0x4d, 0xcb, 0xff, 0x03, 0x33, 0xdc, 0xff, 0x22, 0x32, 0xda, 0xff, 0x7d,
    0x32, 0xda, 0xff, 0xde, 0x32, 0xd9, 0xff, 0xff, 0x32, 0xd9, 0xff, 0xff, 0x32, 0xd9, 0xff, 0xff,
    0x32, 0xd9, 0xff, 0xff, 0x32, 0xd9, 0xff, 0xff, 0x32, 0xd9, 0xff, 0xff, 0x32, 0xd9, 0xff, 0xff,
    0x32, 0xd9, 0xff, 0xff, 0x32, 0xd9, 0xff, 0xff, 0x32, 0xd9, 0xff, 0xff, 0x32, 0xd9, 0xff, 0xff,
    0x32, 0xd9, 0xff, 0xff, 0x32, 0xd9, 0xff, 0xff, 0x32, 0xd9, 0xff, 0xff, 0x32, 0xd9, 0xff, 0xff,
    0x32, 0xd9, 0xff, 0xff, 0x32, 0xd9, 0xff, 0xff, 0x32, 0xd9, 0xff, 0xff, 0x32, 0xd9, 0xff, 0xff,
    0x32, 0xd9, 0xff, 0xff, 0x32, 0xd9, 0xff, 0xff, 0x32, 0xd9, 0xff, 0xff, 0x32, 0xd9, 0xff, 0xff,
    0x32, 0xd9, 0xff, 0xff, 0x32, 0xd9, 0xff, 0xff, 0x32, 0xd9, 0xff, 0xff, 0x32, 0xd9, 0xff, 0xfe,
    0x32, 0xd9, 0xff, 0xd2, 0x32, 0xd9, 0xff, 0x6a, 0x34, 0xda, 0xff, 0x16, 0x50, 0xe0, 0xff, 0x02,
    0x00, 0x00, 0x00, 0x00, 0x00, 0x00, 0x00, 0x00, 0x00, 0x00, 0x00, 0x00, 0x00, 0x00, 0x00, 0x00,
    0x00, 0x00, 0x00, 0x00, 0x00, 0x00, 0x00, 0x00, 0x50, 0xe0, 0xff, 0x02, 0x32, 0xd9, 0xff, 0x11,
    0x34, 0xda, 0xff, 0x16, 0x3c, 0xd8, 0xff, 0x04, 0x00, 0x00, 0x00, 0x00, 0x00, 0x00, 0x00, 0x00,
    0x00, 0x00, 0x00, 0x00, 0x00, 0x00, 0x00, 0x00, 0x00, 0x00, 0x00, 0x00, 0x00, 0x00, 0x00, 0x00,
    0x00, 0x00, 0x00, 0x00, 0x00, 0x00, 0x00, 0x00, 0x00, 0x00, 0x00, 0x00, 0x00, 0x00, 0x00, 0x00,
    0x00, 0x00, 0x00, 0x00, 0x00, 0x00, 0x00, 0x00, 0x00, 0x00, 0x00, 0x00, 0x00, 0x00, 0x00, 0x00,
    0x00, 0x00, 0x00, 0x00, 0x00, 0x00, 0x00, 0x00, 0x00, 0x00, 0x00, 0x00, 0x00, 0x00, 0x00, 0x00,
    0x00, 0x00, 0x00, 0x00, 0x00, 0x00, 0x00, 0x00, 0x00, 0x00, 0x00, 0x00, 0x00, 0x00, 0x00, 0x00,
    0x00, 0x00, 0x00, 0x00, 0x00, 0x00, 0x00, 0x00, 0x00, 0x00, 0x00, 0x00, 0x00, 0x00, 0x00, 0x00,
    0x00, 0x00, 0x00, 0x00, 0x00, 0x00, 0x00, 0x00, 0x00, 0x00, 0x00, 0x00, 0x00, 0x00, 0x00, 0x00,
    0x00, 0x00, 0x00, 0x00, 0x00, 0x00, 0x00, 0x00, 0x00, 0x00, 0x00, 0x00, 0x00, 0x00, 0x00, 0x00,
    0x00, 0x00, 0x00, 0x00, 0x00, 0x00, 0x00, 0x00, 0x00, 0x00, 0x00, 0x00, 0x00, 0x00, 0x00, 0x00,
    0x00, 0x00, 0x00, 0x00, 0x00, 0x00, 0x00, 0x00, 0x00, 0x00, 0x00, 0x00, 0x00, 0x00, 0x00, 0x00,
    0x00, 0x00, 0x00, 0x00, 0x00, 0x00, 0x00, 0x00, 0x00, 0x00, 0x00, 0x00, 0x00, 0x00, 0x00, 0x00,
    0x00, 0x00, 0x00, 0x00, 0x00, 0x00, 0x00, 0x00, 0x00, 0x00, 0x00, 0x00, 0x00, 0x00, 0x00, 0x00,
    0x00, 0x00, 0x00, 0x00, 0x00, 0x00, 0x00, 0x00, 0x00, 0x00, 0x00, 0x00, 0x22, 0xed, 0xff, 0x01,
    0x37, 0xdc, 0xff, 0x08, 0x33, 0xda, 0xff, 0x33, 0x32, 0xda, 0xff, 0x9e, 0x32, 0xda, 0xff, 0xea,
    0x32, 0xd9, 0xff, 0xfe, 0x32, 0xd9, 0xff, 0xff, 0x32, 0xd9, 0xff, 0xff, 0x32, 0xd9, 0xff, 0xff,
    0x32, 0xd9, 0xff, 0xff, 0x32, 0xd9, 0xff, 0xff, 0x32, 0xd9, 0xff, 0xff, 0x32, 0xd9, 0xff, 0xff,
    0x32, 0xd9, 0xff, 0xff, 0x32, 0xd9, 0xff, 0xff, 0x32, 0xd9, 0xff, 0xff, 0x32, 0xd9, 0xff, 0xff,
    0x32, 0xd9, 0xff, 0xff, 0x32, 0xd9, 0xff, 0xff, 0x32, 0xd9, 0xff, 0xff, 0x32, 0xd9, 0xff, 0xff,
    0x32, 0xd9, 0xff, 0xff, 0x32, 0xd9, 0xff, 0xff, 0x32, 0xd9, 0xff, 0xff, 0x32, 0xd9, 0xff, 0xff,
    0x32, 0xd9, 0xff, 0xff, 0x32, 0xd9, 0xff, 0xff, 0x32, 0xd9, 0xff, 0xff, 0x32, 0xd9, 0xff, 0xff,
    0x32, 0xd9, 0xff, 0xff, 0x32, 0xd9, 0xff, 0xff, 0x32, 0xd9, 0xff, 0xff, 0x32, 0xd9, 0xff, 0xff,
    0x32, 0xd9, 0xff, 0xfb, 0x32, 0xda, 0xff, 0xe3, 0x32, 0xda, 0xff, 0x82, 0x33, 0xda, 0xff, 0x26,
    0x3c, 0xd8, 0xff, 0x04, 0x00, 0x00, 0x00, 0x00, 0x00, 0x00, 0x00, 0x00, 0x00, 0x00, 0x00, 0x00,
    0x00, 0x00, 0x00, 0x00, 0x00, 0x00, 0x00, 0x00, 0x00, 0x00, 0x00, 0x00, 0x22, 0xed, 0xff, 0x01,
    0x22, 0xed, 0xff, 0x01, 0x00, 0x00, 0x00, 0x00, 0x00, 0x00, 0x00, 0x00, 0x00, 0x00, 0x00, 0x00,
    0x00, 0x00, 0x00, 0x00, 0x00, 0x00, 0x00, 0x00, 0x00, 0x00, 0x00, 0x00, 0x00, 0x00, 0x00, 0x00,
    0x00, 0x00, 0x00, 0x00, 0x00, 0x00, 0x00, 0x00, 0x00, 0x00, 0x00, 0x00, 0x00, 0x00, 0x00, 0x00,
    0x00, 0x00, 0x00, 0x00, 0x00, 0x00, 0x00, 0x00, 0x00, 0x00, 0x00, 0x00, 0x00, 0x00, 0x00, 0x00,
    0x00, 0x00, 0x00, 0x00, 0x00, 0x00, 0x00, 0x00, 0x00, 0x00, 0x00, 0x00, 0x00, 0x00, 0x00, 0x00,
    0x00, 0x00, 0x00, 0x00, 0x00, 0x00, 0x00, 0x00, 0x00, 0x00, 0x00, 0x00, 0x00, 0x00, 0x00, 0x00,
    0x00, 0x00, 0x00, 0x00, 0x00, 0x00, 0x00, 0x00, 0x00, 0x00, 0x00, 0x00, 0x00, 0x00, 0x00, 0x00,
    0x00, 0x00, 0x00, 0x00, 0x00, 0x00, 0x00, 0x00, 0x00, 0x00, 0x00, 0x00, 0x00, 0x00, 0x00, 0x00,
    0x00, 0x00, 0x00, 0x00, 0x00, 0x00, 0x00, 0x00, 0x00, 0x00, 0x00, 0x00, 0x00, 0x00, 0x00, 0x00,
    0x00, 0x00, 0x00, 0x00, 0x00, 0x00, 0x00, 0x00, 0x00, 0x00, 0x00, 0x00, 0x00, 0x00, 0x00, 0x00,
    0x00, 0x00, 0x00, 0x00, 0x00, 0x00, 0x00, 0x00, 0x00, 0x00, 0x00, 0x00, 0x00, 0x00, 0x00, 0x00,
    0x00, 0x00, 0x00, 0x00, 0x00, 0x00, 0x00, 0x00, 0x00, 0x00, 0x00, 0x00, 0x00, 0x00, 0x00, 0x00,
    0x00, 0x00, 0x00, 0x00, 0x00, 0x00, 0x00, 0x00, 0x00, 0x00, 0x00, 0x00, 0x00, 0x00, 0x00, 0x00,
    0x00, 0x00, 0x00, 0x00, 0x00, 0x00, 0x00, 0x00, 0x00, 0x00, 0x00, 0x00, 0x3c, 0xd8, 0xff, 0x04,
    0x33, 0xda, 0xff, 0x37, 0x32, 0xd9, 0xff, 0xa3, 0x32, 0xd9, 0xff, 0xf1, 0x32, 0xd9, 0xff, 0xfe,
    0x32, 0xd9, 0xff, 0xff, 0x32, 0xd9, 0xff, 0xff, 0x32, 0xd9, 0xff, 0xff, 0x32, 0xd9, 0xff, 0xff,
    0x32, 0xd9, 0xff, 0xff, 0x32, 0xd9, 0xff, 0xff, 0x32, 0xd9, 0xff, 0xff, 0x32, 0xd9, 0xff, 0xff,
    0x32, 0xd9, 0xff, 0xff, 0x32, 0xd9, 0xff, 0xff, 0x32, 0xd9, 0xff, 0xff, 0x32, 0xd9, 0xff, 0xff,
    0x32, 0xd9, 0xff, 0xff, 0x32, 0xd9, 0xff, 0xff, 0x32, 0xd9, 0xff, 0xff, 0x32, 0xd9, 0xff, 0xff,
    0x32, 0xd9, 0xff, 0xff, 0x32, 0xd9, 0xff, 0xff, 0x32, 0xd9, 0xff, 0xff, 0x32, 0xd9, 0xff, 0xff,
    0x32, 0xd9, 0xff, 0xff, 0x32, 0xd9, 0xff, 0xff, 0x32, 0xd9, 0xff, 0xff, 0x32, 0xd9, 0xff, 0xff,
    0x32, 0xd9, 0xff, 0xff, 0x32, 0xd9, 0xff, 0xff, 0x32, 0xd9, 0xff, 0xff, 0x32, 0xd9, 0xff, 0xff,
    0x32, 0xd9, 0xff, 0xff, 0x32, 0xd9, 0xff, 0xfe, 0x32, 0xda, 0xff, 0xe3, 0x32, 0xda, 0xff, 0x8f,
    0x33, 0xda, 0xff, 0x26, 0x00, 0x00, 0x00, 0x00, 0x00, 0x00, 0x00, 0x00, 0x00, 0x00, 0x00, 0x00,
    0x00, 0x00, 0x00, 0x00, 0x00, 0x00, 0x00, 0x00, 0x00, 0x00, 0x00, 0x00, 0x00, 0x00, 0x00, 0x00,
    0x00, 0x00, 0x00, 0x00, 0x00, 0x00, 0x00, 0x00, 0x00, 0x00, 0x00, 0x00, 0x00, 0x00, 0x00, 0x00,
    0x00, 0x00, 0x00, 0x00, 0x00, 0x00, 0x00, 0x00, 0x00, 0x00, 0x00, 0x00, 0x00, 0x00, 0x00, 0x00,
    0x00, 0x00, 0x00, 0x00, 0x00, 0x00, 0x00, 0x00, 0x00, 0x00, 0x00, 0x00, 0x00, 0x00, 0x00, 0x00,
    0x00, 0x00, 0x00, 0x00, 0x00, 0x00, 0x00, 0x00, 0x00, 0x00, 0x00, 0x00, 0x00, 0x00, 0x00, 0x00,
    0x00, 0x00, 0x00, 0x00, 0x00, 0x00, 0x00, 0x00, 0x00, 0x00, 0x00, 0x00, 0x00, 0x00, 0x00, 0x00,
    0x00, 0x00, 0x00, 0x00, 0x00, 0x00, 0x00, 0x00, 0x00, 0x00, 0x00, 0x00, 0x00, 0x00, 0x00, 0x00,
    0x00, 0x00, 0x00, 0x00, 0x00, 0x00, 0x00, 0x00, 0x00, 0x00, 0x00, 0x00, 0x00, 0x00, 0x00, 0x00,
    0x00, 0x00, 0x00, 0x00, 0x00, 0x00, 0x00, 0x00, 0x00, 0x00, 0x00, 0x00, 0x00, 0x00, 0x00, 0x00,
    0x00, 0x00, 0x00, 0x00, 0x00, 0x00, 0x00, 0x00, 0x00, 0x00, 0x00, 0x00, 0x00, 0x00, 0x00, 0x00,
    0x00, 0x00, 0x00, 0x00, 0x00, 0x00, 0x00, 0x00, 0x00, 0x00, 0x00, 0x00, 0x00, 0x00, 0x00, 0x00,
    0x00, 0x00, 0x00, 0x00, 0x00, 0x00, 0x00, 0x00, 0x00, 0x00, 0x00, 0x00, 0x00, 0x00, 0x00, 0x00,
    0x00, 0x00, 0x00, 0x00, 0x00, 0x00, 0x00, 0x00, 0x00, 0x00, 0x00, 0x00, 0x00, 0x00, 0x00, 0x00,
    0x00, 0x00, 0x00, 0x00, 0x00, 0x00, 0x00, 0x00, 0x00, 0x00, 0x00, 0x00, 0x00, 0x00, 0x00, 0x00,
    0x00, 0x00, 0x00, 0x00, 0x00, 0x00, 0x00, 0x00, 0x50, 0xe0, 0xff, 0x02, 0x33, 0xdb, 0xff, 0x48,
    0x32, 0xd9, 0xff, 0xbe, 0x32, 0xd9, 0xff, 0xf5, 0x32, 0xd9, 0xff, 0xff, 0x32, 0xd9, 0xff, 0xff,
    0x32, 0xd9, 0xff, 0xff, 0x32, 0xd9, 0xff, 0xff, 0x32, 0xd9, 0xff, 0xff, 0x32, 0xd9, 0xff, 0xff,
    0x32, 0xd9, 0xff, 0xff, 0x32, 0xd9, 0xff, 0xff, 0x32, 0xd9, 0xff, 0xff, 0x32, 0xd9, 0xff, 0xff,
    0x32, 0xd9, 0xff, 0xff, 0x32, 0xd9, 0xff, 0xff, 0x32, 0xd9, 0xff, 0xff, 0x32, 0xd9, 0xff, 0xff,
    0x32, 0xd9, 0xff, 0xff, 0x32, 0xd9, 0xff, 0xff, 0x32, 0xd9, 0xff, 0xff, 0x32, 0xd9, 0xff, 0xff,
    0x32, 0xd9, 0xff, 0xff, 0x32, 0xd9, 0xff, 0xff, 0x32, 0xd9, 0xff, 0xff, 0x32, 0xd9, 0xff, 0xff,
    0x32, 0xd9, 0xff, 0xff, 0x32, 0xd9, 0xff, 0xff, 0x32, 0xd9, 0xff, 0xff, 0x32, 0xd9, 0xff, 0xff,
    0x32, 0xd9, 0xff, 0xff, 0x32, 0xd9, 0xff, 0xff, 0x32, 0xd9, 0xff, 0xff, 0x32, 0xd9, 0xff, 0xff,
    0x32, 0xd9, 0xff, 0xff, 0x32, 0xd9, 0xff, 0xff, 0x32, 0xd9, 0xff, 0xfe, 0x32, 0xd9, 0xff, 0xf1,
    0x31, 0xda, 0xff, 0xaf, 0x33, 0xda, 0xff, 0x26, 0x3c, 0xd8, 0xff, 0x04, 0x00, 0x00, 0x00, 0x00,
    0x00, 0x00, 0x00, 0x00, 0x00, 0x00, 0x00, 0x00, 0x00, 0x00, 0x00, 0x00, 0x00, 0x00, 0x00, 0x00,
    0x00, 0x00, 0x00, 0x00, 0x00, 0x00, 0x00, 0x00, 0x00, 0x00, 0x00, 0x00, 0x00, 0x00, 0x00, 0x00,
    0x00, 0x00, 0x00, 0x00, 0x00, 0x00, 0x00, 0x00, 0x00, 0x00, 0x00, 0x00, 0x00, 0x00, 0x00, 0x00,
    0x00, 0x00, 0x00, 0x00, 0x00, 0x00, 0x00, 0x00, 0x00, 0x00, 0x00, 0x00, 0x00, 0x00, 0x00, 0x00,
    0x00, 0x00, 0x00, 0x00, 0x00, 0x00, 0x00, 0x00, 0x00, 0x00, 0x00, 0x00, 0x00, 0x00, 0x00, 0x00,
    0x00, 0x00, 0x00, 0x00, 0x00, 0x00, 0x00, 0x00, 0x00, 0x00, 0x00, 0x00, 0x00, 0x00, 0x00, 0x00,
    0x00, 0x00, 0x00, 0x00, 0x00, 0x00, 0x00, 0x00, 0x00, 0x00, 0x00, 0x00, 0x00, 0x00, 0x00, 0x00,
    0x00, 0x00, 0x00, 0x00, 0x00, 0x00, 0x00, 0x00, 0x00, 0x00, 0x00, 0x00, 0x00, 0x00, 0x00, 0x00,
    0x00, 0x00, 0x00, 0x00, 0x00, 0x00, 0x00, 0x00, 0x00, 0x00, 0x00, 0x00, 0x00, 0x00, 0x00, 0x00,
    0x00, 0x00, 0x00, 0x00, 0x00, 0x00, 0x00, 0x00, 0x00, 0x00, 0x00, 0x00, 0x00, 0x00, 0x00, 0x00,
    0x00, 0x00, 0x00, 0x00, 0x00, 0x00, 0x00, 0x00, 0x00, 0x00, 0x00, 0x00, 0x00, 0x00, 0x00, 0x00,
    0x00, 0x00, 0x00, 0x00, 0x00, 0x00, 0x00, 0x00, 0x00, 0x00, 0x00, 0x00, 0x00, 0x00, 0x00, 0x00,
    0x00, 0x00, 0x00, 0x00, 0x00, 0x00, 0x00, 0x00, 0x00, 0x00, 0x00, 0x00, 0x00, 0x00, 0x00, 0x00,
    0x00, 0x00, 0x00, 0x00, 0x00, 0x00, 0x00, 0x00, 0x00, 0x00, 0x00, 0x00, 0x00, 0x00, 0x00, 0x00,
    0x00, 0x00, 0x00, 0x00, 0x3c, 0xd8, 0xff, 0x04, 0x33, 0xdc, 0xff, 0x22, 0x31, 0xda, 0xff, 0xaf,
    0x32, 0xda, 0xff, 0xf8, 0x32, 0xd9, 0xff, 0xff, 0x32, 0xd9, 0xff, 0xff, 0x32, 0xd9, 0xff, 0xff,
    0x32, 0xd9, 0xff, 0xff, 0x32, 0xd9, 0xff, 0xff, 0x32, 0xd9, 0xff, 0xff, 0x32, 0xd9, 0xff, 0xff,
    0x32, 0xd9, 0xff, 0xff, 0x32, 0xd9, 0xff, 0xff, 0x32, 0xd9, 0xff, 0xff, 0x32, 0xd9, 0xff, 0xff,
    0x32, 0xd9, 0xff, 0xff, 0x32, 0xd9, 0xff, 0xff, 0x32, 0xd9, 0xff, 0xff, 0x32, 0xd9, 0xff, 0xff,
    0x32, 0xd9, 0xff, 0xff, 0x32, 0xd9, 0xff, 0xff, 0x32, 0xd9, 0xff, 0xff, 0x32, 0xd9, 0xff, 0xff,
    0x32, 0xd9, 0xff, 0xff, 0x32, 0xd9, 0xff, 0xff, 0x32, 0xd9, 0xff, 0xff, 0x32, 0xd9, 0xff, 0xff,
    0x32, 0xd9, 0xff, 0xff, 0x32, 0xd9, 0xff, 0xff, 0x32, 0xd9, 0xff, 0xff, 0x32, 0xd9, 0xff, 0xff,
    0x32, 0xd9, 0xff, 0xff, 0x32, 0xd9, 0xff, 0xff, 0x32, 0xd9, 0xff, 0xff, 0x32, 0xd9, 0xff, 0xff,
    0x32, 0xd9, 0xff, 0xff, 0x32, 0xd9, 0xff, 0xff, 0x32, 0xd9, 0xff, 0xff, 0x32, 0xd9, 0xff, 0xff,
    0x32, 0xd9, 0xff, 0xf1, 0x33, 0xda, 0xff, 0x89, 0x33, 0xdc, 0xff, 0x22, 0x22, 0xed, 0xff, 0x01,
    0x00, 0x00, 0x00, 0x00, 0x00, 0x00, 0x00, 0x00, 0x00, 0x00, 0x00, 0x00, 0x00, 0x00, 0x00, 0x00,
    0x00, 0x00, 0x00, 0x00, 0x00, 0x00, 0x00, 0x00, 0x00, 0x00, 0x00, 0x00, 0x00, 0x00, 0x00, 0x00,
    0x00, 0x00, 0x00, 0x00, 0x00, 0x00, 0x00, 0x00, 0x00, 0x00, 0x00, 0x00, 0x00, 0x00, 0x00, 0x00,
    0x00, 0x00, 0x00, 0x00, 0x00, 0x00, 0x00, 0x00, 0x00, 0x00, 0x00, 0x00, 0x00, 0x00, 0x00, 0x00,
    0x00, 0x00, 0x00, 0x00, 0x00, 0x00, 0x00, 0x00, 0x00, 0x00, 0x00, 0x00, 0x00, 0x00, 0x00, 0x00,
    0x00, 0x00, 0x00, 0x00, 0x00, 0x00, 0x00, 0x00, 0x00, 0x00, 0x00, 0x00, 0x00, 0x00, 0x00, 0x00,
    0x00, 0x00, 0x00, 0x00, 0x00, 0x00, 0x00, 0x00, 0x00, 0x00, 0x00, 0x00, 0x00, 0x00, 0x00, 0x00,
    0x00, 0x00, 0x00, 0x00, 0x00, 0x00, 0x00, 0x00, 0x00, 0x00, 0x00, 0x00, 0x00, 0x00, 0x00, 0x00,
    0x00, 0x00, 0x00, 0x00, 0x00, 0x00, 0x00, 0x00, 0x00, 0x00, 0x00, 0x00, 0x00, 0x00, 0x00, 0x00,
    0x00, 0x00, 0x00, 0x00, 0x00, 0x00, 0x00, 0x00, 0x00, 0x00, 0x00, 0x00, 0x00, 0x00, 0x00, 0x00,
    0x00, 0x00, 0x00, 0x00, 0x00, 0x00, 0x00, 0x00, 0x00, 0x00, 0x00, 0x00, 0x00, 0x00, 0x00, 0x00,
    0x00, 0x00, 0x00, 0x00, 0x00, 0x00, 0x00, 0x00, 0x00, 0x00, 0x00, 0x00, 0x00, 0x00, 0x00, 0x00,
    0x00, 0x00, 0x00, 0x00, 0x00, 0x00, 0x00, 0x00, 0x00, 0x00, 0x00, 0x00, 0x00, 0x00, 0x00, 0x00,
    0x00, 0x00, 0x00, 0x00, 0x00, 0x00, 0x00, 0x00, 0x00, 0x00, 0x00, 0x00, 0x00, 0x00, 0x00, 0x00,
    0x22, 0xed, 0xff, 0x01, 0x33, 0xda, 0xff, 0x26, 0x31, 0xda, 0xff, 0x87, 0x32, 0xd9, 0xff, 0xf1,
    0x32, 0xd9, 0xff, 0xff, 0x32, 0xd9, 0xff, 0xff, 0x32, 0xd9, 0xff, 0xff, 0x32, 0xd9, 0xff, 0xff,
    0x32, 0xd9, 0xff, 0xff, 0x32, 0xd9, 0xff, 0xff, 0x32, 0xd9, 0xff, 0xff, 0x32, 0xd9, 0xff, 0xff,
    0x32, 0xd9, 0xff, 0xff, 0x32, 0xd9, 0xff, 0xff, 0x32, 0xd9, 0xff, 0xff, 0x32, 0xd9, 0xff, 0xff,
    0x32, 0xd9, 0xff, 0xff, 0x32, 0xd9, 0xff, 0xff, 0x32, 0xd9, 0xff, 0xff, 0x32, 0xd9, 0xff, 0xff,
    0x32, 0xd9, 0xff, 0xff, 0x32, 0xd9, 0xff, 0xff, 0x32, 0xd9, 0xff, 0xff, 0x32, 0xd9, 0xff, 0xff,
    0x32, 0xd9, 0xff, 0xff, 0x32, 0xd9, 0xff, 0xff, 0x32, 0xd9, 0xff, 0xff, 0x32, 0xd9, 0xff, 0xff,
    0x32, 0xd9, 0xff, 0xff, 0x32, 0xd9, 0xff, 0xff, 0x32, 0xd9, 0xff, 0xff, 0x32, 0xd9, 0xff, 0xff,
    0x32, 0xd9, 0xff, 0xff, 0x32, 0xd9, 0xff, 0xff, 0x32, 0xd9, 0xff, 0xff, 0x32, 0xd9, 0xff, 0xff,
    0x32, 0xd9, 0xff, 0xff, 0x32, 0xd9, 0xff, 0xff, 0x32, 0xd9, 0xff, 0xff, 0x32, 0xd9, 0xff, 0xff,
    0x32, 0xd9, 0xff, 0xfe, 0x32, 0xda, 0xff, 0xde, 0x32, 0xda, 0xff, 0x77, 0x32, 0xd9, 0xff, 0x11,
    0x00, 0x00, 0x00, 0x00, 0x00, 0x00, 0x00, 0x00, 0x00, 0x00, 0x00, 0x00, 0x00, 0x00, 0x00, 0x00,
    0x00, 0x00, 0x00, 0x00, 0x00, 0x00, 0x00, 0x00, 0x00, 0x00, 0x00, 0x00, 0x00, 0x00, 0x00, 0x00,
    0x00, 0x00, 0x00, 0x00, 0x00, 0x00, 0x00, 0x00, 0x00, 0x00, 0x00, 0x00, 0x00, 0x00, 0x00, 0x00,
    0x00, 0x00, 0x00, 0x00, 0x00, 0x00, 0x00, 0x00, 0x00, 0x00, 0x00, 0x00, 0x00, 0x00, 0x00, 0x00,
    0x00, 0x00, 0x00, 0x00, 0x00, 0x00, 0x00, 0x00, 0x00, 0x00, 0x00, 0x00, 0x00, 0x00, 0x00, 0x00,
    0x00, 0x00, 0x00, 0x00, 0x00, 0x00, 0x00, 0x00, 0x00, 0x00, 0x00, 0x00, 0x00, 0x00, 0x00, 0x00,
    0x00, 0x00, 0x00, 0x00, 0x00, 0x00, 0x00, 0x00, 0x00, 0x00, 0x00, 0x00, 0x00, 0x00, 0x00, 0x00,
    0x00, 0x00, 0x00, 0x00, 0x00, 0x00, 0x00, 0x00, 0x00, 0x00, 0x00, 0x00, 0x00, 0x00, 0x00, 0x00,
    0x00, 0x00, 0x00, 0x00, 0x00, 0x00, 0x00, 0x00, 0x00, 0x00, 0x00, 0x00, 0x00, 0x00, 0x00, 0x00,
    0x00, 0x00, 0x00, 0x00, 0x00, 0x00, 0x00, 0x00, 0x00, 0x00, 0x00, 0x00, 0x00, 0x00, 0x00, 0x00,
    0x00, 0x00, 0x00, 0x00, 0x00, 0x00, 0x00, 0x00, 0x00, 0x00, 0x00, 0x00, 0x00, 0x00, 0x00, 0x00,
    0x00, 0x00, 0x00, 0x00, 0x00, 0x00, 0x00, 0x00, 0x00, 0x00, 0x00, 0x00, 0x00, 0x00, 0x00, 0x00,
    0x00, 0x00, 0x00, 0x00, 0x00, 0x00, 0x00, 0x00, 0x00, 0x00, 0x00, 0x00, 0x00, 0x00, 0x00, 0x00,
    0x00, 0x00, 0x00, 0x00, 0x00, 0x00, 0x00, 0x00, 0x00, 0x00, 0x00, 0x00, 0x00, 0x00, 0x00, 0x00,
    0x33, 0xdb, 0xff, 0x0e, 0x32, 0xda, 0xff, 0x7d, 0x32, 0xda, 0xff, 0xe3, 0x32, 0xd9, 0xff, 0xfe,
    0x32, 0xd9, 0xff, 0xff, 0x32, 0xd9, 0xff, 0xff, 0x32, 0xd9, 0xff, 0xff, 0x32, 0xd9, 0xff, 0xff,
    0x32, 0xd9, 0xff, 0xff, 0x32, 0xd9, 0xff, 0xff, 0x32, 0xd9, 0xff, 0xff, 0x32, 0xd9, 0xff, 0xff,
    0x32, 0xd9, 0xff, 0xff, 0x32, 0xd9, 0xff, 0xff, 0x32, 0xd9, 0xff, 0xff, 0x32, 0xd9, 0xff, 0xff,
    0x32, 0xd9, 0xff, 0xff, 0x32, 0xd9, 0xff, 0xff, 0x32, 0xd9, 0xff, 0xff, 0x32, 0xd9, 0xff, 0xff,
    0x32, 0xd9, 0xff, 0xff, 0x32, 0xd9, 0xff, 0xff, 0x32, 0xd9, 0xff, 0xff, 0x32, 0xd9, 0xff, 0xff,
    0x32, 0xd9, 0xff, 0xff, 0x32, 0xd9, 0xff, 0xff, 0x32, 0xd9, 0xff, 0xff, 0x32, 0xd9, 0xff, 0xff,
    0x32, 0xd9, 0xff, 0xff, 0x32, 0xd9, 0xff, 0xff, 0x32, 0xd9, 0xff, 0xff, 0x32, 0xd9, 0xff, 0xff,
    0x32, 0xd9, 0xff, 0xff, 0x32, 0xd9, 0xff, 0xff, 0x32, 0xd9, 0xff, 0xff, 0x32, 0xd9, 0xff, 0xff,
    0x32, 0xd9, 0xff, 0xff, 0x32, 0xd9, 0xff, 0xff, 0x32, 0xd9, 0xff, 0xff, 0x32, 0xd9, 0xff, 0xff,
    0x32, 0xd9, 0xff, 0xff, 0x32, 0xd9, 0xff, 0xfe, 0x31, 0xda, 0xff, 0xd7, 0x32, 0xda, 0xff, 0x57,
    0x37, 0xdc, 0xff, 0x08, 0x00, 0x00, 0x00, 0x00, 0x00, 0x00, 0x00, 0x00, 0x00, 0x00, 0x00, 0x00,
    0x00, 0x00, 0x00, 0x00, 0x00, 0x00, 0x00, 0x00, 0x00, 0x00, 0x00, 0x00, 0x00, 0x00, 0x00, 0x00,
    0x00, 0x00, 0x00, 0x00, 0x00, 0x00, 0x00, 0x00, 0x00, 0x00, 0x00, 0x00, 0x00, 0x00, 0x00, 0x00,
    0x00, 0x00, 0x00, 0x00, 0x00, 0x00, 0x00, 0x00, 0x00, 0x00, 0x00, 0x00, 0x00, 0x00, 0x00, 0x00,
    0x00, 0x00, 0x00, 0x00, 0x00, 0x00, 0x00, 0x00, 0x00, 0x00, 0x00, 0x00, 0x00, 0x00, 0x00, 0x00,
    0x00, 0x00, 0x00, 0x00, 0x00, 0x00, 0x00, 0x00, 0x00, 0x00, 0x00, 0x00, 0x00, 0x00, 0x00, 0x00,
    0x00, 0x00, 0x00, 0x00, 0x00, 0x00, 0x00, 0x00, 0x00, 0x00, 0x00, 0x00, 0x00, 0x00, 0x00, 0x00,
    0x00, 0x00, 0x00, 0x00, 0x00, 0x00, 0x00, 0x00, 0x00, 0x00, 0x00, 0x00, 0x00, 0x00, 0x00, 0x00,
    0x00, 0x00, 0x00, 0x00, 0x00, 0x00, 0x00, 0x00, 0x00, 0x00, 0x00, 0x00, 0x00, 0x00, 0x00, 0x00,
    0x00, 0x00, 0x00, 0x00, 0x00, 0x00, 0x00, 0x00, 0x00, 0x00, 0x00, 0x00, 0x00, 0x00, 0x00, 0x00,
    0x00, 0x00, 0x00, 0x00, 0x00, 0x00, 0x00, 0x00, 0x00, 0x00, 0x00, 0x00, 0x00, 0x00, 0x00, 0x00,
    0x00, 0x00, 0x00, 0x00, 0x00, 0x00, 0x00, 0x00, 0x00, 0x00, 0x00, 0x00, 0x00, 0x00, 0x00, 0x00,
    0x00, 0x00, 0x00, 0x00, 0x00, 0x00, 0x00, 0x00, 0x00, 0x00, 0x00, 0x00, 0x00, 0x00, 0x00, 0x00,
    0x00, 0x00, 0x00, 0x00, 0x00, 0x00, 0x00, 0x00, 0x00, 0x00, 0x00, 0x00, 0x3c, 0xd8, 0xff, 0x04,
    0x32, 0xda, 0xff, 0x4b, 0x32, 0xd9, 0xff, 0xd2, 0x32, 0xd9, 0xff, 0xfe, 0x32, 0xd9, 0xff, 0xff,
    0x32, 0xd9, 0xff, 0xff, 0x32, 0xd9, 0xff, 0xff, 0x32, 0xd9, 0xff, 0xff, 0x32, 0xd9, 0xff, 0xff,
    0x32, 0xd9, 0xff, 0xff, 0x32, 0xd9, 0xff, 0xff, 0x32, 0xd9, 0xff, 0xff, 0x32, 0xd9, 0xff, 0xff,
    0x32, 0xd9, 0xff, 0xff, 0x32, 0xd9, 0xff, 0xff, 0x32, 0xd9, 0xff, 0xff, 0x32, 0xd9, 0xff, 0xff,
    0x32, 0xd9, 0xff, 0xff, 0x32, 0xd9, 0xff, 0xff, 0x32, 0xd9, 0xff, 0xff, 0x32, 0xd9, 0xff, 0xff,
    0x32, 0xd9, 0xff, 0xff, 0x32, 0xd9, 0xff, 0xff, 0x32, 0xd9, 0xff, 0xff, 0x32, 0xd9, 0xff, 0xff,
    0x32, 0xd9, 0xff, 0xff, 0x32, 0xd9, 0xff, 0xff, 0x32, 0xd9, 0xff, 0xff, 0x32, 0xd9, 0xff, 0xff,
    0x32, 0xd9, 0xff, 0xff, 0x32, 0xd9, 0xff, 0xff, 0x32, 0xd9, 0xff, 0xff, 0x32, 0xd9, 0xff, 0xff,
    0x32, 0xd9, 0xff, 0xff, 0x32, 0xd9, 0xff, 0xff, 0x32, 0xd9, 0xff, 0xff, 0x32, 0xd9, 0xff, 0xff,
    0x32, 0xd9, 0xff, 0xff, 0x32, 0xd9, 0xff, 0xff, 0x32, 0xd9, 0xff, 0xff, 0x32, 0xd9, 0xff, 0xff,
    0x32, 0xd9, 0xff, 0xff, 0x32, 0xd9, 0xff, 0xff, 0x32, 0xd9, 0xff, 0xfb, 0x32, 0xd9, 0xff, 0xb9,
    0x33, 0xda, 0xff, 0x33, 0x50, 0xe0, 0xff, 0x02, 0x00, 0x00, 0x00, 0x00, 0x00, 0x00, 0x00, 0x00,
    0x00, 0x00, 0x00, 0x00, 0x00, 0x00, 0x00, 0x00, 0x00, 0x00, 0x00, 0x00, 0x00, 0x00, 0x00, 0x00,
    0x00, 0x00, 0x00, 0x00, 0x00, 0x00, 0x00, 0x00, 0x00, 0x00, 0x00, 0x00, 0x00, 0x00, 0x00, 0x00,
    0x00, 0x00, 0x00, 0x00, 0x00, 0x00, 0x00, 0x00, 0x00, 0x00, 0x00, 0x00, 0x00, 0x00, 0x00, 0x00,
    0x00, 0x00, 0x00, 0x00, 0x00, 0x00, 0x00, 0x00, 0x00, 0x00, 0x00, 0x00, 0x00, 0x00, 0x00, 0x00,
    0x00, 0x00, 0x00, 0x00, 0x00, 0x00, 0x00, 0x00, 0x00, 0x00, 0x00, 0x00, 0x00, 0x00, 0x00, 0x00,
    0x00, 0x00, 0x00, 0x00, 0x00, 0x00, 0x00, 0x00, 0x00, 0x00, 0x00, 0x00, 0x00, 0x00, 0x00, 0x00,
    0x00, 0x00, 0x00, 0x00, 0x00, 0x00, 0x00, 0x00, 0x00, 0x00, 0x00, 0x00, 0x00, 0x00, 0x00, 0x00,
    0x00, 0x00, 0x00, 0x00, 0x00, 0x00, 0x00, 0x00, 0x00, 0x00, 0x00, 0x00, 0x00, 0x00, 0x00, 0x00,
    0x00, 0x00, 0x00, 0x00, 0x00, 0x00, 0x00, 0x00, 0x00, 0x00, 0x00, 0x00, 0x00, 0x00, 0x00, 0x00,
    0x00, 0x00, 0x00, 0x00, 0x00, 0x00, 0x00, 0x00, 0x00, 0x00, 0x00, 0x00, 0x00, 0x00, 0x00, 0x00,
    0x00, 0x00, 0x00, 0x00, 0x00, 0x00, 0x00, 0x00, 0x00, 0x00, 0x00, 0x00, 0x00, 0x00, 0x00, 0x00,
    0x00, 0x00, 0x00, 0x00, 0x00, 0x00, 0x00, 0x00, 0x00, 0x00, 0x00, 0x00, 0x00, 0x00, 0x00, 0x00,
    0x00, 0x00, 0x00, 0x00, 0x00, 0x00, 0x00, 0x00, 0x22, 0xed, 0xff, 0x01, 0x33, 0xdc, 0xff, 0x22,
    0x32, 0xd9, 0xff, 0xa8, 0x32, 0xd9, 0xff, 0xfb, 0x32, 0xd9, 0xff, 0xff, 0x32, 0xd9, 0xff, 0xff,
    0x32, 0xd9, 0xff, 0xff, 0x32, 0xd9, 0xff, 0xff, 0x32, 0xd9, 0xff, 0xff, 0x32, 0xd9, 0xff, 0xff,
    0x32, 0xd9, 0xff, 0xff, 0x32, 0xd9, 0xff, 0xff, 0x32, 0xd9, 0xff, 0xff, 0x32, 0xd9, 0xff, 0xff,
    0x32, 0xd9, 0xff, 0xff, 0x32, 0xd9, 0xff, 0xff, 0x32, 0xd9, 0xff, 0xff, 0x32, 0xd9, 0xff, 0xff,
    0x32, 0xd9, 0xff, 0xff, 0x32, 0xd9, 0xff, 0xff, 0x32, 0xd9, 0xff, 0xff, 0x32, 0xd9, 0xff, 0xff,
    0x32, 0xd9, 0xff, 0xff, 0x32, 0xd9, 0xff, 0xff, 0x32, 0xd9, 0xff, 0xff, 0x32, 0xd9, 0xff, 0xff,
    0x32, 0xd9, 0xff, 0xff, 0x32, 0xd9, 0xff, 0xff, 0x32, 0xd9, 0xff, 0xff, 0x32, 0xd9, 0xff, 0xff,
    0x32, 0xd9, 0xff, 0xff, 0x32, 0xd9, 0xff, 0xff, 0x32, 0xd9, 0xff, 0xff, 0x32, 0xd9, 0xff, 0xff,
    0x32, 0xd9, 0xff, 0xff, 0x32, 0xd9, 0xff, 0xff, 0x32, 0xd9, 0xff, 0xff, 0x32, 0xd9, 0xff, 0xff,
    0x32, 0xd9, 0xff, 0xff, 0x32, 0xd9, 0xff, 0xff, 0x32, 0xd9, 0xff, 0xff, 0x32, 0xd9, 0xff, 0xff,
    0x32, 0xd9, 0xff, 0xff, 0x32, 0xd9, 0xff, 0xff, 0x32, 0xd9, 0xff, 0xff, 0x32, 0xda, 0xff, 0xf8,
    0x32, 0xda, 0xff, 0x82, 0x35, 0xdb, 0xff, 0x19, 0x22, 0xed, 0xff, 0x01, 0x00, 0x00, 0x00, 0x00,
    0x00, 0x00, 0x00, 0x00, 0x00, 0x00, 0x00, 0x00, 0x00, 0x00, 0x00, 0x00, 0x00, 0x00, 0x00, 0x00,
    0x00, 0x00, 0x00, 0x00, 0x00, 0x00, 0x00, 0x00, 0x00, 0x00, 0x00, 0x00, 0x00, 0x00, 0x00, 0x00,
    0x00, 0x00, 0x00, 0x00, 0x00, 0x00, 0x00, 0x00, 0x00, 0x00, 0x00, 0x00, 0x00, 0x00, 0x00, 0x00,
    0x00, 0x00, 0x00, 0x00, 0x00, 0x00, 0x00, 0x00, 0x00, 0x00, 0x00, 0x00, 0x00, 0x00, 0x00, 0x00,
    0x00, 0x00, 0x00, 0x00, 0x00, 0x00, 0x00, 0x00, 0x00, 0x00, 0x00, 0x00, 0x00, 0x00, 0x00, 0x00,
    0x00, 0x00, 0x00, 0x00, 0x00, 0x00, 0x00, 0x00, 0x00, 0x00, 0x00, 0x00, 0x00, 0x00, 0x00, 0x00,
    0x00, 0x00, 0x00, 0x00, 0x00, 0x00, 0x00, 0x00, 0x00, 0x00, 0x00, 0x00, 0x00, 0x00, 0x00, 0x00,
    0x00, 0x00, 0x00, 0x00, 0x00, 0x00, 0x00, 0x00, 0x00, 0x00, 0x00, 0x00, 0x00, 0x00, 0x00, 0x00,
    0x00, 0x00, 0x00, 0x00, 0x00, 0x00, 0x00, 0x00, 0x00, 0x00, 0x00, 0x00, 0x00, 0x00, 0x00, 0x00,
    0x00, 0x00, 0x00, 0x00, 0x00, 0x00, 0x00, 0x00, 0x00, 0x00, 0x00, 0x00, 0x00, 0x00, 0x00, 0x00,
    0x00, 0x00, 0x00, 0x00, 0x00, 0x00, 0x00, 0x00, 0x00, 0x00, 0x00, 0x00, 0x00, 0x00, 0x00, 0x00,
    0x00, 0x00, 0x00, 0x00, 0x00, 0x00, 0x00, 0x00, 0x00, 0x00, 0x00, 0x00, 0x00, 0x00, 0x00, 0x00,
    0x00, 0x00, 0x00, 0x00, 0x00, 0x00, 0x00, 0x00, 0x34, 0xda, 0xff, 0x0a, 0x32, 0xda, 0xff, 0x5b,
    0x32, 0xd9, 0xff, 0xed, 0x32, 0xd9, 0xff, 0xfe, 0x32, 0xd9, 0xff, 0xff, 0x32, 0xd9, 0xff, 0xff,
    0x32, 0xd9, 0xff, 0xff, 0x32, 0xd9, 0xff, 0xff, 0x32, 0xd9, 0xff, 0xff, 0x32, 0xd9, 0xff, 0xff,
    0x32, 0xd9, 0xff, 0xff, 0x32, 0xd9, 0xff, 0xff, 0x32, 0xd9, 0xff, 0xff, 0x32, 0xd9, 0xff, 0xff,
    0x32, 0xd9, 0xff, 0xff, 0x32, 0xd9, 0xff, 0xff, 0x32, 0xd9, 0xff, 0xff, 0x32, 0xd9, 0xff, 0xff,
    0x32, 0xd9, 0xff, 0xff, 0x32, 0xd9, 0xff, 0xff, 0x32, 0xd9, 0xff, 0xff, 0x32, 0xd9, 0xff, 0xff,
    0x32, 0xd9, 0xff, 0xff, 0x32, 0xd9, 0xff, 0xff, 0x32, 0xd9, 0xff, 0xff, 0x32, 0xd9, 0xff, 0xff,
    0x32, 0xd9, 0xff, 0xff, 0x32, 0xd9, 0xff, 0xff, 0x32, 0xd9, 0xff, 0xff, 0x32, 0xd9, 0xff, 0xff,
    0x32, 0xd9, 0xff, 0xff, 0x32, 0xd9, 0xff, 0xff, 0x32, 0xd9, 0xff, 0xff, 0x32, 0xd9, 0xff, 0xff,
    0x32, 0xd9, 0xff, 0xff, 0x32, 0xd9, 0xff, 0xff, 0x32, 0xd9, 0xff, 0xff, 0x32, 0xd9, 0xff, 0xff,
    0x32, 0xd9, 0xff, 0xff, 0x32, 0xd9, 0xff, 0xff, 0x32, 0xd9, 0xff, 0xff, 0x32, 0xd9, 0xff, 0xff,
    0x32, 0xd9, 0xff, 0xff, 0x32, 0xd9, 0xff, 0xff, 0x32, 0xd9, 0xff, 0xff, 0x32, 0xd9, 0xff, 0xff,
    0x32, 0xd9, 0xff, 0xd2, 0x32, 0xda, 0xff, 0x4b, 0x3c, 0xd8, 0xff, 0x04, 0x00, 0x00, 0x00, 0x00,
    0x00, 0x00, 0x00, 0x00, 0x00, 0x00, 0x00, 0x00, 0x00, 0x00, 0x00, 0x00, 0x00, 0x00, 0x00, 0x00,
    0x00, 0x00, 0x00, 0x00, 0x00, 0x00, 0x00, 0x00, 0x00, 0x00, 0x00, 0x00, 0x00, 0x00, 0x00, 0x00,
    0x00, 0x00, 0x00, 0x00, 0x00, 0x00, 0x00, 0x00, 0x00, 0x00, 0x00, 0x00, 0x00, 0x00, 0x00, 0x00,
    0x00, 0x00, 0x00, 0x00, 0x00, 0x00, 0x00, 0x00, 0x00, 0x00, 0x00, 0x00, 0x00, 0x00, 0x00, 0x00,
    0x00, 0x00, 0x00, 0x00, 0x00, 0x00, 0x00, 0x00, 0x00, 0x00, 0x00, 0x00, 0x00, 0x00, 0x00, 0x00,
    0x00, 0x00, 0x00, 0x00, 0x00, 0x00, 0x00, 0x00, 0x00, 0x00, 0x00, 0x00, 0x00, 0x00, 0x00, 0x00,
    0x00, 0x00, 0x00, 0x00, 0x00, 0x00, 0x00, 0x00, 0x00, 0x00, 0x00, 0x00, 0x00, 0x00, 0x00, 0x00,
    0x00, 0x00, 0x00, 0x00, 0x00, 0x00, 0x00, 0x00, 0x00, 0x00, 0x00, 0x00, 0x00, 0x00, 0x00, 0x00,
    0x00, 0x00, 0x00, 0x00, 0x00, 0x00, 0x00, 0x00, 0x00, 0x00, 0x00, 0x00, 0x00, 0x00, 0x00, 0x00,
    0x00, 0x00, 0x00, 0x00, 0x00, 0x00, 0x00, 0x00, 0x00, 0x00, 0x00, 0x00, 0x00, 0x00, 0x00, 0x00,
    0x00, 0x00, 0x00, 0x00, 0x00, 0x00, 0x00, 0x00, 0x00, 0x00, 0x00, 0x00, 0x00, 0x00, 0x00, 0x00,
    0x00, 0x00, 0x00, 0x00, 0x00, 0x00, 0x00, 0x00, 0x00, 0x00, 0x00, 0x00, 0x00, 0x00, 0x00, 0x00,
    0x00, 0x00, 0x00, 0x00, 0x22, 0xed, 0xff, 0x01, 0x33, 0xdb, 0xff, 0x2e, 0x32, 0xd9, 0xff, 0xa8,
    0x32, 0xd9, 0xff, 0xfe, 0x32, 0xd9, 0xff, 0xff, 0x32, 0xd9, 0xff, 0xff, 0x32, 0xd9, 0xff, 0xff,
    0x32, 0xd9, 0xff, 0xff, 0x32, 0xd9, 0xff, 0xff, 0x32, 0xd9, 0xff, 0xff, 0x32, 0xd9, 0xff, 0xff,
    0x32, 0xd9, 0xff, 0xff, 0x32, 0xd9, 0xff, 0xff, 0x32, 0xd9, 0xff, 0xff, 0x32, 0xd9, 0xff, 0xff,
    0x32, 0xd9, 0xff, 0xff, 0x32, 0xd9, 0xff, 0xff, 0x32, 0xd9, 0xff, 0xff, 0x32, 0xd9, 0xff, 0xff,
    0x32, 0xd9, 0xff, 0xff, 0x32, 0xd9, 0xff, 0xff, 0x32, 0xd9, 0xff, 0xff, 0x32, 0xd9, 0xff, 0xff,
    0x32, 0xd9, 0xff, 0xff, 0x32, 0xd9, 0xff, 0xff, 0x32, 0xd9, 0xff, 0xff, 0x32, 0xd9, 0xff, 0xff,
    0x32, 0xd9, 0xff, 0xff, 0x32, 0xd9, 0xff, 0xff, 0x32, 0xd9, 0xff, 0xff, 0x32, 0xd9, 0xff, 0xff,
    0x32, 0xd9, 0xff, 0xff, 0x32, 0xd9, 0xff, 0xff, 0x32, 0xd9, 0xff, 0xff, 0x32, 0xd9, 0xff, 0xff,
    0x32, 0xd9, 0xff, 0xff, 0x32, 0xd9, 0xff, 0xff, 0x32, 0xd9, 0xff, 0xff, 0x32, 0xd9, 0xff, 0xff,
    0x32, 0xd9, 0xff, 0xff, 0x32, 0xd9, 0xff, 0xff, 0x32, 0xd9, 0xff, 0xff, 0x32, 0xd9, 0xff, 0xff,
    0x32, 0xd9, 0xff, 0xff, 0x32, 0xd9, 0xff, 0xff, 0x32, 0xd9, 0xff, 0xff, 0x32, 0xd9, 0xff, 0xff,
    0x32, 0xd9, 0xff, 0xf5, 0x32, 0xda, 0xff, 0x8f, 0x34, 0xda, 0xff, 0x16, 0x00, 0x00, 0x00, 0x00,
    0x00, 0x00, 0x00, 0x00, 0x00, 0x00, 0x00, 0x00, 0x00, 0x00, 0x00, 0x00, 0x00, 0x00, 0x00, 0x00,
    0x00, 0x00, 0x00, 0x00, 0x00, 0x00, 0x00, 0x00, 0x00, 0x00, 0x00, 0x00, 0x00, 0x00, 0x00, 0x00,
    0x00, 0x00, 0x00, 0x00, 0x00, 0x00, 0x00, 0x00, 0x00, 0x00, 0x00, 0x00, 0x00, 0x00, 0x00, 0x00,
    0x00, 0x00, 0x00, 0x00, 0x00, 0x00, 0x00, 0x00, 0x00, 0x00, 0x00, 0x00, 0x00, 0x00, 0x00, 0x00,
    0x00, 0x00, 0x00, 0x00, 0x00, 0x00, 0x00, 0x00, 0x00, 0x00, 0x00, 0x00, 0x00, 0x00, 0x00, 0x00,
    0x00, 0x00, 0x00, 0x00, 0x00, 0x00, 0x00, 0x00, 0x00, 0x00, 0x00, 0x00, 0x00, 0x00, 0x00, 0x00,
    0x00, 0x00, 0x00, 0x00, 0x00, 0x00, 0x00, 0x00, 0x00, 0x00, 0x00, 0x00, 0x00, 0x00, 0x00, 0x00,
    0x00, 0x00, 0x00, 0x00, 0x00, 0x00, 0x00, 0x00, 0x00, 0x00, 0x00, 0x00, 0x00, 0x00, 0x00, 0x00,
    0x00, 0x00, 0x00, 0x00, 0x00, 0x00, 0x00, 0x00, 0x00, 0x00, 0x00, 0x00, 0x00, 0x00, 0x00, 0x00,
    0x00, 0x00, 0x00, 0x00, 0x00, 0x00, 0x00, 0x00, 0x00, 0x00, 0x00, 0x00, 0x00, 0x00, 0x00, 0x00,
    0x00, 0x00, 0x00, 0x00, 0x00, 0x00, 0x00, 0x00, 0x00, 0x00, 0x00, 0x00, 0x00, 0x00, 0x00, 0x00,
    0x00, 0x00, 0x00, 0x00, 0x00, 0x00, 0x00, 0x00, 0x00, 0x00, 0x00, 0x00, 0x00, 0x00, 0x00, 0x00,
    0x00, 0x00, 0x00, 0x00, 0x37, 0xdc, 0xff, 0x08, 0x32, 0xd9, 0xff, 0x5e, 0x32, 0xd9, 0xff, 0xe7,
    0x32, 0xd9, 0xff, 0xff, 0x32, 0xd9, 0xff, 0xff, 0x32, 0xd9, 0xff, 0xff, 0x32, 0xd9, 0xff, 0xff,
    0x32, 0xd9, 0xff, 0xff, 0x32, 0xd9, 0xff, 0xff, 0x32, 0xd9, 0xff, 0xff, 0x32, 0xd9, 0xff, 0xff,
    0x32, 0xd9, 0xff, 0xff, 0x32, 0xd9, 0xff, 0xff, 0x32, 0xd9, 0xff, 0xff, 0x32, 0xd9, 0xff, 0xff,
    0x32, 0xd9, 0xff, 0xff, 0x32, 0xd9, 0xff, 0xff, 0x32, 0xd9, 0xff, 0xff, 0x32, 0xd9, 0xff, 0xff,
    0x32, 0xd9, 0xff, 0xff, 0x32, 0xd9, 0xff, 0xff, 0x32, 0xd9, 0xff, 0xff, 0x32, 0xd9, 0xff, 0xff,
    0x32, 0xd9, 0xff, 0xff, 0x32, 0xd9, 0xff, 0xff, 0x32, 0xd9, 0xff, 0xff, 0x32, 0xd9, 0xff, 0xff,
    0x32, 0xd9, 0xff, 0xff, 0x32, 0xd9, 0xff, 0xff, 0x32, 0xd9, 0xff, 0xff, 0x32, 0xd9, 0xff, 0xff,
    0x32, 0xd9, 0xff, 0xff, 0x32, 0xd9, 0xff, 0xff, 0x32, 0xd9, 0xff, 0xff, 0x32, 0xd9, 0xff, 0xff,
    0x32, 0xd9, 0xff, 0xff, 0x32, 0xd9, 0xff, 0xff, 0x32, 0xd9, 0xff, 0xff, 0x32, 0xd9, 0xff, 0xff,
    0x32, 0xd9, 0xff, 0xff, 0x32, 0xd9, 0xff, 0xff, 0x32, 0xd9, 0xff, 0xff, 0x32, 0xd9, 0xff, 0xff,
    0x32, 0xd9, 0xff, 0xff, 0x32, 0xd9, 0xff, 0xff, 0x32, 0xd9, 0xff, 0xff, 0x32, 0xd9, 0xff, 0xff,
    0x32, 0xd9, 0xff, 0xfe, 0x32, 0xd9, 0xff, 0xd2, 0x33, 0xda, 0xff, 0x3f, 0x4d, 0xcb, 0xff, 0x03,
    0x00, 0x00, 0x00, 0x00, 0x00, 0x00, 0x00, 0x00, 0x00, 0x00, 0x00, 0x00, 0x00, 0x00, 0x00, 0x00,
    0x00, 0x00, 0x00, 0x00, 0x00, 0x00, 0x00, 0x00, 0x00, 0x00, 0x00, 0x00, 0x00, 0x00, 0x00, 0x00,
    0x00, 0x00, 0x00, 0x00, 0x00, 0x00, 0x00, 0x00, 0x00, 0x00, 0x00, 0x00, 0x00, 0x00, 0x00, 0x00,
    0x00, 0x00, 0x00, 0x00, 0x00, 0x00, 0x00, 0x00, 0x00, 0x00, 0x00, 0x00, 0x00, 0x00, 0x00, 0x00,
    0x00, 0x00, 0x00, 0x00, 0x00, 0x00, 0x00, 0x00, 0x00, 0x00, 0x00, 0x00, 0x00, 0x00, 0x00, 0x00,
    0x00, 0x00, 0x00, 0x00, 0x00, 0x00, 0x00, 0x00, 0x00, 0x00, 0x00, 0x00, 0x00, 0x00, 0x00, 0x00,
    0x00, 0x00, 0x00, 0x00, 0x00, 0x00, 0x00, 0x00, 0x00, 0x00, 0x00, 0x00, 0x00, 0x00, 0x00, 0x00,
    0x00, 0x00, 0x00, 0x00, 0x00, 0x00, 0x00, 0x00, 0x00, 0x00, 0x00, 0x00, 0x00, 0x00, 0x00, 0x00,
    0x00, 0x00, 0x00, 0x00, 0x00, 0x00, 0x00, 0x00, 0x00, 0x00, 0x00, 0x00, 0x00, 0x00, 0x00, 0x00,
    0x00, 0x00, 0x00, 0x00, 0x00, 0x00, 0x00, 0x00, 0x00, 0x00, 0x00, 0x00, 0x00, 0x00, 0x00, 0x00,
    0x00, 0x00, 0x00, 0x00, 0x00, 0x00, 0x00, 0x00, 0x00, 0x00, 0x00, 0x00, 0x00, 0x00, 0x00, 0x00,
    0x00, 0x00, 0x00, 0x00, 0x00, 0x00, 0x00, 0x00, 0x00, 0x00, 0x00, 0x00, 0x00, 0x00, 0x00, 0x00,
    0x00, 0x00, 0x00, 0x00, 0x35, 0xdb, 0xff, 0x19, 0x32, 0xda, 0xff, 0x98, 0x32, 0xda, 0xff, 0xf8,
    0x32, 0xd9, 0xff, 0xff, 0x32, 0xd9, 0xff, 0xff, 0x32, 0xd9, 0xff, 0xff, 0x32, 0xd9, 0xff, 0xff,
    0x32, 0xd9, 0xff, 0xff, 0x32, 0xd9, 0xff, 0xff, 0x32, 0xd9, 0xff, 0xff, 0x32, 0xd9, 0xff, 0xff,
    0x32, 0xd9, 0xff, 0xff, 0x32, 0xd9, 0xff, 0xff, 0x32, 0xd9, 0xff, 0xff, 0x32, 0xd9, 0xff, 0xff,
    0x32, 0xd9, 0xff, 0xff, 0x32, 0xd9, 0xff, 0xff, 0x32, 0xd9, 0xff, 0xff, 0x32, 0xd9, 0xff, 0xff,
    0x32, 0xd9, 0xff, 0xff, 0x32, 0xd9, 0xff, 0xff, 0x32, 0xd9, 0xff, 0xff, 0x32, 0xd9, 0xff, 0xff,
    0x32, 0xd9, 0xff, 0xff, 0x32, 0xd9, 0xff, 0xff, 0x32, 0xd9, 0xff, 0xff, 0x32, 0xd9, 0xff, 0xff,
    0x32, 0xd9, 0xff, 0xff, 0x32, 0xd9, 0xff, 0xff, 0x32, 0xd9, 0xff, 0xff, 0x32, 0xd9, 0xff, 0xff,
    0x32, 0xd9, 0xff, 0xff, 0x32, 0xd9, 0xff, 0xff, 0x32, 0xd9, 0xff, 0xff, 0x32, 0xd9, 0xff, 0xff,
    0x32, 0xd9, 0xff, 0xff, 0x32, 0xd9, 0xff, 0xff, 0x32, 0xd9, 0xff, 0xff, 0x32, 0xd9, 0xff, 0xff,
    0x32, 0xd9, 0xff, 0xff, 0x32, 0xd9, 0xff, 0xff, 0x32, 0xd9, 0xff, 0xff, 0x32, 0xd9, 0xff, 0xff,
    0x32, 0xd9, 0xff, 0xff, 0x32, 0xd9, 0xff, 0xff, 0x32, 0xd9, 0xff, 0xff, 0x32, 0xd9, 0xff, 0xff,
    0x32, 0xd9, 0xff, 0xff, 0x32, 0xd9, 0xff, 0xed, 0x32, 0xda, 0xff, 0x7d, 0x36, 0xe3, 0xff, 0x0c,
    0x00, 0x00, 0x00, 0x00, 0x00, 0x00, 0x00, 0x00, 0x00, 0x00, 0x00, 0x00, 0x00, 0x00, 0x00, 0x00,
    0x00, 0x00, 0x00, 0x00, 0x00, 0x00, 0x00, 0x00, 0x00, 0x00, 0x00, 0x00, 0x00, 0x00, 0x00, 0x00,
    0x00, 0x00, 0x00, 0x00, 0x00, 0x00, 0x00, 0x00, 0x00, 0x00, 0x00, 0x00, 0x00, 0x00, 0x00, 0x00,
    0x00, 0x00, 0x00, 0x00, 0x00, 0x00, 0x00, 0x00, 0x00, 0x00, 0x00, 0x00, 0x00, 0x00, 0x00, 0x00,
    0x00, 0x00, 0x00, 0x00, 0x00, 0x00, 0x00, 0x00, 0x00, 0x00, 0x00, 0x00, 0x00, 0x00, 0x00, 0x00,
    0x00, 0x00, 0x00, 0x00, 0x00, 0x00, 0x00, 0x00, 0x00, 0x00, 0x00, 0x00, 0x00, 0x00, 0x00, 0x00,
    0x00, 0x00, 0x00, 0x00, 0x00, 0x00, 0x00, 0x00, 0x00, 0x00, 0x00, 0x00, 0x00, 0x00, 0x00, 0x00,
    0x00, 0x00, 0x00, 0x00, 0x00, 0x00, 0x00, 0x00, 0x00, 0x00, 0x00, 0x00, 0x00, 0x00, 0x00, 0x00,
    0x00, 0x00, 0x00, 0x00, 0x00, 0x00, 0x00, 0x00, 0x00, 0x00, 0x00, 0x00, 0x00, 0x00, 0x00, 0x00,
    0x00, 0x00, 0x00, 0x00, 0x00, 0x00, 0x00, 0x00, 0x00, 0x00, 0x00, 0x00, 0x00, 0x00, 0x00, 0x00,
    0x00, 0x00, 0x00, 0x00, 0x00, 0x00, 0x00, 0x00, 0x00, 0x00, 0x00, 0x00, 0x00, 0x00, 0x00, 0x00,
    0x00, 0x00, 0x00, 0x00, 0x00, 0x00, 0x00, 0x00, 0x00, 0x00, 0x00, 0x00, 0x00, 0x00, 0x00, 0x00,
    0x50, 0xe0, 0xff, 0x02, 0x33, 0xda, 0xff, 0x37, 0x32, 0xda, 0xff, 0xcd, 0x32, 0xd9, 0xff, 0xfe,
    0x32, 0xd9, 0xff, 0xff, 0x32, 0xd9, 0xff, 0xff, 0x32, 0xd9, 0xff, 0xff, 0x32, 0xd9, 0xff, 0xff,
    0x32, 0xd9, 0xff, 0xff, 0x32, 0xd9, 0xff, 0xff, 0x32, 0xd9, 0xff, 0xff, 0x32, 0xd9, 0xff, 0xff,
    0x32, 0xd9, 0xff, 0xff, 0x32, 0xd9, 0xff, 0xff, 0x32, 0xd9, 0xff, 0xff, 0x32, 0xd9, 0xff, 0xff,
    0x32, 0xd9, 0xff, 0xff, 0x32, 0xd9, 0xff, 0xff, 0x32, 0xd9, 0xff, 0xff, 0x32, 0xd9, 0xff, 0xff,
    0x32, 0xd9, 0xff, 0xff, 0x32, 0xd9, 0xff, 0xff, 0x32, 0xd9, 0xff, 0xff, 0x32, 0xd9, 0xff, 0xff,
    0x32, 0xd9, 0xff, 0xff, 0x32, 0xd9, 0xff, 0xff, 0x32, 0xd9, 0xff, 0xff, 0x32, 0xd9, 0xff, 0xff,
    0x32, 0xd9, 0xff, 0xff, 0x32, 0xd9, 0xff, 0xff, 0x32, 0xd9, 0xff, 0xff, 0x32, 0xd9, 0xff, 0xff,
    0x32, 0xd9, 0xff, 0xff, 0x32, 0xd9, 0xff, 0xff, 0x32, 0xd9, 0xff, 0xff, 0x32, 0xd9, 0xff, 0xff,
    0x32, 0xd9, 0xff, 0xff, 0x32, 0xd9, 0xff, 0xff, 0x32, 0xd9, 0xff, 0xff, 0x32, 0xd9, 0xff, 0xff,
    0x32, 0xd9, 0xff, 0xff, 0x32, 0xd9, 0xff, 0xff, 0x32, 0xd9, 0xff, 0xff, 0x32, 0xd9, 0xff, 0xff,
    0x32, 0xd9, 0xff, 0xff, 0x32, 0xd9, 0xff, 0xff, 0x32, 0xd9, 0xff, 0xff, 0x32, 0xd9, 0xff, 0xff,
    0x32, 0xd9, 0xff, 0xff, 0x32, 0xd9, 0xff, 0xfb, 0x32, 0xda, 0xff, 0xc4, 0x32, 0xd7, 0xff, 0x1c,
    0x22, 0xed, 0xff, 0x01, 0x00, 0x00, 0x00, 0x00, 0x00, 0x00, 0x00, 0x00, 0x00, 0x00, 0x00, 0x00,
    0x00, 0x00, 0x00, 0x00, 0x00, 0x00, 0x00, 0x00, 0x00, 0x00, 0x00, 0x00, 0x00, 0x00, 0x00, 0x00,
    0x00, 0x00, 0x00, 0x00, 0x00, 0x00, 0x00, 0x00, 0x00, 0x00, 0x00, 0x00, 0x00, 0x00, 0x00, 0x00,
    0x00, 0x00, 0x00, 0x00, 0x00, 0x00, 0x00, 0x00, 0x00, 0x00, 0x00, 0x00, 0x00, 0x00, 0x00, 0x00,
    0x00, 0x00, 0x00, 0x00, 0x00, 0x00, 0x00, 0x00, 0x00, 0x00, 0x00, 0x00, 0x00, 0x00, 0x00, 0x00,
    0x00, 0x00, 0x00, 0x00, 0x00, 0x00, 0x00, 0x00, 0x00, 0x00, 0x00, 0x00, 0x00, 0x00, 0x00, 0x00,
    0x00, 0x00, 0x00, 0x00, 0x00, 0x00, 0x00, 0x00, 0x00, 0x00, 0x00, 0x00, 0x00, 0x00, 0x00, 0x00,
    0x00, 0x00, 0x00, 0x00, 0x00, 0x00, 0x00, 0x00, 0x00, 0x00, 0x00, 0x00, 0x00, 0x00, 0x00, 0x00,
    0x00, 0x00, 0x00, 0x00, 0x00, 0x00, 0x00, 0x00, 0x00, 0x00, 0x00, 0x00, 0x00, 0x00, 0x00, 0x00,
    0x00, 0x00, 0x00, 0x00, 0x00, 0x00, 0x00, 0x00, 0x00, 0x00, 0x00, 0x00, 0x00, 0x00, 0x00, 0x00,
    0x00, 0x00, 0x00, 0x00, 0x00, 0x00, 0x00, 0x00, 0x00, 0x00, 0x00, 0x00, 0x00, 0x00, 0x00, 0x00,
    0x00, 0x00, 0x00, 0x00, 0x00, 0x00, 0x00, 0x00, 0x00, 0x00, 0x00, 0x00, 0x00, 0x00, 0x00, 0x00,
    0x37, 0xdc, 0xff, 0x08, 0x32, 0xd9, 0xff, 0x6a, 0x32, 0xd9, 0xff, 0xe7, 0x32, 0xd9, 0xff, 0xff,
    0x32, 0xd9, 0xff, 0xff, 0x32, 0xd9, 0xff, 0xff, 0x32, 0xd9, 0xff, 0xff, 0x32, 0xd9, 0xff, 0xff,
    0x32, 0xd9, 0xff, 0xff, 0x32, 0xd9, 0xff, 0xff, 0x32, 0xd9, 0xff, 0xff, 0x32, 0xd9, 0xff, 0xff,
    0x32, 0xd9, 0xff, 0xff, 0x32, 0xd9, 0xff, 0xff, 0x32, 0xd9, 0xff, 0xff, 0x32, 0xd9, 0xff, 0xff,
    0x32, 0xd9, 0xff, 0xff, 0x32, 0xd9, 0xff, 0xff, 0x32, 0xd9, 0xff, 0xff, 0x32, 0xd9, 0xff, 0xff,
    0x32, 0xd9, 0xff, 0xff, 0x32, 0xd9, 0xff, 0xff, 0x32, 0xd9, 0xff, 0xff, 0x32, 0xd9, 0xff, 0xff,
    0x32, 0xd9, 0xff, 0xff, 0x32, 0xd9, 0xff, 0xff, 0x32, 0xd9, 0xff, 0xff, 0x32, 0xd9, 0xff, 0xff,
    0x32, 0xd9, 0xff, 0xff, 0x32, 0xd9, 0xff, 0xff, 0x32, 0xd9, 0xff, 0xff, 0x32, 0xd9, 0xff, 0xff,
    0x32, 0xd9, 0xff, 0xff, 0x32, 0xd9, 0xff, 0xff, 0x32, 0xd9, 0xff, 0xff, 0x32, 0xd9, 0xff, 0xff,
    0x32, 0xd9, 0xff, 0xff, 0x32, 0xd9, 0xff, 0xff, 0x32, 0xd9, 0xff, 0xff, 0x32, 0xd9, 0xff, 0xff,
    0x32, 0xd9, 0xff, 0xff, 0x32, 0xd9, 0xff, 0xff, 0x32, 0xd9, 0xff, 0xff, 0x32, 0xd9, 0xff, 0xff,
    0x32, 0xd9, 0xff, 0xff, 0x32, 0xd9, 0xff, 0xff, 0x32, 0xd9, 0xff, 0xff, 0x32, 0xd9, 0xff, 0xff,
    0x32, 0xd9, 0xff, 0xff, 0x32, 0xd9, 0xff, 0xfe, 0x32, 0xd9, 0xff, 0xe7, 0x33, 0xdb, 0xff, 0x43,
    0x3a, 0xd7, 0xff, 0x06, 0x00, 0x00, 0x00, 0x00, 0x00, 0x00, 0x00, 0x00, 0x00, 0x00, 0x00, 0x00,
    0x00, 0x00, 0x00, 0x00, 0x00, 0x00, 0x00, 0x00, 0x00, 0x00, 0x00, 0x00, 0x00, 0x00, 0x00, 0x00,
    0x00, 0x00, 0x00, 0x00, 0x00, 0x00, 0x00, 0x00, 0x00, 0x00, 0x00, 0x00, 0x00, 0x00, 0x00, 0x00,
    0x00, 0x00, 0x00, 0x00, 0x00, 0x00, 0x00, 0x00, 0x00, 0x00, 0x00, 0x00, 0x00, 0x00, 0x00, 0x00,
    0x00, 0x00, 0x00, 0x00, 0x00, 0x00, 0x00, 0x00, 0x00, 0x00, 0x00, 0x00, 0x00, 0x00, 0x00, 0x00,
    0x00, 0x00, 0x00, 0x00, 0x00, 0x00, 0x00, 0x00, 0x00, 0x00, 0x00, 0x00, 0x00, 0x00, 0x00, 0x00,
    0x00, 0x00, 0x00, 0x00, 0x00, 0x00, 0x00, 0x00, 0x00, 0x00, 0x00, 0x00, 0x00, 0x00, 0x00, 0x00,
    0x00, 0x00, 0x00, 0x00, 0x00, 0x00, 0x00, 0x00, 0x00, 0x00, 0x00, 0x00, 0x00, 0x00, 0x00, 0x00,
    0x00, 0x00, 0x00, 0x00, 0x00, 0x00, 0x00, 0x00, 0x00, 0x00, 0x00, 0x00, 0x00, 0x00, 0x00, 0x00,
    0x00, 0x00, 0x00, 0x00, 0x00, 0x00, 0x00, 0x00, 0x00, 0x00, 0x00, 0x00, 0x00, 0x00, 0x00, 0x00,
    0x00, 0x00, 0x00, 0x00, 0x00, 0x00, 0x00, 0x00, 0x00, 0x00, 0x00, 0x00, 0x00, 0x00, 0x00, 0x00,
    0x00, 0x00, 0x00, 0x00, 0x00, 0x00, 0x00, 0x00, 0x00, 0x00, 0x00, 0x00, 0x00, 0x00, 0x00, 0x00,
    0x32, 0xd9, 0xff, 0x11, 0x32, 0xda, 0xff, 0x9e, 0x31, 0xda, 0xff, 0xf3, 0x32, 0xd9, 0xff, 0xff,
    0x32, 0xd9, 0xff, 0xff, 0x32, 0xd9, 0xff, 0xff, 0x32, 0xd9, 0xff, 0xff, 0x32, 0xd9, 0xff, 0xff,
    0x32, 0xd9, 0xff, 0xff, 0x32, 0xd9, 0xff, 0xff, 0x32, 0xd9, 0xff, 0xff, 0x32, 0xd9, 0xff, 0xff,
    0x32, 0xd9, 0xff, 0xff, 0x32, 0xd9, 0xff, 0xff, 0x32, 0xd9, 0xff, 0xff, 0x32, 0xd9, 0xff, 0xff,
    0x32, 0xd9, 0xff, 0xff, 0x32, 0xd9, 0xff, 0xff, 0x32, 0xd9, 0xff, 0xff, 0x32, 0xd9, 0xff, 0xff,
    0x32, 0xd9, 0xff, 0xff, 0x32, 0xd9, 0xff, 0xff, 0x32, 0xd9, 0xff, 0xff, 0x32, 0xd9, 0xff, 0xff,
    0x32, 0xd9, 0xff, 0xff, 0x32, 0xd9, 0xff, 0xff, 0x32, 0xd9, 0xff, 0xff, 0x32, 0xd9, 0xff, 0xff,
    0x32, 0xd9, 0xff, 0xff, 0x32, 0xd9, 0xff, 0xff, 0x32, 0xd9, 0xff, 0xff, 0x32, 0xd9, 0xff, 0xff,
    0x32, 0xd9, 0xff, 0xff, 0x32, 0xd9, 0xff, 0xff, 0x32, 0xd9, 0xff, 0xff, 0x32, 0xd9, 0xff, 0xff,
    0x32, 0xd9, 0xff, 0xff, 0x32, 0xd9, 0xff, 0xff, 0x32, 0xd9, 0xff, 0xff, 0x32, 0xd9, 0xff, 0xff,
    0x32, 0xd9, 0xff, 0xff, 0x32, 0xd9, 0xff, 0xff, 0x32, 0xd9, 0xff, 0xff, 0x32, 0xd9, 0xff, 0xff,
    0x32, 0xd9, 0xff, 0xff, 0x32, 0xd9, 0xff, 0xff, 0x32, 0xd9, 0xff, 0xff, 0x32, 0xd9, 0xff, 0xff,
    0x32, 0xd9, 0xff, 0xff, 0x32, 0xd9, 0xff, 0xff, 0x32, 0xd9, 0xff, 0xf1, 0x32, 0xda, 0xff, 0x70,
    0x32, 0xd9, 0xff, 0x11, 0x00, 0x00, 0x00, 0x00, 0x00, 0x00, 0x00, 0x00, 0x00, 0x00, 0x00, 0x00,
    0x00, 0x00, 0x00, 0x00, 0x00, 0x00, 0x00, 0x00, 0x00, 0x00, 0x00, 0x00, 0x00, 0x00, 0x00, 0x00,
    0x00, 0x00, 0x00, 0x00, 0x00, 0x00, 0x00, 0x00, 0x00, 0x00, 0x00, 0x00, 0x00, 0x00, 0x00, 0x00,
    0x00, 0x00, 0x00, 0x00, 0x00, 0x00, 0x00, 0x00, 0x00, 0x00, 0x00, 0x00, 0x00, 0x00, 0x00, 0x00,
    0x00, 0x00, 0x00, 0x00, 0x00, 0x00, 0x00, 0x00, 0x00, 0x00, 0x00, 0x00, 0x00, 0x00, 0x00, 0x00,
    0x00, 0x00, 0x00, 0x00, 0x00, 0x00, 0x00, 0x00, 0x00, 0x00, 0x00, 0x00, 0x00, 0x00, 0x00, 0x00,
    0x00, 0x00, 0x00, 0x00, 0x00, 0x00, 0x00, 0x00, 0x00, 0x00, 0x00, 0x00, 0x00, 0x00, 0x00, 0x00,
    0x00, 0x00, 0x00, 0x00, 0x00, 0x00, 0x00, 0x00, 0x00, 0x00, 0x00, 0x00, 0x00, 0x00, 0x00, 0x00,
    0x00, 0x00, 0x00, 0x00, 0x00, 0x00, 0x00, 0x00, 0x00, 0x00, 0x00, 0x00, 0x00, 0x00, 0x00, 0x00,
    0x00, 0x00, 0x00, 0x00, 0x00, 0x00, 0x00, 0x00, 0x00, 0x00, 0x00, 0x00, 0x00, 0x00, 0x00, 0x00,
    0x00, 0x00, 0x00, 0x00, 0x00, 0x00, 0x00, 0x00, 0x00, 0x00, 0x00, 0x00, 0x00, 0x00, 0x00, 0x00,
    0x00, 0x00, 0x00, 0x00, 0x00, 0x00, 0x00, 0x00, 0x00, 0x00, 0x00, 0x00, 0x22, 0xed, 0xff, 0x01,
    0x32, 0xd7, 0xff, 0x1c, 0x32, 0xda, 0xff, 0xcd, 0x32, 0xd9, 0xff, 0xfb, 0x32, 0xd9, 0xff, 0xff,
    0x32, 0xd9, 0xff, 0xff, 0x32, 0xd9, 0xff, 0xff, 0x32, 0xd9, 0xff, 0xff, 0x32, 0xd9, 0xff, 0xff,
    0x32, 0xd9, 0xff, 0xff, 0x32, 0xd9, 0xff, 0xff, 0x32, 0xd9, 0xff, 0xff, 0x32, 0xd9, 0xff, 0xff,
    0x32, 0xd9, 0xff, 0xff, 0x32, 0xd9, 0xff, 0xff, 0x32, 0xd9, 0xff, 0xff, 0x32, 0xd9, 0xff, 0xff,
    0x32, 0xd9, 0xff, 0xff, 0x32, 0xd9, 0xff, 0xff, 0x32, 0xd9, 0xff, 0xff, 0x32, 0xd9, 0xff, 0xff,
    0x32, 0xd9, 0xff, 0xff, 0x32, 0xd9, 0xff, 0xff, 0x32, 0xd9, 0xff, 0xff, 0x32, 0xd9, 0xff, 0xff,
    0x32, 0xd9, 0xff, 0xff, 0x32, 0xd9, 0xff, 0xff, 0x32, 0xd9, 0xff, 0xff, 0x32, 0xd9, 0xff, 0xff,
    0x32, 0xd9, 0xff, 0xff, 0x32, 0xd9, 0xff, 0xff, 0x32, 0xd9, 0xff, 0xff, 0x32, 0xd9, 0xff, 0xff,
    0x32, 0xd9, 0xff, 0xff, 0x32, 0xd9, 0xff, 0xff, 0x32, 0xd9, 0xff, 0xff, 0x32, 0xd9, 0xff, 0xff,
    0x32, 0xd9, 0xff, 0xff, 0x32, 0xd9, 0xff, 0xff, 0x32, 0xd9, 0xff, 0xff, 0x32, 0xd9, 0xff, 0xff,
    0x32, 0xd9, 0xff, 0xff, 0x32, 0xd9, 0xff, 0xff, 0x32, 0xd9, 0xff, 0xff, 0x32, 0xd9, 0xff, 0xff,
    0x32, 0xd9, 0xff, 0xff, 0x32, 0xd9, 0xff, 0xff, 0x32, 0xd9, 0xff, 0xff, 0x32, 0xd9, 0xff, 0xff,
    0x32, 0xd9, 0xff, 0xff, 0x32, 0xd9, 0xff, 0xff, 0x32, 0xda, 0xff, 0xf8, 0x32, 0xd9, 0xff, 0xab,
    0x35, 0xdb, 0xff, 0x19, 0x00, 0x00, 0x00, 0x00, 0x00, 0x00, 0x00, 0x00, 0x00, 0x00, 0x00, 0x00,
    0x00, 0x00, 0x00, 0x00, 0x00, 0x00, 0x00, 0x00, 0x00, 0x00, 0x00, 0x00, 0x00, 0x00, 0x00, 0x00,
    0x00, 0x00, 0x00, 0x00, 0x00, 0x00, 0x00, 0x00, 0x00, 0x00, 0x00, 0x00, 0x00, 0x00, 0x00, 0x00,
    0x00, 0x00, 0x00, 0x00, 0x00, 0x00, 0x00, 0x00, 0x00, 0x00, 0x00, 0x00, 0x00, 0x00, 0x00, 0x00,
    0x00, 0x00, 0x00, 0x00, 0x00, 0x00, 0x00, 0x00, 0x00, 0x00, 0x00, 0x00, 0x00, 0x00, 0x00, 0x00,
    0x00, 0x00, 0x00, 0x00, 0x00, 0x00, 0x00, 0x00, 0x00, 0x00, 0x00, 0x00, 0x00, 0x00, 0x00, 0x00,
    0x00, 0x00, 0x00, 0x00, 0x00, 0x00, 0x00, 0x00, 0x00, 0x00, 0x00, 0x00, 0x00, 0x00, 0x00, 0x00,
    0x00, 0x00, 0x00, 0x00, 0x00, 0x00, 0x00, 0x00, 0x50, 0xe0, 0xff, 0x02, 0x3a, 0xd7, 0xff, 0x06,
    0x33, 0xdb, 0xff, 0x0e, 0x35, 0xdb, 0xff, 0x19, 0x32, 0xd7, 0xff, 0x1c, 0x32, 0xd7, 0xff, 0x1c,
    0x32, 0xd7, 0xff, 0x1c, 0x35, 0xdb, 0xff, 0x19, 0x32, 0xd9, 0xff, 0x11, 0x3a, 0xd7, 0xff, 0x06,
    0x22, 0xed, 0xff, 0x01, 0x00, 0x00, 0x00, 0x00, 0x00, 0x00, 0x00, 0x00, 0x00, 0x00, 0x00, 0x00,
    0x00, 0x00, 0x00, 0x00, 0x00, 0x00, 0x00, 0x00, 0x00, 0x00, 0x00, 0x00, 0x3c, 0xd8, 0xff, 0x04,
    0x33, 0xdb, 0xff, 0x2e, 0x32, 0xd9, 0xff, 0xe7, 0x32, 0xd9, 0xff, 0xfe, 0x32, 0xd9, 0xff, 0xff,
    0x32, 0xd9, 0xff, 0xff, 0x32, 0xd9, 0xff, 0xff, 0x32, 0xd9, 0xff, 0xff, 0x32, 0xd9, 0xff, 0xff,
    0x32, 0xd9, 0xff, 0xff, 0x32, 0xd9, 0xff, 0xff, 0x32, 0xd9, 0xff, 0xff, 0x32, 0xd9, 0xff, 0xff,
    0x32, 0xd9, 0xff, 0xff, 0x32, 0xd9, 0xff, 0xff, 0x32, 0xd9, 0xff, 0xff, 0x32, 0xd9, 0xff, 0xff,
    0x32, 0xd9, 0xff, 0xff, 0x32, 0xd9, 0xff, 0xff, 0x32, 0xd9, 0xff, 0xff, 0x32, 0xd9, 0xff, 0xff,
    0x32, 0xd9, 0xff, 0xff, 0x32, 0xd9, 0xff, 0xff, 0x32, 0xd9, 0xff, 0xff, 0x32, 0xd9, 0xff, 0xff,
    0x32, 0xd9, 0xff, 0xff, 0x32, 0xd9, 0xff, 0xff, 0x32, 0xd9, 0xff, 0xff, 0x32, 0xd9, 0xff, 0xff,
    0x32, 0xd9, 0xff, 0xff, 0x32, 0xd9, 0xff, 0xff, 0x32, 0xd9, 0xff, 0xff, 0x32, 0xd9, 0xff, 0xff,
    0x32, 0xd9, 0xff, 0xff, 0x32, 0xd9, 0xff, 0xff, 0x32, 0xd9, 0xff, 0xff, 0x32, 0xd9, 0xff, 0xff,
    0x32, 0xd9, 0xff, 0xff, 0x32, 0xd9, 0xff, 0xff, 0x32, 0xd9, 0xff, 0xff, 0x32, 0xd9, 0xff, 0xff,
    0x32, 0xd9, 0xff, 0xff, 0x32, 0xd9, 0xff, 0xff, 0x32, 0xd9, 0xff, 0xff, 0x32, 0xd9, 0xff, 0xff,
    0x32, 0xd9, 0xff, 0xff, 0x32, 0xd9, 0xff, 0xff, 0x32, 0xd9, 0xff, 0xff, 0x32, 0xd9, 0xff, 0xff,
    0x32, 0xd9, 0xff, 0xff, 0x32, 0xd9, 0xff, 0xff, 0x32, 0xd9, 0xff, 0xfe, 0x32, 0xd9, 0xff, 0xc9,
    0x33, 0xda, 0xff, 0x26, 0x22, 0xed, 0xff, 0x01, 0x00, 0x00, 0x00, 0x00, 0x00, 0x00, 0x00, 0x00,
    0x00, 0x00, 0x00, 0x00, 0x00, 0x00, 0x00, 0x00, 0x00, 0x00, 0x00, 0x00, 0x00, 0x00, 0x00, 0x00,
    0x22, 0xed, 0xff, 0x01, 0x50, 0xe0, 0xff, 0x02, 0x3c, 0xd8, 0xff, 0x04, 0x3c, 0xd8, 0xff, 0x04,
    0x3c, 0xd8, 0xff, 0x04, 0x3c, 0xd8, 0xff, 0x04, 0x3c, 0xd8, 0xff, 0x04, 0x3c, 0xd8, 0xff, 0x04,
    0x4d, 0xcb, 0xff, 0x03, 0x50, 0xe0, 0xff, 0x02, 0x00, 0x00, 0x00, 0x00, 0x00, 0x00, 0x00, 0x00,
    0x00, 0x00, 0x00, 0x00, 0x00, 0x00, 0x00, 0x00, 0x00, 0x00, 0x00, 0x00, 0x00, 0x00, 0x00, 0x00,
    0x00, 0x00, 0x00, 0x00, 0x00, 0x00, 0x00, 0x00, 0x00, 0x00, 0x00, 0x00, 0x00, 0x00, 0x00, 0x00,
    0x00, 0x00, 0x00, 0x00, 0x00, 0x00, 0x00, 0x00, 0x33, 0xdc, 0xff, 0x22, 0x32, 0xda, 0xff, 0x70,
    0x32, 0xda, 0xff, 0x98, 0x32, 0xd9, 0xff, 0xa8, 0x32, 0xd9, 0xff, 0xab, 0x32, 0xd9, 0xff, 0xab,
    0x32, 0xd9, 0xff, 0xab, 0x32, 0xd9, 0xff, 0xab, 0x32, 0xda, 0xff, 0x9e, 0x32, 0xda, 0xff, 0x77,
    0x33, 0xda, 0xff, 0x26, 0x4d, 0xcb, 0xff, 0x03, 0x00, 0x00, 0x00, 0x00, 0x00, 0x00, 0x00, 0x00,
    0x00, 0x00, 0x00, 0x00, 0x00, 0x00, 0x00, 0x00, 0x00, 0x00, 0x00, 0x00, 0x34, 0xda, 0xff, 0x0a,
    0x32, 0xda, 0xff, 0x4b, 0x32, 0xda, 0xff, 0xea, 0x32, 0xd9, 0xff, 0xff, 0x32, 0xd9, 0xff, 0xff,
    0x32, 0xd9, 0xff, 0xff, 0x32, 0xd9, 0xff, 0xff, 0x32, 0xd9, 0xff, 0xff, 0x32, 0xd9, 0xff, 0xff,
    0x32, 0xd9, 0xff, 0xff, 0x32, 0xd9, 0xff, 0xff, 0x32, 0xd9, 0xff, 0xff, 0x32, 0xd9, 0xff, 0xff,
    0x32, 0xd9, 0xff, 0xff, 0x32, 0xd9, 0xff, 0xff, 0x32, 0xd9, 0xff, 0xff, 0x32, 0xd9, 0xff, 0xff,
    0x32, 0xd9, 0xff, 0xff, 0x32, 0xd9, 0xff, 0xff, 0x32, 0xd9, 0xff, 0xff, 0x32, 0xd9, 0xff, 0xff,
    0x32, 0xd9, 0xff, 0xff, 0x32, 0xd9, 0xff, 0xff, 0x32, 0xd9, 0xff, 0xff, 0x32, 0xd9, 0xff, 0xff,
    0x32, 0xd9, 0xff, 0xff, 0x32, 0xd9, 0xff, 0xff, 0x32, 0xd9, 0xff, 0xff, 0x32, 0xd9, 0xff, 0xff,
    0x32, 0xd9, 0xff, 0xff, 0x32, 0xd9, 0xff, 0xff, 0x32, 0xd9, 0xff, 0xff, 0x32, 0xd9, 0xff, 0xff,
    0x32, 0xd9, 0xff, 0xff, 0x32, 0xd9, 0xff, 0xff, 0x32, 0xd9, 0xff, 0xff, 0x32, 0xd9, 0xff, 0xff,
    0x32, 0xd9, 0xff, 0xff, 0x32, 0xd9, 0xff, 0xff, 0x32, 0xd9, 0xff, 0xff, 0x32, 0xd9, 0xff, 0xff,
    0x32, 0xd9, 0xff, 0xff, 0x32, 0xd9, 0xff, 0xff, 0x32, 0xd9, 0xff, 0xff, 0x32, 0xd9, 0xff, 0xff,
    0x32, 0xd9, 0xff, 0xff, 0x32, 0xd9, 0xff, 0xff, 0x32, 0xd9, 0xff, 0xff, 0x32, 0xd9, 0xff, 0xff,
    0x32, 0xd9, 0xff, 0xff, 0x32, 0xd9, 0xff, 0xff, 0x32, 0xd9, 0xff, 0xff, 0x31, 0xda, 0xff, 0xd7,
    0x33, 0xda, 0xff, 0x37, 0x4d, 0xcb, 0xff, 0x03, 0x00, 0x00, 0x00, 0x00, 0x00, 0x00, 0x00, 0x00,
    0x00, 0x00, 0x00, 0x00, 0x00, 0x00, 0x00, 0x00, 0x00, 0x00, 0x00, 0x00, 0x00, 0x00, 0x00, 0x00,
    0x34, 0xda, 0xff, 0x0a, 0x33, 0xda, 0xff, 0x33, 0x32, 0xda, 0xff, 0x5b, 0x32, 0xda, 0xff, 0x67,
    0x32, 0xda, 0xff, 0x67, 0x32, 0xda, 0xff, 0x67, 0x32, 0xda, 0xff, 0x67, 0x32, 0xda, 0xff, 0x67,
    0x34, 0xda, 0xff, 0x51, 0x33, 0xda, 0xff, 0x29, 0x22, 0xed, 0xff, 0x01, 0x00, 0x00, 0x00, 0x00,
    0x00, 0x00, 0x00, 0x00, 0x00, 0x00, 0x00, 0x00, 0x00, 0x00, 0x00, 0x00, 0x00, 0x00, 0x00, 0x00,
    0x00, 0x00, 0x00, 0x00, 0x00, 0x00, 0x00, 0x00, 0x00, 0x00, 0x00, 0x00, 0x00, 0x00, 0x00, 0x00,
    0x4d, 0xcb, 0xff, 0x03, 0x32, 0xd7, 0xff, 0x1c, 0x32, 0xd9, 0xff, 0xa3, 0x32, 0xda, 0xff, 0xea,
    0x32, 0xd9, 0xff, 0xfb, 0x32, 0xd9, 0xff, 0xff, 0x32, 0xd9, 0xff, 0xff, 0x32, 0xd9, 0xff, 0xff,
    0x32, 0xd9, 0xff, 0xff, 0x32, 0xd9, 0xff, 0xff, 0x32, 0xd9, 0xff, 0xfe, 0x32, 0xd9, 0xff, 0xed,
    0x32, 0xd9, 0xff, 0xa8, 0x33, 0xdb, 0xff, 0x2e, 0x4d, 0xcb, 0xff, 0x03, 0x00, 0x00, 0x00, 0x00,
    0x00, 0x00, 0x00, 0x00, 0x00, 0x00, 0x00, 0x00, 0x00, 0x00, 0x00, 0x00, 0x33, 0xdb, 0xff, 0x0e,
    0x32, 0xd9, 0xff, 0x6a, 0x32, 0xd9, 0xff, 0xf1, 0x32, 0xd9, 0xff, 0xff, 0x32, 0xd9, 0xff, 0xff,
    0x32, 0xd9, 0xff, 0xff, 0x32, 0xd9, 0xff, 0xff, 0x32, 0xd9, 0xff, 0xff, 0x32, 0xd9, 0xff, 0xff,
    0x32, 0xd9, 0xff, 0xff, 0x32, 0xd9, 0xff, 0xff, 0x32, 0xd9, 0xff, 0xff, 0x32, 0xd9, 0xff, 0xff,
    0x32, 0xd9, 0xff, 0xff, 0x32, 0xd9, 0xff, 0xff, 0x32, 0xd9, 0xff, 0xff, 0x32, 0xd9, 0xff, 0xff,
    0x32, 0xd9, 0xff, 0xff, 0x32, 0xd9, 0xff, 0xff, 0x32, 0xd9, 0xff, 0xff, 0x32, 0xd9, 0xff, 0xff,
    0x32, 0xd9, 0xff, 0xff, 0x32, 0xd9, 0xff, 0xff, 0x32, 0xd9, 0xff, 0xff, 0x32, 0xd9, 0xff, 0xff,
    0x32, 0xd9, 0xff, 0xff, 0x32, 0xd9, 0xff, 0xff, 0x32, 0xd9, 0xff, 0xff, 0x32, 0xd9, 0xff, 0xff,
    0x32, 0xd9, 0xff, 0xff, 0x32, 0xd9, 0xff, 0xff, 0x32, 0xd9, 0xff, 0xff, 0x32, 0xd9, 0xff, 0xff,
    0x32, 0xd9, 0xff, 0xff, 0x32, 0xd9, 0xff, 0xff, 0x32, 0xd9, 0xff, 0xff, 0x32, 0xd9, 0xff, 0xff,
    0x32, 0xd9, 0xff, 0xff, 0x32, 0xd9, 0xff, 0xff, 0x32, 0xd9, 0xff, 0xff, 0x32, 0xd9, 0xff, 0xff,
    0x32, 0xd9, 0xff, 0xff, 0x32, 0xd9, 0xff, 0xff, 0x32, 0xd9, 0xff, 0xff, 0x32, 0xd9, 0xff, 0xff,
    0x32, 0xd9, 0xff, 0xff, 0x32, 0xd9, 0xff, 0xff, 0x32, 0xd9, 0xff, 0xff, 0x32, 0xd9, 0xff, 0xff,
    0x32, 0xd9, 0xff, 0xff, 0x32, 0xd9, 0xff, 0xff, 0x32, 0xd9, 0xff, 0xff, 0x32, 0xda, 0xff, 0xde,
    0x32, 0xda, 0xff, 0x4e, 0x3c, 0xd8, 0xff, 0x04, 0x00, 0x00, 0x00, 0x00, 0x00, 0x00, 0x00, 0x00,
    0x00, 0x00, 0x00, 0x00, 0x00, 0x00, 0x00, 0x00, 0x22, 0xed, 0xff, 0x01, 0x32, 0xd7, 0xff, 0x1c,
    0x32, 0xda, 0xff, 0x82, 0x32, 0xda, 0xff, 0xc4, 0x32, 0xda, 0xff, 0xde, 0x32, 0xd9, 0xff, 0xe7,
    0x32, 0xd9, 0xff, 0xe7, 0x32, 0xd9, 0xff, 0xe7, 0x32, 0xd9, 0xff, 0xe7, 0x32, 0xd9, 0xff, 0xe7,
    0x32, 0xd9, 0xff, 0xda, 0x32, 0xd9, 0xff, 0xb9, 0x32, 0xda, 0xff, 0x57, 0x33, 0xdb, 0xff, 0x0e,
    0x00, 0x00, 0x00, 0x00, 0x00, 0x00, 0x00, 0x00, 0x00, 0x00, 0x00, 0x00, 0x00, 0x00, 0x00, 0x00,
    0x00, 0x00, 0x00, 0x00, 0x00, 0x00, 0x00, 0x00, 0x00, 0x00, 0x00, 0x00, 0x00, 0x00, 0x00, 0x00,
    0x34, 0xda, 0xff, 0x0a, 0x32, 0xda, 0xff, 0x67, 0x32, 0xda, 0xff, 0xea, 0x32, 0xd9, 0xff, 0xff,
    0x32, 0xd9, 0xff, 0xff, 0x32, 0xd9, 0xff, 0xff, 0x32, 0xd9, 0xff, 0xff, 0x32, 0xd9, 0xff, 0xff,
    0x32, 0xd9, 0xff, 0xff, 0x32, 0xd9, 0xff, 0xff, 0x32, 0xd9, 0xff, 0xff, 0x32, 0xd9, 0xff, 0xff,
    0x32, 0xd9, 0xff, 0xe7, 0x31, 0xda, 0xff, 0x87, 0x33, 0xdb, 0xff, 0x0e, 0x00, 0x00, 0x00, 0x00,
    0x00, 0x00, 0x00, 0x00, 0x00, 0x00, 0x00, 0x00, 0x00, 0x00, 0x00, 0x00, 0x32, 0xd9, 0xff, 0x11,
    0x32, 0xda, 0xff, 0x77, 0x31, 0xda, 0xff, 0xf3, 0x32, 0xd9, 0xff, 0xff, 0x32, 0xd9, 0xff, 0xff,
    0x32, 0xd9, 0xff, 0xff, 0x32, 0xd9, 0xff, 0xff, 0x32, 0xd9, 0xff, 0xff, 0x32, 0xd9, 0xff, 0xff,
    0x32, 0xd9, 0xff, 0xff, 0x32, 0xd9, 0xff, 0xff, 0x32, 0xd9, 0xff, 0xff, 0x32, 0xd9, 0xff, 0xff,
    0x32, 0xd9, 0xff, 0xff, 0x32, 0xd9, 0xff, 0xff, 0x32, 0xd9, 0xff, 0xff, 0x32, 0xd9, 0xff, 0xff,
    0x32, 0xd9, 0xff, 0xff, 0x32, 0xd9, 0xff, 0xff, 0x32, 0xd9, 0xff, 0xff, 0x32, 0xd9, 0xff, 0xff,
    0x32, 0xd9, 0xff, 0xff, 0x32, 0xd9, 0xff, 0xff, 0x32, 0xd9, 0xff, 0xff, 0x32, 0xd9, 0xff, 0xff,
    0x32, 0xd9, 0xff, 0xff, 0x32, 0xd9, 0xff, 0xff, 0x32, 0xd9, 0xff, 0xff, 0x32, 0xd9, 0xff, 0xff,
    0x32, 0xd9, 0xff, 0xff, 0x32, 0xd9, 0xff, 0xff, 0x32, 0xd9, 0xff, 0xff, 0x32, 0xd9, 0xff, 0xff,
    0x32, 0xd9, 0xff, 0xff, 0x32, 0xd9, 0xff, 0xff, 0x32, 0xd9, 0xff, 0xff, 0x32, 0xd9, 0xff, 0xff,
    0x32, 0xd9, 0xff, 0xff, 0x32, 0xd9, 0xff, 0xff, 0x32, 0xd9, 0xff, 0xff, 0x32, 0xd9, 0xff, 0xff,
    0x32, 0xd9, 0xff, 0xff, 0x32, 0xd9, 0xff, 0xff, 0x32, 0xd9, 0xff, 0xff, 0x32, 0xd9, 0xff, 0xff,
    0x32, 0xd9, 0xff, 0xff, 0x32, 0xd9, 0xff, 0xff, 0x32, 0xd9, 0xff, 0xff, 0x32, 0xd9, 0xff, 0xff,
    0x32, 0xd9, 0xff, 0xff, 0x32, 0xd9, 0xff, 0xff, 0x32, 0xd9, 0xff, 0xff, 0x32, 0xda, 0xff, 0xe3,
    0x32, 0xd9, 0xff, 0x5e, 0x3a, 0xd7, 0xff, 0x06, 0x00, 0x00, 0x00, 0x00, 0x00, 0x00, 0x00, 0x00,
    0x00, 0x00, 0x00, 0x00, 0x00, 0x00, 0x00, 0x00, 0x36, 0xe3, 0xff, 0x0c, 0x32, 0xda, 0xff, 0x67,
    0x32, 0xda, 0xff, 0xde, 0x32, 0xd9, 0xff, 0xfe, 0x32, 0xd9, 0xff, 0xff, 0x32, 0xd9, 0xff, 0xff,
    0x32, 0xd9, 0xff, 0xff, 0x32, 0xd9, 0xff, 0xff, 0x32, 0xd9, 0xff, 0xff, 0x32, 0xd9, 0xff, 0xff,
    0x32, 0xd9, 0xff, 0xff, 0x32, 0xd9, 0xff, 0xfb, 0x32, 0xd9, 0xff, 0xb9, 0x32, 0xda, 0xff, 0x4b,
    0x22, 0xed, 0xff, 0x01, 0x00, 0x00, 0x00, 0x00, 0x00, 0x00, 0x00, 0x00, 0x00, 0x00, 0x00, 0x00,
    0x00, 0x00, 0x00, 0x00, 0x00, 0x00, 0x00, 0x00, 0x00, 0x00, 0x00, 0x00, 0x00, 0x00, 0x00, 0x00,
    0x34, 0xda, 0xff, 0x16, 0x32, 0xda, 0xff, 0x98, 0x32, 0xd9, 0xff, 0xfe, 0x32, 0xd9, 0xff, 0xff,
    0x32, 0xd9, 0xff, 0xff, 0x32, 0xd9, 0xff, 0xff, 0x32, 0xd9, 0xff, 0xff, 0x32, 0xd9, 0xff, 0xff,
    0x32, 0xd9, 0xff, 0xff, 0x32, 0xd9, 0xff, 0xff, 0x32, 0xd9, 0xff, 0xff, 0x32, 0xd9, 0xff, 0xff,
    0x32, 0xd9, 0xff, 0xfb, 0x32, 0xd9, 0xff, 0xbe, 0x34, 0xda, 0xff, 0x16, 0x00, 0x00, 0x00, 0x00,
    0x00, 0x00, 0x00, 0x00, 0x00, 0x00, 0x00, 0x00, 0x00, 0x00, 0x00, 0x00, 0x32, 0xd9, 0xff, 0x11,
    0x32, 0xda, 0xff, 0x82, 0x32, 0xd9, 0xff, 0xf5, 0x32, 0xd9, 0xff, 0xff, 0x32, 0xd9, 0xff, 0xff,
    0x32, 0xd9, 0xff, 0xff, 0x32, 0xd9, 0xff, 0xff, 0x32, 0xd9, 0xff, 0xff, 0x32, 0xd9, 0xff, 0xff,
    0x32, 0xd9, 0xff, 0xff, 0x32, 0xd9, 0xff, 0xff, 0x32, 0xd9, 0xff, 0xff, 0x32, 0xd9, 0xff, 0xff,
    0x32, 0xd9, 0xff, 0xff, 0x32, 0xd9, 0xff, 0xff, 0x32, 0xd9, 0xff, 0xff, 0x32, 0xd9, 0xff, 0xff,
    0x32, 0xd9, 0xff, 0xff, 0x32, 0xd9, 0xff, 0xff, 0x32, 0xd9, 0xff, 0xff, 0x32, 0xd9, 0xff, 0xff,
    0x32, 0xd9, 0xff, 0xff, 0x32, 0xd9, 0xff, 0xff, 0x32, 0xd9, 0xff, 0xff, 0x32, 0xd9, 0xff, 0xff,
    0x32, 0xd9, 0xff, 0xff, 0x32, 0xd9, 0xff, 0xff, 0x32, 0xd9, 0xff, 0xff, 0x32, 0xd9, 0xff, 0xff,
    0x32, 0xd9, 0xff, 0xff, 0x32, 0xd9, 0xff, 0xff, 0x32, 0xd9, 0xff, 0xff, 0x32, 0xd9, 0xff, 0xff,
    0x32, 0xd9, 0xff, 0xff, 0x32, 0xd9, 0xff, 0xff, 0x32, 0xd9, 0xff, 0xff, 0x32, 0xd9, 0xff, 0xff,
    0x32, 0xd9, 0xff, 0xff, 0x32, 0xd9, 0xff, 0xff, 0x32, 0xd9, 0xff, 0xff, 0x32, 0xd9, 0xff, 0xff,
    0x32, 0xd9, 0xff, 0xff, 0x32, 0xd9, 0xff, 0xff, 0x32, 0xd9, 0xff, 0xff, 0x32, 0xd9, 0xff, 0xff,
    0x32, 0xd9, 0xff, 0xff, 0x32, 0xd9, 0xff, 0xff, 0x32, 0xd9, 0xff, 0xff, 0x32, 0xd9, 0xff, 0xff,
    0x32, 0xd9, 0xff, 0xff, 0x32, 0xd9, 0xff, 0xff, 0x32, 0xd9, 0xff, 0xff, 0x32, 0xd9, 0xff, 0xe7,
    0x32, 0xda, 0xff, 0x67, 0x37, 0xdc, 0xff, 0x08, 0x00, 0x00, 0x00, 0x00, 0x00, 0x00, 0x00, 0x00,
    0x00, 0x00, 0x00, 0x00, 0x00, 0x00, 0x00, 0x00, 0x32, 0xd7, 0xff, 0x1c, 0x31, 0xda, 0xff, 0xaf,
    0x32, 0xd9, 0xff, 0xfb, 0x32, 0xd9, 0xff, 0xff, 0x32, 0xd9, 0xff, 0xff, 0x32, 0xd9, 0xff, 0xff,
    0x32, 0xd9, 0xff, 0xff, 0x32, 0xd9, 0xff, 0xff, 0x32, 0xd9, 0xff, 0xff, 0x32, 0xd9, 0xff, 0xff,
    0x32, 0xd9, 0xff, 0xff, 0x32, 0xd9, 0xff, 0xff, 0x32, 0xd9, 0xff, 0xf5, 0x31, 0xda, 0xff, 0x87,
    0x3c, 0xd8, 0xff, 0x04, 0x00, 0x00, 0x00, 0x00, 0x00, 0x00, 0x00, 0x00, 0x00, 0x00, 0x00, 0x00,
    0x00, 0x00, 0x00, 0x00, 0x00, 0x00, 0x00, 0x00, 0x00, 0x00, 0x00, 0x00, 0x00, 0x00, 0x00, 0x00,
    0x32, 0xd7, 0xff, 0x1c, 0x32, 0xd9, 0xff, 0xa3, 0x32, 0xd9, 0xff, 0xff, 0x32, 0xd9, 0xff, 0xff,
    0x32, 0xd9, 0xff, 0xff, 0x32, 0xd9, 0xff, 0xff, 0x32, 0xd9, 0xff, 0xff, 0x32, 0xd9, 0xff, 0xff,
    0x32, 0xd9, 0xff, 0xff, 0x32, 0xd9, 0xff, 0xff, 0x32, 0xd9, 0xff, 0xff, 0x32, 0xd9, 0xff, 0xff,
    0x32, 0xd9, 0xff, 0xfe, 0x32, 0xda, 0xff, 0xc4, 0x32, 0xd7, 0xff, 0x1c, 0x00, 0x00, 0x00, 0x00,
    0x00, 0x00, 0x00, 0x00, 0x00, 0x00, 0x00, 0x00, 0x00, 0x00, 0x00, 0x00, 0x32, 0xd9, 0xff, 0x11,
    0x31, 0xda, 0xff, 0x87, 0x32, 0xd9, 0xff, 0xf5, 0x32, 0xd9, 0xff, 0xff, 0x32, 0xd9, 0xff, 0xff,
    0x32, 0xd9, 0xff, 0xff, 0x32, 0xd9, 0xff, 0xff, 0x32, 0xd9, 0xff, 0xff, 0x32, 0xd9, 0xff, 0xff,
    0x32, 0xd9, 0xff, 0xff, 0x32, 0xd9, 0xff, 0xff, 0x32, 0xd9, 0xff, 0xff, 0x32, 0xd9, 0xff, 0xff,
    0x32, 0xd9, 0xff, 0xff, 0x32, 0xd9, 0xff, 0xff, 0x32, 0xd9, 0xff, 0xff, 0x32, 0xd9, 0xff, 0xff,
    0x32, 0xd9, 0xff, 0xff, 0x32, 0xd9, 0xff, 0xff, 0x32, 0xd9, 0xff, 0xff, 0x32, 0xd9, 0xff, 0xff,
    0x32, 0xd9, 0xff, 0xff, 0x32, 0xd9, 0xff, 0xff, 0x32, 0xd9, 0xff, 0xff, 0x32, 0xd9, 0xff, 0xff,
    0x32, 0xd9, 0xff, 0xff, 0x32, 0xd9, 0xff, 0xff, 0x32, 0xd9, 0xff, 0xff, 0x32, 0xd9, 0xff, 0xff,
    0x32, 0xd9, 0xff, 0xff, 0x32, 0xd9, 0xff, 0xff, 0x32, 0xd9, 0xff, 0xff, 0x32, 0xd9, 0xff, 0xff,
    0x32, 0xd9, 0xff, 0xff, 0x32, 0xd9, 0xff, 0xff, 0x32, 0xd9, 0xff, 0xff, 0x32, 0xd9, 0xff, 0xff,
    0x32, 0xd9, 0xff, 0xff, 0x32, 0xd9, 0xff, 0xff, 0x32, 0xd9, 0xff, 0xff, 0x32, 0xd9, 0xff, 0xff,
    0x32, 0xd9, 0xff, 0xff, 0x32, 0xd9, 0xff, 0xff, 0x32, 0xd9, 0xff, 0xff, 0x32, 0xd9, 0xff, 0xff,
    0x32, 0xd9, 0xff, 0xff, 0x32, 0xd9, 0xff, 0xff, 0x32, 0xd9, 0xff, 0xff, 0x32, 0xd9, 0xff, 0xff,
    0x32, 0xd9, 0xff, 0xff, 0x32, 0xd9, 0xff, 0xff, 0x32, 0xd9, 0xff, 0xff, 0x32, 0xd9, 0xff, 0xe7,
    0x32, 0xd9, 0xff, 0x6a, 0x37, 0xdc, 0xff, 0x08, 0x00, 0x00, 0x00, 0x00, 0x00, 0x00, 0x00, 0x00,
    0x00, 0x00, 0x00, 0x00, 0x22, 0xed, 0xff, 0x01, 0x33, 0xda, 0xff, 0x26, 0x32, 0xda, 0xff, 0xcd,
    0x32, 0xd9, 0xff, 0xfe, 0x32, 0xd9, 0xff, 0xff, 0x32, 0xd9, 0xff, 0xff, 0x32, 0xd9, 0xff, 0xff,
    0x32, 0xd9, 0xff, 0xff, 0x32, 0xd9, 0xff, 0xff, 0x32, 0xd9, 0xff, 0xff, 0x32, 0xd9, 0xff, 0xff,
    0x32, 0xd9, 0xff, 0xff, 0x32, 0xd9, 0xff, 0xff, 0x32, 0xd9, 0xff, 0xff, 0x32, 0xda, 0xff, 0x9e,
    0x32, 0xd9, 0xff, 0x11, 0x00, 0x00, 0x00, 0x00, 0x00, 0x00, 0x00, 0x00, 0x00, 0x00, 0x00, 0x00,
    0x00, 0x00, 0x00, 0x00, 0x00, 0x00, 0x00, 0x00, 0x00, 0x00, 0x00, 0x00, 0x00, 0x00, 0x00, 0x00,
    0x33, 0xdb, 0xff, 0x0e, 0x32, 0xda, 0xff, 0x82, 0x32, 0xd9, 0xff, 0xf5, 0x32, 0xd9, 0xff, 0xff,
    0x32, 0xd9, 0xff, 0xff, 0x32, 0xd9, 0xff, 0xff, 0x32, 0xd9, 0xff, 0xff, 0x32, 0xd9, 0xff, 0xff,
    0x32, 0xd9, 0xff, 0xff, 0x32, 0xd9, 0xff, 0xff, 0x32, 0xd9, 0xff, 0xff, 0x32, 0xd9, 0xff, 0xff,
    0x32, 0xd9, 0xff, 0xf5, 0x32, 0xda, 0xff, 0x9e, 0x32, 0xd9, 0xff, 0x11, 0x00, 0x00, 0x00, 0x00,
    0x00, 0x00, 0x00, 0x00, 0x00, 0x00, 0x00, 0x00, 0x00, 0x00, 0x00, 0x00, 0x32, 0xd9, 0xff, 0x11,
    0x32, 0xda, 0xff, 0x7d, 0x31, 0xda, 0xff, 0xf3, 0x32, 0xd9, 0xff, 0xff, 0x32, 0xd9, 0xff, 0xff,
    0x32, 0xd9, 0xff, 0xff, 0x32, 0xd9, 0xff, 0xff, 0x32, 0xd9, 0xff, 0xff, 0x32, 0xd9, 0xff, 0xff,
    0x32, 0xd9, 0xff, 0xff, 0x32, 0xd9, 0xff, 0xff, 0x32, 0xd9, 0xff, 0xff, 0x32, 0xd9, 0xff, 0xff,
    0x32, 0xd9, 0xff, 0xff, 0x32, 0xd9, 0xff, 0xff, 0x32, 0xd9, 0xff, 0xff, 0x32, 0xd9, 0xff, 0xff,
    0x32, 0xd9, 0xff, 0xff, 0x32, 0xd9, 0xff, 0xff, 0x32, 0xd9, 0xff, 0xff, 0x32, 0xd9, 0xff, 0xff,
    0x32, 0xd9, 0xff, 0xff, 0x32, 0xd9, 0xff, 0xff, 0x32, 0xd9, 0xff, 0xff, 0x32, 0xd9, 0xff, 0xff,
    0x32, 0xd9, 0xff, 0xff, 0x32, 0xd9, 0xff, 0xff, 0x32, 0xd9, 0xff, 0xff, 0x32, 0xd9, 0xff, 0xff,
    0x32, 0xd9, 0xff, 0xff, 0x32, 0xd9, 0xff, 0xff, 0x32, 0xd9, 0xff, 0xff, 0x32, 0xd9, 0xff, 0xff,
    0x32, 0xd9, 0xff, 0xff, 0x32, 0xd9, 0xff, 0xff, 0x32, 0xd9, 0xff, 0xff, 0x32, 0xd9, 0xff, 0xff,
    0x32, 0xd9, 0xff, 0xff, 0x32, 0xd9, 0xff, 0xff, 0x32, 0xd9, 0xff, 0xff, 0x32, 0xd9, 0xff, 0xff,
    0x32, 0xd9, 0xff, 0xff, 0x32, 0xd9, 0xff, 0xff, 0x32, 0xd9, 0xff, 0xff, 0x32, 0xd9, 0xff, 0xff,
    0x32, 0xd9, 0xff, 0xff, 0x32, 0xd9, 0xff, 0xff, 0x32, 0xd9, 0xff, 0xff, 0x32, 0xd9, 0xff, 0xff,
    0x32, 0xd9, 0xff, 0xff, 0x32, 0xd9, 0xff, 0xff, 0x32, 0xd9, 0xff, 0xff, 0x32, 0xda, 0xff, 0xe3,
    0x31, 0xda, 0xff, 0x62, 0x3a, 0xd7, 0xff, 0x06, 0x00, 0x00, 0x00, 0x00, 0x00, 0x00, 0x00, 0x00,
    0x00, 0x00, 0x00, 0x00, 0x00, 0x00, 0x00, 0x00, 0x32, 0xd7, 0xff, 0x1c, 0x32, 0xd9, 0xff, 0xb9,
    0x32, 0xd9, 0xff, 0xfb, 0x32, 0xd9, 0xff, 0xff, 0x32, 0xd9, 0xff, 0xff, 0x32, 0xd9, 0xff, 0xff,
    0x32, 0xd9, 0xff, 0xff, 0x32, 0xd9, 0xff, 0xff, 0x32, 0xd9, 0xff, 0xff, 0x32, 0xd9, 0xff, 0xff,
    0x32, 0xd9, 0xff, 0xff, 0x32, 0xd9, 0xff, 0xff, 0x32, 0xd9, 0xff, 0xfb, 0x32, 0xda, 0xff, 0x8f,
    0x37, 0xdc, 0xff, 0x08, 0x00, 0x00, 0x00, 0x00, 0x00, 0x00, 0x00, 0x00, 0x00, 0x00, 0x00, 0x00,
    0x00, 0x00, 0x00, 0x00, 0x00, 0x00, 0x00, 0x00, 0x00, 0x00, 0x00, 0x00, 0x00, 0x00, 0x00, 0x00,
    0x3c, 0xd8, 0xff, 0x04, 0x33, 0xda, 0xff, 0x3f, 0x32, 0xd9, 0xff, 0xc9, 0x32, 0xd9, 0xff, 0xfb,
    0x32, 0xd9, 0xff, 0xff, 0x32, 0xd9, 0xff, 0xff, 0x32, 0xd9, 0xff, 0xff, 0x32, 0xd9, 0xff, 0xff,
    0x32, 0xd9, 0xff, 0xff, 0x32, 0xd9, 0xff, 0xff, 0x32, 0xd9, 0xff, 0xff, 0x32, 0xd9, 0xff, 0xfb,
    0x32, 0xd9, 0xff, 0xc9, 0x32, 0xda, 0xff, 0x4e, 0x3a, 0xd7, 0xff, 0x06, 0x00, 0x00, 0x00, 0x00,
    0x00, 0x00, 0x00, 0x00, 0x00, 0x00, 0x00, 0x00, 0x00, 0x00, 0x00, 0x00, 0x33, 0xdb, 0xff, 0x0e,
    0x32, 0xda, 0xff, 0x70, 0x32, 0xd9, 0xff, 0xf1, 0x32, 0xd9, 0xff, 0xff, 0x32, 0xd9, 0xff, 0xff,
    0x32, 0xd9, 0xff, 0xff, 0x32, 0xd9, 0xff, 0xff, 0x32, 0xd9, 0xff, 0xff, 0x32, 0xd9, 0xff, 0xff,
    0x32, 0xd9, 0xff, 0xff, 0x32, 0xd9, 0xff, 0xff, 0x32, 0xd9, 0xff, 0xff, 0x32, 0xd9, 0xff, 0xff,
    0x32, 0xd9, 0xff, 0xff, 0x32, 0xd9, 0xff, 0xff, 0x32, 0xd9, 0xff, 0xff, 0x32, 0xd9, 0xff, 0xff,
    0x32, 0xd9, 0xff, 0xff, 0x32, 0xd9, 0xff, 0xff, 0x32, 0xd9, 0xff, 0xff, 0x32, 0xd9, 0xff, 0xff,
    0x32, 0xd9, 0xff, 0xff, 0x32, 0xd9, 0xff, 0xff, 0x32, 0xd9, 0xff, 0xff, 0x32, 0xd9, 0xff, 0xff,
    0x32, 0xd9, 0xff, 0xff, 0x32, 0xd9, 0xff, 0xff, 0x32, 0xd9, 0xff, 0xff, 0x32, 0xd9, 0xff, 0xff,
    0x32, 0xd9, 0xff, 0xff, 0x32, 0xd9, 0xff, 0xff, 0x32, 0xd9, 0xff, 0xff, 0x32, 0xd9, 0xff, 0xff,
    0x32, 0xd9, 0xff, 0xff, 0x32, 0xd9, 0xff, 0xff, 0x32, 0xd9, 0xff, 0xff, 0x32, 0xd9, 0xff, 0xff,
    0x32, 0xd9, 0xff, 0xff, 0x32, 0xd9, 0xff, 0xff, 0x32, 0xd9, 0xff, 0xff, 0x32, 0xd9, 0xff, 0xff,
    0x32, 0xd9, 0xff, 0xff, 0x32, 0xd9, 0xff, 0xff, 0x32, 0xd9, 0xff, 0xff, 0x32, 0xd9, 0xff, 0xff,
    0x32, 0xd9, 0xff, 0xff, 0x32, 0xd9, 0xff, 0xff, 0x32, 0xd9, 0xff, 0xff, 0x32, 0xd9, 0xff, 0xff,
    0x32, 0xd9, 0xff, 0xff, 0x32, 0xd9, 0xff, 0xff, 0x32, 0xd9, 0xff, 0xff, 0x32, 0xda, 0xff, 0xe3,
    0x32, 0xda, 0xff, 0x57, 0x3a, 0xd7, 0xff, 0x06, 0x00, 0x00, 0x00, 0x00, 0x00, 0x00, 0x00, 0x00,
    0x00, 0x00, 0x00, 0x00, 0x00, 0x00, 0x00, 0x00, 0x32, 0xd9, 0xff, 0x11, 0x32, 0xda, 0xff, 0x82,
    0x32, 0xd9, 0xff, 0xf1, 0x32, 0xd9, 0xff, 0xff, 0x32, 0xd9, 0xff, 0xff, 0x32, 0xd9, 0xff, 0xff,
    0x32, 0xd9, 0xff, 0xff, 0x32, 0xd9, 0xff, 0xff, 0x32, 0xd9, 0xff, 0xff, 0x32, 0xd9, 0xff, 0xff,
    0x32, 0xd9, 0xff, 0xff, 0x32, 0xd9, 0xff, 0xfe, 0x32, 0xd9, 0xff, 0xda, 0x31, 0xda, 0xff, 0x62,
    0x22, 0xed, 0xff, 0x01, 0x00, 0x00, 0x00, 0x00, 0x00, 0x00, 0x00, 0x00, 0x00, 0x00, 0x00, 0x00,
    0x00, 0x00, 0x00, 0x00, 0x00, 0x00, 0x00, 0x00, 0x00, 0x00, 0x00, 0x00, 0x00, 0x00, 0x00, 0x00,
    0x00, 0x00, 0x00, 0x00, 0x4d, 0xcb, 0xff, 0x03, 0x32, 0xda, 0xff, 0x57, 0x32, 0xd9, 0xff, 0xa8,
    0x32, 0xd9, 0xff, 0xc9, 0x31, 0xda, 0xff, 0xd7, 0x32, 0xd9, 0xff, 0xda, 0x32, 0xd9, 0xff, 0xda,
    0x32, 0xd9, 0xff, 0xda, 0x31, 0xda, 0xff, 0xd7, 0x32, 0xda, 0xff, 0xcd, 0x32, 0xd9, 0xff, 0xab,
    0x32, 0xda, 0xff, 0x57, 0x33, 0xdb, 0xff, 0x0e, 0x00, 0x00, 0x00, 0x00, 0x00, 0x00, 0x00, 0x00,
    0x00, 0x00, 0x00, 0x00, 0x00, 0x00, 0x00, 0x00, 0x00, 0x00, 0x00, 0x00, 0x36, 0xe3, 0xff, 0x0c,
    0x31, 0xda, 0xff, 0x62, 0x32, 0xd9, 0xff, 0xed, 0x32, 0xd9, 0xff, 0xff, 0x32, 0xd9, 0xff, 0xff,
    0x32, 0xd9, 0xff, 0xff, 0x32, 0xd9, 0xff, 0xff, 0x32, 0xd9, 0xff, 0xff, 0x32, 0xd9, 0xff, 0xff,
    0x32, 0xd9, 0xff, 0xff, 0x32, 0xd9, 0xff, 0xff, 0x32, 0xd9, 0xff, 0xff, 0x32, 0xd9, 0xff, 0xff,
    0x32, 0xd9, 0xff, 0xff, 0x32, 0xd9, 0xff, 0xff, 0x32, 0xd9, 0xff, 0xff, 0x32, 0xd9, 0xff, 0xff,
    0x32, 0xd9, 0xff, 0xff, 0x32, 0xd9, 0xff, 0xff, 0x32, 0xd9, 0xff, 0xff, 0x32, 0xd9, 0xff, 0xff,
    0x32, 0xd9, 0xff, 0xff, 0x32, 0xd9, 0xff, 0xff, 0x32, 0xd9, 0xff, 0xff, 0x32, 0xd9, 0xff, 0xff,
    0x32, 0xd9, 0xff, 0xff, 0x32, 0xd9, 0xff, 0xff, 0x32, 0xd9, 0xff, 0xff, 0x32, 0xd9, 0xff, 0xff,
    0x32, 0xd9, 0xff, 0xff, 0x32, 0xd9, 0xff, 0xff, 0x32, 0xd9, 0xff, 0xff, 0x32, 0xd9, 0xff, 0xff,
    0x32, 0xd9, 0xff, 0xff, 0x32, 0xd9, 0xff, 0xff, 0x32, 0xd9, 0xff, 0xff, 0x32, 0xd9, 0xff, 0xff,
    0x32, 0xd9, 0xff, 0xff, 0x32, 0xd9, 0xff, 0xff, 0x32, 0xd9, 0xff, 0xff, 0x32, 0xd9, 0xff, 0xff,
    0x32, 0xd9, 0xff, 0xff, 0x32, 0xd9, 0xff, 0xff, 0x32, 0xd9, 0xff, 0xff, 0x32, 0xd9, 0xff, 0xff,
    0x32, 0xd9, 0xff, 0xff, 0x32, 0xd9, 0xff, 0xff, 0x32, 0xd9, 0xff, 0xff, 0x32, 0xd9, 0xff, 0xff,
    0x32, 0xd9, 0xff, 0xff, 0x32, 0xd9, 0xff, 0xff, 0x32, 0xd9, 0xff, 0xff, 0x32, 0xda, 0xff, 0xde,
    0x32, 0xda, 0xff, 0x4b, 0x3c, 0xd8, 0xff, 0x04, 0x00, 0x00, 0x00, 0x00, 0x00, 0x00, 0x00, 0x00,
    0x00, 0x00, 0x00, 0x00, 0x00, 0x00, 0x00, 0x00, 0x50, 0xe0, 0xff, 0x02, 0x33, 0xda, 0xff, 0x26,
    0x32, 0xda, 0xff, 0x9e, 0x32, 0xd9, 0xff, 0xe7, 0x32, 0xd9, 0xff, 0xfe, 0x32, 0xd9, 0xff, 0xff,
    0x32, 0xd9, 0xff, 0xff, 0x32, 0xd9, 0xff, 0xff, 0x32, 0xd9, 0xff, 0xff, 0x32, 0xd9, 0xff, 0xff,
    0x32, 0xda, 0xff, 0xf8, 0x32, 0xd9, 0xff, 0xda, 0x32, 0xda, 0xff, 0x70, 0x32, 0xd7, 0xff, 0x1c,
    0x00, 0x00, 0x00, 0x00, 0x00, 0x00, 0x00, 0x00, 0x00, 0x00, 0x00, 0x00, 0x00, 0x00, 0x00, 0x00,
    0x00, 0x00, 0x00, 0x00, 0x00, 0x00, 0x00, 0x00, 0x00, 0x00, 0x00, 0x00, 0x00, 0x00, 0x00, 0x00,
    0x00, 0x00, 0x00, 0x00, 0x00, 0x00, 0x00, 0x00, 0x3a, 0xd7, 0xff, 0x06, 0x33, 0xdc, 0xff, 0x22,
    0x32, 0xd9, 0xff, 0x3c, 0x33, 0xdb, 0xff, 0x48, 0x32, 0xda, 0xff, 0x4b, 0x32, 0xda, 0xff, 0x4b,
    0x32, 0xda, 0xff, 0x4b, 0x33, 0xdb, 0xff, 0x48, 0x33, 0xda, 0xff, 0x3f, 0x33, 0xdc, 0xff, 0x22,
    0x3a, 0xd7, 0xff, 0x06, 0x22, 0xed, 0xff, 0x01, 0x00, 0x00, 0x00, 0x00, 0x00, 0x00, 0x00, 0x00,
    0x00, 0x00, 0x00, 0x00, 0x00, 0x00, 0x00, 0x00, 0x00, 0x00, 0x00, 0x00, 0x3a, 0xd7, 0xff, 0x06,
    0x33, 0xdb, 0xff, 0x43, 0x32, 0xda, 0xff, 0xea, 0x32, 0xd9, 0xff, 0xff, 0x32, 0xd9, 0xff, 0xff,
    0x32, 0xd9, 0xff, 0xff, 0x32, 0xd9, 0xff, 0xff, 0x32, 0xd9, 0xff, 0xff, 0x32, 0xd9, 0xff, 0xff,
    0x32, 0xd9, 0xff, 0xff, 0x32, 0xd9, 0xff, 0xff, 0x32, 0xd9, 0xff, 0xff, 0x32, 0xd9, 0xff, 0xff,
    0x32, 0xd9, 0xff, 0xff, 0x32, 0xd9, 0xff, 0xff, 0x32, 0xd9, 0xff, 0xff, 0x32, 0xd9, 0xff, 0xff,
    0x32, 0xd9, 0xff, 0xff, 0x32, 0xd9, 0xff, 0xff, 0x32, 0xd9, 0xff, 0xff, 0x32, 0xd9, 0xff, 0xff,
    0x32, 0xd9, 0xff, 0xff, 0x32, 0xd9, 0xff, 0xff, 0x32, 0xd9, 0xff, 0xff, 0x32, 0xd9, 0xff, 0xff,
    0x32, 0xd9, 0xff, 0xff, 0x32, 0xd9, 0xff, 0xff, 0x32, 0xd9, 0xff, 0xff, 0x32, 0xd9, 0xff, 0xff,
    0x32, 0xd9, 0xff, 0xff, 0x32, 0xd9, 0xff, 0xff, 0x32, 0xd9, 0xff, 0xff, 0x32, 0xd9, 0xff, 0xff,
    0x32, 0xd9, 0xff, 0xff, 0x32, 0xd9, 0xff, 0xff, 0x32, 0xd9, 0xff, 0xff, 0x32, 0xd9, 0xff, 0xff,
    0x32, 0xd9, 0xff, 0xff, 0x32, 0xd9, 0xff, 0xff, 0x32, 0xd9, 0xff, 0xff, 0x32, 0xd9, 0xff, 0xff,
    0x32, 0xd9, 0xff, 0xff, 0x32, 0xd9, 0xff, 0xff, 0x32, 0xd9, 0xff, 0xff, 0x32, 0xd9, 0xff, 0xff,
    0x32, 0xd9, 0xff, 0xff, 0x32, 0xd9, 0xff, 0xff, 0x32, 0xd9, 0xff, 0xff, 0x32, 0xd9, 0xff, 0xff,
    0x32, 0xd9, 0xff, 0xff, 0x32, 0xd9, 0xff, 0xff, 0x32, 0xd9, 0xff, 0xff, 0x31, 0xda, 0xff, 0xd7,
    0x33, 0xda, 0xff, 0x33, 0x50, 0xe0, 0xff, 0x02, 0x00, 0x00, 0x00, 0x00, 0x00, 0x00, 0x00, 0x00,
    0x00, 0x00, 0x00, 0x00, 0x00, 0x00, 0x00, 0x00, 0x00, 0x00, 0x00, 0x00, 0x3c, 0xd8, 0xff, 0x04,
    0x33, 0xdc, 0xff, 0x22, 0x32, 0xda, 0xff, 0x5b, 0x32, 0xda, 0xff, 0x77, 0x32, 0xda, 0xff, 0x82,
    0x32, 0xda, 0xff, 0x82, 0x32, 0xda, 0xff, 0x82, 0x32, 0xda, 0xff, 0x82, 0x32, 0xda, 0xff, 0x82,
    0x32, 0xda, 0xff, 0x70, 0x32, 0xda, 0xff, 0x4e, 0x33, 0xdb, 0xff, 0x0e, 0x50, 0xe0, 0xff, 0x02,
    0x00, 0x00, 0x00, 0x00, 0x00, 0x00, 0x00, 0x00, 0x00, 0x00, 0x00, 0x00, 0x00, 0x00, 0x00, 0x00,
    0x00, 0x00, 0x00, 0x00, 0x00, 0x00, 0x00, 0x00, 0x00, 0x00, 0x00, 0x00, 0x00, 0x00, 0x00, 0x00,
    0x00, 0x00, 0x00, 0x00, 0x00, 0x00, 0x00, 0x00, 0x00, 0x00, 0x00, 0x00, 0x00, 0x00, 0x00, 0x00,
    0x00, 0x00, 0x00, 0x00, 0x00, 0x00, 0x00, 0x00, 0x00, 0x00, 0x00, 0x00, 0x00, 0x00, 0x00, 0x00,
    0x00, 0x00, 0x00, 0x00, 0x00, 0x00, 0x00, 0x00, 0x00, 0x00, 0x00, 0x00, 0x00, 0x00, 0x00, 0x00,
    0x00, 0x00, 0x00, 0x00, 0x00, 0x00, 0x00, 0x00, 0x00, 0x00, 0x00, 0x00, 0x00, 0x00, 0x00, 0x00,
    0x00, 0x00, 0x00, 0x00, 0x00, 0x00, 0x00, 0x00, 0x00, 0x00, 0x00, 0x00, 0x50, 0xe0, 0xff, 0x02,
    0x33, 0xda, 0xff, 0x26, 0x32, 0xda, 0xff, 0xe3, 0x32, 0xd9, 0xff, 0xfe, 0x32, 0xd9, 0xff, 0xff,
    0x32, 0xd9, 0xff, 0xff, 0x32, 0xd9, 0xff, 0xff, 0x32, 0xd9, 0xff, 0xff, 0x32, 0xd9, 0xff, 0xff,
    0x32, 0xd9, 0xff, 0xff, 0x32, 0xd9, 0xff, 0xff, 0x32, 0xd9, 0xff, 0xff, 0x32, 0xd9, 0xff, 0xff,
    0x32, 0xd9, 0xff, 0xff, 0x32, 0xd9, 0xff, 0xff, 0x32, 0xd9, 0xff, 0xff, 0x32, 0xd9, 0xff, 0xff,
    0x32, 0xd9, 0xff, 0xff, 0x32, 0xd9, 0xff, 0xff, 0x32, 0xd9, 0xff, 0xff, 0x32, 0xd9, 0xff, 0xff,
    0x32, 0xd9, 0xff, 0xff, 0x32, 0xd9, 0xff, 0xff, 0x32, 0xd9, 0xff, 0xff, 0x32, 0xd9, 0xff, 0xff,
    0x32, 0xd9, 0xff, 0xff, 0x32, 0xd9, 0xff, 0xff, 0x32, 0xd9, 0xff, 0xff, 0x32, 0xd9, 0xff, 0xff,
    0x32, 0xd9, 0xff, 0xff, 0x32, 0xd9, 0xff, 0xff, 0x32, 0xd9, 0xff, 0xff, 0x32, 0xd9, 0xff, 0xff,
    0x32, 0xd9, 0xff, 0xff, 0x32, 0xd9, 0xff, 0xff, 0x32, 0xd9, 0xff, 0xff, 0x32, 0xd9, 0xff, 0xff,
    0x32, 0xd9, 0xff, 0xff, 0x32, 0xd9, 0xff, 0xff, 0x32, 0xd9, 0xff, 0xff, 0x32, 0xd9, 0xff, 0xff,
    0x32, 0xd9, 0xff, 0xff, 0x32, 0xd9, 0xff, 0xff, 0x32, 0xd9, 0xff, 0xff, 0x32, 0xd9, 0xff, 0xff,
    0x32, 0xd9, 0xff, 0xff, 0x32, 0xd9, 0xff, 0xff, 0x32, 0xd9, 0xff, 0xff, 0x32, 0xd9, 0xff, 0xff,
    0x32, 0xd9, 0xff, 0xff, 0x32, 0xd9, 0xff, 0xff, 0x32, 0xd9, 0xff, 0xfe, 0x33, 0xda, 0xff, 0xc1,
    0x33, 0xdc, 0xff, 0x22, 0x00, 0x00, 0x00, 0x00, 0x00, 0x00, 0x00, 0x00, 0x00, 0x00, 0x00, 0x00,
    0x00, 0x00, 0x00, 0x00, 0x00, 0x00, 0x00, 0x00, 0x00, 0x00, 0x00, 0x00, 0x00, 0x00, 0x00, 0x00,
    0x00, 0x00, 0x00, 0x00, 0x22, 0xed, 0xff, 0x01, 0x37, 0xdc, 0xff, 0x08, 0x33, 0xdb, 0xff, 0x0e,
    0x32, 0xd9, 0xff, 0x11, 0x32, 0xd9, 0xff, 0x11, 0x32, 0xd9, 0xff, 0x11, 0x33, 0xdb, 0xff, 0x0e,
    0x3c, 0xd8, 0xff, 0x04, 0x00, 0x00, 0x00, 0x00, 0x00, 0x00, 0x00, 0x00, 0x00, 0x00, 0x00, 0x00,
    0x00, 0x00, 0x00, 0x00, 0x00, 0x00, 0x00, 0x00, 0x00, 0x00, 0x00, 0x00, 0x00, 0x00, 0x00, 0x00,
    0x00, 0x00, 0x00, 0x00, 0x00, 0x00, 0x00, 0x00, 0x00, 0x00, 0x00, 0x00, 0x00, 0x00, 0x00, 0x00,
    0x00, 0x00, 0x00, 0x00, 0x00, 0x00, 0x00, 0x00, 0x00, 0x00, 0x00, 0x00, 0x00, 0x00, 0x00, 0x00,
    0x00, 0x00, 0x00, 0x00, 0x00, 0x00, 0x00, 0x00, 0x00, 0x00, 0x00, 0x00, 0x00, 0x00, 0x00, 0x00,
    0x00, 0x00, 0x00, 0x00, 0x00, 0x00, 0x00, 0x00, 0x00, 0x00, 0x00, 0x00, 0x00, 0x00, 0x00, 0x00,
    0x00, 0x00, 0x00, 0x00, 0x00, 0x00, 0x00, 0x00, 0x00, 0x00, 0x00, 0x00, 0x00, 0x00, 0x00, 0x00,
    0x00, 0x00, 0x00, 0x00, 0x00, 0x00, 0x00, 0x00, 0x00, 0x00, 0x00, 0x00, 0x00, 0x00, 0x00, 0x00,
    0x34, 0xda, 0xff, 0x16, 0x32, 0xd9, 0xff, 0xbe, 0x32, 0xda, 0xff, 0xf8, 0x32, 0xd9, 0xff, 0xff,
    0x32, 0xd9, 0xff, 0xff, 0x32, 0xd9, 0xff, 0xff, 0x32, 0xd9, 0xff, 0xff, 0x32, 0xd9, 0xff, 0xff,
    0x32, 0xd9, 0xff, 0xff, 0x32, 0xd9, 0xff, 0xff, 0x32, 0xd9, 0xff, 0xff, 0x32, 0xd9, 0xff, 0xff,
    0x32, 0xd9, 0xff, 0xff, 0x32, 0xd9, 0xff, 0xff, 0x32, 0xd9, 0xff, 0xff, 0x32, 0xd9, 0xff, 0xff,
    0x32, 0xd9, 0xff, 0xff, 0x32, 0xd9, 0xff, 0xff, 0x32, 0xd9, 0xff, 0xff, 0x32, 0xd9, 0xff, 0xff,
    0x32, 0xd9, 0xff, 0xff, 0x32, 0xd9, 0xff, 0xff, 0x32, 0xd9, 0xff, 0xff, 0x32, 0xd9, 0xff, 0xff,
    0x32, 0xd9, 0xff, 0xff, 0x32, 0xd9, 0xff, 0xff, 0x32, 0xd9, 0xff, 0xff, 0x32, 0xd9, 0xff, 0xff,
    0x32, 0xd9, 0xff, 0xff, 0x32, 0xd9, 0xff, 0xff, 0x32, 0xd9, 0xff, 0xff, 0x32, 0xd9, 0xff, 0xff,
    0x32, 0xd9, 0xff, 0xff, 0x32, 0xd9, 0xff, 0xff, 0x32, 0xd9, 0xff, 0xff, 0x32, 0xd9, 0xff, 0xff,
    0x32, 0xd9, 0xff, 0xff, 0x32, 0xd9, 0xff, 0xff, 0x32, 0xd9, 0xff, 0xff, 0x32, 0xd9, 0xff, 0xff,
    0x32, 0xd9, 0xff, 0xff, 0x32, 0xd9, 0xff, 0xff, 0x32, 0xd9, 0xff, 0xff, 0x32, 0xd9, 0xff, 0xff,
    0x32, 0xd9, 0xff, 0xff, 0x32, 0xd9, 0xff, 0xff, 0x32, 0xd9, 0xff, 0xff, 0x32, 0xd9, 0xff, 0xff,
    0x32, 0xd9, 0xff, 0xff, 0x32, 0xd9, 0xff, 0xff, 0x32, 0xda, 0xff, 0xf8, 0x32, 0xda, 0xff, 0x98,
    0x34, 0xda, 0xff, 0x16, 0x00, 0x00, 0x00, 0x00, 0x00, 0x00, 0x00, 0x00, 0x00, 0x00, 0x00, 0x00,
    0x00, 0x00, 0x00, 0x00, 0x00, 0x00, 0x00, 0x00, 0x00, 0x00, 0x00, 0x00, 0x00, 0x00, 0x00, 0x00,
    0x00, 0x00, 0x00, 0x00, 0x00, 0x00, 0x00, 0x00, 0x00, 0x00, 0x00, 0x00, 0x00, 0x00, 0x00, 0x00,
    0x00, 0x00, 0x00, 0x00, 0x00, 0x00, 0x00, 0x00, 0x00, 0x00, 0x00, 0x00, 0x00, 0x00, 0x00, 0x00,
    0x00, 0x00, 0x00, 0x00, 0x00, 0x00, 0x00, 0x00, 0x00, 0x00, 0x00, 0x00, 0x00, 0x00, 0x00, 0x00,
    0x00, 0x00, 0x00, 0x00, 0x00, 0x00, 0x00, 0x00, 0x00, 0x00, 0x00, 0x00, 0x00, 0x00, 0x00, 0x00,
    0x00, 0x00, 0x00, 0x00, 0x00, 0x00, 0x00, 0x00, 0x00, 0x00, 0x00, 0x00, 0x00, 0x00, 0x00, 0x00,
    0x00, 0x00, 0x00, 0x00, 0x00, 0x00, 0x00, 0x00, 0x00, 0x00, 0x00, 0x00, 0x00, 0x00, 0x00, 0x00,
    0x00, 0x00, 0x00, 0x00, 0x00, 0x00, 0x00, 0x00, 0x00, 0x00, 0x00, 0x00, 0x00, 0x00, 0x00, 0x00,
    0x00, 0x00, 0x00, 0x00, 0x00, 0x00, 0x00, 0x00, 0x00, 0x00, 0x00, 0x00, 0x00, 0x00, 0x00, 0x00,
    0x00, 0x00, 0x00, 0x00, 0x00, 0x00, 0x00, 0x00, 0x00, 0x00, 0x00, 0x00, 0x00, 0x00, 0x00, 0x00,
    0x00, 0x00, 0x00, 0x00, 0x00, 0x00, 0x00, 0x00, 0x00, 0x00, 0x00, 0x00, 0x00, 0x00, 0x00, 0x00,
    0x33, 0xdb, 0xff, 0x0e, 0x32, 0xda, 0xff, 0x8f, 0x32, 0xd9, 0xff, 0xf1, 0x32, 0xd9, 0xff, 0xff,
    0x32, 0xd9, 0xff, 0xff, 0x32, 0xd9, 0xff, 0xff, 0x32, 0xd9, 0xff, 0xff, 0x32, 0xd9, 0xff, 0xff,
    0x32, 0xd9, 0xff, 0xff, 0x32, 0xd9, 0xff, 0xff, 0x32, 0xd9, 0xff, 0xff, 0x32, 0xd9, 0xff, 0xff,
    0x32, 0xd9, 0xff, 0xff, 0x32, 0xd9, 0xff, 0xff, 0x32, 0xd9, 0xff, 0xff, 0x32, 0xd9, 0xff, 0xff,
    0x32, 0xd9, 0xff, 0xff, 0x32, 0xd9, 0xff, 0xff, 0x32, 0xd9, 0xff, 0xff, 0x32, 0xd9, 0xff, 0xff,
    0x32, 0xd9, 0xff, 0xff, 0x32, 0xd9, 0xff, 0xff, 0x32, 0xd9, 0xff, 0xff, 0x32, 0xd9, 0xff, 0xff,
    0x32, 0xd9, 0xff, 0xff, 0x32, 0xd9, 0xff, 0xff, 0x32, 0xd9, 0xff, 0xff, 0x32, 0xd9, 0xff, 0xff,
    0x32, 0xd9, 0xff, 0xff, 0x32, 0xd9, 0xff, 0xff, 0x32, 0xd9, 0xff, 0xff, 0x32, 0xd9, 0xff, 0xff,
    0x32, 0xd9, 0xff, 0xff, 0x32, 0xd9, 0xff, 0xff, 0x32, 0xd9, 0xff, 0xff, 0x32, 0xd9, 0xff, 0xff,
    0x32, 0xd9, 0xff, 0xff, 0x32, 0xd9, 0xff, 0xff, 0x32, 0xd9, 0xff, 0xff, 0x32, 0xd9, 0xff, 0xff,
    0x32, 0xd9, 0xff, 0xff, 0x32, 0xd9, 0xff, 0xff, 0x32, 0xd9, 0xff, 0xff, 0x32, 0xd9, 0xff, 0xff,
    0x32, 0xd9, 0xff, 0xff, 0x32, 0xd9, 0xff, 0xff, 0x32, 0xd9, 0xff, 0xff, 0x32, 0xd9, 0xff, 0xff,
    0x32, 0xd9, 0xff, 0xff, 0x32, 0xd9, 0xff, 0xff, 0x32, 0xd9, 0xff, 0xf1, 0x32, 0xd9, 0xff, 0x6a,
    0x33, 0xdb, 0xff, 0x0e, 0x00, 0x00, 0x00, 0x00, 0x00, 0x00, 0x00, 0x00, 0x00, 0x00, 0x00, 0x00,
    0x00, 0x00, 0x00, 0x00, 0x00, 0x00, 0x00, 0x00, 0x00, 0x00, 0x00, 0x00, 0x00, 0x00, 0x00, 0x00,
    0x00, 0x00, 0x00, 0x00, 0x00, 0x00, 0x00, 0x00, 0x00, 0x00, 0x00, 0x00, 0x00, 0x00, 0x00, 0x00,
    0x00, 0x00, 0x00, 0x00, 0x00, 0x00, 0x00, 0x00, 0x00, 0x00, 0x00, 0x00, 0x00, 0x00, 0x00, 0x00,
    0x00, 0x00, 0x00, 0x00, 0x00, 0x00, 0x00, 0x00, 0x00, 0x00, 0x00, 0x00, 0x00, 0x00, 0x00, 0x00,
    0x00, 0x00, 0x00, 0x00, 0x00, 0x00, 0x00, 0x00, 0x00, 0x00, 0x00, 0x00, 0x00, 0x00, 0x00, 0x00,
    0x00, 0x00, 0x00, 0x00, 0x00, 0x00, 0x00, 0x00, 0x00, 0x00, 0x00, 0x00, 0x00, 0x00, 0x00, 0x00,
    0x00, 0x00, 0x00, 0x00, 0x00, 0x00, 0x00, 0x00, 0x00, 0x00, 0x00, 0x00, 0x00, 0x00, 0x00, 0x00,
    0x00, 0x00, 0x00, 0x00, 0x00, 0x00, 0x00, 0x00, 0x00, 0x00, 0x00, 0x00, 0x00, 0x00, 0x00, 0x00,
    0x00, 0x00, 0x00, 0x00, 0x00, 0x00, 0x00, 0x00, 0x00, 0x00, 0x00, 0x00, 0x00, 0x00, 0x00, 0x00,
    0x00, 0x00, 0x00, 0x00, 0x00, 0x00, 0x00, 0x00, 0x00, 0x00, 0x00, 0x00, 0x00, 0x00, 0x00, 0x00,
    0x00, 0x00, 0x00, 0x00, 0x00, 0x00, 0x00, 0x00, 0x00, 0x00, 0x00, 0x00, 0x00, 0x00, 0x00, 0x00,
    0x3a, 0xd7, 0xff, 0x06, 0x32, 0xda, 0xff, 0x57, 0x32, 0xda, 0xff, 0xe3, 0x32, 0xd9, 0xff, 0xfe,
    0x32, 0xd9, 0xff, 0xff, 0x32, 0xd9, 0xff, 0xff, 0x32, 0xd9, 0xff, 0xff, 0x32, 0xd9, 0xff, 0xff,
    0x32, 0xd9, 0xff, 0xff, 0x32, 0xd9, 0xff, 0xff, 0x32, 0xd9, 0xff, 0xff, 0x32, 0xd9, 0xff, 0xff,
    0x32, 0xd9, 0xff, 0xff, 0x32, 0xd9, 0xff, 0xff, 0x32, 0xd9, 0xff, 0xff, 0x32, 0xd9, 0xff, 0xff,
    0x32, 0xd9, 0xff, 0xff, 0x32, 0xd9, 0xff, 0xff, 0x32, 0xd9, 0xff, 0xff, 0x32, 0xd9, 0xff, 0xff,
    0x32, 0xd9, 0xff, 0xff, 0x32, 0xd9, 0xff, 0xff, 0x32, 0xd9, 0xff, 0xff, 0x32, 0xd9, 0xff, 0xff,
    0x32, 0xd9, 0xff, 0xff, 0x32, 0xd9, 0xff, 0xff, 0x32, 0xd9, 0xff, 0xff, 0x32, 0xd9, 0xff, 0xff,
    0x32, 0xd9, 0xff, 0xff, 0x32, 0xd9, 0xff, 0xff, 0x32, 0xd9, 0xff, 0xff, 0x32, 0xd9, 0xff, 0xff,
    0x32, 0xd9, 0xff, 0xff, 0x32, 0xd9, 0xff, 0xff, 0x32, 0xd9, 0xff, 0xff, 0x32, 0xd9, 0xff, 0xff,
    0x32, 0xd9, 0xff, 0xff, 0x32, 0xd9, 0xff, 0xff, 0x32, 0xd9, 0xff, 0xff, 0x32, 0xd9, 0xff, 0xff,
    0x32, 0xd9, 0xff, 0xff, 0x32, 0xd9, 0xff, 0xff, 0x32, 0xd9, 0xff, 0xff, 0x32, 0xd9, 0xff, 0xff,
    0x32, 0xd9, 0xff, 0xff, 0x32, 0xd9, 0xff, 0xff, 0x32, 0xd9, 0xff, 0xff, 0x32, 0xd9, 0xff, 0xff,
    0x32, 0xd9, 0xff, 0xff, 0x32, 0xd9, 0xff, 0xfb, 0x32, 0xda, 0xff, 0xe3, 0x33, 0xda, 0xff, 0x37,
    0x3a, 0xd7, 0xff, 0x06, 0x00, 0x00, 0x00, 0x00, 0x00, 0x00, 0x00, 0x00, 0x00, 0x00, 0x00, 0x00,
    0x00, 0x00, 0x00, 0x00, 0x00, 0x00, 0x00, 0x00, 0x00, 0x00, 0x00, 0x00, 0x00, 0x00, 0x00, 0x00,
    0x00, 0x00, 0x00, 0x00, 0x00, 0x00, 0x00, 0x00, 0x00, 0x00, 0x00, 0x00, 0x00, 0x00, 0x00, 0x00,
    0x00, 0x00, 0x00, 0x00, 0x00, 0x00, 0x00, 0x00, 0x00, 0x00, 0x00, 0x00, 0x00, 0x00, 0x00, 0x00,
    0x00, 0x00, 0x00, 0x00, 0x00, 0x00, 0x00, 0x00, 0x00, 0x00, 0x00, 0x00, 0x00, 0x00, 0x00, 0x00,
    0x00, 0x00, 0x00, 0x00, 0x00, 0x00, 0x00, 0x00, 0x00, 0x00, 0x00, 0x00, 0x00, 0x00, 0x00, 0x00,
    0x00, 0x00, 0x00, 0x00, 0x00, 0x00, 0x00, 0x00, 0x00, 0x00, 0x00, 0x00, 0x00, 0x00, 0x00, 0x00,
    0x00, 0x00, 0x00, 0x00, 0x00, 0x00, 0x00, 0x00, 0x00, 0x00, 0x00, 0x00, 0x00, 0x00, 0x00, 0x00,
    0x00, 0x00, 0x00, 0x00, 0x00, 0x00, 0x00, 0x00, 0x00, 0x00, 0x00, 0x00, 0x00, 0x00, 0x00, 0x00,
    0x00, 0x00, 0x00, 0x00, 0x00, 0x00, 0x00, 0x00, 0x00, 0x00, 0x00, 0x00, 0x00, 0x00, 0x00, 0x00,
    0x00, 0x00, 0x00, 0x00, 0x00, 0x00, 0x00, 0x00, 0x00, 0x00, 0x00, 0x00, 0x00, 0x00, 0x00, 0x00,
    0x00, 0x00, 0x00, 0x00, 0x00, 0x00, 0x00, 0x00, 0x00, 0x00, 0x00, 0x00, 0x00, 0x00, 0x00, 0x00,
    0x22, 0xed, 0xff, 0x01, 0x33, 0xda, 0xff, 0x29, 0x32, 0xda, 0xff, 0xc4, 0x32, 0xd9, 0xff, 0xfb,
    0x32, 0xd9, 0xff, 0xff, 0x32, 0xd9, 0xff, 0xff, 0x32, 0xd9, 0xff, 0xff, 0x32, 0xd9, 0xff, 0xff,
    0x32, 0xd9, 0xff, 0xff, 0x32, 0xd9, 0xff, 0xff, 0x32, 0xd9, 0xff, 0xff, 0x32, 0xd9, 0xff, 0xff,
    0x32, 0xd9, 0xff, 0xff, 0x32, 0xd9, 0xff, 0xff, 0x32, 0xd9, 0xff, 0xff, 0x32, 0xd9, 0xff, 0xff,
    0x32, 0xd9, 0xff, 0xff, 0x32, 0xd9, 0xff, 0xff, 0x32, 0xd9, 0xff, 0xff, 0x32, 0xd9, 0xff, 0xff,
    0x32, 0xd9, 0xff, 0xff, 0x32, 0xd9, 0xff, 0xff, 0x32, 0xd9, 0xff, 0xff, 0x32, 0xd9, 0xff, 0xff,
    0x32, 0xd9, 0xff, 0xff, 0x32, 0xd9, 0xff, 0xff, 0x32, 0xd9, 0xff, 0xff, 0x32, 0xd9, 0xff, 0xff,
    0x32, 0xd9, 0xff, 0xff, 0x32, 0xd9, 0xff, 0xff, 0x32, 0xd9, 0xff, 0xff, 0x32, 0xd9, 0xff, 0xff,
    0x32, 0xd9, 0xff, 0xff, 0x32, 0xd9, 0xff, 0xff, 0x32, 0xd9, 0xff, 0xff, 0x32, 0xd9, 0xff, 0xff,
    0x32, 0xd9, 0xff, 0xff, 0x32, 0xd9, 0xff, 0xff, 0x32, 0xd9, 0xff, 0xff, 0x32, 0xd9, 0xff, 0xff,
    0x32, 0xd9, 0xff, 0xff, 0x32, 0xd9, 0xff, 0xff, 0x32, 0xd9, 0xff, 0xff, 0x32, 0xd9, 0xff, 0xff,
    0x32, 0xd9, 0xff, 0xff, 0x32, 0xd9, 0xff, 0xff, 0x32, 0xd9, 0xff, 0xff, 0x32, 0xd9, 0xff, 0xff,
    0x32, 0xd9, 0xff, 0xff, 0x32, 0xd9, 0xff, 0xf5, 0x31, 0xda, 0xff, 0xaf, 0x34, 0xda, 0xff, 0x16,
    0x00, 0x00, 0x00, 0x00, 0x00, 0x00, 0x00, 0x00, 0x00, 0x00, 0x00, 0x00, 0x00, 0x00, 0x00, 0x00,
    0x00, 0x00, 0x00, 0x00, 0x00, 0x00, 0x00, 0x00, 0x00, 0x00, 0x00, 0x00, 0x00, 0x00, 0x00, 0x00,
    0x00, 0x00, 0x00, 0x00, 0x00, 0x00, 0x00, 0x00, 0x00, 0x00, 0x00, 0x00, 0x00, 0x00, 0x00, 0x00,
    0x00, 0x00, 0x00, 0x00, 0x00, 0x00, 0x00, 0x00, 0x00, 0x00, 0x00, 0x00, 0x00, 0x00, 0x00, 0x00,
    0x00, 0x00, 0x00, 0x00, 0x00, 0x00, 0x00, 0x00, 0x00, 0x00, 0x00, 0x00, 0x00, 0x00, 0x00, 0x00,
    0x00, 0x00, 0x00, 0x00, 0x00, 0x00, 0x00, 0x00, 0x00, 0x00, 0x00, 0x00, 0x00, 0x00, 0x00, 0x00,
    0x00, 0x00, 0x00, 0x00, 0x00, 0x00, 0x00, 0x00, 0x00, 0x00, 0x00, 0x00, 0x00, 0x00, 0x00, 0x00,
    0x00, 0x00, 0x00, 0x00, 0x00, 0x00, 0x00, 0x00, 0x00, 0x00, 0x00, 0x00, 0x00, 0x00, 0x00, 0x00,
    0x00, 0x00, 0x00, 0x00, 0x00, 0x00, 0x00, 0x00, 0x00, 0x00, 0x00, 0x00, 0x00, 0x00, 0x00, 0x00,
    0x00, 0x00, 0x00, 0x00, 0x00, 0x00, 0x00, 0x00, 0x00, 0x00, 0x00, 0x00, 0x00, 0x00, 0x00, 0x00,
    0x00, 0x00, 0x00, 0x00, 0x00, 0x00, 0x00, 0x00, 0x00, 0x00, 0x00, 0x00, 0x00, 0x00, 0x00, 0x00,
    0x00, 0x00, 0x00, 0x00, 0x00, 0x00, 0x00, 0x00, 0x00, 0x00, 0x00, 0x00, 0x00, 0x00, 0x00, 0x00,
    0x00, 0x00, 0x00, 0x00, 0x34, 0xda, 0xff, 0x16, 0x32, 0xda, 0xff, 0x8f, 0x32, 0xd9, 0xff, 0xf5,
    0x32, 0xd9, 0xff, 0xff, 0x32, 0xd9, 0xff, 0xff, 0x32, 0xd9, 0xff, 0xff, 0x32, 0xd9, 0xff, 0xff,
    0x32, 0xd9, 0xff, 0xff, 0x32, 0xd9, 0xff, 0xff, 0x32, 0xd9, 0xff, 0xff, 0x32, 0xd9, 0xff, 0xff,
    0x32, 0xd9, 0xff, 0xff, 0x32, 0xd9, 0xff, 0xff, 0x32, 0xd9, 0xff, 0xff, 0x32, 0xd9, 0xff, 0xff,
    0x32, 0xd9, 0xff, 0xff, 0x32, 0xd9, 0xff, 0xff, 0x32, 0xd9, 0xff, 0xff, 0x32, 0xd9, 0xff, 0xff,
    0x32, 0xd9, 0xff, 0xff, 0x32, 0xd9, 0xff, 0xff, 0x32, 0xd9, 0xff, 0xff, 0x32, 0xd9, 0xff, 0xff,
    0x32, 0xd9, 0xff, 0xff, 0x32, 0xd9, 0xff, 0xff, 0x32, 0xd9, 0xff, 0xff, 0x32, 0xd9, 0xff, 0xff,
    0x32, 0xd9, 0xff, 0xff, 0x32, 0xd9, 0xff, 0xff, 0x32, 0xd9, 0xff, 0xff, 0x32, 0xd9, 0xff, 0xff,
    0x32, 0xd9, 0xff, 0xff, 0x32, 0xd9, 0xff, 0xff, 0x32, 0xd9, 0xff, 0xff, 0x32, 0xd9, 0xff, 0xff,
    0x32, 0xd9, 0xff, 0xff, 0x32, 0xd9, 0xff, 0xff, 0x32, 0xd9, 0xff, 0xff, 0x32, 0xd9, 0xff, 0xff,
    0x32, 0xd9, 0xff, 0xff, 0x32, 0xd9, 0xff, 0xff, 0x32, 0xd9, 0xff, 0xff, 0x32, 0xd9, 0xff, 0xff,
    0x32, 0xd9, 0xff, 0xff, 0x32, 0xd9, 0xff, 0xff, 0x32, 0xd9, 0xff, 0xff, 0x32, 0xd9, 0xff, 0xff,
    0x32, 0xd9, 0xff, 0xff, 0x32, 0xd9, 0xff, 0xe7, 0x32, 0xda, 0xff, 0x70, 0x34, 0xda, 0xff, 0x0a,
    0x00, 0x00, 0x00, 0x00, 0x00, 0x00, 0x00, 0x00, 0x00, 0x00, 0x00, 0x00, 0x00, 0x00, 0x00, 0x00,
    0x00, 0x00, 0x00, 0x00, 0x00, 0x00, 0x00, 0x00, 0x00, 0x00, 0x00, 0x00, 0x00, 0x00, 0x00, 0x00,
    0x00, 0x00, 0x00, 0x00, 0x00, 0x00, 0x00, 0x00, 0x00, 0x00, 0x00, 0x00, 0x00, 0x00, 0x00, 0x00,
    0x00, 0x00, 0x00, 0x00, 0x00, 0x00, 0x00, 0x00, 0x00, 0x00, 0x00, 0x00, 0x00, 0x00, 0x00, 0x00,
    0x00, 0x00, 0x00, 0x00, 0x00, 0x00, 0x00, 0x00, 0x00, 0x00, 0x00, 0x00, 0x00, 0x00, 0x00, 0x00,
    0x00, 0x00, 0x00, 0x00, 0x00, 0x00, 0x00, 0x00, 0x00, 0x00, 0x00, 0x00, 0x00, 0x00, 0x00, 0x00,
    0x00, 0x00, 0x00, 0x00, 0x00, 0x00, 0x00, 0x00, 0x00, 0x00, 0x00, 0x00, 0x00, 0x00, 0x00, 0x00,
    0x00, 0x00, 0x00, 0x00, 0x00, 0x00, 0x00, 0x00, 0x00, 0x00, 0x00, 0x00, 0x00, 0x00, 0x00, 0x00,
    0x00, 0x00, 0x00, 0x00, 0x00, 0x00, 0x00, 0x00, 0x00, 0x00, 0x00, 0x00, 0x00, 0x00, 0x00, 0x00,
    0x00, 0x00, 0x00, 0x00, 0x00, 0x00, 0x00, 0x00, 0x00, 0x00, 0x00, 0x00, 0x00, 0x00, 0x00, 0x00,
    0x00, 0x00, 0x00, 0x00, 0x00, 0x00, 0x00, 0x00, 0x00, 0x00, 0x00, 0x00, 0x00, 0x00, 0x00, 0x00,
    0x00, 0x00, 0x00, 0x00, 0x00, 0x00, 0x00, 0x00, 0x00, 0x00, 0x00, 0x00, 0x00, 0x00, 0x00, 0x00,
    0x00, 0x00, 0x00, 0x00, 0x3c, 0xd8, 0xff, 0x04, 0x32, 0xda, 0xff, 0x4e, 0x31, 0xda, 0xff, 0xd7,
    0x32, 0xd9, 0xff, 0xff, 0x32, 0xd9, 0xff, 0xff, 0x32, 0xd9, 0xff, 0xff, 0x32, 0xd9, 0xff, 0xff,
    0x32, 0xd9, 0xff, 0xff, 0x32, 0xd9, 0xff, 0xff, 0x32, 0xd9, 0xff, 0xff, 0x32, 0xd9, 0xff, 0xff,
    0x32, 0xd9, 0xff, 0xff, 0x32, 0xd9, 0xff, 0xff, 0x32, 0xd9, 0xff, 0xff, 0x32, 0xd9, 0xff, 0xff,
    0x32, 0xd9, 0xff, 0xff, 0x32, 0xd9, 0xff, 0xff, 0x32, 0xd9, 0xff, 0xff, 0x32, 0xd9, 0xff, 0xff,
    0x32, 0xd9, 0xff, 0xff, 0x32, 0xd9, 0xff, 0xff, 0x32, 0xd9, 0xff, 0xff, 0x32, 0xd9, 0xff, 0xff,
    0x32, 0xd9, 0xff, 0xff, 0x32, 0xd9, 0xff, 0xff, 0x32, 0xd9, 0xff, 0xff, 0x32, 0xd9, 0xff, 0xff,
    0x32, 0xd9, 0xff, 0xff, 0x32, 0xd9, 0xff, 0xff, 0x32, 0xd9, 0xff, 0xff, 0x32, 0xd9, 0xff, 0xff,
    0x32, 0xd9, 0xff, 0xff, 0x32, 0xd9, 0xff, 0xff, 0x32, 0xd9, 0xff, 0xff, 0x32, 0xd9, 0xff, 0xff,
    0x32, 0xd9, 0xff, 0xff, 0x32, 0xd9, 0xff, 0xff, 0x32, 0xd9, 0xff, 0xff, 0x32, 0xd9, 0xff, 0xff,
    0x32, 0xd9, 0xff, 0xff, 0x32, 0xd9, 0xff, 0xff, 0x32, 0xd9, 0xff, 0xff, 0x32, 0xd9, 0xff, 0xff,
    0x32, 0xd9, 0xff, 0xff, 0x32, 0xd9, 0xff, 0xff, 0x32, 0xd9, 0xff, 0xff, 0x32, 0xd9, 0xff, 0xff,
    0x32, 0xd9, 0xff, 0xfb, 0x32, 0xd9, 0xff, 0xbe, 0x33, 0xdb, 0xff, 0x2e, 0x50, 0xe0, 0xff, 0x02,
    0x00, 0x00, 0x00, 0x00, 0x00, 0x00, 0x00, 0x00, 0x00, 0x00, 0x00, 0x00, 0x00, 0x00, 0x00, 0x00,
    0x00, 0x00, 0x00, 0x00, 0x00, 0x00, 0x00, 0x00, 0x00, 0x00, 0x00, 0x00, 0x00, 0x00, 0x00, 0x00,
    0x00, 0x00, 0x00, 0x00, 0x00, 0x00, 0x00, 0x00, 0x00, 0x00, 0x00, 0x00, 0x00, 0x00, 0x00, 0x00,
    0x00, 0x00, 0x00, 0x00, 0x00, 0x00, 0x00, 0x00, 0x00, 0x00, 0x00, 0x00, 0x00, 0x00, 0x00, 0x00,
    0x00, 0x00, 0x00, 0x00, 0x00, 0x00, 0x00, 0x00, 0x00, 0x00, 0x00, 0x00, 0x00, 0x00, 0x00, 0x00,
    0x00, 0x00, 0x00, 0x00, 0x00, 0x00, 0x00, 0x00, 0x00, 0x00, 0x00, 0x00, 0x00, 0x00, 0x00, 0x00,
    0x00, 0x00, 0x00, 0x00, 0x00, 0x00, 0x00, 0x00, 0x00, 0x00, 0x00, 0x00, 0x00, 0x00, 0x00, 0x00,
    0x00, 0x00, 0x00, 0x00, 0x00, 0x00, 0x00, 0x00, 0x00, 0x00, 0x00, 0x00, 0x00, 0x00, 0x00, 0x00,
    0x00, 0x00, 0x00, 0x00, 0x00, 0x00, 0x00, 0x00, 0x00, 0x00, 0x00, 0x00, 0x00, 0x00, 0x00, 0x00,
    0x00, 0x00, 0x00, 0x00, 0x00, 0x00, 0x00, 0x00, 0x00, 0x00, 0x00, 0x00, 0x00, 0x00, 0x00, 0x00,
    0x00, 0x00, 0x00, 0x00, 0x00, 0x00, 0x00, 0x00, 0x00, 0x00, 0x00, 0x00, 0x00, 0x00, 0x00, 0x00,
    0x00, 0x00, 0x00, 0x00, 0x00, 0x00, 0x00, 0x00, 0x00, 0x00, 0x00, 0x00, 0x00, 0x00, 0x00, 0x00,
    0x00, 0x00, 0x00, 0x00, 0x00, 0x00, 0x00, 0x00, 0x33, 0xdc, 0xff, 0x22, 0x32, 0xdb, 0xff, 0x95,
    0x32, 0xd9, 0xff, 0xff, 0x32, 0xd9, 0xff, 0xff, 0x32, 0xd9, 0xff, 0xff, 0x32, 0xd9, 0xff, 0xff,
    0x32, 0xd9, 0xff, 0xff, 0x32, 0xd9, 0xff, 0xff, 0x32, 0xd9, 0xff, 0xff, 0x32, 0xd9, 0xff, 0xff,
    0x32, 0xd9, 0xff, 0xff, 0x32, 0xd9, 0xff, 0xff, 0x32, 0xd9, 0xff, 0xff, 0x32, 0xd9, 0xff, 0xff,
    0x32, 0xd9, 0xff, 0xff, 0x32, 0xd9, 0xff, 0xff, 0x32, 0xd9, 0xff, 0xff, 0x32, 0xd9, 0xff, 0xff,
    0x32, 0xd9, 0xff, 0xff, 0x32, 0xd9, 0xff, 0xff, 0x32, 0xd9, 0xff, 0xff, 0x32, 0xd9, 0xff, 0xff,
    0x32, 0xd9, 0xff, 0xff, 0x32, 0xd9, 0xff, 0xff, 0x32, 0xd9, 0xff, 0xff, 0x32, 0xd9, 0xff, 0xff,
    0x32, 0xd9, 0xff, 0xff, 0x32, 0xd9, 0xff, 0xff, 0x32, 0xd9, 0xff, 0xff, 0x32, 0xd9, 0xff, 0xff,
    0x32, 0xd9, 0xff, 0xff, 0x32, 0xd9, 0xff, 0xff, 0x32, 0xd9, 0xff, 0xff, 0x32, 0xd9, 0xff, 0xff,
    0x32, 0xd9, 0xff, 0xff, 0x32, 0xd9, 0xff, 0xff, 0x32, 0xd9, 0xff, 0xff, 0x32, 0xd9, 0xff, 0xff,
    0x32, 0xd9, 0xff, 0xff, 0x32, 0xd9, 0xff, 0xff, 0x32, 0xd9, 0xff, 0xff, 0x32, 0xd9, 0xff, 0xff,
    0x32, 0xd9, 0xff, 0xff, 0x32, 0xd9, 0xff, 0xff, 0x32, 0xd9, 0xff, 0xff, 0x32, 0xd9, 0xff, 0xff,
    0x31, 0xda, 0xff, 0xf3, 0x32, 0xda, 0xff, 0x7d, 0x32, 0xd9, 0xff, 0x11, 0x00, 0x00, 0x00, 0x00,
    0x00, 0x00, 0x00, 0x00, 0x00, 0x00, 0x00, 0x00, 0x00, 0x00, 0x00, 0x00, 0x00, 0x00, 0x00, 0x00,
    0x00, 0x00, 0x00, 0x00, 0x00, 0x00, 0x00, 0x00, 0x00, 0x00, 0x00, 0x00, 0x00, 0x00, 0x00, 0x00,
    0x00, 0x00, 0x00, 0x00, 0x00, 0x00, 0x00, 0x00, 0x00, 0x00, 0x00, 0x00, 0x00, 0x00, 0x00, 0x00,
    0x00, 0x00, 0x00, 0x00, 0x00, 0x00, 0x00, 0x00, 0x00, 0x00, 0x00, 0x00, 0x00, 0x00, 0x00, 0x00,
    0x00, 0x00, 0x00, 0x00, 0x00, 0x00, 0x00, 0x00, 0x00, 0x00, 0x00, 0x00, 0x00, 0x00, 0x00, 0x00,
    0x00, 0x00, 0x00, 0x00, 0x00, 0x00, 0x00, 0x00, 0x00, 0x00, 0x00, 0x00, 0x00, 0x00, 0x00, 0x00,
    0x00, 0x00, 0x00, 0x00, 0x00, 0x00, 0x00, 0x00, 0x00, 0x00, 0x00, 0x00, 0x00, 0x00, 0x00, 0x00,
    0x00, 0x00, 0x00, 0x00, 0x00, 0x00, 0x00, 0x00, 0x00, 0x00, 0x00, 0x00, 0x00, 0x00, 0x00, 0x00,
    0x00, 0x00, 0x00, 0x00, 0x00, 0x00, 0x00, 0x00, 0x00, 0x00, 0x00, 0x00, 0x00, 0x00, 0x00, 0x00,
    0x00, 0x00, 0x00, 0x00, 0x00, 0x00, 0x00, 0x00, 0x00, 0x00, 0x00, 0x00, 0x00, 0x00, 0x00, 0x00,
    0x00, 0x00, 0x00, 0x00, 0x00, 0x00, 0x00, 0x00, 0x00, 0x00, 0x00, 0x00, 0x00, 0x00, 0x00, 0x00,
    0x00, 0x00, 0x00, 0x00, 0x00, 0x00, 0x00, 0x00, 0x00, 0x00, 0x00, 0x00, 0x00, 0x00, 0x00, 0x00,
    0x00, 0x00, 0x00, 0x00, 0x00, 0x00, 0x00, 0x00, 0x3a, 0xd7, 0xff, 0x06, 0x34, 0xda, 0xff, 0x51,
    0x32, 0xda, 0xff, 0xde, 0x32, 0xd9, 0xff, 0xfe, 0x32, 0xd9, 0xff, 0xff, 0x32, 0xd9, 0xff, 0xff,
    0x32, 0xd9, 0xff, 0xff, 0x32, 0xd9, 0xff, 0xff, 0x32, 0xd9, 0xff, 0xff, 0x32, 0xd9, 0xff, 0xff,
    0x32, 0xd9, 0xff, 0xff, 0x32, 0xd9, 0xff, 0xff, 0x32, 0xd9, 0xff, 0xff, 0x32, 0xd9, 0xff, 0xff,
    0x32, 0xd9, 0xff, 0xff, 0x32, 0xd9, 0xff, 0xff, 0x32, 0xd9, 0xff, 0xff, 0x32, 0xd9, 0xff, 0xff,
    0x32, 0xd9, 0xff, 0xff, 0x32, 0xd9, 0xff, 0xff, 0x32, 0xd9, 0xff, 0xff, 0x32, 0xd9, 0xff, 0xff,
    0x32, 0xd9, 0xff, 0xff, 0x32, 0xd9, 0xff, 0xff, 0x32, 0xd9, 0xff, 0xff, 0x32, 0xd9, 0xff, 0xff,
    0x32, 0xd9, 0xff, 0xff, 0x32, 0xd9, 0xff, 0xff, 0x32, 0xd9, 0xff, 0xff, 0x32, 0xd9, 0xff, 0xff,
    0x32, 0xd9, 0xff, 0xff, 0x32, 0xd9, 0xff, 0xff, 0x32, 0xd9, 0xff, 0xff, 0x32, 0xd9, 0xff, 0xff,
    0x32, 0xd9, 0xff, 0xff, 0x32, 0xd9, 0xff, 0xff, 0x32, 0xd9, 0xff, 0xff, 0x32, 0xd9, 0xff, 0xff,
    0x32, 0xd9, 0xff, 0xff, 0x32, 0xd9, 0xff, 0xff, 0x32, 0xd9, 0xff, 0xff, 0x32, 0xd9, 0xff, 0xff,
    0x32, 0xd9, 0xff, 0xff, 0x32, 0xd9, 0xff, 0xff, 0x32, 0xd9, 0xff, 0xff, 0x32, 0xd9, 0xff, 0xff,
    0x32, 0xd9, 0xff, 0xc9, 0x33, 0xda, 0xff, 0x3f, 0x4d, 0xcb, 0xff, 0x03, 0x00, 0x00, 0x00, 0x00,
    0x00, 0x00, 0x00, 0x00, 0x00, 0x00, 0x00, 0x00, 0x00, 0x00, 0x00, 0x00, 0x00, 0x00, 0x00, 0x00,
    0x00, 0x00, 0x00, 0x00, 0x00, 0x00, 0x00, 0x00, 0x00, 0x00, 0x00, 0x00, 0x00, 0x00, 0x00, 0x00,
    0x00, 0x00, 0x00, 0x00, 0x00, 0x00, 0x00, 0x00, 0x00, 0x00, 0x00, 0x00, 0x00, 0x00, 0x00, 0x00,
    0x00, 0x00, 0x00, 0x00, 0x00, 0x00, 0x00, 0x00, 0x00, 0x00, 0x00, 0x00, 0x00, 0x00, 0x00, 0x00,
    0x00, 0x00, 0x00, 0x00, 0x00, 0x00, 0x00, 0x00, 0x00, 0x00, 0x00, 0x00, 0x00, 0x00, 0x00, 0x00,
    0x00, 0x00, 0x00, 0x00, 0x00, 0x00, 0x00, 0x00, 0x00, 0x00, 0x00, 0x00, 0x00, 0x00, 0x00, 0x00,
    0x00, 0x00, 0x00, 0x00, 0x00, 0x00, 0x00, 0x00, 0x00, 0x00, 0x00, 0x00, 0x00, 0x00, 0x00, 0x00,
    0x00, 0x00, 0x00, 0x00, 0x00, 0x00, 0x00, 0x00, 0x00, 0x00, 0x00, 0x00, 0x00, 0x00, 0x00, 0x00,
    0x00, 0x00, 0x00, 0x00, 0x00, 0x00, 0x00, 0x00, 0x00, 0x00, 0x00, 0x00, 0x00, 0x00, 0x00, 0x00,
    0x00, 0x00, 0x00, 0x00, 0x00, 0x00, 0x00, 0x00, 0x00, 0x00, 0x00, 0x00, 0x00, 0x00, 0x00, 0x00,
    0x00, 0x00, 0x00, 0x00, 0x00, 0x00, 0x00, 0x00, 0x00, 0x00, 0x00, 0x00, 0x00, 0x00, 0x00, 0x00,
    0x00, 0x00, 0x00, 0x00, 0x00, 0x00, 0x00, 0x00, 0x00, 0x00, 0x00, 0x00, 0x00, 0x00, 0x00, 0x00,
    0x00, 0x00, 0x00, 0x00, 0x00, 0x00, 0x00, 0x00, 0x00, 0x00, 0x00, 0x00, 0x35, 0xdb, 0xff, 0x19,
    0x32, 0xda, 0xff, 0x8f, 0x32, 0xd9, 0xff, 0xf5, 0x32, 0xd9, 0xff, 0xff, 0x32, 0xd9, 0xff, 0xff,
    0x32, 0xd9, 0xff, 0xff, 0x32, 0xd9, 0xff, 0xff, 0x32, 0xd9, 0xff, 0xff, 0x32, 0xd9, 0xff, 0xff,
    0x32, 0xd9, 0xff, 0xff, 0x32, 0xd9, 0xff, 0xff, 0x32, 0xd9, 0xff, 0xff, 0x32, 0xd9, 0xff, 0xff,
    0x32, 0xd9, 0xff, 0xff, 0x32, 0xd9, 0xff, 0xff, 0x32, 0xd9, 0xff, 0xff, 0x32, 0xd9, 0xff, 0xff,
    0x32, 0xd9, 0xff, 0xff, 0x32, 0xd9, 0xff, 0xff, 0x32, 0xd9, 0xff, 0xff, 0x32, 0xd9, 0xff, 0xff,
    0x32, 0xd9, 0xff, 0xff, 0x32, 0xd9, 0xff, 0xff, 0x32, 0xd9, 0xff, 0xff, 0x32, 0xd9, 0xff, 0xff,
    0x32, 0xd9, 0xff, 0xff, 0x32, 0xd9, 0xff, 0xff, 0x32, 0xd9, 0xff, 0xff, 0x32, 0xd9, 0xff, 0xff,
    0x32, 0xd9, 0xff, 0xff, 0x32, 0xd9, 0xff, 0xff, 0x32, 0xd9, 0xff, 0xff, 0x32, 0xd9, 0xff, 0xff,
    0x32, 0xd9, 0xff, 0xff, 0x32, 0xd9, 0xff, 0xff, 0x32, 0xd9, 0xff, 0xff, 0x32, 0xd9, 0xff, 0xff,
    0x32, 0xd9, 0xff, 0xff, 0x32, 0xd9, 0xff, 0xff, 0x32, 0xd9, 0xff, 0xff, 0x32, 0xd9, 0xff, 0xff,
    0x32, 0xd9, 0xff, 0xff, 0x32, 0xd9, 0xff, 0xff, 0x32, 0xd9, 0xff, 0xff, 0x32, 0xd9, 0xff, 0xf1,
    0x32, 0xd9, 0xff, 0x6a, 0x32, 0xd9, 0xff, 0x11, 0x00, 0x00, 0x00, 0x00, 0x00, 0x00, 0x00, 0x00,
    0x00, 0x00, 0x00, 0x00, 0x00, 0x00, 0x00, 0x00, 0x00, 0x00, 0x00, 0x00, 0x00, 0x00, 0x00, 0x00,
    0x00, 0x00, 0x00, 0x00, 0x00, 0x00, 0x00, 0x00, 0x00, 0x00, 0x00, 0x00, 0x00, 0x00, 0x00, 0x00,
    0x00, 0x00, 0x00, 0x00, 0x00, 0x00, 0x00, 0x00, 0x00, 0x00, 0x00, 0x00, 0x00, 0x00, 0x00, 0x00,
    0x00, 0x00, 0x00, 0x00, 0x00, 0x00, 0x00, 0x00, 0x00, 0x00, 0x00, 0x00, 0x00, 0x00, 0x00, 0x00,
    0x00, 0x00, 0x00, 0x00, 0x00, 0x00, 0x00, 0x00, 0x00, 0x00, 0x00, 0x00, 0x00, 0x00, 0x00, 0x00,
    0x00, 0x00, 0x00, 0x00, 0x00, 0x00, 0x00, 0x00, 0x00, 0x00, 0x00, 0x00, 0x00, 0x00, 0x00, 0x00,
    0x00, 0x00, 0x00, 0x00, 0x00, 0x00, 0x00, 0x00, 0x00, 0x00, 0x00, 0x00, 0x00, 0x00, 0x00, 0x00,
    0x00, 0x00, 0x00, 0x00, 0x00, 0x00, 0x00, 0x00, 0x00, 0x00, 0x00, 0x00, 0x00, 0x00, 0x00, 0x00,
    0x00, 0x00, 0x00, 0x00, 0x00, 0x00, 0x00, 0x00, 0x00, 0x00, 0x00, 0x00, 0x00, 0x00, 0x00, 0x00,
    0x00, 0x00, 0x00, 0x00, 0x00, 0x00, 0x00, 0x00, 0x00, 0x00, 0x00, 0x00, 0x00, 0x00, 0x00, 0x00,
    0x00, 0x00, 0x00, 0x00, 0x00, 0x00, 0x00, 0x00, 0x00, 0x00, 0x00, 0x00, 0x00, 0x00, 0x00, 0x00,
    0x00, 0x00, 0x00, 0x00, 0x00, 0x00, 0x00, 0x00, 0x00, 0x00, 0x00, 0x00, 0x00, 0x00, 0x00, 0x00,
    0x00, 0x00, 0x00, 0x00, 0x00, 0x00, 0x00, 0x00, 0x00, 0x00, 0x00, 0x00, 0x4d, 0xcb, 0xff, 0x03,
    0x32, 0xd9, 0xff, 0x3c, 0x32, 0xda, 0xff, 0xc4, 0x32, 0xd9, 0xff, 0xfe, 0x32, 0xd9, 0xff, 0xff,
    0x32, 0xd9, 0xff, 0xff, 0x32, 0xd9, 0xff, 0xff, 0x32, 0xd9, 0xff, 0xff, 0x32, 0xd9, 0xff, 0xff,
    0x32, 0xd9, 0xff, 0xff, 0x32, 0xd9, 0xff, 0xff, 0x32, 0xd9, 0xff, 0xff, 0x32, 0xd9, 0xff, 0xff,
    0x32, 0xd9, 0xff, 0xff, 0x32, 0xd9, 0xff, 0xff, 0x32, 0xd9, 0xff, 0xff, 0x32, 0xd9, 0xff, 0xff,
    0x32, 0xd9, 0xff, 0xff, 0x32, 0xd9, 0xff, 0xff, 0x32, 0xd9, 0xff, 0xff, 0x32, 0xd9, 0xff, 0xff,
    0x32, 0xd9, 0xff, 0xff, 0x32, 0xd9, 0xff, 0xff, 0x32, 0xd9, 0xff, 0xff, 0x32, 0xd9, 0xff, 0xff,
    0x32, 0xd9, 0xff, 0xff, 0x32, 0xd9, 0xff, 0xff, 0x32, 0xd9, 0xff, 0xff, 0x32, 0xd9, 0xff, 0xff,
    0x32, 0xd9, 0xff, 0xff, 0x32, 0xd9, 0xff, 0xff, 0x32, 0xd9, 0xff, 0xff, 0x32, 0xd9, 0xff, 0xff,
    0x32, 0xd9, 0xff, 0xff, 0x32, 0xd9, 0xff, 0xff, 0x32, 0xd9, 0xff, 0xff, 0x32, 0xd9, 0xff, 0xff,
    0x32, 0xd9, 0xff, 0xff, 0x32, 0xd9, 0xff, 0xff, 0x32, 0xd9, 0xff, 0xff, 0x32, 0xd9, 0xff, 0xff,
    0x32, 0xd9, 0xff, 0xff, 0x32, 0xd9, 0xff, 0xff, 0x32, 0xda, 0xff, 0xf8, 0x32, 0xd9, 0xff, 0xa8,
    0x33, 0xda, 0xff, 0x26, 0x22, 0xed, 0xff, 0x01, 0x00, 0x00, 0x00, 0x00, 0x00, 0x00, 0x00, 0x00,
    0x00, 0x00, 0x00, 0x00, 0x00, 0x00, 0x00, 0x00, 0x00, 0x00, 0x00, 0x00, 0x00, 0x00, 0x00, 0x00,
    0x00, 0x00, 0x00, 0x00, 0x00, 0x00, 0x00, 0x00, 0x00, 0x00, 0x00, 0x00, 0x00, 0x00, 0x00, 0x00,
    0x00, 0x00, 0x00, 0x00, 0x00, 0x00, 0x00, 0x00, 0x00, 0x00, 0x00, 0x00, 0x00, 0x00, 0x00, 0x00,
    0x00, 0x00, 0x00, 0x00, 0x00, 0x00, 0x00, 0x00, 0x00, 0x00, 0x00, 0x00, 0x00, 0x00, 0x00, 0x00,
    0x00, 0x00, 0x00, 0x00, 0x00, 0x00, 0x00, 0x00, 0x00, 0x00, 0x00, 0x00, 0x00, 0x00, 0x00, 0x00,
    0x00, 0x00, 0x00, 0x00, 0x00, 0x00, 0x00, 0x00, 0x00, 0x00, 0x00, 0x00, 0x00, 0x00, 0x00, 0x00,
    0x00, 0x00, 0x00, 0x00, 0x00, 0x00, 0x00, 0x00, 0x00, 0x00, 0x00, 0x00, 0x00, 0x00, 0x00, 0x00,
    0x00, 0x00, 0x00, 0x00, 0x00, 0x00, 0x00, 0x00, 0x00, 0x00, 0x00, 0x00, 0x00, 0x00, 0x00, 0x00,
    0x00, 0x00, 0x00, 0x00, 0x00, 0x00, 0x00, 0x00, 0x00, 0x00, 0x00, 0x00, 0x00, 0x00, 0x00, 0x00,
    0x00, 0x00, 0x00, 0x00, 0x00, 0x00, 0x00, 0x00, 0x00, 0x00, 0x00, 0x00, 0x00, 0x00, 0x00, 0x00,
    0x00, 0x00, 0x00, 0x00, 0x00, 0x00, 0x00, 0x00, 0x00, 0x00, 0x00, 0x00, 0x00, 0x00, 0x00, 0x00,
    0x00, 0x00, 0x00, 0x00, 0x00, 0x00, 0x00, 0x00, 0x00, 0x00, 0x00, 0x00, 0x00, 0x00, 0x00, 0x00,
    0x00, 0x00, 0x00, 0x00, 0x00, 0x00, 0x00, 0x00, 0x00, 0x00, 0x00, 0x00, 0x00, 0x00, 0x00, 0x00,
    0x34, 0xda, 0xff, 0x0a, 0x32, 0xda, 0xff, 0x70, 0x32, 0xd9, 0xff, 0xda, 0x32, 0xd9, 0xff, 0xfe,
    0x32, 0xd9, 0xff, 0xff, 0x32, 0xd9, 0xff, 0xff, 0x32, 0xd9, 0xff, 0xff, 0x32, 0xd9, 0xff, 0xff,
    0x32, 0xd9, 0xff, 0xff, 0x32, 0xd9, 0xff, 0xff, 0x32, 0xd9, 0xff, 0xff, 0x32, 0xd9, 0xff, 0xff,
    0x32, 0xd9, 0xff, 0xff, 0x32, 0xd9, 0xff, 0xff, 0x32, 0xd9, 0xff, 0xff, 0x32, 0xd9, 0xff, 0xff,
    0x32, 0xd9, 0xff, 0xff, 0x32, 0xd9, 0xff, 0xff, 0x32, 0xd9, 0xff, 0xff, 0x32, 0xd9, 0xff, 0xff,
    0x32, 0xd9, 0xff, 0xff, 0x32, 0xd9, 0xff, 0xff, 0x32, 0xd9, 0xff, 0xff, 0x32, 0xd9, 0xff, 0xff,
    0x32, 0xd9, 0xff, 0xff, 0x32, 0xd9, 0xff, 0xff, 0x32, 0xd9, 0xff, 0xff, 0x32, 0xd9, 0xff, 0xff,
    0x32, 0xd9, 0xff, 0xff, 0x32, 0xd9, 0xff, 0xff, 0x32, 0xd9, 0xff, 0xff, 0x32, 0xd9, 0xff, 0xff,
    0x32, 0xd9, 0xff, 0xff, 0x32, 0xd9, 0xff, 0xff, 0x32, 0xd9, 0xff, 0xff, 0x32, 0xd9, 0xff, 0xff,
    0x32, 0xd9, 0xff, 0xff, 0x32, 0xd9, 0xff, 0xff, 0x32, 0xd9, 0xff, 0xff, 0x32, 0xd9, 0xff, 0xff,
    0x32, 0xd9, 0xff, 0xff, 0x32, 0xd9, 0xff, 0xfb, 0x32, 0xd9, 0xff, 0xc9, 0x32, 0xda, 0xff, 0x4b,
    0x3c, 0xd8, 0xff, 0x04, 0x00, 0x00, 0x00, 0x00, 0x00, 0x00, 0x00, 0x00, 0x00, 0x00, 0x00, 0x00,
    0x00, 0x00, 0x00, 0x00, 0x00, 0x00, 0x00, 0x00, 0x00, 0x00, 0x00, 0x00, 0x00, 0x00, 0x00, 0x00,
    0x00, 0x00, 0x00, 0x00, 0x00, 0x00, 0x00, 0x00, 0x00, 0x00, 0x00, 0x00, 0x00, 0x00, 0x00, 0x00,
    0x00, 0x00, 0x00, 0x00, 0x00, 0x00, 0x00, 0x00, 0x00, 0x00, 0x00, 0x00, 0x00, 0x00, 0x00, 0x00,
    0x00, 0x00, 0x00, 0x00, 0x00, 0x00, 0x00, 0x00, 0x00, 0x00, 0x00, 0x00, 0x00, 0x00, 0x00, 0x00,
    0x00, 0x00, 0x00, 0x00, 0x00, 0x00, 0x00, 0x00, 0x00, 0x00, 0x00, 0x00, 0x00, 0x00, 0x00, 0x00,
    0x00, 0x00, 0x00, 0x00, 0x00, 0x00, 0x00, 0x00, 0x00, 0x00, 0x00, 0x00, 0x00, 0x00, 0x00, 0x00,
    0x00, 0x00, 0x00, 0x00, 0x00, 0x00, 0x00, 0x00, 0x00, 0x00, 0x00, 0x00, 0x00, 0x00, 0x00, 0x00,
    0x00, 0x00, 0x00, 0x00, 0x00, 0x00, 0x00, 0x00, 0x00, 0x00, 0x00, 0x00, 0x00, 0x00, 0x00, 0x00,
    0x00, 0x00, 0x00, 0x00, 0x00, 0x00, 0x00, 0x00, 0x00, 0x00, 0x00, 0x00, 0x00, 0x00, 0x00, 0x00,
    0x00, 0x00, 0x00, 0x00, 0x00, 0x00, 0x00, 0x00, 0x00, 0x00, 0x00, 0x00, 0x00, 0x00, 0x00, 0x00,
    0x00, 0x00, 0x00, 0x00, 0x00, 0x00, 0x00, 0x00, 0x00, 0x00, 0x00, 0x00, 0x00, 0x00, 0x00, 0x00,
    0x00, 0x00, 0x00, 0x00, 0x00, 0x00, 0x00, 0x00, 0x00, 0x00, 0x00, 0x00, 0x00, 0x00, 0x00, 0x00,
    0x00, 0x00, 0x00, 0x00, 0x00, 0x00, 0x00, 0x00, 0x00, 0x00, 0x00, 0x00, 0x00, 0x00, 0x00, 0x00,
    0x00, 0x00, 0x00, 0x00, 0x32, 0xd7, 0xff, 0x1c, 0x32, 0xda, 0xff, 0x82, 0x32, 0xd9, 0xff, 0xed,
    0x32, 0xd9, 0xff, 0xff, 0x32, 0xd9, 0xff, 0xff, 0x32, 0xd9, 0xff, 0xff, 0x32, 0xd9, 0xff, 0xff,
    0x32, 0xd9, 0xff, 0xff, 0x32, 0xd9, 0xff, 0xff, 0x32, 0xd9, 0xff, 0xff, 0x32, 0xd9, 0xff, 0xff,
    0x32, 0xd9, 0xff, 0xff, 0x32, 0xd9, 0xff, 0xff, 0x32, 0xd9, 0xff, 0xff, 0x32, 0xd9, 0xff, 0xff,
    0x32, 0xd9, 0xff, 0xff, 0x32, 0xd9, 0xff, 0xff, 0x32, 0xd9, 0xff, 0xff, 0x32, 0xd9, 0xff, 0xff,
    0x32, 0xd9, 0xff, 0xff, 0x32, 0xd9, 0xff, 0xff, 0x32, 0xd9, 0xff, 0xff, 0x32, 0xd9, 0xff, 0xff,
    0x32, 0xd9, 0xff, 0xff, 0x32, 0xd9, 0xff, 0xff, 0x32, 0xd9, 0xff, 0xff, 0x32, 0xd9, 0xff, 0xff,
    0x32, 0xd9, 0xff, 0xff, 0x32, 0xd9, 0xff, 0xff, 0x32, 0xd9, 0xff, 0xff, 0x32, 0xd9, 0xff, 0xff,
    0x32, 0xd9, 0xff, 0xff, 0x32, 0xd9, 0xff, 0xff, 0x32, 0xd9, 0xff, 0xff, 0x32, 0xd9, 0xff, 0xff,
    0x32, 0xd9, 0xff, 0xff, 0x32, 0xd9, 0xff, 0xff, 0x32, 0xd9, 0xff, 0xff, 0x32, 0xd9, 0xff, 0xff,
    0x32, 0xd9, 0xff, 0xfe, 0x32, 0xd9, 0xff, 0xda, 0x32, 0xda, 0xff, 0x77, 0x34, 0xda, 0xff, 0x0a,
    0x00, 0x00, 0x00, 0x00, 0x00, 0x00, 0x00, 0x00, 0x00, 0x00, 0x00, 0x00, 0x00, 0x00, 0x00, 0x00,
    0x00, 0x00, 0x00, 0x00, 0x00, 0x00, 0x00, 0x00, 0x00, 0x00, 0x00, 0x00, 0x00, 0x00, 0x00, 0x00,
    0x00, 0x00, 0x00, 0x00, 0x00, 0x00, 0x00, 0x00, 0x00, 0x00, 0x00, 0x00, 0x00, 0x00, 0x00, 0x00,
    0x00, 0x00, 0x00, 0x00, 0x00, 0x00, 0x00, 0x00, 0x00, 0x00, 0x00, 0x00, 0x00, 0x00, 0x00, 0x00,
    0x00, 0x00, 0x00, 0x00, 0x00, 0x00, 0x00, 0x00, 0x00, 0x00, 0x00, 0x00, 0x00, 0x00, 0x00, 0x00,
    0x00, 0x00, 0x00, 0x00, 0x00, 0x00, 0x00, 0x00, 0x00, 0x00, 0x00, 0x00, 0x00, 0x00, 0x00, 0x00,
    0x00, 0x00, 0x00, 0x00, 0x00, 0x00, 0x00, 0x00, 0x00, 0x00, 0x00, 0x00, 0x00, 0x00, 0x00, 0x00,
    0x00, 0x00, 0x00, 0x00, 0x00, 0x00, 0x00, 0x00, 0x00, 0x00, 0x00, 0x00, 0x00, 0x00, 0x00, 0x00,
    0x00, 0x00, 0x00, 0x00, 0x00, 0x00, 0x00, 0x00, 0x00, 0x00, 0x00, 0x00, 0x00, 0x00, 0x00, 0x00,
    0x00, 0x00, 0x00, 0x00, 0x00, 0x00, 0x00, 0x00, 0x00, 0x00, 0x00, 0x00, 0x00, 0x00, 0x00, 0x00,
    0x00, 0x00, 0x00, 0x00, 0x00, 0x00, 0x00, 0x00, 0x00, 0x00, 0x00, 0x00, 0x00, 0x00, 0x00, 0x00,
    0x00, 0x00, 0x00, 0x00, 0x00, 0x00, 0x00, 0x00, 0x00, 0x00, 0x00, 0x00, 0x00, 0x00, 0x00, 0x00,
    0x00, 0x00, 0x00, 0x00, 0x00, 0x00, 0x00, 0x00, 0x00, 0x00, 0x00, 0x00, 0x00, 0x00, 0x00, 0x00,
    0x00, 0x00, 0x00, 0x00, 0x00, 0x00, 0x00, 0x00, 0x00, 0x00, 0x00, 0x00, 0x00, 0x00, 0x00, 0x00,
    0x00, 0x00, 0x00, 0x00, 0x3c, 0xd8, 0xff, 0x04, 0x32, 0xd7, 0xff, 0x1c, 0x32, 0xd9, 0xff, 0xa8,
    0x31, 0xda, 0xff, 0xf3, 0x32, 0xd9, 0xff, 0xff, 0x32, 0xd9, 0xff, 0xff, 0x32, 0xd9, 0xff, 0xff,
    0x32, 0xd9, 0xff, 0xff, 0x32, 0xd9, 0xff, 0xff, 0x32, 0xd9, 0xff, 0xff, 0x32, 0xd9, 0xff, 0xff,
    0x32, 0xd9, 0xff, 0xff, 0x32, 0xd9, 0xff, 0xff, 0x32, 0xd9, 0xff, 0xff, 0x32, 0xd9, 0xff, 0xff,
    0x32, 0xd9, 0xff, 0xff, 0x32, 0xd9, 0xff, 0xff, 0x32, 0xd9, 0xff, 0xff, 0x32, 0xd9, 0xff, 0xff,
    0x32, 0xd9, 0xff, 0xff, 0x32, 0xd9, 0xff, 0xff, 0x32, 0xd9, 0xff, 0xff, 0x32, 0xd9, 0xff, 0xff,
    0x32, 0xd9, 0xff, 0xff, 0x32, 0xd9, 0xff, 0xff, 0x32, 0xd9, 0xff, 0xff, 0x32, 0xd9, 0xff, 0xff,
    0x32, 0xd9, 0xff, 0xff, 0x32, 0xd9, 0xff, 0xff, 0x32, 0xd9, 0xff, 0xff, 0x32, 0xd9, 0xff, 0xff,
    0x32, 0xd9, 0xff, 0xff, 0x32, 0xd9, 0xff, 0xff, 0x32, 0xd9, 0xff, 0xff, 0x32, 0xd9, 0xff, 0xff,
    0x32, 0xd9, 0xff, 0xff, 0x32, 0xd9, 0xff, 0xff, 0x32, 0xd9, 0xff, 0xff, 0x32, 0xd9, 0xff, 0xfe,
    0x32, 0xd9, 0xff, 0xed, 0x32, 0xda, 0xff, 0x7d, 0x32, 0xd7, 0xff, 0x1c, 0x22, 0xed, 0xff, 0x01,
    0x00, 0x00, 0x00, 0x00, 0x00, 0x00, 0x00, 0x00, 0x00, 0x00, 0x00, 0x00, 0x00, 0x00, 0x00, 0x00,
    0x00, 0x00, 0x00, 0x00, 0x00, 0x00, 0x00, 0x00, 0x00, 0x00, 0x00, 0x00, 0x00, 0x00, 0x00, 0x00,
    0x00, 0x00, 0x00, 0x00, 0x00, 0x00, 0x00, 0x00, 0x00, 0x00, 0x00, 0x00, 0x00, 0x00, 0x00, 0x00,
    0x00, 0x00, 0x00, 0x00, 0x00, 0x00, 0x00, 0x00, 0x00, 0x00, 0x00, 0x00, 0x00, 0x00, 0x00, 0x00,
    0x00, 0x00, 0x00, 0x00, 0x00, 0x00, 0x00, 0x00, 0x00, 0x00, 0x00, 0x00, 0x00, 0x00, 0x00, 0x00,
    0x00, 0x00, 0x00, 0x00, 0x00, 0x00, 0x00, 0x00, 0x00, 0x00, 0x00, 0x00, 0x00, 0x00, 0x00, 0x00,
    0x00, 0x00, 0x00, 0x00, 0x00, 0x00, 0x00, 0x00, 0x00, 0x00, 0x00, 0x00, 0x00, 0x00, 0x00, 0x00,
    0x00, 0x00, 0x00, 0x00, 0x00, 0x00, 0x00, 0x00, 0x00, 0x00, 0x00, 0x00, 0x00, 0x00, 0x00, 0x00,
    0x00, 0x00, 0x00, 0x00, 0x00, 0x00, 0x00, 0x00, 0x00, 0x00, 0x00, 0x00, 0x00, 0x00, 0x00, 0x00,
    0x00, 0x00, 0x00, 0x00, 0x00, 0x00, 0x00, 0x00, 0x00, 0x00, 0x00, 0x00, 0x00, 0x00, 0x00, 0x00,
    0x00, 0x00, 0x00, 0x00, 0x00, 0x00, 0x00, 0x00, 0x00, 0x00, 0x00, 0x00, 0x00, 0x00, 0x00, 0x00,
    0x00, 0x00, 0x00, 0x00, 0x00, 0x00, 0x00, 0x00, 0x00, 0x00, 0x00, 0x00, 0x00, 0x00, 0x00, 0x00,
    0x00, 0x00, 0x00, 0x00, 0x00, 0x00, 0x00, 0x00, 0x00, 0x00, 0x00, 0x00, 0x00, 0x00, 0x00, 0x00,
    0x00, 0x00, 0x00, 0x00, 0x00, 0x00, 0x00, 0x00, 0x00, 0x00, 0x00, 0x00, 0x00, 0x00, 0x00, 0x00,
    0x00, 0x00, 0x00, 0x00, 0x00, 0x00, 0x00, 0x00, 0x00, 0x00, 0x00, 0x00, 0x33, 0xda, 0xff, 0x29,
    0x32, 0xda, 0xff, 0x9e, 0x32, 0xd9, 0xff, 0xed, 0x32, 0xd9, 0xff, 0xff, 0x32, 0xd9, 0xff, 0xff,
    0x32, 0xd9, 0xff, 0xff, 0x32, 0xd9, 0xff, 0xff, 0x32, 0xd9, 0xff, 0xff, 0x32, 0xd9, 0xff, 0xff,
    0x32, 0xd9, 0xff, 0xff, 0x32, 0xd9, 0xff, 0xff, 0x32, 0xd9, 0xff, 0xff, 0x32, 0xd9, 0xff, 0xff,
    0x32, 0xd9, 0xff, 0xff, 0x32, 0xd9, 0xff, 0xff, 0x32, 0xd9, 0xff, 0xff, 0x32, 0xd9, 0xff, 0xff,
    0x32, 0xd9, 0xff, 0xff, 0x32, 0xd9, 0xff, 0xff, 0x32, 0xd9, 0xff, 0xff, 0x32, 0xd9, 0xff, 0xff,
    0x32, 0xd9, 0xff, 0xff, 0x32, 0xd9, 0xff, 0xff, 0x32, 0xd9, 0xff, 0xff, 0x32, 0xd9, 0xff, 0xff,
    0x32, 0xd9, 0xff, 0xff, 0x32, 0xd9, 0xff, 0xff, 0x32, 0xd9, 0xff, 0xff, 0x32, 0xd9, 0xff, 0xff,
    0x32, 0xd9, 0xff, 0xff, 0x32, 0xd9, 0xff, 0xff, 0x32, 0xd9, 0xff, 0xff, 0x32, 0xd9, 0xff, 0xff,
    0x32, 0xd9, 0xff, 0xff, 0x32, 0xd9, 0xff, 0xff, 0x32, 0xd9, 0xff, 0xfe, 0x32, 0xda, 0xff, 0xe3,
    0x33, 0xda, 0xff, 0x89, 0x32, 0xd9, 0xff, 0x11, 0x50, 0xe0, 0xff, 0x02, 0x00, 0x00, 0x00, 0x00,
    0x00, 0x00, 0x00, 0x00, 0x00, 0x00, 0x00, 0x00, 0x00, 0x00, 0x00, 0x00, 0x00, 0x00, 0x00, 0x00,
    0x00, 0x00, 0x00, 0x00, 0x00, 0x00, 0x00, 0x00, 0x00, 0x00, 0x00, 0x00, 0x00, 0x00, 0x00, 0x00,
    0x00, 0x00, 0x00, 0x00, 0x00, 0x00, 0x00, 0x00, 0x00, 0x00, 0x00, 0x00, 0x00, 0x00, 0x00, 0x00,
    0x00, 0x00, 0x00, 0x00, 0x00, 0x00, 0x00, 0x00, 0x00, 0x00, 0x00, 0x00, 0x00, 0x00, 0x00, 0x00,
    0x00, 0x00, 0x00, 0x00, 0x00, 0x00, 0x00, 0x00, 0x00, 0x00, 0x00, 0x00, 0x00, 0x00, 0x00, 0x00,
    0x00, 0x00, 0x00, 0x00, 0x00, 0x00, 0x00, 0x00, 0x00, 0x00, 0x00, 0x00, 0x00, 0x00, 0x00, 0x00,
    0x00, 0x00, 0x00, 0x00, 0x00, 0x00, 0x00, 0x00, 0x00, 0x00, 0x00, 0x00, 0x00, 0x00, 0x00, 0x00,
    0x00, 0x00, 0x00, 0x00, 0x00, 0x00, 0x00, 0x00, 0x00, 0x00, 0x00, 0x00, 0x00, 0x00, 0x00, 0x00,
    0x00, 0x00, 0x00, 0x00, 0x00, 0x00, 0x00, 0x00, 0x00, 0x00, 0x00, 0x00, 0x00, 0x00, 0x00, 0x00,
    0x00, 0x00, 0x00, 0x00, 0x00, 0x00, 0x00, 0x00, 0x00, 0x00, 0x00, 0x00, 0x00, 0x00, 0x00, 0x00,
    0x00, 0x00, 0x00, 0x00, 0x00, 0x00, 0x00, 0x00, 0x00, 0x00, 0x00, 0x00, 0x00, 0x00, 0x00, 0x00,
    0x00, 0x00, 0x00, 0x00, 0x00, 0x00, 0x00, 0x00, 0x00, 0x00, 0x00, 0x00, 0x00, 0x00, 0x00, 0x00,
    0x00, 0x00, 0x00, 0x00, 0x00, 0x00, 0x00, 0x00, 0x00, 0x00, 0x00, 0x00, 0x00, 0x00, 0x00, 0x00,
    0x00, 0x00, 0x00, 0x00, 0x00, 0x00, 0x00, 0x00, 0x00, 0x00, 0x00, 0x00, 0x00, 0x00, 0x00, 0x00,
    0x00, 0x00, 0x00, 0x00, 0x00, 0x00, 0x00, 0x00, 0x00, 0x00, 0x00, 0x00, 0x3a, 0xd7, 0xff, 0x06,
    0x33, 0xda, 0xff, 0x33, 0x32, 0xda, 0xff, 0x98, 0x32, 0xd9, 0xff, 0xed, 0x32, 0xd9, 0xff, 0xfe,
    0x32, 0xd9, 0xff, 0xff, 0x32, 0xd9, 0xff, 0xff, 0x32, 0xd9, 0xff, 0xff, 0x32, 0xd9, 0xff, 0xff,
    0x32, 0xd9, 0xff, 0xff, 0x32, 0xd9, 0xff, 0xff, 0x32, 0xd9, 0xff, 0xff, 0x32, 0xd9, 0xff, 0xff,
    0x32, 0xd9, 0xff, 0xff, 0x32, 0xd9, 0xff, 0xff, 0x32, 0xd9, 0xff, 0xff, 0x32, 0xd9, 0xff, 0xff,
    0x32, 0xd9, 0xff, 0xff, 0x32, 0xd9, 0xff, 0xff, 0x32, 0xd9, 0xff, 0xff, 0x32, 0xd9, 0xff, 0xff,
    0x32, 0xd9, 0xff, 0xff, 0x32, 0xd9, 0xff, 0xff, 0x32, 0xd9, 0xff, 0xff, 0x32, 0xd9, 0xff, 0xff,
    0x32, 0xd9, 0xff, 0xff, 0x32, 0xd9, 0xff, 0xff, 0x32, 0xd9, 0xff, 0xff, 0x32, 0xd9, 0xff, 0xff,
    0x32, 0xd9, 0xff, 0xff, 0x32, 0xd9, 0xff, 0xff, 0x32, 0xd9, 0xff, 0xff, 0x32, 0xd9, 0xff, 0xff,
    0x32, 0xd9, 0xff, 0xff, 0x32, 0xd9, 0xff, 0xfe, 0x32, 0xda, 0xff, 0xe3, 0x31, 0xda, 0xff, 0x87,
    0x33, 0xda, 0xff, 0x26, 0x22, 0xed, 0xff, 0x01, 0x00, 0x00, 0x00, 0x00, 0x00, 0x00, 0x00, 0x00,
    0x00, 0x00, 0x00, 0x00, 0x00, 0x00, 0x00, 0x00, 0x00, 0x00, 0x00, 0x00, 0x00, 0x00, 0x00, 0x00,
    0x00, 0x00, 0x00, 0x00, 0x00, 0x00, 0x00, 0x00, 0x00, 0x00, 0x00, 0x00, 0x00, 0x00, 0x00, 0x00,
    0x00, 0x00, 0x00, 0x00, 0x00, 0x00, 0x00, 0x00, 0x00, 0x00, 0x00, 0x00, 0x00, 0x00, 0x00, 0x00,
    0x00, 0x00, 0x00, 0x00, 0x00, 0x00, 0x00, 0x00, 0x00, 0x00, 0x00, 0x00, 0x00, 0x00, 0x00, 0x00,
    0x00, 0x00, 0x00, 0x00, 0x00, 0x00, 0x00, 0x00, 0x00, 0x00, 0x00, 0x00, 0x00, 0x00, 0x00, 0x00,
    0x00, 0x00, 0x00, 0x00, 0x00, 0x00, 0x00, 0x00, 0x00, 0x00, 0x00, 0x00, 0x00, 0x00, 0x00, 0x00,
    0x00, 0x00, 0x00, 0x00, 0x00, 0x00, 0x00, 0x00, 0x00, 0x00, 0x00, 0x00, 0x00, 0x00, 0x00, 0x00,
    0x00, 0x00, 0x00, 0x00, 0x00, 0x00, 0x00, 0x00, 0x00, 0x00, 0x00, 0x00, 0x00, 0x00, 0x00, 0x00,
    0x00, 0x00, 0x00, 0x00, 0x00, 0x00, 0x00, 0x00, 0x00, 0x00, 0x00, 0x00, 0x00, 0x00, 0x00, 0x00,
    0x00, 0x00, 0x00, 0x00, 0x00, 0x00, 0x00, 0x00, 0x00, 0x00, 0x00, 0x00, 0x00, 0x00, 0x00, 0x00,
    0x00, 0x00, 0x00, 0x00, 0x00, 0x00, 0x00, 0x00, 0x00, 0x00, 0x00, 0x00, 0x00, 0x00, 0x00, 0x00,
    0x00, 0x00, 0x00, 0x00, 0x00, 0x00, 0x00, 0x00, 0x00, 0x00, 0x00, 0x00, 0x00, 0x00, 0x00, 0x00,
    0x00, 0x00, 0x00, 0x00, 0x00, 0x00, 0x00, 0x00, 0x00, 0x00, 0x00, 0x00, 0x00, 0x00, 0x00, 0x00,
    0x00, 0x00, 0x00, 0x00, 0x00, 0x00, 0x00, 0x00, 0x00, 0x00, 0x00, 0x00, 0x00, 0x00, 0x00, 0x00,
    0x00, 0x00, 0x00, 0x00, 0x00, 0x00, 0x00, 0x00, 0x00, 0x00, 0x00, 0x00, 0x00, 0x00, 0x00, 0x00,
    0x50, 0xe0, 0xff, 0x02, 0x33, 0xda, 0xff, 0x26, 0x33, 0xda, 0xff, 0x89, 0x32, 0xda, 0xff, 0xe3,
    0x32, 0xd9, 0xff, 0xfe, 0x32, 0xd9, 0xff, 0xff, 0x32, 0xd9, 0xff, 0xff, 0x32, 0xd9, 0xff, 0xff,
    0x32, 0xd9, 0xff, 0xff, 0x32, 0xd9, 0xff, 0xff, 0x32, 0xd9, 0xff, 0xff, 0x32, 0xd9, 0xff, 0xff,
    0x32, 0xd9, 0xff, 0xff, 0x32, 0xd9, 0xff, 0xff, 0x32, 0xd9, 0xff, 0xff, 0x32, 0xd9, 0xff, 0xff,
    0x32, 0xd9, 0xff, 0xff, 0x32, 0xd9, 0xff, 0xff, 0x32, 0xd9, 0xff, 0xff, 0x32, 0xd9, 0xff, 0xff,
    0x32, 0xd9, 0xff, 0xff, 0x32, 0xd9, 0xff, 0xff, 0x32, 0xd9, 0xff, 0xff, 0x32, 0xd9, 0xff, 0xff,
    0x32, 0xd9, 0xff, 0xff, 0x32, 0xd9, 0xff, 0xff, 0x32, 0xd9, 0xff, 0xff, 0x32, 0xd9, 0xff, 0xff,
    0x32, 0xd9, 0xff, 0xff, 0x32, 0xd9, 0xff, 0xff, 0x32, 0xd9, 0xff, 0xff, 0x32, 0xd9, 0xff, 0xff,
    0x32, 0xd9, 0xff, 0xfe, 0x32, 0xd9, 0xff, 0xda, 0x32, 0xda, 0xff, 0x70, 0x35, 0xdb, 0xff, 0x19,
    0x22, 0xed, 0xff, 0x01, 0x00, 0x00, 0x00, 0x00, 0x00, 0x00, 0x00, 0x00, 0x00, 0x00, 0x00, 0x00,
    0x00, 0x00, 0x00, 0x00, 0x00, 0x00, 0x00, 0x00, 0x00, 0x00, 0x00, 0x00, 0x00, 0x00, 0x00, 0x00,
    0x00, 0x00, 0x00, 0x00, 0x00, 0x00, 0x00, 0x00, 0x00, 0x00, 0x00, 0x00, 0x00, 0x00, 0x00, 0x00,
    0x00, 0x00, 0x00, 0x00, 0x00, 0x00, 0x00, 0x00, 0x00, 0x00, 0x00, 0x00, 0x00, 0x00, 0x00, 0x00,
    0x00, 0x00, 0x00, 0x00, 0x00, 0x00, 0x00, 0x00, 0x00, 0x00, 0x00, 0x00, 0x00, 0x00, 0x00, 0x00,
    0x00, 0x00, 0x00, 0x00, 0x00, 0x00, 0x00, 0x00, 0x00, 0x00, 0x00, 0x00, 0x00, 0x00, 0x00, 0x00,
    0x00, 0x00, 0x00, 0x00, 0x00, 0x00, 0x00, 0x00, 0x00, 0x00, 0x00, 0x00, 0x00, 0x00, 0x00, 0x00,
    0x00, 0x00, 0x00, 0x00, 0x00, 0x00, 0x00, 0x00, 0x00, 0x00, 0x00, 0x00, 0x00, 0x00, 0x00, 0x00,
    0x00, 0x00, 0x00, 0x00, 0x00, 0x00, 0x00, 0x00, 0x00, 0x00, 0x00, 0x00, 0x00, 0x00, 0x00, 0x00,
    0x00, 0x00, 0x00, 0x00, 0x00, 0x00, 0x00, 0x00, 0x00, 0x00, 0x00, 0x00, 0x00, 0x00, 0x00, 0x00,
    0x00, 0x00, 0x00, 0x00, 0x00, 0x00, 0x00, 0x00, 0x00, 0x00, 0x00, 0x00, 0x00, 0x00, 0x00, 0x00,
    0x00, 0x00, 0x00, 0x00, 0x00, 0x00, 0x00, 0x00, 0x00, 0x00, 0x00, 0x00, 0x00, 0x00, 0x00, 0x00,
    0x00, 0x00, 0x00, 0x00, 0x00, 0x00, 0x00, 0x00, 0x00, 0x00, 0x00, 0x00, 0x00, 0x00, 0x00, 0x00,
    0x00, 0x00, 0x00, 0x00, 0x22, 0xed, 0xff, 0x01, 0x37, 0xdc, 0xff, 0x08, 0x32, 0xd7, 0xff, 0x1c,
    0x33, 0xda, 0xff, 0x33, 0x33, 0xda, 0xff, 0x29, 0x33, 0xdb, 0xff, 0x0e, 0x3c, 0xd8, 0xff, 0x04,
    0x00, 0x00, 0x00, 0x00, 0x00, 0x00, 0x00, 0x00, 0x00, 0x00, 0x00, 0x00, 0x00, 0x00, 0x00, 0x00,
    0x00, 0x00, 0x00, 0x00, 0x50, 0xe0, 0xff, 0x02, 0x35, 0xdb, 0xff, 0x19, 0x32, 0xd9, 0xff, 0x5e,
    0x33, 0xda, 0xff, 0xc1, 0x32, 0xd9, 0xff, 0xf5, 0x32, 0xd9, 0xff, 0xfe, 0x32, 0xd9, 0xff, 0xff,
    0x32, 0xd9, 0xff, 0xff, 0x32, 0xd9, 0xff, 0xff, 0x32, 0xd9, 0xff, 0xff, 0x32, 0xd9, 0xff, 0xff,
    0x32, 0xd9, 0xff, 0xff, 0x32, 0xd9, 0xff, 0xff, 0x32, 0xd9, 0xff, 0xff, 0x32, 0xd9, 0xff, 0xff,
    0x32, 0xd9, 0xff, 0xff, 0x32, 0xd9, 0xff, 0xff, 0x32, 0xd9, 0xff, 0xff, 0x32, 0xd9, 0xff, 0xff,
    0x32, 0xd9, 0xff, 0xff, 0x32, 0xd9, 0xff, 0xff, 0x32, 0xd9, 0xff, 0xff, 0x32, 0xd9, 0xff, 0xff,
    0x32, 0xd9, 0xff, 0xff, 0x32, 0xd9, 0xff, 0xff, 0x32, 0xd9, 0xff, 0xff, 0x32, 0xd9, 0xff, 0xff,
    0x32, 0xd9, 0xff, 0xff, 0x32, 0xd9, 0xff, 0xff, 0x32, 0xd9, 0xff, 0xfe, 0x32, 0xd9, 0xff, 0xf1,
    0x32, 0xd9, 0xff, 0xab, 0x32, 0xda, 0xff, 0x4e, 0x32, 0xd9, 0xff, 0x11, 0x50, 0xe0, 0xff, 0x02,
    0x00, 0x00, 0x00, 0x00, 0x00, 0x00, 0x00, 0x00, 0x00, 0x00, 0x00, 0x00, 0x00, 0x00, 0x00, 0x00,
    0x22, 0xed, 0xff, 0x01, 0x34, 0xda, 0xff, 0x0a, 0x32, 0xd7, 0xff, 0x1c, 0x32, 0xd9, 0xff, 0x3c,
    0x33, 0xdb, 0xff, 0x2e, 0x34, 0xde, 0xff, 0x14, 0x3c, 0xd8, 0xff, 0x04, 0x00, 0x00, 0x00, 0x00,
    0x00, 0x00, 0x00, 0x00, 0x00, 0x00, 0x00, 0x00, 0x00, 0x00, 0x00, 0x00, 0x00, 0x00, 0x00, 0x00,
    0x00, 0x00, 0x00, 0x00, 0x00, 0x00, 0x00, 0x00, 0x00, 0x00, 0x00, 0x00, 0x00, 0x00, 0x00, 0x00,
    0x00, 0x00, 0x00, 0x00, 0x00, 0x00, 0x00, 0x00, 0x00, 0x00, 0x00, 0x00, 0x00, 0x00, 0x00, 0x00,
    0x00, 0x00, 0x00, 0x00, 0x00, 0x00, 0x00, 0x00, 0x00, 0x00, 0x00, 0x00, 0x00, 0x00, 0x00, 0x00,
    0x00, 0x00, 0x00, 0x00, 0x00, 0x00, 0x00, 0x00, 0x00, 0x00, 0x00, 0x00, 0x00, 0x00, 0x00, 0x00,
    0x00, 0x00, 0x00, 0x00, 0x00, 0x00, 0x00, 0x00, 0x00, 0x00, 0x00, 0x00, 0x00, 0x00, 0x00, 0x00,
    0x00, 0x00, 0x00, 0x00, 0x00, 0x00, 0x00, 0x00, 0x00, 0x00, 0x00, 0x00, 0x00, 0x00, 0x00, 0x00,
    0x00, 0x00, 0x00, 0x00, 0x00, 0x00, 0x00, 0x00, 0x00, 0x00, 0x00, 0x00, 0x00, 0x00, 0x00, 0x00,
    0x00, 0x00, 0x00, 0x00, 0x00, 0x00, 0x00, 0x00, 0x00, 0x00, 0x00, 0x00, 0x00, 0x00, 0x00, 0x00,
    0x00, 0x00, 0x00, 0x00, 0x00, 0x00, 0x00, 0x00, 0x00, 0x00, 0x00, 0x00, 0x00, 0x00, 0x00, 0x00,
    0x22, 0xed, 0xff, 0x01, 0x32, 0xd9, 0xff, 0x11, 0x31, 0xda, 0xff, 0x62, 0x32, 0xd9, 0xff, 0xab,
    0x32, 0xda, 0xff, 0xc4, 0x32, 0xd9, 0xff, 0xbe, 0x33, 0xda, 0xff, 0x89, 0x33, 0xda, 0xff, 0x37,
    0x3c, 0xd8, 0xff, 0x04, 0x00, 0x00, 0x00, 0x00, 0x00, 0x00, 0x00, 0x00, 0x00, 0x00, 0x00, 0x00,
    0x00, 0x00, 0x00, 0x00, 0x00, 0x00, 0x00, 0x00, 0x00, 0x00, 0x00, 0x00, 0x33, 0xdb, 0xff, 0x0e,
    0x33, 0xdb, 0xff, 0x43, 0x32, 0xdb, 0xff, 0x95, 0x31, 0xda, 0xff, 0xd7, 0x31, 0xda, 0xff, 0xf3,
    0x32, 0xd9, 0xff, 0xfe, 0x32, 0xd9, 0xff, 0xff, 0x32, 0xd9, 0xff, 0xff, 0x32, 0xd9, 0xff, 0xff,
    0x32, 0xd9, 0xff, 0xff, 0x32, 0xd9, 0xff, 0xff, 0x32, 0xd9, 0xff, 0xff, 0x32, 0xd9, 0xff, 0xff,
    0x32, 0xd9, 0xff, 0xff, 0x32, 0xd9, 0xff, 0xff, 0x32, 0xd9, 0xff, 0xff, 0x32, 0xd9, 0xff, 0xff,
    0x32, 0xd9, 0xff, 0xff, 0x32, 0xd9, 0xff, 0xff, 0x32, 0xd9, 0xff, 0xff, 0x32, 0xd9, 0xff, 0xff,
    0x32, 0xd9, 0xff, 0xff, 0x32, 0xd9, 0xff, 0xff, 0x32, 0xd9, 0xff, 0xff, 0x32, 0xd9, 0xff, 0xff,
    0x32, 0xd9, 0xff, 0xfe, 0x32, 0xd9, 0xff, 0xf1, 0x32, 0xd9, 0xff, 0xd2, 0x31, 0xda, 0xff, 0x87,
    0x33, 0xda, 0xff, 0x33, 0x37, 0xdc, 0xff, 0x08, 0x00, 0x00, 0x00, 0x00, 0x00, 0x00, 0x00, 0x00,
    0x00, 0x00, 0x00, 0x00, 0x00, 0x00, 0x00, 0x00, 0x00, 0x00, 0x00, 0x00, 0x00, 0x00, 0x00, 0x00,
    0x32, 0xd9, 0xff, 0x11, 0x32, 0xd9, 0xff, 0x5e, 0x31, 0xda, 0xff, 0xaf, 0x32, 0xd9, 0xff, 0xc9,
    0x33, 0xda, 0xff, 0xc1, 0x32, 0xda, 0xff, 0x98, 0x33, 0xda, 0xff, 0x3f, 0x34, 0xda, 0xff, 0x0a,
    0x00, 0x00, 0x00, 0x00, 0x00, 0x00, 0x00, 0x00, 0x00, 0x00, 0x00, 0x00, 0x00, 0x00, 0x00, 0x00,
    0x00, 0x00, 0x00, 0x00, 0x00, 0x00, 0x00, 0x00, 0x00, 0x00, 0x00, 0x00, 0x00, 0x00, 0x00, 0x00,
    0x00, 0x00, 0x00, 0x00, 0x00, 0x00, 0x00, 0x00, 0x00, 0x00, 0x00, 0x00, 0x00, 0x00, 0x00, 0x00,
    0x00, 0x00, 0x00, 0x00, 0x00, 0x00, 0x00, 0x00, 0x00, 0x00, 0x00, 0x00, 0x00, 0x00, 0x00, 0x00,
    0x00, 0x00, 0x00, 0x00, 0x00, 0x00, 0x00, 0x00, 0x00, 0x00, 0x00, 0x00, 0x00, 0x00, 0x00, 0x00,
    0x00, 0x00, 0x00, 0x00, 0x00, 0x00, 0x00, 0x00, 0x00, 0x00, 0x00, 0x00, 0x00, 0x00, 0x00, 0x00,
    0x00, 0x00, 0x00, 0x00, 0x00, 0x00, 0x00, 0x00, 0x00, 0x00, 0x00, 0x00, 0x00, 0x00, 0x00, 0x00,
    0x00, 0x00, 0x00, 0x00, 0x00, 0x00, 0x00, 0x00, 0x00, 0x00, 0x00, 0x00, 0x00, 0x00, 0x00, 0x00,
    0x00, 0x00, 0x00, 0x00, 0x00, 0x00, 0x00, 0x00, 0x00, 0x00, 0x00, 0x00, 0x00, 0x00, 0x00, 0x00,
    0x00, 0x00, 0x00, 0x00, 0x00, 0x00, 0x00, 0x00, 0x00, 0x00, 0x00, 0x00, 0x22, 0xed, 0xff, 0x01,
    0x32, 0xd9, 0xff, 0x11, 0x32, 0xda, 0xff, 0x70, 0x31, 0xda, 0xff, 0xd7, 0x32, 0xda, 0xff, 0xf8,
    0x32, 0xd9, 0xff, 0xff, 0x32, 0xd9, 0xff, 0xfe, 0x32, 0xd9, 0xff, 0xf1, 0x32, 0xd9, 0xff, 0xa3,
    0x35, 0xdb, 0xff, 0x19, 0x22, 0xed, 0xff, 0x01, 0x00, 0x00, 0x00, 0x00, 0x00, 0x00, 0x00, 0x00,
    0x00, 0x00, 0x00, 0x00, 0x00, 0x00, 0x00, 0x00, 0x00, 0x00, 0x00, 0x00, 0x00, 0x00, 0x00, 0x00,
    0x3a, 0xd7, 0xff, 0x06, 0x34, 0xda, 0xff, 0x16, 0x32, 0xda, 0xff, 0x4e, 0x32, 0xd9, 0xff, 0xa8,
    0x32, 0xda, 0xff, 0xe3, 0x32, 0xd9, 0xff, 0xf5, 0x32, 0xd9, 0xff, 0xfe, 0x32, 0xd9, 0xff, 0xff,
    0x32, 0xd9, 0xff, 0xff, 0x32, 0xd9, 0xff, 0xff, 0x32, 0xd9, 0xff, 0xff, 0x32, 0xd9, 0xff, 0xff,
    0x32, 0xd9, 0xff, 0xff, 0x32, 0xd9, 0xff, 0xff, 0x32, 0xd9, 0xff, 0xff, 0x32, 0xd9, 0xff, 0xff,
    0x32, 0xd9, 0xff, 0xff, 0x32, 0xd9, 0xff, 0xff, 0x32, 0xd9, 0xff, 0xff, 0x32, 0xd9, 0xff, 0xff,
    0x32, 0xd9, 0xff, 0xff, 0x32, 0xd9, 0xff, 0xff, 0x32, 0xd9, 0xff, 0xfb, 0x31, 0xda, 0xff, 0xf3,
    0x32, 0xd9, 0xff, 0xda, 0x32, 0xda, 0xff, 0x8f, 0x33, 0xda, 0xff, 0x3f, 0x34, 0xda, 0xff, 0x16,
    0x4d, 0xcb, 0xff, 0x03, 0x00, 0x00, 0x00, 0x00, 0x00, 0x00, 0x00, 0x00, 0x00, 0x00, 0x00, 0x00,
    0x00, 0x00, 0x00, 0x00, 0x00, 0x00, 0x00, 0x00, 0x00, 0x00, 0x00, 0x00, 0x50, 0xe0, 0xff, 0x02,
    0x32, 0xd9, 0xff, 0x5e, 0x32, 0xd9, 0xff, 0xc9, 0x32, 0xd9, 0xff, 0xfb, 0x32, 0xd9, 0xff, 0xff,
    0x32, 0xd9, 0xff, 0xff, 0x32, 0xd9, 0xff, 0xf5, 0x32, 0xd9, 0xff, 0xb9, 0x32, 0xd9, 0xff, 0x3c,
    0x3a, 0xd7, 0xff, 0x06, 0x00, 0x00, 0x00, 0x00, 0x00, 0x00, 0x00, 0x00, 0x00, 0x00, 0x00, 0x00,
    0x00, 0x00, 0x00, 0x00, 0x00, 0x00, 0x00, 0x00, 0x00, 0x00, 0x00, 0x00, 0x00, 0x00, 0x00, 0x00,
    0x00, 0x00, 0x00, 0x00, 0x00, 0x00, 0x00, 0x00, 0x00, 0x00, 0x00, 0x00, 0x00, 0x00, 0x00, 0x00,
    0x00, 0x00, 0x00, 0x00, 0x00, 0x00, 0x00, 0x00, 0x00, 0x00, 0x00, 0x00, 0x00, 0x00, 0x00, 0x00,
    0x00, 0x00, 0x00, 0x00, 0x00, 0x00, 0x00, 0x00, 0x00, 0x00, 0x00, 0x00, 0x00, 0x00, 0x00, 0x00,
    0x00, 0x00, 0x00, 0x00, 0x00, 0x00, 0x00, 0x00, 0x00, 0x00, 0x00, 0x00, 0x00, 0x00, 0x00, 0x00,
    0x00, 0x00, 0x00, 0x00, 0x00, 0x00, 0x00, 0x00, 0x00, 0x00, 0x00, 0x00, 0x00, 0x00, 0x00, 0x00,
    0x00, 0x00, 0x00, 0x00, 0x00, 0x00, 0x00, 0x00, 0x00, 0x00, 0x00, 0x00, 0x00, 0x00, 0x00, 0x00,
    0x00, 0x00, 0x00, 0x00, 0x00, 0x00, 0x00, 0x00, 0x00, 0x00, 0x00, 0x00, 0x00, 0x00, 0x00, 0x00,
    0x00, 0x00, 0x00, 0x00, 0x00, 0x00, 0x00, 0x00, 0x22, 0xed, 0xff, 0x01, 0x32, 0xd9, 0xff, 0x11,
    0x32, 0xd9, 0xff, 0x6a, 0x32, 0xda, 0xff, 0xde, 0x32, 0xd9, 0xff, 0xfe, 0x32, 0xd9, 0xff, 0xff,
    0x32, 0xd9, 0xff, 0xff, 0x32, 0xd9, 0xff, 0xff, 0x32, 0xd9, 0xff, 0xff, 0x32, 0xda, 0xff, 0xe3,
    0x32, 0xd9, 0xff, 0x5e, 0x3c, 0xd8, 0xff, 0x04, 0x00, 0x00, 0x00, 0x00, 0x00, 0x00, 0x00, 0x00,
    0x00, 0x00, 0x00, 0x00, 0x00, 0x00, 0x00, 0x00, 0x00, 0x00, 0x00, 0x00, 0x00, 0x00, 0x00, 0x00,
    0x00, 0x00, 0x00, 0x00, 0x00, 0x00, 0x00, 0x00, 0x3c, 0xd8, 0xff, 0x04, 0x34, 0xde, 0xff, 0x14,
    0x33, 0xdb, 0xff, 0x43, 0x32, 0xda, 0xff, 0x8f, 0x32, 0xda, 0xff, 0xc4, 0x32, 0xda, 0xff, 0xe3,
    0x32, 0xd9, 0xff, 0xf1, 0x32, 0xd9, 0xff, 0xfb, 0x32, 0xd9, 0xff, 0xff, 0x32, 0xd9, 0xff, 0xff,
    0x32, 0xd9, 0xff, 0xff, 0x32, 0xd9, 0xff, 0xff, 0x32, 0xd9, 0xff, 0xff, 0x32, 0xd9, 0xff, 0xff,
    0x32, 0xd9, 0xff, 0xff, 0x32, 0xd9, 0xff, 0xff, 0x32, 0xd9, 0xff, 0xfe, 0x32, 0xda, 0xff, 0xf8,
    0x32, 0xd9, 0xff, 0xed, 0x32, 0xda, 0xff, 0xde, 0x32, 0xd9, 0xff, 0xbe, 0x32, 0xda, 0xff, 0x7d,
    0x32, 0xd9, 0xff, 0x3c, 0x32, 0xd9, 0xff, 0x11, 0x3c, 0xd8, 0xff, 0x04, 0x00, 0x00, 0x00, 0x00,
    0x00, 0x00, 0x00, 0x00, 0x00, 0x00, 0x00, 0x00, 0x00, 0x00, 0x00, 0x00, 0x00, 0x00, 0x00, 0x00,
    0x00, 0x00, 0x00, 0x00, 0x00, 0x00, 0x00, 0x00, 0x22, 0xed, 0xff, 0x01, 0x32, 0xd9, 0xff, 0x11,
    0x31, 0xda, 0xff, 0xaf, 0x32, 0xd9, 0xff, 0xfb, 0x32, 0xd9, 0xff, 0xff, 0x32, 0xd9, 0xff, 0xff,
    0x32, 0xd9, 0xff, 0xff, 0x32, 0xd9, 0xff, 0xff, 0x32, 0xda, 0xff, 0xf8, 0x31, 0xda, 0xff, 0xaf,
    0x33, 0xdb, 0xff, 0x43, 0x3a, 0xd7, 0xff, 0x06, 0x00, 0x00, 0x00, 0x00, 0x00, 0x00, 0x00, 0x00,
    0x00, 0x00, 0x00, 0x00, 0x00, 0x00, 0x00, 0x00, 0x00, 0x00, 0x00, 0x00, 0x00, 0x00, 0x00, 0x00,
    0x00, 0x00, 0x00, 0x00, 0x00, 0x00, 0x00, 0x00, 0x00, 0x00, 0x00, 0x00, 0x00, 0x00, 0x00, 0x00,
    0x00, 0x00, 0x00, 0x00, 0x00, 0x00, 0x00, 0x00, 0x00, 0x00, 0x00, 0x00, 0x00, 0x00, 0x00, 0x00,
    0x00, 0x00, 0x00, 0x00, 0x00, 0x00, 0x00, 0x00, 0x00, 0x00, 0x00, 0x00, 0x00, 0x00, 0x00, 0x00,
    0x00, 0x00, 0x00, 0x00, 0x00, 0x00, 0x00, 0x00, 0x00, 0x00, 0x00, 0x00, 0x00, 0x00, 0x00, 0x00,
    0x00, 0x00, 0x00, 0x00, 0x00, 0x00, 0x00, 0x00, 0x00, 0x00, 0x00, 0x00, 0x00, 0x00, 0x00, 0x00,
    0x00, 0x00, 0x00, 0x00, 0x00, 0x00, 0x00, 0x00, 0x00, 0x00, 0x00, 0x00, 0x00, 0x00, 0x00, 0x00,
    0x00, 0x00, 0x00, 0x00, 0x00, 0x00, 0x00, 0x00, 0x00, 0x00, 0x00, 0x00, 0x00, 0x00, 0x00, 0x00,
    0x00, 0x00, 0x00, 0x00, 0x22, 0xed, 0xff, 0x01, 0x33, 0xdb, 0xff, 0x0e, 0x32, 0xda, 0xff, 0x70,
    0x32, 0xd9, 0xff, 0xd2, 0x32, 0xd9, 0xff, 0xfb, 0x32, 0xd9, 0xff, 0xff, 0x32, 0xd9, 0xff, 0xff,
    0x32, 0xd9, 0xff, 0xff, 0x32, 0xd9, 0xff, 0xff, 0x32, 0xd9, 0xff, 0xff, 0x32, 0xd9, 0xff, 0xf1,
    0x32, 0xda, 0xff, 0x7d, 0x3c, 0xd8, 0xff, 0x04, 0x00, 0x00, 0x00, 0x00, 0x00, 0x00, 0x00, 0x00,
    0x00, 0x00, 0x00, 0x00, 0x00, 0x00, 0x00, 0x00, 0x00, 0x00, 0x00, 0x00, 0x00, 0x00, 0x00, 0x00,
    0x00, 0x00, 0x00, 0x00, 0x00, 0x00, 0x00, 0x00, 0x00, 0x00, 0x00, 0x00, 0x22, 0xed, 0xff, 0x01,
    0x37, 0xdc, 0xff, 0x08, 0x34, 0xda, 0xff, 0x16, 0x33, 0xdb, 0xff, 0x2e, 0x32, 0xda, 0xff, 0x57,
    0x33, 0xda, 0xff, 0x89, 0x32, 0xd9, 0xff, 0xa3, 0x32, 0xd9, 0xff, 0xbe, 0x32, 0xd9, 0xff, 0xc9,
    0x32, 0xd9, 0xff, 0xd2, 0x31, 0xda, 0xff, 0xd7, 0x32, 0xd9, 0xff, 0xda, 0x31, 0xda, 0xff, 0xd7,
    0x32, 0xd9, 0xff, 0xd2, 0x32, 0xd9, 0xff, 0xc9, 0x32, 0xd9, 0xff, 0xb9, 0x32, 0xd9, 0xff, 0xa3,
    0x32, 0xda, 0xff, 0x7d, 0x34, 0xda, 0xff, 0x51, 0x33, 0xda, 0xff, 0x26, 0x32, 0xd9, 0xff, 0x11,
    0x3a, 0xd7, 0xff, 0x06, 0x22, 0xed, 0xff, 0x01, 0x00, 0x00, 0x00, 0x00, 0x00, 0x00, 0x00, 0x00,
    0x00, 0x00, 0x00, 0x00, 0x00, 0x00, 0x00, 0x00, 0x00, 0x00, 0x00, 0x00, 0x00, 0x00, 0x00, 0x00,
    0x00, 0x00, 0x00, 0x00, 0x00, 0x00, 0x00, 0x00, 0x22, 0xed, 0xff, 0x01, 0x33, 0xda, 0xff, 0x26,
    0x32, 0xda, 0xff, 0xc4, 0x32, 0xd9, 0xff, 0xff, 0x32, 0xd9, 0xff, 0xff, 0x32, 0xd9, 0xff, 0xff,
    0x32, 0xd9, 0xff, 0xff, 0x32, 0xd9, 0xff, 0xff, 0x32, 0xd9, 0xff, 0xff, 0x32, 0xd9, 0xff, 0xf1,
    0x31, 0xda, 0xff, 0xaf, 0x33, 0xda, 0xff, 0x37, 0x37, 0xdc, 0xff, 0x08, 0x00, 0x00, 0x00, 0x00,
    0x00, 0x00, 0x00, 0x00, 0x00, 0x00, 0x00, 0x00, 0x00, 0x00, 0x00, 0x00, 0x00, 0x00, 0x00, 0x00,
    0x00, 0x00, 0x00, 0x00, 0x00, 0x00, 0x00, 0x00, 0x00, 0x00, 0x00, 0x00, 0x00, 0x00, 0x00, 0x00,
    0x00, 0x00, 0x00, 0x00, 0x00, 0x00, 0x00, 0x00, 0x00, 0x00, 0x00, 0x00, 0x00, 0x00, 0x00, 0x00,
    0x00, 0x00, 0x00, 0x00, 0x00, 0x00, 0x00, 0x00, 0x00, 0x00, 0x00, 0x00, 0x00, 0x00, 0x00, 0x00,
    0x00, 0x00, 0x00, 0x00, 0x00, 0x00, 0x00, 0x00, 0x00, 0x00, 0x00, 0x00, 0x00, 0x00, 0x00, 0x00,
    0x00, 0x00, 0x00, 0x00, 0x00, 0x00, 0x00, 0x00, 0x00, 0x00, 0x00, 0x00, 0x00, 0x00, 0x00, 0x00,
    0x00, 0x00, 0x00, 0x00, 0x00, 0x00, 0x00, 0x00, 0x00, 0x00, 0x00, 0x00, 0x00, 0x00, 0x00, 0x00,
    0x00, 0x00, 0x00, 0x00, 0x00, 0x00, 0x00, 0x00, 0x00, 0x00, 0x00, 0x00, 0x00, 0x00, 0x00, 0x00,
    0x00, 0x00, 0x00, 0x00, 0x34, 0xda, 0xff, 0x0a, 0x34, 0xda, 0xff, 0x51, 0x31, 0xda, 0xff, 0xd7,
    0x32, 0xda, 0xff, 0xf8, 0x32, 0xd9, 0xff, 0xff, 0x32, 0xd9, 0xff, 0xff, 0x32, 0xd9, 0xff, 0xff,
    0x32, 0xd9, 0xff, 0xff, 0x32, 0xd9, 0xff, 0xff, 0x32, 0xd9, 0xff, 0xff, 0x32, 0xd9, 0xff, 0xf1,
    0x32, 0xda, 0xff, 0x77, 0x3c, 0xd8, 0xff, 0x04, 0x00, 0x00, 0x00, 0x00, 0x00, 0x00, 0x00, 0x00,
    0x00, 0x00, 0x00, 0x00, 0x00, 0x00, 0x00, 0x00, 0x00, 0x00, 0x00, 0x00, 0x00, 0x00, 0x00, 0x00,
    0x00, 0x00, 0x00, 0x00, 0x00, 0x00, 0x00, 0x00, 0x00, 0x00, 0x00, 0x00, 0x00, 0x00, 0x00, 0x00,
    0x00, 0x00, 0x00, 0x00, 0x00, 0x00, 0x00, 0x00, 0x50, 0xe0, 0xff, 0x02, 0x3a, 0xd7, 0xff, 0x06,
    0x36, 0xe3, 0xff, 0x0c, 0x32, 0xd9, 0xff, 0x11, 0x33, 0xda, 0xff, 0x29, 0x33, 0xda, 0xff, 0x3f,
    0x32, 0xda, 0xff, 0x4b, 0x32, 0xda, 0xff, 0x57, 0x32, 0xd9, 0xff, 0x5e, 0x32, 0xda, 0xff, 0x57,
    0x32, 0xda, 0xff, 0x4b, 0x32, 0xd9, 0xff, 0x3c, 0x33, 0xdc, 0xff, 0x22, 0x32, 0xd9, 0xff, 0x11,
    0x34, 0xda, 0xff, 0x0a, 0x3a, 0xd7, 0xff, 0x06, 0x22, 0xed, 0xff, 0x01, 0x00, 0x00, 0x00, 0x00,
    0x00, 0x00, 0x00, 0x00, 0x00, 0x00, 0x00, 0x00, 0x00, 0x00, 0x00, 0x00, 0x00, 0x00, 0x00, 0x00,
    0x00, 0x00, 0x00, 0x00, 0x00, 0x00, 0x00, 0x00, 0x00, 0x00, 0x00, 0x00, 0x00, 0x00, 0x00, 0x00,
    0x00, 0x00, 0x00, 0x00, 0x00, 0x00, 0x00, 0x00, 0x22, 0xed, 0xff, 0x01, 0x33, 0xdc, 0xff, 0x22,
    0x33, 0xda, 0xff, 0xc1, 0x32, 0xd9, 0xff, 0xff, 0x32, 0xd9, 0xff, 0xff, 0x32, 0xd9, 0xff, 0xff,
    0x32, 0xd9, 0xff, 0xff, 0x32, 0xd9, 0xff, 0xff, 0x32, 0xd9, 0xff, 0xff, 0x32, 0xd9, 0xff, 0xff,
    0x32, 0xda, 0xff, 0xf8, 0x32, 0xda, 0xff, 0x9e, 0x33, 0xda, 0xff, 0x29, 0x3c, 0xd8, 0xff, 0x04,
    0x00, 0x00, 0x00, 0x00, 0x00, 0x00, 0x00, 0x00, 0x00, 0x00, 0x00, 0x00, 0x00, 0x00, 0x00, 0x00,
    0x00, 0x00, 0x00, 0x00, 0x00, 0x00, 0x00, 0x00, 0x00, 0x00, 0x00, 0x00, 0x00, 0x00, 0x00, 0x00,
    0x00, 0x00, 0x00, 0x00, 0x00, 0x00, 0x00, 0x00, 0x00, 0x00, 0x00, 0x00, 0x00, 0x00, 0x00, 0x00,
    0x00, 0x00, 0x00, 0x00, 0x00, 0x00, 0x00, 0x00, 0x00, 0x00, 0x00, 0x00, 0x00, 0x00, 0x00, 0x00,
    0x00, 0x00, 0x00, 0x00, 0x00, 0x00, 0x00, 0x00, 0x00, 0x00, 0x00, 0x00, 0x00, 0x00, 0x00, 0x00,
    0x00, 0x00, 0x00, 0x00, 0x00, 0x00, 0x00, 0x00, 0x00, 0x00, 0x00, 0x00, 0x00, 0x00, 0x00, 0x00,
    0x00, 0x00, 0x00, 0x00, 0x00, 0x00, 0x00, 0x00, 0x00, 0x00, 0x00, 0x00, 0x00, 0x00, 0x00, 0x00,
    0x00, 0x00, 0x00, 0x00, 0x00, 0x00, 0x00, 0x00, 0x00, 0x00, 0x00, 0x00, 0x00, 0x00, 0x00, 0x00,
    0x3c, 0xd8, 0xff, 0x04, 0x33, 0xda, 0xff, 0x37, 0x33, 0xda, 0xff, 0xc1, 0x32, 0xd9, 0xff, 0xff,
    0x32, 0xd9, 0xff, 0xff, 0x32, 0xd9, 0xff, 0xff, 0x32, 0xd9, 0xff, 0xff, 0x32, 0xd9, 0xff, 0xff,
    0x32, 0xd9, 0xff, 0xff, 0x32, 0xd9, 0xff, 0xff, 0x32, 0xd9, 0xff, 0xfe, 0x32, 0xd9, 0xff, 0xd2,
    0x33, 0xdb, 0xff, 0x43, 0x50, 0xe0, 0xff, 0x02, 0x00, 0x00, 0x00, 0x00, 0x00, 0x00, 0x00, 0x00,
    0x00, 0x00, 0x00, 0x00, 0x00, 0x00, 0x00, 0x00, 0x00, 0x00, 0x00, 0x00, 0x00, 0x00, 0x00, 0x00,
    0x00, 0x00, 0x00, 0x00, 0x00, 0x00, 0x00, 0x00, 0x00, 0x00, 0x00, 0x00, 0x00, 0x00, 0x00, 0x00,
    0x00, 0x00, 0x00, 0x00, 0x00, 0x00, 0x00, 0x00, 0x00, 0x00, 0x00, 0x00, 0x00, 0x00, 0x00, 0x00,
    0x00, 0x00, 0x00, 0x00, 0x00, 0x00, 0x00, 0x00, 0x00, 0x00, 0x00, 0x00, 0x00, 0x00, 0x00, 0x00,
    0x00, 0x00, 0x00, 0x00, 0x00, 0x00, 0x00, 0x00, 0x00, 0x00, 0x00, 0x00, 0x00, 0x00, 0x00, 0x00,
    0x00, 0x00, 0x00, 0x00, 0x00, 0x00, 0x00, 0x00, 0x00, 0x00, 0x00, 0x00, 0x00, 0x00, 0x00, 0x00,
    0x00, 0x00, 0x00, 0x00, 0x00, 0x00, 0x00, 0x00, 0x00, 0x00, 0x00, 0x00, 0x00, 0x00, 0x00, 0x00,
    0x00, 0x00, 0x00, 0x00, 0x00, 0x00, 0x00, 0x00, 0x00, 0x00, 0x00, 0x00, 0x00, 0x00, 0x00, 0x00,
    0x00, 0x00, 0x00, 0x00, 0x00, 0x00, 0x00, 0x00, 0x00, 0x00, 0x00, 0x00, 0x00, 0x00, 0x00, 0x00,
    0x00, 0x00, 0x00, 0x00, 0x00, 0x00, 0x00, 0x00, 0x00, 0x00, 0x00, 0x00, 0x3a, 0xd7, 0xff, 0x06,
    0x32, 0xda, 0xff, 0x8f, 0x32, 0xd9, 0xff, 0xf1, 0x32, 0xd9, 0xff, 0xff, 0x32, 0xd9, 0xff, 0xff,
    0x32, 0xd9, 0xff, 0xff, 0x32, 0xd9, 0xff, 0xff, 0x32, 0xd9, 0xff, 0xff, 0x32, 0xd9, 0xff, 0xff,
    0x32, 0xd9, 0xff, 0xff, 0x32, 0xd9, 0xff, 0xf5, 0x33, 0xda, 0xff, 0x89, 0x34, 0xda, 0xff, 0x16,
    0x00, 0x00, 0x00, 0x00, 0x00, 0x00, 0x00, 0x00, 0x00, 0x00, 0x00, 0x00, 0x00, 0x00, 0x00, 0x00,
    0x00, 0x00, 0x00, 0x00, 0x00, 0x00, 0x00, 0x00, 0x00, 0x00, 0x00, 0x00, 0x00, 0x00, 0x00, 0x00,
    0x00, 0x00, 0x00, 0x00, 0x00, 0x00, 0x00, 0x00, 0x00, 0x00, 0x00, 0x00, 0x00, 0x00, 0x00, 0x00,
    0x00, 0x00, 0x00, 0x00, 0x00, 0x00, 0x00, 0x00, 0x00, 0x00, 0x00, 0x00, 0x00, 0x00, 0x00, 0x00,
    0x00, 0x00, 0x00, 0x00, 0x00, 0x00, 0x00, 0x00, 0x00, 0x00, 0x00, 0x00, 0x00, 0x00, 0x00, 0x00,
    0x00, 0x00, 0x00, 0x00, 0x00, 0x00, 0x00, 0x00, 0x00, 0x00, 0x00, 0x00, 0x00, 0x00, 0x00, 0x00,
    0x00, 0x00, 0x00, 0x00, 0x00, 0x00, 0x00, 0x00, 0x00, 0x00, 0x00, 0x00, 0x00, 0x00, 0x00, 0x00,
    0x00, 0x00, 0x00, 0x00, 0x00, 0x00, 0x00, 0x00, 0x00, 0x00, 0x00, 0x00, 0x00, 0x00, 0x00, 0x00,
    0x32, 0xd9, 0xff, 0x11, 0x32, 0xda, 0xff, 0x77, 0x32, 0xd9, 0xff, 0xf1, 0x32, 0xd9, 0xff, 0xff,
    0x32, 0xd9, 0xff, 0xff, 0x32, 0xd9, 0xff, 0xff, 0x32, 0xd9, 0xff, 0xff, 0x32, 0xd9, 0xff, 0xff,
    0x32, 0xd9, 0xff, 0xff, 0x32, 0xd9, 0xff, 0xfe, 0x32, 0xda, 0xff, 0xde, 0x32, 0xda, 0xff, 0x7d,
    0x36, 0xe3, 0xff, 0x0c, 0x00, 0x00, 0x00, 0x00, 0x00, 0x00, 0x00, 0x00, 0x00, 0x00, 0x00, 0x00,
    0x00, 0x00, 0x00, 0x00, 0x00, 0x00, 0x00, 0x00, 0x00, 0x00, 0x00, 0x00, 0x00, 0x00, 0x00, 0x00,
    0x00, 0x00, 0x00, 0x00, 0x00, 0x00, 0x00, 0x00, 0x00, 0x00, 0x00, 0x00, 0x00, 0x00, 0x00, 0x00,
    0x00, 0x00, 0x00, 0x00, 0x00, 0x00, 0x00, 0x00, 0x00, 0x00, 0x00, 0x00, 0x00, 0x00, 0x00, 0x00,
    0x00, 0x00, 0x00, 0x00, 0x00, 0x00, 0x00, 0x00, 0x00, 0x00, 0x00, 0x00, 0x00, 0x00, 0x00, 0x00,
    0x00, 0x00, 0x00, 0x00, 0x00, 0x00, 0x00, 0x00, 0x00, 0x00, 0x00, 0x00, 0x00, 0x00, 0x00, 0x00,
    0x00, 0x00, 0x00, 0x00, 0x00, 0x00, 0x00, 0x00, 0x00, 0x00, 0x00, 0x00, 0x00, 0x00, 0x00, 0x00,
    0x00, 0x00, 0x00, 0x00, 0x00, 0x00, 0x00, 0x00, 0x00, 0x00, 0x00, 0x00, 0x00, 0x00, 0x00, 0x00,
    0x00, 0x00, 0x00, 0x00, 0x00, 0x00, 0x00, 0x00, 0x00, 0x00, 0x00, 0x00, 0x00, 0x00, 0x00, 0x00,
    0x00, 0x00, 0x00, 0x00, 0x00, 0x00, 0x00, 0x00, 0x00, 0x00, 0x00, 0x00, 0x00, 0x00, 0x00, 0x00,
    0x00, 0x00, 0x00, 0x00, 0x00, 0x00, 0x00, 0x00, 0x00, 0x00, 0x00, 0x00, 0x22, 0xed, 0xff, 0x01,
    0x33, 0xda, 0xff, 0x33, 0x32, 0xd9, 0xff, 0xab, 0x31, 0xda, 0xff, 0xf3, 0x32, 0xd9, 0xff, 0xff,
    0x32, 0xd9, 0xff, 0xff, 0x32, 0xd9, 0xff, 0xff, 0x32, 0xd9, 0xff, 0xff, 0x32, 0xd9, 0xff, 0xff,
    0x32, 0xd9, 0xff, 0xff, 0x32, 0xd9, 0xff, 0xfe, 0x32, 0xd9, 0xff, 0xd2, 0x32, 0xd9, 0xff, 0x3c,
    0x50, 0xe0, 0xff, 0x02, 0x00, 0x00, 0x00, 0x00, 0x00, 0x00, 0x00, 0x00, 0x00, 0x00, 0x00, 0x00,
    0x00, 0x00, 0x00, 0x00, 0x00, 0x00, 0x00, 0x00, 0x00, 0x00, 0x00, 0x00, 0x00, 0x00, 0x00, 0x00,
    0x00, 0x00, 0x00, 0x00, 0x00, 0x00, 0x00, 0x00, 0x00, 0x00, 0x00, 0x00, 0x00, 0x00, 0x00, 0x00,
    0x00, 0x00, 0x00, 0x00, 0x00, 0x00, 0x00, 0x00, 0x00, 0x00, 0x00, 0x00, 0x00, 0x00, 0x00, 0x00,
    0x00, 0x00, 0x00, 0x00, 0x00, 0x00, 0x00, 0x00, 0x00, 0x00, 0x00, 0x00, 0x00, 0x00, 0x00, 0x00,
    0x00, 0x00, 0x00, 0x00, 0x00, 0x00, 0x00, 0x00, 0x00, 0x00, 0x00, 0x00, 0x00, 0x00, 0x00, 0x00,
    0x00, 0x00, 0x00, 0x00, 0x00, 0x00, 0x00, 0x00, 0x00, 0x00, 0x00, 0x00, 0x00, 0x00, 0x00, 0x00,
    0x00, 0x00, 0x00, 0x00, 0x00, 0x00, 0x00, 0x00, 0x00, 0x00, 0x00, 0x00, 0x00, 0x00, 0x00, 0x00,
    0x32, 0xd7, 0xff, 0x1c, 0x32, 0xdb, 0xff, 0x95, 0x32, 0xd9, 0xff, 0xf5, 0x32, 0xd9, 0xff, 0xff,
    0x32, 0xd9, 0xff, 0xff, 0x32, 0xd9, 0xff, 0xff, 0x32, 0xd9, 0xff, 0xff, 0x32, 0xd9, 0xff, 0xff,
    0x32, 0xd9, 0xff, 0xff, 0x32, 0xd9, 0xff, 0xf1, 0x32, 0xda, 0xff, 0x8f, 0x33, 0xda, 0xff, 0x26,
    0x00, 0x00, 0x00, 0x00, 0x00, 0x00, 0x00, 0x00, 0x00, 0x00, 0x00, 0x00, 0x00, 0x00, 0x00, 0x00,
    0x00, 0x00, 0x00, 0x00, 0x00, 0x00, 0x00, 0x00, 0x00, 0x00, 0x00, 0x00, 0x00, 0x00, 0x00, 0x00,
    0x00, 0x00, 0x00, 0x00, 0x00, 0x00, 0x00, 0x00, 0x00, 0x00, 0x00, 0x00, 0x00, 0x00, 0x00, 0x00,
    0x00, 0x00, 0x00, 0x00, 0x00, 0x00, 0x00, 0x00, 0x00, 0x00, 0x00, 0x00, 0x00, 0x00, 0x00, 0x00,
    0x00, 0x00, 0x00, 0x00, 0x00, 0x00, 0x00, 0x00, 0x00, 0x00, 0x00, 0x00, 0x00, 0x00, 0x00, 0x00,
    0x00, 0x00, 0x00, 0x00, 0x00, 0x00, 0x00, 0x00, 0x00, 0x00, 0x00, 0x00, 0x00, 0x00, 0x00, 0x00,
    0x00, 0x00, 0x00, 0x00, 0x00, 0x00, 0x00, 0x00, 0x00, 0x00, 0x00, 0x00, 0x00, 0x00, 0x00, 0x00,
    0x00, 0x00, 0x00, 0x00, 0x00, 0x00, 0x00, 0x00, 0x00, 0x00, 0x00, 0x00, 0x00, 0x00, 0x00, 0x00,
    0x00, 0x00, 0x00, 0x00, 0x00, 0x00, 0x00, 0x00, 0x00, 0x00, 0x00, 0x00, 0x00, 0x00, 0x00, 0x00,
    0x00, 0x00, 0x00, 0x00, 0x00, 0x00, 0x00, 0x00, 0x00, 0x00, 0x00, 0x00, 0x00, 0x00, 0x00, 0x00,
    0x00, 0x00, 0x00, 0x00, 0x00, 0x00, 0x00, 0x00, 0x00, 0x00, 0x00, 0x00, 0x00, 0x00, 0x00, 0x00,
    0x3a, 0xd7, 0xff, 0x06, 0x33, 0xdb, 0xff, 0x48, 0x32, 0xda, 0xff, 0xc4, 0x32, 0xd9, 0xff, 0xfb,
    0x32, 0xd9, 0xff, 0xff, 0x32, 0xd9, 0xff, 0xff, 0x32, 0xd9, 0xff, 0xff, 0x32, 0xd9, 0xff, 0xff,
    0x32, 0xd9, 0xff, 0xff, 0x32, 0xd9, 0xff, 0xff, 0x32, 0xd9, 0xff, 0xe7, 0x34, 0xda, 0xff, 0x51,
    0x3c, 0xd8, 0xff, 0x04, 0x00, 0x00, 0x00, 0x00, 0x00, 0x00, 0x00, 0x00, 0x00, 0x00, 0x00, 0x00,
    0x00, 0x00, 0x00, 0x00, 0x00, 0x00, 0x00, 0x00, 0x00, 0x00, 0x00, 0x00, 0x00, 0x00, 0x00, 0x00,
    0x00, 0x00, 0x00, 0x00, 0x00, 0x00, 0x00, 0x00, 0x00, 0x00, 0x00, 0x00, 0x00, 0x00, 0x00, 0x00,
    0x00, 0x00, 0x00, 0x00, 0x00, 0x00, 0x00, 0x00, 0x00, 0x00, 0x00, 0x00, 0x00, 0x00, 0x00, 0x00,
    0x00, 0x00, 0x00, 0x00, 0x00, 0x00, 0x00, 0x00, 0x00, 0x00, 0x00, 0x00, 0x00, 0x00, 0x00, 0x00,
    0x00, 0x00, 0x00, 0x00, 0x00, 0x00, 0x00, 0x00, 0x00, 0x00, 0x00, 0x00, 0x00, 0x00, 0x00, 0x00,
    0x00, 0x00, 0x00, 0x00, 0x00, 0x00, 0x00, 0x00, 0x00, 0x00, 0x00, 0x00, 0x00, 0x00, 0x00, 0x00,
    0x00, 0x00, 0x00, 0x00, 0x00, 0x00, 0x00, 0x00, 0x00, 0x00, 0x00, 0x00, 0x00, 0x00, 0x00, 0x00,
    0x34, 0xda, 0xff, 0x16, 0x32, 0xda, 0xff, 0x82, 0x31, 0xda, 0xff, 0xf3, 0x32, 0xd9, 0xff, 0xff,
    0x32, 0xd9, 0xff, 0xff, 0x32, 0xd9, 0xff, 0xff, 0x32, 0xd9, 0xff, 0xff, 0x32, 0xd9, 0xff, 0xfe,
    0x32, 0xd9, 0xff, 0xed, 0x31, 0xda, 0xff, 0x87, 0x33, 0xdc, 0xff, 0x22, 0x50, 0xe0, 0xff, 0x02,
    0x00, 0x00, 0x00, 0x00, 0x00, 0x00, 0x00, 0x00, 0x00, 0x00, 0x00, 0x00, 0x00, 0x00, 0x00, 0x00,
    0x00, 0x00, 0x00, 0x00, 0x00, 0x00, 0x00, 0x00, 0x00, 0x00, 0x00, 0x00, 0x00, 0x00, 0x00, 0x00,
    0x00, 0x00, 0x00, 0x00, 0x00, 0x00, 0x00, 0x00, 0x00, 0x00, 0x00, 0x00, 0x00, 0x00, 0x00, 0x00,
    0x00, 0x00, 0x00, 0x00, 0x00, 0x00, 0x00, 0x00, 0x00, 0x00, 0x00, 0x00, 0x00, 0x00, 0x00, 0x00,
    0x00, 0x00, 0x00, 0x00, 0x00, 0x00, 0x00, 0x00, 0x00, 0x00, 0x00, 0x00, 0x00, 0x00, 0x00, 0x00,
    0x00, 0x00, 0x00, 0x00, 0x00, 0x00, 0x00, 0x00, 0x00, 0x00, 0x00, 0x00, 0x00, 0x00, 0x00, 0x00,
    0x00, 0x00, 0x00, 0x00, 0x00, 0x00, 0x00, 0x00, 0x00, 0x00, 0x00, 0x00, 0x00, 0x00, 0x00, 0x00,
    0x00, 0x00, 0x00, 0x00, 0x00, 0x00, 0x00, 0x00, 0x00, 0x00, 0x00, 0x00, 0x00, 0x00, 0x00, 0x00,
    0x00, 0x00, 0x00, 0x00, 0x00, 0x00, 0x00, 0x00, 0x00, 0x00, 0x00, 0x00, 0x00, 0x00, 0x00, 0x00,
    0x00, 0x00, 0x00, 0x00, 0x00, 0x00, 0x00, 0x00, 0x00, 0x00, 0x00, 0x00, 0x00, 0x00, 0x00, 0x00,
    0x00, 0x00, 0x00, 0x00, 0x00, 0x00, 0x00, 0x00, 0x00, 0x00, 0x00, 0x00, 0x00, 0x00, 0x00, 0x00,
    0x00, 0x00, 0x00, 0x00, 0x37, 0xdc, 0xff, 0x08, 0x32, 0xd9, 0xff, 0x3c, 0x32, 0xd9, 0xff, 0xbe,
    0x32, 0xd9, 0xff, 0xf5, 0x32, 0xd9, 0xff, 0xff, 0x32, 0xd9, 0xff, 0xff, 0x32, 0xd9, 0xff, 0xff,
    0x32, 0xd9, 0xff, 0xff, 0x32, 0xd9, 0xff, 0xfe, 0x32, 0xda, 0xff, 0xde, 0x33, 0xdb, 0xff, 0x43,
    0x4d, 0xcb, 0xff, 0x03, 0x00, 0x00, 0x00, 0x00, 0x00, 0x00, 0x00, 0x00, 0x00, 0x00, 0x00, 0x00,
    0x00, 0x00, 0x00, 0x00, 0x00, 0x00, 0x00, 0x00, 0x00, 0x00, 0x00, 0x00, 0x00, 0x00, 0x00, 0x00,
    0x00, 0x00, 0x00, 0x00, 0x00, 0x00, 0x00, 0x00, 0x00, 0x00, 0x00, 0x00, 0x00, 0x00, 0x00, 0x00,
    0x00, 0x00, 0x00, 0x00, 0x00, 0x00, 0x00, 0x00, 0x00, 0x00, 0x00, 0x00, 0x00, 0x00, 0x00, 0x00,
    0x00, 0x00, 0x00, 0x00, 0x00, 0x00, 0x00, 0x00, 0x00, 0x00, 0x00, 0x00, 0x00, 0x00, 0x00, 0x00,
    0x00, 0x00, 0x00, 0x00, 0x00, 0x00, 0x00, 0x00, 0x00, 0x00, 0x00, 0x00, 0x00, 0x00, 0x00, 0x00,
    0x00, 0x00, 0x00, 0x00, 0x00, 0x00, 0x00, 0x00, 0x00, 0x00, 0x00, 0x00, 0x00, 0x00, 0x00, 0x00,
    0x00, 0x00, 0x00, 0x00, 0x00, 0x00, 0x00, 0x00, 0x00, 0x00, 0x00, 0x00, 0x00, 0x00, 0x00, 0x00,
    0x34, 0xda, 0xff, 0x0a, 0x32, 0xda, 0xff, 0x4e, 0x32, 0xd9, 0xff, 0xda, 0x32, 0xd9, 0xff, 0xfe,
    0x32, 0xd9, 0xff, 0xff, 0x32, 0xd9, 0xff, 0xff, 0x32, 0xd9, 0xff, 0xfe, 0x32, 0xd9, 0xff, 0xe7,
    0x32, 0xdb, 0xff, 0x95, 0x33, 0xdc, 0xff, 0x22, 0x3c, 0xd8, 0xff, 0x04, 0x00, 0x00, 0x00, 0x00,
    0x00, 0x00, 0x00, 0x00, 0x00, 0x00, 0x00, 0x00, 0x00, 0x00, 0x00, 0x00, 0x00, 0x00, 0x00, 0x00,
    0x00, 0x00, 0x00, 0x00, 0x00, 0x00, 0x00, 0x00, 0x00, 0x00, 0x00, 0x00, 0x00, 0x00, 0x00, 0x00,
    0x00, 0x00, 0x00, 0x00, 0x00, 0x00, 0x00, 0x00, 0x00, 0x00, 0x00, 0x00, 0x00, 0x00, 0x00, 0x00,
    0x00, 0x00, 0x00, 0x00, 0x00, 0x00, 0x00, 0x00, 0x00, 0x00, 0x00, 0x00, 0x00, 0x00, 0x00, 0x00,
    0x00, 0x00, 0x00, 0x00, 0x00, 0x00, 0x00, 0x00, 0x00, 0x00, 0x00, 0x00, 0x00, 0x00, 0x00, 0x00,
    0x00, 0x00, 0x00, 0x00, 0x00, 0x00, 0x00, 0x00, 0x22, 0xed, 0xff, 0x01, 0x00, 0x00, 0x00, 0x00,
    0x00, 0x00, 0x00, 0x00, 0x00, 0x00, 0x00, 0x00, 0x00, 0x00, 0x00, 0x00, 0x00, 0x00, 0x00, 0x00,
    0x00, 0x00, 0x00, 0x00, 0x00, 0x00, 0x00, 0x00, 0x00, 0x00, 0x00, 0x00, 0x00, 0x00, 0x00, 0x00,
    0x00, 0x00, 0x00, 0x00, 0x00, 0x00, 0x00, 0x00, 0x00, 0x00, 0x00, 0x00, 0x00, 0x00, 0x00, 0x00,
    0x00, 0x00, 0x00, 0x00, 0x00, 0x00, 0x00, 0x00, 0x00, 0x00, 0x00, 0x00, 0x00, 0x00, 0x00, 0x00,
    0x00, 0x00, 0x00, 0x00, 0x00, 0x00, 0x00, 0x00, 0x00, 0x00, 0x00, 0x00, 0x00, 0x00, 0x00, 0x00,
    0x00, 0x00, 0x00, 0x00, 0x00, 0x00, 0x00, 0x00, 0x3a, 0xd7, 0xff, 0x06, 0x33, 0xdb, 0xff, 0x48,
    0x33, 0xda, 0xff, 0xc1, 0x32, 0xd9, 0xff, 0xf5, 0x32, 0xd9, 0xff, 0xff, 0x32, 0xd9, 0xff, 0xff,
    0x32, 0xd9, 0xff, 0xff, 0x31, 0xda, 0xff, 0xf3, 0x32, 0xd9, 0xff, 0xa3, 0x33, 0xdc, 0xff, 0x22,
    0x22, 0xed, 0xff, 0x01, 0x00, 0x00, 0x00, 0x00, 0x00, 0x00, 0x00, 0x00, 0x00, 0x00, 0x00, 0x00,
    0x00, 0x00, 0x00, 0x00, 0x00, 0x00, 0x00, 0x00, 0x00, 0x00, 0x00, 0x00, 0x00, 0x00, 0x00, 0x00,
    0x00, 0x00, 0x00, 0x00, 0x00, 0x00, 0x00, 0x00, 0x00, 0x00, 0x00, 0x00, 0x00, 0x00, 0x00, 0x00,
    0x00, 0x00, 0x00, 0x00, 0x00, 0x00, 0x00, 0x00, 0x00, 0x00, 0x00, 0x00, 0x00, 0x00, 0x00, 0x00,
    0x00, 0x00, 0x00, 0x00, 0x00, 0x00, 0x00, 0x00, 0x00, 0x00, 0x00, 0x00, 0x00, 0x00, 0x00, 0x00,
    0x00, 0x00, 0x00, 0x00, 0x00, 0x00, 0x00, 0x00, 0x00, 0x00, 0x00, 0x00, 0x00, 0x00, 0x00, 0x00,
    0x00, 0x00, 0x00, 0x00, 0x00, 0x00, 0x00, 0x00, 0x00, 0x00, 0x00, 0x00, 0x00, 0x00, 0x00, 0x00,
    0x00, 0x00, 0x00, 0x00, 0x00, 0x00, 0x00, 0x00, 0x00, 0x00, 0x00, 0x00, 0x00, 0x00, 0x00, 0x00,
    0x22, 0xed, 0xff, 0x01, 0x35, 0xdb, 0xff, 0x19, 0x32, 0xda, 0xff, 0x77, 0x32, 0xd9, 0xff, 0xda,
    0x32, 0xd9, 0xff, 0xed, 0x32, 0xd9, 0xff, 0xed, 0x31, 0xda, 0xff, 0xd7, 0x32, 0xda, 0xff, 0x8f,
    0x33, 0xda, 0xff, 0x29, 0x4d, 0xcb, 0xff, 0x03, 0x00, 0x00, 0x00, 0x00, 0x00, 0x00, 0x00, 0x00,
    0x00, 0x00, 0x00, 0x00, 0x00, 0x00, 0x00, 0x00, 0x00, 0x00, 0x00, 0x00, 0x00, 0x00, 0x00, 0x00,
    0x00, 0x00, 0x00, 0x00, 0x00, 0x00, 0x00, 0x00, 0x00, 0x00, 0x00, 0x00, 0x00, 0x00, 0x00, 0x00,
    0x00, 0x00, 0x00, 0x00, 0x00, 0x00, 0x00, 0x00, 0x00, 0x00, 0x00, 0x00, 0x00, 0x00, 0x00, 0x00,
    0x00, 0x00, 0x00, 0x00, 0x00, 0x00, 0x00, 0x00, 0x00, 0x00, 0x00, 0x00, 0x00, 0x00, 0x00, 0x00,
    0x00, 0x00, 0x00, 0x00, 0x00, 0x00, 0x00, 0x00, 0x00, 0x00, 0x00, 0x00, 0x4d, 0xcb, 0xff, 0x03,
    0x34, 0xda, 0xff, 0x16, 0x33, 0xda, 0xff, 0x26, 0x33, 0xda, 0xff, 0x33, 0x33, 0xda, 0xff, 0x26,
    0x34, 0xde, 0xff, 0x14, 0x22, 0xed, 0xff, 0x01, 0x00, 0x00, 0x00, 0x00, 0x00, 0x00, 0x00, 0x00,
    0x00, 0x00, 0x00, 0x00, 0x00, 0x00, 0x00, 0x00, 0x00, 0x00, 0x00, 0x00, 0x00, 0x00, 0x00, 0x00,
    0x00, 0x00, 0x00, 0x00, 0x00, 0x00, 0x00, 0x00, 0x00, 0x00, 0x00, 0x00, 0x00, 0x00, 0x00, 0x00,
    0x00, 0x00, 0x00, 0x00, 0x00, 0x00, 0x00, 0x00, 0x00, 0x00, 0x00, 0x00, 0x00, 0x00, 0x00, 0x00,
    0x00, 0x00, 0x00, 0x00, 0x00, 0x00, 0x00, 0x00, 0x00, 0x00, 0x00, 0x00, 0x00, 0x00, 0x00, 0x00,
    0x00, 0x00, 0x00, 0x00, 0x00, 0x00, 0x00, 0x00, 0x00, 0x00, 0x00, 0x00, 0x34, 0xda, 0xff, 0x0a,
    0x33, 0xdb, 0xff, 0x48, 0x31, 0xda, 0xff, 0xaf, 0x32, 0xda, 0xff, 0xe3, 0x32, 0xda, 0xff, 0xea,
    0x32, 0xd9, 0xff, 0xe7, 0x31, 0xda, 0xff, 0xaf, 0x33, 0xdb, 0xff, 0x43, 0x37, 0xdc, 0xff, 0x08,
    0x00, 0x00, 0x00, 0x00, 0x00, 0x00, 0x00, 0x00, 0x00, 0x00, 0x00, 0x00, 0x00, 0x00, 0x00, 0x00,
    0x00, 0x00, 0x00, 0x00, 0x00, 0x00, 0x00, 0x00, 0x00, 0x00, 0x00, 0x00, 0x00, 0x00, 0x00, 0x00,
    0x00, 0x00, 0x00, 0x00, 0x00, 0x00, 0x00, 0x00, 0x00, 0x00, 0x00, 0x00, 0x00, 0x00, 0x00, 0x00,
    0x00, 0x00, 0x00, 0x00, 0x00, 0x00, 0x00, 0x00, 0x00, 0x00, 0x00, 0x00, 0x00, 0x00, 0x00, 0x00,
    0x00, 0x00, 0x00, 0x00, 0x00, 0x00, 0x00, 0x00, 0x00, 0x00, 0x00, 0x00, 0x00, 0x00, 0x00, 0x00,
    0x00, 0x00, 0x00, 0x00, 0x00, 0x00, 0x00, 0x00, 0x00, 0x00, 0x00, 0x00, 0x00, 0x00, 0x00, 0x00,
    0x00, 0x00, 0x00, 0x00, 0x00, 0x00, 0x00, 0x00, 0x00, 0x00, 0x00, 0x00, 0x00, 0x00, 0x00, 0x00,
    0x00, 0x00, 0x00, 0x00, 0x00, 0x00, 0x00, 0x00, 0x00, 0x00, 0x00, 0x00, 0x00, 0x00, 0x00, 0x00,
    0x00, 0x00, 0x00, 0x00, 0x50, 0xe0, 0xff, 0x02, 0x32, 0xd9, 0xff, 0x11, 0x32, 0xda, 0xff, 0x4b,
    0x32, 0xda, 0xff, 0x7d, 0x32, 0xda, 0xff, 0x7d, 0x33, 0xdb, 0xff, 0x48, 0x34, 0xda, 0xff, 0x16,
    0x50, 0xe0, 0xff, 0x02, 0x00, 0x00, 0x00, 0x00, 0x00, 0x00, 0x00, 0x00, 0x00, 0x00, 0x00, 0x00,
    0x00, 0x00, 0x00, 0x00, 0x00, 0x00, 0x00, 0x00, 0x00, 0x00, 0x00, 0x00, 0x00, 0x00, 0x00, 0x00,
    0x00, 0x00, 0x00, 0x00, 0x00, 0x00, 0x00, 0x00, 0x00, 0x00, 0x00, 0x00, 0x00, 0x00, 0x00, 0x00,
    0x00, 0x00, 0x00, 0x00, 0x00, 0x00, 0x00, 0x00, 0x00, 0x00, 0x00, 0x00, 0x00, 0x00, 0x00, 0x00,
    0x00, 0x00, 0x00, 0x00, 0x00, 0x00, 0x00, 0x00, 0x00, 0x00, 0x00, 0x00, 0x00, 0x00, 0x00, 0x00,
    0x00, 0x00, 0x00, 0x00, 0x00, 0x00, 0x00, 0x00, 0x00, 0x00, 0x00, 0x00, 0x33, 0xdc, 0xff, 0x22,
    0x32, 0xda, 0xff, 0x77, 0x32, 0xd9, 0xff, 0xc9, 0x32, 0xda, 0xff, 0xe3, 0x32, 0xd9, 0xff, 0xc9,
    0x32, 0xda, 0xff, 0x7d, 0x32, 0xd7, 0xff, 0x1c, 0x22, 0xed, 0xff, 0x01, 0x00, 0x00, 0x00, 0x00,
    0x00, 0x00, 0x00, 0x00, 0x00, 0x00, 0x00, 0x00, 0x00, 0x00, 0x00, 0x00, 0x00, 0x00, 0x00, 0x00,
    0x00, 0x00, 0x00, 0x00, 0x00, 0x00, 0x00, 0x00, 0x00, 0x00, 0x00, 0x00, 0x00, 0x00, 0x00, 0x00,
    0x00, 0x00, 0x00, 0x00, 0x00, 0x00, 0x00, 0x00, 0x00, 0x00, 0x00, 0x00, 0x00, 0x00, 0x00, 0x00,
    0x00, 0x00, 0x00, 0x00, 0x00, 0x00, 0x00, 0x00, 0x00, 0x00, 0x00, 0x00, 0x00, 0x00, 0x00, 0x00,
    0x00, 0x00, 0x00, 0x00, 0x00, 0x00, 0x00, 0x00, 0x00, 0x00, 0x00, 0x00, 0x22, 0xed, 0xff, 0x01,
    0x3a, 0xd7, 0xff, 0x06, 0x33, 0xdc, 0xff, 0x22, 0x32, 0xd9, 0xff, 0x5e, 0x32, 0xda, 0xff, 0x70,
    0x31, 0xda, 0xff, 0x62, 0x33, 0xdc, 0xff, 0x22, 0x3c, 0xd8, 0xff, 0x04, 0x22, 0xed, 0xff, 0x01,
    0x00, 0x00, 0x00, 0x00, 0x00, 0x00, 0x00, 0x00, 0x00, 0x00, 0x00, 0x00, 0x00, 0x00, 0x00, 0x00,
    0x00, 0x00, 0x00, 0x00, 0x00, 0x00, 0x00, 0x00, 0x00, 0x00, 0x00, 0x00, 0x00, 0x00, 0x00, 0x00,
    0x00, 0x00, 0x00, 0x00, 0x00, 0x00, 0x00, 0x00, 0x00, 0x00, 0x00, 0x00, 0x00, 0x00, 0x00, 0x00,
    0x00, 0x00, 0x00, 0x00, 0x00, 0x00, 0x00, 0x00, 0x00, 0x00, 0x00, 0x00, 0x00, 0x00, 0x00, 0x00,
    0x00, 0x00, 0x00, 0x00, 0x00, 0x00, 0x00, 0x00, 0x00, 0x00, 0x00, 0x00, 0x00, 0x00, 0x00, 0x00,
    0x00, 0x00, 0x00, 0x00, 0x00, 0x00, 0x00, 0x00, 0x00, 0x00, 0x00, 0x00, 0x00, 0x00, 0x00, 0x00,
    0x00, 0x00, 0x00, 0x00, 0x00, 0x00, 0x00, 0x00, 0x00, 0x00, 0x00, 0x00, 0x00, 0x00, 0x00, 0x00,
    0x00, 0x00, 0x00, 0x00, 0x00, 0x00, 0x00, 0x00, 0x00, 0x00, 0x00, 0x00, 0x00, 0x00, 0x00, 0x00,
    0x00, 0x00, 0x00, 0x00, 0x00, 0x00, 0x00, 0x00, 0x22, 0xed, 0xff, 0x01, 0x3a, 0xd7, 0xff, 0x06,
    0x34, 0xda, 0xff, 0x0a, 0x34, 0xda, 0xff, 0x0a, 0x3c, 0xd8, 0xff, 0x04, 0x50, 0xe0, 0xff, 0x02,
    0x00, 0x00, 0x00, 0x00, 0x00, 0x00, 0x00, 0x00, 0x00, 0x00, 0x00, 0x00, 0x00, 0x00, 0x00, 0x00,
    0x00, 0x00, 0x00, 0x00, 0x00, 0x00, 0x00, 0x00, 0x00, 0x00, 0x00, 0x00, 0x00, 0x00, 0x00, 0x00,
    0x00, 0x00, 0x00, 0x00, 0x00, 0x00, 0x00, 0x00, 0x00, 0x00, 0x00, 0x00, 0x00, 0x00, 0x00, 0x00,
    0x00, 0x00, 0x00, 0x00, 0x00, 0x00, 0x00, 0x00, 0x00, 0x00, 0x00, 0x00, 0x00, 0x00, 0x00, 0x00,
    0x00, 0x00, 0x00, 0x00, 0x00, 0x00, 0x00, 0x00, 0x00, 0x00, 0x00, 0x00, 0x00, 0x00, 0x00, 0x00,
    0x00, 0x00, 0x00, 0x00, 0x00, 0x00, 0x00, 0x00, 0x36, 0xe3, 0xff, 0x0c, 0x32, 0xda, 0xff, 0x82,
    0x32, 0xda, 0xff, 0xe3, 0x32, 0xd9, 0xff, 0xfb, 0x32, 0xd9, 0xff, 0xfe, 0x32, 0xd9, 0xff, 0xfe,
    0x32, 0xd9, 0xff, 0xe7, 0x32, 0xda, 0xff, 0x7d, 0x32, 0xd9, 0xff, 0x11, 0x00, 0x00, 0x00, 0x00,
    0x00, 0x00, 0x00, 0x00, 0x00, 0x00, 0x00, 0x00, 0x00, 0x00, 0x00, 0x00, 0x00, 0x00, 0x00, 0x00,
    0x00, 0x00, 0x00, 0x00, 0x00, 0x00, 0x00, 0x00, 0x00, 0x00, 0x00, 0x00, 0x00, 0x00, 0x00, 0x00,
    0x00, 0x00, 0x00, 0x00, 0x00, 0x00, 0x00, 0x00, 0x00, 0x00, 0x00, 0x00, 0x00, 0x00, 0x00, 0x00,
    0x00, 0x00, 0x00, 0x00, 0x00, 0x00, 0x00, 0x00, 0x00, 0x00, 0x00, 0x00, 0x00, 0x00, 0x00, 0x00,
    0x00, 0x00, 0x00, 0x00, 0x00, 0x00, 0x00, 0x00, 0x00, 0x00, 0x00, 0x00, 0x00, 0x00, 0x00, 0x00,
    0x00, 0x00, 0x00, 0x00, 0x50, 0xe0, 0xff, 0x02, 0x3a, 0xd7, 0xff, 0x06, 0x34, 0xda, 0xff, 0x0a,
    0x37, 0xdc, 0xff, 0x08, 0x50, 0xe0, 0xff, 0x02, 0x00, 0x00, 0x00, 0x00, 0x00, 0x00, 0x00, 0x00,
    0x00, 0x00, 0x00, 0x00, 0x00, 0x00, 0x00, 0x00, 0x00, 0x00, 0x00, 0x00, 0x00, 0x00, 0x00, 0x00,
    0x00, 0x00, 0x00, 0x00, 0x00, 0x00, 0x00, 0x00, 0x00, 0x00, 0x00, 0x00, 0x00, 0x00, 0x00, 0x00,
    0x00, 0x00, 0x00, 0x00, 0x00, 0x00, 0x00, 0x00, 0x00, 0x00, 0x00, 0x00, 0x00, 0x00, 0x00, 0x00,
    0x00, 0x00, 0x00, 0x00, 0x00, 0x00, 0x00, 0x00, 0x00, 0x00, 0x00, 0x00, 0x00, 0x00, 0x00, 0x00,
    0x00, 0x00, 0x00, 0x00, 0x00, 0x00, 0x00, 0x00, 0x00, 0x00, 0x00, 0x00, 0x00, 0x00, 0x00, 0x00,
    0x00, 0x00, 0x00, 0x00, 0x00, 0x00, 0x00, 0x00, 0x00, 0x00, 0x00, 0x00, 0x00, 0x00, 0x00, 0x00,
    0x00, 0x00, 0x00, 0x00, 0x00, 0x00, 0x00, 0x00, 0x00, 0x00, 0x00, 0x00, 0x00, 0x00, 0x00, 0x00,
    0x00, 0x00, 0x00, 0x00, 0x00, 0x00, 0x00, 0x00, 0x00, 0x00, 0x00, 0x00, 0x00, 0x00, 0x00, 0x00,
    0x00, 0x00, 0x00, 0x00, 0x00, 0x00, 0x00, 0x00, 0x00, 0x00, 0x00, 0x00, 0x00, 0x00, 0x00, 0x00,
    0x00, 0x00, 0x00, 0x00, 0x00, 0x00, 0x00, 0x00, 0x00, 0x00, 0x00, 0x00, 0x00, 0x00, 0x00, 0x00,
    0x00, 0x00, 0x00, 0x00, 0x00, 0x00, 0x00, 0x00, 0x00, 0x00, 0x00, 0x00, 0x00, 0x00, 0x00, 0x00,
    0x00, 0x00, 0x00, 0x00, 0x00, 0x00, 0x00, 0x00, 0x00, 0x00, 0x00, 0x00, 0x00, 0x00, 0x00, 0x00,
    0x00, 0x00, 0x00, 0x00, 0x00, 0x00, 0x00, 0x00, 0x00, 0x00, 0x00, 0x00, 0x00, 0x00, 0x00, 0x00,
    0x00, 0x00, 0x00, 0x00, 0x00, 0x00, 0x00, 0x00, 0x00, 0x00, 0x00, 0x00, 0x00, 0x00, 0x00, 0x00,
    0x00, 0x00, 0x00, 0x00, 0x00, 0x00, 0x00, 0x00, 0x00, 0x00, 0x00, 0x00, 0x00, 0x00, 0x00, 0x00,
    0x00, 0x00, 0x00, 0x00, 0x50, 0xe0, 0xff, 0x02, 0x33, 0xda, 0xff, 0x33, 0x32, 0xd9, 0xff, 0xc9,
    0x32, 0xd9, 0xff, 0xfe, 0x32, 0xd9, 0xff, 0xff, 0x32, 0xd9, 0xff, 0xff, 0x32, 0xd9, 0xff, 0xff,
    0x32, 0xd9, 0xff, 0xfe, 0x32, 0xda, 0xff, 0xc4, 0x33, 0xda, 0xff, 0x37, 0x00, 0x00, 0x00, 0x00,
    0x00, 0x00, 0x00, 0x00, 0x00, 0x00, 0x00, 0x00, 0x00, 0x00, 0x00, 0x00, 0x00, 0x00, 0x00, 0x00,
    0x00, 0x00, 0x00, 0x00, 0x00, 0x00, 0x00, 0x00, 0x00, 0x00, 0x00, 0x00, 0x00, 0x00, 0x00, 0x00,
    0x00, 0x00, 0x00, 0x00, 0x00, 0x00, 0x00, 0x00, 0x00, 0x00, 0x00, 0x00, 0x00, 0x00, 0x00, 0x00,
    0x00, 0x00, 0x00, 0x00, 0x00, 0x00, 0x00, 0x00, 0x00, 0x00, 0x00, 0x00, 0x00, 0x00, 0x00, 0x00,
    0x00, 0x00, 0x00, 0x00, 0x00, 0x00, 0x00, 0x00, 0x00, 0x00, 0x00, 0x00, 0x00, 0x00, 0x00, 0x00,
    0x00, 0x00, 0x00, 0x00, 0x00, 0x00, 0x00, 0x00, 0x00, 0x00, 0x00, 0x00, 0x00, 0x00, 0x00, 0x00,
    0x00, 0x00, 0x00, 0x00, 0x00, 0x00, 0x00, 0x00, 0x00, 0x00, 0x00, 0x00, 0x00, 0x00, 0x00, 0x00,
    0x00, 0x00, 0x00, 0x00, 0x00, 0x00, 0x00, 0x00, 0x00, 0x00, 0x00, 0x00, 0x00, 0x00, 0x00, 0x00,
    0x00, 0x00, 0x00, 0x00, 0x00, 0x00, 0x00, 0x00, 0x00, 0x00, 0x00, 0x00, 0x00, 0x00, 0x00, 0x00,
    0x00, 0x00, 0x00, 0x00, 0x00, 0x00, 0x00, 0x00, 0x00, 0x00, 0x00, 0x00, 0x00, 0x00, 0x00, 0x00,
    0x00, 0x00, 0x00, 0x00, 0x00, 0x00, 0x00, 0x00, 0x00, 0x00, 0x00, 0x00, 0x00, 0x00, 0x00, 0x00,
    0x00, 0x00, 0x00, 0x00, 0x00, 0x00, 0x00, 0x00, 0x00, 0x00, 0x00, 0x00, 0x00, 0x00, 0x00, 0x00,
    0x00, 0x00, 0x00, 0x00, 0x00, 0x00, 0x00, 0x00, 0x00, 0x00, 0x00, 0x00, 0x00, 0x00, 0x00, 0x00,
    0x00, 0x00, 0x00, 0x00, 0x00, 0x00, 0x00, 0x00, 0x00, 0x00, 0x00, 0x00, 0x00, 0x00, 0x00, 0x00,
    0x00, 0x00, 0x00, 0x00, 0x00, 0x00, 0x00, 0x00, 0x00, 0x00, 0x00, 0x00, 0x00, 0x00, 0x00, 0x00,
    0x00, 0x00, 0x00, 0x00, 0x00, 0x00, 0x00, 0x00, 0x00, 0x00, 0x00, 0x00, 0x00, 0x00, 0x00, 0x00,
    0x00, 0x00, 0x00, 0x00, 0x00, 0x00, 0x00, 0x00, 0x00, 0x00, 0x00, 0x00, 0x00, 0x00, 0x00, 0x00,
    0x00, 0x00, 0x00, 0x00, 0x00, 0x00, 0x00, 0x00, 0x00, 0x00, 0x00, 0x00, 0x00, 0x00, 0x00, 0x00,
    0x00, 0x00, 0x00, 0x00, 0x00, 0x00, 0x00, 0x00, 0x00, 0x00, 0x00, 0x00, 0x00, 0x00, 0x00, 0x00,
    0x00, 0x00, 0x00, 0x00, 0x00, 0x00, 0x00, 0x00, 0x00, 0x00, 0x00, 0x00, 0x00, 0x00, 0x00, 0x00,
    0x00, 0x00, 0x00, 0x00, 0x00, 0x00, 0x00, 0x00, 0x00, 0x00, 0x00, 0x00, 0x00, 0x00, 0x00, 0x00,
    0x00, 0x00, 0x00, 0x00, 0x00, 0x00, 0x00, 0x00, 0x00, 0x00, 0x00, 0x00, 0x00, 0x00, 0x00, 0x00,
    0x00, 0x00, 0x00, 0x00, 0x4d, 0xcb, 0xff, 0x03, 0x32, 0xda, 0xff, 0x5b, 0x32, 0xda, 0xff, 0xde,
    0x32, 0xd9, 0xff, 0xff, 0x32, 0xd9, 0xff, 0xff, 0x32, 0xd9, 0xff, 0xff, 0x32, 0xd9, 0xff, 0xff,
    0x32, 0xd9, 0xff, 0xff, 0x32, 0xda, 0xff, 0xe3, 0x34, 0xda, 0xff, 0x51, 0x00, 0x00, 0x00, 0x00,
    0x00, 0x00, 0x00, 0x00, 0x00, 0x00, 0x00, 0x00, 0x00, 0x00, 0x00, 0x00, 0x00, 0x00, 0x00, 0x00,
    0x00, 0x00, 0x00, 0x00, 0x00, 0x00, 0x00, 0x00, 0x00, 0x00, 0x00, 0x00, 0x00, 0x00, 0x00, 0x00,
    0x00, 0x00, 0x00, 0x00, 0x00, 0x00, 0x00, 0x00, 0x00, 0x00, 0x00, 0x00, 0x00, 0x00, 0x00, 0x00,
    0x00, 0x00, 0x00, 0x00, 0x00, 0x00, 0x00, 0x00, 0x00, 0x00, 0x00, 0x00, 0x00, 0x00, 0x00, 0x00,
    0x00, 0x00, 0x00, 0x00, 0x00, 0x00, 0x00, 0x00, 0x00, 0x00, 0x00, 0x00, 0x00, 0x00, 0x00, 0x00,
    0x00, 0x00, 0x00, 0x00, 0x00, 0x00, 0x00, 0x00, 0x00, 0x00, 0x00, 0x00, 0x00, 0x00, 0x00, 0x00,
    0x00, 0x00, 0x00, 0x00, 0x00, 0x00, 0x00, 0x00, 0x00, 0x00, 0x00, 0x00, 0x00, 0x00, 0x00, 0x00,
    0x00, 0x00, 0x00, 0x00, 0x00, 0x00, 0x00, 0x00, 0x00, 0x00, 0x00, 0x00, 0x00, 0x00, 0x00, 0x00,
    0x00, 0x00, 0x00, 0x00, 0x00, 0x00, 0x00, 0x00, 0x00, 0x00, 0x00, 0x00, 0x00, 0x00, 0x00, 0x00,
    0x00, 0x00, 0x00, 0x00, 0x00, 0x00, 0x00, 0x00, 0x00, 0x00, 0x00, 0x00, 0x00, 0x00, 0x00, 0x00,
    0x00, 0x00, 0x00, 0x00, 0x00, 0x00, 0x00, 0x00, 0x00, 0x00, 0x00, 0x00, 0x00, 0x00, 0x00, 0x00,
    0x00, 0x00, 0x00, 0x00, 0x00, 0x00, 0x00, 0x00, 0x00, 0x00, 0x00, 0x00, 0x00, 0x00, 0x00, 0x00,
    0x00, 0x00, 0x00, 0x00, 0x00, 0x00, 0x00, 0x00, 0x00, 0x00, 0x00, 0x00, 0x00, 0x00, 0x00, 0x00,
    0x00, 0x00, 0x00, 0x00, 0x00, 0x00, 0x00, 0x00, 0x00, 0x00, 0x00, 0x00, 0x00, 0x00, 0x00, 0x00,
    0x00, 0x00, 0x00, 0x00, 0x00, 0x00, 0x00, 0x00, 0x00, 0x00, 0x00, 0x00, 0x00, 0x00, 0x00, 0x00,
    0x00, 0x00, 0x00, 0x00, 0x00, 0x00, 0x00, 0x00, 0x00, 0x00, 0x00, 0x00, 0x00, 0x00, 0x00, 0x00,
    0x00, 0x00, 0x00, 0x00, 0x00, 0x00, 0x00, 0x00, 0x00, 0x00, 0x00, 0x00, 0x00, 0x00, 0x00, 0x00,
    0x00, 0x00, 0x00, 0x00, 0x00, 0x00, 0x00, 0x00, 0x00, 0x00, 0x00, 0x00, 0x00, 0x00, 0x00, 0x00,
    0x00, 0x00, 0x00, 0x00, 0x00, 0x00, 0x00, 0x00, 0x00, 0x00, 0x00, 0x00, 0x00, 0x00, 0x00, 0x00,
    0x00, 0x00, 0x00, 0x00, 0x00, 0x00, 0x00, 0x00, 0x00, 0x00, 0x00, 0x00, 0x00, 0x00, 0x00, 0x00,
    0x00, 0x00, 0x00, 0x00, 0x00, 0x00, 0x00, 0x00, 0x00, 0x00, 0x00, 0x00, 0x00, 0x00, 0x00, 0x00,
    0x00, 0x00, 0x00, 0x00, 0x00, 0x00, 0x00, 0x00, 0x00, 0x00, 0x00, 0x00, 0x00, 0x00, 0x00, 0x00,
    0x00, 0x00, 0x00, 0x00, 0x3c, 0xd8, 0xff, 0x04, 0x32, 0xda, 0xff, 0x67, 0x32, 0xd9, 0xff, 0xe7,
    0x32, 0xd9, 0xff, 0xff, 0x32, 0xd9, 0xff, 0xff, 0x32, 0xd9, 0xff, 0xff, 0x32, 0xd9, 0xff, 0xff,
    0x32, 0xd9, 0xff, 0xff, 0x32, 0xda, 0xff, 0xea, 0x32, 0xda, 0xff, 0x5b, 0x00, 0x00, 0x00, 0x00,
    0x00, 0x00, 0x00, 0x00, 0x00, 0x00, 0x00, 0x00, 0x00, 0x00, 0x00, 0x00, 0x00, 0x00, 0x00, 0x00,
    0x00, 0x00, 0x00, 0x00, 0x00, 0x00, 0x00, 0x00, 0x00, 0x00, 0x00, 0x00, 0x00, 0x00, 0x00, 0x00,
    0x00, 0x00, 0x00, 0x00, 0x00, 0x00, 0x00, 0x00, 0x00, 0x00, 0x00, 0x00, 0x00, 0x00, 0x00, 0x00,
    0x00, 0x00, 0x00, 0x00, 0x00, 0x00, 0x00, 0x00, 0x00, 0x00, 0x00, 0x00, 0x00, 0x00, 0x00, 0x00,
    0x00, 0x00, 0x00, 0x00, 0x00, 0x00, 0x00, 0x00, 0x00, 0x00, 0x00, 0x00, 0x00, 0x00, 0x00, 0x00,
    0x00, 0x00, 0x00, 0x00, 0x00, 0x00, 0x00, 0x00, 0x00, 0x00, 0x00, 0x00, 0x00, 0x00, 0x00, 0x00,
    0x00, 0x00, 0x00, 0x00, 0x00, 0x00, 0x00, 0x00, 0x00, 0x00, 0x00, 0x00, 0x00, 0x00, 0x00, 0x00,
    0x00, 0x00, 0x00, 0x00, 0x00, 0x00, 0x00, 0x00, 0x00, 0x00, 0x00, 0x00, 0x00, 0x00, 0x00, 0x00,
    0x00, 0x00, 0x00, 0x00, 0x00, 0x00, 0x00, 0x00, 0x00, 0x00, 0x00, 0x00, 0x00, 0x00, 0x00, 0x00,
    0x00, 0x00, 0x00, 0x00, 0x00, 0x00, 0x00, 0x00, 0x00, 0x00, 0x00, 0x00, 0x00, 0x00, 0x00, 0x00,
    0x00, 0x00, 0x00, 0x00, 0x00, 0x00, 0x00, 0x00, 0x00, 0x00, 0x00, 0x00, 0x00, 0x00, 0x00, 0x00,
    0x00, 0x00, 0x00, 0x00, 0x00, 0x00, 0x00, 0x00, 0x00, 0x00, 0x00, 0x00, 0x00, 0x00, 0x00, 0x00,
    0x00, 0x00, 0x00, 0x00, 0x00, 0x00, 0x00, 0x00, 0x00, 0x00, 0x00, 0x00, 0x00, 0x00, 0x00, 0x00,
    0x00, 0x00, 0x00, 0x00, 0x00, 0x00, 0x00, 0x00, 0x00, 0x00, 0x00, 0x00, 0x00, 0x00, 0x00, 0x00,
    0x00, 0x00, 0x00, 0x00, 0x00, 0x00, 0x00, 0x00, 0x00, 0x00, 0x00, 0x00, 0x00, 0x00, 0x00, 0x00,
    0x00, 0x00, 0x00, 0x00, 0x00, 0x00, 0x00, 0x00, 0x00, 0x00, 0x00, 0x00, 0x00, 0x00, 0x00, 0x00,
    0x00, 0x00, 0x00, 0x00, 0x00, 0x00, 0x00, 0x00, 0x00, 0x00, 0x00, 0x00, 0x00, 0x00, 0x00, 0x00,
    0x00, 0x00, 0x00, 0x00, 0x00, 0x00, 0x00, 0x00, 0x00, 0x00, 0x00, 0x00, 0x00, 0x00, 0x00, 0x00,
    0x00, 0x00, 0x00, 0x00, 0x00, 0x00, 0x00, 0x00, 0x00, 0x00, 0x00, 0x00, 0x00, 0x00, 0x00, 0x00,
    0x00, 0x00, 0x00, 0x00, 0x00, 0x00, 0x00, 0x00, 0x00, 0x00, 0x00, 0x00, 0x00, 0x00, 0x00, 0x00,
    0x00, 0x00, 0x00, 0x00, 0x00, 0x00, 0x00, 0x00, 0x00, 0x00, 0x00, 0x00, 0x00, 0x00, 0x00, 0x00,
    0x00, 0x00, 0x00, 0x00, 0x00, 0x00, 0x00, 0x00, 0x00, 0x00, 0x00, 0x00, 0x00, 0x00, 0x00, 0x00,
    0x00, 0x00, 0x00, 0x00, 0x3c, 0xd8, 0xff, 0x04, 0x32, 0xda, 0xff, 0x67, 0x32, 0xd9, 0xff, 0xe7,
    0x32, 0xd9, 0xff, 0xff, 0x32, 0xd9, 0xff, 0xff, 0x32, 0xd9, 0xff, 0xff, 0x32, 0xd9, 0xff, 0xff,
    0x32, 0xd9, 0xff, 0xff, 0x32, 0xda, 0xff, 0xea, 0x32, 0xda, 0xff, 0x5b, 0x00, 0x00, 0x00, 0x00,
    0x00, 0x00, 0x00, 0x00, 0x00, 0x00, 0x00, 0x00, 0x00, 0x00, 0x00, 0x00, 0x00, 0x00, 0x00, 0x00,
    0x00, 0x00, 0x00, 0x00, 0x00, 0x00, 0x00, 0x00, 0x00, 0x00, 0x00, 0x00, 0x00, 0x00, 0x00, 0x00,
    0x00, 0x00, 0x00, 0x00, 0x00, 0x00, 0x00, 0x00, 0x00, 0x00, 0x00, 0x00, 0x00, 0x00, 0x00, 0x00,
    0x00, 0x00, 0x00, 0x00, 0x00, 0x00, 0x00, 0x00, 0x00, 0x00, 0x00, 0x00, 0x00, 0x00, 0x00, 0x00,
    0x00, 0x00, 0x00, 0x00, 0x00, 0x00, 0x00, 0x00, 0x00, 0x00, 0x00, 0x00, 0x00, 0x00, 0x00, 0x00,
    0x00, 0x00, 0x00, 0x00, 0x00, 0x00, 0x00, 0x00, 0x00, 0x00, 0x00, 0x00, 0x00, 0x00, 0x00, 0x00,
    0x00, 0x00, 0x00, 0x00, 0x00, 0x00, 0x00, 0x00, 0x00, 0x00, 0x00, 0x00, 0x00, 0x00, 0x00, 0x00,
    0x00, 0x00, 0x00, 0x00, 0x00, 0x00, 0x00, 0x00, 0x00, 0x00, 0x00, 0x00, 0x00, 0x00, 0x00, 0x00,
    0x00, 0x00, 0x00, 0x00, 0x00, 0x00, 0x00, 0x00, 0x00, 0x00, 0x00, 0x00, 0x00, 0x00, 0x00, 0x00,
    0x00, 0x00, 0x00, 0x00, 0x00, 0x00, 0x00, 0x00, 0x00, 0x00, 0x00, 0x00, 0x00, 0x00, 0x00, 0x00,
    0x00, 0x00, 0x00, 0x00, 0x00, 0x00, 0x00, 0x00, 0x00, 0x00, 0x00, 0x00, 0x00, 0x00, 0x00, 0x00,
    0x00, 0x00, 0x00, 0x00, 0x00, 0x00, 0x00, 0x00, 0x00, 0x00, 0x00, 0x00, 0x00, 0x00, 0x00, 0x00,
    0x00, 0x00, 0x00, 0x00, 0x00, 0x00, 0x00, 0x00, 0x00, 0x00, 0x00, 0x00, 0x00, 0x00, 0x00, 0x00,
    0x00, 0x00, 0x00, 0x00, 0x00, 0x00, 0x00, 0x00, 0x00, 0x00, 0x00, 0x00, 0x00, 0x00, 0x00, 0x00,
    0x00, 0x00, 0x00, 0x00, 0x00, 0x00, 0x00, 0x00, 0x00, 0x00, 0x00, 0x00, 0x00, 0x00, 0x00, 0x00,
    0x00, 0x00, 0x00, 0x00, 0x00, 0x00, 0x00, 0x00, 0x00, 0x00, 0x00, 0x00, 0x00, 0x00, 0x00, 0x00,
    0x00, 0x00, 0x00, 0x00, 0x00, 0x00, 0x00, 0x00, 0x00, 0x00, 0x00, 0x00, 0x00, 0x00, 0x00, 0x00,
    0x00, 0x00, 0x00, 0x00, 0x00, 0x00, 0x00, 0x00, 0x00, 0x00, 0x00, 0x00, 0x00, 0x00, 0x00, 0x00,
    0x00, 0x00, 0x00, 0x00, 0x00, 0x00, 0x00, 0x00, 0x00, 0x00, 0x00, 0x00, 0x00, 0x00, 0x00, 0x00,
    0x00, 0x00, 0x00, 0x00, 0x00, 0x00, 0x00, 0x00, 0x00, 0x00, 0x00, 0x00, 0x00, 0x00, 0x00, 0x00,
    0x00, 0x00, 0x00, 0x00, 0x00, 0x00, 0x00, 0x00, 0x00, 0x00, 0x00, 0x00, 0x00, 0x00, 0x00, 0x00,
    0x00, 0x00, 0x00, 0x00, 0x00, 0x00, 0x00, 0x00, 0x00, 0x00, 0x00, 0x00, 0x00, 0x00, 0x00, 0x00,
    0x00, 0x00, 0x00, 0x00, 0x3c, 0xd8, 0xff, 0x04, 0x32, 0xda, 0xff, 0x67, 0x32, 0xd9, 0xff, 0xe7,
    0x32, 0xd9, 0xff, 0xff, 0x32, 0xd9, 0xff, 0xff, 0x32, 0xd9, 0xff, 0xff, 0x32, 0xd9, 0xff, 0xff,
    0x32, 0xd9, 0xff, 0xff, 0x32, 0xda, 0xff, 0xea, 0x32, 0xda, 0xff, 0x5b, 0x00, 0x00, 0x00, 0x00,
    0x00, 0x00, 0x00, 0x00, 0x00, 0x00, 0x00, 0x00, 0x00, 0x00, 0x00, 0x00, 0x00, 0x00, 0x00, 0x00,
    0x00, 0x00, 0x00, 0x00, 0x00, 0x00, 0x00, 0x00, 0x00, 0x00, 0x00, 0x00, 0x00, 0x00, 0x00, 0x00,
    0x00, 0x00, 0x00, 0x00, 0x00, 0x00, 0x00, 0x00, 0x00, 0x00, 0x00, 0x00, 0x00, 0x00, 0x00, 0x00,
    0x00, 0x00, 0x00, 0x00, 0x00, 0x00, 0x00, 0x00, 0x00, 0x00, 0x00, 0x00, 0x00, 0x00, 0x00, 0x00,
    0x00, 0x00, 0x00, 0x00, 0x00, 0x00, 0x00, 0x00, 0x00, 0x00, 0x00, 0x00, 0x00, 0x00, 0x00, 0x00,
    0x00, 0x00, 0x00, 0x00, 0x00, 0x00, 0x00, 0x00, 0x00, 0x00, 0x00, 0x00, 0x00, 0x00, 0x00, 0x00,
    0x00, 0x00, 0x00, 0x00, 0x00, 0x00, 0x00, 0x00, 0x00, 0x00, 0x00, 0x00, 0x00, 0x00, 0x00, 0x00,
    0x00, 0x00, 0x00, 0x00, 0x00, 0x00, 0x00, 0x00, 0x00, 0x00, 0x00, 0x00, 0x00, 0x00, 0x00, 0x00,
    0x00, 0x00, 0x00, 0x00, 0x00, 0x00, 0x00, 0x00, 0x00, 0x00, 0x00, 0x00, 0x00, 0x00, 0x00, 0x00,
    0x00, 0x00, 0x00, 0x00, 0x00, 0x00, 0x00, 0x00, 0x00, 0x00, 0x00, 0x00, 0x00, 0x00, 0x00, 0x00,
    0x00, 0x00, 0x00, 0x00, 0x00, 0x00, 0x00, 0x00, 0x00, 0x00, 0x00, 0x00, 0x00, 0x00, 0x00, 0x00,
    0x00, 0x00, 0x00, 0x00, 0x00, 0x00, 0x00, 0x00, 0x00, 0x00, 0x00, 0x00, 0x00, 0x00, 0x00, 0x00,
    0x00, 0x00, 0x00, 0x00, 0x00, 0x00, 0x00, 0x00, 0x00, 0x00, 0x00, 0x00, 0x00, 0x00, 0x00, 0x00,
    0x00, 0x00, 0x00, 0x00, 0x00, 0x00, 0x00, 0x00, 0x00, 0x00, 0x00, 0x00, 0x00, 0x00, 0x00, 0x00,
    0x00, 0x00, 0x00, 0x00, 0x00, 0x00, 0x00, 0x00, 0x00, 0x00, 0x00, 0x00, 0x00, 0x00, 0x00, 0x00,
    0x00, 0x00, 0x00, 0x00, 0x00, 0x00, 0x00, 0x00, 0x00, 0x00, 0x00, 0x00, 0x00, 0x00, 0x00, 0x00,
    0x00, 0x00, 0x00, 0x00, 0x00, 0x00, 0x00, 0x00, 0x00, 0x00, 0x00, 0x00, 0x00, 0x00, 0x00, 0x00,
    0x00, 0x00, 0x00, 0x00, 0x00, 0x00, 0x00, 0x00, 0x00, 0x00, 0x00, 0x00, 0x00, 0x00, 0x00, 0x00,
    0x00, 0x00, 0x00, 0x00, 0x00, 0x00, 0x00, 0x00, 0x00, 0x00, 0x00, 0x00, 0x00, 0x00, 0x00, 0x00,
    0x00, 0x00, 0x00, 0x00, 0x00, 0x00, 0x00, 0x00, 0x00, 0x00, 0x00, 0x00, 0x00, 0x00, 0x00, 0x00,
    0x00, 0x00, 0x00, 0x00, 0x00, 0x00, 0x00, 0x00, 0x00, 0x00, 0x00, 0x00, 0x00, 0x00, 0x00, 0x00,
    0x00, 0x00, 0x00, 0x00, 0x00, 0x00, 0x00, 0x00, 0x00, 0x00, 0x00, 0x00, 0x00, 0x00, 0x00, 0x00,
    0x00, 0x00, 0x00, 0x00, 0x3c, 0xd8, 0xff, 0x04, 0x32, 0xda, 0xff, 0x67, 0x32, 0xd9, 0xff, 0xe7,
    0x32, 0xd9, 0xff, 0xff, 0x32, 0xd9, 0xff, 0xff, 0x32, 0xd9, 0xff, 0xff, 0x32, 0xd9, 0xff, 0xff,
    0x32, 0xd9, 0xff, 0xff, 0x32, 0xda, 0xff, 0xea, 0x32, 0xda, 0xff, 0x5b, 0x00, 0x00, 0x00, 0x00,
    0x00, 0x00, 0x00, 0x00, 0x00, 0x00, 0x00, 0x00, 0x00, 0x00, 0x00, 0x00, 0x00, 0x00, 0x00, 0x00,
    0x00, 0x00, 0x00, 0x00, 0x00, 0x00, 0x00, 0x00, 0x00, 0x00, 0x00, 0x00, 0x00, 0x00, 0x00, 0x00,
    0x00, 0x00, 0x00, 0x00, 0x00, 0x00, 0x00, 0x00, 0x00, 0x00, 0x00, 0x00, 0x00, 0x00, 0x00, 0x00,
    0x00, 0x00, 0x00, 0x00, 0x00, 0x00, 0x00, 0x00, 0x00, 0x00, 0x00, 0x00, 0x00, 0x00, 0x00, 0x00,
    0x00, 0x00, 0x00, 0x00, 0x00, 0x00, 0x00, 0x00, 0x00, 0x00, 0x00, 0x00, 0x00, 0x00, 0x00, 0x00,
    0x00, 0x00, 0x00, 0x00, 0x00, 0x00, 0x00, 0x00, 0x00, 0x00, 0x00, 0x00, 0x00, 0x00, 0x00, 0x00,
    0x00, 0x00, 0x00, 0x00, 0x00, 0x00, 0x00, 0x00, 0x00, 0x00, 0x00, 0x00, 0x00, 0x00, 0x00, 0x00,
    0x00, 0x00, 0x00, 0x00, 0x00, 0x00, 0x00, 0x00, 0x00, 0x00, 0x00, 0x00, 0x00, 0x00, 0x00, 0x00,
    0x00, 0x00, 0x00, 0x00, 0x00, 0x00, 0x00, 0x00, 0x00, 0x00, 0x00, 0x00, 0x00, 0x00, 0x00, 0x00,
    0x00, 0x00, 0x00, 0x00, 0x00, 0x00, 0x00, 0x00, 0x00, 0x00, 0x00, 0x00, 0x00, 0x00, 0x00, 0x00,
    0x00, 0x00, 0x00, 0x00, 0x00, 0x00, 0x00, 0x00, 0x00, 0x00, 0x00, 0x00, 0x00, 0x00, 0x00, 0x00,
    0x00, 0x00, 0x00, 0x00, 0x00, 0x00, 0x00, 0x00, 0x00, 0x00, 0x00, 0x00, 0x00, 0x00, 0x00, 0x00,
    0x00, 0x00, 0x00, 0x00, 0x00, 0x00, 0x00, 0x00, 0x00, 0x00, 0x00, 0x00, 0x00, 0x00, 0x00, 0x00,
    0x00, 0x00, 0x00, 0x00, 0x00, 0x00, 0x00, 0x00, 0x00, 0x00, 0x00, 0x00, 0x00, 0x00, 0x00, 0x00,
    0x00, 0x00, 0x00, 0x00, 0x00, 0x00, 0x00, 0x00, 0x00, 0x00, 0x00, 0x00, 0x00, 0x00, 0x00, 0x00,
    0x00, 0x00, 0x00, 0x00, 0x00, 0x00, 0x00, 0x00, 0x00, 0x00, 0x00, 0x00, 0x00, 0x00, 0x00, 0x00,
    0x00, 0x00, 0x00, 0x00, 0x00, 0x00, 0x00, 0x00, 0x00, 0x00, 0x00, 0x00, 0x00, 0x00, 0x00, 0x00,
    0x00, 0x00, 0x00, 0x00, 0x00, 0x00, 0x00, 0x00, 0x00, 0x00, 0x00, 0x00, 0x00, 0x00, 0x00, 0x00,
    0x00, 0x00, 0x00, 0x00, 0x00, 0x00, 0x00, 0x00, 0x00, 0x00, 0x00, 0x00, 0x00, 0x00, 0x00, 0x00,
    0x00, 0x00, 0x00, 0x00, 0x00, 0x00, 0x00, 0x00, 0x00, 0x00, 0x00, 0x00, 0x00, 0x00, 0x00, 0x00,
    0x00, 0x00, 0x00, 0x00, 0x00, 0x00, 0x00, 0x00, 0x00, 0x00, 0x00, 0x00, 0x00, 0x00, 0x00, 0x00,
    0x00, 0x00, 0x00, 0x00, 0x00, 0x00, 0x00, 0x00, 0x00, 0x00, 0x00, 0x00, 0x00, 0x00, 0x00, 0x00,
    0x00, 0x00, 0x00, 0x00, 0x3c, 0xd8, 0xff, 0x04, 0x32, 0xda, 0xff, 0x67, 0x32, 0xd9, 0xff, 0xe7,
    0x32, 0xd9, 0xff, 0xff, 0x32, 0xd9, 0xff, 0xff, 0x32, 0xd9, 0xff, 0xff, 0x32, 0xd9, 0xff, 0xff,
    0x32, 0xd9, 0xff, 0xff, 0x32, 0xda, 0xff, 0xea, 0x32, 0xda, 0xff, 0x5b, 0x00, 0x00, 0x00, 0x00,
    0x00, 0x00, 0x00, 0x00, 0x00, 0x00, 0x00, 0x00, 0x00, 0x00, 0x00, 0x00, 0x00, 0x00, 0x00, 0x00,
    0x00, 0x00, 0x00, 0x00, 0x00, 0x00, 0x00, 0x00, 0x00, 0x00, 0x00, 0x00, 0x00, 0x00, 0x00, 0x00,
    0x00, 0x00, 0x00, 0x00, 0x00, 0x00, 0x00, 0x00, 0x00, 0x00, 0x00, 0x00, 0x00, 0x00, 0x00, 0x00,
    0x00, 0x00, 0x00, 0x00, 0x00, 0x00, 0x00, 0x00, 0x00, 0x00, 0x00, 0x00, 0x00, 0x00, 0x00, 0x00,
    0x00, 0x00, 0x00, 0x00, 0x00, 0x00, 0x00, 0x00, 0x00, 0x00, 0x00, 0x00, 0x00, 0x00, 0x00, 0x00,
    0x00, 0x00, 0x00, 0x00, 0x00, 0x00, 0x00, 0x00, 0x00, 0x00, 0x00, 0x00, 0x00, 0x00, 0x00, 0x00,
    0x00, 0x00, 0x00, 0x00, 0x00, 0x00, 0x00, 0x00, 0x00, 0x00, 0x00, 0x00, 0x00, 0x00, 0x00, 0x00,
    0x00, 0x00, 0x00, 0x00, 0x00, 0x00, 0x00, 0x00, 0x00, 0x00, 0x00, 0x00, 0x00, 0x00, 0x00, 0x00,
    0x00, 0x00, 0x00, 0x00, 0x00, 0x00, 0x00, 0x00, 0x00, 0x00, 0x00, 0x00, 0x00, 0x00, 0x00, 0x00,
    0x00, 0x00, 0x00, 0x00, 0x00, 0x00, 0x00, 0x00, 0x00, 0x00, 0x00, 0x00, 0x00, 0x00, 0x00, 0x00,
    0x00, 0x00, 0x00, 0x00, 0x00, 0x00, 0x00, 0x00, 0x00, 0x00, 0x00, 0x00, 0x00, 0x00, 0x00, 0x00,
    0x00, 0x00, 0x00, 0x00, 0x00, 0x00, 0x00, 0x00, 0x00, 0x00, 0x00, 0x00, 0x00, 0x00, 0x00, 0x00,
    0x00, 0x00, 0x00, 0x00, 0x00, 0x00, 0x00, 0x00, 0x00, 0x00, 0x00, 0x00, 0x00, 0x00, 0x00, 0x00,
    0x00, 0x00, 0x00, 0x00, 0x00, 0x00, 0x00, 0x00, 0x00, 0x00, 0x00, 0x00, 0x00, 0x00, 0x00, 0x00,
    0x00, 0x00, 0x00, 0x00, 0x00, 0x00, 0x00, 0x00, 0x00, 0x00, 0x00, 0x00, 0x00, 0x00, 0x00, 0x00,
    0x00, 0x00, 0x00, 0x00, 0x00, 0x00, 0x00, 0x00, 0x00, 0x00, 0x00, 0x00, 0x00, 0x00, 0x00, 0x00,
    0x00, 0x00, 0x00, 0x00, 0x00, 0x00, 0x00, 0x00, 0x00, 0x00, 0x00, 0x00, 0x00, 0x00, 0x00, 0x00,
    0x00, 0x00, 0x00, 0x00, 0x00, 0x00, 0x00, 0x00, 0x00, 0x00, 0x00, 0x00, 0x00, 0x00, 0x00, 0x00,
    0x00, 0x00, 0x00, 0x00, 0x00, 0x00, 0x00, 0x00, 0x00, 0x00, 0x00, 0x00, 0x00, 0x00, 0x00, 0x00,
    0x00, 0x00, 0x00, 0x00, 0x00, 0x00, 0x00, 0x00, 0x00, 0x00, 0x00, 0x00, 0x00, 0x00, 0x00, 0x00,
    0x00, 0x00, 0x00, 0x00, 0x00, 0x00, 0x00, 0x00, 0x00, 0x00, 0x00, 0x00, 0x00, 0x00, 0x00, 0x00,
    0x00, 0x00, 0x00, 0x00, 0x00, 0x00, 0x00, 0x00, 0x00, 0x00, 0x00, 0x00, 0x00, 0x00, 0x00, 0x00,
    0x00, 0x00, 0x00, 0x00, 0x4d, 0xcb, 0xff, 0x03, 0x32, 0xda, 0xff, 0x5b, 0x32, 0xda, 0xff, 0xde,
    0x32, 0xd9, 0xff, 0xff, 0x32, 0xd9, 0xff, 0xff, 0x32, 0xd9, 0xff, 0xff, 0x32, 0xd9, 0xff, 0xff,
    0x32, 0xd9, 0xff, 0xff, 0x32, 0xda, 0xff, 0xe3, 0x34, 0xda, 0xff, 0x51, 0x00, 0x00, 0x00, 0x00,
    0x00, 0x00, 0x00, 0x00, 0x00, 0x00, 0x00, 0x00, 0x00, 0x00, 0x00, 0x00, 0x00, 0x00, 0x00, 0x00,
    0x00, 0x00, 0x00, 0x00, 0x00, 0x00, 0x00, 0x00, 0x00, 0x00, 0x00, 0x00, 0x00, 0x00, 0x00, 0x00,
    0x00, 0x00, 0x00, 0x00, 0x00, 0x00, 0x00, 0x00, 0x00, 0x00, 0x00, 0x00, 0x00, 0x00, 0x00, 0x00,
    0x00, 0x00, 0x00, 0x00, 0x00, 0x00, 0x00, 0x00, 0x00, 0x00, 0x00, 0x00, 0x00, 0x00, 0x00, 0x00,
    0x00, 0x00, 0x00, 0x00, 0x00, 0x00, 0x00, 0x00, 0x00, 0x00, 0x00, 0x00, 0x00, 0x00, 0x00, 0x00,
    0x00, 0x00, 0x00, 0x00, 0x00, 0x00, 0x00, 0x00, 0x00, 0x00, 0x00, 0x00, 0x00, 0x00, 0x00, 0x00,
    0x00, 0x00, 0x00, 0x00, 0x00, 0x00, 0x00, 0x00, 0x00, 0x00, 0x00, 0x00, 0x00, 0x00, 0x00, 0x00,
    0x00, 0x00, 0x00, 0x00, 0x00, 0x00, 0x00, 0x00, 0x00, 0x00, 0x00, 0x00, 0x00, 0x00, 0x00, 0x00,
    0x00, 0x00, 0x00, 0x00, 0x00, 0x00, 0x00, 0x00, 0x00, 0x00, 0x00, 0x00, 0x00, 0x00, 0x00, 0x00,
    0x00, 0x00, 0x00, 0x00, 0x00, 0x00, 0x00, 0x00, 0x00, 0x00, 0x00, 0x00, 0x00, 0x00, 0x00, 0x00,
    0x00, 0x00, 0x00, 0x00, 0x00, 0x00, 0x00, 0x00, 0x00, 0x00, 0x00, 0x00, 0x00, 0x00, 0x00, 0x00,
    0x00, 0x00, 0x00, 0x00, 0x00, 0x00, 0x00, 0x00, 0x00, 0x00, 0x00, 0x00, 0x00, 0x00, 0x00, 0x00,
    0x00, 0x00, 0x00, 0x00, 0x00, 0x00, 0x00, 0x00, 0x00, 0x00, 0x00, 0x00, 0x00, 0x00, 0x00, 0x00,
    0x00, 0x00, 0x00, 0x00, 0x00, 0x00, 0x00, 0x00, 0x00, 0x00, 0x00, 0x00, 0x00, 0x00, 0x00, 0x00,
    0x00, 0x00, 0x00, 0x00, 0x00, 0x00, 0x00, 0x00, 0x00, 0x00, 0x00, 0x00, 0x00, 0x00, 0x00, 0x00,
    0x00, 0x00, 0x00, 0x00, 0x00, 0x00, 0x00, 0x00, 0x00, 0x00, 0x00, 0x00, 0x00, 0x00, 0x00, 0x00,
    0x00, 0x00, 0x00, 0x00, 0x00, 0x00, 0x00, 0x00, 0x00, 0x00, 0x00, 0x00, 0x00, 0x00, 0x00, 0x00,
    0x00, 0x00, 0x00, 0x00, 0x00, 0x00, 0x00, 0x00, 0x00, 0x00, 0x00, 0x00, 0x00, 0x00, 0x00, 0x00,
    0x00, 0x00, 0x00, 0x00, 0x00, 0x00, 0x00, 0x00, 0x00, 0x00, 0x00, 0x00, 0x00, 0x00, 0x00, 0x00,
    0x00, 0x00, 0x00, 0x00, 0x00, 0x00, 0x00, 0x00, 0x00, 0x00, 0x00, 0x00, 0x00, 0x00, 0x00, 0x00,
    0x00, 0x00, 0x00, 0x00, 0x00, 0x00, 0x00, 0x00, 0x00, 0x00, 0x00, 0x00, 0x00, 0x00, 0x00, 0x00,
    0x00, 0x00, 0x00, 0x00, 0x00, 0x00, 0x00, 0x00, 0x00, 0x00, 0x00, 0x00, 0x00, 0x00, 0x00, 0x00,
    0x00, 0x00, 0x00, 0x00, 0x50, 0xe0, 0xff, 0x02, 0x33, 0xdb, 0xff, 0x2e, 0x32, 0xda, 0xff, 0xc4,
    0x32, 0xd9, 0xff, 0xfe, 0x32, 0xd9, 0xff, 0xff, 0x32, 0xd9, 0xff, 0xff, 0x32, 0xd9, 0xff, 0xff,
    0x32, 0xd9, 0xff, 0xff, 0x33, 0xda, 0xff, 0xc1, 0x33, 0xda, 0xff, 0x33, 0x00, 0x00, 0x00, 0x00,
    0x00, 0x00, 0x00, 0x00, 0x00, 0x00, 0x00, 0x00, 0x00, 0x00, 0x00, 0x00, 0x00, 0x00, 0x00, 0x00,
    0x00, 0x00, 0x00, 0x00, 0x00, 0x00, 0x00, 0x00, 0x00, 0x00, 0x00, 0x00, 0x00, 0x00, 0x00, 0x00,
    0x00, 0x00, 0x00, 0x00, 0x00, 0x00, 0x00, 0x00, 0x00, 0x00, 0x00, 0x00, 0x00, 0x00, 0x00, 0x00,
    0x00, 0x00, 0x00, 0x00, 0x00, 0x00, 0x00, 0x00, 0x00, 0x00, 0x00, 0x00, 0x00, 0x00, 0x00, 0x00,
    0x00, 0x00, 0x00, 0x00, 0x00, 0x00, 0x00, 0x00, 0x00, 0x00, 0x00, 0x00, 0x00, 0x00, 0x00, 0x00,
    0x00, 0x00, 0x00, 0x00, 0x00, 0x00, 0x00, 0x00, 0x00, 0x00, 0x00, 0x00, 0x00, 0x00, 0x00, 0x00,
    0x00, 0x00, 0x00, 0x00, 0x00, 0x00, 0x00, 0x00, 0x00, 0x00, 0x00, 0x00, 0x00, 0x00, 0x00, 0x00,
    0x00, 0x00, 0x00, 0x00, 0x00, 0x00, 0x00, 0x00, 0x00, 0x00, 0x00, 0x00, 0x00, 0x00, 0x00, 0x00,
    0x00, 0x00, 0x00, 0x00, 0x00, 0x00, 0x00, 0x00, 0x00, 0x00, 0x00, 0x00, 0x00, 0x00, 0x00, 0x00,
    0x00, 0x00, 0x00, 0x00, 0x00, 0x00, 0x00, 0x00, 0x00, 0x00, 0x00, 0x00, 0x00, 0x00, 0x00, 0x00,
    0x00, 0x00, 0x00, 0x00, 0x00, 0x00, 0x00, 0x00, 0x00, 0x00, 0x00, 0x00, 0x00, 0x00, 0x00, 0x00,
    0x00, 0x00, 0x00, 0x00, 0x00, 0x00, 0x00, 0x00, 0x00, 0x00, 0x00, 0x00, 0x00, 0x00, 0x00, 0x00,
    0x00, 0x00, 0x00, 0x00, 0x00, 0x00, 0x00, 0x00, 0x00, 0x00, 0x00, 0x00, 0x00, 0x00, 0x00, 0x00,
    0x00, 0x00, 0x00, 0x00, 0x00, 0x00, 0x00, 0x00, 0x00, 0x00, 0x00, 0x00, 0x00, 0x00, 0x00, 0x00,
    0x00, 0x00, 0x00, 0x00, 0x00, 0x00, 0x00, 0x00, 0x00, 0x00, 0x00, 0x00, 0x00, 0x00, 0x00, 0x00,
    0x00, 0x00, 0x00, 0x00, 0x00, 0x00, 0x00, 0x00, 0x00, 0x00, 0x00, 0x00, 0x00, 0x00, 0x00, 0x00,
    0x00, 0x00, 0x00, 0x00, 0x00, 0x00, 0x00, 0x00, 0x00, 0x00, 0x00, 0x00, 0x00, 0x00, 0x00, 0x00,
    0x00, 0x00, 0x00, 0x00, 0x00, 0x00, 0x00, 0x00, 0x00, 0x00, 0x00, 0x00, 0x00, 0x00, 0x00, 0x00,
    0x00, 0x00, 0x00, 0x00, 0x00, 0x00, 0x00, 0x00, 0x00, 0x00, 0x00, 0x00, 0x00, 0x00, 0x00, 0x00,
    0x00, 0x00, 0x00, 0x00, 0x00, 0x00, 0x00, 0x00, 0x00, 0x00, 0x00, 0x00, 0x00, 0x00, 0x00, 0x00,
    0x00, 0x00, 0x00, 0x00, 0x00, 0x00, 0x00, 0x00, 0x00, 0x00, 0x00, 0x00, 0x00, 0x00, 0x00, 0x00,
    0x00, 0x00, 0x00, 0x00, 0x00, 0x00, 0x00, 0x00, 0x00, 0x00, 0x00, 0x00, 0x00, 0x00, 0x00, 0x00,
    0x00, 0x00, 0x00, 0x00, 0x22, 0xed, 0xff, 0x01, 0x36, 0xe3, 0xff, 0x0c, 0x32, 0xda, 0xff, 0x82,
    0x32, 0xda, 0xff, 0xe3, 0x32, 0xd9, 0xff, 0xfb, 0x32, 0xd9, 0xff, 0xfe, 0x32, 0xd9, 0xff, 0xfb,
    0x32, 0xd9, 0xff, 0xe7, 0x32, 0xda, 0xff, 0x7d, 0x32, 0xd9, 0xff, 0x11, 0x00, 0x00, 0x00, 0x00,
    0x00, 0x00, 0x00, 0x00, 0x00, 0x00, 0x00, 0x00, 0x00, 0x00, 0x00, 0x00, 0x00, 0x00, 0x00, 0x00,
    0x00, 0x00, 0x00, 0x00, 0x00, 0x00, 0x00, 0x00, 0x00, 0x00, 0x00, 0x00, 0x00, 0x00, 0x00, 0x00,
    0x00, 0x00, 0x00, 0x00, 0x00, 0x00, 0x00, 0x00, 0x00, 0x00, 0x00, 0x00, 0x00, 0x00, 0x00, 0x00,
    0x00, 0x00, 0x00, 0x00, 0x00, 0x00, 0x00, 0x00, 0x00, 0x00, 0x00, 0x00, 0x00, 0x00, 0x00, 0x00,
    0x00, 0x00, 0x00, 0x00, 0x00, 0x00, 0x00, 0x00, 0x00, 0x00, 0x00, 0x00, 0x00, 0x00, 0x00, 0x00,
    0x00, 0x00, 0x00, 0x00, 0x00, 0x00, 0x00, 0x00, 0x00, 0x00, 0x00, 0x00, 0x00, 0x00, 0x00, 0x00,
    0x00, 0x00, 0x00, 0x00, 0x00, 0x00, 0x00, 0x00, 0x00, 0x00, 0x00, 0x00, 0x00, 0x00, 0x00, 0x00,
    0x00, 0x00, 0x00, 0x00, 0x00, 0x00, 0x00, 0x00, 0x00, 0x00, 0x00, 0x00, 0x00, 0x00, 0x00, 0x00,
    0x00, 0x00, 0x00, 0x00, 0x00, 0x00, 0x00, 0x00, 0x00, 0x00, 0x00, 0x00, 0x00, 0x00, 0x00, 0x00,
    0x00, 0x00, 0x00, 0x00, 0x00, 0x00, 0x00, 0x00, 0x00, 0x00, 0x00, 0x00, 0x00, 0x00, 0x00, 0x00,
    0x00, 0x00, 0x00, 0x00, 0x00, 0x00, 0x00, 0x00, 0x00, 0x00, 0x00, 0x00, 0x00, 0x00, 0x00, 0x00,
    0x00, 0x00, 0x00, 0x00, 0x00, 0x00, 0x00, 0x00, 0x00, 0x00, 0x00, 0x00, 0x00, 0x00, 0x00, 0x00,
    0x00, 0x00, 0x00, 0x00, 0x00, 0x00, 0x00, 0x00, 0x00, 0x00, 0x00, 0x00, 0x00, 0x00, 0x00, 0x00,
    0x00, 0x00, 0x00, 0x00, 0x00, 0x00, 0x00, 0x00, 0x00, 0x00, 0x00, 0x00, 0x00, 0x00, 0x00, 0x00,
    0x00, 0x00, 0x00, 0x00, 0x00, 0x00, 0x00, 0x00, 0x00, 0x00, 0x00, 0x00, 0x00, 0x00, 0x00, 0x00,
    0x00, 0x00, 0x00, 0x00, 0x00, 0x00, 0x00, 0x00, 0x00, 0x00, 0x00, 0x00, 0x00, 0x00, 0x00, 0x00,
    0x00, 0x00, 0x00, 0x00, 0x00, 0x00, 0x00, 0x00, 0x00, 0x00, 0x00, 0x00, 0x00, 0x00, 0x00, 0x00,
    0x00, 0x00, 0x00, 0x00, 0x00, 0x00, 0x00, 0x00, 0x00, 0x00, 0x00, 0x00, 0x00, 0x00, 0x00, 0x00,
    0x00, 0x00, 0x00, 0x00, 0x00, 0x00, 0x00, 0x00, 0x00, 0x00, 0x00, 0x00, 0x00, 0x00, 0x00, 0x00,
    0x00, 0x00, 0x00, 0x00, 0x00, 0x00, 0x00, 0x00, 0x00, 0x00, 0x00, 0x00, 0x00, 0x00, 0x00, 0x00,
    0x00, 0x00, 0x00, 0x00, 0x00, 0x00, 0x00, 0x00, 0x00, 0x00, 0x00, 0x00, 0x00, 0x00, 0x00, 0x00,
    0x00, 0x00, 0x00, 0x00, 0x00, 0x00, 0x00, 0x00, 0x00, 0x00, 0x00, 0x00, 0x00, 0x00, 0x00, 0x00,
    0x00, 0x00, 0x00, 0x00, 0x00, 0x00, 0x00, 0x00, 0x00, 0x00, 0x00, 0x00, 0x32, 0xd7, 0xff, 0x1c,
    0x32, 0xd9, 0xff, 0x6a, 0x31, 0xda, 0xff, 0xaf, 0x32, 0xd9, 0xff, 0xc9, 0x31, 0xda, 0xff, 0xaf,
    0x32, 0xda, 0xff, 0x70, 0x32, 0xd7, 0xff, 0x1c, 0x50, 0xe0, 0xff, 0x02, 0x00, 0x00, 0x00, 0x00,
    0x00, 0x00, 0x00, 0x00, 0x00, 0x00, 0x00, 0x00, 0x00, 0x00, 0x00, 0x00, 0x00, 0x00, 0x00, 0x00,
    0x00, 0x00, 0x00, 0x00, 0x00, 0x00, 0x00, 0x00, 0x00, 0x00, 0x00, 0x00, 0x00, 0x00, 0x00, 0x00,
    0x00, 0x00, 0x00, 0x00, 0x00, 0x00, 0x00, 0x00, 0x00, 0x00, 0x00, 0x00, 0x00, 0x00, 0x00, 0x00,
    0x00, 0x00, 0x00, 0x00, 0x00, 0x00, 0x00, 0x00, 0x00, 0x00, 0x00, 0x00, 0x00, 0x00, 0x00, 0x00,
    0x00, 0x00, 0x00, 0x00, 0x00, 0x00, 0x00, 0x00, 0x00, 0x00, 0x00, 0x00, 0x00, 0x00, 0x00, 0x00,
    0x00, 0x00, 0x00, 0x00, 0x00, 0x00, 0x00, 0x00, 0x00, 0x00, 0x00, 0x00, 0x00, 0x00, 0x00, 0x00,
    0x00, 0x00, 0x00, 0x00, 0x00, 0x00, 0x00, 0x00, 0x00, 0x00, 0x00, 0x00, 0x00, 0x00, 0x00, 0x00,
    0x00, 0x00, 0x00, 0x00, 0x00, 0x00, 0x00, 0x00, 0x00, 0x00, 0x00, 0x00, 0x00, 0x00, 0x00, 0x00,
    0x00, 0x00, 0x00, 0x00, 0x00, 0x00, 0x00, 0x00, 0x00, 0x00, 0x00, 0x00, 0x00, 0x00, 0x00, 0x00,
    0x00, 0x00, 0x00, 0x00, 0x00, 0x00, 0x00, 0x00, 0x00, 0x00, 0x00, 0x00, 0x00, 0x00, 0x00, 0x00,
    0x00, 0x00, 0x00, 0x00, 0x00, 0x00, 0x00, 0x00, 0x00, 0x00, 0x00, 0x00, 0x00, 0x00, 0x00, 0x00,
    0x00, 0x00, 0x00, 0x00, 0x00, 0x00, 0x00, 0x00, 0x00, 0x00, 0x00, 0x00, 0x00, 0x00, 0x00, 0x00,
    0x00, 0x00, 0x00, 0x00, 0x00, 0x00, 0x00, 0x00, 0x00, 0x00, 0x00, 0x00, 0x00, 0x00, 0x00, 0x00,
    0x00, 0x00, 0x00, 0x00, 0x00, 0x00, 0x00, 0x00, 0x00, 0x00, 0x00, 0x00, 0x00, 0x00, 0x00, 0x00,
    0x00, 0x00, 0x00, 0x00, 0x00, 0x00, 0x00, 0x00, 0x00, 0x00, 0x00, 0x00, 0x00, 0x00, 0x00, 0x00,
    0x00, 0x00, 0x00, 0x00, 0x00, 0x00, 0x00, 0x00, 0x00, 0x00, 0x00, 0x00, 0x00, 0x00, 0x00, 0x00,
    0x00, 0x00, 0x00, 0x00, 0x00, 0x00, 0x00, 0x00, 0x00, 0x00, 0x00, 0x00, 0x00, 0x00, 0x00, 0x00,
    0x00, 0x00, 0x00, 0x00, 0x00, 0x00, 0x00, 0x00, 0x00, 0x00, 0x00, 0x00, 0x00, 0x00, 0x00, 0x00,
    0x00, 0x00, 0x00, 0x00, 0x00, 0x00, 0x00, 0x00, 0x00, 0x00, 0x00, 0x00, 0x00, 0x00, 0x00, 0x00,
    0x00, 0x00, 0x00, 0x00, 0x00, 0x00, 0x00, 0x00, 0x00, 0x00, 0x00, 0x00, 0x00, 0x00, 0x00, 0x00,
    0x00, 0x00, 0x00, 0x00, 0x00, 0x00, 0x00, 0x00, 0x00, 0x00, 0x00, 0x00, 0x00, 0x00, 0x00, 0x00,
    0x00, 0x00, 0x00, 0x00, 0x00, 0x00, 0x00, 0x00, 0x00, 0x00, 0x00, 0x00, 0x00, 0x00, 0x00, 0x00,
    0x00, 0x00, 0x00, 0x00, 0x00, 0x00, 0x00, 0x00, 0x00, 0x00, 0x00, 0x00, 0x22, 0xed, 0xff, 0x01,
    0x36, 0xe3, 0xff, 0x0c, 0x33, 0xda, 0xff, 0x26, 0x33, 0xda, 0xff, 0x33, 0x33, 0xda, 0xff, 0x29,
    0x33, 0xdb, 0xff, 0x0e, 0x00, 0x00, 0x00, 0x00, 0x00, 0x00, 0x00, 0x00, 0x00, 0x00, 0x00, 0x00,
    0x00, 0x00, 0x00, 0x00, 0x00, 0x00, 0x00, 0x00, 0x00, 0x00, 0x00, 0x00, 0x00, 0x00, 0x00, 0x00,
    0x00, 0x00, 0x00, 0x00, 0x00, 0x00, 0x00, 0x00, 0x00, 0x00, 0x00, 0x00, 0x00, 0x00, 0x00, 0x00,
    0x00, 0x00, 0x00, 0x00, 0x00, 0x00, 0x00, 0x00, 0x00, 0x00, 0x00, 0x00, 0x00, 0x00, 0x00, 0x00,
    0x00, 0x00, 0x00, 0x00, 0x00, 0x00, 0x00, 0x00, 0x00, 0x00, 0x00, 0x00, 0x00, 0x00, 0x00, 0x00,
    0x00, 0x00, 0x00, 0x00, 0x00, 0x00, 0x00, 0x00, 0x00, 0x00, 0x00, 0x00, 0x00, 0x00, 0x00, 0x00,
    0x00, 0x00, 0x00, 0x00, 0x00, 0x00, 0x00, 0x00, 0x00, 0x00, 0x00, 0x00, 0x00, 0x00, 0x00, 0x00,
    0x00, 0x00, 0x00, 0x00, 0x00, 0x00, 0x00, 0x00, 0x00, 0x00, 0x00, 0x00, 0x00, 0x00, 0x00, 0x00,
    0x00, 0x00, 0x00, 0x00, 0x00, 0x00, 0x00, 0x00, 0x00, 0x00, 0x00, 0x00, 0x00, 0x00, 0x00, 0x00,
    0x00, 0x00, 0x00, 0x00, 0x00, 0x00, 0x00, 0x00, 0x00, 0x00, 0x00, 0x00, 0x00, 0x00, 0x00, 0x00,
    0x00, 0x00, 0x00, 0x00, 0x00, 0x00, 0x00, 0x00, 0x00, 0x00, 0x00, 0x00, 0x00, 0x00, 0x00, 0x00,
    0x00, 0x00, 0x00, 0x00, 0x00, 0x00, 0x00, 0x00, 0x00, 0x00, 0x00, 0x00, 0x00, 0x00, 0x00, 0x00,
    0x00, 0x00, 0x00, 0x00, 0x00, 0x00, 0x00, 0x00, 0x00, 0x00, 0x00, 0x00, 0x00, 0x00, 0x00, 0x00,
    0x00, 0x00, 0x00, 0x00, 0x00, 0x00, 0x00, 0x00, 0x00, 0x00, 0x00, 0x00, 0x00, 0x00, 0x00, 0x00,
    0x00, 0x00, 0x00, 0x00, 0x00, 0x00, 0x00, 0x00, 0x00, 0x00, 0x00, 0x00, 0x00, 0x00, 0x00, 0x00,
    0x00, 0x00, 0x00, 0x00, 0x00, 0x00, 0x00, 0x00, 0x00, 0x00, 0x00, 0x00, 0x00, 0x00, 0x00, 0x00,
    0x00, 0x00, 0x00, 0x00, 0x00, 0x00, 0x00, 0x00, 0x00, 0x00, 0x00, 0x00, 0x00, 0x00, 0x00, 0x00,
    0x00, 0x00, 0x00, 0x00, 0x00, 0x00, 0x00, 0x00, 0x00, 0x00, 0x00, 0x00, 0x00, 0x00, 0x00, 0x00,
    0x00, 0x00, 0x00, 0x00, 0x00, 0x00, 0x00, 0x00, 0x00, 0x00, 0x00, 0x00, 0x00, 0x00, 0x00, 0x00,
    0x00, 0x00, 0x00, 0x00, 0x00, 0x00, 0x00, 0x00, 0x00, 0x00, 0x00, 0x00, 0x00, 0x00, 0x00, 0x00,
    0x00, 0x00, 0x00, 0x00, 0x00, 0x00, 0x00, 0x00, 0x00, 0x00, 0x00, 0x00, 0x00, 0x00, 0x00, 0x00,
    0x00, 0x00, 0x00, 0x00, 0x00, 0x00, 0x00, 0x00, 0x00, 0x00, 0x00, 0x00, 0x00, 0x00, 0x00, 0x00,
    0x00, 0x00, 0x00, 0x00, 0x00, 0x00, 0x00, 0x00, 0x00, 0x00, 0x00, 0x00, 0x00, 0x00, 0x00, 0x00,
    0x00, 0x00, 0x00, 0x00, 0x00, 0x00, 0x00, 0x00, 0x00, 0x00, 0x00, 0x00, 0x00, 0x00, 0x00, 0x00,
    0x00, 0x00, 0x00, 0x00, 0x00, 0x00, 0x00, 0x00, 0x00, 0x00, 0x00, 0x00, 0x00, 0x00, 0x00, 0x00,
    0x00, 0x00, 0x00, 0x00, 0x00, 0x00, 0x00, 0x00, 0x00, 0x00, 0x00, 0x00, 0x00, 0x00, 0x00, 0x00,
    0x00, 0x00, 0x00, 0x00, 0x00, 0x00, 0x00, 0x00, 0x00, 0x00, 0x00, 0x00, 0x00, 0x00, 0x00, 0x00,
    0x00, 0x00, 0x00, 0x00, 0x00, 0x00, 0x00, 0x00, 0x00, 0x00, 0x00, 0x00, 0x00, 0x00, 0x00, 0x00,
    0x00, 0x00, 0x00, 0x00, 0x00, 0x00, 0x00, 0x00, 0x00, 0x00, 0x00, 0x00, 0x00, 0x00, 0x00, 0x00,
    0x00, 0x00, 0x00, 0x00, 0x00, 0x00, 0x00, 0x00, 0x00, 0x00, 0x00, 0x00, 0x00, 0x00, 0x00, 0x00,
    0x00, 0x00, 0x00, 0x00, 0x00, 0x00, 0x00, 0x00, 0x00, 0x00, 0x00, 0x00, 0x00, 0x00, 0x00, 0x00,
    0x00, 0x00, 0x00, 0x00, 0x00, 0x00, 0x00, 0x00, 0x00, 0x00, 0x00, 0x00, 0x00, 0x00, 0x00, 0x00,
    0x00, 0x00, 0x00, 0x00, 0x00, 0x00, 0x00, 0x00, 0x00, 0x00, 0x00, 0x00, 0x00, 0x00, 0x00, 0x00,
    0x00, 0x00, 0x00, 0x00, 0x00, 0x00, 0x00, 0x00, 0x00, 0x00, 0x00, 0x00, 0x00, 0x00, 0x00, 0x00,
    0x00, 0x00, 0x00, 0x00, 0x00, 0x00, 0x00, 0x00, 0x00, 0x00, 0x00, 0x00, 0x00, 0x00, 0x00, 0x00,
    0x00, 0x00, 0x00, 0x00, 0x00, 0x00, 0x00, 0x00, 0x00, 0x00, 0x00, 0x00, 0x00, 0x00, 0x00, 0x00,
    0x00, 0x00, 0x00, 0x00, 0x00, 0x00, 0x00, 0x00, 0x00, 0x00, 0x00, 0x00, 0x00, 0x00, 0x00, 0x00,
    0x00, 0x00, 0x00, 0x00, 0x00, 0x00, 0x00, 0x00, 0x00, 0x00, 0x00, 0x00, 0x00, 0x00, 0x00, 0x00,
    0x00, 0x00, 0x00, 0x00, 0x00, 0x00, 0x00, 0x00, 0x00, 0x00, 0x00, 0x00, 0x00, 0x00, 0x00, 0x00,
    0x00, 0x00, 0x00, 0x00, 0x00, 0x00, 0x00, 0x00, 0x00, 0x00, 0x00, 0x00, 0x00, 0x00, 0x00, 0x00,
    0x00, 0x00, 0x00, 0x00, 0x00, 0x00, 0x00, 0x00, 0x00, 0x00, 0x00, 0x00, 0x00, 0x00, 0x00, 0x00,
    0x00, 0x00, 0x00, 0x00, 0x00, 0x00, 0x00, 0x00, 0x00, 0x00, 0x00, 0x00, 0x00, 0x00, 0x00, 0x00,
    0x00, 0x00, 0x00, 0x00, 0x00, 0x00, 0x00, 0x00, 0x00, 0x00, 0x00, 0x00, 0x00, 0x00, 0x00, 0x00,
    0x00, 0x00, 0x00, 0x00, 0x00, 0x00, 0x00, 0x00, 0x00, 0x00, 0x00, 0x00, 0x00, 0x00, 0x00, 0x00,
    0x00, 0x00, 0x00, 0x00, 0x00, 0x00, 0x00, 0x00, 0x00, 0x00, 0x00, 0x00, 0x00, 0x00, 0x00, 0x00,
    0x00, 0x00, 0x00, 0x00, 0x00, 0x00, 0x00, 0x00, 0x00, 0x00, 0x00, 0x00, 0x00, 0x00, 0x00, 0x00,
    0x00, 0x00, 0x00, 0x00, 0x00, 0x00, 0x00, 0x00, 0x00, 0x00, 0x00, 0x00, 0x00, 0x00, 0x00, 0x00,
    0x00, 0x00, 0x00, 0x00, 0x00, 0x00, 0x00, 0x00, 0x00, 0x00, 0x00, 0x00, 0x00, 0x00, 0x00, 0x00,
    0x00, 0x00, 0x00, 0x00, 0x00, 0x00, 0x00, 0x00, 0x00, 0x00, 0x00, 0x00, 0x00, 0x00, 0x00, 0x00,
    0x00, 0x00, 0x00, 0x00, 0x00, 0x00, 0x00, 0x00, 0x00, 0x00, 0x00, 0x00, 0x00, 0x00, 0x00, 0x00,
    0x00, 0x00, 0x00, 0x00, 0x00, 0x00, 0x00, 0x00, 0x00, 0x00, 0x00, 0x00, 0x00, 0x00, 0x00, 0x00,
    0x00, 0x00, 0x00, 0x00, 0x00, 0x00, 0x00, 0x00, 0x00, 0x00, 0x00, 0x00, 0x00, 0x00, 0x00, 0x00,
    0x00, 0x00, 0x00, 0x00, 0x00, 0x00, 0x00, 0x00, 0x00, 0x00, 0x00, 0x00, 0x00, 0x00, 0x00, 0x00,
    0x00, 0x00, 0x00, 0x00, 0x00, 0x00, 0x00, 0x00, 0x00, 0x00, 0x00, 0x00, 0x00, 0x00, 0x00, 0x00,
    0x00, 0x00, 0x00, 0x00, 0x00, 0x00, 0x00, 0x00, 0x00, 0x00, 0x00, 0x00, 0x00, 0x00, 0x00, 0x00,
    0x00, 0x00, 0x00, 0x00, 0x00, 0x00, 0x00, 0x00, 0x00, 0x00, 0x00, 0x00, 0x00, 0x00, 0x00, 0x00,
    0x00, 0x00, 0x00, 0x00, 0x00, 0x00, 0x00, 0x00, 0x00, 0x00, 0x00, 0x00, 0x00, 0x00, 0x00, 0x00,
    0x00, 0x00, 0x00, 0x00, 0x00, 0x00, 0x00, 0x00, 0x00, 0x00, 0x00, 0x00, 0x00, 0x00, 0x00, 0x00,
    0x00, 0x00, 0x00, 0x00, 0x00, 0x00, 0x00, 0x00, 0x00, 0x00, 0x00, 0x00, 0x00, 0x00, 0x00, 0x00,
    0x00, 0x00, 0x00, 0x00, 0x00, 0x00, 0x00, 0x00, 0x00, 0x00, 0x00, 0x00, 0x00, 0x00, 0x00, 0x00,
    0x00, 0x00, 0x00, 0x00, 0x00, 0x00, 0x00, 0x00, 0x00, 0x00, 0x00, 0x00, 0x00, 0x00, 0x00, 0x00,
    0x00, 0x00, 0x00, 0x00, 0x00, 0x00, 0x00, 0x00, 0x00, 0x00, 0x00, 0x00, 0x00, 0x00, 0x00, 0x00
};

const lv_image_dsc_t icon_weather_big_sunny = {
    .header.cf = LV_COLOR_FORMAT_ARGB8888,
    .header.magic = LV_IMAGE_HEADER_MAGIC,
    .header.w = 100,
    .header.h = 100,
    .data_size = 40000,
    .data = icon_weather_big_sunny_map,
};
