/**
 * Auto-generated from face_speaking.gif - DO NOT EDIT
 */

#include "lvgl/lvgl.h"

#ifndef LV_ATTRIBUTE_MEM_ALIGN
#define LV_ATTRIBUTE_MEM_ALIGN
#endif

static const LV_ATTRIBUTE_MEM_ALIGN uint8_t gif_face_speaking_data[] = {
    0x47, 0x49, 0x46, 0x38, 0x39, 0x61, 0xf6, 0x01, 0x9a, 0x01, 0x81, 0x00, 0x00, 0x00, 0x00, 0x00,
    0xff, 0xff, 0xff, 0x00, 0x00, 0x00, 0x00, 0x00, 0x00, 0x21, 0xff, 0x0b, 0x4e, 0x45, 0x54, 0x53,
    0x43, 0x41, 0x50, 0x45, 0x32, 0x2e, 0x30, 0x03, 0x01, 0x00, 0x00, 0x00, 0x21, 0xf9, 0x04, 0x00,
    0x05, 0x00, 0x00, 0x00, 0x2c, 0x00, 0x00, 0x00, 0x00, 0xf6, 0x01, 0x9a, 0x01, 0x00, 0x08, 0xff,
    0x00, 0x01, 0x08, 0x1c, 0x48, 0xb0, 0xa0, 0xc1, 0x83, 0x08, 0x13, 0x2a, 0x5c, 0xc8, 0xb0, 0xa1,
    0xc3, 0x87, 0x10, 0x23, 0x4a, 0x9c, 0x48, 0xb1, 0xa2, 0xc5, 0x8b, 0x18, 0x33, 0x6a, 0xdc, 0xc8,
    0xb1, 0xa3, 0xc7, 0x8f, 0x20, 0x43, 0x8a, 0x1c, 0x49, 0xb2, 0xa4, 0xc9, 0x93, 0x28, 0x53, 0xaa,
    0x5c, 0xc9, 0xb2, 0xa5, 0xcb, 0x97, 0x30, 0x63, 0xca, 0x9c, 0x49, 0xb3, 0xa6, 0xcd, 0x9b, 0x38,
    0x73, 0xea, 0xdc, 0xc9, 0xb3, 0xa7, 0xcf, 0x9f, 0x40, 0x83, 0x0a, 0x1d, 0x4a, 0xb4, 0xa8, 0xd1,
    0xa3, 0x48, 0x93, 0x2a, 0x5d, 0xca, 0xb4, 0xa9, 0xd3, 0xa7, 0x50, 0xa3, 0x4a, 0x9d, 0x4a, 0xb5,
    0xaa, 0xd5, 0xab, 0x58, 0xb3, 0x6a, 0xdd, 0xca, 0xb5, 0xab, 0xd7, 0xaf, 0x60, 0xc3, 0x8a, 0x1d,
    0x4b, 0xb6, 0xac, 0xd9, 0xb3, 0x68, 0xd3, 0xaa, 0x5d, 0xcb, 0xb6, 0xad, 0xdb, 0xb7, 0x70, 0xe3,
    0xca, 0x9d, 0x4b, 0xb7, 0xae, 0xdd, 0xbb, 0x78, 0xf3, 0xea, 0xdd, 0xcb, 0xb7, 0xaf, 0xdf, 0xbf,
    0x80, 0x03, 0x0b, 0x1e, 0x4c, 0xb8, 0xb0, 0xe1, 0xc3, 0x88, 0x13, 0x2b, 0x5e, 0xcc, 0xb8, 0xb1,
    0xe3, 0xc7, 0x90, 0x23, 0x4b, 0x9e, 0x4c, 0xb9, 0xb2, 0xe5, 0xcb, 0x98, 0x33, 0x6b, 0xde, 0xcc,
    0xb9, 0xb3, 0xe7, 0xcf, 0xa0, 0x43, 0x8b, 0x1e, 0x4d, 0xba, 0xb4, 0xe9, 0xd3, 0xa8, 0x53, 0xab,
    0x5e, 0xcd, 0xba, 0xb5, 0xeb, 0xd7, 0xb0, 0x63, 0xcb, 0x9e, 0x4d, 0xbb, 0xb6, 0xed, 0xdb, 0xb8,
    0x73, 0xeb, 0xde, 0xcd, 0xbb, 0xb7, 0xef, 0xdf, 0xc0, 0x83, 0x0b, 0x1f, 0x4e, 0xbc, 0xb8, 0xf1,
    0xe3, 0xc8, 0x93, 0x2b, 0x5f, 0xce, 0xbc, 0xb9, 0xf3, 0xe7, 0xd0, 0xa3, 0x4b, 0x9f, 0x4e, 0xbd,
    0xba, 0xf5, 0xeb, 0xd8, 0xb3, 0x6b, 0xdf, 0xce, 0xbd, 0xbb, 0xf7, 0xef, 0xe0, 0xc3, 0x8b, 0xff,
    0x1f, 0x4f, 0xbe, 0xbc, 0xf9, 0xf3, 0xe8, 0xd3, 0xab, 0x5f, 0xcf, 0xbe, 0xbd, 0xfb, 0xf7, 0xf0,
    0xe3, 0xcb, 0x9f, 0x4f, 0xbf, 0xbe, 0xfd, 0xfb, 0xf8, 0xf3, 0xeb, 0xdf, 0xcf, 0xbf, 0xbf, 0xff,
    0xff, 0x00, 0x06, 0x28, 0xe0, 0x80, 0x04, 0x16, 0x68, 0xe0, 0x81, 0x08, 0x26, 0xa8, 0xe0, 0x82,
    0x0c, 0x36, 0xe8, 0xe0, 0x83, 0x10, 0x46, 0x28, 0xe1, 0x84, 0x14, 0x56, 0x68, 0xe1, 0x85, 0x18,
    0x66, 0xa8, 0xe1, 0x86, 0x1c, 0x76, 0xe8, 0xe1, 0x87, 0x20, 0x86, 0x28, 0xe2, 0x88, 0x24, 0x96,
    0x68, 0xe2, 0x89, 0x28, 0xa6, 0xa8, 0xe2, 0x8a, 0x2c, 0xca, 0x17, 0xc0, 0x8b, 0x30, 0xc6, 0x28,
    0xe3, 0x8c, 0x34, 0xd6, 0x68, 0x63, 0x8b, 0x9c, 0xd9, 0xa8, 0xe3, 0x8e, 0x3c, 0xc2, 0x88, 0xe3,
    0x66, 0x3d, 0x06, 0x29, 0xa4, 0x8f, 0x3f, 0x3e, 0x36, 0xe4, 0x91, 0x48, 0x06, 0x59, 0x64, 0x61,
    0x49, 0x36, 0xe9, 0xa4, 0x8c, 0x4b, 0x12, 0xf6, 0xe4, 0x94, 0x4d, 0x46, 0x09, 0x18, 0x95, 0x58,
    0x62, 0x69, 0x65, 0x5e, 0x59, 0x76, 0xe9, 0xe4, 0x96, 0x78, 0x79, 0x29, 0xe6, 0x91, 0x60, 0xd2,
    0x35, 0xe6, 0x99, 0x49, 0x96, 0x09, 0x17, 0x9a, 0x6c, 0x0a, 0xa9, 0xe6, 0x5b, 0x6d, 0xc6, 0xb9,
    0xe3, 0x9b, 0x6e, 0xc9, 0x69, 0x27, 0x8d, 0x74, 0xaa, 0x75, 0xe7, 0x9e, 0x37, 0xe6, 0x59, 0x16,
    0x9f, 0x80, 0x42, 0xe9, 0x27, 0x59, 0x81, 0x16, 0x1a, 0xc0, 0xa0, 0x84, 0x1a, 0x0a, 0x28, 0xa2,
    0x63, 0x29, 0xba, 0x28, 0xa3, 0x61, 0x39, 0xca, 0x27, 0xa4, 0x5e, 0x49, 0xea, 0x28, 0xa5, 0x59,
    0x59, 0xaa, 0x28, 0xa6, 0x58, 0x69, 0x6a, 0x28, 0xa7, 0x57, 0x79, 0x5a, 0x28, 0xa8, 0x56, 0x89,
    0x1a, 0x28, 0xa9, 0x55, 0x99, 0xfa, 0x28, 0xaa, 0x52, 0xa9, 0x3a, 0x29, 0xab, 0xad, 0xba, 0xff,
    0x7a, 0x27, 0xac, 0xb1, 0xca, 0x2a, 0x27, 0xad, 0x51, 0xd9, 0x6a, 0x27, 0xae, 0x50, 0xe9, 0x7a,
    0x2b, 0xaf, 0x4e, 0xf9, 0x1a, 0x27, 0xb0, 0xc1, 0x0a, 0xcb, 0x26, 0xb1, 0x4d, 0x19, 0x7b, 0x2c,
    0xb2, 0x4b, 0x29, 0x8b, 0x26, 0xb3, 0xcd, 0x3a, 0x3b, 0x26, 0xb4, 0x4a, 0x49, 0x3b, 0x2d, 0xb5,
    0x48, 0x59, 0x2b, 0x26, 0xb6, 0xd9, 0x6a, 0xdb, 0x25, 0xb7, 0x47, 0x79, 0xfb, 0x2d, 0xb8, 0x45,
    0x89, 0x9b, 0x25, 0xb9, 0xe5, 0x9a, 0x4b, 0x25, 0xba, 0x44, 0xa9, 0xbb, 0x2e, 0xbb, 0x42, 0xb9,
    0x3b, 0x25, 0xbc, 0xf1, 0xca, 0xfb, 0x25, 0xbd, 0x40, 0xd9, 0x7b, 0x2f, 0xbe, 0x3e, 0xe9, 0x5b,
    0x25, 0xbf, 0xfd, 0xfa, 0x8b, 0x24, 0xc0, 0x01, 0x0b, 0x3c, 0x24, 0xc1, 0x3d, 0x19, 0x4c, 0x26,
    0xc2, 0x3b, 0x29, 0x7c, 0x30, 0xc3, 0x3a, 0x39, 0xec, 0x26, 0xc4, 0x39, 0x49, 0xac, 0x24, 0xc5,
    0x38, 0x59, 0xdc, 0x23, 0xc6, 0x19, 0x6b, 0x3c, 0x27, 0xc7, 0x15, 0x7b, 0x4c, 0x24, 0xc8, 0x0d,
    0x8b, 0xfc, 0x22, 0xc9, 0x3c, 0x99, 0x7c, 0x32, 0xca, 0x11, 0xab, 0xcc, 0x72, 0xcb, 0x26, 0xbf,
    0x1c, 0x72, 0xcc, 0x32, 0xdf, 0xa4, 0xf2, 0xa1, 0x35, 0xcf, 0xac, 0x70, 0xce, 0x29, 0x4b, 0xcc,
    0x73, 0xc9, 0x0e, 0xff, 0x9c, 0xaf, 0xb5, 0x42, 0x77, 0x2b, 0x6d, 0xd1, 0xe1, 0x12, 0x8d, 0xf4,
    0xd2, 0x4c, 0x37, 0xed, 0xf4, 0xd3, 0x50, 0x47, 0x2d, 0xf5, 0xd4, 0x54, 0x57, 0x6d, 0xf5, 0xd5,
    0x58, 0x67, 0xad, 0xf5, 0xd6, 0x5c, 0x77, 0xed, 0xf5, 0xd7, 0x60, 0x87, 0x2d, 0xf6, 0xd8, 0x64,
    0x97, 0x6d, 0xf6, 0xd9, 0x68, 0xa7, 0xad, 0xf6, 0xda, 0x6c, 0xfb, 0x85, 0x73, 0xdb, 0x60, 0x8d,
    0x0c, 0x37, 0x57, 0x31, 0xce, 0xfd, 0x55, 0xdd, 0x76, 0x77, 0x25, 0x77, 0xde, 0x99, 0xee, 0xff,
    0xcd, 0x77, 0xa9, 0x7e, 0xff, 0x9d, 0xea, 0xca, 0x82, 0x77, 0x1a, 0x78, 0xe1, 0xb9, 0x1e, 0x8e,
    0xf8, 0x53, 0x78, 0x2f, 0x4e, 0x55, 0xe3, 0x8e, 0x4f, 0x05, 0x79, 0xe4, 0xbd, 0x2a, 0x4e, 0x79,
    0xb5, 0x96, 0x5f, 0x6e, 0xf4, 0xdb, 0x9a, 0x17, 0x4b, 0x78, 0xe7, 0xc9, 0x66, 0x0e, 0x7a, 0xbb,
    0xa2, 0x8f, 0x5e, 0xef, 0xe7, 0xa6, 0x27, 0x35, 0x79, 0xea, 0x49, 0xa3, 0xce, 0xba, 0x51, 0xab,
    0xbf, 0x4e, 0xba, 0xeb, 0xb2, 0x0f, 0x15, 0x7b, 0xed, 0x41, 0xdd, 0x8e, 0xfb, 0x4f, 0xba, 0xef,
    0xde, 0x33, 0xed, 0xbe, 0x17, 0xcc, 0x79, 0xf0, 0x43, 0x03, 0x4f, 0x3c, 0xd0, 0xc3, 0x1f, 0x9f,
    0xb0, 0xf1, 0xca, 0x77, 0xcc, 0x7c, 0xf3, 0x36, 0xf5, 0x0e, 0x7d, 0x4d, 0xa5, 0x4f, 0x1f, 0x93,
    0xf4, 0xd6, 0x5f, 0x5f, 0x7d, 0xf6, 0x2f, 0x6d, 0xcf, 0xbd, 0x4b, 0xc9, 0x7f, 0x2f, 0xfe, 0xf8,
    0xe4, 0x97, 0x6f, 0xfe, 0xf9, 0xe8, 0xa7, 0xaf, 0xfe, 0xfa, 0xec, 0xb7, 0xef, 0xfe, 0xfb, 0xf0,
    0xc7, 0x2f, 0xff, 0xfc, 0xf4, 0xd7, 0x6f, 0xff, 0xfd, 0xf8, 0xe7, 0xaf, 0xff, 0xfe, 0xfc, 0xf7,
    0xef, 0xff, 0xff, 0x52, 0x4b, 0x93, 0x40, 0xf0, 0xf4, 0x90, 0x3e, 0x9d, 0x4f, 0x80, 0x00, 0x20,
    0xa0, 0x43, 0x0c, 0x68, 0x3e, 0x04, 0x2a, 0xb0, 0x21, 0x0c, 0xb4, 0x9e, 0xbf, 0x76, 0x37, 0x41,
    0xdc, 0x55, 0x90, 0x75, 0x16, 0x4b, 0x5d, 0x06, 0x4d, 0xb7, 0x41, 0xcd, 0xdd, 0x2c, 0x7c, 0x7f,
    0xfb, 0x20, 0xe5, 0x44, 0x18, 0x39, 0x12, 0x16, 0xee, 0x83, 0xde, 0x3b, 0x1b, 0x0a, 0x9f, 0xc7,
    0xb6, 0x15, 0x82, 0x70, 0x6e, 0x2e, 0x4c, 0xe1, 0xd8, 0x62, 0xc8, 0x42, 0xb4, 0xd1, 0xf0, 0x85,
    0x36, 0xbc, 0x61, 0x0d, 0xc9, 0xa6, 0xc3, 0x1d, 0xce, 0xb0, 0x87, 0x79, 0xeb, 0x21, 0x0e, 0xf8,
    0x55, 0x08, 0x44, 0xbb, 0x09, 0x31, 0x88, 0x45, 0x84, 0x61, 0x12, 0xe1, 0x76, 0x44, 0x23, 0x2e,
    0xb1, 0x6d, 0x4d, 0x54, 0xa2, 0x0e, 0x91, 0x38, 0x45, 0x27, 0x56, 0x51, 0x8a, 0x37, 0xa4, 0x62,
    0x16, 0xad, 0xb8, 0x45, 0x2c, 0xd2, 0x50, 0x8b, 0x5f, 0x0c, 0x61, 0x18, 0xf9, 0xd6, 0x45, 0x30,
    0xa2, 0x50, 0x70, 0x65, 0xe4, 0xe2, 0x0a, 0xd1, 0x38, 0x46, 0x33, 0x9a, 0xd0, 0x8d, 0x37, 0x63,
    0x63, 0x0c, 0xe5, 0xe8, 0x42, 0x3a, 0xc6, 0x11, 0x71, 0x75, 0xc4, 0xe3, 0x1a, 0xf5, 0x78, 0x46,
    0x3e, 0xbe, 0x51, 0x8c, 0x7d, 0x74, 0x9c, 0xc8, 0x40, 0x37, 0xc8, 0xce, 0x15, 0xd2, 0x83, 0x1e,
    0x23, 0xa4, 0xc1, 0x64, 0xb7, 0xb3, 0xd7, 0x35, 0xd2, 0x77, 0xe6, 0x6a, 0x5e, 0x24, 0x95, 0x37,
    0x49, 0xee, 0xb9, 0x2a, 0x7d, 0x97, 0x44, 0x5f, 0x26, 0x01, 0xc8, 0xc9, 0x4e, 0x7a, 0xf2, 0x93,
    0xa0, 0x0c, 0xa5, 0x28, 0x47, 0x49, 0xca, 0x52, 0x9a, 0xf2, 0x94, 0xa8, 0x4c, 0xa5, 0x2a, 0x57,
    0xc9, 0xca, 0x56, 0xba, 0xf2, 0x95, 0xb0, 0x8c, 0xa5, 0x2c, 0x67, 0x49, 0xcb, 0x5a, 0xda, 0xf2,
    0x96, 0xb8, 0xcc, 0xa5, 0x2e, 0x77, 0xc9, 0xcb, 0x5e, 0xfa, 0xf2, 0x97, 0xc0, 0x0c, 0xa6, 0x30,
    0x87, 0x49, 0xcc, 0x62, 0x1a, 0xf3, 0x98, 0xc8, 0x4c, 0xa6, 0x32, 0x97, 0xc9, 0xcc, 0x66, 0x3a,
    0xf3, 0x99, 0xd0, 0x8c, 0xa6, 0x34, 0xa7, 0x49, 0xcd, 0x6a, 0x5a, 0xf3, 0x9a, 0xd8, 0xcc, 0xa6,
    0x36, 0xb7, 0xc9, 0xcd, 0x6e, 0x7a, 0xf3, 0x9b, 0xe0, 0x0c, 0xa7, 0x38, 0xc7, 0x49, 0xce, 0x72,
    0x9a, 0xf3, 0x9c, 0xe8, 0x4c, 0xa7, 0x3a, 0xd7, 0xc9, 0xce, 0x76, 0xba, 0xf3, 0x9d, 0xf0, 0x8c,
    0xa7, 0x3c, 0xe7, 0x49, 0x4f, 0x6a, 0x06, 0x04, 0x00, 0x21, 0xf9, 0x04, 0x01, 0x05, 0x00, 0x02,
    0x00, 0x2c, 0x00, 0x00, 0x00, 0x00, 0xf6, 0x01, 0x9a, 0x01, 0x81, 0x00, 0x00, 0x00, 0xff, 0xff,
    0xff, 0x00, 0x00, 0x00, 0x00, 0x00, 0x00, 0x08, 0xff, 0x00, 0x01, 0x08, 0x1c, 0x48, 0xb0, 0xa0,
    0xc1, 0x83, 0x08, 0x13, 0x2a, 0x5c, 0xc8, 0xb0, 0xa1, 0xc3, 0x87, 0x10, 0x23, 0x4a, 0x9c, 0x48,
    0xb1, 0xa2, 0xc5, 0x8b, 0x18, 0x33, 0x6a, 0xdc, 0xc8, 0xb1, 0xa3, 0xc7, 0x8f, 0x20, 0x43, 0x8a,
    0x1c, 0x49, 0xb2, 0xa4, 0xc9, 0x93, 0x28, 0x53, 0xaa, 0x5c, 0xc9, 0xb2, 0xa5, 0xcb, 0x97, 0x30,
    0x63, 0xca, 0x9c, 0x49, 0xb3, 0xa6, 0xcd, 0x9b, 0x38, 0x73, 0xea, 0xdc, 0xc9, 0xb3, 0xa7, 0xcf,
    0x9f, 0x40, 0x83, 0x0a, 0x1d, 0x4a, 0xb4, 0xa8, 0xd1, 0xa3, 0x48, 0x93, 0x2a, 0x5d, 0xca, 0xb4,
    0xa9, 0xd3, 0xa7, 0x50, 0xa3, 0x4a, 0x9d, 0x4a, 0xb5, 0xaa, 0xd5, 0xab, 0x58, 0xb3, 0x6a, 0xdd,
    0xca, 0xb5, 0xab, 0xd7, 0xaf, 0x60, 0xc3, 0x8a, 0x1d, 0x4b, 0xb6, 0xac, 0xd9, 0xb3, 0x68, 0xd3,
    0xaa, 0x5d, 0xcb, 0xb6, 0xad, 0xdb, 0xb7, 0x70, 0xe3, 0xca, 0x9d, 0x4b, 0xb7, 0xae, 0xdd, 0xbb,
    0x78, 0xf3, 0xea, 0xdd, 0xcb, 0xb7, 0xaf, 0xdf, 0xbf, 0x80, 0x03, 0x0b, 0x1e, 0x4c, 0xb8, 0xb0,
    0xe1, 0xc3, 0x88, 0x13, 0x2b, 0x5e, 0xcc, 0xb8, 0xb1, 0xe3, 0xc7, 0x90, 0x23, 0x4b, 0x9e, 0x4c,
    0xb9, 0xb2, 0xe5, 0xcb, 0x98, 0x33, 0x6b, 0xde, 0xcc, 0xb9, 0xb3, 0xe7, 0xcf, 0xa0, 0x43, 0x8b,
    0x1e, 0x4d, 0xba, 0xb4, 0xe9, 0xd3, 0xa8, 0x53, 0xab, 0x5e, 0xcd, 0xba, 0xb5, 0xeb, 0xd7, 0xb0,
    0x63, 0xcb, 0x9e, 0x4d, 0xbb, 0xb6, 0xed, 0xdb, 0xb8, 0x73, 0xeb, 0xde, 0xcd, 0xbb, 0xb7, 0xef,
    0xdf, 0xc0, 0x83, 0x0b, 0x1f, 0x4e, 0xbc, 0xb8, 0xf1, 0xe3, 0xc8, 0x93, 0x2b, 0x5f, 0xce, 0xbc,
    0xb9, 0xf3, 0xe7, 0xd0, 0xa3, 0x4b, 0x9f, 0x4e, 0xbd, 0xba, 0xf5, 0xeb, 0xd8, 0xb3, 0x6b, 0xdf,
    0xce, 0xbd, 0xbb, 0xf7, 0xef, 0xe0, 0xc3, 0x8b, 0xff, 0x1f, 0x4f, 0xbe, 0xbc, 0xf9, 0xf3, 0xe8,
    0xd3, 0xab, 0x5f, 0xcf, 0xbe, 0xbd, 0xfb, 0xf7, 0xf0, 0xe3, 0xcb, 0x9f, 0x4f, 0xbf, 0xbe, 0xfd,
    0xfb, 0xf8, 0xf3, 0xeb, 0xdf, 0xcf, 0xbf, 0xbf, 0xff, 0xff, 0x00, 0x06, 0x28, 0xe0, 0x80, 0x04,
    0x16, 0x68, 0xe0, 0x81, 0x08, 0x26, 0xa8, 0xe0, 0x82, 0x0c, 0x36, 0xe8, 0xe0, 0x83, 0x10, 0x46,
    0x28, 0xe1, 0x84, 0x14, 0x56, 0x68, 0xe1, 0x85, 0x18, 0x66, 0xa8, 0xe1, 0x86, 0x1c, 0x76, 0xe8,
    0xe1, 0x87, 0x20, 0x86, 0x28, 0xe2, 0x88, 0x24, 0x96, 0x68, 0xe2, 0x89, 0x28, 0xa6, 0xa8, 0xe2,
    0x8a, 0x2c, 0xca, 0x27, 0xc0, 0x8b, 0x30, 0xc6, 0x28, 0xe3, 0x8c, 0x34, 0xd6, 0x68, 0x63, 0x8b,
    0x9c, 0xd9, 0xa8, 0xe3, 0x8e, 0x3c, 0xc2, 0x88, 0xe3, 0x66, 0x3d, 0x06, 0x29, 0xa4, 0x8f, 0x3f,
    0x3e, 0x36, 0xe4, 0x91, 0x48, 0x06, 0x59, 0x64, 0x61, 0x49, 0x36, 0xe9, 0xa4, 0x8c, 0x4b, 0x12,
    0xf6, 0xe4, 0x94, 0x4d, 0x46, 0x09, 0x18, 0x95, 0x58, 0x62, 0x69, 0x65, 0x5e, 0x59, 0x76, 0xe9,
    0xe4, 0x96, 0x78, 0x79, 0x29, 0xe6, 0x91, 0x60, 0xd2, 0x35, 0xe6, 0x99, 0x49, 0x96, 0x09, 0x17,
    0x9a, 0x6c, 0x0a, 0xa9, 0xe6, 0x5b, 0x6d, 0xc6, 0xb9, 0xe3, 0x9b, 0x6e, 0xc9, 0x69, 0x27, 0x8d,
    0x74, 0xaa, 0x75, 0xe7, 0x9e, 0x37, 0xe6, 0x59, 0x16, 0x9f, 0x80, 0x42, 0xe9, 0x27, 0x59, 0x81,
    0x16, 0x2a, 0xc0, 0xa0, 0x84, 0x1a, 0x0a, 0x28, 0xa2, 0x63, 0x29, 0xba, 0x28, 0xa3, 0x61, 0x39,
    0xca, 0x27, 0xa4, 0x5e, 0x49, 0xea, 0x28, 0xa5, 0x59, 0x59, 0xaa, 0x28, 0xa6, 0x58, 0x69, 0x6a,
    0x28, 0xa7, 0x57, 0x79, 0x5a, 0x28, 0xa8, 0x56, 0x89, 0x1a, 0x28, 0xa9, 0x55, 0x99, 0xfa, 0x28,
    0xaa, 0x52, 0xa9, 0x3a, 0x29, 0xab, 0xad, 0xba, 0xff, 0x7a, 0x27, 0xac, 0xb1, 0xca, 0x2a, 0x27,
    0xad, 0x51, 0xd9, 0x6a, 0x27, 0xae, 0x50, 0xe9, 0x7a, 0x2b, 0xaf, 0x4e, 0xf9, 0x1a, 0x27, 0xb0,
    0xc1, 0x0a, 0xcb, 0x26, 0xb1, 0x4d, 0x19, 0x7b, 0x2c, 0xb2, 0x4b, 0x29, 0x8b, 0x26, 0xb3, 0xcd,
    0x3a, 0x3b, 0x26, 0xb4, 0x4a, 0x49, 0x3b, 0x2d, 0xb5, 0x48, 0x59, 0x2b, 0x26, 0xb6, 0xd9, 0x6a,
    0xdb, 0x25, 0xb7, 0x47, 0x79, 0xfb, 0x2d, 0xb8, 0x45, 0x89, 0x9b, 0x25, 0xb9, 0xe5, 0x9a, 0x4b,
    0x25, 0xba, 0x44, 0xa9, 0xbb, 0x2e, 0xbb, 0x42, 0xb9, 0x3b, 0x25, 0xbc, 0xf1, 0xca, 0xfb, 0x25,
    0xbd, 0x40, 0xd9, 0x7b, 0x2f, 0xbe, 0x3e, 0xe9, 0x5b, 0x25, 0xbf, 0xfd, 0xfa, 0x8b, 0x24, 0xc0,
    0x01, 0x0b, 0x3c, 0x24, 0xc1, 0x3d, 0x19, 0x4c, 0x26, 0xc2, 0x3b, 0x29, 0x7c, 0x30, 0xc3, 0x3a,
    0x39, 0xec, 0x26, 0xc4, 0x39, 0x49, 0xac, 0x24, 0xc5, 0x38, 0x59, 0xdc, 0x23, 0xc6, 0x19, 0x6b,
    0x3c, 0x27, 0xc7, 0x15, 0x7b, 0x4c, 0x24, 0xc8, 0x0d, 0x8b, 0xfc, 0x22, 0xc9, 0x3c, 0x99, 0x7c,
    0x32, 0xca, 0x11, 0xab, 0xcc, 0x72, 0xcb, 0x26, 0xbf, 0x1c, 0x72, 0xcc, 0x32, 0xdf, 0xa4, 0xf2,
    0xa1, 0x35, 0xcf, 0xac, 0x70, 0xce, 0x29, 0x4b, 0xcc, 0x73, 0xc9, 0x0e, 0xff, 0x9c, 0xaf, 0xb5,
    0x42, 0x77, 0x2b, 0x6d, 0xd1, 0xe1, 0x12, 0x8d, 0xf4, 0xd2, 0x4c, 0x37, 0xed, 0xf4, 0xd3, 0x50,
    0x47, 0x2d, 0xf5, 0xd4, 0x54, 0x57, 0x6d, 0xf5, 0xd5, 0x58, 0x67, 0xad, 0xf5, 0xd6, 0x5c, 0x77,
    0xed, 0xf5, 0xd7, 0x60, 0x87, 0x2d, 0xf6, 0xd8, 0x64, 0x97, 0x6d, 0xf6, 0xd9, 0x68, 0xa7, 0xad,
    0xf6, 0xda, 0x6c, 0xfb, 0x85, 0x73, 0xdb, 0x60, 0x8d, 0x0c, 0x37, 0x57, 0x31, 0xce, 0xfd, 0x55,
    0xdd, 0x76, 0x77, 0x25, 0x77, 0xde, 0x99, 0xee, 0xff, 0xcd, 0x77, 0xa9, 0x7e, 0xff, 0x9d, 0xea,
    0xca, 0x82, 0x77, 0x1a, 0x78, 0xe1, 0xb9, 0x1e, 0x8e, 0xf8, 0x53, 0x78, 0x2f, 0x4e, 0x55, 0xe3,
    0x8e, 0x4f, 0x05, 0x79, 0xe4, 0xbd, 0x2a, 0x4e, 0x79, 0xb5, 0x96, 0x5f, 0x6e, 0xf4, 0xdb, 0x9a,
    0x17, 0x4b, 0x78, 0xe7, 0xc9, 0x66, 0x0e, 0x7a, 0xbb, 0xa2, 0x8f, 0x5e, 0xef, 0xe7, 0xa6, 0x27,
    0x35, 0x79, 0xea, 0x49, 0xa3, 0xce, 0xba, 0x51, 0xab, 0xbf, 0x4e, 0xba, 0xeb, 0xb2, 0x0f, 0x15,
    0x7b, 0xed, 0x41, 0xdd, 0x8e, 0xfb, 0x4f, 0xba, 0xef, 0xde, 0x33, 0xed, 0xbe, 0x17, 0xcc, 0x79,
    0xf0, 0x43, 0x03, 0x4f, 0x3c, 0xd0, 0xc3, 0x1f, 0x9f, 0xb0, 0xf1, 0xca, 0x77, 0xcc, 0x7c, 0xf3,
    0x36, 0xf5, 0x0e, 0x7d, 0x4d, 0xa5, 0x4f, 0x1f, 0x93, 0xf4, 0xd6, 0x5f, 0x5f, 0x7d, 0xf6, 0x2f,
    0x6d, 0xcf, 0xbd, 0x4b, 0xc9, 0x7f, 0x2f, 0xfe, 0xf8, 0xe4, 0x97, 0x6f, 0xfe, 0xf9, 0xe8, 0xa7,
    0xaf, 0xfe, 0xfa, 0xec, 0xb7, 0xef, 0xfe, 0xfb, 0xf0, 0xc7, 0x2f, 0xff, 0xfc, 0xf4, 0xd7, 0x6f,
    0xff, 0xfd, 0xf8, 0xe7, 0xaf, 0xff, 0xfe, 0xfc, 0xf7, 0xef, 0xff, 0xff, 0x52, 0x4b, 0x93, 0x40,
    0x02, 0x17, 0x80, 0x02, 0x1a, 0xf0, 0x80, 0x06, 0xec, 0xd3, 0xf9, 0x04, 0x08, 0x00, 0x02, 0x22,
    0xf0, 0x81, 0x01, 0x50, 0xa0, 0xf9, 0x18, 0xe8, 0x40, 0x08, 0x1e, 0x50, 0x82, 0xcd, 0x4b, 0xa0,
    0xbe, 0x64, 0xa7, 0x41, 0x7b, 0x71, 0xb0, 0x80, 0xfe, 0x4a, 0x5d, 0x07, 0x77, 0xd6, 0xb9, 0x11,
    0x1a, 0x0c, 0x74, 0x26, 0x14, 0x18, 0xe8, 0x6e, 0x16, 0xbe, 0xbf, 0xb1, 0x90, 0x72, 0x2f, 0x8c,
    0x5c, 0x0c, 0x0b, 0xc7, 0x42, 0xef, 0x9d, 0xad, 0x86, 0xcf, 0x63, 0x1b, 0x0e, 0x5b, 0x38, 0xb7,
    0x1d, 0xda, 0x70, 0x6c, 0x3e, 0xcc, 0x21, 0xda, 0xff, 0x82, 0xc8, 0xc3, 0x21, 0x12, 0x51, 0x88,
    0x64, 0x3b, 0x22, 0x12, 0x81, 0xa8, 0xc4, 0xbc, 0x29, 0xb1, 0x88, 0x37, 0x6c, 0xa2, 0xdd, 0x9e,
    0xe8, 0x44, 0x29, 0xf6, 0xd0, 0x8a, 0x70, 0xa3, 0xe2, 0x14, 0xb1, 0xd8, 0x36, 0x2d, 0x5e, 0xf1,
    0x88, 0x55, 0x04, 0xe3, 0x16, 0xc5, 0xf8, 0x45, 0x22, 0x86, 0xd1, 0x8c, 0x63, 0x44, 0x63, 0x19,
    0x83, 0x78, 0x46, 0x36, 0xda, 0x2d, 0x85, 0x33, 0x84, 0x1b, 0x1c, 0x6f, 0x96, 0xb7, 0x39, 0xba,
    0xcc, 0x85, 0x6e, 0xe4, 0x9b, 0x1a, 0xdb, 0x58, 0x43, 0xc1, 0xed, 0x31, 0x8d, 0x38, 0xf4, 0x63,
    0x1e, 0xf9, 0x18, 0x47, 0x40, 0xde, 0x91, 0x86, 0x81, 0x44, 0xdc, 0x0e, 0x17, 0xb7, 0x48, 0x45,
    0x26, 0x12, 0x91, 0x7d, 0x94, 0xa1, 0xc7, 0x56, 0x38, 0xc9, 0xce, 0x89, 0x8c, 0x92, 0x1a, 0xc3,
    0xa4, 0xbf, 0x0c, 0x98, 0x3a, 0x85, 0x71, 0xd2, 0x74, 0x9e, 0x2c, 0xe0, 0xee, 0xcc, 0xd5, 0x3c,
    0x52, 0x2a, 0xcf, 0x94, 0xdc, 0x73, 0x55, 0xfa, 0x54, 0x89, 0x3e, 0x56, 0x02, 0xf0, 0x95, 0xb0,
    0x8c, 0xa5, 0x2c, 0x67, 0x49, 0xcb, 0x5a, 0xda, 0xf2, 0x96, 0xb8, 0xcc, 0xa5, 0x2e, 0x77, 0xc9,
    0xcb, 0x5e, 0xfa, 0xf2, 0x97, 0xc0, 0x0c, 0xa6, 0x30, 0x87, 0x49, 0xcc, 0x62, 0x1a, 0xf3, 0x98,
    0xc8, 0x4c, 0xa6, 0x32, 0x97, 0xc9, 0xcc, 0x66, 0x3a, 0xf3, 0x99, 0xd0, 0x8c, 0xa6, 0x34, 0xa7,
    0x49, 0xcd, 0x6a, 0x5a, 0xf3, 0x9a, 0xd8, 0xcc, 0xa6, 0x36, 0xb7, 0xc9, 0xcd, 0x6e, 0x7a, 0xf3,
    0x9b, 0xe0, 0x0c, 0xa7, 0x38, 0xc7, 0x49, 0xce, 0x72, 0x9a, 0xf3, 0x9c, 0xe8, 0x4c, 0xa7, 0x3a,
    0xd7, 0xc9, 0xce, 0x76, 0xba, 0xf3, 0x9d, 0xf0, 0x8c, 0xa7, 0x3c, 0xe7, 0x49, 0xcf, 0x7a, 0xda,
    0xf3, 0x9e, 0xf8, 0xcc, 0xa7, 0x3e, 0xf7, 0xc9, 0x13, 0xcf, 0x7e, 0xfa, 0xf3, 0x9f, 0x00, 0x0d,
    0xa8, 0x40, 0x07, 0x4a, 0xd0, 0x82, 0x1a, 0xf4, 0xa0, 0xe7, 0x0c, 0x08, 0x00, 0x21, 0xf9, 0x04,
    0x01, 0x05, 0x00, 0x02, 0x00, 0x2c, 0x00, 0x00, 0x00, 0x00, 0xf6, 0x01, 0x9a, 0x01, 0x81, 0x00,
    0x00, 0x00, 0xff, 0xff, 0xff, 0x00, 0x00, 0x00, 0x00, 0x00, 0x00, 0x08, 0xff, 0x00, 0x01, 0x08,
    0x1c, 0x48, 0xb0, 0xa0, 0xc1, 0x83, 0x08, 0x13, 0x2a, 0x5c, 0xc8, 0xb0, 0xa1, 0xc3, 0x87, 0x10,
    0x23, 0x4a, 0x9c, 0x48, 0xb1, 0xa2, 0xc5, 0x8b, 0x18, 0x33, 0x6a, 0xdc, 0xc8, 0xb1, 0xa3, 0xc7,
    0x8f, 0x20, 0x43, 0x8a, 0x1c, 0x49, 0xb2, 0xa4, 0xc9, 0x93, 0x28, 0x53, 0xaa, 0x5c, 0xc9, 0xb2,
    0xa5, 0xcb, 0x97, 0x30, 0x63, 0xca, 0x9c, 0x49, 0xb3, 0xa6, 0xcd, 0x9b, 0x38, 0x73, 0xea, 0xdc,
    0xc9, 0xb3, 0xa7, 0xcf, 0x9f, 0x40, 0x83, 0x0a, 0x1d, 0x4a, 0xb4, 0xa8, 0xd1, 0xa3, 0x48, 0x93,
    0x2a, 0x5d, 0xca, 0xb4, 0xa9, 0xd3, 0xa7, 0x50, 0xa3, 0x4a, 0x9d, 0x4a, 0xb5, 0xaa, 0xd5, 0xab,
    0x58, 0xb3, 0x6a, 0xdd, 0xca, 0xb5, 0xab, 0xd7, 0xaf, 0x60, 0xc3, 0x8a, 0x1d, 0x4b, 0xb6, 0xac,
    0xd9, 0xb3, 0x68, 0xd3, 0xaa, 0x5d, 0xcb, 0xb6, 0xad, 0xdb, 0xb7, 0x70, 0xe3, 0xca, 0x9d, 0x4b,
    0xb7, 0xae, 0xdd, 0xbb, 0x78, 0xf3, 0xea, 0xdd, 0xcb, 0xb7, 0xaf, 0xdf, 0xbf, 0x80, 0x03, 0x0b,
    0x1e, 0x4c, 0xb8, 0xb0, 0xe1, 0xc3, 0x88, 0x13, 0x2b, 0x5e, 0xcc, 0xb8, 0xb1, 0xe3, 0xc7, 0x90,
    0x23, 0x4b, 0x9e, 0x4c, 0xb9, 0xb2, 0xe5, 0xcb, 0x98, 0x33, 0x6b, 0xde, 0xcc, 0xb9, 0xb3, 0xe7,
    0xcf, 0xa0, 0x43, 0x8b, 0x1e, 0x4d, 0xba, 0xb4, 0xe9, 0xd3, 0xa8, 0x53, 0xab, 0x5e, 0xcd, 0xba,
    0xb5, 0xeb, 0xd7, 0xb0, 0x63, 0xcb, 0x9e, 0x4d, 0xbb, 0xb6, 0xed, 0xdb, 0xb8, 0x73, 0xeb, 0xde,
    0xcd, 0xbb, 0xb7, 0xef, 0xdf, 0xc0, 0x83, 0x0b, 0x1f, 0x4e, 0xbc, 0xb8, 0xf1, 0xe3, 0xc8, 0x93,
    0x2b, 0x5f, 0xce, 0xbc, 0xb9, 0xf3, 0xe7, 0xd0, 0xa3, 0x4b, 0x9f, 0x4e, 0xbd, 0xba, 0xf5, 0xeb,
    0xd8, 0xb3, 0x6b, 0xdf, 0xce, 0xbd, 0xbb, 0xf7, 0xef, 0xe0, 0xc3, 0x8b, 0xff, 0x1f, 0x4f, 0xbe,
    0xbc, 0xf9, 0xf3, 0xe8, 0xd3, 0xab, 0x5f, 0xcf, 0xbe, 0xbd, 0xfb, 0xf7, 0xf0, 0xe3, 0xcb, 0x9f,
    0x4f, 0xbf, 0xbe, 0xfd, 0xfb, 0xf8, 0xf3, 0xeb, 0xdf, 0xcf, 0xbf, 0xbf, 0xff, 0xff, 0x00, 0x06,
    0x28, 0xe0, 0x80, 0x04, 0x16, 0x68, 0xe0, 0x81, 0x08, 0x26, 0xa8, 0xe0, 0x82, 0x0c, 0x36, 0xe8,
    0xe0, 0x83, 0x10, 0x46, 0x28, 0xe1, 0x84, 0x14, 0x56, 0x68, 0xe1, 0x85, 0x18, 0x66, 0xa8, 0xe1,
    0x86, 0x1c, 0x76, 0xe8, 0xe1, 0x87, 0x20, 0x86, 0x28, 0xe2, 0x88, 0x24, 0x96, 0x68, 0xe2, 0x89,
    0x28, 0xa6, 0xa8, 0xe2, 0x8a, 0x2c, 0xca, 0x27, 0xc0, 0x8b, 0x30, 0xc6, 0x28, 0xe3, 0x8c, 0x34,
    0xd6, 0x68, 0x63, 0x8b, 0x9c, 0xd9, 0xa8, 0xe3, 0x8e, 0x3c, 0xc2, 0x88, 0xe3, 0x66, 0x3d, 0x06,
    0x29, 0xa4, 0x8f, 0x3f, 0x3e, 0x36, 0xe4, 0x91, 0x48, 0x06, 0x59, 0x64, 0x61, 0x49, 0x36, 0xe9,
    0xa4, 0x8c, 0x4b, 0x12, 0xf6, 0xe4, 0x94, 0x4d, 0x46, 0x09, 0x18, 0x95, 0x58, 0x62, 0x69, 0x65,
    0x5e, 0x59, 0x76, 0xe9, 0xe4, 0x96, 0x78, 0x79, 0x29, 0xe6, 0x91, 0x60, 0xd2, 0x35, 0xe6, 0x99,
    0x49, 0x96, 0x09, 0x17, 0x9a, 0x6c, 0x0a, 0xa9, 0xe6, 0x5b, 0x6d, 0xc6, 0xb9, 0xe3, 0x9b, 0x6e,
    0xc9, 0x69, 0x27, 0x8d, 0x74, 0xaa, 0x75, 0xe7, 0x9e, 0x37, 0xe6, 0x59, 0x16, 0x9f, 0x80, 0x42,
    0xe9, 0x27, 0x59, 0x81, 0x16, 0x2a, 0xc0, 0xa0, 0x61, 0x05, 0xa0, 0xa8, 0xa1, 0x81, 0x22, 0x0a,
    0x96, 0xa2, 0x01, 0x30, 0x0a, 0xa8, 0xa3, 0x5f, 0x41, 0x2a, 0x29, 0x9f, 0x94, 0x7a, 0x75, 0xa9,
    0xa4, 0x99, 0x66, 0xb5, 0x29, 0xa3, 0x9d, 0x62, 0xf5, 0xa9, 0xa1, 0xa1, 0x5e, 0x35, 0x6a, 0xa1,
    0xa5, 0x5a, 0x75, 0x6a, 0xa3, 0xa9, 0x52, 0xb5, 0xea, 0xa4, 0xad, 0x4e, 0xff, 0xf5, 0x2a, 0xa6,
    0xb1, 0x4a, 0x35, 0xeb, 0x9e, 0xb5, 0xda, 0x7a, 0xab, 0x9d, 0xb9, 0x46, 0xb5, 0x2b, 0xaf, 0xbd,
    0x3e, 0xf5, 0xab, 0x9c, 0xc1, 0x0a, 0x3b, 0x6c, 0x9b, 0xc5, 0x3a, 0x75, 0x2c, 0xb2, 0xc9, 0x32,
    0xb5, 0x2c, 0x9b, 0xcd, 0x3a, 0xfb, 0xec, 0x99, 0xd1, 0x2e, 0x35, 0x2d, 0xb5, 0xd5, 0x26, 0x75,
    0xed, 0x98, 0xd9, 0x6a, 0xbb, 0xad, 0x97, 0xdd, 0x22, 0xf5, 0x2d, 0xb8, 0xe1, 0x1a, 0x35, 0x6e,
    0x97, 0xe5, 0x9a, 0x7b, 0xae, 0x96, 0xe9, 0x12, 0xb5, 0x2e, 0xbb, 0xed, 0x0a, 0xf5, 0x2e, 0x95,
    0xf1, 0x0e, 0x35, 0xef, 0x94, 0xf5, 0xca, 0x7b, 0xef, 0x97, 0xf9, 0x02, 0xb5, 0x2f, 0xbf, 0xfd,
    0xfa, 0xf4, 0x6f, 0x95, 0x01, 0x0b, 0x3c, 0x30, 0x92, 0x05, 0x1b, 0x7c, 0xf0, 0x90, 0x09, 0xf7,
    0xb4, 0x30, 0x99, 0x0d, 0xef, 0xf4, 0x30, 0xc3, 0x11, 0xeb, 0x34, 0xb1, 0x9b, 0x15, 0xe7, 0x74,
    0xb1, 0x92, 0x19, 0xe3, 0xb4, 0x71, 0x8f, 0x1d, 0x7b, 0xfc, 0xf1, 0x9c, 0x21, 0x6b, 0x3c, 0x32,
    0x91, 0x25, 0x4b, 0x7c, 0xf2, 0x8b, 0x29, 0xf3, 0xb4, 0x32, 0xcb, 0x2d, 0x5b, 0xfc, 0x72, 0xcc,
    0x32, 0xaf, 0x4c, 0xb3, 0xc9, 0x36, 0xdf, 0x7c, 0xd3, 0xcb, 0x87, 0xea, 0x8c, 0xf3, 0xc0, 0x3e,
    0xff, 0xf4, 0x70, 0xd0, 0x0a, 0x03, 0x4d, 0xb4, 0xbe, 0xd7, 0x1e, 0x2d, 0xee, 0xb6, 0x4a, 0x1f,
    0xf5, 0x6d, 0xd3, 0x50, 0x47, 0x2d, 0xf5, 0xd4, 0x54, 0x57, 0x6d, 0xf5, 0xd5, 0x58, 0x67, 0xad,
    0xf5, 0xd6, 0x5c, 0x77, 0xed, 0xf5, 0xd7, 0x60, 0x87, 0x2d, 0xf6, 0xd8, 0x64, 0x97, 0x6d, 0xf6,
    0xd9, 0x68, 0xa7, 0xad, 0xf6, 0xda, 0x6c, 0xb7, 0xed, 0xf6, 0xdb, 0x70, 0xc7, 0xfd, 0x57, 0xcf,
    0x72, 0x83, 0x85, 0x72, 0xdd, 0x5c, 0xc5, 0x88, 0xf7, 0x57, 0x7a, 0xef, 0xff, 0xdd, 0xd5, 0xdd,
    0x7e, 0x7b, 0x0a, 0x78, 0xe0, 0xaa, 0x0e, 0x4e, 0x78, 0x55, 0x86, 0x1f, 0x2e, 0x6b, 0xe2, 0x8a,
    0x43, 0xd5, 0x77, 0xe3, 0x88, 0x33, 0x0e, 0x79, 0x53, 0x8f, 0x4f, 0xbe, 0x38, 0xcc, 0x96, 0xeb,
    0x8a, 0x79, 0xe6, 0x8e, 0x4b, 0xce, 0xf9, 0xd2, 0x9b, 0x7f, 0x4e, 0xb9, 0xe7, 0xa2, 0x17, 0x55,
    0x79, 0xe9, 0xd6, 0x92, 0x8e, 0x3a, 0xd2, 0x74, 0xaf, 0xae, 0xd4, 0xe9, 0xae, 0x3b, 0xad, 0x7a,
    0xec, 0x45, 0xd3, 0xfe, 0xfa, 0xec, 0xb6, 0xab, 0x1c, 0x7a, 0xee, 0xf6, 0xe2, 0xce, 0xbb, 0xc8,
    0xbb, 0xff, 0x2e, 0xb4, 0xef, 0xc2, 0xd7, 0x04, 0x7b, 0xf1, 0xb5, 0x23, 0xcf, 0xba, 0xf2, 0x48,
    0x33, 0x1f, 0xd4, 0xf1, 0xce, 0xff, 0x1c, 0xfd, 0xf0, 0xad, 0x4f, 0x5f, 0x73, 0xf5, 0xd6, 0xef,
    0x4c, 0x7c, 0xf6, 0x2c, 0x6d, 0xcf, 0xfd, 0x4a, 0xd8, 0x7f, 0x2f, 0xfe, 0xf8, 0xe4, 0x97, 0x6f,
    0xfe, 0xf9, 0xe8, 0xa7, 0xaf, 0xfe, 0xfa, 0xec, 0xb7, 0xef, 0xfe, 0xfb, 0xf0, 0xc7, 0x2f, 0xff,
    0xfc, 0xf4, 0xd7, 0x6f, 0xff, 0xfd, 0xf8, 0xe7, 0xaf, 0xff, 0xfe, 0xfc, 0xf7, 0xef, 0xff, 0xff,
    0x57, 0x4b, 0x92, 0xa5, 0x5e, 0x04, 0xa9, 0x02, 0x3e, 0x29, 0x7d, 0x02, 0x5c, 0x14, 0x01, 0x0b,
    0xa8, 0x40, 0x82, 0x9d, 0x2f, 0x81, 0x91, 0x5a, 0x20, 0x03, 0x0f, 0x68, 0xbd, 0xa1, 0xd1, 0xce,
    0x82, 0xb1, 0xc3, 0x60, 0xe9, 0x4e, 0xb6, 0xc1, 0x91, 0x75, 0xf0, 0x63, 0x1f, 0xcc, 0xd9, 0xe4,
    0x78, 0x16, 0x3e, 0xc2, 0x91, 0x30, 0x73, 0x27, 0x6c, 0x1c, 0x09, 0xbd, 0x97, 0xb6, 0x15, 0x06,
    0x6f, 0x6f, 0x2e, 0x2c, 0x21, 0xde, 0x62, 0xc8, 0xc2, 0xb2, 0xd1, 0xf0, 0x85, 0x71, 0xbb, 0xa1,
    0x0c, 0xdb, 0xa6, 0xc3, 0x1a, 0x86, 0xad, 0x87, 0x38, 0xe4, 0x21, 0x10, 0xff, 0xfd, 0x06, 0xc4,
    0x1d, 0xb2, 0xad, 0x88, 0x44, 0x1c, 0x22, 0x0c, 0x95, 0x38, 0x43, 0x26, 0xd6, 0x0d, 0x89, 0x4b,
    0xec, 0x61, 0x12, 0xa5, 0x18, 0x45, 0x1d, 0x4e, 0xd1, 0x8a, 0x55, 0xbc, 0xe1, 0x15, 0xb5, 0x98,
    0x45, 0x1a, 0x6e, 0xd1, 0x8b, 0x5d, 0x8c, 0xe1, 0x17, 0xc5, 0x18, 0x46, 0x17, 0x8e, 0xd1, 0x8c,
    0x65, 0x5c, 0xe1, 0xe1, 0xb0, 0x18, 0x38, 0x36, 0x9e, 0x71, 0x66, 0x26, 0xe4, 0x62, 0x1b, 0xe5,
    0xf8, 0x46, 0x11, 0xd6, 0x91, 0x83, 0x71, 0x54, 0xa3, 0x0a, 0xd1, 0xa8, 0x38, 0x32, 0xf6, 0x91,
    0x8f, 0x6b, 0x04, 0x64, 0x1e, 0x53, 0x38, 0x42, 0x0f, 0x8a, 0x0e, 0x8f, 0x9f, 0x43, 0x24, 0xe7,
    0x14, 0x89, 0xc2, 0x85, 0xd9, 0x4e, 0x83, 0xab, 0x83, 0x64, 0xee, 0xd6, 0xe5, 0x3c, 0x4a, 0x32,
    0xcf, 0x92, 0xdc, 0x3b, 0x15, 0xfb, 0x34, 0xb9, 0x3e, 0x4e, 0xf6, 0x8f, 0x81, 0x0c, 0x04, 0x60,
    0x45, 0x40, 0x59, 0x40, 0x51, 0x52, 0x84, 0x94, 0x90, 0x32, 0xa5, 0x2a, 0x57, 0xc9, 0xca, 0x56,
    0xba, 0xf2, 0x95, 0xb0, 0x8c, 0xa5, 0x2c, 0x67, 0x49, 0xcb, 0x5a, 0xda, 0xf2, 0x96, 0xb8, 0xcc,
    0xa5, 0x2e, 0x77, 0xc9, 0xcb, 0x5e, 0xfa, 0xf2, 0x97, 0xc0, 0x0c, 0xa6, 0x30, 0x87, 0x49, 0xcc,
    0x62, 0x1a, 0xf3, 0x98, 0xc8, 0x4c, 0xa6, 0x32, 0x97, 0xc9, 0xcc, 0x66, 0x3a, 0xf3, 0x99, 0xd0,
    0x8c, 0xa6, 0x34, 0xa7, 0x49, 0xcd, 0x6a, 0x5a, 0xf3, 0x9a, 0xd8, 0xcc, 0xa6, 0x36, 0xb7, 0xc9,
    0xcd, 0x6e, 0x7a, 0xf3, 0x9b, 0xe0, 0x0c, 0xa7, 0x38, 0xc7, 0x49, 0xce, 0x72, 0x9a, 0xf3, 0x9c,
    0xe8, 0x4c, 0xa7, 0x3a, 0xd7, 0xc9, 0xce, 0x76, 0xba, 0xf3, 0x9d, 0xf0, 0x8c, 0xa7, 0x3c, 0xe7,
    0x49, 0xcf, 0x7a, 0xda, 0xf3, 0x9e, 0xf8, 0xcc, 0xa7, 0x3e, 0xf7, 0xc9, 0x08, 0xcf, 0x7e, 0xfa,
    0xf3, 0x9f, 0xf8, 0x0c, 0x08, 0x00, 0x21, 0xf9, 0x04, 0x01, 0x05, 0x00, 0x02, 0x00, 0x2c, 0xe4,
    0x00, 0x9a, 0x00, 0x2a, 0x00, 0xa6, 0x00, 0x81, 0x00, 0x00, 0x00, 0xff, 0xff, 0xff, 0x00, 0x00,
    0x00, 0x00, 0x00, 0x00, 0x08, 0xa1, 0x00, 0x05, 0x08, 0x1c, 0x48, 0xb0, 0xa0, 0xc1, 0x83, 0x07,
    0x01, 0x28, 0x04, 0x80, 0xb0, 0xa1, 0xc3, 0x87, 0x0b, 0x19, 0x3e, 0x9c, 0x48, 0x51, 0x40, 0xc4,
    0x8a, 0x18, 0x33, 0x6a, 0xdc, 0xc8, 0xb1, 0xa3, 0xc7, 0x8f, 0x20, 0x43, 0x8a, 0x1c, 0x49, 0xb2,
    0xa4, 0xc9, 0x93, 0x28, 0x53, 0xaa, 0x5c, 0xc9, 0xb2, 0xa5, 0xcb, 0x97, 0x30, 0x63, 0xca, 0x9c,
    0x49, 0xb3, 0xa6, 0xcd, 0x9b, 0x38, 0x73, 0xea, 0xdc, 0xc9, 0xb3, 0xa7, 0xcf, 0x9f, 0x40, 0x83,
    0x0a, 0x1d, 0x4a, 0xb4, 0xa8, 0xd1, 0xa3, 0x48, 0x93, 0x2a, 0x5d, 0xca, 0xb4, 0xa9, 0xd3, 0xa7,
    0x50, 0xa3, 0x4a, 0x9d, 0x4a, 0xb5, 0xaa, 0xd5, 0xab, 0x58, 0xb3, 0x6a, 0xdd, 0xca, 0xb5, 0xab,
    0xd7, 0xaf, 0x60, 0xc3, 0x8a, 0x1d, 0x4b, 0xb6, 0xac, 0xd9, 0xb3, 0x68, 0xd3, 0xaa, 0x5d, 0xcb,
    0xb6, 0xad, 0xdb, 0xb7, 0x70, 0xe3, 0xca, 0x9d, 0x4b, 0xb7, 0xae, 0xdd, 0xbb, 0x78, 0xf3, 0xea,
    0xdd, 0x7b, 0x73, 0x21, 0x4c, 0xbf, 0x2f, 0x01, 0xf3, 0x6d, 0x18, 0xb1, 0xb0, 0xc4, 0x93, 0x86,
    0x2f, 0xa2, 0x4c, 0x2c, 0xd8, 0x64, 0x40, 0x00, 0x21, 0xf9, 0x04, 0x01, 0x05, 0x00, 0x02, 0x00,
    0x2c, 0xbe, 0x00, 0x63, 0x00, 0x61, 0x00, 0xd7, 0x00, 0x81, 0x00, 0x00, 0x00, 0xff, 0xff, 0xff,
    0x00, 0x00, 0x00, 0x00, 0x00, 0x00, 0x08, 0xff, 0x00, 0x05, 0x08, 0x0c, 0x40, 0x50, 0xa0, 0xc1,
    0x83, 0x08, 0x13, 0x2a, 0x5c, 0xc8, 0xb0, 0xa1, 0xc3, 0x87, 0x10, 0x0f, 0x12, 0x0c, 0x10, 0xb1,
    0xa2, 0xc5, 0x8b, 0x18, 0x23, 0x4e, 0xcc, 0xc8, 0xb1, 0xa3, 0xc7, 0x87, 0x1b, 0x3f, 0x8a, 0x1c,
    0x49, 0xb2, 0xa4, 0xc9, 0x93, 0x28, 0x53, 0xaa, 0x5c, 0xc9, 0xb2, 0xa5, 0xcb, 0x97, 0x30, 0x63,
    0xca, 0x9c, 0x49, 0xb3, 0xa6, 0xcd, 0x9b, 0x38, 0x73, 0xea, 0xdc, 0xc9, 0xb3, 0xa7, 0xcf, 0x9f,
    0x40, 0x83, 0x0a, 0x1d, 0x4a, 0xb4, 0xa8, 0xd1, 0xa3, 0x48, 0x93, 0x2a, 0x5d, 0xca, 0xb4, 0xa9,
    0xd3, 0xa7, 0x50, 0xa3, 0x4a, 0x9d, 0x4a, 0xb5, 0xaa, 0xd5, 0xab, 0x58, 0xb3, 0x6a, 0xdd, 0xca,
    0xb5, 0xab, 0xd7, 0xaf, 0x60, 0xc3, 0x8a, 0x1d, 0x4b, 0xb6, 0xac, 0xd9, 0xb3, 0x68, 0xd3, 0xaa,
    0x5d, 0xcb, 0xb6, 0xad, 0xdb, 0xb7, 0x70, 0xe3, 0x1e, 0x04, 0x40, 0x17, 0x2d, 0x5d, 0x00, 0x76,
    0xeb, 0xca, 0xdd, 0xcb, 0xb7, 0xaf, 0xdf, 0xbf, 0x80, 0x03, 0x0b, 0x1e, 0x4c, 0xb8, 0xb0, 0xe1,
    0xc3, 0x88, 0x13, 0x2b, 0x5e, 0xcc, 0xb8, 0xb1, 0xe3, 0xc7, 0x86, 0xf1, 0xe6, 0x95, 0x5c, 0xf6,
    0x2e, 0xe5, 0xca, 0x77, 0x27, 0x4f, 0xbe, 0x3c, 0xd6, 0xb2, 0xe6, 0xb3, 0x9e, 0xcd, 0x86, 0xb6,
    0x5b, 0xb6, 0xa0, 0x41, 0x8a, 0x63, 0x43, 0x96, 0x2e, 0xa8, 0x17, 0x35, 0xd8, 0x8d, 0xad, 0xc5,
    0xc2, 0x96, 0xec, 0xfa, 0xeb, 0xec, 0x81, 0xb2, 0x59, 0xd3, 0xce, 0x4d, 0x31, 0x76, 0xd8, 0xdb,
    0x02, 0x6a, 0x7b, 0x05, 0x2e, 0xbc, 0x2b, 0x71, 0xde, 0x02, 0x7c, 0xbf, 0xd6, 0x8d, 0xfb, 0x37,
    0xf3, 0xe0, 0xc8, 0x95, 0x2f, 0x2f, 0x9e, 0x5b, 0x62, 0x5a, 0xce, 0x62, 0x47, 0x93, 0xd5, 0xde,
    0x59, 0x2f, 0x66, 0xef, 0xdb, 0x33, 0x8b, 0x61, 0x06, 0xdf, 0x9d, 0x7c, 0x58, 0xee, 0xe5, 0xaf,
    0x43, 0x5e, 0xcf, 0xbe, 0xbd, 0xfb, 0xf7, 0xf0, 0xe3, 0xcb, 0x9f, 0x4f, 0xbf, 0xbe, 0xfd, 0xfb,
    0xf8, 0xf3, 0xeb, 0xdf, 0xcf, 0xbf, 0xbf, 0xff, 0xff, 0x00, 0x06, 0x28, 0xe0, 0x80, 0x04, 0x16,
    0x68, 0xe0, 0x81, 0x04, 0x8a, 0x37, 0x1e, 0x76, 0xd9, 0x99, 0x87, 0xe0, 0x83, 0x10, 0x46, 0x28,
    0xe1, 0x84, 0x14, 0x56, 0x68, 0xe1, 0x85, 0x18, 0x66, 0xa8, 0xe1, 0x47, 0xaa, 0xad, 0x46, 0x9d,
    0x73, 0x1f, 0x4e, 0xb7, 0xe1, 0x88, 0x24, 0x96, 0x68, 0xe2, 0x89, 0x28, 0xa6, 0xa8, 0x22, 0x86,
    0x1d, 0x92, 0xd5, 0x62, 0x6a, 0xa6, 0x55, 0x14, 0x10, 0x00, 0x21, 0xf9, 0x04, 0x01, 0x05, 0x00,
    0x02, 0x00, 0x2c, 0xbe, 0x00, 0x23, 0x01, 0x03, 0x00, 0x04, 0x00, 0x81, 0x00, 0x00, 0x00, 0xff,
    0xff, 0xff, 0x00, 0x00, 0x00, 0x00, 0x00, 0x00, 0x08, 0x08, 0x00, 0x01, 0x08, 0x1c, 0x48, 0x50,
    0x60, 0x40, 0x00, 0x21, 0xf9, 0x04, 0x01, 0x05, 0x00, 0x02, 0x00, 0x2c, 0x00, 0x00, 0x00, 0x00,
    0xf6, 0x01, 0x9a, 0x01, 0x81, 0x00, 0x00, 0x00, 0xff, 0xff, 0xff, 0x00, 0x00, 0x00, 0x00, 0x00,
    0x00, 0x08, 0xff, 0x00, 0x01, 0x08, 0x1c, 0x48, 0xb0, 0xa0, 0xc1, 0x83, 0x08, 0x13, 0x2a, 0x5c,
    0xc8, 0xb0, 0xa1, 0xc3, 0x87, 0x10, 0x23, 0x4a, 0x9c, 0x48, 0xb1, 0xa2, 0xc5, 0x8b, 0x18, 0x33,
    0x6a, 0xdc, 0xc8, 0xb1, 0xa3, 0xc7, 0x8f, 0x20, 0x43, 0x8a, 0x1c, 0x49, 0xb2, 0xa4, 0xc9, 0x93,
    0x28, 0x53, 0xaa, 0x5c, 0xc9, 0xb2, 0xa5, 0xcb, 0x97, 0x30, 0x63, 0xca, 0x9c, 0x49, 0xb3, 0xa6,
    0xcd, 0x9b, 0x38, 0x73, 0xea, 0xdc, 0xc9, 0xb3, 0xa7, 0xcf, 0x9f, 0x40, 0x83, 0x0a, 0x1d, 0x4a,
    0xb4, 0xa8, 0xd1, 0xa3, 0x48, 0x93, 0x2a, 0x5d, 0xca, 0xb4, 0xa9, 0xd3, 0xa7, 0x50, 0xa3, 0x4a,
    0x9d, 0x4a, 0xb5, 0xaa, 0xd5, 0xab, 0x58, 0xb3, 0x6a, 0xdd, 0xca, 0xb5, 0xab, 0xd7, 0xaf, 0x60,
    0xc3, 0x8a, 0x1d, 0x4b, 0xb6, 0xac, 0xd9, 0xb3, 0x68, 0xd3, 0xaa, 0x5d, 0xcb, 0xb6, 0xad, 0xdb,
    0xb7, 0x70, 0xe3, 0xca, 0x9d, 0x4b, 0xb7, 0xae, 0xdd, 0xbb, 0x78, 0xf3, 0xea, 0xdd, 0xcb, 0xb7,
    0xaf, 0xdf, 0xbf, 0x80, 0x03, 0x0b, 0x1e, 0x4c, 0xb8, 0xb0, 0xe1, 0xc3, 0x88, 0x13, 0x2b, 0x5e,
    0xcc, 0xb8, 0xb1, 0xe3, 0xc7, 0x90, 0x23, 0x4b, 0x9e, 0x4c, 0xb9, 0xb2, 0xe5, 0xcb, 0x98, 0x33,
    0x6b, 0xde, 0xcc, 0xb9, 0xb3, 0xe7, 0xcf, 0xa0, 0x43, 0x8b, 0x1e, 0x4d, 0xba, 0xb4, 0xe9, 0xd3,
    0xa8, 0x53, 0xab, 0x5e, 0xcd, 0xba, 0xb5, 0xeb, 0xd7, 0xb0, 0x63, 0xcb, 0x9e, 0x4d, 0xbb, 0xb6,
    0xed, 0xdb, 0xb8, 0x73, 0xeb, 0xde, 0xcd, 0xbb, 0xb7, 0xef, 0xdf, 0xc0, 0x83, 0x0b, 0x1f, 0x4e,
    0xbc, 0xb8, 0xf1, 0xe3, 0xc8, 0x93, 0x2b, 0x5f, 0xce, 0xbc, 0xb9, 0xf3, 0xe7, 0xd0, 0xa3, 0x4b,
    0x9f, 0x4e, 0xbd, 0xba, 0xf5, 0xeb, 0xd8, 0xb3, 0x6b, 0xdf, 0xce, 0xbd, 0xbb, 0xf7, 0xef, 0xe0,
    0xc3, 0x8b, 0xff, 0x1f, 0x4f, 0xbe, 0xbc, 0xf9, 0xf3, 0xe8, 0xd3, 0xab, 0x5f, 0xcf, 0xbe, 0xbd,
    0xfb, 0xf7, 0xf0, 0xe3, 0xcb, 0x9f, 0x4f, 0xbf, 0xbe, 0xfd, 0xfb, 0xf8, 0xf3, 0xeb, 0xdf, 0xcf,
    0xbf, 0xbf, 0xff, 0xff, 0x00, 0x06, 0x28, 0xe0, 0x80, 0x04, 0x16, 0x68, 0xe0, 0x81, 0x08, 0x26,
    0xa8, 0xe0, 0x82, 0x0c, 0x36, 0xe8, 0xe0, 0x83, 0x10, 0x46, 0x28, 0xe1, 0x84, 0x14, 0x56, 0x68,
    0xe1, 0x85, 0x18, 0x66, 0xa8, 0xe1, 0x86, 0x1c, 0x76, 0xe8, 0xe1, 0x87, 0x20, 0x86, 0x28, 0xe2,
    0x88, 0x24, 0x96, 0x68, 0xe2, 0x89, 0x28, 0xa6, 0xa8, 0xe2, 0x8a, 0x2c, 0xca, 0x27, 0xc0, 0x8b,
    0x30, 0xc6, 0x28, 0xe3, 0x8c, 0x34, 0xd6, 0x68, 0x63, 0x8b, 0x9c, 0xd9, 0xa8, 0xe3, 0x8e, 0x3c,
    0xc2, 0x88, 0xe3, 0x66, 0x3d, 0x06, 0x29, 0xa4, 0x8f, 0x3f, 0x3e, 0x36, 0xe4, 0x91, 0x48, 0x06,
    0x59, 0x64, 0x61, 0x49, 0x36, 0xe9, 0xa4, 0x8c, 0x4b, 0x12, 0xf6, 0xe4, 0x94, 0x4d, 0x46, 0xd9,
    0x57, 0x00, 0x58, 0x52, 0xa9, 0xa5, 0x96, 0x56, 0xda, 0x85, 0x65, 0x00, 0x5b, 0x86, 0xe9, 0x64,
    0x97, 0x75, 0x7d, 0x29, 0xe6, 0x99, 0x47, 0x92, 0x19, 0x17, 0x9a, 0x6c, 0x3e, 0xa9, 0x66, 0x5b,
    0x6d, 0xc6, 0x89, 0xe4, 0x9b, 0x6c, 0xc9, 0x69, 0xa7, 0x92, 0x74, 0xaa, 0x75, 0xe7, 0x9e, 0x3a,
    0xe6, 0xa9, 0x27, 0x9f, 0x80, 0xd6, 0xe8, 0xa7, 0x59, 0x81, 0x16, 0x0a, 0xe5, 0xa0, 0x64, 0x19,
    0xaa, 0xa8, 0x00, 0x88, 0x86, 0xb5, 0xe8, 0xa3, 0x8d, 0x82, 0xf5, 0xe8, 0xa2, 0x91, 0x7e, 0x35,
    0xa9, 0xa2, 0x95, 0x7a, 0x75, 0xe9, 0xa4, 0x99, 0x66, 0xb5, 0x29, 0xa4, 0x9d, 0x5e, 0xf5, 0x29,
    0xa5, 0xa1, 0x5a, 0x35, 0x2a, 0xa6, 0xa5, 0x56, 0x75, 0xaa, 0xa1, 0xa9, 0xaa, 0xba, 0x6a, 0xa0,
    0xad, 0x52, 0xff, 0xf5, 0x2a, 0xac, 0xb1, 0x4a, 0x35, 0x2b, 0xa0, 0xb5, 0xda, 0x7a, 0xeb, 0x9e,
    0xb9, 0x46, 0xb5, 0x2b, 0xaf, 0xbd, 0x3e, 0xf5, 0xeb, 0x9d, 0xc1, 0x0a, 0x3b, 0xac, 0x9c, 0xc5,
    0x3a, 0x75, 0x2c, 0xb2, 0xc9, 0x32, 0xb5, 0x6c, 0x9c, 0xcd, 0x3a, 0xfb, 0x2c, 0x9b, 0xd1, 0x2e,
    0x35, 0x2d, 0xb5, 0xd5, 0x26, 0x75, 0x2d, 0x9a, 0xd9, 0x6a, 0xbb, 0xad, 0x98, 0xdd, 0x22, 0xf5,
    0x2d, 0xb8, 0xe1, 0x1a, 0x35, 0x6e, 0x98, 0xe5, 0x9a, 0x7b, 0x2e, 0x97, 0xe9, 0x12, 0xb5, 0x2e,
    0xbb, 0xed, 0x0a, 0xf5, 0x2e, 0x95, 0xf1, 0x0e, 0x35, 0xef, 0x94, 0xf5, 0xca, 0x7b, 0xef, 0x98,
    0xf9, 0x02, 0xb5, 0x2f, 0xbf, 0xfd, 0xfa, 0xf4, 0x6f, 0x95, 0x01, 0x0b, 0x3c, 0xf0, 0x9c, 0x05,
    0xf7, 0x74, 0x30, 0xc2, 0x09, 0xef, 0xb4, 0x70, 0x9a, 0x0d, 0x3b, 0xfc, 0xb0, 0x90, 0x11, 0x4b,
    0x3c, 0x71, 0x8f, 0x15, 0xeb, 0x74, 0x31, 0x9e, 0x19, 0xdf, 0xb4, 0x31, 0xc6, 0x1d, 0x7b, 0xfc,
    0xf1, 0x8e, 0x21, 0x6b, 0x3c, 0x32, 0x91, 0x25, 0x5b, 0x7c, 0x72, 0xca, 0x3c, 0x9d, 0x8c, 0x32,
    0xcb, 0x38, 0xad, 0x0c, 0x73, 0xcb, 0x23, 0xcf, 0x4c, 0xf3, 0xc7, 0x36, 0xab, 0x7c, 0x71, 0xce,
    0x0a, 0x2f, 0xcc, 0xf3, 0x4f, 0x0f, 0xff, 0x6c, 0xf0, 0xc1, 0x42, 0xdb, 0xfb, 0xeb, 0x97, 0x45,
    0x4b, 0xbb, 0x2b, 0xd2, 0x49, 0x2b, 0x35, 0x2c, 0xd3, 0x4d, 0x47, 0x2d, 0xf5, 0xd4, 0x54, 0x57,
    0x6d, 0xf5, 0xd5, 0x58, 0x67, 0xad, 0xf5, 0xd6, 0x5c, 0x77, 0xed, 0xf5, 0xd7, 0x60, 0x87, 0x2d,
    0xf6, 0xd8, 0x64, 0x97, 0x6d, 0xf6, 0xd9, 0x68, 0xa7, 0xad, 0xf6, 0xda, 0x6c, 0xb7, 0xed, 0xf6,
    0xdb, 0x70, 0xc7, 0x2d, 0xf7, 0xdc, 0x74, 0xd7, 0x6d, 0xf7, 0xdd, 0x78, 0xe7, 0xad, 0xf7, 0xde,
    0x7c, 0xf7, 0xff, 0xed, 0x37, 0x81, 0x2f, 0xff, 0x6d, 0xec, 0xa1, 0x82, 0x2b, 0x3b, 0x63, 0xe1,
    0x86, 0x33, 0x2a, 0x50, 0xe0, 0x88, 0x1f, 0x85, 0x32, 0xe3, 0x8d, 0x17, 0xf5, 0xf8, 0x8b, 0x91,
    0x3b, 0x4d, 0xf9, 0xe2, 0x97, 0x57, 0xee, 0x78, 0xe6, 0x90, 0x6b, 0x1e, 0xd4, 0xe4, 0x8a, 0x7b,
    0x2e, 0x39, 0xe7, 0x99, 0x8b, 0x6e, 0x74, 0xe8, 0x9d, 0x9b, 0xde, 0x33, 0xea, 0xa5, 0xab, 0xee,
    0x2f, 0xe9, 0xa1, 0xbb, 0xfe, 0x3a, 0xeb, 0xb1, 0xcb, 0x3e, 0xf4, 0x40, 0xa9, 0xdb, 0x1e, 0x33,
    0xec, 0xba, 0x7f, 0x7e, 0x78, 0xef, 0xb3, 0xc7, 0x08, 0xbc, 0xbe, 0xb5, 0x0f, 0x6f, 0xfc, 0xf1,
    0xc8, 0x27, 0xaf, 0xfc, 0xf2, 0xcc, 0x37, 0xef, 0xfc, 0xf3, 0xd0, 0x47, 0x2f, 0xfd, 0xf4, 0xd4,
    0x57, 0x6f, 0xfd, 0xf5, 0xd8, 0x67, 0xaf, 0xfd, 0xf6, 0xdc, 0x77, 0xef, 0xfd, 0xf7, 0xe0, 0x87,
    0x2f, 0xfe, 0xf8, 0xe4, 0x97, 0x6f, 0xfe, 0xf9, 0xe8, 0xa7, 0xaf, 0xfe, 0xfa, 0xec, 0xb7, 0xef,
    0xfe, 0xfb, 0x10, 0x99, 0xc9, 0x70, 0x9b, 0xd2, 0xcb, 0x0f, 0x31, 0x00, 0xf4, 0x47, 0x6f, 0xff,
    0x90, 0xb8, 0x63, 0x9b, 0x7c, 0xd0, 0xa6, 0x03, 0xa0, 0xe8, 0x04, 0x18, 0x39, 0x99, 0x21, 0xce,
    0x80, 0x85, 0x43, 0x60, 0xdf, 0xf6, 0xa7, 0x40, 0xbc, 0x31, 0xb0, 0x66, 0x7c, 0x7b, 0x20, 0xce,
    0x22, 0x98, 0x25, 0x97, 0xb5, 0x0e, 0x6f, 0x16, 0x24, 0x9c, 0xde, 0x32, 0x28, 0x3c, 0xbe, 0x71,
    0x30, 0x77, 0x70, 0x93, 0x60, 0x03, 0xe9, 0x26, 0x42, 0x08, 0x3a, 0xb0, 0x82, 0x1f, 0xdc, 0xe0,
    0x07, 0x69, 0x74, 0xb7, 0x15, 0xb2, 0xd0, 0x6e, 0x2e, 0xfc, 0x5d, 0xdd, 0x62, 0xa8, 0xc1, 0xb9,
    0xd1, 0xb0, 0x83, 0x33, 0xbc, 0xe1, 0x05, 0xe3, 0xa6, 0xc3, 0x1d, 0xc2, 0xad, 0x87, 0xc5, 0xe3,
    0x61, 0x0f, 0xf0, 0x5b, 0x38, 0x44, 0x18, 0x16, 0x31, 0x87, 0x3a, 0x24, 0x62, 0x12, 0x8d, 0xb8,
    0x44, 0x24, 0xde, 0x50, 0x89, 0x4f, 0x64, 0x62, 0x14, 0x9d, 0x48, 0x43, 0x28, 0x56, 0x51, 0x8a,
    0x57, 0xa4, 0x62, 0x0c, 0xad, 0xb8, 0x45, 0xbb, 0x95, 0xd0, 0x65, 0x77, 0xfb, 0xe2, 0x08, 0x43,
    0x88, 0x42, 0x17, 0x86, 0xb1, 0x8c, 0x2b, 0x54, 0x61, 0x17, 0x31, 0x98, 0x45, 0x2e, 0x72, 0x50,
    0x8d, 0x6f, 0xf4, 0x60, 0x1a, 0xe5, 0x98, 0x42, 0x3a, 0xc6, 0x71, 0x6f, 0x66, 0xb4, 0x63, 0x06,
    0x05, 0x37, 0x46, 0x3d, 0x4e, 0xac, 0x80, 0x26, 0x4c, 0x60, 0x20, 0xf9, 0xe8, 0xb3, 0x00, 0x16,
    0x72, 0x80, 0x87, 0xb4, 0xdd, 0xb7, 0x94, 0xb7, 0xc8, 0xff, 0x6d, 0x2b, 0x7a, 0xa7, 0xc2, 0x5e,
    0x24, 0xaf, 0x37, 0x49, 0xf8, 0x59, 0xf2, 0x92, 0x98, 0xcc, 0xa4, 0x26, 0x37, 0xc9, 0xc9, 0x4e,
    0x7a, 0xf2, 0x93, 0xa0, 0x0c, 0xa5, 0x28, 0x47, 0x49, 0xca, 0x52, 0x9a, 0xf2, 0x94, 0xa8, 0x4c,
    0xa5, 0x2a, 0x57, 0xc9, 0xca, 0x56, 0xba, 0xf2, 0x95, 0xb0, 0x8c, 0xa5, 0x2c, 0x67, 0x49, 0xcb,
    0x5a, 0xda, 0xf2, 0x96, 0xb8, 0xcc, 0xa5, 0x2e, 0x77, 0xc9, 0xcb, 0x5e, 0xfa, 0xf2, 0x97, 0xc0,
    0x0c, 0xa6, 0x30, 0x87, 0x49, 0xcc, 0x62, 0x1a, 0xf3, 0x98, 0xc8, 0x4c, 0xa6, 0x32, 0x97, 0xc9,
    0xcc, 0x66, 0x3a, 0xf3, 0x99, 0xd0, 0x8c, 0xa6, 0x34, 0xa7, 0x49, 0xcd, 0x6a, 0x5a, 0xf3, 0x9a,
    0xd8, 0xcc, 0xa6, 0x36, 0xb7, 0xc9, 0xcd, 0x6e, 0x7a, 0xf3, 0x9b, 0xe0, 0x0c, 0xa7, 0x38, 0xc7,
    0x49, 0xce, 0x72, 0x9a, 0xf3, 0x9c, 0xe8, 0x4c, 0xa7, 0x3a, 0xd7, 0xc9, 0xce, 0x76, 0xba, 0x73,
    0x35, 0x01, 0x01, 0x00, 0x21, 0xf9, 0x04, 0x01, 0x05, 0x00, 0x02, 0x00, 0x2c, 0x00, 0x00, 0x00,
    0x00, 0xf6, 0x01, 0x9a, 0x01, 0x81, 0x00, 0x00, 0x00, 0xff, 0xff, 0xff, 0x00, 0x00, 0x00, 0x00,
    0x00, 0x00, 0x08, 0xff, 0x00, 0x01, 0x08, 0x1c, 0x48, 0xb0, 0xa0, 0xc1, 0x83, 0x08, 0x13, 0x2a,
    0x5c, 0xc8, 0xb0, 0xa1, 0xc3, 0x87, 0x10, 0x23, 0x4a, 0x9c, 0x48, 0xb1, 0xa2, 0xc5, 0x8b, 0x18,
    0x33, 0x6a, 0xdc, 0xc8, 0xb1, 0xa3, 0xc7, 0x8f, 0x20, 0x43, 0x8a, 0x1c, 0x49, 0xb2, 0xa4, 0xc9,
    0x93, 0x28, 0x53, 0xaa, 0x5c, 0xc9, 0xb2, 0xa5, 0xcb, 0x97, 0x30, 0x63, 0xca, 0x9c, 0x49, 0xb3,
    0xa6, 0xcd, 0x9b, 0x38, 0x73, 0xea, 0xdc, 0xc9, 0xb3, 0xa7, 0xcf, 0x9f, 0x40, 0x83, 0x0a, 0x1d,
    0x4a, 0xb4, 0xa8, 0xd1, 0xa3, 0x48, 0x93, 0x2a, 0x5d, 0xca, 0xb4, 0xa9, 0xd3, 0xa7, 0x50, 0xa3,
    0x4a, 0x9d, 0x4a, 0xb5, 0xaa, 0xd5, 0xab, 0x58, 0xb3, 0x6a, 0xdd, 0xca, 0xb5, 0xab, 0xd7, 0xaf,
    0x60, 0xc3, 0x8a, 0x1d, 0x4b, 0xb6, 0xac, 0xd9, 0xb3, 0x68, 0xd3, 0xaa, 0x5d, 0xcb, 0xb6, 0xad,
    0xdb, 0xb7, 0x70, 0xe3, 0xca, 0x9d, 0x4b, 0xb7, 0xae, 0xdd, 0xbb, 0x78, 0xf3, 0xea, 0xdd, 0xcb,
    0xb7, 0xaf, 0xdf, 0xbf, 0x80, 0x03, 0x0b, 0x1e, 0x4c, 0xb8, 0xb0, 0xe1, 0xc3, 0x88, 0x13, 0x2b,
    0x5e, 0xcc, 0xb8, 0xb1, 0xe3, 0xc7, 0x90, 0x23, 0x4b, 0x9e, 0x4c, 0xb9, 0xb2, 0xe5, 0xcb, 0x98,
    0x33, 0x6b, 0xde, 0xcc, 0xb9, 0xb3, 0xe7, 0xcf, 0xa0, 0x43, 0x8b, 0x1e, 0x4d, 0xba, 0xb4, 0xe9,
    0xd3, 0xa8, 0x53, 0xab, 0x5e, 0xcd, 0xba, 0xb5, 0xeb, 0xd7, 0xb0, 0x63, 0xcb, 0x9e, 0x4d, 0xbb,
    0xb6, 0xed, 0xdb, 0xb8, 0x73, 0xeb, 0xde, 0xcd, 0xbb, 0xb7, 0xef, 0xdf, 0xc0, 0x83, 0x0b, 0x1f,
    0x4e, 0xbc, 0xb8, 0xf1, 0xe3, 0xc8, 0x93, 0x2b, 0x5f, 0xce, 0xbc, 0xb9, 0xf3, 0xe7, 0xd0, 0xa3,
    0x4b, 0x9f, 0x4e, 0xbd, 0xba, 0xf5, 0xeb, 0xd8, 0xb3, 0x6b, 0xdf, 0xce, 0xbd, 0xbb, 0xf7, 0xef,
    0xe0, 0xc3, 0x8b, 0xff, 0x1f, 0x4f, 0xbe, 0xbc, 0xf9, 0xf3, 0xe8, 0xd3, 0xab, 0x5f, 0xcf, 0xbe,
    0xbd, 0xfb, 0xf7, 0xf0, 0xe3, 0xcb, 0x9f, 0x4f, 0xbf, 0xbe, 0xfd, 0xfb, 0xf8, 0xf3, 0xeb, 0xdf,
    0xcf, 0xbf, 0xbf, 0xff, 0xff, 0x00, 0x06, 0x28, 0xe0, 0x80, 0x04, 0x16, 0x68, 0xe0, 0x81, 0x08,
    0x26, 0xa8, 0xe0, 0x82, 0x0c, 0x36, 0xe8, 0xe0, 0x83, 0x10, 0x46, 0x28, 0xe1, 0x84, 0x14, 0x56,
    0x68, 0xe1, 0x85, 0x18, 0x66, 0xa8, 0xe1, 0x86, 0x1c, 0x76, 0xe8, 0xe1, 0x87, 0x20, 0x86, 0x28,
    0xe2, 0x88, 0x24, 0x96, 0x68, 0xe2, 0x89, 0x28, 0xa6, 0xa8, 0xe2, 0x8a, 0x2c, 0xca, 0x27, 0xc0,
    0x8b, 0x30, 0xc6, 0x28, 0xe3, 0x8c, 0x34, 0xd6, 0x68, 0x63, 0x8b, 0x9c, 0xd9, 0xa8, 0xe3, 0x8e,
    0x3c, 0xc2, 0x88, 0xe3, 0x66, 0x3d, 0x06, 0x29, 0xa4, 0x8f, 0x3f, 0x3e, 0x36, 0xe4, 0x91, 0x48,
    0x06, 0x59, 0x64, 0x61, 0x49, 0x36, 0xe9, 0xa4, 0x8c, 0x4b, 0x12, 0xf6, 0xe4, 0x94, 0x4d, 0x46,
    0x09, 0x18, 0x95, 0x58, 0x62, 0x69, 0x65, 0x5e, 0x59, 0x76, 0xe9, 0xe4, 0x96, 0x78, 0x79, 0x29,
    0xe6, 0x91, 0x60, 0xc6, 0x35, 0xe6, 0x99, 0x4f, 0x96, 0xd9, 0x16, 0x9a, 0x6c, 0x22, 0xa9, 0x26,
    0x5b, 0x6d, 0xc6, 0xa9, 0xe4, 0x9b, 0x6a, 0xc9, 0x69, 0xa7, 0x8e, 0x74, 0xd6, 0x79, 0xe7, 0x9e,
    0x35, 0xe6, 0x69, 0x16, 0x9f, 0x80, 0x42, 0xe9, 0x27, 0x59, 0x81, 0x16, 0x2a, 0xc0, 0xa0, 0x61,
    0x19, 0xaa, 0x28, 0xa2, 0x60, 0x29, 0x6a, 0x28, 0xa3, 0x5f, 0x39, 0x5a, 0x28, 0xa4, 0x5e, 0x49,
    0xea, 0x28, 0xa5, 0x59, 0x59, 0xba, 0x28, 0xa6, 0x57, 0x69, 0xfa, 0x28, 0xa7, 0x56, 0x79, 0x3a,
    0x29, 0xa8, 0x55, 0x89, 0x1a, 0x28, 0xa9, 0xa5, 0x9a, 0xca, 0x27, 0xaa, 0x54, 0xa9, 0xba, 0x2a,
    0xab, 0x52, 0xb9, 0xff, 0xba, 0x27, 0xac, 0xb1, 0xca, 0x6a, 0x27, 0xad, 0x51, 0xd9, 0x7a, 0x2b,
    0xae, 0x4f, 0xe9, 0x2a, 0x27, 0xaf, 0xbd, 0xfa, 0xda, 0x26, 0xb0, 0x4e, 0x09, 0x3b, 0x2c, 0xb1,
    0x4c, 0x19, 0xcb, 0x26, 0xb2, 0xc9, 0x2a, 0x7b, 0x26, 0xb3, 0x4b, 0x39, 0xfb, 0x2c, 0xb4, 0x49,
    0x49, 0x3b, 0x26, 0xb5, 0xd5, 0x5a, 0xeb, 0x25, 0xb6, 0x48, 0x69, 0xbb, 0x2d, 0xb7, 0x46, 0x79,
    0xdb, 0x25, 0xb8, 0xe1, 0x8a, 0xab, 0x25, 0xb9, 0x44, 0x99, 0x7b, 0x2e, 0xba, 0x42, 0xa9, 0x4b,
    0x25, 0xbb, 0x43, 0xb9, 0x3b, 0x25, 0xbc, 0xed, 0xca, 0xfb, 0x25, 0xbd, 0x40, 0xd9, 0x7b, 0x2f,
    0xbe, 0x3e, 0xe9, 0x5b, 0x25, 0xbf, 0xfd, 0xfa, 0xeb, 0x26, 0xc0, 0x3d, 0x09, 0x3c, 0x30, 0xc1,
    0x3b, 0x19, 0x4c, 0x26, 0xc2, 0x09, 0x2b, 0x2c, 0x24, 0xc3, 0x0d, 0x3b, 0xdc, 0x23, 0xc4, 0x3a,
    0x49, 0x3c, 0x27, 0xc5, 0x37, 0x59, 0x3c, 0x31, 0xc6, 0x19, 0x6b, 0xbc, 0x23, 0xc7, 0x15, 0x7b,
    0x4c, 0x24, 0xc8, 0x11, 0x8b, 0x4c, 0x32, 0x4f, 0x22, 0x8f, 0x7c, 0x32, 0x4e, 0x26, 0xaf, 0x8c,
    0xb2, 0xc7, 0x2e, 0xbf, 0xac, 0x71, 0xcc, 0x25, 0x4b, 0x4c, 0x73, 0xc1, 0x06, 0xdf, 0xfc, 0x93,
    0xc2, 0x3a, 0x07, 0x2c, 0x70, 0xcf, 0xf1, 0x1a, 0x0b, 0x74, 0xb3, 0xc2, 0x0e, 0x1d, 0xad, 0xd0,
    0x46, 0x27, 0xad, 0xf4, 0xd2, 0x4c, 0x37, 0xed, 0xf4, 0xd3, 0x50, 0x47, 0x2d, 0xf5, 0xd4, 0x54,
    0x57, 0x6d, 0xf5, 0xd5, 0x58, 0x67, 0xad, 0xf5, 0xd6, 0x5c, 0x77, 0xed, 0xf5, 0xd7, 0x60, 0x87,
    0x2d, 0xf6, 0xd8, 0x64, 0x97, 0x6d, 0xf6, 0xd9, 0x68, 0xa7, 0xad, 0xf6, 0xda, 0x6c, 0xb7, 0xed,
    0xf6, 0xdb, 0x70, 0xc7, 0x2d, 0xf7, 0xdc, 0x74, 0xd7, 0x6d, 0xb7, 0x81, 0x2f, 0x06, 0x70, 0xf7,
    0x54, 0x33, 0xea, 0xff, 0xbd, 0x77, 0xb0, 0x31, 0xfa, 0xfd, 0x77, 0xb3, 0x82, 0xe7, 0x3d, 0x38,
    0xe1, 0x03, 0x19, 0x7e, 0xb8, 0x52, 0x8a, 0x03, 0xd0, 0xf8, 0xe2, 0x47, 0x35, 0xfe, 0x38, 0xe4,
    0x45, 0x49, 0x2e, 0x80, 0xe0, 0x94, 0x57, 0x7e, 0x79, 0xe2, 0x9b, 0x67, 0x5e, 0x6e, 0xe1, 0x9d,
    0x7b, 0x9e, 0x6e, 0xe8, 0x93, 0x8b, 0x9e, 0x2f, 0xe9, 0xa1, 0x9b, 0x1e, 0x94, 0xe5, 0x98, 0xab,
    0xbe, 0x33, 0xea, 0xad, 0xbb, 0x8e, 0x33, 0xe8, 0xb1, 0xcb, 0xde, 0x30, 0xed, 0xb6, 0xaf, 0x2e,
    0x63, 0xed, 0xb9, 0x87, 0x1c, 0x78, 0xef, 0xf5, 0xf2, 0x0e, 0xfc, 0xf0, 0xc4, 0x17, 0x6f, 0xfc,
    0xf1, 0xc8, 0x27, 0xaf, 0xfc, 0xf2, 0xcc, 0x37, 0xef, 0xfc, 0xf3, 0xd0, 0x47, 0x2f, 0xfd, 0xf4,
    0xd4, 0x57, 0x6f, 0xfd, 0xf5, 0xd8, 0x67, 0xaf, 0xfd, 0xf6, 0xdc, 0x77, 0xef, 0xfd, 0xf7, 0xe0,
    0x87, 0x2f, 0xfe, 0xf8, 0xe4, 0x97, 0x6f, 0xfe, 0xf9, 0xe8, 0xa7, 0xaf, 0xfe, 0xfa, 0xec, 0x3f,
    0x94, 0x64, 0x00, 0xf0, 0xa3, 0x29, 0xfd, 0xfb, 0xf1, 0x4f, 0x0b, 0x3d, 0xfd, 0x01, 0xc8, 0x7f,
    0x3c, 0xcf, 0xa2, 0xf3, 0xef, 0xb9, 0xff, 0x8b, 0x6b, 0xd9, 0xe0, 0x04, 0xf8, 0x37, 0x02, 0xee,
    0x2d, 0x65, 0x2a, 0xa3, 0x1b, 0x02, 0x5f, 0x74, 0xc0, 0x05, 0x36, 0x10, 0x81, 0x75, 0x5b, 0x60,
    0x8c, 0x22, 0x28, 0x41, 0x06, 0x2a, 0xb0, 0x82, 0x87, 0xba, 0x60, 0x05, 0xe1, 0x27, 0xbc, 0xb4,
    0x61, 0xf0, 0x72, 0xf0, 0x93, 0xdb, 0x07, 0x39, 0xf8, 0xb6, 0x0f, 0xce, 0xa8, 0x84, 0x26, 0x9c,
    0xa0, 0xdb, 0x52, 0xa8, 0xc2, 0xb6, 0xb1, 0x30, 0x81, 0x6a, 0x7b, 0xa1, 0x05, 0x5d, 0x28, 0x43,
    0x14, 0xbe, 0xd0, 0x86, 0x2c, 0xc4, 0x61, 0x0a, 0x75, 0x68, 0x42, 0x1e, 0x7e, 0xd0, 0x87, 0x18,
    0x04, 0x62, 0x05, 0xdf, 0x85, 0x28, 0x41, 0x22, 0x3a, 0x70, 0x85, 0x35, 0x44, 0xe2, 0x0d, 0x95,
    0x98, 0x43, 0x26, 0xee, 0xd0, 0x89, 0x3d, 0x84, 0xe2, 0x0f, 0xa5, 0x18, 0xc4, 0xb8, 0x35, 0x11,
    0x6e, 0x57, 0x34, 0x22, 0xcc, 0xac, 0xf8, 0x44, 0x2c, 0x76, 0x51, 0x8b, 0x33, 0xe3, 0x62, 0x14,
    0xbd, 0x38, 0x44, 0x0d, 0x16, 0xd1, 0x8c, 0x47, 0x9c, 0xdb, 0x14, 0xd5, 0x58, 0x45, 0x36, 0x96,
    0xd1, 0x6e, 0x06, 0xbc, 0x5b, 0x1c, 0xe1, 0xb8, 0xc5, 0x01, 0xd6, 0xb1, 0x80, 0x39, 0xeb, 0x5f,
    0x1e, 0xff, 0xb7, 0x47, 0xd9, 0x69, 0x6b, 0x7f, 0xd6, 0x02, 0xa4, 0xb4, 0x9c, 0x27, 0xaa, 0xea,
    0x15, 0x92, 0x7a, 0x87, 0x6c, 0x9f, 0x22, 0x17, 0xc9, 0xc8, 0x46, 0x3a, 0xf2, 0x91, 0x90, 0x8c,
    0xa4, 0x24, 0x27, 0x49, 0xc9, 0x4a, 0x5a, 0xf2, 0x92, 0x98, 0xcc, 0xa4, 0x26, 0x37, 0xc9, 0xc9,
    0x4e, 0x7a, 0xf2, 0x93, 0xa0, 0x0c, 0xa5, 0x28, 0x47, 0x49, 0xca, 0x52, 0x9a, 0xf2, 0x94, 0xa8,
    0x4c, 0xa5, 0x2a, 0x57, 0xc9, 0xca, 0x56, 0xba, 0xf2, 0x95, 0xb0, 0x8c, 0xa5, 0x2c, 0x67, 0x49,
    0xcb, 0x5a, 0xda, 0xf2, 0x96, 0xb8, 0xcc, 0xa5, 0x2e, 0x77, 0xc9, 0xcb, 0x5e, 0xfa, 0xf2, 0x97,
    0xc0, 0x0c, 0xa6, 0x30, 0x87, 0x49, 0xcc, 0x62, 0x1a, 0xf3, 0x98, 0xc8, 0x4c, 0xa6, 0x32, 0x97,
    0xc9, 0xcc, 0x66, 0x3a, 0xf3, 0x99, 0xd0, 0x8c, 0xa6, 0x34, 0xa7, 0x49, 0xcd, 0x6a, 0x5a, 0xf3,
    0x9a, 0xd8, 0xcc, 0xa6, 0x36, 0xb7, 0xc9, 0xcd, 0x6e, 0x7a, 0xf3, 0x9b, 0xe0, 0x0c, 0xa7, 0x38,
    0x57, 0x13, 0x10, 0x00, 0x21, 0xf9, 0x04, 0x01, 0x05, 0x00, 0x02, 0x00, 0x2c, 0xbe, 0x00, 0x60,
    0x00, 0x65, 0x00, 0xdd, 0x00, 0x81, 0x00, 0x00, 0x00, 0xff, 0xff, 0xff, 0x00, 0x00, 0x00, 0x00,
    0x00, 0x00, 0x08, 0xff, 0x00, 0x05, 0x08, 0x1c, 0x18, 0xa0, 0xe0, 0xc0, 0x83, 0x08, 0x13, 0x2a,
    0x5c, 0xc8, 0xb0, 0xa1, 0xc3, 0x87, 0x10, 0x1b, 0x16, 0x0c, 0x10, 0xb1, 0xa2, 0xc5, 0x8b, 0x18,
    0x31, 0x4e, 0xcc, 0xc8, 0xb1, 0xa3, 0xc7, 0x8f, 0x20, 0x43, 0x8a, 0x1c, 0x49, 0xb2, 0xa4, 0xc9,
    0x93, 0x28, 0x53, 0xaa, 0x5c, 0xc9, 0xb2, 0xa5, 0xcb, 0x97, 0x30, 0x63, 0xca, 0x9c, 0x49, 0xb3,
    0xa6, 0xcd, 0x9b, 0x38, 0x73, 0xea, 0xdc, 0xc9, 0xb3, 0xa7, 0xcf, 0x9f, 0x40, 0x83, 0x0a, 0x1d,
    0x4a, 0xb4, 0xa8, 0xd1, 0xa3, 0x48, 0x93, 0x2a, 0x5d, 0xca, 0xb4, 0xa9, 0xd3, 0xa7, 0x50, 0xa3,
    0x4a, 0x9d, 0x4a, 0xb5, 0xaa, 0xd5, 0xab, 0x58, 0xb3, 0x6a, 0xdd, 0xca, 0xb5, 0xab, 0xd7, 0xaf,
    0x60, 0xc3, 0x8a, 0x1d, 0x4b, 0xb6, 0xac, 0xd9, 0xb3, 0x68, 0xd3, 0xaa, 0x5d, 0xcb, 0xb6, 0xad,
    0xdb, 0xb7, 0x70, 0xe3, 0xca, 0x9d, 0xcb, 0x13, 0x80, 0x5d, 0x00, 0x34, 0xef, 0xe2, 0xc5, 0xa9,
    0x37, 0xef, 0xdd, 0x9c, 0x7d, 0x67, 0x06, 0xa6, 0x4b, 0xb8, 0xb0, 0xe1, 0xc3, 0x88, 0x13, 0x2b,
    0x5e, 0xcc, 0xb8, 0xb1, 0xe3, 0xc7, 0x90, 0x23, 0x4b, 0x9e, 0x4c, 0xb9, 0xb2, 0xe5, 0xcb, 0x98,
    0x33, 0x6b, 0xde, 0xcc, 0xb9, 0x33, 0xd9, 0x8d, 0x68, 0x27, 0x1a, 0x3c, 0x2b, 0x9a, 0x22, 0x69,
    0xd1, 0xa1, 0x09, 0x9e, 0xdd, 0x3b, 0x90, 0xf5, 0x58, 0xd7, 0x02, 0x60, 0x83, 0xb5, 0x2b, 0x60,
    0x23, 0xed, 0xd7, 0x78, 0x6d, 0xe7, 0x36, 0xfd, 0x95, 0xb6, 0xee, 0xda, 0xbc, 0xbd, 0xfa, 0x36,
    0x38, 0x3c, 0xec, 0x70, 0x8a, 0xc5, 0x67, 0xef, 0x46, 0xbe, 0xdb, 0xf8, 0xf2, 0xd8, 0xcd, 0x95,
    0x03, 0x67, 0x0e, 0xdc, 0xf9, 0x74, 0xe8, 0xd5, 0xa5, 0xff, 0x1e, 0xdd, 0xfb, 0x79, 0xf2, 0xee,
    0xd7, 0xbf, 0x0b, 0x7d, 0xf7, 0x2e, 0xbb, 0x37, 0xc2, 0xf2, 0xe6, 0x0f, 0xa2, 0xff, 0xca, 0x3b,
    0xf8, 0x67, 0xd4, 0xa7, 0x41, 0x9b, 0x2d, 0x9d, 0x56, 0xbe, 0xe7, 0xfb, 0xf8, 0xf3, 0xeb, 0xdf,
    0xcf, 0xbf, 0xbf, 0xff, 0xff, 0x00, 0x06, 0x28, 0xe0, 0x80, 0x04, 0x16, 0x68, 0xe0, 0x81, 0x08,
    0x26, 0xa8, 0xe0, 0x82, 0x0c, 0x36, 0xe8, 0xe0, 0x83, 0x10, 0x46, 0x28, 0xe1, 0x84, 0x14, 0x56,
    0x68, 0xe1, 0x85, 0x18, 0x66, 0xa8, 0xe1, 0x86, 0x1c, 0x76, 0xe8, 0xe1, 0x87, 0x20, 0x86, 0x28,
    0xe2, 0x88, 0x24, 0x1e, 0x68, 0xdf, 0x7c, 0xdc, 0xc5, 0xa7, 0xd6, 0x89, 0x65, 0xb1, 0xc8, 0xd5,
    0x5f, 0x07, 0xb9, 0xb8, 0x15, 0x8c, 0x04, 0xa5, 0x38, 0xde, 0x7a, 0x25, 0xe6, 0xa8, 0xe3, 0x8e,
    0x3c, 0xf6, 0xe8, 0xe3, 0x8f, 0x40, 0x9e, 0x77, 0x1b, 0x5a, 0x34, 0xae, 0x36, 0x24, 0x49, 0x01,
    0x01, 0x00, 0x21, 0xf9, 0x04, 0x01, 0x05, 0x00, 0x02, 0x00, 0x2c, 0xbe, 0x00, 0x56, 0x00, 0x50,
    0x00, 0xe7, 0x00, 0x81, 0x00, 0x00, 0x00, 0xff, 0xff, 0xff, 0x00, 0x00, 0x00, 0x00, 0x00, 0x00,
    0x08, 0xff, 0x00, 0x05, 0x08, 0x1c, 0x48, 0xb0, 0xa0, 0xc1, 0x83, 0x08, 0x05, 0x06, 0x58, 0xc8,
    0xb0, 0xa1, 0xc3, 0x00, 0x09, 0x23, 0x4a, 0x9c, 0x48, 0x31, 0xe1, 0xc3, 0x8b, 0x0c, 0x2b, 0x6a,
    0xdc, 0xc8, 0x51, 0x21, 0xc6, 0x8b, 0x1d, 0x43, 0x8a, 0x3c, 0xf8, 0x11, 0xe4, 0xc8, 0x93, 0x28,
    0x53, 0xaa, 0x5c, 0xc9, 0xb2, 0xa5, 0xcb, 0x97, 0x30, 0x63, 0xca, 0x9c, 0x49, 0xb3, 0xa6, 0xcd,
    0x9b, 0x38, 0x73, 0xea, 0xdc, 0xc9, 0xb3, 0xa7, 0xcf, 0x9f, 0x40, 0x83, 0x0a, 0x1d, 0x4a, 0xb4,
    0xa8, 0xd1, 0xa3, 0x48, 0x93, 0x2a, 0x5d, 0xca, 0xb4, 0xa9, 0xd3, 0xa7, 0x50, 0xa3, 0x4a, 0x9d,
    0x4a, 0xb5, 0xaa, 0xd5, 0xab, 0x58, 0xb3, 0x6a, 0xdd, 0xca, 0xb5, 0xab, 0xd7, 0xaf, 0x60, 0xc3,
    0x8a, 0x1d, 0x4b, 0xb6, 0xac, 0xd9, 0xb3, 0x68, 0xd3, 0xaa, 0x5d, 0xcb, 0xb6, 0xad, 0xdb, 0xb7,
    0x70, 0xe3, 0xca, 0x9d, 0x4b, 0xb7, 0x2e, 0x56, 0x00, 0x78, 0xbd, 0xe2, 0x05, 0xa0, 0x37, 0xef,
    0xd8, 0x86, 0x3a, 0xf7, 0x02, 0x2e, 0xb8, 0x37, 0xe4, 0x60, 0x9c, 0x82, 0x33, 0x12, 0xf6, 0xcb,
    0xf1, 0xf0, 0xcd, 0xc4, 0x0b, 0x0d, 0x16, 0xb6, 0x4b, 0xb9, 0xb2, 0xe5, 0xcb, 0x98, 0x33, 0x6b,
    0xde, 0xcc, 0xb9, 0xb3, 0xe7, 0xcf, 0xa0, 0x43, 0x8b, 0x1e, 0x4d, 0xba, 0xb4, 0xe9, 0xd3, 0xa8,
    0x53, 0xab, 0x5e, 0xcd, 0xba, 0xb5, 0xeb, 0xd7, 0xb0, 0x63, 0xcb, 0x9e, 0x4d, 0xbb, 0xb6, 0xed,
    0xdb, 0xb8, 0x73, 0xeb, 0xde, 0xcd, 0xbb, 0xb7, 0xef, 0xdf, 0xc0, 0x83, 0x0b, 0x1f, 0x4e, 0xbc,
    0xb8, 0xf1, 0xe3, 0xc8, 0x93, 0x2b, 0x5f, 0xce, 0x1c, 0xa1, 0x49, 0xac, 0xcf, 0xaf, 0x46, 0x6f,
    0x4e, 0xbd, 0xba, 0xf5, 0xeb, 0xd8, 0xb3, 0x6b, 0xdf, 0xce, 0xbd, 0xbb, 0xf7, 0xef, 0xe0, 0xc3,
    0x8b, 0x2a, 0x1f, 0x4f, 0x7e, 0xe4, 0x64, 0xae, 0xe7, 0xb7, 0xa6, 0xd7, 0xba, 0x3e, 0x6b, 0xfb,
    0xbb, 0x8c, 0xd5, 0xc7, 0x2f, 0x4f, 0xbf, 0xbe, 0xfd, 0xec, 0xef, 0xaf, 0xe6, 0xb7, 0xba, 0xff,
    0xbe, 0x7f, 0x83, 0x8a, 0x71, 0x15, 0xe0, 0x56, 0x03, 0x1a, 0x14, 0x10, 0x00, 0x21, 0xf9, 0x04,
    0x01, 0x05, 0x00, 0x02, 0x00, 0x2c, 0xca, 0x00, 0x56, 0x00, 0x51, 0x00, 0xe7, 0x00, 0x81, 0x00,
    0x00, 0x00, 0xff, 0xff, 0xff, 0x00, 0x00, 0x00, 0x00, 0x00, 0x00, 0x08, 0xff, 0x00, 0x05, 0x08,
    0x1c, 0x48, 0xb0, 0xa0, 0xc1, 0x83, 0x08, 0x07, 0x02, 0x58, 0x98, 0xb0, 0xa1, 0xc3, 0x87, 0x10,
    0x23, 0x26, 0x5c, 0x08, 0x40, 0xa2, 0xc5, 0x8b, 0x18, 0x1f, 0x52, 0xcc, 0xc8, 0xb1, 0x23, 0xc6,
    0x8d, 0x1e, 0x43, 0x06, 0x18, 0x19, 0xb2, 0xa4, 0x49, 0x83, 0x23, 0x03, 0x9c, 0x5c, 0x69, 0x32,
    0x25, 0xcb, 0x97, 0x30, 0x63, 0xca, 0x9c, 0x49, 0xb3, 0xa6, 0xcd, 0x9b, 0x38, 0x73, 0xea, 0xdc,
    0xc9, 0xb3, 0xa7, 0xcf, 0x9f, 0x40, 0x83, 0x0a, 0x1d, 0x4a, 0xb4, 0xa8, 0xd1, 0xa3, 0x48, 0x93,
    0xe6, 0x4c, 0xa9, 0x52, 0x29, 0x47, 0xa6, 0x4e, 0x9f, 0xba, 0x8c, 0x4a, 0xb5, 0xaa, 0xd5, 0xab,
    0x58, 0xb3, 0x6a, 0xdd, 0xca, 0xb5, 0xab, 0xd7, 0xaf, 0x60, 0xc3, 0x8a, 0x1d, 0x4b, 0xb6, 0xac,
    0xd9, 0xb3, 0x68, 0xd3, 0xaa, 0x5d, 0xcb, 0xb6, 0xad, 0xdb, 0xb7, 0x70, 0xe3, 0xca, 0x9d, 0x4b,
    0xb7, 0xae, 0xdd, 0xbb, 0x78, 0xf3, 0xea, 0xdd, 0xcb, 0xb7, 0xaf, 0xdf, 0xbf, 0x3e, 0x29, 0x56,
    0x5c, 0x29, 0xb8, 0xb0, 0x60, 0x85, 0x86, 0x41, 0x76, 0x3c, 0x4c, 0x38, 0x71, 0x61, 0xc4, 0x8e,
    0x43, 0x32, 0x3e, 0xe9, 0xf8, 0xb1, 0xc0, 0xca, 0x83, 0x01, 0x6b, 0xde, 0xcc, 0xb9, 0xb3, 0xe7,
    0xcf, 0xa0, 0x43, 0x8b, 0x1e, 0x4d, 0xba, 0xb4, 0xe9, 0xd3, 0xa8, 0x53, 0xab, 0x5e, 0xcd, 0xba,
    0xb5, 0xeb, 0xd7, 0xb0, 0x63, 0xcb, 0x9e, 0x4d, 0xbb, 0xb6, 0xed, 0xdb, 0xb8, 0x73, 0xeb, 0xde,
    0xcd, 0xbb, 0xb7, 0xef, 0xdf, 0xc0, 0x83, 0x0b, 0x1f, 0x4e, 0xbc, 0xb8, 0xf1, 0xe3, 0xc8, 0x93,
    0x2b, 0x5f, 0xce, 0xbc, 0xb9, 0xf3, 0xe7, 0xd0, 0xa3, 0xd3, 0x9d, 0x5a, 0x96, 0x3a, 0x59, 0xeb,
    0xd2, 0xb3, 0x6b, 0xdf, 0xce, 0xbd, 0xbb, 0xf7, 0xef, 0xe0, 0xc3, 0x8b, 0x23, 0x1f, 0x4f, 0xbe,
    0xbc, 0xf9, 0xf3, 0xe8, 0xd3, 0xab, 0x5f, 0xcf, 0xbe, 0xbd, 0xfb, 0xbf, 0x93, 0xc7, 0xc6, 0x17,
    0x3b, 0xff, 0xbd, 0xfd, 0xfb, 0xf8, 0x59, 0x2b, 0x26, 0xbb, 0x5f, 0x3e, 0x43, 0x8f, 0x01, 0x01,
    0x00, 0x21, 0xf9, 0x04, 0x01, 0x05, 0x00, 0x02, 0x00, 0x2c, 0xbe, 0x00, 0x9a, 0x00, 0x10, 0x00,
    0x89, 0x00, 0x81, 0x00, 0x00, 0x00, 0xff, 0xff, 0xff, 0x00, 0x00, 0x00, 0x00, 0x00, 0x00, 0x08,
    0x6c, 0x00, 0x05, 0x08, 0x1c, 0x48, 0x50, 0x60, 0x80, 0x83, 0x01, 0x0a, 0x2a, 0x14, 0x80, 0x30,
    0xe1, 0x42, 0x82, 0x0d, 0x1f, 0x4a, 0x9c, 0x48, 0xb1, 0xa2, 0xc5, 0x8b, 0x18, 0x33, 0x6a, 0xdc,
    0xc8, 0xb1, 0xa3, 0xc7, 0x8f, 0x20, 0x43, 0x8a, 0x1c, 0x49, 0xb2, 0xa4, 0xc9, 0x93, 0x28, 0x53,
    0xaa, 0x5c, 0xc9, 0xb2, 0xa5, 0xcb, 0x97, 0x30, 0x63, 0xca, 0x9c, 0x49, 0xb3, 0xa6, 0xcd, 0x9b,
    0x38, 0x73, 0xea, 0xdc, 0xc9, 0xb3, 0xa7, 0xcf, 0x9f, 0x40, 0x83, 0x0a, 0x9d, 0x88, 0xd0, 0x62,
    0xd1, 0x8a, 0x47, 0x29, 0x26, 0x05, 0xba, 0x54, 0x62, 0xd3, 0x87, 0x4f, 0x87, 0x4a, 0x9d, 0x4a,
    0xb5, 0x2a, 0x45, 0x00, 0x58, 0x2d, 0x62, 0x05, 0xa0, 0x35, 0x6b, 0xc5, 0x80, 0x00, 0x21, 0xf9,
    0x04, 0x01, 0x05, 0x00, 0x02, 0x00, 0x2c, 0xbe, 0x00, 0x9a, 0x00, 0x65, 0x00, 0xa3, 0x00, 0x81,
    0x00, 0x00, 0x00, 0xff, 0xff, 0xff, 0x00, 0x00, 0x00, 0x00, 0x00, 0x00, 0x08, 0xff, 0x00, 0x05,
    0x08, 0x1c, 0x48, 0xb0, 0xa0, 0xc1, 0x83, 0x08, 0x05, 0x02, 0x58, 0x38, 0x30, 0x80, 0xc3, 0x87,
    0x01, 0x12, 0x4a, 0x9c, 0x48, 0xb1, 0xa2, 0xc5, 0x8b, 0x04, 0x17, 0x02, 0x68, 0x08, 0xd1, 0x21,
    0xc6, 0x8f, 0x20, 0x43, 0x82, 0xd4, 0xc8, 0xb1, 0xa3, 0xc8, 0x93, 0x28, 0x53, 0xaa, 0x5c, 0xc9,
    0xb2, 0xa5, 0xcb, 0x97, 0x30, 0x63, 0xca, 0x9c, 0x49, 0xb3, 0xa6, 0xcd, 0x9b, 0x38, 0x73, 0xea,
    0xdc, 0xc9, 0xb3, 0xa7, 0xcf, 0x9f, 0x40, 0x83, 0x0a, 0x1d, 0x4a, 0xb4, 0xa8, 0xd1, 0xa3, 0x48,
    0x93, 0x2a, 0x5d, 0xca, 0xb4, 0xa9, 0xd3, 0xa7, 0x50, 0xa3, 0x4a, 0x9d, 0x4a, 0xb5, 0xaa, 0xd5,
    0xab, 0x58, 0xb3, 0x6a, 0xdd, 0xca, 0xb5, 0xab, 0xd7, 0xaf, 0x60, 0xc3, 0x8a, 0x1d, 0x4b, 0xb6,
    0x2c, 0x58, 0x92, 0x66, 0x29, 0x6a, 0x64, 0x98, 0x56, 0xe2, 0xda, 0x8d, 0x6d, 0x13, 0xbe, 0x8d,
    0x2b, 0x77, 0x20, 0x5c, 0xba, 0x05, 0x23, 0x12, 0xd4, 0x8b, 0xb7, 0x61, 0xde, 0xbe, 0x1c, 0x05,
    0x90, 0xf4, 0x08, 0xd8, 0xe3, 0xe0, 0x88, 0x6c, 0xe3, 0x1a, 0x66, 0xb8, 0x18, 0xef, 0xe2, 0x8d,
    0x8d, 0xe9, 0x3e, 0x16, 0x10, 0x59, 0x31, 0x62, 0xc6, 0x97, 0x1d, 0x5f, 0x86, 0x9c, 0x59, 0xf2,
    0x66, 0xca, 0x9d, 0x2d, 0x0b, 0xc6, 0x3c, 0x5a, 0xf3, 0x68, 0xce, 0xa5, 0x3d, 0x9f, 0x06, 0x9d,
    0x5a, 0xf4, 0xe1, 0xd6, 0x6d, 0x27, 0x13, 0x2e, 0xfc, 0x17, 0xb0, 0x40, 0xbe, 0xb7, 0x6d, 0xdb,
    0xdd, 0xad, 0x5b, 0xe1, 0xda, 0xde, 0xbe, 0xd1, 0xf6, 0x9e, 0x0b, 0x7c, 0x75, 0xf1, 0xe3, 0xc8,
    0x93, 0x2b, 0x5f, 0xce, 0xbc, 0xb9, 0xf3, 0xe7, 0xd0, 0xa3, 0x4b, 0x9f, 0x4e, 0xbd, 0xba, 0xf5,
    0xeb, 0xd8, 0xb3, 0x6b, 0xdf, 0xce, 0xbd, 0xbb, 0xf7, 0xef, 0xe0, 0xc3, 0x8b, 0x51, 0x1f, 0x4f,
    0xbe, 0xbc, 0xf9, 0xf3, 0xe8, 0xd3, 0xab, 0x5f, 0x2f, 0x1c, 0x78, 0xfb, 0xe1, 0x89, 0xdd, 0xc7,
    0x5f, 0x4f, 0xbf, 0xfc, 0x7b, 0xdd, 0xf7, 0x6d, 0xe7, 0xaf, 0xcf, 0xbf, 0xbf, 0xff, 0xff, 0x00,
    0x06, 0x28, 0xe0, 0x80, 0x04, 0x16, 0x68, 0xe0, 0x81, 0x08, 0x26, 0xa8, 0xe0, 0x82, 0x0c, 0x36,
    0xc8, 0xd5, 0x43, 0xc8, 0x41, 0x78, 0x9c, 0x84, 0x0e, 0x56, 0x68, 0xe1, 0x85, 0x18, 0x66, 0xa8,
    0xe1, 0x86, 0x1c, 0x76, 0x78, 0xd4, 0x7e, 0x7d, 0x81, 0x88, 0x97, 0x88, 0x57, 0x05, 0x04, 0x00,
    0x21, 0xf9, 0x04, 0x01, 0x05, 0x00, 0x02, 0x00, 0x2c, 0xbe, 0x00, 0x56, 0x00, 0x60, 0x00, 0xe7,
    0x00, 0x81, 0x00, 0x00, 0x00, 0xff, 0xff, 0xff, 0x00, 0x00, 0x00, 0x00, 0x00, 0x00, 0x08, 0xff,
    0x00, 0x05, 0x08, 0x1c, 0x48, 0xb0, 0xa0, 0xc1, 0x83, 0x04, 0x03, 0x28, 0x5c, 0x88, 0xb0, 0x20,
    0xc3, 0x86, 0x10, 0x23, 0x4a, 0x9c, 0x48, 0x31, 0xe1, 0x42, 0x85, 0x13, 0x1f, 0x56, 0xdc, 0xc8,
    0xb1, 0xa3, 0xc1, 0x8b, 0x18, 0x25, 0x6a, 0xf4, 0x48, 0xb2, 0x64, 0x44, 0x90, 0x01, 0x32, 0x86,
    0x34, 0xc9, 0xb2, 0xa5, 0xcb, 0x97, 0x30, 0x63, 0xca, 0x9c, 0x49, 0xb3, 0xa6, 0xcd, 0x9b, 0x38,
    0x73, 0xea, 0xdc, 0xc9, 0xb3, 0xa7, 0xcf, 0x9f, 0x40, 0x83, 0x0a, 0x1d, 0x4a, 0xb4, 0xa8, 0xd1,
    0xa3, 0x48, 0x93, 0x2a, 0x5d, 0xca, 0xb4, 0xa9, 0xd3, 0xa7, 0x50, 0xa3, 0x4a, 0x9d, 0x4a, 0xb5,
    0xaa, 0xd5, 0xab, 0x58, 0xb3, 0x6a, 0xdd, 0xca, 0xb5, 0xab, 0xd7, 0xaf, 0x60, 0xc3, 0x8a, 0x1d,
    0x4b, 0xb6, 0xac, 0xd9, 0xb3, 0x68, 0xd3, 0xaa, 0x5d, 0xcb, 0xb6, 0xad, 0xdb, 0xb7, 0x70, 0xe3,
    0xca, 0x9d, 0x4b, 0xb7, 0xae, 0xdd, 0xbb, 0x78, 0xf3, 0xea, 0xdd, 0xcb, 0xb7, 0xaf, 0xdf, 0xbf,
    0x80, 0x03, 0x0b, 0x1e, 0x4c, 0xb8, 0x30, 0x5e, 0x00, 0x88, 0x01, 0xb8, 0x4c, 0xcc, 0x38, 0xb1,
    0x53, 0xc6, 0x8b, 0x1b, 0x43, 0x6e, 0x3a, 0x99, 0xa5, 0xe4, 0xca, 0x86, 0x33, 0x6b, 0xde, 0xcc,
    0xb9, 0xb3, 0xe7, 0xcf, 0xa0, 0x43, 0x8b, 0x1e, 0x4d, 0xba, 0xb4, 0xe9, 0xd3, 0xa8, 0x53, 0xab,
    0x5e, 0xcd, 0xba, 0xb5, 0xeb, 0xd7, 0xb0, 0x63, 0xcb, 0x9e, 0x4d, 0xbb, 0xb6, 0xed, 0xdb, 0xb8,
    0x73, 0xeb, 0xde, 0xcd, 0xbb, 0xb7, 0xef, 0xdf, 0xc0, 0x83, 0x0b, 0x1f, 0x4e, 0xbc, 0xb8, 0xf1,
    0xe3, 0xc8, 0x93, 0x2b, 0x5f, 0xce, 0xbc, 0xb9, 0xf3, 0xe7, 0xd0, 0xa3, 0x4b, 0x9f, 0x4e, 0xbd,
    0x3a, 0xf0, 0x91, 0x6e, 0xb1, 0xb7, 0xd5, 0x6e, 0xbd, 0xbb, 0xf7, 0xa7, 0xdc, 0xd7, 0x86, 0x44,
    0x57, 0x3b, 0x3e, 0x6d, 0xf9, 0xef, 0xe8, 0xd3, 0xab, 0x5f, 0xcf, 0xbe, 0xbd, 0xfb, 0xf7, 0xf0,
    0xe3, 0xcb, 0x9f, 0xbf, 0x7d, 0xe5, 0xdb, 0xf3, 0x67, 0xf1, 0xd3, 0xdf, 0x6f, 0xdd, 0x71, 0x5c,
    0xff, 0x70, 0x01, 0xc8, 0xdf, 0x80, 0x04, 0x8a, 0x25, 0xa0, 0x5b, 0x07, 0xb6, 0x95, 0x20, 0x5b,
    0x0b, 0x16, 0xd8, 0x17, 0x66, 0x0a, 0x36, 0x98, 0x16, 0x84, 0x73, 0xe9, 0x57, 0x96, 0x85, 0x64,
    0x61, 0x08, 0x55, 0x40, 0x00, 0x21, 0xf9, 0x04, 0x01, 0x05, 0x00, 0x02, 0x00, 0x2c, 0xd1, 0x00,
    0x3a, 0x01, 0x03, 0x00, 0x03, 0x00, 0x81, 0x00, 0x00, 0x00, 0xff, 0xff, 0xff, 0x00, 0x00, 0x00,
    0x00, 0x00, 0x00, 0x08, 0x07, 0x00, 0x01, 0x08, 0x1c, 0x38, 0x30, 0x20, 0x00, 0x21, 0xf9, 0x04,
    0x01, 0x05, 0x00, 0x02, 0x00, 0x2c, 0xbe, 0x00, 0x9a, 0x00, 0x3c, 0x00, 0x89, 0x00, 0x81, 0x00,
    0x00, 0x00, 0xff, 0xff, 0xff, 0x00, 0x00, 0x00, 0x00, 0x00, 0x00, 0x08, 0xa9, 0x00, 0x05, 0x08,
    0x1c, 0x48, 0xb0, 0xa0, 0xc1, 0x83, 0x08, 0x05, 0x06, 0x58, 0x98, 0xf0, 0xe0, 0xc2, 0x00, 0x0d,
    0x23, 0x4a, 0x2c, 0xf8, 0x70, 0xe2, 0xc0, 0x8a, 0x16, 0x33, 0x22, 0xc4, 0x68, 0x91, 0xa3, 0xc6,
    0x8f, 0x20, 0x43, 0x8a, 0x1c, 0x49, 0xb2, 0xa4, 0xc9, 0x93, 0x28, 0x53, 0xaa, 0x5c, 0xc9, 0xb2,
    0xa5, 0xcb, 0x97, 0x30, 0x63, 0xca, 0x9c, 0x49, 0xb3, 0xa6, 0xcd, 0x9b, 0x38, 0x73, 0xea, 0xdc,
    0xc9, 0xb3, 0xa7, 0xcf, 0x9f, 0x40, 0x83, 0x0a, 0x1d, 0x4a, 0xb4, 0xa8, 0xd1, 0xa3, 0x48, 0x93,
    0x2a, 0x5d, 0xca, 0xb4, 0xa9, 0xd3, 0xa7, 0x50, 0xa3, 0x4a, 0x9d, 0x4a, 0xb5, 0xaa, 0xd5, 0xab,
    0x58, 0xb3, 0x6a, 0xdd, 0xca, 0xb5, 0xab, 0xd7, 0xaf, 0x60, 0xc3, 0x8a, 0x1d, 0x4b, 0xb6, 0xac,
    0xd9, 0xb3, 0x68, 0xd3, 0xaa, 0x5d, 0xcb, 0xb6, 0xad, 0xdb, 0xb7, 0x70, 0xe3, 0xca, 0x9d, 0x4b,
    0xb7, 0xae, 0xdd, 0xbb, 0x78, 0xf3, 0xea, 0xdd, 0xcb, 0xb7, 0xaf, 0xdf, 0xbf, 0x80, 0x03, 0x0b,
    0x1e, 0x4c, 0xb8, 0xb0, 0xe1, 0xc3, 0x88, 0x13, 0x2b, 0x5e, 0x4c, 0x17, 0x80, 0xe3, 0xa3, 0x8e,
    0x01, 0x40, 0x7e, 0x6c, 0x34, 0x20, 0x00, 0x21, 0xf9, 0x04, 0x01, 0x05, 0x00, 0x02, 0x00, 0x2c,
    0xbe, 0x00, 0x56, 0x00, 0x62, 0x00, 0xe7, 0x00, 0x81, 0x00, 0x00, 0x00, 0xff, 0xff, 0xff, 0x00,
    0x00, 0x00, 0x00, 0x00, 0x00, 0x08, 0xff, 0x00, 0x05, 0x08, 0x1c, 0x48, 0xb0, 0xa0, 0xc1, 0x83,
    0x01, 0x12, 0x06, 0x38, 0xc8, 0xb0, 0xa1, 0xc3, 0x87, 0x10, 0x23, 0x4a, 0x74, 0xa8, 0x70, 0xe1,
    0xc4, 0x8b, 0x18, 0x33, 0x6a, 0x64, 0x58, 0x71, 0xa3, 0xc7, 0x8f, 0x20, 0x39, 0x2a, 0x0c, 0x49,
    0xb2, 0xa4, 0xc9, 0x93, 0x03, 0x47, 0xa2, 0x5c, 0xc9, 0x92, 0xa0, 0xca, 0x96, 0x30, 0x4f, 0xbe,
    0x8c, 0x49, 0xb3, 0xa6, 0xcd, 0x9b, 0x38, 0x73, 0xea, 0xdc, 0xc9, 0xb3, 0xa7, 0xcf, 0x9f, 0x40,
    0x83, 0x0a, 0x1d, 0x4a, 0xb4, 0xa8, 0xd1, 0xa3, 0x48, 0x93, 0x2a, 0x5d, 0xca, 0xb4, 0xa9, 0xd3,
    0xa7, 0x50, 0xa3, 0x4a, 0x9d, 0x4a, 0xb5, 0xaa, 0xd5, 0xab, 0x58, 0xb3, 0x6a, 0xdd, 0xca, 0xb5,
    0xab, 0xd7, 0xaf, 0x60, 0xc3, 0x8a, 0x1d, 0x4b, 0xb6, 0xac, 0xd9, 0xb3, 0x68, 0xd3, 0xaa, 0x5d,
    0xcb, 0xb6, 0xad, 0xdb, 0xb7, 0x70, 0xe3, 0xca, 0x9d, 0x4b, 0xb7, 0xae, 0xdd, 0xbb, 0x78, 0xf3,
    0xea, 0xdd, 0xcb, 0xb7, 0xaf, 0xdf, 0xbf, 0x80, 0x03, 0x0b, 0x1e, 0x0c, 0x14, 0x80, 0xe1, 0x99,
    0x0d, 0x0d, 0x03, 0xe8, 0xaa, 0x18, 0x31, 0x43, 0xc5, 0x8c, 0x0f, 0x27, 0x8c, 0x08, 0x99, 0xb0,
    0xe5, 0xcb, 0x98, 0x33, 0x6b, 0xde, 0xcc, 0xb9, 0xb3, 0xe7, 0xcf, 0xa0, 0x43, 0x8b, 0x1e, 0x4d,
    0xba, 0xb4, 0xe9, 0xd3, 0xa8, 0x53, 0x13, 0xb5, 0xf8, 0xd6, 0x71, 0xda, 0x8e, 0xad, 0x5d, 0xbf,
    0x9e, 0x1c, 0x9b, 0x76, 0x5b, 0xd8, 0x6e, 0x65, 0xa3, 0xc5, 0xcd, 0x96, 0x77, 0xee, 0xb6, 0x86,
    0x09, 0x2e, 0x5e, 0x5b, 0x19, 0x78, 0x70, 0xda, 0xc3, 0xd1, 0x42, 0x46, 0xae, 0x76, 0xb9, 0xc5,
    0xe4, 0x67, 0x9d, 0x0b, 0x84, 0x6e, 0x56, 0xba, 0x00, 0xea, 0x65, 0xad, 0x63, 0x27, 0xab, 0xbd,
    0xf9, 0xf1, 0xe7, 0xde, 0x17, 0x33, 0x8c, 0x4f, 0xdb, 0x9d, 0xfc, 0xf7, 0xe9, 0xe1, 0x05, 0x8c,
    0x57, 0x7e, 0xfe, 0x3a, 0xf1, 0xe0, 0x6f, 0xe1, 0xa3, 0x87, 0xcb, 0xba, 0xb7, 0x6e, 0xb3, 0xbe,
    0xd5, 0xde, 0x2f, 0x9b, 0x7f, 0xb6, 0x6d, 0xfb, 0xf5, 0xad, 0xd5, 0xdf, 0x59, 0x03, 0xee, 0xf6,
    0xdf, 0x6d, 0xaa, 0x25, 0xa8, 0xe0, 0x82, 0x0c, 0x36, 0xe8, 0xe0, 0x83, 0x10, 0x46, 0x28, 0xe1,
    0x84, 0x14, 0x56, 0x68, 0xe1, 0x85, 0x18, 0x66, 0xa8, 0x21, 0x42, 0xfb, 0x91, 0x55, 0x20, 0x7e,
    0x1d, 0x6e, 0xa8, 0xde, 0x81, 0x02, 0x92, 0xa8, 0x9f, 0x89, 0x22, 0xa6, 0xa8, 0xe2, 0x8a, 0x2c,
    0xb6, 0xe8, 0xe2, 0x8b, 0xc5, 0x19, 0xb7, 0x9d, 0x79, 0x33, 0xbe, 0x68, 0xe3, 0x8d, 0x38, 0xe6,
    0xa8, 0xe3, 0x8e, 0x3c, 0xf6, 0xe8, 0xe3, 0x8f, 0x40, 0x06, 0x29, 0xe4, 0x90, 0x44, 0x16, 0x69,
    0xe4, 0x91, 0x48, 0x26, 0xa9, 0xe4, 0x92, 0x4c, 0x82, 0x15, 0x23, 0x5b, 0x4f, 0xbe, 0x57, 0xe3,
    0x47, 0x01, 0x01, 0x00, 0x21, 0xf9, 0x04, 0x01, 0x05, 0x00, 0x02, 0x00, 0x2c, 0xca, 0x00, 0x56,
    0x00, 0x14, 0x00, 0xa7, 0x00, 0x81, 0x00, 0x00, 0x00, 0xff, 0xff, 0xff, 0x00, 0x00, 0x00, 0x00,
    0x00, 0x00, 0x08, 0x71, 0x00, 0x05, 0x08, 0x1c, 0x48, 0xb0, 0xa0, 0x00, 0x00, 0x08, 0x01, 0x18,
    0x5c, 0x38, 0x30, 0xa1, 0x42, 0x86, 0x0b, 0x1d, 0x42, 0x8c, 0x98, 0x70, 0xa2, 0xc5, 0x8b, 0x18,
    0x33, 0x6a, 0xdc, 0xc8, 0xb1, 0xa3, 0xc7, 0x8f, 0x20, 0x43, 0x8a, 0x1c, 0x49, 0xb2, 0xa4, 0xc9,
    0x93, 0x28, 0x53, 0xaa, 0x5c, 0xc9, 0xb2, 0xa5, 0xcb, 0x97, 0x30, 0x63, 0xca, 0x9c, 0x49, 0xb3,
    0xa6, 0xcd, 0x9b, 0x38, 0x73, 0xea, 0xdc, 0xc9, 0xb3, 0xa7, 0xcf, 0x9f, 0x40, 0x83, 0x0a, 0x1d,
    0x4a, 0xb4, 0xa8, 0xd1, 0xa3, 0x48, 0x93, 0x2a, 0x5d, 0xca, 0xb4, 0xa9, 0xd3, 0xa7, 0x50, 0xa3,
    0x4a, 0x9d, 0x4a, 0xb5, 0xaa, 0xd5, 0xab, 0x58, 0xb3, 0x6a, 0xdd, 0x5a, 0x50, 0xa2, 0x46, 0xaf,
    0x19, 0xc1, 0x62, 0x0c, 0x08, 0x00, 0x21, 0xf9, 0x04, 0x01, 0x05, 0x00, 0x02, 0x00, 0x2c, 0xbe,
    0x00, 0x56, 0x00, 0x50, 0x00, 0xca, 0x00, 0x81, 0x00, 0x00, 0x00, 0xff, 0xff, 0xff, 0x00, 0x00,
    0x00, 0x00, 0x00, 0x00, 0x08, 0xfe, 0x00, 0x05, 0x08, 0x1c, 0x48, 0xb0, 0xa0, 0xc1, 0x83, 0x01,
    0x12, 0x06, 0x38, 0xc8, 0xb0, 0xa1, 0xc3, 0x87, 0x10, 0x23, 0x1a, 0x54, 0xb8, 0x50, 0xa2, 0xc5,
    0x8b, 0x18, 0x23, 0x52, 0xcc, 0xc8, 0xb1, 0x23, 0xc7, 0x8d, 0x1e, 0x43, 0x8a, 0x1c, 0x49, 0xb2,
    0xa4, 0xc9, 0x93, 0x28, 0x53, 0xaa, 0x5c, 0xc9, 0x52, 0x63, 0xc2, 0x96, 0x30, 0x19, 0x2a, 0x8c,
    0x49, 0x93, 0xe0, 0xcc, 0x9a, 0x38, 0x73, 0xea, 0xdc, 0xc9, 0xb3, 0xa7, 0xcf, 0x9f, 0x40, 0x83,
    0x0a, 0x1d, 0x4a, 0xb4, 0xa8, 0xd1, 0xa3, 0x48, 0x93, 0x2a, 0x5d, 0xca, 0xb4, 0xa9, 0xd3, 0xa7,
    0x50, 0xa3, 0x4a, 0x9d, 0x4a, 0xb5, 0xaa, 0xd5, 0xab, 0x58, 0xb3, 0x6a, 0xdd, 0xca, 0xb5, 0xab,
    0xd7, 0xaf, 0x60, 0xc3, 0x8a, 0x1d, 0x4b, 0xb6, 0xac, 0xd9, 0xb3, 0x68, 0xd3, 0xaa, 0x5d, 0xcb,
    0xb6, 0xad, 0xdb, 0xb7, 0x70, 0xe3, 0xca, 0x9d, 0x4b, 0xb7, 0xae, 0xdd, 0xbb, 0x78, 0x47, 0xde,
    0xe4, 0xba, 0x77, 0x6b, 0xdf, 0xbc, 0x80, 0x03, 0x0b, 0x1e, 0x4c, 0xb8, 0xb0, 0xe1, 0xc3, 0x88,
    0x13, 0x2b, 0x5e, 0xcc, 0xb8, 0xb1, 0xe3, 0xc7, 0x90, 0x23, 0x4b, 0x9e, 0x4c, 0xb9, 0xb2, 0xe5,
    0xcb, 0x98, 0x33, 0x6b, 0xde, 0xcc, 0xb9, 0xb3, 0xe7, 0xcf, 0xa0, 0x43, 0x8b, 0x1e, 0x4d, 0xba,
    0xb4, 0xe9, 0xd3, 0xa8, 0x53, 0xab, 0x5e, 0xcd, 0xba, 0xb5, 0xeb, 0xd7, 0xb0, 0x63, 0xcb, 0x9e,
    0x4d, 0xbb, 0xb6, 0xed, 0xdb, 0xb8, 0x73, 0xeb, 0xde, 0xcd, 0xbb, 0xb7, 0xef, 0xdf, 0xb2, 0xff,
    0x66, 0x15, 0x8e, 0x95, 0xf8, 0x55, 0x00, 0xc8, 0xbd, 0x22, 0x07, 0xa0, 0x3c, 0x79, 0xd7, 0xe5,
    0xcd, 0x99, 0x3f, 0x77, 0xce, 0x15, 0x3a, 0xf0, 0xeb, 0xd8, 0x7f, 0x5a, 0xaf, 0x4e, 0x7d, 0xeb,
    0xf6, 0xad, 0x01, 0x01, 0x00, 0x21, 0xf9, 0x04, 0x01, 0x05, 0x00, 0x02, 0x00, 0x2c, 0xbe, 0x00,
    0x56, 0x00, 0x60, 0x00, 0xe7, 0x00, 0x81, 0x00, 0x00, 0x00, 0xff, 0xff, 0xff, 0x00, 0x00, 0x00,
    0x00, 0x00, 0x00, 0x08, 0xff, 0x00, 0x05, 0x08, 0x1c, 0x48, 0xb0, 0xa0, 0xc1, 0x83, 0x00, 0x12,
    0x02, 0x38, 0xc8, 0xb0, 0xa1, 0xc3, 0x87, 0x10, 0x23, 0x4a, 0x64, 0xa8, 0x70, 0xe1, 0xc4, 0x8b,
    0x18, 0x33, 0x6a, 0x34, 0x58, 0x71, 0xa3, 0xc7, 0x8f, 0x20, 0x39, 0x2a, 0x0c, 0x49, 0xb2, 0xa4,
    0xc9, 0x93, 0x28, 0x53, 0xaa, 0x5c, 0xc9, 0xb2, 0xa5, 0xcb, 0x97, 0x30, 0x63, 0xca, 0x9c, 0x49,
    0xb3, 0xa6, 0xcd, 0x9b, 0x0d, 0x03, 0xe8, 0xc4, 0xc9, 0x53, 0xa0, 0xce, 0x00, 0x3d, 0x79, 0xfe,
    0x0c, 0x1a, 0x74, 0x28, 0x51, 0x9b, 0x46, 0x8f, 0xd2, 0x4c, 0xaa, 0x54, 0x26, 0xd3, 0xa6, 0x50,
    0xa3, 0x4a, 0x9d, 0xea, 0x71, 0x24, 0x55, 0x97, 0x56, 0xaf, 0xb2, 0xcc, 0xaa, 0xb5, 0xab, 0xd7,
    0xaf, 0x60, 0xc3, 0x8a, 0x1d, 0x4b, 0xb6, 0xac, 0xd9, 0xb3, 0x68, 0xd3, 0xaa, 0x5d, 0xcb, 0x96,
    0xe0, 0xd3, 0xb6, 0x10, 0xdf, 0xc2, 0x75, 0x28, 0x77, 0xae, 0xdd, 0xbb, 0x78, 0xf3, 0xea, 0xdd,
    0xcb, 0xb7, 0xaf, 0xdf, 0xbf, 0x80, 0x03, 0x0b, 0x1e, 0x4c, 0xb8, 0xb0, 0xe1, 0xc3, 0x88, 0xc9,
    0x72, 0x05, 0xbc, 0xf8, 0x6f, 0xe3, 0xc4, 0x90, 0x23, 0xe3, 0x7d, 0xac, 0xb6, 0xae, 0x40, 0xca,
    0x69, 0x2d, 0x0b, 0xc0, 0x8c, 0x56, 0x33, 0xe7, 0xb3, 0x9a, 0x25, 0x8b, 0x1e, 0x8d, 0xf1, 0x73,
    0x5e, 0xd3, 0x93, 0x13, 0x92, 0x5e, 0xcd, 0xba, 0xb5, 0xeb, 0xd7, 0xb0, 0x63, 0xcb, 0x9e, 0x4d,
    0xbb, 0xb6, 0xed, 0xdb, 0xb8, 0x73, 0xeb, 0xde, 0xcd, 0xbb, 0xb7, 0xef, 0xdf, 0xc0, 0x83, 0x0b,
    0x1f, 0x4e, 0xbc, 0xb8, 0xf1, 0xe3, 0xc8, 0x93, 0x2b, 0x5f, 0xce, 0xbc, 0xb9, 0xf3, 0xe7, 0xd0,
    0xa3, 0x4b, 0x9f, 0x4e, 0xbd, 0xba, 0xf5, 0xeb, 0xd8, 0xb3, 0x6b, 0xdf, 0xce, 0xbd, 0xbb, 0xf7,
    0xef, 0xe0, 0xc3, 0x8b, 0x6f, 0x1f, 0x4f, 0xbe, 0xbc, 0xf9, 0xf3, 0xe8, 0xd3, 0xab, 0x5f, 0xcf,
    0xbe, 0xbd, 0xfb, 0xf7, 0xdd, 0x51, 0xdf, 0x95, 0x6f, 0x97, 0xfe, 0x5c, 0xfb, 0xf0, 0xf3, 0xeb,
    0xff, 0x8d, 0xbf, 0x6d, 0x7f, 0xb6, 0xff, 0xed, 0x27, 0xe0, 0x80, 0x04, 0xae, 0x14, 0xa0, 0x5a,
    0x07, 0xa6, 0x95, 0x20, 0x5a, 0x0b, 0x9e, 0xd5, 0xa0, 0x59, 0x0f, 0x16, 0x28, 0xe1, 0x84, 0x14,
    0x56, 0x68, 0xe1, 0x46, 0xa1, 0xe5, 0x95, 0x21, 0x5e, 0x1b, 0x5e, 0x28, 0x58, 0x84, 0x54, 0xfd,
    0x04, 0x54, 0x41, 0x20, 0x4e, 0x25, 0xa2, 0x48, 0x16, 0x71, 0xd8, 0x21, 0x5b, 0x2b, 0xce, 0xd5,
    0x22, 0x5c, 0x2f, 0xb6, 0x15, 0xa3, 0x87, 0x34, 0xd6, 0xf8, 0xd5, 0x8c, 0x6b, 0xe1, 0x58, 0xd9,
    0x4e, 0x27, 0x05, 0x04, 0x00, 0x21, 0xf9, 0x04, 0x01, 0x05, 0x00, 0x02, 0x00, 0x2c, 0xbe, 0x00,
    0x6a, 0x00, 0x65, 0x00, 0xc6, 0x00, 0x81, 0x00, 0x00, 0x00, 0xff, 0xff, 0xff, 0x00, 0x00, 0x00,
    0x00, 0x00, 0x00, 0x08, 0xff, 0x00, 0x03, 0x08, 0x14, 0x40, 0xb0, 0xa0, 0xc1, 0x83, 0x08, 0x13,
    0x2a, 0x5c, 0xc8, 0xb0, 0xa1, 0xc3, 0x87, 0x09, 0x05, 0x06, 0x80, 0x48, 0xb1, 0xa2, 0xc5, 0x8b,
    0x17, 0x25, 0x62, 0xdc, 0xc8, 0xb1, 0xa3, 0xc7, 0x8f, 0x20, 0x43, 0x8a, 0x1c, 0x49, 0xb2, 0xa4,
    0xc9, 0x93, 0x28, 0x53, 0xaa, 0x5c, 0xc9, 0xb2, 0xa5, 0xcb, 0x97, 0x30, 0x63, 0xca, 0x9c, 0x49,
    0xb3, 0xa6, 0xcd, 0x9b, 0x38, 0x73, 0xea, 0xac, 0x09, 0xa0, 0xe7, 0x4e, 0x9e, 0x3e, 0x7f, 0xce,
    0xec, 0x09, 0x40, 0xa8, 0xd1, 0xa3, 0x48, 0x93, 0x2a, 0x5d, 0xca, 0xb4, 0xa9, 0xd3, 0xa7, 0x50,
    0xa3, 0x4a, 0x9d, 0x4a, 0xb5, 0xaa, 0xd5, 0xab, 0x58, 0xb3, 0x6a, 0xdd, 0xca, 0xb5, 0xab, 0xd7,
    0xaf, 0x60, 0xc3, 0x8a, 0x1d, 0x4b, 0xb6, 0xac, 0xd9, 0xb3, 0x68, 0xd3, 0xaa, 0x5d, 0xcb, 0xb6,
    0xad, 0xdb, 0xb7, 0x70, 0xe3, 0xca, 0x9d, 0x4b, 0xb7, 0xae, 0xdd, 0xbb, 0x78, 0xf3, 0xea, 0xdd,
    0xcb, 0xb7, 0xaf, 0xdf, 0xbf, 0x80, 0x03, 0x0b, 0x1e, 0x4c, 0xb8, 0xb0, 0xe1, 0xc3, 0x88, 0x13,
    0x2b, 0x6e, 0x5a, 0x34, 0x2e, 0x51, 0xb8, 0x44, 0x1b, 0xbf, 0x8d, 0xec, 0x38, 0xe8, 0xe4, 0xc7,
    0x97, 0x2d, 0xbb, 0xc5, 0xec, 0x76, 0x62, 0xc1, 0x81, 0x6b, 0x41, 0x13, 0xd4, 0x98, 0x96, 0xf4,
    0x68, 0xd3, 0x65, 0x25, 0x06, 0xa0, 0xac, 0xfa, 0x2c, 0x69, 0xd6, 0xa2, 0xc9, 0xbe, 0x7e, 0x8c,
    0x7a, 0xec, 0x6c, 0x9f, 0xb5, 0xc5, 0xde, 0x2e, 0x9a, 0x3b, 0xec, 0x6e, 0x01, 0xbd, 0xc1, 0xfe,
    0x0e, 0xfe, 0x75, 0x78, 0x6c, 0xdb, 0xa0, 0x61, 0x7b, 0x4e, 0x9d, 0x9c, 0xf6, 0x71, 0xdd, 0xcd,
    0x71, 0x3f, 0xf7, 0x1d, 0x9d, 0xf7, 0x74, 0xe1, 0xd5, 0x81, 0x5f, 0x2f, 0x9e, 0x9d, 0xb8, 0x57,
    0xe3, 0xcb, 0x65, 0x77, 0x6e, 0xdf, 0xfe, 0x5d, 0xa2, 0xf2, 0xf0, 0xe2, 0xc3, 0xb7, 0x2e, 0xad,
    0x9e, 0xbc, 0x6e, 0x83, 0xee, 0xc7, 0x72, 0x6e, 0x4b, 0x39, 0xb3, 0x64, 0xfa, 0x9a, 0xd9, 0xd6,
    0xc7, 0x9f, 0x5f, 0x7f, 0x7f, 0xfd, 0x8b, 0x05, 0x28, 0xe0, 0x80, 0x04, 0x16, 0x68, 0xe0, 0x81,
    0x08, 0x26, 0xa8, 0xe0, 0x82, 0x0c, 0x36, 0xe8, 0xe0, 0x83, 0x10, 0x46, 0x28, 0xe1, 0x84, 0x14,
    0x56, 0x68, 0xe1, 0x85, 0x18, 0x66, 0xa8, 0xe1, 0x86, 0x1c, 0x76, 0xe8, 0xe1, 0x87, 0x20, 0x86,
    0x28, 0xe2, 0x88, 0x24, 0x96, 0x68, 0xe2, 0x89, 0x28, 0xa6, 0xa8, 0xe2, 0x8a, 0x2c, 0xb6, 0xe8,
    0xe2, 0x8b, 0x30, 0xc6, 0x28, 0xe3, 0x8c, 0x34, 0xc2, 0xe4, 0x9d, 0x6b, 0xf1, 0x31, 0x87, 0x5e,
    0x5a, 0x01, 0x01, 0x00, 0x21, 0xf9, 0x04, 0x01, 0x05, 0x00, 0x02, 0x00, 0x2c, 0xbe, 0x00, 0x56,
    0x00, 0x60, 0x00, 0xda, 0x00, 0x81, 0x00, 0x00, 0x00, 0xff, 0xff, 0xff, 0x00, 0x00, 0x00, 0x00,
    0x00, 0x00, 0x08, 0xff, 0x00, 0x05, 0x08, 0x1c, 0x48, 0xb0, 0xa0, 0xc1, 0x83, 0x04, 0x01, 0x28,
    0x44, 0xc8, 0xb0, 0xa1, 0xc3, 0x87, 0x10, 0x23, 0x4a, 0x14, 0xa0, 0x10, 0xc0, 0xc4, 0x8b, 0x18,
    0x33, 0x6a, 0x1c, 0x58, 0x71, 0xa3, 0xc7, 0x8f, 0x20, 0x39, 0x2e, 0x0c, 0x49, 0xb2, 0xa4, 0xc9,
    0x93, 0x28, 0x53, 0xaa, 0x5c, 0xc9, 0xb2, 0xa5, 0xcb, 0x97, 0x30, 0x63, 0xca, 0x9c, 0x49, 0x33,
    0x66, 0xc7, 0x9a, 0x38, 0x0b, 0xde, 0xcc, 0xc9, 0x73, 0x27, 0xcf, 0x99, 0x3e, 0x7f, 0xd2, 0x0c,
    0x2a, 0x54, 0x26, 0xd1, 0xa2, 0x30, 0x8f, 0x22, 0x5d, 0xca, 0xb4, 0xa9, 0xd3, 0xa7, 0x50, 0x95,
    0x42, 0x3d, 0x29, 0x75, 0x6a, 0xc9, 0xaa, 0x56, 0xb3, 0x6a, 0xdd, 0xca, 0xb5, 0xab, 0xd7, 0xaf,
    0x60, 0xc3, 0x8a, 0xcd, 0x1a, 0xa0, 0xec, 0x58, 0x90, 0x65, 0x03, 0x9c, 0xfd, 0x98, 0x76, 0xad,
    0xc7, 0xb6, 0x6e, 0x35, 0xc2, 0x8d, 0x8b, 0x71, 0x2e, 0xdd, 0x89, 0x76, 0xef, 0x46, 0xcc, 0xab,
    0xf7, 0x21, 0xdf, 0xbe, 0x0d, 0xff, 0x02, 0x46, 0x28, 0x78, 0xb0, 0xc1, 0xc2, 0x86, 0x09, 0x22,
    0x4e, 0x2c, 0x70, 0x31, 0x63, 0xc7, 0x89, 0x21, 0x1b, 0x96, 0x3c, 0x98, 0x32, 0x60, 0xcb, 0x7d,
    0x31, 0x33, 0xde, 0xcc, 0xb9, 0xb3, 0xe7, 0xcf, 0xa0, 0x43, 0x8b, 0x1e, 0x4d, 0xba, 0xb4, 0xe9,
    0xd3, 0xa8, 0x53, 0xab, 0x5e, 0xcd, 0xba, 0x35, 0x4e, 0xcd, 0x77, 0x61, 0xd3, 0x95, 0xed, 0xba,
    0xb6, 0xed, 0xdb, 0xb8, 0x73, 0xeb, 0xde, 0xcd, 0xbb, 0xb7, 0xef, 0xdf, 0xc0, 0x83, 0x0b, 0x1f,
    0x4e, 0xbc, 0xb8, 0xf1, 0xe3, 0xc8, 0x93, 0x2b, 0x5f, 0xce, 0xbc, 0xb9, 0xf3, 0xe7, 0xd0, 0xa3,
    0x4b, 0x9f, 0x4e, 0xbd, 0xba, 0xf5, 0xeb, 0xd8, 0xb3, 0x6b, 0xdf, 0xce, 0xbd, 0xbb, 0xf7, 0xef,
    0xe0, 0xc3, 0x8b, 0x4d, 0x1f, 0x4f, 0xbe, 0xbc, 0xf9, 0xf3, 0xe8, 0xd3, 0xab, 0x5f, 0xcf, 0xbe,
    0xbd, 0xfb, 0xf7, 0xf0, 0xe3, 0xcb, 0x9f, 0x4f, 0xbf, 0xbe, 0xfd, 0xfb, 0xf8, 0xf3, 0xbf, 0xa6,
    0xbd, 0x36, 0xad, 0xda, 0xd1, 0xfe, 0xe9, 0x27, 0x60, 0x75, 0xfc, 0xf5, 0x67, 0x16, 0x69, 0x05,
    0x0e, 0xa8, 0xe0, 0x82, 0x0c, 0x36, 0xe8, 0xe0, 0x83, 0x10, 0x46, 0x28, 0xe1, 0x84, 0x14, 0x56,
    0x68, 0xe1, 0x85, 0x18, 0x66, 0xa8, 0xe1, 0x53, 0x58, 0x31, 0xd6, 0x61, 0x62, 0x1f, 0xf6, 0x15,
    0x10, 0x00, 0x21, 0xf9, 0x04, 0x01, 0x05, 0x00, 0x02, 0x00, 0x2c, 0xbe, 0x00, 0x56, 0x00, 0x46,
    0x00, 0x47, 0x00, 0x81, 0x00, 0x00, 0x00, 0xff, 0xff, 0xff, 0x00, 0x00, 0x00, 0x00, 0x00, 0x00,
    0x08, 0x8d, 0x00, 0x05, 0x08, 0x1c, 0x48, 0xb0, 0xa0, 0xc1, 0x83, 0x04, 0x03, 0x28, 0x44, 0xc8,
    0xb0, 0xa1, 0xc3, 0x87, 0x10, 0x13, 0x2e, 0x8c, 0x48, 0xb1, 0xa2, 0x45, 0x89, 0x01, 0x2e, 0x6a,
    0xdc, 0xd8, 0x50, 0x61, 0x46, 0x8e, 0x20, 0x43, 0x8a, 0x1c, 0x49, 0xb2, 0xa4, 0xc9, 0x93, 0x28,
    0x53, 0xaa, 0x5c, 0xc9, 0xb2, 0xa5, 0xcb, 0x97, 0x30, 0x63, 0xca, 0x9c, 0x49, 0xb3, 0xa6, 0xcd,
    0x9b, 0x38, 0x73, 0xea, 0xdc, 0xc9, 0xb3, 0xa7, 0xcf, 0x9f, 0x40, 0x83, 0x0a, 0x1d, 0x4a, 0xb4,
    0xa8, 0xd1, 0xa3, 0x48, 0x93, 0x2a, 0x5d, 0xca, 0xb4, 0xa9, 0xd3, 0xa7, 0x50, 0xa3, 0x4a, 0x9d,
    0x4a, 0xb5, 0xaa, 0xd5, 0xab, 0x58, 0xb3, 0x6a, 0xdd, 0xca, 0xb5, 0xab, 0x57, 0x96, 0x00, 0xc2,
    0x36, 0x0d, 0x0b, 0x60, 0xac, 0xd8, 0xaf, 0x68, 0xd3, 0x72, 0x24, 0x6b, 0xb6, 0x2c, 0x53, 0xb6,
    0x6a, 0xe3, 0xca, 0x9d, 0x4b, 0xb7, 0xee, 0x55, 0xb8, 0x4b, 0xf1, 0x2a, 0x25, 0x1b, 0x10, 0x00,
    0x21, 0xf9, 0x04, 0x01, 0x05, 0x00, 0x02, 0x00, 0x2c, 0xbe, 0x00, 0x6d, 0x00, 0x60, 0x00, 0x1d,
    0x00, 0x81, 0x00, 0x00, 0x00, 0xff, 0xff, 0xff, 0x00, 0x00, 0x00, 0x00, 0x00, 0x00, 0x08, 0x6c,
    0x00, 0x01, 0x08, 0x14, 0x40, 0xb0, 0xa0, 0xc1, 0x83, 0x08, 0x13, 0x2a, 0x5c, 0xc8, 0xb0, 0xa1,
    0xc3, 0x87, 0x04, 0x05, 0x02, 0x80, 0x48, 0xb1, 0xa2, 0xc5, 0x8b, 0x0f, 0x25, 0x62, 0xdc, 0xc8,
    0xb1, 0xa3, 0xc7, 0x8f, 0x20, 0x43, 0x22, 0x0c, 0x40, 0x52, 0xa4, 0xc9, 0x93, 0x0b, 0x49, 0x06,
    0x40, 0xc9, 0xb2, 0xa5, 0xca, 0x96, 0x30, 0x63, 0xca, 0x9c, 0x49, 0xb3, 0xa6, 0xcd, 0x9b, 0x38,
    0x73, 0xea, 0xdc, 0xc9, 0xb3, 0xa7, 0xcf, 0x9f, 0x40, 0x83, 0x0a, 0x1d, 0x4a, 0xb4, 0xa8, 0xd1,
    0xa3, 0x48, 0x93, 0x2a, 0x5d, 0xca, 0xb4, 0xa9, 0xd3, 0xa7, 0x50, 0xa3, 0x4a, 0x9d, 0x4a, 0x55,
    0x80, 0xc6, 0xaa, 0x1d, 0xaf, 0x62, 0xdd, 0xa8, 0x75, 0xeb, 0xc5, 0x80, 0x00, 0x21, 0xf9, 0x04,
    0x01, 0x05, 0x00, 0x02, 0x00, 0x2c, 0xbe, 0x00, 0x56, 0x00, 0x65, 0x00, 0xad, 0x00, 0x81, 0x00,
    0x00, 0x00, 0xff, 0xff, 0xff, 0x00, 0x00, 0x00, 0x00, 0x00, 0x00, 0x08, 0xff, 0x00, 0x05, 0x08,
    0x1c, 0x48, 0xb0, 0xa0, 0xc1, 0x83, 0x08, 0x13, 0x26, 0x0c, 0xc0, 0x50, 0xa1, 0xc3, 0x87, 0x10,
    0x23, 0x4a, 0x9c, 0x78, 0x90, 0x61, 0x00, 0x8a, 0x18, 0x33, 0x6a, 0xdc, 0x38, 0xd0, 0x22, 0xc7,
    0x8f, 0x20, 0x43, 0x12, 0xf4, 0x28, 0xb2, 0xa4, 0xc9, 0x93, 0x28, 0x53, 0xaa, 0x5c, 0xc9, 0xb2,
    0xa5, 0xcb, 0x97, 0x30, 0x63, 0xca, 0x9c, 0x49, 0xb3, 0xa6, 0xcd, 0x9b, 0x38, 0x73, 0xea, 0xdc,
    0xc9, 0xb3, 0xa7, 0xcf, 0x9f, 0x40, 0x83, 0x0a, 0x1d, 0x4a, 0xb4, 0xa8, 0xd1, 0xa3, 0x48, 0x93,
    0x2a, 0x5d, 0xca, 0xb4, 0xe9, 0xc2, 0x86, 0x4e, 0x4f, 0x92, 0x8c, 0x5a, 0x72, 0x2a, 0xd5, 0xab,
    0x39, 0x01, 0x68, 0xc5, 0x2a, 0x52, 0x2b, 0x00, 0xae, 0x21, 0xbd, 0x82, 0x1d, 0x4b, 0xb6, 0xac,
    0xd9, 0xb3, 0x68, 0xd3, 0xaa, 0x5d, 0xcb, 0xb6, 0xad, 0xdb, 0xb7, 0x70, 0xe3, 0xca, 0x9d, 0x4b,
    0xb7, 0xae, 0xdd, 0xbb, 0x78, 0xa9, 0x5a, 0xb5, 0xbb, 0xb7, 0x6e, 0xdf, 0xbc, 0x80, 0x03, 0x0b,
    0x1e, 0x4c, 0xb8, 0xb0, 0x80, 0xbf, 0x73, 0x11, 0xcb, 0x55, 0x6c, 0xb8, 0xb1, 0xe3, 0xc7, 0x90,
    0x23, 0x4b, 0x56, 0x3b, 0xd5, 0xe2, 0xc5, 0xc5, 0x50, 0x0f, 0x33, 0x4e, 0x5b, 0x79, 0xf3, 0xe4,
    0xcf, 0xa0, 0x43, 0x8b, 0x1e, 0x4d, 0xba, 0xb4, 0xe9, 0xd3, 0xa8, 0x53, 0xab, 0x5e, 0xcd, 0xba,
    0xb5, 0xeb, 0xd7, 0xb0, 0x63, 0xcb, 0x9e, 0x4d, 0xbb, 0xb6, 0xed, 0xdb, 0xb8, 0x73, 0xa7, 0xf5,
    0xca, 0xbb, 0x2e, 0xef, 0xdf, 0x73, 0xc5, 0x0a, 0x04, 0x0e, 0x77, 0xab, 0x66, 0x8b, 0xbd, 0xdf,
    0x6e, 0xb5, 0xdc, 0x50, 0xb8, 0xdb, 0xaf, 0x87, 0x3b, 0x32, 0x74, 0xde, 0x16, 0xfa, 0xe5, 0xe3,
    0xd4, 0xd9, 0x5a, 0x97, 0x1e, 0x20, 0xfb, 0xda, 0xed, 0x02, 0x91, 0x1b, 0x6c, 0x7f, 0x1e, 0x9e,
    0xbb, 0x77, 0xb5, 0xe0, 0xb1, 0x8f, 0xaf, 0x5e, 0x3e, 0xfc, 0xf4, 0xf5, 0xda, 0xdb, 0xab, 0x87,
    0x4e, 0x3e, 0xba, 0xfb, 0xee, 0xf0, 0xbf, 0xcb, 0x17, 0x4f, 0x9f, 0xbd, 0xfd, 0xf9, 0xc5, 0xed,
    0xf7, 0x5e, 0x7f, 0xf1, 0xfd, 0xc7, 0x5f, 0x71, 0x5f, 0x31, 0x77, 0xd1, 0x79, 0xbb, 0x59, 0x67,
    0x59, 0x72, 0xca, 0x8d, 0x47, 0x5c, 0x5c, 0xbf, 0x41, 0x28, 0x57, 0x85, 0x04, 0xea, 0xa6, 0xe1,
    0x86, 0x1c, 0x76, 0xe8, 0xe1, 0x87, 0x20, 0x86, 0x28, 0xe2, 0x88, 0x24, 0x96, 0x68, 0xe2, 0x89,
    0x28, 0xa6, 0xa8, 0xe2, 0x8a, 0x2c, 0xb6, 0xe8, 0xe2, 0x8b, 0x30, 0xc6, 0x28, 0xe3, 0x8c, 0x1c,
    0x32, 0x78, 0x61, 0x7e, 0x74, 0xd9, 0xb8, 0x56, 0x40, 0x00, 0x21, 0xf9, 0x04, 0x01, 0x05, 0x00,
    0x02, 0x00, 0x2c, 0xc4, 0x00, 0x60, 0x00, 0x5a, 0x00, 0xa3, 0x00, 0x81, 0x00, 0x00, 0x00, 0xff,
    0xff, 0xff, 0x00, 0x00, 0x00, 0x00, 0x00, 0x00, 0x08, 0xde, 0x00, 0x03, 0x08, 0x14, 0x40, 0xb0,
    0xa0, 0xc1, 0x83, 0x08, 0x13, 0x2a, 0x5c, 0xc8, 0xb0, 0xa1, 0xc3, 0x85, 0x02, 0x03, 0x3c, 0x9c,
    0x48, 0xb1, 0xa2, 0x45, 0x87, 0x11, 0x2f, 0x6a, 0xdc, 0xc8, 0xb1, 0xa3, 0xc7, 0x8f, 0x20, 0x43,
    0x8a, 0x1c, 0x49, 0xb2, 0xa4, 0xc9, 0x93, 0x28, 0x53, 0xaa, 0x5c, 0xc9, 0xb2, 0xa5, 0xcb, 0x97,
    0x30, 0x63, 0xca, 0x9c, 0x49, 0xb3, 0xa6, 0xcd, 0x9b, 0x38, 0x73, 0xea, 0xdc, 0xc9, 0xb3, 0xa7,
    0xcf, 0x9f, 0x40, 0x83, 0x0a, 0x1d, 0x4a, 0xb4, 0xa8, 0xd1, 0xa3, 0x48, 0x93, 0x2a, 0x5d, 0xca,
    0xb4, 0xa9, 0xd3, 0xa7, 0x50, 0xa3, 0x4a, 0x9d, 0x4a, 0xb5, 0xaa, 0xd5, 0xab, 0x58, 0xb3, 0x6a,
    0xc5, 0x9a, 0x71, 0x2b, 0xc1, 0xae, 0x5e, 0xc1, 0x7a, 0x1d, 0x4b, 0xb6, 0xac, 0xd9, 0xb3, 0x68,
    0xd3, 0xaa, 0x5d, 0xcb, 0xb6, 0xad, 0xdb, 0xb7, 0x70, 0xd9, 0x02, 0x98, 0x0b, 0x60, 0x2c, 0xdd,
    0xba, 0x5e, 0xef, 0xc6, 0xdd, 0xcb, 0xb7, 0xaf, 0xdf, 0xbf, 0x80, 0x03, 0x0b, 0x1e, 0x4c, 0xb8,
    0xb0, 0xe1, 0xc3, 0x88, 0x13, 0x2b, 0x5e, 0xcc, 0xb8, 0xb1, 0xe3, 0xc7, 0x90, 0x23, 0x4b, 0x9e,
    0x4c, 0xb9, 0xb2, 0xe5, 0xcb, 0x98, 0x33, 0x6b, 0xde, 0xcc, 0xb9, 0xb3, 0xe7, 0xcf, 0xa0, 0x43,
    0x8b, 0x1e, 0x4d, 0xba, 0xb4, 0xe9, 0xd3, 0xa8, 0x53, 0xab, 0x5e, 0xcd, 0xba, 0xb5, 0xeb, 0xd7,
    0xb0, 0x63, 0xcb, 0x9e, 0x4d, 0xbb, 0xb6, 0xed, 0xdb, 0xb8, 0x73, 0xeb, 0xde, 0xcd, 0xdb, 0xa6,
    0x58, 0xad, 0xbf, 0xb3, 0x06, 0xc7, 0x1a, 0x10, 0x00, 0x21, 0xf9, 0x04, 0x01, 0x05, 0x00, 0x02,
    0x00, 0x2c, 0xc1, 0x00, 0x60, 0x00, 0x5f, 0x00, 0x74, 0x00, 0x81, 0x00, 0x00, 0x00, 0xff, 0xff,
    0xff, 0x00, 0x00, 0x00, 0x00, 0x00, 0x00, 0x08, 0xff, 0x00, 0x05, 0x08, 0x04, 0x40, 0x50, 0xa0,
    0xc1, 0x83, 0x08, 0x13, 0x2a, 0x5c, 0xc8, 0xb0, 0xa1, 0xc3, 0x87, 0x10, 0x07, 0x16, 0x8c, 0x48,
    0xb1, 0xa2, 0xc5, 0x8b, 0x0e, 0x09, 0x02, 0xc0, 0xc8, 0xb1, 0xa3, 0xc7, 0x8f, 0x20, 0x43, 0x8a,
    0x1c, 0x49, 0xb2, 0xa4, 0xc9, 0x93, 0x28, 0x53, 0xaa, 0x5c, 0xc9, 0xb2, 0xa5, 0xcb, 0x97, 0x30,
    0x63, 0xca, 0x9c, 0x49, 0xb3, 0xa6, 0xcd, 0x9b, 0x38, 0x73, 0xea, 0xdc, 0xc9, 0xb3, 0xa7, 0xcf,
    0x9f, 0x35, 0x03, 0x08, 0x05, 0xca, 0x52, 0x68, 0x00, 0xa2, 0x2b, 0x8d, 0x22, 0x5d, 0xca, 0xb4,
    0xa9, 0xd3, 0xa7, 0x50, 0xa3, 0x4a, 0x9d, 0x4a, 0xb5, 0xaa, 0xd5, 0xab, 0x58, 0xb3, 0x6a, 0xdd,
    0xca, 0xb5, 0xab, 0xd7, 0xaf, 0x60, 0xc3, 0x8a, 0x1d, 0x4b, 0x76, 0xab, 0xc6, 0xb2, 0x0a, 0xcf,
    0xa2, 0x45, 0xa8, 0x76, 0xad, 0xdb, 0xb7, 0x70, 0xe3, 0xca, 0x4d, 0xd9, 0xf6, 0x6d, 0x5d, 0xb7,
    0x77, 0xe7, 0xea, 0xdd, 0xcb, 0xb7, 0xaf, 0xdf, 0xbf, 0x80, 0x29, 0xe6, 0x45, 0x3b, 0xb8, 0x6c,
    0xe1, 0xc0, 0x88, 0x13, 0x2b, 0x5e, 0xcc, 0xb8, 0xb1, 0xe3, 0xc7, 0x90, 0x23, 0x4b, 0x9e, 0x4c,
    0xb9, 0xb2, 0xe5, 0xcb, 0x98, 0x33, 0x6b, 0xde, 0xcc, 0xb9, 0xb3, 0xe7, 0xcf, 0xa0, 0x43, 0x8b,
    0x1e, 0x4d, 0x5a, 0xee, 0x51, 0x01, 0x1b, 0xdd, 0x9e, 0x3e, 0x98, 0xba, 0xec, 0x6a, 0x83, 0xad,
    0xc7, 0x9e, 0x4e, 0x3d, 0xdb, 0xf5, 0x40, 0x81, 0xb5, 0xc9, 0xe6, 0xce, 0x2d, 0xfb, 0xb6, 0x00,
    0xde, 0x62, 0x77, 0xfb, 0xee, 0x8d, 0x1a, 0xf7, 0xf0, 0xe0, 0xbe, 0x81, 0x87, 0x15, 0x5e, 0x5c,
    0x77, 0xf2, 0xe3, 0xcb, 0x9f, 0x37, 0x27, 0x4e, 0x1b, 0x3a, 0x58, 0xe6, 0xb1, 0xa3, 0x37, 0x57,
    0xae, 0x9d, 0xf5, 0xda, 0xd7, 0xd6, 0xa9, 0x1b, 0x02, 0x0c, 0x08, 0x00, 0x21, 0xf9, 0x04, 0x01,
    0x05, 0x00, 0x02, 0x00, 0x2c, 0xc1, 0x00, 0x60, 0x00, 0x5d, 0x00, 0x3d, 0x00, 0x81, 0x00, 0x00,
    0x00, 0xff, 0xff, 0xff, 0x00, 0x00, 0x00, 0x00, 0x00, 0x00, 0x08, 0xa0, 0x00, 0x05, 0x08, 0x0c,
    0x40, 0x50, 0xa0, 0xc1, 0x83, 0x08, 0x13, 0x2a, 0x5c, 0xc8, 0xb0, 0xa1, 0xc3, 0x87, 0x10, 0x09,
    0x06, 0x80, 0x48, 0xb1, 0xa2, 0xc5, 0x8b, 0x15, 0x25, 0x62, 0xdc, 0xc8, 0xb1, 0xa3, 0xc7, 0x8f,
    0x20, 0x43, 0x8a, 0x1c, 0x49, 0xb2, 0xa4, 0xc9, 0x93, 0x28, 0x53, 0xaa, 0x5c, 0xc9, 0xb2, 0xa5,
    0xcb, 0x97, 0x30, 0x63, 0xca, 0x9c, 0x49, 0xb3, 0xa6, 0xcd, 0x9b, 0x38, 0x73, 0xea, 0xdc, 0xc9,
    0xb3, 0xa7, 0x4f, 0x9f, 0x00, 0x82, 0xfe, 0x5c, 0x19, 0x14, 0xc0, 0x50, 0x95, 0x45, 0x8f, 0x2a,
    0x5d, 0xca, 0xb4, 0xa9, 0xd3, 0xa7, 0x50, 0xa3, 0x4a, 0x9d, 0x4a, 0xb5, 0xaa, 0xd5, 0xab, 0x58,
    0xb3, 0x6a, 0xdd, 0xca, 0xb5, 0xab, 0xd7, 0xaf, 0x60, 0xc3, 0x8a, 0x1d, 0xcb, 0x54, 0x23, 0x59,
    0x84, 0x66, 0xcf, 0x1a, 0x4c, 0xab, 0xb6, 0xad, 0xdb, 0xb7, 0x70, 0xe3, 0x82, 0x64, 0xfb, 0x55,
    0xe2, 0xc4, 0x81, 0x05, 0xc5, 0xda, 0x5d, 0x9b, 0x37, 0xec, 0x5e, 0xb9, 0x80, 0x03, 0x0b, 0x1e,
    0x4c, 0xb8, 0xf0, 0x47, 0xba, 0x67, 0x11, 0x93, 0x55, 0x8c, 0x33, 0x20, 0x00, 0x21, 0xf9, 0x04,
    0x01, 0x05, 0x00, 0x02, 0x00, 0x2c, 0xc1, 0x00, 0x60, 0x00, 0x5e, 0x00, 0xa3, 0x00, 0x81, 0x00,
    0x00, 0x00, 0xff, 0xff, 0xff, 0x00, 0x00, 0x00, 0x00, 0x00, 0x00, 0x08, 0xff, 0x00, 0x05, 0x08,
    0x04, 0x40, 0x50, 0xa0, 0xc1, 0x83, 0x08, 0x13, 0x2a, 0x5c, 0xc8, 0xb0, 0xa1, 0xc3, 0x87, 0x10,
    0x05, 0x10, 0x04, 0x10, 0xb1, 0xa2, 0xc5, 0x8b, 0x18, 0x1d, 0x4e, 0xcc, 0xc8, 0xb1, 0xa3, 0xc7,
    0x8f, 0x20, 0x43, 0x8a, 0x1c, 0x49, 0xb2, 0xa4, 0xc9, 0x93, 0x28, 0x53, 0xaa, 0x5c, 0xc9, 0xb2,
    0xa5, 0xcb, 0x97, 0x30, 0x63, 0xca, 0x9c, 0x49, 0xb3, 0xa6, 0xcd, 0x9b, 0x38, 0x73, 0xea, 0xdc,
    0xc9, 0xb3, 0xa7, 0xcf, 0x9f, 0x40, 0x83, 0x0a, 0x1d, 0x4a, 0xb4, 0xa8, 0xd1, 0xa3, 0x48, 0x93,
    0x2a, 0x5d, 0xca, 0xb4, 0xa9, 0xd3, 0xa7, 0x50, 0xa3, 0x4a, 0x9d, 0x4a, 0xb5, 0xaa, 0xd5, 0xab,
    0x58, 0xb3, 0x6a, 0xdd, 0xca, 0xb5, 0xab, 0xd5, 0x8d, 0x5e, 0x0f, 0x82, 0x0d, 0x3b, 0xb0, 0x20,
    0xd9, 0xb3, 0x68, 0xd3, 0xaa, 0x5d, 0xdb, 0x71, 0x2c, 0x59, 0xb7, 0x61, 0xe1, 0xb2, 0x9d, 0x4b,
    0xb7, 0xae, 0x5d, 0xa3, 0x01, 0xf2, 0xa6, 0xcd, 0x1b, 0x60, 0xaf, 0xde, 0x9a, 0x72, 0xbb, 0x06,
    0xe6, 0x3a, 0xf8, 0xae, 0xe1, 0xc3, 0x88, 0x13, 0x2b, 0x5e, 0xcc, 0xb8, 0xb1, 0xe3, 0xc7, 0x90,
    0x23, 0x4b, 0x9e, 0x4c, 0xb9, 0xb2, 0xe5, 0xcb, 0x98, 0x33, 0x6b, 0xde, 0x9c, 0xb3, 0xaf, 0x5f,
    0xcf, 0x64, 0xf9, 0x82, 0x0e, 0xcd, 0xf7, 0xf3, 0xe7, 0xd1, 0x5e, 0x45, 0x9b, 0x46, 0xab, 0xfa,
    0x6c, 0xeb, 0xbd, 0x6f, 0x29, 0x1a, 0x94, 0x2d, 0xd8, 0x6c, 0x6c, 0x8a, 0x7f, 0x69, 0x6b, 0xdd,
    0x98, 0xbb, 0x36, 0x6e, 0xcf, 0xba, 0xb3, 0xf2, 0x06, 0xee, 0x5b, 0x40, 0x6f, 0xc2, 0x05, 0x8f,
    0x6f, 0x1d, 0x3e, 0xb0, 0xb8, 0xf2, 0xdd, 0xc9, 0x89, 0x23, 0xff, 0xdd, 0x7c, 0xba, 0x71, 0xe9,
    0xcb, 0xa3, 0x57, 0xcf, 0x4e, 0x5d, 0xa2, 0xd7, 0xc2, 0xd0, 0xc5, 0xaa, 0x41, 0x45, 0xdd, 0xf5,
    0x75, 0x58, 0xf3, 0xa9, 0xff, 0x92, 0x56, 0x7f, 0xbe, 0xb4, 0x6b, 0xf6, 0xe9, 0xe1, 0x73, 0x45,
    0x1f, 0x7f, 0x3c, 0xe7, 0xfb, 0xf8, 0xf3, 0xeb, 0xdf, 0xcf, 0xbf, 0xbf, 0xff, 0xff, 0x00, 0x06,
    0x28, 0xe0, 0x80, 0x04, 0x16, 0x68, 0xe0, 0x81, 0x08, 0x26, 0xa8, 0xe0, 0x82, 0x1a, 0xd9, 0x76,
    0x5b, 0x5a, 0xe0, 0x7d, 0xe5, 0x60, 0x5c, 0x13, 0x7e, 0x57, 0xa1, 0x56, 0x01, 0x01, 0x00, 0x21,
    0xf9, 0x04, 0x01, 0x05, 0x00, 0x02, 0x00, 0x2c, 0xbe, 0x00, 0x56, 0x00, 0x63, 0x00, 0xc4, 0x00,
    0x81, 0x00, 0x00, 0x00, 0xff, 0xff, 0xff, 0x00, 0x00, 0x00, 0x00, 0x00, 0x00, 0x08, 0xff, 0x00,
    0x05, 0x08, 0x1c, 0x48, 0xb0, 0xa0, 0xc1, 0x83, 0x08, 0x13, 0x1a, 0x04, 0xc0, 0xb0, 0xa1, 0xc2,
    0x87, 0x10, 0x23, 0x4a, 0x9c, 0x48, 0x51, 0x60, 0x43, 0x87, 0x15, 0x33, 0x6a, 0xdc, 0x98, 0xf1,
    0x22, 0x43, 0x8e, 0x20, 0x43, 0x8a, 0x1c, 0xe8, 0x11, 0xc0, 0xc8, 0x93, 0x28, 0x53, 0xaa, 0x5c,
    0xc9, 0xb2, 0xa5, 0xcb, 0x97, 0x30, 0x63, 0xca, 0x9c, 0x49, 0xb3, 0xa6, 0xcd, 0x9b, 0x38, 0x73,
    0xea, 0xdc, 0xc9, 0xb3, 0xa7, 0xcf, 0x9f, 0x40, 0x83, 0x0a, 0x1d, 0x4a, 0xb4, 0xa8, 0xd1, 0xa3,
    0x48, 0x93, 0x2a, 0x5d, 0xca, 0xb4, 0xa9, 0xd3, 0xa7, 0x10, 0x31, 0x42, 0x45, 0x29, 0x75, 0xea,
    0xc8, 0xaa, 0x56, 0xb3, 0x6a, 0xdd, 0xca, 0xb5, 0xab, 0xd7, 0xaf, 0x60, 0xc3, 0x8a, 0x1d, 0x4b,
    0xb6, 0xac, 0xd9, 0xb3, 0x68, 0xd3, 0xaa, 0x5d, 0xcb, 0xb6, 0xad, 0xdb, 0xb7, 0x70, 0xe3, 0xca,
    0x9d, 0x4b, 0x97, 0x68, 0x80, 0xbb, 0x73, 0xef, 0x06, 0xc8, 0x8b, 0xb7, 0xae, 0xdf, 0xbf, 0x80,
    0x03, 0xfb, 0xd5, 0xcb, 0x77, 0xaf, 0x5c, 0xc2, 0x82, 0x13, 0x2b, 0x5e, 0xcc, 0xb8, 0xb1, 0xe3,
    0xc7, 0x90, 0x23, 0x4b, 0x9e, 0x4c, 0xb9, 0xb2, 0xe5, 0xcb, 0x98, 0x33, 0x6b, 0xde, 0xcc, 0xb9,
    0xb3, 0xe7, 0xcf, 0xa0, 0x43, 0x8b, 0x1e, 0x4d, 0xba, 0xb4, 0xe9, 0xd3, 0xa8, 0x53, 0xab, 0x5e,
    0xcd, 0xba, 0xb5, 0xeb, 0xd7, 0xb0, 0x63, 0xcb, 0x9e, 0x4d, 0xbb, 0xb6, 0xed, 0xdb, 0xb8, 0x73,
    0xeb, 0xde, 0xcd, 0xbb, 0xb7, 0xef, 0xdf, 0xc0, 0x83, 0x0b, 0x1f, 0x4e, 0xbc, 0xb8, 0xf1, 0xe3,
    0xc8, 0x93, 0x2b, 0x5f, 0xce, 0xbc, 0xb9, 0xf3, 0xe7, 0xd0, 0xa3, 0x4b, 0x3f, 0xdc, 0x37, 0x2e,
    0x62, 0xeb, 0xd5, 0xa7, 0x6b, 0xdf, 0xce, 0xbd, 0xbb, 0xf7, 0xef, 0xe0, 0xc3, 0x8b, 0x0c, 0x1f,
    0x4f, 0xbe, 0xbc, 0xd3, 0xeb, 0x70, 0xd1, 0xbf, 0xd5, 0x1b, 0x10, 0x00, 0x21, 0xf9, 0x04, 0x01,
    0x05, 0x00, 0x02, 0x00, 0x2c, 0xc7, 0x00, 0x56, 0x00, 0x30, 0x00, 0xaa, 0x00, 0x81, 0x00, 0x00,
    0x00, 0xff, 0xff, 0xff, 0x00, 0x00, 0x00, 0x00, 0x00, 0x00, 0x08, 0xb4, 0x00, 0x05, 0x08, 0x1c,
    0x48, 0xb0, 0xa0, 0xc1, 0x83, 0x08, 0x0d, 0x06, 0x58, 0xc8, 0x30, 0xa1, 0xc3, 0x87, 0x10, 0x19,
    0x36, 0x84, 0x48, 0xb1, 0xa2, 0x40, 0x89, 0x0b, 0x2d, 0x6a, 0x7c, 0x88, 0x31, 0x80, 0x43, 0x00,
    0x20, 0x37, 0x8a, 0xfc, 0x18, 0x72, 0xa4, 0xc9, 0x82, 0x20, 0x01, 0x9c, 0x5c, 0xc9, 0xb2, 0xa5,
    0xcb, 0x97, 0x30, 0x63, 0xca, 0x9c, 0x49, 0xb3, 0xa6, 0xcd, 0x9b, 0x38, 0x73, 0xea, 0xdc, 0xc9,
    0xb3, 0xa7, 0xcf, 0x9f, 0x40, 0x83, 0x0a, 0x1d, 0x4a, 0xb4, 0xa8, 0xd1, 0xa3, 0x48, 0x93, 0x2a,
    0x5d, 0xca, 0xb4, 0xa9, 0xd3, 0xa7, 0x50, 0xa3, 0x4a, 0x9d, 0x4a, 0xb5, 0xaa, 0xd5, 0xab, 0x58,
    0xb3, 0x6a, 0xdd, 0xca, 0xb5, 0xab, 0xd7, 0xaf, 0x60, 0xc3, 0x8a, 0x1d, 0x4b, 0xf6, 0xe7, 0x44,
    0xa0, 0x67, 0xcd, 0x66, 0x2c, 0xcb, 0xb6, 0xad, 0xdb, 0xb7, 0x70, 0xe3, 0xca, 0x9d, 0x4b, 0xb7,
    0xae, 0xdd, 0xbb, 0x78, 0xf3, 0xea, 0xdd, 0xcb, 0xb7, 0xaf, 0xdf, 0xbf, 0x80, 0x03, 0x0b, 0x1e,
    0x4c, 0xb8, 0xb0, 0xe1, 0xc3, 0x88, 0x13, 0x2b, 0x5e, 0xcc, 0xb8, 0xb1, 0xe3, 0xc7, 0x90, 0x23,
    0x4b, 0x9e, 0x4c, 0xb9, 0xb2, 0xe5, 0xcb, 0x36, 0x53, 0x0a, 0xd5, 0x1c, 0x94, 0x33, 0xd0, 0x80,
    0x00, 0x21, 0xf9, 0x04, 0x01, 0x05, 0x00, 0x02, 0x00, 0x2c, 0xbe, 0x00, 0x56, 0x00, 0x63, 0x00,
    0xe1, 0x00, 0x81, 0x00, 0x00, 0x00, 0xff, 0xff, 0xff, 0x00, 0x00, 0x00, 0x00, 0x00, 0x00, 0x08,
    0xff, 0x00, 0x05, 0x08, 0x1c, 0x48, 0xb0, 0xa0, 0xc1, 0x83, 0x08, 0x13, 0x1a, 0x04, 0xc0, 0xb0,
    0xa1, 0xc2, 0x87, 0x10, 0x23, 0x4a, 0x9c, 0x48, 0x51, 0x60, 0x43, 0x87, 0x15, 0x33, 0x6a, 0xdc,
    0x98, 0xf1, 0x22, 0x43, 0x8e, 0x20, 0x43, 0x8a, 0x1c, 0xe8, 0x11, 0xc0, 0xc8, 0x93, 0x0a, 0x03,
    0xa8, 0x44, 0xc9, 0xb2, 0x25, 0x44, 0x95, 0x01, 0x5c, 0xca, 0x9c, 0x39, 0x10, 0x26, 0xcd, 0x9b,
    0x38, 0x73, 0xea, 0xdc, 0xc9, 0xb3, 0xa7, 0xcf, 0x9f, 0x40, 0x83, 0x0a, 0x1d, 0x4a, 0xb4, 0xa8,
    0xd1, 0xa3, 0x48, 0x93, 0x2a, 0x5d, 0xca, 0xb4, 0xa9, 0xd3, 0xa7, 0x50, 0xa3, 0x4a, 0x9d, 0x4a,
    0xb5, 0xaa, 0xd5, 0xab, 0x58, 0xb3, 0x6a, 0xdd, 0xca, 0x35, 0xa4, 0xcd, 0xae, 0x5e, 0x57, 0x82,
    0x05, 0xf9, 0x75, 0xac, 0xd9, 0xb3, 0x68, 0xd3, 0xaa, 0x5d, 0xcb, 0xb6, 0xad, 0xdb, 0xb7, 0x70,
    0xe3, 0xca, 0x9d, 0x4b, 0xb7, 0xae, 0xdd, 0xbb, 0x78, 0xf3, 0xea, 0xdd, 0x7b, 0x12, 0x63, 0x5e,
    0xbf, 0x78, 0x01, 0xf3, 0x9d, 0x5b, 0x16, 0x6f, 0xe1, 0xbb, 0x87, 0x07, 0x2b, 0x5e, 0x2c, 0x40,
    0xb0, 0x5d, 0xc7, 0x75, 0x21, 0x33, 0x9e, 0x4c, 0xb9, 0xb2, 0xe5, 0xcb, 0x98, 0x27, 0x27, 0x4e,
    0x29, 0xd6, 0xec, 0xe6, 0x84, 0x9f, 0xb5, 0x86, 0x3e, 0x38, 0x3a, 0xb3, 0xe9, 0xd3, 0xa8, 0x53,
    0xab, 0x5e, 0xcd, 0xba, 0xb5, 0xeb, 0xd7, 0xb0, 0x63, 0xcb, 0x9e, 0x4d, 0xbb, 0xb6, 0xed, 0xdb,
    0xb8, 0x73, 0xeb, 0xde, 0xcd, 0xbb, 0xb7, 0xef, 0xdf, 0xc0, 0x83, 0x0b, 0x1f, 0x4e, 0xbc, 0xb8,
    0xf1, 0xe3, 0xc8, 0x93, 0x2b, 0x5f, 0xce, 0xbc, 0xb9, 0xf3, 0xe7, 0xd0, 0xa3, 0x4b, 0x9f, 0x4e,
    0xbd, 0xba, 0xf5, 0xeb, 0xd8, 0xb3, 0x6b, 0xdf, 0xce, 0xbd, 0xbb, 0xf7, 0xef, 0xe0, 0xc3, 0x8b,
    0x38, 0x1f, 0x4f, 0xbe, 0xbc, 0xf9, 0xf3, 0xe8, 0xd3, 0xab, 0x5f, 0xcf, 0xbe, 0xbd, 0xfb, 0xf7,
    0xf0, 0xe3, 0xcb, 0x9f, 0xef, 0xbe, 0x34, 0x5c, 0xfb, 0x6f, 0xf1, 0xbb, 0xd5, 0x4f, 0xbf, 0xbf,
    0xff, 0xff, 0x00, 0x06, 0x28, 0xe0, 0x80, 0x04, 0x16, 0x68, 0xe0, 0x81, 0x08, 0x26, 0xa8, 0xa0,
    0x4b, 0xfc, 0xb1, 0xd5, 0xe0, 0x5a, 0xf8, 0x05, 0x04, 0x00, 0x21, 0xf9, 0x04, 0x01, 0x05, 0x00,
    0x02, 0x00, 0x2c, 0xbe, 0x00, 0x87, 0x00, 0x63, 0x00, 0x90, 0x00, 0x81, 0x00, 0x00, 0x00, 0xff,
    0xff, 0xff, 0x00, 0x00, 0x00, 0x00, 0x00, 0x00, 0x08, 0xe4, 0x00, 0x03, 0x08, 0x14, 0x40, 0xb0,
    0xa0, 0xc1, 0x83, 0x08, 0x13, 0x2a, 0x5c, 0xc8, 0xb0, 0xa1, 0xc3, 0x87, 0x07, 0x05, 0x06, 0x80,
    0x48, 0xb1, 0xa2, 0xc5, 0x8b, 0x15, 0x25, 0x62, 0xdc, 0xc8, 0xb1, 0xa3, 0xc7, 0x8f, 0x20, 0x43,
    0x8a, 0x1c, 0x49, 0xb2, 0xa4, 0xc9, 0x93, 0x28, 0x53, 0xaa, 0x5c, 0xc9, 0xb2, 0xa5, 0xcb, 0x97,
    0x30, 0x0b, 0x6a, 0x8c, 0x49, 0x93, 0xe1, 0xcc, 0x9a, 0x38, 0x23, 0x0e, 0xcc, 0xc9, 0xb3, 0xa7,
    0xcf, 0x9f, 0x40, 0x83, 0x0a, 0x1d, 0x4a, 0xb4, 0xa8, 0xd1, 0xa3, 0x48, 0x93, 0xc2, 0x04, 0xc0,
    0xb4, 0x22, 0x53, 0x00, 0x4a, 0x9d, 0x36, 0xa5, 0xf8, 0x34, 0x2a, 0xd5, 0xa9, 0x10, 0xab, 0x5a,
    0xdd, 0xca, 0xb5, 0xab, 0xd7, 0xaf, 0x60, 0xc3, 0x8a, 0x1d, 0x4b, 0xb6, 0xac, 0xd9, 0xb3, 0x68,
    0xd3, 0xaa, 0x5d, 0xcb, 0xb6, 0xad, 0xdb, 0xb7, 0x70, 0xe3, 0xca, 0x9d, 0x4b, 0xb7, 0xae, 0xdd,
    0xbb, 0x78, 0xf3, 0xea, 0xdd, 0xcb, 0xb7, 0xaf, 0xdf, 0xbf, 0x80, 0x03, 0x0b, 0x1e, 0x4c, 0xb8,
    0xb0, 0xe1, 0xc3, 0x88, 0x13, 0x2b, 0x5e, 0xcc, 0xb8, 0xb1, 0xe3, 0xc7, 0x90, 0x23, 0x4b, 0x9e,
    0x4c, 0xb9, 0xb2, 0xe5, 0xcb, 0x98, 0x33, 0x6b, 0xde, 0xcc, 0xb9, 0xb3, 0xe7, 0xcf, 0xa0, 0x43,
    0x8b, 0x1e, 0x4d, 0xba, 0xb4, 0xe9, 0xd3, 0xa8, 0x53, 0xab, 0x5e, 0xcd, 0xba, 0xb5, 0xeb, 0xd7,
    0xb0, 0x63, 0xcb, 0x9e, 0x4d, 0xbb, 0xb6, 0xed, 0xdb, 0xb8, 0x73, 0xeb, 0xde, 0xcd, 0xbb, 0xb7,
    0xef, 0xdf, 0xc0, 0x95, 0x6a, 0xcd, 0x3b, 0x1c, 0x6f, 0xf1, 0xbb, 0x4f, 0x03, 0x02, 0x00, 0x21,
    0xf9, 0x04, 0x01, 0x05, 0x00, 0x02, 0x00, 0x2c, 0xbe, 0x00, 0x56, 0x00, 0x60, 0x00, 0xe7, 0x00,
    0x81, 0x00, 0x00, 0x00, 0xff, 0xff, 0xff, 0x00, 0x00, 0x00, 0x00, 0x00, 0x00, 0x08, 0xff, 0x00,
    0x05, 0x08, 0x1c, 0x48, 0xb0, 0xa0, 0xc1, 0x83, 0x04, 0x01, 0x28, 0x5c, 0xb8, 0x10, 0xa1, 0xc3,
    0x87, 0x10, 0x23, 0x4a, 0x9c, 0xf8, 0x90, 0xa1, 0x45, 0x8a, 0x18, 0x33, 0x6a, 0xdc, 0x28, 0xd0,
    0x22, 0x43, 0x8e, 0x20, 0x43, 0x8a, 0x14, 0xe0, 0xb1, 0xe1, 0xc8, 0x93, 0x23, 0x4d, 0xa2, 0x5c,
    0xc9, 0xb2, 0xa2, 0xc2, 0x96, 0x30, 0x63, 0x0e, 0x54, 0x29, 0xb3, 0xa6, 0xcd, 0x9b, 0x38, 0x73,
    0xea, 0xdc, 0xc9, 0xb3, 0xa7, 0xcf, 0x9f, 0x40, 0x83, 0x0a, 0x1d, 0x4a, 0xb4, 0xa8, 0xd1, 0xa3,
    0x48, 0x93, 0x2a, 0x5d, 0xca, 0xb4, 0xa9, 0xd3, 0xa7, 0x50, 0xa3, 0x4a, 0x9d, 0x4a, 0xb5, 0xaa,
    0xd5, 0xab, 0x58, 0xb3, 0x6a, 0xdd, 0xca, 0xb5, 0xab, 0xd7, 0xaf, 0x60, 0xc3, 0x8a, 0x1d, 0x4b,
    0xb6, 0xac, 0xd9, 0xb3, 0x68, 0xd3, 0xaa, 0x5d, 0xcb, 0xb6, 0xad, 0xdb, 0xb7, 0x70, 0xe3, 0xca,
    0x9d, 0xbb, 0x93, 0x66, 0x5b, 0xbb, 0x6c, 0xf1, 0xd2, 0x45, 0xab, 0x57, 0x6d, 0xdf, 0xb4, 0x7f,
    0xf7, 0x0a, 0x5e, 0x1b, 0xf8, 0x6c, 0x61, 0xb3, 0x87, 0x07, 0x2b, 0x5e, 0xcc, 0xb8, 0xb1, 0xe3,
    0xc7, 0x64, 0x03, 0x48, 0x0e, 0x30, 0x70, 0xf2, 0x43, 0xcb, 0x5c, 0x27, 0x53, 0x16, 0x88, 0x19,
    0x61, 0x67, 0xad, 0x9a, 0x2b, 0x4b, 0xbe, 0x3c, 0x1a, 0xb2, 0xe9, 0xd3, 0xa8, 0x53, 0xab, 0x5e,
    0xcd, 0xba, 0xb5, 0xeb, 0xd7, 0xb0, 0x63, 0xcb, 0x9e, 0x4d, 0xbb, 0xb6, 0xed, 0xdb, 0xb8, 0x73,
    0xeb, 0xde, 0xcd, 0xbb, 0xb7, 0xef, 0xdf, 0xc0, 0x83, 0x0b, 0x1f, 0x4e, 0xbc, 0xb8, 0xf1, 0xe3,
    0xc8, 0x93, 0x2b, 0x5f, 0xce, 0xbc, 0xb9, 0xf3, 0xe7, 0xd0, 0xa3, 0x4b, 0x9f, 0x4e, 0xbd, 0xba,
    0xf5, 0xeb, 0xd8, 0xb3, 0x6b, 0xdf, 0xce, 0xbd, 0xbb, 0xf7, 0xef, 0xe0, 0xc3, 0x8b, 0x34, 0x1f,
    0x4f, 0xbe, 0xbc, 0xf9, 0xf3, 0xe8, 0xd3, 0xab, 0x5f, 0xcf, 0xbe, 0xbd, 0xfb, 0xf7, 0xf0, 0xe3,
    0xcb, 0x9f, 0x4f, 0xbf, 0xbe, 0xfd, 0xfb, 0xf8, 0xf3, 0xeb, 0xdf, 0xcf, 0xbf, 0xbf, 0xff, 0xff,
    0x00, 0x06, 0x28, 0xe0, 0x80, 0x04, 0x16, 0x68, 0x20, 0x4a, 0x9f, 0xb5, 0x95, 0x20, 0x5b, 0x0b,
    0x72, 0x14, 0x10, 0x00, 0x21, 0xf9, 0x04, 0x01, 0x05, 0x00, 0x02, 0x00, 0x2c, 0xe1, 0x00, 0x56,
    0x00, 0x20, 0x00, 0x47, 0x00, 0x81, 0x00, 0x00, 0x00, 0xff, 0xff, 0xff, 0x00, 0x00, 0x00, 0x00,
    0x00, 0x00, 0x08, 0x70, 0x00, 0x03, 0x08, 0x1c, 0x28, 0xa0, 0xa0, 0xc1, 0x83, 0x04, 0x0f, 0x2a,
    0x34, 0x38, 0x30, 0xe1, 0xc2, 0x82, 0x0e, 0x1f, 0x32, 0x6c, 0x18, 0x40, 0x22, 0x44, 0x81, 0x16,
    0x11, 0x52, 0xcc, 0x18, 0x31, 0xa3, 0xc7, 0x8f, 0x20, 0x43, 0x8a, 0x1c, 0x49, 0xb2, 0xa4, 0xc9,
    0x93, 0x28, 0x53, 0xaa, 0x5c, 0xc9, 0xb2, 0xa5, 0xcb, 0x97, 0x30, 0x63, 0xca, 0x9c, 0x49, 0xb3,
    0xa6, 0xcd, 0x9b, 0x38, 0x73, 0xea, 0xdc, 0xc9, 0xb3, 0xa7, 0xcf, 0x9f, 0x40, 0x83, 0x0a, 0x1d,
    0x4a, 0xb4, 0xa8, 0xd1, 0xa3, 0x48, 0x93, 0x2a, 0x5d, 0xca, 0xb4, 0xa9, 0xd3, 0xa7, 0x50, 0xa3,
    0x4a, 0x9d, 0x9a, 0x13, 0x80, 0xd5, 0x8c, 0x56, 0x01, 0x8c, 0xcc, 0x8a, 0xf5, 0xaa, 0x48, 0xae,
    0x16, 0xb3, 0x06, 0x04, 0x00, 0x21, 0xf9, 0x04, 0x01, 0x05, 0x00, 0x02, 0x00, 0x2c, 0xbe, 0x00,
    0x56, 0x00, 0x60, 0x00, 0xe4, 0x00, 0x81, 0x00, 0x00, 0x00, 0xff, 0xff, 0xff, 0x00, 0x00, 0x00,
    0x00, 0x00, 0x00, 0x08, 0xff, 0x00, 0x05, 0x08, 0x1c, 0x48, 0xb0, 0xa0, 0xc1, 0x83, 0x04, 0x03,
    0x28, 0x44, 0xc8, 0xb0, 0xa1, 0xc3, 0x87, 0x10, 0x23, 0x4a, 0x14, 0xa0, 0x30, 0xc0, 0xc4, 0x8b,
    0x18, 0x33, 0x6a, 0x1c, 0x58, 0x71, 0xa3, 0xc7, 0x8f, 0x20, 0x39, 0x2e, 0x0c, 0x49, 0xb2, 0xa4,
    0xc9, 0x93, 0x28, 0x53, 0xaa, 0x5c, 0xc9, 0xb2, 0xa5, 0xcb, 0x97, 0x30, 0x63, 0xca, 0x9c, 0x49,
    0xb3, 0xa6, 0xcd, 0x9b, 0x38, 0x73, 0xea, 0xdc, 0xc9, 0xb3, 0xa7, 0xcf, 0x9f, 0x40, 0x83, 0x0a,
    0x1d, 0x4a, 0xb4, 0xa8, 0xd1, 0xa3, 0x48, 0x93, 0x2a, 0x5d, 0xca, 0xb4, 0xa9, 0xd3, 0xa7, 0x50,
    0xa3, 0x4a, 0x9d, 0x4a, 0xb5, 0xaa, 0xd5, 0xab, 0x58, 0xb3, 0x6a, 0xdd, 0xca, 0xb5, 0xab, 0xd7,
    0xaf, 0x60, 0xc3, 0x8a, 0x1d, 0x4b, 0xb6, 0xac, 0xd9, 0xb3, 0x68, 0xd3, 0xaa, 0x05, 0xd9, 0xd1,
    0x6c, 0xdb, 0xb2, 0x6f, 0xd7, 0x82, 0x8d, 0x3b, 0x96, 0xae, 0x58, 0xbb, 0x72, 0xf3, 0xea, 0xdd,
    0xcb, 0xb7, 0xaf, 0xdf, 0xbf, 0x80, 0x03, 0x0b, 0x1e, 0x4c, 0xb8, 0xb0, 0xe1, 0xc3, 0x88, 0x13,
    0x2b, 0x5e, 0xcc, 0xb8, 0xb1, 0xe3, 0xc7, 0x90, 0x23, 0x4b, 0x9e, 0x4c, 0xb9, 0xb2, 0xe5, 0xcb,
    0x98, 0x33, 0x6b, 0xde, 0xcc, 0xb9, 0xb3, 0xe7, 0xcf, 0xa0, 0x43, 0x8b, 0x1e, 0x4d, 0xba, 0xb4,
    0xe9, 0xd3, 0xa8, 0x53, 0xab, 0x5e, 0xcd, 0xba, 0xb5, 0xeb, 0xd7, 0xb0, 0x63, 0xcb, 0x9e, 0x4d,
    0xbb, 0xb6, 0xed, 0xdb, 0xb8, 0x73, 0xeb, 0xde, 0xcd, 0xbb, 0xb7, 0xef, 0xdf, 0xc0, 0x83, 0x0b,
    0x1f, 0x4e, 0xbc, 0xb8, 0xf1, 0xe3, 0xc8, 0x93, 0x2b, 0x5f, 0xce, 0xbc, 0xb9, 0xf3, 0xe7, 0xd0,
    0xa3, 0x4b, 0x9f, 0x4e, 0xbd, 0xba, 0xf5, 0xeb, 0xd8, 0xb3, 0x6b, 0xdf, 0xce, 0xbd, 0xbb, 0xf7,
    0xef, 0xe0, 0xc3, 0x8b, 0x0b, 0x1f, 0x7f, 0x12, 0xef, 0xdc, 0x91, 0x70, 0xd1, 0x43, 0x0c, 0x08,
    0x00, 0x21, 0xf9, 0x04, 0x01, 0x05, 0x00, 0x02, 0x00, 0x2c, 0xc1, 0x00, 0x56, 0x00, 0x5e, 0x00,
    0xe4, 0x00, 0x81, 0x00, 0x00, 0x00, 0xff, 0xff, 0xff, 0x00, 0x00, 0x00, 0x00, 0x00, 0x00, 0x08,
    0xff, 0x00, 0x05, 0x08, 0x1c, 0x48, 0xb0, 0xa0, 0xc1, 0x83, 0x02, 0x00, 0x28, 0x5c, 0xb8, 0xf0,
    0x20, 0x43, 0x85, 0x08, 0x23, 0x4a, 0x9c, 0x48, 0xb1, 0x62, 0xc4, 0x87, 0x0c, 0x1d, 0x3e, 0xb4,
    0xc8, 0xb1, 0xa3, 0x47, 0x89, 0x18, 0x1b, 0x1a, 0xc4, 0xf8, 0xb1, 0xa4, 0x49, 0x8e, 0x21, 0x21,
    0x8e, 0xdc, 0x78, 0xb2, 0xa5, 0xcb, 0x97, 0x30, 0x63, 0xca, 0x9c, 0x49, 0xb3, 0xa6, 0xcd, 0x9b,
    0x38, 0x73, 0xea, 0xdc, 0xc9, 0xb3, 0xa7, 0xcf, 0x9f, 0x40, 0x83, 0x0a, 0x1d, 0x4a, 0xb4, 0xa8,
    0xd1, 0xa3, 0x48, 0x93, 0x2a, 0x5d, 0xca, 0xb4, 0xa9, 0xd3, 0xa7, 0x50, 0xa3, 0x4a, 0x9d, 0x4a,
    0xb5, 0xaa, 0xd5, 0xab, 0x58, 0xb3, 0x6a, 0xdd, 0xca, 0xb5, 0xab, 0xd7, 0xaf, 0x60, 0xc3, 0x8a,
    0x1d, 0x4b, 0xb6, 0xac, 0xd9, 0xb3, 0x68, 0xd3, 0xaa, 0x5d, 0xcb, 0xb6, 0xad, 0xdb, 0xb7, 0x70,
    0xe3, 0xca, 0x9d, 0x4b, 0xb7, 0xae, 0xdd, 0xbb, 0x78, 0xf3, 0x0e, 0x14, 0x09, 0x97, 0xef, 0x5b,
    0xbf, 0x7a, 0x03, 0x9f, 0x0d, 0x40, 0x58, 0x2e, 0xe1, 0x00, 0x86, 0x0b, 0x0b, 0x5e, 0xcc, 0xb8,
    0xb1, 0xe3, 0xc7, 0x90, 0xa9, 0x66, 0x14, 0x78, 0x78, 0xed, 0x64, 0x01, 0x95, 0xd5, 0x5e, 0xce,
    0x1c, 0xb9, 0xb3, 0xe7, 0xcf, 0xa0, 0x43, 0x8b, 0x1e, 0x4d, 0xba, 0xb4, 0xe9, 0xd3, 0xa8, 0x53,
    0xab, 0x5e, 0xcd, 0xba, 0xb5, 0xeb, 0xd7, 0xb0, 0xeb, 0x02, 0x98, 0x0b, 0x98, 0xed, 0xe5, 0xbf,
    0xb5, 0x6d, 0xab, 0xec, 0x9b, 0x5b, 0x73, 0x6f, 0xdf, 0xb3, 0xe3, 0xde, 0x6e, 0x3b, 0xfc, 0xef,
    0x5b, 0xc5, 0x94, 0xdd, 0x72, 0x56, 0x5e, 0x58, 0x25, 0xe2, 0xb5, 0x95, 0x9d, 0xb3, 0x8d, 0x1e,
    0xfc, 0xb9, 0x5a, 0xea, 0xc9, 0xa1, 0x37, 0xaf, 0x3e, 0x7d, 0x7b, 0xf6, 0xeb, 0xde, 0x31, 0x77,
    0x7b, 0x47, 0x2c, 0x5d, 0x3b, 0x79, 0xee, 0xe6, 0x13, 0xa2, 0x07, 0x7f, 0xfe, 0x7b, 0x5a, 0xec,
    0xe2, 0xd3, 0x97, 0x4f, 0x1f, 0x17, 0x79, 0x7c, 0xe1, 0xc2, 0x7f, 0xa3, 0x2d, 0x6e, 0x79, 0xb7,
    0x5b, 0xfe, 0xc0, 0x05, 0x87, 0x9b, 0x80, 0xff, 0xe9, 0x67, 0x16, 0x80, 0xc0, 0xd1, 0x16, 0xdb,
    0x82, 0x0c, 0x36, 0xe8, 0xe0, 0x83, 0x10, 0x46, 0x28, 0xe1, 0x84, 0x14, 0x56, 0x68, 0xe1, 0x85,
    0x18, 0x66, 0xa8, 0xe1, 0x86, 0x1c, 0x76, 0xe8, 0xe1, 0x87, 0x20, 0x86, 0x28, 0xe2, 0x88, 0x24,
    0x96, 0x68, 0xe2, 0x89, 0x28, 0xa6, 0xa8, 0xe2, 0x8a, 0x2c, 0xb6, 0xe8, 0xe2, 0x8b, 0x30, 0xc6,
    0x28, 0xe3, 0x8c, 0x34, 0xd6, 0x68, 0xe3, 0x8d, 0x38, 0xe6, 0xa8, 0xe3, 0x8e, 0x3c, 0xf6, 0xe8,
    0xe3, 0x8f, 0x48, 0x19, 0x78, 0x96, 0x90, 0x07, 0xfa, 0x57, 0x51, 0x40, 0x00, 0x21, 0xf9, 0x04,
    0x01, 0x05, 0x00, 0x02, 0x00, 0x2c, 0xbe, 0x00, 0x56, 0x00, 0x63, 0x00, 0xe1, 0x00, 0x81, 0x00,
    0x00, 0x00, 0xff, 0xff, 0xff, 0x00, 0x00, 0x00, 0x00, 0x00, 0x00, 0x08, 0xff, 0x00, 0x05, 0x08,
    0x1c, 0x48, 0xb0, 0xa0, 0xc1, 0x83, 0x04, 0x03, 0x28, 0x1c, 0xa8, 0x30, 0xc0, 0x40, 0x00, 0x10,
    0x01, 0x20, 0x9c, 0x48, 0xb1, 0xa2, 0xc5, 0x8b, 0x18, 0x0d, 0x36, 0x64, 0xb8, 0x50, 0x60, 0x44,
    0x89, 0x19, 0x43, 0x8a, 0x1c, 0x19, 0x72, 0xa3, 0x40, 0x93, 0x02, 0x3e, 0x92, 0x5c, 0xc9, 0xb2,
    0xa5, 0x00, 0x94, 0x28, 0x55, 0xba, 0x9c, 0xd9, 0x12, 0x25, 0xcd, 0x9b, 0x38, 0x33, 0xda, 0xcc,
    0xc9, 0xb3, 0x67, 0xc1, 0x9d, 0x3e, 0x83, 0x0a, 0x1d, 0x4a, 0xb4, 0xa8, 0xd1, 0xa3, 0x48, 0x93,
    0x2a, 0x5d, 0xca, 0xb4, 0xa9, 0xd3, 0xa7, 0x50, 0xa3, 0x4a, 0x9d, 0x4a, 0xb5, 0xaa, 0xd5, 0xab,
    0x58, 0xb3, 0x6a, 0xdd, 0xca, 0xb5, 0xab, 0xd7, 0xaf, 0x60, 0xc3, 0x2a, 0x05, 0x2a, 0x96, 0x26,
    0xd9, 0xb2, 0x2e, 0xcf, 0xa2, 0x5d, 0xfb, 0x34, 0x22, 0x5b, 0x9c, 0x6e, 0xdf, 0xd2, 0x8c, 0x2b,
    0xb7, 0xae, 0xdd, 0xbb, 0x78, 0xf3, 0xea, 0xdd, 0xcb, 0xb7, 0xaf, 0xdf, 0xbf, 0x80, 0x03, 0x0b,
    0x1e, 0x4c, 0xb8, 0xb0, 0xe1, 0xc3, 0x88, 0x13, 0x2b, 0x5e, 0xcc, 0xb8, 0xb1, 0xe3, 0xc7, 0x90,
    0x23, 0x4b, 0x9e, 0x4c, 0xb9, 0xb2, 0xe5, 0xcb, 0x98, 0x33, 0x6b, 0xde, 0xcc, 0xb9, 0xf3, 0x5b,
    0xba, 0x8a, 0x41, 0x27, 0x16, 0xed, 0xb9, 0xb4, 0xe9, 0xd3, 0xa8, 0x53, 0xab, 0x5e, 0xcd, 0xba,
    0xb5, 0xeb, 0xd7, 0xb0, 0x63, 0xcb, 0x9e, 0x4d, 0xbb, 0xb6, 0xed, 0xdb, 0xb8, 0x73, 0xeb, 0xde,
    0xcd, 0xbb, 0xb7, 0xef, 0xdf, 0xc0, 0x83, 0x0b, 0x1f, 0x4e, 0xbc, 0xb8, 0xf1, 0xe3, 0xc8, 0x93,
    0x2b, 0x5f, 0xce, 0xbc, 0xb9, 0xf3, 0xe7, 0xd0, 0xa3, 0x4b, 0x9f, 0x4e, 0xbd, 0xba, 0xf5, 0xeb,
    0xd8, 0xb3, 0x6b, 0xdf, 0xce, 0xbd, 0xbb, 0xf7, 0xef, 0xe0, 0xc3, 0x8b, 0x39, 0x1f, 0x4f, 0x7e,
    0xb6, 0x5a, 0xc2, 0xe7, 0x07, 0xa7, 0x2f, 0xcf, 0xbe, 0xbd, 0xfb, 0xf7, 0xf0, 0xe3, 0xcb, 0x9f,
    0x4f, 0xbf, 0xbe, 0xfd, 0xfb, 0x5a, 0x49, 0x1f, 0xd6, 0x6f, 0x98, 0x3f, 0xfe, 0xff, 0x00, 0x06,
    0x28, 0xe0, 0x80, 0x04, 0x16, 0x68, 0xe0, 0x81, 0x08, 0x26, 0xa8, 0x60, 0x61, 0xfe, 0x11, 0xd6,
    0xe0, 0x60, 0x0f, 0x0a, 0x14, 0x10, 0x00, 0x21, 0xf9, 0x04, 0x01, 0x05, 0x00, 0x02, 0x00, 0x2c,
    0xe1, 0x00, 0x56, 0x00, 0x3d, 0x00, 0xe7, 0x00, 0x81, 0x00, 0x00, 0x00, 0xff, 0xff, 0xff, 0x00,
    0x00, 0x00, 0x00, 0x00, 0x00, 0x08, 0xf8, 0x00, 0x03, 0x08, 0x14, 0x40, 0xb0, 0xa0, 0xc0, 0x83,
    0x08, 0x03, 0x14, 0x5c, 0xc8, 0xb0, 0xa1, 0xc3, 0x87, 0x10, 0x0f, 0x36, 0x4c, 0x98, 0x10, 0xa2,
    0xc5, 0x8b, 0x18, 0x25, 0x32, 0xa4, 0x88, 0x10, 0xa3, 0xc7, 0x8f, 0x06, 0x07, 0x6e, 0xe4, 0x28,
    0x12, 0xa4, 0xc9, 0x93, 0x28, 0x53, 0xaa, 0x5c, 0xc9, 0xb2, 0xa5, 0xcb, 0x97, 0x30, 0x63, 0xca,
    0x9c, 0x49, 0xb3, 0xa6, 0xcd, 0x9b, 0x38, 0x73, 0xea, 0xdc, 0xc9, 0xb3, 0xa7, 0xcf, 0x9f, 0x40,
    0x83, 0x0a, 0x1d, 0x4a, 0xb4, 0xa8, 0xd1, 0xa3, 0x48, 0x93, 0x2a, 0x5d, 0xca, 0xb4, 0xa9, 0xd3,
    0xa7, 0x50, 0xa3, 0x4a, 0x9d, 0x4a, 0xb5, 0xaa, 0xd5, 0xab, 0x58, 0xb3, 0x6a, 0xdd, 0xca, 0xb5,
    0xab, 0xd7, 0xaf, 0x60, 0xc3, 0x8a, 0x65, 0x09, 0xa0, 0x2c, 0xd4, 0xb2, 0x00, 0xce, 0x9a, 0x1d,
    0xcb, 0xb6, 0xad, 0xdb, 0xb7, 0x2e, 0xd1, 0xa6, 0x75, 0x2a, 0xf7, 0x69, 0x5d, 0xb8, 0x78, 0xf3,
    0x0e, 0x45, 0xab, 0x76, 0x2e, 0xdd, 0xb5, 0x27, 0x39, 0x32, 0x15, 0xbc, 0x94, 0xb0, 0xde, 0xc3,
    0x88, 0x13, 0x2b, 0x5e, 0xcc, 0xb8, 0xb1, 0xe3, 0xc7, 0x90, 0x23, 0x4b, 0x9e, 0x4c, 0xb9, 0xb2,
    0xe5, 0xcb, 0x98, 0x33, 0x6b, 0xde, 0xcc, 0xb9, 0xb3, 0xe7, 0xcf, 0xa0, 0x43, 0x8b, 0x1e, 0x4d,
    0xba, 0xb4, 0xe9, 0xd3, 0xa8, 0x53, 0xab, 0x5e, 0xcd, 0xba, 0xb5, 0xeb, 0xd7, 0xb0, 0x63, 0xcb,
    0x9e, 0x4d, 0xbb, 0xb6, 0xed, 0xdb, 0xb8, 0x73, 0xeb, 0xde, 0xcd, 0xbb, 0xb7, 0xef, 0xdf, 0xc0,
    0x83, 0x0b, 0x1f, 0x4e, 0xbc, 0xb8, 0xf1, 0xe3, 0xc8, 0x93, 0x2b, 0x5f, 0xce, 0xbc, 0xb9, 0xf3,
    0xe7, 0xd0, 0xa3, 0x4b, 0x9f, 0x9e, 0x92, 0xaf, 0x5d, 0xc0, 0x4d, 0xad, 0xbb, 0x0c, 0x08, 0x00,
    0x21, 0xf9, 0x04, 0x01, 0x05, 0x00, 0x02, 0x00, 0x2c, 0xe1, 0x00, 0x56, 0x00, 0x3e, 0x00, 0x7e,
    0x00, 0x81, 0x00, 0x00, 0x00, 0xff, 0xff, 0xff, 0x00, 0x00, 0x00, 0x00, 0x00, 0x00, 0x08, 0xee,
    0x00, 0x01, 0x08, 0x14, 0x40, 0xb0, 0xa0, 0xc1, 0x82, 0x02, 0x01, 0x1c, 0x5c, 0xc8, 0xb0, 0xa1,
    0xc3, 0x86, 0x09, 0x1f, 0x22, 0x1c, 0x28, 0xb1, 0xa2, 0xc5, 0x85, 0x11, 0x2b, 0x66, 0xbc, 0xc8,
    0x51, 0x23, 0x45, 0x89, 0x1b, 0x3b, 0x8a, 0x1c, 0x49, 0xb2, 0xa4, 0xc9, 0x93, 0x28, 0x53, 0xaa,
    0x5c, 0xc9, 0xb2, 0xa5, 0xcb, 0x97, 0x30, 0x63, 0xca, 0x9c, 0x49, 0xb3, 0xa6, 0xcd, 0x9b, 0x38,
    0x73, 0xea, 0xdc, 0xc9, 0xb3, 0xa7, 0xcf, 0x9f, 0x40, 0x83, 0x0a, 0x1d, 0x4a, 0xb4, 0xa8, 0xd1,
    0xa3, 0x48, 0x93, 0x2a, 0x5d, 0xca, 0xb4, 0xa9, 0xd3, 0xa7, 0x50, 0xa3, 0x4a, 0x9d, 0x4a, 0xb5,
    0xaa, 0xd5, 0xab, 0x58, 0xb3, 0x6a, 0xdd, 0xca, 0xb5, 0xab, 0xd7, 0xaf, 0x60, 0xc3, 0x8a, 0x1d,
    0x4b, 0xb6, 0x6b, 0x80, 0xb3, 0x01, 0x96, 0xa2, 0x4d, 0xab, 0x74, 0x6d, 0xd9, 0xb7, 0x70, 0x7d,
    0xa2, 0x65, 0x3a, 0x57, 0xed, 0xd9, 0x92, 0x09, 0xf3, 0x22, 0xcd, 0x1b, 0x92, 0x28, 0xdf, 0x8f,
    0x71, 0x03, 0x0b, 0x1e, 0x4c, 0xb8, 0xb0, 0xe1, 0xc3, 0x88, 0x13, 0x2b, 0x5e, 0xcc, 0xb8, 0xb1,
    0xe3, 0xc7, 0x90, 0x23, 0x4b, 0x9e, 0x4c, 0xb9, 0xb2, 0x65, 0xb3, 0x04, 0x15, 0x22, 0x65, 0x6b,
    0x50, 0x73, 0x51, 0xce, 0x08, 0x8d, 0xb2, 0xd5, 0x3c, 0xfa, 0x73, 0x66, 0x82, 0xa5, 0x89, 0xa6,
    0x4e, 0x3d, 0x74, 0xf5, 0x69, 0xd5, 0xaf, 0x59, 0x0b, 0x75, 0x2d, 0xc0, 0xf3, 0xec, 0xd8, 0xaf,
    0x5b, 0xe3, 0xae, 0x6d, 0x9a, 0xb7, 0x00, 0xd9, 0x41, 0x69, 0xdb, 0x0e, 0xbe, 0x7b, 0x38, 0x50,
    0xe1, 0xbd, 0x49, 0xe7, 0xd6, 0x7d, 0xd0, 0x38, 0xf1, 0xe6, 0x49, 0x59, 0x07, 0x04, 0x00, 0x21,
    0xf9, 0x04, 0x01, 0x05, 0x00, 0x02, 0x00, 0x2c, 0x00, 0x00, 0x00, 0x00, 0xf6, 0x01, 0x9a, 0x01,
    0x81, 0x00, 0x00, 0x00, 0xff, 0xff, 0xff, 0x00, 0x00, 0x00, 0x00, 0x00, 0x00, 0x08, 0xff, 0x00,
    0x01, 0x08, 0x1c, 0x48, 0xb0, 0xa0, 0xc1, 0x83, 0x08, 0x13, 0x2a, 0x5c, 0xc8, 0xb0, 0xa1, 0xc3,
    0x87, 0x10, 0x23, 0x4a, 0x9c, 0x48, 0xb1, 0xa2, 0xc5, 0x8b, 0x18, 0x33, 0x6a, 0xdc, 0xc8, 0xb1,
    0xa3, 0xc7, 0x8f, 0x20, 0x43, 0x8a, 0x1c, 0x49, 0xb2, 0xa4, 0xc9, 0x93, 0x28, 0x53, 0xaa, 0x5c,
    0xc9, 0xb2, 0xa5, 0xcb, 0x97, 0x30, 0x63, 0xca, 0x9c, 0x49, 0xb3, 0xa6, 0xcd, 0x9b, 0x38, 0x73,
    0xea, 0xdc, 0xc9, 0xb3, 0xa7, 0xcf, 0x9f, 0x40, 0x83, 0x0a, 0x1d, 0x4a, 0xb4, 0xa8, 0xd1, 0xa3,
    0x48, 0x93, 0x2a, 0x5d, 0xca, 0xb4, 0xa9, 0xd3, 0xa7, 0x50, 0xa3, 0x4a, 0x9d, 0x4a, 0xb5, 0xaa,
    0xd5, 0xab, 0x58, 0xb3, 0x6a, 0xdd, 0xca, 0xb5, 0xab, 0xd7, 0xaf, 0x60, 0xc3, 0x8a, 0x1d, 0x4b,
    0xb6, 0xac, 0xd9, 0xb3, 0x68, 0xd3, 0xaa, 0x5d, 0xcb, 0xb6, 0xad, 0xdb, 0xb7, 0x70, 0xe3, 0xca,
    0x9d, 0x4b, 0xb7, 0xae, 0xdd, 0xbb, 0x78, 0xf3, 0xea, 0xdd, 0xcb, 0xb7, 0xaf, 0xdf, 0xbf, 0x80,
    0x03, 0x0b, 0x1e, 0x4c, 0xb8, 0xb0, 0xe1, 0xc3, 0x88, 0x13, 0x2b, 0x5e, 0xcc, 0xb8, 0xb1, 0xe3,
    0xc7, 0x90, 0x23, 0x4b, 0x9e, 0x4c, 0xb9, 0xb2, 0xe5, 0xcb, 0x98, 0x33, 0x6b, 0xde, 0xcc, 0xb9,
    0xb3, 0xe7, 0xcf, 0xa0, 0x43, 0x8b, 0x1e, 0x4d, 0xba, 0xb4, 0xe9, 0xd3, 0xa8, 0x53, 0xab, 0x5e,
    0xcd, 0xba, 0xb5, 0xeb, 0xd7, 0xb0, 0x63, 0xcb, 0x9e, 0x4d, 0xbb, 0xb6, 0xed, 0xdb, 0xb8, 0x73,
    0xeb, 0xde, 0xcd, 0xbb, 0xb7, 0xef, 0xdf, 0xc0, 0x83, 0x0b, 0x1f, 0x4e, 0xbc, 0xb8, 0xf1, 0xe3,
    0xc8, 0x93, 0x2b, 0x5f, 0xce, 0xbc, 0xb9, 0xf3, 0xe7, 0xd0, 0xa3, 0x4b, 0x9f, 0x4e, 0xbd, 0xba,
    0xf5, 0xeb, 0xd8, 0xb3, 0x6b, 0xdf, 0xce, 0xbd, 0xbb, 0xf7, 0xef, 0xe0, 0xc3, 0x8b, 0xff, 0x1f,
    0x4f, 0xbe, 0xbc, 0xf9, 0xf3, 0xe8, 0xd3, 0xab, 0x5f, 0xcf, 0xbe, 0xbd, 0xfb, 0xf7, 0xf0, 0xe3,
    0xcb, 0x9f, 0x4f, 0xbf, 0xbe, 0xfd, 0xfb, 0xf8, 0xf3, 0xeb, 0xdf, 0xcf, 0xbf, 0xbf, 0xff, 0xff,
    0x00, 0x06, 0x28, 0xe0, 0x80, 0x04, 0x16, 0x68, 0xe0, 0x81, 0x08, 0x26, 0xa8, 0xe0, 0x82, 0x0c,
    0x36, 0xe8, 0xe0, 0x83, 0x10, 0x46, 0x28, 0xe1, 0x84, 0x14, 0x56, 0x68, 0xe1, 0x85, 0x18, 0x66,
    0xa8, 0xe1, 0x86, 0x1c, 0x76, 0xe8, 0xe1, 0x87, 0x20, 0x86, 0x28, 0xe2, 0x88, 0x24, 0x96, 0x68,
    0x22, 0x48, 0x01, 0xa4, 0x28, 0xc0, 0x8a, 0x2c, 0xb6, 0xc8, 0xe2, 0x89, 0xbf, 0xa5, 0x18, 0x80,
    0x8b, 0x34, 0xae, 0x08, 0xa3, 0x6f, 0x32, 0xd6, 0x48, 0xe3, 0x8d, 0xbd, 0xe5, 0xa8, 0x63, 0x8b,
    0x3c, 0xbe, 0xf6, 0xe3, 0x90, 0x44, 0x16, 0xb9, 0x63, 0x90, 0x9a, 0x19, 0xa9, 0xe4, 0x92, 0x47,
    0x22, 0x89, 0x19, 0x93, 0x50, 0x2e, 0xe9, 0xe4, 0x63, 0x51, 0x56, 0x69, 0x25, 0x91, 0x53, 0x12,
    0x76, 0xe5, 0x96, 0x5c, 0xda, 0x98, 0xa5, 0x60, 0x5d, 0x86, 0x59, 0xe5, 0x97, 0x7f, 0x89, 0x69,
    0x66, 0x97, 0x64, 0xe2, 0x75, 0xe6, 0x9a, 0x56, 0xa6, 0x79, 0x17, 0x9b, 0x70, 0x32, 0xe9, 0xe6,
    0x5c, 0x71, 0xd6, 0x19, 0xe5, 0x9c, 0x6f, 0xd9, 0xa9, 0xa7, 0x92, 0x78, 0xba, 0xb5, 0xe7, 0x9f,
    0x43, 0xf6, 0xd9, 0x16, 0xa0, 0x84, 0x36, 0x29, 0xa8, 0x59, 0x85, 0x26, 0xea, 0xe2, 0xa1, 0x68,
    0x29, 0xea, 0xa8, 0x00, 0x8c, 0x9e, 0xf5, 0xa8, 0xa2, 0x91, 0x22, 0x3a, 0xe9, 0xa3, 0x95, 0x86,
    0x75, 0x29, 0xa6, 0x99, 0x7e, 0xb5, 0xa9, 0xa3, 0x9d, 0x72, 0xf5, 0xe9, 0xa4, 0xa1, 0x6e, 0x35,
    0x2a, 0xa7, 0xa5, 0x62, 0x75, 0x2a, 0xa8, 0xa9, 0xaa, 0xba, 0x6a, 0xa2, 0xad, 0xba, 0xff, 0xfa,
    0x2a, 0xa1, 0xb1, 0x5e, 0x35, 0x6b, 0xa1, 0xb5, 0x5a, 0x75, 0x2b, 0xa5, 0xb9, 0x46, 0xb5, 0x2b,
    0xac, 0xbd, 0x42, 0xf5, 0x2b, 0xae, 0xc1, 0x3e, 0x35, 0x2c, 0xad, 0xc5, 0x3a, 0x75, 0x2c, 0xa0,
    0xc9, 0x2a, 0xbb, 0xec, 0x9e, 0xcd, 0x36, 0xf5, 0x2c, 0xb4, 0xd1, 0x2e, 0x35, 0xad, 0x9e, 0xd5,
    0x5a, 0x7b, 0x6d, 0x9d, 0xd9, 0x2a, 0xb5, 0x2d, 0xb7, 0xdd, 0x22, 0xf5, 0x6d, 0x9c, 0xe1, 0x8a,
    0x3b, 0x2e, 0x9b, 0xe5, 0x1e, 0x75, 0x2e, 0xba, 0xe9, 0x16, 0xb5, 0xee, 0x9a, 0xed, 0xba, 0xfb,
    0xae, 0x99, 0xf1, 0x12, 0x35, 0x2f, 0xbd, 0xf5, 0x0a, 0x75, 0xaf, 0x98, 0xf9, 0xea, 0xbb, 0x2f,
    0x9a, 0xfd, 0x02, 0xf5, 0x2f, 0xc0, 0x01, 0xfb, 0x34, 0x30, 0x97, 0x05, 0xff, 0x74, 0xf0, 0x98,
    0x09, 0x0b, 0xbc, 0x30, 0x94, 0x0d, 0x3b, 0xfc, 0xb0, 0x94, 0x11, 0x07, 0x35, 0xb1, 0x91, 0x15,
    0x5b, 0x7c, 0x31, 0x96, 0x19, 0x2b, 0xbc, 0x71, 0xa0, 0x1d, 0x1b, 0xfc, 0xf1, 0x8f, 0x21, 0x8b,
    0x3c, 0x72, 0x8d, 0x25, 0xf7, 0x74, 0xb2, 0x8e, 0x29, 0xf3, 0xb4, 0x32, 0xca, 0x2d, 0xeb, 0xf4,
    0xb2, 0xa1, 0x31, 0xdb, 0x34, 0xf3, 0xa2, 0x35, 0xef, 0xb4, 0x72, 0xce, 0x1e, 0x8f, 0xcc, 0xb3,
    0xc9, 0x1f, 0xff, 0xac, 0xf2, 0xc9, 0x42, 0xf7, 0x7c, 0x70, 0xd1, 0x1a, 0x2f, 0x8c, 0xb4, 0xc4,
    0x47, 0x2f, 0x2d, 0x6f, 0x9b, 0x02, 0xb1, 0x28, 0xe3, 0xd4, 0x4e, 0x37, 0x7a, 0xe5, 0x40, 0x52,
    0x4f, 0x9d, 0x62, 0xd5, 0x92, 0x5e, 0x1d, 0xf5, 0x8a, 0x5a, 0x6f, 0xcd, 0xf5, 0xd8, 0x64, 0x97,
    0x6d, 0xf6, 0xd9, 0x68, 0xa7, 0xad, 0xf6, 0xda, 0x6c, 0xb7, 0xed, 0xf6, 0xdb, 0x70, 0xc7, 0x2d,
    0xf7, 0xdc, 0x74, 0xd7, 0x6d, 0xf7, 0xdd, 0x78, 0xe7, 0xad, 0xf7, 0xde, 0x7c, 0xf7, 0xff, 0xed,
    0xf7, 0xdf, 0x80, 0x07, 0x2e, 0xf8, 0xe0, 0x84, 0x17, 0x6e, 0xf8, 0xe1, 0x88, 0x27, 0xae, 0xf8,
    0xe2, 0x8c, 0x1b, 0x24, 0x63, 0xe3, 0x5a, 0x69, 0x0d, 0x39, 0x56, 0x92, 0x4f, 0x6e, 0x55, 0xe5,
    0x96, 0x53, 0x35, 0x23, 0xd8, 0x99, 0x57, 0x85, 0x73, 0xe7, 0x52, 0x7d, 0x0e, 0xba, 0xb0, 0x39,
    0x8e, 0x1e, 0x7a, 0xe9, 0x02, 0x89, 0x6d, 0xba, 0xb7, 0xa8, 0x03, 0xa0, 0xfa, 0xea, 0xe2, 0xb6,
    0xfe, 0x3a, 0xec, 0x46, 0x09, 0x20, 0x7b, 0x00, 0xb4, 0x27, 0x65, 0xbb, 0x8a, 0x03, 0xcd, 0x9e,
    0xfb, 0x50, 0xbb, 0xcf, 0xd8, 0x3b, 0xee, 0xbf, 0xd7, 0x7e, 0x7b, 0xf1, 0xc6, 0xf3, 0x9e, 0x3a,
    0xf1, 0xc8, 0x03, 0x7f, 0x7c, 0xf3, 0xce, 0x2b, 0xef, 0x3a, 0xf3, 0xd0, 0x0b, 0xfc, 0x7c, 0xf5,
    0xd6, 0x4b, 0x8f, 0x3d, 0xf0, 0x40, 0x6e, 0x6f, 0x6f, 0xf7, 0xde, 0x0b, 0xb5, 0xb9, 0xed, 0xe1,
    0x0f, 0x85, 0x79, 0xf9, 0x3f, 0x9d, 0x8f, 0x7e, 0x4f, 0xea, 0xaf, 0xcf, 0xd3, 0xe3, 0xee, 0xc7,
    0x2f, 0xff, 0xfc, 0xf4, 0xd7, 0x6f, 0xff, 0xfd, 0xf8, 0xe7, 0xaf, 0xff, 0xfe, 0xfc, 0xf7, 0xef,
    0xff, 0xff, 0x00, 0x0c, 0xa0, 0x00, 0x07, 0x48, 0xc0, 0x02, 0x1a, 0xf0, 0x80, 0x08, 0x4c, 0xa0,
    0x02, 0x17, 0xc8, 0xc0, 0x06, 0x3a, 0xf0, 0x81, 0x10, 0x8c, 0xa0, 0x04, 0x27, 0x48, 0xc1, 0x0a,
    0xde, 0x68, 0x5d, 0xf1, 0xc3, 0xa0, 0xfb, 0x34, 0x58, 0xbd, 0xa0, 0xfd, 0xce, 0x83, 0xb9, 0x03,
    0x21, 0xed, 0x5e, 0x06, 0x3b, 0x12, 0xae, 0xce, 0x84, 0x9d, 0xbb, 0x19, 0xa4, 0x40, 0xa7, 0xc2,
    0xd1, 0xb5, 0x90, 0x85, 0x37, 0xcb, 0x9c, 0x0a, 0x69, 0x96, 0xb8, 0x19, 0x8a, 0x4e, 0x71, 0x36,
    0x04, 0xdf, 0xe2, 0x72, 0xf8, 0xa2, 0xc6, 0xf1, 0xd0, 0x4b, 0x8c, 0xfb, 0xe1, 0x0a, 0xff, 0x83,
    0xf8, 0x43, 0xc8, 0x09, 0xd1, 0x88, 0x45, 0xf4, 0x61, 0x12, 0x89, 0xc8, 0x43, 0x24, 0x36, 0x51,
    0x89, 0x4f, 0x64, 0x62, 0x0e, 0x9d, 0x38, 0x45, 0x28, 0x56, 0x51, 0x8a, 0x36, 0xa4, 0x62, 0x16,
    0xad, 0xb8, 0x45, 0x2c, 0xce, 0x50, 0x8b, 0x5f, 0xe4, 0x62, 0x18, 0xbd, 0xf8, 0x42, 0x32, 0xc6,
    0x50, 0x8c, 0x65, 0xdc, 0xe1, 0x12, 0xd5, 0x18, 0x45, 0x36, 0x5e, 0xd1, 0x8d, 0x5d, 0x84, 0xe3,
    0x18, 0xe5, 0x98, 0x46, 0x1c, 0xae, 0xd1, 0x8e, 0x6d, 0xc4, 0xe3, 0x1b, 0xf5, 0x18, 0x47, 0x3e,
    0xce, 0x4c, 0x86, 0x7d, 0x34, 0x23, 0xd1, 0x60, 0xf8, 0x47, 0x42, 0xa2, 0x10, 0x90, 0x85, 0x4c,
    0xe1, 0x20, 0x4f, 0xb8, 0x48, 0xd3, 0xed, 0xac, 0x84, 0x8d, 0x84, 0xe4, 0xbf, 0xe0, 0x87, 0xbc,
    0x83, 0x51, 0xb2, 0x78, 0x96, 0xf4, 0x5d, 0x07, 0x9f, 0x75, 0xbf, 0x69, 0x75, 0x92, 0x93, 0xfc,
    0x23, 0x95, 0x01, 0x45, 0x59, 0x40, 0x52, 0x5a, 0xf0, 0x94, 0xa8, 0x4c, 0xa5, 0x2a, 0x57, 0xc9,
    0xca, 0x56, 0xba, 0xf2, 0x95, 0xb0, 0x8c, 0xa5, 0x2c, 0x67, 0x49, 0xcb, 0x5a, 0xda, 0xf2, 0x96,
    0xb8, 0xcc, 0xa5, 0x2e, 0x77, 0xc9, 0xcb, 0x5e, 0xfa, 0xf2, 0x97, 0xc0, 0x0c, 0xa6, 0x30, 0x87,
    0x49, 0xcc, 0x62, 0x1a, 0xf3, 0x98, 0xc8, 0x4c, 0xa6, 0x32, 0x97, 0xc9, 0xcc, 0x66, 0x3a, 0xf3,
    0x99, 0xd0, 0x8c, 0xa6, 0x34, 0xa7, 0x49, 0xcd, 0x6a, 0x5a, 0xf3, 0x9a, 0xd8, 0xcc, 0xa6, 0x36,
    0xb7, 0xc9, 0xcd, 0x6e, 0x7a, 0xf3, 0x9b, 0xe0, 0x0c, 0xa7, 0x38, 0xc7, 0x49, 0xce, 0x72, 0x9a,
    0xf3, 0x9c, 0xe8, 0x4c, 0xa7, 0x3a, 0xd7, 0xc9, 0xce, 0x76, 0xba, 0xf3, 0x9d, 0xf0, 0x8c, 0xa7,
    0x3c, 0xe7, 0x49, 0xcf, 0x7a, 0xda, 0xf3, 0x9e, 0xf8, 0xcc, 0xa7, 0x3e, 0xf7, 0xc9, 0x08, 0xcf,
    0x7e, 0xfa, 0xf3, 0x9f, 0xf9, 0x0b, 0x08, 0x00, 0x21, 0xf9, 0x04, 0x01, 0x05, 0x00, 0x02, 0x00,
    0x2c, 0xbe, 0x00, 0x5a, 0x00, 0x5d, 0x00, 0xdd, 0x00, 0x81, 0x00, 0x00, 0x00, 0xff, 0xff, 0xff,
    0x00, 0x00, 0x00, 0x00, 0x00, 0x00, 0x08, 0xff, 0x00, 0x05, 0x08, 0x1c, 0x48, 0xb0, 0x20, 0xc1,
    0x00, 0x08, 0x0d, 0x2a, 0x5c, 0xc8, 0xb0, 0xa1, 0xc3, 0x87, 0x10, 0x23, 0x22, 0x0c, 0x10, 0xb1,
    0xa2, 0xc5, 0x8b, 0x18, 0x1b, 0x4e, 0xcc, 0xc8, 0xb1, 0xa3, 0xc7, 0x8f, 0x20, 0x43, 0x8a, 0x1c,
    0x49, 0xb2, 0xa4, 0xc9, 0x93, 0x28, 0x53, 0xaa, 0x5c, 0xc9, 0xb2, 0xa5, 0xcb, 0x97, 0x30, 0x63,
    0xca, 0x9c, 0x49, 0xb3, 0xa6, 0xcd, 0x9b, 0x38, 0x73, 0xea, 0xdc, 0xc9, 0xb3, 0xa7, 0xcf, 0x9f,
    0x40, 0x83, 0x0a, 0x1d, 0x4a, 0xb4, 0xa8, 0xd1, 0xa3, 0x48, 0x93, 0x2a, 0x5d, 0xca, 0xb4, 0xa9,
    0xd3, 0xa7, 0x50, 0xa3, 0x4a, 0x9d, 0x4a, 0xb5, 0xaa, 0xd5, 0xab, 0x58, 0xb3, 0x6a, 0xdd, 0xca,
    0xb5, 0xab, 0xd7, 0xaf, 0x60, 0xc3, 0x8a, 0x1d, 0x4b, 0xb6, 0x2c, 0xd0, 0x8d, 0x61, 0xd1, 0x82,
    0x55, 0x6b, 0xb6, 0xad, 0xdb, 0xb7, 0x51, 0x01, 0xc8, 0x05, 0x10, 0x76, 0x2e, 0x5d, 0xb0, 0x76,
    0xe1, 0xea, 0xdd, 0xcb, 0x37, 0xe8, 0x5c, 0xb1, 0x7f, 0xeb, 0xca, 0xad, 0xa9, 0xd6, 0x6e, 0x60,
    0x85, 0x13, 0x29, 0x2a, 0x2d, 0x6c, 0xf8, 0x2e, 0x62, 0xb6, 0x47, 0x19, 0x1b, 0x66, 0x98, 0xb8,
    0xaf, 0xe5, 0xcb, 0x98, 0x33, 0x6b, 0xde, 0xcc, 0xb9, 0xb3, 0xe7, 0xcf, 0xa0, 0x43, 0x8b, 0x1e,
    0x4d, 0xba, 0xb4, 0xe9, 0xd3, 0xa8, 0x53, 0xab, 0x5e, 0xcd, 0xba, 0xb5, 0xeb, 0xd7, 0xb0, 0x63,
    0xcb, 0x9e, 0x4d, 0xbb, 0xb6, 0xed, 0xdb, 0xb8, 0x73, 0xeb, 0xde, 0xcd, 0xbb, 0xb7, 0xef, 0xdf,
    0xc0, 0x83, 0x0b, 0x1f, 0x4e, 0xbc, 0xb8, 0xf1, 0xe3, 0xc8, 0x93, 0x2b, 0x5f, 0xce, 0xbc, 0xb9,
    0xf3, 0xe7, 0xd0, 0xa3, 0x4b, 0x9f, 0x4e, 0xbd, 0xba, 0xf5, 0xeb, 0xd8, 0x3d, 0xe7, 0xc5, 0x7b,
    0xd8, 0xeb, 0xf6, 0xec, 0xe0, 0xc3, 0x8b, 0x21, 0x1f, 0x4f, 0xbe, 0xbc, 0xf9, 0xf3, 0xe8, 0xd3,
    0xab, 0x5f, 0xcf, 0xbe, 0xbd, 0xfb, 0xf7, 0xf0, 0xe3, 0xcb, 0x9f, 0x4f, 0xbf, 0xbe, 0xfd, 0xfb,
    0xdc, 0x1d, 0x7f, 0xed, 0xee, 0x7d, 0xb0, 0xc1, 0x80, 0x00, 0x21, 0xf9, 0x04, 0x01, 0x05, 0x00,
    0x02, 0x00, 0x2c, 0xde, 0x00, 0x56, 0x00, 0x3d, 0x00, 0xad, 0x00, 0x81, 0x00, 0x00, 0x00, 0xff,
    0xff, 0xff, 0x00, 0x00, 0x00, 0x00, 0x00, 0x00, 0x08, 0xd6, 0x00, 0x03, 0x08, 0x04, 0x40, 0x50,
    0x80, 0xc1, 0x83, 0x08, 0x13, 0x2a, 0x5c, 0xc8, 0xb0, 0xa1, 0x43, 0x81, 0x01, 0x08, 0x02, 0x70,
    0x48, 0xb1, 0xa2, 0xc5, 0x86, 0x10, 0x25, 0x5e, 0xdc, 0xc8, 0xf1, 0xe1, 0xc0, 0x82, 0x1d, 0x43,
    0x8a, 0x1c, 0x49, 0xb2, 0xa4, 0xc9, 0x93, 0x28, 0x53, 0xaa, 0x5c, 0xc9, 0xb2, 0xa5, 0xcb, 0x97,
    0x30, 0x63, 0xca, 0x9c, 0x49, 0xb3, 0xa6, 0xcd, 0x9b, 0x38, 0x73, 0xea, 0xdc, 0xc9, 0xb3, 0xa7,
    0xcf, 0x9f, 0x40, 0x83, 0x0a, 0x1d, 0x4a, 0xb4, 0xa8, 0xd1, 0xa3, 0x48, 0x93, 0x2a, 0x5d, 0xca,
    0xb4, 0xa9, 0xd3, 0xa7, 0x50, 0xa3, 0x4a, 0x9d, 0x4a, 0xb5, 0xaa, 0xd5, 0xab, 0x58, 0xb3, 0x6a,
    0xdd, 0xca, 0xb5, 0xab, 0xd7, 0xaf, 0x60, 0xc3, 0x8a, 0x35, 0x0a, 0x31, 0x00, 0xd2, 0xb2, 0x67,
    0x21, 0x8e, 0x5d, 0xcb, 0xf6, 0xa6, 0xda, 0xb4, 0x66, 0xe1, 0x8a, 0x2c, 0x4b, 0x37, 0x2e, 0xc3,
    0xb7, 0x33, 0xeb, 0xa2, 0xc5, 0x28, 0xb0, 0xa6, 0x5e, 0xbc, 0x0b, 0x01, 0xb7, 0x1d, 0x4c, 0xb8,
    0xb0, 0xe1, 0xc3, 0x88, 0x13, 0x2b, 0x5e, 0xcc, 0xb8, 0xb1, 0xe3, 0xc7, 0x90, 0x23, 0x4b, 0x9e,
    0x4c, 0xb9, 0xb2, 0xe5, 0xcb, 0x98, 0x33, 0x6b, 0xde, 0xcc, 0xb9, 0xb3, 0xe7, 0xcf, 0xa0, 0x43,
    0x8b, 0x1e, 0x4d, 0xba, 0xb4, 0xe9, 0xd3, 0xa8, 0x53, 0xab, 0x5e, 0xcd, 0xba, 0xb5, 0xeb, 0xd7,
    0xb0, 0x63, 0xcb, 0x9e, 0x4d, 0xbb, 0xb6, 0x6d, 0xd6, 0x7b, 0xc9, 0x0a, 0x1e, 0x5a, 0x36, 0x20,
    0x00, 0x21, 0xf9, 0x04, 0x01, 0x05, 0x00, 0x02, 0x00, 0x2c, 0x00, 0x00, 0x00, 0x00, 0xf6, 0x01,
    0x9a, 0x01, 0x81, 0x00, 0x00, 0x00, 0xff, 0xff, 0xff, 0x00, 0x00, 0x00, 0x00, 0x00, 0x00, 0x08,
    0xff, 0x00, 0x01, 0x08, 0x1c, 0x48, 0xb0, 0xa0, 0xc1, 0x83, 0x08, 0x13, 0x2a, 0x5c, 0xc8, 0xb0,
    0xa1, 0xc3, 0x87, 0x10, 0x23, 0x4a, 0x9c, 0x48, 0xb1, 0xa2, 0xc5, 0x8b, 0x18, 0x33, 0x6a, 0xdc,
    0xc8, 0xb1, 0xa3, 0xc7, 0x8f, 0x20, 0x43, 0x8a, 0x1c, 0x49, 0xb2, 0xa4, 0xc9, 0x93, 0x28, 0x53,
    0xaa, 0x5c, 0xc9, 0xb2, 0xa5, 0xcb, 0x97, 0x30, 0x63, 0xca, 0x9c, 0x49, 0xb3, 0xa6, 0xcd, 0x9b,
    0x38, 0x73, 0xea, 0xdc, 0xc9, 0xb3, 0xa7, 0xcf, 0x9f, 0x40, 0x83, 0x0a, 0x1d, 0x4a, 0xb4, 0xa8,
    0xd1, 0xa3, 0x48, 0x93, 0x2a, 0x5d, 0xca, 0xb4, 0xa9, 0xd3, 0xa7, 0x50, 0xa3, 0x4a, 0x9d, 0x4a,
    0xb5, 0xaa, 0xd5, 0xab, 0x58, 0xb3, 0x6a, 0xdd, 0xca, 0xb5, 0xab, 0xd7, 0xaf, 0x60, 0xc3, 0x8a,
    0x1d, 0x4b, 0xb6, 0xac, 0xd9, 0xb3, 0x68, 0xd3, 0xaa, 0x5d, 0xcb, 0xb6, 0xad, 0xdb, 0xb7, 0x70,
    0xe3, 0xca, 0x9d, 0x4b, 0xb7, 0xae, 0xdd, 0xbb, 0x78, 0xf3, 0xea, 0xdd, 0xcb, 0xb7, 0xaf, 0xdf,
    0xbf, 0x80, 0x03, 0x0b, 0x1e, 0x4c, 0xb8, 0xb0, 0xe1, 0xc3, 0x88, 0x13, 0x2b, 0x5e, 0xcc, 0xb8,
    0xb1, 0xe3, 0xc7, 0x90, 0x23, 0x4b, 0x9e, 0x4c, 0xb9, 0xb2, 0xe5, 0xcb, 0x98, 0x33, 0x6b, 0xde,
    0xcc, 0xb9, 0xb3, 0xe7, 0xcf, 0xa0, 0x43, 0x8b, 0x1e, 0x4d, 0xba, 0xb4, 0xe9, 0xd3, 0xa8, 0x53,
    0xab, 0x5e, 0xcd, 0xba, 0xb5, 0xeb, 0xd7, 0xb0, 0x63, 0xcb, 0x9e, 0x4d, 0xbb, 0xb6, 0xed, 0xdb,
    0xb8, 0x73, 0xeb, 0xde, 0xcd, 0xbb, 0xb7, 0xef, 0xdf, 0xc0, 0x83, 0x0b, 0x1f, 0x4e, 0xbc, 0xb8,
    0xf1, 0xe3, 0xc8, 0x93, 0x2b, 0x5f, 0xce, 0xbc, 0xb9, 0xf3, 0xe7, 0xd0, 0xa3, 0x4b, 0x9f, 0x4e,
    0xbd, 0xba, 0xf5, 0xeb, 0xd8, 0xb3, 0x6b, 0xdf, 0xce, 0xbd, 0xbb, 0xf7, 0xef, 0xe0, 0xc3, 0x8b,
    0xff, 0x1f, 0x4f, 0xbe, 0xbc, 0xf9, 0xf3, 0xe8, 0xd3, 0xab, 0x5f, 0xcf, 0xbe, 0xbd, 0xfb, 0xf7,
    0xf0, 0xe3, 0xcb, 0x9f, 0x4f, 0xbf, 0xbe, 0xfd, 0xfb, 0xf8, 0xf3, 0xeb, 0xdf, 0xcf, 0xbf, 0xbf,
    0xff, 0xff, 0x00, 0x06, 0x28, 0xe0, 0x80, 0x04, 0x16, 0x68, 0xe0, 0x81, 0x08, 0x26, 0xa8, 0xe0,
    0x82, 0x0c, 0x36, 0xe8, 0xe0, 0x83, 0x10, 0x46, 0x28, 0xe1, 0x84, 0x14, 0x56, 0x68, 0xe1, 0x85,
    0x18, 0x66, 0xa8, 0xe1, 0x86, 0x1c, 0x76, 0xe8, 0xe1, 0x87, 0x20, 0x86, 0x28, 0xe2, 0x88, 0x24,
    0x96, 0x68, 0x62, 0x47, 0x02, 0xa4, 0x18, 0xc0, 0x8a, 0x29, 0xb6, 0xe8, 0xa2, 0x8b, 0x27, 0xf2,
    0xd6, 0xe2, 0x8a, 0x01, 0xbc, 0x68, 0x63, 0x8a, 0x31, 0xee, 0x36, 0x23, 0x8b, 0x37, 0xbe, 0x98,
    0xa3, 0x6e, 0x3b, 0xd6, 0xd8, 0x23, 0x8c, 0x3f, 0xae, 0x36, 0xe4, 0x91, 0x48, 0x26, 0x69, 0x63,
    0x91, 0x9b, 0x29, 0xe9, 0xe4, 0x93, 0x4b, 0x32, 0x99, 0x19, 0x94, 0x54, 0x3e, 0x29, 0xa5, 0x64,
    0x55, 0x66, 0xa9, 0x25, 0x92, 0x57, 0x12, 0xb6, 0xe5, 0x97, 0x60, 0xe2, 0xd8, 0xa5, 0x60, 0x61,
    0x96, 0x99, 0xe5, 0x98, 0x7f, 0x99, 0xa9, 0x66, 0x98, 0x68, 0xe2, 0xb5, 0xe6, 0x9b, 0x5a, 0xb6,
    0x79, 0x17, 0x9c, 0x74, 0x42, 0x29, 0xe7, 0x5c, 0x75, 0xe6, 0x59, 0xe5, 0x9d, 0x6f, 0xe9, 0xe9,
    0xa7, 0x93, 0x7c, 0xba, 0xf5, 0xe7, 0xa0, 0x47, 0x06, 0xda, 0x16, 0xa1, 0x88, 0x46, 0x69, 0xe8,
    0x59, 0x89, 0x36, 0xea, 0xe3, 0xa2, 0x8c, 0x3a, 0x2a, 0x29, 0xa4, 0x91, 0x4a, 0xda, 0x28, 0xa5,
    0x63, 0xd1, 0x68, 0xe9, 0xa6, 0x02, 0x60, 0xea, 0x95, 0xa6, 0x9c, 0x4e, 0xea, 0x29, 0x57, 0xa0,
    0x86, 0x7a, 0xe9, 0xa8, 0x5b, 0x99, 0xba, 0x29, 0xaa, 0xa9, 0xaa, 0x2a, 0x2a, 0xab, 0x58, 0xb9,
    0xff, 0xfa, 0x2a, 0xac, 0x56, 0xc9, 0xea, 0x28, 0xad, 0xb1, 0xda, 0x9a, 0x28, 0xae, 0x57, 0xe9,
    0xba, 0x2b, 0xaf, 0x55, 0xf9, 0x8a, 0x28, 0xb0, 0xc1, 0x0a, 0x3b, 0x28, 0xb1, 0x54, 0x19, 0x7b,
    0x2c, 0xb2, 0x52, 0x29, 0xfb, 0x27, 0xb3, 0xcd, 0x3a, 0xbb, 0x2c, 0xb4, 0x4c, 0x49, 0x3b, 0x2d,
    0xb5, 0x4a, 0x59, 0xfb, 0x2c, 0xb6, 0x4b, 0x69, 0xeb, 0x27, 0xb7, 0xdd, 0x7a, 0x9b, 0x27, 0xb8,
    0xd9, 0x8a, 0x5b, 0x27, 0xb9, 0x49, 0x99, 0x7b, 0x2e, 0xba, 0x47, 0xa9, 0x4b, 0x27, 0xbb, 0xed,
    0xba, 0xfb, 0x26, 0xbc, 0x46, 0xc9, 0x6b, 0x26, 0xbd, 0x48, 0xd9, 0x5b, 0x26, 0xbe, 0xf1, 0xea,
    0xfb, 0x25, 0xbf, 0xf5, 0xfa, 0xbb, 0x2f, 0xc0, 0x41, 0x09, 0x3c, 0x30, 0xc1, 0x3f, 0x19, 0xcc,
    0x26, 0xc2, 0x09, 0x2b, 0xfc, 0x2f, 0xc3, 0x3e, 0x39, 0x7c, 0x26, 0xc4, 0x40, 0x49, 0xbc, 0x27,
    0xc5, 0x0d, 0x5b, 0x6c, 0x25, 0xc6, 0x11, 0x6b, 0xbc, 0x31, 0xc7, 0x3c, 0x79, 0xfc, 0x31, 0xc8,
    0x3a, 0x89, 0x0c, 0x28, 0xc9, 0x1d, 0x9b, 0xdc, 0x23, 0xca, 0x29, 0xab, 0xac, 0x28, 0xcb, 0x25,
    0xbb, 0x7c, 0x23, 0xcc, 0x21, 0xcb, 0x2c, 0x26, 0xcd, 0x3d, 0xd9, 0x7c, 0x33, 0xce, 0x3b, 0xe9,
    0xdc, 0x29, 0xcf, 0x19, 0x9b, 0x0c, 0x74, 0xd0, 0x22, 0x0f, 0xdd, 0x72, 0xd1, 0x46, 0xd7, 0xac,
    0x72, 0xd2, 0x44, 0xeb, 0xcb, 0x34, 0x51, 0x0e, 0x3f, 0x3d, 0x54, 0xd4, 0x52, 0xe7, 0xab, 0x67,
    0x42, 0x33, 0x57, 0xdd, 0xeb, 0xd5, 0x08, 0x65, 0xad, 0x75, 0xb1, 0xe3, 0x76, 0xfd, 0xf2, 0xd7,
    0x64, 0x97, 0x6d, 0xf6, 0xd9, 0x68, 0xa7, 0xad, 0xf6, 0xda, 0x6c, 0xb7, 0xed, 0xf6, 0xdb, 0x70,
    0xc7, 0x2d, 0xf7, 0xdc, 0x74, 0xd7, 0x6d, 0xf7, 0xdd, 0x78, 0xe7, 0xad, 0xf7, 0xde, 0x7c, 0xf7,
    0xff, 0xed, 0xf7, 0xdf, 0x80, 0x07, 0x2e, 0xf8, 0xe0, 0x84, 0x17, 0x6e, 0xf8, 0xe1, 0x88, 0x27,
    0xae, 0xf8, 0xe2, 0x8c, 0x03, 0xde, 0x62, 0xe3, 0xad, 0x3e, 0x0e, 0x79, 0xae, 0x92, 0x4f, 0x5e,
    0x2b, 0x91, 0x96, 0x83, 0xbd, 0x73, 0xe6, 0xd1, 0x56, 0xce, 0x79, 0xe7, 0x9b, 0x7f, 0xfe, 0xd4,
    0xa3, 0xa2, 0x47, 0x45, 0x7a, 0xe8, 0xa5, 0xf7, 0x7b, 0x33, 0xea, 0xa9, 0x17, 0x75, 0xfa, 0xcf,
    0xad, 0xa7, 0x8b, 0x39, 0xeb, 0xb1, 0x0b, 0xf5, 0x7a, 0xed, 0xb2, 0x57, 0x4e, 0x3b, 0xee, 0x44,
    0x0f, 0xb4, 0x3b, 0xef, 0x39, 0xcf, 0x0e, 0x3b, 0xf0, 0x53, 0x0b, 0x4f, 0xbc, 0xeb, 0xc6, 0x1f,
    0x5f, 0xbc, 0xee, 0xc3, 0x2b, 0xdf, 0xbb, 0xf3, 0x01, 0x7b, 0x0e, 0xbd, 0xed, 0x98, 0x4f, 0x4f,
    0xbd, 0xf4, 0xd6, 0x3f, 0x9f, 0x7d, 0xc1, 0xd5, 0x6f, 0x7f, 0xb4, 0xf7, 0xd7, 0x83, 0x2f, 0xfe,
    0xf8, 0xe4, 0x97, 0x6f, 0xfe, 0xf9, 0xe8, 0xa7, 0xaf, 0xfe, 0xfa, 0xec, 0xb7, 0xef, 0xfe, 0xfb,
    0xf0, 0xc7, 0x2f, 0xff, 0xfc, 0xf4, 0xd7, 0x6f, 0xff, 0xfd, 0xf8, 0xe7, 0xaf, 0xff, 0xfe, 0xfc,
    0xf7, 0xef, 0xff, 0xff, 0x00, 0x0c, 0xa0, 0x00, 0x07, 0x48, 0xc0, 0x02, 0x1a, 0x10, 0x5e, 0xf2,
    0x1a, 0x5f, 0x02, 0xc5, 0xb7, 0x40, 0xe7, 0x09, 0x8d, 0x77, 0x0f, 0xc4, 0x5d, 0x04, 0x53, 0x57,
    0x2a, 0x8d, 0xd5, 0xae, 0x82, 0x16, 0xbb, 0x20, 0x8f, 0x3c, 0x56, 0x3b, 0x9f, 0x35, 0xcf, 0x72,
    0x1e, 0x2c, 0x5d, 0x08, 0x45, 0x37, 0x42, 0x10, 0x7a, 0xf0, 0x77, 0x87, 0x3b, 0x21, 0x0a, 0x0d,
    0xa7, 0xc2, 0x0f, 0x32, 0xae, 0x85, 0xd8, 0x4b, 0x1c, 0x0c, 0x57, 0x28, 0xb8, 0x19, 0xba, 0x10,
    0x71, 0x36, 0x9c, 0x5c, 0x0e, 0x21, 0xb7, 0xc3, 0xc6, 0xf5, 0xf0, 0x85, 0x33, 0xd4, 0x61, 0x10,
    0xf3, 0x79, 0x38, 0x44, 0x1f, 0x16, 0x11, 0x88, 0x30, 0x14, 0x62, 0x12, 0x89, 0xb8, 0x44, 0x23,
    0x36, 0x11, 0x89, 0x2d, 0x54, 0x62, 0x14, 0x99, 0x38, 0x45, 0x27, 0x56, 0x11, 0x8a, 0x2a, 0x94,
    0x62, 0x16, 0xa9, 0xb8, 0x45, 0x2b, 0x76, 0x11, 0x8b, 0x27, 0xd4, 0x62, 0x18, 0xb9, 0x38, 0x46,
    0x2f, 0x96, 0x11, 0x8c, 0x25, 0x44, 0xa3, 0xcf, 0xc4, 0x98, 0xc6, 0xc5, 0xfd, 0xd0, 0x8d, 0x47,
    0x84, 0xe3, 0x19, 0xc9, 0x68, 0x33, 0xce, 0x5d, 0x31, 0x73, 0x6d, 0x34, 0xa1, 0xce, 0x44, 0xb8,
    0x46, 0x12, 0xba, 0xac, 0x83, 0x7f, 0x8c, 0x9d, 0xcc, 0x00, 0xb9, 0x34, 0x08, 0x2a, 0x6c, 0x7a,
    0x54, 0x73, 0xe0, 0x21, 0x19, 0x68, 0xad, 0xf4, 0x69, 0xcb, 0x91, 0x8d, 0x74, 0xdf, 0xaa, 0xf0,
    0x37, 0xc9, 0xfb, 0x55, 0xf2, 0x80, 0x98, 0xcc, 0xa4, 0x26, 0x37, 0xc9, 0xc9, 0x4e, 0x7a, 0xf2,
    0x93, 0xa0, 0x0c, 0xa5, 0x28, 0x47, 0x49, 0xca, 0x52, 0x9a, 0xf2, 0x94, 0xa8, 0x4c, 0xa5, 0x2a,
    0x57, 0xc9, 0xca, 0x56, 0xba, 0xf2, 0x95, 0xb0, 0x8c, 0xa5, 0x2c, 0x67, 0x49, 0xcb, 0x5a, 0xda,
    0xf2, 0x96, 0xb8, 0xcc, 0xa5, 0x2e, 0x77, 0xc9, 0xcb, 0x5e, 0xfa, 0xf2, 0x97, 0xc0, 0x0c, 0xa6,
    0x30, 0x87, 0x49, 0xcc, 0x62, 0x1a, 0xf3, 0x98, 0xc8, 0x4c, 0xa6, 0x32, 0x97, 0xc9, 0xcc, 0x66,
    0x3a, 0xf3, 0x99, 0xd0, 0x8c, 0xa6, 0x34, 0xa7, 0x49, 0xcd, 0x6a, 0x5a, 0xf3, 0x9a, 0xd8, 0xcc,
    0xa6, 0x36, 0xb7, 0xc9, 0xcd, 0x6e, 0x7a, 0xf3, 0x9b, 0xe0, 0x0c, 0xa7, 0x38, 0xc7, 0x49, 0xce,
    0x72, 0x9a, 0xf3, 0x9c, 0xe8, 0x4c, 0xa7, 0x3a, 0xd7, 0xc9, 0xce, 0x76, 0xba, 0xf3, 0x9d, 0xf0,
    0xac, 0x66, 0x40, 0x00, 0x00, 0x21, 0xf9, 0x04, 0x01, 0x05, 0x00, 0x02, 0x00, 0x2c, 0xbe, 0x00,
    0x56, 0x00, 0x63, 0x00, 0x82, 0x00, 0x81, 0x00, 0x00, 0x00, 0xff, 0xff, 0xff, 0x00, 0x00, 0x00,
    0x00, 0x00, 0x00, 0x08, 0xff, 0x00, 0x05, 0x08, 0x1c, 0x48, 0xb0, 0xa0, 0xc1, 0x83, 0x08, 0x13,
    0x1a, 0x0c, 0xc0, 0x50, 0xa1, 0xc3, 0x87, 0x10, 0x23, 0x4a, 0x9c, 0x58, 0x90, 0x61, 0x00, 0x8a,
    0x18, 0x33, 0x6a, 0xdc, 0x28, 0xc0, 0x22, 0xc7, 0x8f, 0x20, 0x43, 0x0a, 0xf4, 0x28, 0xb2, 0xa4,
    0xc9, 0x93, 0x1d, 0x1b, 0xa2, 0x5c, 0xc9, 0x72, 0xa4, 0xca, 0x96, 0x30, 0x4b, 0x92, 0x8c, 0x49,
    0xb3, 0xa6, 0xcd, 0x9b, 0x38, 0x73, 0xea, 0xdc, 0xc9, 0xb3, 0xa7, 0xcf, 0x9f, 0x40, 0x83, 0x0a,
    0x2d, 0x09, 0xa0, 0xe8, 0xd0, 0x9e, 0x45, 0x01, 0x1c, 0xe5, 0x99, 0x74, 0xe9, 0xce, 0xa6, 0x4e,
    0xa3, 0x4a, 0x9d, 0x4a, 0x55, 0x24, 0xd4, 0xaa, 0x31, 0xaf, 0x62, 0x6d, 0xa9, 0x75, 0xab, 0xd7,
    0xaf, 0x60, 0xc3, 0x8a, 0x1d, 0x4b, 0xb6, 0xac, 0xd9, 0xb3, 0x68, 0xd3, 0xaa, 0x5d, 0xcb, 0xb6,
    0xad, 0xc0, 0xae, 0x6e, 0x21, 0xc2, 0x8d, 0xeb, 0x70, 0x2e, 0xdd, 0x84, 0x76, 0xef, 0x1e, 0xcc,
    0xab, 0xb7, 0x20, 0xdf, 0xbe, 0x03, 0xff, 0x02, 0x16, 0x20, 0x18, 0x70, 0xe1, 0xc1, 0x88, 0x13,
    0x2b, 0x86, 0x79, 0x58, 0x6f, 0xe3, 0xbb, 0x8f, 0xe9, 0x46, 0x5e, 0x4c, 0xb9, 0xb2, 0xe5, 0xcb,
    0x98, 0x33, 0x6b, 0xde, 0xcc, 0xb9, 0xb3, 0xe7, 0xcf, 0xa0, 0x43, 0x8b, 0x1e, 0x4d, 0xba, 0x74,
    0xd0, 0xa4, 0x4a, 0x5d, 0x5e, 0x54, 0x8c, 0x7a, 0xe0, 0x4c, 0xc4, 0xad, 0x55, 0x9b, 0x9e, 0x4d,
    0xbb, 0xb6, 0xed, 0xdb, 0xb8, 0x73, 0xeb, 0xde, 0xcd, 0xbb, 0xb7, 0xef, 0xdf, 0xc0, 0x83, 0x0b,
    0x1f, 0x4e, 0xbc, 0xb8, 0xf1, 0xe3, 0xc8, 0x93, 0x2b, 0x5f, 0xce, 0x9c, 0xe6, 0xe4, 0xb6, 0xa8,
    0x53, 0x5b, 0x8e, 0x8e, 0x99, 0xfa, 0x65, 0xe9, 0xd2, 0x29, 0xaf, 0x76, 0x6d, 0x79, 0xfb, 0xc8,
    0xca, 0x0d, 0x9b, 0xbe, 0x49, 0x4c, 0x1c, 0xde, 0x68, 0x79, 0xf2, 0x17, 0xc5, 0xa7, 0xcf, 0xde,
    0xb7, 0xbc, 0xd2, 0xf3, 0x88, 0xdd, 0xa7, 0x24, 0xcc, 0x5e, 0xaf, 0x7c, 0xf8, 0x83, 0xef, 0xaf,
    0x47, 0x4f, 0xff, 0xfd, 0xfe, 0xf8, 0xeb, 0xf9, 0x47, 0x1f, 0x7f, 0xea, 0x0d, 0x08, 0x60, 0x7f,
    0xf3, 0x19, 0x75, 0x60, 0x81, 0x0a, 0xe6, 0x17, 0xe0, 0x7c, 0xda, 0x55, 0xd4, 0x9d, 0x84, 0xd3,
    0x05, 0x56, 0x5d, 0x6c, 0xd3, 0x61, 0x58, 0x99, 0x75, 0xd7, 0x35, 0x38, 0x50, 0x40, 0x00, 0x21,
    0xf9, 0x04, 0x01, 0x05, 0x00, 0x02, 0x00, 0x2c, 0x00, 0x00, 0x00, 0x00, 0xf6, 0x01, 0x9a, 0x01,
    0x81, 0x00, 0x00, 0x00, 0xff, 0xff, 0xff, 0x00, 0x00, 0x00, 0x00, 0x00, 0x00, 0x08, 0xff, 0x00,
    0x01, 0x08, 0x1c, 0x48, 0xb0, 0xa0, 0xc1, 0x83, 0x08, 0x13, 0x2a, 0x5c, 0xc8, 0xb0, 0xa1, 0xc3,
    0x87, 0x10, 0x23, 0x4a, 0x9c, 0x48, 0xb1, 0xa2, 0xc5, 0x8b, 0x18, 0x33, 0x6a, 0xdc, 0xc8, 0xb1,
    0xa3, 0xc7, 0x8f, 0x20, 0x43, 0x8a, 0x1c, 0x49, 0xb2, 0xa4, 0xc9, 0x93, 0x28, 0x53, 0xaa, 0x5c,
    0xc9, 0xb2, 0xa5, 0xcb, 0x97, 0x30, 0x63, 0xca, 0x9c, 0x49, 0xb3, 0xa6, 0xcd, 0x9b, 0x38, 0x73,
    0xea, 0xdc, 0xc9, 0xb3, 0xa7, 0xcf, 0x9f, 0x40, 0x83, 0x0a, 0x1d, 0x4a, 0xb4, 0xa8, 0xd1, 0xa3,
    0x48, 0x93, 0x2a, 0x5d, 0xca, 0xb4, 0xa9, 0xd3, 0xa7, 0x50, 0xa3, 0x4a, 0x9d, 0x4a, 0xb5, 0xaa,
    0xd5, 0xab, 0x58, 0xb3, 0x6a, 0xdd, 0xca, 0xb5, 0xab, 0xd7, 0xaf, 0x60, 0xc3, 0x8a, 0x1d, 0x4b,
    0xb6, 0xac, 0xd9, 0xb3, 0x68, 0xd3, 0xaa, 0x5d, 0xcb, 0xb6, 0xad, 0xdb, 0xb7, 0x70, 0xe3, 0xca,
    0x9d, 0x4b, 0xb7, 0xae, 0xdd, 0xbb, 0x78, 0xf3, 0xea, 0xdd, 0xcb, 0xb7, 0xaf, 0xdf, 0xbf, 0x80,
    0x03, 0x0b, 0x1e, 0x4c, 0xb8, 0xb0, 0xe1, 0xc3, 0x88, 0x13, 0x2b, 0x5e, 0xcc, 0xb8, 0xb1, 0xe3,
    0xc7, 0x90, 0x23, 0x4b, 0x9e, 0x4c, 0xb9, 0xb2, 0xe5, 0xcb, 0x98, 0x33, 0x6b, 0xde, 0xcc, 0xb9,
    0xb3, 0xe7, 0xcf, 0xa0, 0x43, 0x8b, 0x1e, 0x4d, 0xba, 0xb4, 0xe9, 0xd3, 0xa8, 0x53, 0xab, 0x5e,
    0xcd, 0xba, 0xb5, 0xeb, 0xd7, 0xb0, 0x63, 0xcb, 0x9e, 0x4d, 0xbb, 0xb6, 0xed, 0xdb, 0xb8, 0x73,
    0xeb, 0xde, 0xcd, 0xbb, 0xb7, 0xef, 0xdf, 0xc0, 0x83, 0x0b, 0x1f, 0x4e, 0xbc, 0xb8, 0xf1, 0xe3,
    0xc8, 0x93, 0x2b, 0x5f, 0xce, 0xbc, 0xb9, 0xf3, 0xe7, 0xd0, 0xa3, 0x4b, 0x9f, 0x4e, 0xbd, 0xba,
    0xf5, 0xeb, 0xd8, 0xb3, 0x6b, 0xdf, 0xce, 0xbd, 0xbb, 0xf7, 0xef, 0xe0, 0xc3, 0x8b, 0xff, 0x1f,
    0x4f, 0xbe, 0xbc, 0xf9, 0xf3, 0xe8, 0xd3, 0xab, 0x5f, 0xcf, 0xbe, 0xbd, 0xfb, 0xf7, 0xf0, 0xe3,
    0xcb, 0x9f, 0x4f, 0xbf, 0xbe, 0xfd, 0xfb, 0xf8, 0xf3, 0xeb, 0xdf, 0xcf, 0xbf, 0xbf, 0xff, 0xff,
    0x00, 0x06, 0x28, 0xe0, 0x80, 0x04, 0x16, 0x68, 0xe0, 0x81, 0x08, 0x26, 0xa8, 0xe0, 0x82, 0x0c,
    0x36, 0xe8, 0xe0, 0x83, 0x10, 0x46, 0x28, 0xe1, 0x84, 0x14, 0x56, 0x68, 0xe1, 0x85, 0x18, 0x66,
    0xa8, 0xe1, 0x86, 0x1c, 0x76, 0xe8, 0xe1, 0x87, 0x20, 0x86, 0x28, 0xe2, 0x88, 0x24, 0x96, 0x68,
    0xa2, 0x49, 0x02, 0xa4, 0xa8, 0xe2, 0x8a, 0x2a, 0x9e, 0x28, 0x1c, 0x8b, 0x30, 0xa6, 0xe8, 0x62,
    0x70, 0x31, 0xc2, 0x38, 0x23, 0x70, 0x35, 0xb2, 0x78, 0x63, 0x6a, 0x39, 0xf6, 0xe8, 0xe3, 0x8f,
    0x36, 0xee, 0xa8, 0x19, 0x90, 0x44, 0x16, 0x19, 0xa4, 0x90, 0x98, 0x19, 0xa9, 0x64, 0x91, 0x48,
    0x4a, 0xb6, 0xe4, 0x93, 0x50, 0xfa, 0xd8, 0x24, 0x61, 0x51, 0x56, 0x69, 0xa5, 0x8c, 0x53, 0x0a,
    0x76, 0xe5, 0x96, 0x4f, 0x66, 0xf9, 0x17, 0x97, 0x60, 0x46, 0xe9, 0xe5, 0x5e, 0x61, 0x96, 0xa9,
    0xe4, 0x98, 0x7a, 0x99, 0xa9, 0x26, 0x90, 0x68, 0xda, 0xb5, 0xe6, 0x9b, 0x4c, 0xb6, 0x19, 0x17,
    0x9c, 0x74, 0x4a, 0x29, 0x27, 0x5c, 0x75, 0xe6, 0x19, 0xe3, 0x9d, 0x78, 0xea, 0xe9, 0x27, 0x96,
    0x7c, 0xaa, 0xf5, 0xe7, 0xa0, 0x3a, 0x06, 0x7a, 0x16, 0xa1, 0x88, 0x0a, 0x60, 0xe8, 0xa1, 0x89,
    0x0e, 0xba, 0xe8, 0x58, 0x01, 0x44, 0xda, 0x68, 0xa3, 0x8f, 0x7a, 0x15, 0x69, 0x00, 0x93, 0x26,
    0x5a, 0x69, 0x57, 0x97, 0x66, 0x8a, 0xe8, 0xa6, 0x5c, 0x79, 0x4a, 0x29, 0xa8, 0x5a, 0x89, 0xaa,
    0x29, 0xa9, 0x59, 0x99, 0xfa, 0x29, 0xaa, 0x58, 0xa9, 0x4a, 0x28, 0xab, 0xad, 0xba, 0xff, 0xfa,
    0x27, 0xac, 0x57, 0xc9, 0x3a, 0x2b, 0xad, 0x55, 0xd9, 0xea, 0x27, 0xae, 0xb9, 0xea, 0x9a, 0x27,
    0xaf, 0x54, 0xf9, 0xfa, 0x2b, 0xb0, 0x52, 0x09, 0x5b, 0x27, 0xb1, 0xc5, 0x1a, 0x0b, 0x27, 0xb2,
    0x51, 0x29, 0xbb, 0x2c, 0xb3, 0x4f, 0x39, 0xfb, 0x26, 0xb4, 0xd1, 0x4a, 0xab, 0x26, 0xb5, 0x4e,
    0x59, 0x7b, 0x2d, 0xb6, 0x4c, 0x69, 0x6b, 0x26, 0xb7, 0xdd, 0x7a, 0x1b, 0x26, 0xb8, 0x4b, 0x89,
    0x3b, 0x2e, 0xb9, 0x49, 0x99, 0x0b, 0x26, 0xba, 0xe9, 0xaa, 0xbb, 0x25, 0xbb, 0x48, 0xb9, 0xfb,
    0x2e, 0xbc, 0x46, 0xc9, 0x7b, 0x25, 0xbd, 0xf5, 0xda, 0x5b, 0x25, 0xbe, 0x45, 0xe9, 0xbb, 0x2f,
    0xbf, 0x43, 0xf9, 0x2b, 0x26, 0xc0, 0x42, 0x09, 0x0c, 0x25, 0xc1, 0x05, 0x1b, 0xbc, 0x24, 0xc2,
    0x41, 0x29, 0xbc, 0x30, 0xc3, 0x3f, 0x39, 0x7c, 0x26, 0xc4, 0x3e, 0x49, 0x6c, 0x24, 0xc5, 0x15,
    0x5b, 0x4c, 0x24, 0xc6, 0x3d, 0x69, 0xbc, 0x31, 0xc7, 0x19, 0x7b, 0x5c, 0x23, 0xc8, 0x21, 0x8b,
    0x7c, 0x24, 0xc9, 0x3a, 0x99, 0x3c, 0x32, 0xca, 0x3b, 0xa9, 0xdc, 0x22, 0xcb, 0x25, 0x9b, 0x0c,
    0x73, 0xcc, 0x22, 0xcf, 0x0c, 0x94, 0xca, 0x36, 0x47, 0x2c, 0x73, 0xce, 0x1d, 0xef, 0xcc, 0x73,
    0xcb, 0x3e, 0xff, 0xcc, 0x93, 0xc1, 0x42, 0x13, 0x45, 0x74, 0xd1, 0x09, 0xfb, 0x8b, 0x74, 0xbb,
    0x07, 0x0b, 0xf4, 0xb2, 0xd3, 0x85, 0x22, 0xf4, 0xf4, 0xd2, 0xbd, 0x36, 0x0d, 0xc0, 0xd4, 0x27,
    0x1b, 0x34, 0x35, 0xd5, 0x53, 0xfd, 0x7b, 0x35, 0xa0, 0x5f, 0xaf, 0xa8, 0xd0, 0xd6, 0x5c, 0x97,
    0x6d, 0xf6, 0xd9, 0x68, 0xa7, 0xad, 0xf6, 0xda, 0x6c, 0xb7, 0xed, 0xf6, 0xdb, 0x70, 0xc7, 0x2d,
    0xf7, 0xdc, 0x74, 0xd7, 0x6d, 0xf7, 0xdd, 0x78, 0xe7, 0xad, 0xf7, 0xde, 0x7c, 0xf7, 0xff, 0xed,
    0xf7, 0xdf, 0x80, 0x07, 0x2e, 0xf8, 0xe0, 0x84, 0x17, 0x6e, 0xf8, 0xe1, 0x88, 0x27, 0xae, 0xf8,
    0xe2, 0x8c, 0x37, 0xee, 0xf8, 0xe3, 0x90, 0x47, 0x2e, 0xb9, 0xcd, 0x64, 0x4f, 0x5e, 0x6d, 0xd4,
    0x96, 0x5f, 0x2e, 0x76, 0xe6, 0x97, 0x0f, 0x54, 0x39, 0xe7, 0x47, 0x3d, 0xfd, 0x39, 0xe8, 0xfd,
    0x02, 0x3a, 0x3a, 0xe9, 0x01, 0x9b, 0x0e, 0x36, 0xea, 0xa1, 0xab, 0xae, 0x28, 0xeb, 0x4c, 0x7b,
    0xbe, 0x3a, 0xec, 0x46, 0xbb, 0x4e, 0x7b, 0xbc, 0xb6, 0xdf, 0x9e, 0xef, 0xeb, 0x61, 0xeb, 0xbe,
    0xbb, 0xec, 0xbc, 0xfb, 0x9e, 0x34, 0xf0, 0xc2, 0xd7, 0xce, 0xfb, 0xe9, 0xc5, 0xe7, 0x24, 0xfa,
    0xec, 0xc9, 0xf7, 0x8c, 0x79, 0xf3, 0x3a, 0x3f, 0x0f, 0x7d, 0xf4, 0xd3, 0x57, 0x6f, 0xfd, 0xf5,
    0xd8, 0x67, 0xaf, 0xfd, 0xf6, 0xdc, 0x77, 0xef, 0xfd, 0xf7, 0xe0, 0x87, 0x2f, 0xfe, 0xf8, 0xe4,
    0x97, 0x6f, 0xfe, 0xf9, 0xe8, 0xa7, 0xaf, 0xfe, 0xfa, 0xec, 0xb7, 0xef, 0xfe, 0xfb, 0xf0, 0xc7,
    0x2f, 0xff, 0xfc, 0xf4, 0xd7, 0x6f, 0xff, 0xfd, 0xf8, 0xe7, 0xaf, 0xff, 0xfe, 0xfc, 0xf7, 0xef,
    0x3f, 0x5b, 0xea, 0xca, 0x5e, 0x00, 0xb1, 0x37, 0xc0, 0xe2, 0x79, 0xec, 0x76, 0x07, 0xa4, 0x5d,
    0x02, 0x49, 0x87, 0x33, 0xd4, 0x35, 0x90, 0x81, 0x41, 0xe3, 0x9c, 0xcb, 0x90, 0xb7, 0xb8, 0x09,
    0x32, 0xef, 0x71, 0x16, 0x0c, 0x9e, 0xe4, 0x32, 0x38, 0xb9, 0x0c, 0x52, 0xf0, 0x70, 0x1e, 0xbc,
    0x60, 0x05, 0x43, 0xd8, 0xc1, 0x10, 0x7e, 0x70, 0x70, 0x26, 0x3c, 0xa1, 0xe0, 0x52, 0x28, 0x42,
    0x10, 0xb2, 0x10, 0x72, 0x2c, 0xd4, 0xe0, 0x08, 0x53, 0x08, 0xc3, 0x17, 0x62, 0xd0, 0x86, 0x8e,
    0x8b, 0x61, 0x0d, 0x69, 0x78, 0x43, 0x1e, 0xe6, 0x10, 0x87, 0x8d, 0xd3, 0x61, 0x0f, 0xe6, 0x4d,
    0xb8, 0x43, 0x22, 0x0e, 0x91, 0x84, 0x47, 0xf4, 0x60, 0x11, 0x91, 0xf8, 0x43, 0x1f, 0x06, 0x11,
    0x88, 0x8c, 0x13, 0x62, 0x13, 0x8d, 0x38, 0x45, 0x26, 0x3e, 0xd1, 0x89, 0x51, 0x84, 0xe2, 0x0c,
    0xa9, 0x78, 0x45, 0x2e, 0x66, 0x11, 0x8b, 0x5b, 0xb4, 0xe2, 0x17, 0xbd, 0x18, 0x46, 0x25, 0x26,
    0x91, 0x83, 0x67, 0x7c, 0xe0, 0x12, 0x27, 0x58, 0x42, 0x33, 0x5a, 0x0e, 0x8d, 0x6f, 0xb4, 0xa0,
    0x04, 0xe5, 0x98, 0x39, 0x35, 0xce, 0xb1, 0x66, 0x0e, 0x8c, 0x60, 0x1d, 0xf5, 0x08, 0xba, 0xa3,
    0x19, 0x50, 0x60, 0xcd, 0xf3, 0xa3, 0xf5, 0xa4, 0xf5, 0x3d, 0x42, 0x7a, 0xcf, 0x90, 0xe3, 0x1b,
    0x55, 0xfb, 0x14, 0xc9, 0x3e, 0x46, 0xfe, 0xef, 0x91, 0x90, 0x8c, 0xa4, 0x24, 0x27, 0x49, 0xc9,
    0x4a, 0x5a, 0xf2, 0x92, 0x98, 0xcc, 0xa4, 0x26, 0x37, 0xc9, 0xc9, 0x4e, 0x7a, 0xf2, 0x93, 0xa0,
    0x0c, 0xa5, 0x28, 0x47, 0x49, 0xca, 0x52, 0x9a, 0xf2, 0x94, 0xa8, 0x4c, 0xa5, 0x2a, 0x57, 0xc9,
    0xca, 0x56, 0xba, 0xf2, 0x95, 0xb0, 0x8c, 0xa5, 0x2c, 0x67, 0x49, 0xcb, 0x5a, 0xda, 0xf2, 0x96,
    0xb8, 0xcc, 0xa5, 0x2e, 0x77, 0xc9, 0xcb, 0x5e, 0xfa, 0xf2, 0x97, 0xc0, 0x0c, 0xa6, 0x30, 0x87,
    0x49, 0xcc, 0x62, 0x1a, 0xf3, 0x98, 0xc8, 0x4c, 0xa6, 0x32, 0x97, 0xc9, 0xcc, 0x66, 0x3a, 0xf3,
    0x99, 0xd0, 0x8c, 0xa6, 0x34, 0xa7, 0x49, 0xcd, 0x6a, 0x5a, 0xf3, 0x9a, 0xd8, 0xcc, 0xa6, 0x36,
    0xb7, 0xc9, 0xcd, 0x6e, 0x7a, 0xf3, 0x9b, 0xe0, 0x0c, 0xa7, 0x38, 0xc7, 0x49, 0xce, 0x72, 0x9a,
    0xf3, 0x9c, 0x28, 0x0b, 0x08, 0x00, 0x21, 0xf9, 0x04, 0x01, 0x05, 0x00, 0x02, 0x00, 0x2c, 0xbe,
    0x00, 0x56, 0x00, 0x59, 0x00, 0xe7, 0x00, 0x81, 0x00, 0x00, 0x00, 0xff, 0xff, 0xff, 0x00, 0x00,
    0x00, 0x00, 0x00, 0x00, 0x08, 0xff, 0x00, 0x05, 0x08, 0x1c, 0x48, 0xb0, 0xa0, 0xc1, 0x83, 0x04,
    0x03, 0x28, 0x44, 0xc8, 0xb0, 0xa1, 0xc3, 0x87, 0x10, 0x23, 0x32, 0x54, 0x18, 0x40, 0xa2, 0xc5,
    0x8b, 0x18, 0x33, 0x0a, 0xa0, 0xa8, 0xb1, 0xa3, 0xc7, 0x8f, 0x1c, 0x3f, 0x8a, 0x1c, 0x49, 0xb2,
    0xa4, 0xc9, 0x93, 0x28, 0x53, 0xaa, 0x5c, 0xc9, 0xb2, 0xa5, 0x46, 0x00, 0x30, 0x5d, 0xca, 0x84,
    0x08, 0x13, 0xc0, 0xcc, 0x9b, 0x0c, 0x6b, 0xe2, 0xdc, 0xe9, 0x30, 0x24, 0x4f, 0x9e, 0x3e, 0x7f,
    0xe2, 0x0c, 0x2a, 0x90, 0xa8, 0x50, 0x99, 0x46, 0x8f, 0xb6, 0x4c, 0xaa, 0x74, 0x25, 0xd3, 0xa6,
    0x50, 0xa3, 0x4a, 0x9d, 0x4a, 0xb5, 0xaa, 0xd5, 0xab, 0x58, 0xb3, 0x6a, 0xdd, 0xca, 0xb5, 0xab,
    0xd7, 0xaf, 0x60, 0xc3, 0x8a, 0x1d, 0x4b, 0xb6, 0xac, 0xd9, 0xb3, 0x68, 0xd3, 0xaa, 0x5d, 0xcb,
    0xb6, 0xad, 0xdb, 0xb7, 0x70, 0xe3, 0xca, 0x9d, 0x4b, 0xb7, 0xae, 0xdd, 0xbb, 0x78, 0xf3, 0xea,
    0xdd, 0xcb, 0xb7, 0xaf, 0xdf, 0xbf, 0x80, 0x03, 0x0b, 0x1e, 0x4c, 0x78, 0xe4, 0xd3, 0xb6, 0x87,
    0xd9, 0x26, 0x5e, 0xbb, 0xb8, 0xb0, 0xe3, 0xc7, 0x66, 0x7d, 0x52, 0x0c, 0x50, 0x53, 0x67, 0xc1,
    0xc9, 0x5f, 0x25, 0x53, 0xac, 0x1c, 0xf3, 0x72, 0x63, 0xa9, 0x9a, 0x15, 0x72, 0xb6, 0xe9, 0x79,
    0x21, 0xe4, 0xd3, 0xa8, 0x53, 0xab, 0x5e, 0xcd, 0xba, 0xb5, 0xeb, 0xd7, 0xb0, 0x63, 0xcb, 0x9e,
    0x4d, 0xbb, 0xb6, 0xed, 0xdb, 0xb8, 0x73, 0xeb, 0xde, 0xcd, 0xbb, 0xb7, 0xef, 0xdf, 0xc0, 0x83,
    0x0b, 0x1f, 0x4e, 0xbc, 0xb8, 0xf1, 0xe3, 0xc8, 0x93, 0x2b, 0x5f, 0xce, 0xbc, 0xb9, 0xf3, 0xe7,
    0xd0, 0xa3, 0x4b, 0x9f, 0x4e, 0xbd, 0xba, 0xf5, 0xeb, 0xd8, 0xb3, 0x6b, 0xdf, 0xce, 0xbd, 0xbb,
    0xf7, 0xef, 0xe0, 0xc3, 0x8b, 0x3e, 0x1f, 0x4f, 0x7e, 0xba, 0x65, 0xba, 0xe7, 0xe7, 0xa6, 0x2f,
    0xcf, 0xbe, 0xbd, 0xfb, 0xf7, 0xf0, 0xe3, 0xcb, 0x9f, 0x4f, 0xbf, 0x7e, 0xf5, 0xcf, 0x68, 0xf1,
    0x9f, 0xd5, 0x6f, 0xbf, 0xbf, 0xff, 0xff, 0x00, 0x06, 0x28, 0xe0, 0x80, 0x04, 0x16, 0x68, 0xe0,
    0x81, 0x08, 0x26, 0x08, 0x17, 0x66, 0x74, 0x31, 0x38, 0x97, 0x83, 0xc7, 0xf1, 0x57, 0x96, 0x84,
    0x64, 0x51, 0x18, 0x10, 0x00, 0x21, 0xf9, 0x04, 0x01, 0x05, 0x00, 0x02, 0x00, 0x2c, 0x00, 0x00,
    0x00, 0x00, 0xf6, 0x01, 0x9a, 0x01, 0x81, 0x00, 0x00, 0x00, 0xff, 0xff, 0xff, 0x00, 0x00, 0x00,
    0x00, 0x00, 0x00, 0x08, 0xff, 0x00, 0x01, 0x08, 0x1c, 0x48, 0xb0, 0xa0, 0xc1, 0x83, 0x08, 0x13,
    0x2a, 0x5c, 0xc8, 0xb0, 0xa1, 0xc3, 0x87, 0x10, 0x23, 0x4a, 0x9c, 0x48, 0xb1, 0xa2, 0xc5, 0x8b,
    0x18, 0x33, 0x6a, 0xdc, 0xc8, 0xb1, 0xa3, 0xc7, 0x8f, 0x20, 0x43, 0x8a, 0x1c, 0x49, 0xb2, 0xa4,
    0xc9, 0x93, 0x28, 0x53, 0xaa, 0x5c, 0xc9, 0xb2, 0xa5, 0xcb, 0x97, 0x30, 0x63, 0xca, 0x9c, 0x49,
    0xb3, 0xa6, 0xcd, 0x9b, 0x38, 0x73, 0xea, 0xdc, 0xc9, 0xb3, 0xa7, 0xcf, 0x9f, 0x40, 0x83, 0x0a,
    0x1d, 0x4a, 0xb4, 0xa8, 0xd1, 0xa3, 0x48, 0x93, 0x2a, 0x5d, 0xca, 0xb4, 0xa9, 0xd3, 0xa7, 0x50,
    0xa3, 0x4a, 0x9d, 0x4a, 0xb5, 0xaa, 0xd5, 0xab, 0x58, 0xb3, 0x6a, 0xdd, 0xca, 0xb5, 0xab, 0xd7,
    0xaf, 0x60, 0xc3, 0x8a, 0x1d, 0x4b, 0xb6, 0xac, 0xd9, 0xb3, 0x68, 0xd3, 0xaa, 0x5d, 0xcb, 0xb6,
    0xad, 0xdb, 0xb7, 0x70, 0xe3, 0xca, 0x9d, 0x4b, 0xb7, 0xae, 0xdd, 0xbb, 0x78, 0xf3, 0xea, 0xdd,
    0xcb, 0xb7, 0xaf, 0xdf, 0xbf, 0x80, 0x03, 0x0b, 0x1e, 0x4c, 0xb8, 0xb0, 0xe1, 0xc3, 0x88, 0x13,
    0x2b, 0x5e, 0xcc, 0xb8, 0xb1, 0xe3, 0xc7, 0x90, 0x23, 0x4b, 0x9e, 0x4c, 0xb9, 0xb2, 0xe5, 0xcb,
    0x98, 0x33, 0x6b, 0xde, 0xcc, 0xb9, 0xb3, 0xe7, 0xcf, 0xa0, 0x43, 0x8b, 0x1e, 0x4d, 0xba, 0xb4,
    0xe9, 0xd3, 0xa8, 0x53, 0xab, 0x5e, 0xcd, 0xba, 0xb5, 0xeb, 0xd7, 0xb0, 0x63, 0xcb, 0x9e, 0x4d,
    0xbb, 0xb6, 0xed, 0xdb, 0xb8, 0x73, 0xeb, 0xde, 0xcd, 0xbb, 0xb7, 0xef, 0xdf, 0xc0, 0x83, 0x0b,
    0x1f, 0x4e, 0xbc, 0xb8, 0xf1, 0xe3, 0xc8, 0x93, 0x2b, 0x5f, 0xce, 0xbc, 0xb9, 0xf3, 0xe7, 0xd0,
    0xa3, 0x4b, 0x9f, 0x4e, 0xbd, 0xba, 0xf5, 0xeb, 0xd8, 0xb3, 0x6b, 0xdf, 0xce, 0xbd, 0xbb, 0xf7,
    0xef, 0xe0, 0xc3, 0x8b, 0xff, 0x1f, 0x4f, 0xbe, 0xbc, 0xf9, 0xf3, 0xe8, 0xd3, 0xab, 0x5f, 0xcf,
    0xbe, 0xbd, 0xfb, 0xf7, 0xf0, 0xe3, 0xcb, 0x9f, 0x4f, 0xbf, 0xbe, 0xfd, 0xfb, 0xf8, 0xf3, 0xeb,
    0xdf, 0xcf, 0xbf, 0xbf, 0xff, 0xff, 0x00, 0x06, 0x28, 0xe0, 0x80, 0x04, 0x16, 0x68, 0xe0, 0x81,
    0x08, 0x26, 0xa8, 0xe0, 0x82, 0x0c, 0x36, 0xe8, 0xe0, 0x83, 0x10, 0x46, 0x28, 0xe1, 0x84, 0x14,
    0x56, 0x68, 0xe1, 0x85, 0x18, 0x66, 0xa8, 0xe1, 0x86, 0x1c, 0x76, 0xe8, 0xe1, 0x87, 0x20, 0x86,
    0x28, 0xe2, 0x88, 0x24, 0x96, 0x68, 0xa2, 0x49, 0x02, 0xa4, 0xa8, 0xe2, 0x8a, 0x2a, 0x9e, 0x28,
    0x1c, 0x8b, 0x30, 0xa6, 0xe8, 0x62, 0x70, 0x31, 0xc2, 0x38, 0x23, 0x70, 0x35, 0xb2, 0x78, 0x63,
    0x6a, 0x39, 0xf6, 0xe8, 0xe3, 0x8f, 0x36, 0xee, 0xa8, 0x19, 0x90, 0x44, 0x16, 0x19, 0xa4, 0x90,
    0x98, 0x19, 0xa9, 0x64, 0x91, 0x48, 0x4a, 0xb6, 0xe4, 0x93, 0x50, 0xd6, 0x18, 0xc0, 0x94, 0x4d,
    0x12, 0x16, 0xe5, 0x95, 0x57, 0x4e, 0x19, 0x40, 0x95, 0x83, 0x61, 0xe9, 0xe5, 0x92, 0x5a, 0x72,
    0xf9, 0xd7, 0x97, 0x64, 0x92, 0x29, 0x26, 0x5e, 0x65, 0xa6, 0x79, 0xe5, 0x99, 0x77, 0xa9, 0xe9,
    0xe6, 0x92, 0x6c, 0xce, 0xf5, 0xe6, 0x9c, 0x4a, 0x86, 0x19, 0xa7, 0x5b, 0x74, 0xe6, 0x09, 0xa4,
    0x9d, 0x77, 0xb2, 0xa5, 0xe7, 0x9f, 0x39, 0xf2, 0xd9, 0xa7, 0x5a, 0x80, 0x16, 0xca, 0xa2, 0xa0,
    0x83, 0x96, 0x65, 0xe8, 0xa2, 0x31, 0x26, 0x8a, 0x16, 0xa3, 0x90, 0xb6, 0xe8, 0xa8, 0x59, 0x91,
    0x46, 0x3a, 0xe9, 0x58, 0x95, 0x66, 0xba, 0xe2, 0xa5, 0x5e, 0x69, 0xea, 0x29, 0xa7, 0x5d, 0x79,
    0xaa, 0x29, 0xa8, 0x5c, 0x89, 0x9a, 0x29, 0xa9, 0x5b, 0x99, 0x5a, 0x29, 0xaa, 0x5a, 0xa9, 0x6a,
    0x29, 0xab, 0x58, 0xb9, 0xff, 0x0a, 0x29, 0xac, 0xb1, 0xca, 0xba, 0x28, 0xad, 0x57, 0xd9, 0x7a,
    0x2b, 0xae, 0x55, 0xe9, 0x6a, 0x28, 0xaf, 0xbd, 0xfa, 0x0a, 0x28, 0xb0, 0x54, 0x09, 0x3b, 0x2c,
    0xb1, 0x52, 0x19, 0xfb, 0x27, 0xb2, 0xc9, 0x2a, 0x9b, 0x27, 0xa2, 0xcc, 0x26, 0xe5, 0xec, 0xb3,
    0x54, 0x46, 0xcb, 0xd4, 0xb4, 0x74, 0x42, 0x6b, 0xad, 0x51, 0xd8, 0xce, 0xb9, 0xad, 0x53, 0xdd,
    0xbe, 0xf9, 0x6d, 0x53, 0xe1, 0xba, 0x39, 0xee, 0xb5, 0xe5, 0xa6, 0x79, 0xee, 0x52, 0xe9, 0xaa,
    0xbb, 0xae, 0xb4, 0xed, 0x9a, 0xf9, 0x2e, 0x52, 0xf1, 0xca, 0x3b, 0x2f, 0xb7, 0xf5, 0x7a, 0x79,
    0xef, 0x51, 0xf9, 0xea, 0xbb, 0x6f, 0x51, 0xfd, 0x62, 0xf9, 0x2f, 0xc0, 0x01, 0x47, 0x39, 0x30,
    0x51, 0x05, 0x1b, 0x7c, 0xb0, 0x50, 0x09, 0x43, 0xb9, 0x30, 0xc3, 0x0d, 0xc3, 0xf9, 0x30, 0x50,
    0x11, 0x4b, 0x3c, 0xb1, 0x4f, 0x15, 0x2b, 0x79, 0xf1, 0x4f, 0x19, 0x1b, 0xb9, 0x31, 0xc6, 0x1d,
    0x13, 0xf9, 0x71, 0x4f, 0x21, 0x8b, 0x3c, 0x32, 0xc8, 0x25, 0xd7, 0x78, 0x32, 0xca, 0x29, 0x1f,
    0xb9, 0xb2, 0x4e, 0x2d, 0xab, 0xfc, 0xf2, 0x4e, 0x31, 0x4b, 0x3a, 0x33, 0xc9, 0x35, 0x0b, 0x70,
    0x33, 0xcb, 0x2d, 0xef, 0x4c, 0x71, 0xcf, 0x3e, 0xf3, 0xdc, 0x71, 0xd0, 0x42, 0x67, 0x4c, 0x34,
    0xce, 0x29, 0x1f, 0xcd, 0x71, 0xc2, 0xda, 0x2a, 0x0d, 0x33, 0xd3, 0xd5, 0x3a, 0x5d, 0x74, 0xbc,
    0x4d, 0x4b, 0x3d, 0xb5, 0xc3, 0x13, 0xd9, 0x6c, 0x75, 0xb0, 0xf6, 0x46, 0xa4, 0xf5, 0xd6, 0x53,
    0xb9, 0x2b, 0xd1, 0xd7, 0x60, 0x97, 0x6d, 0xf6, 0xd9, 0x68, 0xa7, 0xad, 0xf6, 0xda, 0x6c, 0xb7,
    0xed, 0xf6, 0xdb, 0x70, 0xc7, 0x2d, 0xf7, 0xdc, 0x74, 0xd7, 0x6d, 0xf7, 0xdd, 0x78, 0xe7, 0xad,
    0xf7, 0xde, 0x7c, 0xf7, 0xff, 0xed, 0xf7, 0xdf, 0x80, 0x07, 0x2e, 0xf8, 0xe0, 0x84, 0x17, 0x6e,
    0xf8, 0xe1, 0x88, 0x27, 0xae, 0xf8, 0xe2, 0x8c, 0x37, 0xee, 0xf8, 0xe3, 0x90, 0x47, 0x2e, 0xb9,
    0xcf, 0x64, 0x4f, 0xfe, 0x54, 0xa3, 0x96, 0x47, 0x85, 0x79, 0xe6, 0xe0, 0xca, 0x28, 0x50, 0xe5,
    0x9c, 0xf3, 0xeb, 0x39, 0x00, 0xa0, 0x87, 0x4e, 0xb0, 0xce, 0x9f, 0x8f, 0x6e, 0x3a, 0xbc, 0xa8,
    0x93, 0xae, 0xfa, 0xea, 0xa2, 0xb7, 0x5e, 0x3a, 0xec, 0x41, 0xd9, 0x3c, 0x3b, 0xed, 0x4b, 0xcb,
    0xfe, 0x3a, 0xee, 0x43, 0xd9, 0xbe, 0x3b, 0xef, 0xb5, 0x8f, 0x7e, 0x3b, 0xf0, 0x34, 0x0b, 0xff,
    0x3b, 0xf1, 0x28, 0x0f, 0x34, 0x3c, 0xf2, 0x38, 0xf9, 0xde, 0x3a, 0xf3, 0x3f, 0xeb, 0xfe, 0x3c,
    0xf4, 0xb9, 0x6f, 0x4a, 0x3d, 0xc4, 0x3a, 0x5e, 0xdf, 0xfb, 0xf1, 0xda, 0x77, 0xef, 0xfd, 0xf7,
    0xe0, 0x87, 0x2f, 0xfe, 0xf8, 0xe4, 0x97, 0x6f, 0xfe, 0xf9, 0xe8, 0xa7, 0xaf, 0xfe, 0xfa, 0xec,
    0xb7, 0xef, 0xfe, 0xfb, 0xf0, 0xc7, 0x2f, 0xff, 0xfc, 0xf4, 0xd7, 0x6f, 0xff, 0xfd, 0xf8, 0xe7,
    0xaf, 0xff, 0xfe, 0xfc, 0xf7, 0xef, 0xff, 0xff, 0x00, 0x0c, 0xa0, 0x00, 0x07, 0x48, 0xc0, 0x02,
    0x1a, 0x90, 0x2c, 0xf1, 0x0a, 0x5f, 0x02, 0xc1, 0xb7, 0x40, 0xe6, 0x65, 0xac, 0x6a, 0x96, 0x7b,
    0x60, 0xd4, 0x60, 0x27, 0xc1, 0x2d, 0xad, 0x2e, 0x66, 0x14, 0x04, 0x9a, 0xe9, 0x30, 0x78, 0xc1,
    0x9c, 0x4d, 0x2f, 0x72, 0x1e, 0xfc, 0x20, 0xe4, 0x42, 0xc8, 0x39, 0x12, 0x4a, 0x2e, 0x84, 0x2a,
    0x82, 0xa0, 0xe1, 0x50, 0x98, 0x22, 0x15, 0x16, 0x8e, 0x85, 0x02, 0x70, 0x21, 0xe1, 0x60, 0xb8,
    0xbc, 0xc1, 0xd1, 0x90, 0x7b, 0x87, 0xbb, 0xa1, 0x08, 0x13, 0xa7, 0xc3, 0x11, 0xde, 0xd0, 0x87,
    0x34, 0x04, 0x22, 0x0c, 0xfc, 0x85, 0xc8, 0x42, 0x22, 0xa2, 0xd0, 0x88, 0x26, 0x74, 0x5c, 0x0f,
    0x1f, 0xb7, 0x44, 0x25, 0xfe, 0x90, 0x89, 0x4f, 0x74, 0x62, 0x10, 0xa1, 0x38, 0x45, 0x29, 0x0e,
    0x91, 0x8a, 0x57, 0xb4, 0x62, 0x11, 0xb1, 0xb8, 0x45, 0x2d, 0x1e, 0x91, 0x8b, 0x5f, 0xf4, 0x62,
    0x12, 0x1b, 0xd7, 0x44, 0x32, 0x46, 0xd1, 0x8c, 0x55, 0x44, 0x63, 0x16, 0xd5, 0xd8, 0x45, 0x36,
    0x86, 0xd1, 0x8d, 0x63, 0x64, 0x5c, 0x19, 0xe5, 0x78, 0x46, 0x3a, 0xbe, 0x11, 0x8c, 0x35, 0x9b,
    0xdc, 0x1a, 0x4f, 0xe8, 0xc1, 0x12, 0xf6, 0x31, 0x73, 0x71, 0x04, 0xa1, 0x06, 0x43, 0xc7, 0xc1,
    0x0d, 0x0e, 0xd2, 0x8f, 0x49, 0xc3, 0x5d, 0xc3, 0xa8, 0xb7, 0x48, 0xe8, 0x35, 0xf2, 0x7b, 0xd8,
    0x3a, 0x5f, 0x24, 0xcd, 0x37, 0x49, 0xf4, 0x69, 0x49, 0x54, 0xf1, 0xbb, 0xe4, 0xa7, 0xe0, 0xa7,
    0xc9, 0x51, 0x1d, 0xf0, 0x93, 0xa0, 0x0c, 0xa5, 0x28, 0x47, 0x49, 0xca, 0x52, 0x9a, 0xf2, 0x94,
    0xa8, 0x4c, 0xa5, 0x2a, 0x57, 0xc9, 0xca, 0x56, 0xba, 0xf2, 0x95, 0xb0, 0x8c, 0xa5, 0x2c, 0x67,
    0x49, 0xcb, 0x5a, 0xda, 0xf2, 0x96, 0xb8, 0xcc, 0xa5, 0x2e, 0x77, 0xc9, 0xcb, 0x5e, 0xfa, 0xf2,
    0x97, 0xc0, 0x0c, 0xa6, 0x30, 0x87, 0x49, 0xcc, 0x62, 0x1a, 0xf3, 0x98, 0xc8, 0x4c, 0xa6, 0x32,
    0x97, 0xc9, 0xcc, 0x66, 0x3a, 0xf3, 0x99, 0xd0, 0x8c, 0xa6, 0x34, 0xa7, 0x49, 0xcd, 0x6a, 0x5a,
    0xf3, 0x9a, 0xd8, 0xcc, 0xa6, 0x36, 0xb7, 0xc9, 0xcd, 0x6e, 0x7a, 0xf3, 0x9b, 0xe0, 0x0c, 0xa7,
    0x38, 0xc7, 0x49, 0xce, 0x72, 0x9a, 0xf3, 0x9c, 0xe8, 0x4c, 0xa7, 0x3a, 0xd7, 0xc9, 0xce, 0x76,
    0xba, 0xf3, 0x9d, 0xf0, 0x8c, 0xa7, 0x3c, 0xe7, 0x49, 0xcf, 0x7a, 0xda, 0xf3, 0x9e, 0x2f, 0x0b,
    0x08, 0x00, 0x21, 0xf9, 0x04, 0x01, 0x05, 0x00, 0x02, 0x00, 0x2c, 0xca, 0x00, 0x5a, 0x00, 0x54,
    0x00, 0xe3, 0x00, 0x81, 0x00, 0x00, 0x00, 0xff, 0xff, 0xff, 0x00, 0x00, 0x00, 0x00, 0x00, 0x00,
    0x08, 0xff, 0x00, 0x05, 0x08, 0x1c, 0x48, 0xb0, 0xa0, 0xc1, 0x83, 0x08, 0x13, 0x2a, 0x0c, 0xc0,
    0x50, 0xa1, 0xc3, 0x87, 0x10, 0x23, 0x4a, 0x34, 0xc8, 0x30, 0xc0, 0xc4, 0x8b, 0x18, 0x33, 0x3a,
    0xac, 0xa8, 0xb1, 0xa3, 0xc7, 0x8f, 0x05, 0x01, 0x88, 0x04, 0x49, 0xb2, 0xa4, 0x41, 0x91, 0x00,
    0x4c, 0xaa, 0x2c, 0x89, 0x72, 0xa5, 0xcb, 0x97, 0x30, 0x63, 0xca, 0x9c, 0x49, 0xb3, 0xa6, 0xcd,
    0x83, 0x2d, 0x6f, 0xea, 0x14, 0x90, 0x73, 0xa7, 0xcd, 0x9e, 0x3e, 0x69, 0x02, 0x0d, 0x4a, 0xb4,
    0xa8, 0xd1, 0xa3, 0x48, 0x93, 0x2a, 0x5d, 0xca, 0xb4, 0xa9, 0xd3, 0xa7, 0x50, 0xa3, 0x4a, 0x9d,
    0x4a, 0xb5, 0xaa, 0xd5, 0xab, 0x58, 0xb3, 0x6a, 0xdd, 0xda, 0x74, 0x28, 0x57, 0x84, 0x5e, 0xbf,
    0x9e, 0x1c, 0x29, 0xb6, 0xac, 0xd9, 0xb3, 0x68, 0xd3, 0xaa, 0x5d, 0xcb, 0xb6, 0xad, 0xdb, 0xb7,
    0x70, 0xe3, 0xca, 0x9d, 0x4b, 0xb7, 0xae, 0xdd, 0xbb, 0x78, 0xf3, 0xea, 0xdd, 0xcb, 0xb7, 0xaf,
    0xdf, 0xbf, 0x80, 0x03, 0x0b, 0x96, 0x5b, 0xd1, 0xa2, 0x40, 0x8e, 0x05, 0x0b, 0x63, 0x55, 0x7c,
    0xb8, 0x61, 0x62, 0xc4, 0x56, 0x19, 0x0b, 0x80, 0x3c, 0x50, 0xf2, 0xe0, 0xcb, 0x98, 0x33, 0x6b,
    0xde, 0xcc, 0xb9, 0xb3, 0xe7, 0xcf, 0xa0, 0x43, 0x8b, 0x1e, 0x4d, 0xba, 0xb4, 0xe9, 0xd3, 0xa8,
    0x53, 0xbb, 0x35, 0xbc, 0xda, 0x31, 0x5b, 0xcb, 0x6b, 0x61, 0xab, 0xa5, 0x1c, 0x9b, 0x76, 0x5a,
    0xd9, 0xb7, 0x5d, 0xbf, 0xb6, 0x8d, 0x16, 0xf7, 0x6c, 0xb6, 0x64, 0x05, 0xa6, 0x54, 0x1b, 0xf6,
    0x6c, 0x4b, 0xc7, 0xc3, 0x8d, 0x8f, 0x44, 0x9e, 0xf6, 0xb8, 0xe1, 0xe4, 0x66, 0x9d, 0x0b, 0x6f,
    0xbe, 0xfc, 0x39, 0xf5, 0x94, 0xcc, 0xd1, 0x4a, 0xe7, 0x79, 0x7d, 0xb2, 0x75, 0xed, 0xd5, 0xa7,
    0x83, 0x7f, 0xc7, 0xfe, 0x5d, 0x39, 0x79, 0xf1, 0xe6, 0xbd, 0xa3, 0x8f, 0x1e, 0x9e, 0x7b, 0x77,
    0xb7, 0xc1, 0xdd, 0xaf, 0x6e, 0xad, 0x7b, 0x36, 0xef, 0xb3, 0xf7, 0xcd, 0xfa, 0xd6, 0x9f, 0xbf,
    0x6c, 0x7f, 0xb1, 0xfb, 0x01, 0xf8, 0x9f, 0x80, 0xac, 0xb5, 0x55, 0xa0, 0x6a, 0x08, 0x26, 0xa8,
    0xe0, 0x82, 0x0c, 0x36, 0xe8, 0xe0, 0x83, 0x10, 0x46, 0x28, 0xe1, 0x84, 0x14, 0x56, 0x68, 0xe1,
    0x85, 0x18, 0x66, 0xa8, 0xe1, 0x86, 0x1c, 0x76, 0xe8, 0xe1, 0x87, 0x20, 0x42, 0x55, 0x5c, 0x7a,
    0xf0, 0xc5, 0x17, 0xe2, 0x89, 0x28, 0xa6, 0xa8, 0xe2, 0x8a, 0x2c, 0xb6, 0xe8, 0xe2, 0x8b, 0x30,
    0xc6, 0x28, 0xe3, 0x8c, 0x34, 0xd6, 0x68, 0xe3, 0x8d, 0x38, 0xe6, 0xa8, 0xe3, 0x8e, 0x3c, 0x72,
    0x18, 0x20, 0x81, 0x07, 0xe6, 0x56, 0x1f, 0x5c, 0x23, 0xb2, 0x07, 0xdd, 0x5a, 0x45, 0x62, 0x15,
    0x10, 0x00, 0x21, 0xf9, 0x04, 0x01, 0x05, 0x00, 0x02, 0x00, 0x2c, 0x00, 0x00, 0x00, 0x00, 0xf6,
    0x01, 0x9a, 0x01, 0x81, 0x00, 0x00, 0x00, 0xff, 0xff, 0xff, 0x00, 0x00, 0x00, 0x00, 0x00, 0x00,
    0x08, 0xff, 0x00, 0x01, 0x08, 0x1c, 0x48, 0xb0, 0xa0, 0xc1, 0x83, 0x08, 0x13, 0x2a, 0x5c, 0xc8,
    0xb0, 0xa1, 0xc3, 0x87, 0x10, 0x23, 0x4a, 0x9c, 0x48, 0xb1, 0xa2, 0xc5, 0x8b, 0x18, 0x33, 0x6a,
    0xdc, 0xc8, 0xb1, 0xa3, 0xc7, 0x8f, 0x20, 0x43, 0x8a, 0x1c, 0x49, 0xb2, 0xa4, 0xc9, 0x93, 0x28,
    0x53, 0xaa, 0x5c, 0xc9, 0xb2, 0xa5, 0xcb, 0x97, 0x30, 0x63, 0xca, 0x9c, 0x49, 0xb3, 0xa6, 0xcd,
    0x9b, 0x38, 0x73, 0xea, 0xdc, 0xc9, 0xb3, 0xa7, 0xcf, 0x9f, 0x40, 0x83, 0x0a, 0x1d, 0x4a, 0xb4,
    0xa8, 0xd1, 0xa3, 0x48, 0x93, 0x2a, 0x5d, 0xca, 0xb4, 0xa9, 0xd3, 0xa7, 0x50, 0xa3, 0x4a, 0x9d,
    0x4a, 0xb5, 0xaa, 0xd5, 0xab, 0x58, 0xb3, 0x6a, 0xdd, 0xca, 0xb5, 0xab, 0xd7, 0xaf, 0x60, 0xc3,
    0x8a, 0x1d, 0x4b, 0xb6, 0xac, 0xd9, 0xb3, 0x68, 0xd3, 0xaa, 0x5d, 0xcb, 0xb6, 0xad, 0xdb, 0xb7,
    0x70, 0xe3, 0xca, 0x9d, 0x4b, 0xb7, 0xae, 0xdd, 0xbb, 0x78, 0xf3, 0xea, 0xdd, 0xcb, 0xb7, 0xaf,
    0xdf, 0xbf, 0x80, 0x03, 0x0b, 0x1e, 0x4c, 0xb8, 0xb0, 0xe1, 0xc3, 0x88, 0x13, 0x2b, 0x5e, 0xcc,
    0xb8, 0xb1, 0xe3, 0xc7, 0x90, 0x23, 0x4b, 0x9e, 0x4c, 0xb9, 0xb2, 0xe5, 0xcb, 0x98, 0x33, 0x6b,
    0xde, 0xcc, 0xb9, 0xb3, 0xe7, 0xcf, 0xa0, 0x43, 0x8b, 0x1e, 0x4d, 0xba, 0xb4, 0xe9, 0xd3, 0xa8,
    0x53, 0xab, 0x5e, 0xcd, 0xba, 0xb5, 0xeb, 0xd7, 0xb0, 0x63, 0xcb, 0x9e, 0x4d, 0xbb, 0xb6, 0xed,
    0xdb, 0xb8, 0x73, 0xeb, 0xde, 0xcd, 0xbb, 0xb7, 0xef, 0xdf, 0xc0, 0x83, 0x0b, 0x1f, 0x4e, 0xbc,
    0xb8, 0xf1, 0xe3, 0xc8, 0x93, 0x2b, 0x5f, 0xce, 0xbc, 0xb9, 0xf3, 0xe7, 0xd0, 0xa3, 0x4b, 0x9f,
    0x4e, 0xbd, 0xba, 0xf5, 0xeb, 0xd8, 0xb3, 0x6b, 0xdf, 0xce, 0xbd, 0xbb, 0xf7, 0xef, 0xe0, 0xc3,
    0x8b, 0xff, 0x1f, 0x4f, 0xbe, 0xbc, 0xf9, 0xf3, 0xe8, 0xd3, 0xab, 0x5f, 0xcf, 0xbe, 0xbd, 0xfb,
    0xf7, 0xf0, 0xe3, 0xcb, 0x9f, 0x4f, 0xbf, 0xbe, 0xfd, 0xfb, 0xf8, 0xf3, 0xeb, 0xdf, 0xcf, 0xbf,
    0xbf, 0xff, 0xff, 0x00, 0x06, 0x28, 0xe0, 0x80, 0x04, 0x16, 0x68, 0xe0, 0x81, 0x08, 0x26, 0xa8,
    0xe0, 0x82, 0x0c, 0x36, 0xe8, 0xe0, 0x83, 0x10, 0x46, 0x28, 0xe1, 0x84, 0x14, 0x56, 0x68, 0xe1,
    0x85, 0x18, 0x66, 0xa8, 0xe1, 0x86, 0x1c, 0x76, 0xe8, 0xe1, 0x87, 0x20, 0x86, 0x28, 0xe2, 0x88,
    0x24, 0x96, 0x68, 0x62, 0x47, 0x01, 0xa4, 0x68, 0x90, 0x00, 0x2c, 0xb6, 0xe8, 0x62, 0x8b, 0x27,
    0xe6, 0x96, 0x62, 0x00, 0x2b, 0xbe, 0x68, 0xa3, 0x00, 0x31, 0xe2, 0x36, 0x63, 0x8d, 0x37, 0xba,
    0x98, 0xe3, 0x6d, 0x3b, 0x16, 0xd4, 0xe3, 0x8b, 0x3f, 0xa6, 0x36, 0xe4, 0x91, 0x48, 0x26, 0x39,
    0x64, 0x91, 0x98, 0x29, 0xe9, 0xe4, 0x93, 0x4b, 0x32, 0x69, 0x19, 0x94, 0x54, 0x56, 0x29, 0xe5,
    0x63, 0x55, 0x66, 0xa9, 0x65, 0x8f, 0x57, 0x1e, 0xb6, 0xe5, 0x97, 0x5f, 0x76, 0x69, 0x18, 0x98,
    0x64, 0x5a, 0x29, 0x66, 0x60, 0x65, 0xa6, 0x99, 0xe6, 0x99, 0x78, 0xa9, 0xe9, 0x66, 0x98, 0x6c,
    0xda, 0xf5, 0xe6, 0x9c, 0x66, 0xc6, 0x19, 0x17, 0x9d, 0x78, 0x52, 0x69, 0xa7, 0x5c, 0x79, 0xf6,
    0xa9, 0xe4, 0x9e, 0x77, 0xfa, 0x29, 0x28, 0x97, 0x80, 0xbe, 0x35, 0xe8, 0xa1, 0x44, 0x16, 0xba,
    0x16, 0xa2, 0x8c, 0xde, 0xa8, 0x28, 0x5a, 0x8d, 0x46, 0x0a, 0xe3, 0xa3, 0x66, 0x49, 0x2a, 0x29,
    0xa5, 0x63, 0x59, 0xaa, 0xa9, 0x8f, 0x98, 0x76, 0xb5, 0xe9, 0xa7, 0x9d, 0x7a, 0xfa, 0xa9, 0xa6,
    0xa1, 0x72, 0x35, 0x2a, 0xa9, 0xa5, 0x6a, 0x75, 0xaa, 0xa5, 0xa9, 0xaa, 0xba, 0x6a, 0xa4, 0xad,
    0x66, 0xff, 0xf5, 0x2a, 0xac, 0xb1, 0x5e, 0x35, 0x6b, 0xa3, 0xb5, 0xda, 0x7a, 0x2b, 0xa2, 0xb9,
    0x5a, 0xb5, 0x2b, 0xaf, 0xbd, 0x52, 0xf5, 0xeb, 0xa1, 0xc1, 0x0a, 0x3b, 0xac, 0xa0, 0xc5, 0x4e,
    0x75, 0x2c, 0xb2, 0xc9, 0x46, 0xb5, 0xac, 0x9f, 0xcd, 0x3a, 0xfb, 0x6c, 0x9e, 0xd1, 0x42, 0x35,
    0x2d, 0xb5, 0xd5, 0x3a, 0x75, 0x2d, 0x9e, 0xd9, 0x6a, 0xbb, 0xed, 0x9c, 0xdd, 0x36, 0xf5, 0x2d,
    0xb8, 0xe1, 0x2e, 0x35, 0xee, 0x9b, 0xe5, 0x9a, 0x7b, 0xae, 0x9a, 0xe9, 0x2a, 0xb5, 0x2e, 0xbb,
    0xed, 0x22, 0xf5, 0xee, 0x9a, 0xf1, 0x1e, 0x35, 0x6f, 0x99, 0xf5, 0xda, 0x7b, 0x2f, 0x98, 0xf9,
    0x1a, 0xb5, 0x2f, 0xbf, 0xfd, 0x12, 0xf5, 0x2f, 0x9c, 0x01, 0x0b, 0x35, 0xf0, 0x96, 0x05, 0x0f,
    0x75, 0xb0, 0x96, 0x09, 0x1b, 0xbc, 0x70, 0x9d, 0x0d, 0xfb, 0xf4, 0x30, 0xc4, 0x11, 0xf3, 0x34,
    0xb1, 0x9e, 0x15, 0x4b, 0x7c, 0xf1, 0x93, 0x19, 0x6b, 0xbc, 0xf1, 0x9f, 0x1d, 0x5b, 0xfc, 0x31,
    0xc8, 0x21, 0xf7, 0x34, 0xf2, 0x91, 0x25, 0x7b, 0x7c, 0xb2, 0x8d, 0x29, 0x9b, 0xbc, 0xb2, 0xa3,
    0x2d, 0xef, 0xf4, 0xf2, 0xa4, 0x31, 0xbb, 0x3c, 0x73, 0xcd, 0x2a, 0xaf, 0x8c, 0x33, 0x50, 0x2f,
    0xef, 0xfc, 0x53, 0xcf, 0x3e, 0xdb, 0x3c, 0x72, 0xd0, 0x42, 0x7f, 0x4c, 0xf4, 0xcf, 0x07, 0x1f,
    0x2d, 0x70, 0xd2, 0x4a, 0x3b, 0x3c, 0x70, 0xd3, 0x49, 0xe1, 0x39, 0x23, 0xcd, 0x03, 0xc1, 0x0c,
    0xb5, 0xaf, 0x74, 0x4e, 0xcd, 0x22, 0x8f, 0x9c, 0x5e, 0x5d, 0x95, 0xd4, 0x29, 0x52, 0x2d, 0x90,
    0xd5, 0x5e, 0x97, 0x6d, 0xf6, 0xd9, 0x68, 0xa7, 0xad, 0xf6, 0xda, 0x6c, 0xb7, 0xed, 0xf6, 0xdb,
    0x70, 0xc7, 0x2d, 0xf7, 0xdc, 0x74, 0xd7, 0x6d, 0xf7, 0xdd, 0x78, 0xe7, 0xad, 0xf7, 0xde, 0x7c,
    0xf7, 0xff, 0xed, 0xf7, 0xdf, 0x80, 0x07, 0x2e, 0xf8, 0xe0, 0x84, 0x17, 0x6e, 0xf8, 0x72, 0x38,
    0x1e, 0x9e, 0xe9, 0xd6, 0x8a, 0x83, 0xd5, 0x75, 0xe3, 0x5e, 0x3d, 0x0e, 0xb9, 0xa9, 0x8c, 0x4f,
    0x2e, 0x6a, 0xe5, 0x96, 0xbb, 0x8a, 0x79, 0xe6, 0xb2, 0x6e, 0xce, 0xb9, 0xae, 0x9e, 0x7f, 0x6e,
    0x6c, 0xe8, 0xa2, 0x4b, 0x25, 0x79, 0xe9, 0xca, 0x8a, 0x8d, 0x7a, 0xea, 0xa4, 0xaf, 0xee, 0x6d,
    0xeb, 0xae, 0x33, 0x75, 0x7a, 0xec, 0xaf, 0x27, 0x4e, 0xbb, 0xb4, 0xb0, 0xdf, 0x2e, 0xaf, 0xea,
    0xba, 0xab, 0x9b, 0x7b, 0xef, 0x45, 0xcd, 0x0e, 0xfc, 0xee, 0xbf, 0x0f, 0xef, 0xb4, 0xed, 0xc6,
    0xbb, 0xcb, 0x7b, 0xf2, 0xc1, 0x2f, 0xcf, 0xbc, 0xc2, 0xce, 0x3f, 0x1f, 0x94, 0xf0, 0xd2, 0x4f,
    0x1f, 0x7d, 0xf5, 0x42, 0x63, 0xaf, 0x6f, 0xf1, 0xda, 0xe7, 0x44, 0x7d, 0xf7, 0x22, 0x73, 0x0f,
    0xbe, 0x4d, 0xd7, 0x8f, 0x8f, 0xd3, 0xf7, 0xe6, 0x9f, 0x5f, 0x7e, 0xfa, 0x35, 0xad, 0xcf, 0xfe,
    0x4c, 0xe8, 0xbf, 0x0f, 0xbf, 0xfb, 0xf2, 0xc7, 0x44, 0x7f, 0xfd, 0x30, 0x21, 0x8f, 0xff, 0xfe,
    0xfc, 0xf7, 0xef, 0xff, 0xff, 0x00, 0x0c, 0xa0, 0x00, 0x07, 0x48, 0xc0, 0x02, 0x1a, 0xf0, 0x80,
    0x08, 0x4c, 0xa0, 0x02, 0x17, 0xc8, 0xc0, 0x06, 0x3a, 0xf0, 0x81, 0x10, 0x8c, 0xa0, 0x04, 0x27,
    0x48, 0xc1, 0x0a, 0x5a, 0xf0, 0x82, 0x18, 0xac, 0xdf, 0xbb, 0xde, 0xb7, 0x41, 0xf6, 0x75, 0xb0,
    0x7a, 0x43, 0x33, 0x5e, 0x08, 0x87, 0x37, 0xc2, 0xdb, 0x01, 0x4d, 0x77, 0x27, 0x34, 0xa1, 0xce,
    0x7a, 0x37, 0xb3, 0xfb, 0x19, 0xae, 0x85, 0xe2, 0x3b, 0x1c, 0x0c, 0xf5, 0x57, 0xba, 0x19, 0xae,
    0x6e, 0x86, 0x2e, 0x14, 0x1c, 0x0e, 0x63, 0x38, 0xb8, 0x1d, 0xd2, 0x30, 0x73, 0x3e, 0xcc, 0xa1,
    0xdf, 0xff, 0x82, 0xc8, 0xc3, 0xbf, 0x11, 0xf1, 0x87, 0x8d, 0x3b, 0xa2, 0xe8, 0x94, 0xf8, 0x39,
    0x26, 0x72, 0xce, 0x89, 0x40, 0x24, 0xe2, 0x12, 0xa5, 0xd8, 0x44, 0x2a, 0x3e, 0xd1, 0x8a, 0x51,
    0x0c, 0xe2, 0x14, 0xb5, 0x58, 0x45, 0x2e, 0x5e, 0xd1, 0x8b, 0x59, 0xf4, 0xe1, 0x16, 0xc5, 0xd8,
    0x45, 0x32, 0x7e, 0xd1, 0x8c, 0x61, 0xdc, 0xe1, 0x18, 0xd5, 0x58, 0x46, 0x36, 0x9e, 0xd1, 0x8d,
    0x69, 0xc4, 0xe1, 0x1a, 0xe5, 0xd8, 0x46, 0x3a, 0xbe, 0xd1, 0x8e, 0x71, 0xb4, 0x61, 0x1d, 0xf5,
    0x78, 0x47, 0x3e, 0xe6, 0x11, 0x86, 0x73, 0xf4, 0xa3, 0xe5, 0xd0, 0xb8, 0xc7, 0x14, 0x16, 0x72,
    0x85, 0xae, 0x13, 0x64, 0x0d, 0x01, 0x19, 0x3b, 0x45, 0x06, 0x72, 0x62, 0xc0, 0x33, 0x64, 0x23,
    0x11, 0xa9, 0xc2, 0x93, 0x25, 0x6f, 0x61, 0xda, 0xc3, 0x24, 0xf6, 0x34, 0x99, 0xbe, 0x6b, 0xf5,
    0xcf, 0x93, 0xfc, 0x03, 0xa5, 0xff, 0xb4, 0xb6, 0xa9, 0x03, 0x92, 0x12, 0x55, 0x05, 0x3c, 0x25,
    0xab, 0x32, 0xc8, 0xca, 0x56, 0xba, 0xf2, 0x95, 0xb0, 0x8c, 0xa5, 0x2c, 0x67, 0x49, 0xcb, 0x5a,
    0xda, 0xf2, 0x96, 0xb8, 0xcc, 0xa5, 0x2e, 0x77, 0xc9, 0xcb, 0x5e, 0xfa, 0xf2, 0x97, 0xc0, 0x0c,
    0xa6, 0x30, 0x87, 0x49, 0xcc, 0x62, 0x1a, 0xf3, 0x98, 0xc8, 0x4c, 0xa6, 0x32, 0x97, 0xc9, 0xcc,
    0x66, 0x3a, 0xf3, 0x99, 0xd0, 0x8c, 0xa6, 0x34, 0xa7, 0x49, 0xcd, 0x6a, 0x5a, 0xf3, 0x9a, 0xd8,
    0xcc, 0xa6, 0x36, 0xb7, 0xc9, 0xcd, 0x6e, 0x7a, 0xf3, 0x9b, 0xe0, 0x0c, 0xa7, 0x38, 0xc7, 0x49,
    0xce, 0x72, 0x9a, 0xf3, 0x9c, 0xe8, 0x4c, 0xa7, 0x3a, 0xd7, 0xc9, 0xce, 0x76, 0xba, 0xf3, 0x9d,
    0xf0, 0x8c, 0xa7, 0x3c, 0xe7, 0x49, 0xcf, 0x7a, 0xda, 0xf3, 0x9e, 0xf8, 0xcc, 0xa7, 0x3e, 0xf7,
    0xc9, 0x10, 0xcf, 0x7e, 0xfa, 0xf3, 0x9f, 0x00, 0x0d, 0xa8, 0x40, 0x07, 0x4a, 0xd0, 0x82, 0x66,
    0x26, 0x20, 0x00, 0x21, 0xf9, 0x04, 0x01, 0x05, 0x00, 0x02, 0x00, 0x2c, 0x00, 0x00, 0x00, 0x00,
    0xf6, 0x01, 0x9a, 0x01, 0x81, 0x00, 0x00, 0x00, 0xff, 0xff, 0xff, 0x00, 0x00, 0x00, 0x00, 0x00,
    0x00, 0x08, 0xff, 0x00, 0x01, 0x08, 0x1c, 0x48, 0xb0, 0xa0, 0xc1, 0x83, 0x08, 0x13, 0x2a, 0x5c,
    0xc8, 0xb0, 0xa1, 0xc3, 0x87, 0x10, 0x23, 0x4a, 0x9c, 0x48, 0xb1, 0xa2, 0xc5, 0x8b, 0x18, 0x33,
    0x6a, 0xdc, 0xc8, 0xb1, 0xa3, 0xc7, 0x8f, 0x20, 0x43, 0x8a, 0x1c, 0x49, 0xb2, 0xa4, 0xc9, 0x93,
    0x28, 0x53, 0xaa, 0x5c, 0xc9, 0xb2, 0xa5, 0xcb, 0x97, 0x30, 0x63, 0xca, 0x9c, 0x49, 0xb3, 0xa6,
    0xcd, 0x9b, 0x38, 0x73, 0xea, 0xdc, 0xc9, 0xb3, 0xa7, 0xcf, 0x9f, 0x40, 0x83, 0x0a, 0x1d, 0x4a,
    0xb4, 0xa8, 0xd1, 0xa3, 0x48, 0x93, 0x2a, 0x5d, 0xca, 0xb4, 0xa9, 0xd3, 0xa7, 0x50, 0xa3, 0x4a,
    0x9d, 0x4a, 0xb5, 0xaa, 0xd5, 0xab, 0x58, 0xb3, 0x6a, 0xdd, 0xca, 0xb5, 0xab, 0xd7, 0xaf, 0x60,
    0xc3, 0x8a, 0x1d, 0x4b, 0xb6, 0xac, 0xd9, 0xb3, 0x68, 0xd3, 0xaa, 0x5d, 0xcb, 0xb6, 0xad, 0xdb,
    0xb7, 0x70, 0xe3, 0xca, 0x9d, 0x4b, 0xb7, 0xae, 0xdd, 0xbb, 0x78, 0xf3, 0xea, 0xdd, 0xcb, 0xb7,
    0xaf, 0xdf, 0xbf, 0x80, 0x03, 0x0b, 0x1e, 0x4c, 0xb8, 0xb0, 0xe1, 0xc3, 0x88, 0x13, 0x2b, 0x5e,
    0xcc, 0xb8, 0xb1, 0xe3, 0xc7, 0x90, 0x23, 0x4b, 0x9e, 0x4c, 0xb9, 0xb2, 0xe5, 0xcb, 0x98, 0x33,
    0x6b, 0xde, 0xcc, 0xb9, 0xb3, 0xe7, 0xcf, 0xa0, 0x43, 0x8b, 0x1e, 0x4d, 0xba, 0xb4, 0xe9, 0xd3,
    0xa8, 0x53, 0xab, 0x5e, 0xcd, 0xba, 0xb5, 0xeb, 0xd7, 0xb0, 0x63, 0xcb, 0x9e, 0x4d, 0xbb, 0xb6,
    0xed, 0xdb, 0xb8, 0x73, 0xeb, 0xde, 0xcd, 0xbb, 0xb7, 0xef, 0xdf, 0xc0, 0x83, 0x0b, 0x1f, 0x4e,
    0xbc, 0xb8, 0xf1, 0xe3, 0xc8, 0x93, 0x2b, 0x5f, 0xce, 0xbc, 0xb9, 0xf3, 0xe7, 0xd0, 0xa3, 0x4b,
    0x9f, 0x4e, 0xbd, 0xba, 0xf5, 0xeb, 0xd8, 0xb3, 0x6b, 0xdf, 0xce, 0xbd, 0xbb, 0xf7, 0xef, 0xe0,
    0xc3, 0x8b, 0xff, 0x1f, 0x4f, 0xbe, 0xbc, 0xf9, 0xf3, 0xe8, 0xd3, 0xab, 0x5f, 0xcf, 0xbe, 0xbd,
    0xfb, 0xf7, 0xf0, 0xe3, 0xcb, 0x9f, 0x4f, 0xbf, 0xbe, 0xfd, 0xfb, 0xf8, 0xf3, 0xeb, 0xdf, 0xcf,
    0xbf, 0xbf, 0xff, 0xff, 0x00, 0x06, 0x28, 0xe0, 0x80, 0x04, 0x16, 0x68, 0xe0, 0x81, 0x08, 0x26,
    0xa8, 0xe0, 0x82, 0x0c, 0x36, 0xe8, 0xe0, 0x83, 0x10, 0x46, 0x28, 0xe1, 0x84, 0x14, 0x56, 0x68,
    0xe1, 0x85, 0x18, 0x66, 0xa8, 0xe1, 0x86, 0x1c, 0x76, 0xe8, 0xe1, 0x87, 0x20, 0x86, 0x28, 0xe2,
    0x88, 0x24, 0x96, 0x68, 0xa2, 0x49, 0x02, 0xa4, 0xa8, 0xe2, 0x8a, 0x2a, 0x9e, 0x28, 0x1c, 0x8b,
    0x30, 0xa6, 0xe8, 0x62, 0x70, 0x31, 0xc2, 0x38, 0x23, 0x70, 0x35, 0xb2, 0x78, 0x63, 0x6a, 0x39,
    0xf6, 0xe8, 0xe3, 0x8f, 0x39, 0xee, 0x88, 0x19, 0x90, 0x44, 0x16, 0x19, 0xa4, 0x90, 0x96, 0x19,
    0xa9, 0xe4, 0x92, 0x48, 0x3e, 0xb6, 0xe4, 0x93, 0x50, 0xd6, 0xd8, 0xe4, 0x61, 0x51, 0x56, 0x59,
    0xe5, 0x94, 0x86, 0x59, 0xa9, 0x25, 0x93, 0x58, 0xfa, 0x15, 0xc0, 0x97, 0x5b, 0x86, 0x19, 0x66,
    0x97, 0x75, 0x7d, 0x19, 0x80, 0x98, 0x68, 0x5e, 0x49, 0xe6, 0x5c, 0x66, 0xa6, 0xe9, 0x26, 0x97,
    0x6b, 0xba, 0xd5, 0xe6, 0x9b, 0x74, 0x1a, 0x19, 0xe7, 0x5b, 0x73, 0xd6, 0xa9, 0xa7, 0x8f, 0x77,
    0xca, 0x09, 0xe6, 0x9e, 0x80, 0x4a, 0xd9, 0x27, 0x5b, 0x79, 0x06, 0x6a, 0xa8, 0x8c, 0x83, 0xae,
    0x75, 0xe8, 0xa2, 0x31, 0x26, 0x8a, 0x16, 0xa3, 0x90, 0xb6, 0xe8, 0xa8, 0x59, 0x91, 0x46, 0x3a,
    0xe9, 0x58, 0x95, 0x66, 0xba, 0xe2, 0xa5, 0x5e, 0x69, 0xea, 0x29, 0xa7, 0x5d, 0x79, 0xaa, 0x29,
    0xa8, 0x5c, 0x89, 0x9a, 0x29, 0xa9, 0x5b, 0x99, 0x5a, 0x29, 0xaa, 0x5a, 0xa9, 0x6a, 0x29, 0xab,
    0x58, 0xb9, 0xff, 0x0a, 0x29, 0xac, 0xb1, 0xca, 0xba, 0x28, 0xad, 0x57, 0xd9, 0x7a, 0x2b, 0xae,
    0x55, 0xe9, 0x7a, 0x28, 0xaf, 0xbd, 0xfa, 0x1a, 0x28, 0xb0, 0x54, 0x09, 0x3b, 0x2c, 0xb1, 0x52,
    0x19, 0x0b, 0x28, 0xb2, 0xc9, 0x2a, 0xab, 0x27, 0xb3, 0x51, 0x39, 0xfb, 0x2c, 0xb4, 0x4f, 0x49,
    0x5b, 0x27, 0xb5, 0xd5, 0x5a, 0xfb, 0x26, 0xb6, 0x4e, 0x69, 0xbb, 0x2d, 0xb7, 0x4c, 0x79, 0xeb,
    0x26, 0xb8, 0xe1, 0x8a, 0x8b, 0x26, 0xb9, 0x4b, 0x99, 0x7b, 0x2e, 0xba, 0x49, 0xa9, 0x2b, 0x26,
    0xbb, 0xed, 0xba, 0xbb, 0x25, 0xbc, 0x48, 0xc9, 0x3b, 0x2f, 0xbd, 0x46, 0xd9, 0xab, 0x25, 0xbe,
    0xf9, 0xea, 0xab, 0x26, 0xbf, 0x43, 0xf9, 0xfb, 0x2f, 0xc0, 0x41, 0x09, 0x1c, 0x25, 0xc1, 0x01,
    0x1b, 0xfc, 0x24, 0xc2, 0x42, 0x29, 0xbc, 0x30, 0xc3, 0x40, 0x39, 0x0c, 0x27, 0xc4, 0x3d, 0x49,
    0xac, 0x24, 0xc5, 0x3f, 0x59, 0x6c, 0x27, 0xc6, 0x15, 0x6b, 0x4c, 0x24, 0xc7, 0x1d, 0x7b, 0xfc,
    0x23, 0xc8, 0x3c, 0x15, 0x2a, 0xb2, 0x8d, 0x24, 0xeb, 0x64, 0xf2, 0xc9, 0x9b, 0xa6, 0x9c, 0xd3,
    0xca, 0x2c, 0x23, 0xea, 0xb2, 0x4e, 0x31, 0x4b, 0x3a, 0x73, 0xc8, 0x31, 0xdf, 0xec, 0x53, 0xcd,
    0x32, 0xeb, 0xac, 0xf2, 0x9f, 0x1a, 0xfb, 0xfc, 0x13, 0xcc, 0x06, 0x0b, 0xed, 0x13, 0xd1, 0x02,
    0x1b, 0xdd, 0x13, 0xd2, 0xfe, 0x2a, 0xdd, 0x70, 0xd1, 0x4e, 0x27, 0x9c, 0x74, 0xd4, 0x4f, 0x4f,
    0x4d, 0xf5, 0x51, 0xeb, 0x56, 0x64, 0xe6, 0xd5, 0xc1, 0x8e, 0x69, 0xd1, 0xd6, 0x5c, 0x4f, 0x95,
    0x35, 0x45, 0x60, 0x87, 0x6d, 0xf6, 0xd9, 0x68, 0xa7, 0xad, 0xf6, 0xda, 0x6c, 0xb7, 0xed, 0xf6,
    0xdb, 0x70, 0xc7, 0x2d, 0xf7, 0xdc, 0x74, 0xd7, 0x6d, 0xf7, 0xdd, 0x78, 0xe7, 0xad, 0xf7, 0xde,
    0x7c, 0xf7, 0xff, 0xed, 0xf7, 0xdf, 0x80, 0x07, 0x2e, 0xf8, 0xe0, 0x84, 0x17, 0x6e, 0xf8, 0xe1,
    0xc9, 0x09, 0x80, 0x38, 0x59, 0x36, 0x2f, 0xde, 0x69, 0xe3, 0x8e, 0x87, 0x0a, 0x79, 0xe4, 0xa9,
    0xf6, 0x4c, 0x79, 0xe5, 0x96, 0x5f, 0x5e, 0x6b, 0xe6, 0x9a, 0xe7, 0xca, 0x79, 0xe7, 0x5d, 0x2b,
    0x0e, 0x7a, 0x56, 0x2d, 0x8f, 0xee, 0xf9, 0xe7, 0xa6, 0x43, 0x55, 0x7a, 0xea, 0xa1, 0xb3, 0x6e,
    0xd5, 0xea, 0xae, 0x47, 0x3b, 0x79, 0xec, 0xdd, 0xce, 0x4e, 0x7b, 0xb9, 0xa8, 0xdf, 0x1e, 0x6f,
    0xee, 0xba, 0x63, 0x6d, 0x7b, 0xef, 0xf5, 0xfe, 0x0e, 0x7c, 0xbf, 0xbc, 0x0f, 0x2f, 0xb5, 0xe8,
    0xc6, 0xa7, 0x2b, 0x7c, 0xf2, 0x55, 0x23, 0xcf, 0x7c, 0xf0, 0xc5, 0x3f, 0xbf, 0xf3, 0xf2, 0xd2,
    0x4f, 0x1f, 0x7d, 0xf5, 0x34, 0x53, 0x8f, 0xfd, 0x4e, 0xb0, 0x6f, 0x5f, 0xb0, 0xf6, 0xde, 0xe3,
    0xd4, 0x7d, 0xf8, 0xd6, 0x93, 0x7f, 0xbc, 0xf9, 0xcd, 0xa3, 0xff, 0xbd, 0xf3, 0xea, 0xf3, 0x34,
    0x7e, 0xfb, 0x37, 0xbd, 0x0f, 0x7f, 0xfc, 0xd7, 0xcf, 0x1f, 0x13, 0xfb, 0xf6, 0xe7, 0xaf, 0xff,
    0xfe, 0xfc, 0xf7, 0xef, 0xff, 0xff, 0x00, 0x0c, 0xa0, 0x00, 0x07, 0x48, 0xc0, 0x02, 0x1a, 0xf0,
    0x80, 0x08, 0x4c, 0xa0, 0x02, 0x17, 0xc8, 0xc0, 0x06, 0x3a, 0xf0, 0x81, 0x10, 0x8c, 0xa0, 0x04,
    0x27, 0x48, 0xc1, 0x0a, 0x5a, 0x10, 0x7e, 0xee, 0x6a, 0x5f, 0x06, 0xd5, 0xb7, 0xc1, 0xea, 0x89,
    0x2c, 0x79, 0x1f, 0x34, 0x5e, 0x08, 0x75, 0x97, 0xb3, 0xde, 0x95, 0x90, 0x84, 0x2c, 0x03, 0x1e,
    0xcf, 0xea, 0x87, 0xb8, 0x15, 0xe2, 0x6f, 0x74, 0x2e, 0xa4, 0x5d, 0x0c, 0x53, 0xe7, 0x42, 0xf0,
    0x19, 0xae, 0x86, 0x2c, 0x24, 0x1c, 0x0e, 0x5f, 0x78, 0xb9, 0x1d, 0xda, 0x50, 0x70, 0x3e, 0xcc,
    0x21, 0xe0, 0xff, 0x82, 0xc8, 0xc3, 0xc5, 0x11, 0x11, 0x86, 0x41, 0x44, 0xa2, 0x0f, 0x95, 0xb8,
    0x43, 0x26, 0xe2, 0xd0, 0x89, 0x35, 0x84, 0xe2, 0x0c, 0x3b, 0x77, 0x44, 0xd0, 0x55, 0x91, 0x8a,
    0x49, 0xbc, 0x1c, 0xd3, 0x4e, 0x18, 0xb9, 0x2d, 0xa6, 0x50, 0x8b, 0x40, 0x6b, 0xa2, 0x15, 0xb3,
    0x88, 0xc5, 0x25, 0x8e, 0xd1, 0x8c, 0x65, 0x14, 0x63, 0x1a, 0x9f, 0x78, 0x46, 0x35, 0x6a, 0xee,
    0x8a, 0x6f, 0x24, 0x63, 0x1c, 0xd1, 0x38, 0x47, 0x37, 0xf6, 0x50, 0x8e, 0x77, 0xa4, 0x63, 0x1e,
    0xed, 0x48, 0x39, 0x38, 0xee, 0x91, 0x8d, 0x6b, 0x8c, 0x62, 0x1b, 0x57, 0xc8, 0x3a, 0x3e, 0xd6,
    0x91, 0x90, 0xa9, 0xf3, 0xa2, 0xc3, 0x58, 0xa7, 0x48, 0x85, 0x31, 0x32, 0x8c, 0x5c, 0xa4, 0xe1,
    0x17, 0x51, 0x78, 0x32, 0x15, 0x4e, 0xf2, 0x76, 0x91, 0xa4, 0x64, 0xd3, 0xb0, 0xe7, 0x48, 0x4e,
    0x42, 0xcd, 0x7b, 0x66, 0x3a, 0x93, 0xb4, 0xe6, 0x17, 0x4a, 0x6b, 0x91, 0xb2, 0x91, 0x9f, 0xea,
    0x9f, 0xa8, 0x10, 0xb8, 0xca, 0x03, 0xb6, 0xf2, 0x82, 0xb0, 0x8c, 0xa5, 0x2c, 0x67, 0x49, 0xcb,
    0x5a, 0xda, 0xf2, 0x96, 0xb8, 0xcc, 0xa5, 0x2e, 0x77, 0xc9, 0xcb, 0x5e, 0xfa, 0xf2, 0x97, 0xc0,
    0x0c, 0xa6, 0x30, 0x87, 0x49, 0xcc, 0x62, 0x1a, 0xf3, 0x98, 0xc8, 0x4c, 0xa6, 0x32, 0x97, 0xc9,
    0xcc, 0x66, 0x3a, 0xf3, 0x99, 0xd0, 0x8c, 0xa6, 0x34, 0xa7, 0x49, 0xcd, 0x6a, 0x5a, 0xf3, 0x9a,
    0xd8, 0xcc, 0xa6, 0x36, 0xb7, 0xc9, 0xcd, 0x6e, 0x7a, 0xf3, 0x9b, 0xe0, 0x0c, 0xa7, 0x38, 0xc7,
    0x49, 0xce, 0x72, 0x9a, 0xf3, 0x9c, 0xe8, 0x4c, 0xa7, 0x3a, 0xd7, 0xc9, 0xce, 0x76, 0xba, 0xf3,
    0x9d, 0xf0, 0x8c, 0xa7, 0x3c, 0xe7, 0x49, 0xcf, 0x7a, 0xda, 0xf3, 0x9e, 0xf8, 0xcc, 0xa7, 0x3e,
    0xf7, 0xc9, 0x16, 0xcf, 0x7e, 0xfa, 0xf3, 0x9f, 0x00, 0x0d, 0xa8, 0x40, 0x07, 0x4a, 0xd0, 0x82,
    0x1a, 0xf4, 0xa0, 0x08, 0x4d, 0xe8, 0x66, 0x02, 0x02, 0x00, 0x21, 0xf9, 0x04, 0x01, 0x05, 0x00,
    0x02, 0x00, 0x2c, 0xc1, 0x00, 0x56, 0x00, 0x56, 0x00, 0xda, 0x00, 0x81, 0x00, 0x00, 0x00, 0xff,
    0xff, 0xff, 0x00, 0x00, 0x00, 0x00, 0x00, 0x00, 0x08, 0xff, 0x00, 0x05, 0x08, 0x1c, 0x48, 0xb0,
    0xa0, 0xc1, 0x83, 0x07, 0x03, 0x28, 0x44, 0xc8, 0xb0, 0xa1, 0xc3, 0x87, 0x10, 0x23, 0x1a, 0x54,
    0x18, 0x40, 0xa2, 0xc5, 0x8b, 0x18, 0x2f, 0x52, 0xcc, 0xc8, 0xb1, 0xa3, 0x47, 0x01, 0x1b, 0x3f,
    0x8a, 0x1c, 0x49, 0xb2, 0xa4, 0xc9, 0x93, 0x28, 0x53, 0xaa, 0x5c, 0xc9, 0xb2, 0xa5, 0xcb, 0x97,
    0x30, 0x63, 0xca, 0x9c, 0xd9, 0x12, 0x80, 0x4d, 0x9a, 0x33, 0x6d, 0x02, 0xc0, 0x29, 0x53, 0xe7,
    0x40, 0x9f, 0x3c, 0x61, 0x02, 0x0d, 0xea, 0x72, 0x28, 0x51, 0x96, 0x46, 0x8f, 0x2a, 0x5d, 0xca,
    0xb4, 0xa9, 0xd3, 0xa7, 0x50, 0xa3, 0x4a, 0x9d, 0x4a, 0xb5, 0xaa, 0xd5, 0xab, 0x58, 0xb3, 0x6a,
    0xdd, 0xca, 0xb5, 0xab, 0xd7, 0xaf, 0x60, 0xc3, 0x8a, 0x1d, 0x4b, 0xb6, 0xac, 0xd9, 0xb3, 0x68,
    0xd3, 0xaa, 0x5d, 0xcb, 0xb6, 0xad, 0xdb, 0xb7, 0x70, 0xe3, 0xca, 0x9d, 0x4b, 0xb7, 0xae, 0xdd,
    0xbb, 0x78, 0xf3, 0xea, 0xdd, 0xcb, 0xf7, 0x6e, 0x52, 0xb4, 0x7f, 0xcf, 0x06, 0x36, 0x3b, 0xb8,
    0xaf, 0xe1, 0xc3, 0x64, 0x29, 0x56, 0xc4, 0x58, 0xb8, 0xa9, 0xe2, 0x8c, 0x8d, 0x99, 0x3e, 0x66,
    0x7c, 0x13, 0xb1, 0xe5, 0xcb, 0x98, 0x33, 0x6b, 0xde, 0xcc, 0xb9, 0xb3, 0xe7, 0xcf, 0xa0, 0x43,
    0x8b, 0x1e, 0x4d, 0xba, 0xb4, 0xe9, 0xd3, 0xa8, 0x53, 0xab, 0x5e, 0xcd, 0xba, 0xb5, 0xeb, 0xd7,
    0xb0, 0x63, 0xcb, 0x9e, 0x4d, 0xbb, 0xb6, 0xed, 0xdb, 0xb8, 0x73, 0xeb, 0xde, 0xcd, 0xbb, 0xb7,
    0xef, 0xdf, 0xc0, 0x83, 0x0b, 0x1f, 0x4e, 0xbc, 0xb8, 0xf1, 0xe3, 0xc8, 0x93, 0x2b, 0x5f, 0xce,
    0xbc, 0xb9, 0xf3, 0xe7, 0xd0, 0xa3, 0x4b, 0xef, 0x1d, 0x59, 0x6c, 0xf5, 0xb0, 0xd7, 0xa7, 0x6b,
    0xdf, 0xce, 0xbd, 0xbb, 0xf7, 0xef, 0xe0, 0xc3, 0x8b, 0x17, 0x1f, 0x4f, 0xbe, 0xbc, 0xf9, 0xf3,
    0xe8, 0xd3, 0xab, 0x5f, 0xcf, 0xbe, 0xbd, 0x7b, 0xca, 0x3b, 0xd9, 0x66, 0xff, 0x3a, 0xdf, 0x6b,
    0x40, 0x00, 0x21, 0xf9, 0x04, 0x01, 0x05, 0x00, 0x02, 0x00, 0x2c, 0xbe, 0x00, 0x56, 0x00, 0x63,
    0x00, 0xde, 0x00, 0x81, 0x00, 0x00, 0x00, 0xff, 0xff, 0xff, 0x00, 0x00, 0x00, 0x00, 0x00, 0x00,
    0x08, 0xff, 0x00, 0x05, 0x08, 0x1c, 0x48, 0xb0, 0xa0, 0xc1, 0x83, 0x07, 0x03, 0x28, 0x44, 0xc8,
    0xb0, 0xa1, 0xc3, 0x87, 0x10, 0x23, 0x4a, 0x24, 0xa8, 0x30, 0xc0, 0xc4, 0x8b, 0x18, 0x33, 0x6a,
    0x34, 0x58, 0x71, 0xa3, 0xc7, 0x8f, 0x20, 0x39, 0x2e, 0x0c, 0x49, 0xb2, 0xa4, 0xc9, 0x93, 0x28,
    0x53, 0xaa, 0x5c, 0xc9, 0xb2, 0xa5, 0xcb, 0x97, 0x30, 0x63, 0xca, 0x9c, 0x49, 0xb3, 0xa6, 0xcd,
    0x9b, 0x38, 0x73, 0xea, 0xdc, 0x79, 0xb2, 0x23, 0xcf, 0x9b, 0x3e, 0x7f, 0xd6, 0x0c, 0x2a, 0x74,
    0x26, 0xd1, 0xa2, 0x48, 0x93, 0x2a, 0x5d, 0xca, 0xb4, 0xa9, 0xd3, 0x8f, 0x00, 0xa2, 0x02, 0x78,
    0xca, 0x52, 0xea, 0x54, 0xaa, 0x2a, 0xad, 0x62, 0xdd, 0xca, 0xb5, 0xab, 0xd7, 0xaf, 0x60, 0xc3,
    0x8a, 0x1d, 0x4b, 0xb6, 0xac, 0xd9, 0xb3, 0x68, 0xd3, 0xaa, 0x5d, 0xcb, 0xb6, 0xad, 0xdb, 0xb7,
    0x70, 0xe3, 0xca, 0x9d, 0x4b, 0xb7, 0xae, 0xdd, 0xbb, 0x78, 0xf3, 0xea, 0xdd, 0xcb, 0xb7, 0xaf,
    0xdf, 0xbf, 0x80, 0x03, 0x0b, 0x1e, 0x4c, 0xb8, 0x70, 0xd1, 0xa3, 0x76, 0x11, 0xd7, 0x55, 0x4c,
    0x97, 0xb1, 0xe1, 0xc7, 0x90, 0xf7, 0x4a, 0x1d, 0xa8, 0x55, 0x62, 0x45, 0xc7, 0x4c, 0x27, 0x0b,
    0xac, 0x1c, 0xf1, 0xf2, 0x48, 0xae, 0x9a, 0x05, 0x70, 0x86, 0xe8, 0xd9, 0x62, 0xe4, 0xd3, 0xa8,
    0x53, 0xab, 0x5e, 0xcd, 0xba, 0xb5, 0xeb, 0xd7, 0xb0, 0x63, 0xcb, 0x9e, 0x4d, 0xbb, 0xb6, 0xed,
    0xdb, 0xb8, 0x73, 0xeb, 0xde, 0x2d, 0xf3, 0xaa, 0xde, 0xd0, 0x77, 0x47, 0x07, 0x07, 0x3e, 0xdc,
    0x37, 0x5e, 0xe1, 0x75, 0x91, 0x27, 0x8f, 0xaa, 0xd7, 0xb4, 0xc0, 0xcf, 0x73, 0xa1, 0x63, 0x56,
    0x4b, 0xf4, 0xb2, 0xdc, 0xcb, 0x5a, 0xad, 0xc3, 0xf5, 0x99, 0x1d, 0x7a, 0x5b, 0xee, 0x93, 0xa7,
    0x9b, 0xc9, 0x05, 0xcf, 0x5c, 0x7c, 0x59, 0xf2, 0x53, 0xcd, 0x93, 0x45, 0x2f, 0x40, 0xfd, 0x58,
    0xf6, 0xee, 0xc5, 0xc2, 0xf7, 0xce, 0x76, 0xbe, 0x73, 0xb7, 0xf6, 0xe3, 0xe6, 0xdf, 0x3e, 0xb2,
    0xfb, 0xfd, 0xef, 0xfd, 0x85, 0x47, 0xdf, 0x5a, 0xfb, 0xbd, 0x55, 0x20, 0x7e, 0x01, 0x96, 0x37,
    0x20, 0x75, 0x15, 0xf9, 0xf7, 0x1f, 0x80, 0xf7, 0x69, 0x77, 0x5d, 0x84, 0x0b, 0xe2, 0x47, 0xd1,
    0x83, 0x72, 0x11, 0xb7, 0x1c, 0x73, 0x79, 0x29, 0x37, 0x97, 0x86, 0x74, 0x79, 0x18, 0x97, 0x88,
    0x19, 0x72, 0xf8, 0x1b, 0x6f, 0x28, 0xa6, 0xa8, 0xe2, 0x8a, 0x2c, 0xb6, 0xe8, 0xe2, 0x8b, 0x30,
    0xc6, 0x28, 0xe3, 0x8c, 0x34, 0xd6, 0x68, 0xe3, 0x8d, 0x38, 0xe6, 0xa8, 0xe3, 0x8e, 0x3c, 0xf6,
    0xe8, 0xe3, 0x8f, 0x40, 0x06, 0x29, 0xe4, 0x90, 0x44, 0x16, 0x49, 0x58, 0x7c, 0x04, 0x56, 0x38,
    0x21, 0x86, 0x8d, 0x29, 0xa9, 0x9f, 0x93, 0xfc, 0x31, 0x19, 0x1d, 0x94, 0x06, 0x52, 0x89, 0xa0,
    0x94, 0x4b, 0x1a, 0xa9, 0x65, 0x57, 0x48, 0x32, 0x88, 0xe5, 0x93, 0x5f, 0x46, 0xb9, 0x57, 0x97,
    0x69, 0x91, 0xb9, 0xe5, 0x99, 0x68, 0xa6, 0xa9, 0xa6, 0x49, 0x20, 0x86, 0x68, 0xe2, 0x71, 0x6f,
    0xae, 0x99, 0x9b, 0x99, 0x58, 0x89, 0x48, 0x27, 0x55, 0x76, 0x5a, 0x09, 0x16, 0x89, 0x6d, 0xb5,
    0xf9, 0x61, 0x9c, 0x76, 0xf9, 0x59, 0xa2, 0x71, 0x06, 0x05, 0x04, 0x00, 0x21, 0xf9, 0x04, 0x01,
    0x05, 0x00, 0x02, 0x00, 0x2c, 0xbe, 0x00, 0x6a, 0x00, 0x5d, 0x00, 0xbd, 0x00, 0x81, 0x00, 0x00,
    0x00, 0xff, 0xff, 0xff, 0x00, 0x00, 0x00, 0x00, 0x00, 0x00, 0x08, 0xff, 0x00, 0x05, 0x08, 0x1c,
    0x48, 0xb0, 0xa0, 0xc1, 0x83, 0x08, 0x13, 0x2a, 0x5c, 0xc8, 0x70, 0x61, 0x80, 0x87, 0x01, 0x1a,
    0x4a, 0x9c, 0x48, 0xb1, 0xa2, 0x44, 0x88, 0x11, 0x2d, 0x6a, 0xdc, 0xc8, 0x51, 0x21, 0xc6, 0x8e,
    0x20, 0x43, 0x8a, 0x1c, 0x49, 0xb2, 0xa4, 0xc9, 0x93, 0x28, 0x53, 0xaa, 0x5c, 0xc9, 0xb2, 0xa5,
    0xcb, 0x97, 0x30, 0x63, 0xca, 0x9c, 0x49, 0xb3, 0xa6, 0xcd, 0x9b, 0x38, 0x73, 0xea, 0xdc, 0xc9,
    0xb3, 0xa7, 0xcf, 0x9f, 0x40, 0x83, 0x0a, 0x1d, 0x4a, 0xb4, 0xa8, 0xd1, 0xa3, 0x48, 0x93, 0x2a,
    0x5d, 0xca, 0xb4, 0xa9, 0xd3, 0xa7, 0x50, 0xa3, 0x4a, 0x9d, 0x4a, 0xb5, 0xaa, 0xd5, 0xab, 0x58,
    0xb3, 0x6a, 0xdd, 0xca, 0xb5, 0xab, 0xd7, 0xaf, 0x60, 0xc3, 0x8a, 0x1d, 0x4b, 0xb6, 0xac, 0x59,
    0xa1, 0x1f, 0x39, 0x42, 0x1c, 0x98, 0xb6, 0x22, 0x80, 0xb7, 0x2c, 0xdb, 0x6a, 0x5c, 0x2b, 0x50,
    0xee, 0xc4, 0xb7, 0x00, 0xe2, 0xd2, 0xdd, 0xb8, 0xd7, 0xae, 0x44, 0xbc, 0x67, 0x03, 0x0b, 0x1e,
    0x4c, 0xb8, 0xb0, 0xe1, 0xc3, 0x88, 0x13, 0x2b, 0x5e, 0xcc, 0xb8, 0xb1, 0xe3, 0xc7, 0x90, 0x23,
    0x4b, 0x9e, 0x4c, 0xb9, 0xb2, 0xe5, 0xcb, 0x98, 0x33, 0x6b, 0xde, 0xcc, 0xb9, 0xb3, 0xe7, 0xcf,
    0xa0, 0x43, 0x8b, 0x1e, 0x4d, 0xba, 0xb4, 0xe9, 0xd3, 0xa8, 0x53, 0xab, 0x5e, 0xcd, 0xba, 0xb5,
    0xeb, 0xd7, 0xb0, 0x63, 0xcb, 0x9e, 0x4d, 0xbb, 0xb6, 0xed, 0xdb, 0xb8, 0x73, 0xeb, 0xde, 0xcd,
    0xbb, 0xb7, 0xef, 0xdf, 0xc0, 0x83, 0x0b, 0x1f, 0x4e, 0xbc, 0xb8, 0xf1, 0xe3, 0xc8, 0x3b, 0xee,
    0x05, 0xbb, 0xfc, 0x6b, 0x73, 0xaf, 0xcf, 0x93, 0x4b, 0x9f, 0x4e, 0xbd, 0xba, 0xf5, 0xeb, 0xd8,
    0xb3, 0x6b, 0xdf, 0xce, 0xbd, 0xfb, 0xef, 0xe8, 0x5c, 0xc1, 0x6f, 0x0d, 0x15, 0xaf, 0x95, 0x7c,
    0x56, 0xf3, 0x58, 0xd1, 0x5f, 0x55, 0x6f, 0x35, 0x20, 0x00, 0x21, 0xf9, 0x04, 0x01, 0x05, 0x00,
    0x02, 0x00, 0x2c, 0xbe, 0x00, 0x9a, 0x00, 0x43, 0x00, 0xa3, 0x00, 0x81, 0x00, 0x00, 0x00, 0xff,
    0xff, 0xff, 0x00, 0x00, 0x00, 0x00, 0x00, 0x00, 0x08, 0xd6, 0x00, 0x05, 0x08, 0x1c, 0x48, 0x50,
    0x20, 0x80, 0x83, 0x00, 0x0a, 0x2a, 0x5c, 0xc8, 0xd0, 0x20, 0xc2, 0x86, 0x0b, 0x1f, 0x42, 0x14,
    0x80, 0x30, 0xe1, 0xc4, 0x8b, 0x04, 0x2b, 0x62, 0x1c, 0x28, 0x11, 0xa2, 0xc6, 0x8d, 0x18, 0x3f,
    0x6e, 0xec, 0x08, 0xb2, 0xa4, 0xc9, 0x93, 0x28, 0x53, 0xaa, 0x5c, 0xc9, 0xb2, 0xa5, 0xcb, 0x97,
    0x30, 0x63, 0xca, 0x9c, 0x49, 0xb3, 0xa6, 0xcd, 0x9b, 0x38, 0x73, 0xea, 0xdc, 0xc9, 0xb3, 0xa7,
    0xcf, 0x9f, 0x40, 0x83, 0x0a, 0x1d, 0x4a, 0xb4, 0xa8, 0xd1, 0xa3, 0x48, 0x93, 0x2a, 0x5d, 0xca,
    0xb4, 0xa9, 0xd3, 0xa7, 0x50, 0xa3, 0x4a, 0x9d, 0x4a, 0xb5, 0xaa, 0xd5, 0xab, 0x58, 0xb3, 0x6a,
    0xdd, 0xca, 0xb5, 0xab, 0xd7, 0xaf, 0x60, 0xc3, 0x8a, 0x1d, 0x4b, 0xb6, 0xac, 0xd9, 0xb3, 0x68,
    0xd3, 0xaa, 0x5d, 0xcb, 0xb6, 0xad, 0xdb, 0xb7, 0x70, 0xe3, 0xca, 0x9d, 0x4b, 0xb7, 0xae, 0xdd,
    0xbb, 0x78, 0xf3, 0xea, 0xdd, 0xcb, 0xb7, 0xaf, 0xdf, 0xbf, 0x80, 0x03, 0x0b, 0x1e, 0x4c, 0xb8,
    0xb0, 0xe1, 0xc3, 0x88, 0x13, 0x2b, 0x5e, 0xcc, 0xb8, 0xb1, 0xe3, 0xc7, 0x90, 0x23, 0x4b, 0x9e,
    0x4c, 0xb9, 0xb2, 0xe5, 0xcb, 0x98, 0x33, 0xeb, 0x25, 0x19, 0x95, 0x33, 0x54, 0xcf, 0x4f, 0x41,
    0x3b, 0x15, 0xdd, 0x94, 0x34, 0x53, 0xd3, 0x9a, 0x53, 0xab, 0x1e, 0x7d, 0xb0, 0x2a, 0x6a, 0xa5,
    0xaf, 0x57, 0xcb, 0x9e, 0x4d, 0xbb, 0x76, 0xd1, 0xd8, 0x48, 0x71, 0x1f, 0xd5, 0x3d, 0x33, 0x20,
    0x00, 0x21, 0xf9, 0x04, 0x01, 0x05, 0x00, 0x02, 0x00, 0x2c, 0xc1, 0x00, 0x5a, 0x00, 0x43, 0x00,
    0xd6, 0x00, 0x81, 0x00, 0x00, 0x00, 0xff, 0xff, 0xff, 0x00, 0x00, 0x00, 0x00, 0x00, 0x00, 0x08,
    0xd2, 0x00, 0x05, 0x08, 0x1c, 0x48, 0xb0, 0xa0, 0xc1, 0x83, 0x08, 0x13, 0x2a, 0x4c, 0x08, 0xa0,
    0xe1, 0xc2, 0x87, 0x10, 0x23, 0x46, 0x6c, 0x08, 0x40, 0xa2, 0xc5, 0x8b, 0x16, 0x29, 0x62, 0xdc,
    0xc8, 0xb1, 0xa3, 0xc7, 0x8f, 0x20, 0x43, 0x8a, 0x1c, 0x49, 0xb2, 0xa4, 0xc9, 0x93, 0x28, 0x53,
    0xaa, 0x5c, 0xc9, 0xb2, 0xa5, 0xcb, 0x97, 0x30, 0x63, 0xca, 0x9c, 0x49, 0xb3, 0xa6, 0xcd, 0x9b,
    0x38, 0x73, 0xea, 0xdc, 0xc9, 0xb3, 0xa7, 0xcf, 0x9f, 0x40, 0x83, 0x0a, 0x1d, 0x4a, 0xb4, 0xa8,
    0xd1, 0xa3, 0x48, 0x93, 0x2a, 0x5d, 0xca, 0xb4, 0xa9, 0xd3, 0xa7, 0x50, 0xa3, 0x4a, 0x9d, 0x4a,
    0xb5, 0xaa, 0xd5, 0xab, 0x58, 0xb3, 0x6a, 0xdd, 0xca, 0xb5, 0xab, 0xd7, 0xaf, 0x60, 0xc3, 0x8a,
    0x1d, 0x4b, 0xb6, 0xac, 0xd9, 0xb3, 0x68, 0xd3, 0xaa, 0x5d, 0xcb, 0xb6, 0xad, 0xdb, 0xb7, 0x70,
    0xe3, 0xca, 0x9d, 0x4b, 0xb7, 0xae, 0xdd, 0xbb, 0x78, 0xf3, 0xea, 0xdd, 0xcb, 0xb7, 0xaf, 0xdf,
    0xbf, 0x80, 0x03, 0x0b, 0x1e, 0x4c, 0xb8, 0xb0, 0xe1, 0xc3, 0x88, 0x13, 0x2b, 0x5e, 0xcc, 0xb8,
    0xb1, 0xe3, 0xc7, 0x90, 0x23, 0x4b, 0x9e, 0x4c, 0xb9, 0xb2, 0xe5, 0xcb, 0x98, 0x33, 0x6b, 0xde,
    0xcc, 0xb9, 0xb3, 0xe7, 0xcf, 0xa0, 0x43, 0x8b, 0x1e, 0x4d, 0xba, 0xb4, 0xe9, 0xd3, 0xa8, 0x53,
    0xab, 0x5e, 0xcd, 0xba, 0xb5, 0xeb, 0xd7, 0x45, 0x03, 0xc8, 0x46, 0x2a, 0x3b, 0x00, 0xed, 0xd9,
    0x47, 0x03, 0x02, 0x00, 0x21, 0xf9, 0x04, 0x01, 0x05, 0x00, 0x02, 0x00, 0x2c, 0x00, 0x00, 0x00,
    0x00, 0xf6, 0x01, 0x9a, 0x01, 0x81, 0x00, 0x00, 0x00, 0xff, 0xff, 0xff, 0x00, 0x00, 0x00, 0x00,
    0x00, 0x00, 0x08, 0xff, 0x00, 0x01, 0x08, 0x1c, 0x48, 0xb0, 0xa0, 0xc1, 0x83, 0x08, 0x13, 0x2a,
    0x5c, 0xc8, 0xb0, 0xa1, 0xc3, 0x87, 0x10, 0x23, 0x4a, 0x9c, 0x48, 0xb1, 0xa2, 0xc5, 0x8b, 0x18,
    0x33, 0x6a, 0xdc, 0xc8, 0xb1, 0xa3, 0xc7, 0x8f, 0x20, 0x43, 0x8a, 0x1c, 0x49, 0xb2, 0xa4, 0xc9,
    0x93, 0x28, 0x53, 0xaa, 0x5c, 0xc9, 0xb2, 0xa5, 0xcb, 0x97, 0x30, 0x63, 0xca, 0x9c, 0x49, 0xb3,
    0xa6, 0xcd, 0x9b, 0x38, 0x73, 0xea, 0xdc, 0xc9, 0xb3, 0xa7, 0xcf, 0x9f, 0x40, 0x83, 0x0a, 0x1d,
    0x4a, 0xb4, 0xa8, 0xd1, 0xa3, 0x48, 0x93, 0x2a, 0x5d, 0xca, 0xb4, 0xa9, 0xd3, 0xa7, 0x50, 0xa3,
    0x4a, 0x9d, 0x4a, 0xb5, 0xaa, 0xd5, 0xab, 0x58, 0xb3, 0x6a, 0xdd, 0xca, 0xb5, 0xab, 0xd7, 0xaf,
    0x60, 0xc3, 0x8a, 0x1d, 0x4b, 0xb6, 0xac, 0xd9, 0xb3, 0x68, 0xd3, 0xaa, 0x5d, 0xcb, 0xb6, 0xad,
    0xdb, 0xb7, 0x70, 0xe3, 0xca, 0x9d, 0x4b, 0xb7, 0xae, 0xdd, 0xbb, 0x78, 0xf3, 0xea, 0xdd, 0xcb,
    0xb7, 0xaf, 0xdf, 0xbf, 0x80, 0x03, 0x0b, 0x1e, 0x4c, 0xb8, 0xb0, 0xe1, 0xc3, 0x88, 0x13, 0x2b,
    0x5e, 0xcc, 0xb8, 0xb1, 0xe3, 0xc7, 0x90, 0x23, 0x4b, 0x9e, 0x4c, 0xb9, 0xb2, 0xe5, 0xcb, 0x98,
    0x33, 0x6b, 0xde, 0xcc, 0xb9, 0xb3, 0xe7, 0xcf, 0xa0, 0x43, 0x8b, 0x1e, 0x4d, 0xba, 0xb4, 0xe9,
    0xd3, 0xa8, 0x53, 0xab, 0x5e, 0xcd, 0xba, 0xb5, 0xeb, 0xd7, 0xb0, 0x63, 0xcb, 0x9e, 0x4d, 0xbb,
    0xb6, 0xed, 0xdb, 0xb8, 0x73, 0xeb, 0xde, 0xcd, 0xbb, 0xb7, 0xef, 0xdf, 0xc0, 0x83, 0x0b, 0x1f,
    0x4e, 0xbc, 0xb8, 0xf1, 0xe3, 0xc8, 0x93, 0x2b, 0x5f, 0xce, 0xbc, 0xb9, 0xf3, 0xe7, 0xd0, 0xa3,
    0x4b, 0x9f, 0x4e, 0xbd, 0xba, 0xf5, 0xeb, 0xd8, 0xb3, 0x6b, 0xdf, 0xce, 0xbd, 0xbb, 0xf7, 0xef,
    0xe0, 0xc3, 0x8b, 0xff, 0x1f, 0x4f, 0xbe, 0xbc, 0xf9, 0xf3, 0xe8, 0xd3, 0xab, 0x5f, 0xcf, 0xbe,
    0xbd, 0xfb, 0xf7, 0xf0, 0xe3, 0xcb, 0x9f, 0x4f, 0xbf, 0xbe, 0xfd, 0xfb, 0xf8, 0xf3, 0xeb, 0xdf,
    0xcf, 0xbf, 0xbf, 0xff, 0xff, 0x00, 0x06, 0x28, 0xe0, 0x80, 0x04, 0x16, 0x68, 0xe0, 0x81, 0x08,
    0x26, 0xa8, 0xe0, 0x82, 0x0c, 0x36, 0xe8, 0xe0, 0x83, 0x10, 0x46, 0x28, 0xe1, 0x84, 0x14, 0x56,
    0x68, 0xe1, 0x85, 0x18, 0x66, 0xa8, 0xe1, 0x86, 0x1c, 0x76, 0xe8, 0xe1, 0x87, 0x20, 0x86, 0x28,
    0xe2, 0x88, 0x24, 0x96, 0x68, 0x22, 0x48, 0x02, 0xa4, 0xa8, 0xe2, 0x8a, 0x2c, 0xae, 0x18, 0xc0,
    0x8b, 0x27, 0xe6, 0xd6, 0xe2, 0x8c, 0x2d, 0xbe, 0x18, 0x40, 0x8c, 0xb8, 0xd1, 0xa8, 0x63, 0x8a,
    0x36, 0xe2, 0x78, 0xdb, 0x8e, 0x3a, 0xf6, 0xe8, 0x63, 0x69, 0x40, 0x16, 0x69, 0x64, 0x91, 0x42,
    0x0e, 0x69, 0xd9, 0x91, 0x4c, 0x36, 0xa9, 0x62, 0x92, 0x4a, 0x52, 0xe6, 0xe4, 0x94, 0x46, 0x42,
    0x19, 0xe5, 0x62, 0x54, 0x66, 0xa9, 0x25, 0x8b, 0x57, 0x1e, 0xb6, 0xe5, 0x97, 0x59, 0x76, 0x69,
    0x18, 0x98, 0x64, 0x36, 0x29, 0xe6, 0x5f, 0x65, 0xa6, 0x09, 0xe6, 0x99, 0x78, 0xa9, 0xe9, 0x66,
    0x98, 0x6c, 0xda, 0xf5, 0xe6, 0x9c, 0x66, 0xc6, 0x29, 0x17, 0x9d, 0x78, 0x4e, 0x69, 0xe7, 0x5b,
    0x79, 0xf6, 0x79, 0xe4, 0x9e, 0x6e, 0xf9, 0x29, 0xe8, 0x8e, 0x80, 0xb6, 0x35, 0xe8, 0xa1, 0x2d,
    0x16, 0xca, 0x16, 0xa2, 0x8c, 0x72, 0xa9, 0xe8, 0x59, 0x8d, 0x46, 0x2a, 0xc0, 0xa3, 0x90, 0x4a,
    0xca, 0x28, 0xa5, 0x63, 0x59, 0xaa, 0x69, 0x8a, 0x98, 0x7a, 0xb5, 0xa9, 0xa6, 0x9d, 0x76, 0xf5,
    0xa9, 0xa5, 0xa1, 0x72, 0x35, 0xaa, 0xa4, 0xa5, 0x6e, 0x75, 0x6a, 0xa4, 0xa9, 0x6a, 0xb5, 0x6a,
    0xa3, 0xad, 0x66, 0xff, 0xf5, 0xea, 0xa5, 0xb1, 0x5e, 0x35, 0x2b, 0xa2, 0xb5, 0xda, 0x7a, 0xeb,
    0xa0, 0xb9, 0x5a, 0xb5, 0x2b, 0xaf, 0xbd, 0x52, 0xf5, 0xab, 0xa0, 0xc1, 0x0a, 0x3b, 0x6c, 0x9f,
    0xc5, 0x4e, 0x75, 0x2c, 0xb2, 0xc9, 0x46, 0xb5, 0x6c, 0x9e, 0xcd, 0x3a, 0xfb, 0x2c, 0x9d, 0xd1,
    0x42, 0x35, 0x2d, 0xb5, 0xd5, 0x3a, 0x75, 0xed, 0x9c, 0xd9, 0x6a, 0xbb, 0xad, 0x9b, 0xdd, 0x36,
    0xf5, 0x2d, 0xb8, 0xe1, 0x2e, 0x35, 0xae, 0x9a, 0xe5, 0x9a, 0x7b, 0x6e, 0x99, 0xe9, 0x2a, 0xb5,
    0x2e, 0xbb, 0xed, 0x22, 0xf5, 0x2e, 0x99, 0xf1, 0xca, 0x3b, 0xef, 0x97, 0xf5, 0x1e, 0x75, 0x2f,
    0xbe, 0xf9, 0x16, 0xb5, 0xef, 0x96, 0xfd, 0xfa, 0xfb, 0x2f, 0x9c, 0x01, 0x0b, 0x35, 0x30, 0xc1,
    0x05, 0x03, 0x75, 0x30, 0x95, 0x09, 0x1b, 0xbc, 0xb0, 0x93, 0x0d, 0x07, 0xf5, 0x30, 0xc4, 0x11,
    0xff, 0x34, 0x71, 0x9d, 0x15, 0xf7, 0x74, 0x31, 0x93, 0x19, 0xfb, 0xb4, 0xf1, 0x9f, 0x1d, 0xf3,
    0xf4, 0xb1, 0x91, 0x21, 0x8b, 0x3c, 0x32, 0x90, 0x25, 0xef, 0x74, 0x32, 0xca, 0x29, 0xe7, 0xb4,
    0x32, 0xa1, 0x2d, 0xab, 0xfc, 0xf2, 0xa4, 0x31, 0x7b, 0x3c, 0x73, 0xcd, 0x36, 0xbf, 0x8c, 0xb3,
    0xc6, 0x27, 0xef, 0x6c, 0x71, 0xcf, 0x3e, 0xf3, 0x3c, 0x72, 0xd0, 0x42, 0x7f, 0x4c, 0xb4, 0xc3,
    0xff, 0x1e, 0x4d, 0xd4, 0xc1, 0x4a, 0x0f, 0xc5, 0x74, 0xd3, 0xf6, 0xc2, 0x0b, 0xb5, 0xa1, 0x69,
    0x4e, 0x1d, 0x68, 0xd5, 0x56, 0x67, 0xad, 0xf5, 0xd6, 0x5c, 0x77, 0xed, 0xf5, 0xd7, 0x60, 0x87,
    0x2d, 0xf6, 0xd8, 0x64, 0x97, 0x6d, 0xf6, 0xd9, 0x68, 0xa7, 0xad, 0xf6, 0xda, 0x6c, 0xb7, 0xed,
    0xf6, 0xdb, 0x70, 0xc7, 0x2d, 0xf7, 0xdc, 0x74, 0xd7, 0x6d, 0xf7, 0xdd, 0x78, 0xe7, 0xad, 0xf7,
    0xde, 0x7c, 0xf7, 0xff, 0xed, 0xf7, 0xdf, 0x80, 0x07, 0x2e, 0xf8, 0xe0, 0x84, 0x17, 0x6e, 0xb8,
    0xda, 0x2a, 0x1e, 0x5e, 0x15, 0x8f, 0x36, 0xde, 0xa8, 0xb8, 0xb3, 0x8d, 0xc3, 0xf8, 0xf8, 0x53,
    0x3c, 0x0e, 0x64, 0xe5, 0xe4, 0x49, 0x55, 0x2e, 0xd0, 0xe5, 0x98, 0xeb, 0x2b, 0x80, 0xe3, 0x00,
    0x70, 0xde, 0xb9, 0xc0, 0xa0, 0x8b, 0x3e, 0xba, 0xd3, 0x9f, 0x5b, 0x2e, 0xf9, 0xe9, 0xf6, 0x96,
    0xbe, 0x3a, 0xeb, 0x46, 0x69, 0x1e, 0xfa, 0xeb, 0xb0, 0x2f, 0x9d, 0xfa, 0xe6, 0xb4, 0xd7, 0xee,
    0xb0, 0xeb, 0xa0, 0xeb, 0x8e, 0x3a, 0xef, 0xbe, 0x93, 0xae, 0x7a, 0xef, 0xc1, 0x2b, 0x7c, 0xfb,
    0xec, 0xc4, 0x17, 0x6f, 0x33, 0xf0, 0xca, 0x1b, 0x1c, 0x79, 0xf2, 0xcd, 0xf3, 0x1c, 0x79, 0xf4,
    0xb6, 0xd3, 0x4c, 0xfd, 0xf5, 0xd8, 0x67, 0xaf, 0xfd, 0xf6, 0xdc, 0x77, 0xef, 0xfd, 0xf7, 0xe0,
    0x87, 0x2f, 0xfe, 0xf8, 0xe4, 0x97, 0x6f, 0xfe, 0xf9, 0xe8, 0xa7, 0xaf, 0xfe, 0xfa, 0xec, 0xb7,
    0xef, 0xfe, 0xfb, 0xf0, 0xc7, 0x2f, 0xff, 0xfc, 0xf4, 0xd7, 0x6f, 0xff, 0xfd, 0xf8, 0xe7, 0xaf,
    0xff, 0xfe, 0xfc, 0xf7, 0xef, 0xff, 0xff, 0x00, 0x54, 0xcb, 0xba, 0xb6, 0x37, 0x40, 0xed, 0x15,
    0xb0, 0x78, 0x13, 0x0b, 0x5e, 0x02, 0x7d, 0xb7, 0x40, 0xd6, 0xad, 0xec, 0x74, 0x0f, 0x1c, 0x5d,
    0x04, 0x1f, 0x37, 0x33, 0x47, 0x15, 0xae, 0x82, 0x2b, 0x3a, 0x1c, 0x06, 0x13, 0x67, 0xb8, 0x0d,
    0x72, 0xaa, 0x83, 0x1e, 0xd4, 0x60, 0x08, 0x41, 0xb8, 0x41, 0x11, 0x7a, 0xf0, 0x83, 0x82, 0x3b,
    0x21, 0x07, 0x53, 0xa8, 0x42, 0xeb, 0xf9, 0xad, 0x85, 0x19, 0x04, 0x1c, 0x0c, 0x57, 0xf8, 0xc2,
    0x19, 0xba, 0xb0, 0x6f, 0x36, 0xbc, 0x21, 0xdf, 0x72, 0x18, 0x38, 0x1e, 0xca, 0xd0, 0x86, 0x3d,
    0x04, 0xe2, 0x0f, 0xec, 0x67, 0x18, 0x44, 0x22, 0x0e, 0x11, 0x86, 0x45, 0x44, 0xe2, 0x11, 0x5b,
    0x98, 0x44, 0x26, 0x2e, 0x51, 0x85, 0x4d, 0x84, 0xe2, 0x13, 0x4f, 0x18, 0x45, 0x2a, 0x4e, 0x71,
    0x84, 0x2c, 0x94, 0x62, 0x16, 0xad, 0xb8, 0x45, 0x2c, 0x56, 0xb1, 0x82, 0x84, 0x53, 0x62, 0x17,
    0x4b, 0x38, 0x38, 0x31, 0x7e, 0x11, 0x68, 0x17, 0xf4, 0x62, 0x19, 0xd5, 0x38, 0x46, 0x9d, 0x91,
    0x10, 0x83, 0x26, 0x84, 0xe3, 0x1b, 0xd1, 0xa8, 0x38, 0x30, 0x4e, 0xce, 0x8e, 0x9d, 0x33, 0x1a,
    0xec, 0xf4, 0xe8, 0xc0, 0x8d, 0xd5, 0x8e, 0x8f, 0x7f, 0x1c, 0x58, 0xf3, 0x9e, 0x86, 0x40, 0x41,
    0x52, 0x6f, 0x5c, 0xdd, 0x43, 0x24, 0xf7, 0x14, 0x59, 0x3e, 0x52, 0xc1, 0xcf, 0x91, 0xef, 0x83,
    0x64, 0x00, 0x27, 0x49, 0xc9, 0x4a, 0x5a, 0xf2, 0x92, 0x98, 0xcc, 0xa4, 0x26, 0x37, 0xc9, 0xc9,
    0x4e, 0x7a, 0xf2, 0x93, 0xa0, 0x0c, 0xa5, 0x28, 0x47, 0x49, 0xca, 0x52, 0x9a, 0xf2, 0x94, 0xa8,
    0x4c, 0xa5, 0x2a, 0x57, 0xc9, 0xca, 0x56, 0xba, 0xf2, 0x95, 0xb0, 0x8c, 0xa5, 0x2c, 0x67, 0x49,
    0xcb, 0x5a, 0xda, 0xf2, 0x96, 0xb8, 0xcc, 0xa5, 0x2e, 0x77, 0xc9, 0xcb, 0x5e, 0xfa, 0xf2, 0x97,
    0xc0, 0x0c, 0xa6, 0x30, 0x87, 0x49, 0xcc, 0x62, 0x1a, 0xf3, 0x98, 0xc8, 0x4c, 0xa6, 0x32, 0x97,
    0xc9, 0xcc, 0x66, 0x3a, 0xf3, 0x99, 0xd0, 0x8c, 0xa6, 0x34, 0xa7, 0x49, 0xcd, 0x6a, 0x5a, 0xf3,
    0x9a, 0xd8, 0xcc, 0xa6, 0x36, 0xb7, 0xc9, 0xcd, 0x6e, 0x7a, 0xf3, 0x9b, 0xe0, 0x0c, 0xa7, 0x38,
    0xc7, 0x49, 0xce, 0x72, 0x9a, 0xf3, 0x9c, 0xe8, 0x4c, 0xa7, 0x3a, 0xd7, 0x19, 0xb3, 0x80, 0x00,
    0x00, 0x21, 0xf9, 0x04, 0x01, 0x05, 0x00, 0x02, 0x00, 0x2c, 0x00, 0x00, 0x00, 0x00, 0xf6, 0x01,
    0x9a, 0x01, 0x81, 0x00, 0x00, 0x00, 0xff, 0xff, 0xff, 0x00, 0x00, 0x00, 0x00, 0x00, 0x00, 0x08,
    0xff, 0x00, 0x01, 0x08, 0x1c, 0x48, 0xb0, 0xa0, 0xc1, 0x83, 0x08, 0x13, 0x2a, 0x5c, 0xc8, 0xb0,
    0xa1, 0xc3, 0x87, 0x10, 0x23, 0x4a, 0x9c, 0x48, 0xb1, 0xa2, 0xc5, 0x8b, 0x18, 0x33, 0x6a, 0xdc,
    0xc8, 0xb1, 0xa3, 0xc7, 0x8f, 0x20, 0x43, 0x8a, 0x1c, 0x49, 0xb2, 0xa4, 0xc9, 0x93, 0x28, 0x53,
    0xaa, 0x5c, 0xc9, 0xb2, 0xa5, 0xcb, 0x97, 0x30, 0x63, 0xca, 0x9c, 0x49, 0xb3, 0xa6, 0xcd, 0x9b,
    0x38, 0x73, 0xea, 0xdc, 0xc9, 0xb3, 0xa7, 0xcf, 0x9f, 0x40, 0x83, 0x0a, 0x1d, 0x4a, 0xb4, 0xa8,
    0xd1, 0xa3, 0x48, 0x93, 0x2a, 0x5d, 0xca, 0xb4, 0xa9, 0xd3, 0xa7, 0x50, 0xa3, 0x4a, 0x9d, 0x4a,
    0xb5, 0xaa, 0xd5, 0xab, 0x58, 0xb3, 0x6a, 0xdd, 0xca, 0xb5, 0xab, 0xd7, 0xaf, 0x60, 0xc3, 0x8a,
    0x1d, 0x4b, 0xb6, 0xac, 0xd9, 0xb3, 0x68, 0xd3, 0xaa, 0x5d, 0xcb, 0xb6, 0xad, 0xdb, 0xb7, 0x70,
    0xe3, 0xca, 0x9d, 0x4b, 0xb7, 0xae, 0xdd, 0xbb, 0x78, 0xf3, 0xea, 0xdd, 0xcb, 0xb7, 0xaf, 0xdf,
    0xbf, 0x80, 0x03, 0x0b, 0x1e, 0x4c, 0xb8, 0xb0, 0xe1, 0xc3, 0x88, 0x13, 0x2b, 0x5e, 0xcc, 0xb8,
    0xb1, 0xe3, 0xc7, 0x90, 0x23, 0x4b, 0x9e, 0x4c, 0xb9, 0xb2, 0xe5, 0xcb, 0x98, 0x33, 0x6b, 0xde,
    0xcc, 0xb9, 0xb3, 0xe7, 0xcf, 0xa0, 0x43, 0x8b, 0x1e, 0x4d, 0xba, 0xb4, 0xe9, 0xd3, 0xa8, 0x53,
    0xab, 0x5e, 0xcd, 0xba, 0xb5, 0xeb, 0xd7, 0xb0, 0x63, 0xcb, 0x9e, 0x4d, 0xbb, 0xb6, 0xed, 0xdb,
    0xb8, 0x73, 0xeb, 0xde, 0xcd, 0xbb, 0xb7, 0xef, 0xdf, 0xc0, 0x83, 0x0b, 0x1f, 0x4e, 0xbc, 0xb8,
    0xf1, 0xe3, 0xc8, 0x93, 0x2b, 0x5f, 0xce, 0xbc, 0xb9, 0xf3, 0xe7, 0xd0, 0xa3, 0x4b, 0x9f, 0x4e,
    0xbd, 0xba, 0xf5, 0xeb, 0xd8, 0xb3, 0x6b, 0xdf, 0xce, 0xbd, 0xbb, 0xf7, 0xef, 0xe0, 0xc3, 0x8b,
    0xff, 0x1f, 0x4f, 0xbe, 0xbc, 0xf9, 0xf3, 0xe8, 0xd3, 0xab, 0x5f, 0xcf, 0xbe, 0xbd, 0xfb, 0xf7,
    0xf0, 0xe3, 0xcb, 0x9f, 0x4f, 0xbf, 0xbe, 0xfd, 0xfb, 0xf8, 0xf3, 0xeb, 0xdf, 0xcf, 0xbf, 0xbf,
    0xff, 0xff, 0x00, 0x06, 0x28, 0xe0, 0x80, 0x04, 0x16, 0x68, 0xe0, 0x81, 0x08, 0x26, 0xa8, 0xe0,
    0x82, 0x0c, 0x36, 0xe8, 0xe0, 0x83, 0x10, 0x46, 0x28, 0xe1, 0x84, 0x14, 0x56, 0x68, 0xe1, 0x85,
    0x18, 0x66, 0xa8, 0xe1, 0x86, 0x1c, 0x76, 0xe8, 0xe1, 0x87, 0x20, 0x86, 0x28, 0xe2, 0x88, 0x24,
    0x96, 0x68, 0x22, 0x48, 0x02, 0xa4, 0xa8, 0xe2, 0x8a, 0x2c, 0x0a, 0x70, 0xe2, 0x6f, 0x2d, 0xc6,
    0xa8, 0xe2, 0x8b, 0xbe, 0xc9, 0x28, 0x23, 0x8d, 0xbd, 0xd9, 0x18, 0x23, 0x8e, 0xac, 0xe9, 0xe8,
    0xe3, 0x8f, 0x40, 0xa6, 0xc8, 0xe3, 0x66, 0x41, 0x16, 0x69, 0xe4, 0x8c, 0x43, 0x66, 0x76, 0xe4,
    0x92, 0x40, 0x26, 0x29, 0x19, 0x93, 0x50, 0x46, 0xc9, 0xa2, 0x93, 0x87, 0x49, 0x69, 0x25, 0x94,
    0x54, 0x1a, 0x76, 0xe5, 0x96, 0x46, 0x66, 0xf9, 0x17, 0x97, 0x60, 0x5e, 0xe9, 0x25, 0x5e, 0x61,
    0x96, 0x89, 0xe5, 0x98, 0x76, 0x99, 0xa9, 0x66, 0x97, 0x68, 0xca, 0xb5, 0xe6, 0x9b, 0x4b, 0xb6,
    0xf9, 0x16, 0x9c, 0x74, 0x06, 0x29, 0xa7, 0x5b, 0x75, 0xe6, 0xa9, 0xe3, 0x9d, 0x6d, 0xe9, 0xe9,
    0x67, 0x8b, 0x7c, 0xb2, 0xf5, 0xe7, 0xa0, 0x53, 0x06, 0x7a, 0x16, 0xa1, 0x88, 0xba, 0x68, 0xa8,
    0x59, 0x89, 0x12, 0xba, 0xe8, 0x58, 0x8d, 0x46, 0x2a, 0xe4, 0xa3, 0x5d, 0x49, 0x1a, 0x29, 0xa5,
    0x95, 0x5a, 0x9a, 0x28, 0xa6, 0x5c, 0x69, 0xba, 0x29, 0xa7, 0x5a, 0x79, 0x8a, 0x28, 0xa8, 0xa1,
    0x8a, 0x3a, 0x28, 0xa9, 0x59, 0x99, 0x7a, 0x2a, 0xaa, 0x57, 0xa9, 0xfa, 0x27, 0xab, 0xad, 0xba,
    0xff, 0xaa, 0x27, 0xac, 0x56, 0xc9, 0x3a, 0x2b, 0xad, 0x54, 0xd9, 0x9a, 0x27, 0xae, 0xb9, 0xea,
    0x4a, 0x27, 0xaf, 0x53, 0xf9, 0xfa, 0x2b, 0xb0, 0x51, 0x09, 0x0b, 0x27, 0xb1, 0xc5, 0x1a, 0xbb,
    0x26, 0xb2, 0x50, 0x29, 0xbb, 0x2c, 0xb3, 0x4e, 0x39, 0xab, 0x26, 0xb4, 0xd1, 0x4a, 0x5b, 0x26,
    0xb5, 0x4d, 0x59, 0x7b, 0x2d, 0xb6, 0x4b, 0x69, 0x1b, 0x26, 0xb7, 0xdd, 0x7a, 0xcb, 0x25, 0xb8,
    0x4a, 0x89, 0x3b, 0x2e, 0xb9, 0x48, 0x99, 0xbb, 0x25, 0xba, 0xe9, 0xaa, 0x6b, 0x25, 0xbb, 0x47,
    0xb9, 0xfb, 0x2e, 0xbc, 0x45, 0xc9, 0x2b, 0x25, 0xbd, 0xf5, 0xda, 0x7b, 0x26, 0xbe, 0x42, 0xe9,
    0xbb, 0x2f, 0xbf, 0x40, 0xf9, 0xcb, 0x24, 0xc0, 0xfd, 0x0a, 0x7c, 0x24, 0xc1, 0x41, 0x19, 0x7c,
    0x30, 0xc2, 0x3f, 0x29, 0xcc, 0x26, 0xc3, 0x3d, 0x39, 0x5c, 0x24, 0xc4, 0x3e, 0x49, 0x6c, 0x27,
    0xc5, 0x3c, 0x59, 0xdc, 0x24, 0xc6, 0x3b, 0x69, 0xfc, 0x23, 0xc7, 0x1d, 0x7b, 0xbc, 0x27, 0xc8,
    0x39, 0x89, 0x3c, 0x32, 0xc9, 0x3a, 0x99, 0x3c, 0x29, 0xca, 0x11, 0xab, 0xcc, 0x72, 0xc5, 0x2e,
    0xbf, 0x9c, 0xb1, 0xc7, 0x32, 0x37, 0x4c, 0x73, 0xcd, 0x2d, 0x6b, 0x8c, 0x73, 0xce, 0x16, 0xef,
    0x5c, 0xb0, 0xbd, 0x3e, 0x13, 0xe5, 0x6f, 0xd0, 0x43, 0x0d, 0x4d, 0x74, 0xbb, 0xe7, 0x1e, 0xdd,
    0x27, 0x98, 0x4a, 0xe3, 0xc9, 0x74, 0xd3, 0x50, 0x47, 0x2d, 0xf5, 0xd4, 0x54, 0x57, 0x6d, 0xf5,
    0xd5, 0x58, 0x67, 0xad, 0xf5, 0xd6, 0x5c, 0x77, 0xed, 0xf5, 0xd7, 0x60, 0x87, 0x2d, 0xf6, 0xd8,
    0x64, 0x97, 0x6d, 0xf6, 0xd9, 0x68, 0xa7, 0xad, 0xf6, 0xda, 0x6c, 0xb7, 0xed, 0xf6, 0xdb, 0x70,
    0xc7, 0x2d, 0xf7, 0xdc, 0x74, 0xd7, 0x6d, 0xf7, 0xdd, 0x78, 0xe7, 0xad, 0xf7, 0xde, 0x7c, 0xf7,
    0xff, 0x1d, 0x36, 0x92, 0x7e, 0x07, 0x0b, 0x68, 0xe0, 0xc9, 0x16, 0x4a, 0x78, 0xb5, 0x8a, 0x02,
    0x00, 0xf8, 0xe1, 0xe1, 0x26, 0xbe, 0x38, 0xe3, 0x49, 0x01, 0xfe, 0x38, 0xe4, 0xf1, 0xae, 0x3c,
    0x39, 0xe5, 0xf9, 0x3a, 0xbe, 0x32, 0xe6, 0x95, 0x6b, 0x9e, 0x38, 0xe7, 0x46, 0x49, 0xbe, 0x39,
    0xe8, 0x42, 0x5b, 0x3e, 0x3a, 0xe9, 0x3f, 0x0f, 0x74, 0x39, 0xea, 0x36, 0x7b, 0xce, 0x7a, 0xe6,
    0xaa, 0x9f, 0xfe, 0x3a, 0xcc, 0xae, 0xcf, 0x9e, 0xba, 0x40, 0xab, 0xdb, 0x1e, 0xb2, 0xe1, 0xba,
    0x07, 0x3c, 0x78, 0xef, 0xb7, 0x03, 0x2f, 0xfc, 0xf0, 0xc4, 0x17, 0x6f, 0xfc, 0xf1, 0xc8, 0x27,
    0xaf, 0xfc, 0xf2, 0xcc, 0x37, 0xef, 0xfc, 0xf3, 0xd0, 0x47, 0x2f, 0xfd, 0xf4, 0xd4, 0x57, 0x6f,
    0xfd, 0xf5, 0xd8, 0x67, 0xaf, 0xfd, 0xf6, 0xdc, 0x77, 0xef, 0xfd, 0xf7, 0xe0, 0x87, 0x2f, 0xfe,
    0xf8, 0xe4, 0x97, 0x6f, 0xfe, 0xf9, 0xe8, 0xa7, 0xaf, 0xfe, 0xfa, 0x6a, 0x89, 0x6b, 0xbc, 0xfb,
    0xc5, 0xc3, 0x3f, 0xbb, 0xc2, 0xaf, 0xd3, 0xcf, 0xba, 0xfd, 0x9c, 0x8b, 0x8c, 0xb9, 0xfe, 0x94,
    0xf3, 0x4f, 0xb8, 0xca, 0xbc, 0xd3, 0x1b, 0x00, 0x57, 0xe4, 0xb7, 0x01, 0xe6, 0xae, 0x6e, 0x06,
    0x94, 0xdd, 0xdd, 0x12, 0xf8, 0x39, 0x01, 0x26, 0xb0, 0x80, 0x0f, 0xec, 0x1b, 0x03, 0x21, 0x68,
    0x40, 0x0a, 0x0e, 0x70, 0x6f, 0x0c, 0xfc, 0x1d, 0x02, 0x33, 0x48, 0xc0, 0x05, 0x72, 0xf0, 0x80,
    0x6e, 0xfb, 0x20, 0x08, 0xdb, 0x26, 0x42, 0x05, 0xc2, 0xad, 0x84, 0x0d, 0x9c, 0x1b, 0x0a, 0xf1,
    0xb6, 0x42, 0x0f, 0x8a, 0x90, 0x85, 0x25, 0x84, 0xe1, 0x0b, 0x5d, 0xf8, 0x41, 0x19, 0xd6, 0x90,
    0x86, 0x1c, 0xb4, 0x61, 0x0e, 0x71, 0x98, 0x41, 0x1d, 0xf6, 0x90, 0x87, 0x13, 0x04, 0x62, 0x04,
    0xd4, 0xed, 0x16, 0x80, 0x22, 0xde, 0x90, 0x88, 0x46, 0xdc, 0x21, 0x12, 0x03, 0x70, 0x44, 0x1f,
    0x5e, 0xd0, 0x81, 0x3f, 0xcc, 0x5b, 0x13, 0x85, 0x18, 0x33, 0x29, 0x0e, 0x11, 0x83, 0x57, 0x84,
    0xe2, 0x13, 0xf9, 0x16, 0x44, 0x2e, 0x66, 0xd1, 0x8a, 0x15, 0x94, 0x60, 0x15, 0x03, 0x07, 0x40,
    0xc6, 0x95, 0xb1, 0x7f, 0x12, 0x23, 0x5d, 0xcf, 0x40, 0xb7, 0xc6, 0xfc, 0xa5, 0xf1, 0x7e, 0xfa,
    0xd2, 0x9d, 0xd1, 0xe6, 0x17, 0x47, 0xe0, 0x69, 0x0b, 0x79, 0x77, 0x3c, 0x5e, 0x1e, 0xa1, 0xd7,
    0x28, 0xee, 0xf5, 0x71, 0x7b, 0x7f, 0x64, 0x9f, 0x20, 0x07, 0x49, 0xc8, 0x42, 0x1a, 0xf2, 0x90,
    0x88, 0x4c, 0xa4, 0x22, 0x17, 0xc9, 0xc8, 0x46, 0x3a, 0xf2, 0x91, 0x90, 0x8c, 0xa4, 0x24, 0x27,
    0x49, 0xc9, 0x4a, 0x5a, 0xf2, 0x92, 0x98, 0xcc, 0xa4, 0x26, 0x37, 0xc9, 0xc9, 0x4e, 0x7a, 0xf2,
    0x93, 0xa0, 0x0c, 0xa5, 0x28, 0x47, 0x49, 0xca, 0x52, 0x9a, 0xf2, 0x94, 0xa8, 0x4c, 0xa5, 0x2a,
    0x57, 0xc9, 0xca, 0x56, 0xba, 0xf2, 0x95, 0xb0, 0x8c, 0xa5, 0x2c, 0x67, 0x49, 0xcb, 0x5a, 0xda,
    0xf2, 0x96, 0xb8, 0xcc, 0xa5, 0x2e, 0x77, 0xc9, 0xcb, 0x5e, 0xfa, 0xf2, 0x97, 0xc0, 0x0c, 0xa6,
    0x30, 0x87, 0x49, 0xcc, 0x62, 0x1a, 0xf3, 0x98, 0xc8, 0x4c, 0xa6, 0x32, 0x97, 0xc9, 0xcc, 0x66,
    0x3a, 0xf3, 0x99, 0xd0, 0x8c, 0xa6, 0x34, 0xa7, 0x49, 0xcd, 0x6a, 0x5a, 0xf3, 0x9a, 0xd8, 0xcc,
    0xa6, 0x36, 0x59, 0x16, 0x10, 0x00, 0x21, 0xf9, 0x04, 0x01, 0x05, 0x00, 0x02, 0x00, 0x2c, 0xbe,
    0x00, 0x56, 0x00, 0x61, 0x00, 0xe7, 0x00, 0x81, 0x00, 0x00, 0x00, 0xff, 0xff, 0xff, 0x00, 0x00,
    0x00, 0x00, 0x00, 0x00, 0x08, 0xff, 0x00, 0x05, 0x08, 0x1c, 0x48, 0xb0, 0xa0, 0xc1, 0x83, 0x08,
    0x13, 0x1a, 0x0c, 0xc0, 0x50, 0xa1, 0xc3, 0x87, 0x10, 0x23, 0x4a, 0x9c, 0x38, 0x90, 0x61, 0x00,
    0x8a, 0x18, 0x33, 0x6a, 0xd4, 0x68, 0x71, 0xa3, 0xc7, 0x8f, 0x20, 0x09, 0x76, 0x0c, 0x49, 0xb2,
    0xa4, 0xc9, 0x93, 0x28, 0x53, 0xaa, 0x5c, 0xc9, 0xb2, 0xa5, 0xcb, 0x97, 0x30, 0x63, 0xca, 0x9c,
    0x49, 0xb3, 0xa6, 0xcd, 0x9b, 0x38, 0x73, 0xea, 0xdc, 0xc9, 0xb3, 0xa7, 0xcf, 0x9f, 0x40, 0x83,
    0x0a, 0x1d, 0x4a, 0xb4, 0xa8, 0xd1, 0xa3, 0x48, 0x93, 0x2a, 0x5d, 0xca, 0xb4, 0xa9, 0xd3, 0xa7,
    0x50, 0xa3, 0x4a, 0x9d, 0x4a, 0xb5, 0xaa, 0xd5, 0xab, 0x58, 0xb3, 0x6a, 0xdd, 0xca, 0xb5, 0xab,
    0xd7, 0xaf, 0x60, 0xc3, 0x8a, 0x1d, 0x4b, 0xb6, 0xac, 0xd9, 0xb3, 0x68, 0xd3, 0xaa, 0x5d, 0xcb,
    0xb6, 0xad, 0xdb, 0xb7, 0x70, 0xe3, 0xca, 0x9d, 0x4b, 0xb7, 0xae, 0xdd, 0xbb, 0x78, 0xf3, 0xea,
    0xdd, 0xcb, 0xf7, 0xa0, 0xc5, 0x8b, 0x25, 0xff, 0x8e, 0x14, 0x29, 0xf8, 0x2f, 0x4d, 0xc3, 0x81,
    0x0b, 0x2f, 0x2c, 0x3c, 0x38, 0x26, 0x62, 0x92, 0x8c, 0x17, 0x33, 0x06, 0xdc, 0xb7, 0xb2, 0xe5,
    0xcb, 0x98, 0x33, 0x6b, 0xde, 0xcc, 0xb9, 0xb3, 0xe7, 0xcf, 0xa0, 0x43, 0x8b, 0x1e, 0x4d, 0xba,
    0xb4, 0xe9, 0xd3, 0xa8, 0x53, 0xab, 0x5e, 0xcd, 0xba, 0xb5, 0xeb, 0xd7, 0x0f, 0x01, 0x08, 0xa4,
    0x2c, 0x56, 0x76, 0x41, 0xda, 0x5f, 0x6d, 0x8b, 0xac, 0x3d, 0x5b, 0xa0, 0x6d, 0xdc, 0x5c, 0x7f,
    0xfb, 0xee, 0x0d, 0x56, 0xb8, 0x00, 0xe3, 0xb9, 0x89, 0x23, 0xf7, 0x6a, 0x7c, 0x79, 0xd7, 0xe6,
    0xc4, 0x93, 0x0b, 0x00, 0xec, 0x3c, 0xb8, 0xf2, 0xe8, 0xcc, 0xaf, 0x4f, 0x0f, 0x0b, 0x7d, 0x7b,
    0x71, 0xed, 0xc0, 0xb7, 0x76, 0x78, 0x0f, 0xaf, 0x75, 0x3c, 0xef, 0xdb, 0x63, 0x75, 0x57, 0x2c,
    0x5b, 0x1d, 0xb6, 0xfb, 0xf7, 0xf0, 0xe3, 0xcb, 0x9f, 0x4f, 0xbf, 0xbe, 0xfd, 0xfb, 0xf8, 0xf3,
    0xeb, 0xdf, 0xcf, 0xbf, 0xbf, 0xff, 0xff, 0x00, 0x06, 0x28, 0xe0, 0x80, 0x04, 0x06, 0x05, 0xc0,
    0x81, 0x68, 0x1d, 0xa8, 0x1e, 0x59, 0x0a, 0x16, 0xe8, 0xe0, 0x83, 0x10, 0x46, 0x28, 0xe1, 0x84,
    0x14, 0x56, 0x58, 0x52, 0x83, 0x67, 0x61, 0x68, 0x96, 0x86, 0x16, 0x76, 0xe8, 0xe1, 0x87, 0x20,
    0x86, 0x28, 0xe2, 0x88, 0x24, 0x7e, 0xc4, 0x21, 0x83, 0x08, 0x66, 0x98, 0x62, 0x89, 0x2c, 0xb6,
    0xe8, 0xe2, 0x8b, 0x30, 0xc6, 0xc8, 0x59, 0x63, 0x64, 0xd1, 0x38, 0x96, 0x8d, 0x62, 0xe1, 0x28,
    0xe3, 0x8e, 0x3c, 0x7e, 0xa4, 0x23, 0x58, 0x3f, 0x7e, 0x15, 0xe4, 0x52, 0x01, 0x01, 0x00, 0x21,
    0xf9, 0x04, 0x01, 0x05, 0x00, 0x02, 0x00, 0x2c, 0xbe, 0x00, 0x56, 0x00, 0x43, 0x00, 0xe7, 0x00,
    0x81, 0x00, 0x00, 0x00, 0xff, 0xff, 0xff, 0x00, 0x00, 0x00, 0x00, 0x00, 0x00, 0x08, 0xff, 0x00,
    0x05, 0x08, 0x1c, 0x48, 0xb0, 0xa0, 0xc1, 0x83, 0x08, 0x13, 0x1a, 0x04, 0xc0, 0x50, 0xa1, 0xc3,
    0x87, 0x10, 0x23, 0x12, 0x64, 0x08, 0x40, 0xa2, 0xc5, 0x8b, 0x16, 0x29, 0x62, 0xdc, 0xc8, 0xf1,
    0xa0, 0xc6, 0x8e, 0x20, 0x43, 0x8a, 0x1c, 0x49, 0xb2, 0xa4, 0xc9, 0x93, 0x28, 0x53, 0xaa, 0x5c,
    0xc9, 0xb2, 0xa5, 0xcb, 0x97, 0x30, 0x63, 0xca, 0x9c, 0x49, 0xb3, 0xa6, 0xcd, 0x9b, 0x38, 0x73,
    0xea, 0xdc, 0xc9, 0xb3, 0xa7, 0xcf, 0x9f, 0x40, 0x83, 0x0a, 0x1d, 0x4a, 0xb4, 0xa8, 0xd1, 0xa3,
    0x48, 0x93, 0x2a, 0x5d, 0xca, 0xb4, 0xa9, 0xd3, 0xa7, 0x50, 0xa3, 0x4a, 0x9d, 0x4a, 0xb5, 0xaa,
    0xd5, 0xab, 0x58, 0xb3, 0x6a, 0xdd, 0xca, 0xb5, 0xab, 0xd7, 0xaf, 0x60, 0xc3, 0x8a, 0x1d, 0x4b,
    0xb6, 0xac, 0xd9, 0xb3, 0x68, 0x87, 0x52, 0xac, 0x98, 0xf2, 0xe3, 0xc4, 0xb5, 0x70, 0x1f, 0xae,
    0x55, 0xe9, 0x76, 0x20, 0xdc, 0xb8, 0x0e, 0xe7, 0xb6, 0x6d, 0x58, 0xf0, 0xae, 0xde, 0xb4, 0x80,
    0x03, 0x0b, 0x1e, 0x4c, 0xb8, 0xb0, 0xe1, 0xc3, 0x88, 0x13, 0x2b, 0x5e, 0xcc, 0xb8, 0xb1, 0xe3,
    0xc7, 0x90, 0x23, 0x4b, 0x9e, 0x4c, 0xb9, 0xb2, 0xe5, 0xcb, 0x98, 0x33, 0x6b, 0xde, 0xcc, 0xb9,
    0xb3, 0xe7, 0xcf, 0xa0, 0x43, 0x8b, 0x1e, 0x4d, 0xba, 0xb4, 0xe9, 0xd3, 0xa8, 0x53, 0xab, 0x5e,
    0xcd, 0xba, 0xb5, 0xeb, 0xd7, 0xb0, 0x63, 0xcb, 0x9e, 0x4d, 0xbb, 0x76, 0xe7, 0xba, 0x46, 0x71,
    0x17, 0xd5, 0x4d, 0x94, 0xb7, 0xed, 0xdf, 0xc0, 0x83, 0xf7, 0xf4, 0x2d, 0x94, 0x78, 0x50, 0xe3,
    0xc2, 0x93, 0x2b, 0x5f, 0xce, 0xbc, 0xb9, 0xf3, 0xe7, 0xd0, 0xa3, 0x4b, 0xe7, 0x89, 0xfc, 0x67,
    0x75, 0x9f, 0xd7, 0xa7, 0x6b, 0xdf, 0xce, 0x3d, 0x6a, 0x76, 0xea, 0x7c, 0x91, 0x7e, 0x03, 0x47,
    0x19, 0x10, 0x00, 0x21, 0xf9, 0x04, 0x01, 0x05, 0x00, 0x02, 0x00, 0x2c, 0xd1, 0x00, 0x56, 0x00,
    0x4e, 0x00, 0xe7, 0x00, 0x81, 0x00, 0x00, 0x00, 0xff, 0xff, 0xff, 0x00, 0x00, 0x00, 0x00, 0x00,
    0x00, 0x08, 0xff, 0x00, 0x05, 0x08, 0x1c, 0x48, 0x70, 0x60, 0x80, 0x83, 0x05, 0x13, 0x2a, 0x5c,
    0xc8, 0xb0, 0xa1, 0xc3, 0x87, 0x0a, 0x0f, 0x06, 0x80, 0x48, 0xb1, 0xa2, 0xc5, 0x8b, 0x12, 0x2f,
    0x6a, 0xdc, 0xc8, 0x51, 0x40, 0xc6, 0x8e, 0x20, 0x43, 0x8a, 0x1c, 0x49, 0xb2, 0xa4, 0xc9, 0x93,
    0x28, 0x53, 0xaa, 0x5c, 0xc9, 0xb2, 0xa5, 0xcb, 0x97, 0x30, 0x63, 0xca, 0x9c, 0x49, 0xb3, 0xa6,
    0xcd, 0x9b, 0x38, 0x73, 0xea, 0xdc, 0xc9, 0xb3, 0xa7, 0xcf, 0x9f, 0x40, 0x83, 0x0a, 0x1d, 0x4a,
    0xb4, 0xa8, 0xd1, 0xa3, 0x48, 0x93, 0x2a, 0x5d, 0xca, 0xb4, 0xa9, 0xd3, 0xa7, 0x50, 0xa3, 0x4a,
    0x9d, 0x4a, 0xb5, 0xaa, 0xd5, 0xab, 0x58, 0xb3, 0x6a, 0xdd, 0xca, 0xb5, 0xab, 0xd7, 0xaf, 0x60,
    0xc3, 0x8a, 0x1d, 0x4b, 0xb6, 0xac, 0xd9, 0xb3, 0x68, 0xd3, 0xaa, 0x5d, 0x9b, 0xf2, 0xe3, 0x54,
    0xb7, 0x52, 0xe1, 0x46, 0x95, 0xcb, 0xb6, 0xee, 0x53, 0xba, 0x77, 0x11, 0x52, 0xc5, 0x6b, 0xb7,
    0xaf, 0xdf, 0xbf, 0x80, 0x03, 0x0b, 0x1e, 0x4c, 0xb8, 0xb0, 0xe1, 0xc3, 0x88, 0x13, 0x2b, 0x5e,
    0xcc, 0xb8, 0xb1, 0xe3, 0xa6, 0x13, 0xab, 0xf2, 0x65, 0x2a, 0x31, 0xf2, 0xdb, 0xc9, 0x94, 0xf5,
    0x5e, 0xd6, 0x3c, 0x17, 0xf3, 0x52, 0xcf, 0x4a, 0x2b, 0xef, 0x05, 0xfd, 0x59, 0x2a, 0x00, 0x00,
    0x04, 0x51, 0x43, 0x3d, 0xad, 0xda, 0xf4, 0x69, 0x8f, 0x91, 0x5b, 0x33, 0x65, 0x0d, 0x5b, 0xa0,
    0xec, 0xa5, 0xb4, 0xf5, 0xde, 0x56, 0x9a, 0x3b, 0xf6, 0xd3, 0xde, 0xb6, 0x7f, 0xbf, 0xd6, 0x2d,
    0x1c, 0x35, 0x71, 0xa7, 0xc0, 0x05, 0xec, 0x4e, 0x9a, 0x7c, 0x39, 0xd2, 0xe6, 0xc5, 0x6b, 0x2b,
    0x8f, 0x7e, 0xbc, 0x29, 0xf4, 0xe8, 0x54, 0x5f, 0x0f, 0x74, 0xee, 0xd4, 0x72, 0x67, 0xce, 0x50,
    0x45, 0x6f, 0x6a, 0x1e, 0x0d, 0x3e, 0x6f, 0xf9, 0xee, 0xe7, 0x21, 0x93, 0x36, 0x2a, 0x7e, 0xbc,
    0xe4, 0xc7, 0xf0, 0xe3, 0xcb, 0x9f, 0x4f, 0xbf, 0xbe, 0xfd, 0xfb, 0xf8, 0xf3, 0xeb, 0xdf, 0xcf,
    0xbf, 0xbf, 0xff, 0xff, 0x00, 0x06, 0x58, 0xd4, 0x7a, 0x47, 0x11, 0xc8, 0x5e, 0x7a, 0x02, 0x26,
    0xa8, 0xe0, 0x82, 0x0c, 0x36, 0xe8, 0x90, 0x81, 0x03, 0x22, 0x98, 0x99, 0x77, 0x0e, 0x56, 0x68,
    0xe1, 0x85, 0x18, 0x66, 0xa8, 0xe1, 0x86, 0x1c, 0x76, 0xe8, 0xe1, 0x87, 0x20, 0x66, 0x08, 0x21,
    0x51, 0x23, 0x0e, 0x55, 0x62, 0x88, 0xf9, 0xb5, 0xf7, 0x1d, 0x85, 0xe6, 0xb1, 0x88, 0xe2, 0x8b,
    0x30, 0xc6, 0xa8, 0xe0, 0x89, 0x41, 0xd1, 0x08, 0x94, 0x8d, 0x3f, 0x05, 0x04, 0x00, 0x21, 0xf9,
    0x04, 0x01, 0x05, 0x00, 0x02, 0x00, 0x2c, 0xbe, 0x00, 0x56, 0x00, 0x53, 0x00, 0xe7, 0x00, 0x81,
    0x00, 0x00, 0x00, 0xff, 0xff, 0xff, 0x00, 0x00, 0x00, 0x00, 0x00, 0x00, 0x08, 0xff, 0x00, 0x05,
    0x08, 0x1c, 0x48, 0xb0, 0xa0, 0xc1, 0x83, 0x04, 0x01, 0x28, 0x44, 0xc8, 0xb0, 0xa1, 0xc3, 0x87,
    0x10, 0x23, 0x0e, 0x54, 0x08, 0x40, 0xa2, 0xc5, 0x8b, 0x18, 0x23, 0x52, 0xcc, 0xc8, 0xb1, 0x23,
    0xc7, 0x8d, 0x1e, 0x43, 0x8a, 0x1c, 0xc9, 0x31, 0x80, 0x49, 0x92, 0x28, 0x51, 0x9a, 0x0c, 0x90,
    0xb2, 0x65, 0xc8, 0x95, 0x2e, 0x63, 0xca, 0x9c, 0x49, 0xb3, 0xa6, 0xcd, 0x9b, 0x20, 0x6f, 0xea,
    0x9c, 0xb8, 0x70, 0xa7, 0xcf, 0x9c, 0x3e, 0x69, 0x02, 0x0d, 0x5a, 0x73, 0x28, 0xd1, 0x99, 0x46,
    0x8f, 0xc6, 0x4c, 0xaa, 0xb4, 0xa9, 0xd3, 0xa7, 0x50, 0xa3, 0x4a, 0x9d, 0x4a, 0xb5, 0xaa, 0xd5,
    0xab, 0x58, 0xb3, 0x6a, 0xdd, 0xca, 0xb5, 0xab, 0xd7, 0xaf, 0x60, 0xc3, 0x8a, 0x1d, 0x4b, 0xb6,
    0xac, 0xd9, 0xb3, 0x68, 0xd3, 0xaa, 0x5d, 0xcb, 0xb6, 0xad, 0xdb, 0xb7, 0x70, 0xe3, 0xca, 0x9d,
    0x4b, 0xb7, 0xae, 0xdd, 0xbb, 0x78, 0xf3, 0xea, 0x5d, 0xcb, 0x14, 0x6d, 0xdf, 0xb3, 0x7f, 0xf7,
    0x0a, 0x1e, 0xec, 0x34, 0x70, 0x59, 0xc3, 0x64, 0x11, 0x8f, 0x55, 0x4c, 0xb8, 0xb1, 0xe3, 0xbd,
    0x2b, 0x61, 0xb2, 0x8d, 0x7c, 0x72, 0x32, 0xe5, 0xc7, 0x98, 0x33, 0x6b, 0xde, 0xcc, 0xb9, 0xb3,
    0xe7, 0xcf, 0xa0, 0x43, 0x8b, 0x1e, 0x4d, 0xba, 0xb4, 0xe9, 0xd3, 0xa8, 0x53, 0xab, 0x5e, 0xcd,
    0xba, 0xb5, 0xeb, 0xd7, 0xb0, 0x63, 0xcb, 0x9e, 0x4d, 0xbb, 0xb6, 0xed, 0xdb, 0xb8, 0x73, 0xeb,
    0xde, 0xcd, 0xbb, 0xb7, 0xef, 0xdf, 0xc0, 0x83, 0x0b, 0x1f, 0x4e, 0xbc, 0xb8, 0xf1, 0xe3, 0xc8,
    0x93, 0x2b, 0x5f, 0xce, 0xbc, 0xb9, 0xf3, 0xe7, 0xd0, 0xa3, 0x4b, 0x9f, 0x1e, 0x56, 0xb2, 0x5b,
    0xeb, 0x6d, 0xb1, 0x53, 0xdf, 0xce, 0xbd, 0xbb, 0xf7, 0xef, 0xe0, 0xc3, 0x8b, 0x2f, 0x1f, 0x4f,
    0xbe, 0x25, 0xe3, 0xb0, 0xe7, 0xc1, 0xa6, 0xff, 0xba, 0xbe, 0xbc, 0xfb, 0xf7, 0xf0, 0xe3, 0xcb,
    0x9f, 0x4f, 0xbf, 0xbe, 0xfd, 0xfb, 0xf8, 0xf3, 0xeb, 0xdf, 0xcf, 0xdf, 0x7b, 0x7b, 0x92, 0xda,
    0xa1, 0xf4, 0xdf, 0x48, 0x01, 0x92, 0x34, 0xa0, 0x48, 0x05, 0x1a, 0x14, 0x10, 0x00, 0x21, 0xf9,
    0x04, 0x01, 0x05, 0x00, 0x02, 0x00, 0x2c, 0xc4, 0x00, 0x56, 0x00, 0x4d, 0x00, 0xe7, 0x00, 0x81,
    0x00, 0x00, 0x00, 0xff, 0xff, 0xff, 0x00, 0x00, 0x00, 0x00, 0x00, 0x00, 0x08, 0xff, 0x00, 0x05,
    0x08, 0x1c, 0x48, 0xb0, 0xa0, 0xc1, 0x82, 0x01, 0x12, 0x1e, 0x5c, 0xc8, 0xb0, 0xa1, 0xc3, 0x87,
    0x10, 0x09, 0x26, 0x0c, 0x10, 0xb1, 0xa2, 0xc5, 0x8b, 0x0f, 0x27, 0x62, 0xdc, 0xc8, 0xf1, 0xa2,
    0xc6, 0x8e, 0x20, 0x43, 0x8a, 0xc4, 0x08, 0xa0, 0xe4, 0xc8, 0x93, 0x21, 0x4b, 0x02, 0x40, 0xc9,
    0x72, 0xa3, 0xca, 0x96, 0x30, 0x63, 0xca, 0x9c, 0x49, 0xb3, 0x26, 0xc7, 0x8f, 0x36, 0x6d, 0xe2,
    0xcc, 0x49, 0x73, 0x27, 0xcf, 0x9f, 0x40, 0x83, 0x0a, 0x1d, 0x4a, 0xb4, 0xa8, 0xd1, 0xa3, 0x48,
    0x93, 0x2a, 0x5d, 0xca, 0xb4, 0xa9, 0xd3, 0xa7, 0x50, 0xa3, 0x4a, 0x9d, 0x4a, 0xb5, 0xaa, 0xd5,
    0xab, 0x58, 0xb3, 0x6a, 0xdd, 0xca, 0xb5, 0xab, 0xd7, 0xaf, 0x60, 0xc3, 0x8a, 0x1d, 0x4b, 0xb6,
    0xac, 0xd9, 0xb3, 0x68, 0xd3, 0xaa, 0x5d, 0xcb, 0xb6, 0xad, 0xdb, 0xb7, 0x70, 0xe3, 0xca, 0x9d,
    0x4b, 0xb7, 0xae, 0xdd, 0xbb, 0x78, 0xf3, 0xea, 0xdd, 0xcb, 0x77, 0xa0, 0xcf, 0x82, 0x2a, 0x5f,
    0x46, 0xfd, 0x4b, 0x30, 0xb0, 0xc9, 0xc1, 0x0a, 0x19, 0x1a, 0x5e, 0xd9, 0xb7, 0xb1, 0xe3, 0xc7,
    0x90, 0x23, 0x4b, 0x9e, 0x4c, 0xb9, 0xb2, 0xe5, 0xcb, 0x98, 0x33, 0x6b, 0xde, 0xcc, 0xb9, 0xb3,
    0xe7, 0xcf, 0xa0, 0x43, 0x8b, 0x1e, 0x4d, 0xba, 0xb4, 0xe9, 0xd3, 0xa8, 0x53, 0xab, 0x5e, 0xcd,
    0xba, 0xb5, 0xeb, 0xd7, 0xb0, 0x63, 0xcb, 0x9e, 0x4d, 0xbb, 0xb6, 0xed, 0xdb, 0xb8, 0x73, 0xeb,
    0xde, 0xcd, 0xbb, 0xb7, 0xef, 0xdf, 0xc0, 0x83, 0x0b, 0x1f, 0xbe, 0x54, 0x30, 0x58, 0xe3, 0x5f,
    0x91, 0x13, 0x5f, 0xce, 0xbc, 0xb9, 0xf3, 0xe7, 0xd0, 0xa3, 0x4b, 0x9f, 0x4e, 0xbd, 0xba, 0xf5,
    0xeb, 0xd8, 0xb3, 0x6b, 0xdf, 0xce, 0xbd, 0xbb, 0xf7, 0xef, 0xe0, 0xc3, 0x8b, 0x0c, 0x1f, 0x4f,
    0x7e, 0x33, 0xe1, 0xad, 0xe7, 0xb5, 0xa6, 0x67, 0x1a, 0x10, 0x00, 0x21, 0xf9, 0x04, 0x01, 0x05,
    0x00, 0x02, 0x00, 0x2c, 0xbe, 0x00, 0x56, 0x00, 0x56, 0x00, 0xe7, 0x00, 0x81, 0x00, 0x00, 0x00,
    0xff, 0xff, 0xff, 0x00, 0x00, 0x00, 0x00, 0x00, 0x00, 0x08, 0xff, 0x00, 0x05, 0x08, 0x1c, 0x48,
    0xb0, 0xa0, 0xc1, 0x83, 0x04, 0x01, 0x28, 0x5c, 0x88, 0xb0, 0xa1, 0xc3, 0x87, 0x10, 0x23, 0x4a,
    0x1c, 0xb8, 0x90, 0xe1, 0xc4, 0x8b, 0x18, 0x33, 0x46, 0xac, 0xa8, 0x50, 0xa3, 0xc7, 0x8f, 0x1e,
    0x39, 0x02, 0x00, 0x49, 0xb2, 0xa4, 0xc9, 0x8f, 0x01, 0x52, 0x9e, 0x5c, 0xc9, 0x52, 0x60, 0xca,
    0x00, 0x2d, 0x63, 0x96, 0x7c, 0x29, 0xb3, 0x66, 0x4c, 0x9a, 0x36, 0x73, 0x4e, 0xc4, 0xa9, 0xb3,
    0xa7, 0x43, 0x9e, 0x0d, 0x2d, 0xfa, 0xd4, 0x09, 0x54, 0xa0, 0xd0, 0xa1, 0x36, 0x8b, 0x0a, 0x38,
    0x8a, 0x54, 0xa6, 0xd2, 0xa6, 0x50, 0xa3, 0x4a, 0x9d, 0x4a, 0xb5, 0xaa, 0xd5, 0xab, 0x58, 0xb3,
    0x6a, 0xdd, 0xca, 0xb5, 0xab, 0xd7, 0xaf, 0x60, 0xc3, 0x8a, 0x1d, 0x4b, 0xb6, 0xac, 0xd9, 0xb3,
    0x68, 0xd3, 0xaa, 0x5d, 0xcb, 0xb6, 0xad, 0xdb, 0xb7, 0x70, 0xe3, 0xca, 0x9d, 0x4b, 0xb7, 0xae,
    0xdd, 0xbb, 0x78, 0xf3, 0xea, 0xdd, 0xcb, 0xb7, 0xaf, 0xdf, 0xbf, 0x80, 0x03, 0x0b, 0x1e, 0x4c,
    0xb8, 0xb0, 0xe1, 0xc3, 0x88, 0x13, 0x2b, 0x5e, 0xcc, 0xb8, 0xb1, 0xe3, 0xc7, 0x86, 0x99, 0xd6,
    0x95, 0x4c, 0x97, 0x32, 0xe4, 0xcb, 0x98, 0x33, 0x6b, 0xde, 0xcc, 0xb9, 0xb3, 0xe7, 0xcf, 0xa0,
    0x43, 0x8b, 0x1e, 0x4d, 0xba, 0xb4, 0xe9, 0xd3, 0xa8, 0x53, 0xab, 0x5e, 0xcd, 0xba, 0xb5, 0xeb,
    0xd7, 0xb0, 0x63, 0xcb, 0x9e, 0x4d, 0xbb, 0xb6, 0xed, 0xdb, 0xb8, 0x73, 0xeb, 0xde, 0xcd, 0xbb,
    0xb7, 0xef, 0xdf, 0xc0, 0x83, 0x0b, 0x1f, 0x4e, 0xbc, 0xb8, 0xf1, 0xe3, 0xc8, 0x93, 0x2b, 0x5f,
    0xce, 0xbc, 0xb9, 0xf3, 0xe7, 0xd0, 0xa3, 0x27, 0x55, 0x99, 0xf7, 0xe9, 0x5c, 0xeb, 0xd2, 0xb3,
    0x6b, 0xdf, 0xce, 0xbd, 0xbb, 0xf7, 0xef, 0xe0, 0xc3, 0x8b, 0x32, 0xc7, 0x88, 0x3d, 0x6e, 0x79,
    0xb8, 0xe7, 0xdf, 0xa6, 0x1f, 0xcf, 0xbe, 0xfd, 0x57, 0xcb, 0x72, 0xe1, 0xc7, 0x95, 0xef, 0xbe,
    0xbe, 0xfd, 0xfb, 0xf8, 0xf3, 0xeb, 0xdf, 0xcf, 0xbf, 0xbf, 0xff, 0xff, 0x9f, 0xd1, 0x97, 0x93,
    0x80, 0x24, 0x11, 0x58, 0x93, 0x81, 0x1f, 0x21, 0x18, 0x93, 0x82, 0x01, 0x01, 0x00, 0x3b
};

const lv_image_dsc_t gif_face_speaking = {
    .header.magic = LV_IMAGE_HEADER_MAGIC,
    .header.cf = LV_COLOR_FORMAT_RAW,
    .header.w = 0,
    .header.h = 0,
    .data_size = 32223,
    .data = gif_face_speaking_data,
};
