#ifdef __has_include
    #if __has_include("lvgl.h")
        #ifndef LV_LVGL_H_INCLUDE_SIMPLE
            #define LV_LVGL_H_INCLUDE_SIMPLE
        #endif
    #endif
#endif

#if defined(LV_LVGL_H_INCLUDE_SIMPLE)
    #include "lvgl.h"
#else
    #include "lvgl/lvgl.h"
#endif

#ifndef LV_ATTRIBUTE_MEM_ALIGN
#define LV_ATTRIBUTE_MEM_ALIGN
#endif

#ifndef LV_ATTRIBUTE_IMAGE_ICON_SET_ABOUT
#define LV_ATTRIBUTE_IMAGE_ICON_SET_ABOUT
#endif

const LV_ATTRIBUTE_MEM_ALIGN LV_ATTRIBUTE_LARGE_CONST LV_ATTRIBUTE_IMAGE_ICON_SET_ABOUT uint8_t icon_set_about_map[] = {
    0x00, 0x00, 0x00, 0x00, 0x00, 0x00, 0x00, 0x00, 0x00, 0x00, 0x00, 0x00, 0x00, 0x00, 0x00, 0x00,
    0x00, 0x00, 0x00, 0x00, 0x00, 0x00, 0x00, 0x00, 0x00, 0x00, 0x00, 0x00, 0x00, 0x00, 0x00, 0x00,
    0x00, 0x00, 0x00, 0x00, 0x00, 0x00, 0x00, 0x00, 0x50, 0x30, 0xbf, 0x10, 0x5a, 0x3b, 0xca, 0x5b,
    0x5b, 0x3a, 0xc8, 0x9f, 0x5a, 0x3a, 0xc8, 0xcf, 0x5b, 0x3a, 0xc8, 0xeb, 0x5b, 0x3a, 0xc8, 0xff,
    0x5b, 0x3a, 0xc8, 0xff, 0x5b, 0x3a, 0xc8, 0xff, 0x5b, 0x3a, 0xc8, 0xff, 0x5b, 0x3a, 0xc8, 0xff,
    0x5b, 0x3a, 0xc8, 0xff, 0x5b, 0x3a, 0xc8, 0xff, 0x5b, 0x3a, 0xc8, 0xff, 0x5b, 0x3a, 0xc8, 0xff,
    0x5b, 0x3a, 0xc8, 0xff, 0x5b, 0x3a, 0xc8, 0xff, 0x5b, 0x3a, 0xc8, 0xff, 0x5b, 0x3a, 0xc8, 0xff,
    0x5b, 0x3a, 0xc8, 0xff, 0x5b, 0x3a, 0xc8, 0xff, 0x5b, 0x3a, 0xc8, 0xff, 0x5b, 0x3a, 0xc8, 0xff,
    0x5b, 0x3a, 0xc8, 0xff, 0x5b, 0x3a, 0xc8, 0xff, 0x5b, 0x3a, 0xc8, 0xff, 0x5b, 0x3a, 0xc8, 0xff,
    0x5b, 0x3a, 0xc8, 0xff, 0x5b, 0x3a, 0xc8, 0xff, 0x5b, 0x3a, 0xc8, 0xff, 0x5b, 0x3a, 0xc8, 0xff,
    0x5b, 0x3a, 0xc8, 0xff, 0x5b, 0x3a, 0xc8, 0xff, 0x5b, 0x3a, 0xc8, 0xff, 0x5b, 0x3a, 0xc8, 0xff,
    0x5b, 0x3a, 0xc8, 0xff, 0x5b, 0x3a, 0xc8, 0xff, 0x5b, 0x3a, 0xc8, 0xff, 0x5b, 0x3a, 0xc8, 0xff,
    0x5b, 0x3a, 0xc8, 0xff, 0x5b, 0x3a, 0xc8, 0xeb, 0x5a, 0x3a, 0xc8, 0xcb, 0x5a, 0x3a, 0xc9, 0x9b,
    0x5a, 0x3b, 0xca, 0x5b, 0x50, 0x30, 0xbf, 0x10, 0x00, 0x00, 0x00, 0x00, 0x00, 0x00, 0x00, 0x00,
    0x00, 0x00, 0x00, 0x00, 0x00, 0x00, 0x00, 0x00, 0x00, 0x00, 0x00, 0x00, 0x00, 0x00, 0x00, 0x00,
    0x00, 0x00, 0x00, 0x00, 0x00, 0x00, 0x00, 0x00, 0x00, 0x00, 0x00, 0x00, 0x00, 0x00, 0x00, 0x00,
    0x00, 0x00, 0x00, 0x00, 0x00, 0x00, 0x00, 0x00, 0x00, 0x00, 0x00, 0x00, 0x00, 0x00, 0x00, 0x00,
    0x00, 0x00, 0x00, 0x00, 0x00, 0x00, 0x00, 0x00, 0x00, 0x00, 0x00, 0x00, 0x00, 0x00, 0x00, 0x00,
    0x57, 0x3a, 0xcc, 0x23, 0x5b, 0x3a, 0xc8, 0x9f, 0x5b, 0x3a, 0xc7, 0xf7, 0x5b, 0x3a, 0xc8, 0xff,
    0x5b, 0x3a, 0xc8, 0xff, 0x5b, 0x3a, 0xc8, 0xff, 0x5b, 0x3a, 0xc8, 0xff, 0x5b, 0x3a, 0xc8, 0xff,
    0x5b, 0x3a, 0xc8, 0xff, 0x5b, 0x3a, 0xc8, 0xff, 0x5b, 0x3a, 0xc8, 0xff, 0x5b, 0x3a, 0xc8, 0xff,
    0x5b, 0x3a, 0xc8, 0xff, 0x5b, 0x3a, 0xc8, 0xff, 0x5b, 0x3a, 0xc8, 0xff, 0x5b, 0x3a, 0xc8, 0xff,
    0x5b, 0x3a, 0xc8, 0xff, 0x5b, 0x3a, 0xc8, 0xff, 0x5b, 0x3a, 0xc8, 0xff, 0x5b, 0x3a, 0xc8, 0xff,
    0x5b, 0x3a, 0xc8, 0xff, 0x5b, 0x3a, 0xc8, 0xff, 0x5b, 0x3a, 0xc8, 0xff, 0x5b, 0x3a, 0xc8, 0xff,
    0x5b, 0x3a, 0xc8, 0xff, 0x5b, 0x3a, 0xc8, 0xff, 0x5b, 0x3a, 0xc8, 0xff, 0x5b, 0x3a, 0xc8, 0xff,
    0x5b, 0x3a, 0xc8, 0xff, 0x5b, 0x3a, 0xc8, 0xff, 0x5b, 0x3a, 0xc8, 0xff, 0x5b, 0x3a, 0xc8, 0xff,
    0x5b, 0x3a, 0xc8, 0xff, 0x5b, 0x3a, 0xc8, 0xff, 0x5b, 0x3a, 0xc8, 0xff, 0x5b, 0x3a, 0xc8, 0xff,
    0x5b, 0x3a, 0xc8, 0xff, 0x5b, 0x3a, 0xc8, 0xff, 0x5b, 0x3a, 0xc8, 0xff, 0x5b, 0x3a, 0xc8, 0xff,
    0x5b, 0x3a, 0xc8, 0xff, 0x5b, 0x3a, 0xc8, 0xff, 0x5b, 0x3a, 0xc8, 0xff, 0x5b, 0x3a, 0xc8, 0xff,
    0x5b, 0x3a, 0xc8, 0xff, 0x5b, 0x3a, 0xc7, 0xf7, 0x5b, 0x39, 0xc7, 0x97, 0x5c, 0x3b, 0xcb, 0x27,
    0x00, 0x00, 0x00, 0x00, 0x00, 0x00, 0x00, 0x00, 0x00, 0x00, 0x00, 0x00, 0x00, 0x00, 0x00, 0x00,
    0x00, 0x00, 0x00, 0x00, 0x00, 0x00, 0x00, 0x00, 0x00, 0x00, 0x00, 0x00, 0x00, 0x00, 0x00, 0x00,
    0x00, 0x00, 0x00, 0x00, 0x00, 0x00, 0x00, 0x00, 0x00, 0x00, 0x00, 0x00, 0x00, 0x00, 0x00, 0x00,
    0x00, 0x00, 0x00, 0x00, 0x00, 0x00, 0x00, 0x00, 0x60, 0x20, 0xbf, 0x08, 0x5a, 0x39, 0xc8, 0x8b,
    0x5a, 0x3a, 0xc7, 0xfb, 0x5b, 0x3a, 0xc8, 0xff, 0x5b, 0x3a, 0xc8, 0xff, 0x5b, 0x3a, 0xc8, 0xff,
    0x5b, 0x3a, 0xc8, 0xff, 0x5b, 0x3a, 0xc8, 0xff, 0x5b, 0x3a, 0xc8, 0xff, 0x5b, 0x3a, 0xc8, 0xff,
    0x5b, 0x3a, 0xc8, 0xff, 0x5b, 0x3a, 0xc8, 0xff, 0x5b, 0x3a, 0xc8, 0xff, 0x5b, 0x3a, 0xc8, 0xff,
    0x5b, 0x3a, 0xc8, 0xff, 0x5b, 0x3a, 0xc8, 0xff, 0x5b, 0x3a, 0xc8, 0xff, 0x5b, 0x3a, 0xc8, 0xff,
    0x5b, 0x3a, 0xc8, 0xff, 0x5b, 0x3a, 0xc8, 0xff, 0x5b, 0x3a, 0xc8, 0xff, 0x5b, 0x3a, 0xc8, 0xff,
    0x5b, 0x3a, 0xc8, 0xff, 0x5b, 0x3a, 0xc8, 0xff, 0x5b, 0x3a, 0xc8, 0xff, 0x5b, 0x3a, 0xc8, 0xff,
    0x5b, 0x3a, 0xc8, 0xff, 0x5b, 0x3a, 0xc8, 0xff, 0x5b, 0x3a, 0xc8, 0xff, 0x5b, 0x3a, 0xc8, 0xff,
    0x5b, 0x3a, 0xc8, 0xff, 0x5b, 0x3a, 0xc8, 0xff, 0x5b, 0x3a, 0xc8, 0xff, 0x5b, 0x3a, 0xc8, 0xff,
    0x5b, 0x3a, 0xc8, 0xff, 0x5b, 0x3a, 0xc8, 0xff, 0x5b, 0x3a, 0xc8, 0xff, 0x5b, 0x3a, 0xc8, 0xff,
    0x5b, 0x3a, 0xc8, 0xff, 0x5b, 0x3a, 0xc8, 0xff, 0x5b, 0x3a, 0xc8, 0xff, 0x5b, 0x3a, 0xc8, 0xff,
    0x5b, 0x3a, 0xc8, 0xff, 0x5b, 0x3a, 0xc8, 0xff, 0x5b, 0x3a, 0xc8, 0xff, 0x5b, 0x3a, 0xc8, 0xff,
    0x5b, 0x3a, 0xc8, 0xff, 0x5b, 0x3a, 0xc8, 0xff, 0x5b, 0x3a, 0xc8, 0xff, 0x5b, 0x3a, 0xc7, 0xf7,
    0x5b, 0x39, 0xc8, 0x8f, 0x60, 0x40, 0xbf, 0x08, 0x00, 0x00, 0x00, 0x00, 0x00, 0x00, 0x00, 0x00,
    0x00, 0x00, 0x00, 0x00, 0x00, 0x00, 0x00, 0x00, 0x00, 0x00, 0x00, 0x00, 0x00, 0x00, 0x00, 0x00,
    0x00, 0x00, 0x00, 0x00, 0x00, 0x00, 0x00, 0x00, 0x00, 0x00, 0x00, 0x00, 0x00, 0x00, 0x00, 0x00,
    0x00, 0x00, 0x00, 0x00, 0x57, 0x3a, 0xcc, 0x23, 0x5b, 0x39, 0xc7, 0xd7, 0x5b, 0x3a, 0xc8, 0xff,
    0x5b, 0x3a, 0xc8, 0xff, 0x5b, 0x3a, 0xc8, 0xff, 0x5b, 0x3a, 0xc8, 0xff, 0x5b, 0x3a, 0xc8, 0xff,
    0x5b, 0x3a, 0xc8, 0xff, 0x5b, 0x3a, 0xc8, 0xff, 0x5b, 0x3a, 0xc8, 0xff, 0x5b, 0x3a, 0xc8, 0xff,
    0x5b, 0x3a, 0xc8, 0xff, 0x5b, 0x3a, 0xc8, 0xff, 0x5b, 0x3a, 0xc8, 0xff, 0x5b, 0x3a, 0xc8, 0xff,
    0x5b, 0x3a, 0xc8, 0xff, 0x5b, 0x3a, 0xc8, 0xff, 0x5b, 0x3a, 0xc8, 0xff, 0x5b, 0x3a, 0xc8, 0xff,
    0x5b, 0x3a, 0xc8, 0xff, 0x5b, 0x3a, 0xc8, 0xff, 0x5b, 0x3a, 0xc8, 0xff, 0x5b, 0x3a, 0xc8, 0xff,
    0x5b, 0x3a, 0xc8, 0xff, 0x5b, 0x3a, 0xc8, 0xff, 0x5b, 0x3a, 0xc8, 0xff, 0x5b, 0x3a, 0xc8, 0xff,
    0x5b, 0x3a, 0xc8, 0xff, 0x5b, 0x3a, 0xc8, 0xff, 0x5b, 0x3a, 0xc8, 0xff, 0x5b, 0x3a, 0xc8, 0xff,
    0x5b, 0x3a, 0xc8, 0xff, 0x5b, 0x3a, 0xc8, 0xff, 0x5b, 0x3a, 0xc8, 0xff, 0x5b, 0x3a, 0xc8, 0xff,
    0x5b, 0x3a, 0xc8, 0xff, 0x5b, 0x3a, 0xc8, 0xff, 0x5b, 0x3a, 0xc8, 0xff, 0x5b, 0x3a, 0xc8, 0xff,
    0x5b, 0x3a, 0xc8, 0xff, 0x5b, 0x3a, 0xc8, 0xff, 0x5b, 0x3a, 0xc8, 0xff, 0x5b, 0x3a, 0xc8, 0xff,
    0x5b, 0x3a, 0xc8, 0xff, 0x5b, 0x3a, 0xc8, 0xff, 0x5b, 0x3a, 0xc8, 0xff, 0x5b, 0x3a, 0xc8, 0xff,
    0x5b, 0x3a, 0xc8, 0xff, 0x5b, 0x3a, 0xc8, 0xff, 0x5b, 0x3a, 0xc8, 0xff, 0x5b, 0x3a, 0xc8, 0xff,
    0x5b, 0x3a, 0xc8, 0xff, 0x5a, 0x39, 0xc7, 0xd7, 0x5a, 0x3a, 0xce, 0x1f, 0x00, 0x00, 0x00, 0x00,
    0x00, 0x00, 0x00, 0x00, 0x00, 0x00, 0x00, 0x00, 0x00, 0x00, 0x00, 0x00, 0x00, 0x00, 0x00, 0x00,
    0x00, 0x00, 0x00, 0x00, 0x00, 0x00, 0x00, 0x00, 0x00, 0x00, 0x00, 0x00, 0x00, 0x00, 0x00, 0x00,
    0x5a, 0x3c, 0xc8, 0x33, 0x5b, 0x39, 0xc8, 0xe7, 0x5b, 0x3a, 0xc8, 0xff, 0x5b, 0x3a, 0xc8, 0xff,
    0x5b, 0x3a, 0xc8, 0xff, 0x5b, 0x3a, 0xc8, 0xff, 0x5b, 0x3a, 0xc8, 0xff, 0x5b, 0x3a, 0xc8, 0xff,
    0x5b, 0x3a, 0xc8, 0xff, 0x5b, 0x3a, 0xc8, 0xff, 0x5b, 0x3a, 0xc8, 0xff, 0x5b, 0x3a, 0xc8, 0xff,
    0x5b, 0x3a, 0xc8, 0xff, 0x5b, 0x3a, 0xc8, 0xff, 0x5b, 0x3a, 0xc8, 0xff, 0x5b, 0x3a, 0xc8, 0xff,
    0x5b, 0x3a, 0xc8, 0xff, 0x5b, 0x3a, 0xc8, 0xff, 0x5b, 0x3a, 0xc8, 0xff, 0x5b, 0x3a, 0xc8, 0xff,
    0x5b, 0x3a, 0xc8, 0xff, 0x5b, 0x3a, 0xc8, 0xff, 0x5b, 0x3a, 0xc8, 0xff, 0x5b, 0x3a, 0xc8, 0xff,
    0x5b, 0x3a, 0xc8, 0xff, 0x5b, 0x3a, 0xc8, 0xff, 0x5b, 0x3a, 0xc8, 0xff, 0x5b, 0x3a, 0xc8, 0xff,
    0x5b, 0x3a, 0xc8, 0xff, 0x5b, 0x3a, 0xc8, 0xff, 0x5b, 0x3a, 0xc8, 0xff, 0x5b, 0x3a, 0xc8, 0xff,
    0x5b, 0x3a, 0xc8, 0xff, 0x5b, 0x3a, 0xc8, 0xff, 0x5b, 0x3a, 0xc8, 0xff, 0x5b, 0x3a, 0xc8, 0xff,
    0x5b, 0x3a, 0xc8, 0xff, 0x5b, 0x3a, 0xc8, 0xff, 0x5b, 0x3a, 0xc8, 0xff, 0x5b, 0x3a, 0xc8, 0xff,
    0x5b, 0x3a, 0xc8, 0xff, 0x5b, 0x3a, 0xc8, 0xff, 0x5b, 0x3a, 0xc8, 0xff, 0x5b, 0x3a, 0xc8, 0xff,
    0x5b, 0x3a, 0xc8, 0xff, 0x5b, 0x3a, 0xc8, 0xff, 0x5b, 0x3a, 0xc8, 0xff, 0x5b, 0x3a, 0xc8, 0xff,
    0x5b, 0x3a, 0xc8, 0xff, 0x5b, 0x3a, 0xc8, 0xff, 0x5b, 0x3a, 0xc8, 0xff, 0x5b, 0x3a, 0xc8, 0xff,
    0x5b, 0x3a, 0xc8, 0xff, 0x5b, 0x3a, 0xc8, 0xff, 0x5b, 0x39, 0xc8, 0xe7, 0x5a, 0x3c, 0xc8, 0x33,
    0x00, 0x00, 0x00, 0x00, 0x00, 0x00, 0x00, 0x00, 0x00, 0x00, 0x00, 0x00, 0x00, 0x00, 0x00, 0x00,
    0x00, 0x00, 0x00, 0x00, 0x00, 0x00, 0x00, 0x00, 0x00, 0x00, 0x00, 0x00, 0x5a, 0x3a, 0xce, 0x1f,
    0x5b, 0x39, 0xc8, 0xe7, 0x5b, 0x3a, 0xc8, 0xff, 0x5b, 0x3a, 0xc8, 0xff, 0x5b, 0x3a, 0xc8, 0xff,
    0x5b, 0x3a, 0xc8, 0xff, 0x5b, 0x3a, 0xc8, 0xff, 0x5b, 0x3a, 0xc8, 0xff, 0x5b, 0x3a, 0xc8, 0xff,
    0x5b, 0x3a, 0xc8, 0xff, 0x5b, 0x3a, 0xc8, 0xff, 0x5b, 0x3a, 0xc8, 0xff, 0x5b, 0x3a, 0xc8, 0xff,
    0x5b, 0x3a, 0xc8, 0xff, 0x5b, 0x3a, 0xc8, 0xff, 0x5b, 0x3a, 0xc8, 0xff, 0x5b, 0x3a, 0xc8, 0xff,
    0x5b, 0x3a, 0xc8, 0xff, 0x5b, 0x3a, 0xc8, 0xff, 0x5b, 0x3a, 0xc8, 0xff, 0x5b, 0x3a, 0xc8, 0xff,
    0x5b, 0x3a, 0xc8, 0xff, 0x5b, 0x3a, 0xc8, 0xff, 0x5b, 0x3a, 0xc8, 0xff, 0x5b, 0x3a, 0xc8, 0xff,
    0x5b, 0x3a, 0xc8, 0xff, 0x5b, 0x3a, 0xc8, 0xff, 0x5b, 0x3a, 0xc8, 0xff, 0x5b, 0x3a, 0xc8, 0xff,
    0x5b, 0x3a, 0xc8, 0xff, 0x5b, 0x3a, 0xc8, 0xff, 0x5b, 0x3a, 0xc8, 0xff, 0x5b, 0x3a, 0xc8, 0xff,
    0x5b, 0x3a, 0xc8, 0xff, 0x5b, 0x3a, 0xc8, 0xff, 0x5b, 0x3a, 0xc8, 0xff, 0x5b, 0x3a, 0xc8, 0xff,
    0x5b, 0x3a, 0xc8, 0xff, 0x5b, 0x3a, 0xc8, 0xff, 0x5b, 0x3a, 0xc8, 0xff, 0x5b, 0x3a, 0xc8, 0xff,
    0x5b, 0x3a, 0xc8, 0xff, 0x5b, 0x3a, 0xc8, 0xff, 0x5b, 0x3a, 0xc8, 0xff, 0x5b, 0x3a, 0xc8, 0xff,
    0x5b, 0x3a, 0xc8, 0xff, 0x5b, 0x3a, 0xc8, 0xff, 0x5b, 0x3a, 0xc8, 0xff, 0x5b, 0x3a, 0xc8, 0xff,
    0x5b, 0x3a, 0xc8, 0xff, 0x5b, 0x3a, 0xc8, 0xff, 0x5b, 0x3a, 0xc8, 0xff, 0x5b, 0x3a, 0xc8, 0xff,
    0x5b, 0x3a, 0xc8, 0xff, 0x5b, 0x3a, 0xc8, 0xff, 0x5b, 0x3a, 0xc8, 0xff, 0x5b, 0x39, 0xc8, 0xe7,
    0x57, 0x3a, 0xcc, 0x23, 0x00, 0x00, 0x00, 0x00, 0x00, 0x00, 0x00, 0x00, 0x00, 0x00, 0x00, 0x00,
    0x00, 0x00, 0x00, 0x00, 0x00, 0x00, 0x00, 0x00, 0x60, 0x20, 0xbf, 0x08, 0x5b, 0x39, 0xc7, 0xd7,
    0x5b, 0x3a, 0xc8, 0xff, 0x5b, 0x3a, 0xc8, 0xff, 0x5b, 0x3a, 0xc8, 0xff, 0x5b, 0x3a, 0xc8, 0xff,
    0x5b, 0x3a, 0xc8, 0xff, 0x5b, 0x3a, 0xc8, 0xff, 0x5b, 0x3a, 0xc8, 0xff, 0x5b, 0x3a, 0xc8, 0xff,
    0x5b, 0x3a, 0xc8, 0xff, 0x5b, 0x3a, 0xc8, 0xff, 0x5b, 0x3a, 0xc8, 0xff, 0x5b, 0x3a, 0xc8, 0xff,
    0x5b, 0x3a, 0xc8, 0xff, 0x5b, 0x3a, 0xc8, 0xff, 0x5b, 0x3a, 0xc8, 0xff, 0x5b, 0x3a, 0xc8, 0xff,
    0x5b, 0x3a, 0xc8, 0xff, 0x5b, 0x3a, 0xc8, 0xff, 0x5b, 0x3a, 0xc8, 0xff, 0x5b, 0x3a, 0xc8, 0xff,
    0x5b, 0x3a, 0xc8, 0xff, 0x5b, 0x3a, 0xc8, 0xff, 0x5b, 0x3a, 0xc8, 0xff, 0x5b, 0x3a, 0xc8, 0xff,
    0x5b, 0x3a, 0xc8, 0xff, 0x5b, 0x3a, 0xc8, 0xff, 0x5b, 0x3a, 0xc8, 0xff, 0x5b, 0x3a, 0xc8, 0xff,
    0x5b, 0x3a, 0xc8, 0xff, 0x5b, 0x3a, 0xc8, 0xff, 0x5b, 0x3a, 0xc8, 0xff, 0x5b, 0x3a, 0xc8, 0xff,
    0x5b, 0x3a, 0xc8, 0xff, 0x5b, 0x3a, 0xc8, 0xff, 0x5b, 0x3a, 0xc8, 0xff, 0x5b, 0x3a, 0xc8, 0xff,
    0x5b, 0x3a, 0xc8, 0xff, 0x5b, 0x3a, 0xc8, 0xff, 0x5b, 0x3a, 0xc8, 0xff, 0x5b, 0x3a, 0xc8, 0xff,
    0x5b, 0x3a, 0xc8, 0xff, 0x5b, 0x3a, 0xc8, 0xff, 0x5b, 0x3a, 0xc8, 0xff, 0x5b, 0x3a, 0xc8, 0xff,
    0x5b, 0x3a, 0xc8, 0xff, 0x5b, 0x3a, 0xc8, 0xff, 0x5b, 0x3a, 0xc8, 0xff, 0x5b, 0x3a, 0xc8, 0xff,
    0x5b, 0x3a, 0xc8, 0xff, 0x5b, 0x3a, 0xc8, 0xff, 0x5b, 0x3a, 0xc8, 0xff, 0x5b, 0x3a, 0xc8, 0xff,
    0x5b, 0x3a, 0xc8, 0xff, 0x5b, 0x3a, 0xc8, 0xff, 0x5b, 0x3a, 0xc8, 0xff, 0x5b, 0x3a, 0xc8, 0xff,
    0x5a, 0x39, 0xc7, 0xd7, 0x60, 0x40, 0xbf, 0x08, 0x00, 0x00, 0x00, 0x00, 0x00, 0x00, 0x00, 0x00,
    0x00, 0x00, 0x00, 0x00, 0x00, 0x00, 0x00, 0x00, 0x5b, 0x39, 0xc8, 0x8f, 0x5b, 0x3a, 0xc8, 0xff,
    0x5b, 0x3a, 0xc8, 0xff, 0x5b, 0x3a, 0xc8, 0xff, 0x5b, 0x3a, 0xc8, 0xff, 0x5b, 0x3a, 0xc8, 0xff,
    0x5b, 0x3a, 0xc8, 0xff, 0x5b, 0x3a, 0xc8, 0xff, 0x5b, 0x3a, 0xc8, 0xff, 0x5b, 0x3a, 0xc8, 0xff,
    0x5b, 0x3a, 0xc8, 0xff, 0x5b, 0x3a, 0xc8, 0xff, 0x5b, 0x3a, 0xc8, 0xff, 0x5b, 0x3a, 0xc8, 0xff,
    0x5b, 0x3a, 0xc8, 0xff, 0x5b, 0x3a, 0xc8, 0xff, 0x5b, 0x3a, 0xc8, 0xff, 0x5b, 0x3a, 0xc8, 0xff,
    0x5b, 0x3a, 0xc8, 0xff, 0x5b, 0x3a, 0xc8, 0xff, 0x5b, 0x3a, 0xc8, 0xff, 0x5b, 0x3a, 0xc8, 0xff,
    0x5b, 0x3a, 0xc8, 0xff, 0x5b, 0x3a, 0xc8, 0xff, 0x5b, 0x3a, 0xc8, 0xff, 0x5b, 0x3a, 0xc8, 0xff,
    0x5b, 0x3a, 0xc8, 0xff, 0x5b, 0x3a, 0xc8, 0xff, 0x5b, 0x3a, 0xc8, 0xff, 0x5b, 0x3a, 0xc8, 0xff,
    0x5b, 0x3a, 0xc8, 0xff, 0x5b, 0x3a, 0xc8, 0xff, 0x5b, 0x3a, 0xc8, 0xff, 0x5b, 0x3a, 0xc8, 0xff,
    0x5b, 0x3a, 0xc8, 0xff, 0x5b, 0x3a, 0xc8, 0xff, 0x5b, 0x3a, 0xc8, 0xff, 0x5b, 0x3a, 0xc8, 0xff,
    0x5b, 0x3a, 0xc8, 0xff, 0x5b, 0x3a, 0xc8, 0xff, 0x5b, 0x3a, 0xc8, 0xff, 0x5b, 0x3a, 0xc8, 0xff,
    0x5b, 0x3a, 0xc8, 0xff, 0x5b, 0x3a, 0xc8, 0xff, 0x5b, 0x3a, 0xc8, 0xff, 0x5b, 0x3a, 0xc8, 0xff,
    0x5b, 0x3a, 0xc8, 0xff, 0x5b, 0x3a, 0xc8, 0xff, 0x5b, 0x3a, 0xc8, 0xff, 0x5b, 0x3a, 0xc8, 0xff,
    0x5b, 0x3a, 0xc8, 0xff, 0x5b, 0x3a, 0xc8, 0xff, 0x5b, 0x3a, 0xc8, 0xff, 0x5b, 0x3a, 0xc8, 0xff,
    0x5b, 0x3a, 0xc8, 0xff, 0x5b, 0x3a, 0xc8, 0xff, 0x5b, 0x3a, 0xc8, 0xff, 0x5b, 0x3a, 0xc8, 0xff,
    0x5b, 0x3a, 0xc8, 0xff, 0x5a, 0x39, 0xc8, 0x8b, 0x00, 0x00, 0x00, 0x00, 0x00, 0x00, 0x00, 0x00,
    0x00, 0x00, 0x00, 0x00, 0x5c, 0x3b, 0xcb, 0x27, 0x5b, 0x3a, 0xc7, 0xf7, 0x5b, 0x3a, 0xc8, 0xff,
    0x5b, 0x3a, 0xc8, 0xff, 0x5b, 0x3a, 0xc8, 0xff, 0x5b, 0x3a, 0xc8, 0xff, 0x5b, 0x3a, 0xc8, 0xff,
    0x5b, 0x3a, 0xc8, 0xff, 0x5b, 0x3a, 0xc8, 0xff, 0x5b, 0x3a, 0xc8, 0xff, 0x5b, 0x3a, 0xc8, 0xff,
    0x5b, 0x3a, 0xc8, 0xff, 0x5b, 0x3a, 0xc8, 0xff, 0x5b, 0x3a, 0xc8, 0xff, 0x5b, 0x3a, 0xc8, 0xff,
    0x5b, 0x3a, 0xc8, 0xff, 0x5b, 0x3a, 0xc8, 0xff, 0x5b, 0x3a, 0xc8, 0xff, 0x5b, 0x3a, 0xc8, 0xff,
    0x5b, 0x3a, 0xc8, 0xff, 0x5b, 0x3a, 0xc8, 0xff, 0x5b, 0x3a, 0xc8, 0xff, 0x5b, 0x3a, 0xc8, 0xff,
    0x5b, 0x3a, 0xc8, 0xff, 0x5b, 0x3a, 0xc8, 0xff, 0x5b, 0x3a, 0xc8, 0xff, 0x5b, 0x3a, 0xc8, 0xff,
    0x5b, 0x3a, 0xc8, 0xff, 0x5b, 0x3a, 0xc8, 0xff, 0x5b, 0x3a, 0xc8, 0xff, 0x5b, 0x3a, 0xc8, 0xff,
    0x5b, 0x3a, 0xc8, 0xff, 0x5b, 0x3a, 0xc8, 0xff, 0x5b, 0x3a, 0xc8, 0xff, 0x5b, 0x3a, 0xc8, 0xff,
    0x5b, 0x3a, 0xc8, 0xff, 0x5b, 0x3a, 0xc8, 0xff, 0x5b, 0x3a, 0xc8, 0xff, 0x5b, 0x3a, 0xc8, 0xff,
    0x5b, 0x3a, 0xc8, 0xff, 0x5b, 0x3a, 0xc8, 0xff, 0x5b, 0x3a, 0xc8, 0xff, 0x5b, 0x3a, 0xc8, 0xff,
    0x5b, 0x3a, 0xc8, 0xff, 0x5b, 0x3a, 0xc8, 0xff, 0x5b, 0x3a, 0xc8, 0xff, 0x5b, 0x3a, 0xc8, 0xff,
    0x5b, 0x3a, 0xc8, 0xff, 0x5b, 0x3a, 0xc8, 0xff, 0x5b, 0x3a, 0xc8, 0xff, 0x5b, 0x3a, 0xc8, 0xff,
    0x5b, 0x3a, 0xc8, 0xff, 0x5b, 0x3a, 0xc8, 0xff, 0x5b, 0x3a, 0xc8, 0xff, 0x5b, 0x3a, 0xc8, 0xff,
    0x5b, 0x3a, 0xc8, 0xff, 0x5b, 0x3a, 0xc8, 0xff, 0x5b, 0x3a, 0xc8, 0xff, 0x5b, 0x3a, 0xc8, 0xff,
    0x5b, 0x3a, 0xc8, 0xff, 0x5a, 0x3a, 0xc7, 0xfb, 0x55, 0x39, 0xc6, 0x24, 0x00, 0x00, 0x00, 0x00,
    0x00, 0x00, 0x00, 0x00, 0x5b, 0x39, 0xc7, 0x97, 0x5b, 0x3a, 0xc8, 0xff, 0x5b, 0x3a, 0xc8, 0xff,
    0x5b, 0x3a, 0xc8, 0xff, 0x5b, 0x3a, 0xc8, 0xff, 0x5b, 0x3a, 0xc8, 0xff, 0x5b, 0x3a, 0xc8, 0xff,
    0x5b, 0x3a, 0xc8, 0xff, 0x5b, 0x3a, 0xc8, 0xff, 0x5b, 0x3a, 0xc8, 0xff, 0x5b, 0x3a, 0xc8, 0xff,
    0x5b, 0x3a, 0xc8, 0xff, 0x5b, 0x3a, 0xc8, 0xff, 0x5b, 0x3a, 0xc8, 0xff, 0x5b, 0x3a, 0xc8, 0xff,
    0x5b, 0x3a, 0xc8, 0xff, 0x5b, 0x3a, 0xc8, 0xff, 0x5b, 0x3a, 0xc8, 0xff, 0x5b, 0x3a, 0xc8, 0xff,
    0x5b, 0x3a, 0xc8, 0xff, 0x5b, 0x3a, 0xc8, 0xff, 0x5b, 0x3a, 0xc8, 0xff, 0x5b, 0x3a, 0xc8, 0xff,
    0x5b, 0x3a, 0xc8, 0xff, 0x5b, 0x3a, 0xc8, 0xff, 0x5b, 0x3a, 0xc8, 0xff, 0x5b, 0x3a, 0xc8, 0xff,
    0x5b, 0x3a, 0xc8, 0xff, 0x5b, 0x3a, 0xc8, 0xff, 0x5b, 0x3a, 0xc8, 0xff, 0x5b, 0x3a, 0xc8, 0xff,
    0x5b, 0x3a, 0xc8, 0xff, 0x5b, 0x3a, 0xc8, 0xff, 0x5b, 0x3a, 0xc8, 0xff, 0x5b, 0x3a, 0xc8, 0xff,
    0x5b, 0x3a, 0xc8, 0xff, 0x5b, 0x3a, 0xc8, 0xff, 0x5b, 0x3a, 0xc8, 0xff, 0x5b, 0x3a, 0xc8, 0xff,
    0x5b, 0x3a, 0xc8, 0xff, 0x5b, 0x3a, 0xc8, 0xff, 0x5b, 0x3a, 0xc8, 0xff, 0x5b, 0x3a, 0xc8, 0xff,
    0x5b, 0x3a, 0xc8, 0xff, 0x5b, 0x3a, 0xc8, 0xff, 0x5b, 0x3a, 0xc8, 0xff, 0x5b, 0x3a, 0xc8, 0xff,
    0x5b, 0x3a, 0xc8, 0xff, 0x5b, 0x3a, 0xc8, 0xff, 0x5b, 0x3a, 0xc8, 0xff, 0x5b, 0x3a, 0xc8, 0xff,
    0x5b, 0x3a, 0xc8, 0xff, 0x5b, 0x3a, 0xc8, 0xff, 0x5b, 0x3a, 0xc8, 0xff, 0x5b, 0x3a, 0xc8, 0xff,
    0x5b, 0x3a, 0xc8, 0xff, 0x5b, 0x3a, 0xc8, 0xff, 0x5b, 0x3a, 0xc8, 0xff, 0x5b, 0x3a, 0xc8, 0xff,
    0x5b, 0x3a, 0xc8, 0xff, 0x5b, 0x3a, 0xc8, 0xff, 0x5a, 0x3a, 0xc8, 0x9f, 0x00, 0x00, 0x00, 0x00,
    0x50, 0x30, 0xbf, 0x10, 0x5b, 0x3a, 0xc7, 0xf7, 0x5b, 0x3a, 0xc8, 0xff, 0x5b, 0x3a, 0xc8, 0xff,
    0x5b, 0x3a, 0xc8, 0xff, 0x5b, 0x3a, 0xc8, 0xff, 0x5b, 0x3a, 0xc8, 0xff, 0x5b, 0x3a, 0xc8, 0xff,
    0x5b, 0x3a, 0xc8, 0xff, 0x5b, 0x3a, 0xc8, 0xff, 0x5b, 0x3a, 0xc8, 0xff, 0x5b, 0x3a, 0xc8, 0xff,
    0x5b, 0x3a, 0xc8, 0xff, 0x5b, 0x3a, 0xc8, 0xff, 0x5b, 0x3a, 0xc8, 0xff, 0x5b, 0x3a, 0xc8, 0xff,
    0x5b, 0x3a, 0xc8, 0xff, 0x5b, 0x3a, 0xc8, 0xff, 0x5b, 0x3a, 0xc8, 0xff, 0x5b, 0x3a, 0xc8, 0xff,
    0x5b, 0x3a, 0xc8, 0xff, 0x5b, 0x3a, 0xc8, 0xff, 0x5b, 0x3a, 0xc8, 0xff, 0x5b, 0x3a, 0xc8, 0xff,
    0x5b, 0x3a, 0xc8, 0xff, 0x5b, 0x3a, 0xc8, 0xff, 0x5b, 0x3a, 0xc8, 0xff, 0x5b, 0x3a, 0xc8, 0xff,
    0x5b, 0x3a, 0xc8, 0xff, 0x5b, 0x3a, 0xc8, 0xff, 0x5b, 0x3a, 0xc8, 0xff, 0x5b, 0x3a, 0xc8, 0xff,
    0x5b, 0x3a, 0xc8, 0xff, 0x5b, 0x3a, 0xc8, 0xff, 0x5b, 0x3a, 0xc8, 0xff, 0x5b, 0x3a, 0xc8, 0xff,
    0x5b, 0x3a, 0xc8, 0xff, 0x5b, 0x3a, 0xc8, 0xff, 0x5b, 0x3a, 0xc8, 0xff, 0x5b, 0x3a, 0xc8, 0xff,
    0x5b, 0x3a, 0xc8, 0xff, 0x5b, 0x3a, 0xc8, 0xff, 0x5b, 0x3a, 0xc8, 0xff, 0x5b, 0x3a, 0xc8, 0xff,
    0x5b, 0x3a, 0xc8, 0xff, 0x5b, 0x3a, 0xc8, 0xff, 0x5b, 0x3a, 0xc8, 0xff, 0x5b, 0x3a, 0xc8, 0xff,
    0x5b, 0x3a, 0xc8, 0xff, 0x5b, 0x3a, 0xc8, 0xff, 0x5b, 0x3a, 0xc8, 0xff, 0x5b, 0x3a, 0xc8, 0xff,
    0x5b, 0x3a, 0xc8, 0xff, 0x5b, 0x3a, 0xc8, 0xff, 0x5b, 0x3a, 0xc8, 0xff, 0x5b, 0x3a, 0xc8, 0xff,
    0x5b, 0x3a, 0xc8, 0xff, 0x5b, 0x3a, 0xc8, 0xff, 0x5b, 0x3a, 0xc8, 0xff, 0x5b, 0x3a, 0xc8, 0xff,
    0x5b, 0x3a, 0xc8, 0xff, 0x5b, 0x3a, 0xc8, 0xff, 0x5b, 0x3a, 0xc7, 0xf7, 0x50, 0x30, 0xbf, 0x10,
    0x5c, 0x3b, 0xca, 0x5b, 0x5b, 0x3a, 0xc8, 0xff, 0x5b, 0x3a, 0xc8, 0xff, 0x5b, 0x3a, 0xc8, 0xff,
    0x5b, 0x3a, 0xc8, 0xff, 0x5b, 0x3a, 0xc8, 0xff, 0x5b, 0x3a, 0xc8, 0xff, 0x5b, 0x3a, 0xc8, 0xff,
    0x5b, 0x3a, 0xc8, 0xff, 0x5b, 0x3a, 0xc8, 0xff, 0x5b, 0x3a, 0xc8, 0xff, 0x5b, 0x3a, 0xc8, 0xff,
    0x5b, 0x3a, 0xc8, 0xff, 0x5b, 0x3a, 0xc8, 0xff, 0x5b, 0x3a, 0xc8, 0xff, 0x5b, 0x3a, 0xc8, 0xff,
    0x5b, 0x3a, 0xc8, 0xff, 0x5b, 0x3a, 0xc8, 0xff, 0x5b, 0x3a, 0xc8, 0xff, 0x5b, 0x3a, 0xc8, 0xff,
    0x5b, 0x3a, 0xc8, 0xff, 0x5b, 0x3a, 0xc8, 0xff, 0x5b, 0x3a, 0xc8, 0xff, 0x5b, 0x3a, 0xc8, 0xff,
    0x5b, 0x3a, 0xc8, 0xff, 0x5b, 0x3a, 0xc8, 0xff, 0x5b, 0x3a, 0xc8, 0xff, 0x5b, 0x3a, 0xc8, 0xff,
    0x5b, 0x3a, 0xc8, 0xff, 0x5b, 0x3a, 0xc8, 0xff, 0x5b, 0x3a, 0xc8, 0xff, 0x5b, 0x3a, 0xc8, 0xff,
    0x5b, 0x3a, 0xc8, 0xff, 0x5b, 0x3a, 0xc8, 0xff, 0x5b, 0x3a, 0xc8, 0xff, 0x5b, 0x3a, 0xc8, 0xff,
    0x5b, 0x3a, 0xc8, 0xff, 0x5b, 0x3a, 0xc8, 0xff, 0x5b, 0x3a, 0xc8, 0xff, 0x5b, 0x3a, 0xc8, 0xff,
    0x5b, 0x3a, 0xc8, 0xff, 0x5b, 0x3a, 0xc8, 0xff, 0x5b, 0x3a, 0xc8, 0xff, 0x5b, 0x3a, 0xc8, 0xff,
    0x5b, 0x3a, 0xc8, 0xff, 0x5b, 0x3a, 0xc8, 0xff, 0x5b, 0x3a, 0xc8, 0xff, 0x5b, 0x3a, 0xc8, 0xff,
    0x5b, 0x3a, 0xc8, 0xff, 0x5b, 0x3a, 0xc8, 0xff, 0x5b, 0x3a, 0xc8, 0xff, 0x5b, 0x3a, 0xc8, 0xff,
    0x5b, 0x3a, 0xc8, 0xff, 0x5b, 0x3a, 0xc8, 0xff, 0x5b, 0x3a, 0xc8, 0xff, 0x5b, 0x3a, 0xc8, 0xff,
    0x5b, 0x3a, 0xc8, 0xff, 0x5b, 0x3a, 0xc8, 0xff, 0x5b, 0x3a, 0xc8, 0xff, 0x5b, 0x3a, 0xc8, 0xff,
    0x5b, 0x3a, 0xc8, 0xff, 0x5b, 0x3a, 0xc8, 0xff, 0x5b, 0x3a, 0xc8, 0xff, 0x5a, 0x3b, 0xca, 0x5b,
    0x5a, 0x3a, 0xc9, 0x9b, 0x5b, 0x3a, 0xc8, 0xff, 0x5b, 0x3a, 0xc8, 0xff, 0x5b, 0x3a, 0xc8, 0xff,
    0x5b, 0x3a, 0xc8, 0xff, 0x5b, 0x3a, 0xc8, 0xff, 0x5b, 0x3a, 0xc8, 0xff, 0x5b, 0x3a, 0xc8, 0xff,
    0x5b, 0x3a, 0xc8, 0xff, 0x5b, 0x3a, 0xc8, 0xff, 0x5b, 0x3a, 0xc8, 0xff, 0x5b, 0x3a, 0xc8, 0xff,
    0x5b, 0x3a, 0xc8, 0xff, 0x5b, 0x3a, 0xc8, 0xff, 0x5b, 0x3a, 0xc8, 0xff, 0x5b, 0x3a, 0xc8, 0xff,
    0x5b, 0x3a, 0xc8, 0xff, 0x5b, 0x3a, 0xc8, 0xff, 0x5b, 0x3a, 0xc8, 0xff, 0x5b, 0x3a, 0xc8, 0xff,
    0x5b, 0x3a, 0xc8, 0xff, 0x5b, 0x3a, 0xc8, 0xff, 0x5b, 0x3a, 0xc8, 0xff, 0x5b, 0x3a, 0xc8, 0xff,
    0x5b, 0x3a, 0xc8, 0xff, 0x5b, 0x3a, 0xc8, 0xff, 0x5b, 0x3a, 0xc8, 0xff, 0x5b, 0x3a, 0xc8, 0xff,
    0x5b, 0x3a, 0xc8, 0xff, 0x5b, 0x3a, 0xc8, 0xff, 0x5b, 0x3a, 0xc8, 0xff, 0x5b, 0x3a, 0xc8, 0xff,
    0x5b, 0x3a, 0xc8, 0xff, 0x5b, 0x3a, 0xc8, 0xff, 0x5b, 0x3a, 0xc8, 0xff, 0x5b, 0x3a, 0xc8, 0xff,
    0x5b, 0x3a, 0xc8, 0xff, 0x5b, 0x3a, 0xc8, 0xff, 0x5b, 0x3a, 0xc8, 0xff, 0x5b, 0x3a, 0xc8, 0xff,
    0x5b, 0x3a, 0xc8, 0xff, 0x5b, 0x3a, 0xc8, 0xff, 0x5b, 0x3a, 0xc8, 0xff, 0x5b, 0x3a, 0xc8, 0xff,
    0x5b, 0x3a, 0xc8, 0xff, 0x5b, 0x3a, 0xc8, 0xff, 0x5b, 0x3a, 0xc8, 0xff, 0x5b, 0x3a, 0xc8, 0xff,
    0x5b, 0x3a, 0xc8, 0xff, 0x5b, 0x3a, 0xc8, 0xff, 0x5b, 0x3a, 0xc8, 0xff, 0x5b, 0x3a, 0xc8, 0xff,
    0x5b, 0x3a, 0xc8, 0xff, 0x5b, 0x3a, 0xc8, 0xff, 0x5b, 0x3a, 0xc8, 0xff, 0x5b, 0x3a, 0xc8, 0xff,
    0x5b, 0x3a, 0xc8, 0xff, 0x5b, 0x3a, 0xc8, 0xff, 0x5b, 0x3a, 0xc8, 0xff, 0x5b, 0x3a, 0xc8, 0xff,
    0x5b, 0x3a, 0xc8, 0xff, 0x5b, 0x3a, 0xc8, 0xff, 0x5b, 0x3a, 0xc8, 0xff, 0x5b, 0x3a, 0xc8, 0x9f,
    0x5a, 0x3a, 0xc8, 0xcb, 0x5b, 0x3a, 0xc8, 0xff, 0x5b, 0x3a, 0xc8, 0xff, 0x5b, 0x3a, 0xc8, 0xff,
    0x5b, 0x3a, 0xc8, 0xff, 0x5b, 0x3a, 0xc8, 0xff, 0x5b, 0x3a, 0xc8, 0xff, 0x5b, 0x3a, 0xc8, 0xff,
    0x5b, 0x3a, 0xc8, 0xff, 0x5b, 0x3a, 0xc8, 0xff, 0x5b, 0x3a, 0xc8, 0xff, 0x5b, 0x3a, 0xc8, 0xff,
    0x5b, 0x3a, 0xc8, 0xff, 0x5b, 0x3a, 0xc8, 0xff, 0x5b, 0x3a, 0xc8, 0xff, 0x5b, 0x3a, 0xc8, 0xff,
    0x5b, 0x3a, 0xc8, 0xff, 0x5b, 0x3a, 0xc8, 0xff, 0x5b, 0x3a, 0xc8, 0xff, 0x5b, 0x3a, 0xc8, 0xff,
    0x5b, 0x3a, 0xc8, 0xff, 0x5b, 0x3a, 0xc8, 0xff, 0x5b, 0x3a, 0xc8, 0xff, 0x5b, 0x3a, 0xc8, 0xff,
    0x5b, 0x3a, 0xc8, 0xff, 0x5b, 0x3a, 0xc8, 0xff, 0x5b, 0x3a, 0xc8, 0xff, 0x5b, 0x3a, 0xc8, 0xff,
    0x5b, 0x3a, 0xc8, 0xff, 0x5b, 0x3a, 0xc8, 0xff, 0x5b, 0x3a, 0xc8, 0xff, 0x5b, 0x3a, 0xc8, 0xff,
    0x5b, 0x3a, 0xc8, 0xff, 0x5b, 0x3a, 0xc8, 0xff, 0x5b, 0x3a, 0xc8, 0xff, 0x5b, 0x3a, 0xc8, 0xff,
    0x5b, 0x3a, 0xc8, 0xff, 0x5b, 0x3a, 0xc8, 0xff, 0x5b, 0x3a, 0xc8, 0xff, 0x5b, 0x3a, 0xc8, 0xff,
    0x5b, 0x3a, 0xc8, 0xff, 0x5b, 0x3a, 0xc8, 0xff, 0x5b, 0x3a, 0xc8, 0xff, 0x5b, 0x3a, 0xc8, 0xff,
    0x5b, 0x3a, 0xc8, 0xff, 0x5b, 0x3a, 0xc8, 0xff, 0x5b, 0x3a, 0xc8, 0xff, 0x5b, 0x3a, 0xc8, 0xff,
    0x5b, 0x3a, 0xc8, 0xff, 0x5b, 0x3a, 0xc8, 0xff, 0x5b, 0x3a, 0xc8, 0xff, 0x5b, 0x3a, 0xc8, 0xff,
    0x5b, 0x3a, 0xc8, 0xff, 0x5b, 0x3a, 0xc8, 0xff, 0x5b, 0x3a, 0xc8, 0xff, 0x5b, 0x3a, 0xc8, 0xff,
    0x5b, 0x3a, 0xc8, 0xff, 0x5b, 0x3a, 0xc8, 0xff, 0x5b, 0x3a, 0xc8, 0xff, 0x5b, 0x3a, 0xc8, 0xff,
    0x5b, 0x3a, 0xc8, 0xff, 0x5b, 0x3a, 0xc8, 0xff, 0x5b, 0x3a, 0xc8, 0xff, 0x5a, 0x3a, 0xc8, 0xcf,
    0x5b, 0x3a, 0xc8, 0xeb, 0x5b, 0x3a, 0xc8, 0xff, 0x5b, 0x3a, 0xc8, 0xff, 0x5b, 0x3a, 0xc8, 0xff,
    0x5b, 0x3a, 0xc8, 0xff, 0x5b, 0x3a, 0xc8, 0xff, 0x5b, 0x3a, 0xc8, 0xff, 0x5b, 0x3a, 0xc8, 0xff,
    0x5b, 0x3a, 0xc8, 0xff, 0x5b, 0x3a, 0xc8, 0xff, 0x5b, 0x3a, 0xc8, 0xff, 0x5b, 0x3a, 0xc8, 0xff,
    0x5b, 0x3a, 0xc8, 0xff, 0x5b, 0x3a, 0xc8, 0xff, 0x5b, 0x3a, 0xc8, 0xff, 0x5b, 0x3a, 0xc8, 0xff,
    0x5b, 0x3a, 0xc8, 0xff, 0x5b, 0x3a, 0xc8, 0xff, 0x5b, 0x3a, 0xc8, 0xff, 0x5b, 0x3a, 0xc8, 0xff,
    0x5b, 0x3a, 0xc8, 0xff, 0x5b, 0x3a, 0xc8, 0xff, 0x5b, 0x3a, 0xc8, 0xff, 0x5b, 0x3a, 0xc8, 0xff,
    0x5b, 0x3a, 0xc8, 0xff, 0x5b, 0x3a, 0xc8, 0xff, 0x5b, 0x3a, 0xc8, 0xff, 0x5b, 0x3a, 0xc8, 0xff,
    0x5b, 0x3a, 0xc8, 0xff, 0x5b, 0x3a, 0xc8, 0xff, 0x74, 0x59, 0xd0, 0xff, 0xce, 0xc4, 0xee, 0xff,
    0xfa, 0xf8, 0xfd, 0xff, 0xf7, 0xf5, 0xfc, 0xff, 0xcb, 0xc1, 0xed, 0xff, 0x74, 0x58, 0xd0, 0xff,
    0x5b, 0x3a, 0xc8, 0xff, 0x5b, 0x3a, 0xc8, 0xff, 0x5b, 0x3a, 0xc8, 0xff, 0x5b, 0x3a, 0xc8, 0xff,
    0x5b, 0x3a, 0xc8, 0xff, 0x5b, 0x3a, 0xc8, 0xff, 0x5b, 0x3a, 0xc8, 0xff, 0x5b, 0x3a, 0xc8, 0xff,
    0x5b, 0x3a, 0xc8, 0xff, 0x5b, 0x3a, 0xc8, 0xff, 0x5b, 0x3a, 0xc8, 0xff, 0x5b, 0x3a, 0xc8, 0xff,
    0x5b, 0x3a, 0xc8, 0xff, 0x5b, 0x3a, 0xc8, 0xff, 0x5b, 0x3a, 0xc8, 0xff, 0x5b, 0x3a, 0xc8, 0xff,
    0x5b, 0x3a, 0xc8, 0xff, 0x5b, 0x3a, 0xc8, 0xff, 0x5b, 0x3a, 0xc8, 0xff, 0x5b, 0x3a, 0xc8, 0xff,
    0x5b, 0x3a, 0xc8, 0xff, 0x5b, 0x3a, 0xc8, 0xff, 0x5b, 0x3a, 0xc8, 0xff, 0x5b, 0x3a, 0xc8, 0xff,
    0x5b, 0x3a, 0xc8, 0xff, 0x5b, 0x3a, 0xc8, 0xff, 0x5b, 0x3a, 0xc8, 0xff, 0x5b, 0x3a, 0xc8, 0xeb,
    0x5b, 0x3a, 0xc8, 0xff, 0x5b, 0x3a, 0xc8, 0xff, 0x5b, 0x3a, 0xc8, 0xff, 0x5b, 0x3a, 0xc8, 0xff,
    0x5b, 0x3a, 0xc8, 0xff, 0x5b, 0x3a, 0xc8, 0xff, 0x5b, 0x3a, 0xc8, 0xff, 0x5b, 0x3a, 0xc8, 0xff,
    0x5b, 0x3a, 0xc8, 0xff, 0x5b, 0x3a, 0xc8, 0xff, 0x5b, 0x3a, 0xc8, 0xff, 0x5b, 0x3a, 0xc8, 0xff,
    0x5b, 0x3a, 0xc8, 0xff, 0x5b, 0x3a, 0xc8, 0xff, 0x5b, 0x3a, 0xc8, 0xff, 0x5b, 0x3a, 0xc8, 0xff,
    0x5b, 0x3a, 0xc8, 0xff, 0x5b, 0x3a, 0xc8, 0xff, 0x5b, 0x3a, 0xc8, 0xff, 0x5b, 0x3a, 0xc8, 0xff,
    0x5b, 0x3a, 0xc8, 0xff, 0x5b, 0x3a, 0xc8, 0xff, 0x5b, 0x3a, 0xc8, 0xff, 0x5b, 0x3a, 0xc8, 0xff,
    0x5b, 0x3a, 0xc8, 0xff, 0x5b, 0x3a, 0xc8, 0xff, 0x5b, 0x3a, 0xc8, 0xff, 0x5b, 0x3a, 0xc8, 0xff,
    0x5b, 0x3a, 0xc8, 0xff, 0x74, 0x59, 0xd0, 0xff, 0xf7, 0xf5, 0xfc, 0xff, 0xff, 0xff, 0xff, 0xff,
    0xff, 0xff, 0xff, 0xff, 0xff, 0xff, 0xff, 0xff, 0xff, 0xff, 0xff, 0xff, 0xf7, 0xf5, 0xfc, 0xff,
    0x74, 0x58, 0xd0, 0xff, 0x5b, 0x3a, 0xc8, 0xff, 0x5b, 0x3a, 0xc8, 0xff, 0x5b, 0x3a, 0xc8, 0xff,
    0x5b, 0x3a, 0xc8, 0xff, 0x5b, 0x3a, 0xc8, 0xff, 0x5b, 0x3a, 0xc8, 0xff, 0x5b, 0x3a, 0xc8, 0xff,
    0x5b, 0x3a, 0xc8, 0xff, 0x5b, 0x3a, 0xc8, 0xff, 0x5b, 0x3a, 0xc8, 0xff, 0x5b, 0x3a, 0xc8, 0xff,
    0x5b, 0x3a, 0xc8, 0xff, 0x5b, 0x3a, 0xc8, 0xff, 0x5b, 0x3a, 0xc8, 0xff, 0x5b, 0x3a, 0xc8, 0xff,
    0x5b, 0x3a, 0xc8, 0xff, 0x5b, 0x3a, 0xc8, 0xff, 0x5b, 0x3a, 0xc8, 0xff, 0x5b, 0x3a, 0xc8, 0xff,
    0x5b, 0x3a, 0xc8, 0xff, 0x5b, 0x3a, 0xc8, 0xff, 0x5b, 0x3a, 0xc8, 0xff, 0x5b, 0x3a, 0xc8, 0xff,
    0x5b, 0x3a, 0xc8, 0xff, 0x5b, 0x3a, 0xc8, 0xff, 0x5b, 0x3a, 0xc8, 0xff, 0x5b, 0x3a, 0xc8, 0xff,
    0x5b, 0x3a, 0xc8, 0xff, 0x5b, 0x3a, 0xc8, 0xff, 0x5b, 0x3a, 0xc8, 0xff, 0x5b, 0x3a, 0xc8, 0xff,
    0x5b, 0x3a, 0xc8, 0xff, 0x5b, 0x3a, 0xc8, 0xff, 0x5b, 0x3a, 0xc8, 0xff, 0x5b, 0x3a, 0xc8, 0xff,
    0x5b, 0x3a, 0xc8, 0xff, 0x5b, 0x3a, 0xc8, 0xff, 0x5b, 0x3a, 0xc8, 0xff, 0x5b, 0x3a, 0xc8, 0xff,
    0x5b, 0x3a, 0xc8, 0xff, 0x5b, 0x3a, 0xc8, 0xff, 0x5b, 0x3a, 0xc8, 0xff, 0x5b, 0x3a, 0xc8, 0xff,
    0x5b, 0x3a, 0xc8, 0xff, 0x5b, 0x3a, 0xc8, 0xff, 0x5b, 0x3a, 0xc8, 0xff, 0x5b, 0x3a, 0xc8, 0xff,
    0x5b, 0x3a, 0xc8, 0xff, 0x5b, 0x3a, 0xc8, 0xff, 0x5b, 0x3a, 0xc8, 0xff, 0x5b, 0x3a, 0xc8, 0xff,
    0x5b, 0x3a, 0xc8, 0xff, 0x5b, 0x3a, 0xc8, 0xff, 0x5b, 0x3a, 0xc8, 0xff, 0x5b, 0x3a, 0xc8, 0xff,
    0x5b, 0x3a, 0xc8, 0xff, 0xcb, 0xc1, 0xed, 0xff, 0xff, 0xff, 0xff, 0xff, 0xff, 0xff, 0xff, 0xff,
    0xff, 0xff, 0xff, 0xff, 0xff, 0xff, 0xff, 0xff, 0xff, 0xff, 0xff, 0xff, 0xff, 0xff, 0xff, 0xff,
    0xce, 0xc4, 0xee, 0xff, 0x5b, 0x3a, 0xc8, 0xff, 0x5b, 0x3a, 0xc8, 0xff, 0x5b, 0x3a, 0xc8, 0xff,
    0x5b, 0x3a, 0xc8, 0xff, 0x5b, 0x3a, 0xc8, 0xff, 0x5b, 0x3a, 0xc8, 0xff, 0x5b, 0x3a, 0xc8, 0xff,
    0x5b, 0x3a, 0xc8, 0xff, 0x5b, 0x3a, 0xc8, 0xff, 0x5b, 0x3a, 0xc8, 0xff, 0x5b, 0x3a, 0xc8, 0xff,
    0x5b, 0x3a, 0xc8, 0xff, 0x5b, 0x3a, 0xc8, 0xff, 0x5b, 0x3a, 0xc8, 0xff, 0x5b, 0x3a, 0xc8, 0xff,
    0x5b, 0x3a, 0xc8, 0xff, 0x5b, 0x3a, 0xc8, 0xff, 0x5b, 0x3a, 0xc8, 0xff, 0x5b, 0x3a, 0xc8, 0xff,
    0x5b, 0x3a, 0xc8, 0xff, 0x5b, 0x3a, 0xc8, 0xff, 0x5b, 0x3a, 0xc8, 0xff, 0x5b, 0x3a, 0xc8, 0xff,
    0x5b, 0x3a, 0xc8, 0xff, 0x5b, 0x3a, 0xc8, 0xff, 0x5b, 0x3a, 0xc8, 0xff, 0x5b, 0x3a, 0xc8, 0xff,
    0x5b, 0x3a, 0xc8, 0xff, 0x5b, 0x3a, 0xc8, 0xff, 0x5b, 0x3a, 0xc8, 0xff, 0x5b, 0x3a, 0xc8, 0xff,
    0x5b, 0x3a, 0xc8, 0xff, 0x5b, 0x3a, 0xc8, 0xff, 0x5b, 0x3a, 0xc8, 0xff, 0x5b, 0x3a, 0xc8, 0xff,
    0x5b, 0x3a, 0xc8, 0xff, 0x5b, 0x3a, 0xc8, 0xff, 0x5b, 0x3a, 0xc8, 0xff, 0x5b, 0x3a, 0xc8, 0xff,
    0x5b, 0x3a, 0xc8, 0xff, 0x5b, 0x3a, 0xc8, 0xff, 0x5b, 0x3a, 0xc8, 0xff, 0x5b, 0x3a, 0xc8, 0xff,
    0x5b, 0x3a, 0xc8, 0xff, 0x5b, 0x3a, 0xc8, 0xff, 0x5b, 0x3a, 0xc8, 0xff, 0x5b, 0x3a, 0xc8, 0xff,
    0x5b, 0x3a, 0xc8, 0xff, 0x5b, 0x3a, 0xc8, 0xff, 0x5b, 0x3a, 0xc8, 0xff, 0x5b, 0x3a, 0xc8, 0xff,
    0x5b, 0x3a, 0xc8, 0xff, 0x5b, 0x3a, 0xc8, 0xff, 0x5b, 0x3a, 0xc8, 0xff, 0x5b, 0x3a, 0xc8, 0xff,
    0x5b, 0x3a, 0xc8, 0xff, 0xf7, 0xf5, 0xfc, 0xff, 0xff, 0xff, 0xff, 0xff, 0xff, 0xff, 0xff, 0xff,
    0xff, 0xff, 0xff, 0xff, 0xff, 0xff, 0xff, 0xff, 0xff, 0xff, 0xff, 0xff, 0xff, 0xff, 0xff, 0xff,
    0xfa, 0xf8, 0xfd, 0xff, 0x5b, 0x3a, 0xc8, 0xff, 0x5b, 0x3a, 0xc8, 0xff, 0x5b, 0x3a, 0xc8, 0xff,
    0x5b, 0x3a, 0xc8, 0xff, 0x5b, 0x3a, 0xc8, 0xff, 0x5b, 0x3a, 0xc8, 0xff, 0x5b, 0x3a, 0xc8, 0xff,
    0x5b, 0x3a, 0xc8, 0xff, 0x5b, 0x3a, 0xc8, 0xff, 0x5b, 0x3a, 0xc8, 0xff, 0x5b, 0x3a, 0xc8, 0xff,
    0x5b, 0x3a, 0xc8, 0xff, 0x5b, 0x3a, 0xc8, 0xff, 0x5b, 0x3a, 0xc8, 0xff, 0x5b, 0x3a, 0xc8, 0xff,
    0x5b, 0x3a, 0xc8, 0xff, 0x5b, 0x3a, 0xc8, 0xff, 0x5b, 0x3a, 0xc8, 0xff, 0x5b, 0x3a, 0xc8, 0xff,
    0x5b, 0x3a, 0xc8, 0xff, 0x5b, 0x3a, 0xc8, 0xff, 0x5b, 0x3a, 0xc8, 0xff, 0x5b, 0x3a, 0xc8, 0xff,
    0x5b, 0x3a, 0xc8, 0xff, 0x5b, 0x3a, 0xc8, 0xff, 0x5b, 0x3a, 0xc8, 0xff, 0x5b, 0x3a, 0xc8, 0xff,
    0x5b, 0x3a, 0xc8, 0xff, 0x5b, 0x3a, 0xc8, 0xff, 0x5b, 0x3a, 0xc8, 0xff, 0x5b, 0x3a, 0xc8, 0xff,
    0x5b, 0x3a, 0xc8, 0xff, 0x5b, 0x3a, 0xc8, 0xff, 0x5b, 0x3a, 0xc8, 0xff, 0x5b, 0x3a, 0xc8, 0xff,
    0x5b, 0x3a, 0xc8, 0xff, 0x5b, 0x3a, 0xc8, 0xff, 0x5b, 0x3a, 0xc8, 0xff, 0x5b, 0x3a, 0xc8, 0xff,
    0x5b, 0x3a, 0xc8, 0xff, 0x5b, 0x3a, 0xc8, 0xff, 0x5b, 0x3a, 0xc8, 0xff, 0x5b, 0x3a, 0xc8, 0xff,
    0x5b, 0x3a, 0xc8, 0xff, 0x5b, 0x3a, 0xc8, 0xff, 0x5b, 0x3a, 0xc8, 0xff, 0x5b, 0x3a, 0xc8, 0xff,
    0x5b, 0x3a, 0xc8, 0xff, 0x5b, 0x3a, 0xc8, 0xff, 0x5b, 0x3a, 0xc8, 0xff, 0x5b, 0x3a, 0xc8, 0xff,
    0x5b, 0x3a, 0xc8, 0xff, 0x5b, 0x3a, 0xc8, 0xff, 0x5b, 0x3a, 0xc8, 0xff, 0x5b, 0x3a, 0xc8, 0xff,
    0x5b, 0x3a, 0xc8, 0xff, 0xfa, 0xf8, 0xfd, 0xff, 0xff, 0xff, 0xff, 0xff, 0xff, 0xff, 0xff, 0xff,
    0xff, 0xff, 0xff, 0xff, 0xff, 0xff, 0xff, 0xff, 0xff, 0xff, 0xff, 0xff, 0xff, 0xff, 0xff, 0xff,
    0xf7, 0xf5, 0xfc, 0xff, 0x5b, 0x3a, 0xc8, 0xff, 0x5b, 0x3a, 0xc8, 0xff, 0x5b, 0x3a, 0xc8, 0xff,
    0x5b, 0x3a, 0xc8, 0xff, 0x5b, 0x3a, 0xc8, 0xff, 0x5b, 0x3a, 0xc8, 0xff, 0x5b, 0x3a, 0xc8, 0xff,
    0x5b, 0x3a, 0xc8, 0xff, 0x5b, 0x3a, 0xc8, 0xff, 0x5b, 0x3a, 0xc8, 0xff, 0x5b, 0x3a, 0xc8, 0xff,
    0x5b, 0x3a, 0xc8, 0xff, 0x5b, 0x3a, 0xc8, 0xff, 0x5b, 0x3a, 0xc8, 0xff, 0x5b, 0x3a, 0xc8, 0xff,
    0x5b, 0x3a, 0xc8, 0xff, 0x5b, 0x3a, 0xc8, 0xff, 0x5b, 0x3a, 0xc8, 0xff, 0x5b, 0x3a, 0xc8, 0xff,
    0x5b, 0x3a, 0xc8, 0xff, 0x5b, 0x3a, 0xc8, 0xff, 0x5b, 0x3a, 0xc8, 0xff, 0x5b, 0x3a, 0xc8, 0xff,
    0x5b, 0x3a, 0xc8, 0xff, 0x5b, 0x3a, 0xc8, 0xff, 0x5b, 0x3a, 0xc8, 0xff, 0x5b, 0x3a, 0xc8, 0xff,
    0x5b, 0x3a, 0xc8, 0xff, 0x5b, 0x3a, 0xc8, 0xff, 0x5b, 0x3a, 0xc8, 0xff, 0x5b, 0x3a, 0xc8, 0xff,
    0x5b, 0x3a, 0xc8, 0xff, 0x5b, 0x3a, 0xc8, 0xff, 0x5b, 0x3a, 0xc8, 0xff, 0x5b, 0x3a, 0xc8, 0xff,
    0x5b, 0x3a, 0xc8, 0xff, 0x5b, 0x3a, 0xc8, 0xff, 0x5b, 0x3a, 0xc8, 0xff, 0x5b, 0x3a, 0xc8, 0xff,
    0x5b, 0x3a, 0xc8, 0xff, 0x5b, 0x3a, 0xc8, 0xff, 0x5b, 0x3a, 0xc8, 0xff, 0x5b, 0x3a, 0xc8, 0xff,
    0x5b, 0x3a, 0xc8, 0xff, 0x5b, 0x3a, 0xc8, 0xff, 0x5b, 0x3a, 0xc8, 0xff, 0x5b, 0x3a, 0xc8, 0xff,
    0x5b, 0x3a, 0xc8, 0xff, 0x5b, 0x3a, 0xc8, 0xff, 0x5b, 0x3a, 0xc8, 0xff, 0x5b, 0x3a, 0xc8, 0xff,
    0x5b, 0x3a, 0xc8, 0xff, 0x5b, 0x3a, 0xc8, 0xff, 0x5b, 0x3a, 0xc8, 0xff, 0x5b, 0x3a, 0xc8, 0xff,
    0x5b, 0x3a, 0xc8, 0xff, 0xce, 0xc4, 0xee, 0xff, 0xff, 0xff, 0xff, 0xff, 0xff, 0xff, 0xff, 0xff,
    0xff, 0xff, 0xff, 0xff, 0xff, 0xff, 0xff, 0xff, 0xff, 0xff, 0xff, 0xff, 0xff, 0xff, 0xff, 0xff,
    0xcb, 0xc1, 0xed, 0xff, 0x5b, 0x3a, 0xc8, 0xff, 0x5b, 0x3a, 0xc8, 0xff, 0x5b, 0x3a, 0xc8, 0xff,
    0x5b, 0x3a, 0xc8, 0xff, 0x5b, 0x3a, 0xc8, 0xff, 0x5b, 0x3a, 0xc8, 0xff, 0x5b, 0x3a, 0xc8, 0xff,
    0x5b, 0x3a, 0xc8, 0xff, 0x5b, 0x3a, 0xc8, 0xff, 0x5b, 0x3a, 0xc8, 0xff, 0x5b, 0x3a, 0xc8, 0xff,
    0x5b, 0x3a, 0xc8, 0xff, 0x5b, 0x3a, 0xc8, 0xff, 0x5b, 0x3a, 0xc8, 0xff, 0x5b, 0x3a, 0xc8, 0xff,
    0x5b, 0x3a, 0xc8, 0xff, 0x5b, 0x3a, 0xc8, 0xff, 0x5b, 0x3a, 0xc8, 0xff, 0x5b, 0x3a, 0xc8, 0xff,
    0x5b, 0x3a, 0xc8, 0xff, 0x5b, 0x3a, 0xc8, 0xff, 0x5b, 0x3a, 0xc8, 0xff, 0x5b, 0x3a, 0xc8, 0xff,
    0x5b, 0x3a, 0xc8, 0xff, 0x5b, 0x3a, 0xc8, 0xff, 0x5b, 0x3a, 0xc8, 0xff, 0x5b, 0x3a, 0xc8, 0xff,
    0x5b, 0x3a, 0xc8, 0xff, 0x5b, 0x3a, 0xc8, 0xff, 0x5b, 0x3a, 0xc8, 0xff, 0x5b, 0x3a, 0xc8, 0xff,
    0x5b, 0x3a, 0xc8, 0xff, 0x5b, 0x3a, 0xc8, 0xff, 0x5b, 0x3a, 0xc8, 0xff, 0x5b, 0x3a, 0xc8, 0xff,
    0x5b, 0x3a, 0xc8, 0xff, 0x5b, 0x3a, 0xc8, 0xff, 0x5b, 0x3a, 0xc8, 0xff, 0x5b, 0x3a, 0xc8, 0xff,
    0x5b, 0x3a, 0xc8, 0xff, 0x5b, 0x3a, 0xc8, 0xff, 0x5b, 0x3a, 0xc8, 0xff, 0x5b, 0x3a, 0xc8, 0xff,
    0x5b, 0x3a, 0xc8, 0xff, 0x5b, 0x3a, 0xc8, 0xff, 0x5b, 0x3a, 0xc8, 0xff, 0x5b, 0x3a, 0xc8, 0xff,
    0x5b, 0x3a, 0xc8, 0xff, 0x5b, 0x3a, 0xc8, 0xff, 0x5b, 0x3a, 0xc8, 0xff, 0x5b, 0x3a, 0xc8, 0xff,
    0x5b, 0x3a, 0xc8, 0xff, 0x5b, 0x3a, 0xc8, 0xff, 0x5b, 0x3a, 0xc8, 0xff, 0x5b, 0x3a, 0xc8, 0xff,
    0x5b, 0x3a, 0xc8, 0xff, 0x74, 0x58, 0xd0, 0xff, 0xf7, 0xf5, 0xfc, 0xff, 0xff, 0xff, 0xff, 0xff,
    0xff, 0xff, 0xff, 0xff, 0xff, 0xff, 0xff, 0xff, 0xff, 0xff, 0xff, 0xff, 0xf7, 0xf6, 0xfc, 0xff,
    0x74, 0x59, 0xd0, 0xff, 0x5b, 0x3a, 0xc8, 0xff, 0x5b, 0x3a, 0xc8, 0xff, 0x5b, 0x3a, 0xc8, 0xff,
    0x5b, 0x3a, 0xc8, 0xff, 0x5b, 0x3a, 0xc8, 0xff, 0x5b, 0x3a, 0xc8, 0xff, 0x5b, 0x3a, 0xc8, 0xff,
    0x5b, 0x3a, 0xc8, 0xff, 0x5b, 0x3a, 0xc8, 0xff, 0x5b, 0x3a, 0xc8, 0xff, 0x5b, 0x3a, 0xc8, 0xff,
    0x5b, 0x3a, 0xc8, 0xff, 0x5b, 0x3a, 0xc8, 0xff, 0x5b, 0x3a, 0xc8, 0xff, 0x5b, 0x3a, 0xc8, 0xff,
    0x5b, 0x3a, 0xc8, 0xff, 0x5b, 0x3a, 0xc8, 0xff, 0x5b, 0x3a, 0xc8, 0xff, 0x5b, 0x3a, 0xc8, 0xff,
    0x5b, 0x3a, 0xc8, 0xff, 0x5b, 0x3a, 0xc8, 0xff, 0x5b, 0x3a, 0xc8, 0xff, 0x5b, 0x3a, 0xc8, 0xff,
    0x5b, 0x3a, 0xc8, 0xff, 0x5b, 0x3a, 0xc8, 0xff, 0x5b, 0x3a, 0xc8, 0xff, 0x5b, 0x3a, 0xc8, 0xff,
    0x5b, 0x3a, 0xc8, 0xff, 0x5b, 0x3a, 0xc8, 0xff, 0x5b, 0x3a, 0xc8, 0xff, 0x5b, 0x3a, 0xc8, 0xff,
    0x5b, 0x3a, 0xc8, 0xff, 0x5b, 0x3a, 0xc8, 0xff, 0x5b, 0x3a, 0xc8, 0xff, 0x5b, 0x3a, 0xc8, 0xff,
    0x5b, 0x3a, 0xc8, 0xff, 0x5b, 0x3a, 0xc8, 0xff, 0x5b, 0x3a, 0xc8, 0xff, 0x5b, 0x3a, 0xc8, 0xff,
    0x5b, 0x3a, 0xc8, 0xff, 0x5b, 0x3a, 0xc8, 0xff, 0x5b, 0x3a, 0xc8, 0xff, 0x5b, 0x3a, 0xc8, 0xff,
    0x5b, 0x3a, 0xc8, 0xff, 0x5b, 0x3a, 0xc8, 0xff, 0x5b, 0x3a, 0xc8, 0xff, 0x5b, 0x3a, 0xc8, 0xff,
    0x5b, 0x3a, 0xc8, 0xff, 0x5b, 0x3a, 0xc8, 0xff, 0x5b, 0x3a, 0xc8, 0xff, 0x5b, 0x3a, 0xc8, 0xff,
    0x5b, 0x3a, 0xc8, 0xff, 0x5b, 0x3a, 0xc8, 0xff, 0x5b, 0x3a, 0xc8, 0xff, 0x5b, 0x3a, 0xc8, 0xff,
    0x5b, 0x3a, 0xc8, 0xff, 0x5b, 0x3a, 0xc8, 0xff, 0x74, 0x58, 0xd0, 0xff, 0xcb, 0xc1, 0xed, 0xff,
    0xf7, 0xf5, 0xfc, 0xff, 0xfa, 0xf8, 0xfd, 0xff, 0xce, 0xc4, 0xee, 0xff, 0x74, 0x59, 0xd0, 0xff,
    0x5b, 0x3a, 0xc8, 0xff, 0x5b, 0x3a, 0xc8, 0xff, 0x5b, 0x3a, 0xc8, 0xff, 0x5b, 0x3a, 0xc8, 0xff,
    0x5b, 0x3a, 0xc8, 0xff, 0x5b, 0x3a, 0xc8, 0xff, 0x5b, 0x3a, 0xc8, 0xff, 0x5b, 0x3a, 0xc8, 0xff,
    0x5b, 0x3a, 0xc8, 0xff, 0x5b, 0x3a, 0xc8, 0xff, 0x5b, 0x3a, 0xc8, 0xff, 0x5b, 0x3a, 0xc8, 0xff,
    0x5b, 0x3a, 0xc8, 0xff, 0x5b, 0x3a, 0xc8, 0xff, 0x5b, 0x3a, 0xc8, 0xff, 0x5b, 0x3a, 0xc8, 0xff,
    0x5b, 0x3a, 0xc8, 0xff, 0x5b, 0x3a, 0xc8, 0xff, 0x5b, 0x3a, 0xc8, 0xff, 0x5b, 0x3a, 0xc8, 0xff,
    0x5b, 0x3a, 0xc8, 0xff, 0x5b, 0x3a, 0xc8, 0xff, 0x5b, 0x3a, 0xc8, 0xff, 0x5b, 0x3a, 0xc8, 0xff,
    0x5b, 0x3a, 0xc8, 0xff, 0x5b, 0x3a, 0xc8, 0xff, 0x5b, 0x3a, 0xc8, 0xff, 0x5b, 0x3a, 0xc8, 0xff,
    0x5b, 0x3a, 0xc8, 0xff, 0x5b, 0x3a, 0xc8, 0xff, 0x5b, 0x3a, 0xc8, 0xff, 0x5b, 0x3a, 0xc8, 0xff,
    0x5b, 0x3a, 0xc8, 0xff, 0x5b, 0x3a, 0xc8, 0xff, 0x5b, 0x3a, 0xc8, 0xff, 0x5b, 0x3a, 0xc8, 0xff,
    0x5b, 0x3a, 0xc8, 0xff, 0x5b, 0x3a, 0xc8, 0xff, 0x5b, 0x3a, 0xc8, 0xff, 0x5b, 0x3a, 0xc8, 0xff,
    0x5b, 0x3a, 0xc8, 0xff, 0x5b, 0x3a, 0xc8, 0xff, 0x5b, 0x3a, 0xc8, 0xff, 0x5b, 0x3a, 0xc8, 0xff,
    0x5b, 0x3a, 0xc8, 0xff, 0x5b, 0x3a, 0xc8, 0xff, 0x5b, 0x3a, 0xc8, 0xff, 0x5b, 0x3a, 0xc8, 0xff,
    0x5b, 0x3a, 0xc8, 0xff, 0x5b, 0x3a, 0xc8, 0xff, 0x5b, 0x3a, 0xc8, 0xff, 0x5b, 0x3a, 0xc8, 0xff,
    0x5b, 0x3a, 0xc8, 0xff, 0x5b, 0x3a, 0xc8, 0xff, 0x5b, 0x3a, 0xc8, 0xff, 0x5b, 0x3a, 0xc8, 0xff,
    0x5b, 0x3a, 0xc8, 0xff, 0x5b, 0x3a, 0xc8, 0xff, 0x5b, 0x3a, 0xc8, 0xff, 0x5b, 0x3a, 0xc8, 0xff,
    0x5b, 0x3a, 0xc8, 0xff, 0x5b, 0x3a, 0xc8, 0xff, 0x5b, 0x3a, 0xc8, 0xff, 0x5b, 0x3a, 0xc8, 0xff,
    0x5b, 0x3a, 0xc8, 0xff, 0x5b, 0x3a, 0xc8, 0xff, 0x5b, 0x3a, 0xc8, 0xff, 0x5b, 0x3a, 0xc8, 0xff,
    0x5b, 0x3a, 0xc8, 0xff, 0x5b, 0x3a, 0xc8, 0xff, 0x5b, 0x3a, 0xc8, 0xff, 0x5b, 0x3a, 0xc8, 0xff,
    0x5b, 0x3a, 0xc8, 0xff, 0x5b, 0x3a, 0xc8, 0xff, 0x5b, 0x3a, 0xc8, 0xff, 0x5b, 0x3a, 0xc8, 0xff,
    0x5b, 0x3a, 0xc8, 0xff, 0x5b, 0x3a, 0xc8, 0xff, 0x5b, 0x3a, 0xc8, 0xff, 0x5b, 0x3a, 0xc8, 0xff,
    0x5b, 0x3a, 0xc8, 0xff, 0x5b, 0x3a, 0xc8, 0xff, 0x5b, 0x3a, 0xc8, 0xff, 0x5b, 0x3a, 0xc8, 0xff,
    0x5b, 0x3a, 0xc8, 0xff, 0x5b, 0x3a, 0xc8, 0xff, 0x5b, 0x3a, 0xc8, 0xff, 0x5b, 0x3a, 0xc8, 0xff,
    0x5b, 0x3a, 0xc8, 0xff, 0x5b, 0x3a, 0xc8, 0xff, 0x5b, 0x3a, 0xc8, 0xff, 0x5b, 0x3a, 0xc8, 0xff,
    0x5b, 0x3a, 0xc8, 0xff, 0x5b, 0x3a, 0xc8, 0xff, 0x5b, 0x3a, 0xc8, 0xff, 0x5b, 0x3a, 0xc8, 0xff,
    0x5b, 0x3a, 0xc8, 0xff, 0x5b, 0x3a, 0xc8, 0xff, 0x5b, 0x3a, 0xc8, 0xff, 0x5b, 0x3a, 0xc8, 0xff,
    0x5b, 0x3a, 0xc8, 0xff, 0x5b, 0x3a, 0xc8, 0xff, 0x5b, 0x3a, 0xc8, 0xff, 0x5b, 0x3a, 0xc8, 0xff,
    0x5b, 0x3a, 0xc8, 0xff, 0x5b, 0x3a, 0xc8, 0xff, 0x5b, 0x3a, 0xc8, 0xff, 0x5b, 0x3a, 0xc8, 0xff,
    0x5b, 0x3a, 0xc8, 0xff, 0x5b, 0x3a, 0xc8, 0xff, 0x5b, 0x3a, 0xc8, 0xff, 0x5b, 0x3a, 0xc8, 0xff,
    0x5b, 0x3a, 0xc8, 0xff, 0x5b, 0x3a, 0xc8, 0xff, 0x5b, 0x3a, 0xc8, 0xff, 0x5b, 0x3a, 0xc8, 0xff,
    0x5b, 0x3a, 0xc8, 0xff, 0x5b, 0x3a, 0xc8, 0xff, 0x5b, 0x3a, 0xc8, 0xff, 0x5b, 0x3a, 0xc8, 0xff,
    0x5b, 0x3a, 0xc8, 0xff, 0x5b, 0x3a, 0xc8, 0xff, 0x5b, 0x3a, 0xc8, 0xff, 0x5b, 0x3a, 0xc8, 0xff,
    0x5b, 0x3a, 0xc8, 0xff, 0x5b, 0x3a, 0xc8, 0xff, 0x5b, 0x3a, 0xc8, 0xff, 0x5b, 0x3a, 0xc8, 0xff,
    0x5b, 0x3a, 0xc8, 0xff, 0x5b, 0x3a, 0xc8, 0xff, 0x5b, 0x3a, 0xc8, 0xff, 0x5b, 0x3a, 0xc8, 0xff,
    0x5b, 0x3a, 0xc8, 0xff, 0x5b, 0x3a, 0xc8, 0xff, 0x5b, 0x3a, 0xc8, 0xff, 0x5b, 0x3a, 0xc8, 0xff,
    0x5b, 0x3a, 0xc8, 0xff, 0x5b, 0x3a, 0xc8, 0xff, 0x5b, 0x3a, 0xc8, 0xff, 0x5b, 0x3a, 0xc8, 0xff,
    0x5b, 0x3a, 0xc8, 0xff, 0x5b, 0x3a, 0xc8, 0xff, 0x5b, 0x3a, 0xc8, 0xff, 0x5b, 0x3a, 0xc8, 0xff,
    0x5b, 0x3a, 0xc8, 0xff, 0x5b, 0x3a, 0xc8, 0xff, 0x5b, 0x3a, 0xc8, 0xff, 0x5b, 0x3a, 0xc8, 0xff,
    0x5b, 0x3a, 0xc8, 0xff, 0x5b, 0x3a, 0xc8, 0xff, 0x5b, 0x3a, 0xc8, 0xff, 0x5b, 0x3a, 0xc8, 0xff,
    0x5b, 0x3a, 0xc8, 0xff, 0x5b, 0x3a, 0xc8, 0xff, 0x5b, 0x3a, 0xc8, 0xff, 0x5b, 0x3a, 0xc8, 0xff,
    0x5b, 0x3a, 0xc8, 0xff, 0x5b, 0x3a, 0xc8, 0xff, 0x5b, 0x3a, 0xc8, 0xff, 0x5b, 0x3a, 0xc8, 0xff,
    0x5b, 0x3a, 0xc8, 0xff, 0x5b, 0x3a, 0xc8, 0xff, 0x5b, 0x3a, 0xc8, 0xff, 0x5b, 0x3a, 0xc8, 0xff,
    0x5b, 0x3a, 0xc8, 0xff, 0x5b, 0x3a, 0xc8, 0xff, 0x5b, 0x3a, 0xc8, 0xff, 0x5b, 0x3a, 0xc8, 0xff,
    0x5b, 0x3a, 0xc8, 0xff, 0x5b, 0x3a, 0xc8, 0xff, 0x5b, 0x3a, 0xc8, 0xff, 0x5b, 0x3a, 0xc8, 0xff,
    0x5b, 0x3a, 0xc8, 0xff, 0x5b, 0x3a, 0xc8, 0xff, 0x5b, 0x3a, 0xc8, 0xff, 0x5b, 0x3a, 0xc8, 0xff,
    0x5b, 0x3a, 0xc8, 0xff, 0x5b, 0x3a, 0xc8, 0xff, 0x5b, 0x3a, 0xc8, 0xff, 0x5b, 0x3a, 0xc8, 0xff,
    0x5b, 0x3a, 0xc8, 0xff, 0x5b, 0x3a, 0xc8, 0xff, 0x5b, 0x3a, 0xc8, 0xff, 0x5b, 0x3a, 0xc8, 0xff,
    0x5b, 0x3a, 0xc8, 0xff, 0x5b, 0x3a, 0xc8, 0xff, 0x5b, 0x3a, 0xc8, 0xff, 0x5b, 0x3a, 0xc8, 0xff,
    0x5b, 0x3a, 0xc8, 0xff, 0x5b, 0x3a, 0xc8, 0xff, 0x5b, 0x3a, 0xc8, 0xff, 0x5b, 0x3a, 0xc8, 0xff,
    0x5b, 0x3a, 0xc8, 0xff, 0x5b, 0x3a, 0xc8, 0xff, 0x5b, 0x3a, 0xc8, 0xff, 0x5b, 0x3a, 0xc8, 0xff,
    0x5b, 0x3a, 0xc8, 0xff, 0x5b, 0x3a, 0xc8, 0xff, 0x5b, 0x3a, 0xc8, 0xff, 0x5b, 0x3a, 0xc8, 0xff,
    0x5b, 0x3a, 0xc8, 0xff, 0x5b, 0x3a, 0xc8, 0xff, 0x5b, 0x3a, 0xc8, 0xff, 0x5b, 0x3a, 0xc8, 0xff,
    0x5b, 0x3a, 0xc8, 0xff, 0x5b, 0x3a, 0xc8, 0xff, 0x5b, 0x3a, 0xc8, 0xff, 0x5b, 0x3a, 0xc8, 0xff,
    0x5b, 0x3a, 0xc8, 0xff, 0x5b, 0x3a, 0xc8, 0xff, 0x5b, 0x3a, 0xc8, 0xff, 0x5b, 0x3a, 0xc8, 0xff,
    0x5b, 0x3a, 0xc8, 0xff, 0x5b, 0x3a, 0xc8, 0xff, 0x5b, 0x3a, 0xc8, 0xff, 0x5b, 0x3a, 0xc8, 0xff,
    0x5b, 0x3a, 0xc8, 0xff, 0x5b, 0x3a, 0xc8, 0xff, 0x5b, 0x3a, 0xc8, 0xff, 0x5b, 0x3a, 0xc8, 0xff,
    0x5b, 0x3a, 0xc8, 0xff, 0x5b, 0x3a, 0xc8, 0xff, 0x5b, 0x3a, 0xc8, 0xff, 0x5b, 0x3a, 0xc8, 0xff,
    0x5b, 0x3a, 0xc8, 0xff, 0x5b, 0x3a, 0xc8, 0xff, 0x5b, 0x3a, 0xc8, 0xff, 0x5b, 0x3a, 0xc8, 0xff,
    0x5b, 0x3a, 0xc8, 0xff, 0x5b, 0x3a, 0xc8, 0xff, 0x5b, 0x3a, 0xc8, 0xff, 0x5b, 0x3a, 0xc8, 0xff,
    0x5b, 0x3a, 0xc8, 0xff, 0x5b, 0x3a, 0xc8, 0xff, 0x5b, 0x3a, 0xc8, 0xff, 0x5b, 0x3a, 0xc8, 0xff,
    0x5b, 0x3a, 0xc8, 0xff, 0x5b, 0x3a, 0xc8, 0xff, 0x5b, 0x3a, 0xc8, 0xff, 0x5b, 0x3a, 0xc8, 0xff,
    0x5b, 0x3a, 0xc8, 0xff, 0x5b, 0x3a, 0xc8, 0xff, 0x5b, 0x3a, 0xc8, 0xff, 0x5b, 0x3a, 0xc8, 0xff,
    0x5b, 0x3a, 0xc8, 0xff, 0x5b, 0x3a, 0xc8, 0xff, 0x5b, 0x3a, 0xc8, 0xff, 0x5b, 0x3a, 0xc8, 0xff,
    0x5b, 0x3a, 0xc8, 0xff, 0x5b, 0x3a, 0xc8, 0xff, 0x5b, 0x3a, 0xc8, 0xff, 0x5b, 0x3a, 0xc8, 0xff,
    0x5e, 0x3d, 0xc9, 0xff, 0x66, 0x47, 0xcb, 0xff, 0x5b, 0x3a, 0xc8, 0xff, 0x5b, 0x3a, 0xc8, 0xff,
    0x5b, 0x3a, 0xc8, 0xff, 0x5b, 0x3a, 0xc8, 0xff, 0x5b, 0x3a, 0xc8, 0xff, 0x5b, 0x3a, 0xc8, 0xff,
    0x5b, 0x3a, 0xc8, 0xff, 0x5b, 0x3a, 0xc8, 0xff, 0x5b, 0x3a, 0xc8, 0xff, 0x5b, 0x3a, 0xc8, 0xff,
    0x5b, 0x3a, 0xc8, 0xff, 0x5b, 0x3a, 0xc8, 0xff, 0x5b, 0x3a, 0xc8, 0xff, 0x5b, 0x3a, 0xc8, 0xff,
    0x5b, 0x3a, 0xc8, 0xff, 0x5b, 0x3a, 0xc8, 0xff, 0x5b, 0x3a, 0xc8, 0xff, 0x5b, 0x3a, 0xc8, 0xff,
    0x5b, 0x3a, 0xc8, 0xff, 0x5b, 0x3a, 0xc8, 0xff, 0x5b, 0x3a, 0xc8, 0xff, 0x5b, 0x3a, 0xc8, 0xff,
    0x5b, 0x3a, 0xc8, 0xff, 0x5b, 0x3a, 0xc8, 0xff, 0x5b, 0x3a, 0xc8, 0xff, 0x5b, 0x3a, 0xc8, 0xff,
    0x5b, 0x3a, 0xc8, 0xff, 0x5b, 0x3a, 0xc8, 0xff, 0x5b, 0x3a, 0xc8, 0xff, 0x5b, 0x3a, 0xc8, 0xff,
    0x5b, 0x3a, 0xc8, 0xff, 0x5b, 0x3a, 0xc8, 0xff, 0x5b, 0x3a, 0xc8, 0xff, 0x5b, 0x3a, 0xc8, 0xff,
    0x5b, 0x3a, 0xc8, 0xff, 0x5b, 0x3a, 0xc8, 0xff, 0x5b, 0x3a, 0xc8, 0xff, 0x5b, 0x3a, 0xc8, 0xff,
    0x5b, 0x3a, 0xc8, 0xff, 0x5b, 0x3a, 0xc8, 0xff, 0x5b, 0x3a, 0xc8, 0xff, 0x5b, 0x3a, 0xc8, 0xff,
    0x5b, 0x3a, 0xc8, 0xff, 0x5b, 0x3a, 0xc8, 0xff, 0x5b, 0x3a, 0xc8, 0xff, 0x5b, 0x3a, 0xc8, 0xff,
    0x5b, 0x3a, 0xc8, 0xff, 0x5b, 0x3a, 0xc8, 0xff, 0x5b, 0x3a, 0xc8, 0xff, 0x5b, 0x3a, 0xc8, 0xff,
    0x5b, 0x3a, 0xc8, 0xff, 0x5b, 0x3a, 0xc8, 0xff, 0x5b, 0x3a, 0xc8, 0xff, 0x5b, 0x3a, 0xc8, 0xff,
    0x5b, 0x3a, 0xc8, 0xff, 0x5b, 0x3a, 0xc8, 0xff, 0x5b, 0x3a, 0xc8, 0xff, 0x5b, 0x3a, 0xc8, 0xff,
    0x5b, 0x3a, 0xc8, 0xff, 0x5b, 0x3a, 0xc8, 0xff, 0x7d, 0x64, 0xd3, 0xff, 0xce, 0xc4, 0xee, 0xff,
    0xfb, 0xfa, 0xfd, 0xff, 0xfc, 0xfb, 0xfe, 0xff, 0xdb, 0xd4, 0xf2, 0xff, 0x7b, 0x60, 0xd2, 0xff,
    0x5b, 0x3a, 0xc8, 0xff, 0x5b, 0x3a, 0xc8, 0xff, 0x5b, 0x3a, 0xc8, 0xff, 0x5b, 0x3a, 0xc8, 0xff,
    0x5b, 0x3a, 0xc8, 0xff, 0x5b, 0x3a, 0xc8, 0xff, 0x5b, 0x3a, 0xc8, 0xff, 0x5b, 0x3a, 0xc8, 0xff,
    0x5b, 0x3a, 0xc8, 0xff, 0x5b, 0x3a, 0xc8, 0xff, 0x5b, 0x3a, 0xc8, 0xff, 0x5b, 0x3a, 0xc8, 0xff,
    0x5b, 0x3a, 0xc8, 0xff, 0x5b, 0x3a, 0xc8, 0xff, 0x5b, 0x3a, 0xc8, 0xff, 0x5b, 0x3a, 0xc8, 0xff,
    0x5b, 0x3a, 0xc8, 0xff, 0x5b, 0x3a, 0xc8, 0xff, 0x5b, 0x3a, 0xc8, 0xff, 0x5b, 0x3a, 0xc8, 0xff,
    0x5b, 0x3a, 0xc8, 0xff, 0x5b, 0x3a, 0xc8, 0xff, 0x5b, 0x3a, 0xc8, 0xff, 0x5b, 0x3a, 0xc8, 0xff,
    0x5b, 0x3a, 0xc8, 0xff, 0x5b, 0x3a, 0xc8, 0xff, 0x5b, 0x3a, 0xc8, 0xff, 0x5b, 0x3a, 0xc8, 0xff,
    0x5b, 0x3a, 0xc8, 0xff, 0x5b, 0x3a, 0xc8, 0xff, 0x5b, 0x3a, 0xc8, 0xff, 0x5b, 0x3a, 0xc8, 0xff,
    0x5b, 0x3a, 0xc8, 0xff, 0x5b, 0x3a, 0xc8, 0xff, 0x5b, 0x3a, 0xc8, 0xff, 0x5b, 0x3a, 0xc8, 0xff,
    0x5b, 0x3a, 0xc8, 0xff, 0x5b, 0x3a, 0xc8, 0xff, 0x5b, 0x3a, 0xc8, 0xff, 0x5b, 0x3a, 0xc8, 0xff,
    0x5b, 0x3a, 0xc8, 0xff, 0x5b, 0x3a, 0xc8, 0xff, 0x5b, 0x3a, 0xc8, 0xff, 0x5b, 0x3a, 0xc8, 0xff,
    0x5b, 0x3a, 0xc8, 0xff, 0x5b, 0x3a, 0xc8, 0xff, 0x5b, 0x3a, 0xc8, 0xff, 0x5b, 0x3a, 0xc8, 0xff,
    0x5b, 0x3a, 0xc8, 0xff, 0x5b, 0x3a, 0xc8, 0xff, 0x5b, 0x3a, 0xc8, 0xff, 0x5b, 0x3a, 0xc8, 0xff,
    0x5b, 0x3a, 0xc8, 0xff, 0x5b, 0x3a, 0xc8, 0xff, 0x5b, 0x3a, 0xc8, 0xff, 0x61, 0x41, 0xca, 0xff,
    0x84, 0x6c, 0xd6, 0xff, 0xb9, 0xab, 0xe7, 0xff, 0xfc, 0xfb, 0xfe, 0xff, 0xff, 0xff, 0xff, 0xff,
    0xff, 0xff, 0xff, 0xff, 0xff, 0xff, 0xff, 0xff, 0xff, 0xff, 0xff, 0xff, 0xf7, 0xf5, 0xfc, 0xff,
    0x74, 0x58, 0xd0, 0xff, 0x5b, 0x3a, 0xc8, 0xff, 0x5b, 0x3a, 0xc8, 0xff, 0x5b, 0x3a, 0xc8, 0xff,
    0x5b, 0x3a, 0xc8, 0xff, 0x5b, 0x3a, 0xc8, 0xff, 0x5b, 0x3a, 0xc8, 0xff, 0x5b, 0x3a, 0xc8, 0xff,
    0x5b, 0x3a, 0xc8, 0xff, 0x5b, 0x3a, 0xc8, 0xff, 0x5b, 0x3a, 0xc8, 0xff, 0x5b, 0x3a, 0xc8, 0xff,
    0x5b, 0x3a, 0xc8, 0xff, 0x5b, 0x3a, 0xc8, 0xff, 0x5b, 0x3a, 0xc8, 0xff, 0x5b, 0x3a, 0xc8, 0xff,
    0x5b, 0x3a, 0xc8, 0xff, 0x5b, 0x3a, 0xc8, 0xff, 0x5b, 0x3a, 0xc8, 0xff, 0x5b, 0x3a, 0xc8, 0xff,
    0x5b, 0x3a, 0xc8, 0xff, 0x5b, 0x3a, 0xc8, 0xff, 0x5b, 0x3a, 0xc8, 0xff, 0x5b, 0x3a, 0xc8, 0xff,
    0x5b, 0x3a, 0xc8, 0xff, 0x5b, 0x3a, 0xc8, 0xff, 0x5b, 0x3a, 0xc8, 0xff, 0x5b, 0x3a, 0xc8, 0xff,
    0x5b, 0x3a, 0xc8, 0xff, 0x5b, 0x3a, 0xc8, 0xff, 0x5b, 0x3a, 0xc8, 0xff, 0x5b, 0x3a, 0xc8, 0xff,
    0x5b, 0x3a, 0xc8, 0xff, 0x5b, 0x3a, 0xc8, 0xff, 0x5b, 0x3a, 0xc8, 0xff, 0x5b, 0x3a, 0xc8, 0xff,
    0x5b, 0x3a, 0xc8, 0xff, 0x5b, 0x3a, 0xc8, 0xff, 0x5b, 0x3a, 0xc8, 0xff, 0x5b, 0x3a, 0xc8, 0xff,
    0x5b, 0x3a, 0xc8, 0xff, 0x5b, 0x3a, 0xc8, 0xff, 0x5b, 0x3a, 0xc8, 0xff, 0x5b, 0x3a, 0xc8, 0xff,
    0x5b, 0x3a, 0xc8, 0xff, 0x5b, 0x3a, 0xc8, 0xff, 0x5b, 0x3a, 0xc8, 0xff, 0x5b, 0x3a, 0xc8, 0xff,
    0x5b, 0x3a, 0xc8, 0xff, 0x5b, 0x3a, 0xc8, 0xff, 0x5b, 0x3a, 0xc8, 0xff, 0x5b, 0x3a, 0xc8, 0xff,
    0x5b, 0x3a, 0xc8, 0xff, 0x61, 0x41, 0xca, 0xff, 0x97, 0x82, 0xdc, 0xff, 0xb8, 0xaa, 0xe7, 0xff,
    0xbd, 0xb0, 0xe9, 0xff, 0xea, 0xe6, 0xf8, 0xff, 0xff, 0xff, 0xff, 0xff, 0xff, 0xff, 0xff, 0xff,
    0xff, 0xff, 0xff, 0xff, 0xff, 0xff, 0xff, 0xff, 0xff, 0xff, 0xff, 0xff, 0xff, 0xff, 0xff, 0xff,
    0xce, 0xc4, 0xee, 0xff, 0x5b, 0x3a, 0xc8, 0xff, 0x5b, 0x3a, 0xc8, 0xff, 0x5b, 0x3a, 0xc8, 0xff,
    0x5b, 0x3a, 0xc8, 0xff, 0x5b, 0x3a, 0xc8, 0xff, 0x5b, 0x3a, 0xc8, 0xff, 0x5b, 0x3a, 0xc8, 0xff,
    0x5b, 0x3a, 0xc8, 0xff, 0x5b, 0x3a, 0xc8, 0xff, 0x5b, 0x3a, 0xc8, 0xff, 0x5b, 0x3a, 0xc8, 0xff,
    0x5b, 0x3a, 0xc8, 0xff, 0x5b, 0x3a, 0xc8, 0xff, 0x5b, 0x3a, 0xc8, 0xff, 0x5b, 0x3a, 0xc8, 0xff,
    0x5b, 0x3a, 0xc8, 0xff, 0x5b, 0x3a, 0xc8, 0xff, 0x5b, 0x3a, 0xc8, 0xff, 0x5b, 0x3a, 0xc8, 0xff,
    0x5b, 0x3a, 0xc8, 0xff, 0x5b, 0x3a, 0xc8, 0xff, 0x5b, 0x3a, 0xc8, 0xff, 0x5b, 0x3a, 0xc8, 0xff,
    0x5b, 0x3a, 0xc8, 0xff, 0x5b, 0x3a, 0xc8, 0xff, 0x5b, 0x3a, 0xc8, 0xff, 0x5b, 0x3a, 0xc8, 0xff,
    0x5b, 0x3a, 0xc8, 0xff, 0x5b, 0x3a, 0xc8, 0xff, 0x5b, 0x3a, 0xc8, 0xff, 0x5b, 0x3a, 0xc8, 0xff,
    0x5b, 0x3a, 0xc8, 0xff, 0x5b, 0x3a, 0xc8, 0xff, 0x5b, 0x3a, 0xc8, 0xff, 0x5b, 0x3a, 0xc8, 0xff,
    0x5b, 0x3a, 0xc8, 0xff, 0x5b, 0x3a, 0xc8, 0xff, 0x5b, 0x3a, 0xc8, 0xff, 0x5b, 0x3a, 0xc8, 0xff,
    0x5b, 0x3a, 0xc8, 0xff, 0x5b, 0x3a, 0xc8, 0xff, 0x5b, 0x3a, 0xc8, 0xff, 0x5b, 0x3a, 0xc8, 0xff,
    0x5b, 0x3a, 0xc8, 0xff, 0x5b, 0x3a, 0xc8, 0xff, 0x5b, 0x3a, 0xc8, 0xff, 0x5b, 0x3a, 0xc8, 0xff,
    0x5b, 0x3a, 0xc8, 0xff, 0x5b, 0x3a, 0xc8, 0xff, 0x5b, 0x3a, 0xc8, 0xff, 0x5b, 0x3a, 0xc8, 0xff,
    0x5b, 0x3a, 0xc8, 0xff, 0xa7, 0x96, 0xe1, 0xff, 0xbd, 0xb0, 0xe9, 0xff, 0xbd, 0xb0, 0xe9, 0xff,
    0xbd, 0xb0, 0xe9, 0xff, 0xfc, 0xfb, 0xfe, 0xff, 0xff, 0xff, 0xff, 0xff, 0xff, 0xff, 0xff, 0xff,
    0xff, 0xff, 0xff, 0xff, 0xff, 0xff, 0xff, 0xff, 0xff, 0xff, 0xff, 0xff, 0xff, 0xff, 0xff, 0xff,
    0xfa, 0xf8, 0xfd, 0xff, 0x5b, 0x3a, 0xc8, 0xff, 0x5b, 0x3a, 0xc8, 0xff, 0x5b, 0x3a, 0xc8, 0xff,
    0x5b, 0x3a, 0xc8, 0xff, 0x5b, 0x3a, 0xc8, 0xff, 0x5b, 0x3a, 0xc8, 0xff, 0x5b, 0x3a, 0xc8, 0xff,
    0x5b, 0x3a, 0xc8, 0xff, 0x5b, 0x3a, 0xc8, 0xff, 0x5b, 0x3a, 0xc8, 0xff, 0x5b, 0x3a, 0xc8, 0xff,
    0x5b, 0x3a, 0xc8, 0xff, 0x5b, 0x3a, 0xc8, 0xff, 0x5b, 0x3a, 0xc8, 0xff, 0x5b, 0x3a, 0xc8, 0xff,
    0x5b, 0x3a, 0xc8, 0xff, 0x5b, 0x3a, 0xc8, 0xff, 0x5b, 0x3a, 0xc8, 0xff, 0x5b, 0x3a, 0xc8, 0xff,
    0x5b, 0x3a, 0xc8, 0xff, 0x5b, 0x3a, 0xc8, 0xff, 0x5b, 0x3a, 0xc8, 0xff, 0x5b, 0x3a, 0xc8, 0xff,
    0x5b, 0x3a, 0xc8, 0xff, 0x5b, 0x3a, 0xc8, 0xff, 0x5b, 0x3a, 0xc8, 0xff, 0x5b, 0x3a, 0xc8, 0xff,
    0x5b, 0x3a, 0xc8, 0xff, 0x5b, 0x3a, 0xc8, 0xff, 0x5b, 0x3a, 0xc8, 0xff, 0x5b, 0x3a, 0xc8, 0xff,
    0x5b, 0x3a, 0xc8, 0xff, 0x5b, 0x3a, 0xc8, 0xff, 0x5b, 0x3a, 0xc8, 0xff, 0x5b, 0x3a, 0xc8, 0xff,
    0x5b, 0x3a, 0xc8, 0xff, 0x5b, 0x3a, 0xc8, 0xff, 0x5b, 0x3a, 0xc8, 0xff, 0x5b, 0x3a, 0xc8, 0xff,
    0x5b, 0x3a, 0xc8, 0xff, 0x5b, 0x3a, 0xc8, 0xff, 0x5b, 0x3a, 0xc8, 0xff, 0x5b, 0x3a, 0xc8, 0xff,
    0x5b, 0x3a, 0xc8, 0xff, 0x5b, 0x3a, 0xc8, 0xff, 0x5b, 0x3a, 0xc8, 0xff, 0x5b, 0x3a, 0xc8, 0xff,
    0x5b, 0x3a, 0xc8, 0xff, 0x5b, 0x3a, 0xc8, 0xff, 0x5b, 0x3a, 0xc8, 0xff, 0x5b, 0x3a, 0xc8, 0xff,
    0x6f, 0x52, 0xce, 0xff, 0xbd, 0xb0, 0xe9, 0xff, 0xbd, 0xb0, 0xe9, 0xff, 0xbd, 0xb0, 0xe9, 0xff,
    0xbd, 0xb0, 0xe9, 0xff, 0xff, 0xff, 0xff, 0xff, 0xff, 0xff, 0xff, 0xff, 0xff, 0xff, 0xff, 0xff,
    0xff, 0xff, 0xff, 0xff, 0xff, 0xff, 0xff, 0xff, 0xff, 0xff, 0xff, 0xff, 0xff, 0xff, 0xff, 0xff,
    0xff, 0xff, 0xff, 0xff, 0x5b, 0x3a, 0xc8, 0xff, 0x5b, 0x3a, 0xc8, 0xff, 0x5b, 0x3a, 0xc8, 0xff,
    0x5b, 0x3a, 0xc8, 0xff, 0x5b, 0x3a, 0xc8, 0xff, 0x5b, 0x3a, 0xc8, 0xff, 0x5b, 0x3a, 0xc8, 0xff,
    0x5b, 0x3a, 0xc8, 0xff, 0x5b, 0x3a, 0xc8, 0xff, 0x5b, 0x3a, 0xc8, 0xff, 0x5b, 0x3a, 0xc8, 0xff,
    0x5b, 0x3a, 0xc8, 0xff, 0x5b, 0x3a, 0xc8, 0xff, 0x5b, 0x3a, 0xc8, 0xff, 0x5b, 0x3a, 0xc8, 0xff,
    0x5b, 0x3a, 0xc8, 0xff, 0x5b, 0x3a, 0xc8, 0xff, 0x5b, 0x3a, 0xc8, 0xff, 0x5b, 0x3a, 0xc8, 0xff,
    0x5b, 0x3a, 0xc8, 0xff, 0x5b, 0x3a, 0xc8, 0xff, 0x5b, 0x3a, 0xc8, 0xff, 0x5b, 0x3a, 0xc8, 0xff,
    0x5b, 0x3a, 0xc8, 0xff, 0x5b, 0x3a, 0xc8, 0xff, 0x5b, 0x3a, 0xc8, 0xff, 0x5b, 0x3a, 0xc8, 0xff,
    0x5b, 0x3a, 0xc8, 0xff, 0x5b, 0x3a, 0xc8, 0xff, 0x5b, 0x3a, 0xc8, 0xff, 0x5b, 0x3a, 0xc8, 0xff,
    0x5b, 0x3a, 0xc8, 0xff, 0x5b, 0x3a, 0xc8, 0xff, 0x5b, 0x3a, 0xc8, 0xff, 0x5b, 0x3a, 0xc8, 0xff,
    0x5b, 0x3a, 0xc8, 0xff, 0x5b, 0x3a, 0xc8, 0xff, 0x5b, 0x3a, 0xc8, 0xff, 0x5b, 0x3a, 0xc8, 0xff,
    0x5b, 0x3a, 0xc8, 0xff, 0x5b, 0x3a, 0xc8, 0xff, 0x5b, 0x3a, 0xc8, 0xff, 0x5b, 0x3a, 0xc8, 0xff,
    0x5b, 0x3a, 0xc8, 0xff, 0x5b, 0x3a, 0xc8, 0xff, 0x5b, 0x3a, 0xc8, 0xff, 0x5b, 0x3a, 0xc8, 0xff,
    0x5b, 0x3a, 0xc8, 0xff, 0x5b, 0x3a, 0xc8, 0xff, 0x5b, 0x3a, 0xc8, 0xff, 0x5b, 0x3a, 0xc8, 0xff,
    0x72, 0x55, 0xcf, 0xff, 0xbd, 0xb0, 0xe9, 0xff, 0xbd, 0xb0, 0xe9, 0xff, 0xbd, 0xb0, 0xe9, 0xff,
    0xbd, 0xb0, 0xe9, 0xff, 0xff, 0xff, 0xff, 0xff, 0xff, 0xff, 0xff, 0xff, 0xff, 0xff, 0xff, 0xff,
    0xff, 0xff, 0xff, 0xff, 0xff, 0xff, 0xff, 0xff, 0xff, 0xff, 0xff, 0xff, 0xff, 0xff, 0xff, 0xff,
    0xff, 0xff, 0xff, 0xff, 0x5b, 0x3a, 0xc8, 0xff, 0x5b, 0x3a, 0xc8, 0xff, 0x5b, 0x3a, 0xc8, 0xff,
    0x5b, 0x3a, 0xc8, 0xff, 0x5b, 0x3a, 0xc8, 0xff, 0x5b, 0x3a, 0xc8, 0xff, 0x5b, 0x3a, 0xc8, 0xff,
    0x5b, 0x3a, 0xc8, 0xff, 0x5b, 0x3a, 0xc8, 0xff, 0x5b, 0x3a, 0xc8, 0xff, 0x5b, 0x3a, 0xc8, 0xff,
    0x5b, 0x3a, 0xc8, 0xff, 0x5b, 0x3a, 0xc8, 0xff, 0x5b, 0x3a, 0xc8, 0xff, 0x5b, 0x3a, 0xc8, 0xff,
    0x5b, 0x3a, 0xc8, 0xff, 0x5b, 0x3a, 0xc8, 0xff, 0x5b, 0x3a, 0xc8, 0xff, 0x5b, 0x3a, 0xc8, 0xff,
    0x5b, 0x3a, 0xc8, 0xff, 0x5b, 0x3a, 0xc8, 0xff, 0x5b, 0x3a, 0xc8, 0xff, 0x5b, 0x3a, 0xc8, 0xff,
    0x5b, 0x3a, 0xc8, 0xff, 0x5b, 0x3a, 0xc8, 0xff, 0x5b, 0x3a, 0xc8, 0xff, 0x5b, 0x3a, 0xc8, 0xff,
    0x5b, 0x3a, 0xc8, 0xff, 0x5b, 0x3a, 0xc8, 0xff, 0x5b, 0x3a, 0xc8, 0xff, 0x5b, 0x3a, 0xc8, 0xff,
    0x5b, 0x3a, 0xc8, 0xff, 0x5b, 0x3a, 0xc8, 0xff, 0x5b, 0x3a, 0xc8, 0xff, 0x5b, 0x3a, 0xc8, 0xff,
    0x5b, 0x3a, 0xc8, 0xff, 0x5b, 0x3a, 0xc8, 0xff, 0x5b, 0x3a, 0xc8, 0xff, 0x5b, 0x3a, 0xc8, 0xff,
    0x5b, 0x3a, 0xc8, 0xff, 0x5b, 0x3a, 0xc8, 0xff, 0x5b, 0x3a, 0xc8, 0xff, 0x5b, 0x3a, 0xc8, 0xff,
    0x5b, 0x3a, 0xc8, 0xff, 0x5b, 0x3a, 0xc8, 0xff, 0x5b, 0x3a, 0xc8, 0xff, 0x5b, 0x3a, 0xc8, 0xff,
    0x5b, 0x3a, 0xc8, 0xff, 0x5b, 0x3a, 0xc8, 0xff, 0x5b, 0x3a, 0xc8, 0xff, 0x5b, 0x3a, 0xc8, 0xff,
    0x5c, 0x3b, 0xc8, 0xff, 0xb2, 0xa3, 0xe5, 0xff, 0xbd, 0xb0, 0xe9, 0xff, 0xbd, 0xb0, 0xe9, 0xff,
    0xbd, 0xb0, 0xe9, 0xff, 0xff, 0xff, 0xff, 0xff, 0xff, 0xff, 0xff, 0xff, 0xff, 0xff, 0xff, 0xff,
    0xff, 0xff, 0xff, 0xff, 0xff, 0xff, 0xff, 0xff, 0xff, 0xff, 0xff, 0xff, 0xff, 0xff, 0xff, 0xff,
    0xff, 0xff, 0xff, 0xff, 0x5b, 0x3a, 0xc8, 0xff, 0x5b, 0x3a, 0xc8, 0xff, 0x5b, 0x3a, 0xc8, 0xff,
    0x5b, 0x3a, 0xc8, 0xff, 0x5b, 0x3a, 0xc8, 0xff, 0x5b, 0x3a, 0xc8, 0xff, 0x5b, 0x3a, 0xc8, 0xff,
    0x5b, 0x3a, 0xc8, 0xff, 0x5b, 0x3a, 0xc8, 0xff, 0x5b, 0x3a, 0xc8, 0xff, 0x5b, 0x3a, 0xc8, 0xff,
    0x5b, 0x3a, 0xc8, 0xff, 0x5b, 0x3a, 0xc8, 0xff, 0x5b, 0x3a, 0xc8, 0xff, 0x5b, 0x3a, 0xc8, 0xff,
    0x5b, 0x3a, 0xc8, 0xff, 0x5b, 0x3a, 0xc8, 0xff, 0x5b, 0x3a, 0xc8, 0xff, 0x5b, 0x3a, 0xc8, 0xff,
    0x5b, 0x3a, 0xc8, 0xff, 0x5b, 0x3a, 0xc8, 0xff, 0x5b, 0x3a, 0xc8, 0xff, 0x5b, 0x3a, 0xc8, 0xff,
    0x5b, 0x3a, 0xc8, 0xff, 0x5b, 0x3a, 0xc8, 0xff, 0x5b, 0x3a, 0xc8, 0xff, 0x5b, 0x3a, 0xc8, 0xff,
    0x5b, 0x3a, 0xc8, 0xff, 0x5b, 0x3a, 0xc8, 0xff, 0x5b, 0x3a, 0xc8, 0xff, 0x5b, 0x3a, 0xc8, 0xff,
    0x5b, 0x3a, 0xc8, 0xff, 0x5b, 0x3a, 0xc8, 0xff, 0x5b, 0x3a, 0xc8, 0xff, 0x5b, 0x3a, 0xc8, 0xff,
    0x5b, 0x3a, 0xc8, 0xff, 0x5b, 0x3a, 0xc8, 0xff, 0x5b, 0x3a, 0xc8, 0xff, 0x5b, 0x3a, 0xc8, 0xff,
    0x5b, 0x3a, 0xc8, 0xff, 0x5b, 0x3a, 0xc8, 0xff, 0x5b, 0x3a, 0xc8, 0xff, 0x5b, 0x3a, 0xc8, 0xff,
    0x5b, 0x3a, 0xc8, 0xff, 0x5b, 0x3a, 0xc8, 0xff, 0x5b, 0x3a, 0xc8, 0xff, 0x5b, 0x3a, 0xc8, 0xff,
    0x5b, 0x3a, 0xc8, 0xff, 0x5b, 0x3a, 0xc8, 0xff, 0x5b, 0x3a, 0xc8, 0xff, 0x5b, 0x3a, 0xc8, 0xff,
    0x5b, 0x3a, 0xc8, 0xff, 0x70, 0x53, 0xcf, 0xff, 0xad, 0x9d, 0xe3, 0xff, 0xbd, 0xb0, 0xe9, 0xff,
    0xbb, 0xae, 0xe8, 0xff, 0xff, 0xff, 0xff, 0xff, 0xff, 0xff, 0xff, 0xff, 0xff, 0xff, 0xff, 0xff,
    0xff, 0xff, 0xff, 0xff, 0xff, 0xff, 0xff, 0xff, 0xff, 0xff, 0xff, 0xff, 0xff, 0xff, 0xff, 0xff,
    0xff, 0xff, 0xff, 0xff, 0x5b, 0x3a, 0xc8, 0xff, 0x5b, 0x3a, 0xc8, 0xff, 0x5b, 0x3a, 0xc8, 0xff,
    0x5b, 0x3a, 0xc8, 0xff, 0x5b, 0x3a, 0xc8, 0xff, 0x5b, 0x3a, 0xc8, 0xff, 0x5b, 0x3a, 0xc8, 0xff,
    0x5b, 0x3a, 0xc8, 0xff, 0x5b, 0x3a, 0xc8, 0xff, 0x5b, 0x3a, 0xc8, 0xff, 0x5b, 0x3a, 0xc8, 0xff,
    0x5b, 0x3a, 0xc8, 0xff, 0x5b, 0x3a, 0xc8, 0xff, 0x5b, 0x3a, 0xc8, 0xff, 0x5b, 0x3a, 0xc8, 0xff,
    0x5b, 0x3a, 0xc8, 0xff, 0x5b, 0x3a, 0xc8, 0xff, 0x5b, 0x3a, 0xc8, 0xff, 0x5b, 0x3a, 0xc8, 0xff,
    0x5b, 0x3a, 0xc8, 0xff, 0x5b, 0x3a, 0xc8, 0xff, 0x5b, 0x3a, 0xc8, 0xff, 0x5b, 0x3a, 0xc8, 0xff,
    0x5b, 0x3a, 0xc8, 0xff, 0x5b, 0x3a, 0xc8, 0xff, 0x5b, 0x3a, 0xc8, 0xff, 0x5b, 0x3a, 0xc8, 0xff,
    0x5b, 0x3a, 0xc8, 0xff, 0x5b, 0x3a, 0xc8, 0xff, 0x5b, 0x3a, 0xc8, 0xff, 0x5b, 0x3a, 0xc8, 0xff,
    0x5b, 0x3a, 0xc8, 0xff, 0x5b, 0x3a, 0xc8, 0xff, 0x5b, 0x3a, 0xc8, 0xff, 0x5b, 0x3a, 0xc8, 0xff,
    0x5b, 0x3a, 0xc8, 0xff, 0x5b, 0x3a, 0xc8, 0xff, 0x5b, 0x3a, 0xc8, 0xff, 0x5b, 0x3a, 0xc8, 0xff,
    0x5b, 0x3a, 0xc8, 0xff, 0x5b, 0x3a, 0xc8, 0xff, 0x5b, 0x3a, 0xc8, 0xff, 0x5b, 0x3a, 0xc8, 0xff,
    0x5b, 0x3a, 0xc8, 0xff, 0x5b, 0x3a, 0xc8, 0xff, 0x5b, 0x3a, 0xc8, 0xff, 0x5b, 0x3a, 0xc8, 0xff,
    0x5b, 0x3a, 0xc8, 0xff, 0x5b, 0x3a, 0xc8, 0xff, 0x5b, 0x3a, 0xc8, 0xff, 0x5b, 0x3a, 0xc8, 0xff,
    0x5b, 0x3a, 0xc8, 0xff, 0x5b, 0x3a, 0xc8, 0xff, 0x5b, 0x3a, 0xc8, 0xff, 0x66, 0x47, 0xcb, 0xff,
    0x5e, 0x3d, 0xc9, 0xff, 0xff, 0xff, 0xff, 0xff, 0xff, 0xff, 0xff, 0xff, 0xff, 0xff, 0xff, 0xff,
    0xff, 0xff, 0xff, 0xff, 0xff, 0xff, 0xff, 0xff, 0xff, 0xff, 0xff, 0xff, 0xff, 0xff, 0xff, 0xff,
    0xff, 0xff, 0xff, 0xff, 0x5b, 0x3a, 0xc8, 0xff, 0x5b, 0x3a, 0xc8, 0xff, 0x5b, 0x3a, 0xc8, 0xff,
    0x5b, 0x3a, 0xc8, 0xff, 0x5b, 0x3a, 0xc8, 0xff, 0x5b, 0x3a, 0xc8, 0xff, 0x5b, 0x3a, 0xc8, 0xff,
    0x5b, 0x3a, 0xc8, 0xff, 0x5b, 0x3a, 0xc8, 0xff, 0x5b, 0x3a, 0xc8, 0xff, 0x5b, 0x3a, 0xc8, 0xff,
    0x5b, 0x3a, 0xc8, 0xff, 0x5b, 0x3a, 0xc8, 0xff, 0x5b, 0x3a, 0xc8, 0xff, 0x5b, 0x3a, 0xc8, 0xff,
    0x5b, 0x3a, 0xc8, 0xff, 0x5b, 0x3a, 0xc8, 0xff, 0x5b, 0x3a, 0xc8, 0xff, 0x5b, 0x3a, 0xc8, 0xff,
    0x5b, 0x3a, 0xc8, 0xff, 0x5b, 0x3a, 0xc8, 0xff, 0x5b, 0x3a, 0xc8, 0xff, 0x5b, 0x3a, 0xc8, 0xff,
    0x5b, 0x3a, 0xc8, 0xff, 0x5b, 0x3a, 0xc8, 0xff, 0x5b, 0x3a, 0xc8, 0xff, 0x5b, 0x3a, 0xc8, 0xff,
    0x5b, 0x3a, 0xc8, 0xff, 0x5b, 0x3a, 0xc8, 0xff, 0x5b, 0x3a, 0xc8, 0xff, 0x5b, 0x3a, 0xc8, 0xff,
    0x5b, 0x3a, 0xc8, 0xff, 0x5b, 0x3a, 0xc8, 0xff, 0x5b, 0x3a, 0xc8, 0xff, 0x5b, 0x3a, 0xc8, 0xff,
    0x5b, 0x3a, 0xc8, 0xff, 0x5b, 0x3a, 0xc8, 0xff, 0x5b, 0x3a, 0xc8, 0xff, 0x5b, 0x3a, 0xc8, 0xff,
    0x5b, 0x3a, 0xc8, 0xff, 0x5b, 0x3a, 0xc8, 0xff, 0x5b, 0x3a, 0xc8, 0xff, 0x5b, 0x3a, 0xc8, 0xff,
    0x5b, 0x3a, 0xc8, 0xff, 0x5b, 0x3a, 0xc8, 0xff, 0x5b, 0x3a, 0xc8, 0xff, 0x5b, 0x3a, 0xc8, 0xff,
    0x5b, 0x3a, 0xc8, 0xff, 0x5b, 0x3a, 0xc8, 0xff, 0x5b, 0x3a, 0xc8, 0xff, 0x5b, 0x3a, 0xc8, 0xff,
    0x5b, 0x3a, 0xc8, 0xff, 0x5b, 0x3a, 0xc8, 0xff, 0x5b, 0x3a, 0xc8, 0xff, 0x5b, 0x3a, 0xc8, 0xff,
    0x5b, 0x3a, 0xc8, 0xff, 0xff, 0xff, 0xff, 0xff, 0xff, 0xff, 0xff, 0xff, 0xff, 0xff, 0xff, 0xff,
    0xff, 0xff, 0xff, 0xff, 0xff, 0xff, 0xff, 0xff, 0xff, 0xff, 0xff, 0xff, 0xff, 0xff, 0xff, 0xff,
    0xff, 0xff, 0xff, 0xff, 0x5b, 0x3a, 0xc8, 0xff, 0x5b, 0x3a, 0xc8, 0xff, 0x5b, 0x3a, 0xc8, 0xff,
    0x5b, 0x3a, 0xc8, 0xff, 0x5b, 0x3a, 0xc8, 0xff, 0x5b, 0x3a, 0xc8, 0xff, 0x5b, 0x3a, 0xc8, 0xff,
    0x5b, 0x3a, 0xc8, 0xff, 0x5b, 0x3a, 0xc8, 0xff, 0x5b, 0x3a, 0xc8, 0xff, 0x5b, 0x3a, 0xc8, 0xff,
    0x5b, 0x3a, 0xc8, 0xff, 0x5b, 0x3a, 0xc8, 0xff, 0x5b, 0x3a, 0xc8, 0xff, 0x5b, 0x3a, 0xc8, 0xff,
    0x5b, 0x3a, 0xc8, 0xff, 0x5b, 0x3a, 0xc8, 0xff, 0x5b, 0x3a, 0xc8, 0xff, 0x5b, 0x3a, 0xc8, 0xff,
    0x5b, 0x3a, 0xc8, 0xff, 0x5b, 0x3a, 0xc8, 0xff, 0x5b, 0x3a, 0xc8, 0xff, 0x5b, 0x3a, 0xc8, 0xff,
    0x5b, 0x3a, 0xc8, 0xff, 0x5b, 0x3a, 0xc8, 0xff, 0x5b, 0x3a, 0xc8, 0xff, 0x5b, 0x3a, 0xc8, 0xff,
    0x5b, 0x3a, 0xc8, 0xff, 0x5b, 0x3a, 0xc8, 0xff, 0x5b, 0x3a, 0xc8, 0xff, 0x5b, 0x3a, 0xc8, 0xff,
    0x5b, 0x3a, 0xc8, 0xff, 0x5b, 0x3a, 0xc8, 0xff, 0x5b, 0x3a, 0xc8, 0xff, 0x5b, 0x3a, 0xc8, 0xff,
    0x5b, 0x3a, 0xc8, 0xff, 0x5b, 0x3a, 0xc8, 0xff, 0x5b, 0x3a, 0xc8, 0xff, 0x5b, 0x3a, 0xc8, 0xff,
    0x5b, 0x3a, 0xc8, 0xff, 0x5b, 0x3a, 0xc8, 0xff, 0x5b, 0x3a, 0xc8, 0xff, 0x5b, 0x3a, 0xc8, 0xff,
    0x5b, 0x3a, 0xc8, 0xff, 0x5b, 0x3a, 0xc8, 0xff, 0x5b, 0x3a, 0xc8, 0xff, 0x5b, 0x3a, 0xc8, 0xff,
    0x5b, 0x3a, 0xc8, 0xff, 0x5b, 0x3a, 0xc8, 0xff, 0x5b, 0x3a, 0xc8, 0xff, 0x5b, 0x3a, 0xc8, 0xff,
    0x5b, 0x3a, 0xc8, 0xff, 0x5b, 0x3a, 0xc8, 0xff, 0x5b, 0x3a, 0xc8, 0xff, 0x5b, 0x3a, 0xc8, 0xff,
    0x5b, 0x3a, 0xc8, 0xff, 0xff, 0xff, 0xff, 0xff, 0xff, 0xff, 0xff, 0xff, 0xff, 0xff, 0xff, 0xff,
    0xff, 0xff, 0xff, 0xff, 0xff, 0xff, 0xff, 0xff, 0xff, 0xff, 0xff, 0xff, 0xff, 0xff, 0xff, 0xff,
    0xff, 0xff, 0xff, 0xff, 0x5b, 0x3a, 0xc8, 0xff, 0x5b, 0x3a, 0xc8, 0xff, 0x5b, 0x3a, 0xc8, 0xff,
    0x5b, 0x3a, 0xc8, 0xff, 0x5b, 0x3a, 0xc8, 0xff, 0x5b, 0x3a, 0xc8, 0xff, 0x5b, 0x3a, 0xc8, 0xff,
    0x5b, 0x3a, 0xc8, 0xff, 0x5b, 0x3a, 0xc8, 0xff, 0x5b, 0x3a, 0xc8, 0xff, 0x5b, 0x3a, 0xc8, 0xff,
    0x5b, 0x3a, 0xc8, 0xff, 0x5b, 0x3a, 0xc8, 0xff, 0x5b, 0x3a, 0xc8, 0xff, 0x5b, 0x3a, 0xc8, 0xff,
    0x5b, 0x3a, 0xc8, 0xff, 0x5b, 0x3a, 0xc8, 0xff, 0x5b, 0x3a, 0xc8, 0xff, 0x5b, 0x3a, 0xc8, 0xff,
    0x5b, 0x3a, 0xc8, 0xff, 0x5b, 0x3a, 0xc8, 0xff, 0x5b, 0x3a, 0xc8, 0xff, 0x5b, 0x3a, 0xc8, 0xff,
    0x5b, 0x3a, 0xc8, 0xff, 0x5b, 0x3a, 0xc8, 0xff, 0x5b, 0x3a, 0xc8, 0xff, 0x5b, 0x3a, 0xc8, 0xff,
    0x5b, 0x3a, 0xc8, 0xff, 0x5b, 0x3a, 0xc8, 0xff, 0x5b, 0x3a, 0xc8, 0xff, 0x5b, 0x3a, 0xc8, 0xff,
    0x5b, 0x3a, 0xc8, 0xff, 0x5b, 0x3a, 0xc8, 0xff, 0x5b, 0x3a, 0xc8, 0xff, 0x5b, 0x3a, 0xc8, 0xff,
    0x5b, 0x3a, 0xc8, 0xff, 0x5b, 0x3a, 0xc8, 0xff, 0x5b, 0x3a, 0xc8, 0xff, 0x5b, 0x3a, 0xc8, 0xff,
    0x5b, 0x3a, 0xc8, 0xff, 0x5b, 0x3a, 0xc8, 0xff, 0x5b, 0x3a, 0xc8, 0xff, 0x5b, 0x3a, 0xc8, 0xff,
    0x5b, 0x3a, 0xc8, 0xff, 0x5b, 0x3a, 0xc8, 0xff, 0x5b, 0x3a, 0xc8, 0xff, 0x5b, 0x3a, 0xc8, 0xff,
    0x5b, 0x3a, 0xc8, 0xff, 0x5b, 0x3a, 0xc8, 0xff, 0x5b, 0x3a, 0xc8, 0xff, 0x5b, 0x3a, 0xc8, 0xff,
    0x5b, 0x3a, 0xc8, 0xff, 0x5b, 0x3a, 0xc8, 0xff, 0x5b, 0x3a, 0xc8, 0xff, 0x5b, 0x3a, 0xc8, 0xff,
    0x5b, 0x3a, 0xc8, 0xff, 0xff, 0xff, 0xff, 0xff, 0xff, 0xff, 0xff, 0xff, 0xff, 0xff, 0xff, 0xff,
    0xff, 0xff, 0xff, 0xff, 0xff, 0xff, 0xff, 0xff, 0xff, 0xff, 0xff, 0xff, 0xff, 0xff, 0xff, 0xff,
    0xff, 0xff, 0xff, 0xff, 0x5b, 0x3a, 0xc8, 0xff, 0x5b, 0x3a, 0xc8, 0xff, 0x5b, 0x3a, 0xc8, 0xff,
    0x5b, 0x3a, 0xc8, 0xff, 0x5b, 0x3a, 0xc8, 0xff, 0x5b, 0x3a, 0xc8, 0xff, 0x5b, 0x3a, 0xc8, 0xff,
    0x5b, 0x3a, 0xc8, 0xff, 0x5b, 0x3a, 0xc8, 0xff, 0x5b, 0x3a, 0xc8, 0xff, 0x5b, 0x3a, 0xc8, 0xff,
    0x5b, 0x3a, 0xc8, 0xff, 0x5b, 0x3a, 0xc8, 0xff, 0x5b, 0x3a, 0xc8, 0xff, 0x5b, 0x3a, 0xc8, 0xff,
    0x5b, 0x3a, 0xc8, 0xff, 0x5b, 0x3a, 0xc8, 0xff, 0x5b, 0x3a, 0xc8, 0xff, 0x5b, 0x3a, 0xc8, 0xff,
    0x5b, 0x3a, 0xc8, 0xff, 0x5b, 0x3a, 0xc8, 0xff, 0x5b, 0x3a, 0xc8, 0xff, 0x5b, 0x3a, 0xc8, 0xff,
    0x5b, 0x3a, 0xc8, 0xff, 0x5b, 0x3a, 0xc8, 0xff, 0x5b, 0x3a, 0xc8, 0xff, 0x5b, 0x3a, 0xc8, 0xff,
    0x5b, 0x3a, 0xc8, 0xff, 0x5b, 0x3a, 0xc8, 0xff, 0x5b, 0x3a, 0xc8, 0xff, 0x5b, 0x3a, 0xc8, 0xff,
    0x5b, 0x3a, 0xc8, 0xff, 0x5b, 0x3a, 0xc8, 0xff, 0x5b, 0x3a, 0xc8, 0xff, 0x5b, 0x3a, 0xc8, 0xff,
    0x5b, 0x3a, 0xc8, 0xff, 0x5b, 0x3a, 0xc8, 0xff, 0x5b, 0x3a, 0xc8, 0xff, 0x5b, 0x3a, 0xc8, 0xff,
    0x5b, 0x3a, 0xc8, 0xff, 0x5b, 0x3a, 0xc8, 0xff, 0x5b, 0x3a, 0xc8, 0xff, 0x5b, 0x3a, 0xc8, 0xff,
    0x5b, 0x3a, 0xc8, 0xff, 0x5b, 0x3a, 0xc8, 0xff, 0x5b, 0x3a, 0xc8, 0xff, 0x5b, 0x3a, 0xc8, 0xff,
    0x5b, 0x3a, 0xc8, 0xff, 0x5b, 0x3a, 0xc8, 0xff, 0x5b, 0x3a, 0xc8, 0xff, 0x5b, 0x3a, 0xc8, 0xff,
    0x5b, 0x3a, 0xc8, 0xff, 0x5b, 0x3a, 0xc8, 0xff, 0x5b, 0x3a, 0xc8, 0xff, 0x5b, 0x3a, 0xc8, 0xff,
    0x5b, 0x3a, 0xc8, 0xff, 0xff, 0xff, 0xff, 0xff, 0xff, 0xff, 0xff, 0xff, 0xff, 0xff, 0xff, 0xff,
    0xff, 0xff, 0xff, 0xff, 0xff, 0xff, 0xff, 0xff, 0xff, 0xff, 0xff, 0xff, 0xff, 0xff, 0xff, 0xff,
    0xff, 0xff, 0xff, 0xff, 0x5b, 0x3a, 0xc8, 0xff, 0x5b, 0x3a, 0xc8, 0xff, 0x5b, 0x3a, 0xc8, 0xff,
    0x5b, 0x3a, 0xc8, 0xff, 0x5b, 0x3a, 0xc8, 0xff, 0x5b, 0x3a, 0xc8, 0xff, 0x5b, 0x3a, 0xc8, 0xff,
    0x5b, 0x3a, 0xc8, 0xff, 0x5b, 0x3a, 0xc8, 0xff, 0x5b, 0x3a, 0xc8, 0xff, 0x5b, 0x3a, 0xc8, 0xff,
    0x5b, 0x3a, 0xc8, 0xff, 0x5b, 0x3a, 0xc8, 0xff, 0x5b, 0x3a, 0xc8, 0xff, 0x5b, 0x3a, 0xc8, 0xff,
    0x5b, 0x3a, 0xc8, 0xff, 0x5b, 0x3a, 0xc8, 0xff, 0x5b, 0x3a, 0xc8, 0xff, 0x5b, 0x3a, 0xc8, 0xff,
    0x5b, 0x3a, 0xc8, 0xff, 0x5b, 0x3a, 0xc8, 0xff, 0x5b, 0x3a, 0xc8, 0xff, 0x5b, 0x3a, 0xc8, 0xff,
    0x5b, 0x3a, 0xc8, 0xff, 0x5b, 0x3a, 0xc8, 0xff, 0x5b, 0x3a, 0xc8, 0xff, 0x5b, 0x3a, 0xc8, 0xff,
    0x5b, 0x3a, 0xc8, 0xff, 0x5b, 0x3a, 0xc8, 0xff, 0x5b, 0x3a, 0xc8, 0xff, 0x5b, 0x3a, 0xc8, 0xff,
    0x5b, 0x3a, 0xc8, 0xff, 0x5b, 0x3a, 0xc8, 0xff, 0x5b, 0x3a, 0xc8, 0xff, 0x5b, 0x3a, 0xc8, 0xff,
    0x5b, 0x3a, 0xc8, 0xff, 0x5b, 0x3a, 0xc8, 0xff, 0x5b, 0x3a, 0xc8, 0xff, 0x5b, 0x3a, 0xc8, 0xff,
    0x5b, 0x3a, 0xc8, 0xff, 0x5b, 0x3a, 0xc8, 0xff, 0x5b, 0x3a, 0xc8, 0xff, 0x5b, 0x3a, 0xc8, 0xff,
    0x5b, 0x3a, 0xc8, 0xff, 0x5b, 0x3a, 0xc8, 0xff, 0x5b, 0x3a, 0xc8, 0xff, 0x5b, 0x3a, 0xc8, 0xff,
    0x5b, 0x3a, 0xc8, 0xff, 0x5b, 0x3a, 0xc8, 0xff, 0x5b, 0x3a, 0xc8, 0xff, 0x5b, 0x3a, 0xc8, 0xff,
    0x5b, 0x3a, 0xc8, 0xff, 0x5b, 0x3a, 0xc8, 0xff, 0x5b, 0x3a, 0xc8, 0xff, 0x5b, 0x3a, 0xc8, 0xff,
    0x5b, 0x3a, 0xc8, 0xff, 0xff, 0xff, 0xff, 0xff, 0xff, 0xff, 0xff, 0xff, 0xff, 0xff, 0xff, 0xff,
    0xff, 0xff, 0xff, 0xff, 0xff, 0xff, 0xff, 0xff, 0xff, 0xff, 0xff, 0xff, 0xff, 0xff, 0xff, 0xff,
    0xff, 0xff, 0xff, 0xff, 0x5b, 0x3a, 0xc8, 0xff, 0x5b, 0x3a, 0xc8, 0xff, 0x5b, 0x3a, 0xc8, 0xff,
    0x5b, 0x3a, 0xc8, 0xff, 0x5b, 0x3a, 0xc8, 0xff, 0x5b, 0x3a, 0xc8, 0xff, 0x5b, 0x3a, 0xc8, 0xff,
    0x5b, 0x3a, 0xc8, 0xff, 0x5b, 0x3a, 0xc8, 0xff, 0x5b, 0x3a, 0xc8, 0xff, 0x5b, 0x3a, 0xc8, 0xff,
    0x5b, 0x3a, 0xc8, 0xff, 0x5b, 0x3a, 0xc8, 0xff, 0x5b, 0x3a, 0xc8, 0xff, 0x5b, 0x3a, 0xc8, 0xff,
    0x5b, 0x3a, 0xc8, 0xff, 0x5b, 0x3a, 0xc8, 0xff, 0x5b, 0x3a, 0xc8, 0xff, 0x5b, 0x3a, 0xc8, 0xff,
    0x5b, 0x3a, 0xc8, 0xff, 0x5b, 0x3a, 0xc8, 0xff, 0x5b, 0x3a, 0xc8, 0xff, 0x5b, 0x3a, 0xc8, 0xff,
    0x5b, 0x3a, 0xc8, 0xff, 0x5b, 0x3a, 0xc8, 0xff, 0x5b, 0x3a, 0xc8, 0xff, 0x5b, 0x3a, 0xc8, 0xff,
    0x5b, 0x3a, 0xc8, 0xff, 0x5b, 0x3a, 0xc8, 0xff, 0x5b, 0x3a, 0xc8, 0xff, 0x5b, 0x3a, 0xc8, 0xff,
    0x5b, 0x3a, 0xc8, 0xff, 0x5b, 0x3a, 0xc8, 0xff, 0x5b, 0x3a, 0xc8, 0xff, 0x5b, 0x3a, 0xc8, 0xff,
    0x5b, 0x3a, 0xc8, 0xff, 0x5b, 0x3a, 0xc8, 0xff, 0x5b, 0x3a, 0xc8, 0xff, 0x5b, 0x3a, 0xc8, 0xff,
    0x5b, 0x3a, 0xc8, 0xff, 0x5b, 0x3a, 0xc8, 0xff, 0x5b, 0x3a, 0xc8, 0xff, 0x5b, 0x3a, 0xc8, 0xff,
    0x5b, 0x3a, 0xc8, 0xff, 0x5b, 0x3a, 0xc8, 0xff, 0x5b, 0x3a, 0xc8, 0xff, 0x5b, 0x3a, 0xc8, 0xff,
    0x5b, 0x3a, 0xc8, 0xff, 0x5b, 0x3a, 0xc8, 0xff, 0x5b, 0x3a, 0xc8, 0xff, 0x5b, 0x3a, 0xc8, 0xff,
    0x5b, 0x3a, 0xc8, 0xff, 0x5b, 0x3a, 0xc8, 0xff, 0x5b, 0x3a, 0xc8, 0xff, 0x5b, 0x3a, 0xc8, 0xff,
    0x5b, 0x3a, 0xc8, 0xff, 0xff, 0xff, 0xff, 0xff, 0xff, 0xff, 0xff, 0xff, 0xff, 0xff, 0xff, 0xff,
    0xff, 0xff, 0xff, 0xff, 0xff, 0xff, 0xff, 0xff, 0xff, 0xff, 0xff, 0xff, 0xff, 0xff, 0xff, 0xff,
    0xff, 0xff, 0xff, 0xff, 0x5b, 0x3a, 0xc8, 0xff, 0x5b, 0x3a, 0xc8, 0xff, 0x5b, 0x3a, 0xc8, 0xff,
    0x5b, 0x3a, 0xc8, 0xff, 0x5b, 0x3a, 0xc8, 0xff, 0x5b, 0x3a, 0xc8, 0xff, 0x5b, 0x3a, 0xc8, 0xff,
    0x5b, 0x3a, 0xc8, 0xff, 0x5b, 0x3a, 0xc8, 0xff, 0x5b, 0x3a, 0xc8, 0xff, 0x5b, 0x3a, 0xc8, 0xff,
    0x5b, 0x3a, 0xc8, 0xff, 0x5b, 0x3a, 0xc8, 0xff, 0x5b, 0x3a, 0xc8, 0xff, 0x5b, 0x3a, 0xc8, 0xff,
    0x5b, 0x3a, 0xc8, 0xff, 0x5b, 0x3a, 0xc8, 0xff, 0x5b, 0x3a, 0xc8, 0xff, 0x5b, 0x3a, 0xc8, 0xff,
    0x5b, 0x3a, 0xc8, 0xff, 0x5b, 0x3a, 0xc8, 0xff, 0x5b, 0x3a, 0xc8, 0xff, 0x5b, 0x3a, 0xc8, 0xff,
    0x5b, 0x3a, 0xc8, 0xff, 0x5b, 0x3a, 0xc8, 0xff, 0x5b, 0x3a, 0xc8, 0xff, 0x5b, 0x3a, 0xc8, 0xff,
    0x5b, 0x3a, 0xc8, 0xff, 0x5b, 0x3a, 0xc8, 0xff, 0x5b, 0x3a, 0xc8, 0xff, 0x5b, 0x3a, 0xc8, 0xff,
    0x5b, 0x3a, 0xc8, 0xff, 0x5b, 0x3a, 0xc8, 0xff, 0x5b, 0x3a, 0xc8, 0xff, 0x5b, 0x3a, 0xc8, 0xff,
    0x5b, 0x3a, 0xc8, 0xff, 0x5b, 0x3a, 0xc8, 0xff, 0x5b, 0x3a, 0xc8, 0xff, 0x5b, 0x3a, 0xc8, 0xff,
    0x5b, 0x3a, 0xc8, 0xff, 0x5b, 0x3a, 0xc8, 0xff, 0x5b, 0x3a, 0xc8, 0xff, 0x5b, 0x3a, 0xc8, 0xff,
    0x5b, 0x3a, 0xc8, 0xff, 0x5b, 0x3a, 0xc8, 0xff, 0x5b, 0x3a, 0xc8, 0xff, 0x5b, 0x3a, 0xc8, 0xff,
    0x5b, 0x3a, 0xc8, 0xff, 0x5b, 0x3a, 0xc8, 0xff, 0x5b, 0x3a, 0xc8, 0xff, 0x5b, 0x3a, 0xc8, 0xff,
    0x5b, 0x3a, 0xc8, 0xff, 0x5b, 0x3a, 0xc8, 0xff, 0x5b, 0x3a, 0xc8, 0xff, 0x5b, 0x3a, 0xc8, 0xff,
    0x5b, 0x3a, 0xc8, 0xff, 0xff, 0xff, 0xff, 0xff, 0xff, 0xff, 0xff, 0xff, 0xff, 0xff, 0xff, 0xff,
    0xff, 0xff, 0xff, 0xff, 0xff, 0xff, 0xff, 0xff, 0xff, 0xff, 0xff, 0xff, 0xff, 0xff, 0xff, 0xff,
    0xff, 0xff, 0xff, 0xff, 0x73, 0x57, 0xd0, 0xff, 0x8f, 0x79, 0xd9, 0xff, 0x8d, 0x77, 0xd9, 0xff,
    0x6d, 0x50, 0xce, 0xff, 0x5b, 0x3a, 0xc8, 0xff, 0x5b, 0x3a, 0xc8, 0xff, 0x5b, 0x3a, 0xc8, 0xff,
    0x5b, 0x3a, 0xc8, 0xff, 0x5b, 0x3a, 0xc8, 0xff, 0x5b, 0x3a, 0xc8, 0xff, 0x5b, 0x3a, 0xc8, 0xff,
    0x5b, 0x3a, 0xc8, 0xff, 0x5b, 0x3a, 0xc8, 0xff, 0x5b, 0x3a, 0xc8, 0xff, 0x5b, 0x3a, 0xc8, 0xff,
    0x5b, 0x3a, 0xc8, 0xff, 0x5b, 0x3a, 0xc8, 0xff, 0x5b, 0x3a, 0xc8, 0xff, 0x5b, 0x3a, 0xc8, 0xff,
    0x5b, 0x3a, 0xc8, 0xff, 0x5b, 0x3a, 0xc8, 0xff, 0x5b, 0x3a, 0xc8, 0xff, 0x5b, 0x3a, 0xc8, 0xff,
    0x5b, 0x3a, 0xc8, 0xff, 0x5b, 0x3a, 0xc8, 0xff, 0x5b, 0x3a, 0xc8, 0xff, 0x5b, 0x3a, 0xc8, 0xff,
    0x5b, 0x3a, 0xc8, 0xff, 0x5b, 0x3a, 0xc8, 0xff, 0x5b, 0x3a, 0xc8, 0xff, 0x5b, 0x3a, 0xc8, 0xff,
    0x5b, 0x3a, 0xc8, 0xff, 0x5b, 0x3a, 0xc8, 0xff, 0x5b, 0x3a, 0xc8, 0xff, 0x5b, 0x3a, 0xc8, 0xff,
    0x5b, 0x3a, 0xc8, 0xff, 0x5b, 0x3a, 0xc8, 0xff, 0x5b, 0x3a, 0xc8, 0xff, 0x5b, 0x3a, 0xc8, 0xff,
    0x5b, 0x3a, 0xc8, 0xff, 0x5b, 0x3a, 0xc8, 0xff, 0x5b, 0x3a, 0xc8, 0xff, 0x5b, 0x3a, 0xc8, 0xff,
    0x5b, 0x3a, 0xc8, 0xff, 0x5b, 0x3a, 0xc8, 0xff, 0x5b, 0x3a, 0xc8, 0xff, 0x5b, 0x3a, 0xc8, 0xff,
    0x5b, 0x3a, 0xc8, 0xff, 0x5b, 0x3a, 0xc8, 0xff, 0x5b, 0x3a, 0xc8, 0xff, 0x5b, 0x3a, 0xc8, 0xff,
    0x5b, 0x3a, 0xc8, 0xff, 0x5b, 0x3a, 0xc8, 0xff, 0x5b, 0x3a, 0xc8, 0xff, 0x5b, 0x3a, 0xc8, 0xff,
    0x5b, 0x3a, 0xc8, 0xff, 0xff, 0xff, 0xff, 0xff, 0xff, 0xff, 0xff, 0xff, 0xff, 0xff, 0xff, 0xff,
    0xff, 0xff, 0xff, 0xff, 0xff, 0xff, 0xff, 0xff, 0xff, 0xff, 0xff, 0xff, 0xff, 0xff, 0xff, 0xff,
    0xff, 0xff, 0xff, 0xff, 0xbd, 0xb0, 0xe9, 0xff, 0xbd, 0xb0, 0xe9, 0xff, 0xbd, 0xb0, 0xe9, 0xff,
    0xba, 0xac, 0xe8, 0xff, 0x75, 0x59, 0xd0, 0xff, 0x5b, 0x3a, 0xc8, 0xff, 0x5b, 0x3a, 0xc8, 0xff,
    0x5b, 0x3a, 0xc8, 0xff, 0x5b, 0x3a, 0xc8, 0xff, 0x5b, 0x3a, 0xc8, 0xff, 0x5b, 0x3a, 0xc8, 0xff,
    0x5b, 0x3a, 0xc8, 0xff, 0x5b, 0x3a, 0xc8, 0xff, 0x5b, 0x3a, 0xc8, 0xff, 0x5b, 0x3a, 0xc8, 0xff,
    0x5b, 0x3a, 0xc8, 0xff, 0x5b, 0x3a, 0xc8, 0xff, 0x5b, 0x3a, 0xc8, 0xff, 0x5b, 0x3a, 0xc8, 0xff,
    0x5b, 0x3a, 0xc8, 0xff, 0x5b, 0x3a, 0xc8, 0xff, 0x5b, 0x3a, 0xc8, 0xff, 0x5b, 0x3a, 0xc8, 0xff,
    0x5b, 0x3a, 0xc8, 0xff, 0x5b, 0x3a, 0xc8, 0xff, 0x5b, 0x3a, 0xc8, 0xff, 0x5b, 0x3a, 0xc8, 0xff,
    0x5b, 0x3a, 0xc8, 0xff, 0x5b, 0x3a, 0xc8, 0xff, 0x5b, 0x3a, 0xc8, 0xff, 0x5b, 0x3a, 0xc8, 0xff,
    0x5b, 0x3a, 0xc8, 0xff, 0x5b, 0x3a, 0xc8, 0xff, 0x5b, 0x3a, 0xc8, 0xff, 0x5b, 0x3a, 0xc8, 0xff,
    0x5b, 0x3a, 0xc8, 0xff, 0x5b, 0x3a, 0xc8, 0xff, 0x5b, 0x3a, 0xc8, 0xff, 0x5b, 0x3a, 0xc8, 0xff,
    0x5b, 0x3a, 0xc8, 0xff, 0x5b, 0x3a, 0xc8, 0xff, 0x5b, 0x3a, 0xc8, 0xff, 0x5b, 0x3a, 0xc8, 0xff,
    0x5b, 0x3a, 0xc8, 0xff, 0x5b, 0x3a, 0xc8, 0xff, 0x5b, 0x3a, 0xc8, 0xff, 0x5b, 0x3a, 0xc8, 0xff,
    0x5b, 0x3a, 0xc8, 0xff, 0x5b, 0x3a, 0xc8, 0xff, 0x5b, 0x3a, 0xc8, 0xff, 0x5b, 0x3a, 0xc8, 0xff,
    0x5b, 0x3a, 0xc8, 0xff, 0x5b, 0x3a, 0xc8, 0xff, 0x5b, 0x3a, 0xc8, 0xff, 0x5b, 0x3a, 0xc8, 0xff,
    0x5b, 0x3a, 0xc8, 0xff, 0xff, 0xff, 0xff, 0xff, 0xff, 0xff, 0xff, 0xff, 0xff, 0xff, 0xff, 0xff,
    0xff, 0xff, 0xff, 0xff, 0xff, 0xff, 0xff, 0xff, 0xff, 0xff, 0xff, 0xff, 0xff, 0xff, 0xff, 0xff,
    0xff, 0xff, 0xff, 0xff, 0xbd, 0xb0, 0xe9, 0xff, 0xbd, 0xb0, 0xe9, 0xff, 0xbd, 0xb0, 0xe9, 0xff,
    0xbd, 0xb0, 0xe9, 0xff, 0xaa, 0x99, 0xe2, 0xff, 0x5b, 0x3a, 0xc8, 0xff, 0x5b, 0x3a, 0xc8, 0xff,
    0x5b, 0x3a, 0xc8, 0xff, 0x5b, 0x3a, 0xc8, 0xff, 0x5b, 0x3a, 0xc8, 0xff, 0x5b, 0x3a, 0xc8, 0xff,
    0x5b, 0x3a, 0xc8, 0xff, 0x5b, 0x3a, 0xc8, 0xff, 0x5b, 0x3a, 0xc8, 0xff, 0x5b, 0x3a, 0xc8, 0xff,
    0x5b, 0x3a, 0xc8, 0xff, 0x5b, 0x3a, 0xc8, 0xff, 0x5b, 0x3a, 0xc8, 0xff, 0x5b, 0x3a, 0xc8, 0xff,
    0x5b, 0x3a, 0xc8, 0xff, 0x5b, 0x3a, 0xc8, 0xff, 0x5b, 0x3a, 0xc8, 0xff, 0x5b, 0x3a, 0xc8, 0xff,
    0x5b, 0x3a, 0xc8, 0xff, 0x5b, 0x3a, 0xc8, 0xff, 0x5b, 0x3a, 0xc8, 0xff, 0x5b, 0x3a, 0xc8, 0xff,
    0x5b, 0x3a, 0xc8, 0xff, 0x5b, 0x3a, 0xc8, 0xff, 0x5b, 0x3a, 0xc8, 0xff, 0x5b, 0x3a, 0xc8, 0xff,
    0x5b, 0x3a, 0xc8, 0xff, 0x5b, 0x3a, 0xc8, 0xff, 0x5b, 0x3a, 0xc8, 0xff, 0x5b, 0x3a, 0xc8, 0xff,
    0x5b, 0x3a, 0xc8, 0xff, 0x5b, 0x3a, 0xc8, 0xff, 0x5b, 0x3a, 0xc8, 0xff, 0x5b, 0x3a, 0xc8, 0xff,
    0x5b, 0x3a, 0xc8, 0xff, 0x5b, 0x3a, 0xc8, 0xff, 0x5b, 0x3a, 0xc8, 0xff, 0x5b, 0x3a, 0xc8, 0xff,
    0x5b, 0x3a, 0xc8, 0xff, 0x5b, 0x3a, 0xc8, 0xff, 0x5b, 0x3a, 0xc8, 0xff, 0x5b, 0x3a, 0xc8, 0xff,
    0x5b, 0x3a, 0xc8, 0xff, 0x5b, 0x3a, 0xc8, 0xff, 0x5b, 0x3a, 0xc8, 0xff, 0x5b, 0x3a, 0xc8, 0xff,
    0x5b, 0x3a, 0xc8, 0xff, 0x5b, 0x3a, 0xc8, 0xff, 0x5b, 0x3a, 0xc8, 0xff, 0x5b, 0x3a, 0xc8, 0xff,
    0x5b, 0x3a, 0xc8, 0xff, 0xff, 0xff, 0xff, 0xff, 0xff, 0xff, 0xff, 0xff, 0xff, 0xff, 0xff, 0xff,
    0xff, 0xff, 0xff, 0xff, 0xff, 0xff, 0xff, 0xff, 0xff, 0xff, 0xff, 0xff, 0xff, 0xff, 0xff, 0xff,
    0xff, 0xff, 0xff, 0xff, 0xbd, 0xb0, 0xe9, 0xff, 0xbd, 0xb0, 0xe9, 0xff, 0xbd, 0xb0, 0xe9, 0xff,
    0xbd, 0xb0, 0xe9, 0xff, 0xb7, 0xa8, 0xe7, 0xff, 0x5b, 0x3a, 0xc8, 0xff, 0x5b, 0x3a, 0xc8, 0xff,
    0x5b, 0x3a, 0xc8, 0xff, 0x5b, 0x3a, 0xc8, 0xff, 0x5b, 0x3a, 0xc8, 0xff, 0x5b, 0x3a, 0xc8, 0xff,
    0x5b, 0x3a, 0xc8, 0xff, 0x5b, 0x3a, 0xc8, 0xff, 0x5b, 0x3a, 0xc8, 0xff, 0x5b, 0x3a, 0xc8, 0xff,
    0x5b, 0x3a, 0xc8, 0xff, 0x5b, 0x3a, 0xc8, 0xff, 0x5b, 0x3a, 0xc8, 0xff, 0x5b, 0x3a, 0xc8, 0xff,
    0x5b, 0x3a, 0xc8, 0xff, 0x5b, 0x3a, 0xc8, 0xff, 0x5b, 0x3a, 0xc8, 0xff, 0x5b, 0x3a, 0xc8, 0xff,
    0x5b, 0x3a, 0xc8, 0xff, 0x5b, 0x3a, 0xc8, 0xff, 0x5b, 0x3a, 0xc8, 0xff, 0x5b, 0x3a, 0xc8, 0xff,
    0x5b, 0x3a, 0xc8, 0xff, 0x5b, 0x3a, 0xc8, 0xff, 0x5b, 0x3a, 0xc8, 0xff, 0x5b, 0x3a, 0xc8, 0xff,
    0x5b, 0x3a, 0xc8, 0xff, 0x5b, 0x3a, 0xc8, 0xff, 0x5b, 0x3a, 0xc8, 0xff, 0x5b, 0x3a, 0xc8, 0xff,
    0x5b, 0x3a, 0xc8, 0xff, 0x5b, 0x3a, 0xc8, 0xff, 0x5b, 0x3a, 0xc8, 0xff, 0x5b, 0x3a, 0xc8, 0xff,
    0x5b, 0x3a, 0xc8, 0xff, 0x5b, 0x3a, 0xc8, 0xff, 0x5b, 0x3a, 0xc8, 0xff, 0x5b, 0x3a, 0xc8, 0xff,
    0x5b, 0x3a, 0xc8, 0xff, 0x5b, 0x3a, 0xc8, 0xff, 0x5b, 0x3a, 0xc8, 0xff, 0x5b, 0x3a, 0xc8, 0xff,
    0x5b, 0x3a, 0xc8, 0xff, 0x5b, 0x3a, 0xc8, 0xff, 0x5b, 0x3a, 0xc8, 0xff, 0x5b, 0x3a, 0xc8, 0xff,
    0x5b, 0x3a, 0xc8, 0xff, 0x5b, 0x3a, 0xc8, 0xff, 0x5b, 0x3a, 0xc8, 0xff, 0x5b, 0x3a, 0xc8, 0xff,
    0x5b, 0x3a, 0xc8, 0xff, 0xff, 0xff, 0xff, 0xff, 0xff, 0xff, 0xff, 0xff, 0xff, 0xff, 0xff, 0xff,
    0xff, 0xff, 0xff, 0xff, 0xff, 0xff, 0xff, 0xff, 0xff, 0xff, 0xff, 0xff, 0xff, 0xff, 0xff, 0xff,
    0xff, 0xff, 0xff, 0xff, 0xbd, 0xb0, 0xe9, 0xff, 0xbd, 0xb0, 0xe9, 0xff, 0xbd, 0xb0, 0xe9, 0xff,
    0xbd, 0xb0, 0xe9, 0xff, 0xa6, 0x94, 0xe1, 0xff, 0x5b, 0x3a, 0xc8, 0xff, 0x5b, 0x3a, 0xc8, 0xff,
    0x5b, 0x3a, 0xc8, 0xff, 0x5b, 0x3a, 0xc8, 0xff, 0x5b, 0x3a, 0xc8, 0xff, 0x5b, 0x3a, 0xc8, 0xff,
    0x5b, 0x3a, 0xc8, 0xff, 0x5b, 0x3a, 0xc8, 0xff, 0x5b, 0x3a, 0xc8, 0xff, 0x5b, 0x3a, 0xc8, 0xff,
    0x5b, 0x3a, 0xc8, 0xff, 0x5b, 0x3a, 0xc8, 0xff, 0x5b, 0x3a, 0xc8, 0xff, 0x5b, 0x3a, 0xc8, 0xff,
    0x5b, 0x3a, 0xc8, 0xff, 0x5b, 0x3a, 0xc8, 0xff, 0x5b, 0x3a, 0xc8, 0xff, 0x5b, 0x3a, 0xc8, 0xff,
    0x5b, 0x3a, 0xc8, 0xff, 0x5b, 0x3a, 0xc8, 0xff, 0x5b, 0x3a, 0xc8, 0xff, 0x5b, 0x3a, 0xc8, 0xff,
    0x5b, 0x3a, 0xc8, 0xff, 0x5b, 0x3a, 0xc8, 0xff, 0x5b, 0x3a, 0xc8, 0xff, 0x5b, 0x3a, 0xc8, 0xff,
    0x5b, 0x3a, 0xc8, 0xff, 0x5b, 0x3a, 0xc8, 0xff, 0x5b, 0x3a, 0xc8, 0xff, 0x5b, 0x3a, 0xc8, 0xff,
    0x5b, 0x3a, 0xc8, 0xff, 0x5b, 0x3a, 0xc8, 0xff, 0x5b, 0x3a, 0xc8, 0xff, 0x5b, 0x3a, 0xc8, 0xff,
    0x5b, 0x3a, 0xc8, 0xff, 0x5b, 0x3a, 0xc8, 0xff, 0x5b, 0x3a, 0xc8, 0xff, 0x5b, 0x3a, 0xc8, 0xff,
    0x5b, 0x3a, 0xc8, 0xff, 0x5b, 0x3a, 0xc8, 0xff, 0x5b, 0x3a, 0xc8, 0xff, 0x5b, 0x3a, 0xc8, 0xff,
    0x5b, 0x3a, 0xc8, 0xff, 0x5b, 0x3a, 0xc8, 0xff, 0x5b, 0x3a, 0xc8, 0xff, 0x5b, 0x3a, 0xc8, 0xff,
    0x5b, 0x3a, 0xc8, 0xff, 0x5b, 0x3a, 0xc8, 0xff, 0x5b, 0x3a, 0xc8, 0xff, 0x5b, 0x3a, 0xc8, 0xff,
    0x5b, 0x3a, 0xc8, 0xff, 0xe8, 0xe3, 0xf7, 0xff, 0xff, 0xff, 0xff, 0xff, 0xff, 0xff, 0xff, 0xff,
    0xff, 0xff, 0xff, 0xff, 0xff, 0xff, 0xff, 0xff, 0xff, 0xff, 0xff, 0xff, 0xff, 0xff, 0xff, 0xff,
    0xf5, 0xf3, 0xfc, 0xff, 0xbd, 0xb0, 0xe9, 0xff, 0xbd, 0xb0, 0xe9, 0xff, 0xbd, 0xb0, 0xe9, 0xff,
    0xb2, 0xa3, 0xe5, 0xff, 0x68, 0x4a, 0xcc, 0xff, 0x5b, 0x3a, 0xc8, 0xff, 0x5b, 0x3a, 0xc8, 0xff,
    0x5b, 0x3a, 0xc8, 0xff, 0x5b, 0x3a, 0xc8, 0xff, 0x5b, 0x3a, 0xc8, 0xff, 0x5b, 0x3a, 0xc8, 0xff,
    0x5b, 0x3a, 0xc8, 0xff, 0x5b, 0x3a, 0xc8, 0xff, 0x5b, 0x3a, 0xc8, 0xff, 0x5b, 0x3a, 0xc8, 0xff,
    0x5b, 0x3a, 0xc8, 0xff, 0x5b, 0x3a, 0xc8, 0xff, 0x5b, 0x3a, 0xc8, 0xff, 0x5b, 0x3a, 0xc8, 0xff,
    0x5b, 0x3a, 0xc8, 0xff, 0x5b, 0x3a, 0xc8, 0xff, 0x5b, 0x3a, 0xc8, 0xff, 0x5b, 0x3a, 0xc8, 0xff,
    0x5b, 0x3a, 0xc8, 0xff, 0x5b, 0x3a, 0xc8, 0xff, 0x5b, 0x3a, 0xc8, 0xff, 0x5b, 0x3a, 0xc8, 0xff,
    0x5b, 0x3a, 0xc8, 0xff, 0x5b, 0x3a, 0xc8, 0xff, 0x5b, 0x3a, 0xc8, 0xff, 0x5b, 0x3a, 0xc8, 0xff,
    0x5b, 0x3a, 0xc8, 0xff, 0x5b, 0x3a, 0xc8, 0xff, 0x5b, 0x3a, 0xc8, 0xff, 0x5b, 0x3a, 0xc8, 0xff,
    0x5b, 0x3a, 0xc8, 0xff, 0x5b, 0x3a, 0xc8, 0xff, 0x5b, 0x3a, 0xc8, 0xff, 0x5b, 0x3a, 0xc8, 0xff,
    0x5b, 0x3a, 0xc8, 0xff, 0x5b, 0x3a, 0xc8, 0xff, 0x5b, 0x3a, 0xc8, 0xff, 0x5b, 0x3a, 0xc8, 0xff,
    0x5b, 0x3a, 0xc8, 0xff, 0x5b, 0x3a, 0xc8, 0xff, 0x5b, 0x3a, 0xc8, 0xff, 0x5b, 0x3a, 0xc8, 0xff,
    0x5b, 0x3a, 0xc8, 0xff, 0x5b, 0x3a, 0xc8, 0xff, 0x5b, 0x3a, 0xc8, 0xff, 0x5b, 0x3a, 0xc8, 0xff,
    0x5b, 0x3a, 0xc8, 0xff, 0x5b, 0x3a, 0xc8, 0xff, 0x5b, 0x3a, 0xc8, 0xff, 0x5b, 0x3a, 0xc8, 0xff,
    0x5b, 0x3a, 0xc8, 0xff, 0xa5, 0x93, 0xe1, 0xff, 0xff, 0xff, 0xff, 0xff, 0xff, 0xff, 0xff, 0xff,
    0xff, 0xff, 0xff, 0xff, 0xff, 0xff, 0xff, 0xff, 0xff, 0xff, 0xff, 0xff, 0xff, 0xff, 0xff, 0xff,
    0xd8, 0xd1, 0xf2, 0xff, 0xbd, 0xb0, 0xe9, 0xff, 0xaf, 0x9f, 0xe4, 0xff, 0x84, 0x6c, 0xd6, 0xff,
    0x61, 0x41, 0xca, 0xff, 0x5b, 0x3a, 0xc8, 0xff, 0x5b, 0x3a, 0xc8, 0xff, 0x5b, 0x3a, 0xc8, 0xff,
    0x5b, 0x3a, 0xc8, 0xff, 0x5b, 0x3a, 0xc8, 0xff, 0x5b, 0x3a, 0xc8, 0xff, 0x5b, 0x3a, 0xc8, 0xff,
    0x5b, 0x3a, 0xc8, 0xff, 0x5b, 0x3a, 0xc8, 0xff, 0x5b, 0x3a, 0xc8, 0xff, 0x5b, 0x3a, 0xc8, 0xff,
    0x5b, 0x3a, 0xc8, 0xff, 0x5b, 0x3a, 0xc8, 0xff, 0x5b, 0x3a, 0xc8, 0xff, 0x5b, 0x3a, 0xc8, 0xff,
    0x5b, 0x3a, 0xc8, 0xff, 0x5b, 0x3a, 0xc8, 0xff, 0x5b, 0x3a, 0xc8, 0xff, 0x5b, 0x3a, 0xc8, 0xff,
    0x5b, 0x3a, 0xc8, 0xff, 0x5b, 0x3a, 0xc8, 0xff, 0x5b, 0x3a, 0xc8, 0xff, 0x5b, 0x3a, 0xc8, 0xff,
    0x5b, 0x3a, 0xc8, 0xff, 0x5b, 0x3a, 0xc8, 0xff, 0x5b, 0x3a, 0xc8, 0xff, 0x5b, 0x3a, 0xc8, 0xff,
    0x5b, 0x3a, 0xc8, 0xff, 0x5b, 0x3a, 0xc8, 0xff, 0x5b, 0x3a, 0xc8, 0xff, 0x5b, 0x3a, 0xc8, 0xff,
    0x5b, 0x3a, 0xc8, 0xff, 0x5b, 0x3a, 0xc8, 0xff, 0x5b, 0x3a, 0xc8, 0xff, 0x5b, 0x3a, 0xc8, 0xff,
    0x5b, 0x3a, 0xc8, 0xff, 0x5b, 0x3a, 0xc8, 0xff, 0x5b, 0x3a, 0xc8, 0xff, 0x5b, 0x3a, 0xc8, 0xff,
    0x5b, 0x3a, 0xc8, 0xff, 0x5b, 0x3a, 0xc8, 0xff, 0x5b, 0x3a, 0xc8, 0xff, 0x5b, 0x3a, 0xc8, 0xff,
    0x5b, 0x3a, 0xc8, 0xff, 0x5b, 0x3a, 0xc8, 0xff, 0x5b, 0x3a, 0xc8, 0xff, 0x5b, 0x3a, 0xc8, 0xff,
    0x5b, 0x3a, 0xc8, 0xff, 0x5b, 0x3a, 0xc8, 0xff, 0x5b, 0x3a, 0xc8, 0xff, 0x5b, 0x3a, 0xc8, 0xff,
    0x5b, 0x3a, 0xc8, 0xff, 0x5d, 0x3d, 0xc8, 0xff, 0xbe, 0xb1, 0xe9, 0xff, 0xff, 0xff, 0xff, 0xff,
    0xff, 0xff, 0xff, 0xff, 0xff, 0xff, 0xff, 0xff, 0xff, 0xff, 0xff, 0xff, 0xe3, 0xde, 0xf5, 0xff,
    0x9a, 0x87, 0xdd, 0xff, 0x73, 0x57, 0xd0, 0xff, 0x5b, 0x3a, 0xc8, 0xff, 0x5b, 0x3a, 0xc8, 0xff,
    0x5b, 0x3a, 0xc8, 0xff, 0x5b, 0x3a, 0xc8, 0xff, 0x5b, 0x3a, 0xc8, 0xff, 0x5b, 0x3a, 0xc8, 0xff,
    0x5b, 0x3a, 0xc8, 0xff, 0x5b, 0x3a, 0xc8, 0xff, 0x5b, 0x3a, 0xc8, 0xff, 0x5b, 0x3a, 0xc8, 0xff,
    0x5b, 0x3a, 0xc8, 0xff, 0x5b, 0x3a, 0xc8, 0xff, 0x5b, 0x3a, 0xc8, 0xff, 0x5b, 0x3a, 0xc8, 0xff,
    0x5b, 0x3a, 0xc8, 0xff, 0x5b, 0x3a, 0xc8, 0xff, 0x5b, 0x3a, 0xc8, 0xff, 0x5b, 0x3a, 0xc8, 0xff,
    0x5b, 0x3a, 0xc8, 0xff, 0x5b, 0x3a, 0xc8, 0xff, 0x5b, 0x3a, 0xc8, 0xff, 0x5b, 0x3a, 0xc8, 0xff,
    0x5b, 0x3a, 0xc8, 0xff, 0x5b, 0x3a, 0xc8, 0xff, 0x5b, 0x3a, 0xc8, 0xff, 0x5b, 0x3a, 0xc8, 0xff,
    0x5b, 0x3a, 0xc8, 0xeb, 0x5b, 0x3a, 0xc8, 0xff, 0x5b, 0x3a, 0xc8, 0xff, 0x5b, 0x3a, 0xc8, 0xff,
    0x5b, 0x3a, 0xc8, 0xff, 0x5b, 0x3a, 0xc8, 0xff, 0x5b, 0x3a, 0xc8, 0xff, 0x5b, 0x3a, 0xc8, 0xff,
    0x5b, 0x3a, 0xc8, 0xff, 0x5b, 0x3a, 0xc8, 0xff, 0x5b, 0x3a, 0xc8, 0xff, 0x5b, 0x3a, 0xc8, 0xff,
    0x5b, 0x3a, 0xc8, 0xff, 0x5b, 0x3a, 0xc8, 0xff, 0x5b, 0x3a, 0xc8, 0xff, 0x5b, 0x3a, 0xc8, 0xff,
    0x5b, 0x3a, 0xc8, 0xff, 0x5b, 0x3a, 0xc8, 0xff, 0x5b, 0x3a, 0xc8, 0xff, 0x5b, 0x3a, 0xc8, 0xff,
    0x5b, 0x3a, 0xc8, 0xff, 0x5b, 0x3a, 0xc8, 0xff, 0x5b, 0x3a, 0xc8, 0xff, 0x5b, 0x3a, 0xc8, 0xff,
    0x5b, 0x3a, 0xc8, 0xff, 0x5b, 0x3a, 0xc8, 0xff, 0x5b, 0x3a, 0xc8, 0xff, 0x5b, 0x3a, 0xc8, 0xff,
    0x5b, 0x3a, 0xc8, 0xff, 0x5b, 0x3a, 0xc8, 0xff, 0x5b, 0x3a, 0xc8, 0xff, 0x79, 0x5f, 0xd2, 0xff,
    0xab, 0x9a, 0xe3, 0xff, 0xba, 0xac, 0xe7, 0xff, 0x94, 0x7f, 0xdb, 0xff, 0x61, 0x41, 0xca, 0xff,
    0x5b, 0x3a, 0xc8, 0xff, 0x5b, 0x3a, 0xc8, 0xff, 0x5b, 0x3a, 0xc8, 0xff, 0x5b, 0x3a, 0xc8, 0xff,
    0x5b, 0x3a, 0xc8, 0xff, 0x5b, 0x3a, 0xc8, 0xff, 0x5b, 0x3a, 0xc8, 0xff, 0x5b, 0x3a, 0xc8, 0xff,
    0x5b, 0x3a, 0xc8, 0xff, 0x5b, 0x3a, 0xc8, 0xff, 0x5b, 0x3a, 0xc8, 0xff, 0x5b, 0x3a, 0xc8, 0xff,
    0x5b, 0x3a, 0xc8, 0xff, 0x5b, 0x3a, 0xc8, 0xff, 0x5b, 0x3a, 0xc8, 0xff, 0x5b, 0x3a, 0xc8, 0xff,
    0x5b, 0x3a, 0xc8, 0xff, 0x5b, 0x3a, 0xc8, 0xff, 0x5b, 0x3a, 0xc8, 0xff, 0x5b, 0x3a, 0xc8, 0xff,
    0x5b, 0x3a, 0xc8, 0xff, 0x5b, 0x3a, 0xc8, 0xff, 0x5b, 0x3a, 0xc8, 0xff, 0x5b, 0x3a, 0xc8, 0xff,
    0x5b, 0x3a, 0xc8, 0xff, 0x5b, 0x3a, 0xc8, 0xff, 0x5b, 0x3a, 0xc8, 0xff, 0x5b, 0x3a, 0xc8, 0xeb,
    0x5b, 0x3a, 0xc8, 0xcf, 0x5b, 0x3a, 0xc8, 0xff, 0x5b, 0x3a, 0xc8, 0xff, 0x5b, 0x3a, 0xc8, 0xff,
    0x5b, 0x3a, 0xc8, 0xff, 0x5b, 0x3a, 0xc8, 0xff, 0x5b, 0x3a, 0xc8, 0xff, 0x5b, 0x3a, 0xc8, 0xff,
    0x5b, 0x3a, 0xc8, 0xff, 0x5b, 0x3a, 0xc8, 0xff, 0x5b, 0x3a, 0xc8, 0xff, 0x5b, 0x3a, 0xc8, 0xff,
    0x5b, 0x3a, 0xc8, 0xff, 0x5b, 0x3a, 0xc8, 0xff, 0x5b, 0x3a, 0xc8, 0xff, 0x5b, 0x3a, 0xc8, 0xff,
    0x5b, 0x3a, 0xc8, 0xff, 0x5b, 0x3a, 0xc8, 0xff, 0x5b, 0x3a, 0xc8, 0xff, 0x5b, 0x3a, 0xc8, 0xff,
    0x5b, 0x3a, 0xc8, 0xff, 0x5b, 0x3a, 0xc8, 0xff, 0x5b, 0x3a, 0xc8, 0xff, 0x5b, 0x3a, 0xc8, 0xff,
    0x5b, 0x3a, 0xc8, 0xff, 0x5b, 0x3a, 0xc8, 0xff, 0x5b, 0x3a, 0xc8, 0xff, 0x5b, 0x3a, 0xc8, 0xff,
    0x5b, 0x3a, 0xc8, 0xff, 0x5b, 0x3a, 0xc8, 0xff, 0x5b, 0x3a, 0xc8, 0xff, 0x5b, 0x3a, 0xc8, 0xff,
    0x5b, 0x3a, 0xc8, 0xff, 0x5b, 0x3a, 0xc8, 0xff, 0x5b, 0x3a, 0xc8, 0xff, 0x5b, 0x3a, 0xc8, 0xff,
    0x5b, 0x3a, 0xc8, 0xff, 0x5b, 0x3a, 0xc8, 0xff, 0x5b, 0x3a, 0xc8, 0xff, 0x5b, 0x3a, 0xc8, 0xff,
    0x5b, 0x3a, 0xc8, 0xff, 0x5b, 0x3a, 0xc8, 0xff, 0x5b, 0x3a, 0xc8, 0xff, 0x5b, 0x3a, 0xc8, 0xff,
    0x5b, 0x3a, 0xc8, 0xff, 0x5b, 0x3a, 0xc8, 0xff, 0x5b, 0x3a, 0xc8, 0xff, 0x5b, 0x3a, 0xc8, 0xff,
    0x5b, 0x3a, 0xc8, 0xff, 0x5b, 0x3a, 0xc8, 0xff, 0x5b, 0x3a, 0xc8, 0xff, 0x5b, 0x3a, 0xc8, 0xff,
    0x5b, 0x3a, 0xc8, 0xff, 0x5b, 0x3a, 0xc8, 0xff, 0x5b, 0x3a, 0xc8, 0xff, 0x5b, 0x3a, 0xc8, 0xff,
    0x5b, 0x3a, 0xc8, 0xff, 0x5b, 0x3a, 0xc8, 0xff, 0x5b, 0x3a, 0xc8, 0xff, 0x5b, 0x3a, 0xc8, 0xff,
    0x5b, 0x3a, 0xc8, 0xff, 0x5b, 0x3a, 0xc8, 0xff, 0x5b, 0x3a, 0xc8, 0xff, 0x5a, 0x3a, 0xc8, 0xcb,
    0x5b, 0x3a, 0xc8, 0x9f, 0x5b, 0x3a, 0xc8, 0xff, 0x5b, 0x3a, 0xc8, 0xff, 0x5b, 0x3a, 0xc8, 0xff,
    0x5b, 0x3a, 0xc8, 0xff, 0x5b, 0x3a, 0xc8, 0xff, 0x5b, 0x3a, 0xc8, 0xff, 0x5b, 0x3a, 0xc8, 0xff,
    0x5b, 0x3a, 0xc8, 0xff, 0x5b, 0x3a, 0xc8, 0xff, 0x5b, 0x3a, 0xc8, 0xff, 0x5b, 0x3a, 0xc8, 0xff,
    0x5b, 0x3a, 0xc8, 0xff, 0x5b, 0x3a, 0xc8, 0xff, 0x5b, 0x3a, 0xc8, 0xff, 0x5b, 0x3a, 0xc8, 0xff,
    0x5b, 0x3a, 0xc8, 0xff, 0x5b, 0x3a, 0xc8, 0xff, 0x5b, 0x3a, 0xc8, 0xff, 0x5b, 0x3a, 0xc8, 0xff,
    0x5b, 0x3a, 0xc8, 0xff, 0x5b, 0x3a, 0xc8, 0xff, 0x5b, 0x3a, 0xc8, 0xff, 0x5b, 0x3a, 0xc8, 0xff,
    0x5b, 0x3a, 0xc8, 0xff, 0x5b, 0x3a, 0xc8, 0xff, 0x5b, 0x3a, 0xc8, 0xff, 0x5b, 0x3a, 0xc8, 0xff,
    0x5b, 0x3a, 0xc8, 0xff, 0x5b, 0x3a, 0xc8, 0xff, 0x5b, 0x3a, 0xc8, 0xff, 0x5b, 0x3a, 0xc8, 0xff,
    0x5b, 0x3a, 0xc8, 0xff, 0x5b, 0x3a, 0xc8, 0xff, 0x5b, 0x3a, 0xc8, 0xff, 0x5b, 0x3a, 0xc8, 0xff,
    0x5b, 0x3a, 0xc8, 0xff, 0x5b, 0x3a, 0xc8, 0xff, 0x5b, 0x3a, 0xc8, 0xff, 0x5b, 0x3a, 0xc8, 0xff,
    0x5b, 0x3a, 0xc8, 0xff, 0x5b, 0x3a, 0xc8, 0xff, 0x5b, 0x3a, 0xc8, 0xff, 0x5b, 0x3a, 0xc8, 0xff,
    0x5b, 0x3a, 0xc8, 0xff, 0x5b, 0x3a, 0xc8, 0xff, 0x5b, 0x3a, 0xc8, 0xff, 0x5b, 0x3a, 0xc8, 0xff,
    0x5b, 0x3a, 0xc8, 0xff, 0x5b, 0x3a, 0xc8, 0xff, 0x5b, 0x3a, 0xc8, 0xff, 0x5b, 0x3a, 0xc8, 0xff,
    0x5b, 0x3a, 0xc8, 0xff, 0x5b, 0x3a, 0xc8, 0xff, 0x5b, 0x3a, 0xc8, 0xff, 0x5b, 0x3a, 0xc8, 0xff,
    0x5b, 0x3a, 0xc8, 0xff, 0x5b, 0x3a, 0xc8, 0xff, 0x5b, 0x3a, 0xc8, 0xff, 0x5b, 0x3a, 0xc8, 0xff,
    0x5b, 0x3a, 0xc8, 0xff, 0x5b, 0x3a, 0xc8, 0xff, 0x5b, 0x3a, 0xc8, 0xff, 0x5a, 0x3a, 0xc7, 0x9b,
    0x5c, 0x3b, 0xca, 0x5b, 0x5b, 0x3a, 0xc8, 0xff, 0x5b, 0x3a, 0xc8, 0xff, 0x5b, 0x3a, 0xc8, 0xff,
    0x5b, 0x3a, 0xc8, 0xff, 0x5b, 0x3a, 0xc8, 0xff, 0x5b, 0x3a, 0xc8, 0xff, 0x5b, 0x3a, 0xc8, 0xff,
    0x5b, 0x3a, 0xc8, 0xff, 0x5b, 0x3a, 0xc8, 0xff, 0x5b, 0x3a, 0xc8, 0xff, 0x5b, 0x3a, 0xc8, 0xff,
    0x5b, 0x3a, 0xc8, 0xff, 0x5b, 0x3a, 0xc8, 0xff, 0x5b, 0x3a, 0xc8, 0xff, 0x5b, 0x3a, 0xc8, 0xff,
    0x5b, 0x3a, 0xc8, 0xff, 0x5b, 0x3a, 0xc8, 0xff, 0x5b, 0x3a, 0xc8, 0xff, 0x5b, 0x3a, 0xc8, 0xff,
    0x5b, 0x3a, 0xc8, 0xff, 0x5b, 0x3a, 0xc8, 0xff, 0x5b, 0x3a, 0xc8, 0xff, 0x5b, 0x3a, 0xc8, 0xff,
    0x5b, 0x3a, 0xc8, 0xff, 0x5b, 0x3a, 0xc8, 0xff, 0x5b, 0x3a, 0xc8, 0xff, 0x5b, 0x3a, 0xc8, 0xff,
    0x5b, 0x3a, 0xc8, 0xff, 0x5b, 0x3a, 0xc8, 0xff, 0x5b, 0x3a, 0xc8, 0xff, 0x5b, 0x3a, 0xc8, 0xff,
    0x5b, 0x3a, 0xc8, 0xff, 0x5b, 0x3a, 0xc8, 0xff, 0x5b, 0x3a, 0xc8, 0xff, 0x5b, 0x3a, 0xc8, 0xff,
    0x5b, 0x3a, 0xc8, 0xff, 0x5b, 0x3a, 0xc8, 0xff, 0x5b, 0x3a, 0xc8, 0xff, 0x5b, 0x3a, 0xc8, 0xff,
    0x5b, 0x3a, 0xc8, 0xff, 0x5b, 0x3a, 0xc8, 0xff, 0x5b, 0x3a, 0xc8, 0xff, 0x5b, 0x3a, 0xc8, 0xff,
    0x5b, 0x3a, 0xc8, 0xff, 0x5b, 0x3a, 0xc8, 0xff, 0x5b, 0x3a, 0xc8, 0xff, 0x5b, 0x3a, 0xc8, 0xff,
    0x5b, 0x3a, 0xc8, 0xff, 0x5b, 0x3a, 0xc8, 0xff, 0x5b, 0x3a, 0xc8, 0xff, 0x5b, 0x3a, 0xc8, 0xff,
    0x5b, 0x3a, 0xc8, 0xff, 0x5b, 0x3a, 0xc8, 0xff, 0x5b, 0x3a, 0xc8, 0xff, 0x5b, 0x3a, 0xc8, 0xff,
    0x5b, 0x3a, 0xc8, 0xff, 0x5b, 0x3a, 0xc8, 0xff, 0x5b, 0x3a, 0xc8, 0xff, 0x5b, 0x3a, 0xc8, 0xff,
    0x5b, 0x3a, 0xc8, 0xff, 0x5b, 0x3a, 0xc8, 0xff, 0x5b, 0x3a, 0xc8, 0xff, 0x5a, 0x3b, 0xc7, 0x5b,
    0x50, 0x30, 0xbf, 0x10, 0x5b, 0x3a, 0xc7, 0xf7, 0x5b, 0x3a, 0xc8, 0xff, 0x5b, 0x3a, 0xc8, 0xff,
    0x5b, 0x3a, 0xc8, 0xff, 0x5b, 0x3a, 0xc8, 0xff, 0x5b, 0x3a, 0xc8, 0xff, 0x5b, 0x3a, 0xc8, 0xff,
    0x5b, 0x3a, 0xc8, 0xff, 0x5b, 0x3a, 0xc8, 0xff, 0x5b, 0x3a, 0xc8, 0xff, 0x5b, 0x3a, 0xc8, 0xff,
    0x5b, 0x3a, 0xc8, 0xff, 0x5b, 0x3a, 0xc8, 0xff, 0x5b, 0x3a, 0xc8, 0xff, 0x5b, 0x3a, 0xc8, 0xff,
    0x5b, 0x3a, 0xc8, 0xff, 0x5b, 0x3a, 0xc8, 0xff, 0x5b, 0x3a, 0xc8, 0xff, 0x5b, 0x3a, 0xc8, 0xff,
    0x5b, 0x3a, 0xc8, 0xff, 0x5b, 0x3a, 0xc8, 0xff, 0x5b, 0x3a, 0xc8, 0xff, 0x5b, 0x3a, 0xc8, 0xff,
    0x5b, 0x3a, 0xc8, 0xff, 0x5b, 0x3a, 0xc8, 0xff, 0x5b, 0x3a, 0xc8, 0xff, 0x5b, 0x3a, 0xc8, 0xff,
    0x5b, 0x3a, 0xc8, 0xff, 0x5b, 0x3a, 0xc8, 0xff, 0x5b, 0x3a, 0xc8, 0xff, 0x5b, 0x3a, 0xc8, 0xff,
    0x5b, 0x3a, 0xc8, 0xff, 0x5b, 0x3a, 0xc8, 0xff, 0x5b, 0x3a, 0xc8, 0xff, 0x5b, 0x3a, 0xc8, 0xff,
    0x5b, 0x3a, 0xc8, 0xff, 0x5b, 0x3a, 0xc8, 0xff, 0x5b, 0x3a, 0xc8, 0xff, 0x5b, 0x3a, 0xc8, 0xff,
    0x5b, 0x3a, 0xc8, 0xff, 0x5b, 0x3a, 0xc8, 0xff, 0x5b, 0x3a, 0xc8, 0xff, 0x5b, 0x3a, 0xc8, 0xff,
    0x5b, 0x3a, 0xc8, 0xff, 0x5b, 0x3a, 0xc8, 0xff, 0x5b, 0x3a, 0xc8, 0xff, 0x5b, 0x3a, 0xc8, 0xff,
    0x5b, 0x3a, 0xc8, 0xff, 0x5b, 0x3a, 0xc8, 0xff, 0x5b, 0x3a, 0xc8, 0xff, 0x5b, 0x3a, 0xc8, 0xff,
    0x5b, 0x3a, 0xc8, 0xff, 0x5b, 0x3a, 0xc8, 0xff, 0x5b, 0x3a, 0xc8, 0xff, 0x5b, 0x3a, 0xc8, 0xff,
    0x5b, 0x3a, 0xc8, 0xff, 0x5b, 0x3a, 0xc8, 0xff, 0x5b, 0x3a, 0xc8, 0xff, 0x5b, 0x3a, 0xc8, 0xff,
    0x5b, 0x3a, 0xc8, 0xff, 0x5b, 0x3a, 0xc8, 0xff, 0x5b, 0x3a, 0xc7, 0xf7, 0x50, 0x30, 0xbf, 0x10,
    0x00, 0x00, 0x00, 0x00, 0x5b, 0x3a, 0xc8, 0x9f, 0x5b, 0x3a, 0xc8, 0xff, 0x5b, 0x3a, 0xc8, 0xff,
    0x5b, 0x3a, 0xc8, 0xff, 0x5b, 0x3a, 0xc8, 0xff, 0x5b, 0x3a, 0xc8, 0xff, 0x5b, 0x3a, 0xc8, 0xff,
    0x5b, 0x3a, 0xc8, 0xff, 0x5b, 0x3a, 0xc8, 0xff, 0x5b, 0x3a, 0xc8, 0xff, 0x5b, 0x3a, 0xc8, 0xff,
    0x5b, 0x3a, 0xc8, 0xff, 0x5b, 0x3a, 0xc8, 0xff, 0x5b, 0x3a, 0xc8, 0xff, 0x5b, 0x3a, 0xc8, 0xff,
    0x5b, 0x3a, 0xc8, 0xff, 0x5b, 0x3a, 0xc8, 0xff, 0x5b, 0x3a, 0xc8, 0xff, 0x5b, 0x3a, 0xc8, 0xff,
    0x5b, 0x3a, 0xc8, 0xff, 0x5b, 0x3a, 0xc8, 0xff, 0x5b, 0x3a, 0xc8, 0xff, 0x5b, 0x3a, 0xc8, 0xff,
    0x5b, 0x3a, 0xc8, 0xff, 0x5b, 0x3a, 0xc8, 0xff, 0x5b, 0x3a, 0xc8, 0xff, 0x5b, 0x3a, 0xc8, 0xff,
    0x5b, 0x3a, 0xc8, 0xff, 0x5b, 0x3a, 0xc8, 0xff, 0x5b, 0x3a, 0xc8, 0xff, 0x5b, 0x3a, 0xc8, 0xff,
    0x5b, 0x3a, 0xc8, 0xff, 0x5b, 0x3a, 0xc8, 0xff, 0x5b, 0x3a, 0xc8, 0xff, 0x5b, 0x3a, 0xc8, 0xff,
    0x5b, 0x3a, 0xc8, 0xff, 0x5b, 0x3a, 0xc8, 0xff, 0x5b, 0x3a, 0xc8, 0xff, 0x5b, 0x3a, 0xc8, 0xff,
    0x5b, 0x3a, 0xc8, 0xff, 0x5b, 0x3a, 0xc8, 0xff, 0x5b, 0x3a, 0xc8, 0xff, 0x5b, 0x3a, 0xc8, 0xff,
    0x5b, 0x3a, 0xc8, 0xff, 0x5b, 0x3a, 0xc8, 0xff, 0x5b, 0x3a, 0xc8, 0xff, 0x5b, 0x3a, 0xc8, 0xff,
    0x5b, 0x3a, 0xc8, 0xff, 0x5b, 0x3a, 0xc8, 0xff, 0x5b, 0x3a, 0xc8, 0xff, 0x5b, 0x3a, 0xc8, 0xff,
    0x5b, 0x3a, 0xc8, 0xff, 0x5b, 0x3a, 0xc8, 0xff, 0x5b, 0x3a, 0xc8, 0xff, 0x5b, 0x3a, 0xc8, 0xff,
    0x5b, 0x3a, 0xc8, 0xff, 0x5b, 0x3a, 0xc8, 0xff, 0x5b, 0x3a, 0xc8, 0xff, 0x5b, 0x3a, 0xc8, 0xff,
    0x5b, 0x3a, 0xc8, 0xff, 0x5b, 0x3a, 0xc8, 0xff, 0x5b, 0x39, 0xc7, 0x97, 0x00, 0x00, 0x00, 0x00,
    0x00, 0x00, 0x00, 0x00, 0x5c, 0x39, 0xc6, 0x24, 0x5a, 0x3a, 0xc7, 0xfb, 0x5b, 0x3a, 0xc8, 0xff,
    0x5b, 0x3a, 0xc8, 0xff, 0x5b, 0x3a, 0xc8, 0xff, 0x5b, 0x3a, 0xc8, 0xff, 0x5b, 0x3a, 0xc8, 0xff,
    0x5b, 0x3a, 0xc8, 0xff, 0x5b, 0x3a, 0xc8, 0xff, 0x5b, 0x3a, 0xc8, 0xff, 0x5b, 0x3a, 0xc8, 0xff,
    0x5b, 0x3a, 0xc8, 0xff, 0x5b, 0x3a, 0xc8, 0xff, 0x5b, 0x3a, 0xc8, 0xff, 0x5b, 0x3a, 0xc8, 0xff,
    0x5b, 0x3a, 0xc8, 0xff, 0x5b, 0x3a, 0xc8, 0xff, 0x5b, 0x3a, 0xc8, 0xff, 0x5b, 0x3a, 0xc8, 0xff,
    0x5b, 0x3a, 0xc8, 0xff, 0x5b, 0x3a, 0xc8, 0xff, 0x5b, 0x3a, 0xc8, 0xff, 0x5b, 0x3a, 0xc8, 0xff,
    0x5b, 0x3a, 0xc8, 0xff, 0x5b, 0x3a, 0xc8, 0xff, 0x5b, 0x3a, 0xc8, 0xff, 0x5b, 0x3a, 0xc8, 0xff,
    0x5b, 0x3a, 0xc8, 0xff, 0x5b, 0x3a, 0xc8, 0xff, 0x5b, 0x3a, 0xc8, 0xff, 0x5b, 0x3a, 0xc8, 0xff,
    0x5b, 0x3a, 0xc8, 0xff, 0x5b, 0x3a, 0xc8, 0xff, 0x5b, 0x3a, 0xc8, 0xff, 0x5b, 0x3a, 0xc8, 0xff,
    0x5b, 0x3a, 0xc8, 0xff, 0x5b, 0x3a, 0xc8, 0xff, 0x5b, 0x3a, 0xc8, 0xff, 0x5b, 0x3a, 0xc8, 0xff,
    0x5b, 0x3a, 0xc8, 0xff, 0x5b, 0x3a, 0xc8, 0xff, 0x5b, 0x3a, 0xc8, 0xff, 0x5b, 0x3a, 0xc8, 0xff,
    0x5b, 0x3a, 0xc8, 0xff, 0x5b, 0x3a, 0xc8, 0xff, 0x5b, 0x3a, 0xc8, 0xff, 0x5b, 0x3a, 0xc8, 0xff,
    0x5b, 0x3a, 0xc8, 0xff, 0x5b, 0x3a, 0xc8, 0xff, 0x5b, 0x3a, 0xc8, 0xff, 0x5b, 0x3a, 0xc8, 0xff,
    0x5b, 0x3a, 0xc8, 0xff, 0x5b, 0x3a, 0xc8, 0xff, 0x5b, 0x3a, 0xc8, 0xff, 0x5b, 0x3a, 0xc8, 0xff,
    0x5b, 0x3a, 0xc8, 0xff, 0x5b, 0x3a, 0xc8, 0xff, 0x5b, 0x3a, 0xc8, 0xff, 0x5b, 0x3a, 0xc8, 0xff,
    0x5b, 0x3a, 0xc8, 0xff, 0x5b, 0x3a, 0xc7, 0xf7, 0x59, 0x39, 0xc6, 0x28, 0x00, 0x00, 0x00, 0x00,
    0x00, 0x00, 0x00, 0x00, 0x00, 0x00, 0x00, 0x00, 0x5c, 0x3b, 0xc8, 0x8b, 0x5b, 0x3a, 0xc8, 0xff,
    0x5b, 0x3a, 0xc8, 0xff, 0x5b, 0x3a, 0xc8, 0xff, 0x5b, 0x3a, 0xc8, 0xff, 0x5b, 0x3a, 0xc8, 0xff,
    0x5b, 0x3a, 0xc8, 0xff, 0x5b, 0x3a, 0xc8, 0xff, 0x5b, 0x3a, 0xc8, 0xff, 0x5b, 0x3a, 0xc8, 0xff,
    0x5b, 0x3a, 0xc8, 0xff, 0x5b, 0x3a, 0xc8, 0xff, 0x5b, 0x3a, 0xc8, 0xff, 0x5b, 0x3a, 0xc8, 0xff,
    0x5b, 0x3a, 0xc8, 0xff, 0x5b, 0x3a, 0xc8, 0xff, 0x5b, 0x3a, 0xc8, 0xff, 0x5b, 0x3a, 0xc8, 0xff,
    0x5b, 0x3a, 0xc8, 0xff, 0x5b, 0x3a, 0xc8, 0xff, 0x5b, 0x3a, 0xc8, 0xff, 0x5b, 0x3a, 0xc8, 0xff,
    0x5b, 0x3a, 0xc8, 0xff, 0x5b, 0x3a, 0xc8, 0xff, 0x5b, 0x3a, 0xc8, 0xff, 0x5b, 0x3a, 0xc8, 0xff,
    0x5b, 0x3a, 0xc8, 0xff, 0x5b, 0x3a, 0xc8, 0xff, 0x5b, 0x3a, 0xc8, 0xff, 0x5b, 0x3a, 0xc8, 0xff,
    0x5b, 0x3a, 0xc8, 0xff, 0x5b, 0x3a, 0xc8, 0xff, 0x5b, 0x3a, 0xc8, 0xff, 0x5b, 0x3a, 0xc8, 0xff,
    0x5b, 0x3a, 0xc8, 0xff, 0x5b, 0x3a, 0xc8, 0xff, 0x5b, 0x3a, 0xc8, 0xff, 0x5b, 0x3a, 0xc8, 0xff,
    0x5b, 0x3a, 0xc8, 0xff, 0x5b, 0x3a, 0xc8, 0xff, 0x5b, 0x3a, 0xc8, 0xff, 0x5b, 0x3a, 0xc8, 0xff,
    0x5b, 0x3a, 0xc8, 0xff, 0x5b, 0x3a, 0xc8, 0xff, 0x5b, 0x3a, 0xc8, 0xff, 0x5b, 0x3a, 0xc8, 0xff,
    0x5b, 0x3a, 0xc8, 0xff, 0x5b, 0x3a, 0xc8, 0xff, 0x5b, 0x3a, 0xc8, 0xff, 0x5b, 0x3a, 0xc8, 0xff,
    0x5b, 0x3a, 0xc8, 0xff, 0x5b, 0x3a, 0xc8, 0xff, 0x5b, 0x3a, 0xc8, 0xff, 0x5b, 0x3a, 0xc8, 0xff,
    0x5b, 0x3a, 0xc8, 0xff, 0x5b, 0x3a, 0xc8, 0xff, 0x5b, 0x3a, 0xc8, 0xff, 0x5b, 0x3a, 0xc8, 0xff,
    0x5b, 0x3a, 0xc8, 0xff, 0x5b, 0x39, 0xc8, 0x8f, 0x00, 0x00, 0x00, 0x00, 0x00, 0x00, 0x00, 0x00,
    0x00, 0x00, 0x00, 0x00, 0x00, 0x00, 0x00, 0x00, 0x40, 0x20, 0xbf, 0x08, 0x5a, 0x3a, 0xc7, 0xd7,
    0x5b, 0x3a, 0xc8, 0xff, 0x5b, 0x3a, 0xc8, 0xff, 0x5b, 0x3a, 0xc8, 0xff, 0x5b, 0x3a, 0xc8, 0xff,
    0x5b, 0x3a, 0xc8, 0xff, 0x5b, 0x3a, 0xc8, 0xff, 0x5b, 0x3a, 0xc8, 0xff, 0x5b, 0x3a, 0xc8, 0xff,
    0x5b, 0x3a, 0xc8, 0xff, 0x5b, 0x3a, 0xc8, 0xff, 0x5b, 0x3a, 0xc8, 0xff, 0x5b, 0x3a, 0xc8, 0xff,
    0x5b, 0x3a, 0xc8, 0xff, 0x5b, 0x3a, 0xc8, 0xff, 0x5b, 0x3a, 0xc8, 0xff, 0x5b, 0x3a, 0xc8, 0xff,
    0x5b, 0x3a, 0xc8, 0xff, 0x5b, 0x3a, 0xc8, 0xff, 0x5b, 0x3a, 0xc8, 0xff, 0x5b, 0x3a, 0xc8, 0xff,
    0x5b, 0x3a, 0xc8, 0xff, 0x5b, 0x3a, 0xc8, 0xff, 0x5b, 0x3a, 0xc8, 0xff, 0x5b, 0x3a, 0xc8, 0xff,
    0x5b, 0x3a, 0xc8, 0xff, 0x5b, 0x3a, 0xc8, 0xff, 0x5b, 0x3a, 0xc8, 0xff, 0x5b, 0x3a, 0xc8, 0xff,
    0x5b, 0x3a, 0xc8, 0xff, 0x5b, 0x3a, 0xc8, 0xff, 0x5b, 0x3a, 0xc8, 0xff, 0x5b, 0x3a, 0xc8, 0xff,
    0x5b, 0x3a, 0xc8, 0xff, 0x5b, 0x3a, 0xc8, 0xff, 0x5b, 0x3a, 0xc8, 0xff, 0x5b, 0x3a, 0xc8, 0xff,
    0x5b, 0x3a, 0xc8, 0xff, 0x5b, 0x3a, 0xc8, 0xff, 0x5b, 0x3a, 0xc8, 0xff, 0x5b, 0x3a, 0xc8, 0xff,
    0x5b, 0x3a, 0xc8, 0xff, 0x5b, 0x3a, 0xc8, 0xff, 0x5b, 0x3a, 0xc8, 0xff, 0x5b, 0x3a, 0xc8, 0xff,
    0x5b, 0x3a, 0xc8, 0xff, 0x5b, 0x3a, 0xc8, 0xff, 0x5b, 0x3a, 0xc8, 0xff, 0x5b, 0x3a, 0xc8, 0xff,
    0x5b, 0x3a, 0xc8, 0xff, 0x5b, 0x3a, 0xc8, 0xff, 0x5b, 0x3a, 0xc8, 0xff, 0x5b, 0x3a, 0xc8, 0xff,
    0x5b, 0x3a, 0xc8, 0xff, 0x5b, 0x3a, 0xc8, 0xff, 0x5b, 0x3a, 0xc8, 0xff, 0x5b, 0x3a, 0xc8, 0xff,
    0x5b, 0x39, 0xc7, 0xd7, 0x40, 0x40, 0xbf, 0x08, 0x00, 0x00, 0x00, 0x00, 0x00, 0x00, 0x00, 0x00,
    0x00, 0x00, 0x00, 0x00, 0x00, 0x00, 0x00, 0x00, 0x00, 0x00, 0x00, 0x00, 0x5c, 0x39, 0xc6, 0x24,
    0x5b, 0x39, 0xc8, 0xe7, 0x5b, 0x3a, 0xc8, 0xff, 0x5b, 0x3a, 0xc8, 0xff, 0x5b, 0x3a, 0xc8, 0xff,
    0x5b, 0x3a, 0xc8, 0xff, 0x5b, 0x3a, 0xc8, 0xff, 0x5b, 0x3a, 0xc8, 0xff, 0x5b, 0x3a, 0xc8, 0xff,
    0x5b, 0x3a, 0xc8, 0xff, 0x5b, 0x3a, 0xc8, 0xff, 0x5b, 0x3a, 0xc8, 0xff, 0x5b, 0x3a, 0xc8, 0xff,
    0x5b, 0x3a, 0xc8, 0xff, 0x5b, 0x3a, 0xc8, 0xff, 0x5b, 0x3a, 0xc8, 0xff, 0x5b, 0x3a, 0xc8, 0xff,
    0x5b, 0x3a, 0xc8, 0xff, 0x5b, 0x3a, 0xc8, 0xff, 0x5b, 0x3a, 0xc8, 0xff, 0x5b, 0x3a, 0xc8, 0xff,
    0x5b, 0x3a, 0xc8, 0xff, 0x5b, 0x3a, 0xc8, 0xff, 0x5b, 0x3a, 0xc8, 0xff, 0x5b, 0x3a, 0xc8, 0xff,
    0x5b, 0x3a, 0xc8, 0xff, 0x5b, 0x3a, 0xc8, 0xff, 0x5b, 0x3a, 0xc8, 0xff, 0x5b, 0x3a, 0xc8, 0xff,
    0x5b, 0x3a, 0xc8, 0xff, 0x5b, 0x3a, 0xc8, 0xff, 0x5b, 0x3a, 0xc8, 0xff, 0x5b, 0x3a, 0xc8, 0xff,
    0x5b, 0x3a, 0xc8, 0xff, 0x5b, 0x3a, 0xc8, 0xff, 0x5b, 0x3a, 0xc8, 0xff, 0x5b, 0x3a, 0xc8, 0xff,
    0x5b, 0x3a, 0xc8, 0xff, 0x5b, 0x3a, 0xc8, 0xff, 0x5b, 0x3a, 0xc8, 0xff, 0x5b, 0x3a, 0xc8, 0xff,
    0x5b, 0x3a, 0xc8, 0xff, 0x5b, 0x3a, 0xc8, 0xff, 0x5b, 0x3a, 0xc8, 0xff, 0x5b, 0x3a, 0xc8, 0xff,
    0x5b, 0x3a, 0xc8, 0xff, 0x5b, 0x3a, 0xc8, 0xff, 0x5b, 0x3a, 0xc8, 0xff, 0x5b, 0x3a, 0xc8, 0xff,
    0x5b, 0x3a, 0xc8, 0xff, 0x5b, 0x3a, 0xc8, 0xff, 0x5b, 0x3a, 0xc8, 0xff, 0x5b, 0x3a, 0xc8, 0xff,
    0x5b, 0x3a, 0xc8, 0xff, 0x5b, 0x3a, 0xc8, 0xff, 0x5b, 0x3a, 0xc8, 0xff, 0x5b, 0x39, 0xc8, 0xe7,
    0x58, 0x38, 0xc7, 0x20, 0x00, 0x00, 0x00, 0x00, 0x00, 0x00, 0x00, 0x00, 0x00, 0x00, 0x00, 0x00,
    0x00, 0x00, 0x00, 0x00, 0x00, 0x00, 0x00, 0x00, 0x00, 0x00, 0x00, 0x00, 0x00, 0x00, 0x00, 0x00,
    0x5a, 0x3c, 0xc8, 0x33, 0x5b, 0x39, 0xc8, 0xe7, 0x5b, 0x3a, 0xc8, 0xff, 0x5b, 0x3a, 0xc8, 0xff,
    0x5b, 0x3a, 0xc8, 0xff, 0x5b, 0x3a, 0xc8, 0xff, 0x5b, 0x3a, 0xc8, 0xff, 0x5b, 0x3a, 0xc8, 0xff,
    0x5b, 0x3a, 0xc8, 0xff, 0x5b, 0x3a, 0xc8, 0xff, 0x5b, 0x3a, 0xc8, 0xff, 0x5b, 0x3a, 0xc8, 0xff,
    0x5b, 0x3a, 0xc8, 0xff, 0x5b, 0x3a, 0xc8, 0xff, 0x5b, 0x3a, 0xc8, 0xff, 0x5b, 0x3a, 0xc8, 0xff,
    0x5b, 0x3a, 0xc8, 0xff, 0x5b, 0x3a, 0xc8, 0xff, 0x5b, 0x3a, 0xc8, 0xff, 0x5b, 0x3a, 0xc8, 0xff,
    0x5b, 0x3a, 0xc8, 0xff, 0x5b, 0x3a, 0xc8, 0xff, 0x5b, 0x3a, 0xc8, 0xff, 0x5b, 0x3a, 0xc8, 0xff,
    0x5b, 0x3a, 0xc8, 0xff, 0x5b, 0x3a, 0xc8, 0xff, 0x5b, 0x3a, 0xc8, 0xff, 0x5b, 0x3a, 0xc8, 0xff,
    0x5b, 0x3a, 0xc8, 0xff, 0x5b, 0x3a, 0xc8, 0xff, 0x5b, 0x3a, 0xc8, 0xff, 0x5b, 0x3a, 0xc8, 0xff,
    0x5b, 0x3a, 0xc8, 0xff, 0x5b, 0x3a, 0xc8, 0xff, 0x5b, 0x3a, 0xc8, 0xff, 0x5b, 0x3a, 0xc8, 0xff,
    0x5b, 0x3a, 0xc8, 0xff, 0x5b, 0x3a, 0xc8, 0xff, 0x5b, 0x3a, 0xc8, 0xff, 0x5b, 0x3a, 0xc8, 0xff,
    0x5b, 0x3a, 0xc8, 0xff, 0x5b, 0x3a, 0xc8, 0xff, 0x5b, 0x3a, 0xc8, 0xff, 0x5b, 0x3a, 0xc8, 0xff,
    0x5b, 0x3a, 0xc8, 0xff, 0x5b, 0x3a, 0xc8, 0xff, 0x5b, 0x3a, 0xc8, 0xff, 0x5b, 0x3a, 0xc8, 0xff,
    0x5b, 0x3a, 0xc8, 0xff, 0x5b, 0x3a, 0xc8, 0xff, 0x5b, 0x3a, 0xc8, 0xff, 0x5b, 0x3a, 0xc8, 0xff,
    0x5b, 0x3a, 0xc8, 0xff, 0x5b, 0x3a, 0xc8, 0xff, 0x5b, 0x39, 0xc8, 0xe7, 0x5a, 0x3c, 0xc8, 0x33,
    0x00, 0x00, 0x00, 0x00, 0x00, 0x00, 0x00, 0x00, 0x00, 0x00, 0x00, 0x00, 0x00, 0x00, 0x00, 0x00,
    0x00, 0x00, 0x00, 0x00, 0x00, 0x00, 0x00, 0x00, 0x00, 0x00, 0x00, 0x00, 0x00, 0x00, 0x00, 0x00,
    0x00, 0x00, 0x00, 0x00, 0x58, 0x38, 0xc7, 0x20, 0x5a, 0x3a, 0xc7, 0xd7, 0x5b, 0x3a, 0xc8, 0xff,
    0x5b, 0x3a, 0xc8, 0xff, 0x5b, 0x3a, 0xc8, 0xff, 0x5b, 0x3a, 0xc8, 0xff, 0x5b, 0x3a, 0xc8, 0xff,
    0x5b, 0x3a, 0xc8, 0xff, 0x5b, 0x3a, 0xc8, 0xff, 0x5b, 0x3a, 0xc8, 0xff, 0x5b, 0x3a, 0xc8, 0xff,
    0x5b, 0x3a, 0xc8, 0xff, 0x5b, 0x3a, 0xc8, 0xff, 0x5b, 0x3a, 0xc8, 0xff, 0x5b, 0x3a, 0xc8, 0xff,
    0x5b, 0x3a, 0xc8, 0xff, 0x5b, 0x3a, 0xc8, 0xff, 0x5b, 0x3a, 0xc8, 0xff, 0x5b, 0x3a, 0xc8, 0xff,
    0x5b, 0x3a, 0xc8, 0xff, 0x5b, 0x3a, 0xc8, 0xff, 0x5b, 0x3a, 0xc8, 0xff, 0x5b, 0x3a, 0xc8, 0xff,
    0x5b, 0x3a, 0xc8, 0xff, 0x5b, 0x3a, 0xc8, 0xff, 0x5b, 0x3a, 0xc8, 0xff, 0x5b, 0x3a, 0xc8, 0xff,
    0x5b, 0x3a, 0xc8, 0xff, 0x5b, 0x3a, 0xc8, 0xff, 0x5b, 0x3a, 0xc8, 0xff, 0x5b, 0x3a, 0xc8, 0xff,
    0x5b, 0x3a, 0xc8, 0xff, 0x5b, 0x3a, 0xc8, 0xff, 0x5b, 0x3a, 0xc8, 0xff, 0x5b, 0x3a, 0xc8, 0xff,
    0x5b, 0x3a, 0xc8, 0xff, 0x5b, 0x3a, 0xc8, 0xff, 0x5b, 0x3a, 0xc8, 0xff, 0x5b, 0x3a, 0xc8, 0xff,
    0x5b, 0x3a, 0xc8, 0xff, 0x5b, 0x3a, 0xc8, 0xff, 0x5b, 0x3a, 0xc8, 0xff, 0x5b, 0x3a, 0xc8, 0xff,
    0x5b, 0x3a, 0xc8, 0xff, 0x5b, 0x3a, 0xc8, 0xff, 0x5b, 0x3a, 0xc8, 0xff, 0x5b, 0x3a, 0xc8, 0xff,
    0x5b, 0x3a, 0xc8, 0xff, 0x5b, 0x3a, 0xc8, 0xff, 0x5b, 0x3a, 0xc8, 0xff, 0x5b, 0x3a, 0xc8, 0xff,
    0x5b, 0x3a, 0xc8, 0xff, 0x5b, 0x39, 0xc7, 0xd7, 0x55, 0x39, 0xc6, 0x24, 0x00, 0x00, 0x00, 0x00,
    0x00, 0x00, 0x00, 0x00, 0x00, 0x00, 0x00, 0x00, 0x00, 0x00, 0x00, 0x00, 0x00, 0x00, 0x00, 0x00,
    0x00, 0x00, 0x00, 0x00, 0x00, 0x00, 0x00, 0x00, 0x00, 0x00, 0x00, 0x00, 0x00, 0x00, 0x00, 0x00,
    0x00, 0x00, 0x00, 0x00, 0x00, 0x00, 0x00, 0x00, 0x40, 0x20, 0xbf, 0x08, 0x5b, 0x39, 0xc8, 0x8f,
    0x5b, 0x3a, 0xc7, 0xf7, 0x5b, 0x3a, 0xc8, 0xff, 0x5b, 0x3a, 0xc8, 0xff, 0x5b, 0x3a, 0xc8, 0xff,
    0x5b, 0x3a, 0xc8, 0xff, 0x5b, 0x3a, 0xc8, 0xff, 0x5b, 0x3a, 0xc8, 0xff, 0x5b, 0x3a, 0xc8, 0xff,
    0x5b, 0x3a, 0xc8, 0xff, 0x5b, 0x3a, 0xc8, 0xff, 0x5b, 0x3a, 0xc8, 0xff, 0x5b, 0x3a, 0xc8, 0xff,
    0x5b, 0x3a, 0xc8, 0xff, 0x5b, 0x3a, 0xc8, 0xff, 0x5b, 0x3a, 0xc8, 0xff, 0x5b, 0x3a, 0xc8, 0xff,
    0x5b, 0x3a, 0xc8, 0xff, 0x5b, 0x3a, 0xc8, 0xff, 0x5b, 0x3a, 0xc8, 0xff, 0x5b, 0x3a, 0xc8, 0xff,
    0x5b, 0x3a, 0xc8, 0xff, 0x5b, 0x3a, 0xc8, 0xff, 0x5b, 0x3a, 0xc8, 0xff, 0x5b, 0x3a, 0xc8, 0xff,
    0x5b, 0x3a, 0xc8, 0xff, 0x5b, 0x3a, 0xc8, 0xff, 0x5b, 0x3a, 0xc8, 0xff, 0x5b, 0x3a, 0xc8, 0xff,
    0x5b, 0x3a, 0xc8, 0xff, 0x5b, 0x3a, 0xc8, 0xff, 0x5b, 0x3a, 0xc8, 0xff, 0x5b, 0x3a, 0xc8, 0xff,
    0x5b, 0x3a, 0xc8, 0xff, 0x5b, 0x3a, 0xc8, 0xff, 0x5b, 0x3a, 0xc8, 0xff, 0x5b, 0x3a, 0xc8, 0xff,
    0x5b, 0x3a, 0xc8, 0xff, 0x5b, 0x3a, 0xc8, 0xff, 0x5b, 0x3a, 0xc8, 0xff, 0x5b, 0x3a, 0xc8, 0xff,
    0x5b, 0x3a, 0xc8, 0xff, 0x5b, 0x3a, 0xc8, 0xff, 0x5b, 0x3a, 0xc8, 0xff, 0x5b, 0x3a, 0xc8, 0xff,
    0x5b, 0x3a, 0xc8, 0xff, 0x5b, 0x3a, 0xc8, 0xff, 0x5b, 0x3a, 0xc8, 0xff, 0x5a, 0x3a, 0xc7, 0xfb,
    0x5c, 0x39, 0xc8, 0x8b, 0x40, 0x40, 0xbf, 0x08, 0x00, 0x00, 0x00, 0x00, 0x00, 0x00, 0x00, 0x00,
    0x00, 0x00, 0x00, 0x00, 0x00, 0x00, 0x00, 0x00, 0x00, 0x00, 0x00, 0x00, 0x00, 0x00, 0x00, 0x00,
    0x00, 0x00, 0x00, 0x00, 0x00, 0x00, 0x00, 0x00, 0x00, 0x00, 0x00, 0x00, 0x00, 0x00, 0x00, 0x00,
    0x00, 0x00, 0x00, 0x00, 0x00, 0x00, 0x00, 0x00, 0x00, 0x00, 0x00, 0x00, 0x00, 0x00, 0x00, 0x00,
    0x59, 0x39, 0xc6, 0x28, 0x5b, 0x39, 0xc7, 0x97, 0x5b, 0x3a, 0xc7, 0xf7, 0x5b, 0x3a, 0xc8, 0xff,
    0x5b, 0x3a, 0xc8, 0xff, 0x5b, 0x3a, 0xc8, 0xff, 0x5b, 0x3a, 0xc8, 0xff, 0x5b, 0x3a, 0xc8, 0xff,
    0x5b, 0x3a, 0xc8, 0xff, 0x5b, 0x3a, 0xc8, 0xff, 0x5b, 0x3a, 0xc8, 0xff, 0x5b, 0x3a, 0xc8, 0xff,
    0x5b, 0x3a, 0xc8, 0xff, 0x5b, 0x3a, 0xc8, 0xff, 0x5b, 0x3a, 0xc8, 0xff, 0x5b, 0x3a, 0xc8, 0xff,
    0x5b, 0x3a, 0xc8, 0xff, 0x5b, 0x3a, 0xc8, 0xff, 0x5b, 0x3a, 0xc8, 0xff, 0x5b, 0x3a, 0xc8, 0xff,
    0x5b, 0x3a, 0xc8, 0xff, 0x5b, 0x3a, 0xc8, 0xff, 0x5b, 0x3a, 0xc8, 0xff, 0x5b, 0x3a, 0xc8, 0xff,
    0x5b, 0x3a, 0xc8, 0xff, 0x5b, 0x3a, 0xc8, 0xff, 0x5b, 0x3a, 0xc8, 0xff, 0x5b, 0x3a, 0xc8, 0xff,
    0x5b, 0x3a, 0xc8, 0xff, 0x5b, 0x3a, 0xc8, 0xff, 0x5b, 0x3a, 0xc8, 0xff, 0x5b, 0x3a, 0xc8, 0xff,
    0x5b, 0x3a, 0xc8, 0xff, 0x5b, 0x3a, 0xc8, 0xff, 0x5b, 0x3a, 0xc8, 0xff, 0x5b, 0x3a, 0xc8, 0xff,
    0x5b, 0x3a, 0xc8, 0xff, 0x5b, 0x3a, 0xc8, 0xff, 0x5b, 0x3a, 0xc8, 0xff, 0x5b, 0x3a, 0xc8, 0xff,
    0x5b, 0x3a, 0xc8, 0xff, 0x5b, 0x3a, 0xc8, 0xff, 0x5b, 0x3a, 0xc8, 0xff, 0x5b, 0x3a, 0xc8, 0xff,
    0x5b, 0x3a, 0xc8, 0xff, 0x5b, 0x3a, 0xc7, 0xf7, 0x5b, 0x3a, 0xc8, 0x9f, 0x55, 0x39, 0xc6, 0x24,
    0x00, 0x00, 0x00, 0x00, 0x00, 0x00, 0x00, 0x00, 0x00, 0x00, 0x00, 0x00, 0x00, 0x00, 0x00, 0x00,
    0x00, 0x00, 0x00, 0x00, 0x00, 0x00, 0x00, 0x00, 0x00, 0x00, 0x00, 0x00, 0x00, 0x00, 0x00, 0x00,
    0x00, 0x00, 0x00, 0x00, 0x00, 0x00, 0x00, 0x00, 0x00, 0x00, 0x00, 0x00, 0x00, 0x00, 0x00, 0x00,
    0x00, 0x00, 0x00, 0x00, 0x00, 0x00, 0x00, 0x00, 0x00, 0x00, 0x00, 0x00, 0x00, 0x00, 0x00, 0x00,
    0x00, 0x00, 0x00, 0x00, 0x00, 0x00, 0x00, 0x00, 0x50, 0x30, 0xbf, 0x10, 0x5c, 0x3b, 0xca, 0x5b,
    0x5a, 0x3a, 0xc9, 0x9b, 0x5a, 0x3a, 0xc8, 0xcb, 0x5b, 0x3a, 0xc8, 0xeb, 0x5b, 0x3a, 0xc8, 0xff,
    0x5b, 0x3a, 0xc8, 0xff, 0x5b, 0x3a, 0xc8, 0xff, 0x5b, 0x3a, 0xc8, 0xff, 0x5b, 0x3a, 0xc8, 0xff,
    0x5b, 0x3a, 0xc8, 0xff, 0x5b, 0x3a, 0xc8, 0xff, 0x5b, 0x3a, 0xc8, 0xff, 0x5b, 0x3a, 0xc8, 0xff,
    0x5b, 0x3a, 0xc8, 0xff, 0x5b, 0x3a, 0xc8, 0xff, 0x5b, 0x3a, 0xc8, 0xff, 0x5b, 0x3a, 0xc8, 0xff,
    0x5b, 0x3a, 0xc8, 0xff, 0x5b, 0x3a, 0xc8, 0xff, 0x5b, 0x3a, 0xc8, 0xff, 0x5b, 0x3a, 0xc8, 0xff,
    0x5b, 0x3a, 0xc8, 0xff, 0x5b, 0x3a, 0xc8, 0xff, 0x5b, 0x3a, 0xc8, 0xff, 0x5b, 0x3a, 0xc8, 0xff,
    0x5b, 0x3a, 0xc8, 0xff, 0x5b, 0x3a, 0xc8, 0xff, 0x5b, 0x3a, 0xc8, 0xff, 0x5b, 0x3a, 0xc8, 0xff,
    0x5b, 0x3a, 0xc8, 0xff, 0x5b, 0x3a, 0xc8, 0xff, 0x5b, 0x3a, 0xc8, 0xff, 0x5b, 0x3a, 0xc8, 0xff,
    0x5b, 0x3a, 0xc8, 0xff, 0x5b, 0x3a, 0xc8, 0xff, 0x5b, 0x3a, 0xc8, 0xff, 0x5b, 0x3a, 0xc8, 0xff,
    0x5b, 0x3a, 0xc8, 0xff, 0x5b, 0x3a, 0xc8, 0xeb, 0x5b, 0x3a, 0xc8, 0xcf, 0x5b, 0x3a, 0xc8, 0x9f,
    0x5a, 0x3b, 0xca, 0x5b, 0x50, 0x30, 0xbf, 0x10, 0x00, 0x00, 0x00, 0x00, 0x00, 0x00, 0x00, 0x00,
    0x00, 0x00, 0x00, 0x00, 0x00, 0x00, 0x00, 0x00, 0x00, 0x00, 0x00, 0x00, 0x00, 0x00, 0x00, 0x00,
    0x00, 0x00, 0x00, 0x00, 0x00, 0x00, 0x00, 0x00, 0x00, 0x00, 0x00, 0x00, 0x00, 0x00, 0x00, 0x00
};

const lv_image_dsc_t icon_set_about = {
    .header.cf = LV_COLOR_FORMAT_ARGB8888,
    .header.magic = LV_IMAGE_HEADER_MAGIC,
    .header.w = 64,
    .header.h = 64,
    .data_size = 16384,
    .data = icon_set_about_map,
};
