#ifdef __has_include
    #if __has_include("lvgl.h")
        #ifndef LV_LVGL_H_INCLUDE_SIMPLE
            #define LV_LVGL_H_INCLUDE_SIMPLE
        #endif
    #endif
#endif

#if defined(LV_LVGL_H_INCLUDE_SIMPLE)
    #include "lvgl.h"
#else
    #include "lvgl/lvgl.h"
#endif

#ifndef LV_ATTRIBUTE_MEM_ALIGN
#define LV_ATTRIBUTE_MEM_ALIGN
#endif

#ifndef LV_ATTRIBUTE_IMAGE_ICON_SET_DATE
#define LV_ATTRIBUTE_IMAGE_ICON_SET_DATE
#endif

const LV_ATTRIBUTE_MEM_ALIGN LV_ATTRIBUTE_LARGE_CONST LV_ATTRIBUTE_IMAGE_ICON_SET_DATE uint8_t icon_set_date_map[] = {
    0x00, 0x00, 0x00, 0x00, 0x00, 0x00, 0x00, 0x00, 0x00, 0x00, 0x00, 0x00, 0x00, 0x00, 0x00, 0x00,
    0x00, 0x00, 0x00, 0x00, 0x00, 0x00, 0x00, 0x00, 0x00, 0x00, 0x00, 0x00, 0x00, 0x00, 0x00, 0x00,
    0x00, 0x00, 0x00, 0x00, 0x00, 0x00, 0x00, 0x00, 0x40, 0x8f, 0xdf, 0x10, 0x40, 0x92, 0xe0, 0x5b,
    0x40, 0x94, 0xdf, 0x9f, 0x41, 0x93, 0xdf, 0xcf, 0x41, 0x92, 0xde, 0xeb, 0x41, 0x93, 0xdf, 0xff,
    0x41, 0x93, 0xdf, 0xff, 0x41, 0x93, 0xdf, 0xff, 0x41, 0x93, 0xdf, 0xff, 0x41, 0x93, 0xdf, 0xff,
    0x41, 0x93, 0xdf, 0xff, 0x41, 0x93, 0xdf, 0xff, 0x41, 0x93, 0xdf, 0xff, 0x41, 0x93, 0xdf, 0xff,
    0x41, 0x93, 0xdf, 0xff, 0x41, 0x93, 0xdf, 0xff, 0x41, 0x93, 0xdf, 0xff, 0x41, 0x93, 0xdf, 0xff,
    0x41, 0x93, 0xdf, 0xff, 0x41, 0x93, 0xdf, 0xff, 0x41, 0x93, 0xdf, 0xff, 0x41, 0x93, 0xdf, 0xff,
    0x41, 0x93, 0xdf, 0xff, 0x41, 0x93, 0xdf, 0xff, 0x41, 0x93, 0xdf, 0xff, 0x41, 0x93, 0xdf, 0xff,
    0x41, 0x93, 0xdf, 0xff, 0x41, 0x93, 0xdf, 0xff, 0x41, 0x93, 0xdf, 0xff, 0x41, 0x93, 0xdf, 0xff,
    0x41, 0x93, 0xdf, 0xff, 0x41, 0x93, 0xdf, 0xff, 0x41, 0x93, 0xdf, 0xff, 0x41, 0x93, 0xdf, 0xff,
    0x41, 0x93, 0xdf, 0xff, 0x41, 0x93, 0xdf, 0xff, 0x41, 0x93, 0xdf, 0xff, 0x41, 0x93, 0xdf, 0xff,
    0x41, 0x93, 0xdf, 0xff, 0x41, 0x92, 0xde, 0xeb, 0x41, 0x93, 0xde, 0xcb, 0x40, 0x92, 0xe0, 0x9b,
    0x40, 0x92, 0xe0, 0x5b, 0x40, 0x8f, 0xdf, 0x10, 0x00, 0x00, 0x00, 0x00, 0x00, 0x00, 0x00, 0x00,
    0x00, 0x00, 0x00, 0x00, 0x00, 0x00, 0x00, 0x00, 0x00, 0x00, 0x00, 0x00, 0x00, 0x00, 0x00, 0x00,
    0x00, 0x00, 0x00, 0x00, 0x00, 0x00, 0x00, 0x00, 0x00, 0x00, 0x00, 0x00, 0x00, 0x00, 0x00, 0x00,
    0x00, 0x00, 0x00, 0x00, 0x00, 0x00, 0x00, 0x00, 0x00, 0x00, 0x00, 0x00, 0x00, 0x00, 0x00, 0x00,
    0x00, 0x00, 0x00, 0x00, 0x00, 0x00, 0x00, 0x00, 0x00, 0x00, 0x00, 0x00, 0x00, 0x00, 0x00, 0x00,
    0x42, 0x92, 0xe2, 0x23, 0x40, 0x94, 0xdf, 0x9f, 0x41, 0x93, 0xdf, 0xf7, 0x41, 0x93, 0xdf, 0xff,
    0x41, 0x93, 0xdf, 0xff, 0x41, 0x93, 0xdf, 0xff, 0x41, 0x93, 0xdf, 0xff, 0x41, 0x93, 0xdf, 0xff,
    0x41, 0x93, 0xdf, 0xff, 0x41, 0x93, 0xdf, 0xff, 0x41, 0x93, 0xdf, 0xff, 0x41, 0x93, 0xdf, 0xff,
    0x41, 0x93, 0xdf, 0xff, 0x41, 0x93, 0xdf, 0xff, 0x41, 0x93, 0xdf, 0xff, 0x41, 0x93, 0xdf, 0xff,
    0x41, 0x93, 0xdf, 0xff, 0x41, 0x93, 0xdf, 0xff, 0x41, 0x93, 0xdf, 0xff, 0x41, 0x93, 0xdf, 0xff,
    0x41, 0x93, 0xdf, 0xff, 0x41, 0x93, 0xdf, 0xff, 0x41, 0x93, 0xdf, 0xff, 0x41, 0x93, 0xdf, 0xff,
    0x41, 0x93, 0xdf, 0xff, 0x41, 0x93, 0xdf, 0xff, 0x41, 0x93, 0xdf, 0xff, 0x41, 0x93, 0xdf, 0xff,
    0x41, 0x93, 0xdf, 0xff, 0x41, 0x93, 0xdf, 0xff, 0x41, 0x93, 0xdf, 0xff, 0x41, 0x93, 0xdf, 0xff,
    0x41, 0x93, 0xdf, 0xff, 0x41, 0x93, 0xdf, 0xff, 0x41, 0x93, 0xdf, 0xff, 0x41, 0x93, 0xdf, 0xff,
    0x41, 0x93, 0xdf, 0xff, 0x41, 0x93, 0xdf, 0xff, 0x41, 0x93, 0xdf, 0xff, 0x41, 0x93, 0xdf, 0xff,
    0x41, 0x93, 0xdf, 0xff, 0x41, 0x93, 0xdf, 0xff, 0x41, 0x93, 0xdf, 0xff, 0x41, 0x93, 0xdf, 0xff,
    0x41, 0x93, 0xdf, 0xff, 0x41, 0x93, 0xdf, 0xf7, 0x40, 0x93, 0xdf, 0x97, 0x41, 0x96, 0xde, 0x27,
    0x00, 0x00, 0x00, 0x00, 0x00, 0x00, 0x00, 0x00, 0x00, 0x00, 0x00, 0x00, 0x00, 0x00, 0x00, 0x00,
    0x00, 0x00, 0x00, 0x00, 0x00, 0x00, 0x00, 0x00, 0x00, 0x00, 0x00, 0x00, 0x00, 0x00, 0x00, 0x00,
    0x00, 0x00, 0x00, 0x00, 0x00, 0x00, 0x00, 0x00, 0x00, 0x00, 0x00, 0x00, 0x00, 0x00, 0x00, 0x00,
    0x00, 0x00, 0x00, 0x00, 0x00, 0x00, 0x00, 0x00, 0x40, 0x80, 0xdf, 0x08, 0x40, 0x93, 0xe0, 0x8b,
    0x41, 0x92, 0xde, 0xfb, 0x41, 0x93, 0xdf, 0xff, 0x41, 0x93, 0xdf, 0xff, 0x41, 0x93, 0xdf, 0xff,
    0x41, 0x93, 0xdf, 0xff, 0x41, 0x93, 0xdf, 0xff, 0x41, 0x93, 0xdf, 0xff, 0x41, 0x93, 0xdf, 0xff,
    0x41, 0x93, 0xdf, 0xff, 0x41, 0x93, 0xdf, 0xff, 0x41, 0x93, 0xdf, 0xff, 0x41, 0x93, 0xdf, 0xff,
    0x41, 0x93, 0xdf, 0xff, 0x41, 0x93, 0xdf, 0xff, 0x41, 0x93, 0xdf, 0xff, 0x41, 0x93, 0xdf, 0xff,
    0x41, 0x93, 0xdf, 0xff, 0x41, 0x93, 0xdf, 0xff, 0x41, 0x93, 0xdf, 0xff, 0x41, 0x93, 0xdf, 0xff,
    0x41, 0x93, 0xdf, 0xff, 0x41, 0x93, 0xdf, 0xff, 0x41, 0x93, 0xdf, 0xff, 0x41, 0x93, 0xdf, 0xff,
    0x41, 0x93, 0xdf, 0xff, 0x41, 0x93, 0xdf, 0xff, 0x41, 0x93, 0xdf, 0xff, 0x41, 0x93, 0xdf, 0xff,
    0x41, 0x93, 0xdf, 0xff, 0x41, 0x93, 0xdf, 0xff, 0x41, 0x93, 0xdf, 0xff, 0x41, 0x93, 0xdf, 0xff,
    0x41, 0x93, 0xdf, 0xff, 0x41, 0x93, 0xdf, 0xff, 0x41, 0x93, 0xdf, 0xff, 0x41, 0x93, 0xdf, 0xff,
    0x41, 0x93, 0xdf, 0xff, 0x41, 0x93, 0xdf, 0xff, 0x41, 0x93, 0xdf, 0xff, 0x41, 0x93, 0xdf, 0xff,
    0x41, 0x93, 0xdf, 0xff, 0x41, 0x93, 0xdf, 0xff, 0x41, 0x93, 0xdf, 0xff, 0x41, 0x93, 0xdf, 0xff,
    0x41, 0x93, 0xdf, 0xff, 0x41, 0x93, 0xdf, 0xff, 0x41, 0x93, 0xdf, 0xff, 0x41, 0x93, 0xdf, 0xf7,
    0x40, 0x92, 0xdf, 0x8f, 0x40, 0x80, 0xdf, 0x08, 0x00, 0x00, 0x00, 0x00, 0x00, 0x00, 0x00, 0x00,
    0x00, 0x00, 0x00, 0x00, 0x00, 0x00, 0x00, 0x00, 0x00, 0x00, 0x00, 0x00, 0x00, 0x00, 0x00, 0x00,
    0x00, 0x00, 0x00, 0x00, 0x00, 0x00, 0x00, 0x00, 0x00, 0x00, 0x00, 0x00, 0x00, 0x00, 0x00, 0x00,
    0x00, 0x00, 0x00, 0x00, 0x42, 0x92, 0xe2, 0x23, 0x40, 0x93, 0xdf, 0xd7, 0x41, 0x93, 0xdf, 0xff,
    0x41, 0x93, 0xdf, 0xff, 0x41, 0x93, 0xdf, 0xff, 0x41, 0x93, 0xdf, 0xff, 0x41, 0x93, 0xdf, 0xff,
    0x41, 0x93, 0xdf, 0xff, 0x41, 0x93, 0xdf, 0xff, 0x41, 0x93, 0xdf, 0xff, 0x41, 0x93, 0xdf, 0xff,
    0x41, 0x93, 0xdf, 0xff, 0x41, 0x93, 0xdf, 0xff, 0x41, 0x93, 0xdf, 0xff, 0x41, 0x93, 0xdf, 0xff,
    0x41, 0x93, 0xdf, 0xff, 0x41, 0x93, 0xdf, 0xff, 0x41, 0x93, 0xdf, 0xff, 0x41, 0x93, 0xdf, 0xff,
    0x41, 0x93, 0xdf, 0xff, 0x41, 0x93, 0xdf, 0xff, 0x41, 0x93, 0xdf, 0xff, 0x41, 0x93, 0xdf, 0xff,
    0x41, 0x93, 0xdf, 0xff, 0x41, 0x93, 0xdf, 0xff, 0x41, 0x93, 0xdf, 0xff, 0x41, 0x93, 0xdf, 0xff,
    0x41, 0x93, 0xdf, 0xff, 0x41, 0x93, 0xdf, 0xff, 0x41, 0x93, 0xdf, 0xff, 0x41, 0x93, 0xdf, 0xff,
    0x41, 0x93, 0xdf, 0xff, 0x41, 0x93, 0xdf, 0xff, 0x41, 0x93, 0xdf, 0xff, 0x41, 0x93, 0xdf, 0xff,
    0x41, 0x93, 0xdf, 0xff, 0x41, 0x93, 0xdf, 0xff, 0x41, 0x93, 0xdf, 0xff, 0x41, 0x93, 0xdf, 0xff,
    0x41, 0x93, 0xdf, 0xff, 0x41, 0x93, 0xdf, 0xff, 0x41, 0x93, 0xdf, 0xff, 0x41, 0x93, 0xdf, 0xff,
    0x41, 0x93, 0xdf, 0xff, 0x41, 0x93, 0xdf, 0xff, 0x41, 0x93, 0xdf, 0xff, 0x41, 0x93, 0xdf, 0xff,
    0x41, 0x93, 0xdf, 0xff, 0x41, 0x93, 0xdf, 0xff, 0x41, 0x93, 0xdf, 0xff, 0x41, 0x93, 0xdf, 0xff,
    0x41, 0x93, 0xdf, 0xff, 0x41, 0x93, 0xdf, 0xd7, 0x42, 0x94, 0xde, 0x1f, 0x00, 0x00, 0x00, 0x00,
    0x00, 0x00, 0x00, 0x00, 0x00, 0x00, 0x00, 0x00, 0x00, 0x00, 0x00, 0x00, 0x00, 0x00, 0x00, 0x00,
    0x00, 0x00, 0x00, 0x00, 0x00, 0x00, 0x00, 0x00, 0x00, 0x00, 0x00, 0x00, 0x00, 0x00, 0x00, 0x00,
    0x41, 0x96, 0xe1, 0x33, 0x41, 0x93, 0xdf, 0xe7, 0x41, 0x93, 0xdf, 0xff, 0x41, 0x93, 0xdf, 0xff,
    0x41, 0x93, 0xdf, 0xff, 0x41, 0x93, 0xdf, 0xff, 0x41, 0x93, 0xdf, 0xff, 0x41, 0x93, 0xdf, 0xff,
    0x41, 0x93, 0xdf, 0xff, 0x41, 0x93, 0xdf, 0xff, 0x41, 0x93, 0xdf, 0xff, 0x41, 0x93, 0xdf, 0xff,
    0x41, 0x93, 0xdf, 0xff, 0x41, 0x93, 0xdf, 0xff, 0x41, 0x93, 0xdf, 0xff, 0x41, 0x93, 0xdf, 0xff,
    0x41, 0x93, 0xdf, 0xff, 0x41, 0x93, 0xdf, 0xff, 0x41, 0x93, 0xdf, 0xff, 0x41, 0x93, 0xdf, 0xff,
    0x41, 0x93, 0xdf, 0xff, 0x41, 0x93, 0xdf, 0xff, 0x41, 0x93, 0xdf, 0xff, 0x41, 0x93, 0xdf, 0xff,
    0x41, 0x93, 0xdf, 0xff, 0x41, 0x93, 0xdf, 0xff, 0x41, 0x93, 0xdf, 0xff, 0x41, 0x93, 0xdf, 0xff,
    0x41, 0x93, 0xdf, 0xff, 0x41, 0x93, 0xdf, 0xff, 0x41, 0x93, 0xdf, 0xff, 0x41, 0x93, 0xdf, 0xff,
    0x41, 0x93, 0xdf, 0xff, 0x41, 0x93, 0xdf, 0xff, 0x41, 0x93, 0xdf, 0xff, 0x41, 0x93, 0xdf, 0xff,
    0x41, 0x93, 0xdf, 0xff, 0x41, 0x93, 0xdf, 0xff, 0x41, 0x93, 0xdf, 0xff, 0x41, 0x93, 0xdf, 0xff,
    0x41, 0x93, 0xdf, 0xff, 0x41, 0x93, 0xdf, 0xff, 0x41, 0x93, 0xdf, 0xff, 0x41, 0x93, 0xdf, 0xff,
    0x41, 0x93, 0xdf, 0xff, 0x41, 0x93, 0xdf, 0xff, 0x41, 0x93, 0xdf, 0xff, 0x41, 0x93, 0xdf, 0xff,
    0x41, 0x93, 0xdf, 0xff, 0x41, 0x93, 0xdf, 0xff, 0x41, 0x93, 0xdf, 0xff, 0x41, 0x93, 0xdf, 0xff,
    0x41, 0x93, 0xdf, 0xff, 0x41, 0x93, 0xdf, 0xff, 0x41, 0x93, 0xdf, 0xe7, 0x41, 0x91, 0xe1, 0x33,
    0x00, 0x00, 0x00, 0x00, 0x00, 0x00, 0x00, 0x00, 0x00, 0x00, 0x00, 0x00, 0x00, 0x00, 0x00, 0x00,
    0x00, 0x00, 0x00, 0x00, 0x00, 0x00, 0x00, 0x00, 0x00, 0x00, 0x00, 0x00, 0x42, 0x94, 0xe6, 0x1f,
    0x41, 0x93, 0xdf, 0xe7, 0x41, 0x93, 0xdf, 0xff, 0x41, 0x93, 0xdf, 0xff, 0x41, 0x93, 0xdf, 0xff,
    0x41, 0x93, 0xdf, 0xff, 0x41, 0x93, 0xdf, 0xff, 0x41, 0x93, 0xdf, 0xff, 0x41, 0x93, 0xdf, 0xff,
    0x41, 0x93, 0xdf, 0xff, 0x41, 0x93, 0xdf, 0xff, 0x41, 0x93, 0xdf, 0xff, 0x41, 0x93, 0xdf, 0xff,
    0x41, 0x93, 0xdf, 0xff, 0x41, 0x93, 0xdf, 0xff, 0x41, 0x93, 0xdf, 0xff, 0x41, 0x93, 0xdf, 0xff,
    0x41, 0x93, 0xdf, 0xff, 0x41, 0x93, 0xdf, 0xff, 0x41, 0x93, 0xdf, 0xff, 0x41, 0x93, 0xdf, 0xff,
    0x41, 0x93, 0xdf, 0xff, 0x41, 0x93, 0xdf, 0xff, 0x41, 0x93, 0xdf, 0xff, 0x41, 0x93, 0xdf, 0xff,
    0x41, 0x93, 0xdf, 0xff, 0x41, 0x93, 0xdf, 0xff, 0x41, 0x93, 0xdf, 0xff, 0x41, 0x93, 0xdf, 0xff,
    0x41, 0x93, 0xdf, 0xff, 0x41, 0x93, 0xdf, 0xff, 0x41, 0x93, 0xdf, 0xff, 0x41, 0x93, 0xdf, 0xff,
    0x41, 0x93, 0xdf, 0xff, 0x41, 0x93, 0xdf, 0xff, 0x41, 0x93, 0xdf, 0xff, 0x41, 0x93, 0xdf, 0xff,
    0x41, 0x93, 0xdf, 0xff, 0x41, 0x93, 0xdf, 0xff, 0x41, 0x93, 0xdf, 0xff, 0x41, 0x93, 0xdf, 0xff,
    0x41, 0x93, 0xdf, 0xff, 0x41, 0x93, 0xdf, 0xff, 0x41, 0x93, 0xdf, 0xff, 0x41, 0x93, 0xdf, 0xff,
    0x41, 0x93, 0xdf, 0xff, 0x41, 0x93, 0xdf, 0xff, 0x41, 0x93, 0xdf, 0xff, 0x41, 0x93, 0xdf, 0xff,
    0x41, 0x93, 0xdf, 0xff, 0x41, 0x93, 0xdf, 0xff, 0x41, 0x93, 0xdf, 0xff, 0x41, 0x93, 0xdf, 0xff,
    0x41, 0x93, 0xdf, 0xff, 0x41, 0x93, 0xdf, 0xff, 0x41, 0x93, 0xdf, 0xff, 0x41, 0x93, 0xdf, 0xe7,
    0x42, 0x92, 0xe2, 0x23, 0x00, 0x00, 0x00, 0x00, 0x00, 0x00, 0x00, 0x00, 0x00, 0x00, 0x00, 0x00,
    0x00, 0x00, 0x00, 0x00, 0x00, 0x00, 0x00, 0x00, 0x40, 0x80, 0xdf, 0x08, 0x40, 0x93, 0xdf, 0xd7,
    0x41, 0x93, 0xdf, 0xff, 0x41, 0x93, 0xdf, 0xff, 0x41, 0x93, 0xdf, 0xff, 0x41, 0x93, 0xdf, 0xff,
    0x41, 0x93, 0xdf, 0xff, 0x41, 0x93, 0xdf, 0xff, 0x41, 0x93, 0xdf, 0xff, 0x41, 0x93, 0xdf, 0xff,
    0x41, 0x93, 0xdf, 0xff, 0x41, 0x93, 0xdf, 0xff, 0x41, 0x93, 0xdf, 0xff, 0x41, 0x93, 0xdf, 0xff,
    0x41, 0x93, 0xdf, 0xff, 0x41, 0x93, 0xdf, 0xff, 0x41, 0x93, 0xdf, 0xff, 0x41, 0x93, 0xdf, 0xff,
    0x41, 0x93, 0xdf, 0xff, 0x41, 0x93, 0xdf, 0xff, 0x41, 0x93, 0xdf, 0xff, 0x41, 0x93, 0xdf, 0xff,
    0x41, 0x93, 0xdf, 0xff, 0x41, 0x93, 0xdf, 0xff, 0x41, 0x93, 0xdf, 0xff, 0x41, 0x93, 0xdf, 0xff,
    0x41, 0x93, 0xdf, 0xff, 0x41, 0x93, 0xdf, 0xff, 0x41, 0x93, 0xdf, 0xff, 0x41, 0x93, 0xdf, 0xff,
    0x41, 0x93, 0xdf, 0xff, 0x41, 0x93, 0xdf, 0xff, 0x41, 0x93, 0xdf, 0xff, 0x41, 0x93, 0xdf, 0xff,
    0x41, 0x93, 0xdf, 0xff, 0x41, 0x93, 0xdf, 0xff, 0x41, 0x93, 0xdf, 0xff, 0x41, 0x93, 0xdf, 0xff,
    0x41, 0x93, 0xdf, 0xff, 0x41, 0x93, 0xdf, 0xff, 0x41, 0x93, 0xdf, 0xff, 0x41, 0x93, 0xdf, 0xff,
    0x41, 0x93, 0xdf, 0xff, 0x41, 0x93, 0xdf, 0xff, 0x41, 0x93, 0xdf, 0xff, 0x41, 0x93, 0xdf, 0xff,
    0x41, 0x93, 0xdf, 0xff, 0x41, 0x93, 0xdf, 0xff, 0x41, 0x93, 0xdf, 0xff, 0x41, 0x93, 0xdf, 0xff,
    0x41, 0x93, 0xdf, 0xff, 0x41, 0x93, 0xdf, 0xff, 0x41, 0x93, 0xdf, 0xff, 0x41, 0x93, 0xdf, 0xff,
    0x41, 0x93, 0xdf, 0xff, 0x41, 0x93, 0xdf, 0xff, 0x41, 0x93, 0xdf, 0xff, 0x41, 0x93, 0xdf, 0xff,
    0x41, 0x93, 0xdf, 0xd7, 0x40, 0x80, 0xdf, 0x08, 0x00, 0x00, 0x00, 0x00, 0x00, 0x00, 0x00, 0x00,
    0x00, 0x00, 0x00, 0x00, 0x00, 0x00, 0x00, 0x00, 0x40, 0x92, 0xdf, 0x8f, 0x41, 0x93, 0xdf, 0xff,
    0x41, 0x93, 0xdf, 0xff, 0x41, 0x93, 0xdf, 0xff, 0x41, 0x93, 0xdf, 0xff, 0x41, 0x93, 0xdf, 0xff,
    0x41, 0x93, 0xdf, 0xff, 0x41, 0x93, 0xdf, 0xff, 0x41, 0x93, 0xdf, 0xff, 0x41, 0x93, 0xdf, 0xff,
    0x41, 0x93, 0xdf, 0xff, 0x41, 0x93, 0xdf, 0xff, 0x41, 0x93, 0xdf, 0xff, 0x41, 0x93, 0xdf, 0xff,
    0x41, 0x93, 0xdf, 0xff, 0x41, 0x93, 0xdf, 0xff, 0x41, 0x93, 0xdf, 0xff, 0x41, 0x93, 0xdf, 0xff,
    0x41, 0x93, 0xdf, 0xff, 0x41, 0x93, 0xdf, 0xff, 0x41, 0x93, 0xdf, 0xff, 0x41, 0x93, 0xdf, 0xff,
    0x41, 0x93, 0xdf, 0xff, 0x41, 0x93, 0xdf, 0xff, 0x41, 0x93, 0xdf, 0xff, 0x41, 0x93, 0xdf, 0xff,
    0x41, 0x93, 0xdf, 0xff, 0x41, 0x93, 0xdf, 0xff, 0x41, 0x93, 0xdf, 0xff, 0x41, 0x93, 0xdf, 0xff,
    0x41, 0x93, 0xdf, 0xff, 0x41, 0x93, 0xdf, 0xff, 0x41, 0x93, 0xdf, 0xff, 0x41, 0x93, 0xdf, 0xff,
    0x41, 0x93, 0xdf, 0xff, 0x41, 0x93, 0xdf, 0xff, 0x41, 0x93, 0xdf, 0xff, 0x41, 0x93, 0xdf, 0xff,
    0x41, 0x93, 0xdf, 0xff, 0x41, 0x93, 0xdf, 0xff, 0x41, 0x93, 0xdf, 0xff, 0x41, 0x93, 0xdf, 0xff,
    0x41, 0x93, 0xdf, 0xff, 0x41, 0x93, 0xdf, 0xff, 0x41, 0x93, 0xdf, 0xff, 0x41, 0x93, 0xdf, 0xff,
    0x41, 0x93, 0xdf, 0xff, 0x41, 0x93, 0xdf, 0xff, 0x41, 0x93, 0xdf, 0xff, 0x41, 0x93, 0xdf, 0xff,
    0x41, 0x93, 0xdf, 0xff, 0x41, 0x93, 0xdf, 0xff, 0x41, 0x93, 0xdf, 0xff, 0x41, 0x93, 0xdf, 0xff,
    0x41, 0x93, 0xdf, 0xff, 0x41, 0x93, 0xdf, 0xff, 0x41, 0x93, 0xdf, 0xff, 0x41, 0x93, 0xdf, 0xff,
    0x41, 0x93, 0xdf, 0xff, 0x40, 0x93, 0xe0, 0x8b, 0x00, 0x00, 0x00, 0x00, 0x00, 0x00, 0x00, 0x00,
    0x00, 0x00, 0x00, 0x00, 0x41, 0x96, 0xe5, 0x27, 0x41, 0x93, 0xdf, 0xf7, 0x41, 0x93, 0xdf, 0xff,
    0x41, 0x93, 0xdf, 0xff, 0x41, 0x93, 0xdf, 0xff, 0x41, 0x93, 0xdf, 0xff, 0x41, 0x93, 0xdf, 0xff,
    0x41, 0x93, 0xdf, 0xff, 0x41, 0x93, 0xdf, 0xff, 0x41, 0x93, 0xdf, 0xff, 0x41, 0x93, 0xdf, 0xff,
    0x41, 0x93, 0xdf, 0xff, 0x41, 0x93, 0xdf, 0xff, 0x41, 0x93, 0xdf, 0xff, 0x41, 0x93, 0xdf, 0xff,
    0x41, 0x93, 0xdf, 0xff, 0x41, 0x93, 0xdf, 0xff, 0x41, 0x93, 0xdf, 0xff, 0x41, 0x93, 0xdf, 0xff,
    0x41, 0x93, 0xdf, 0xff, 0x41, 0x93, 0xdf, 0xff, 0x41, 0x93, 0xdf, 0xff, 0x41, 0x93, 0xdf, 0xff,
    0x41, 0x93, 0xdf, 0xff, 0x41, 0x93, 0xdf, 0xff, 0x41, 0x93, 0xdf, 0xff, 0x41, 0x93, 0xdf, 0xff,
    0x41, 0x93, 0xdf, 0xff, 0x41, 0x93, 0xdf, 0xff, 0x41, 0x93, 0xdf, 0xff, 0x41, 0x93, 0xdf, 0xff,
    0x41, 0x93, 0xdf, 0xff, 0x41, 0x93, 0xdf, 0xff, 0x41, 0x93, 0xdf, 0xff, 0x41, 0x93, 0xdf, 0xff,
    0x41, 0x93, 0xdf, 0xff, 0x41, 0x93, 0xdf, 0xff, 0x41, 0x93, 0xdf, 0xff, 0x41, 0x93, 0xdf, 0xff,
    0x41, 0x93, 0xdf, 0xff, 0x41, 0x93, 0xdf, 0xff, 0x41, 0x93, 0xdf, 0xff, 0x41, 0x93, 0xdf, 0xff,
    0x41, 0x93, 0xdf, 0xff, 0x41, 0x93, 0xdf, 0xff, 0x41, 0x93, 0xdf, 0xff, 0x41, 0x93, 0xdf, 0xff,
    0x41, 0x93, 0xdf, 0xff, 0x41, 0x93, 0xdf, 0xff, 0x41, 0x93, 0xdf, 0xff, 0x41, 0x93, 0xdf, 0xff,
    0x41, 0x93, 0xdf, 0xff, 0x41, 0x93, 0xdf, 0xff, 0x41, 0x93, 0xdf, 0xff, 0x41, 0x93, 0xdf, 0xff,
    0x41, 0x93, 0xdf, 0xff, 0x41, 0x93, 0xdf, 0xff, 0x41, 0x93, 0xdf, 0xff, 0x41, 0x93, 0xdf, 0xff,
    0x41, 0x93, 0xdf, 0xff, 0x41, 0x92, 0xde, 0xfb, 0x40, 0x8e, 0xdc, 0x24, 0x00, 0x00, 0x00, 0x00,
    0x00, 0x00, 0x00, 0x00, 0x40, 0x93, 0xdf, 0x97, 0x41, 0x93, 0xdf, 0xff, 0x41, 0x93, 0xdf, 0xff,
    0x41, 0x93, 0xdf, 0xff, 0x41, 0x93, 0xdf, 0xff, 0x41, 0x93, 0xdf, 0xff, 0x41, 0x93, 0xdf, 0xff,
    0x41, 0x93, 0xdf, 0xff, 0x41, 0x93, 0xdf, 0xff, 0x41, 0x93, 0xdf, 0xff, 0x41, 0x93, 0xdf, 0xff,
    0x41, 0x93, 0xdf, 0xff, 0x41, 0x93, 0xdf, 0xff, 0x41, 0x93, 0xdf, 0xff, 0x41, 0x93, 0xdf, 0xff,
    0x41, 0x93, 0xdf, 0xff, 0x41, 0x93, 0xdf, 0xff, 0x41, 0x93, 0xdf, 0xff, 0x41, 0x93, 0xdf, 0xff,
    0x41, 0x93, 0xdf, 0xff, 0x41, 0x93, 0xdf, 0xff, 0x41, 0x93, 0xdf, 0xff, 0x41, 0x93, 0xdf, 0xff,
    0x41, 0x93, 0xdf, 0xff, 0x41, 0x93, 0xdf, 0xff, 0x41, 0x93, 0xdf, 0xff, 0x41, 0x93, 0xdf, 0xff,
    0x41, 0x93, 0xdf, 0xff, 0x41, 0x93, 0xdf, 0xff, 0x41, 0x93, 0xdf, 0xff, 0x41, 0x93, 0xdf, 0xff,
    0x41, 0x93, 0xdf, 0xff, 0x41, 0x93, 0xdf, 0xff, 0x41, 0x93, 0xdf, 0xff, 0x41, 0x93, 0xdf, 0xff,
    0x41, 0x93, 0xdf, 0xff, 0x41, 0x93, 0xdf, 0xff, 0x41, 0x93, 0xdf, 0xff, 0x41, 0x93, 0xdf, 0xff,
    0x41, 0x93, 0xdf, 0xff, 0x41, 0x93, 0xdf, 0xff, 0x41, 0x93, 0xdf, 0xff, 0x41, 0x93, 0xdf, 0xff,
    0x41, 0x93, 0xdf, 0xff, 0x41, 0x93, 0xdf, 0xff, 0x41, 0x93, 0xdf, 0xff, 0x41, 0x93, 0xdf, 0xff,
    0x41, 0x93, 0xdf, 0xff, 0x41, 0x93, 0xdf, 0xff, 0x41, 0x93, 0xdf, 0xff, 0x41, 0x93, 0xdf, 0xff,
    0x41, 0x93, 0xdf, 0xff, 0x41, 0x93, 0xdf, 0xff, 0x41, 0x93, 0xdf, 0xff, 0x41, 0x93, 0xdf, 0xff,
    0x41, 0x93, 0xdf, 0xff, 0x41, 0x93, 0xdf, 0xff, 0x41, 0x93, 0xdf, 0xff, 0x41, 0x93, 0xdf, 0xff,
    0x41, 0x93, 0xdf, 0xff, 0x41, 0x93, 0xdf, 0xff, 0x40, 0x94, 0xdf, 0x9f, 0x00, 0x00, 0x00, 0x00,
    0x40, 0x8f, 0xdf, 0x10, 0x41, 0x93, 0xdf, 0xf7, 0x41, 0x93, 0xdf, 0xff, 0x41, 0x93, 0xdf, 0xff,
    0x41, 0x93, 0xdf, 0xff, 0x41, 0x93, 0xdf, 0xff, 0x41, 0x93, 0xdf, 0xff, 0x41, 0x93, 0xdf, 0xff,
    0x41, 0x93, 0xdf, 0xff, 0x41, 0x93, 0xdf, 0xff, 0x41, 0x93, 0xdf, 0xff, 0x41, 0x93, 0xdf, 0xff,
    0x41, 0x93, 0xdf, 0xff, 0x41, 0x93, 0xdf, 0xff, 0x41, 0x93, 0xdf, 0xff, 0x41, 0x93, 0xdf, 0xff,
    0x41, 0x93, 0xdf, 0xff, 0x41, 0x93, 0xdf, 0xff, 0x41, 0x93, 0xdf, 0xff, 0x41, 0x93, 0xdf, 0xff,
    0x41, 0x93, 0xdf, 0xff, 0x41, 0x93, 0xdf, 0xff, 0x41, 0x93, 0xdf, 0xff, 0x41, 0x93, 0xdf, 0xff,
    0x41, 0x93, 0xdf, 0xff, 0x41, 0x93, 0xdf, 0xff, 0x41, 0x93, 0xdf, 0xff, 0x41, 0x93, 0xdf, 0xff,
    0x41, 0x93, 0xdf, 0xff, 0x41, 0x93, 0xdf, 0xff, 0x41, 0x93, 0xdf, 0xff, 0x41, 0x93, 0xdf, 0xff,
    0x41, 0x93, 0xdf, 0xff, 0x41, 0x93, 0xdf, 0xff, 0x41, 0x93, 0xdf, 0xff, 0x41, 0x93, 0xdf, 0xff,
    0x41, 0x93, 0xdf, 0xff, 0x41, 0x93, 0xdf, 0xff, 0x41, 0x93, 0xdf, 0xff, 0x41, 0x93, 0xdf, 0xff,
    0x41, 0x93, 0xdf, 0xff, 0x41, 0x93, 0xdf, 0xff, 0x41, 0x93, 0xdf, 0xff, 0x41, 0x93, 0xdf, 0xff,
    0x41, 0x93, 0xdf, 0xff, 0x41, 0x93, 0xdf, 0xff, 0x41, 0x93, 0xdf, 0xff, 0x41, 0x93, 0xdf, 0xff,
    0x41, 0x93, 0xdf, 0xff, 0x41, 0x93, 0xdf, 0xff, 0x41, 0x93, 0xdf, 0xff, 0x41, 0x93, 0xdf, 0xff,
    0x41, 0x93, 0xdf, 0xff, 0x41, 0x93, 0xdf, 0xff, 0x41, 0x93, 0xdf, 0xff, 0x41, 0x93, 0xdf, 0xff,
    0x41, 0x93, 0xdf, 0xff, 0x41, 0x93, 0xdf, 0xff, 0x41, 0x93, 0xdf, 0xff, 0x41, 0x93, 0xdf, 0xff,
    0x41, 0x93, 0xdf, 0xff, 0x41, 0x93, 0xdf, 0xff, 0x41, 0x93, 0xdf, 0xf7, 0x40, 0x8f, 0xdf, 0x10,
    0x40, 0x95, 0xe0, 0x5b, 0x41, 0x93, 0xdf, 0xff, 0x41, 0x93, 0xdf, 0xff, 0x41, 0x93, 0xdf, 0xff,
    0x41, 0x93, 0xdf, 0xff, 0x41, 0x93, 0xdf, 0xff, 0x41, 0x93, 0xdf, 0xff, 0x41, 0x93, 0xdf, 0xff,
    0x41, 0x93, 0xdf, 0xff, 0x41, 0x93, 0xdf, 0xff, 0x41, 0x93, 0xdf, 0xff, 0x41, 0x93, 0xdf, 0xff,
    0x41, 0x93, 0xdf, 0xff, 0x41, 0x93, 0xdf, 0xff, 0x41, 0x93, 0xdf, 0xff, 0x41, 0x93, 0xdf, 0xff,
    0x41, 0x93, 0xdf, 0xff, 0x41, 0x93, 0xdf, 0xff, 0x41, 0x93, 0xdf, 0xff, 0x41, 0x93, 0xdf, 0xff,
    0x41, 0x93, 0xdf, 0xff, 0x41, 0x93, 0xdf, 0xff, 0x48, 0x97, 0xe0, 0xff, 0x71, 0xae, 0xe7, 0xff,
    0x72, 0xaf, 0xe7, 0xff, 0x4b, 0x99, 0xe0, 0xff, 0x41, 0x93, 0xdf, 0xff, 0x41, 0x93, 0xdf, 0xff,
    0x41, 0x93, 0xdf, 0xff, 0x41, 0x93, 0xdf, 0xff, 0x41, 0x93, 0xdf, 0xff, 0x41, 0x93, 0xdf, 0xff,
    0x41, 0x93, 0xdf, 0xff, 0x41, 0x93, 0xdf, 0xff, 0x41, 0x93, 0xdf, 0xff, 0x41, 0x93, 0xdf, 0xff,
    0x41, 0x93, 0xdf, 0xff, 0x41, 0x93, 0xdf, 0xff, 0x48, 0x97, 0xe0, 0xff, 0x71, 0xae, 0xe7, 0xff,
    0x72, 0xaf, 0xe7, 0xff, 0x4b, 0x99, 0xe0, 0xff, 0x41, 0x93, 0xdf, 0xff, 0x41, 0x93, 0xdf, 0xff,
    0x41, 0x93, 0xdf, 0xff, 0x41, 0x93, 0xdf, 0xff, 0x41, 0x93, 0xdf, 0xff, 0x41, 0x93, 0xdf, 0xff,
    0x41, 0x93, 0xdf, 0xff, 0x41, 0x93, 0xdf, 0xff, 0x41, 0x93, 0xdf, 0xff, 0x41, 0x93, 0xdf, 0xff,
    0x41, 0x93, 0xdf, 0xff, 0x41, 0x93, 0xdf, 0xff, 0x41, 0x93, 0xdf, 0xff, 0x41, 0x93, 0xdf, 0xff,
    0x41, 0x93, 0xdf, 0xff, 0x41, 0x93, 0xdf, 0xff, 0x41, 0x93, 0xdf, 0xff, 0x41, 0x93, 0xdf, 0xff,
    0x41, 0x93, 0xdf, 0xff, 0x41, 0x93, 0xdf, 0xff, 0x41, 0x93, 0xdf, 0xff, 0x40, 0x95, 0xe0, 0x5b,
    0x40, 0x92, 0xe0, 0x9b, 0x41, 0x93, 0xdf, 0xff, 0x41, 0x93, 0xdf, 0xff, 0x41, 0x93, 0xdf, 0xff,
    0x41, 0x93, 0xdf, 0xff, 0x41, 0x93, 0xdf, 0xff, 0x41, 0x93, 0xdf, 0xff, 0x41, 0x93, 0xdf, 0xff,
    0x41, 0x93, 0xdf, 0xff, 0x41, 0x93, 0xdf, 0xff, 0x41, 0x93, 0xdf, 0xff, 0x41, 0x93, 0xdf, 0xff,
    0x41, 0x93, 0xdf, 0xff, 0x41, 0x93, 0xdf, 0xff, 0x41, 0x93, 0xdf, 0xff, 0x41, 0x93, 0xdf, 0xff,
    0x41, 0x93, 0xdf, 0xff, 0x41, 0x93, 0xdf, 0xff, 0x41, 0x93, 0xdf, 0xff, 0x41, 0x93, 0xdf, 0xff,
    0x41, 0x93, 0xdf, 0xff, 0x4b, 0x99, 0xe0, 0xff, 0xa4, 0xcb, 0xef, 0xff, 0xb3, 0xd4, 0xf2, 0xff,
    0xb3, 0xd4, 0xf2, 0xff, 0xa4, 0xcc, 0xef, 0xff, 0x48, 0x97, 0xe0, 0xff, 0x41, 0x93, 0xdf, 0xff,
    0x41, 0x93, 0xdf, 0xff, 0x41, 0x93, 0xdf, 0xff, 0x41, 0x93, 0xdf, 0xff, 0x41, 0x93, 0xdf, 0xff,
    0x41, 0x93, 0xdf, 0xff, 0x41, 0x93, 0xdf, 0xff, 0x41, 0x93, 0xdf, 0xff, 0x41, 0x93, 0xdf, 0xff,
    0x41, 0x93, 0xdf, 0xff, 0x4b, 0x99, 0xe0, 0xff, 0xa4, 0xcb, 0xef, 0xff, 0xb3, 0xd4, 0xf2, 0xff,
    0xb3, 0xd4, 0xf2, 0xff, 0xa4, 0xcc, 0xef, 0xff, 0x48, 0x97, 0xe0, 0xff, 0x41, 0x93, 0xdf, 0xff,
    0x41, 0x93, 0xdf, 0xff, 0x41, 0x93, 0xdf, 0xff, 0x41, 0x93, 0xdf, 0xff, 0x41, 0x93, 0xdf, 0xff,
    0x41, 0x93, 0xdf, 0xff, 0x41, 0x93, 0xdf, 0xff, 0x41, 0x93, 0xdf, 0xff, 0x41, 0x93, 0xdf, 0xff,
    0x41, 0x93, 0xdf, 0xff, 0x41, 0x93, 0xdf, 0xff, 0x41, 0x93, 0xdf, 0xff, 0x41, 0x93, 0xdf, 0xff,
    0x41, 0x93, 0xdf, 0xff, 0x41, 0x93, 0xdf, 0xff, 0x41, 0x93, 0xdf, 0xff, 0x41, 0x93, 0xdf, 0xff,
    0x41, 0x93, 0xdf, 0xff, 0x41, 0x93, 0xdf, 0xff, 0x41, 0x93, 0xdf, 0xff, 0x40, 0x94, 0xdf, 0x9f,
    0x41, 0x93, 0xde, 0xcb, 0x41, 0x93, 0xdf, 0xff, 0x41, 0x93, 0xdf, 0xff, 0x41, 0x93, 0xdf, 0xff,
    0x41, 0x93, 0xdf, 0xff, 0x41, 0x93, 0xdf, 0xff, 0x41, 0x93, 0xdf, 0xff, 0x41, 0x93, 0xdf, 0xff,
    0x41, 0x93, 0xdf, 0xff, 0x41, 0x93, 0xdf, 0xff, 0x41, 0x93, 0xdf, 0xff, 0x41, 0x93, 0xdf, 0xff,
    0x41, 0x93, 0xdf, 0xff, 0x41, 0x93, 0xdf, 0xff, 0x41, 0x93, 0xdf, 0xff, 0x41, 0x93, 0xdf, 0xff,
    0x41, 0x93, 0xdf, 0xff, 0x41, 0x93, 0xdf, 0xff, 0x41, 0x93, 0xdf, 0xff, 0x41, 0x93, 0xdf, 0xff,
    0x41, 0x93, 0xdf, 0xff, 0x73, 0xaf, 0xe7, 0xff, 0xb3, 0xd4, 0xf2, 0xff, 0xb3, 0xd4, 0xf2, 0xff,
    0xb3, 0xd4, 0xf2, 0xff, 0xb3, 0xd4, 0xf2, 0xff, 0x71, 0xae, 0xe7, 0xff, 0x41, 0x93, 0xdf, 0xff,
    0x41, 0x93, 0xdf, 0xff, 0x41, 0x93, 0xdf, 0xff, 0x41, 0x93, 0xdf, 0xff, 0x41, 0x93, 0xdf, 0xff,
    0x41, 0x93, 0xdf, 0xff, 0x41, 0x93, 0xdf, 0xff, 0x41, 0x93, 0xdf, 0xff, 0x41, 0x93, 0xdf, 0xff,
    0x41, 0x93, 0xdf, 0xff, 0x73, 0xaf, 0xe7, 0xff, 0xb3, 0xd4, 0xf2, 0xff, 0xb3, 0xd4, 0xf2, 0xff,
    0xb3, 0xd4, 0xf2, 0xff, 0xb3, 0xd4, 0xf2, 0xff, 0x71, 0xae, 0xe7, 0xff, 0x41, 0x93, 0xdf, 0xff,
    0x41, 0x93, 0xdf, 0xff, 0x41, 0x93, 0xdf, 0xff, 0x41, 0x93, 0xdf, 0xff, 0x41, 0x93, 0xdf, 0xff,
    0x41, 0x93, 0xdf, 0xff, 0x41, 0x93, 0xdf, 0xff, 0x41, 0x93, 0xdf, 0xff, 0x41, 0x93, 0xdf, 0xff,
    0x41, 0x93, 0xdf, 0xff, 0x41, 0x93, 0xdf, 0xff, 0x41, 0x93, 0xdf, 0xff, 0x41, 0x93, 0xdf, 0xff,
    0x41, 0x93, 0xdf, 0xff, 0x41, 0x93, 0xdf, 0xff, 0x41, 0x93, 0xdf, 0xff, 0x41, 0x93, 0xdf, 0xff,
    0x41, 0x93, 0xdf, 0xff, 0x41, 0x93, 0xdf, 0xff, 0x41, 0x93, 0xdf, 0xff, 0x41, 0x93, 0xdf, 0xcf,
    0x41, 0x92, 0xde, 0xeb, 0x41, 0x93, 0xdf, 0xff, 0x41, 0x93, 0xdf, 0xff, 0x41, 0x93, 0xdf, 0xff,
    0x41, 0x93, 0xdf, 0xff, 0x41, 0x93, 0xdf, 0xff, 0x41, 0x93, 0xdf, 0xff, 0x41, 0x93, 0xdf, 0xff,
    0x41, 0x93, 0xdf, 0xff, 0x41, 0x93, 0xdf, 0xff, 0x41, 0x93, 0xdf, 0xff, 0x41, 0x93, 0xdf, 0xff,
    0x41, 0x93, 0xdf, 0xff, 0x41, 0x93, 0xdf, 0xff, 0x41, 0x93, 0xdf, 0xff, 0x41, 0x93, 0xdf, 0xff,
    0x41, 0x93, 0xdf, 0xff, 0x56, 0x9e, 0xe2, 0xff, 0x85, 0xba, 0xea, 0xff, 0x9d, 0xc7, 0xee, 0xff,
    0xa0, 0xc9, 0xef, 0xff, 0xbc, 0xd9, 0xf3, 0xff, 0xd9, 0xe9, 0xf8, 0xff, 0xd9, 0xe9, 0xf8, 0xff,
    0xd9, 0xe9, 0xf8, 0xff, 0xd9, 0xe9, 0xf8, 0xff, 0xbc, 0xd9, 0xf3, 0xff, 0xa0, 0xc9, 0xef, 0xff,
    0xa0, 0xc9, 0xef, 0xff, 0xa0, 0xc9, 0xef, 0xff, 0xa0, 0xc9, 0xef, 0xff, 0xa0, 0xc9, 0xef, 0xff,
    0xa0, 0xc9, 0xef, 0xff, 0xa0, 0xc9, 0xef, 0xff, 0xa0, 0xc9, 0xef, 0xff, 0xa0, 0xc9, 0xef, 0xff,
    0xa0, 0xc9, 0xef, 0xff, 0xbc, 0xd9, 0xf3, 0xff, 0xd9, 0xe9, 0xf8, 0xff, 0xd9, 0xe9, 0xf8, 0xff,
    0xd9, 0xe9, 0xf8, 0xff, 0xd9, 0xe9, 0xf8, 0xff, 0xbc, 0xd9, 0xf3, 0xff, 0xa0, 0xc9, 0xef, 0xff,
    0x9d, 0xc7, 0xee, 0xff, 0x85, 0xba, 0xea, 0xff, 0x55, 0x9e, 0xe2, 0xff, 0x41, 0x93, 0xdf, 0xff,
    0x41, 0x93, 0xdf, 0xff, 0x41, 0x93, 0xdf, 0xff, 0x41, 0x93, 0xdf, 0xff, 0x41, 0x93, 0xdf, 0xff,
    0x41, 0x93, 0xdf, 0xff, 0x41, 0x93, 0xdf, 0xff, 0x41, 0x93, 0xdf, 0xff, 0x41, 0x93, 0xdf, 0xff,
    0x41, 0x93, 0xdf, 0xff, 0x41, 0x93, 0xdf, 0xff, 0x41, 0x93, 0xdf, 0xff, 0x41, 0x93, 0xdf, 0xff,
    0x41, 0x93, 0xdf, 0xff, 0x41, 0x93, 0xdf, 0xff, 0x41, 0x93, 0xdf, 0xff, 0x41, 0x92, 0xde, 0xeb,
    0x41, 0x93, 0xdf, 0xff, 0x41, 0x93, 0xdf, 0xff, 0x41, 0x93, 0xdf, 0xff, 0x41, 0x93, 0xdf, 0xff,
    0x41, 0x93, 0xdf, 0xff, 0x41, 0x93, 0xdf, 0xff, 0x41, 0x93, 0xdf, 0xff, 0x41, 0x93, 0xdf, 0xff,
    0x41, 0x93, 0xdf, 0xff, 0x41, 0x93, 0xdf, 0xff, 0x41, 0x93, 0xdf, 0xff, 0x41, 0x93, 0xdf, 0xff,
    0x41, 0x93, 0xdf, 0xff, 0x41, 0x93, 0xdf, 0xff, 0x41, 0x93, 0xdf, 0xff, 0x5e, 0xa4, 0xe4, 0xff,
    0xc0, 0xdb, 0xf4, 0xff, 0xfc, 0xfd, 0xfe, 0xff, 0xff, 0xff, 0xff, 0xff, 0xff, 0xff, 0xff, 0xff,
    0xff, 0xff, 0xff, 0xff, 0xff, 0xff, 0xff, 0xff, 0xff, 0xff, 0xff, 0xff, 0xff, 0xff, 0xff, 0xff,
    0xff, 0xff, 0xff, 0xff, 0xff, 0xff, 0xff, 0xff, 0xff, 0xff, 0xff, 0xff, 0xff, 0xff, 0xff, 0xff,
    0xff, 0xff, 0xff, 0xff, 0xff, 0xff, 0xff, 0xff, 0xff, 0xff, 0xff, 0xff, 0xff, 0xff, 0xff, 0xff,
    0xff, 0xff, 0xff, 0xff, 0xff, 0xff, 0xff, 0xff, 0xff, 0xff, 0xff, 0xff, 0xff, 0xff, 0xff, 0xff,
    0xff, 0xff, 0xff, 0xff, 0xff, 0xff, 0xff, 0xff, 0xff, 0xff, 0xff, 0xff, 0xff, 0xff, 0xff, 0xff,
    0xff, 0xff, 0xff, 0xff, 0xff, 0xff, 0xff, 0xff, 0xff, 0xff, 0xff, 0xff, 0xff, 0xff, 0xff, 0xff,
    0xff, 0xff, 0xff, 0xff, 0xff, 0xff, 0xff, 0xff, 0xff, 0xff, 0xff, 0xff, 0xc3, 0xdd, 0xf5, 0xff,
    0x5e, 0xa4, 0xe4, 0xff, 0x41, 0x93, 0xdf, 0xff, 0x41, 0x93, 0xdf, 0xff, 0x41, 0x93, 0xdf, 0xff,
    0x41, 0x93, 0xdf, 0xff, 0x41, 0x93, 0xdf, 0xff, 0x41, 0x93, 0xdf, 0xff, 0x41, 0x93, 0xdf, 0xff,
    0x41, 0x93, 0xdf, 0xff, 0x41, 0x93, 0xdf, 0xff, 0x41, 0x93, 0xdf, 0xff, 0x41, 0x93, 0xdf, 0xff,
    0x41, 0x93, 0xdf, 0xff, 0x41, 0x93, 0xdf, 0xff, 0x41, 0x93, 0xdf, 0xff, 0x41, 0x93, 0xdf, 0xff,
    0x41, 0x93, 0xdf, 0xff, 0x41, 0x93, 0xdf, 0xff, 0x41, 0x93, 0xdf, 0xff, 0x41, 0x93, 0xdf, 0xff,
    0x41, 0x93, 0xdf, 0xff, 0x41, 0x93, 0xdf, 0xff, 0x41, 0x93, 0xdf, 0xff, 0x41, 0x93, 0xdf, 0xff,
    0x41, 0x93, 0xdf, 0xff, 0x41, 0x93, 0xdf, 0xff, 0x41, 0x93, 0xdf, 0xff, 0x41, 0x93, 0xdf, 0xff,
    0x41, 0x93, 0xdf, 0xff, 0x41, 0x93, 0xdf, 0xff, 0x79, 0xb3, 0xe8, 0xff, 0xf9, 0xfb, 0xfe, 0xff,
    0xff, 0xff, 0xff, 0xff, 0xff, 0xff, 0xff, 0xff, 0xff, 0xff, 0xff, 0xff, 0xff, 0xff, 0xff, 0xff,
    0xff, 0xff, 0xff, 0xff, 0xff, 0xff, 0xff, 0xff, 0xff, 0xff, 0xff, 0xff, 0xff, 0xff, 0xff, 0xff,
    0xff, 0xff, 0xff, 0xff, 0xff, 0xff, 0xff, 0xff, 0xff, 0xff, 0xff, 0xff, 0xff, 0xff, 0xff, 0xff,
    0xff, 0xff, 0xff, 0xff, 0xff, 0xff, 0xff, 0xff, 0xff, 0xff, 0xff, 0xff, 0xff, 0xff, 0xff, 0xff,
    0xff, 0xff, 0xff, 0xff, 0xff, 0xff, 0xff, 0xff, 0xff, 0xff, 0xff, 0xff, 0xff, 0xff, 0xff, 0xff,
    0xff, 0xff, 0xff, 0xff, 0xff, 0xff, 0xff, 0xff, 0xff, 0xff, 0xff, 0xff, 0xff, 0xff, 0xff, 0xff,
    0xff, 0xff, 0xff, 0xff, 0xff, 0xff, 0xff, 0xff, 0xff, 0xff, 0xff, 0xff, 0xff, 0xff, 0xff, 0xff,
    0xff, 0xff, 0xff, 0xff, 0xff, 0xff, 0xff, 0xff, 0xff, 0xff, 0xff, 0xff, 0xff, 0xff, 0xff, 0xff,
    0xf9, 0xfb, 0xfe, 0xff, 0x79, 0xb3, 0xe8, 0xff, 0x41, 0x93, 0xdf, 0xff, 0x41, 0x93, 0xdf, 0xff,
    0x41, 0x93, 0xdf, 0xff, 0x41, 0x93, 0xdf, 0xff, 0x41, 0x93, 0xdf, 0xff, 0x41, 0x93, 0xdf, 0xff,
    0x41, 0x93, 0xdf, 0xff, 0x41, 0x93, 0xdf, 0xff, 0x41, 0x93, 0xdf, 0xff, 0x41, 0x93, 0xdf, 0xff,
    0x41, 0x93, 0xdf, 0xff, 0x41, 0x93, 0xdf, 0xff, 0x41, 0x93, 0xdf, 0xff, 0x41, 0x93, 0xdf, 0xff,
    0x41, 0x93, 0xdf, 0xff, 0x41, 0x93, 0xdf, 0xff, 0x41, 0x93, 0xdf, 0xff, 0x41, 0x93, 0xdf, 0xff,
    0x41, 0x93, 0xdf, 0xff, 0x41, 0x93, 0xdf, 0xff, 0x41, 0x93, 0xdf, 0xff, 0x41, 0x93, 0xdf, 0xff,
    0x41, 0x93, 0xdf, 0xff, 0x41, 0x93, 0xdf, 0xff, 0x41, 0x93, 0xdf, 0xff, 0x41, 0x93, 0xdf, 0xff,
    0x41, 0x93, 0xdf, 0xff, 0x73, 0xaf, 0xe7, 0xff, 0xf9, 0xfb, 0xfe, 0xff, 0xff, 0xff, 0xff, 0xff,
    0xff, 0xff, 0xff, 0xff, 0xff, 0xff, 0xff, 0xff, 0xff, 0xff, 0xff, 0xff, 0xff, 0xff, 0xff, 0xff,
    0xff, 0xff, 0xff, 0xff, 0xff, 0xff, 0xff, 0xff, 0xff, 0xff, 0xff, 0xff, 0xff, 0xff, 0xff, 0xff,
    0xff, 0xff, 0xff, 0xff, 0xff, 0xff, 0xff, 0xff, 0xff, 0xff, 0xff, 0xff, 0xff, 0xff, 0xff, 0xff,
    0xff, 0xff, 0xff, 0xff, 0xff, 0xff, 0xff, 0xff, 0xff, 0xff, 0xff, 0xff, 0xff, 0xff, 0xff, 0xff,
    0xff, 0xff, 0xff, 0xff, 0xff, 0xff, 0xff, 0xff, 0xff, 0xff, 0xff, 0xff, 0xff, 0xff, 0xff, 0xff,
    0xff, 0xff, 0xff, 0xff, 0xff, 0xff, 0xff, 0xff, 0xff, 0xff, 0xff, 0xff, 0xff, 0xff, 0xff, 0xff,
    0xff, 0xff, 0xff, 0xff, 0xff, 0xff, 0xff, 0xff, 0xff, 0xff, 0xff, 0xff, 0xff, 0xff, 0xff, 0xff,
    0xff, 0xff, 0xff, 0xff, 0xff, 0xff, 0xff, 0xff, 0xff, 0xff, 0xff, 0xff, 0xff, 0xff, 0xff, 0xff,
    0xff, 0xff, 0xff, 0xff, 0xf9, 0xfb, 0xfe, 0xff, 0x73, 0xaf, 0xe7, 0xff, 0x41, 0x93, 0xdf, 0xff,
    0x41, 0x93, 0xdf, 0xff, 0x41, 0x93, 0xdf, 0xff, 0x41, 0x93, 0xdf, 0xff, 0x41, 0x93, 0xdf, 0xff,
    0x41, 0x93, 0xdf, 0xff, 0x41, 0x93, 0xdf, 0xff, 0x41, 0x93, 0xdf, 0xff, 0x41, 0x93, 0xdf, 0xff,
    0x41, 0x93, 0xdf, 0xff, 0x41, 0x93, 0xdf, 0xff, 0x41, 0x93, 0xdf, 0xff, 0x41, 0x93, 0xdf, 0xff,
    0x41, 0x93, 0xdf, 0xff, 0x41, 0x93, 0xdf, 0xff, 0x41, 0x93, 0xdf, 0xff, 0x41, 0x93, 0xdf, 0xff,
    0x41, 0x93, 0xdf, 0xff, 0x41, 0x93, 0xdf, 0xff, 0x41, 0x93, 0xdf, 0xff, 0x41, 0x93, 0xdf, 0xff,
    0x41, 0x93, 0xdf, 0xff, 0x41, 0x93, 0xdf, 0xff, 0x41, 0x93, 0xdf, 0xff, 0x41, 0x93, 0xdf, 0xff,
    0x47, 0x96, 0xe0, 0xff, 0xea, 0xf3, 0xfb, 0xff, 0xff, 0xff, 0xff, 0xff, 0xff, 0xff, 0xff, 0xff,
    0xff, 0xff, 0xff, 0xff, 0xff, 0xff, 0xff, 0xff, 0xff, 0xff, 0xff, 0xff, 0xff, 0xff, 0xff, 0xff,
    0xff, 0xff, 0xff, 0xff, 0xff, 0xff, 0xff, 0xff, 0xff, 0xff, 0xff, 0xff, 0xff, 0xff, 0xff, 0xff,
    0xff, 0xff, 0xff, 0xff, 0xff, 0xff, 0xff, 0xff, 0xff, 0xff, 0xff, 0xff, 0xff, 0xff, 0xff, 0xff,
    0xff, 0xff, 0xff, 0xff, 0xff, 0xff, 0xff, 0xff, 0xff, 0xff, 0xff, 0xff, 0xff, 0xff, 0xff, 0xff,
    0xff, 0xff, 0xff, 0xff, 0xff, 0xff, 0xff, 0xff, 0xff, 0xff, 0xff, 0xff, 0xff, 0xff, 0xff, 0xff,
    0xff, 0xff, 0xff, 0xff, 0xff, 0xff, 0xff, 0xff, 0xff, 0xff, 0xff, 0xff, 0xff, 0xff, 0xff, 0xff,
    0xff, 0xff, 0xff, 0xff, 0xff, 0xff, 0xff, 0xff, 0xff, 0xff, 0xff, 0xff, 0xff, 0xff, 0xff, 0xff,
    0xff, 0xff, 0xff, 0xff, 0xff, 0xff, 0xff, 0xff, 0xff, 0xff, 0xff, 0xff, 0xff, 0xff, 0xff, 0xff,
    0xff, 0xff, 0xff, 0xff, 0xff, 0xff, 0xff, 0xff, 0xea, 0xf3, 0xfb, 0xff, 0x47, 0x96, 0xe0, 0xff,
    0x41, 0x93, 0xdf, 0xff, 0x41, 0x93, 0xdf, 0xff, 0x41, 0x93, 0xdf, 0xff, 0x41, 0x93, 0xdf, 0xff,
    0x41, 0x93, 0xdf, 0xff, 0x41, 0x93, 0xdf, 0xff, 0x41, 0x93, 0xdf, 0xff, 0x41, 0x93, 0xdf, 0xff,
    0x41, 0x93, 0xdf, 0xff, 0x41, 0x93, 0xdf, 0xff, 0x41, 0x93, 0xdf, 0xff, 0x41, 0x93, 0xdf, 0xff,
    0x41, 0x93, 0xdf, 0xff, 0x41, 0x93, 0xdf, 0xff, 0x41, 0x93, 0xdf, 0xff, 0x41, 0x93, 0xdf, 0xff,
    0x41, 0x93, 0xdf, 0xff, 0x41, 0x93, 0xdf, 0xff, 0x41, 0x93, 0xdf, 0xff, 0x41, 0x93, 0xdf, 0xff,
    0x41, 0x93, 0xdf, 0xff, 0x41, 0x93, 0xdf, 0xff, 0x41, 0x93, 0xdf, 0xff, 0x41, 0x93, 0xdf, 0xff,
    0x91, 0xc0, 0xec, 0xff, 0xff, 0xff, 0xff, 0xff, 0xff, 0xff, 0xff, 0xff, 0xff, 0xff, 0xff, 0xff,
    0xff, 0xff, 0xff, 0xff, 0xff, 0xff, 0xff, 0xff, 0xe4, 0xef, 0xfa, 0xff, 0xac, 0xcf, 0xf1, 0xff,
    0xa0, 0xc9, 0xef, 0xff, 0xb5, 0xd5, 0xf2, 0xff, 0xd9, 0xe9, 0xf8, 0xff, 0xd9, 0xe9, 0xf8, 0xff,
    0xd9, 0xe9, 0xf8, 0xff, 0xd9, 0xe9, 0xf8, 0xff, 0xb5, 0xd5, 0xf2, 0xff, 0xa0, 0xc9, 0xef, 0xff,
    0xa0, 0xc9, 0xef, 0xff, 0xa0, 0xc9, 0xef, 0xff, 0xa0, 0xc9, 0xef, 0xff, 0xa0, 0xc9, 0xef, 0xff,
    0xa0, 0xc9, 0xef, 0xff, 0xa0, 0xc9, 0xef, 0xff, 0xa0, 0xc9, 0xef, 0xff, 0xa0, 0xc9, 0xef, 0xff,
    0xa0, 0xc9, 0xef, 0xff, 0xb5, 0xd5, 0xf2, 0xff, 0xd9, 0xe9, 0xf8, 0xff, 0xd9, 0xe9, 0xf8, 0xff,
    0xd9, 0xe9, 0xf8, 0xff, 0xd9, 0xe9, 0xf8, 0xff, 0xb5, 0xd5, 0xf2, 0xff, 0xa0, 0xc9, 0xef, 0xff,
    0xa9, 0xce, 0xf0, 0xff, 0xed, 0xf5, 0xfc, 0xff, 0xff, 0xff, 0xff, 0xff, 0xff, 0xff, 0xff, 0xff,
    0xff, 0xff, 0xff, 0xff, 0xff, 0xff, 0xff, 0xff, 0xff, 0xff, 0xff, 0xff, 0x8b, 0xbd, 0xeb, 0xff,
    0x41, 0x93, 0xdf, 0xff, 0x41, 0x93, 0xdf, 0xff, 0x41, 0x93, 0xdf, 0xff, 0x41, 0x93, 0xdf, 0xff,
    0x41, 0x93, 0xdf, 0xff, 0x41, 0x93, 0xdf, 0xff, 0x41, 0x93, 0xdf, 0xff, 0x41, 0x93, 0xdf, 0xff,
    0x41, 0x93, 0xdf, 0xff, 0x41, 0x93, 0xdf, 0xff, 0x41, 0x93, 0xdf, 0xff, 0x41, 0x93, 0xdf, 0xff,
    0x41, 0x93, 0xdf, 0xff, 0x41, 0x93, 0xdf, 0xff, 0x41, 0x93, 0xdf, 0xff, 0x41, 0x93, 0xdf, 0xff,
    0x41, 0x93, 0xdf, 0xff, 0x41, 0x93, 0xdf, 0xff, 0x41, 0x93, 0xdf, 0xff, 0x41, 0x93, 0xdf, 0xff,
    0x41, 0x93, 0xdf, 0xff, 0x41, 0x93, 0xdf, 0xff, 0x41, 0x93, 0xdf, 0xff, 0x41, 0x93, 0xdf, 0xff,
    0xcf, 0xe4, 0xf7, 0xff, 0xff, 0xff, 0xff, 0xff, 0xff, 0xff, 0xff, 0xff, 0xff, 0xff, 0xff, 0xff,
    0xff, 0xff, 0xff, 0xff, 0xcf, 0xe4, 0xf7, 0xff, 0x47, 0x96, 0xe0, 0xff, 0x41, 0x93, 0xdf, 0xff,
    0x41, 0x93, 0xdf, 0xff, 0x48, 0x97, 0xe0, 0xff, 0xa4, 0xcb, 0xef, 0xff, 0xb3, 0xd4, 0xf2, 0xff,
    0xb3, 0xd4, 0xf2, 0xff, 0xa4, 0xcc, 0xef, 0xff, 0x4b, 0x99, 0xe0, 0xff, 0x41, 0x93, 0xdf, 0xff,
    0x41, 0x93, 0xdf, 0xff, 0x41, 0x93, 0xdf, 0xff, 0x41, 0x93, 0xdf, 0xff, 0x41, 0x93, 0xdf, 0xff,
    0x41, 0x93, 0xdf, 0xff, 0x41, 0x93, 0xdf, 0xff, 0x41, 0x93, 0xdf, 0xff, 0x41, 0x93, 0xdf, 0xff,
    0x41, 0x93, 0xdf, 0xff, 0x48, 0x97, 0xe0, 0xff, 0xa4, 0xcb, 0xef, 0xff, 0xb3, 0xd4, 0xf2, 0xff,
    0xb3, 0xd4, 0xf2, 0xff, 0xa4, 0xcc, 0xef, 0xff, 0x4b, 0x99, 0xe0, 0xff, 0x41, 0x93, 0xdf, 0xff,
    0x41, 0x93, 0xdf, 0xff, 0x47, 0x96, 0xe0, 0xff, 0xcc, 0xe2, 0xf6, 0xff, 0xff, 0xff, 0xff, 0xff,
    0xff, 0xff, 0xff, 0xff, 0xff, 0xff, 0xff, 0xff, 0xff, 0xff, 0xff, 0xff, 0xcf, 0xe4, 0xf7, 0xff,
    0x41, 0x93, 0xdf, 0xff, 0x41, 0x93, 0xdf, 0xff, 0x41, 0x93, 0xdf, 0xff, 0x41, 0x93, 0xdf, 0xff,
    0x41, 0x93, 0xdf, 0xff, 0x41, 0x93, 0xdf, 0xff, 0x41, 0x93, 0xdf, 0xff, 0x41, 0x93, 0xdf, 0xff,
    0x41, 0x93, 0xdf, 0xff, 0x41, 0x93, 0xdf, 0xff, 0x41, 0x93, 0xdf, 0xff, 0x41, 0x93, 0xdf, 0xff,
    0x41, 0x93, 0xdf, 0xff, 0x41, 0x93, 0xdf, 0xff, 0x41, 0x93, 0xdf, 0xff, 0x41, 0x93, 0xdf, 0xff,
    0x41, 0x93, 0xdf, 0xff, 0x41, 0x93, 0xdf, 0xff, 0x41, 0x93, 0xdf, 0xff, 0x41, 0x93, 0xdf, 0xff,
    0x41, 0x93, 0xdf, 0xff, 0x41, 0x93, 0xdf, 0xff, 0x41, 0x93, 0xdf, 0xff, 0x41, 0x93, 0xdf, 0xff,
    0xf3, 0xf8, 0xfd, 0xff, 0xff, 0xff, 0xff, 0xff, 0xff, 0xff, 0xff, 0xff, 0xff, 0xff, 0xff, 0xff,
    0xff, 0xff, 0xff, 0xff, 0x67, 0xa9, 0xe5, 0xff, 0x41, 0x93, 0xdf, 0xff, 0x41, 0x93, 0xdf, 0xff,
    0x41, 0x93, 0xdf, 0xff, 0x41, 0x93, 0xdf, 0xff, 0x4b, 0x99, 0xe0, 0xff, 0x73, 0xaf, 0xe7, 0xff,
    0x71, 0xae, 0xe7, 0xff, 0x48, 0x97, 0xe0, 0xff, 0x41, 0x93, 0xdf, 0xff, 0x41, 0x93, 0xdf, 0xff,
    0x41, 0x93, 0xdf, 0xff, 0x41, 0x93, 0xdf, 0xff, 0x41, 0x93, 0xdf, 0xff, 0x41, 0x93, 0xdf, 0xff,
    0x41, 0x93, 0xdf, 0xff, 0x41, 0x93, 0xdf, 0xff, 0x41, 0x93, 0xdf, 0xff, 0x41, 0x93, 0xdf, 0xff,
    0x41, 0x93, 0xdf, 0xff, 0x41, 0x93, 0xdf, 0xff, 0x4b, 0x99, 0xe0, 0xff, 0x73, 0xaf, 0xe7, 0xff,
    0x71, 0xae, 0xe7, 0xff, 0x48, 0x97, 0xe0, 0xff, 0x41, 0x93, 0xdf, 0xff, 0x41, 0x93, 0xdf, 0xff,
    0x41, 0x93, 0xdf, 0xff, 0x41, 0x93, 0xdf, 0xff, 0x64, 0xa7, 0xe5, 0xff, 0xff, 0xff, 0xff, 0xff,
    0xff, 0xff, 0xff, 0xff, 0xff, 0xff, 0xff, 0xff, 0xff, 0xff, 0xff, 0xff, 0xf3, 0xf8, 0xfd, 0xff,
    0x41, 0x93, 0xdf, 0xff, 0x41, 0x93, 0xdf, 0xff, 0x41, 0x93, 0xdf, 0xff, 0x41, 0x93, 0xdf, 0xff,
    0x41, 0x93, 0xdf, 0xff, 0x41, 0x93, 0xdf, 0xff, 0x41, 0x93, 0xdf, 0xff, 0x41, 0x93, 0xdf, 0xff,
    0x41, 0x93, 0xdf, 0xff, 0x41, 0x93, 0xdf, 0xff, 0x41, 0x93, 0xdf, 0xff, 0x41, 0x93, 0xdf, 0xff,
    0x41, 0x93, 0xdf, 0xff, 0x41, 0x93, 0xdf, 0xff, 0x41, 0x93, 0xdf, 0xff, 0x41, 0x93, 0xdf, 0xff,
    0x41, 0x93, 0xdf, 0xff, 0x41, 0x93, 0xdf, 0xff, 0x41, 0x93, 0xdf, 0xff, 0x41, 0x93, 0xdf, 0xff,
    0x41, 0x93, 0xdf, 0xff, 0x41, 0x93, 0xdf, 0xff, 0x41, 0x93, 0xdf, 0xff, 0x41, 0x93, 0xdf, 0xff,
    0xff, 0xff, 0xff, 0xff, 0xff, 0xff, 0xff, 0xff, 0xff, 0xff, 0xff, 0xff, 0xff, 0xff, 0xff, 0xff,
    0xff, 0xff, 0xff, 0xff, 0x41, 0x93, 0xdf, 0xff, 0x41, 0x93, 0xdf, 0xff, 0x41, 0x93, 0xdf, 0xff,
    0x41, 0x93, 0xdf, 0xff, 0x41, 0x93, 0xdf, 0xff, 0x41, 0x93, 0xdf, 0xff, 0x41, 0x93, 0xdf, 0xff,
    0x41, 0x93, 0xdf, 0xff, 0x41, 0x93, 0xdf, 0xff, 0x41, 0x93, 0xdf, 0xff, 0x41, 0x93, 0xdf, 0xff,
    0x41, 0x93, 0xdf, 0xff, 0x41, 0x93, 0xdf, 0xff, 0x41, 0x93, 0xdf, 0xff, 0x41, 0x93, 0xdf, 0xff,
    0x41, 0x93, 0xdf, 0xff, 0x41, 0x93, 0xdf, 0xff, 0x41, 0x93, 0xdf, 0xff, 0x41, 0x93, 0xdf, 0xff,
    0x41, 0x93, 0xdf, 0xff, 0x41, 0x93, 0xdf, 0xff, 0x41, 0x93, 0xdf, 0xff, 0x41, 0x93, 0xdf, 0xff,
    0x41, 0x93, 0xdf, 0xff, 0x41, 0x93, 0xdf, 0xff, 0x41, 0x93, 0xdf, 0xff, 0x41, 0x93, 0xdf, 0xff,
    0x41, 0x93, 0xdf, 0xff, 0x41, 0x93, 0xdf, 0xff, 0x41, 0x93, 0xdf, 0xff, 0xff, 0xff, 0xff, 0xff,
    0xff, 0xff, 0xff, 0xff, 0xff, 0xff, 0xff, 0xff, 0xff, 0xff, 0xff, 0xff, 0xff, 0xff, 0xff, 0xff,
    0x41, 0x93, 0xdf, 0xff, 0x41, 0x93, 0xdf, 0xff, 0x41, 0x93, 0xdf, 0xff, 0x41, 0x93, 0xdf, 0xff,
    0x41, 0x93, 0xdf, 0xff, 0x41, 0x93, 0xdf, 0xff, 0x41, 0x93, 0xdf, 0xff, 0x41, 0x93, 0xdf, 0xff,
    0x41, 0x93, 0xdf, 0xff, 0x41, 0x93, 0xdf, 0xff, 0x41, 0x93, 0xdf, 0xff, 0x41, 0x93, 0xdf, 0xff,
    0x41, 0x93, 0xdf, 0xff, 0x41, 0x93, 0xdf, 0xff, 0x41, 0x93, 0xdf, 0xff, 0x41, 0x93, 0xdf, 0xff,
    0x41, 0x93, 0xdf, 0xff, 0x41, 0x93, 0xdf, 0xff, 0x41, 0x93, 0xdf, 0xff, 0x41, 0x93, 0xdf, 0xff,
    0x41, 0x93, 0xdf, 0xff, 0x41, 0x93, 0xdf, 0xff, 0x41, 0x93, 0xdf, 0xff, 0x41, 0x93, 0xdf, 0xff,
    0xff, 0xff, 0xff, 0xff, 0xff, 0xff, 0xff, 0xff, 0xff, 0xff, 0xff, 0xff, 0xff, 0xff, 0xff, 0xff,
    0xff, 0xff, 0xff, 0xff, 0x41, 0x93, 0xdf, 0xff, 0x41, 0x93, 0xdf, 0xff, 0x41, 0x93, 0xdf, 0xff,
    0x41, 0x93, 0xdf, 0xff, 0x41, 0x93, 0xdf, 0xff, 0x41, 0x93, 0xdf, 0xff, 0x41, 0x93, 0xdf, 0xff,
    0x41, 0x93, 0xdf, 0xff, 0x41, 0x93, 0xdf, 0xff, 0x41, 0x93, 0xdf, 0xff, 0x41, 0x93, 0xdf, 0xff,
    0x41, 0x93, 0xdf, 0xff, 0x41, 0x93, 0xdf, 0xff, 0x41, 0x93, 0xdf, 0xff, 0x41, 0x93, 0xdf, 0xff,
    0x41, 0x93, 0xdf, 0xff, 0x41, 0x93, 0xdf, 0xff, 0x41, 0x93, 0xdf, 0xff, 0x41, 0x93, 0xdf, 0xff,
    0x41, 0x93, 0xdf, 0xff, 0x41, 0x93, 0xdf, 0xff, 0x41, 0x93, 0xdf, 0xff, 0x41, 0x93, 0xdf, 0xff,
    0x41, 0x93, 0xdf, 0xff, 0x41, 0x93, 0xdf, 0xff, 0x41, 0x93, 0xdf, 0xff, 0x41, 0x93, 0xdf, 0xff,
    0x41, 0x93, 0xdf, 0xff, 0x41, 0x93, 0xdf, 0xff, 0x41, 0x93, 0xdf, 0xff, 0xff, 0xff, 0xff, 0xff,
    0xff, 0xff, 0xff, 0xff, 0xff, 0xff, 0xff, 0xff, 0xff, 0xff, 0xff, 0xff, 0xff, 0xff, 0xff, 0xff,
    0x41, 0x93, 0xdf, 0xff, 0x41, 0x93, 0xdf, 0xff, 0x41, 0x93, 0xdf, 0xff, 0x41, 0x93, 0xdf, 0xff,
    0x41, 0x93, 0xdf, 0xff, 0x41, 0x93, 0xdf, 0xff, 0x41, 0x93, 0xdf, 0xff, 0x41, 0x93, 0xdf, 0xff,
    0x41, 0x93, 0xdf, 0xff, 0x41, 0x93, 0xdf, 0xff, 0x41, 0x93, 0xdf, 0xff, 0x41, 0x93, 0xdf, 0xff,
    0x41, 0x93, 0xdf, 0xff, 0x41, 0x93, 0xdf, 0xff, 0x41, 0x93, 0xdf, 0xff, 0x41, 0x93, 0xdf, 0xff,
    0x41, 0x93, 0xdf, 0xff, 0x41, 0x93, 0xdf, 0xff, 0x41, 0x93, 0xdf, 0xff, 0x41, 0x93, 0xdf, 0xff,
    0x41, 0x93, 0xdf, 0xff, 0x41, 0x93, 0xdf, 0xff, 0x41, 0x93, 0xdf, 0xff, 0x41, 0x93, 0xdf, 0xff,
    0xff, 0xff, 0xff, 0xff, 0xff, 0xff, 0xff, 0xff, 0xff, 0xff, 0xff, 0xff, 0xff, 0xff, 0xff, 0xff,
    0xff, 0xff, 0xff, 0xff, 0x41, 0x93, 0xdf, 0xff, 0x41, 0x93, 0xdf, 0xff, 0x41, 0x93, 0xdf, 0xff,
    0x41, 0x93, 0xdf, 0xff, 0x41, 0x93, 0xdf, 0xff, 0x41, 0x93, 0xdf, 0xff, 0x41, 0x93, 0xdf, 0xff,
    0x41, 0x93, 0xdf, 0xff, 0x41, 0x93, 0xdf, 0xff, 0x41, 0x93, 0xdf, 0xff, 0x41, 0x93, 0xdf, 0xff,
    0x41, 0x93, 0xdf, 0xff, 0x41, 0x93, 0xdf, 0xff, 0x41, 0x93, 0xdf, 0xff, 0x41, 0x93, 0xdf, 0xff,
    0x41, 0x93, 0xdf, 0xff, 0x41, 0x93, 0xdf, 0xff, 0x41, 0x93, 0xdf, 0xff, 0x41, 0x93, 0xdf, 0xff,
    0x41, 0x93, 0xdf, 0xff, 0x41, 0x93, 0xdf, 0xff, 0x41, 0x93, 0xdf, 0xff, 0x41, 0x93, 0xdf, 0xff,
    0x41, 0x93, 0xdf, 0xff, 0x41, 0x93, 0xdf, 0xff, 0x41, 0x93, 0xdf, 0xff, 0x41, 0x93, 0xdf, 0xff,
    0x41, 0x93, 0xdf, 0xff, 0x41, 0x93, 0xdf, 0xff, 0x41, 0x93, 0xdf, 0xff, 0xff, 0xff, 0xff, 0xff,
    0xff, 0xff, 0xff, 0xff, 0xff, 0xff, 0xff, 0xff, 0xff, 0xff, 0xff, 0xff, 0xff, 0xff, 0xff, 0xff,
    0x41, 0x93, 0xdf, 0xff, 0x41, 0x93, 0xdf, 0xff, 0x41, 0x93, 0xdf, 0xff, 0x41, 0x93, 0xdf, 0xff,
    0x41, 0x93, 0xdf, 0xff, 0x41, 0x93, 0xdf, 0xff, 0x41, 0x93, 0xdf, 0xff, 0x41, 0x93, 0xdf, 0xff,
    0x41, 0x93, 0xdf, 0xff, 0x41, 0x93, 0xdf, 0xff, 0x41, 0x93, 0xdf, 0xff, 0x41, 0x93, 0xdf, 0xff,
    0x41, 0x93, 0xdf, 0xff, 0x41, 0x93, 0xdf, 0xff, 0x41, 0x93, 0xdf, 0xff, 0x41, 0x93, 0xdf, 0xff,
    0x41, 0x93, 0xdf, 0xff, 0x41, 0x93, 0xdf, 0xff, 0x41, 0x93, 0xdf, 0xff, 0x41, 0x93, 0xdf, 0xff,
    0x41, 0x93, 0xdf, 0xff, 0x41, 0x93, 0xdf, 0xff, 0x41, 0x93, 0xdf, 0xff, 0x41, 0x93, 0xdf, 0xff,
    0xff, 0xff, 0xff, 0xff, 0xff, 0xff, 0xff, 0xff, 0xff, 0xff, 0xff, 0xff, 0xff, 0xff, 0xff, 0xff,
    0xff, 0xff, 0xff, 0xff, 0x41, 0x93, 0xdf, 0xff, 0x41, 0x93, 0xdf, 0xff, 0x41, 0x93, 0xdf, 0xff,
    0x41, 0x93, 0xdf, 0xff, 0x58, 0xa0, 0xe3, 0xff, 0xcf, 0xe4, 0xf7, 0xff, 0xfc, 0xfd, 0xfe, 0xff,
    0xff, 0xff, 0xff, 0xff, 0xff, 0xff, 0xff, 0xff, 0xff, 0xff, 0xff, 0xff, 0xff, 0xff, 0xff, 0xff,
    0xff, 0xff, 0xff, 0xff, 0xff, 0xff, 0xff, 0xff, 0xff, 0xff, 0xff, 0xff, 0xff, 0xff, 0xff, 0xff,
    0xff, 0xff, 0xff, 0xff, 0xff, 0xff, 0xff, 0xff, 0xff, 0xff, 0xff, 0xff, 0xff, 0xff, 0xff, 0xff,
    0xff, 0xff, 0xff, 0xff, 0xff, 0xff, 0xff, 0xff, 0xff, 0xff, 0xff, 0xff, 0xff, 0xff, 0xff, 0xff,
    0xff, 0xff, 0xff, 0xff, 0xd5, 0xe7, 0xf8, 0xff, 0x58, 0xa0, 0xe3, 0xff, 0x41, 0x93, 0xdf, 0xff,
    0x41, 0x93, 0xdf, 0xff, 0x41, 0x93, 0xdf, 0xff, 0x41, 0x93, 0xdf, 0xff, 0xff, 0xff, 0xff, 0xff,
    0xff, 0xff, 0xff, 0xff, 0xff, 0xff, 0xff, 0xff, 0xff, 0xff, 0xff, 0xff, 0xff, 0xff, 0xff, 0xff,
    0x41, 0x93, 0xdf, 0xff, 0x41, 0x93, 0xdf, 0xff, 0x41, 0x93, 0xdf, 0xff, 0x41, 0x93, 0xdf, 0xff,
    0x41, 0x93, 0xdf, 0xff, 0x41, 0x93, 0xdf, 0xff, 0x41, 0x93, 0xdf, 0xff, 0x41, 0x93, 0xdf, 0xff,
    0x41, 0x93, 0xdf, 0xff, 0x41, 0x93, 0xdf, 0xff, 0x41, 0x93, 0xdf, 0xff, 0x41, 0x93, 0xdf, 0xff,
    0x41, 0x93, 0xdf, 0xff, 0x41, 0x93, 0xdf, 0xff, 0x41, 0x93, 0xdf, 0xff, 0x41, 0x93, 0xdf, 0xff,
    0x41, 0x93, 0xdf, 0xff, 0x41, 0x93, 0xdf, 0xff, 0x41, 0x93, 0xdf, 0xff, 0x41, 0x93, 0xdf, 0xff,
    0x41, 0x93, 0xdf, 0xff, 0x41, 0x93, 0xdf, 0xff, 0x41, 0x93, 0xdf, 0xff, 0x41, 0x93, 0xdf, 0xff,
    0xff, 0xff, 0xff, 0xff, 0xff, 0xff, 0xff, 0xff, 0xff, 0xff, 0xff, 0xff, 0xff, 0xff, 0xff, 0xff,
    0xff, 0xff, 0xff, 0xff, 0x41, 0x93, 0xdf, 0xff, 0x41, 0x93, 0xdf, 0xff, 0x41, 0x93, 0xdf, 0xff,
    0x41, 0x93, 0xdf, 0xff, 0xd5, 0xe7, 0xf8, 0xff, 0xff, 0xff, 0xff, 0xff, 0xff, 0xff, 0xff, 0xff,
    0xff, 0xff, 0xff, 0xff, 0xff, 0xff, 0xff, 0xff, 0xff, 0xff, 0xff, 0xff, 0xff, 0xff, 0xff, 0xff,
    0xff, 0xff, 0xff, 0xff, 0xff, 0xff, 0xff, 0xff, 0xff, 0xff, 0xff, 0xff, 0xff, 0xff, 0xff, 0xff,
    0xff, 0xff, 0xff, 0xff, 0xff, 0xff, 0xff, 0xff, 0xff, 0xff, 0xff, 0xff, 0xff, 0xff, 0xff, 0xff,
    0xff, 0xff, 0xff, 0xff, 0xff, 0xff, 0xff, 0xff, 0xff, 0xff, 0xff, 0xff, 0xff, 0xff, 0xff, 0xff,
    0xff, 0xff, 0xff, 0xff, 0xff, 0xff, 0xff, 0xff, 0xcf, 0xe4, 0xf7, 0xff, 0x41, 0x93, 0xdf, 0xff,
    0x41, 0x93, 0xdf, 0xff, 0x41, 0x93, 0xdf, 0xff, 0x41, 0x93, 0xdf, 0xff, 0xff, 0xff, 0xff, 0xff,
    0xff, 0xff, 0xff, 0xff, 0xff, 0xff, 0xff, 0xff, 0xff, 0xff, 0xff, 0xff, 0xff, 0xff, 0xff, 0xff,
    0x41, 0x93, 0xdf, 0xff, 0x41, 0x93, 0xdf, 0xff, 0x41, 0x93, 0xdf, 0xff, 0x41, 0x93, 0xdf, 0xff,
    0x41, 0x93, 0xdf, 0xff, 0x41, 0x93, 0xdf, 0xff, 0x41, 0x93, 0xdf, 0xff, 0x41, 0x93, 0xdf, 0xff,
    0x41, 0x93, 0xdf, 0xff, 0x41, 0x93, 0xdf, 0xff, 0x41, 0x93, 0xdf, 0xff, 0x41, 0x93, 0xdf, 0xff,
    0x41, 0x93, 0xdf, 0xff, 0x41, 0x93, 0xdf, 0xff, 0x41, 0x93, 0xdf, 0xff, 0x41, 0x93, 0xdf, 0xff,
    0x41, 0x93, 0xdf, 0xff, 0x41, 0x93, 0xdf, 0xff, 0x41, 0x93, 0xdf, 0xff, 0x41, 0x93, 0xdf, 0xff,
    0x41, 0x93, 0xdf, 0xff, 0x41, 0x93, 0xdf, 0xff, 0x41, 0x93, 0xdf, 0xff, 0x41, 0x93, 0xdf, 0xff,
    0xff, 0xff, 0xff, 0xff, 0xff, 0xff, 0xff, 0xff, 0xff, 0xff, 0xff, 0xff, 0xff, 0xff, 0xff, 0xff,
    0xff, 0xff, 0xff, 0xff, 0x41, 0x93, 0xdf, 0xff, 0x41, 0x93, 0xdf, 0xff, 0x41, 0x93, 0xdf, 0xff,
    0x41, 0x93, 0xdf, 0xff, 0xfc, 0xfd, 0xfe, 0xff, 0xff, 0xff, 0xff, 0xff, 0xff, 0xff, 0xff, 0xff,
    0xff, 0xff, 0xff, 0xff, 0xff, 0xff, 0xff, 0xff, 0xff, 0xff, 0xff, 0xff, 0xff, 0xff, 0xff, 0xff,
    0xff, 0xff, 0xff, 0xff, 0xff, 0xff, 0xff, 0xff, 0xff, 0xff, 0xff, 0xff, 0xff, 0xff, 0xff, 0xff,
    0xff, 0xff, 0xff, 0xff, 0xff, 0xff, 0xff, 0xff, 0xff, 0xff, 0xff, 0xff, 0xff, 0xff, 0xff, 0xff,
    0xff, 0xff, 0xff, 0xff, 0xff, 0xff, 0xff, 0xff, 0xff, 0xff, 0xff, 0xff, 0xff, 0xff, 0xff, 0xff,
    0xff, 0xff, 0xff, 0xff, 0xff, 0xff, 0xff, 0xff, 0xfc, 0xfd, 0xfe, 0xff, 0x41, 0x93, 0xdf, 0xff,
    0x41, 0x93, 0xdf, 0xff, 0x41, 0x93, 0xdf, 0xff, 0x41, 0x93, 0xdf, 0xff, 0xff, 0xff, 0xff, 0xff,
    0xff, 0xff, 0xff, 0xff, 0xff, 0xff, 0xff, 0xff, 0xff, 0xff, 0xff, 0xff, 0xff, 0xff, 0xff, 0xff,
    0x41, 0x93, 0xdf, 0xff, 0x41, 0x93, 0xdf, 0xff, 0x41, 0x93, 0xdf, 0xff, 0x41, 0x93, 0xdf, 0xff,
    0x41, 0x93, 0xdf, 0xff, 0x41, 0x93, 0xdf, 0xff, 0x41, 0x93, 0xdf, 0xff, 0x41, 0x93, 0xdf, 0xff,
    0x41, 0x93, 0xdf, 0xff, 0x41, 0x93, 0xdf, 0xff, 0x41, 0x93, 0xdf, 0xff, 0x41, 0x93, 0xdf, 0xff,
    0x41, 0x93, 0xdf, 0xff, 0x41, 0x93, 0xdf, 0xff, 0x41, 0x93, 0xdf, 0xff, 0x41, 0x93, 0xdf, 0xff,
    0x41, 0x93, 0xdf, 0xff, 0x41, 0x93, 0xdf, 0xff, 0x41, 0x93, 0xdf, 0xff, 0x41, 0x93, 0xdf, 0xff,
    0x41, 0x93, 0xdf, 0xff, 0x41, 0x93, 0xdf, 0xff, 0x41, 0x93, 0xdf, 0xff, 0x41, 0x93, 0xdf, 0xff,
    0xff, 0xff, 0xff, 0xff, 0xff, 0xff, 0xff, 0xff, 0xff, 0xff, 0xff, 0xff, 0xff, 0xff, 0xff, 0xff,
    0xff, 0xff, 0xff, 0xff, 0x41, 0x93, 0xdf, 0xff, 0x41, 0x93, 0xdf, 0xff, 0x41, 0x93, 0xdf, 0xff,
    0x41, 0x93, 0xdf, 0xff, 0xcf, 0xe4, 0xf7, 0xff, 0xff, 0xff, 0xff, 0xff, 0xff, 0xff, 0xff, 0xff,
    0xff, 0xff, 0xff, 0xff, 0xff, 0xff, 0xff, 0xff, 0xff, 0xff, 0xff, 0xff, 0xff, 0xff, 0xff, 0xff,
    0xff, 0xff, 0xff, 0xff, 0xff, 0xff, 0xff, 0xff, 0xff, 0xff, 0xff, 0xff, 0xff, 0xff, 0xff, 0xff,
    0xff, 0xff, 0xff, 0xff, 0xff, 0xff, 0xff, 0xff, 0xff, 0xff, 0xff, 0xff, 0xff, 0xff, 0xff, 0xff,
    0xff, 0xff, 0xff, 0xff, 0xff, 0xff, 0xff, 0xff, 0xff, 0xff, 0xff, 0xff, 0xff, 0xff, 0xff, 0xff,
    0xff, 0xff, 0xff, 0xff, 0xff, 0xff, 0xff, 0xff, 0xd5, 0xe7, 0xf8, 0xff, 0x41, 0x93, 0xdf, 0xff,
    0x41, 0x93, 0xdf, 0xff, 0x41, 0x93, 0xdf, 0xff, 0x41, 0x93, 0xdf, 0xff, 0xff, 0xff, 0xff, 0xff,
    0xff, 0xff, 0xff, 0xff, 0xff, 0xff, 0xff, 0xff, 0xff, 0xff, 0xff, 0xff, 0xff, 0xff, 0xff, 0xff,
    0x41, 0x93, 0xdf, 0xff, 0x41, 0x93, 0xdf, 0xff, 0x41, 0x93, 0xdf, 0xff, 0x41, 0x93, 0xdf, 0xff,
    0x41, 0x93, 0xdf, 0xff, 0x41, 0x93, 0xdf, 0xff, 0x41, 0x93, 0xdf, 0xff, 0x41, 0x93, 0xdf, 0xff,
    0x41, 0x93, 0xdf, 0xff, 0x41, 0x93, 0xdf, 0xff, 0x41, 0x93, 0xdf, 0xff, 0x41, 0x93, 0xdf, 0xff,
    0x41, 0x93, 0xdf, 0xff, 0x41, 0x93, 0xdf, 0xff, 0x41, 0x93, 0xdf, 0xff, 0x41, 0x93, 0xdf, 0xff,
    0x41, 0x93, 0xdf, 0xff, 0x41, 0x93, 0xdf, 0xff, 0x41, 0x93, 0xdf, 0xff, 0x41, 0x93, 0xdf, 0xff,
    0x41, 0x93, 0xdf, 0xff, 0x41, 0x93, 0xdf, 0xff, 0x41, 0x93, 0xdf, 0xff, 0x41, 0x93, 0xdf, 0xff,
    0xff, 0xff, 0xff, 0xff, 0xff, 0xff, 0xff, 0xff, 0xff, 0xff, 0xff, 0xff, 0xff, 0xff, 0xff, 0xff,
    0xff, 0xff, 0xff, 0xff, 0x41, 0x93, 0xdf, 0xff, 0x41, 0x93, 0xdf, 0xff, 0x41, 0x93, 0xdf, 0xff,
    0x41, 0x93, 0xdf, 0xff, 0x58, 0xa0, 0xe3, 0xff, 0xd5, 0xe7, 0xf8, 0xff, 0xff, 0xff, 0xff, 0xff,
    0xff, 0xff, 0xff, 0xff, 0xff, 0xff, 0xff, 0xff, 0xff, 0xff, 0xff, 0xff, 0xff, 0xff, 0xff, 0xff,
    0xff, 0xff, 0xff, 0xff, 0xff, 0xff, 0xff, 0xff, 0xff, 0xff, 0xff, 0xff, 0xff, 0xff, 0xff, 0xff,
    0xff, 0xff, 0xff, 0xff, 0xff, 0xff, 0xff, 0xff, 0xff, 0xff, 0xff, 0xff, 0xff, 0xff, 0xff, 0xff,
    0xff, 0xff, 0xff, 0xff, 0xff, 0xff, 0xff, 0xff, 0xff, 0xff, 0xff, 0xff, 0xff, 0xff, 0xff, 0xff,
    0xfc, 0xfd, 0xfe, 0xff, 0xcf, 0xe4, 0xf7, 0xff, 0x58, 0xa0, 0xe3, 0xff, 0x41, 0x93, 0xdf, 0xff,
    0x41, 0x93, 0xdf, 0xff, 0x41, 0x93, 0xdf, 0xff, 0x41, 0x93, 0xdf, 0xff, 0xff, 0xff, 0xff, 0xff,
    0xff, 0xff, 0xff, 0xff, 0xff, 0xff, 0xff, 0xff, 0xff, 0xff, 0xff, 0xff, 0xff, 0xff, 0xff, 0xff,
    0x41, 0x93, 0xdf, 0xff, 0x41, 0x93, 0xdf, 0xff, 0x41, 0x93, 0xdf, 0xff, 0x41, 0x93, 0xdf, 0xff,
    0x41, 0x93, 0xdf, 0xff, 0x41, 0x93, 0xdf, 0xff, 0x41, 0x93, 0xdf, 0xff, 0x41, 0x93, 0xdf, 0xff,
    0x41, 0x93, 0xdf, 0xff, 0x41, 0x93, 0xdf, 0xff, 0x41, 0x93, 0xdf, 0xff, 0x41, 0x93, 0xdf, 0xff,
    0x41, 0x93, 0xdf, 0xff, 0x41, 0x93, 0xdf, 0xff, 0x41, 0x93, 0xdf, 0xff, 0x41, 0x93, 0xdf, 0xff,
    0x41, 0x93, 0xdf, 0xff, 0x41, 0x93, 0xdf, 0xff, 0x41, 0x93, 0xdf, 0xff, 0x41, 0x93, 0xdf, 0xff,
    0x41, 0x93, 0xdf, 0xff, 0x41, 0x93, 0xdf, 0xff, 0x41, 0x93, 0xdf, 0xff, 0x41, 0x93, 0xdf, 0xff,
    0xff, 0xff, 0xff, 0xff, 0xff, 0xff, 0xff, 0xff, 0xff, 0xff, 0xff, 0xff, 0xff, 0xff, 0xff, 0xff,
    0xff, 0xff, 0xff, 0xff, 0x41, 0x93, 0xdf, 0xff, 0x41, 0x93, 0xdf, 0xff, 0x41, 0x93, 0xdf, 0xff,
    0x41, 0x93, 0xdf, 0xff, 0x41, 0x93, 0xdf, 0xff, 0x41, 0x93, 0xdf, 0xff, 0x41, 0x93, 0xdf, 0xff,
    0x41, 0x93, 0xdf, 0xff, 0x41, 0x93, 0xdf, 0xff, 0x41, 0x93, 0xdf, 0xff, 0x41, 0x93, 0xdf, 0xff,
    0x41, 0x93, 0xdf, 0xff, 0x41, 0x93, 0xdf, 0xff, 0x41, 0x93, 0xdf, 0xff, 0x41, 0x93, 0xdf, 0xff,
    0x41, 0x93, 0xdf, 0xff, 0x41, 0x93, 0xdf, 0xff, 0x41, 0x93, 0xdf, 0xff, 0x41, 0x93, 0xdf, 0xff,
    0x41, 0x93, 0xdf, 0xff, 0x41, 0x93, 0xdf, 0xff, 0x41, 0x93, 0xdf, 0xff, 0x41, 0x93, 0xdf, 0xff,
    0x41, 0x93, 0xdf, 0xff, 0x41, 0x93, 0xdf, 0xff, 0x41, 0x93, 0xdf, 0xff, 0x41, 0x93, 0xdf, 0xff,
    0x41, 0x93, 0xdf, 0xff, 0x41, 0x93, 0xdf, 0xff, 0x41, 0x93, 0xdf, 0xff, 0xff, 0xff, 0xff, 0xff,
    0xff, 0xff, 0xff, 0xff, 0xff, 0xff, 0xff, 0xff, 0xff, 0xff, 0xff, 0xff, 0xff, 0xff, 0xff, 0xff,
    0x41, 0x93, 0xdf, 0xff, 0x41, 0x93, 0xdf, 0xff, 0x41, 0x93, 0xdf, 0xff, 0x41, 0x93, 0xdf, 0xff,
    0x41, 0x93, 0xdf, 0xff, 0x41, 0x93, 0xdf, 0xff, 0x41, 0x93, 0xdf, 0xff, 0x41, 0x93, 0xdf, 0xff,
    0x41, 0x93, 0xdf, 0xff, 0x41, 0x93, 0xdf, 0xff, 0x41, 0x93, 0xdf, 0xff, 0x41, 0x93, 0xdf, 0xff,
    0x41, 0x93, 0xdf, 0xff, 0x41, 0x93, 0xdf, 0xff, 0x41, 0x93, 0xdf, 0xff, 0x41, 0x93, 0xdf, 0xff,
    0x41, 0x93, 0xdf, 0xff, 0x41, 0x93, 0xdf, 0xff, 0x41, 0x93, 0xdf, 0xff, 0x41, 0x93, 0xdf, 0xff,
    0x41, 0x93, 0xdf, 0xff, 0x41, 0x93, 0xdf, 0xff, 0x41, 0x93, 0xdf, 0xff, 0x41, 0x93, 0xdf, 0xff,
    0xff, 0xff, 0xff, 0xff, 0xff, 0xff, 0xff, 0xff, 0xff, 0xff, 0xff, 0xff, 0xff, 0xff, 0xff, 0xff,
    0xff, 0xff, 0xff, 0xff, 0x41, 0x93, 0xdf, 0xff, 0x41, 0x93, 0xdf, 0xff, 0x41, 0x93, 0xdf, 0xff,
    0x41, 0x93, 0xdf, 0xff, 0x41, 0x93, 0xdf, 0xff, 0x41, 0x93, 0xdf, 0xff, 0x41, 0x93, 0xdf, 0xff,
    0x41, 0x93, 0xdf, 0xff, 0x41, 0x93, 0xdf, 0xff, 0x41, 0x93, 0xdf, 0xff, 0x41, 0x93, 0xdf, 0xff,
    0x41, 0x93, 0xdf, 0xff, 0x41, 0x93, 0xdf, 0xff, 0x41, 0x93, 0xdf, 0xff, 0x41, 0x93, 0xdf, 0xff,
    0x41, 0x93, 0xdf, 0xff, 0x41, 0x93, 0xdf, 0xff, 0x41, 0x93, 0xdf, 0xff, 0x41, 0x93, 0xdf, 0xff,
    0x41, 0x93, 0xdf, 0xff, 0x41, 0x93, 0xdf, 0xff, 0x41, 0x93, 0xdf, 0xff, 0x41, 0x93, 0xdf, 0xff,
    0x41, 0x93, 0xdf, 0xff, 0x41, 0x93, 0xdf, 0xff, 0x41, 0x93, 0xdf, 0xff, 0x41, 0x93, 0xdf, 0xff,
    0x41, 0x93, 0xdf, 0xff, 0x41, 0x93, 0xdf, 0xff, 0x41, 0x93, 0xdf, 0xff, 0xff, 0xff, 0xff, 0xff,
    0xff, 0xff, 0xff, 0xff, 0xff, 0xff, 0xff, 0xff, 0xff, 0xff, 0xff, 0xff, 0xff, 0xff, 0xff, 0xff,
    0x41, 0x93, 0xdf, 0xff, 0x41, 0x93, 0xdf, 0xff, 0x41, 0x93, 0xdf, 0xff, 0x41, 0x93, 0xdf, 0xff,
    0x41, 0x93, 0xdf, 0xff, 0x41, 0x93, 0xdf, 0xff, 0x41, 0x93, 0xdf, 0xff, 0x41, 0x93, 0xdf, 0xff,
    0x41, 0x93, 0xdf, 0xff, 0x41, 0x93, 0xdf, 0xff, 0x41, 0x93, 0xdf, 0xff, 0x41, 0x93, 0xdf, 0xff,
    0x41, 0x93, 0xdf, 0xff, 0x41, 0x93, 0xdf, 0xff, 0x41, 0x93, 0xdf, 0xff, 0x41, 0x93, 0xdf, 0xff,
    0x41, 0x93, 0xdf, 0xff, 0x41, 0x93, 0xdf, 0xff, 0x41, 0x93, 0xdf, 0xff, 0x41, 0x93, 0xdf, 0xff,
    0x41, 0x93, 0xdf, 0xff, 0x41, 0x93, 0xdf, 0xff, 0x41, 0x93, 0xdf, 0xff, 0x41, 0x93, 0xdf, 0xff,
    0xff, 0xff, 0xff, 0xff, 0xff, 0xff, 0xff, 0xff, 0xff, 0xff, 0xff, 0xff, 0xff, 0xff, 0xff, 0xff,
    0xff, 0xff, 0xff, 0xff, 0x41, 0x93, 0xdf, 0xff, 0x41, 0x93, 0xdf, 0xff, 0x41, 0x93, 0xdf, 0xff,
    0x41, 0x93, 0xdf, 0xff, 0x41, 0x93, 0xdf, 0xff, 0x41, 0x93, 0xdf, 0xff, 0x41, 0x93, 0xdf, 0xff,
    0x41, 0x93, 0xdf, 0xff, 0x41, 0x93, 0xdf, 0xff, 0x41, 0x93, 0xdf, 0xff, 0x41, 0x93, 0xdf, 0xff,
    0x41, 0x93, 0xdf, 0xff, 0x41, 0x93, 0xdf, 0xff, 0x41, 0x93, 0xdf, 0xff, 0x41, 0x93, 0xdf, 0xff,
    0x41, 0x93, 0xdf, 0xff, 0x41, 0x93, 0xdf, 0xff, 0x41, 0x93, 0xdf, 0xff, 0x41, 0x93, 0xdf, 0xff,
    0x41, 0x93, 0xdf, 0xff, 0x41, 0x93, 0xdf, 0xff, 0x41, 0x93, 0xdf, 0xff, 0x41, 0x93, 0xdf, 0xff,
    0x41, 0x93, 0xdf, 0xff, 0x41, 0x93, 0xdf, 0xff, 0x41, 0x93, 0xdf, 0xff, 0x41, 0x93, 0xdf, 0xff,
    0x41, 0x93, 0xdf, 0xff, 0x41, 0x93, 0xdf, 0xff, 0x41, 0x93, 0xdf, 0xff, 0xff, 0xff, 0xff, 0xff,
    0xff, 0xff, 0xff, 0xff, 0xff, 0xff, 0xff, 0xff, 0xff, 0xff, 0xff, 0xff, 0xff, 0xff, 0xff, 0xff,
    0x41, 0x93, 0xdf, 0xff, 0x41, 0x93, 0xdf, 0xff, 0x41, 0x93, 0xdf, 0xff, 0x41, 0x93, 0xdf, 0xff,
    0x41, 0x93, 0xdf, 0xff, 0x41, 0x93, 0xdf, 0xff, 0x41, 0x93, 0xdf, 0xff, 0x41, 0x93, 0xdf, 0xff,
    0x41, 0x93, 0xdf, 0xff, 0x41, 0x93, 0xdf, 0xff, 0x41, 0x93, 0xdf, 0xff, 0x41, 0x93, 0xdf, 0xff,
    0x41, 0x93, 0xdf, 0xff, 0x41, 0x93, 0xdf, 0xff, 0x41, 0x93, 0xdf, 0xff, 0x41, 0x93, 0xdf, 0xff,
    0x41, 0x93, 0xdf, 0xff, 0x41, 0x93, 0xdf, 0xff, 0x41, 0x93, 0xdf, 0xff, 0x41, 0x93, 0xdf, 0xff,
    0x41, 0x93, 0xdf, 0xff, 0x41, 0x93, 0xdf, 0xff, 0x41, 0x93, 0xdf, 0xff, 0x41, 0x93, 0xdf, 0xff,
    0xff, 0xff, 0xff, 0xff, 0xff, 0xff, 0xff, 0xff, 0xff, 0xff, 0xff, 0xff, 0xff, 0xff, 0xff, 0xff,
    0xff, 0xff, 0xff, 0xff, 0x41, 0x93, 0xdf, 0xff, 0x41, 0x93, 0xdf, 0xff, 0x41, 0x93, 0xdf, 0xff,
    0x41, 0x93, 0xdf, 0xff, 0x41, 0x93, 0xdf, 0xff, 0x41, 0x93, 0xdf, 0xff, 0x41, 0x93, 0xdf, 0xff,
    0x41, 0x93, 0xdf, 0xff, 0x41, 0x93, 0xdf, 0xff, 0x41, 0x93, 0xdf, 0xff, 0x41, 0x93, 0xdf, 0xff,
    0x41, 0x93, 0xdf, 0xff, 0x41, 0x93, 0xdf, 0xff, 0x41, 0x93, 0xdf, 0xff, 0x41, 0x93, 0xdf, 0xff,
    0x41, 0x93, 0xdf, 0xff, 0x41, 0x93, 0xdf, 0xff, 0x41, 0x93, 0xdf, 0xff, 0x41, 0x93, 0xdf, 0xff,
    0x41, 0x93, 0xdf, 0xff, 0x41, 0x93, 0xdf, 0xff, 0x41, 0x93, 0xdf, 0xff, 0x41, 0x93, 0xdf, 0xff,
    0x41, 0x93, 0xdf, 0xff, 0x41, 0x93, 0xdf, 0xff, 0x41, 0x93, 0xdf, 0xff, 0x41, 0x93, 0xdf, 0xff,
    0x41, 0x93, 0xdf, 0xff, 0x41, 0x93, 0xdf, 0xff, 0x41, 0x93, 0xdf, 0xff, 0xff, 0xff, 0xff, 0xff,
    0xff, 0xff, 0xff, 0xff, 0xff, 0xff, 0xff, 0xff, 0xff, 0xff, 0xff, 0xff, 0xff, 0xff, 0xff, 0xff,
    0x41, 0x93, 0xdf, 0xff, 0x41, 0x93, 0xdf, 0xff, 0x41, 0x93, 0xdf, 0xff, 0x41, 0x93, 0xdf, 0xff,
    0x41, 0x93, 0xdf, 0xff, 0x41, 0x93, 0xdf, 0xff, 0x41, 0x93, 0xdf, 0xff, 0x41, 0x93, 0xdf, 0xff,
    0x41, 0x93, 0xdf, 0xff, 0x41, 0x93, 0xdf, 0xff, 0x41, 0x93, 0xdf, 0xff, 0x41, 0x93, 0xdf, 0xff,
    0x41, 0x93, 0xdf, 0xff, 0x41, 0x93, 0xdf, 0xff, 0x41, 0x93, 0xdf, 0xff, 0x41, 0x93, 0xdf, 0xff,
    0x41, 0x93, 0xdf, 0xff, 0x41, 0x93, 0xdf, 0xff, 0x41, 0x93, 0xdf, 0xff, 0x41, 0x93, 0xdf, 0xff,
    0x41, 0x93, 0xdf, 0xff, 0x41, 0x93, 0xdf, 0xff, 0x41, 0x93, 0xdf, 0xff, 0x41, 0x93, 0xdf, 0xff,
    0xff, 0xff, 0xff, 0xff, 0xff, 0xff, 0xff, 0xff, 0xff, 0xff, 0xff, 0xff, 0xff, 0xff, 0xff, 0xff,
    0xff, 0xff, 0xff, 0xff, 0x41, 0x93, 0xdf, 0xff, 0x41, 0x93, 0xdf, 0xff, 0x41, 0x93, 0xdf, 0xff,
    0x41, 0x93, 0xdf, 0xff, 0x58, 0xa0, 0xe3, 0xff, 0xcf, 0xe4, 0xf7, 0xff, 0xfc, 0xfd, 0xfe, 0xff,
    0xff, 0xff, 0xff, 0xff, 0xff, 0xff, 0xff, 0xff, 0xff, 0xff, 0xff, 0xff, 0xff, 0xff, 0xff, 0xff,
    0xff, 0xff, 0xff, 0xff, 0xff, 0xff, 0xff, 0xff, 0xff, 0xff, 0xff, 0xff, 0xff, 0xff, 0xff, 0xff,
    0xff, 0xff, 0xff, 0xff, 0xff, 0xff, 0xff, 0xff, 0xff, 0xff, 0xff, 0xff, 0xff, 0xff, 0xff, 0xff,
    0xff, 0xff, 0xff, 0xff, 0xff, 0xff, 0xff, 0xff, 0xd5, 0xe7, 0xf8, 0xff, 0x58, 0xa0, 0xe3, 0xff,
    0x41, 0x93, 0xdf, 0xff, 0x41, 0x93, 0xdf, 0xff, 0x41, 0x93, 0xdf, 0xff, 0x41, 0x93, 0xdf, 0xff,
    0x41, 0x93, 0xdf, 0xff, 0x41, 0x93, 0xdf, 0xff, 0x41, 0x93, 0xdf, 0xff, 0xff, 0xff, 0xff, 0xff,
    0xff, 0xff, 0xff, 0xff, 0xff, 0xff, 0xff, 0xff, 0xff, 0xff, 0xff, 0xff, 0xff, 0xff, 0xff, 0xff,
    0x41, 0x93, 0xdf, 0xff, 0x41, 0x93, 0xdf, 0xff, 0x41, 0x93, 0xdf, 0xff, 0x41, 0x93, 0xdf, 0xff,
    0x41, 0x93, 0xdf, 0xff, 0x41, 0x93, 0xdf, 0xff, 0x41, 0x93, 0xdf, 0xff, 0x41, 0x93, 0xdf, 0xff,
    0x41, 0x93, 0xdf, 0xff, 0x41, 0x93, 0xdf, 0xff, 0x41, 0x93, 0xdf, 0xff, 0x41, 0x93, 0xdf, 0xff,
    0x41, 0x93, 0xdf, 0xff, 0x41, 0x93, 0xdf, 0xff, 0x41, 0x93, 0xdf, 0xff, 0x41, 0x93, 0xdf, 0xff,
    0x41, 0x93, 0xdf, 0xff, 0x41, 0x93, 0xdf, 0xff, 0x41, 0x93, 0xdf, 0xff, 0x41, 0x93, 0xdf, 0xff,
    0x41, 0x93, 0xdf, 0xff, 0x41, 0x93, 0xdf, 0xff, 0x41, 0x93, 0xdf, 0xff, 0x41, 0x93, 0xdf, 0xff,
    0xff, 0xff, 0xff, 0xff, 0xff, 0xff, 0xff, 0xff, 0xff, 0xff, 0xff, 0xff, 0xff, 0xff, 0xff, 0xff,
    0xff, 0xff, 0xff, 0xff, 0x41, 0x93, 0xdf, 0xff, 0x41, 0x93, 0xdf, 0xff, 0x41, 0x93, 0xdf, 0xff,
    0x41, 0x93, 0xdf, 0xff, 0xd5, 0xe7, 0xf8, 0xff, 0xff, 0xff, 0xff, 0xff, 0xff, 0xff, 0xff, 0xff,
    0xff, 0xff, 0xff, 0xff, 0xff, 0xff, 0xff, 0xff, 0xff, 0xff, 0xff, 0xff, 0xff, 0xff, 0xff, 0xff,
    0xff, 0xff, 0xff, 0xff, 0xff, 0xff, 0xff, 0xff, 0xff, 0xff, 0xff, 0xff, 0xff, 0xff, 0xff, 0xff,
    0xff, 0xff, 0xff, 0xff, 0xff, 0xff, 0xff, 0xff, 0xff, 0xff, 0xff, 0xff, 0xff, 0xff, 0xff, 0xff,
    0xff, 0xff, 0xff, 0xff, 0xff, 0xff, 0xff, 0xff, 0xff, 0xff, 0xff, 0xff, 0xcf, 0xe4, 0xf7, 0xff,
    0x41, 0x93, 0xdf, 0xff, 0x41, 0x93, 0xdf, 0xff, 0x41, 0x93, 0xdf, 0xff, 0x41, 0x93, 0xdf, 0xff,
    0x41, 0x93, 0xdf, 0xff, 0x41, 0x93, 0xdf, 0xff, 0x41, 0x93, 0xdf, 0xff, 0xff, 0xff, 0xff, 0xff,
    0xff, 0xff, 0xff, 0xff, 0xff, 0xff, 0xff, 0xff, 0xff, 0xff, 0xff, 0xff, 0xff, 0xff, 0xff, 0xff,
    0x41, 0x93, 0xdf, 0xff, 0x41, 0x93, 0xdf, 0xff, 0x41, 0x93, 0xdf, 0xff, 0x41, 0x93, 0xdf, 0xff,
    0x41, 0x93, 0xdf, 0xff, 0x41, 0x93, 0xdf, 0xff, 0x41, 0x93, 0xdf, 0xff, 0x41, 0x93, 0xdf, 0xff,
    0x41, 0x93, 0xdf, 0xff, 0x41, 0x93, 0xdf, 0xff, 0x41, 0x93, 0xdf, 0xff, 0x41, 0x93, 0xdf, 0xff,
    0x41, 0x93, 0xdf, 0xff, 0x41, 0x93, 0xdf, 0xff, 0x41, 0x93, 0xdf, 0xff, 0x41, 0x93, 0xdf, 0xff,
    0x41, 0x93, 0xdf, 0xff, 0x41, 0x93, 0xdf, 0xff, 0x41, 0x93, 0xdf, 0xff, 0x41, 0x93, 0xdf, 0xff,
    0x41, 0x93, 0xdf, 0xff, 0x41, 0x93, 0xdf, 0xff, 0x41, 0x93, 0xdf, 0xff, 0x41, 0x93, 0xdf, 0xff,
    0xff, 0xff, 0xff, 0xff, 0xff, 0xff, 0xff, 0xff, 0xff, 0xff, 0xff, 0xff, 0xff, 0xff, 0xff, 0xff,
    0xff, 0xff, 0xff, 0xff, 0x41, 0x93, 0xdf, 0xff, 0x41, 0x93, 0xdf, 0xff, 0x41, 0x93, 0xdf, 0xff,
    0x41, 0x93, 0xdf, 0xff, 0xfc, 0xfd, 0xfe, 0xff, 0xff, 0xff, 0xff, 0xff, 0xff, 0xff, 0xff, 0xff,
    0xff, 0xff, 0xff, 0xff, 0xff, 0xff, 0xff, 0xff, 0xff, 0xff, 0xff, 0xff, 0xff, 0xff, 0xff, 0xff,
    0xff, 0xff, 0xff, 0xff, 0xff, 0xff, 0xff, 0xff, 0xff, 0xff, 0xff, 0xff, 0xff, 0xff, 0xff, 0xff,
    0xff, 0xff, 0xff, 0xff, 0xff, 0xff, 0xff, 0xff, 0xff, 0xff, 0xff, 0xff, 0xff, 0xff, 0xff, 0xff,
    0xff, 0xff, 0xff, 0xff, 0xff, 0xff, 0xff, 0xff, 0xff, 0xff, 0xff, 0xff, 0xfc, 0xfd, 0xfe, 0xff,
    0x41, 0x93, 0xdf, 0xff, 0x41, 0x93, 0xdf, 0xff, 0x41, 0x93, 0xdf, 0xff, 0x41, 0x93, 0xdf, 0xff,
    0x41, 0x93, 0xdf, 0xff, 0x41, 0x93, 0xdf, 0xff, 0x41, 0x93, 0xdf, 0xff, 0xff, 0xff, 0xff, 0xff,
    0xff, 0xff, 0xff, 0xff, 0xff, 0xff, 0xff, 0xff, 0xff, 0xff, 0xff, 0xff, 0xff, 0xff, 0xff, 0xff,
    0x41, 0x93, 0xdf, 0xff, 0x41, 0x93, 0xdf, 0xff, 0x41, 0x93, 0xdf, 0xff, 0x41, 0x93, 0xdf, 0xff,
    0x41, 0x93, 0xdf, 0xff, 0x41, 0x93, 0xdf, 0xff, 0x41, 0x93, 0xdf, 0xff, 0x41, 0x93, 0xdf, 0xff,
    0x41, 0x93, 0xdf, 0xff, 0x41, 0x93, 0xdf, 0xff, 0x41, 0x93, 0xdf, 0xff, 0x41, 0x93, 0xdf, 0xff,
    0x41, 0x93, 0xdf, 0xff, 0x41, 0x93, 0xdf, 0xff, 0x41, 0x93, 0xdf, 0xff, 0x41, 0x93, 0xdf, 0xff,
    0x41, 0x93, 0xdf, 0xff, 0x41, 0x93, 0xdf, 0xff, 0x41, 0x93, 0xdf, 0xff, 0x41, 0x93, 0xdf, 0xff,
    0x41, 0x93, 0xdf, 0xff, 0x41, 0x93, 0xdf, 0xff, 0x41, 0x93, 0xdf, 0xff, 0x41, 0x93, 0xdf, 0xff,
    0xff, 0xff, 0xff, 0xff, 0xff, 0xff, 0xff, 0xff, 0xff, 0xff, 0xff, 0xff, 0xff, 0xff, 0xff, 0xff,
    0xff, 0xff, 0xff, 0xff, 0x41, 0x93, 0xdf, 0xff, 0x41, 0x93, 0xdf, 0xff, 0x41, 0x93, 0xdf, 0xff,
    0x41, 0x93, 0xdf, 0xff, 0xcf, 0xe4, 0xf7, 0xff, 0xff, 0xff, 0xff, 0xff, 0xff, 0xff, 0xff, 0xff,
    0xff, 0xff, 0xff, 0xff, 0xff, 0xff, 0xff, 0xff, 0xff, 0xff, 0xff, 0xff, 0xff, 0xff, 0xff, 0xff,
    0xff, 0xff, 0xff, 0xff, 0xff, 0xff, 0xff, 0xff, 0xff, 0xff, 0xff, 0xff, 0xff, 0xff, 0xff, 0xff,
    0xff, 0xff, 0xff, 0xff, 0xff, 0xff, 0xff, 0xff, 0xff, 0xff, 0xff, 0xff, 0xff, 0xff, 0xff, 0xff,
    0xff, 0xff, 0xff, 0xff, 0xff, 0xff, 0xff, 0xff, 0xff, 0xff, 0xff, 0xff, 0xd5, 0xe7, 0xf8, 0xff,
    0x41, 0x93, 0xdf, 0xff, 0x41, 0x93, 0xdf, 0xff, 0x41, 0x93, 0xdf, 0xff, 0x41, 0x93, 0xdf, 0xff,
    0x41, 0x93, 0xdf, 0xff, 0x41, 0x93, 0xdf, 0xff, 0x41, 0x93, 0xdf, 0xff, 0xff, 0xff, 0xff, 0xff,
    0xff, 0xff, 0xff, 0xff, 0xff, 0xff, 0xff, 0xff, 0xff, 0xff, 0xff, 0xff, 0xff, 0xff, 0xff, 0xff,
    0x41, 0x93, 0xdf, 0xff, 0x41, 0x93, 0xdf, 0xff, 0x41, 0x93, 0xdf, 0xff, 0x41, 0x93, 0xdf, 0xff,
    0x41, 0x93, 0xdf, 0xff, 0x41, 0x93, 0xdf, 0xff, 0x41, 0x93, 0xdf, 0xff, 0x41, 0x93, 0xdf, 0xff,
    0x41, 0x93, 0xdf, 0xff, 0x41, 0x93, 0xdf, 0xff, 0x41, 0x93, 0xdf, 0xff, 0x41, 0x93, 0xdf, 0xff,
    0x41, 0x93, 0xdf, 0xff, 0x41, 0x93, 0xdf, 0xff, 0x41, 0x93, 0xdf, 0xff, 0x41, 0x93, 0xdf, 0xff,
    0x41, 0x93, 0xdf, 0xff, 0x41, 0x93, 0xdf, 0xff, 0x41, 0x93, 0xdf, 0xff, 0x41, 0x93, 0xdf, 0xff,
    0x41, 0x93, 0xdf, 0xff, 0x41, 0x93, 0xdf, 0xff, 0x41, 0x93, 0xdf, 0xff, 0x41, 0x93, 0xdf, 0xff,
    0xff, 0xff, 0xff, 0xff, 0xff, 0xff, 0xff, 0xff, 0xff, 0xff, 0xff, 0xff, 0xff, 0xff, 0xff, 0xff,
    0xff, 0xff, 0xff, 0xff, 0x41, 0x93, 0xdf, 0xff, 0x41, 0x93, 0xdf, 0xff, 0x41, 0x93, 0xdf, 0xff,
    0x41, 0x93, 0xdf, 0xff, 0x58, 0xa0, 0xe3, 0xff, 0xd5, 0xe7, 0xf8, 0xff, 0xff, 0xff, 0xff, 0xff,
    0xff, 0xff, 0xff, 0xff, 0xff, 0xff, 0xff, 0xff, 0xff, 0xff, 0xff, 0xff, 0xff, 0xff, 0xff, 0xff,
    0xff, 0xff, 0xff, 0xff, 0xff, 0xff, 0xff, 0xff, 0xff, 0xff, 0xff, 0xff, 0xff, 0xff, 0xff, 0xff,
    0xff, 0xff, 0xff, 0xff, 0xff, 0xff, 0xff, 0xff, 0xff, 0xff, 0xff, 0xff, 0xff, 0xff, 0xff, 0xff,
    0xff, 0xff, 0xff, 0xff, 0xfc, 0xfd, 0xfe, 0xff, 0xcf, 0xe4, 0xf7, 0xff, 0x58, 0xa0, 0xe3, 0xff,
    0x41, 0x93, 0xdf, 0xff, 0x41, 0x93, 0xdf, 0xff, 0x41, 0x93, 0xdf, 0xff, 0x41, 0x93, 0xdf, 0xff,
    0x41, 0x93, 0xdf, 0xff, 0x41, 0x93, 0xdf, 0xff, 0x41, 0x93, 0xdf, 0xff, 0xff, 0xff, 0xff, 0xff,
    0xff, 0xff, 0xff, 0xff, 0xff, 0xff, 0xff, 0xff, 0xff, 0xff, 0xff, 0xff, 0xff, 0xff, 0xff, 0xff,
    0x41, 0x93, 0xdf, 0xff, 0x41, 0x93, 0xdf, 0xff, 0x41, 0x93, 0xdf, 0xff, 0x41, 0x93, 0xdf, 0xff,
    0x41, 0x93, 0xdf, 0xff, 0x41, 0x93, 0xdf, 0xff, 0x41, 0x93, 0xdf, 0xff, 0x41, 0x93, 0xdf, 0xff,
    0x41, 0x93, 0xdf, 0xff, 0x41, 0x93, 0xdf, 0xff, 0x41, 0x93, 0xdf, 0xff, 0x41, 0x93, 0xdf, 0xff,
    0x41, 0x93, 0xdf, 0xff, 0x41, 0x93, 0xdf, 0xff, 0x41, 0x93, 0xdf, 0xff, 0x41, 0x93, 0xdf, 0xff,
    0x41, 0x93, 0xdf, 0xff, 0x41, 0x93, 0xdf, 0xff, 0x41, 0x93, 0xdf, 0xff, 0x41, 0x93, 0xdf, 0xff,
    0x41, 0x93, 0xdf, 0xff, 0x41, 0x93, 0xdf, 0xff, 0x41, 0x93, 0xdf, 0xff, 0x41, 0x93, 0xdf, 0xff,
    0xff, 0xff, 0xff, 0xff, 0xff, 0xff, 0xff, 0xff, 0xff, 0xff, 0xff, 0xff, 0xff, 0xff, 0xff, 0xff,
    0xff, 0xff, 0xff, 0xff, 0x41, 0x93, 0xdf, 0xff, 0x41, 0x93, 0xdf, 0xff, 0x41, 0x93, 0xdf, 0xff,
    0x41, 0x93, 0xdf, 0xff, 0x41, 0x93, 0xdf, 0xff, 0x41, 0x93, 0xdf, 0xff, 0x41, 0x93, 0xdf, 0xff,
    0x41, 0x93, 0xdf, 0xff, 0x41, 0x93, 0xdf, 0xff, 0x41, 0x93, 0xdf, 0xff, 0x41, 0x93, 0xdf, 0xff,
    0x41, 0x93, 0xdf, 0xff, 0x41, 0x93, 0xdf, 0xff, 0x41, 0x93, 0xdf, 0xff, 0x41, 0x93, 0xdf, 0xff,
    0x41, 0x93, 0xdf, 0xff, 0x41, 0x93, 0xdf, 0xff, 0x41, 0x93, 0xdf, 0xff, 0x41, 0x93, 0xdf, 0xff,
    0x41, 0x93, 0xdf, 0xff, 0x41, 0x93, 0xdf, 0xff, 0x41, 0x93, 0xdf, 0xff, 0x41, 0x93, 0xdf, 0xff,
    0x41, 0x93, 0xdf, 0xff, 0x41, 0x93, 0xdf, 0xff, 0x41, 0x93, 0xdf, 0xff, 0x41, 0x93, 0xdf, 0xff,
    0x41, 0x93, 0xdf, 0xff, 0x41, 0x93, 0xdf, 0xff, 0x41, 0x93, 0xdf, 0xff, 0xff, 0xff, 0xff, 0xff,
    0xff, 0xff, 0xff, 0xff, 0xff, 0xff, 0xff, 0xff, 0xff, 0xff, 0xff, 0xff, 0xff, 0xff, 0xff, 0xff,
    0x41, 0x93, 0xdf, 0xff, 0x41, 0x93, 0xdf, 0xff, 0x41, 0x93, 0xdf, 0xff, 0x41, 0x93, 0xdf, 0xff,
    0x41, 0x93, 0xdf, 0xff, 0x41, 0x93, 0xdf, 0xff, 0x41, 0x93, 0xdf, 0xff, 0x41, 0x93, 0xdf, 0xff,
    0x41, 0x93, 0xdf, 0xff, 0x41, 0x93, 0xdf, 0xff, 0x41, 0x93, 0xdf, 0xff, 0x41, 0x93, 0xdf, 0xff,
    0x41, 0x93, 0xdf, 0xff, 0x41, 0x93, 0xdf, 0xff, 0x41, 0x93, 0xdf, 0xff, 0x41, 0x93, 0xdf, 0xff,
    0x41, 0x93, 0xdf, 0xff, 0x41, 0x93, 0xdf, 0xff, 0x41, 0x93, 0xdf, 0xff, 0x41, 0x93, 0xdf, 0xff,
    0x41, 0x93, 0xdf, 0xff, 0x41, 0x93, 0xdf, 0xff, 0x41, 0x93, 0xdf, 0xff, 0x41, 0x93, 0xdf, 0xff,
    0xff, 0xff, 0xff, 0xff, 0xff, 0xff, 0xff, 0xff, 0xff, 0xff, 0xff, 0xff, 0xff, 0xff, 0xff, 0xff,
    0xff, 0xff, 0xff, 0xff, 0x41, 0x93, 0xdf, 0xff, 0x41, 0x93, 0xdf, 0xff, 0x41, 0x93, 0xdf, 0xff,
    0x41, 0x93, 0xdf, 0xff, 0x41, 0x93, 0xdf, 0xff, 0x41, 0x93, 0xdf, 0xff, 0x41, 0x93, 0xdf, 0xff,
    0x41, 0x93, 0xdf, 0xff, 0x41, 0x93, 0xdf, 0xff, 0x41, 0x93, 0xdf, 0xff, 0x41, 0x93, 0xdf, 0xff,
    0x41, 0x93, 0xdf, 0xff, 0x41, 0x93, 0xdf, 0xff, 0x41, 0x93, 0xdf, 0xff, 0x41, 0x93, 0xdf, 0xff,
    0x41, 0x93, 0xdf, 0xff, 0x41, 0x93, 0xdf, 0xff, 0x41, 0x93, 0xdf, 0xff, 0x41, 0x93, 0xdf, 0xff,
    0x41, 0x93, 0xdf, 0xff, 0x41, 0x93, 0xdf, 0xff, 0x41, 0x93, 0xdf, 0xff, 0x41, 0x93, 0xdf, 0xff,
    0x41, 0x93, 0xdf, 0xff, 0x41, 0x93, 0xdf, 0xff, 0x41, 0x93, 0xdf, 0xff, 0x41, 0x93, 0xdf, 0xff,
    0x41, 0x93, 0xdf, 0xff, 0x41, 0x93, 0xdf, 0xff, 0x41, 0x93, 0xdf, 0xff, 0xff, 0xff, 0xff, 0xff,
    0xff, 0xff, 0xff, 0xff, 0xff, 0xff, 0xff, 0xff, 0xff, 0xff, 0xff, 0xff, 0xff, 0xff, 0xff, 0xff,
    0x41, 0x93, 0xdf, 0xff, 0x41, 0x93, 0xdf, 0xff, 0x41, 0x93, 0xdf, 0xff, 0x41, 0x93, 0xdf, 0xff,
    0x41, 0x93, 0xdf, 0xff, 0x41, 0x93, 0xdf, 0xff, 0x41, 0x93, 0xdf, 0xff, 0x41, 0x93, 0xdf, 0xff,
    0x41, 0x93, 0xdf, 0xff, 0x41, 0x93, 0xdf, 0xff, 0x41, 0x93, 0xdf, 0xff, 0x41, 0x93, 0xdf, 0xff,
    0x41, 0x93, 0xdf, 0xff, 0x41, 0x93, 0xdf, 0xff, 0x41, 0x93, 0xdf, 0xff, 0x41, 0x93, 0xdf, 0xff,
    0x41, 0x93, 0xdf, 0xff, 0x41, 0x93, 0xdf, 0xff, 0x41, 0x93, 0xdf, 0xff, 0x41, 0x93, 0xdf, 0xff,
    0x41, 0x93, 0xdf, 0xff, 0x41, 0x93, 0xdf, 0xff, 0x41, 0x93, 0xdf, 0xff, 0x41, 0x93, 0xdf, 0xff,
    0xfc, 0xfd, 0xfe, 0xff, 0xff, 0xff, 0xff, 0xff, 0xff, 0xff, 0xff, 0xff, 0xff, 0xff, 0xff, 0xff,
    0xff, 0xff, 0xff, 0xff, 0x4d, 0x99, 0xe1, 0xff, 0x41, 0x93, 0xdf, 0xff, 0x41, 0x93, 0xdf, 0xff,
    0x41, 0x93, 0xdf, 0xff, 0x41, 0x93, 0xdf, 0xff, 0x41, 0x93, 0xdf, 0xff, 0x41, 0x93, 0xdf, 0xff,
    0x41, 0x93, 0xdf, 0xff, 0x41, 0x93, 0xdf, 0xff, 0x41, 0x93, 0xdf, 0xff, 0x41, 0x93, 0xdf, 0xff,
    0x41, 0x93, 0xdf, 0xff, 0x41, 0x93, 0xdf, 0xff, 0x41, 0x93, 0xdf, 0xff, 0x41, 0x93, 0xdf, 0xff,
    0x41, 0x93, 0xdf, 0xff, 0x41, 0x93, 0xdf, 0xff, 0x41, 0x93, 0xdf, 0xff, 0x41, 0x93, 0xdf, 0xff,
    0x41, 0x93, 0xdf, 0xff, 0x41, 0x93, 0xdf, 0xff, 0x41, 0x93, 0xdf, 0xff, 0x41, 0x93, 0xdf, 0xff,
    0x41, 0x93, 0xdf, 0xff, 0x41, 0x93, 0xdf, 0xff, 0x41, 0x93, 0xdf, 0xff, 0x41, 0x93, 0xdf, 0xff,
    0x41, 0x93, 0xdf, 0xff, 0x41, 0x93, 0xdf, 0xff, 0x4a, 0x98, 0xe0, 0xff, 0xff, 0xff, 0xff, 0xff,
    0xff, 0xff, 0xff, 0xff, 0xff, 0xff, 0xff, 0xff, 0xff, 0xff, 0xff, 0xff, 0xfc, 0xfd, 0xfe, 0xff,
    0x41, 0x93, 0xdf, 0xff, 0x41, 0x93, 0xdf, 0xff, 0x41, 0x93, 0xdf, 0xff, 0x41, 0x93, 0xdf, 0xff,
    0x41, 0x93, 0xdf, 0xff, 0x41, 0x93, 0xdf, 0xff, 0x41, 0x93, 0xdf, 0xff, 0x41, 0x93, 0xdf, 0xff,
    0x41, 0x93, 0xdf, 0xff, 0x41, 0x93, 0xdf, 0xff, 0x41, 0x93, 0xdf, 0xff, 0x41, 0x93, 0xdf, 0xff,
    0x41, 0x93, 0xdf, 0xff, 0x41, 0x93, 0xdf, 0xff, 0x41, 0x93, 0xdf, 0xff, 0x41, 0x93, 0xdf, 0xff,
    0x41, 0x93, 0xdf, 0xff, 0x41, 0x93, 0xdf, 0xff, 0x41, 0x93, 0xdf, 0xff, 0x41, 0x93, 0xdf, 0xff,
    0x41, 0x93, 0xdf, 0xff, 0x41, 0x93, 0xdf, 0xff, 0x41, 0x93, 0xdf, 0xff, 0x41, 0x93, 0xdf, 0xff,
    0xe4, 0xf0, 0xfa, 0xff, 0xff, 0xff, 0xff, 0xff, 0xff, 0xff, 0xff, 0xff, 0xff, 0xff, 0xff, 0xff,
    0xff, 0xff, 0xff, 0xff, 0x8b, 0xbd, 0xeb, 0xff, 0x41, 0x93, 0xdf, 0xff, 0x41, 0x93, 0xdf, 0xff,
    0x41, 0x93, 0xdf, 0xff, 0x41, 0x93, 0xdf, 0xff, 0x41, 0x93, 0xdf, 0xff, 0x41, 0x93, 0xdf, 0xff,
    0x41, 0x93, 0xdf, 0xff, 0x41, 0x93, 0xdf, 0xff, 0x41, 0x93, 0xdf, 0xff, 0x41, 0x93, 0xdf, 0xff,
    0x41, 0x93, 0xdf, 0xff, 0x41, 0x93, 0xdf, 0xff, 0x41, 0x93, 0xdf, 0xff, 0x41, 0x93, 0xdf, 0xff,
    0x41, 0x93, 0xdf, 0xff, 0x41, 0x93, 0xdf, 0xff, 0x41, 0x93, 0xdf, 0xff, 0x41, 0x93, 0xdf, 0xff,
    0x41, 0x93, 0xdf, 0xff, 0x41, 0x93, 0xdf, 0xff, 0x41, 0x93, 0xdf, 0xff, 0x41, 0x93, 0xdf, 0xff,
    0x41, 0x93, 0xdf, 0xff, 0x41, 0x93, 0xdf, 0xff, 0x41, 0x93, 0xdf, 0xff, 0x41, 0x93, 0xdf, 0xff,
    0x41, 0x93, 0xdf, 0xff, 0x41, 0x93, 0xdf, 0xff, 0x94, 0xc2, 0xed, 0xff, 0xff, 0xff, 0xff, 0xff,
    0xff, 0xff, 0xff, 0xff, 0xff, 0xff, 0xff, 0xff, 0xff, 0xff, 0xff, 0xff, 0xe4, 0xf0, 0xfa, 0xff,
    0x41, 0x93, 0xdf, 0xff, 0x41, 0x93, 0xdf, 0xff, 0x41, 0x93, 0xdf, 0xff, 0x41, 0x93, 0xdf, 0xff,
    0x41, 0x93, 0xdf, 0xff, 0x41, 0x93, 0xdf, 0xff, 0x41, 0x93, 0xdf, 0xff, 0x41, 0x93, 0xdf, 0xff,
    0x41, 0x93, 0xdf, 0xff, 0x41, 0x93, 0xdf, 0xff, 0x41, 0x93, 0xdf, 0xff, 0x41, 0x93, 0xdf, 0xff,
    0x41, 0x93, 0xdf, 0xff, 0x41, 0x93, 0xdf, 0xff, 0x41, 0x93, 0xdf, 0xff, 0x41, 0x93, 0xdf, 0xff,
    0x41, 0x93, 0xdf, 0xff, 0x41, 0x93, 0xdf, 0xff, 0x41, 0x93, 0xdf, 0xff, 0x41, 0x93, 0xdf, 0xff,
    0x41, 0x93, 0xdf, 0xff, 0x41, 0x93, 0xdf, 0xff, 0x41, 0x93, 0xdf, 0xff, 0x41, 0x93, 0xdf, 0xff,
    0xb1, 0xd3, 0xf2, 0xff, 0xff, 0xff, 0xff, 0xff, 0xff, 0xff, 0xff, 0xff, 0xff, 0xff, 0xff, 0xff,
    0xff, 0xff, 0xff, 0xff, 0xf9, 0xfb, 0xfe, 0xff, 0x94, 0xc2, 0xed, 0xff, 0x4a, 0x98, 0xe0, 0xff,
    0x41, 0x93, 0xdf, 0xff, 0x41, 0x93, 0xdf, 0xff, 0x41, 0x93, 0xdf, 0xff, 0x41, 0x93, 0xdf, 0xff,
    0x41, 0x93, 0xdf, 0xff, 0x41, 0x93, 0xdf, 0xff, 0x41, 0x93, 0xdf, 0xff, 0x41, 0x93, 0xdf, 0xff,
    0x41, 0x93, 0xdf, 0xff, 0x41, 0x93, 0xdf, 0xff, 0x41, 0x93, 0xdf, 0xff, 0x41, 0x93, 0xdf, 0xff,
    0x41, 0x93, 0xdf, 0xff, 0x41, 0x93, 0xdf, 0xff, 0x41, 0x93, 0xdf, 0xff, 0x41, 0x93, 0xdf, 0xff,
    0x41, 0x93, 0xdf, 0xff, 0x41, 0x93, 0xdf, 0xff, 0x41, 0x93, 0xdf, 0xff, 0x41, 0x93, 0xdf, 0xff,
    0x41, 0x93, 0xdf, 0xff, 0x41, 0x93, 0xdf, 0xff, 0x41, 0x93, 0xdf, 0xff, 0x41, 0x93, 0xdf, 0xff,
    0x4d, 0x99, 0xe1, 0xff, 0x8b, 0xbd, 0xeb, 0xff, 0xf9, 0xfb, 0xfe, 0xff, 0xff, 0xff, 0xff, 0xff,
    0xff, 0xff, 0xff, 0xff, 0xff, 0xff, 0xff, 0xff, 0xff, 0xff, 0xff, 0xff, 0xb4, 0xd4, 0xf2, 0xff,
    0x41, 0x93, 0xdf, 0xff, 0x41, 0x93, 0xdf, 0xff, 0x41, 0x93, 0xdf, 0xff, 0x41, 0x93, 0xdf, 0xff,
    0x41, 0x93, 0xdf, 0xff, 0x41, 0x93, 0xdf, 0xff, 0x41, 0x93, 0xdf, 0xff, 0x41, 0x93, 0xdf, 0xff,
    0x41, 0x93, 0xdf, 0xff, 0x41, 0x93, 0xdf, 0xff, 0x41, 0x93, 0xdf, 0xff, 0x41, 0x93, 0xdf, 0xff,
    0x41, 0x93, 0xdf, 0xff, 0x41, 0x93, 0xdf, 0xff, 0x41, 0x93, 0xdf, 0xff, 0x41, 0x93, 0xdf, 0xff,
    0x41, 0x93, 0xdf, 0xff, 0x41, 0x93, 0xdf, 0xff, 0x41, 0x93, 0xdf, 0xff, 0x41, 0x93, 0xdf, 0xff,
    0x41, 0x93, 0xdf, 0xff, 0x41, 0x93, 0xdf, 0xff, 0x41, 0x93, 0xdf, 0xff, 0x41, 0x93, 0xdf, 0xff,
    0x61, 0xa5, 0xe4, 0xff, 0xff, 0xff, 0xff, 0xff, 0xff, 0xff, 0xff, 0xff, 0xff, 0xff, 0xff, 0xff,
    0xff, 0xff, 0xff, 0xff, 0xff, 0xff, 0xff, 0xff, 0xff, 0xff, 0xff, 0xff, 0xff, 0xff, 0xff, 0xff,
    0xff, 0xff, 0xff, 0xff, 0xff, 0xff, 0xff, 0xff, 0xff, 0xff, 0xff, 0xff, 0xff, 0xff, 0xff, 0xff,
    0xff, 0xff, 0xff, 0xff, 0xff, 0xff, 0xff, 0xff, 0xff, 0xff, 0xff, 0xff, 0xff, 0xff, 0xff, 0xff,
    0xff, 0xff, 0xff, 0xff, 0xff, 0xff, 0xff, 0xff, 0xff, 0xff, 0xff, 0xff, 0xff, 0xff, 0xff, 0xff,
    0xff, 0xff, 0xff, 0xff, 0xff, 0xff, 0xff, 0xff, 0xff, 0xff, 0xff, 0xff, 0xff, 0xff, 0xff, 0xff,
    0xff, 0xff, 0xff, 0xff, 0xff, 0xff, 0xff, 0xff, 0xff, 0xff, 0xff, 0xff, 0xff, 0xff, 0xff, 0xff,
    0xff, 0xff, 0xff, 0xff, 0xff, 0xff, 0xff, 0xff, 0xff, 0xff, 0xff, 0xff, 0xff, 0xff, 0xff, 0xff,
    0xff, 0xff, 0xff, 0xff, 0xff, 0xff, 0xff, 0xff, 0xff, 0xff, 0xff, 0xff, 0xff, 0xff, 0xff, 0xff,
    0xff, 0xff, 0xff, 0xff, 0xff, 0xff, 0xff, 0xff, 0xff, 0xff, 0xff, 0xff, 0x64, 0xa7, 0xe5, 0xff,
    0x41, 0x93, 0xdf, 0xff, 0x41, 0x93, 0xdf, 0xff, 0x41, 0x93, 0xdf, 0xff, 0x41, 0x93, 0xdf, 0xff,
    0x41, 0x93, 0xdf, 0xff, 0x41, 0x93, 0xdf, 0xff, 0x41, 0x93, 0xdf, 0xff, 0x41, 0x93, 0xdf, 0xff,
    0x41, 0x93, 0xdf, 0xff, 0x41, 0x93, 0xdf, 0xff, 0x41, 0x93, 0xdf, 0xff, 0x41, 0x93, 0xdf, 0xff,
    0x41, 0x93, 0xdf, 0xff, 0x41, 0x93, 0xdf, 0xff, 0x41, 0x93, 0xdf, 0xff, 0x41, 0x93, 0xdf, 0xff,
    0x41, 0x93, 0xdf, 0xff, 0x41, 0x93, 0xdf, 0xff, 0x41, 0x93, 0xdf, 0xff, 0x41, 0x93, 0xdf, 0xff,
    0x41, 0x93, 0xdf, 0xff, 0x41, 0x93, 0xdf, 0xff, 0x41, 0x93, 0xdf, 0xff, 0x41, 0x93, 0xdf, 0xff,
    0x41, 0x93, 0xdf, 0xff, 0xb7, 0xd6, 0xf3, 0xff, 0xff, 0xff, 0xff, 0xff, 0xff, 0xff, 0xff, 0xff,
    0xff, 0xff, 0xff, 0xff, 0xff, 0xff, 0xff, 0xff, 0xff, 0xff, 0xff, 0xff, 0xff, 0xff, 0xff, 0xff,
    0xff, 0xff, 0xff, 0xff, 0xff, 0xff, 0xff, 0xff, 0xff, 0xff, 0xff, 0xff, 0xff, 0xff, 0xff, 0xff,
    0xff, 0xff, 0xff, 0xff, 0xff, 0xff, 0xff, 0xff, 0xff, 0xff, 0xff, 0xff, 0xff, 0xff, 0xff, 0xff,
    0xff, 0xff, 0xff, 0xff, 0xff, 0xff, 0xff, 0xff, 0xff, 0xff, 0xff, 0xff, 0xff, 0xff, 0xff, 0xff,
    0xff, 0xff, 0xff, 0xff, 0xff, 0xff, 0xff, 0xff, 0xff, 0xff, 0xff, 0xff, 0xff, 0xff, 0xff, 0xff,
    0xff, 0xff, 0xff, 0xff, 0xff, 0xff, 0xff, 0xff, 0xff, 0xff, 0xff, 0xff, 0xff, 0xff, 0xff, 0xff,
    0xff, 0xff, 0xff, 0xff, 0xff, 0xff, 0xff, 0xff, 0xff, 0xff, 0xff, 0xff, 0xff, 0xff, 0xff, 0xff,
    0xff, 0xff, 0xff, 0xff, 0xff, 0xff, 0xff, 0xff, 0xff, 0xff, 0xff, 0xff, 0xff, 0xff, 0xff, 0xff,
    0xff, 0xff, 0xff, 0xff, 0xff, 0xff, 0xff, 0xff, 0xb7, 0xd6, 0xf3, 0xff, 0x41, 0x93, 0xdf, 0xff,
    0x41, 0x93, 0xdf, 0xff, 0x41, 0x93, 0xdf, 0xff, 0x41, 0x93, 0xdf, 0xff, 0x41, 0x93, 0xdf, 0xff,
    0x41, 0x93, 0xdf, 0xff, 0x41, 0x93, 0xdf, 0xff, 0x41, 0x93, 0xdf, 0xff, 0x41, 0x93, 0xdf, 0xff,
    0x41, 0x93, 0xdf, 0xff, 0x41, 0x93, 0xdf, 0xff, 0x41, 0x93, 0xdf, 0xff, 0x41, 0x93, 0xdf, 0xff,
    0x41, 0x93, 0xdf, 0xff, 0x41, 0x93, 0xdf, 0xff, 0x41, 0x93, 0xdf, 0xff, 0x41, 0x93, 0xdf, 0xff,
    0x41, 0x93, 0xdf, 0xff, 0x41, 0x93, 0xdf, 0xff, 0x41, 0x93, 0xdf, 0xff, 0x41, 0x93, 0xdf, 0xff,
    0x41, 0x93, 0xdf, 0xff, 0x41, 0x93, 0xdf, 0xff, 0x41, 0x93, 0xdf, 0xff, 0x41, 0x93, 0xdf, 0xff,
    0x41, 0x93, 0xdf, 0xff, 0x47, 0x96, 0xe0, 0xff, 0xcc, 0xe2, 0xf6, 0xff, 0xff, 0xff, 0xff, 0xff,
    0xff, 0xff, 0xff, 0xff, 0xff, 0xff, 0xff, 0xff, 0xff, 0xff, 0xff, 0xff, 0xff, 0xff, 0xff, 0xff,
    0xff, 0xff, 0xff, 0xff, 0xff, 0xff, 0xff, 0xff, 0xff, 0xff, 0xff, 0xff, 0xff, 0xff, 0xff, 0xff,
    0xff, 0xff, 0xff, 0xff, 0xff, 0xff, 0xff, 0xff, 0xff, 0xff, 0xff, 0xff, 0xff, 0xff, 0xff, 0xff,
    0xff, 0xff, 0xff, 0xff, 0xff, 0xff, 0xff, 0xff, 0xff, 0xff, 0xff, 0xff, 0xff, 0xff, 0xff, 0xff,
    0xff, 0xff, 0xff, 0xff, 0xff, 0xff, 0xff, 0xff, 0xff, 0xff, 0xff, 0xff, 0xff, 0xff, 0xff, 0xff,
    0xff, 0xff, 0xff, 0xff, 0xff, 0xff, 0xff, 0xff, 0xff, 0xff, 0xff, 0xff, 0xff, 0xff, 0xff, 0xff,
    0xff, 0xff, 0xff, 0xff, 0xff, 0xff, 0xff, 0xff, 0xff, 0xff, 0xff, 0xff, 0xff, 0xff, 0xff, 0xff,
    0xff, 0xff, 0xff, 0xff, 0xff, 0xff, 0xff, 0xff, 0xff, 0xff, 0xff, 0xff, 0xff, 0xff, 0xff, 0xff,
    0xff, 0xff, 0xff, 0xff, 0xcc, 0xe2, 0xf6, 0xff, 0x47, 0x96, 0xe0, 0xff, 0x41, 0x93, 0xdf, 0xff,
    0x41, 0x93, 0xdf, 0xff, 0x41, 0x93, 0xdf, 0xff, 0x41, 0x93, 0xdf, 0xff, 0x41, 0x93, 0xdf, 0xff,
    0x41, 0x93, 0xdf, 0xff, 0x41, 0x93, 0xdf, 0xff, 0x41, 0x93, 0xdf, 0xff, 0x41, 0x93, 0xdf, 0xff,
    0x41, 0x93, 0xdf, 0xff, 0x41, 0x93, 0xdf, 0xff, 0x41, 0x93, 0xdf, 0xff, 0x41, 0x93, 0xdf, 0xff,
    0x41, 0x93, 0xdf, 0xff, 0x41, 0x93, 0xdf, 0xff, 0x41, 0x93, 0xdf, 0xff, 0x41, 0x93, 0xdf, 0xff,
    0x41, 0x93, 0xdf, 0xff, 0x41, 0x93, 0xdf, 0xff, 0x41, 0x93, 0xdf, 0xff, 0x41, 0x93, 0xdf, 0xff,
    0x41, 0x93, 0xdf, 0xff, 0x41, 0x93, 0xdf, 0xff, 0x41, 0x93, 0xdf, 0xff, 0x41, 0x93, 0xdf, 0xff,
    0x41, 0x93, 0xdf, 0xff, 0x41, 0x93, 0xdf, 0xff, 0x47, 0x96, 0xe0, 0xff, 0xb7, 0xd6, 0xf3, 0xff,
    0xff, 0xff, 0xff, 0xff, 0xff, 0xff, 0xff, 0xff, 0xff, 0xff, 0xff, 0xff, 0xff, 0xff, 0xff, 0xff,
    0xff, 0xff, 0xff, 0xff, 0xff, 0xff, 0xff, 0xff, 0xff, 0xff, 0xff, 0xff, 0xff, 0xff, 0xff, 0xff,
    0xff, 0xff, 0xff, 0xff, 0xff, 0xff, 0xff, 0xff, 0xff, 0xff, 0xff, 0xff, 0xff, 0xff, 0xff, 0xff,
    0xff, 0xff, 0xff, 0xff, 0xff, 0xff, 0xff, 0xff, 0xff, 0xff, 0xff, 0xff, 0xff, 0xff, 0xff, 0xff,
    0xff, 0xff, 0xff, 0xff, 0xff, 0xff, 0xff, 0xff, 0xff, 0xff, 0xff, 0xff, 0xff, 0xff, 0xff, 0xff,
    0xff, 0xff, 0xff, 0xff, 0xff, 0xff, 0xff, 0xff, 0xff, 0xff, 0xff, 0xff, 0xff, 0xff, 0xff, 0xff,
    0xff, 0xff, 0xff, 0xff, 0xff, 0xff, 0xff, 0xff, 0xff, 0xff, 0xff, 0xff, 0xff, 0xff, 0xff, 0xff,
    0xff, 0xff, 0xff, 0xff, 0xff, 0xff, 0xff, 0xff, 0xff, 0xff, 0xff, 0xff, 0xff, 0xff, 0xff, 0xff,
    0xb7, 0xd6, 0xf3, 0xff, 0x47, 0x96, 0xe0, 0xff, 0x41, 0x93, 0xdf, 0xff, 0x41, 0x93, 0xdf, 0xff,
    0x41, 0x93, 0xdf, 0xff, 0x41, 0x93, 0xdf, 0xff, 0x41, 0x93, 0xdf, 0xff, 0x41, 0x93, 0xdf, 0xff,
    0x41, 0x93, 0xdf, 0xff, 0x41, 0x93, 0xdf, 0xff, 0x41, 0x93, 0xdf, 0xff, 0x41, 0x93, 0xdf, 0xff,
    0x41, 0x93, 0xdf, 0xff, 0x41, 0x93, 0xdf, 0xff, 0x41, 0x93, 0xdf, 0xff, 0x41, 0x93, 0xdf, 0xff,
    0x41, 0x93, 0xdf, 0xff, 0x41, 0x93, 0xdf, 0xff, 0x41, 0x93, 0xdf, 0xff, 0x41, 0x93, 0xdf, 0xff,
    0x41, 0x93, 0xdf, 0xff, 0x41, 0x93, 0xdf, 0xff, 0x41, 0x93, 0xdf, 0xff, 0x41, 0x93, 0xdf, 0xff,
    0x41, 0x93, 0xdf, 0xff, 0x41, 0x93, 0xdf, 0xff, 0x41, 0x93, 0xdf, 0xff, 0x41, 0x93, 0xdf, 0xff,
    0x41, 0x93, 0xdf, 0xff, 0x41, 0x93, 0xdf, 0xff, 0x41, 0x93, 0xdf, 0xff, 0x41, 0x93, 0xdf, 0xff,
    0x64, 0xa7, 0xe5, 0xff, 0xb4, 0xd4, 0xf2, 0xff, 0xe4, 0xf0, 0xfa, 0xff, 0xfc, 0xfd, 0xfe, 0xff,
    0xff, 0xff, 0xff, 0xff, 0xff, 0xff, 0xff, 0xff, 0xff, 0xff, 0xff, 0xff, 0xff, 0xff, 0xff, 0xff,
    0xff, 0xff, 0xff, 0xff, 0xff, 0xff, 0xff, 0xff, 0xff, 0xff, 0xff, 0xff, 0xff, 0xff, 0xff, 0xff,
    0xff, 0xff, 0xff, 0xff, 0xff, 0xff, 0xff, 0xff, 0xff, 0xff, 0xff, 0xff, 0xff, 0xff, 0xff, 0xff,
    0xff, 0xff, 0xff, 0xff, 0xff, 0xff, 0xff, 0xff, 0xff, 0xff, 0xff, 0xff, 0xff, 0xff, 0xff, 0xff,
    0xff, 0xff, 0xff, 0xff, 0xff, 0xff, 0xff, 0xff, 0xff, 0xff, 0xff, 0xff, 0xff, 0xff, 0xff, 0xff,
    0xff, 0xff, 0xff, 0xff, 0xff, 0xff, 0xff, 0xff, 0xff, 0xff, 0xff, 0xff, 0xff, 0xff, 0xff, 0xff,
    0xfc, 0xfd, 0xfe, 0xff, 0xe4, 0xf0, 0xfa, 0xff, 0xb2, 0xd3, 0xf2, 0xff, 0x61, 0xa5, 0xe4, 0xff,
    0x41, 0x93, 0xdf, 0xff, 0x41, 0x93, 0xdf, 0xff, 0x41, 0x93, 0xdf, 0xff, 0x41, 0x93, 0xdf, 0xff,
    0x41, 0x93, 0xdf, 0xff, 0x41, 0x93, 0xdf, 0xff, 0x41, 0x93, 0xdf, 0xff, 0x41, 0x93, 0xdf, 0xff,
    0x41, 0x93, 0xdf, 0xff, 0x41, 0x93, 0xdf, 0xff, 0x41, 0x93, 0xdf, 0xff, 0x41, 0x93, 0xdf, 0xff,
    0x41, 0x93, 0xdf, 0xff, 0x41, 0x93, 0xdf, 0xff, 0x41, 0x93, 0xdf, 0xff, 0x41, 0x93, 0xdf, 0xff,
    0x41, 0x92, 0xde, 0xeb, 0x41, 0x93, 0xdf, 0xff, 0x41, 0x93, 0xdf, 0xff, 0x41, 0x93, 0xdf, 0xff,
    0x41, 0x93, 0xdf, 0xff, 0x41, 0x93, 0xdf, 0xff, 0x41, 0x93, 0xdf, 0xff, 0x41, 0x93, 0xdf, 0xff,
    0x41, 0x93, 0xdf, 0xff, 0x41, 0x93, 0xdf, 0xff, 0x41, 0x93, 0xdf, 0xff, 0x41, 0x93, 0xdf, 0xff,
    0x41, 0x93, 0xdf, 0xff, 0x41, 0x93, 0xdf, 0xff, 0x41, 0x93, 0xdf, 0xff, 0x41, 0x93, 0xdf, 0xff,
    0x41, 0x93, 0xdf, 0xff, 0x41, 0x93, 0xdf, 0xff, 0x41, 0x93, 0xdf, 0xff, 0x41, 0x93, 0xdf, 0xff,
    0x41, 0x93, 0xdf, 0xff, 0x41, 0x93, 0xdf, 0xff, 0x41, 0x93, 0xdf, 0xff, 0x41, 0x93, 0xdf, 0xff,
    0x41, 0x93, 0xdf, 0xff, 0x41, 0x93, 0xdf, 0xff, 0x41, 0x93, 0xdf, 0xff, 0x41, 0x93, 0xdf, 0xff,
    0x41, 0x93, 0xdf, 0xff, 0x41, 0x93, 0xdf, 0xff, 0x41, 0x93, 0xdf, 0xff, 0x41, 0x93, 0xdf, 0xff,
    0x41, 0x93, 0xdf, 0xff, 0x41, 0x93, 0xdf, 0xff, 0x41, 0x93, 0xdf, 0xff, 0x41, 0x93, 0xdf, 0xff,
    0x41, 0x93, 0xdf, 0xff, 0x41, 0x93, 0xdf, 0xff, 0x41, 0x93, 0xdf, 0xff, 0x41, 0x93, 0xdf, 0xff,
    0x41, 0x93, 0xdf, 0xff, 0x41, 0x93, 0xdf, 0xff, 0x41, 0x93, 0xdf, 0xff, 0x41, 0x93, 0xdf, 0xff,
    0x41, 0x93, 0xdf, 0xff, 0x41, 0x93, 0xdf, 0xff, 0x41, 0x93, 0xdf, 0xff, 0x41, 0x93, 0xdf, 0xff,
    0x41, 0x93, 0xdf, 0xff, 0x41, 0x93, 0xdf, 0xff, 0x41, 0x93, 0xdf, 0xff, 0x41, 0x93, 0xdf, 0xff,
    0x41, 0x93, 0xdf, 0xff, 0x41, 0x93, 0xdf, 0xff, 0x41, 0x93, 0xdf, 0xff, 0x41, 0x93, 0xdf, 0xff,
    0x41, 0x93, 0xdf, 0xff, 0x41, 0x93, 0xdf, 0xff, 0x41, 0x93, 0xdf, 0xff, 0x41, 0x93, 0xdf, 0xff,
    0x41, 0x93, 0xdf, 0xff, 0x41, 0x93, 0xdf, 0xff, 0x41, 0x93, 0xdf, 0xff, 0x41, 0x92, 0xde, 0xeb,
    0x41, 0x93, 0xdf, 0xcf, 0x41, 0x93, 0xdf, 0xff, 0x41, 0x93, 0xdf, 0xff, 0x41, 0x93, 0xdf, 0xff,
    0x41, 0x93, 0xdf, 0xff, 0x41, 0x93, 0xdf, 0xff, 0x41, 0x93, 0xdf, 0xff, 0x41, 0x93, 0xdf, 0xff,
    0x41, 0x93, 0xdf, 0xff, 0x41, 0x93, 0xdf, 0xff, 0x41, 0x93, 0xdf, 0xff, 0x41, 0x93, 0xdf, 0xff,
    0x41, 0x93, 0xdf, 0xff, 0x41, 0x93, 0xdf, 0xff, 0x41, 0x93, 0xdf, 0xff, 0x41, 0x93, 0xdf, 0xff,
    0x41, 0x93, 0xdf, 0xff, 0x41, 0x93, 0xdf, 0xff, 0x41, 0x93, 0xdf, 0xff, 0x41, 0x93, 0xdf, 0xff,
    0x41, 0x93, 0xdf, 0xff, 0x41, 0x93, 0xdf, 0xff, 0x41, 0x93, 0xdf, 0xff, 0x41, 0x93, 0xdf, 0xff,
    0x41, 0x93, 0xdf, 0xff, 0x41, 0x93, 0xdf, 0xff, 0x41, 0x93, 0xdf, 0xff, 0x41, 0x93, 0xdf, 0xff,
    0x41, 0x93, 0xdf, 0xff, 0x41, 0x93, 0xdf, 0xff, 0x41, 0x93, 0xdf, 0xff, 0x41, 0x93, 0xdf, 0xff,
    0x41, 0x93, 0xdf, 0xff, 0x41, 0x93, 0xdf, 0xff, 0x41, 0x93, 0xdf, 0xff, 0x41, 0x93, 0xdf, 0xff,
    0x41, 0x93, 0xdf, 0xff, 0x41, 0x93, 0xdf, 0xff, 0x41, 0x93, 0xdf, 0xff, 0x41, 0x93, 0xdf, 0xff,
    0x41, 0x93, 0xdf, 0xff, 0x41, 0x93, 0xdf, 0xff, 0x41, 0x93, 0xdf, 0xff, 0x41, 0x93, 0xdf, 0xff,
    0x41, 0x93, 0xdf, 0xff, 0x41, 0x93, 0xdf, 0xff, 0x41, 0x93, 0xdf, 0xff, 0x41, 0x93, 0xdf, 0xff,
    0x41, 0x93, 0xdf, 0xff, 0x41, 0x93, 0xdf, 0xff, 0x41, 0x93, 0xdf, 0xff, 0x41, 0x93, 0xdf, 0xff,
    0x41, 0x93, 0xdf, 0xff, 0x41, 0x93, 0xdf, 0xff, 0x41, 0x93, 0xdf, 0xff, 0x41, 0x93, 0xdf, 0xff,
    0x41, 0x93, 0xdf, 0xff, 0x41, 0x93, 0xdf, 0xff, 0x41, 0x93, 0xdf, 0xff, 0x41, 0x93, 0xdf, 0xff,
    0x41, 0x93, 0xdf, 0xff, 0x41, 0x93, 0xdf, 0xff, 0x41, 0x93, 0xdf, 0xff, 0x41, 0x93, 0xe0, 0xcb,
    0x40, 0x92, 0xdf, 0x9f, 0x41, 0x93, 0xdf, 0xff, 0x41, 0x93, 0xdf, 0xff, 0x41, 0x93, 0xdf, 0xff,
    0x41, 0x93, 0xdf, 0xff, 0x41, 0x93, 0xdf, 0xff, 0x41, 0x93, 0xdf, 0xff, 0x41, 0x93, 0xdf, 0xff,
    0x41, 0x93, 0xdf, 0xff, 0x41, 0x93, 0xdf, 0xff, 0x41, 0x93, 0xdf, 0xff, 0x41, 0x93, 0xdf, 0xff,
    0x41, 0x93, 0xdf, 0xff, 0x41, 0x93, 0xdf, 0xff, 0x41, 0x93, 0xdf, 0xff, 0x41, 0x93, 0xdf, 0xff,
    0x41, 0x93, 0xdf, 0xff, 0x41, 0x93, 0xdf, 0xff, 0x41, 0x93, 0xdf, 0xff, 0x41, 0x93, 0xdf, 0xff,
    0x41, 0x93, 0xdf, 0xff, 0x41, 0x93, 0xdf, 0xff, 0x41, 0x93, 0xdf, 0xff, 0x41, 0x93, 0xdf, 0xff,
    0x41, 0x93, 0xdf, 0xff, 0x41, 0x93, 0xdf, 0xff, 0x41, 0x93, 0xdf, 0xff, 0x41, 0x93, 0xdf, 0xff,
    0x41, 0x93, 0xdf, 0xff, 0x41, 0x93, 0xdf, 0xff, 0x41, 0x93, 0xdf, 0xff, 0x41, 0x93, 0xdf, 0xff,
    0x41, 0x93, 0xdf, 0xff, 0x41, 0x93, 0xdf, 0xff, 0x41, 0x93, 0xdf, 0xff, 0x41, 0x93, 0xdf, 0xff,
    0x41, 0x93, 0xdf, 0xff, 0x41, 0x93, 0xdf, 0xff, 0x41, 0x93, 0xdf, 0xff, 0x41, 0x93, 0xdf, 0xff,
    0x41, 0x93, 0xdf, 0xff, 0x41, 0x93, 0xdf, 0xff, 0x41, 0x93, 0xdf, 0xff, 0x41, 0x93, 0xdf, 0xff,
    0x41, 0x93, 0xdf, 0xff, 0x41, 0x93, 0xdf, 0xff, 0x41, 0x93, 0xdf, 0xff, 0x41, 0x93, 0xdf, 0xff,
    0x41, 0x93, 0xdf, 0xff, 0x41, 0x93, 0xdf, 0xff, 0x41, 0x93, 0xdf, 0xff, 0x41, 0x93, 0xdf, 0xff,
    0x41, 0x93, 0xdf, 0xff, 0x41, 0x93, 0xdf, 0xff, 0x41, 0x93, 0xdf, 0xff, 0x41, 0x93, 0xdf, 0xff,
    0x41, 0x93, 0xdf, 0xff, 0x41, 0x93, 0xdf, 0xff, 0x41, 0x93, 0xdf, 0xff, 0x41, 0x93, 0xdf, 0xff,
    0x41, 0x93, 0xdf, 0xff, 0x41, 0x93, 0xdf, 0xff, 0x41, 0x93, 0xdf, 0xff, 0x40, 0x92, 0xe0, 0x9b,
    0x40, 0x95, 0xe0, 0x5b, 0x41, 0x93, 0xdf, 0xff, 0x41, 0x93, 0xdf, 0xff, 0x41, 0x93, 0xdf, 0xff,
    0x41, 0x93, 0xdf, 0xff, 0x41, 0x93, 0xdf, 0xff, 0x41, 0x93, 0xdf, 0xff, 0x41, 0x93, 0xdf, 0xff,
    0x41, 0x93, 0xdf, 0xff, 0x41, 0x93, 0xdf, 0xff, 0x41, 0x93, 0xdf, 0xff, 0x41, 0x93, 0xdf, 0xff,
    0x41, 0x93, 0xdf, 0xff, 0x41, 0x93, 0xdf, 0xff, 0x41, 0x93, 0xdf, 0xff, 0x41, 0x93, 0xdf, 0xff,
    0x41, 0x93, 0xdf, 0xff, 0x41, 0x93, 0xdf, 0xff, 0x41, 0x93, 0xdf, 0xff, 0x41, 0x93, 0xdf, 0xff,
    0x41, 0x93, 0xdf, 0xff, 0x41, 0x93, 0xdf, 0xff, 0x41, 0x93, 0xdf, 0xff, 0x41, 0x93, 0xdf, 0xff,
    0x41, 0x93, 0xdf, 0xff, 0x41, 0x93, 0xdf, 0xff, 0x41, 0x93, 0xdf, 0xff, 0x41, 0x93, 0xdf, 0xff,
    0x41, 0x93, 0xdf, 0xff, 0x41, 0x93, 0xdf, 0xff, 0x41, 0x93, 0xdf, 0xff, 0x41, 0x93, 0xdf, 0xff,
    0x41, 0x93, 0xdf, 0xff, 0x41, 0x93, 0xdf, 0xff, 0x41, 0x93, 0xdf, 0xff, 0x41, 0x93, 0xdf, 0xff,
    0x41, 0x93, 0xdf, 0xff, 0x41, 0x93, 0xdf, 0xff, 0x41, 0x93, 0xdf, 0xff, 0x41, 0x93, 0xdf, 0xff,
    0x41, 0x93, 0xdf, 0xff, 0x41, 0x93, 0xdf, 0xff, 0x41, 0x93, 0xdf, 0xff, 0x41, 0x93, 0xdf, 0xff,
    0x41, 0x93, 0xdf, 0xff, 0x41, 0x93, 0xdf, 0xff, 0x41, 0x93, 0xdf, 0xff, 0x41, 0x93, 0xdf, 0xff,
    0x41, 0x93, 0xdf, 0xff, 0x41, 0x93, 0xdf, 0xff, 0x41, 0x93, 0xdf, 0xff, 0x41, 0x93, 0xdf, 0xff,
    0x41, 0x93, 0xdf, 0xff, 0x41, 0x93, 0xdf, 0xff, 0x41, 0x93, 0xdf, 0xff, 0x41, 0x93, 0xdf, 0xff,
    0x41, 0x93, 0xdf, 0xff, 0x41, 0x93, 0xdf, 0xff, 0x41, 0x93, 0xdf, 0xff, 0x41, 0x93, 0xdf, 0xff,
    0x41, 0x93, 0xdf, 0xff, 0x41, 0x93, 0xdf, 0xff, 0x41, 0x93, 0xdf, 0xff, 0x40, 0x92, 0xe0, 0x5b,
    0x40, 0x8f, 0xdf, 0x10, 0x41, 0x93, 0xdf, 0xf7, 0x41, 0x93, 0xdf, 0xff, 0x41, 0x93, 0xdf, 0xff,
    0x41, 0x93, 0xdf, 0xff, 0x41, 0x93, 0xdf, 0xff, 0x41, 0x93, 0xdf, 0xff, 0x41, 0x93, 0xdf, 0xff,
    0x41, 0x93, 0xdf, 0xff, 0x41, 0x93, 0xdf, 0xff, 0x41, 0x93, 0xdf, 0xff, 0x41, 0x93, 0xdf, 0xff,
    0x41, 0x93, 0xdf, 0xff, 0x41, 0x93, 0xdf, 0xff, 0x41, 0x93, 0xdf, 0xff, 0x41, 0x93, 0xdf, 0xff,
    0x41, 0x93, 0xdf, 0xff, 0x41, 0x93, 0xdf, 0xff, 0x41, 0x93, 0xdf, 0xff, 0x41, 0x93, 0xdf, 0xff,
    0x41, 0x93, 0xdf, 0xff, 0x41, 0x93, 0xdf, 0xff, 0x41, 0x93, 0xdf, 0xff, 0x41, 0x93, 0xdf, 0xff,
    0x41, 0x93, 0xdf, 0xff, 0x41, 0x93, 0xdf, 0xff, 0x41, 0x93, 0xdf, 0xff, 0x41, 0x93, 0xdf, 0xff,
    0x41, 0x93, 0xdf, 0xff, 0x41, 0x93, 0xdf, 0xff, 0x41, 0x93, 0xdf, 0xff, 0x41, 0x93, 0xdf, 0xff,
    0x41, 0x93, 0xdf, 0xff, 0x41, 0x93, 0xdf, 0xff, 0x41, 0x93, 0xdf, 0xff, 0x41, 0x93, 0xdf, 0xff,
    0x41, 0x93, 0xdf, 0xff, 0x41, 0x93, 0xdf, 0xff, 0x41, 0x93, 0xdf, 0xff, 0x41, 0x93, 0xdf, 0xff,
    0x41, 0x93, 0xdf, 0xff, 0x41, 0x93, 0xdf, 0xff, 0x41, 0x93, 0xdf, 0xff, 0x41, 0x93, 0xdf, 0xff,
    0x41, 0x93, 0xdf, 0xff, 0x41, 0x93, 0xdf, 0xff, 0x41, 0x93, 0xdf, 0xff, 0x41, 0x93, 0xdf, 0xff,
    0x41, 0x93, 0xdf, 0xff, 0x41, 0x93, 0xdf, 0xff, 0x41, 0x93, 0xdf, 0xff, 0x41, 0x93, 0xdf, 0xff,
    0x41, 0x93, 0xdf, 0xff, 0x41, 0x93, 0xdf, 0xff, 0x41, 0x93, 0xdf, 0xff, 0x41, 0x93, 0xdf, 0xff,
    0x41, 0x93, 0xdf, 0xff, 0x41, 0x93, 0xdf, 0xff, 0x41, 0x93, 0xdf, 0xff, 0x41, 0x93, 0xdf, 0xff,
    0x41, 0x93, 0xdf, 0xff, 0x41, 0x93, 0xdf, 0xff, 0x41, 0x93, 0xdf, 0xf7, 0x40, 0x8f, 0xdf, 0x10,
    0x00, 0x00, 0x00, 0x00, 0x40, 0x94, 0xdf, 0x9f, 0x41, 0x93, 0xdf, 0xff, 0x41, 0x93, 0xdf, 0xff,
    0x41, 0x93, 0xdf, 0xff, 0x41, 0x93, 0xdf, 0xff, 0x41, 0x93, 0xdf, 0xff, 0x41, 0x93, 0xdf, 0xff,
    0x41, 0x93, 0xdf, 0xff, 0x41, 0x93, 0xdf, 0xff, 0x41, 0x93, 0xdf, 0xff, 0x41, 0x93, 0xdf, 0xff,
    0x41, 0x93, 0xdf, 0xff, 0x41, 0x93, 0xdf, 0xff, 0x41, 0x93, 0xdf, 0xff, 0x41, 0x93, 0xdf, 0xff,
    0x41, 0x93, 0xdf, 0xff, 0x41, 0x93, 0xdf, 0xff, 0x41, 0x93, 0xdf, 0xff, 0x41, 0x93, 0xdf, 0xff,
    0x41, 0x93, 0xdf, 0xff, 0x41, 0x93, 0xdf, 0xff, 0x41, 0x93, 0xdf, 0xff, 0x41, 0x93, 0xdf, 0xff,
    0x41, 0x93, 0xdf, 0xff, 0x41, 0x93, 0xdf, 0xff, 0x41, 0x93, 0xdf, 0xff, 0x41, 0x93, 0xdf, 0xff,
    0x41, 0x93, 0xdf, 0xff, 0x41, 0x93, 0xdf, 0xff, 0x41, 0x93, 0xdf, 0xff, 0x41, 0x93, 0xdf, 0xff,
    0x41, 0x93, 0xdf, 0xff, 0x41, 0x93, 0xdf, 0xff, 0x41, 0x93, 0xdf, 0xff, 0x41, 0x93, 0xdf, 0xff,
    0x41, 0x93, 0xdf, 0xff, 0x41, 0x93, 0xdf, 0xff, 0x41, 0x93, 0xdf, 0xff, 0x41, 0x93, 0xdf, 0xff,
    0x41, 0x93, 0xdf, 0xff, 0x41, 0x93, 0xdf, 0xff, 0x41, 0x93, 0xdf, 0xff, 0x41, 0x93, 0xdf, 0xff,
    0x41, 0x93, 0xdf, 0xff, 0x41, 0x93, 0xdf, 0xff, 0x41, 0x93, 0xdf, 0xff, 0x41, 0x93, 0xdf, 0xff,
    0x41, 0x93, 0xdf, 0xff, 0x41, 0x93, 0xdf, 0xff, 0x41, 0x93, 0xdf, 0xff, 0x41, 0x93, 0xdf, 0xff,
    0x41, 0x93, 0xdf, 0xff, 0x41, 0x93, 0xdf, 0xff, 0x41, 0x93, 0xdf, 0xff, 0x41, 0x93, 0xdf, 0xff,
    0x41, 0x93, 0xdf, 0xff, 0x41, 0x93, 0xdf, 0xff, 0x41, 0x93, 0xdf, 0xff, 0x41, 0x93, 0xdf, 0xff,
    0x41, 0x93, 0xdf, 0xff, 0x41, 0x93, 0xdf, 0xff, 0x40, 0x93, 0xdf, 0x97, 0x00, 0x00, 0x00, 0x00,
    0x00, 0x00, 0x00, 0x00, 0x40, 0x8e, 0xdc, 0x24, 0x41, 0x92, 0xde, 0xfb, 0x41, 0x93, 0xdf, 0xff,
    0x41, 0x93, 0xdf, 0xff, 0x41, 0x93, 0xdf, 0xff, 0x41, 0x93, 0xdf, 0xff, 0x41, 0x93, 0xdf, 0xff,
    0x41, 0x93, 0xdf, 0xff, 0x41, 0x93, 0xdf, 0xff, 0x41, 0x93, 0xdf, 0xff, 0x41, 0x93, 0xdf, 0xff,
    0x41, 0x93, 0xdf, 0xff, 0x41, 0x93, 0xdf, 0xff, 0x41, 0x93, 0xdf, 0xff, 0x41, 0x93, 0xdf, 0xff,
    0x41, 0x93, 0xdf, 0xff, 0x41, 0x93, 0xdf, 0xff, 0x41, 0x93, 0xdf, 0xff, 0x41, 0x93, 0xdf, 0xff,
    0x41, 0x93, 0xdf, 0xff, 0x41, 0x93, 0xdf, 0xff, 0x41, 0x93, 0xdf, 0xff, 0x41, 0x93, 0xdf, 0xff,
    0x41, 0x93, 0xdf, 0xff, 0x41, 0x93, 0xdf, 0xff, 0x41, 0x93, 0xdf, 0xff, 0x41, 0x93, 0xdf, 0xff,
    0x41, 0x93, 0xdf, 0xff, 0x41, 0x93, 0xdf, 0xff, 0x41, 0x93, 0xdf, 0xff, 0x41, 0x93, 0xdf, 0xff,
    0x41, 0x93, 0xdf, 0xff, 0x41, 0x93, 0xdf, 0xff, 0x41, 0x93, 0xdf, 0xff, 0x41, 0x93, 0xdf, 0xff,
    0x41, 0x93, 0xdf, 0xff, 0x41, 0x93, 0xdf, 0xff, 0x41, 0x93, 0xdf, 0xff, 0x41, 0x93, 0xdf, 0xff,
    0x41, 0x93, 0xdf, 0xff, 0x41, 0x93, 0xdf, 0xff, 0x41, 0x93, 0xdf, 0xff, 0x41, 0x93, 0xdf, 0xff,
    0x41, 0x93, 0xdf, 0xff, 0x41, 0x93, 0xdf, 0xff, 0x41, 0x93, 0xdf, 0xff, 0x41, 0x93, 0xdf, 0xff,
    0x41, 0x93, 0xdf, 0xff, 0x41, 0x93, 0xdf, 0xff, 0x41, 0x93, 0xdf, 0xff, 0x41, 0x93, 0xdf, 0xff,
    0x41, 0x93, 0xdf, 0xff, 0x41, 0x93, 0xdf, 0xff, 0x41, 0x93, 0xdf, 0xff, 0x41, 0x93, 0xdf, 0xff,
    0x41, 0x93, 0xdf, 0xff, 0x41, 0x93, 0xdf, 0xff, 0x41, 0x93, 0xdf, 0xff, 0x41, 0x93, 0xdf, 0xff,
    0x41, 0x93, 0xdf, 0xff, 0x41, 0x93, 0xdf, 0xf7, 0x40, 0x93, 0xd9, 0x28, 0x00, 0x00, 0x00, 0x00,
    0x00, 0x00, 0x00, 0x00, 0x00, 0x00, 0x00, 0x00, 0x40, 0x93, 0xe0, 0x8b, 0x41, 0x93, 0xdf, 0xff,
    0x41, 0x93, 0xdf, 0xff, 0x41, 0x93, 0xdf, 0xff, 0x41, 0x93, 0xdf, 0xff, 0x41, 0x93, 0xdf, 0xff,
    0x41, 0x93, 0xdf, 0xff, 0x41, 0x93, 0xdf, 0xff, 0x41, 0x93, 0xdf, 0xff, 0x41, 0x93, 0xdf, 0xff,
    0x41, 0x93, 0xdf, 0xff, 0x41, 0x93, 0xdf, 0xff, 0x41, 0x93, 0xdf, 0xff, 0x41, 0x93, 0xdf, 0xff,
    0x41, 0x93, 0xdf, 0xff, 0x41, 0x93, 0xdf, 0xff, 0x41, 0x93, 0xdf, 0xff, 0x41, 0x93, 0xdf, 0xff,
    0x41, 0x93, 0xdf, 0xff, 0x41, 0x93, 0xdf, 0xff, 0x41, 0x93, 0xdf, 0xff, 0x41, 0x93, 0xdf, 0xff,
    0x41, 0x93, 0xdf, 0xff, 0x41, 0x93, 0xdf, 0xff, 0x41, 0x93, 0xdf, 0xff, 0x41, 0x93, 0xdf, 0xff,
    0x41, 0x93, 0xdf, 0xff, 0x41, 0x93, 0xdf, 0xff, 0x41, 0x93, 0xdf, 0xff, 0x41, 0x93, 0xdf, 0xff,
    0x41, 0x93, 0xdf, 0xff, 0x41, 0x93, 0xdf, 0xff, 0x41, 0x93, 0xdf, 0xff, 0x41, 0x93, 0xdf, 0xff,
    0x41, 0x93, 0xdf, 0xff, 0x41, 0x93, 0xdf, 0xff, 0x41, 0x93, 0xdf, 0xff, 0x41, 0x93, 0xdf, 0xff,
    0x41, 0x93, 0xdf, 0xff, 0x41, 0x93, 0xdf, 0xff, 0x41, 0x93, 0xdf, 0xff, 0x41, 0x93, 0xdf, 0xff,
    0x41, 0x93, 0xdf, 0xff, 0x41, 0x93, 0xdf, 0xff, 0x41, 0x93, 0xdf, 0xff, 0x41, 0x93, 0xdf, 0xff,
    0x41, 0x93, 0xdf, 0xff, 0x41, 0x93, 0xdf, 0xff, 0x41, 0x93, 0xdf, 0xff, 0x41, 0x93, 0xdf, 0xff,
    0x41, 0x93, 0xdf, 0xff, 0x41, 0x93, 0xdf, 0xff, 0x41, 0x93, 0xdf, 0xff, 0x41, 0x93, 0xdf, 0xff,
    0x41, 0x93, 0xdf, 0xff, 0x41, 0x93, 0xdf, 0xff, 0x41, 0x93, 0xdf, 0xff, 0x41, 0x93, 0xdf, 0xff,
    0x41, 0x93, 0xdf, 0xff, 0x40, 0x92, 0xdf, 0x8f, 0x00, 0x00, 0x00, 0x00, 0x00, 0x00, 0x00, 0x00,
    0x00, 0x00, 0x00, 0x00, 0x00, 0x00, 0x00, 0x00, 0x40, 0x80, 0xdf, 0x08, 0x40, 0x93, 0xdf, 0xd7,
    0x41, 0x93, 0xdf, 0xff, 0x41, 0x93, 0xdf, 0xff, 0x41, 0x93, 0xdf, 0xff, 0x41, 0x93, 0xdf, 0xff,
    0x41, 0x93, 0xdf, 0xff, 0x41, 0x93, 0xdf, 0xff, 0x41, 0x93, 0xdf, 0xff, 0x41, 0x93, 0xdf, 0xff,
    0x41, 0x93, 0xdf, 0xff, 0x41, 0x93, 0xdf, 0xff, 0x41, 0x93, 0xdf, 0xff, 0x41, 0x93, 0xdf, 0xff,
    0x41, 0x93, 0xdf, 0xff, 0x41, 0x93, 0xdf, 0xff, 0x41, 0x93, 0xdf, 0xff, 0x41, 0x93, 0xdf, 0xff,
    0x41, 0x93, 0xdf, 0xff, 0x41, 0x93, 0xdf, 0xff, 0x41, 0x93, 0xdf, 0xff, 0x41, 0x93, 0xdf, 0xff,
    0x41, 0x93, 0xdf, 0xff, 0x41, 0x93, 0xdf, 0xff, 0x41, 0x93, 0xdf, 0xff, 0x41, 0x93, 0xdf, 0xff,
    0x41, 0x93, 0xdf, 0xff, 0x41, 0x93, 0xdf, 0xff, 0x41, 0x93, 0xdf, 0xff, 0x41, 0x93, 0xdf, 0xff,
    0x41, 0x93, 0xdf, 0xff, 0x41, 0x93, 0xdf, 0xff, 0x41, 0x93, 0xdf, 0xff, 0x41, 0x93, 0xdf, 0xff,
    0x41, 0x93, 0xdf, 0xff, 0x41, 0x93, 0xdf, 0xff, 0x41, 0x93, 0xdf, 0xff, 0x41, 0x93, 0xdf, 0xff,
    0x41, 0x93, 0xdf, 0xff, 0x41, 0x93, 0xdf, 0xff, 0x41, 0x93, 0xdf, 0xff, 0x41, 0x93, 0xdf, 0xff,
    0x41, 0x93, 0xdf, 0xff, 0x41, 0x93, 0xdf, 0xff, 0x41, 0x93, 0xdf, 0xff, 0x41, 0x93, 0xdf, 0xff,
    0x41, 0x93, 0xdf, 0xff, 0x41, 0x93, 0xdf, 0xff, 0x41, 0x93, 0xdf, 0xff, 0x41, 0x93, 0xdf, 0xff,
    0x41, 0x93, 0xdf, 0xff, 0x41, 0x93, 0xdf, 0xff, 0x41, 0x93, 0xdf, 0xff, 0x41, 0x93, 0xdf, 0xff,
    0x41, 0x93, 0xdf, 0xff, 0x41, 0x93, 0xdf, 0xff, 0x41, 0x93, 0xdf, 0xff, 0x41, 0x93, 0xdf, 0xff,
    0x40, 0x93, 0xdf, 0xd7, 0x40, 0x80, 0xdf, 0x08, 0x00, 0x00, 0x00, 0x00, 0x00, 0x00, 0x00, 0x00,
    0x00, 0x00, 0x00, 0x00, 0x00, 0x00, 0x00, 0x00, 0x00, 0x00, 0x00, 0x00, 0x40, 0x8e, 0xdc, 0x24,
    0x41, 0x93, 0xdf, 0xe7, 0x41, 0x93, 0xdf, 0xff, 0x41, 0x93, 0xdf, 0xff, 0x41, 0x93, 0xdf, 0xff,
    0x41, 0x93, 0xdf, 0xff, 0x41, 0x93, 0xdf, 0xff, 0x41, 0x93, 0xdf, 0xff, 0x41, 0x93, 0xdf, 0xff,
    0x41, 0x93, 0xdf, 0xff, 0x41, 0x93, 0xdf, 0xff, 0x41, 0x93, 0xdf, 0xff, 0x41, 0x93, 0xdf, 0xff,
    0x41, 0x93, 0xdf, 0xff, 0x41, 0x93, 0xdf, 0xff, 0x41, 0x93, 0xdf, 0xff, 0x41, 0x93, 0xdf, 0xff,
    0x41, 0x93, 0xdf, 0xff, 0x41, 0x93, 0xdf, 0xff, 0x41, 0x93, 0xdf, 0xff, 0x41, 0x93, 0xdf, 0xff,
    0x41, 0x93, 0xdf, 0xff, 0x41, 0x93, 0xdf, 0xff, 0x41, 0x93, 0xdf, 0xff, 0x41, 0x93, 0xdf, 0xff,
    0x41, 0x93, 0xdf, 0xff, 0x41, 0x93, 0xdf, 0xff, 0x41, 0x93, 0xdf, 0xff, 0x41, 0x93, 0xdf, 0xff,
    0x41, 0x93, 0xdf, 0xff, 0x41, 0x93, 0xdf, 0xff, 0x41, 0x93, 0xdf, 0xff, 0x41, 0x93, 0xdf, 0xff,
    0x41, 0x93, 0xdf, 0xff, 0x41, 0x93, 0xdf, 0xff, 0x41, 0x93, 0xdf, 0xff, 0x41, 0x93, 0xdf, 0xff,
    0x41, 0x93, 0xdf, 0xff, 0x41, 0x93, 0xdf, 0xff, 0x41, 0x93, 0xdf, 0xff, 0x41, 0x93, 0xdf, 0xff,
    0x41, 0x93, 0xdf, 0xff, 0x41, 0x93, 0xdf, 0xff, 0x41, 0x93, 0xdf, 0xff, 0x41, 0x93, 0xdf, 0xff,
    0x41, 0x93, 0xdf, 0xff, 0x41, 0x93, 0xdf, 0xff, 0x41, 0x93, 0xdf, 0xff, 0x41, 0x93, 0xdf, 0xff,
    0x41, 0x93, 0xdf, 0xff, 0x41, 0x93, 0xdf, 0xff, 0x41, 0x93, 0xdf, 0xff, 0x41, 0x93, 0xdf, 0xff,
    0x41, 0x93, 0xdf, 0xff, 0x41, 0x93, 0xdf, 0xff, 0x41, 0x93, 0xdf, 0xff, 0x41, 0x93, 0xdf, 0xe7,
    0x40, 0x8f, 0xd7, 0x20, 0x00, 0x00, 0x00, 0x00, 0x00, 0x00, 0x00, 0x00, 0x00, 0x00, 0x00, 0x00,
    0x00, 0x00, 0x00, 0x00, 0x00, 0x00, 0x00, 0x00, 0x00, 0x00, 0x00, 0x00, 0x00, 0x00, 0x00, 0x00,
    0x41, 0x91, 0xe1, 0x33, 0x41, 0x93, 0xdf, 0xe7, 0x41, 0x93, 0xdf, 0xff, 0x41, 0x93, 0xdf, 0xff,
    0x41, 0x93, 0xdf, 0xff, 0x41, 0x93, 0xdf, 0xff, 0x41, 0x93, 0xdf, 0xff, 0x41, 0x93, 0xdf, 0xff,
    0x41, 0x93, 0xdf, 0xff, 0x41, 0x93, 0xdf, 0xff, 0x41, 0x93, 0xdf, 0xff, 0x41, 0x93, 0xdf, 0xff,
    0x41, 0x93, 0xdf, 0xff, 0x41, 0x93, 0xdf, 0xff, 0x41, 0x93, 0xdf, 0xff, 0x41, 0x93, 0xdf, 0xff,
    0x41, 0x93, 0xdf, 0xff, 0x41, 0x93, 0xdf, 0xff, 0x41, 0x93, 0xdf, 0xff, 0x41, 0x93, 0xdf, 0xff,
    0x41, 0x93, 0xdf, 0xff, 0x41, 0x93, 0xdf, 0xff, 0x41, 0x93, 0xdf, 0xff, 0x41, 0x93, 0xdf, 0xff,
    0x41, 0x93, 0xdf, 0xff, 0x41, 0x93, 0xdf, 0xff, 0x41, 0x93, 0xdf, 0xff, 0x41, 0x93, 0xdf, 0xff,
    0x41, 0x93, 0xdf, 0xff, 0x41, 0x93, 0xdf, 0xff, 0x41, 0x93, 0xdf, 0xff, 0x41, 0x93, 0xdf, 0xff,
    0x41, 0x93, 0xdf, 0xff, 0x41, 0x93, 0xdf, 0xff, 0x41, 0x93, 0xdf, 0xff, 0x41, 0x93, 0xdf, 0xff,
    0x41, 0x93, 0xdf, 0xff, 0x41, 0x93, 0xdf, 0xff, 0x41, 0x93, 0xdf, 0xff, 0x41, 0x93, 0xdf, 0xff,
    0x41, 0x93, 0xdf, 0xff, 0x41, 0x93, 0xdf, 0xff, 0x41, 0x93, 0xdf, 0xff, 0x41, 0x93, 0xdf, 0xff,
    0x41, 0x93, 0xdf, 0xff, 0x41, 0x93, 0xdf, 0xff, 0x41, 0x93, 0xdf, 0xff, 0x41, 0x93, 0xdf, 0xff,
    0x41, 0x93, 0xdf, 0xff, 0x41, 0x93, 0xdf, 0xff, 0x41, 0x93, 0xdf, 0xff, 0x41, 0x93, 0xdf, 0xff,
    0x41, 0x93, 0xdf, 0xff, 0x41, 0x93, 0xdf, 0xff, 0x41, 0x93, 0xdf, 0xe7, 0x41, 0x91, 0xe1, 0x33,
    0x00, 0x00, 0x00, 0x00, 0x00, 0x00, 0x00, 0x00, 0x00, 0x00, 0x00, 0x00, 0x00, 0x00, 0x00, 0x00,
    0x00, 0x00, 0x00, 0x00, 0x00, 0x00, 0x00, 0x00, 0x00, 0x00, 0x00, 0x00, 0x00, 0x00, 0x00, 0x00,
    0x00, 0x00, 0x00, 0x00, 0x40, 0x8f, 0xdf, 0x20, 0x40, 0x93, 0xdf, 0xd7, 0x41, 0x93, 0xdf, 0xff,
    0x41, 0x93, 0xdf, 0xff, 0x41, 0x93, 0xdf, 0xff, 0x41, 0x93, 0xdf, 0xff, 0x41, 0x93, 0xdf, 0xff,
    0x41, 0x93, 0xdf, 0xff, 0x41, 0x93, 0xdf, 0xff, 0x41, 0x93, 0xdf, 0xff, 0x41, 0x93, 0xdf, 0xff,
    0x41, 0x93, 0xdf, 0xff, 0x41, 0x93, 0xdf, 0xff, 0x41, 0x93, 0xdf, 0xff, 0x41, 0x93, 0xdf, 0xff,
    0x41, 0x93, 0xdf, 0xff, 0x41, 0x93, 0xdf, 0xff, 0x41, 0x93, 0xdf, 0xff, 0x41, 0x93, 0xdf, 0xff,
    0x41, 0x93, 0xdf, 0xff, 0x41, 0x93, 0xdf, 0xff, 0x41, 0x93, 0xdf, 0xff, 0x41, 0x93, 0xdf, 0xff,
    0x41, 0x93, 0xdf, 0xff, 0x41, 0x93, 0xdf, 0xff, 0x41, 0x93, 0xdf, 0xff, 0x41, 0x93, 0xdf, 0xff,
    0x41, 0x93, 0xdf, 0xff, 0x41, 0x93, 0xdf, 0xff, 0x41, 0x93, 0xdf, 0xff, 0x41, 0x93, 0xdf, 0xff,
    0x41, 0x93, 0xdf, 0xff, 0x41, 0x93, 0xdf, 0xff, 0x41, 0x93, 0xdf, 0xff, 0x41, 0x93, 0xdf, 0xff,
    0x41, 0x93, 0xdf, 0xff, 0x41, 0x93, 0xdf, 0xff, 0x41, 0x93, 0xdf, 0xff, 0x41, 0x93, 0xdf, 0xff,
    0x41, 0x93, 0xdf, 0xff, 0x41, 0x93, 0xdf, 0xff, 0x41, 0x93, 0xdf, 0xff, 0x41, 0x93, 0xdf, 0xff,
    0x41, 0x93, 0xdf, 0xff, 0x41, 0x93, 0xdf, 0xff, 0x41, 0x93, 0xdf, 0xff, 0x41, 0x93, 0xdf, 0xff,
    0x41, 0x93, 0xdf, 0xff, 0x41, 0x93, 0xdf, 0xff, 0x41, 0x93, 0xdf, 0xff, 0x41, 0x93, 0xdf, 0xff,
    0x41, 0x93, 0xdf, 0xff, 0x40, 0x93, 0xdf, 0xd7, 0x40, 0x8e, 0xdc, 0x24, 0x00, 0x00, 0x00, 0x00,
    0x00, 0x00, 0x00, 0x00, 0x00, 0x00, 0x00, 0x00, 0x00, 0x00, 0x00, 0x00, 0x00, 0x00, 0x00, 0x00,
    0x00, 0x00, 0x00, 0x00, 0x00, 0x00, 0x00, 0x00, 0x00, 0x00, 0x00, 0x00, 0x00, 0x00, 0x00, 0x00,
    0x00, 0x00, 0x00, 0x00, 0x00, 0x00, 0x00, 0x00, 0x40, 0x80, 0xdf, 0x08, 0x40, 0x92, 0xdf, 0x8f,
    0x41, 0x93, 0xdf, 0xf7, 0x41, 0x93, 0xdf, 0xff, 0x41, 0x93, 0xdf, 0xff, 0x41, 0x93, 0xdf, 0xff,
    0x41, 0x93, 0xdf, 0xff, 0x41, 0x93, 0xdf, 0xff, 0x41, 0x93, 0xdf, 0xff, 0x41, 0x93, 0xdf, 0xff,
    0x41, 0x93, 0xdf, 0xff, 0x41, 0x93, 0xdf, 0xff, 0x41, 0x93, 0xdf, 0xff, 0x41, 0x93, 0xdf, 0xff,
    0x41, 0x93, 0xdf, 0xff, 0x41, 0x93, 0xdf, 0xff, 0x41, 0x93, 0xdf, 0xff, 0x41, 0x93, 0xdf, 0xff,
    0x41, 0x93, 0xdf, 0xff, 0x41, 0x93, 0xdf, 0xff, 0x41, 0x93, 0xdf, 0xff, 0x41, 0x93, 0xdf, 0xff,
    0x41, 0x93, 0xdf, 0xff, 0x41, 0x93, 0xdf, 0xff, 0x41, 0x93, 0xdf, 0xff, 0x41, 0x93, 0xdf, 0xff,
    0x41, 0x93, 0xdf, 0xff, 0x41, 0x93, 0xdf, 0xff, 0x41, 0x93, 0xdf, 0xff, 0x41, 0x93, 0xdf, 0xff,
    0x41, 0x93, 0xdf, 0xff, 0x41, 0x93, 0xdf, 0xff, 0x41, 0x93, 0xdf, 0xff, 0x41, 0x93, 0xdf, 0xff,
    0x41, 0x93, 0xdf, 0xff, 0x41, 0x93, 0xdf, 0xff, 0x41, 0x93, 0xdf, 0xff, 0x41, 0x93, 0xdf, 0xff,
    0x41, 0x93, 0xdf, 0xff, 0x41, 0x93, 0xdf, 0xff, 0x41, 0x93, 0xdf, 0xff, 0x41, 0x93, 0xdf, 0xff,
    0x41, 0x93, 0xdf, 0xff, 0x41, 0x93, 0xdf, 0xff, 0x41, 0x93, 0xdf, 0xff, 0x41, 0x93, 0xdf, 0xff,
    0x41, 0x93, 0xdf, 0xff, 0x41, 0x93, 0xdf, 0xff, 0x41, 0x93, 0xdf, 0xff, 0x41, 0x92, 0xde, 0xfb,
    0x40, 0x93, 0xe0, 0x8b, 0x40, 0x80, 0xdf, 0x08, 0x00, 0x00, 0x00, 0x00, 0x00, 0x00, 0x00, 0x00,
    0x00, 0x00, 0x00, 0x00, 0x00, 0x00, 0x00, 0x00, 0x00, 0x00, 0x00, 0x00, 0x00, 0x00, 0x00, 0x00,
    0x00, 0x00, 0x00, 0x00, 0x00, 0x00, 0x00, 0x00, 0x00, 0x00, 0x00, 0x00, 0x00, 0x00, 0x00, 0x00,
    0x00, 0x00, 0x00, 0x00, 0x00, 0x00, 0x00, 0x00, 0x00, 0x00, 0x00, 0x00, 0x00, 0x00, 0x00, 0x00,
    0x40, 0x93, 0xdf, 0x28, 0x40, 0x93, 0xdf, 0x97, 0x41, 0x93, 0xdf, 0xf7, 0x41, 0x93, 0xdf, 0xff,
    0x41, 0x93, 0xdf, 0xff, 0x41, 0x93, 0xdf, 0xff, 0x41, 0x93, 0xdf, 0xff, 0x41, 0x93, 0xdf, 0xff,
    0x41, 0x93, 0xdf, 0xff, 0x41, 0x93, 0xdf, 0xff, 0x41, 0x93, 0xdf, 0xff, 0x41, 0x93, 0xdf, 0xff,
    0x41, 0x93, 0xdf, 0xff, 0x41, 0x93, 0xdf, 0xff, 0x41, 0x93, 0xdf, 0xff, 0x41, 0x93, 0xdf, 0xff,
    0x41, 0x93, 0xdf, 0xff, 0x41, 0x93, 0xdf, 0xff, 0x41, 0x93, 0xdf, 0xff, 0x41, 0x93, 0xdf, 0xff,
    0x41, 0x93, 0xdf, 0xff, 0x41, 0x93, 0xdf, 0xff, 0x41, 0x93, 0xdf, 0xff, 0x41, 0x93, 0xdf, 0xff,
    0x41, 0x93, 0xdf, 0xff, 0x41, 0x93, 0xdf, 0xff, 0x41, 0x93, 0xdf, 0xff, 0x41, 0x93, 0xdf, 0xff,
    0x41, 0x93, 0xdf, 0xff, 0x41, 0x93, 0xdf, 0xff, 0x41, 0x93, 0xdf, 0xff, 0x41, 0x93, 0xdf, 0xff,
    0x41, 0x93, 0xdf, 0xff, 0x41, 0x93, 0xdf, 0xff, 0x41, 0x93, 0xdf, 0xff, 0x41, 0x93, 0xdf, 0xff,
    0x41, 0x93, 0xdf, 0xff, 0x41, 0x93, 0xdf, 0xff, 0x41, 0x93, 0xdf, 0xff, 0x41, 0x93, 0xdf, 0xff,
    0x41, 0x93, 0xdf, 0xff, 0x41, 0x93, 0xdf, 0xff, 0x41, 0x93, 0xdf, 0xff, 0x41, 0x93, 0xdf, 0xff,
    0x41, 0x93, 0xdf, 0xff, 0x41, 0x93, 0xdf, 0xf7, 0x40, 0x92, 0xdf, 0x9f, 0x40, 0x8e, 0xdc, 0x24,
    0x00, 0x00, 0x00, 0x00, 0x00, 0x00, 0x00, 0x00, 0x00, 0x00, 0x00, 0x00, 0x00, 0x00, 0x00, 0x00,
    0x00, 0x00, 0x00, 0x00, 0x00, 0x00, 0x00, 0x00, 0x00, 0x00, 0x00, 0x00, 0x00, 0x00, 0x00, 0x00,
    0x00, 0x00, 0x00, 0x00, 0x00, 0x00, 0x00, 0x00, 0x00, 0x00, 0x00, 0x00, 0x00, 0x00, 0x00, 0x00,
    0x00, 0x00, 0x00, 0x00, 0x00, 0x00, 0x00, 0x00, 0x00, 0x00, 0x00, 0x00, 0x00, 0x00, 0x00, 0x00,
    0x00, 0x00, 0x00, 0x00, 0x00, 0x00, 0x00, 0x00, 0x40, 0x8f, 0xdf, 0x10, 0x40, 0x95, 0xe0, 0x5b,
    0x40, 0x92, 0xe0, 0x9b, 0x41, 0x93, 0xde, 0xcb, 0x41, 0x92, 0xde, 0xeb, 0x41, 0x93, 0xdf, 0xff,
    0x41, 0x93, 0xdf, 0xff, 0x41, 0x93, 0xdf, 0xff, 0x41, 0x93, 0xdf, 0xff, 0x41, 0x93, 0xdf, 0xff,
    0x41, 0x93, 0xdf, 0xff, 0x41, 0x93, 0xdf, 0xff, 0x41, 0x93, 0xdf, 0xff, 0x41, 0x93, 0xdf, 0xff,
    0x41, 0x93, 0xdf, 0xff, 0x41, 0x93, 0xdf, 0xff, 0x41, 0x93, 0xdf, 0xff, 0x41, 0x93, 0xdf, 0xff,
    0x41, 0x93, 0xdf, 0xff, 0x41, 0x93, 0xdf, 0xff, 0x41, 0x93, 0xdf, 0xff, 0x41, 0x93, 0xdf, 0xff,
    0x41, 0x93, 0xdf, 0xff, 0x41, 0x93, 0xdf, 0xff, 0x41, 0x93, 0xdf, 0xff, 0x41, 0x93, 0xdf, 0xff,
    0x41, 0x93, 0xdf, 0xff, 0x41, 0x93, 0xdf, 0xff, 0x41, 0x93, 0xdf, 0xff, 0x41, 0x93, 0xdf, 0xff,
    0x41, 0x93, 0xdf, 0xff, 0x41, 0x93, 0xdf, 0xff, 0x41, 0x93, 0xdf, 0xff, 0x41, 0x93, 0xdf, 0xff,
    0x41, 0x93, 0xdf, 0xff, 0x41, 0x93, 0xdf, 0xff, 0x41, 0x93, 0xdf, 0xff, 0x41, 0x93, 0xdf, 0xff,
    0x41, 0x93, 0xdf, 0xff, 0x41, 0x92, 0xde, 0xeb, 0x41, 0x93, 0xdf, 0xcf, 0x40, 0x94, 0xdf, 0x9f,
    0x40, 0x95, 0xe0, 0x5b, 0x40, 0x8f, 0xdf, 0x10, 0x00, 0x00, 0x00, 0x00, 0x00, 0x00, 0x00, 0x00,
    0x00, 0x00, 0x00, 0x00, 0x00, 0x00, 0x00, 0x00, 0x00, 0x00, 0x00, 0x00, 0x00, 0x00, 0x00, 0x00,
    0x00, 0x00, 0x00, 0x00, 0x00, 0x00, 0x00, 0x00, 0x00, 0x00, 0x00, 0x00, 0x00, 0x00, 0x00, 0x00
};

const lv_image_dsc_t icon_set_date = {
    .header.cf = LV_COLOR_FORMAT_ARGB8888,
    .header.magic = LV_IMAGE_HEADER_MAGIC,
    .header.w = 64,
    .header.h = 64,
    .data_size = 16384,
    .data = icon_set_date_map,
};
