#ifdef __has_include
    #if __has_include("lvgl.h")
        #ifndef LV_LVGL_H_INCLUDE_SIMPLE
            #define LV_LVGL_H_INCLUDE_SIMPLE
        #endif
    #endif
#endif

#if defined(LV_LVGL_H_INCLUDE_SIMPLE)
    #include "lvgl.h"
#else
    #include "lvgl/lvgl.h"
#endif

#ifndef LV_ATTRIBUTE_MEM_ALIGN
#define LV_ATTRIBUTE_MEM_ALIGN
#endif

#ifndef LV_ATTRIBUTE_IMAGE_ICON_SET_BLUETOOTH
#define LV_ATTRIBUTE_IMAGE_ICON_SET_BLUETOOTH
#endif

const LV_ATTRIBUTE_MEM_ALIGN LV_ATTRIBUTE_LARGE_CONST LV_ATTRIBUTE_IMAGE_ICON_SET_BLUETOOTH uint8_t icon_set_bluetooth_map[] = {
    0x00, 0x00, 0x00, 0x00, 0x00, 0x00, 0x00, 0x00, 0x00, 0x00, 0x00, 0x00, 0x00, 0x00, 0x00, 0x00,
    0x00, 0x00, 0x00, 0x00, 0x00, 0x00, 0x00, 0x00, 0x00, 0x00, 0x00, 0x00, 0x00, 0x00, 0x00, 0x00,
    0x00, 0x00, 0x00, 0x00, 0x00, 0x00, 0x00, 0x00, 0xbf, 0x40, 0x30, 0x10, 0xcd, 0x46, 0x2d, 0x5b,
    0xcc, 0x47, 0x2d, 0x9f, 0xcb, 0x46, 0x2c, 0xcf, 0xcb, 0x47, 0x2c, 0xeb, 0xcb, 0x47, 0x2d, 0xff,
    0xcb, 0x47, 0x2d, 0xff, 0xcb, 0x47, 0x2d, 0xff, 0xcb, 0x47, 0x2d, 0xff, 0xcb, 0x47, 0x2d, 0xff,
    0xcb, 0x47, 0x2d, 0xff, 0xcb, 0x47, 0x2d, 0xff, 0xcb, 0x47, 0x2d, 0xff, 0xcb, 0x47, 0x2d, 0xff,
    0xcb, 0x47, 0x2d, 0xff, 0xcb, 0x47, 0x2d, 0xff, 0xcb, 0x47, 0x2d, 0xff, 0xcb, 0x47, 0x2d, 0xff,
    0xcb, 0x47, 0x2d, 0xff, 0xcb, 0x47, 0x2d, 0xff, 0xcb, 0x47, 0x2d, 0xff, 0xcb, 0x47, 0x2d, 0xff,
    0xcb, 0x47, 0x2d, 0xff, 0xcb, 0x47, 0x2d, 0xff, 0xcb, 0x47, 0x2d, 0xff, 0xcb, 0x47, 0x2d, 0xff,
    0xcb, 0x47, 0x2d, 0xff, 0xcb, 0x47, 0x2d, 0xff, 0xcb, 0x47, 0x2d, 0xff, 0xcb, 0x47, 0x2d, 0xff,
    0xcb, 0x47, 0x2d, 0xff, 0xcb, 0x47, 0x2d, 0xff, 0xcb, 0x47, 0x2d, 0xff, 0xcb, 0x47, 0x2d, 0xff,
    0xcb, 0x47, 0x2d, 0xff, 0xcb, 0x47, 0x2d, 0xff, 0xcb, 0x47, 0x2d, 0xff, 0xcb, 0x47, 0x2d, 0xff,
    0xcb, 0x47, 0x2d, 0xff, 0xcb, 0x47, 0x2c, 0xeb, 0xca, 0x46, 0x2d, 0xcb, 0xcc, 0x47, 0x2c, 0x9b,
    0xcd, 0x46, 0x2d, 0x5b, 0xbf, 0x40, 0x30, 0x10, 0x00, 0x00, 0x00, 0x00, 0x00, 0x00, 0x00, 0x00,
    0x00, 0x00, 0x00, 0x00, 0x00, 0x00, 0x00, 0x00, 0x00, 0x00, 0x00, 0x00, 0x00, 0x00, 0x00, 0x00,
    0x00, 0x00, 0x00, 0x00, 0x00, 0x00, 0x00, 0x00, 0x00, 0x00, 0x00, 0x00, 0x00, 0x00, 0x00, 0x00,
    0x00, 0x00, 0x00, 0x00, 0x00, 0x00, 0x00, 0x00, 0x00, 0x00, 0x00, 0x00, 0x00, 0x00, 0x00, 0x00,
    0x00, 0x00, 0x00, 0x00, 0x00, 0x00, 0x00, 0x00, 0x00, 0x00, 0x00, 0x00, 0x00, 0x00, 0x00, 0x00,
    0xcc, 0x49, 0x2c, 0x23, 0xca, 0x47, 0x2d, 0x9f, 0xca, 0x46, 0x2c, 0xf7, 0xcb, 0x47, 0x2d, 0xff,
    0xcb, 0x47, 0x2d, 0xff, 0xcb, 0x47, 0x2d, 0xff, 0xcb, 0x47, 0x2d, 0xff, 0xcb, 0x47, 0x2d, 0xff,
    0xcb, 0x47, 0x2d, 0xff, 0xcb, 0x47, 0x2d, 0xff, 0xcb, 0x47, 0x2d, 0xff, 0xcb, 0x47, 0x2d, 0xff,
    0xcb, 0x47, 0x2d, 0xff, 0xcb, 0x47, 0x2d, 0xff, 0xcb, 0x47, 0x2d, 0xff, 0xcb, 0x47, 0x2d, 0xff,
    0xcb, 0x47, 0x2d, 0xff, 0xcb, 0x47, 0x2d, 0xff, 0xcb, 0x47, 0x2d, 0xff, 0xcb, 0x47, 0x2d, 0xff,
    0xcb, 0x47, 0x2d, 0xff, 0xcb, 0x47, 0x2d, 0xff, 0xcb, 0x47, 0x2d, 0xff, 0xcb, 0x47, 0x2d, 0xff,
    0xcb, 0x47, 0x2d, 0xff, 0xcb, 0x47, 0x2d, 0xff, 0xcb, 0x47, 0x2d, 0xff, 0xcb, 0x47, 0x2d, 0xff,
    0xcb, 0x47, 0x2d, 0xff, 0xcb, 0x47, 0x2d, 0xff, 0xcb, 0x47, 0x2d, 0xff, 0xcb, 0x47, 0x2d, 0xff,
    0xcb, 0x47, 0x2d, 0xff, 0xcb, 0x47, 0x2d, 0xff, 0xcb, 0x47, 0x2d, 0xff, 0xcb, 0x47, 0x2d, 0xff,
    0xcb, 0x47, 0x2d, 0xff, 0xcb, 0x47, 0x2d, 0xff, 0xcb, 0x47, 0x2d, 0xff, 0xcb, 0x47, 0x2d, 0xff,
    0xcb, 0x47, 0x2d, 0xff, 0xcb, 0x47, 0x2d, 0xff, 0xcb, 0x47, 0x2d, 0xff, 0xcb, 0x47, 0x2d, 0xff,
    0xcb, 0x47, 0x2d, 0xff, 0xca, 0x46, 0x2c, 0xf7, 0xcb, 0x47, 0x2c, 0x97, 0xcb, 0x48, 0x2e, 0x27,
    0x00, 0x00, 0x00, 0x00, 0x00, 0x00, 0x00, 0x00, 0x00, 0x00, 0x00, 0x00, 0x00, 0x00, 0x00, 0x00,
    0x00, 0x00, 0x00, 0x00, 0x00, 0x00, 0x00, 0x00, 0x00, 0x00, 0x00, 0x00, 0x00, 0x00, 0x00, 0x00,
    0x00, 0x00, 0x00, 0x00, 0x00, 0x00, 0x00, 0x00, 0x00, 0x00, 0x00, 0x00, 0x00, 0x00, 0x00, 0x00,
    0x00, 0x00, 0x00, 0x00, 0x00, 0x00, 0x00, 0x00, 0xbf, 0x40, 0x20, 0x08, 0xca, 0x46, 0x2c, 0x8b,
    0xca, 0x47, 0x2d, 0xfb, 0xcb, 0x47, 0x2d, 0xff, 0xcb, 0x47, 0x2d, 0xff, 0xcb, 0x47, 0x2d, 0xff,
    0xcb, 0x47, 0x2d, 0xff, 0xcb, 0x47, 0x2d, 0xff, 0xcb, 0x47, 0x2d, 0xff, 0xcb, 0x47, 0x2d, 0xff,
    0xcb, 0x47, 0x2d, 0xff, 0xcb, 0x47, 0x2d, 0xff, 0xcb, 0x47, 0x2d, 0xff, 0xcb, 0x47, 0x2d, 0xff,
    0xcb, 0x47, 0x2d, 0xff, 0xcb, 0x47, 0x2d, 0xff, 0xcb, 0x47, 0x2d, 0xff, 0xcb, 0x47, 0x2d, 0xff,
    0xcb, 0x47, 0x2d, 0xff, 0xcb, 0x47, 0x2d, 0xff, 0xcb, 0x47, 0x2d, 0xff, 0xcb, 0x47, 0x2d, 0xff,
    0xcb, 0x47, 0x2d, 0xff, 0xcb, 0x47, 0x2d, 0xff, 0xcb, 0x47, 0x2d, 0xff, 0xcb, 0x47, 0x2d, 0xff,
    0xcb, 0x47, 0x2d, 0xff, 0xcb, 0x47, 0x2d, 0xff, 0xcb, 0x47, 0x2d, 0xff, 0xcb, 0x47, 0x2d, 0xff,
    0xcb, 0x47, 0x2d, 0xff, 0xcb, 0x47, 0x2d, 0xff, 0xcb, 0x47, 0x2d, 0xff, 0xcb, 0x47, 0x2d, 0xff,
    0xcb, 0x47, 0x2d, 0xff, 0xcb, 0x47, 0x2d, 0xff, 0xcb, 0x47, 0x2d, 0xff, 0xcb, 0x47, 0x2d, 0xff,
    0xcb, 0x47, 0x2d, 0xff, 0xcb, 0x47, 0x2d, 0xff, 0xcb, 0x47, 0x2d, 0xff, 0xcb, 0x47, 0x2d, 0xff,
    0xcb, 0x47, 0x2d, 0xff, 0xcb, 0x47, 0x2d, 0xff, 0xcb, 0x47, 0x2d, 0xff, 0xcb, 0x47, 0x2d, 0xff,
    0xcb, 0x47, 0x2d, 0xff, 0xcb, 0x47, 0x2d, 0xff, 0xcb, 0x47, 0x2d, 0xff, 0xca, 0x46, 0x2c, 0xf7,
    0xcb, 0x47, 0x2d, 0x8f, 0xbf, 0x40, 0x20, 0x08, 0x00, 0x00, 0x00, 0x00, 0x00, 0x00, 0x00, 0x00,
    0x00, 0x00, 0x00, 0x00, 0x00, 0x00, 0x00, 0x00, 0x00, 0x00, 0x00, 0x00, 0x00, 0x00, 0x00, 0x00,
    0x00, 0x00, 0x00, 0x00, 0x00, 0x00, 0x00, 0x00, 0x00, 0x00, 0x00, 0x00, 0x00, 0x00, 0x00, 0x00,
    0x00, 0x00, 0x00, 0x00, 0xcc, 0x49, 0x2c, 0x23, 0xcb, 0x47, 0x2d, 0xd7, 0xcb, 0x47, 0x2d, 0xff,
    0xcb, 0x47, 0x2d, 0xff, 0xcb, 0x47, 0x2d, 0xff, 0xcb, 0x47, 0x2d, 0xff, 0xcb, 0x47, 0x2d, 0xff,
    0xcb, 0x47, 0x2d, 0xff, 0xcb, 0x47, 0x2d, 0xff, 0xcb, 0x47, 0x2d, 0xff, 0xcb, 0x47, 0x2d, 0xff,
    0xcb, 0x47, 0x2d, 0xff, 0xcb, 0x47, 0x2d, 0xff, 0xcb, 0x47, 0x2d, 0xff, 0xcb, 0x47, 0x2d, 0xff,
    0xcb, 0x47, 0x2d, 0xff, 0xcb, 0x47, 0x2d, 0xff, 0xcb, 0x47, 0x2d, 0xff, 0xcb, 0x47, 0x2d, 0xff,
    0xcb, 0x47, 0x2d, 0xff, 0xcb, 0x47, 0x2d, 0xff, 0xcb, 0x47, 0x2d, 0xff, 0xcb, 0x47, 0x2d, 0xff,
    0xcb, 0x47, 0x2d, 0xff, 0xcb, 0x47, 0x2d, 0xff, 0xcb, 0x47, 0x2d, 0xff, 0xcb, 0x47, 0x2d, 0xff,
    0xcb, 0x47, 0x2d, 0xff, 0xcb, 0x47, 0x2d, 0xff, 0xcb, 0x47, 0x2d, 0xff, 0xcb, 0x47, 0x2d, 0xff,
    0xcb, 0x47, 0x2d, 0xff, 0xcb, 0x47, 0x2d, 0xff, 0xcb, 0x47, 0x2d, 0xff, 0xcb, 0x47, 0x2d, 0xff,
    0xcb, 0x47, 0x2d, 0xff, 0xcb, 0x47, 0x2d, 0xff, 0xcb, 0x47, 0x2d, 0xff, 0xcb, 0x47, 0x2d, 0xff,
    0xcb, 0x47, 0x2d, 0xff, 0xcb, 0x47, 0x2d, 0xff, 0xcb, 0x47, 0x2d, 0xff, 0xcb, 0x47, 0x2d, 0xff,
    0xcb, 0x47, 0x2d, 0xff, 0xcb, 0x47, 0x2d, 0xff, 0xcb, 0x47, 0x2d, 0xff, 0xcb, 0x47, 0x2d, 0xff,
    0xcb, 0x47, 0x2d, 0xff, 0xcb, 0x47, 0x2d, 0xff, 0xcb, 0x47, 0x2d, 0xff, 0xcb, 0x47, 0x2d, 0xff,
    0xcb, 0x47, 0x2d, 0xff, 0xcb, 0x47, 0x2d, 0xd7, 0xce, 0x42, 0x29, 0x1f, 0x00, 0x00, 0x00, 0x00,
    0x00, 0x00, 0x00, 0x00, 0x00, 0x00, 0x00, 0x00, 0x00, 0x00, 0x00, 0x00, 0x00, 0x00, 0x00, 0x00,
    0x00, 0x00, 0x00, 0x00, 0x00, 0x00, 0x00, 0x00, 0x00, 0x00, 0x00, 0x00, 0x00, 0x00, 0x00, 0x00,
    0xcd, 0x46, 0x2d, 0x33, 0xcb, 0x47, 0x2d, 0xe7, 0xcb, 0x47, 0x2d, 0xff, 0xcb, 0x47, 0x2d, 0xff,
    0xcb, 0x47, 0x2d, 0xff, 0xcb, 0x47, 0x2d, 0xff, 0xcb, 0x47, 0x2d, 0xff, 0xcb, 0x47, 0x2d, 0xff,
    0xcb, 0x47, 0x2d, 0xff, 0xcb, 0x47, 0x2d, 0xff, 0xcb, 0x47, 0x2d, 0xff, 0xcb, 0x47, 0x2d, 0xff,
    0xcb, 0x47, 0x2d, 0xff, 0xcb, 0x47, 0x2d, 0xff, 0xcb, 0x47, 0x2d, 0xff, 0xcb, 0x47, 0x2d, 0xff,
    0xcb, 0x47, 0x2d, 0xff, 0xcb, 0x47, 0x2d, 0xff, 0xcb, 0x47, 0x2d, 0xff, 0xcb, 0x47, 0x2d, 0xff,
    0xcb, 0x47, 0x2d, 0xff, 0xcb, 0x47, 0x2d, 0xff, 0xcb, 0x47, 0x2d, 0xff, 0xcb, 0x47, 0x2d, 0xff,
    0xcb, 0x47, 0x2d, 0xff, 0xcb, 0x47, 0x2d, 0xff, 0xcb, 0x47, 0x2d, 0xff, 0xcb, 0x47, 0x2d, 0xff,
    0xcb, 0x47, 0x2d, 0xff, 0xcb, 0x47, 0x2d, 0xff, 0xcb, 0x47, 0x2d, 0xff, 0xcb, 0x47, 0x2d, 0xff,
    0xcb, 0x47, 0x2d, 0xff, 0xcb, 0x47, 0x2d, 0xff, 0xcb, 0x47, 0x2d, 0xff, 0xcb, 0x47, 0x2d, 0xff,
    0xcb, 0x47, 0x2d, 0xff, 0xcb, 0x47, 0x2d, 0xff, 0xcb, 0x47, 0x2d, 0xff, 0xcb, 0x47, 0x2d, 0xff,
    0xcb, 0x47, 0x2d, 0xff, 0xcb, 0x47, 0x2d, 0xff, 0xcb, 0x47, 0x2d, 0xff, 0xcb, 0x47, 0x2d, 0xff,
    0xcb, 0x47, 0x2d, 0xff, 0xcb, 0x47, 0x2d, 0xff, 0xcb, 0x47, 0x2d, 0xff, 0xcb, 0x47, 0x2d, 0xff,
    0xcb, 0x47, 0x2d, 0xff, 0xcb, 0x47, 0x2d, 0xff, 0xcb, 0x47, 0x2d, 0xff, 0xcb, 0x47, 0x2d, 0xff,
    0xcb, 0x47, 0x2d, 0xff, 0xcb, 0x47, 0x2d, 0xff, 0xcb, 0x47, 0x2c, 0xe7, 0xcd, 0x46, 0x2d, 0x33,
    0x00, 0x00, 0x00, 0x00, 0x00, 0x00, 0x00, 0x00, 0x00, 0x00, 0x00, 0x00, 0x00, 0x00, 0x00, 0x00,
    0x00, 0x00, 0x00, 0x00, 0x00, 0x00, 0x00, 0x00, 0x00, 0x00, 0x00, 0x00, 0xce, 0x42, 0x29, 0x1f,
    0xcb, 0x47, 0x2d, 0xe7, 0xcb, 0x47, 0x2d, 0xff, 0xcb, 0x47, 0x2d, 0xff, 0xcb, 0x47, 0x2d, 0xff,
    0xcb, 0x47, 0x2d, 0xff, 0xcb, 0x47, 0x2d, 0xff, 0xcb, 0x47, 0x2d, 0xff, 0xcb, 0x47, 0x2d, 0xff,
    0xcb, 0x47, 0x2d, 0xff, 0xcb, 0x47, 0x2d, 0xff, 0xcb, 0x47, 0x2d, 0xff, 0xcb, 0x47, 0x2d, 0xff,
    0xcb, 0x47, 0x2d, 0xff, 0xcb, 0x47, 0x2d, 0xff, 0xcb, 0x47, 0x2d, 0xff, 0xcb, 0x47, 0x2d, 0xff,
    0xcb, 0x47, 0x2d, 0xff, 0xcb, 0x47, 0x2d, 0xff, 0xcb, 0x47, 0x2d, 0xff, 0xcb, 0x47, 0x2d, 0xff,
    0xcb, 0x47, 0x2d, 0xff, 0xcb, 0x47, 0x2d, 0xff, 0xcb, 0x47, 0x2d, 0xff, 0xcb, 0x47, 0x2d, 0xff,
    0xcb, 0x47, 0x2d, 0xff, 0xcb, 0x47, 0x2d, 0xff, 0xcb, 0x47, 0x2d, 0xff, 0xcb, 0x47, 0x2d, 0xff,
    0xcb, 0x47, 0x2d, 0xff, 0xcb, 0x47, 0x2d, 0xff, 0xcb, 0x47, 0x2d, 0xff, 0xcb, 0x47, 0x2d, 0xff,
    0xcb, 0x47, 0x2d, 0xff, 0xcb, 0x47, 0x2d, 0xff, 0xcb, 0x47, 0x2d, 0xff, 0xcb, 0x47, 0x2d, 0xff,
    0xcb, 0x47, 0x2d, 0xff, 0xcb, 0x47, 0x2d, 0xff, 0xcb, 0x47, 0x2d, 0xff, 0xcb, 0x47, 0x2d, 0xff,
    0xcb, 0x47, 0x2d, 0xff, 0xcb, 0x47, 0x2d, 0xff, 0xcb, 0x47, 0x2d, 0xff, 0xcb, 0x47, 0x2d, 0xff,
    0xcb, 0x47, 0x2d, 0xff, 0xcb, 0x47, 0x2d, 0xff, 0xcb, 0x47, 0x2d, 0xff, 0xcb, 0x47, 0x2d, 0xff,
    0xcb, 0x47, 0x2d, 0xff, 0xcb, 0x47, 0x2d, 0xff, 0xcb, 0x47, 0x2d, 0xff, 0xcb, 0x47, 0x2d, 0xff,
    0xcb, 0x47, 0x2d, 0xff, 0xcb, 0x47, 0x2d, 0xff, 0xcb, 0x47, 0x2d, 0xff, 0xcb, 0x47, 0x2c, 0xe7,
    0xcc, 0x49, 0x2c, 0x23, 0x00, 0x00, 0x00, 0x00, 0x00, 0x00, 0x00, 0x00, 0x00, 0x00, 0x00, 0x00,
    0x00, 0x00, 0x00, 0x00, 0x00, 0x00, 0x00, 0x00, 0xbf, 0x40, 0x20, 0x08, 0xcb, 0x47, 0x2d, 0xd7,
    0xcb, 0x47, 0x2d, 0xff, 0xcb, 0x47, 0x2d, 0xff, 0xcb, 0x47, 0x2d, 0xff, 0xcb, 0x47, 0x2d, 0xff,
    0xcb, 0x47, 0x2d, 0xff, 0xcb, 0x47, 0x2d, 0xff, 0xcb, 0x47, 0x2d, 0xff, 0xcb, 0x47, 0x2d, 0xff,
    0xcb, 0x47, 0x2d, 0xff, 0xcb, 0x47, 0x2d, 0xff, 0xcb, 0x47, 0x2d, 0xff, 0xcb, 0x47, 0x2d, 0xff,
    0xcb, 0x47, 0x2d, 0xff, 0xcb, 0x47, 0x2d, 0xff, 0xcb, 0x47, 0x2d, 0xff, 0xcb, 0x47, 0x2d, 0xff,
    0xcb, 0x47, 0x2d, 0xff, 0xcb, 0x47, 0x2d, 0xff, 0xcb, 0x47, 0x2d, 0xff, 0xcb, 0x47, 0x2d, 0xff,
    0xcb, 0x47, 0x2d, 0xff, 0xcb, 0x47, 0x2d, 0xff, 0xcb, 0x47, 0x2d, 0xff, 0xcb, 0x47, 0x2d, 0xff,
    0xcb, 0x47, 0x2d, 0xff, 0xcb, 0x47, 0x2d, 0xff, 0xcb, 0x47, 0x2d, 0xff, 0xcb, 0x47, 0x2d, 0xff,
    0xcb, 0x47, 0x2d, 0xff, 0xcb, 0x47, 0x2d, 0xff, 0xcb, 0x47, 0x2d, 0xff, 0xcb, 0x47, 0x2d, 0xff,
    0xcb, 0x47, 0x2d, 0xff, 0xcb, 0x47, 0x2d, 0xff, 0xcb, 0x47, 0x2d, 0xff, 0xcb, 0x47, 0x2d, 0xff,
    0xcb, 0x47, 0x2d, 0xff, 0xcb, 0x47, 0x2d, 0xff, 0xcb, 0x47, 0x2d, 0xff, 0xcb, 0x47, 0x2d, 0xff,
    0xcb, 0x47, 0x2d, 0xff, 0xcb, 0x47, 0x2d, 0xff, 0xcb, 0x47, 0x2d, 0xff, 0xcb, 0x47, 0x2d, 0xff,
    0xcb, 0x47, 0x2d, 0xff, 0xcb, 0x47, 0x2d, 0xff, 0xcb, 0x47, 0x2d, 0xff, 0xcb, 0x47, 0x2d, 0xff,
    0xcb, 0x47, 0x2d, 0xff, 0xcb, 0x47, 0x2d, 0xff, 0xcb, 0x47, 0x2d, 0xff, 0xcb, 0x47, 0x2d, 0xff,
    0xcb, 0x47, 0x2d, 0xff, 0xcb, 0x47, 0x2d, 0xff, 0xcb, 0x47, 0x2d, 0xff, 0xcb, 0x47, 0x2d, 0xff,
    0xcb, 0x47, 0x2d, 0xd7, 0xbf, 0x40, 0x20, 0x08, 0x00, 0x00, 0x00, 0x00, 0x00, 0x00, 0x00, 0x00,
    0x00, 0x00, 0x00, 0x00, 0x00, 0x00, 0x00, 0x00, 0xcb, 0x47, 0x2d, 0x8f, 0xcb, 0x47, 0x2d, 0xff,
    0xcb, 0x47, 0x2d, 0xff, 0xcb, 0x47, 0x2d, 0xff, 0xcb, 0x47, 0x2d, 0xff, 0xcb, 0x47, 0x2d, 0xff,
    0xcb, 0x47, 0x2d, 0xff, 0xcb, 0x47, 0x2d, 0xff, 0xcb, 0x47, 0x2d, 0xff, 0xcb, 0x47, 0x2d, 0xff,
    0xcb, 0x47, 0x2d, 0xff, 0xcb, 0x47, 0x2d, 0xff, 0xcb, 0x47, 0x2d, 0xff, 0xcb, 0x47, 0x2d, 0xff,
    0xcb, 0x47, 0x2d, 0xff, 0xcb, 0x47, 0x2d, 0xff, 0xcb, 0x47, 0x2d, 0xff, 0xcb, 0x47, 0x2d, 0xff,
    0xcb, 0x47, 0x2d, 0xff, 0xcb, 0x47, 0x2d, 0xff, 0xcb, 0x47, 0x2d, 0xff, 0xcb, 0x47, 0x2d, 0xff,
    0xcb, 0x47, 0x2d, 0xff, 0xcb, 0x47, 0x2d, 0xff, 0xcb, 0x47, 0x2d, 0xff, 0xcb, 0x47, 0x2d, 0xff,
    0xcb, 0x47, 0x2d, 0xff, 0xcb, 0x47, 0x2d, 0xff, 0xcb, 0x47, 0x2d, 0xff, 0xcb, 0x47, 0x2d, 0xff,
    0xcb, 0x47, 0x2d, 0xff, 0xcb, 0x47, 0x2d, 0xff, 0xcb, 0x47, 0x2d, 0xff, 0xcb, 0x47, 0x2d, 0xff,
    0xcb, 0x47, 0x2d, 0xff, 0xcb, 0x47, 0x2d, 0xff, 0xcb, 0x47, 0x2d, 0xff, 0xcb, 0x47, 0x2d, 0xff,
    0xcb, 0x47, 0x2d, 0xff, 0xcb, 0x47, 0x2d, 0xff, 0xcb, 0x47, 0x2d, 0xff, 0xcb, 0x47, 0x2d, 0xff,
    0xcb, 0x47, 0x2d, 0xff, 0xcb, 0x47, 0x2d, 0xff, 0xcb, 0x47, 0x2d, 0xff, 0xcb, 0x47, 0x2d, 0xff,
    0xcb, 0x47, 0x2d, 0xff, 0xcb, 0x47, 0x2d, 0xff, 0xcb, 0x47, 0x2d, 0xff, 0xcb, 0x47, 0x2d, 0xff,
    0xcb, 0x47, 0x2d, 0xff, 0xcb, 0x47, 0x2d, 0xff, 0xcb, 0x47, 0x2d, 0xff, 0xcb, 0x47, 0x2d, 0xff,
    0xcb, 0x47, 0x2d, 0xff, 0xcb, 0x47, 0x2d, 0xff, 0xcb, 0x47, 0x2d, 0xff, 0xcb, 0x47, 0x2d, 0xff,
    0xcb, 0x47, 0x2d, 0xff, 0xca, 0x46, 0x2c, 0x8b, 0x00, 0x00, 0x00, 0x00, 0x00, 0x00, 0x00, 0x00,
    0x00, 0x00, 0x00, 0x00, 0xcb, 0x48, 0x2e, 0x27, 0xca, 0x46, 0x2c, 0xf7, 0xcb, 0x47, 0x2d, 0xff,
    0xcb, 0x47, 0x2d, 0xff, 0xcb, 0x47, 0x2d, 0xff, 0xcb, 0x47, 0x2d, 0xff, 0xcb, 0x47, 0x2d, 0xff,
    0xcb, 0x47, 0x2d, 0xff, 0xcb, 0x47, 0x2d, 0xff, 0xcb, 0x47, 0x2d, 0xff, 0xcb, 0x47, 0x2d, 0xff,
    0xcb, 0x47, 0x2d, 0xff, 0xcb, 0x47, 0x2d, 0xff, 0xcb, 0x47, 0x2d, 0xff, 0xcb, 0x47, 0x2d, 0xff,
    0xcb, 0x47, 0x2d, 0xff, 0xcb, 0x47, 0x2d, 0xff, 0xcb, 0x47, 0x2d, 0xff, 0xcb, 0x47, 0x2d, 0xff,
    0xcb, 0x47, 0x2d, 0xff, 0xcb, 0x47, 0x2d, 0xff, 0xcb, 0x47, 0x2d, 0xff, 0xcb, 0x47, 0x2d, 0xff,
    0xcb, 0x47, 0x2d, 0xff, 0xcb, 0x47, 0x2d, 0xff, 0xcb, 0x47, 0x2d, 0xff, 0xcb, 0x47, 0x2d, 0xff,
    0xcb, 0x47, 0x2d, 0xff, 0xcb, 0x47, 0x2d, 0xff, 0xcb, 0x47, 0x2d, 0xff, 0xcb, 0x47, 0x2d, 0xff,
    0xcb, 0x47, 0x2d, 0xff, 0xcb, 0x47, 0x2d, 0xff, 0xcb, 0x47, 0x2d, 0xff, 0xcb, 0x47, 0x2d, 0xff,
    0xcb, 0x47, 0x2d, 0xff, 0xcb, 0x47, 0x2d, 0xff, 0xcb, 0x47, 0x2d, 0xff, 0xcb, 0x47, 0x2d, 0xff,
    0xcb, 0x47, 0x2d, 0xff, 0xcb, 0x47, 0x2d, 0xff, 0xcb, 0x47, 0x2d, 0xff, 0xcb, 0x47, 0x2d, 0xff,
    0xcb, 0x47, 0x2d, 0xff, 0xcb, 0x47, 0x2d, 0xff, 0xcb, 0x47, 0x2d, 0xff, 0xcb, 0x47, 0x2d, 0xff,
    0xcb, 0x47, 0x2d, 0xff, 0xcb, 0x47, 0x2d, 0xff, 0xcb, 0x47, 0x2d, 0xff, 0xcb, 0x47, 0x2d, 0xff,
    0xcb, 0x47, 0x2d, 0xff, 0xcb, 0x47, 0x2d, 0xff, 0xcb, 0x47, 0x2d, 0xff, 0xcb, 0x47, 0x2d, 0xff,
    0xcb, 0x47, 0x2d, 0xff, 0xcb, 0x47, 0x2d, 0xff, 0xcb, 0x47, 0x2d, 0xff, 0xcb, 0x47, 0x2d, 0xff,
    0xcb, 0x47, 0x2d, 0xff, 0xca, 0x47, 0x2d, 0xfb, 0xc6, 0x47, 0x2b, 0x24, 0x00, 0x00, 0x00, 0x00,
    0x00, 0x00, 0x00, 0x00, 0xcb, 0x47, 0x2c, 0x97, 0xcb, 0x47, 0x2d, 0xff, 0xcb, 0x47, 0x2d, 0xff,
    0xcb, 0x47, 0x2d, 0xff, 0xcb, 0x47, 0x2d, 0xff, 0xcb, 0x47, 0x2d, 0xff, 0xcb, 0x47, 0x2d, 0xff,
    0xcb, 0x47, 0x2d, 0xff, 0xcb, 0x47, 0x2d, 0xff, 0xcb, 0x47, 0x2d, 0xff, 0xcb, 0x47, 0x2d, 0xff,
    0xcb, 0x47, 0x2d, 0xff, 0xcb, 0x47, 0x2d, 0xff, 0xcb, 0x47, 0x2d, 0xff, 0xcb, 0x47, 0x2d, 0xff,
    0xcb, 0x47, 0x2d, 0xff, 0xcb, 0x47, 0x2d, 0xff, 0xcb, 0x47, 0x2d, 0xff, 0xcb, 0x47, 0x2d, 0xff,
    0xcb, 0x47, 0x2d, 0xff, 0xcb, 0x47, 0x2d, 0xff, 0xcb, 0x47, 0x2d, 0xff, 0xcb, 0x47, 0x2d, 0xff,
    0xcb, 0x47, 0x2d, 0xff, 0xcb, 0x47, 0x2d, 0xff, 0xcb, 0x47, 0x2d, 0xff, 0xcb, 0x47, 0x2d, 0xff,
    0xcb, 0x47, 0x2d, 0xff, 0xcb, 0x47, 0x2d, 0xff, 0xcb, 0x47, 0x2d, 0xff, 0xcb, 0x47, 0x2d, 0xff,
    0xcb, 0x47, 0x2d, 0xff, 0xcb, 0x47, 0x2d, 0xff, 0xcb, 0x47, 0x2d, 0xff, 0xcb, 0x47, 0x2d, 0xff,
    0xcb, 0x47, 0x2d, 0xff, 0xcb, 0x47, 0x2d, 0xff, 0xcb, 0x47, 0x2d, 0xff, 0xcb, 0x47, 0x2d, 0xff,
    0xcb, 0x47, 0x2d, 0xff, 0xcb, 0x47, 0x2d, 0xff, 0xcb, 0x47, 0x2d, 0xff, 0xcb, 0x47, 0x2d, 0xff,
    0xcb, 0x47, 0x2d, 0xff, 0xcb, 0x47, 0x2d, 0xff, 0xcb, 0x47, 0x2d, 0xff, 0xcb, 0x47, 0x2d, 0xff,
    0xcb, 0x47, 0x2d, 0xff, 0xcb, 0x47, 0x2d, 0xff, 0xcb, 0x47, 0x2d, 0xff, 0xcb, 0x47, 0x2d, 0xff,
    0xcb, 0x47, 0x2d, 0xff, 0xcb, 0x47, 0x2d, 0xff, 0xcb, 0x47, 0x2d, 0xff, 0xcb, 0x47, 0x2d, 0xff,
    0xcb, 0x47, 0x2d, 0xff, 0xcb, 0x47, 0x2d, 0xff, 0xcb, 0x47, 0x2d, 0xff, 0xcb, 0x47, 0x2d, 0xff,
    0xcb, 0x47, 0x2d, 0xff, 0xcb, 0x47, 0x2d, 0xff, 0xcc, 0x47, 0x2d, 0x9f, 0x00, 0x00, 0x00, 0x00,
    0xbf, 0x40, 0x30, 0x10, 0xca, 0x46, 0x2c, 0xf7, 0xcb, 0x47, 0x2d, 0xff, 0xcb, 0x47, 0x2d, 0xff,
    0xcb, 0x47, 0x2d, 0xff, 0xcb, 0x47, 0x2d, 0xff, 0xcb, 0x47, 0x2d, 0xff, 0xcb, 0x47, 0x2d, 0xff,
    0xcb, 0x47, 0x2d, 0xff, 0xcb, 0x47, 0x2d, 0xff, 0xcb, 0x47, 0x2d, 0xff, 0xcb, 0x47, 0x2d, 0xff,
    0xcb, 0x47, 0x2d, 0xff, 0xcb, 0x47, 0x2d, 0xff, 0xcb, 0x47, 0x2d, 0xff, 0xcb, 0x47, 0x2d, 0xff,
    0xcb, 0x47, 0x2d, 0xff, 0xcb, 0x47, 0x2d, 0xff, 0xcb, 0x47, 0x2d, 0xff, 0xcb, 0x47, 0x2d, 0xff,
    0xcb, 0x47, 0x2d, 0xff, 0xcb, 0x47, 0x2d, 0xff, 0xcb, 0x47, 0x2d, 0xff, 0xcb, 0x47, 0x2d, 0xff,
    0xcb, 0x47, 0x2d, 0xff, 0xcb, 0x47, 0x2d, 0xff, 0xcb, 0x47, 0x2d, 0xff, 0xcb, 0x47, 0x2d, 0xff,
    0xcb, 0x47, 0x2d, 0xff, 0xcb, 0x47, 0x2d, 0xff, 0xcb, 0x47, 0x2d, 0xff, 0xcb, 0x47, 0x2d, 0xff,
    0xcb, 0x47, 0x2d, 0xff, 0xcb, 0x47, 0x2d, 0xff, 0xcb, 0x47, 0x2d, 0xff, 0xcb, 0x47, 0x2d, 0xff,
    0xcb, 0x47, 0x2d, 0xff, 0xcb, 0x47, 0x2d, 0xff, 0xcb, 0x47, 0x2d, 0xff, 0xcb, 0x47, 0x2d, 0xff,
    0xcb, 0x47, 0x2d, 0xff, 0xcb, 0x47, 0x2d, 0xff, 0xcb, 0x47, 0x2d, 0xff, 0xcb, 0x47, 0x2d, 0xff,
    0xcb, 0x47, 0x2d, 0xff, 0xcb, 0x47, 0x2d, 0xff, 0xcb, 0x47, 0x2d, 0xff, 0xcb, 0x47, 0x2d, 0xff,
    0xcb, 0x47, 0x2d, 0xff, 0xcb, 0x47, 0x2d, 0xff, 0xcb, 0x47, 0x2d, 0xff, 0xcb, 0x47, 0x2d, 0xff,
    0xcb, 0x47, 0x2d, 0xff, 0xcb, 0x47, 0x2d, 0xff, 0xcb, 0x47, 0x2d, 0xff, 0xcb, 0x47, 0x2d, 0xff,
    0xcb, 0x47, 0x2d, 0xff, 0xcb, 0x47, 0x2d, 0xff, 0xcb, 0x47, 0x2d, 0xff, 0xcb, 0x47, 0x2d, 0xff,
    0xcb, 0x47, 0x2d, 0xff, 0xcb, 0x47, 0x2d, 0xff, 0xca, 0x46, 0x2c, 0xf7, 0xbf, 0x40, 0x20, 0x10,
    0xcd, 0x46, 0x2d, 0x5b, 0xcb, 0x47, 0x2d, 0xff, 0xcb, 0x47, 0x2d, 0xff, 0xcb, 0x47, 0x2d, 0xff,
    0xcb, 0x47, 0x2d, 0xff, 0xcb, 0x47, 0x2d, 0xff, 0xcb, 0x47, 0x2d, 0xff, 0xcb, 0x47, 0x2d, 0xff,
    0xcb, 0x47, 0x2d, 0xff, 0xcb, 0x47, 0x2d, 0xff, 0xcb, 0x47, 0x2d, 0xff, 0xcb, 0x47, 0x2d, 0xff,
    0xcb, 0x47, 0x2d, 0xff, 0xcb, 0x47, 0x2d, 0xff, 0xcb, 0x47, 0x2d, 0xff, 0xcb, 0x47, 0x2d, 0xff,
    0xcb, 0x47, 0x2d, 0xff, 0xcb, 0x47, 0x2d, 0xff, 0xcb, 0x47, 0x2d, 0xff, 0xcb, 0x47, 0x2d, 0xff,
    0xcb, 0x47, 0x2d, 0xff, 0xcb, 0x47, 0x2d, 0xff, 0xcb, 0x47, 0x2d, 0xff, 0xcb, 0x47, 0x2d, 0xff,
    0xcb, 0x47, 0x2d, 0xff, 0xcb, 0x47, 0x2d, 0xff, 0xcb, 0x47, 0x2d, 0xff, 0xcb, 0x47, 0x2d, 0xff,
    0xcb, 0x47, 0x2d, 0xff, 0xcb, 0x47, 0x2d, 0xff, 0xcb, 0x47, 0x2d, 0xff, 0xcb, 0x47, 0x2d, 0xff,
    0xcb, 0x47, 0x2d, 0xff, 0xcb, 0x47, 0x2d, 0xff, 0xcb, 0x47, 0x2d, 0xff, 0xcb, 0x47, 0x2d, 0xff,
    0xcb, 0x47, 0x2d, 0xff, 0xcb, 0x47, 0x2d, 0xff, 0xcb, 0x47, 0x2d, 0xff, 0xcb, 0x47, 0x2d, 0xff,
    0xcb, 0x47, 0x2d, 0xff, 0xcb, 0x47, 0x2d, 0xff, 0xcb, 0x47, 0x2d, 0xff, 0xcb, 0x47, 0x2d, 0xff,
    0xcb, 0x47, 0x2d, 0xff, 0xcb, 0x47, 0x2d, 0xff, 0xcb, 0x47, 0x2d, 0xff, 0xcb, 0x47, 0x2d, 0xff,
    0xcb, 0x47, 0x2d, 0xff, 0xcb, 0x47, 0x2d, 0xff, 0xcb, 0x47, 0x2d, 0xff, 0xcb, 0x47, 0x2d, 0xff,
    0xcb, 0x47, 0x2d, 0xff, 0xcb, 0x47, 0x2d, 0xff, 0xcb, 0x47, 0x2d, 0xff, 0xcb, 0x47, 0x2d, 0xff,
    0xcb, 0x47, 0x2d, 0xff, 0xcb, 0x47, 0x2d, 0xff, 0xcb, 0x47, 0x2d, 0xff, 0xcb, 0x47, 0x2d, 0xff,
    0xcb, 0x47, 0x2d, 0xff, 0xcb, 0x47, 0x2d, 0xff, 0xcb, 0x47, 0x2d, 0xff, 0xcd, 0x46, 0x2d, 0x5b,
    0xca, 0x47, 0x2c, 0x9b, 0xcb, 0x47, 0x2d, 0xff, 0xcb, 0x47, 0x2d, 0xff, 0xcb, 0x47, 0x2d, 0xff,
    0xcb, 0x47, 0x2d, 0xff, 0xcb, 0x47, 0x2d, 0xff, 0xcb, 0x47, 0x2d, 0xff, 0xcb, 0x47, 0x2d, 0xff,
    0xcb, 0x47, 0x2d, 0xff, 0xcb, 0x47, 0x2d, 0xff, 0xcb, 0x47, 0x2d, 0xff, 0xcb, 0x47, 0x2d, 0xff,
    0xcb, 0x47, 0x2d, 0xff, 0xcb, 0x47, 0x2d, 0xff, 0xcb, 0x47, 0x2d, 0xff, 0xcb, 0x47, 0x2d, 0xff,
    0xcb, 0x47, 0x2d, 0xff, 0xcb, 0x47, 0x2d, 0xff, 0xcb, 0x47, 0x2d, 0xff, 0xcb, 0x47, 0x2d, 0xff,
    0xcb, 0x47, 0x2d, 0xff, 0xcb, 0x47, 0x2d, 0xff, 0xcb, 0x47, 0x2d, 0xff, 0xcb, 0x47, 0x2d, 0xff,
    0xcb, 0x47, 0x2d, 0xff, 0xcb, 0x47, 0x2d, 0xff, 0xcb, 0x47, 0x2d, 0xff, 0xcb, 0x47, 0x2d, 0xff,
    0xcb, 0x47, 0x2d, 0xff, 0xcb, 0x47, 0x2d, 0xff, 0xcb, 0x47, 0x2d, 0xff, 0xd0, 0x58, 0x40, 0xff,
    0xcb, 0x49, 0x30, 0xff, 0xcb, 0x47, 0x2d, 0xff, 0xcb, 0x47, 0x2d, 0xff, 0xcb, 0x47, 0x2d, 0xff,
    0xcb, 0x47, 0x2d, 0xff, 0xcb, 0x47, 0x2d, 0xff, 0xcb, 0x47, 0x2d, 0xff, 0xcb, 0x47, 0x2d, 0xff,
    0xcb, 0x47, 0x2d, 0xff, 0xcb, 0x47, 0x2d, 0xff, 0xcb, 0x47, 0x2d, 0xff, 0xcb, 0x47, 0x2d, 0xff,
    0xcb, 0x47, 0x2d, 0xff, 0xcb, 0x47, 0x2d, 0xff, 0xcb, 0x47, 0x2d, 0xff, 0xcb, 0x47, 0x2d, 0xff,
    0xcb, 0x47, 0x2d, 0xff, 0xcb, 0x47, 0x2d, 0xff, 0xcb, 0x47, 0x2d, 0xff, 0xcb, 0x47, 0x2d, 0xff,
    0xcb, 0x47, 0x2d, 0xff, 0xcb, 0x47, 0x2d, 0xff, 0xcb, 0x47, 0x2d, 0xff, 0xcb, 0x47, 0x2d, 0xff,
    0xcb, 0x47, 0x2d, 0xff, 0xcb, 0x47, 0x2d, 0xff, 0xcb, 0x47, 0x2d, 0xff, 0xcb, 0x47, 0x2d, 0xff,
    0xcb, 0x47, 0x2d, 0xff, 0xcb, 0x47, 0x2d, 0xff, 0xcb, 0x47, 0x2d, 0xff, 0xcc, 0x47, 0x2d, 0x9f,
    0xcb, 0x46, 0x2d, 0xcb, 0xcb, 0x47, 0x2d, 0xff, 0xcb, 0x47, 0x2d, 0xff, 0xcb, 0x47, 0x2d, 0xff,
    0xcb, 0x47, 0x2d, 0xff, 0xcb, 0x47, 0x2d, 0xff, 0xcb, 0x47, 0x2d, 0xff, 0xcb, 0x47, 0x2d, 0xff,
    0xcb, 0x47, 0x2d, 0xff, 0xcb, 0x47, 0x2d, 0xff, 0xcb, 0x47, 0x2d, 0xff, 0xcb, 0x47, 0x2d, 0xff,
    0xcb, 0x47, 0x2d, 0xff, 0xcb, 0x47, 0x2d, 0xff, 0xcb, 0x47, 0x2d, 0xff, 0xcb, 0x47, 0x2d, 0xff,
    0xcb, 0x47, 0x2d, 0xff, 0xcb, 0x47, 0x2d, 0xff, 0xcb, 0x47, 0x2d, 0xff, 0xcb, 0x47, 0x2d, 0xff,
    0xcb, 0x47, 0x2d, 0xff, 0xcb, 0x47, 0x2d, 0xff, 0xcb, 0x47, 0x2d, 0xff, 0xcb, 0x47, 0x2d, 0xff,
    0xcb, 0x47, 0x2d, 0xff, 0xcb, 0x47, 0x2d, 0xff, 0xcb, 0x47, 0x2d, 0xff, 0xcb, 0x47, 0x2d, 0xff,
    0xcb, 0x47, 0x2d, 0xff, 0xcc, 0x4c, 0x33, 0xff, 0xee, 0xc5, 0xbd, 0xff, 0xff, 0xff, 0xff, 0xff,
    0xf7, 0xe5, 0xe1, 0xff, 0xd5, 0x6c, 0x57, 0xff, 0xcb, 0x47, 0x2d, 0xff, 0xcb, 0x47, 0x2d, 0xff,
    0xcb, 0x47, 0x2d, 0xff, 0xcb, 0x47, 0x2d, 0xff, 0xcb, 0x47, 0x2d, 0xff, 0xcb, 0x47, 0x2d, 0xff,
    0xcb, 0x47, 0x2d, 0xff, 0xcb, 0x47, 0x2d, 0xff, 0xcb, 0x47, 0x2d, 0xff, 0xcb, 0x47, 0x2d, 0xff,
    0xcb, 0x47, 0x2d, 0xff, 0xcb, 0x47, 0x2d, 0xff, 0xcb, 0x47, 0x2d, 0xff, 0xcb, 0x47, 0x2d, 0xff,
    0xcb, 0x47, 0x2d, 0xff, 0xcb, 0x47, 0x2d, 0xff, 0xcb, 0x47, 0x2d, 0xff, 0xcb, 0x47, 0x2d, 0xff,
    0xcb, 0x47, 0x2d, 0xff, 0xcb, 0x47, 0x2d, 0xff, 0xcb, 0x47, 0x2d, 0xff, 0xcb, 0x47, 0x2d, 0xff,
    0xcb, 0x47, 0x2d, 0xff, 0xcb, 0x47, 0x2d, 0xff, 0xcb, 0x47, 0x2d, 0xff, 0xcb, 0x47, 0x2d, 0xff,
    0xcb, 0x47, 0x2d, 0xff, 0xcb, 0x47, 0x2d, 0xff, 0xcb, 0x47, 0x2d, 0xff, 0xcb, 0x46, 0x2c, 0xcf,
    0xcb, 0x47, 0x2c, 0xeb, 0xcb, 0x47, 0x2d, 0xff, 0xcb, 0x47, 0x2d, 0xff, 0xcb, 0x47, 0x2d, 0xff,
    0xcb, 0x47, 0x2d, 0xff, 0xcb, 0x47, 0x2d, 0xff, 0xcb, 0x47, 0x2d, 0xff, 0xcb, 0x47, 0x2d, 0xff,
    0xcb, 0x47, 0x2d, 0xff, 0xcb, 0x47, 0x2d, 0xff, 0xcb, 0x47, 0x2d, 0xff, 0xcb, 0x47, 0x2d, 0xff,
    0xcb, 0x47, 0x2d, 0xff, 0xcb, 0x47, 0x2d, 0xff, 0xcb, 0x47, 0x2d, 0xff, 0xcb, 0x47, 0x2d, 0xff,
    0xcb, 0x47, 0x2d, 0xff, 0xcb, 0x47, 0x2d, 0xff, 0xcb, 0x47, 0x2d, 0xff, 0xcb, 0x47, 0x2d, 0xff,
    0xcb, 0x47, 0x2d, 0xff, 0xcb, 0x47, 0x2d, 0xff, 0xcb, 0x47, 0x2d, 0xff, 0xcb, 0x47, 0x2d, 0xff,
    0xcb, 0x47, 0x2d, 0xff, 0xcb, 0x47, 0x2d, 0xff, 0xcb, 0x47, 0x2d, 0xff, 0xcb, 0x47, 0x2d, 0xff,
    0xcb, 0x47, 0x2d, 0xff, 0xd8, 0x75, 0x61, 0xff, 0xff, 0xff, 0xff, 0xff, 0xff, 0xff, 0xff, 0xff,
    0xff, 0xff, 0xff, 0xff, 0xfd, 0xf9, 0xf8, 0xff, 0xe1, 0x94, 0x85, 0xff, 0xcb, 0x47, 0x2d, 0xff,
    0xcb, 0x47, 0x2d, 0xff, 0xcb, 0x47, 0x2d, 0xff, 0xcb, 0x47, 0x2d, 0xff, 0xcb, 0x47, 0x2d, 0xff,
    0xcb, 0x47, 0x2d, 0xff, 0xcb, 0x47, 0x2d, 0xff, 0xcb, 0x47, 0x2d, 0xff, 0xcb, 0x47, 0x2d, 0xff,
    0xcb, 0x47, 0x2d, 0xff, 0xcb, 0x47, 0x2d, 0xff, 0xcb, 0x47, 0x2d, 0xff, 0xcb, 0x47, 0x2d, 0xff,
    0xcb, 0x47, 0x2d, 0xff, 0xcb, 0x47, 0x2d, 0xff, 0xcb, 0x47, 0x2d, 0xff, 0xcb, 0x47, 0x2d, 0xff,
    0xcb, 0x47, 0x2d, 0xff, 0xcb, 0x47, 0x2d, 0xff, 0xcb, 0x47, 0x2d, 0xff, 0xcb, 0x47, 0x2d, 0xff,
    0xcb, 0x47, 0x2d, 0xff, 0xcb, 0x47, 0x2d, 0xff, 0xcb, 0x47, 0x2d, 0xff, 0xcb, 0x47, 0x2d, 0xff,
    0xcb, 0x47, 0x2d, 0xff, 0xcb, 0x47, 0x2d, 0xff, 0xcb, 0x47, 0x2d, 0xff, 0xcb, 0x47, 0x2c, 0xeb,
    0xcb, 0x47, 0x2d, 0xff, 0xcb, 0x47, 0x2d, 0xff, 0xcb, 0x47, 0x2d, 0xff, 0xcb, 0x47, 0x2d, 0xff,
    0xcb, 0x47, 0x2d, 0xff, 0xcb, 0x47, 0x2d, 0xff, 0xcb, 0x47, 0x2d, 0xff, 0xcb, 0x47, 0x2d, 0xff,
    0xcb, 0x47, 0x2d, 0xff, 0xcb, 0x47, 0x2d, 0xff, 0xcb, 0x47, 0x2d, 0xff, 0xcb, 0x47, 0x2d, 0xff,
    0xcb, 0x47, 0x2d, 0xff, 0xcb, 0x47, 0x2d, 0xff, 0xcb, 0x47, 0x2d, 0xff, 0xcb, 0x47, 0x2d, 0xff,
    0xcb, 0x47, 0x2d, 0xff, 0xcb, 0x47, 0x2d, 0xff, 0xcb, 0x47, 0x2d, 0xff, 0xcb, 0x47, 0x2d, 0xff,
    0xcb, 0x47, 0x2d, 0xff, 0xcb, 0x47, 0x2d, 0xff, 0xcb, 0x47, 0x2d, 0xff, 0xcb, 0x47, 0x2d, 0xff,
    0xcb, 0x47, 0x2d, 0xff, 0xcb, 0x47, 0x2d, 0xff, 0xcb, 0x47, 0x2d, 0xff, 0xcb, 0x47, 0x2d, 0xff,
    0xcb, 0x47, 0x2d, 0xff, 0xdb, 0x80, 0x6e, 0xff, 0xff, 0xff, 0xff, 0xff, 0xff, 0xff, 0xff, 0xff,
    0xff, 0xff, 0xff, 0xff, 0xff, 0xff, 0xff, 0xff, 0xff, 0xff, 0xff, 0xff, 0xee, 0xc2, 0xba, 0xff,
    0xcd, 0x4f, 0x37, 0xff, 0xcb, 0x47, 0x2d, 0xff, 0xcb, 0x47, 0x2d, 0xff, 0xcb, 0x47, 0x2d, 0xff,
    0xcb, 0x47, 0x2d, 0xff, 0xcb, 0x47, 0x2d, 0xff, 0xcb, 0x47, 0x2d, 0xff, 0xcb, 0x47, 0x2d, 0xff,
    0xcb, 0x47, 0x2d, 0xff, 0xcb, 0x47, 0x2d, 0xff, 0xcb, 0x47, 0x2d, 0xff, 0xcb, 0x47, 0x2d, 0xff,
    0xcb, 0x47, 0x2d, 0xff, 0xcb, 0x47, 0x2d, 0xff, 0xcb, 0x47, 0x2d, 0xff, 0xcb, 0x47, 0x2d, 0xff,
    0xcb, 0x47, 0x2d, 0xff, 0xcb, 0x47, 0x2d, 0xff, 0xcb, 0x47, 0x2d, 0xff, 0xcb, 0x47, 0x2d, 0xff,
    0xcb, 0x47, 0x2d, 0xff, 0xcb, 0x47, 0x2d, 0xff, 0xcb, 0x47, 0x2d, 0xff, 0xcb, 0x47, 0x2d, 0xff,
    0xcb, 0x47, 0x2d, 0xff, 0xcb, 0x47, 0x2d, 0xff, 0xcb, 0x47, 0x2d, 0xff, 0xcb, 0x47, 0x2d, 0xff,
    0xcb, 0x47, 0x2d, 0xff, 0xcb, 0x47, 0x2d, 0xff, 0xcb, 0x47, 0x2d, 0xff, 0xcb, 0x47, 0x2d, 0xff,
    0xcb, 0x47, 0x2d, 0xff, 0xcb, 0x47, 0x2d, 0xff, 0xcb, 0x47, 0x2d, 0xff, 0xcb, 0x47, 0x2d, 0xff,
    0xcb, 0x47, 0x2d, 0xff, 0xcb, 0x47, 0x2d, 0xff, 0xcb, 0x47, 0x2d, 0xff, 0xcb, 0x47, 0x2d, 0xff,
    0xcb, 0x47, 0x2d, 0xff, 0xcb, 0x47, 0x2d, 0xff, 0xcb, 0x47, 0x2d, 0xff, 0xcb, 0x47, 0x2d, 0xff,
    0xcb, 0x47, 0x2d, 0xff, 0xcb, 0x47, 0x2d, 0xff, 0xcb, 0x47, 0x2d, 0xff, 0xcb, 0x47, 0x2d, 0xff,
    0xcb, 0x47, 0x2d, 0xff, 0xcb, 0x47, 0x2d, 0xff, 0xcb, 0x47, 0x2d, 0xff, 0xcb, 0x47, 0x2d, 0xff,
    0xcb, 0x47, 0x2d, 0xff, 0xcb, 0x47, 0x2d, 0xff, 0xcb, 0x47, 0x2d, 0xff, 0xcb, 0x47, 0x2d, 0xff,
    0xcb, 0x47, 0x2d, 0xff, 0xdb, 0x80, 0x6e, 0xff, 0xff, 0xff, 0xff, 0xff, 0xff, 0xff, 0xff, 0xff,
    0xff, 0xff, 0xff, 0xff, 0xff, 0xff, 0xff, 0xff, 0xff, 0xff, 0xff, 0xff, 0xff, 0xff, 0xff, 0xff,
    0xf8, 0xe8, 0xe4, 0xff, 0xd5, 0x6c, 0x57, 0xff, 0xcb, 0x47, 0x2d, 0xff, 0xcb, 0x47, 0x2d, 0xff,
    0xcb, 0x47, 0x2d, 0xff, 0xcb, 0x47, 0x2d, 0xff, 0xcb, 0x47, 0x2d, 0xff, 0xcb, 0x47, 0x2d, 0xff,
    0xcb, 0x47, 0x2d, 0xff, 0xcb, 0x47, 0x2d, 0xff, 0xcb, 0x47, 0x2d, 0xff, 0xcb, 0x47, 0x2d, 0xff,
    0xcb, 0x47, 0x2d, 0xff, 0xcb, 0x47, 0x2d, 0xff, 0xcb, 0x47, 0x2d, 0xff, 0xcb, 0x47, 0x2d, 0xff,
    0xcb, 0x47, 0x2d, 0xff, 0xcb, 0x47, 0x2d, 0xff, 0xcb, 0x47, 0x2d, 0xff, 0xcb, 0x47, 0x2d, 0xff,
    0xcb, 0x47, 0x2d, 0xff, 0xcb, 0x47, 0x2d, 0xff, 0xcb, 0x47, 0x2d, 0xff, 0xcb, 0x47, 0x2d, 0xff,
    0xcb, 0x47, 0x2d, 0xff, 0xcb, 0x47, 0x2d, 0xff, 0xcb, 0x47, 0x2d, 0xff, 0xcb, 0x47, 0x2d, 0xff,
    0xcb, 0x47, 0x2d, 0xff, 0xcb, 0x47, 0x2d, 0xff, 0xcb, 0x47, 0x2d, 0xff, 0xcb, 0x47, 0x2d, 0xff,
    0xcb, 0x47, 0x2d, 0xff, 0xcb, 0x47, 0x2d, 0xff, 0xcb, 0x47, 0x2d, 0xff, 0xcb, 0x47, 0x2d, 0xff,
    0xcb, 0x47, 0x2d, 0xff, 0xcb, 0x47, 0x2d, 0xff, 0xcb, 0x47, 0x2d, 0xff, 0xcb, 0x47, 0x2d, 0xff,
    0xcb, 0x47, 0x2d, 0xff, 0xcb, 0x47, 0x2d, 0xff, 0xcb, 0x47, 0x2d, 0xff, 0xcb, 0x47, 0x2d, 0xff,
    0xcb, 0x47, 0x2d, 0xff, 0xcb, 0x47, 0x2d, 0xff, 0xcb, 0x47, 0x2d, 0xff, 0xcb, 0x47, 0x2d, 0xff,
    0xcb, 0x47, 0x2d, 0xff, 0xcb, 0x47, 0x2d, 0xff, 0xcb, 0x47, 0x2d, 0xff, 0xcb, 0x47, 0x2d, 0xff,
    0xcb, 0x47, 0x2d, 0xff, 0xcb, 0x47, 0x2d, 0xff, 0xcb, 0x47, 0x2d, 0xff, 0xcb, 0x47, 0x2d, 0xff,
    0xcb, 0x47, 0x2d, 0xff, 0xdb, 0x80, 0x6e, 0xff, 0xff, 0xff, 0xff, 0xff, 0xff, 0xff, 0xff, 0xff,
    0xff, 0xff, 0xff, 0xff, 0xff, 0xff, 0xff, 0xff, 0xff, 0xff, 0xff, 0xff, 0xff, 0xff, 0xff, 0xff,
    0xff, 0xff, 0xff, 0xff, 0xfd, 0xf9, 0xf8, 0xff, 0xe1, 0x94, 0x85, 0xff, 0xcb, 0x47, 0x2d, 0xff,
    0xcb, 0x47, 0x2d, 0xff, 0xcb, 0x47, 0x2d, 0xff, 0xcb, 0x47, 0x2d, 0xff, 0xcb, 0x47, 0x2d, 0xff,
    0xcb, 0x47, 0x2d, 0xff, 0xcb, 0x47, 0x2d, 0xff, 0xcb, 0x47, 0x2d, 0xff, 0xcb, 0x47, 0x2d, 0xff,
    0xcb, 0x47, 0x2d, 0xff, 0xcb, 0x47, 0x2d, 0xff, 0xcb, 0x47, 0x2d, 0xff, 0xcb, 0x47, 0x2d, 0xff,
    0xcb, 0x47, 0x2d, 0xff, 0xcb, 0x47, 0x2d, 0xff, 0xcb, 0x47, 0x2d, 0xff, 0xcb, 0x47, 0x2d, 0xff,
    0xcb, 0x47, 0x2d, 0xff, 0xcb, 0x47, 0x2d, 0xff, 0xcb, 0x47, 0x2d, 0xff, 0xcb, 0x47, 0x2d, 0xff,
    0xcb, 0x47, 0x2d, 0xff, 0xcb, 0x47, 0x2d, 0xff, 0xcb, 0x47, 0x2d, 0xff, 0xcb, 0x47, 0x2d, 0xff,
    0xcb, 0x47, 0x2d, 0xff, 0xcb, 0x47, 0x2d, 0xff, 0xcb, 0x47, 0x2d, 0xff, 0xcb, 0x47, 0x2d, 0xff,
    0xcb, 0x47, 0x2d, 0xff, 0xcb, 0x47, 0x2d, 0xff, 0xcb, 0x47, 0x2d, 0xff, 0xcb, 0x47, 0x2d, 0xff,
    0xcb, 0x47, 0x2d, 0xff, 0xcb, 0x47, 0x2d, 0xff, 0xcb, 0x47, 0x2d, 0xff, 0xcb, 0x47, 0x2d, 0xff,
    0xcb, 0x47, 0x2d, 0xff, 0xcb, 0x47, 0x2d, 0xff, 0xcb, 0x47, 0x2d, 0xff, 0xcb, 0x47, 0x2d, 0xff,
    0xcb, 0x47, 0x2d, 0xff, 0xcb, 0x47, 0x2d, 0xff, 0xcb, 0x47, 0x2d, 0xff, 0xcb, 0x47, 0x2d, 0xff,
    0xcb, 0x47, 0x2d, 0xff, 0xcb, 0x47, 0x2d, 0xff, 0xcb, 0x47, 0x2d, 0xff, 0xcb, 0x47, 0x2d, 0xff,
    0xcb, 0x47, 0x2d, 0xff, 0xcb, 0x47, 0x2d, 0xff, 0xcb, 0x47, 0x2d, 0xff, 0xcb, 0x47, 0x2d, 0xff,
    0xcb, 0x47, 0x2d, 0xff, 0xdb, 0x80, 0x6e, 0xff, 0xff, 0xff, 0xff, 0xff, 0xff, 0xff, 0xff, 0xff,
    0xff, 0xff, 0xff, 0xff, 0xff, 0xff, 0xff, 0xff, 0xff, 0xff, 0xff, 0xff, 0xff, 0xff, 0xff, 0xff,
    0xff, 0xff, 0xff, 0xff, 0xff, 0xff, 0xff, 0xff, 0xff, 0xff, 0xff, 0xff, 0xee, 0xc2, 0xba, 0xff,
    0xcd, 0x4f, 0x37, 0xff, 0xcb, 0x47, 0x2d, 0xff, 0xcb, 0x47, 0x2d, 0xff, 0xcb, 0x47, 0x2d, 0xff,
    0xcb, 0x47, 0x2d, 0xff, 0xcb, 0x47, 0x2d, 0xff, 0xcb, 0x47, 0x2d, 0xff, 0xcb, 0x47, 0x2d, 0xff,
    0xcb, 0x47, 0x2d, 0xff, 0xcb, 0x47, 0x2d, 0xff, 0xcb, 0x47, 0x2d, 0xff, 0xcb, 0x47, 0x2d, 0xff,
    0xcb, 0x47, 0x2d, 0xff, 0xcb, 0x47, 0x2d, 0xff, 0xcb, 0x47, 0x2d, 0xff, 0xcb, 0x47, 0x2d, 0xff,
    0xcb, 0x47, 0x2d, 0xff, 0xcb, 0x47, 0x2d, 0xff, 0xcb, 0x47, 0x2d, 0xff, 0xcb, 0x47, 0x2d, 0xff,
    0xcb, 0x47, 0x2d, 0xff, 0xcb, 0x47, 0x2d, 0xff, 0xcb, 0x47, 0x2d, 0xff, 0xcb, 0x47, 0x2d, 0xff,
    0xcb, 0x47, 0x2d, 0xff, 0xcb, 0x47, 0x2d, 0xff, 0xcb, 0x47, 0x2d, 0xff, 0xcb, 0x47, 0x2d, 0xff,
    0xcb, 0x47, 0x2d, 0xff, 0xcb, 0x47, 0x2d, 0xff, 0xcb, 0x47, 0x2d, 0xff, 0xcb, 0x47, 0x2d, 0xff,
    0xcb, 0x47, 0x2d, 0xff, 0xcb, 0x47, 0x2d, 0xff, 0xcb, 0x47, 0x2d, 0xff, 0xcb, 0x47, 0x2d, 0xff,
    0xcb, 0x47, 0x2d, 0xff, 0xcb, 0x47, 0x2d, 0xff, 0xcb, 0x47, 0x2d, 0xff, 0xcb, 0x47, 0x2d, 0xff,
    0xcb, 0x47, 0x2d, 0xff, 0xcb, 0x47, 0x2d, 0xff, 0xcb, 0x47, 0x2d, 0xff, 0xcb, 0x47, 0x2d, 0xff,
    0xcb, 0x47, 0x2d, 0xff, 0xcb, 0x47, 0x2d, 0xff, 0xcb, 0x47, 0x2d, 0xff, 0xcb, 0x47, 0x2d, 0xff,
    0xcb, 0x47, 0x2d, 0xff, 0xcb, 0x47, 0x2d, 0xff, 0xcb, 0x47, 0x2d, 0xff, 0xcb, 0x47, 0x2d, 0xff,
    0xcb, 0x47, 0x2d, 0xff, 0xdb, 0x80, 0x6e, 0xff, 0xff, 0xff, 0xff, 0xff, 0xff, 0xff, 0xff, 0xff,
    0xff, 0xff, 0xff, 0xff, 0xfd, 0xf9, 0xf8, 0xff, 0xec, 0xbc, 0xb3, 0xff, 0xfd, 0xf9, 0xf8, 0xff,
    0xff, 0xff, 0xff, 0xff, 0xff, 0xff, 0xff, 0xff, 0xff, 0xff, 0xff, 0xff, 0xff, 0xff, 0xff, 0xff,
    0xf8, 0xe8, 0xe4, 0xff, 0xd6, 0x6f, 0x5b, 0xff, 0xcb, 0x47, 0x2d, 0xff, 0xcb, 0x47, 0x2d, 0xff,
    0xcb, 0x47, 0x2d, 0xff, 0xcb, 0x47, 0x2d, 0xff, 0xcb, 0x47, 0x2d, 0xff, 0xcb, 0x47, 0x2d, 0xff,
    0xcb, 0x47, 0x2d, 0xff, 0xcb, 0x47, 0x2d, 0xff, 0xcb, 0x47, 0x2d, 0xff, 0xcb, 0x47, 0x2d, 0xff,
    0xcb, 0x47, 0x2d, 0xff, 0xcb, 0x47, 0x2d, 0xff, 0xcb, 0x47, 0x2d, 0xff, 0xcb, 0x47, 0x2d, 0xff,
    0xcb, 0x47, 0x2d, 0xff, 0xcb, 0x47, 0x2d, 0xff, 0xcb, 0x47, 0x2d, 0xff, 0xcb, 0x47, 0x2d, 0xff,
    0xcb, 0x47, 0x2d, 0xff, 0xcb, 0x47, 0x2d, 0xff, 0xcb, 0x47, 0x2d, 0xff, 0xcb, 0x47, 0x2d, 0xff,
    0xcb, 0x47, 0x2d, 0xff, 0xcb, 0x47, 0x2d, 0xff, 0xcb, 0x47, 0x2d, 0xff, 0xcb, 0x47, 0x2d, 0xff,
    0xcb, 0x47, 0x2d, 0xff, 0xcb, 0x47, 0x2d, 0xff, 0xcb, 0x47, 0x2d, 0xff, 0xcb, 0x47, 0x2d, 0xff,
    0xcb, 0x47, 0x2d, 0xff, 0xcb, 0x47, 0x2d, 0xff, 0xcb, 0x47, 0x2d, 0xff, 0xcb, 0x47, 0x2d, 0xff,
    0xcb, 0x47, 0x2d, 0xff, 0xcb, 0x47, 0x2d, 0xff, 0xcb, 0x47, 0x2d, 0xff, 0xcb, 0x47, 0x2d, 0xff,
    0xcb, 0x47, 0x2d, 0xff, 0xcb, 0x47, 0x2d, 0xff, 0xcb, 0x47, 0x2d, 0xff, 0xce, 0x52, 0x3a, 0xff,
    0xd9, 0x7a, 0x68, 0xff, 0xce, 0x52, 0x3a, 0xff, 0xcb, 0x47, 0x2d, 0xff, 0xcb, 0x47, 0x2d, 0xff,
    0xcb, 0x47, 0x2d, 0xff, 0xcb, 0x47, 0x2d, 0xff, 0xcb, 0x47, 0x2d, 0xff, 0xcb, 0x47, 0x2d, 0xff,
    0xcb, 0x47, 0x2d, 0xff, 0xdb, 0x80, 0x6e, 0xff, 0xff, 0xff, 0xff, 0xff, 0xff, 0xff, 0xff, 0xff,
    0xff, 0xff, 0xff, 0xff, 0xe7, 0xab, 0x9f, 0xff, 0xcb, 0x47, 0x2d, 0xff, 0xd2, 0x61, 0x4a, 0xff,
    0xf6, 0xdf, 0xda, 0xff, 0xff, 0xff, 0xff, 0xff, 0xff, 0xff, 0xff, 0xff, 0xff, 0xff, 0xff, 0xff,
    0xff, 0xff, 0xff, 0xff, 0xfd, 0xf9, 0xf8, 0xff, 0xe1, 0x97, 0x89, 0xff, 0xcb, 0x47, 0x2d, 0xff,
    0xcb, 0x47, 0x2d, 0xff, 0xcb, 0x47, 0x2d, 0xff, 0xcb, 0x47, 0x2d, 0xff, 0xcb, 0x47, 0x2d, 0xff,
    0xcb, 0x47, 0x2d, 0xff, 0xcb, 0x47, 0x2d, 0xff, 0xcb, 0x47, 0x2d, 0xff, 0xcb, 0x47, 0x2d, 0xff,
    0xcb, 0x47, 0x2d, 0xff, 0xcb, 0x47, 0x2d, 0xff, 0xcb, 0x47, 0x2d, 0xff, 0xcb, 0x47, 0x2d, 0xff,
    0xcb, 0x47, 0x2d, 0xff, 0xcb, 0x47, 0x2d, 0xff, 0xcb, 0x47, 0x2d, 0xff, 0xcb, 0x47, 0x2d, 0xff,
    0xcb, 0x47, 0x2d, 0xff, 0xcb, 0x47, 0x2d, 0xff, 0xcb, 0x47, 0x2d, 0xff, 0xcb, 0x47, 0x2d, 0xff,
    0xcb, 0x47, 0x2d, 0xff, 0xcb, 0x47, 0x2d, 0xff, 0xcb, 0x47, 0x2d, 0xff, 0xcb, 0x47, 0x2d, 0xff,
    0xcb, 0x47, 0x2d, 0xff, 0xcb, 0x47, 0x2d, 0xff, 0xcb, 0x47, 0x2d, 0xff, 0xcb, 0x47, 0x2d, 0xff,
    0xcb, 0x47, 0x2d, 0xff, 0xcb, 0x47, 0x2d, 0xff, 0xcb, 0x47, 0x2d, 0xff, 0xcb, 0x47, 0x2d, 0xff,
    0xcb, 0x47, 0x2d, 0xff, 0xcb, 0x47, 0x2d, 0xff, 0xcb, 0x47, 0x2d, 0xff, 0xcb, 0x47, 0x2d, 0xff,
    0xcb, 0x47, 0x2d, 0xff, 0xcb, 0x47, 0x2d, 0xff, 0xd3, 0x63, 0x4e, 0xff, 0xfb, 0xf3, 0xf2, 0xff,
    0xff, 0xff, 0xff, 0xff, 0xf8, 0xe8, 0xe4, 0xff, 0xd2, 0x61, 0x4a, 0xff, 0xcb, 0x47, 0x2d, 0xff,
    0xcb, 0x47, 0x2d, 0xff, 0xcb, 0x47, 0x2d, 0xff, 0xcb, 0x47, 0x2d, 0xff, 0xcb, 0x47, 0x2d, 0xff,
    0xcb, 0x47, 0x2d, 0xff, 0xdb, 0x80, 0x6e, 0xff, 0xff, 0xff, 0xff, 0xff, 0xff, 0xff, 0xff, 0xff,
    0xff, 0xff, 0xff, 0xff, 0xe5, 0xa3, 0x96, 0xff, 0xcb, 0x47, 0x2d, 0xff, 0xcb, 0x47, 0x2d, 0xff,
    0xcc, 0x4c, 0x33, 0xff, 0xea, 0xb4, 0xa9, 0xff, 0xff, 0xff, 0xff, 0xff, 0xff, 0xff, 0xff, 0xff,
    0xff, 0xff, 0xff, 0xff, 0xff, 0xff, 0xff, 0xff, 0xff, 0xff, 0xff, 0xff, 0xee, 0xc5, 0xbd, 0xff,
    0xce, 0x52, 0x3a, 0xff, 0xcb, 0x47, 0x2d, 0xff, 0xcb, 0x47, 0x2d, 0xff, 0xcb, 0x47, 0x2d, 0xff,
    0xcb, 0x47, 0x2d, 0xff, 0xcb, 0x47, 0x2d, 0xff, 0xcb, 0x47, 0x2d, 0xff, 0xcb, 0x47, 0x2d, 0xff,
    0xcb, 0x47, 0x2d, 0xff, 0xcb, 0x47, 0x2d, 0xff, 0xcb, 0x47, 0x2d, 0xff, 0xcb, 0x47, 0x2d, 0xff,
    0xcb, 0x47, 0x2d, 0xff, 0xcb, 0x47, 0x2d, 0xff, 0xcb, 0x47, 0x2d, 0xff, 0xcb, 0x47, 0x2d, 0xff,
    0xcb, 0x47, 0x2d, 0xff, 0xcb, 0x47, 0x2d, 0xff, 0xcb, 0x47, 0x2d, 0xff, 0xcb, 0x47, 0x2d, 0xff,
    0xcb, 0x47, 0x2d, 0xff, 0xcb, 0x47, 0x2d, 0xff, 0xcb, 0x47, 0x2d, 0xff, 0xcb, 0x47, 0x2d, 0xff,
    0xcb, 0x47, 0x2d, 0xff, 0xcb, 0x47, 0x2d, 0xff, 0xcb, 0x47, 0x2d, 0xff, 0xcb, 0x47, 0x2d, 0xff,
    0xcb, 0x47, 0x2d, 0xff, 0xcb, 0x47, 0x2d, 0xff, 0xcb, 0x47, 0x2d, 0xff, 0xcb, 0x47, 0x2d, 0xff,
    0xcb, 0x47, 0x2d, 0xff, 0xcb, 0x47, 0x2d, 0xff, 0xcb, 0x47, 0x2d, 0xff, 0xcb, 0x47, 0x2d, 0xff,
    0xcb, 0x47, 0x2d, 0xff, 0xcb, 0x47, 0x2d, 0xff, 0xe3, 0x9d, 0x8f, 0xff, 0xff, 0xff, 0xff, 0xff,
    0xff, 0xff, 0xff, 0xff, 0xff, 0xff, 0xff, 0xff, 0xfd, 0xf9, 0xf8, 0xff, 0xdb, 0x80, 0x6f, 0xff,
    0xcb, 0x47, 0x2d, 0xff, 0xcb, 0x47, 0x2d, 0xff, 0xcb, 0x47, 0x2d, 0xff, 0xcb, 0x47, 0x2d, 0xff,
    0xcb, 0x47, 0x2d, 0xff, 0xdb, 0x80, 0x6e, 0xff, 0xff, 0xff, 0xff, 0xff, 0xff, 0xff, 0xff, 0xff,
    0xff, 0xff, 0xff, 0xff, 0xe5, 0xa3, 0x96, 0xff, 0xcb, 0x47, 0x2d, 0xff, 0xcb, 0x47, 0x2d, 0xff,
    0xcb, 0x47, 0x2d, 0xff, 0xcb, 0x47, 0x2d, 0xff, 0xdd, 0x86, 0x75, 0xff, 0xfd, 0xf9, 0xf8, 0xff,
    0xff, 0xff, 0xff, 0xff, 0xff, 0xff, 0xff, 0xff, 0xff, 0xff, 0xff, 0xff, 0xff, 0xff, 0xff, 0xff,
    0xf2, 0xd1, 0xca, 0xff, 0xcb, 0x47, 0x2d, 0xff, 0xcb, 0x47, 0x2d, 0xff, 0xcb, 0x47, 0x2d, 0xff,
    0xcb, 0x47, 0x2d, 0xff, 0xcb, 0x47, 0x2d, 0xff, 0xcb, 0x47, 0x2d, 0xff, 0xcb, 0x47, 0x2d, 0xff,
    0xcb, 0x47, 0x2d, 0xff, 0xcb, 0x47, 0x2d, 0xff, 0xcb, 0x47, 0x2d, 0xff, 0xcb, 0x47, 0x2d, 0xff,
    0xcb, 0x47, 0x2d, 0xff, 0xcb, 0x47, 0x2d, 0xff, 0xcb, 0x47, 0x2d, 0xff, 0xcb, 0x47, 0x2d, 0xff,
    0xcb, 0x47, 0x2d, 0xff, 0xcb, 0x47, 0x2d, 0xff, 0xcb, 0x47, 0x2d, 0xff, 0xcb, 0x47, 0x2d, 0xff,
    0xcb, 0x47, 0x2d, 0xff, 0xcb, 0x47, 0x2d, 0xff, 0xcb, 0x47, 0x2d, 0xff, 0xcb, 0x47, 0x2d, 0xff,
    0xcb, 0x47, 0x2d, 0xff, 0xcb, 0x47, 0x2d, 0xff, 0xcb, 0x47, 0x2d, 0xff, 0xcb, 0x47, 0x2d, 0xff,
    0xcb, 0x47, 0x2d, 0xff, 0xcb, 0x47, 0x2d, 0xff, 0xcb, 0x47, 0x2d, 0xff, 0xcb, 0x47, 0x2d, 0xff,
    0xcb, 0x47, 0x2d, 0xff, 0xcb, 0x47, 0x2d, 0xff, 0xcb, 0x47, 0x2d, 0xff, 0xcb, 0x47, 0x2d, 0xff,
    0xcb, 0x47, 0x2d, 0xff, 0xcb, 0x47, 0x2d, 0xff, 0xd8, 0x77, 0x65, 0xff, 0xff, 0xff, 0xff, 0xff,
    0xff, 0xff, 0xff, 0xff, 0xff, 0xff, 0xff, 0xff, 0xff, 0xff, 0xff, 0xff, 0xff, 0xff, 0xff, 0xff,
    0xe6, 0xa8, 0x9c, 0xff, 0xcb, 0x49, 0x30, 0xff, 0xcb, 0x47, 0x2d, 0xff, 0xcb, 0x47, 0x2d, 0xff,
    0xcb, 0x47, 0x2d, 0xff, 0xdb, 0x80, 0x6e, 0xff, 0xff, 0xff, 0xff, 0xff, 0xff, 0xff, 0xff, 0xff,
    0xff, 0xff, 0xff, 0xff, 0xe5, 0xa3, 0x96, 0xff, 0xcb, 0x47, 0x2d, 0xff, 0xcb, 0x47, 0x2d, 0xff,
    0xcb, 0x47, 0x2d, 0xff, 0xcb, 0x47, 0x2d, 0xff, 0xcb, 0x47, 0x2d, 0xff, 0xf0, 0xcb, 0xc4, 0xff,
    0xff, 0xff, 0xff, 0xff, 0xff, 0xff, 0xff, 0xff, 0xff, 0xff, 0xff, 0xff, 0xff, 0xff, 0xff, 0xff,
    0xfe, 0xfc, 0xfb, 0xff, 0xcb, 0x47, 0x2d, 0xff, 0xcb, 0x47, 0x2d, 0xff, 0xcb, 0x47, 0x2d, 0xff,
    0xcb, 0x47, 0x2d, 0xff, 0xcb, 0x47, 0x2d, 0xff, 0xcb, 0x47, 0x2d, 0xff, 0xcb, 0x47, 0x2d, 0xff,
    0xcb, 0x47, 0x2d, 0xff, 0xcb, 0x47, 0x2d, 0xff, 0xcb, 0x47, 0x2d, 0xff, 0xcb, 0x47, 0x2d, 0xff,
    0xcb, 0x47, 0x2d, 0xff, 0xcb, 0x47, 0x2d, 0xff, 0xcb, 0x47, 0x2d, 0xff, 0xcb, 0x47, 0x2d, 0xff,
    0xcb, 0x47, 0x2d, 0xff, 0xcb, 0x47, 0x2d, 0xff, 0xcb, 0x47, 0x2d, 0xff, 0xcb, 0x47, 0x2d, 0xff,
    0xcb, 0x47, 0x2d, 0xff, 0xcb, 0x47, 0x2d, 0xff, 0xcb, 0x47, 0x2d, 0xff, 0xcb, 0x47, 0x2d, 0xff,
    0xcb, 0x47, 0x2d, 0xff, 0xcb, 0x47, 0x2d, 0xff, 0xcb, 0x47, 0x2d, 0xff, 0xcb, 0x47, 0x2d, 0xff,
    0xcb, 0x47, 0x2d, 0xff, 0xcb, 0x47, 0x2d, 0xff, 0xcb, 0x47, 0x2d, 0xff, 0xcb, 0x47, 0x2d, 0xff,
    0xcb, 0x47, 0x2d, 0xff, 0xcb, 0x47, 0x2d, 0xff, 0xcb, 0x47, 0x2d, 0xff, 0xcb, 0x47, 0x2d, 0xff,
    0xcb, 0x47, 0x2d, 0xff, 0xcb, 0x47, 0x2d, 0xff, 0xcb, 0x47, 0x2d, 0xff, 0xdf, 0x8e, 0x7f, 0xff,
    0xfd, 0xf9, 0xf8, 0xff, 0xff, 0xff, 0xff, 0xff, 0xff, 0xff, 0xff, 0xff, 0xff, 0xff, 0xff, 0xff,
    0xff, 0xff, 0xff, 0xff, 0xf1, 0xce, 0xc7, 0xff, 0xcf, 0x55, 0x3d, 0xff, 0xcb, 0x47, 0x2d, 0xff,
    0xcb, 0x47, 0x2d, 0xff, 0xdb, 0x80, 0x6e, 0xff, 0xff, 0xff, 0xff, 0xff, 0xff, 0xff, 0xff, 0xff,
    0xff, 0xff, 0xff, 0xff, 0xe5, 0xa3, 0x96, 0xff, 0xcb, 0x47, 0x2d, 0xff, 0xcb, 0x47, 0x2d, 0xff,
    0xcb, 0x47, 0x2d, 0xff, 0xcb, 0x47, 0x2d, 0xff, 0xe1, 0x94, 0x85, 0xff, 0xfe, 0xfc, 0xfb, 0xff,
    0xff, 0xff, 0xff, 0xff, 0xff, 0xff, 0xff, 0xff, 0xff, 0xff, 0xff, 0xff, 0xff, 0xff, 0xff, 0xff,
    0xeb, 0xb9, 0xb0, 0xff, 0xcb, 0x47, 0x2d, 0xff, 0xcb, 0x47, 0x2d, 0xff, 0xcb, 0x47, 0x2d, 0xff,
    0xcb, 0x47, 0x2d, 0xff, 0xcb, 0x47, 0x2d, 0xff, 0xcb, 0x47, 0x2d, 0xff, 0xcb, 0x47, 0x2d, 0xff,
    0xcb, 0x47, 0x2d, 0xff, 0xcb, 0x47, 0x2d, 0xff, 0xcb, 0x47, 0x2d, 0xff, 0xcb, 0x47, 0x2d, 0xff,
    0xcb, 0x47, 0x2d, 0xff, 0xcb, 0x47, 0x2d, 0xff, 0xcb, 0x47, 0x2d, 0xff, 0xcb, 0x47, 0x2d, 0xff,
    0xcb, 0x47, 0x2d, 0xff, 0xcb, 0x47, 0x2d, 0xff, 0xcb, 0x47, 0x2d, 0xff, 0xcb, 0x47, 0x2d, 0xff,
    0xcb, 0x47, 0x2d, 0xff, 0xcb, 0x47, 0x2d, 0xff, 0xcb, 0x47, 0x2d, 0xff, 0xcb, 0x47, 0x2d, 0xff,
    0xcb, 0x47, 0x2d, 0xff, 0xcb, 0x47, 0x2d, 0xff, 0xcb, 0x47, 0x2d, 0xff, 0xcb, 0x47, 0x2d, 0xff,
    0xcb, 0x47, 0x2d, 0xff, 0xcb, 0x47, 0x2d, 0xff, 0xcb, 0x47, 0x2d, 0xff, 0xcb, 0x47, 0x2d, 0xff,
    0xcb, 0x47, 0x2d, 0xff, 0xcb, 0x47, 0x2d, 0xff, 0xcb, 0x47, 0x2d, 0xff, 0xcb, 0x47, 0x2d, 0xff,
    0xcb, 0x47, 0x2d, 0xff, 0xcb, 0x47, 0x2d, 0xff, 0xcb, 0x47, 0x2d, 0xff, 0xcb, 0x47, 0x2d, 0xff,
    0xd6, 0x6f, 0x5b, 0xff, 0xf8, 0xe8, 0xe4, 0xff, 0xff, 0xff, 0xff, 0xff, 0xff, 0xff, 0xff, 0xff,
    0xff, 0xff, 0xff, 0xff, 0xff, 0xff, 0xff, 0xff, 0xf8, 0xe8, 0xe4, 0xff, 0xd5, 0x6c, 0x57, 0xff,
    0xcb, 0x47, 0x2d, 0xff, 0xdc, 0x83, 0x71, 0xff, 0xff, 0xff, 0xff, 0xff, 0xff, 0xff, 0xff, 0xff,
    0xff, 0xff, 0xff, 0xff, 0xe5, 0xa3, 0x96, 0xff, 0xcb, 0x47, 0x2d, 0xff, 0xcb, 0x47, 0x2d, 0xff,
    0xcc, 0x4c, 0x33, 0xff, 0xeb, 0xb9, 0xb0, 0xff, 0xff, 0xff, 0xff, 0xff, 0xff, 0xff, 0xff, 0xff,
    0xff, 0xff, 0xff, 0xff, 0xff, 0xff, 0xff, 0xff, 0xff, 0xff, 0xff, 0xff, 0xe5, 0xa2, 0x96, 0xff,
    0xcb, 0x49, 0x30, 0xff, 0xcb, 0x47, 0x2d, 0xff, 0xcb, 0x47, 0x2d, 0xff, 0xcb, 0x47, 0x2d, 0xff,
    0xcb, 0x47, 0x2d, 0xff, 0xcb, 0x47, 0x2d, 0xff, 0xcb, 0x47, 0x2d, 0xff, 0xcb, 0x47, 0x2d, 0xff,
    0xcb, 0x47, 0x2d, 0xff, 0xcb, 0x47, 0x2d, 0xff, 0xcb, 0x47, 0x2d, 0xff, 0xcb, 0x47, 0x2d, 0xff,
    0xcb, 0x47, 0x2d, 0xff, 0xcb, 0x47, 0x2d, 0xff, 0xcb, 0x47, 0x2d, 0xff, 0xcb, 0x47, 0x2d, 0xff,
    0xcb, 0x47, 0x2d, 0xff, 0xcb, 0x47, 0x2d, 0xff, 0xcb, 0x47, 0x2d, 0xff, 0xcb, 0x47, 0x2d, 0xff,
    0xcb, 0x47, 0x2d, 0xff, 0xcb, 0x47, 0x2d, 0xff, 0xcb, 0x47, 0x2d, 0xff, 0xcb, 0x47, 0x2d, 0xff,
    0xcb, 0x47, 0x2d, 0xff, 0xcb, 0x47, 0x2d, 0xff, 0xcb, 0x47, 0x2d, 0xff, 0xcb, 0x47, 0x2d, 0xff,
    0xcb, 0x47, 0x2d, 0xff, 0xcb, 0x47, 0x2d, 0xff, 0xcb, 0x47, 0x2d, 0xff, 0xcb, 0x47, 0x2d, 0xff,
    0xcb, 0x47, 0x2d, 0xff, 0xcb, 0x47, 0x2d, 0xff, 0xcb, 0x47, 0x2d, 0xff, 0xcb, 0x47, 0x2d, 0xff,
    0xcb, 0x47, 0x2d, 0xff, 0xcb, 0x47, 0x2d, 0xff, 0xcb, 0x47, 0x2d, 0xff, 0xcb, 0x47, 0x2d, 0xff,
    0xcb, 0x47, 0x2d, 0xff, 0xd0, 0x58, 0x40, 0xff, 0xf1, 0xce, 0xc7, 0xff, 0xff, 0xff, 0xff, 0xff,
    0xff, 0xff, 0xff, 0xff, 0xff, 0xff, 0xff, 0xff, 0xff, 0xff, 0xff, 0xff, 0xfd, 0xf9, 0xf8, 0xff,
    0xe7, 0xab, 0xa0, 0xff, 0xf7, 0xe2, 0xde, 0xff, 0xff, 0xff, 0xff, 0xff, 0xff, 0xff, 0xff, 0xff,
    0xff, 0xff, 0xff, 0xff, 0xe6, 0xa8, 0x9c, 0xff, 0xcb, 0x47, 0x2d, 0xff, 0xd1, 0x5e, 0x47, 0xff,
    0xf4, 0xd9, 0xd4, 0xff, 0xff, 0xff, 0xff, 0xff, 0xff, 0xff, 0xff, 0xff, 0xff, 0xff, 0xff, 0xff,
    0xff, 0xff, 0xff, 0xff, 0xfb, 0xf3, 0xf2, 0xff, 0xda, 0x7d, 0x6b, 0xff, 0xcb, 0x47, 0x2d, 0xff,
    0xcb, 0x47, 0x2d, 0xff, 0xcb, 0x47, 0x2d, 0xff, 0xcb, 0x47, 0x2d, 0xff, 0xcb, 0x47, 0x2d, 0xff,
    0xcb, 0x47, 0x2d, 0xff, 0xcb, 0x47, 0x2d, 0xff, 0xcb, 0x47, 0x2d, 0xff, 0xcb, 0x47, 0x2d, 0xff,
    0xcb, 0x47, 0x2d, 0xff, 0xcb, 0x47, 0x2d, 0xff, 0xcb, 0x47, 0x2d, 0xff, 0xcb, 0x47, 0x2d, 0xff,
    0xcb, 0x47, 0x2d, 0xff, 0xcb, 0x47, 0x2d, 0xff, 0xcb, 0x47, 0x2d, 0xff, 0xcb, 0x47, 0x2d, 0xff,
    0xcb, 0x47, 0x2d, 0xff, 0xcb, 0x47, 0x2d, 0xff, 0xcb, 0x47, 0x2d, 0xff, 0xcb, 0x47, 0x2d, 0xff,
    0xcb, 0x47, 0x2d, 0xff, 0xcb, 0x47, 0x2d, 0xff, 0xcb, 0x47, 0x2d, 0xff, 0xcb, 0x47, 0x2d, 0xff,
    0xcb, 0x47, 0x2d, 0xff, 0xcb, 0x47, 0x2d, 0xff, 0xcb, 0x47, 0x2d, 0xff, 0xcb, 0x47, 0x2d, 0xff,
    0xcb, 0x47, 0x2d, 0xff, 0xcb, 0x47, 0x2d, 0xff, 0xcb, 0x47, 0x2d, 0xff, 0xcb, 0x47, 0x2d, 0xff,
    0xcb, 0x47, 0x2d, 0xff, 0xcb, 0x47, 0x2d, 0xff, 0xcb, 0x47, 0x2d, 0xff, 0xcb, 0x47, 0x2d, 0xff,
    0xcb, 0x47, 0x2d, 0xff, 0xcb, 0x47, 0x2d, 0xff, 0xcb, 0x47, 0x2d, 0xff, 0xcb, 0x47, 0x2d, 0xff,
    0xcb, 0x47, 0x2d, 0xff, 0xcb, 0x47, 0x2d, 0xff, 0xcc, 0x4c, 0x33, 0xff, 0xe7, 0xab, 0x9f, 0xff,
    0xff, 0xff, 0xff, 0xff, 0xff, 0xff, 0xff, 0xff, 0xff, 0xff, 0xff, 0xff, 0xff, 0xff, 0xff, 0xff,
    0xff, 0xff, 0xff, 0xff, 0xff, 0xff, 0xff, 0xff, 0xff, 0xff, 0xff, 0xff, 0xff, 0xff, 0xff, 0xff,
    0xff, 0xff, 0xff, 0xff, 0xfc, 0xf6, 0xf5, 0xff, 0xe9, 0xb1, 0xa6, 0xff, 0xfa, 0xf0, 0xee, 0xff,
    0xff, 0xff, 0xff, 0xff, 0xff, 0xff, 0xff, 0xff, 0xff, 0xff, 0xff, 0xff, 0xff, 0xff, 0xff, 0xff,
    0xf7, 0xe2, 0xde, 0xff, 0xd2, 0x60, 0x4a, 0xff, 0xcb, 0x47, 0x2d, 0xff, 0xcb, 0x47, 0x2d, 0xff,
    0xcb, 0x47, 0x2d, 0xff, 0xcb, 0x47, 0x2d, 0xff, 0xcb, 0x47, 0x2d, 0xff, 0xcb, 0x47, 0x2d, 0xff,
    0xcb, 0x47, 0x2d, 0xff, 0xcb, 0x47, 0x2d, 0xff, 0xcb, 0x47, 0x2d, 0xff, 0xcb, 0x47, 0x2d, 0xff,
    0xcb, 0x47, 0x2d, 0xff, 0xcb, 0x47, 0x2d, 0xff, 0xcb, 0x47, 0x2d, 0xff, 0xcb, 0x47, 0x2d, 0xff,
    0xcb, 0x47, 0x2d, 0xff, 0xcb, 0x47, 0x2d, 0xff, 0xcb, 0x47, 0x2d, 0xff, 0xcb, 0x47, 0x2d, 0xff,
    0xcb, 0x47, 0x2d, 0xff, 0xcb, 0x47, 0x2d, 0xff, 0xcb, 0x47, 0x2d, 0xff, 0xcb, 0x47, 0x2d, 0xff,
    0xcb, 0x47, 0x2d, 0xff, 0xcb, 0x47, 0x2d, 0xff, 0xcb, 0x47, 0x2d, 0xff, 0xcb, 0x47, 0x2d, 0xff,
    0xcb, 0x47, 0x2d, 0xff, 0xcb, 0x47, 0x2d, 0xff, 0xcb, 0x47, 0x2d, 0xff, 0xcb, 0x47, 0x2d, 0xff,
    0xcb, 0x47, 0x2d, 0xff, 0xcb, 0x47, 0x2d, 0xff, 0xcb, 0x47, 0x2d, 0xff, 0xcb, 0x47, 0x2d, 0xff,
    0xcb, 0x47, 0x2d, 0xff, 0xcb, 0x47, 0x2d, 0xff, 0xcb, 0x47, 0x2d, 0xff, 0xcb, 0x47, 0x2d, 0xff,
    0xcb, 0x47, 0x2d, 0xff, 0xcb, 0x47, 0x2d, 0xff, 0xcb, 0x47, 0x2d, 0xff, 0xcb, 0x47, 0x2d, 0xff,
    0xcb, 0x47, 0x2d, 0xff, 0xcb, 0x47, 0x2d, 0xff, 0xcb, 0x47, 0x2d, 0xff, 0xcb, 0x47, 0x2d, 0xff,
    0xdc, 0x83, 0x72, 0xff, 0xfd, 0xf9, 0xf8, 0xff, 0xff, 0xff, 0xff, 0xff, 0xff, 0xff, 0xff, 0xff,
    0xff, 0xff, 0xff, 0xff, 0xff, 0xff, 0xff, 0xff, 0xff, 0xff, 0xff, 0xff, 0xff, 0xff, 0xff, 0xff,
    0xff, 0xff, 0xff, 0xff, 0xff, 0xff, 0xff, 0xff, 0xff, 0xff, 0xff, 0xff, 0xff, 0xff, 0xff, 0xff,
    0xff, 0xff, 0xff, 0xff, 0xff, 0xff, 0xff, 0xff, 0xff, 0xff, 0xff, 0xff, 0xee, 0xc2, 0xba, 0xff,
    0xcd, 0x4f, 0x36, 0xff, 0xcb, 0x47, 0x2d, 0xff, 0xcb, 0x47, 0x2d, 0xff, 0xcb, 0x47, 0x2d, 0xff,
    0xcb, 0x47, 0x2d, 0xff, 0xcb, 0x47, 0x2d, 0xff, 0xcb, 0x47, 0x2d, 0xff, 0xcb, 0x47, 0x2d, 0xff,
    0xcb, 0x47, 0x2d, 0xff, 0xcb, 0x47, 0x2d, 0xff, 0xcb, 0x47, 0x2d, 0xff, 0xcb, 0x47, 0x2d, 0xff,
    0xcb, 0x47, 0x2d, 0xff, 0xcb, 0x47, 0x2d, 0xff, 0xcb, 0x47, 0x2d, 0xff, 0xcb, 0x47, 0x2d, 0xff,
    0xcb, 0x47, 0x2d, 0xff, 0xcb, 0x47, 0x2d, 0xff, 0xcb, 0x47, 0x2d, 0xff, 0xcb, 0x47, 0x2d, 0xff,
    0xcb, 0x47, 0x2d, 0xff, 0xcb, 0x47, 0x2d, 0xff, 0xcb, 0x47, 0x2d, 0xff, 0xcb, 0x47, 0x2d, 0xff,
    0xcb, 0x47, 0x2d, 0xff, 0xcb, 0x47, 0x2d, 0xff, 0xcb, 0x47, 0x2d, 0xff, 0xcb, 0x47, 0x2d, 0xff,
    0xcb, 0x47, 0x2d, 0xff, 0xcb, 0x47, 0x2d, 0xff, 0xcb, 0x47, 0x2d, 0xff, 0xcb, 0x47, 0x2d, 0xff,
    0xcb, 0x47, 0x2d, 0xff, 0xcb, 0x47, 0x2d, 0xff, 0xcb, 0x47, 0x2d, 0xff, 0xcb, 0x47, 0x2d, 0xff,
    0xcb, 0x47, 0x2d, 0xff, 0xcb, 0x47, 0x2d, 0xff, 0xcb, 0x47, 0x2d, 0xff, 0xcb, 0x47, 0x2d, 0xff,
    0xcb, 0x47, 0x2d, 0xff, 0xcb, 0x47, 0x2d, 0xff, 0xcb, 0x47, 0x2d, 0xff, 0xcb, 0x47, 0x2d, 0xff,
    0xcb, 0x47, 0x2d, 0xff, 0xcb, 0x47, 0x2d, 0xff, 0xcb, 0x47, 0x2d, 0xff, 0xcb, 0x47, 0x2d, 0xff,
    0xcb, 0x47, 0x2d, 0xff, 0xd3, 0x66, 0x51, 0xff, 0xf8, 0xe8, 0xe4, 0xff, 0xff, 0xff, 0xff, 0xff,
    0xff, 0xff, 0xff, 0xff, 0xff, 0xff, 0xff, 0xff, 0xff, 0xff, 0xff, 0xff, 0xff, 0xff, 0xff, 0xff,
    0xff, 0xff, 0xff, 0xff, 0xff, 0xff, 0xff, 0xff, 0xff, 0xff, 0xff, 0xff, 0xff, 0xff, 0xff, 0xff,
    0xff, 0xff, 0xff, 0xff, 0xfe, 0xfc, 0xfb, 0xff, 0xe3, 0x9d, 0x8f, 0xff, 0xcb, 0x47, 0x2d, 0xff,
    0xcb, 0x47, 0x2d, 0xff, 0xcb, 0x47, 0x2d, 0xff, 0xcb, 0x47, 0x2d, 0xff, 0xcb, 0x47, 0x2d, 0xff,
    0xcb, 0x47, 0x2d, 0xff, 0xcb, 0x47, 0x2d, 0xff, 0xcb, 0x47, 0x2d, 0xff, 0xcb, 0x47, 0x2d, 0xff,
    0xcb, 0x47, 0x2d, 0xff, 0xcb, 0x47, 0x2d, 0xff, 0xcb, 0x47, 0x2d, 0xff, 0xcb, 0x47, 0x2d, 0xff,
    0xcb, 0x47, 0x2d, 0xff, 0xcb, 0x47, 0x2d, 0xff, 0xcb, 0x47, 0x2d, 0xff, 0xcb, 0x47, 0x2d, 0xff,
    0xcb, 0x47, 0x2d, 0xff, 0xcb, 0x47, 0x2d, 0xff, 0xcb, 0x47, 0x2d, 0xff, 0xcb, 0x47, 0x2d, 0xff,
    0xcb, 0x47, 0x2d, 0xff, 0xcb, 0x47, 0x2d, 0xff, 0xcb, 0x47, 0x2d, 0xff, 0xcb, 0x47, 0x2d, 0xff,
    0xcb, 0x47, 0x2d, 0xff, 0xcb, 0x47, 0x2d, 0xff, 0xcb, 0x47, 0x2d, 0xff, 0xcb, 0x47, 0x2d, 0xff,
    0xcb, 0x47, 0x2d, 0xff, 0xcb, 0x47, 0x2d, 0xff, 0xcb, 0x47, 0x2d, 0xff, 0xcb, 0x47, 0x2d, 0xff,
    0xcb, 0x47, 0x2d, 0xff, 0xcb, 0x47, 0x2d, 0xff, 0xcb, 0x47, 0x2d, 0xff, 0xcb, 0x47, 0x2d, 0xff,
    0xcb, 0x47, 0x2d, 0xff, 0xcb, 0x47, 0x2d, 0xff, 0xcb, 0x47, 0x2d, 0xff, 0xcb, 0x47, 0x2d, 0xff,
    0xcb, 0x47, 0x2d, 0xff, 0xcb, 0x47, 0x2d, 0xff, 0xcb, 0x47, 0x2d, 0xff, 0xcb, 0x47, 0x2d, 0xff,
    0xcb, 0x47, 0x2d, 0xff, 0xcb, 0x47, 0x2d, 0xff, 0xcb, 0x47, 0x2d, 0xff, 0xcb, 0x47, 0x2d, 0xff,
    0xcb, 0x47, 0x2d, 0xff, 0xcb, 0x47, 0x2d, 0xff, 0xce, 0x52, 0x3a, 0xff, 0xf0, 0xcb, 0xc4, 0xff,
    0xff, 0xff, 0xff, 0xff, 0xff, 0xff, 0xff, 0xff, 0xff, 0xff, 0xff, 0xff, 0xff, 0xff, 0xff, 0xff,
    0xff, 0xff, 0xff, 0xff, 0xff, 0xff, 0xff, 0xff, 0xff, 0xff, 0xff, 0xff, 0xff, 0xff, 0xff, 0xff,
    0xfa, 0xf0, 0xee, 0xff, 0xd8, 0x77, 0x64, 0xff, 0xcb, 0x47, 0x2d, 0xff, 0xcb, 0x47, 0x2d, 0xff,
    0xcb, 0x47, 0x2d, 0xff, 0xcb, 0x47, 0x2d, 0xff, 0xcb, 0x47, 0x2d, 0xff, 0xcb, 0x47, 0x2d, 0xff,
    0xcb, 0x47, 0x2d, 0xff, 0xcb, 0x47, 0x2d, 0xff, 0xcb, 0x47, 0x2d, 0xff, 0xcb, 0x47, 0x2d, 0xff,
    0xcb, 0x47, 0x2d, 0xff, 0xcb, 0x47, 0x2d, 0xff, 0xcb, 0x47, 0x2d, 0xff, 0xcb, 0x47, 0x2d, 0xff,
    0xcb, 0x47, 0x2d, 0xff, 0xcb, 0x47, 0x2d, 0xff, 0xcb, 0x47, 0x2d, 0xff, 0xcb, 0x47, 0x2d, 0xff,
    0xcb, 0x47, 0x2d, 0xff, 0xcb, 0x47, 0x2d, 0xff, 0xcb, 0x47, 0x2d, 0xff, 0xcb, 0x47, 0x2d, 0xff,
    0xcb, 0x47, 0x2d, 0xff, 0xcb, 0x47, 0x2d, 0xff, 0xcb, 0x47, 0x2d, 0xff, 0xcb, 0x47, 0x2d, 0xff,
    0xcb, 0x47, 0x2d, 0xff, 0xcb, 0x47, 0x2d, 0xff, 0xcb, 0x47, 0x2d, 0xff, 0xcb, 0x47, 0x2d, 0xff,
    0xcb, 0x47, 0x2d, 0xff, 0xcb, 0x47, 0x2d, 0xff, 0xcb, 0x47, 0x2d, 0xff, 0xcb, 0x47, 0x2d, 0xff,
    0xcb, 0x47, 0x2d, 0xff, 0xcb, 0x47, 0x2d, 0xff, 0xcb, 0x47, 0x2d, 0xff, 0xcb, 0x47, 0x2d, 0xff,
    0xcb, 0x47, 0x2d, 0xff, 0xcb, 0x47, 0x2d, 0xff, 0xcb, 0x47, 0x2d, 0xff, 0xcb, 0x47, 0x2d, 0xff,
    0xcb, 0x47, 0x2d, 0xff, 0xcb, 0x47, 0x2d, 0xff, 0xcb, 0x47, 0x2d, 0xff, 0xcb, 0x47, 0x2d, 0xff,
    0xcb, 0x47, 0x2d, 0xff, 0xcb, 0x47, 0x2d, 0xff, 0xcb, 0x47, 0x2d, 0xff, 0xcb, 0x47, 0x2d, 0xff,
    0xcb, 0x47, 0x2d, 0xff, 0xcb, 0x47, 0x2d, 0xff, 0xcb, 0x47, 0x2d, 0xff, 0xcb, 0x47, 0x2d, 0xff,
    0xed, 0xc2, 0xba, 0xff, 0xff, 0xff, 0xff, 0xff, 0xff, 0xff, 0xff, 0xff, 0xff, 0xff, 0xff, 0xff,
    0xff, 0xff, 0xff, 0xff, 0xff, 0xff, 0xff, 0xff, 0xff, 0xff, 0xff, 0xff, 0xfd, 0xf9, 0xf8, 0xff,
    0xd1, 0x5e, 0x47, 0xff, 0xcb, 0x47, 0x2d, 0xff, 0xcb, 0x47, 0x2d, 0xff, 0xcb, 0x47, 0x2d, 0xff,
    0xcb, 0x47, 0x2d, 0xff, 0xcb, 0x47, 0x2d, 0xff, 0xcb, 0x47, 0x2d, 0xff, 0xcb, 0x47, 0x2d, 0xff,
    0xcb, 0x47, 0x2d, 0xff, 0xcb, 0x47, 0x2d, 0xff, 0xcb, 0x47, 0x2d, 0xff, 0xcb, 0x47, 0x2d, 0xff,
    0xcb, 0x47, 0x2d, 0xff, 0xcb, 0x47, 0x2d, 0xff, 0xcb, 0x47, 0x2d, 0xff, 0xcb, 0x47, 0x2d, 0xff,
    0xcb, 0x47, 0x2d, 0xff, 0xcb, 0x47, 0x2d, 0xff, 0xcb, 0x47, 0x2d, 0xff, 0xcb, 0x47, 0x2d, 0xff,
    0xcb, 0x47, 0x2d, 0xff, 0xcb, 0x47, 0x2d, 0xff, 0xcb, 0x47, 0x2d, 0xff, 0xcb, 0x47, 0x2d, 0xff,
    0xcb, 0x47, 0x2d, 0xff, 0xcb, 0x47, 0x2d, 0xff, 0xcb, 0x47, 0x2d, 0xff, 0xcb, 0x47, 0x2d, 0xff,
    0xcb, 0x47, 0x2d, 0xff, 0xcb, 0x47, 0x2d, 0xff, 0xcb, 0x47, 0x2d, 0xff, 0xcb, 0x47, 0x2d, 0xff,
    0xcb, 0x47, 0x2d, 0xff, 0xcb, 0x47, 0x2d, 0xff, 0xcb, 0x47, 0x2d, 0xff, 0xcb, 0x47, 0x2d, 0xff,
    0xcb, 0x47, 0x2d, 0xff, 0xcb, 0x47, 0x2d, 0xff, 0xcb, 0x47, 0x2d, 0xff, 0xcb, 0x47, 0x2d, 0xff,
    0xcb, 0x47, 0x2d, 0xff, 0xcb, 0x47, 0x2d, 0xff, 0xcb, 0x47, 0x2d, 0xff, 0xcb, 0x47, 0x2d, 0xff,
    0xcb, 0x47, 0x2d, 0xff, 0xcb, 0x47, 0x2d, 0xff, 0xcb, 0x47, 0x2d, 0xff, 0xcb, 0x47, 0x2d, 0xff,
    0xcb, 0x47, 0x2d, 0xff, 0xcb, 0x47, 0x2d, 0xff, 0xcb, 0x47, 0x2d, 0xff, 0xcb, 0x47, 0x2d, 0xff,
    0xcb, 0x47, 0x2d, 0xff, 0xcb, 0x47, 0x2d, 0xff, 0xcb, 0x47, 0x2d, 0xff, 0xcb, 0x49, 0x30, 0xff,
    0xee, 0xc5, 0xbd, 0xff, 0xff, 0xff, 0xff, 0xff, 0xff, 0xff, 0xff, 0xff, 0xff, 0xff, 0xff, 0xff,
    0xff, 0xff, 0xff, 0xff, 0xff, 0xff, 0xff, 0xff, 0xff, 0xff, 0xff, 0xff, 0xfd, 0xf9, 0xf8, 0xff,
    0xd1, 0x5e, 0x47, 0xff, 0xcb, 0x47, 0x2d, 0xff, 0xcb, 0x47, 0x2d, 0xff, 0xcb, 0x47, 0x2d, 0xff,
    0xcb, 0x47, 0x2d, 0xff, 0xcb, 0x47, 0x2d, 0xff, 0xcb, 0x47, 0x2d, 0xff, 0xcb, 0x47, 0x2d, 0xff,
    0xcb, 0x47, 0x2d, 0xff, 0xcb, 0x47, 0x2d, 0xff, 0xcb, 0x47, 0x2d, 0xff, 0xcb, 0x47, 0x2d, 0xff,
    0xcb, 0x47, 0x2d, 0xff, 0xcb, 0x47, 0x2d, 0xff, 0xcb, 0x47, 0x2d, 0xff, 0xcb, 0x47, 0x2d, 0xff,
    0xcb, 0x47, 0x2d, 0xff, 0xcb, 0x47, 0x2d, 0xff, 0xcb, 0x47, 0x2d, 0xff, 0xcb, 0x47, 0x2d, 0xff,
    0xcb, 0x47, 0x2d, 0xff, 0xcb, 0x47, 0x2d, 0xff, 0xcb, 0x47, 0x2d, 0xff, 0xcb, 0x47, 0x2d, 0xff,
    0xcb, 0x47, 0x2d, 0xff, 0xcb, 0x47, 0x2d, 0xff, 0xcb, 0x47, 0x2d, 0xff, 0xcb, 0x47, 0x2d, 0xff,
    0xcb, 0x47, 0x2d, 0xff, 0xcb, 0x47, 0x2d, 0xff, 0xcb, 0x47, 0x2d, 0xff, 0xcb, 0x47, 0x2d, 0xff,
    0xcb, 0x47, 0x2d, 0xff, 0xcb, 0x47, 0x2d, 0xff, 0xcb, 0x47, 0x2d, 0xff, 0xcb, 0x47, 0x2d, 0xff,
    0xcb, 0x47, 0x2d, 0xff, 0xcb, 0x47, 0x2d, 0xff, 0xcb, 0x47, 0x2d, 0xff, 0xcb, 0x47, 0x2d, 0xff,
    0xcb, 0x47, 0x2d, 0xff, 0xcb, 0x47, 0x2d, 0xff, 0xcb, 0x47, 0x2d, 0xff, 0xcb, 0x47, 0x2d, 0xff,
    0xcb, 0x47, 0x2d, 0xff, 0xcb, 0x47, 0x2d, 0xff, 0xcb, 0x47, 0x2d, 0xff, 0xcb, 0x47, 0x2d, 0xff,
    0xcb, 0x47, 0x2d, 0xff, 0xcb, 0x47, 0x2d, 0xff, 0xcb, 0x47, 0x2d, 0xff, 0xcb, 0x47, 0x2d, 0xff,
    0xcb, 0x47, 0x2d, 0xff, 0xcb, 0x47, 0x2d, 0xff, 0xce, 0x52, 0x3a, 0xff, 0xef, 0xc8, 0xc1, 0xff,
    0xff, 0xff, 0xff, 0xff, 0xff, 0xff, 0xff, 0xff, 0xff, 0xff, 0xff, 0xff, 0xff, 0xff, 0xff, 0xff,
    0xff, 0xff, 0xff, 0xff, 0xff, 0xff, 0xff, 0xff, 0xff, 0xff, 0xff, 0xff, 0xff, 0xff, 0xff, 0xff,
    0xfb, 0xf0, 0xee, 0xff, 0xd8, 0x77, 0x65, 0xff, 0xcb, 0x47, 0x2d, 0xff, 0xcb, 0x47, 0x2d, 0xff,
    0xcb, 0x47, 0x2d, 0xff, 0xcb, 0x47, 0x2d, 0xff, 0xcb, 0x47, 0x2d, 0xff, 0xcb, 0x47, 0x2d, 0xff,
    0xcb, 0x47, 0x2d, 0xff, 0xcb, 0x47, 0x2d, 0xff, 0xcb, 0x47, 0x2d, 0xff, 0xcb, 0x47, 0x2d, 0xff,
    0xcb, 0x47, 0x2d, 0xff, 0xcb, 0x47, 0x2d, 0xff, 0xcb, 0x47, 0x2d, 0xff, 0xcb, 0x47, 0x2d, 0xff,
    0xcb, 0x47, 0x2d, 0xff, 0xcb, 0x47, 0x2d, 0xff, 0xcb, 0x47, 0x2d, 0xff, 0xcb, 0x47, 0x2d, 0xff,
    0xcb, 0x47, 0x2d, 0xff, 0xcb, 0x47, 0x2d, 0xff, 0xcb, 0x47, 0x2d, 0xff, 0xcb, 0x47, 0x2d, 0xff,
    0xcb, 0x47, 0x2d, 0xff, 0xcb, 0x47, 0x2d, 0xff, 0xcb, 0x47, 0x2d, 0xff, 0xcb, 0x47, 0x2d, 0xff,
    0xcb, 0x47, 0x2d, 0xff, 0xcb, 0x47, 0x2d, 0xff, 0xcb, 0x47, 0x2d, 0xff, 0xcb, 0x47, 0x2d, 0xff,
    0xcb, 0x47, 0x2d, 0xff, 0xcb, 0x47, 0x2d, 0xff, 0xcb, 0x47, 0x2d, 0xff, 0xcb, 0x47, 0x2d, 0xff,
    0xcb, 0x47, 0x2d, 0xff, 0xcb, 0x47, 0x2d, 0xff, 0xcb, 0x47, 0x2d, 0xff, 0xcb, 0x47, 0x2d, 0xff,
    0xcb, 0x47, 0x2d, 0xff, 0xcb, 0x47, 0x2d, 0xff, 0xcb, 0x47, 0x2d, 0xff, 0xcb, 0x47, 0x2d, 0xff,
    0xcb, 0x47, 0x2d, 0xff, 0xcb, 0x47, 0x2d, 0xff, 0xcb, 0x47, 0x2d, 0xff, 0xcb, 0x47, 0x2d, 0xff,
    0xcb, 0x47, 0x2d, 0xff, 0xcb, 0x47, 0x2d, 0xff, 0xcb, 0x47, 0x2d, 0xff, 0xcb, 0x47, 0x2d, 0xff,
    0xcb, 0x47, 0x2d, 0xff, 0xd3, 0x66, 0x51, 0xff, 0xf7, 0xe5, 0xe1, 0xff, 0xff, 0xff, 0xff, 0xff,
    0xff, 0xff, 0xff, 0xff, 0xff, 0xff, 0xff, 0xff, 0xff, 0xff, 0xff, 0xff, 0xff, 0xff, 0xff, 0xff,
    0xff, 0xff, 0xff, 0xff, 0xff, 0xff, 0xff, 0xff, 0xff, 0xff, 0xff, 0xff, 0xff, 0xff, 0xff, 0xff,
    0xff, 0xff, 0xff, 0xff, 0xfe, 0xfc, 0xfb, 0xff, 0xe3, 0x9d, 0x8f, 0xff, 0xcb, 0x47, 0x2d, 0xff,
    0xcb, 0x47, 0x2d, 0xff, 0xcb, 0x47, 0x2d, 0xff, 0xcb, 0x47, 0x2d, 0xff, 0xcb, 0x47, 0x2d, 0xff,
    0xcb, 0x47, 0x2d, 0xff, 0xcb, 0x47, 0x2d, 0xff, 0xcb, 0x47, 0x2d, 0xff, 0xcb, 0x47, 0x2d, 0xff,
    0xcb, 0x47, 0x2d, 0xff, 0xcb, 0x47, 0x2d, 0xff, 0xcb, 0x47, 0x2d, 0xff, 0xcb, 0x47, 0x2d, 0xff,
    0xcb, 0x47, 0x2d, 0xff, 0xcb, 0x47, 0x2d, 0xff, 0xcb, 0x47, 0x2d, 0xff, 0xcb, 0x47, 0x2d, 0xff,
    0xcb, 0x47, 0x2d, 0xff, 0xcb, 0x47, 0x2d, 0xff, 0xcb, 0x47, 0x2d, 0xff, 0xcb, 0x47, 0x2d, 0xff,
    0xcb, 0x47, 0x2d, 0xff, 0xcb, 0x47, 0x2d, 0xff, 0xcb, 0x47, 0x2d, 0xff, 0xcb, 0x47, 0x2d, 0xff,
    0xcb, 0x47, 0x2d, 0xff, 0xcb, 0x47, 0x2d, 0xff, 0xcb, 0x47, 0x2d, 0xff, 0xcb, 0x47, 0x2d, 0xff,
    0xcb, 0x47, 0x2d, 0xff, 0xcb, 0x47, 0x2d, 0xff, 0xcb, 0x47, 0x2d, 0xff, 0xcb, 0x47, 0x2d, 0xff,
    0xcb, 0x47, 0x2d, 0xff, 0xcb, 0x47, 0x2d, 0xff, 0xcb, 0x47, 0x2d, 0xff, 0xcb, 0x47, 0x2d, 0xff,
    0xcb, 0x47, 0x2d, 0xff, 0xcb, 0x47, 0x2d, 0xff, 0xcb, 0x47, 0x2d, 0xff, 0xcb, 0x47, 0x2d, 0xff,
    0xcb, 0x47, 0x2d, 0xff, 0xcb, 0x47, 0x2d, 0xff, 0xcb, 0x47, 0x2d, 0xff, 0xcb, 0x47, 0x2d, 0xff,
    0xcb, 0x47, 0x2d, 0xff, 0xcb, 0x47, 0x2d, 0xff, 0xcb, 0x47, 0x2d, 0xff, 0xcb, 0x47, 0x2d, 0xff,
    0xdc, 0x83, 0x72, 0xff, 0xfd, 0xf9, 0xf8, 0xff, 0xff, 0xff, 0xff, 0xff, 0xff, 0xff, 0xff, 0xff,
    0xff, 0xff, 0xff, 0xff, 0xff, 0xff, 0xff, 0xff, 0xff, 0xff, 0xff, 0xff, 0xff, 0xff, 0xff, 0xff,
    0xff, 0xff, 0xff, 0xff, 0xff, 0xff, 0xff, 0xff, 0xff, 0xff, 0xff, 0xff, 0xff, 0xff, 0xff, 0xff,
    0xff, 0xff, 0xff, 0xff, 0xff, 0xff, 0xff, 0xff, 0xff, 0xff, 0xff, 0xff, 0xee, 0xc5, 0xbd, 0xff,
    0xcc, 0x4c, 0x33, 0xff, 0xcb, 0x47, 0x2d, 0xff, 0xcb, 0x47, 0x2d, 0xff, 0xcb, 0x47, 0x2d, 0xff,
    0xcb, 0x47, 0x2d, 0xff, 0xcb, 0x47, 0x2d, 0xff, 0xcb, 0x47, 0x2d, 0xff, 0xcb, 0x47, 0x2d, 0xff,
    0xcb, 0x47, 0x2d, 0xff, 0xcb, 0x47, 0x2d, 0xff, 0xcb, 0x47, 0x2d, 0xff, 0xcb, 0x47, 0x2d, 0xff,
    0xcb, 0x47, 0x2d, 0xff, 0xcb, 0x47, 0x2d, 0xff, 0xcb, 0x47, 0x2d, 0xff, 0xcb, 0x47, 0x2d, 0xff,
    0xcb, 0x47, 0x2d, 0xff, 0xcb, 0x47, 0x2d, 0xff, 0xcb, 0x47, 0x2d, 0xff, 0xcb, 0x47, 0x2d, 0xff,
    0xcb, 0x47, 0x2d, 0xff, 0xcb, 0x47, 0x2d, 0xff, 0xcb, 0x47, 0x2d, 0xff, 0xcb, 0x47, 0x2d, 0xff,
    0xcb, 0x47, 0x2d, 0xff, 0xcb, 0x47, 0x2d, 0xff, 0xcb, 0x47, 0x2d, 0xff, 0xcb, 0x47, 0x2d, 0xff,
    0xcb, 0x47, 0x2d, 0xff, 0xcb, 0x47, 0x2d, 0xff, 0xcb, 0x47, 0x2d, 0xff, 0xcb, 0x47, 0x2d, 0xff,
    0xcb, 0x47, 0x2d, 0xff, 0xcb, 0x47, 0x2d, 0xff, 0xcb, 0x47, 0x2d, 0xff, 0xcb, 0x47, 0x2d, 0xff,
    0xcb, 0x47, 0x2d, 0xff, 0xcb, 0x47, 0x2d, 0xff, 0xcb, 0x47, 0x2d, 0xff, 0xcb, 0x47, 0x2d, 0xff,
    0xcb, 0x47, 0x2d, 0xff, 0xcb, 0x47, 0x2d, 0xff, 0xcb, 0x47, 0x2d, 0xff, 0xcb, 0x47, 0x2d, 0xff,
    0xcb, 0x47, 0x2d, 0xff, 0xcb, 0x47, 0x2d, 0xff, 0xcb, 0x49, 0x30, 0xff, 0xe7, 0xab, 0x9f, 0xff,
    0xff, 0xff, 0xff, 0xff, 0xff, 0xff, 0xff, 0xff, 0xff, 0xff, 0xff, 0xff, 0xff, 0xff, 0xff, 0xff,
    0xff, 0xff, 0xff, 0xff, 0xff, 0xff, 0xff, 0xff, 0xff, 0xff, 0xff, 0xff, 0xff, 0xff, 0xff, 0xff,
    0xff, 0xff, 0xff, 0xff, 0xfc, 0xf6, 0xf5, 0xff, 0xea, 0xb4, 0xa9, 0xff, 0xfa, 0xed, 0xeb, 0xff,
    0xff, 0xff, 0xff, 0xff, 0xff, 0xff, 0xff, 0xff, 0xff, 0xff, 0xff, 0xff, 0xff, 0xff, 0xff, 0xff,
    0xf7, 0xe2, 0xde, 0xff, 0xd1, 0x5e, 0x47, 0xff, 0xcb, 0x47, 0x2d, 0xff, 0xcb, 0x47, 0x2d, 0xff,
    0xcb, 0x47, 0x2d, 0xff, 0xcb, 0x47, 0x2d, 0xff, 0xcb, 0x47, 0x2d, 0xff, 0xcb, 0x47, 0x2d, 0xff,
    0xcb, 0x47, 0x2d, 0xff, 0xcb, 0x47, 0x2d, 0xff, 0xcb, 0x47, 0x2d, 0xff, 0xcb, 0x47, 0x2d, 0xff,
    0xcb, 0x47, 0x2d, 0xff, 0xcb, 0x47, 0x2d, 0xff, 0xcb, 0x47, 0x2d, 0xff, 0xcb, 0x47, 0x2d, 0xff,
    0xcb, 0x47, 0x2d, 0xff, 0xcb, 0x47, 0x2d, 0xff, 0xcb, 0x47, 0x2d, 0xff, 0xcb, 0x47, 0x2d, 0xff,
    0xcb, 0x47, 0x2d, 0xff, 0xcb, 0x47, 0x2d, 0xff, 0xcb, 0x47, 0x2d, 0xff, 0xcb, 0x47, 0x2d, 0xff,
    0xcb, 0x47, 0x2d, 0xff, 0xcb, 0x47, 0x2d, 0xff, 0xcb, 0x47, 0x2d, 0xff, 0xcb, 0x47, 0x2d, 0xff,
    0xcb, 0x47, 0x2d, 0xff, 0xcb, 0x47, 0x2d, 0xff, 0xcb, 0x47, 0x2d, 0xff, 0xcb, 0x47, 0x2d, 0xff,
    0xcb, 0x47, 0x2d, 0xff, 0xcb, 0x47, 0x2d, 0xff, 0xcb, 0x47, 0x2d, 0xff, 0xcb, 0x47, 0x2d, 0xff,
    0xcb, 0x47, 0x2d, 0xff, 0xcb, 0x47, 0x2d, 0xff, 0xcb, 0x47, 0x2d, 0xff, 0xcb, 0x47, 0x2d, 0xff,
    0xcb, 0x47, 0x2d, 0xff, 0xcb, 0x47, 0x2d, 0xff, 0xcb, 0x47, 0x2d, 0xff, 0xcb, 0x47, 0x2d, 0xff,
    0xcb, 0x47, 0x2d, 0xff, 0xd0, 0x58, 0x40, 0xff, 0xf1, 0xce, 0xc7, 0xff, 0xff, 0xff, 0xff, 0xff,
    0xff, 0xff, 0xff, 0xff, 0xff, 0xff, 0xff, 0xff, 0xff, 0xff, 0xff, 0xff, 0xfd, 0xf9, 0xf8, 0xff,
    0xe8, 0xae, 0xa3, 0xff, 0xf7, 0xe5, 0xe1, 0xff, 0xff, 0xff, 0xff, 0xff, 0xff, 0xff, 0xff, 0xff,
    0xff, 0xff, 0xff, 0xff, 0xe6, 0xa8, 0x9c, 0xff, 0xcb, 0x47, 0x2d, 0xff, 0xd1, 0x5e, 0x47, 0xff,
    0xf4, 0xd9, 0xd4, 0xff, 0xff, 0xff, 0xff, 0xff, 0xff, 0xff, 0xff, 0xff, 0xff, 0xff, 0xff, 0xff,
    0xff, 0xff, 0xff, 0xff, 0xfc, 0xf6, 0xf5, 0xff, 0xda, 0x7d, 0x6b, 0xff, 0xcb, 0x47, 0x2d, 0xff,
    0xcb, 0x47, 0x2d, 0xff, 0xcb, 0x47, 0x2d, 0xff, 0xcb, 0x47, 0x2d, 0xff, 0xcb, 0x47, 0x2d, 0xff,
    0xcb, 0x47, 0x2d, 0xff, 0xcb, 0x47, 0x2d, 0xff, 0xcb, 0x47, 0x2d, 0xff, 0xcb, 0x47, 0x2d, 0xff,
    0xcb, 0x47, 0x2d, 0xff, 0xcb, 0x47, 0x2d, 0xff, 0xcb, 0x47, 0x2d, 0xff, 0xcb, 0x47, 0x2d, 0xff,
    0xcb, 0x47, 0x2d, 0xff, 0xcb, 0x47, 0x2d, 0xff, 0xcb, 0x47, 0x2d, 0xff, 0xcb, 0x47, 0x2d, 0xff,
    0xcb, 0x47, 0x2d, 0xff, 0xcb, 0x47, 0x2d, 0xff, 0xcb, 0x47, 0x2d, 0xff, 0xcb, 0x47, 0x2d, 0xff,
    0xcb, 0x47, 0x2d, 0xff, 0xcb, 0x47, 0x2d, 0xff, 0xcb, 0x47, 0x2d, 0xff, 0xcb, 0x47, 0x2d, 0xff,
    0xcb, 0x47, 0x2d, 0xff, 0xcb, 0x47, 0x2d, 0xff, 0xcb, 0x47, 0x2d, 0xff, 0xcb, 0x47, 0x2d, 0xff,
    0xcb, 0x47, 0x2d, 0xff, 0xcb, 0x47, 0x2d, 0xff, 0xcb, 0x47, 0x2d, 0xff, 0xcb, 0x47, 0x2d, 0xff,
    0xcb, 0x47, 0x2d, 0xff, 0xcb, 0x47, 0x2d, 0xff, 0xcb, 0x47, 0x2d, 0xff, 0xcb, 0x47, 0x2d, 0xff,
    0xcb, 0x47, 0x2d, 0xff, 0xcb, 0x47, 0x2d, 0xff, 0xcb, 0x47, 0x2d, 0xff, 0xcb, 0x47, 0x2d, 0xff,
    0xd5, 0x6c, 0x58, 0xff, 0xf9, 0xeb, 0xe8, 0xff, 0xff, 0xff, 0xff, 0xff, 0xff, 0xff, 0xff, 0xff,
    0xff, 0xff, 0xff, 0xff, 0xff, 0xff, 0xff, 0xff, 0xf8, 0xe8, 0xe4, 0xff, 0xd5, 0x6c, 0x57, 0xff,
    0xcb, 0x47, 0x2d, 0xff, 0xdc, 0x86, 0x75, 0xff, 0xff, 0xff, 0xff, 0xff, 0xff, 0xff, 0xff, 0xff,
    0xff, 0xff, 0xff, 0xff, 0xe5, 0xa3, 0x96, 0xff, 0xcb, 0x47, 0x2d, 0xff, 0xcb, 0x47, 0x2d, 0xff,
    0xcc, 0x4c, 0x33, 0xff, 0xeb, 0xba, 0xb0, 0xff, 0xff, 0xff, 0xff, 0xff, 0xff, 0xff, 0xff, 0xff,
    0xff, 0xff, 0xff, 0xff, 0xff, 0xff, 0xff, 0xff, 0xff, 0xff, 0xff, 0xff, 0xe5, 0xa3, 0x96, 0xff,
    0xcb, 0x47, 0x2d, 0xff, 0xcb, 0x47, 0x2d, 0xff, 0xcb, 0x47, 0x2d, 0xff, 0xcb, 0x47, 0x2d, 0xff,
    0xcb, 0x47, 0x2d, 0xff, 0xcb, 0x47, 0x2d, 0xff, 0xcb, 0x47, 0x2d, 0xff, 0xcb, 0x47, 0x2d, 0xff,
    0xcb, 0x47, 0x2d, 0xff, 0xcb, 0x47, 0x2d, 0xff, 0xcb, 0x47, 0x2d, 0xff, 0xcb, 0x47, 0x2d, 0xff,
    0xcb, 0x47, 0x2d, 0xff, 0xcb, 0x47, 0x2d, 0xff, 0xcb, 0x47, 0x2d, 0xff, 0xcb, 0x47, 0x2d, 0xff,
    0xcb, 0x47, 0x2d, 0xff, 0xcb, 0x47, 0x2d, 0xff, 0xcb, 0x47, 0x2d, 0xff, 0xcb, 0x47, 0x2d, 0xff,
    0xcb, 0x47, 0x2d, 0xff, 0xcb, 0x47, 0x2d, 0xff, 0xcb, 0x47, 0x2d, 0xff, 0xcb, 0x47, 0x2d, 0xff,
    0xcb, 0x47, 0x2d, 0xff, 0xcb, 0x47, 0x2d, 0xff, 0xcb, 0x47, 0x2d, 0xff, 0xcb, 0x47, 0x2d, 0xff,
    0xcb, 0x47, 0x2d, 0xff, 0xcb, 0x47, 0x2d, 0xff, 0xcb, 0x47, 0x2d, 0xff, 0xcb, 0x47, 0x2d, 0xff,
    0xcb, 0x47, 0x2d, 0xff, 0xcb, 0x47, 0x2d, 0xff, 0xcb, 0x47, 0x2d, 0xff, 0xcb, 0x47, 0x2d, 0xff,
    0xcb, 0x47, 0x2d, 0xff, 0xcb, 0x47, 0x2d, 0xff, 0xcb, 0x47, 0x2d, 0xff, 0xdf, 0x8f, 0x7f, 0xff,
    0xfd, 0xf9, 0xf8, 0xff, 0xff, 0xff, 0xff, 0xff, 0xff, 0xff, 0xff, 0xff, 0xff, 0xff, 0xff, 0xff,
    0xff, 0xff, 0xff, 0xff, 0xf1, 0xce, 0xc7, 0xff, 0xcf, 0x55, 0x3d, 0xff, 0xcb, 0x47, 0x2d, 0xff,
    0xcb, 0x47, 0x2d, 0xff, 0xdb, 0x80, 0x6e, 0xff, 0xff, 0xff, 0xff, 0xff, 0xff, 0xff, 0xff, 0xff,
    0xff, 0xff, 0xff, 0xff, 0xe5, 0xa3, 0x96, 0xff, 0xcb, 0x47, 0x2d, 0xff, 0xcb, 0x47, 0x2d, 0xff,
    0xcb, 0x47, 0x2d, 0xff, 0xcb, 0x47, 0x2d, 0xff, 0xe1, 0x94, 0x85, 0xff, 0xfe, 0xfc, 0xfb, 0xff,
    0xff, 0xff, 0xff, 0xff, 0xff, 0xff, 0xff, 0xff, 0xff, 0xff, 0xff, 0xff, 0xff, 0xff, 0xff, 0xff,
    0xe9, 0xb4, 0xaa, 0xff, 0xcb, 0x47, 0x2d, 0xff, 0xcb, 0x47, 0x2d, 0xff, 0xcb, 0x47, 0x2d, 0xff,
    0xcb, 0x47, 0x2d, 0xff, 0xcb, 0x47, 0x2d, 0xff, 0xcb, 0x47, 0x2d, 0xff, 0xcb, 0x47, 0x2d, 0xff,
    0xcb, 0x47, 0x2d, 0xff, 0xcb, 0x47, 0x2d, 0xff, 0xcb, 0x47, 0x2d, 0xff, 0xcb, 0x47, 0x2d, 0xff,
    0xcb, 0x47, 0x2d, 0xff, 0xcb, 0x47, 0x2d, 0xff, 0xcb, 0x47, 0x2d, 0xff, 0xcb, 0x47, 0x2d, 0xff,
    0xcb, 0x47, 0x2d, 0xff, 0xcb, 0x47, 0x2d, 0xff, 0xcb, 0x47, 0x2d, 0xff, 0xcb, 0x47, 0x2d, 0xff,
    0xcb, 0x47, 0x2d, 0xff, 0xcb, 0x47, 0x2d, 0xff, 0xcb, 0x47, 0x2d, 0xff, 0xcb, 0x47, 0x2d, 0xff,
    0xcb, 0x47, 0x2d, 0xff, 0xcb, 0x47, 0x2d, 0xff, 0xcb, 0x47, 0x2d, 0xff, 0xcb, 0x47, 0x2d, 0xff,
    0xcb, 0x47, 0x2d, 0xff, 0xcb, 0x47, 0x2d, 0xff, 0xcb, 0x47, 0x2d, 0xff, 0xcb, 0x47, 0x2d, 0xff,
    0xcb, 0x47, 0x2d, 0xff, 0xcb, 0x47, 0x2d, 0xff, 0xcb, 0x47, 0x2d, 0xff, 0xcb, 0x47, 0x2d, 0xff,
    0xcb, 0x47, 0x2d, 0xff, 0xcb, 0x47, 0x2d, 0xff, 0xda, 0x7d, 0x6b, 0xff, 0xff, 0xff, 0xff, 0xff,
    0xff, 0xff, 0xff, 0xff, 0xff, 0xff, 0xff, 0xff, 0xff, 0xff, 0xff, 0xff, 0xff, 0xff, 0xff, 0xff,
    0xe5, 0xa5, 0x99, 0xff, 0xcb, 0x49, 0x30, 0xff, 0xcb, 0x47, 0x2d, 0xff, 0xcb, 0x47, 0x2d, 0xff,
    0xcb, 0x47, 0x2d, 0xff, 0xdb, 0x80, 0x6e, 0xff, 0xff, 0xff, 0xff, 0xff, 0xff, 0xff, 0xff, 0xff,
    0xff, 0xff, 0xff, 0xff, 0xe5, 0xa3, 0x96, 0xff, 0xcb, 0x47, 0x2d, 0xff, 0xcb, 0x47, 0x2d, 0xff,
    0xcb, 0x47, 0x2d, 0xff, 0xcb, 0x47, 0x2d, 0xff, 0xcb, 0x47, 0x2d, 0xff, 0xf1, 0xce, 0xc7, 0xff,
    0xff, 0xff, 0xff, 0xff, 0xff, 0xff, 0xff, 0xff, 0xff, 0xff, 0xff, 0xff, 0xff, 0xff, 0xff, 0xff,
    0xfe, 0xfc, 0xfb, 0xff, 0xcb, 0x47, 0x2d, 0xff, 0xcb, 0x47, 0x2d, 0xff, 0xcb, 0x47, 0x2d, 0xff,
    0xcb, 0x47, 0x2d, 0xff, 0xcb, 0x47, 0x2d, 0xff, 0xcb, 0x47, 0x2d, 0xff, 0xcb, 0x47, 0x2d, 0xff,
    0xcb, 0x47, 0x2d, 0xff, 0xcb, 0x47, 0x2d, 0xff, 0xcb, 0x47, 0x2d, 0xff, 0xcb, 0x47, 0x2d, 0xff,
    0xcb, 0x47, 0x2d, 0xff, 0xcb, 0x47, 0x2d, 0xff, 0xcb, 0x47, 0x2d, 0xff, 0xcb, 0x47, 0x2d, 0xff,
    0xcb, 0x47, 0x2d, 0xff, 0xcb, 0x47, 0x2d, 0xff, 0xcb, 0x47, 0x2d, 0xff, 0xcb, 0x47, 0x2d, 0xff,
    0xcb, 0x47, 0x2d, 0xff, 0xcb, 0x47, 0x2d, 0xff, 0xcb, 0x47, 0x2d, 0xff, 0xcb, 0x47, 0x2d, 0xff,
    0xcb, 0x47, 0x2d, 0xff, 0xcb, 0x47, 0x2d, 0xff, 0xcb, 0x47, 0x2d, 0xff, 0xcb, 0x47, 0x2d, 0xff,
    0xcb, 0x47, 0x2d, 0xff, 0xcb, 0x47, 0x2d, 0xff, 0xcb, 0x47, 0x2d, 0xff, 0xcb, 0x47, 0x2d, 0xff,
    0xcb, 0x47, 0x2d, 0xff, 0xcb, 0x47, 0x2d, 0xff, 0xcb, 0x47, 0x2d, 0xff, 0xcb, 0x47, 0x2d, 0xff,
    0xcb, 0x47, 0x2d, 0xff, 0xcb, 0x47, 0x2d, 0xff, 0xe4, 0xa0, 0x92, 0xff, 0xff, 0xff, 0xff, 0xff,
    0xff, 0xff, 0xff, 0xff, 0xff, 0xff, 0xff, 0xff, 0xfc, 0xf6, 0xf5, 0xff, 0xdc, 0x83, 0x72, 0xff,
    0xcb, 0x47, 0x2d, 0xff, 0xcb, 0x47, 0x2d, 0xff, 0xcb, 0x47, 0x2d, 0xff, 0xcb, 0x47, 0x2d, 0xff,
    0xcb, 0x47, 0x2d, 0xff, 0xdb, 0x80, 0x6e, 0xff, 0xff, 0xff, 0xff, 0xff, 0xff, 0xff, 0xff, 0xff,
    0xff, 0xff, 0xff, 0xff, 0xe5, 0xa3, 0x96, 0xff, 0xcb, 0x47, 0x2d, 0xff, 0xcb, 0x47, 0x2d, 0xff,
    0xcb, 0x47, 0x2d, 0xff, 0xcb, 0x47, 0x2d, 0xff, 0xdd, 0x86, 0x75, 0xff, 0xfd, 0xf9, 0xf8, 0xff,
    0xff, 0xff, 0xff, 0xff, 0xff, 0xff, 0xff, 0xff, 0xff, 0xff, 0xff, 0xff, 0xff, 0xff, 0xff, 0xff,
    0xf1, 0xce, 0xc7, 0xff, 0xcb, 0x47, 0x2d, 0xff, 0xcb, 0x47, 0x2d, 0xff, 0xcb, 0x47, 0x2d, 0xff,
    0xcb, 0x47, 0x2d, 0xff, 0xcb, 0x47, 0x2d, 0xff, 0xcb, 0x47, 0x2d, 0xff, 0xcb, 0x47, 0x2d, 0xff,
    0xcb, 0x47, 0x2d, 0xff, 0xcb, 0x47, 0x2d, 0xff, 0xcb, 0x47, 0x2d, 0xff, 0xcb, 0x47, 0x2d, 0xff,
    0xcb, 0x47, 0x2d, 0xff, 0xcb, 0x47, 0x2d, 0xff, 0xcb, 0x47, 0x2d, 0xff, 0xcb, 0x47, 0x2d, 0xff,
    0xcb, 0x47, 0x2d, 0xff, 0xcb, 0x47, 0x2d, 0xff, 0xcb, 0x47, 0x2d, 0xff, 0xcb, 0x47, 0x2d, 0xff,
    0xcb, 0x47, 0x2d, 0xff, 0xcb, 0x47, 0x2d, 0xff, 0xcb, 0x47, 0x2d, 0xff, 0xcb, 0x47, 0x2d, 0xff,
    0xcb, 0x47, 0x2d, 0xff, 0xcb, 0x47, 0x2d, 0xff, 0xcb, 0x47, 0x2d, 0xff, 0xcb, 0x47, 0x2d, 0xff,
    0xcb, 0x47, 0x2d, 0xff, 0xcb, 0x47, 0x2d, 0xff, 0xcb, 0x47, 0x2d, 0xff, 0xcb, 0x47, 0x2d, 0xff,
    0xcb, 0x47, 0x2d, 0xff, 0xcb, 0x47, 0x2d, 0xff, 0xcb, 0x47, 0x2d, 0xff, 0xcb, 0x47, 0x2d, 0xff,
    0xcb, 0x47, 0x2d, 0xff, 0xcb, 0x47, 0x2d, 0xff, 0xd2, 0x61, 0x4a, 0xff, 0xfb, 0xf3, 0xf2, 0xff,
    0xff, 0xff, 0xff, 0xff, 0xf8, 0xe8, 0xe4, 0xff, 0xd3, 0x63, 0x4d, 0xff, 0xcb, 0x47, 0x2d, 0xff,
    0xcb, 0x47, 0x2d, 0xff, 0xcb, 0x47, 0x2d, 0xff, 0xcb, 0x47, 0x2d, 0xff, 0xcb, 0x47, 0x2d, 0xff,
    0xcb, 0x47, 0x2d, 0xff, 0xdb, 0x80, 0x6e, 0xff, 0xff, 0xff, 0xff, 0xff, 0xff, 0xff, 0xff, 0xff,
    0xff, 0xff, 0xff, 0xff, 0xe5, 0xa3, 0x96, 0xff, 0xcb, 0x47, 0x2d, 0xff, 0xcb, 0x47, 0x2d, 0xff,
    0xcc, 0x4c, 0x33, 0xff, 0xea, 0xb4, 0xa9, 0xff, 0xff, 0xff, 0xff, 0xff, 0xff, 0xff, 0xff, 0xff,
    0xff, 0xff, 0xff, 0xff, 0xff, 0xff, 0xff, 0xff, 0xff, 0xff, 0xff, 0xff, 0xee, 0xc5, 0xbd, 0xff,
    0xce, 0x52, 0x3a, 0xff, 0xcb, 0x47, 0x2d, 0xff, 0xcb, 0x47, 0x2d, 0xff, 0xcb, 0x47, 0x2d, 0xff,
    0xcb, 0x47, 0x2d, 0xff, 0xcb, 0x47, 0x2d, 0xff, 0xcb, 0x47, 0x2d, 0xff, 0xcb, 0x47, 0x2d, 0xff,
    0xcb, 0x47, 0x2d, 0xff, 0xcb, 0x47, 0x2d, 0xff, 0xcb, 0x47, 0x2d, 0xff, 0xcb, 0x47, 0x2d, 0xff,
    0xcb, 0x47, 0x2d, 0xff, 0xcb, 0x47, 0x2d, 0xff, 0xcb, 0x47, 0x2d, 0xff, 0xcb, 0x47, 0x2d, 0xff,
    0xcb, 0x47, 0x2d, 0xff, 0xcb, 0x47, 0x2d, 0xff, 0xcb, 0x47, 0x2d, 0xff, 0xcb, 0x47, 0x2d, 0xff,
    0xcb, 0x47, 0x2d, 0xff, 0xcb, 0x47, 0x2d, 0xff, 0xcb, 0x47, 0x2d, 0xff, 0xcb, 0x47, 0x2d, 0xff,
    0xcb, 0x47, 0x2d, 0xff, 0xcb, 0x47, 0x2d, 0xff, 0xcb, 0x47, 0x2d, 0xff, 0xcb, 0x47, 0x2d, 0xff,
    0xcb, 0x47, 0x2d, 0xff, 0xcb, 0x47, 0x2d, 0xff, 0xcb, 0x47, 0x2d, 0xff, 0xcb, 0x47, 0x2d, 0xff,
    0xcb, 0x47, 0x2d, 0xff, 0xcb, 0x47, 0x2d, 0xff, 0xcb, 0x47, 0x2d, 0xff, 0xcb, 0x47, 0x2d, 0xff,
    0xcb, 0x47, 0x2d, 0xff, 0xcb, 0x47, 0x2d, 0xff, 0xcb, 0x47, 0x2d, 0xff, 0xcf, 0x55, 0x3d, 0xff,
    0xd9, 0x7a, 0x68, 0xff, 0xce, 0x52, 0x3a, 0xff, 0xcb, 0x47, 0x2d, 0xff, 0xcb, 0x47, 0x2d, 0xff,
    0xcb, 0x47, 0x2d, 0xff, 0xcb, 0x47, 0x2d, 0xff, 0xcb, 0x47, 0x2d, 0xff, 0xcb, 0x47, 0x2d, 0xff,
    0xcb, 0x47, 0x2d, 0xff, 0xdb, 0x80, 0x6e, 0xff, 0xff, 0xff, 0xff, 0xff, 0xff, 0xff, 0xff, 0xff,
    0xff, 0xff, 0xff, 0xff, 0xe8, 0xae, 0xa3, 0xff, 0xcb, 0x47, 0x2d, 0xff, 0xd3, 0x63, 0x4e, 0xff,
    0xf5, 0xdc, 0xd7, 0xff, 0xff, 0xff, 0xff, 0xff, 0xff, 0xff, 0xff, 0xff, 0xff, 0xff, 0xff, 0xff,
    0xff, 0xff, 0xff, 0xff, 0xfd, 0xf9, 0xf8, 0xff, 0xe1, 0x97, 0x89, 0xff, 0xcb, 0x47, 0x2d, 0xff,
    0xcb, 0x47, 0x2d, 0xff, 0xcb, 0x47, 0x2d, 0xff, 0xcb, 0x47, 0x2d, 0xff, 0xcb, 0x47, 0x2d, 0xff,
    0xcb, 0x47, 0x2d, 0xff, 0xcb, 0x47, 0x2d, 0xff, 0xcb, 0x47, 0x2d, 0xff, 0xcb, 0x47, 0x2d, 0xff,
    0xcb, 0x47, 0x2d, 0xff, 0xcb, 0x47, 0x2d, 0xff, 0xcb, 0x47, 0x2d, 0xff, 0xcb, 0x47, 0x2d, 0xff,
    0xcb, 0x47, 0x2d, 0xff, 0xcb, 0x47, 0x2d, 0xff, 0xcb, 0x47, 0x2d, 0xff, 0xcb, 0x47, 0x2d, 0xff,
    0xcb, 0x47, 0x2d, 0xff, 0xcb, 0x47, 0x2d, 0xff, 0xcb, 0x47, 0x2d, 0xff, 0xcb, 0x47, 0x2d, 0xff,
    0xcb, 0x47, 0x2d, 0xff, 0xcb, 0x47, 0x2d, 0xff, 0xcb, 0x47, 0x2d, 0xff, 0xcb, 0x47, 0x2d, 0xff,
    0xcb, 0x47, 0x2d, 0xff, 0xcb, 0x47, 0x2d, 0xff, 0xcb, 0x47, 0x2d, 0xff, 0xcb, 0x47, 0x2d, 0xff,
    0xcb, 0x47, 0x2d, 0xff, 0xcb, 0x47, 0x2d, 0xff, 0xcb, 0x47, 0x2d, 0xff, 0xcb, 0x47, 0x2d, 0xff,
    0xcb, 0x47, 0x2d, 0xff, 0xcb, 0x47, 0x2d, 0xff, 0xcb, 0x47, 0x2d, 0xff, 0xcb, 0x47, 0x2d, 0xff,
    0xcb, 0x47, 0x2d, 0xff, 0xcb, 0x47, 0x2d, 0xff, 0xcb, 0x47, 0x2d, 0xff, 0xcb, 0x47, 0x2d, 0xff,
    0xcb, 0x47, 0x2d, 0xff, 0xcb, 0x47, 0x2d, 0xff, 0xcb, 0x47, 0x2d, 0xff, 0xcb, 0x47, 0x2d, 0xff,
    0xcb, 0x47, 0x2d, 0xff, 0xcb, 0x47, 0x2d, 0xff, 0xcb, 0x47, 0x2d, 0xff, 0xcb, 0x47, 0x2d, 0xff,
    0xcb, 0x47, 0x2d, 0xff, 0xdb, 0x80, 0x6e, 0xff, 0xff, 0xff, 0xff, 0xff, 0xff, 0xff, 0xff, 0xff,
    0xff, 0xff, 0xff, 0xff, 0xfd, 0xf9, 0xf8, 0xff, 0xed, 0xbf, 0xb7, 0xff, 0xfc, 0xf6, 0xf5, 0xff,
    0xff, 0xff, 0xff, 0xff, 0xff, 0xff, 0xff, 0xff, 0xff, 0xff, 0xff, 0xff, 0xff, 0xff, 0xff, 0xff,
    0xf8, 0xe8, 0xe4, 0xff, 0xd6, 0x6f, 0x5b, 0xff, 0xcb, 0x47, 0x2d, 0xff, 0xcb, 0x47, 0x2d, 0xff,
    0xcb, 0x47, 0x2d, 0xff, 0xcb, 0x47, 0x2d, 0xff, 0xcb, 0x47, 0x2d, 0xff, 0xcb, 0x47, 0x2d, 0xff,
    0xcb, 0x47, 0x2d, 0xff, 0xcb, 0x47, 0x2d, 0xff, 0xcb, 0x47, 0x2d, 0xff, 0xcb, 0x47, 0x2d, 0xff,
    0xcb, 0x47, 0x2d, 0xff, 0xcb, 0x47, 0x2d, 0xff, 0xcb, 0x47, 0x2d, 0xff, 0xcb, 0x47, 0x2d, 0xff,
    0xcb, 0x47, 0x2d, 0xff, 0xcb, 0x47, 0x2d, 0xff, 0xcb, 0x47, 0x2d, 0xff, 0xcb, 0x47, 0x2d, 0xff,
    0xcb, 0x47, 0x2d, 0xff, 0xcb, 0x47, 0x2d, 0xff, 0xcb, 0x47, 0x2d, 0xff, 0xcb, 0x47, 0x2d, 0xff,
    0xcb, 0x47, 0x2d, 0xff, 0xcb, 0x47, 0x2d, 0xff, 0xcb, 0x47, 0x2d, 0xff, 0xcb, 0x47, 0x2d, 0xff,
    0xcb, 0x47, 0x2d, 0xff, 0xcb, 0x47, 0x2d, 0xff, 0xcb, 0x47, 0x2d, 0xff, 0xcb, 0x47, 0x2d, 0xff,
    0xcb, 0x47, 0x2d, 0xff, 0xcb, 0x47, 0x2d, 0xff, 0xcb, 0x47, 0x2d, 0xff, 0xcb, 0x47, 0x2d, 0xff,
    0xcb, 0x47, 0x2d, 0xff, 0xcb, 0x47, 0x2d, 0xff, 0xcb, 0x47, 0x2d, 0xff, 0xcb, 0x47, 0x2d, 0xff,
    0xcb, 0x47, 0x2d, 0xff, 0xcb, 0x47, 0x2d, 0xff, 0xcb, 0x47, 0x2d, 0xff, 0xcb, 0x47, 0x2d, 0xff,
    0xcb, 0x47, 0x2d, 0xff, 0xcb, 0x47, 0x2d, 0xff, 0xcb, 0x47, 0x2d, 0xff, 0xcb, 0x47, 0x2d, 0xff,
    0xcb, 0x47, 0x2d, 0xff, 0xcb, 0x47, 0x2d, 0xff, 0xcb, 0x47, 0x2d, 0xff, 0xcb, 0x47, 0x2d, 0xff,
    0xcb, 0x47, 0x2d, 0xff, 0xdb, 0x80, 0x6e, 0xff, 0xff, 0xff, 0xff, 0xff, 0xff, 0xff, 0xff, 0xff,
    0xff, 0xff, 0xff, 0xff, 0xff, 0xff, 0xff, 0xff, 0xff, 0xff, 0xff, 0xff, 0xff, 0xff, 0xff, 0xff,
    0xff, 0xff, 0xff, 0xff, 0xff, 0xff, 0xff, 0xff, 0xff, 0xff, 0xff, 0xff, 0xee, 0xc5, 0xbd, 0xff,
    0xce, 0x52, 0x3a, 0xff, 0xcb, 0x47, 0x2d, 0xff, 0xcb, 0x47, 0x2d, 0xff, 0xcb, 0x47, 0x2d, 0xff,
    0xcb, 0x47, 0x2d, 0xff, 0xcb, 0x47, 0x2d, 0xff, 0xcb, 0x47, 0x2d, 0xff, 0xcb, 0x47, 0x2d, 0xff,
    0xcb, 0x47, 0x2d, 0xff, 0xcb, 0x47, 0x2d, 0xff, 0xcb, 0x47, 0x2d, 0xff, 0xcb, 0x47, 0x2d, 0xff,
    0xcb, 0x47, 0x2d, 0xff, 0xcb, 0x47, 0x2d, 0xff, 0xcb, 0x47, 0x2d, 0xff, 0xcb, 0x47, 0x2d, 0xff,
    0xcb, 0x47, 0x2d, 0xff, 0xcb, 0x47, 0x2d, 0xff, 0xcb, 0x47, 0x2d, 0xff, 0xcb, 0x47, 0x2d, 0xff,
    0xcb, 0x47, 0x2d, 0xff, 0xcb, 0x47, 0x2d, 0xff, 0xcb, 0x47, 0x2d, 0xff, 0xcb, 0x47, 0x2d, 0xff,
    0xcb, 0x47, 0x2d, 0xff, 0xcb, 0x47, 0x2d, 0xff, 0xcb, 0x47, 0x2d, 0xff, 0xcb, 0x47, 0x2d, 0xff,
    0xcb, 0x47, 0x2d, 0xff, 0xcb, 0x47, 0x2d, 0xff, 0xcb, 0x47, 0x2d, 0xff, 0xcb, 0x47, 0x2d, 0xff,
    0xcb, 0x47, 0x2d, 0xff, 0xcb, 0x47, 0x2d, 0xff, 0xcb, 0x47, 0x2d, 0xff, 0xcb, 0x47, 0x2d, 0xff,
    0xcb, 0x47, 0x2d, 0xff, 0xcb, 0x47, 0x2d, 0xff, 0xcb, 0x47, 0x2d, 0xff, 0xcb, 0x47, 0x2d, 0xff,
    0xcb, 0x47, 0x2d, 0xff, 0xcb, 0x47, 0x2d, 0xff, 0xcb, 0x47, 0x2d, 0xff, 0xcb, 0x47, 0x2d, 0xff,
    0xcb, 0x47, 0x2d, 0xff, 0xcb, 0x47, 0x2d, 0xff, 0xcb, 0x47, 0x2d, 0xff, 0xcb, 0x47, 0x2d, 0xff,
    0xcb, 0x47, 0x2d, 0xff, 0xcb, 0x47, 0x2d, 0xff, 0xcb, 0x47, 0x2d, 0xff, 0xcb, 0x47, 0x2d, 0xff,
    0xcb, 0x47, 0x2d, 0xff, 0xdb, 0x80, 0x6e, 0xff, 0xff, 0xff, 0xff, 0xff, 0xff, 0xff, 0xff, 0xff,
    0xff, 0xff, 0xff, 0xff, 0xff, 0xff, 0xff, 0xff, 0xff, 0xff, 0xff, 0xff, 0xff, 0xff, 0xff, 0xff,
    0xff, 0xff, 0xff, 0xff, 0xfd, 0xf9, 0xf8, 0xff, 0xe1, 0x94, 0x85, 0xff, 0xcb, 0x47, 0x2d, 0xff,
    0xcb, 0x47, 0x2d, 0xff, 0xcb, 0x47, 0x2d, 0xff, 0xcb, 0x47, 0x2d, 0xff, 0xcb, 0x47, 0x2d, 0xff,
    0xcb, 0x47, 0x2d, 0xff, 0xcb, 0x47, 0x2d, 0xff, 0xcb, 0x47, 0x2d, 0xff, 0xcb, 0x47, 0x2d, 0xff,
    0xcb, 0x47, 0x2d, 0xff, 0xcb, 0x47, 0x2d, 0xff, 0xcb, 0x47, 0x2d, 0xff, 0xcb, 0x47, 0x2d, 0xff,
    0xcb, 0x47, 0x2d, 0xff, 0xcb, 0x47, 0x2d, 0xff, 0xcb, 0x47, 0x2d, 0xff, 0xcb, 0x47, 0x2d, 0xff,
    0xcb, 0x47, 0x2d, 0xff, 0xcb, 0x47, 0x2d, 0xff, 0xcb, 0x47, 0x2d, 0xff, 0xcb, 0x47, 0x2d, 0xff,
    0xcb, 0x47, 0x2d, 0xff, 0xcb, 0x47, 0x2d, 0xff, 0xcb, 0x47, 0x2d, 0xff, 0xcb, 0x47, 0x2d, 0xff,
    0xcb, 0x47, 0x2d, 0xff, 0xcb, 0x47, 0x2d, 0xff, 0xcb, 0x47, 0x2d, 0xff, 0xcb, 0x47, 0x2d, 0xff,
    0xcb, 0x47, 0x2d, 0xff, 0xcb, 0x47, 0x2d, 0xff, 0xcb, 0x47, 0x2d, 0xff, 0xcb, 0x47, 0x2d, 0xff,
    0xcb, 0x47, 0x2d, 0xff, 0xcb, 0x47, 0x2d, 0xff, 0xcb, 0x47, 0x2d, 0xff, 0xcb, 0x47, 0x2d, 0xff,
    0xcb, 0x47, 0x2d, 0xff, 0xcb, 0x47, 0x2d, 0xff, 0xcb, 0x47, 0x2d, 0xff, 0xcb, 0x47, 0x2d, 0xff,
    0xcb, 0x47, 0x2d, 0xff, 0xcb, 0x47, 0x2d, 0xff, 0xcb, 0x47, 0x2d, 0xff, 0xcb, 0x47, 0x2d, 0xff,
    0xcb, 0x47, 0x2d, 0xff, 0xcb, 0x47, 0x2d, 0xff, 0xcb, 0x47, 0x2d, 0xff, 0xcb, 0x47, 0x2d, 0xff,
    0xcb, 0x47, 0x2d, 0xff, 0xcb, 0x47, 0x2d, 0xff, 0xcb, 0x47, 0x2d, 0xff, 0xcb, 0x47, 0x2d, 0xff,
    0xcb, 0x47, 0x2d, 0xff, 0xdb, 0x80, 0x6e, 0xff, 0xff, 0xff, 0xff, 0xff, 0xff, 0xff, 0xff, 0xff,
    0xff, 0xff, 0xff, 0xff, 0xff, 0xff, 0xff, 0xff, 0xff, 0xff, 0xff, 0xff, 0xff, 0xff, 0xff, 0xff,
    0xf7, 0xe5, 0xe1, 0xff, 0xd5, 0x6c, 0x57, 0xff, 0xcb, 0x47, 0x2d, 0xff, 0xcb, 0x47, 0x2d, 0xff,
    0xcb, 0x47, 0x2d, 0xff, 0xcb, 0x47, 0x2d, 0xff, 0xcb, 0x47, 0x2d, 0xff, 0xcb, 0x47, 0x2d, 0xff,
    0xcb, 0x47, 0x2d, 0xff, 0xcb, 0x47, 0x2d, 0xff, 0xcb, 0x47, 0x2d, 0xff, 0xcb, 0x47, 0x2d, 0xff,
    0xcb, 0x47, 0x2d, 0xff, 0xcb, 0x47, 0x2d, 0xff, 0xcb, 0x47, 0x2d, 0xff, 0xcb, 0x47, 0x2d, 0xff,
    0xcb, 0x47, 0x2d, 0xff, 0xcb, 0x47, 0x2d, 0xff, 0xcb, 0x47, 0x2d, 0xff, 0xcb, 0x47, 0x2d, 0xff,
    0xcb, 0x47, 0x2d, 0xff, 0xcb, 0x47, 0x2d, 0xff, 0xcb, 0x47, 0x2d, 0xff, 0xcb, 0x47, 0x2d, 0xff,
    0xcb, 0x47, 0x2d, 0xff, 0xcb, 0x47, 0x2d, 0xff, 0xcb, 0x47, 0x2d, 0xff, 0xcb, 0x47, 0x2d, 0xff,
    0xcb, 0x47, 0x2d, 0xff, 0xcb, 0x47, 0x2d, 0xff, 0xcb, 0x47, 0x2d, 0xff, 0xcb, 0x47, 0x2d, 0xff,
    0xcb, 0x47, 0x2d, 0xff, 0xcb, 0x47, 0x2d, 0xff, 0xcb, 0x47, 0x2d, 0xff, 0xcb, 0x47, 0x2d, 0xff,
    0xcb, 0x47, 0x2d, 0xff, 0xcb, 0x47, 0x2d, 0xff, 0xcb, 0x47, 0x2d, 0xff, 0xcb, 0x47, 0x2d, 0xff,
    0xcb, 0x47, 0x2d, 0xff, 0xcb, 0x47, 0x2d, 0xff, 0xcb, 0x47, 0x2d, 0xff, 0xcb, 0x47, 0x2d, 0xff,
    0xcb, 0x47, 0x2d, 0xff, 0xcb, 0x47, 0x2d, 0xff, 0xcb, 0x47, 0x2d, 0xff, 0xcb, 0x47, 0x2d, 0xff,
    0xcb, 0x47, 0x2d, 0xff, 0xcb, 0x47, 0x2d, 0xff, 0xcb, 0x47, 0x2d, 0xff, 0xcb, 0x47, 0x2d, 0xff,
    0xcb, 0x47, 0x2d, 0xff, 0xcb, 0x47, 0x2d, 0xff, 0xcb, 0x47, 0x2d, 0xff, 0xcb, 0x47, 0x2d, 0xff,
    0xcb, 0x47, 0x2d, 0xff, 0xdb, 0x80, 0x6e, 0xff, 0xff, 0xff, 0xff, 0xff, 0xff, 0xff, 0xff, 0xff,
    0xff, 0xff, 0xff, 0xff, 0xff, 0xff, 0xff, 0xff, 0xff, 0xff, 0xff, 0xff, 0xee, 0xc2, 0xba, 0xff,
    0xce, 0x52, 0x3a, 0xff, 0xcb, 0x47, 0x2d, 0xff, 0xcb, 0x47, 0x2d, 0xff, 0xcb, 0x47, 0x2d, 0xff,
    0xcb, 0x47, 0x2d, 0xff, 0xcb, 0x47, 0x2d, 0xff, 0xcb, 0x47, 0x2d, 0xff, 0xcb, 0x47, 0x2d, 0xff,
    0xcb, 0x47, 0x2d, 0xff, 0xcb, 0x47, 0x2d, 0xff, 0xcb, 0x47, 0x2d, 0xff, 0xcb, 0x47, 0x2d, 0xff,
    0xcb, 0x47, 0x2d, 0xff, 0xcb, 0x47, 0x2d, 0xff, 0xcb, 0x47, 0x2d, 0xff, 0xcb, 0x47, 0x2d, 0xff,
    0xcb, 0x47, 0x2d, 0xff, 0xcb, 0x47, 0x2d, 0xff, 0xcb, 0x47, 0x2d, 0xff, 0xcb, 0x47, 0x2d, 0xff,
    0xcb, 0x47, 0x2d, 0xff, 0xcb, 0x47, 0x2d, 0xff, 0xcb, 0x47, 0x2d, 0xff, 0xcb, 0x47, 0x2d, 0xff,
    0xcb, 0x47, 0x2d, 0xff, 0xcb, 0x47, 0x2d, 0xff, 0xcb, 0x47, 0x2d, 0xff, 0xcb, 0x47, 0x2d, 0xff,
    0xcb, 0x47, 0x2c, 0xeb, 0xcb, 0x47, 0x2d, 0xff, 0xcb, 0x47, 0x2d, 0xff, 0xcb, 0x47, 0x2d, 0xff,
    0xcb, 0x47, 0x2d, 0xff, 0xcb, 0x47, 0x2d, 0xff, 0xcb, 0x47, 0x2d, 0xff, 0xcb, 0x47, 0x2d, 0xff,
    0xcb, 0x47, 0x2d, 0xff, 0xcb, 0x47, 0x2d, 0xff, 0xcb, 0x47, 0x2d, 0xff, 0xcb, 0x47, 0x2d, 0xff,
    0xcb, 0x47, 0x2d, 0xff, 0xcb, 0x47, 0x2d, 0xff, 0xcb, 0x47, 0x2d, 0xff, 0xcb, 0x47, 0x2d, 0xff,
    0xcb, 0x47, 0x2d, 0xff, 0xcb, 0x47, 0x2d, 0xff, 0xcb, 0x47, 0x2d, 0xff, 0xcb, 0x47, 0x2d, 0xff,
    0xcb, 0x47, 0x2d, 0xff, 0xcb, 0x47, 0x2d, 0xff, 0xcb, 0x47, 0x2d, 0xff, 0xcb, 0x47, 0x2d, 0xff,
    0xcb, 0x47, 0x2d, 0xff, 0xcb, 0x47, 0x2d, 0xff, 0xcb, 0x47, 0x2d, 0xff, 0xcb, 0x47, 0x2d, 0xff,
    0xcb, 0x47, 0x2d, 0xff, 0xd8, 0x78, 0x64, 0xff, 0xff, 0xff, 0xff, 0xff, 0xff, 0xff, 0xff, 0xff,
    0xff, 0xff, 0xff, 0xff, 0xfd, 0xf9, 0xf8, 0xff, 0xe1, 0x94, 0x85, 0xff, 0xcb, 0x47, 0x2d, 0xff,
    0xcb, 0x47, 0x2d, 0xff, 0xcb, 0x47, 0x2d, 0xff, 0xcb, 0x47, 0x2d, 0xff, 0xcb, 0x47, 0x2d, 0xff,
    0xcb, 0x47, 0x2d, 0xff, 0xcb, 0x47, 0x2d, 0xff, 0xcb, 0x47, 0x2d, 0xff, 0xcb, 0x47, 0x2d, 0xff,
    0xcb, 0x47, 0x2d, 0xff, 0xcb, 0x47, 0x2d, 0xff, 0xcb, 0x47, 0x2d, 0xff, 0xcb, 0x47, 0x2d, 0xff,
    0xcb, 0x47, 0x2d, 0xff, 0xcb, 0x47, 0x2d, 0xff, 0xcb, 0x47, 0x2d, 0xff, 0xcb, 0x47, 0x2d, 0xff,
    0xcb, 0x47, 0x2d, 0xff, 0xcb, 0x47, 0x2d, 0xff, 0xcb, 0x47, 0x2d, 0xff, 0xcb, 0x47, 0x2d, 0xff,
    0xcb, 0x47, 0x2d, 0xff, 0xcb, 0x47, 0x2d, 0xff, 0xcb, 0x47, 0x2d, 0xff, 0xcb, 0x47, 0x2d, 0xff,
    0xcb, 0x47, 0x2d, 0xff, 0xcb, 0x47, 0x2d, 0xff, 0xcb, 0x47, 0x2d, 0xff, 0xcb, 0x47, 0x2c, 0xeb,
    0xcb, 0x46, 0x2c, 0xcf, 0xcb, 0x47, 0x2d, 0xff, 0xcb, 0x47, 0x2d, 0xff, 0xcb, 0x47, 0x2d, 0xff,
    0xcb, 0x47, 0x2d, 0xff, 0xcb, 0x47, 0x2d, 0xff, 0xcb, 0x47, 0x2d, 0xff, 0xcb, 0x47, 0x2d, 0xff,
    0xcb, 0x47, 0x2d, 0xff, 0xcb, 0x47, 0x2d, 0xff, 0xcb, 0x47, 0x2d, 0xff, 0xcb, 0x47, 0x2d, 0xff,
    0xcb, 0x47, 0x2d, 0xff, 0xcb, 0x47, 0x2d, 0xff, 0xcb, 0x47, 0x2d, 0xff, 0xcb, 0x47, 0x2d, 0xff,
    0xcb, 0x47, 0x2d, 0xff, 0xcb, 0x47, 0x2d, 0xff, 0xcb, 0x47, 0x2d, 0xff, 0xcb, 0x47, 0x2d, 0xff,
    0xcb, 0x47, 0x2d, 0xff, 0xcb, 0x47, 0x2d, 0xff, 0xcb, 0x47, 0x2d, 0xff, 0xcb, 0x47, 0x2d, 0xff,
    0xcb, 0x47, 0x2d, 0xff, 0xcb, 0x47, 0x2d, 0xff, 0xcb, 0x47, 0x2d, 0xff, 0xcb, 0x47, 0x2d, 0xff,
    0xcb, 0x47, 0x2d, 0xff, 0xcb, 0x4a, 0x30, 0xff, 0xf0, 0xcb, 0xc4, 0xff, 0xff, 0xff, 0xff, 0xff,
    0xf7, 0xe2, 0xde, 0xff, 0xd5, 0x6c, 0x57, 0xff, 0xcb, 0x47, 0x2d, 0xff, 0xcb, 0x47, 0x2d, 0xff,
    0xcb, 0x47, 0x2d, 0xff, 0xcb, 0x47, 0x2d, 0xff, 0xcb, 0x47, 0x2d, 0xff, 0xcb, 0x47, 0x2d, 0xff,
    0xcb, 0x47, 0x2d, 0xff, 0xcb, 0x47, 0x2d, 0xff, 0xcb, 0x47, 0x2d, 0xff, 0xcb, 0x47, 0x2d, 0xff,
    0xcb, 0x47, 0x2d, 0xff, 0xcb, 0x47, 0x2d, 0xff, 0xcb, 0x47, 0x2d, 0xff, 0xcb, 0x47, 0x2d, 0xff,
    0xcb, 0x47, 0x2d, 0xff, 0xcb, 0x47, 0x2d, 0xff, 0xcb, 0x47, 0x2d, 0xff, 0xcb, 0x47, 0x2d, 0xff,
    0xcb, 0x47, 0x2d, 0xff, 0xcb, 0x47, 0x2d, 0xff, 0xcb, 0x47, 0x2d, 0xff, 0xcb, 0x47, 0x2d, 0xff,
    0xcb, 0x47, 0x2d, 0xff, 0xcb, 0x47, 0x2d, 0xff, 0xcb, 0x47, 0x2d, 0xff, 0xcb, 0x47, 0x2d, 0xff,
    0xcb, 0x47, 0x2d, 0xff, 0xcb, 0x47, 0x2d, 0xff, 0xcb, 0x47, 0x2d, 0xff, 0xca, 0x46, 0x2d, 0xcb,
    0xca, 0x47, 0x2d, 0x9f, 0xcb, 0x47, 0x2d, 0xff, 0xcb, 0x47, 0x2d, 0xff, 0xcb, 0x47, 0x2d, 0xff,
    0xcb, 0x47, 0x2d, 0xff, 0xcb, 0x47, 0x2d, 0xff, 0xcb, 0x47, 0x2d, 0xff, 0xcb, 0x47, 0x2d, 0xff,
    0xcb, 0x47, 0x2d, 0xff, 0xcb, 0x47, 0x2d, 0xff, 0xcb, 0x47, 0x2d, 0xff, 0xcb, 0x47, 0x2d, 0xff,
    0xcb, 0x47, 0x2d, 0xff, 0xcb, 0x47, 0x2d, 0xff, 0xcb, 0x47, 0x2d, 0xff, 0xcb, 0x47, 0x2d, 0xff,
    0xcb, 0x47, 0x2d, 0xff, 0xcb, 0x47, 0x2d, 0xff, 0xcb, 0x47, 0x2d, 0xff, 0xcb, 0x47, 0x2d, 0xff,
    0xcb, 0x47, 0x2d, 0xff, 0xcb, 0x47, 0x2d, 0xff, 0xcb, 0x47, 0x2d, 0xff, 0xcb, 0x47, 0x2d, 0xff,
    0xcb, 0x47, 0x2d, 0xff, 0xcb, 0x47, 0x2d, 0xff, 0xcb, 0x47, 0x2d, 0xff, 0xcb, 0x47, 0x2d, 0xff,
    0xcb, 0x47, 0x2d, 0xff, 0xcb, 0x47, 0x2d, 0xff, 0xcb, 0x47, 0x2d, 0xff, 0xd0, 0x58, 0x40, 0xff,
    0xcb, 0x49, 0x30, 0xff, 0xcb, 0x47, 0x2d, 0xff, 0xcb, 0x47, 0x2d, 0xff, 0xcb, 0x47, 0x2d, 0xff,
    0xcb, 0x47, 0x2d, 0xff, 0xcb, 0x47, 0x2d, 0xff, 0xcb, 0x47, 0x2d, 0xff, 0xcb, 0x47, 0x2d, 0xff,
    0xcb, 0x47, 0x2d, 0xff, 0xcb, 0x47, 0x2d, 0xff, 0xcb, 0x47, 0x2d, 0xff, 0xcb, 0x47, 0x2d, 0xff,
    0xcb, 0x47, 0x2d, 0xff, 0xcb, 0x47, 0x2d, 0xff, 0xcb, 0x47, 0x2d, 0xff, 0xcb, 0x47, 0x2d, 0xff,
    0xcb, 0x47, 0x2d, 0xff, 0xcb, 0x47, 0x2d, 0xff, 0xcb, 0x47, 0x2d, 0xff, 0xcb, 0x47, 0x2d, 0xff,
    0xcb, 0x47, 0x2d, 0xff, 0xcb, 0x47, 0x2d, 0xff, 0xcb, 0x47, 0x2d, 0xff, 0xcb, 0x47, 0x2d, 0xff,
    0xcb, 0x47, 0x2d, 0xff, 0xcb, 0x47, 0x2d, 0xff, 0xcb, 0x47, 0x2d, 0xff, 0xcb, 0x47, 0x2d, 0xff,
    0xcb, 0x47, 0x2d, 0xff, 0xcb, 0x47, 0x2d, 0xff, 0xcb, 0x47, 0x2d, 0xff, 0xcc, 0x47, 0x2c, 0x9b,
    0xcd, 0x46, 0x2d, 0x5b, 0xcb, 0x47, 0x2d, 0xff, 0xcb, 0x47, 0x2d, 0xff, 0xcb, 0x47, 0x2d, 0xff,
    0xcb, 0x47, 0x2d, 0xff, 0xcb, 0x47, 0x2d, 0xff, 0xcb, 0x47, 0x2d, 0xff, 0xcb, 0x47, 0x2d, 0xff,
    0xcb, 0x47, 0x2d, 0xff, 0xcb, 0x47, 0x2d, 0xff, 0xcb, 0x47, 0x2d, 0xff, 0xcb, 0x47, 0x2d, 0xff,
    0xcb, 0x47, 0x2d, 0xff, 0xcb, 0x47, 0x2d, 0xff, 0xcb, 0x47, 0x2d, 0xff, 0xcb, 0x47, 0x2d, 0xff,
    0xcb, 0x47, 0x2d, 0xff, 0xcb, 0x47, 0x2d, 0xff, 0xcb, 0x47, 0x2d, 0xff, 0xcb, 0x47, 0x2d, 0xff,
    0xcb, 0x47, 0x2d, 0xff, 0xcb, 0x47, 0x2d, 0xff, 0xcb, 0x47, 0x2d, 0xff, 0xcb, 0x47, 0x2d, 0xff,
    0xcb, 0x47, 0x2d, 0xff, 0xcb, 0x47, 0x2d, 0xff, 0xcb, 0x47, 0x2d, 0xff, 0xcb, 0x47, 0x2d, 0xff,
    0xcb, 0x47, 0x2d, 0xff, 0xcb, 0x47, 0x2d, 0xff, 0xcb, 0x47, 0x2d, 0xff, 0xcb, 0x47, 0x2d, 0xff,
    0xcb, 0x47, 0x2d, 0xff, 0xcb, 0x47, 0x2d, 0xff, 0xcb, 0x47, 0x2d, 0xff, 0xcb, 0x47, 0x2d, 0xff,
    0xcb, 0x47, 0x2d, 0xff, 0xcb, 0x47, 0x2d, 0xff, 0xcb, 0x47, 0x2d, 0xff, 0xcb, 0x47, 0x2d, 0xff,
    0xcb, 0x47, 0x2d, 0xff, 0xcb, 0x47, 0x2d, 0xff, 0xcb, 0x47, 0x2d, 0xff, 0xcb, 0x47, 0x2d, 0xff,
    0xcb, 0x47, 0x2d, 0xff, 0xcb, 0x47, 0x2d, 0xff, 0xcb, 0x47, 0x2d, 0xff, 0xcb, 0x47, 0x2d, 0xff,
    0xcb, 0x47, 0x2d, 0xff, 0xcb, 0x47, 0x2d, 0xff, 0xcb, 0x47, 0x2d, 0xff, 0xcb, 0x47, 0x2d, 0xff,
    0xcb, 0x47, 0x2d, 0xff, 0xcb, 0x47, 0x2d, 0xff, 0xcb, 0x47, 0x2d, 0xff, 0xcb, 0x47, 0x2d, 0xff,
    0xcb, 0x47, 0x2d, 0xff, 0xcb, 0x47, 0x2d, 0xff, 0xcb, 0x47, 0x2d, 0xff, 0xcb, 0x47, 0x2d, 0xff,
    0xcb, 0x47, 0x2d, 0xff, 0xcb, 0x47, 0x2d, 0xff, 0xcb, 0x47, 0x2d, 0xff, 0xcd, 0x46, 0x2d, 0x5b,
    0xbf, 0x40, 0x20, 0x10, 0xca, 0x46, 0x2c, 0xf7, 0xcb, 0x47, 0x2d, 0xff, 0xcb, 0x47, 0x2d, 0xff,
    0xcb, 0x47, 0x2d, 0xff, 0xcb, 0x47, 0x2d, 0xff, 0xcb, 0x47, 0x2d, 0xff, 0xcb, 0x47, 0x2d, 0xff,
    0xcb, 0x47, 0x2d, 0xff, 0xcb, 0x47, 0x2d, 0xff, 0xcb, 0x47, 0x2d, 0xff, 0xcb, 0x47, 0x2d, 0xff,
    0xcb, 0x47, 0x2d, 0xff, 0xcb, 0x47, 0x2d, 0xff, 0xcb, 0x47, 0x2d, 0xff, 0xcb, 0x47, 0x2d, 0xff,
    0xcb, 0x47, 0x2d, 0xff, 0xcb, 0x47, 0x2d, 0xff, 0xcb, 0x47, 0x2d, 0xff, 0xcb, 0x47, 0x2d, 0xff,
    0xcb, 0x47, 0x2d, 0xff, 0xcb, 0x47, 0x2d, 0xff, 0xcb, 0x47, 0x2d, 0xff, 0xcb, 0x47, 0x2d, 0xff,
    0xcb, 0x47, 0x2d, 0xff, 0xcb, 0x47, 0x2d, 0xff, 0xcb, 0x47, 0x2d, 0xff, 0xcb, 0x47, 0x2d, 0xff,
    0xcb, 0x47, 0x2d, 0xff, 0xcb, 0x47, 0x2d, 0xff, 0xcb, 0x47, 0x2d, 0xff, 0xcb, 0x47, 0x2d, 0xff,
    0xcb, 0x47, 0x2d, 0xff, 0xcb, 0x47, 0x2d, 0xff, 0xcb, 0x47, 0x2d, 0xff, 0xcb, 0x47, 0x2d, 0xff,
    0xcb, 0x47, 0x2d, 0xff, 0xcb, 0x47, 0x2d, 0xff, 0xcb, 0x47, 0x2d, 0xff, 0xcb, 0x47, 0x2d, 0xff,
    0xcb, 0x47, 0x2d, 0xff, 0xcb, 0x47, 0x2d, 0xff, 0xcb, 0x47, 0x2d, 0xff, 0xcb, 0x47, 0x2d, 0xff,
    0xcb, 0x47, 0x2d, 0xff, 0xcb, 0x47, 0x2d, 0xff, 0xcb, 0x47, 0x2d, 0xff, 0xcb, 0x47, 0x2d, 0xff,
    0xcb, 0x47, 0x2d, 0xff, 0xcb, 0x47, 0x2d, 0xff, 0xcb, 0x47, 0x2d, 0xff, 0xcb, 0x47, 0x2d, 0xff,
    0xcb, 0x47, 0x2d, 0xff, 0xcb, 0x47, 0x2d, 0xff, 0xcb, 0x47, 0x2d, 0xff, 0xcb, 0x47, 0x2d, 0xff,
    0xcb, 0x47, 0x2d, 0xff, 0xcb, 0x47, 0x2d, 0xff, 0xcb, 0x47, 0x2d, 0xff, 0xcb, 0x47, 0x2d, 0xff,
    0xcb, 0x47, 0x2d, 0xff, 0xcb, 0x47, 0x2d, 0xff, 0xca, 0x46, 0x2c, 0xf7, 0xbf, 0x40, 0x20, 0x10,
    0x00, 0x00, 0x00, 0x00, 0xcc, 0x47, 0x2d, 0x9f, 0xcb, 0x47, 0x2d, 0xff, 0xcb, 0x47, 0x2d, 0xff,
    0xcb, 0x47, 0x2d, 0xff, 0xcb, 0x47, 0x2d, 0xff, 0xcb, 0x47, 0x2d, 0xff, 0xcb, 0x47, 0x2d, 0xff,
    0xcb, 0x47, 0x2d, 0xff, 0xcb, 0x47, 0x2d, 0xff, 0xcb, 0x47, 0x2d, 0xff, 0xcb, 0x47, 0x2d, 0xff,
    0xcb, 0x47, 0x2d, 0xff, 0xcb, 0x47, 0x2d, 0xff, 0xcb, 0x47, 0x2d, 0xff, 0xcb, 0x47, 0x2d, 0xff,
    0xcb, 0x47, 0x2d, 0xff, 0xcb, 0x47, 0x2d, 0xff, 0xcb, 0x47, 0x2d, 0xff, 0xcb, 0x47, 0x2d, 0xff,
    0xcb, 0x47, 0x2d, 0xff, 0xcb, 0x47, 0x2d, 0xff, 0xcb, 0x47, 0x2d, 0xff, 0xcb, 0x47, 0x2d, 0xff,
    0xcb, 0x47, 0x2d, 0xff, 0xcb, 0x47, 0x2d, 0xff, 0xcb, 0x47, 0x2d, 0xff, 0xcb, 0x47, 0x2d, 0xff,
    0xcb, 0x47, 0x2d, 0xff, 0xcb, 0x47, 0x2d, 0xff, 0xcb, 0x47, 0x2d, 0xff, 0xcb, 0x47, 0x2d, 0xff,
    0xcb, 0x47, 0x2d, 0xff, 0xcb, 0x47, 0x2d, 0xff, 0xcb, 0x47, 0x2d, 0xff, 0xcb, 0x47, 0x2d, 0xff,
    0xcb, 0x47, 0x2d, 0xff, 0xcb, 0x47, 0x2d, 0xff, 0xcb, 0x47, 0x2d, 0xff, 0xcb, 0x47, 0x2d, 0xff,
    0xcb, 0x47, 0x2d, 0xff, 0xcb, 0x47, 0x2d, 0xff, 0xcb, 0x47, 0x2d, 0xff, 0xcb, 0x47, 0x2d, 0xff,
    0xcb, 0x47, 0x2d, 0xff, 0xcb, 0x47, 0x2d, 0xff, 0xcb, 0x47, 0x2d, 0xff, 0xcb, 0x47, 0x2d, 0xff,
    0xcb, 0x47, 0x2d, 0xff, 0xcb, 0x47, 0x2d, 0xff, 0xcb, 0x47, 0x2d, 0xff, 0xcb, 0x47, 0x2d, 0xff,
    0xcb, 0x47, 0x2d, 0xff, 0xcb, 0x47, 0x2d, 0xff, 0xcb, 0x47, 0x2d, 0xff, 0xcb, 0x47, 0x2d, 0xff,
    0xcb, 0x47, 0x2d, 0xff, 0xcb, 0x47, 0x2d, 0xff, 0xcb, 0x47, 0x2d, 0xff, 0xcb, 0x47, 0x2d, 0xff,
    0xcb, 0x47, 0x2d, 0xff, 0xcb, 0x47, 0x2d, 0xff, 0xcb, 0x47, 0x2e, 0x97, 0x00, 0x00, 0x00, 0x00,
    0x00, 0x00, 0x00, 0x00, 0xc6, 0x47, 0x2b, 0x24, 0xca, 0x47, 0x2d, 0xfb, 0xcb, 0x47, 0x2d, 0xff,
    0xcb, 0x47, 0x2d, 0xff, 0xcb, 0x47, 0x2d, 0xff, 0xcb, 0x47, 0x2d, 0xff, 0xcb, 0x47, 0x2d, 0xff,
    0xcb, 0x47, 0x2d, 0xff, 0xcb, 0x47, 0x2d, 0xff, 0xcb, 0x47, 0x2d, 0xff, 0xcb, 0x47, 0x2d, 0xff,
    0xcb, 0x47, 0x2d, 0xff, 0xcb, 0x47, 0x2d, 0xff, 0xcb, 0x47, 0x2d, 0xff, 0xcb, 0x47, 0x2d, 0xff,
    0xcb, 0x47, 0x2d, 0xff, 0xcb, 0x47, 0x2d, 0xff, 0xcb, 0x47, 0x2d, 0xff, 0xcb, 0x47, 0x2d, 0xff,
    0xcb, 0x47, 0x2d, 0xff, 0xcb, 0x47, 0x2d, 0xff, 0xcb, 0x47, 0x2d, 0xff, 0xcb, 0x47, 0x2d, 0xff,
    0xcb, 0x47, 0x2d, 0xff, 0xcb, 0x47, 0x2d, 0xff, 0xcb, 0x47, 0x2d, 0xff, 0xcb, 0x47, 0x2d, 0xff,
    0xcb, 0x47, 0x2d, 0xff, 0xcb, 0x47, 0x2d, 0xff, 0xcb, 0x47, 0x2d, 0xff, 0xcb, 0x47, 0x2d, 0xff,
    0xcb, 0x47, 0x2d, 0xff, 0xcb, 0x47, 0x2d, 0xff, 0xcb, 0x47, 0x2d, 0xff, 0xcb, 0x47, 0x2d, 0xff,
    0xcb, 0x47, 0x2d, 0xff, 0xcb, 0x47, 0x2d, 0xff, 0xcb, 0x47, 0x2d, 0xff, 0xcb, 0x47, 0x2d, 0xff,
    0xcb, 0x47, 0x2d, 0xff, 0xcb, 0x47, 0x2d, 0xff, 0xcb, 0x47, 0x2d, 0xff, 0xcb, 0x47, 0x2d, 0xff,
    0xcb, 0x47, 0x2d, 0xff, 0xcb, 0x47, 0x2d, 0xff, 0xcb, 0x47, 0x2d, 0xff, 0xcb, 0x47, 0x2d, 0xff,
    0xcb, 0x47, 0x2d, 0xff, 0xcb, 0x47, 0x2d, 0xff, 0xcb, 0x47, 0x2d, 0xff, 0xcb, 0x47, 0x2d, 0xff,
    0xcb, 0x47, 0x2d, 0xff, 0xcb, 0x47, 0x2d, 0xff, 0xcb, 0x47, 0x2d, 0xff, 0xcb, 0x47, 0x2d, 0xff,
    0xcb, 0x47, 0x2d, 0xff, 0xcb, 0x47, 0x2d, 0xff, 0xcb, 0x47, 0x2d, 0xff, 0xcb, 0x47, 0x2d, 0xff,
    0xcb, 0x47, 0x2d, 0xff, 0xca, 0x46, 0x2c, 0xf7, 0xcc, 0x46, 0x2d, 0x28, 0x00, 0x00, 0x00, 0x00,
    0x00, 0x00, 0x00, 0x00, 0x00, 0x00, 0x00, 0x00, 0xcc, 0x46, 0x2c, 0x8b, 0xcb, 0x47, 0x2d, 0xff,
    0xcb, 0x47, 0x2d, 0xff, 0xcb, 0x47, 0x2d, 0xff, 0xcb, 0x47, 0x2d, 0xff, 0xcb, 0x47, 0x2d, 0xff,
    0xcb, 0x47, 0x2d, 0xff, 0xcb, 0x47, 0x2d, 0xff, 0xcb, 0x47, 0x2d, 0xff, 0xcb, 0x47, 0x2d, 0xff,
    0xcb, 0x47, 0x2d, 0xff, 0xcb, 0x47, 0x2d, 0xff, 0xcb, 0x47, 0x2d, 0xff, 0xcb, 0x47, 0x2d, 0xff,
    0xcb, 0x47, 0x2d, 0xff, 0xcb, 0x47, 0x2d, 0xff, 0xcb, 0x47, 0x2d, 0xff, 0xcb, 0x47, 0x2d, 0xff,
    0xcb, 0x47, 0x2d, 0xff, 0xcb, 0x47, 0x2d, 0xff, 0xcb, 0x47, 0x2d, 0xff, 0xcb, 0x47, 0x2d, 0xff,
    0xcb, 0x47, 0x2d, 0xff, 0xcb, 0x47, 0x2d, 0xff, 0xcb, 0x47, 0x2d, 0xff, 0xcb, 0x47, 0x2d, 0xff,
    0xcb, 0x47, 0x2d, 0xff, 0xcb, 0x47, 0x2d, 0xff, 0xcb, 0x47, 0x2d, 0xff, 0xcb, 0x47, 0x2d, 0xff,
    0xcb, 0x47, 0x2d, 0xff, 0xcb, 0x47, 0x2d, 0xff, 0xcb, 0x47, 0x2d, 0xff, 0xcb, 0x47, 0x2d, 0xff,
    0xcb, 0x47, 0x2d, 0xff, 0xcb, 0x47, 0x2d, 0xff, 0xcb, 0x47, 0x2d, 0xff, 0xcb, 0x47, 0x2d, 0xff,
    0xcb, 0x47, 0x2d, 0xff, 0xcb, 0x47, 0x2d, 0xff, 0xcb, 0x47, 0x2d, 0xff, 0xcb, 0x47, 0x2d, 0xff,
    0xcb, 0x47, 0x2d, 0xff, 0xcb, 0x47, 0x2d, 0xff, 0xcb, 0x47, 0x2d, 0xff, 0xcb, 0x47, 0x2d, 0xff,
    0xcb, 0x47, 0x2d, 0xff, 0xcb, 0x47, 0x2d, 0xff, 0xcb, 0x47, 0x2d, 0xff, 0xcb, 0x47, 0x2d, 0xff,
    0xcb, 0x47, 0x2d, 0xff, 0xcb, 0x47, 0x2d, 0xff, 0xcb, 0x47, 0x2d, 0xff, 0xcb, 0x47, 0x2d, 0xff,
    0xcb, 0x47, 0x2d, 0xff, 0xcb, 0x47, 0x2d, 0xff, 0xcb, 0x47, 0x2d, 0xff, 0xcb, 0x47, 0x2d, 0xff,
    0xcb, 0x47, 0x2d, 0xff, 0xcb, 0x47, 0x2d, 0x8f, 0x00, 0x00, 0x00, 0x00, 0x00, 0x00, 0x00, 0x00,
    0x00, 0x00, 0x00, 0x00, 0x00, 0x00, 0x00, 0x00, 0xbf, 0x40, 0x20, 0x08, 0xcb, 0x47, 0x2d, 0xd7,
    0xcb, 0x47, 0x2d, 0xff, 0xcb, 0x47, 0x2d, 0xff, 0xcb, 0x47, 0x2d, 0xff, 0xcb, 0x47, 0x2d, 0xff,
    0xcb, 0x47, 0x2d, 0xff, 0xcb, 0x47, 0x2d, 0xff, 0xcb, 0x47, 0x2d, 0xff, 0xcb, 0x47, 0x2d, 0xff,
    0xcb, 0x47, 0x2d, 0xff, 0xcb, 0x47, 0x2d, 0xff, 0xcb, 0x47, 0x2d, 0xff, 0xcb, 0x47, 0x2d, 0xff,
    0xcb, 0x47, 0x2d, 0xff, 0xcb, 0x47, 0x2d, 0xff, 0xcb, 0x47, 0x2d, 0xff, 0xcb, 0x47, 0x2d, 0xff,
    0xcb, 0x47, 0x2d, 0xff, 0xcb, 0x47, 0x2d, 0xff, 0xcb, 0x47, 0x2d, 0xff, 0xcb, 0x47, 0x2d, 0xff,
    0xcb, 0x47, 0x2d, 0xff, 0xcb, 0x47, 0x2d, 0xff, 0xcb, 0x47, 0x2d, 0xff, 0xcb, 0x47, 0x2d, 0xff,
    0xcb, 0x47, 0x2d, 0xff, 0xcb, 0x47, 0x2d, 0xff, 0xcb, 0x47, 0x2d, 0xff, 0xcb, 0x47, 0x2d, 0xff,
    0xcb, 0x47, 0x2d, 0xff, 0xcb, 0x47, 0x2d, 0xff, 0xcb, 0x47, 0x2d, 0xff, 0xcb, 0x47, 0x2d, 0xff,
    0xcb, 0x47, 0x2d, 0xff, 0xcb, 0x47, 0x2d, 0xff, 0xcb, 0x47, 0x2d, 0xff, 0xcb, 0x47, 0x2d, 0xff,
    0xcb, 0x47, 0x2d, 0xff, 0xcb, 0x47, 0x2d, 0xff, 0xcb, 0x47, 0x2d, 0xff, 0xcb, 0x47, 0x2d, 0xff,
    0xcb, 0x47, 0x2d, 0xff, 0xcb, 0x47, 0x2d, 0xff, 0xcb, 0x47, 0x2d, 0xff, 0xcb, 0x47, 0x2d, 0xff,
    0xcb, 0x47, 0x2d, 0xff, 0xcb, 0x47, 0x2d, 0xff, 0xcb, 0x47, 0x2d, 0xff, 0xcb, 0x47, 0x2d, 0xff,
    0xcb, 0x47, 0x2d, 0xff, 0xcb, 0x47, 0x2d, 0xff, 0xcb, 0x47, 0x2d, 0xff, 0xcb, 0x47, 0x2d, 0xff,
    0xcb, 0x47, 0x2d, 0xff, 0xcb, 0x47, 0x2d, 0xff, 0xcb, 0x47, 0x2d, 0xff, 0xcb, 0x47, 0x2d, 0xff,
    0xcb, 0x47, 0x2d, 0xd7, 0xbf, 0x40, 0x20, 0x08, 0x00, 0x00, 0x00, 0x00, 0x00, 0x00, 0x00, 0x00,
    0x00, 0x00, 0x00, 0x00, 0x00, 0x00, 0x00, 0x00, 0x00, 0x00, 0x00, 0x00, 0xc6, 0x47, 0x2b, 0x24,
    0xcb, 0x47, 0x2c, 0xe7, 0xcb, 0x47, 0x2d, 0xff, 0xcb, 0x47, 0x2d, 0xff, 0xcb, 0x47, 0x2d, 0xff,
    0xcb, 0x47, 0x2d, 0xff, 0xcb, 0x47, 0x2d, 0xff, 0xcb, 0x47, 0x2d, 0xff, 0xcb, 0x47, 0x2d, 0xff,
    0xcb, 0x47, 0x2d, 0xff, 0xcb, 0x47, 0x2d, 0xff, 0xcb, 0x47, 0x2d, 0xff, 0xcb, 0x47, 0x2d, 0xff,
    0xcb, 0x47, 0x2d, 0xff, 0xcb, 0x47, 0x2d, 0xff, 0xcb, 0x47, 0x2d, 0xff, 0xcb, 0x47, 0x2d, 0xff,
    0xcb, 0x47, 0x2d, 0xff, 0xcb, 0x47, 0x2d, 0xff, 0xcb, 0x47, 0x2d, 0xff, 0xcb, 0x47, 0x2d, 0xff,
    0xcb, 0x47, 0x2d, 0xff, 0xcb, 0x47, 0x2d, 0xff, 0xcb, 0x47, 0x2d, 0xff, 0xcb, 0x47, 0x2d, 0xff,
    0xcb, 0x47, 0x2d, 0xff, 0xcb, 0x47, 0x2d, 0xff, 0xcb, 0x47, 0x2d, 0xff, 0xcb, 0x47, 0x2d, 0xff,
    0xcb, 0x47, 0x2d, 0xff, 0xcb, 0x47, 0x2d, 0xff, 0xcb, 0x47, 0x2d, 0xff, 0xcb, 0x47, 0x2d, 0xff,
    0xcb, 0x47, 0x2d, 0xff, 0xcb, 0x47, 0x2d, 0xff, 0xcb, 0x47, 0x2d, 0xff, 0xcb, 0x47, 0x2d, 0xff,
    0xcb, 0x47, 0x2d, 0xff, 0xcb, 0x47, 0x2d, 0xff, 0xcb, 0x47, 0x2d, 0xff, 0xcb, 0x47, 0x2d, 0xff,
    0xcb, 0x47, 0x2d, 0xff, 0xcb, 0x47, 0x2d, 0xff, 0xcb, 0x47, 0x2d, 0xff, 0xcb, 0x47, 0x2d, 0xff,
    0xcb, 0x47, 0x2d, 0xff, 0xcb, 0x47, 0x2d, 0xff, 0xcb, 0x47, 0x2d, 0xff, 0xcb, 0x47, 0x2d, 0xff,
    0xcb, 0x47, 0x2d, 0xff, 0xcb, 0x47, 0x2d, 0xff, 0xcb, 0x47, 0x2d, 0xff, 0xcb, 0x47, 0x2d, 0xff,
    0xcb, 0x47, 0x2d, 0xff, 0xcb, 0x47, 0x2d, 0xff, 0xcb, 0x47, 0x2d, 0xff, 0xcb, 0x47, 0x2c, 0xe7,
    0xc7, 0x48, 0x28, 0x20, 0x00, 0x00, 0x00, 0x00, 0x00, 0x00, 0x00, 0x00, 0x00, 0x00, 0x00, 0x00,
    0x00, 0x00, 0x00, 0x00, 0x00, 0x00, 0x00, 0x00, 0x00, 0x00, 0x00, 0x00, 0x00, 0x00, 0x00, 0x00,
    0xcd, 0x46, 0x2d, 0x33, 0xcb, 0x47, 0x2c, 0xe7, 0xcb, 0x47, 0x2d, 0xff, 0xcb, 0x47, 0x2d, 0xff,
    0xcb, 0x47, 0x2d, 0xff, 0xcb, 0x47, 0x2d, 0xff, 0xcb, 0x47, 0x2d, 0xff, 0xcb, 0x47, 0x2d, 0xff,
    0xcb, 0x47, 0x2d, 0xff, 0xcb, 0x47, 0x2d, 0xff, 0xcb, 0x47, 0x2d, 0xff, 0xcb, 0x47, 0x2d, 0xff,
    0xcb, 0x47, 0x2d, 0xff, 0xcb, 0x47, 0x2d, 0xff, 0xcb, 0x47, 0x2d, 0xff, 0xcb, 0x47, 0x2d, 0xff,
    0xcb, 0x47, 0x2d, 0xff, 0xcb, 0x47, 0x2d, 0xff, 0xcb, 0x47, 0x2d, 0xff, 0xcb, 0x47, 0x2d, 0xff,
    0xcb, 0x47, 0x2d, 0xff, 0xcb, 0x47, 0x2d, 0xff, 0xcb, 0x47, 0x2d, 0xff, 0xcb, 0x47, 0x2d, 0xff,
    0xcb, 0x47, 0x2d, 0xff, 0xcb, 0x47, 0x2d, 0xff, 0xcb, 0x47, 0x2d, 0xff, 0xcb, 0x47, 0x2d, 0xff,
    0xcb, 0x47, 0x2d, 0xff, 0xcb, 0x47, 0x2d, 0xff, 0xcb, 0x47, 0x2d, 0xff, 0xcb, 0x47, 0x2d, 0xff,
    0xcb, 0x47, 0x2d, 0xff, 0xcb, 0x47, 0x2d, 0xff, 0xcb, 0x47, 0x2d, 0xff, 0xcb, 0x47, 0x2d, 0xff,
    0xcb, 0x47, 0x2d, 0xff, 0xcb, 0x47, 0x2d, 0xff, 0xcb, 0x47, 0x2d, 0xff, 0xcb, 0x47, 0x2d, 0xff,
    0xcb, 0x47, 0x2d, 0xff, 0xcb, 0x47, 0x2d, 0xff, 0xcb, 0x47, 0x2d, 0xff, 0xcb, 0x47, 0x2d, 0xff,
    0xcb, 0x47, 0x2d, 0xff, 0xcb, 0x47, 0x2d, 0xff, 0xcb, 0x47, 0x2d, 0xff, 0xcb, 0x47, 0x2d, 0xff,
    0xcb, 0x47, 0x2d, 0xff, 0xcb, 0x47, 0x2d, 0xff, 0xcb, 0x47, 0x2d, 0xff, 0xcb, 0x47, 0x2d, 0xff,
    0xcb, 0x47, 0x2d, 0xff, 0xcb, 0x47, 0x2d, 0xff, 0xcb, 0x47, 0x2c, 0xe7, 0xcd, 0x46, 0x2d, 0x33,
    0x00, 0x00, 0x00, 0x00, 0x00, 0x00, 0x00, 0x00, 0x00, 0x00, 0x00, 0x00, 0x00, 0x00, 0x00, 0x00,
    0x00, 0x00, 0x00, 0x00, 0x00, 0x00, 0x00, 0x00, 0x00, 0x00, 0x00, 0x00, 0x00, 0x00, 0x00, 0x00,
    0x00, 0x00, 0x00, 0x00, 0xc7, 0x48, 0x28, 0x20, 0xcb, 0x47, 0x2d, 0xd7, 0xcb, 0x47, 0x2d, 0xff,
    0xcb, 0x47, 0x2d, 0xff, 0xcb, 0x47, 0x2d, 0xff, 0xcb, 0x47, 0x2d, 0xff, 0xcb, 0x47, 0x2d, 0xff,
    0xcb, 0x47, 0x2d, 0xff, 0xcb, 0x47, 0x2d, 0xff, 0xcb, 0x47, 0x2d, 0xff, 0xcb, 0x47, 0x2d, 0xff,
    0xcb, 0x47, 0x2d, 0xff, 0xcb, 0x47, 0x2d, 0xff, 0xcb, 0x47, 0x2d, 0xff, 0xcb, 0x47, 0x2d, 0xff,
    0xcb, 0x47, 0x2d, 0xff, 0xcb, 0x47, 0x2d, 0xff, 0xcb, 0x47, 0x2d, 0xff, 0xcb, 0x47, 0x2d, 0xff,
    0xcb, 0x47, 0x2d, 0xff, 0xcb, 0x47, 0x2d, 0xff, 0xcb, 0x47, 0x2d, 0xff, 0xcb, 0x47, 0x2d, 0xff,
    0xcb, 0x47, 0x2d, 0xff, 0xcb, 0x47, 0x2d, 0xff, 0xcb, 0x47, 0x2d, 0xff, 0xcb, 0x47, 0x2d, 0xff,
    0xcb, 0x47, 0x2d, 0xff, 0xcb, 0x47, 0x2d, 0xff, 0xcb, 0x47, 0x2d, 0xff, 0xcb, 0x47, 0x2d, 0xff,
    0xcb, 0x47, 0x2d, 0xff, 0xcb, 0x47, 0x2d, 0xff, 0xcb, 0x47, 0x2d, 0xff, 0xcb, 0x47, 0x2d, 0xff,
    0xcb, 0x47, 0x2d, 0xff, 0xcb, 0x47, 0x2d, 0xff, 0xcb, 0x47, 0x2d, 0xff, 0xcb, 0x47, 0x2d, 0xff,
    0xcb, 0x47, 0x2d, 0xff, 0xcb, 0x47, 0x2d, 0xff, 0xcb, 0x47, 0x2d, 0xff, 0xcb, 0x47, 0x2d, 0xff,
    0xcb, 0x47, 0x2d, 0xff, 0xcb, 0x47, 0x2d, 0xff, 0xcb, 0x47, 0x2d, 0xff, 0xcb, 0x47, 0x2d, 0xff,
    0xcb, 0x47, 0x2d, 0xff, 0xcb, 0x47, 0x2d, 0xff, 0xcb, 0x47, 0x2d, 0xff, 0xcb, 0x47, 0x2d, 0xff,
    0xcb, 0x47, 0x2d, 0xff, 0xcb, 0x47, 0x2d, 0xd7, 0xc6, 0x47, 0x2b, 0x24, 0x00, 0x00, 0x00, 0x00,
    0x00, 0x00, 0x00, 0x00, 0x00, 0x00, 0x00, 0x00, 0x00, 0x00, 0x00, 0x00, 0x00, 0x00, 0x00, 0x00,
    0x00, 0x00, 0x00, 0x00, 0x00, 0x00, 0x00, 0x00, 0x00, 0x00, 0x00, 0x00, 0x00, 0x00, 0x00, 0x00,
    0x00, 0x00, 0x00, 0x00, 0x00, 0x00, 0x00, 0x00, 0xbf, 0x40, 0x20, 0x08, 0xcb, 0x47, 0x2d, 0x8f,
    0xca, 0x46, 0x2c, 0xf7, 0xcb, 0x47, 0x2d, 0xff, 0xcb, 0x47, 0x2d, 0xff, 0xcb, 0x47, 0x2d, 0xff,
    0xcb, 0x47, 0x2d, 0xff, 0xcb, 0x47, 0x2d, 0xff, 0xcb, 0x47, 0x2d, 0xff, 0xcb, 0x47, 0x2d, 0xff,
    0xcb, 0x47, 0x2d, 0xff, 0xcb, 0x47, 0x2d, 0xff, 0xcb, 0x47, 0x2d, 0xff, 0xcb, 0x47, 0x2d, 0xff,
    0xcb, 0x47, 0x2d, 0xff, 0xcb, 0x47, 0x2d, 0xff, 0xcb, 0x47, 0x2d, 0xff, 0xcb, 0x47, 0x2d, 0xff,
    0xcb, 0x47, 0x2d, 0xff, 0xcb, 0x47, 0x2d, 0xff, 0xcb, 0x47, 0x2d, 0xff, 0xcb, 0x47, 0x2d, 0xff,
    0xcb, 0x47, 0x2d, 0xff, 0xcb, 0x47, 0x2d, 0xff, 0xcb, 0x47, 0x2d, 0xff, 0xcb, 0x47, 0x2d, 0xff,
    0xcb, 0x47, 0x2d, 0xff, 0xcb, 0x47, 0x2d, 0xff, 0xcb, 0x47, 0x2d, 0xff, 0xcb, 0x47, 0x2d, 0xff,
    0xcb, 0x47, 0x2d, 0xff, 0xcb, 0x47, 0x2d, 0xff, 0xcb, 0x47, 0x2d, 0xff, 0xcb, 0x47, 0x2d, 0xff,
    0xcb, 0x47, 0x2d, 0xff, 0xcb, 0x47, 0x2d, 0xff, 0xcb, 0x47, 0x2d, 0xff, 0xcb, 0x47, 0x2d, 0xff,
    0xcb, 0x47, 0x2d, 0xff, 0xcb, 0x47, 0x2d, 0xff, 0xcb, 0x47, 0x2d, 0xff, 0xcb, 0x47, 0x2d, 0xff,
    0xcb, 0x47, 0x2d, 0xff, 0xcb, 0x47, 0x2d, 0xff, 0xcb, 0x47, 0x2d, 0xff, 0xcb, 0x47, 0x2d, 0xff,
    0xcb, 0x47, 0x2d, 0xff, 0xcb, 0x47, 0x2d, 0xff, 0xcb, 0x47, 0x2d, 0xff, 0xca, 0x47, 0x2d, 0xfb,
    0xcc, 0x48, 0x2c, 0x8b, 0xbf, 0x40, 0x20, 0x08, 0x00, 0x00, 0x00, 0x00, 0x00, 0x00, 0x00, 0x00,
    0x00, 0x00, 0x00, 0x00, 0x00, 0x00, 0x00, 0x00, 0x00, 0x00, 0x00, 0x00, 0x00, 0x00, 0x00, 0x00,
    0x00, 0x00, 0x00, 0x00, 0x00, 0x00, 0x00, 0x00, 0x00, 0x00, 0x00, 0x00, 0x00, 0x00, 0x00, 0x00,
    0x00, 0x00, 0x00, 0x00, 0x00, 0x00, 0x00, 0x00, 0x00, 0x00, 0x00, 0x00, 0x00, 0x00, 0x00, 0x00,
    0xc6, 0x46, 0x2d, 0x28, 0xcb, 0x47, 0x2e, 0x97, 0xca, 0x46, 0x2c, 0xf7, 0xcb, 0x47, 0x2d, 0xff,
    0xcb, 0x47, 0x2d, 0xff, 0xcb, 0x47, 0x2d, 0xff, 0xcb, 0x47, 0x2d, 0xff, 0xcb, 0x47, 0x2d, 0xff,
    0xcb, 0x47, 0x2d, 0xff, 0xcb, 0x47, 0x2d, 0xff, 0xcb, 0x47, 0x2d, 0xff, 0xcb, 0x47, 0x2d, 0xff,
    0xcb, 0x47, 0x2d, 0xff, 0xcb, 0x47, 0x2d, 0xff, 0xcb, 0x47, 0x2d, 0xff, 0xcb, 0x47, 0x2d, 0xff,
    0xcb, 0x47, 0x2d, 0xff, 0xcb, 0x47, 0x2d, 0xff, 0xcb, 0x47, 0x2d, 0xff, 0xcb, 0x47, 0x2d, 0xff,
    0xcb, 0x47, 0x2d, 0xff, 0xcb, 0x47, 0x2d, 0xff, 0xcb, 0x47, 0x2d, 0xff, 0xcb, 0x47, 0x2d, 0xff,
    0xcb, 0x47, 0x2d, 0xff, 0xcb, 0x47, 0x2d, 0xff, 0xcb, 0x47, 0x2d, 0xff, 0xcb, 0x47, 0x2d, 0xff,
    0xcb, 0x47, 0x2d, 0xff, 0xcb, 0x47, 0x2d, 0xff, 0xcb, 0x47, 0x2d, 0xff, 0xcb, 0x47, 0x2d, 0xff,
    0xcb, 0x47, 0x2d, 0xff, 0xcb, 0x47, 0x2d, 0xff, 0xcb, 0x47, 0x2d, 0xff, 0xcb, 0x47, 0x2d, 0xff,
    0xcb, 0x47, 0x2d, 0xff, 0xcb, 0x47, 0x2d, 0xff, 0xcb, 0x47, 0x2d, 0xff, 0xcb, 0x47, 0x2d, 0xff,
    0xcb, 0x47, 0x2d, 0xff, 0xcb, 0x47, 0x2d, 0xff, 0xcb, 0x47, 0x2d, 0xff, 0xcb, 0x47, 0x2d, 0xff,
    0xcb, 0x47, 0x2d, 0xff, 0xca, 0x47, 0x2c, 0xf7, 0xcc, 0x47, 0x2d, 0x9f, 0xc6, 0x47, 0x2b, 0x24,
    0x00, 0x00, 0x00, 0x00, 0x00, 0x00, 0x00, 0x00, 0x00, 0x00, 0x00, 0x00, 0x00, 0x00, 0x00, 0x00,
    0x00, 0x00, 0x00, 0x00, 0x00, 0x00, 0x00, 0x00, 0x00, 0x00, 0x00, 0x00, 0x00, 0x00, 0x00, 0x00,
    0x00, 0x00, 0x00, 0x00, 0x00, 0x00, 0x00, 0x00, 0x00, 0x00, 0x00, 0x00, 0x00, 0x00, 0x00, 0x00,
    0x00, 0x00, 0x00, 0x00, 0x00, 0x00, 0x00, 0x00, 0x00, 0x00, 0x00, 0x00, 0x00, 0x00, 0x00, 0x00,
    0x00, 0x00, 0x00, 0x00, 0x00, 0x00, 0x00, 0x00, 0xbf, 0x40, 0x20, 0x10, 0xcd, 0x46, 0x2d, 0x5b,
    0xca, 0x47, 0x2c, 0x9b, 0xca, 0x46, 0x2d, 0xcb, 0xcb, 0x47, 0x2c, 0xeb, 0xcb, 0x47, 0x2d, 0xff,
    0xcb, 0x47, 0x2d, 0xff, 0xcb, 0x47, 0x2d, 0xff, 0xcb, 0x47, 0x2d, 0xff, 0xcb, 0x47, 0x2d, 0xff,
    0xcb, 0x47, 0x2d, 0xff, 0xcb, 0x47, 0x2d, 0xff, 0xcb, 0x47, 0x2d, 0xff, 0xcb, 0x47, 0x2d, 0xff,
    0xcb, 0x47, 0x2d, 0xff, 0xcb, 0x47, 0x2d, 0xff, 0xcb, 0x47, 0x2d, 0xff, 0xcb, 0x47, 0x2d, 0xff,
    0xcb, 0x47, 0x2d, 0xff, 0xcb, 0x47, 0x2d, 0xff, 0xcb, 0x47, 0x2d, 0xff, 0xcb, 0x47, 0x2d, 0xff,
    0xcb, 0x47, 0x2d, 0xff, 0xcb, 0x47, 0x2d, 0xff, 0xcb, 0x47, 0x2d, 0xff, 0xcb, 0x47, 0x2d, 0xff,
    0xcb, 0x47, 0x2d, 0xff, 0xcb, 0x47, 0x2d, 0xff, 0xcb, 0x47, 0x2d, 0xff, 0xcb, 0x47, 0x2d, 0xff,
    0xcb, 0x47, 0x2d, 0xff, 0xcb, 0x47, 0x2d, 0xff, 0xcb, 0x47, 0x2d, 0xff, 0xcb, 0x47, 0x2d, 0xff,
    0xcb, 0x47, 0x2d, 0xff, 0xcb, 0x47, 0x2d, 0xff, 0xcb, 0x47, 0x2d, 0xff, 0xcb, 0x47, 0x2d, 0xff,
    0xcb, 0x47, 0x2d, 0xff, 0xcb, 0x47, 0x2c, 0xeb, 0xcb, 0x46, 0x2c, 0xcf, 0xcc, 0x47, 0x2d, 0x9f,
    0xcd, 0x46, 0x2d, 0x5b, 0xbf, 0x40, 0x20, 0x10, 0x00, 0x00, 0x00, 0x00, 0x00, 0x00, 0x00, 0x00,
    0x00, 0x00, 0x00, 0x00, 0x00, 0x00, 0x00, 0x00, 0x00, 0x00, 0x00, 0x00, 0x00, 0x00, 0x00, 0x00,
    0x00, 0x00, 0x00, 0x00, 0x00, 0x00, 0x00, 0x00, 0x00, 0x00, 0x00, 0x00, 0x00, 0x00, 0x00, 0x00
};

const lv_image_dsc_t icon_set_bluetooth = {
    .header.cf = LV_COLOR_FORMAT_ARGB8888,
    .header.magic = LV_IMAGE_HEADER_MAGIC,
    .header.w = 64,
    .header.h = 64,
    .data_size = 16384,
    .data = icon_set_bluetooth_map,
};
